run,path,timer,ranks,wall_max_s,wall_min_s,wall_avg_s,fraction_of_main
a100-one_c0_track12_edge_t0_ip6mm_400k_50ps_dt5fs_selfsc_mesh24mm_nxy64,sandbox/Drift-Experiment/a100-one_c0_track12_edge_t0_ip6mm_400k_50ps_dt5fs_selfsc_mesh24mm_nxy64/timing.dat,mainTimer,1,210.4,210.4,210.4,1.0
a100-one_c0_track12_edge_t0_ip6mm_400k_50ps_dt5fs_selfsc_mesh24mm_nxy64,sandbox/Drift-Experiment/a100-one_c0_track12_edge_t0_ip6mm_400k_50ps_dt5fs_selfsc_mesh24mm_nxy64/timing.dat,Write Stat,1,1.413,1.413,1.413,0.0067157794676806085
a100-one_c0_track12_edge_t0_ip6mm_400k_50ps_dt5fs_selfsc_mesh24mm_nxy64,sandbox/Drift-Experiment/a100-one_c0_track12_edge_t0_ip6mm_400k_50ps_dt5fs_selfsc_mesh24mm_nxy64/timing.dat,Write H5-File,1,81.89,81.89,81.89,0.38921102661596957
a100-one_c0_track12_edge_t0_ip6mm_400k_50ps_dt5fs_selfsc_mesh24mm_nxy64,sandbox/Drift-Experiment/a100-one_c0_track12_edge_t0_ip6mm_400k_50ps_dt5fs_selfsc_mesh24mm_nxy64/timing.dat,bInitLimits,1,0.36,0.36,0.36,0.0017110266159695816
a100-one_c0_track12_edge_t0_ip6mm_400k_50ps_dt5fs_selfsc_mesh24mm_nxy64,sandbox/Drift-Experiment/a100-one_c0_track12_edge_t0_ip6mm_400k_50ps_dt5fs_selfsc_mesh24mm_nxy64/timing.dat,bAllReduceLimits,1,0.1923,0.1923,0.1923,0.0009139733840304183
a100-one_c0_track12_edge_t0_ip6mm_400k_50ps_dt5fs_selfsc_mesh24mm_nxy64,sandbox/Drift-Experiment/a100-one_c0_track12_edge_t0_ip6mm_400k_50ps_dt5fs_selfsc_mesh24mm_nxy64/timing.dat,bAllReduceGlobalHis,1,0.1984,0.1984,0.1984,0.0009429657794676805
a100-one_c0_track12_edge_t0_ip6mm_400k_50ps_dt5fs_selfsc_mesh24mm_nxy64,sandbox/Drift-Experiment/a100-one_c0_track12_edge_t0_ip6mm_400k_50ps_dt5fs_selfsc_mesh24mm_nxy64/timing.dat,bAssignUniformBins,1,0.1774,0.1774,0.1774,0.0008431558935361217
a100-one_c0_track12_edge_t0_ip6mm_400k_50ps_dt5fs_selfsc_mesh24mm_nxy64,sandbox/Drift-Experiment/a100-one_c0_track12_edge_t0_ip6mm_400k_50ps_dt5fs_selfsc_mesh24mm_nxy64/timing.dat,bExecuteHistoReduct,1,0.4414,0.4414,0.4414,0.002097908745247148
a100-one_c0_track12_edge_t0_ip6mm_400k_50ps_dt5fs_selfsc_mesh24mm_nxy64,sandbox/Drift-Experiment/a100-one_c0_track12_edge_t0_ip6mm_400k_50ps_dt5fs_selfsc_mesh24mm_nxy64/timing.dat,bSortContainerByBin,1,3.948,3.948,3.948,0.01876425855513308
a100-one_c0_track12_edge_t0_ip6mm_400k_50ps_dt5fs_selfsc_mesh24mm_nxy64,sandbox/Drift-Experiment/a100-one_c0_track12_edge_t0_ip6mm_400k_50ps_dt5fs_selfsc_mesh24mm_nxy64/timing.dat,bVerifySorting,1,0.0,0.0,0.0,0.0
a100-one_c0_track12_edge_t0_ip6mm_400k_50ps_dt5fs_selfsc_mesh24mm_nxy64,sandbox/Drift-Experiment/a100-one_c0_track12_edge_t0_ip6mm_400k_50ps_dt5fs_selfsc_mesh24mm_nxy64/timing.dat,Initialize,1,0.1809,0.1809,0.1809,0.0008597908745247148
a100-one_c0_track12_edge_t0_ip6mm_400k_50ps_dt5fs_selfsc_mesh24mm_nxy64,sandbox/Drift-Experiment/a100-one_c0_track12_edge_t0_ip6mm_400k_50ps_dt5fs_selfsc_mesh24mm_nxy64/timing.dat,Initialize: extra H,1,0.0008017,0.0008017,0.0008017,3.810361216730038e-06
a100-one_c0_track12_edge_t0_ip6mm_400k_50ps_dt5fs_selfsc_mesh24mm_nxy64,sandbox/Drift-Experiment/a100-one_c0_track12_edge_t0_ip6mm_400k_50ps_dt5fs_selfsc_mesh24mm_nxy64/timing.dat,Warmup,1,0.1698,0.1698,0.1698,0.0008070342205323194
a100-one_c0_track12_edge_t0_ip6mm_400k_50ps_dt5fs_selfsc_mesh24mm_nxy64,sandbox/Drift-Experiment/a100-one_c0_track12_edge_t0_ip6mm_400k_50ps_dt5fs_selfsc_mesh24mm_nxy64/timing.dat,Green Init,1,0.0009524,0.0009524,0.0009524,4.526615969581749e-06
a100-one_c0_track12_edge_t0_ip6mm_400k_50ps_dt5fs_selfsc_mesh24mm_nxy64,sandbox/Drift-Experiment/a100-one_c0_track12_edge_t0_ip6mm_400k_50ps_dt5fs_selfsc_mesh24mm_nxy64/timing.dat,FFT: Green,1,5.288,5.288,5.288,0.025133079847908746
a100-one_c0_track12_edge_t0_ip6mm_400k_50ps_dt5fs_selfsc_mesh24mm_nxy64,sandbox/Drift-Experiment/a100-one_c0_track12_edge_t0_ip6mm_400k_50ps_dt5fs_selfsc_mesh24mm_nxy64/timing.dat,Solve,1,37.44,37.44,37.44,0.17794676806083648
a100-one_c0_track12_edge_t0_ip6mm_400k_50ps_dt5fs_selfsc_mesh24mm_nxy64,sandbox/Drift-Experiment/a100-one_c0_track12_edge_t0_ip6mm_400k_50ps_dt5fs_selfsc_mesh24mm_nxy64/timing.dat,Solve: Physical to,1,0.1554,0.1554,0.1554,0.0007385931558935361
a100-one_c0_track12_edge_t0_ip6mm_400k_50ps_dt5fs_selfsc_mesh24mm_nxy64,sandbox/Drift-Experiment/a100-one_c0_track12_edge_t0_ip6mm_400k_50ps_dt5fs_selfsc_mesh24mm_nxy64/timing.dat,FFT: Rho,1,5.313,5.313,5.313,0.02525190114068441
a100-one_c0_track12_edge_t0_ip6mm_400k_50ps_dt5fs_selfsc_mesh24mm_nxy64,sandbox/Drift-Experiment/a100-one_c0_track12_edge_t0_ip6mm_400k_50ps_dt5fs_selfsc_mesh24mm_nxy64/timing.dat,FFT: Convolution,1,5.301,5.301,5.301,0.02519486692015209
a100-one_c0_track12_edge_t0_ip6mm_400k_50ps_dt5fs_selfsc_mesh24mm_nxy64,sandbox/Drift-Experiment/a100-one_c0_track12_edge_t0_ip6mm_400k_50ps_dt5fs_selfsc_mesh24mm_nxy64/timing.dat,Solve: Double to ph,1,0.1559,0.1559,0.1559,0.0007409695817490495
a100-one_c0_track12_edge_t0_ip6mm_400k_50ps_dt5fs_selfsc_mesh24mm_nxy64,sandbox/Drift-Experiment/a100-one_c0_track12_edge_t0_ip6mm_400k_50ps_dt5fs_selfsc_mesh24mm_nxy64/timing.dat,Solve: Electric fie,1,18.92,18.92,18.92,0.08992395437262359
a100-one_c0_track12_edge_t0_ip6mm_400k_50ps_dt5fs_selfsc_mesh24mm_nxy64,sandbox/Drift-Experiment/a100-one_c0_track12_edge_t0_ip6mm_400k_50ps_dt5fs_selfsc_mesh24mm_nxy64/timing.dat,FFT: Efield,1,15.95,15.95,15.95,0.07580798479087451
a100-one_c0_track12_edge_t0_ip6mm_400k_50ps_dt5fs_selfsc_mesh24mm_nxy64,sandbox/Drift-Experiment/a100-one_c0_track12_edge_t0_ip6mm_400k_50ps_dt5fs_selfsc_mesh24mm_nxy64/timing.dat,Efield: double to p,1,0.4697,0.4697,0.4697,0.0022324144486692015
a100-one_c0_track12_edge_t0_ip6mm_400k_50ps_dt5fs_selfsc_mesh24mm_nxy64,sandbox/Drift-Experiment/a100-one_c0_track12_edge_t0_ip6mm_400k_50ps_dt5fs_selfsc_mesh24mm_nxy64/timing.dat,samplingTime,1,0.006441,0.006441,0.006441,3.061311787072243e-05
a100-one_c0_track12_edge_t0_ip6mm_400k_50ps_dt5fs_selfsc_mesh24mm_nxy64,sandbox/Drift-Experiment/a100-one_c0_track12_edge_t0_ip6mm_400k_50ps_dt5fs_selfsc_mesh24mm_nxy64/timing.dat,Sampling,1,0.001606,0.001606,0.001606,7.633079847908744e-06
a100-one_c0_track12_edge_t0_ip6mm_400k_50ps_dt5fs_selfsc_mesh24mm_nxy64,sandbox/Drift-Experiment/a100-one_c0_track12_edge_t0_ip6mm_400k_50ps_dt5fs_selfsc_mesh24mm_nxy64/timing.dat,particleBC,1,0.821,0.821,0.821,0.0039020912547528515
a100-one_c0_track12_edge_t0_ip6mm_400k_50ps_dt5fs_selfsc_mesh24mm_nxy64,sandbox/Drift-Experiment/a100-one_c0_track12_edge_t0_ip6mm_400k_50ps_dt5fs_selfsc_mesh24mm_nxy64/timing.dat,updateParticle,1,0.0,0.0,0.0,0.0
a100-one_c0_track12_edge_t0_ip6mm_400k_50ps_dt5fs_selfsc_mesh24mm_nxy64,sandbox/Drift-Experiment/a100-one_c0_track12_edge_t0_ip6mm_400k_50ps_dt5fs_selfsc_mesh24mm_nxy64/timing.dat,computeMoments,1,19.83,19.83,19.83,0.09424904942965778
a100-one_c0_track12_edge_t0_ip6mm_400k_50ps_dt5fs_selfsc_mesh24mm_nxy64,sandbox/Drift-Experiment/a100-one_c0_track12_edge_t0_ip6mm_400k_50ps_dt5fs_selfsc_mesh24mm_nxy64/timing.dat,TIntegration1,1,1.402,1.402,1.402,0.006663498098859315
a100-one_c0_track12_edge_t0_ip6mm_400k_50ps_dt5fs_selfsc_mesh24mm_nxy64,sandbox/Drift-Experiment/a100-one_c0_track12_edge_t0_ip6mm_400k_50ps_dt5fs_selfsc_mesh24mm_nxy64/timing.dat,TIntegration2,1,2.289,2.289,2.289,0.010879277566539924
a100-one_c0_track12_edge_t0_ip6mm_400k_50ps_dt5fs_selfsc_mesh24mm_nxy64,sandbox/Drift-Experiment/a100-one_c0_track12_edge_t0_ip6mm_400k_50ps_dt5fs_selfsc_mesh24mm_nxy64/timing.dat,External field eval,1,4.938,4.938,4.938,0.023469581749049426
a100-one_c0_track12_edge_t0_ip6mm_400k_50ps_dt5fs_selfsc_mesh24mm_nxy64,sandbox/Drift-Experiment/a100-one_c0_track12_edge_t0_ip6mm_400k_50ps_dt5fs_selfsc_mesh24mm_nxy64/timing.dat,PluginElements,1,0.0,0.0,0.0,0.0
a100-one_c0_track12_edge_t0_ip6mm_400k_50ps_dt5fs_selfsc_mesh24mm_nxy64,sandbox/Drift-Experiment/a100-one_c0_track12_edge_t0_ip6mm_400k_50ps_dt5fs_selfsc_mesh24mm_nxy64/timing.dat,Binaryrepart,1,0.0,0.0,0.0,0.0
a100-one_c0_track12_edge_t0_ip6mm_400k_50ps_dt5fs_selfsc_mesh24mm_nxy64,sandbox/Drift-Experiment/a100-one_c0_track12_edge_t0_ip6mm_400k_50ps_dt5fs_selfsc_mesh24mm_nxy64/timing.dat,OrbThreader,1,0.3334,0.3334,0.3334,0.0015846007604562735
a100-one_c0_track12_edge_t0_ip6mm_400k_50ps_dt5fs_selfsc_mesh24mm_nxy64,sandbox/Drift-Experiment/a100-one_c0_track12_edge_t0_ip6mm_400k_50ps_dt5fs_selfsc_mesh24mm_nxy64/timing.dat,BB window total,1,79.59,79.59,79.59,0.3782794676806084
a100-one_c0_track12_edge_t0_ip6mm_400k_50ps_dt5fs_selfsc_mesh24mm_nxy64,sandbox/Drift-Experiment/a100-one_c0_track12_edge_t0_ip6mm_400k_50ps_dt5fs_selfsc_mesh24mm_nxy64/timing.dat,BB entry trans,1,0.0,0.0,0.0,0.0
a100-one_c0_track12_edge_t0_ip6mm_400k_50ps_dt5fs_selfsc_mesh24mm_nxy64,sandbox/Drift-Experiment/a100-one_c0_track12_edge_t0_ip6mm_400k_50ps_dt5fs_selfsc_mesh24mm_nxy64/timing.dat,BB mesh setup,1,6.421,6.421,6.421,0.030518060836501902
a100-one_c0_track12_edge_t0_ip6mm_400k_50ps_dt5fs_selfsc_mesh24mm_nxy64,sandbox/Drift-Experiment/a100-one_c0_track12_edge_t0_ip6mm_400k_50ps_dt5fs_selfsc_mesh24mm_nxy64/timing.dat,BB self fields,1,61.95,61.95,61.95,0.29443916349809884
a100-one_c0_track12_edge_t0_ip6mm_400k_50ps_dt5fs_selfsc_mesh24mm_nxy64,sandbox/Drift-Experiment/a100-one_c0_track12_edge_t0_ip6mm_400k_50ps_dt5fs_selfsc_mesh24mm_nxy64/timing.dat,BB transform back,1,0.4878,0.4878,0.4878,0.002318441064638783
a100-one_c0_track12_edge_t0_ip6mm_400k_50ps_dt5fs_selfsc_mesh24mm_nxy64,sandbox/Drift-Experiment/a100-one_c0_track12_edge_t0_ip6mm_400k_50ps_dt5fs_selfsc_mesh24mm_nxy64/timing.dat,BB witness gather,1,1.84,1.84,1.84,0.008745247148288974
a100-one_c0_track12_edge_t0_ip6mm_400k_50ps_dt5fs_selfsc_mesh24mm_nxy64,sandbox/Drift-Experiment/a100-one_c0_track12_edge_t0_ip6mm_400k_50ps_dt5fs_selfsc_mesh24mm_nxy64/timing.dat,BB transition dump,1,0.0,0.0,0.0,0.0
a100-one_c0_track12_edge_t0_ip6mm_400k_50ps_dt5fs_selfsc_mesh24mm_nxy64,sandbox/Drift-Experiment/a100-one_c0_track12_edge_t0_ip6mm_400k_50ps_dt5fs_selfsc_mesh24mm_nxy64/timing.dat,bDeviceSyncronizati,1,1.065,1.065,1.065,0.005061787072243346
a100-one_c0_track12_edge_t0_ip6mm_400k_50ps_dt5fs_selfsc_mesh24mm_nxy64,sandbox/Drift-Experiment/a100-one_c0_track12_edge_t0_ip6mm_400k_50ps_dt5fs_selfsc_mesh24mm_nxy64/timing.dat,bHistogramInit,1,0.4894,0.4894,0.4894,0.0023260456273764257
a100-one_c0_track12_edge_t0_ip6mm_400k_50ps_dt5fs_selfsc_mesh24mm_nxy64,sandbox/Drift-Experiment/a100-one_c0_track12_edge_t0_ip6mm_400k_50ps_dt5fs_selfsc_mesh24mm_nxy64/timing.dat,bMergeBins,1,0.0,0.0,0.0,0.0
a100-one_c0_track12_edge_t0_ip6mm_400k_50ps_dt5fs_selfsc_mesh24mm_nxy64,sandbox/Drift-Experiment/a100-one_c0_track12_edge_t0_ip6mm_400k_50ps_dt5fs_selfsc_mesh24mm_nxy64/timing.dat,BB CIC scatter,1,2.046,2.046,2.046,0.009724334600760455
a100-one_c0_track12_edge_t0_ip6mm_400k_50ps_dt5fs_selfsc_mesh24mm_nxy64,sandbox/Drift-Experiment/a100-one_c0_track12_edge_t0_ip6mm_400k_50ps_dt5fs_selfsc_mesh24mm_nxy64/timing.dat,BB halo accum,1,3.412,3.412,3.412,0.016216730038022813
a100-one_c0_track12_edge_t0_ip6mm_400k_50ps_dt5fs_selfsc_mesh24mm_nxy64,sandbox/Drift-Experiment/a100-one_c0_track12_edge_t0_ip6mm_400k_50ps_dt5fs_selfsc_mesh24mm_nxy64/timing.dat,fillHalo,1,0.179,0.179,0.179,0.0008507604562737642
a100-one_c0_track12_edge_t0_ip6mm_400k_50ps_dt5fs_selfsc_mesh24mm_nxy64,sandbox/Drift-Experiment/a100-one_c0_track12_edge_t0_ip6mm_400k_50ps_dt5fs_selfsc_mesh24mm_nxy64/timing.dat,gather,1,1.423,1.423,1.423,0.006763307984790874
c0_self_sc_after_fix_wide_aperture_smoke,sandbox/Drift-Experiment/c0_self_sc_after_fix_wide_aperture_smoke/timing.dat,mainTimer,1,33.73,33.73,33.73,1.0
c0_self_sc_after_fix_wide_aperture_smoke,sandbox/Drift-Experiment/c0_self_sc_after_fix_wide_aperture_smoke/timing.dat,Write Stat,1,0.06947,0.06947,0.06947,0.0020595908686629116
c0_self_sc_after_fix_wide_aperture_smoke,sandbox/Drift-Experiment/c0_self_sc_after_fix_wide_aperture_smoke/timing.dat,Write H5-File,1,0.3647,0.3647,0.3647,0.010812333234509341
c0_self_sc_after_fix_wide_aperture_smoke,sandbox/Drift-Experiment/c0_self_sc_after_fix_wide_aperture_smoke/timing.dat,bInitLimits,1,0.05356,0.05356,0.05356,0.0015879039430773795
c0_self_sc_after_fix_wide_aperture_smoke,sandbox/Drift-Experiment/c0_self_sc_after_fix_wide_aperture_smoke/timing.dat,bAllReduceLimits,1,0.0004419,0.0004419,0.0004419,1.3101096946338573e-05
c0_self_sc_after_fix_wide_aperture_smoke,sandbox/Drift-Experiment/c0_self_sc_after_fix_wide_aperture_smoke/timing.dat,bAllReduceGlobalHis,1,0.0006378,0.0006378,0.0006378,1.8908983101096948e-05
c0_self_sc_after_fix_wide_aperture_smoke,sandbox/Drift-Experiment/c0_self_sc_after_fix_wide_aperture_smoke/timing.dat,bAssignUniformBins,1,0.05181,0.05181,0.05181,0.0015360213459828047
c0_self_sc_after_fix_wide_aperture_smoke,sandbox/Drift-Experiment/c0_self_sc_after_fix_wide_aperture_smoke/timing.dat,bExecuteHistoReduct,1,0.1054,0.1054,0.1054,0.0031248147050103765
c0_self_sc_after_fix_wide_aperture_smoke,sandbox/Drift-Experiment/c0_self_sc_after_fix_wide_aperture_smoke/timing.dat,bSortContainerByBin,1,0.06191,0.06191,0.06191,0.0018354580492143495
c0_self_sc_after_fix_wide_aperture_smoke,sandbox/Drift-Experiment/c0_self_sc_after_fix_wide_aperture_smoke/timing.dat,bVerifySorting,1,0.0,0.0,0.0,0.0
c0_self_sc_after_fix_wide_aperture_smoke,sandbox/Drift-Experiment/c0_self_sc_after_fix_wide_aperture_smoke/timing.dat,Initialize,1,0.007103,0.007103,0.007103,0.00021058404980729323
c0_self_sc_after_fix_wide_aperture_smoke,sandbox/Drift-Experiment/c0_self_sc_after_fix_wide_aperture_smoke/timing.dat,Initialize: extra H,1,0.0003085,0.0003085,0.0003085,9.146160687815003e-06
c0_self_sc_after_fix_wide_aperture_smoke,sandbox/Drift-Experiment/c0_self_sc_after_fix_wide_aperture_smoke/timing.dat,Warmup,1,0.003604,0.003604,0.003604,0.00010684850281648385
c0_self_sc_after_fix_wide_aperture_smoke,sandbox/Drift-Experiment/c0_self_sc_after_fix_wide_aperture_smoke/timing.dat,Green Init,1,0.00203,0.00203,0.00203,6.01838126297065e-05
c0_self_sc_after_fix_wide_aperture_smoke,sandbox/Drift-Experiment/c0_self_sc_after_fix_wide_aperture_smoke/timing.dat,FFT: Green,1,2.829,2.829,2.829,0.08387192410317226
c0_self_sc_after_fix_wide_aperture_smoke,sandbox/Drift-Experiment/c0_self_sc_after_fix_wide_aperture_smoke/timing.dat,Solve,1,19.66,19.66,19.66,0.5828639193596206
c0_self_sc_after_fix_wide_aperture_smoke,sandbox/Drift-Experiment/c0_self_sc_after_fix_wide_aperture_smoke/timing.dat,Solve: Physical to,1,0.06405,0.06405,0.06405,0.001898903053661429
c0_self_sc_after_fix_wide_aperture_smoke,sandbox/Drift-Experiment/c0_self_sc_after_fix_wide_aperture_smoke/timing.dat,FFT: Rho,1,2.828,2.828,2.828,0.0838422769048325
c0_self_sc_after_fix_wide_aperture_smoke,sandbox/Drift-Experiment/c0_self_sc_after_fix_wide_aperture_smoke/timing.dat,FFT: Convolution,1,2.856,2.856,2.856,0.08467239845834569
c0_self_sc_after_fix_wide_aperture_smoke,sandbox/Drift-Experiment/c0_self_sc_after_fix_wide_aperture_smoke/timing.dat,Solve: Double to ph,1,0.06428,0.06428,0.06428,0.0019057219092795733
c0_self_sc_after_fix_wide_aperture_smoke,sandbox/Drift-Experiment/c0_self_sc_after_fix_wide_aperture_smoke/timing.dat,Solve: Electric fie,1,9.949,9.949,9.949,0.29495997628224135
c0_self_sc_after_fix_wide_aperture_smoke,sandbox/Drift-Experiment/c0_self_sc_after_fix_wide_aperture_smoke/timing.dat,FFT: Efield,1,8.539,8.539,8.539,0.25315742662318413
c0_self_sc_after_fix_wide_aperture_smoke,sandbox/Drift-Experiment/c0_self_sc_after_fix_wide_aperture_smoke/timing.dat,Efield: double to p,1,0.2045,0.2045,0.2045,0.0060628520604802845
c0_self_sc_after_fix_wide_aperture_smoke,sandbox/Drift-Experiment/c0_self_sc_after_fix_wide_aperture_smoke/timing.dat,samplingTime,1,0.0006331,0.0006331,0.0006331,1.8769641268900092e-05
c0_self_sc_after_fix_wide_aperture_smoke,sandbox/Drift-Experiment/c0_self_sc_after_fix_wide_aperture_smoke/timing.dat,Sampling,1,0.0004334,0.0004334,0.0004334,1.2849095760450639e-05
c0_self_sc_after_fix_wide_aperture_smoke,sandbox/Drift-Experiment/c0_self_sc_after_fix_wide_aperture_smoke/timing.dat,particleBC,1,0.6029,0.6029,0.6029,0.017874295879039433
c0_self_sc_after_fix_wide_aperture_smoke,sandbox/Drift-Experiment/c0_self_sc_after_fix_wide_aperture_smoke/timing.dat,updateParticle,1,0.0,0.0,0.0,0.0
c0_self_sc_after_fix_wide_aperture_smoke,sandbox/Drift-Experiment/c0_self_sc_after_fix_wide_aperture_smoke/timing.dat,computeMoments,1,0.6281,0.6281,0.6281,0.018621405277201308
c0_self_sc_after_fix_wide_aperture_smoke,sandbox/Drift-Experiment/c0_self_sc_after_fix_wide_aperture_smoke/timing.dat,TIntegration1,1,0.4886,0.4886,0.4886,0.014485621108805219
c0_self_sc_after_fix_wide_aperture_smoke,sandbox/Drift-Experiment/c0_self_sc_after_fix_wide_aperture_smoke/timing.dat,TIntegration2,1,0.816,0.816,0.816,0.024192113845241624
c0_self_sc_after_fix_wide_aperture_smoke,sandbox/Drift-Experiment/c0_self_sc_after_fix_wide_aperture_smoke/timing.dat,External field eval,1,1.865,1.865,1.865,0.05529202490364661
c0_self_sc_after_fix_wide_aperture_smoke,sandbox/Drift-Experiment/c0_self_sc_after_fix_wide_aperture_smoke/timing.dat,PluginElements,1,0.0,0.0,0.0,0.0
c0_self_sc_after_fix_wide_aperture_smoke,sandbox/Drift-Experiment/c0_self_sc_after_fix_wide_aperture_smoke/timing.dat,Binaryrepart,1,0.0,0.0,0.0,0.0
c0_self_sc_after_fix_wide_aperture_smoke,sandbox/Drift-Experiment/c0_self_sc_after_fix_wide_aperture_smoke/timing.dat,OrbThreader,1,0.04206,0.04206,0.04206,0.001246961162170175
c0_self_sc_after_fix_wide_aperture_smoke,sandbox/Drift-Experiment/c0_self_sc_after_fix_wide_aperture_smoke/timing.dat,BB window total,1,23.0,23.0,23.0,0.6818855618144086
c0_self_sc_after_fix_wide_aperture_smoke,sandbox/Drift-Experiment/c0_self_sc_after_fix_wide_aperture_smoke/timing.dat,BB entry trans,1,0.0,0.0,0.0,0.0
c0_self_sc_after_fix_wide_aperture_smoke,sandbox/Drift-Experiment/c0_self_sc_after_fix_wide_aperture_smoke/timing.dat,BB mesh setup,1,1.059,1.059,1.059,0.03139638304180255
c0_self_sc_after_fix_wide_aperture_smoke,sandbox/Drift-Experiment/c0_self_sc_after_fix_wide_aperture_smoke/timing.dat,BB self fields,1,21.05,21.05,21.05,0.6240735250518826
c0_self_sc_after_fix_wide_aperture_smoke,sandbox/Drift-Experiment/c0_self_sc_after_fix_wide_aperture_smoke/timing.dat,BB transform back,1,0.1555,0.1555,0.1555,0.004610139341832197
c0_self_sc_after_fix_wide_aperture_smoke,sandbox/Drift-Experiment/c0_self_sc_after_fix_wide_aperture_smoke/timing.dat,BB witness gather,1,0.5952,0.5952,0.5952,0.017646012451823304
c0_self_sc_after_fix_wide_aperture_smoke,sandbox/Drift-Experiment/c0_self_sc_after_fix_wide_aperture_smoke/timing.dat,BB transition dump,1,0.0,0.0,0.0,0.0
c0_self_sc_after_fix_wide_aperture_smoke,sandbox/Drift-Experiment/c0_self_sc_after_fix_wide_aperture_smoke/timing.dat,bDeviceSyncronizati,1,0.0005399,0.0005399,0.0005399,1.6006522383634747e-05
c0_self_sc_after_fix_wide_aperture_smoke,sandbox/Drift-Experiment/c0_self_sc_after_fix_wide_aperture_smoke/timing.dat,bHistogramInit,1,0.4724,0.4724,0.4724,0.014005336495701157
c0_self_sc_after_fix_wide_aperture_smoke,sandbox/Drift-Experiment/c0_self_sc_after_fix_wide_aperture_smoke/timing.dat,bMergeBins,1,0.0,0.0,0.0,0.0
c0_self_sc_after_fix_wide_aperture_smoke,sandbox/Drift-Experiment/c0_self_sc_after_fix_wide_aperture_smoke/timing.dat,BB CIC scatter,1,0.06201,0.06201,0.06201,0.0018384227690483252
c0_self_sc_after_fix_wide_aperture_smoke,sandbox/Drift-Experiment/c0_self_sc_after_fix_wide_aperture_smoke/timing.dat,BB halo accum,1,0.001497,0.001497,0.001497,4.438185591461607e-05
c0_self_sc_after_fix_wide_aperture_smoke,sandbox/Drift-Experiment/c0_self_sc_after_fix_wide_aperture_smoke/timing.dat,fillHalo,1,0.0006505,0.0006505,0.0006505,1.9285502520011862e-05
c0_self_sc_after_fix_wide_aperture_smoke,sandbox/Drift-Experiment/c0_self_sc_after_fix_wide_aperture_smoke/timing.dat,gather,1,0.3102,0.3102,0.3102,0.009196560924992589
one_c0_track12_edge_t0_ip6mm_400k_50ps_dt5fs_extended_bb_nobound,sandbox/Drift-Experiment/one_c0_track12_edge_t0_ip6mm_400k_50ps_dt5fs_extended_bb_nobound/timing.dat,mainTimer,1,1589.0,1589.0,1589.0,1.0
one_c0_track12_edge_t0_ip6mm_400k_50ps_dt5fs_extended_bb_nobound,sandbox/Drift-Experiment/one_c0_track12_edge_t0_ip6mm_400k_50ps_dt5fs_extended_bb_nobound/timing.dat,Write Stat,1,1.337,1.337,1.337,0.0008414096916299559
one_c0_track12_edge_t0_ip6mm_400k_50ps_dt5fs_extended_bb_nobound,sandbox/Drift-Experiment/one_c0_track12_edge_t0_ip6mm_400k_50ps_dt5fs_extended_bb_nobound/timing.dat,Write H5-File,1,2.471,2.471,2.471,0.0015550660792951543
one_c0_track12_edge_t0_ip6mm_400k_50ps_dt5fs_extended_bb_nobound,sandbox/Drift-Experiment/one_c0_track12_edge_t0_ip6mm_400k_50ps_dt5fs_extended_bb_nobound/timing.dat,bInitLimits,1,2.004,2.004,2.004,0.00126117054751416
one_c0_track12_edge_t0_ip6mm_400k_50ps_dt5fs_extended_bb_nobound,sandbox/Drift-Experiment/one_c0_track12_edge_t0_ip6mm_400k_50ps_dt5fs_extended_bb_nobound/timing.dat,bAllReduceLimits,1,0.009011,0.009011,0.009011,5.670862177470107e-06
one_c0_track12_edge_t0_ip6mm_400k_50ps_dt5fs_extended_bb_nobound,sandbox/Drift-Experiment/one_c0_track12_edge_t0_ip6mm_400k_50ps_dt5fs_extended_bb_nobound/timing.dat,bAllReduceGlobalHis,1,0.01618,0.01618,0.01618,1.0182504719949654e-05
one_c0_track12_edge_t0_ip6mm_400k_50ps_dt5fs_extended_bb_nobound,sandbox/Drift-Experiment/one_c0_track12_edge_t0_ip6mm_400k_50ps_dt5fs_extended_bb_nobound/timing.dat,bAssignUniformBins,1,1.904,1.904,1.904,0.001198237885462555
one_c0_track12_edge_t0_ip6mm_400k_50ps_dt5fs_extended_bb_nobound,sandbox/Drift-Experiment/one_c0_track12_edge_t0_ip6mm_400k_50ps_dt5fs_extended_bb_nobound/timing.dat,bExecuteHistoReduct,1,2.46,2.46,2.46,0.0015481434864694776
one_c0_track12_edge_t0_ip6mm_400k_50ps_dt5fs_extended_bb_nobound,sandbox/Drift-Experiment/one_c0_track12_edge_t0_ip6mm_400k_50ps_dt5fs_extended_bb_nobound/timing.dat,bSortContainerByBin,1,233.5,233.5,233.5,0.14694776589049716
one_c0_track12_edge_t0_ip6mm_400k_50ps_dt5fs_extended_bb_nobound,sandbox/Drift-Experiment/one_c0_track12_edge_t0_ip6mm_400k_50ps_dt5fs_extended_bb_nobound/timing.dat,bVerifySorting,1,0.0,0.0,0.0,0.0
one_c0_track12_edge_t0_ip6mm_400k_50ps_dt5fs_extended_bb_nobound,sandbox/Drift-Experiment/one_c0_track12_edge_t0_ip6mm_400k_50ps_dt5fs_extended_bb_nobound/timing.dat,Initialize,1,0.007191,0.007191,0.007191,4.5254877281309e-06
one_c0_track12_edge_t0_ip6mm_400k_50ps_dt5fs_extended_bb_nobound,sandbox/Drift-Experiment/one_c0_track12_edge_t0_ip6mm_400k_50ps_dt5fs_extended_bb_nobound/timing.dat,Initialize: extra H,1,0.0002954,0.0002954,0.0002954,1.8590308370044053e-07
one_c0_track12_edge_t0_ip6mm_400k_50ps_dt5fs_extended_bb_nobound,sandbox/Drift-Experiment/one_c0_track12_edge_t0_ip6mm_400k_50ps_dt5fs_extended_bb_nobound/timing.dat,Warmup,1,0.003641,0.003641,0.003641,2.29137822529893e-06
one_c0_track12_edge_t0_ip6mm_400k_50ps_dt5fs_extended_bb_nobound,sandbox/Drift-Experiment/one_c0_track12_edge_t0_ip6mm_400k_50ps_dt5fs_extended_bb_nobound/timing.dat,Green Init,1,0.002096,0.002096,0.002096,1.3190685966016363e-06
one_c0_track12_edge_t0_ip6mm_400k_50ps_dt5fs_extended_bb_nobound,sandbox/Drift-Experiment/one_c0_track12_edge_t0_ip6mm_400k_50ps_dt5fs_extended_bb_nobound/timing.dat,FFT: Green,1,1.364,1.364,1.364,0.0008584015103838893
one_c0_track12_edge_t0_ip6mm_400k_50ps_dt5fs_extended_bb_nobound,sandbox/Drift-Experiment/one_c0_track12_edge_t0_ip6mm_400k_50ps_dt5fs_extended_bb_nobound/timing.dat,Solve,1,104.6,104.6,104.6,0.0658275645059786
one_c0_track12_edge_t0_ip6mm_400k_50ps_dt5fs_extended_bb_nobound,sandbox/Drift-Experiment/one_c0_track12_edge_t0_ip6mm_400k_50ps_dt5fs_extended_bb_nobound/timing.dat,Solve: Physical to,1,0.4844,0.4844,0.4844,0.00030484581497797355
one_c0_track12_edge_t0_ip6mm_400k_50ps_dt5fs_extended_bb_nobound,sandbox/Drift-Experiment/one_c0_track12_edge_t0_ip6mm_400k_50ps_dt5fs_extended_bb_nobound/timing.dat,FFT: Rho,1,18.01,18.01,18.01,0.011334172435494023
one_c0_track12_edge_t0_ip6mm_400k_50ps_dt5fs_extended_bb_nobound,sandbox/Drift-Experiment/one_c0_track12_edge_t0_ip6mm_400k_50ps_dt5fs_extended_bb_nobound/timing.dat,FFT: Convolution,1,17.9,17.9,17.9,0.011264946507237255
one_c0_track12_edge_t0_ip6mm_400k_50ps_dt5fs_extended_bb_nobound,sandbox/Drift-Experiment/one_c0_track12_edge_t0_ip6mm_400k_50ps_dt5fs_extended_bb_nobound/timing.dat,Solve: Double to ph,1,0.4292,0.4292,0.4292,0.00027010698552548776
one_c0_track12_edge_t0_ip6mm_400k_50ps_dt5fs_extended_bb_nobound,sandbox/Drift-Experiment/one_c0_track12_edge_t0_ip6mm_400k_50ps_dt5fs_extended_bb_nobound/timing.dat,Solve: Electric fie,1,62.63,62.63,62.63,0.03941472624292008
one_c0_track12_edge_t0_ip6mm_400k_50ps_dt5fs_extended_bb_nobound,sandbox/Drift-Experiment/one_c0_track12_edge_t0_ip6mm_400k_50ps_dt5fs_extended_bb_nobound/timing.dat,FFT: Efield,1,53.44,53.44,53.44,0.033631214600377594
one_c0_track12_edge_t0_ip6mm_400k_50ps_dt5fs_extended_bb_nobound,sandbox/Drift-Experiment/one_c0_track12_edge_t0_ip6mm_400k_50ps_dt5fs_extended_bb_nobound/timing.dat,Efield: double to p,1,1.345,1.345,1.345,0.0008464443045940843
one_c0_track12_edge_t0_ip6mm_400k_50ps_dt5fs_extended_bb_nobound,sandbox/Drift-Experiment/one_c0_track12_edge_t0_ip6mm_400k_50ps_dt5fs_extended_bb_nobound/timing.dat,samplingTime,1,0.05568,0.05568,0.05568,3.504090623033354e-05
one_c0_track12_edge_t0_ip6mm_400k_50ps_dt5fs_extended_bb_nobound,sandbox/Drift-Experiment/one_c0_track12_edge_t0_ip6mm_400k_50ps_dt5fs_extended_bb_nobound/timing.dat,Sampling,1,0.05536,0.05536,0.05536,3.483952171176841e-05
one_c0_track12_edge_t0_ip6mm_400k_50ps_dt5fs_extended_bb_nobound,sandbox/Drift-Experiment/one_c0_track12_edge_t0_ip6mm_400k_50ps_dt5fs_extended_bb_nobound/timing.dat,particleBC,1,6.268,6.268,6.268,0.003944619257394587
one_c0_track12_edge_t0_ip6mm_400k_50ps_dt5fs_extended_bb_nobound,sandbox/Drift-Experiment/one_c0_track12_edge_t0_ip6mm_400k_50ps_dt5fs_extended_bb_nobound/timing.dat,updateParticle,1,0.0,0.0,0.0,0.0
one_c0_track12_edge_t0_ip6mm_400k_50ps_dt5fs_extended_bb_nobound,sandbox/Drift-Experiment/one_c0_track12_edge_t0_ip6mm_400k_50ps_dt5fs_extended_bb_nobound/timing.dat,computeMoments,1,36.19,36.19,36.19,0.02277533039647577
one_c0_track12_edge_t0_ip6mm_400k_50ps_dt5fs_extended_bb_nobound,sandbox/Drift-Experiment/one_c0_track12_edge_t0_ip6mm_400k_50ps_dt5fs_extended_bb_nobound/timing.dat,TIntegration1,1,9.468,9.468,9.468,0.005958464443045941
one_c0_track12_edge_t0_ip6mm_400k_50ps_dt5fs_extended_bb_nobound,sandbox/Drift-Experiment/one_c0_track12_edge_t0_ip6mm_400k_50ps_dt5fs_extended_bb_nobound/timing.dat,TIntegration2,1,18.81,18.81,18.81,0.011837633731906858
one_c0_track12_edge_t0_ip6mm_400k_50ps_dt5fs_extended_bb_nobound,sandbox/Drift-Experiment/one_c0_track12_edge_t0_ip6mm_400k_50ps_dt5fs_extended_bb_nobound/timing.dat,External field eval,1,29.62,29.62,29.62,0.018640654499685338
one_c0_track12_edge_t0_ip6mm_400k_50ps_dt5fs_extended_bb_nobound,sandbox/Drift-Experiment/one_c0_track12_edge_t0_ip6mm_400k_50ps_dt5fs_extended_bb_nobound/timing.dat,PluginElements,1,0.0,0.0,0.0,0.0
one_c0_track12_edge_t0_ip6mm_400k_50ps_dt5fs_extended_bb_nobound,sandbox/Drift-Experiment/one_c0_track12_edge_t0_ip6mm_400k_50ps_dt5fs_extended_bb_nobound/timing.dat,Binaryrepart,1,0.0,0.0,0.0,0.0
one_c0_track12_edge_t0_ip6mm_400k_50ps_dt5fs_extended_bb_nobound,sandbox/Drift-Experiment/one_c0_track12_edge_t0_ip6mm_400k_50ps_dt5fs_extended_bb_nobound/timing.dat,OrbThreader,1,0.01497,0.01497,0.01497,9.421019509125237e-06
one_c0_track12_edge_t0_ip6mm_400k_50ps_dt5fs_extended_bb_nobound,sandbox/Drift-Experiment/one_c0_track12_edge_t0_ip6mm_400k_50ps_dt5fs_extended_bb_nobound/timing.dat,BB window total,1,1393.0,1393.0,1393.0,0.8766519823788547
one_c0_track12_edge_t0_ip6mm_400k_50ps_dt5fs_extended_bb_nobound,sandbox/Drift-Experiment/one_c0_track12_edge_t0_ip6mm_400k_50ps_dt5fs_extended_bb_nobound/timing.dat,BB entry trans,1,0.0,0.0,0.0,0.0
one_c0_track12_edge_t0_ip6mm_400k_50ps_dt5fs_extended_bb_nobound,sandbox/Drift-Experiment/one_c0_track12_edge_t0_ip6mm_400k_50ps_dt5fs_extended_bb_nobound/timing.dat,BB mesh setup,1,27.89,27.89,27.89,0.017551919446192575
one_c0_track12_edge_t0_ip6mm_400k_50ps_dt5fs_extended_bb_nobound,sandbox/Drift-Experiment/one_c0_track12_edge_t0_ip6mm_400k_50ps_dt5fs_extended_bb_nobound/timing.dat,BB self fields,1,1322.0,1322.0,1322.0,0.8319697923222152
one_c0_track12_edge_t0_ip6mm_400k_50ps_dt5fs_extended_bb_nobound,sandbox/Drift-Experiment/one_c0_track12_edge_t0_ip6mm_400k_50ps_dt5fs_extended_bb_nobound/timing.dat,BB transform back,1,9.344,9.344,9.344,0.005880427942101951
one_c0_track12_edge_t0_ip6mm_400k_50ps_dt5fs_extended_bb_nobound,sandbox/Drift-Experiment/one_c0_track12_edge_t0_ip6mm_400k_50ps_dt5fs_extended_bb_nobound/timing.dat,BB witness gather,1,4.094,4.094,4.094,0.0025764631843927
one_c0_track12_edge_t0_ip6mm_400k_50ps_dt5fs_extended_bb_nobound,sandbox/Drift-Experiment/one_c0_track12_edge_t0_ip6mm_400k_50ps_dt5fs_extended_bb_nobound/timing.dat,BB transition dump,1,0.0,0.0,0.0,0.0
one_c0_track12_edge_t0_ip6mm_400k_50ps_dt5fs_extended_bb_nobound,sandbox/Drift-Experiment/one_c0_track12_edge_t0_ip6mm_400k_50ps_dt5fs_extended_bb_nobound/timing.dat,bDeviceSyncronizati,1,0.003314,0.003314,0.003314,2.0855884203901827e-06
one_c0_track12_edge_t0_ip6mm_400k_50ps_dt5fs_extended_bb_nobound,sandbox/Drift-Experiment/one_c0_track12_edge_t0_ip6mm_400k_50ps_dt5fs_extended_bb_nobound/timing.dat,bHistogramInit,1,2.859,2.859,2.859,0.0017992448080553808
one_c0_track12_edge_t0_ip6mm_400k_50ps_dt5fs_extended_bb_nobound,sandbox/Drift-Experiment/one_c0_track12_edge_t0_ip6mm_400k_50ps_dt5fs_extended_bb_nobound/timing.dat,bMergeBins,1,0.0,0.0,0.0,0.0
one_c0_track12_edge_t0_ip6mm_400k_50ps_dt5fs_extended_bb_nobound,sandbox/Drift-Experiment/one_c0_track12_edge_t0_ip6mm_400k_50ps_dt5fs_extended_bb_nobound/timing.dat,BB CIC scatter,1,957.8,957.8,957.8,0.6027690371302706
one_c0_track12_edge_t0_ip6mm_400k_50ps_dt5fs_extended_bb_nobound,sandbox/Drift-Experiment/one_c0_track12_edge_t0_ip6mm_400k_50ps_dt5fs_extended_bb_nobound/timing.dat,BB halo accum,1,0.02699,0.02699,0.02699,1.698552548772813e-05
one_c0_track12_edge_t0_ip6mm_400k_50ps_dt5fs_extended_bb_nobound,sandbox/Drift-Experiment/one_c0_track12_edge_t0_ip6mm_400k_50ps_dt5fs_extended_bb_nobound/timing.dat,fillHalo,1,0.00628,0.00628,0.00628,3.952171176840781e-06
one_c0_track12_edge_t0_ip6mm_400k_50ps_dt5fs_extended_bb_nobound,sandbox/Drift-Experiment/one_c0_track12_edge_t0_ip6mm_400k_50ps_dt5fs_extended_bb_nobound/timing.dat,gather,1,12.34,12.34,12.34,0.00776589049716803
one_c0_track12_edge_t0_ip6mm_400k_50ps_dt5fs_selfsc_mesh24mm_nxy64,sandbox/Drift-Experiment/one_c0_track12_edge_t0_ip6mm_400k_50ps_dt5fs_selfsc_mesh24mm_nxy64/timing.dat,mainTimer,1,3902.0,3902.0,3902.0,1.0
one_c0_track12_edge_t0_ip6mm_400k_50ps_dt5fs_selfsc_mesh24mm_nxy64,sandbox/Drift-Experiment/one_c0_track12_edge_t0_ip6mm_400k_50ps_dt5fs_selfsc_mesh24mm_nxy64/timing.dat,Write Stat,1,1.312,1.312,1.312,0.00033623782675551
one_c0_track12_edge_t0_ip6mm_400k_50ps_dt5fs_selfsc_mesh24mm_nxy64,sandbox/Drift-Experiment/one_c0_track12_edge_t0_ip6mm_400k_50ps_dt5fs_selfsc_mesh24mm_nxy64/timing.dat,Write H5-File,1,2.068,2.068,2.068,0.0005299846232701179
one_c0_track12_edge_t0_ip6mm_400k_50ps_dt5fs_selfsc_mesh24mm_nxy64,sandbox/Drift-Experiment/one_c0_track12_edge_t0_ip6mm_400k_50ps_dt5fs_selfsc_mesh24mm_nxy64/timing.dat,bInitLimits,1,1.991,1.991,1.991,0.0005102511532547412
one_c0_track12_edge_t0_ip6mm_400k_50ps_dt5fs_selfsc_mesh24mm_nxy64,sandbox/Drift-Experiment/one_c0_track12_edge_t0_ip6mm_400k_50ps_dt5fs_selfsc_mesh24mm_nxy64/timing.dat,bAllReduceLimits,1,0.00778,0.00778,0.00778,1.993849308047155e-06
one_c0_track12_edge_t0_ip6mm_400k_50ps_dt5fs_selfsc_mesh24mm_nxy64,sandbox/Drift-Experiment/one_c0_track12_edge_t0_ip6mm_400k_50ps_dt5fs_selfsc_mesh24mm_nxy64/timing.dat,bAllReduceGlobalHis,1,0.01322,0.01322,0.01322,3.388006150691953e-06
one_c0_track12_edge_t0_ip6mm_400k_50ps_dt5fs_selfsc_mesh24mm_nxy64,sandbox/Drift-Experiment/one_c0_track12_edge_t0_ip6mm_400k_50ps_dt5fs_selfsc_mesh24mm_nxy64/timing.dat,bAssignUniformBins,1,1.901,1.901,1.901,0.00048718605843157357
one_c0_track12_edge_t0_ip6mm_400k_50ps_dt5fs_selfsc_mesh24mm_nxy64,sandbox/Drift-Experiment/one_c0_track12_edge_t0_ip6mm_400k_50ps_dt5fs_selfsc_mesh24mm_nxy64/timing.dat,bExecuteHistoReduct,1,2.475,2.475,2.475,0.0006342901076371092
one_c0_track12_edge_t0_ip6mm_400k_50ps_dt5fs_selfsc_mesh24mm_nxy64,sandbox/Drift-Experiment/one_c0_track12_edge_t0_ip6mm_400k_50ps_dt5fs_selfsc_mesh24mm_nxy64/timing.dat,bSortContainerByBin,1,1130.0,1130.0,1130.0,0.2895950794464377
one_c0_track12_edge_t0_ip6mm_400k_50ps_dt5fs_selfsc_mesh24mm_nxy64,sandbox/Drift-Experiment/one_c0_track12_edge_t0_ip6mm_400k_50ps_dt5fs_selfsc_mesh24mm_nxy64/timing.dat,bVerifySorting,1,0.0,0.0,0.0,0.0
one_c0_track12_edge_t0_ip6mm_400k_50ps_dt5fs_selfsc_mesh24mm_nxy64,sandbox/Drift-Experiment/one_c0_track12_edge_t0_ip6mm_400k_50ps_dt5fs_selfsc_mesh24mm_nxy64/timing.dat,Initialize,1,0.113,0.113,0.113,2.8959507944643772e-05
one_c0_track12_edge_t0_ip6mm_400k_50ps_dt5fs_selfsc_mesh24mm_nxy64,sandbox/Drift-Experiment/one_c0_track12_edge_t0_ip6mm_400k_50ps_dt5fs_selfsc_mesh24mm_nxy64/timing.dat,Initialize: extra H,1,0.001858,0.001858,0.001858,4.761660686827268e-07
one_c0_track12_edge_t0_ip6mm_400k_50ps_dt5fs_selfsc_mesh24mm_nxy64,sandbox/Drift-Experiment/one_c0_track12_edge_t0_ip6mm_400k_50ps_dt5fs_selfsc_mesh24mm_nxy64/timing.dat,Warmup,1,0.07118,0.07118,0.07118,1.824192721681189e-05
one_c0_track12_edge_t0_ip6mm_400k_50ps_dt5fs_selfsc_mesh24mm_nxy64,sandbox/Drift-Experiment/one_c0_track12_edge_t0_ip6mm_400k_50ps_dt5fs_selfsc_mesh24mm_nxy64/timing.dat,Green Init,1,0.03428,0.03428,0.03428,8.785238339313171e-06
one_c0_track12_edge_t0_ip6mm_400k_50ps_dt5fs_selfsc_mesh24mm_nxy64,sandbox/Drift-Experiment/one_c0_track12_edge_t0_ip6mm_400k_50ps_dt5fs_selfsc_mesh24mm_nxy64/timing.dat,FFT: Green,1,321.1,321.1,321.1,0.08229113275243466
one_c0_track12_edge_t0_ip6mm_400k_50ps_dt5fs_selfsc_mesh24mm_nxy64,sandbox/Drift-Experiment/one_c0_track12_edge_t0_ip6mm_400k_50ps_dt5fs_selfsc_mesh24mm_nxy64/timing.dat,Solve,1,2286.0,2286.0,2286.0,0.5858534085084572
one_c0_track12_edge_t0_ip6mm_400k_50ps_dt5fs_selfsc_mesh24mm_nxy64,sandbox/Drift-Experiment/one_c0_track12_edge_t0_ip6mm_400k_50ps_dt5fs_selfsc_mesh24mm_nxy64/timing.dat,Solve: Physical to,1,0.8476,0.8476,0.8476,0.00021722193746796515
one_c0_track12_edge_t0_ip6mm_400k_50ps_dt5fs_selfsc_mesh24mm_nxy64,sandbox/Drift-Experiment/one_c0_track12_edge_t0_ip6mm_400k_50ps_dt5fs_selfsc_mesh24mm_nxy64/timing.dat,FFT: Rho,1,606.6,606.6,606.6,0.15545873910814967
one_c0_track12_edge_t0_ip6mm_400k_50ps_dt5fs_selfsc_mesh24mm_nxy64,sandbox/Drift-Experiment/one_c0_track12_edge_t0_ip6mm_400k_50ps_dt5fs_selfsc_mesh24mm_nxy64/timing.dat,FFT: Convolution,1,320.6,320.6,320.6,0.0821629933367504
one_c0_track12_edge_t0_ip6mm_400k_50ps_dt5fs_selfsc_mesh24mm_nxy64,sandbox/Drift-Experiment/one_c0_track12_edge_t0_ip6mm_400k_50ps_dt5fs_selfsc_mesh24mm_nxy64/timing.dat,Solve: Double to ph,1,0.8649,0.8649,0.8649,0.0002216555612506407
one_c0_track12_edge_t0_ip6mm_400k_50ps_dt5fs_selfsc_mesh24mm_nxy64,sandbox/Drift-Experiment/one_c0_track12_edge_t0_ip6mm_400k_50ps_dt5fs_selfsc_mesh24mm_nxy64/timing.dat,Solve: Electric fie,1,1005.0,1005.0,1005.0,0.2575602255253716
one_c0_track12_edge_t0_ip6mm_400k_50ps_dt5fs_selfsc_mesh24mm_nxy64,sandbox/Drift-Experiment/one_c0_track12_edge_t0_ip6mm_400k_50ps_dt5fs_selfsc_mesh24mm_nxy64/timing.dat,FFT: Efield,1,962.5,962.5,962.5,0.24666837519220913
one_c0_track12_edge_t0_ip6mm_400k_50ps_dt5fs_selfsc_mesh24mm_nxy64,sandbox/Drift-Experiment/one_c0_track12_edge_t0_ip6mm_400k_50ps_dt5fs_selfsc_mesh24mm_nxy64/timing.dat,Efield: double to p,1,3.417,3.417,3.417,0.0008757047667862634
one_c0_track12_edge_t0_ip6mm_400k_50ps_dt5fs_selfsc_mesh24mm_nxy64,sandbox/Drift-Experiment/one_c0_track12_edge_t0_ip6mm_400k_50ps_dt5fs_selfsc_mesh24mm_nxy64/timing.dat,samplingTime,1,0.04995,0.04995,0.04995,1.2801127626858023e-05
one_c0_track12_edge_t0_ip6mm_400k_50ps_dt5fs_selfsc_mesh24mm_nxy64,sandbox/Drift-Experiment/one_c0_track12_edge_t0_ip6mm_400k_50ps_dt5fs_selfsc_mesh24mm_nxy64/timing.dat,Sampling,1,0.04965,0.04965,0.04965,1.2724243977447463e-05
one_c0_track12_edge_t0_ip6mm_400k_50ps_dt5fs_selfsc_mesh24mm_nxy64,sandbox/Drift-Experiment/one_c0_track12_edge_t0_ip6mm_400k_50ps_dt5fs_selfsc_mesh24mm_nxy64/timing.dat,particleBC,1,6.925,6.925,6.925,0.001774730907227063
one_c0_track12_edge_t0_ip6mm_400k_50ps_dt5fs_selfsc_mesh24mm_nxy64,sandbox/Drift-Experiment/one_c0_track12_edge_t0_ip6mm_400k_50ps_dt5fs_selfsc_mesh24mm_nxy64/timing.dat,updateParticle,1,0.0,0.0,0.0,0.0
one_c0_track12_edge_t0_ip6mm_400k_50ps_dt5fs_selfsc_mesh24mm_nxy64,sandbox/Drift-Experiment/one_c0_track12_edge_t0_ip6mm_400k_50ps_dt5fs_selfsc_mesh24mm_nxy64/timing.dat,computeMoments,1,35.12,35.12,35.12,0.009000512557662736
one_c0_track12_edge_t0_ip6mm_400k_50ps_dt5fs_selfsc_mesh24mm_nxy64,sandbox/Drift-Experiment/one_c0_track12_edge_t0_ip6mm_400k_50ps_dt5fs_selfsc_mesh24mm_nxy64/timing.dat,TIntegration1,1,10.16,10.16,10.16,0.0026037929267042543
one_c0_track12_edge_t0_ip6mm_400k_50ps_dt5fs_selfsc_mesh24mm_nxy64,sandbox/Drift-Experiment/one_c0_track12_edge_t0_ip6mm_400k_50ps_dt5fs_selfsc_mesh24mm_nxy64/timing.dat,TIntegration2,1,19.99,19.99,19.99,0.0051230138390568935
one_c0_track12_edge_t0_ip6mm_400k_50ps_dt5fs_selfsc_mesh24mm_nxy64,sandbox/Drift-Experiment/one_c0_track12_edge_t0_ip6mm_400k_50ps_dt5fs_selfsc_mesh24mm_nxy64/timing.dat,External field eval,1,30.83,30.83,30.83,0.007901076371091748
one_c0_track12_edge_t0_ip6mm_400k_50ps_dt5fs_selfsc_mesh24mm_nxy64,sandbox/Drift-Experiment/one_c0_track12_edge_t0_ip6mm_400k_50ps_dt5fs_selfsc_mesh24mm_nxy64/timing.dat,PluginElements,1,0.0,0.0,0.0,0.0
one_c0_track12_edge_t0_ip6mm_400k_50ps_dt5fs_selfsc_mesh24mm_nxy64,sandbox/Drift-Experiment/one_c0_track12_edge_t0_ip6mm_400k_50ps_dt5fs_selfsc_mesh24mm_nxy64/timing.dat,Binaryrepart,1,0.0,0.0,0.0,0.0
one_c0_track12_edge_t0_ip6mm_400k_50ps_dt5fs_selfsc_mesh24mm_nxy64,sandbox/Drift-Experiment/one_c0_track12_edge_t0_ip6mm_400k_50ps_dt5fs_selfsc_mesh24mm_nxy64/timing.dat,OrbThreader,1,0.01509,0.01509,0.01509,3.867247565351102e-06
one_c0_track12_edge_t0_ip6mm_400k_50ps_dt5fs_selfsc_mesh24mm_nxy64,sandbox/Drift-Experiment/one_c0_track12_edge_t0_ip6mm_400k_50ps_dt5fs_selfsc_mesh24mm_nxy64/timing.dat,BB window total,1,3694.0,3694.0,3694.0,0.946694003075346
one_c0_track12_edge_t0_ip6mm_400k_50ps_dt5fs_selfsc_mesh24mm_nxy64,sandbox/Drift-Experiment/one_c0_track12_edge_t0_ip6mm_400k_50ps_dt5fs_selfsc_mesh24mm_nxy64/timing.dat,BB entry trans,1,0.0,0.0,0.0,0.0
one_c0_track12_edge_t0_ip6mm_400k_50ps_dt5fs_selfsc_mesh24mm_nxy64,sandbox/Drift-Experiment/one_c0_track12_edge_t0_ip6mm_400k_50ps_dt5fs_selfsc_mesh24mm_nxy64/timing.dat,BB mesh setup,1,28.56,28.56,28.56,0.0073193234238851865
one_c0_track12_edge_t0_ip6mm_400k_50ps_dt5fs_selfsc_mesh24mm_nxy64,sandbox/Drift-Experiment/one_c0_track12_edge_t0_ip6mm_400k_50ps_dt5fs_selfsc_mesh24mm_nxy64/timing.dat,BB self fields,1,3625.0,3625.0,3625.0,0.9290107637109175
one_c0_track12_edge_t0_ip6mm_400k_50ps_dt5fs_selfsc_mesh24mm_nxy64,sandbox/Drift-Experiment/one_c0_track12_edge_t0_ip6mm_400k_50ps_dt5fs_selfsc_mesh24mm_nxy64/timing.dat,BB transform back,1,6.906,6.906,6.906,0.001769861609431061
one_c0_track12_edge_t0_ip6mm_400k_50ps_dt5fs_selfsc_mesh24mm_nxy64,sandbox/Drift-Experiment/one_c0_track12_edge_t0_ip6mm_400k_50ps_dt5fs_selfsc_mesh24mm_nxy64/timing.dat,BB witness gather,1,5.1,5.1,5.1,0.0013070220399794977
one_c0_track12_edge_t0_ip6mm_400k_50ps_dt5fs_selfsc_mesh24mm_nxy64,sandbox/Drift-Experiment/one_c0_track12_edge_t0_ip6mm_400k_50ps_dt5fs_selfsc_mesh24mm_nxy64/timing.dat,BB transition dump,1,0.0,0.0,0.0,0.0
one_c0_track12_edge_t0_ip6mm_400k_50ps_dt5fs_selfsc_mesh24mm_nxy64,sandbox/Drift-Experiment/one_c0_track12_edge_t0_ip6mm_400k_50ps_dt5fs_selfsc_mesh24mm_nxy64/timing.dat,bDeviceSyncronizati,1,0.003426,0.003426,0.003426,8.780112762685802e-07
one_c0_track12_edge_t0_ip6mm_400k_50ps_dt5fs_selfsc_mesh24mm_nxy64,sandbox/Drift-Experiment/one_c0_track12_edge_t0_ip6mm_400k_50ps_dt5fs_selfsc_mesh24mm_nxy64/timing.dat,bHistogramInit,1,3.233,3.233,3.233,0.0008285494618144541
one_c0_track12_edge_t0_ip6mm_400k_50ps_dt5fs_selfsc_mesh24mm_nxy64,sandbox/Drift-Experiment/one_c0_track12_edge_t0_ip6mm_400k_50ps_dt5fs_selfsc_mesh24mm_nxy64/timing.dat,bMergeBins,1,0.0,0.0,0.0,0.0
one_c0_track12_edge_t0_ip6mm_400k_50ps_dt5fs_selfsc_mesh24mm_nxy64,sandbox/Drift-Experiment/one_c0_track12_edge_t0_ip6mm_400k_50ps_dt5fs_selfsc_mesh24mm_nxy64/timing.dat,BB CIC scatter,1,182.8,182.8,182.8,0.0468477703741671
one_c0_track12_edge_t0_ip6mm_400k_50ps_dt5fs_selfsc_mesh24mm_nxy64,sandbox/Drift-Experiment/one_c0_track12_edge_t0_ip6mm_400k_50ps_dt5fs_selfsc_mesh24mm_nxy64/timing.dat,BB halo accum,1,0.01798,0.01798,0.01798,4.607893388006151e-06
one_c0_track12_edge_t0_ip6mm_400k_50ps_dt5fs_selfsc_mesh24mm_nxy64,sandbox/Drift-Experiment/one_c0_track12_edge_t0_ip6mm_400k_50ps_dt5fs_selfsc_mesh24mm_nxy64/timing.dat,fillHalo,1,0.006711,0.006711,0.006711,1.7198872373141978e-06
one_c0_track12_edge_t0_ip6mm_400k_50ps_dt5fs_selfsc_mesh24mm_nxy64,sandbox/Drift-Experiment/one_c0_track12_edge_t0_ip6mm_400k_50ps_dt5fs_selfsc_mesh24mm_nxy64/timing.dat,gather,1,13.07,13.07,13.07,0.0033495643259866736
one_c0_track12_edge_t0_ip6mm_smoke,sandbox/Drift-Experiment/one_c0_track12_edge_t0_ip6mm_smoke/timing.dat,mainTimer,1,32.87,32.87,32.87,1.0
one_c0_track12_edge_t0_ip6mm_smoke,sandbox/Drift-Experiment/one_c0_track12_edge_t0_ip6mm_smoke/timing.dat,Write Stat,1,0.06868,0.06868,0.06868,0.0020894432613325223
one_c0_track12_edge_t0_ip6mm_smoke,sandbox/Drift-Experiment/one_c0_track12_edge_t0_ip6mm_smoke/timing.dat,Write H5-File,1,0.3583,0.3583,0.3583,0.010900517188926073
one_c0_track12_edge_t0_ip6mm_smoke,sandbox/Drift-Experiment/one_c0_track12_edge_t0_ip6mm_smoke/timing.dat,bInitLimits,1,0.05457,0.05457,0.05457,0.0016601764526924247
one_c0_track12_edge_t0_ip6mm_smoke,sandbox/Drift-Experiment/one_c0_track12_edge_t0_ip6mm_smoke/timing.dat,bAllReduceLimits,1,0.0004374,0.0004374,0.0004374,1.3306966839062977e-05
one_c0_track12_edge_t0_ip6mm_smoke,sandbox/Drift-Experiment/one_c0_track12_edge_t0_ip6mm_smoke/timing.dat,bAllReduceGlobalHis,1,0.0005765,0.0005765,0.0005765,1.753878916945543e-05
one_c0_track12_edge_t0_ip6mm_smoke,sandbox/Drift-Experiment/one_c0_track12_edge_t0_ip6mm_smoke/timing.dat,bAssignUniformBins,1,0.05272,0.05272,0.05272,0.0016038941283845454
one_c0_track12_edge_t0_ip6mm_smoke,sandbox/Drift-Experiment/one_c0_track12_edge_t0_ip6mm_smoke/timing.dat,bExecuteHistoReduct,1,0.1062,0.1062,0.1062,0.0032309096440523277
one_c0_track12_edge_t0_ip6mm_smoke,sandbox/Drift-Experiment/one_c0_track12_edge_t0_ip6mm_smoke/timing.dat,bSortContainerByBin,1,0.06144,0.06144,0.06144,0.0018691816245816856
one_c0_track12_edge_t0_ip6mm_smoke,sandbox/Drift-Experiment/one_c0_track12_edge_t0_ip6mm_smoke/timing.dat,bVerifySorting,1,0.0,0.0,0.0,0.0
one_c0_track12_edge_t0_ip6mm_smoke,sandbox/Drift-Experiment/one_c0_track12_edge_t0_ip6mm_smoke/timing.dat,Initialize,1,0.007485,0.007485,0.007485,0.00022771524186188016
one_c0_track12_edge_t0_ip6mm_smoke,sandbox/Drift-Experiment/one_c0_track12_edge_t0_ip6mm_smoke/timing.dat,Initialize: extra H,1,0.0003446,0.0003446,0.0003446,1.048372376026772e-05
one_c0_track12_edge_t0_ip6mm_smoke,sandbox/Drift-Experiment/one_c0_track12_edge_t0_ip6mm_smoke/timing.dat,Warmup,1,0.003722,0.003722,0.003722,0.00011323395193185277
one_c0_track12_edge_t0_ip6mm_smoke,sandbox/Drift-Experiment/one_c0_track12_edge_t0_ip6mm_smoke/timing.dat,Green Init,1,0.002135,0.002135,0.002135,6.495284453909341e-05
one_c0_track12_edge_t0_ip6mm_smoke,sandbox/Drift-Experiment/one_c0_track12_edge_t0_ip6mm_smoke/timing.dat,FFT: Green,1,1.404,1.404,1.404,0.04271372071797992
one_c0_track12_edge_t0_ip6mm_smoke,sandbox/Drift-Experiment/one_c0_track12_edge_t0_ip6mm_smoke/timing.dat,Solve,1,18.27,18.27,18.27,0.5558259811378157
one_c0_track12_edge_t0_ip6mm_smoke,sandbox/Drift-Experiment/one_c0_track12_edge_t0_ip6mm_smoke/timing.dat,Solve: Physical to,1,0.06354,0.06354,0.06354,0.0019330696683906299
one_c0_track12_edge_t0_ip6mm_smoke,sandbox/Drift-Experiment/one_c0_track12_edge_t0_ip6mm_smoke/timing.dat,FFT: Rho,1,2.877,2.877,2.877,0.08752662001825373
one_c0_track12_edge_t0_ip6mm_smoke,sandbox/Drift-Experiment/one_c0_track12_edge_t0_ip6mm_smoke/timing.dat,FFT: Convolution,1,2.896,2.896,2.896,0.08810465470033466
one_c0_track12_edge_t0_ip6mm_smoke,sandbox/Drift-Experiment/one_c0_track12_edge_t0_ip6mm_smoke/timing.dat,Solve: Double to ph,1,0.06556,0.06556,0.06556,0.0019945238819592333
one_c0_track12_edge_t0_ip6mm_smoke,sandbox/Drift-Experiment/one_c0_track12_edge_t0_ip6mm_smoke/timing.dat,Solve: Electric fie,1,10.17,10.17,10.17,0.3094006693033161
one_c0_track12_edge_t0_ip6mm_smoke,sandbox/Drift-Experiment/one_c0_track12_edge_t0_ip6mm_smoke/timing.dat,FFT: Efield,1,8.708,8.708,8.708,0.26492242166108915
one_c0_track12_edge_t0_ip6mm_smoke,sandbox/Drift-Experiment/one_c0_track12_edge_t0_ip6mm_smoke/timing.dat,Efield: double to p,1,0.2148,0.2148,0.2148,0.006534834195314877
one_c0_track12_edge_t0_ip6mm_smoke,sandbox/Drift-Experiment/one_c0_track12_edge_t0_ip6mm_smoke/timing.dat,samplingTime,1,0.0005988,0.0005988,0.0005988,1.8217219348950413e-05
one_c0_track12_edge_t0_ip6mm_smoke,sandbox/Drift-Experiment/one_c0_track12_edge_t0_ip6mm_smoke/timing.dat,Sampling,1,0.0003988,0.0003988,0.0003988,1.2132643748098571e-05
one_c0_track12_edge_t0_ip6mm_smoke,sandbox/Drift-Experiment/one_c0_track12_edge_t0_ip6mm_smoke/timing.dat,particleBC,1,0.6162,0.6162,0.6162,0.01874657742622452
one_c0_track12_edge_t0_ip6mm_smoke,sandbox/Drift-Experiment/one_c0_track12_edge_t0_ip6mm_smoke/timing.dat,updateParticle,1,0.0,0.0,0.0,0.0
one_c0_track12_edge_t0_ip6mm_smoke,sandbox/Drift-Experiment/one_c0_track12_edge_t0_ip6mm_smoke/timing.dat,computeMoments,1,0.6391,0.6391,0.6391,0.01944326133252206
one_c0_track12_edge_t0_ip6mm_smoke,sandbox/Drift-Experiment/one_c0_track12_edge_t0_ip6mm_smoke/timing.dat,TIntegration1,1,0.5044,0.5044,0.5044,0.015345299665348342
one_c0_track12_edge_t0_ip6mm_smoke,sandbox/Drift-Experiment/one_c0_track12_edge_t0_ip6mm_smoke/timing.dat,TIntegration2,1,0.8409,0.8409,0.8409,0.025582598113781566
one_c0_track12_edge_t0_ip6mm_smoke,sandbox/Drift-Experiment/one_c0_track12_edge_t0_ip6mm_smoke/timing.dat,External field eval,1,1.927,1.927,1.927,0.05862488591420749
one_c0_track12_edge_t0_ip6mm_smoke,sandbox/Drift-Experiment/one_c0_track12_edge_t0_ip6mm_smoke/timing.dat,PluginElements,1,0.0,0.0,0.0,0.0
one_c0_track12_edge_t0_ip6mm_smoke,sandbox/Drift-Experiment/one_c0_track12_edge_t0_ip6mm_smoke/timing.dat,Binaryrepart,1,0.0,0.0,0.0,0.0
one_c0_track12_edge_t0_ip6mm_smoke,sandbox/Drift-Experiment/one_c0_track12_edge_t0_ip6mm_smoke/timing.dat,OrbThreader,1,0.04405,0.04405,0.04405,0.001340127776087618
one_c0_track12_edge_t0_ip6mm_smoke,sandbox/Drift-Experiment/one_c0_track12_edge_t0_ip6mm_smoke/timing.dat,BB window total,1,21.87,21.87,21.87,0.6653483419531488
one_c0_track12_edge_t0_ip6mm_smoke,sandbox/Drift-Experiment/one_c0_track12_edge_t0_ip6mm_smoke/timing.dat,BB entry trans,1,0.0,0.0,0.0,0.0
one_c0_track12_edge_t0_ip6mm_smoke,sandbox/Drift-Experiment/one_c0_track12_edge_t0_ip6mm_smoke/timing.dat,BB mesh setup,1,1.101,1.101,1.101,0.033495588682689384
one_c0_track12_edge_t0_ip6mm_smoke,sandbox/Drift-Experiment/one_c0_track12_edge_t0_ip6mm_smoke/timing.dat,BB self fields,1,19.74,19.74,19.74,0.6005476118040767
one_c0_track12_edge_t0_ip6mm_smoke,sandbox/Drift-Experiment/one_c0_track12_edge_t0_ip6mm_smoke/timing.dat,BB transform back,1,0.2723,0.2723,0.2723,0.008284149680559781
one_c0_track12_edge_t0_ip6mm_smoke,sandbox/Drift-Experiment/one_c0_track12_edge_t0_ip6mm_smoke/timing.dat,BB witness gather,1,0.6205,0.6205,0.6205,0.018877395801642837
one_c0_track12_edge_t0_ip6mm_smoke,sandbox/Drift-Experiment/one_c0_track12_edge_t0_ip6mm_smoke/timing.dat,BB transition dump,1,0.0,0.0,0.0,0.0
one_c0_track12_edge_t0_ip6mm_smoke,sandbox/Drift-Experiment/one_c0_track12_edge_t0_ip6mm_smoke/timing.dat,bDeviceSyncronizati,1,0.0005271,0.0005271,0.0005271,1.6035898996045028e-05
one_c0_track12_edge_t0_ip6mm_smoke,sandbox/Drift-Experiment/one_c0_track12_edge_t0_ip6mm_smoke/timing.dat,bHistogramInit,1,0.5289,0.5289,0.5289,0.016090660176452696
one_c0_track12_edge_t0_ip6mm_smoke,sandbox/Drift-Experiment/one_c0_track12_edge_t0_ip6mm_smoke/timing.dat,bMergeBins,1,0.0,0.0,0.0,0.0
one_c0_track12_edge_t0_ip6mm_smoke,sandbox/Drift-Experiment/one_c0_track12_edge_t0_ip6mm_smoke/timing.dat,BB CIC scatter,1,0.06233,0.06233,0.06233,0.0018962579860054764
one_c0_track12_edge_t0_ip6mm_smoke,sandbox/Drift-Experiment/one_c0_track12_edge_t0_ip6mm_smoke/timing.dat,BB halo accum,1,0.001343,0.001343,0.001343,4.085792515972011e-05
one_c0_track12_edge_t0_ip6mm_smoke,sandbox/Drift-Experiment/one_c0_track12_edge_t0_ip6mm_smoke/timing.dat,fillHalo,1,0.0006975,0.0006975,0.0006975,2.1219957407970796e-05
one_c0_track12_edge_t0_ip6mm_smoke,sandbox/Drift-Experiment/one_c0_track12_edge_t0_ip6mm_smoke/timing.dat,gather,1,0.3264,0.3264,0.3264,0.009930027380590206
one_c0_track12_edge_t0_smoke,sandbox/Drift-Experiment/one_c0_track12_edge_t0_smoke/timing.dat,mainTimer,1,35.55,35.55,35.55,1.0
one_c0_track12_edge_t0_smoke,sandbox/Drift-Experiment/one_c0_track12_edge_t0_smoke/timing.dat,Write Stat,1,0.06572,0.06572,0.06572,0.0018486638537271451
one_c0_track12_edge_t0_smoke,sandbox/Drift-Experiment/one_c0_track12_edge_t0_smoke/timing.dat,Write H5-File,1,0.355,0.355,0.355,0.009985935302390999
one_c0_track12_edge_t0_smoke,sandbox/Drift-Experiment/one_c0_track12_edge_t0_smoke/timing.dat,bInitLimits,1,0.051,0.051,0.051,0.0014345991561181435
one_c0_track12_edge_t0_smoke,sandbox/Drift-Experiment/one_c0_track12_edge_t0_smoke/timing.dat,bAllReduceLimits,1,0.0003858,0.0003858,0.0003858,1.0852320675105487e-05
one_c0_track12_edge_t0_smoke,sandbox/Drift-Experiment/one_c0_track12_edge_t0_smoke/timing.dat,bAllReduceGlobalHis,1,0.0005022,0.0005022,0.0005022,1.4126582278481013e-05
one_c0_track12_edge_t0_smoke,sandbox/Drift-Experiment/one_c0_track12_edge_t0_smoke/timing.dat,bAssignUniformBins,1,0.04857,0.04857,0.04857,0.0013662447257383969
one_c0_track12_edge_t0_smoke,sandbox/Drift-Experiment/one_c0_track12_edge_t0_smoke/timing.dat,bExecuteHistoReduct,1,0.09798,0.09798,0.09798,0.002756118143459916
one_c0_track12_edge_t0_smoke,sandbox/Drift-Experiment/one_c0_track12_edge_t0_smoke/timing.dat,bSortContainerByBin,1,0.06098,0.06098,0.06098,0.0017153305203938117
one_c0_track12_edge_t0_smoke,sandbox/Drift-Experiment/one_c0_track12_edge_t0_smoke/timing.dat,bVerifySorting,1,0.0,0.0,0.0,0.0
one_c0_track12_edge_t0_smoke,sandbox/Drift-Experiment/one_c0_track12_edge_t0_smoke/timing.dat,Initialize,1,0.007673,0.007673,0.007673,0.0002158368495077356
one_c0_track12_edge_t0_smoke,sandbox/Drift-Experiment/one_c0_track12_edge_t0_smoke/timing.dat,Initialize: extra H,1,0.0004053,0.0004053,0.0004053,1.140084388185654e-05
one_c0_track12_edge_t0_smoke,sandbox/Drift-Experiment/one_c0_track12_edge_t0_smoke/timing.dat,Warmup,1,0.003745,0.003745,0.003745,0.00010534458509142054
one_c0_track12_edge_t0_smoke,sandbox/Drift-Experiment/one_c0_track12_edge_t0_smoke/timing.dat,Green Init,1,0.002167,0.002167,0.002167,6.0956399437412105e-05
one_c0_track12_edge_t0_smoke,sandbox/Drift-Experiment/one_c0_track12_edge_t0_smoke/timing.dat,FFT: Green,1,2.866,2.866,2.866,0.08061884669479608
one_c0_track12_edge_t0_smoke,sandbox/Drift-Experiment/one_c0_track12_edge_t0_smoke/timing.dat,Solve,1,19.86,19.86,19.86,0.5586497890295359
one_c0_track12_edge_t0_smoke,sandbox/Drift-Experiment/one_c0_track12_edge_t0_smoke/timing.dat,Solve: Physical to,1,0.05941,0.05941,0.05941,0.0016711673699015472
one_c0_track12_edge_t0_smoke,sandbox/Drift-Experiment/one_c0_track12_edge_t0_smoke/timing.dat,FFT: Rho,1,2.851,2.851,2.851,0.08019690576652602
one_c0_track12_edge_t0_smoke,sandbox/Drift-Experiment/one_c0_track12_edge_t0_smoke/timing.dat,FFT: Convolution,1,2.882,2.882,2.882,0.08106891701828411
one_c0_track12_edge_t0_smoke,sandbox/Drift-Experiment/one_c0_track12_edge_t0_smoke/timing.dat,Solve: Double to ph,1,0.06333,0.06333,0.06333,0.0017814345991561183
one_c0_track12_edge_t0_smoke,sandbox/Drift-Experiment/one_c0_track12_edge_t0_smoke/timing.dat,Solve: Electric fie,1,10.08,10.08,10.08,0.28354430379746837
one_c0_track12_edge_t0_smoke,sandbox/Drift-Experiment/one_c0_track12_edge_t0_smoke/timing.dat,FFT: Efield,1,8.64,8.64,8.64,0.24303797468354435
one_c0_track12_edge_t0_smoke,sandbox/Drift-Experiment/one_c0_track12_edge_t0_smoke/timing.dat,Efield: double to p,1,0.2105,0.2105,0.2105,0.0059212376933895925
one_c0_track12_edge_t0_smoke,sandbox/Drift-Experiment/one_c0_track12_edge_t0_smoke/timing.dat,samplingTime,1,0.0006671,0.0006671,0.0006671,1.876511954992968e-05
one_c0_track12_edge_t0_smoke,sandbox/Drift-Experiment/one_c0_track12_edge_t0_smoke/timing.dat,Sampling,1,0.0004137,0.0004137,0.0004137,1.1637130801687765e-05
one_c0_track12_edge_t0_smoke,sandbox/Drift-Experiment/one_c0_track12_edge_t0_smoke/timing.dat,particleBC,1,2.25,2.25,2.25,0.06329113924050633
one_c0_track12_edge_t0_smoke,sandbox/Drift-Experiment/one_c0_track12_edge_t0_smoke/timing.dat,updateParticle,1,0.0,0.0,0.0,0.0
one_c0_track12_edge_t0_smoke,sandbox/Drift-Experiment/one_c0_track12_edge_t0_smoke/timing.dat,computeMoments,1,1.849,1.849,1.849,0.052011251758087206
one_c0_track12_edge_t0_smoke,sandbox/Drift-Experiment/one_c0_track12_edge_t0_smoke/timing.dat,TIntegration1,1,0.4651,0.4651,0.4651,0.01308298171589311
one_c0_track12_edge_t0_smoke,sandbox/Drift-Experiment/one_c0_track12_edge_t0_smoke/timing.dat,TIntegration2,1,0.7856,0.7856,0.7856,0.02209845288326301
one_c0_track12_edge_t0_smoke,sandbox/Drift-Experiment/one_c0_track12_edge_t0_smoke/timing.dat,External field eval,1,1.804,1.804,1.804,0.05074542897327708
one_c0_track12_edge_t0_smoke,sandbox/Drift-Experiment/one_c0_track12_edge_t0_smoke/timing.dat,PluginElements,1,0.0,0.0,0.0,0.0
one_c0_track12_edge_t0_smoke,sandbox/Drift-Experiment/one_c0_track12_edge_t0_smoke/timing.dat,Binaryrepart,1,0.0,0.0,0.0,0.0
one_c0_track12_edge_t0_smoke,sandbox/Drift-Experiment/one_c0_track12_edge_t0_smoke/timing.dat,OrbThreader,1,0.02525,0.02525,0.02525,0.0007102672292545712
one_c0_track12_edge_t0_smoke,sandbox/Drift-Experiment/one_c0_track12_edge_t0_smoke/timing.dat,BB window total,1,0.0,0.0,0.0,0.0
one_c0_track12_edge_t0_smoke,sandbox/Drift-Experiment/one_c0_track12_edge_t0_smoke/timing.dat,BB entry trans,1,0.0,0.0,0.0,0.0
one_c0_track12_edge_t0_smoke,sandbox/Drift-Experiment/one_c0_track12_edge_t0_smoke/timing.dat,BB mesh setup,1,0.0,0.0,0.0,0.0
one_c0_track12_edge_t0_smoke,sandbox/Drift-Experiment/one_c0_track12_edge_t0_smoke/timing.dat,BB self fields,1,0.0,0.0,0.0,0.0
one_c0_track12_edge_t0_smoke,sandbox/Drift-Experiment/one_c0_track12_edge_t0_smoke/timing.dat,BB transform back,1,0.0,0.0,0.0,0.0
one_c0_track12_edge_t0_smoke,sandbox/Drift-Experiment/one_c0_track12_edge_t0_smoke/timing.dat,BB witness gather,1,9.499e-05,9.499e-05,9.499e-05,2.672011251758087e-06
one_c0_track12_edge_t0_smoke,sandbox/Drift-Experiment/one_c0_track12_edge_t0_smoke/timing.dat,BB transition dump,1,0.0,0.0,0.0,0.0
one_c0_track12_edge_t0_smoke,sandbox/Drift-Experiment/one_c0_track12_edge_t0_smoke/timing.dat,bDeviceSyncronizati,1,0.0005368,0.0005368,0.0005368,1.5099859353023912e-05
one_c0_track12_edge_t0_smoke,sandbox/Drift-Experiment/one_c0_track12_edge_t0_smoke/timing.dat,bHistogramInit,1,0.5572,0.5572,0.5572,0.01567369901547117
one_c0_track12_edge_t0_smoke,sandbox/Drift-Experiment/one_c0_track12_edge_t0_smoke/timing.dat,bMergeBins,1,0.0,0.0,0.0,0.0
one_c0_track12_edge_t0_smoke,sandbox/Drift-Experiment/one_c0_track12_edge_t0_smoke/timing.dat,BB CIC scatter,1,0.05967,0.05967,0.05967,0.001678481012658228
one_c0_track12_edge_t0_smoke,sandbox/Drift-Experiment/one_c0_track12_edge_t0_smoke/timing.dat,BB halo accum,1,0.001203,0.001203,0.001203,3.383966244725739e-05
one_c0_track12_edge_t0_smoke,sandbox/Drift-Experiment/one_c0_track12_edge_t0_smoke/timing.dat,fillHalo,1,0.0003393,0.0003393,0.0003393,9.544303797468356e-06
one_c0_track12_edge_t0_smoke,sandbox/Drift-Experiment/one_c0_track12_edge_t0_smoke/timing.dat,gather,1,0.1131,0.1131,0.1131,0.0031814345991561187
one_c0_track12_smoke,sandbox/Drift-Experiment/one_c0_track12_smoke/timing.dat,mainTimer,1,30.99,30.99,30.99,1.0
one_c0_track12_smoke,sandbox/Drift-Experiment/one_c0_track12_smoke/timing.dat,Write Stat,1,0.07222,0.07222,0.07222,0.0023304291707002263
one_c0_track12_smoke,sandbox/Drift-Experiment/one_c0_track12_smoke/timing.dat,Write H5-File,1,0.2551,0.2551,0.2551,0.008231687641174573
one_c0_track12_smoke,sandbox/Drift-Experiment/one_c0_track12_smoke/timing.dat,bInitLimits,1,0.05627,0.05627,0.05627,0.0018157470151661827
one_c0_track12_smoke,sandbox/Drift-Experiment/one_c0_track12_smoke/timing.dat,bAllReduceLimits,1,0.0004809,0.0004809,0.0004809,1.551790900290416e-05
one_c0_track12_smoke,sandbox/Drift-Experiment/one_c0_track12_smoke/timing.dat,bAllReduceGlobalHis,1,0.0007032,0.0007032,0.0007032,2.2691190706679574e-05
one_c0_track12_smoke,sandbox/Drift-Experiment/one_c0_track12_smoke/timing.dat,bAssignUniformBins,1,0.05294,0.05294,0.05294,0.0017082929977412069
one_c0_track12_smoke,sandbox/Drift-Experiment/one_c0_track12_smoke/timing.dat,bExecuteHistoReduct,1,0.1061,0.1061,0.1061,0.0034236850596966765
one_c0_track12_smoke,sandbox/Drift-Experiment/one_c0_track12_smoke/timing.dat,bSortContainerByBin,1,0.05896,0.05896,0.05896,0.0019025492094223943
one_c0_track12_smoke,sandbox/Drift-Experiment/one_c0_track12_smoke/timing.dat,bVerifySorting,1,0.0,0.0,0.0,0.0
one_c0_track12_smoke,sandbox/Drift-Experiment/one_c0_track12_smoke/timing.dat,Initialize,1,0.008157,0.008157,0.008157,0.0002632139399806389
one_c0_track12_smoke,sandbox/Drift-Experiment/one_c0_track12_smoke/timing.dat,Initialize: extra H,1,0.0004857,0.0004857,0.0004857,1.5672797676669894e-05
one_c0_track12_smoke,sandbox/Drift-Experiment/one_c0_track12_smoke/timing.dat,Warmup,1,0.003873,0.003873,0.003873,0.00012497579864472413
one_c0_track12_smoke,sandbox/Drift-Experiment/one_c0_track12_smoke/timing.dat,Green Init,1,0.002314,0.002314,0.002314,7.466924814456277e-05
one_c0_track12_smoke,sandbox/Drift-Experiment/one_c0_track12_smoke/timing.dat,FFT: Green,1,0.1903,0.1903,0.1903,0.006140690545337206
one_c0_track12_smoke,sandbox/Drift-Experiment/one_c0_track12_smoke/timing.dat,Solve,1,17.01,17.01,17.01,0.5488867376573089
one_c0_track12_smoke,sandbox/Drift-Experiment/one_c0_track12_smoke/timing.dat,Solve: Physical to,1,0.06627,0.06627,0.06627,0.002138431752178122
one_c0_track12_smoke,sandbox/Drift-Experiment/one_c0_track12_smoke/timing.dat,FFT: Rho,1,2.911,2.911,2.911,0.09393352694417555
one_c0_track12_smoke,sandbox/Drift-Experiment/one_c0_track12_smoke/timing.dat,FFT: Convolution,1,2.954,2.954,2.954,0.09532107131332689
one_c0_track12_smoke,sandbox/Drift-Experiment/one_c0_track12_smoke/timing.dat,Solve: Double to ph,1,0.06819,0.06819,0.06819,0.0022003872216844146
one_c0_track12_smoke,sandbox/Drift-Experiment/one_c0_track12_smoke/timing.dat,Solve: Electric fie,1,10.26,10.26,10.26,0.33107454017424975
one_c0_track12_smoke,sandbox/Drift-Experiment/one_c0_track12_smoke/timing.dat,FFT: Efield,1,8.777,8.777,8.777,0.28322039367537916
one_c0_track12_smoke,sandbox/Drift-Experiment/one_c0_track12_smoke/timing.dat,Efield: double to p,1,0.229,0.229,0.229,0.007389480477573412
one_c0_track12_smoke,sandbox/Drift-Experiment/one_c0_track12_smoke/timing.dat,samplingTime,1,0.001188,0.001188,0.001188,3.8334946757018394e-05
one_c0_track12_smoke,sandbox/Drift-Experiment/one_c0_track12_smoke/timing.dat,Sampling,1,0.000615,0.000615,0.000615,1.984511132623427e-05
one_c0_track12_smoke,sandbox/Drift-Experiment/one_c0_track12_smoke/timing.dat,particleBC,1,0.6095,0.6095,0.6095,0.019667634720877705
one_c0_track12_smoke,sandbox/Drift-Experiment/one_c0_track12_smoke/timing.dat,updateParticle,1,0.0,0.0,0.0,0.0
one_c0_track12_smoke,sandbox/Drift-Experiment/one_c0_track12_smoke/timing.dat,computeMoments,1,0.6416,0.6416,0.6416,0.020703452726686028
one_c0_track12_smoke,sandbox/Drift-Experiment/one_c0_track12_smoke/timing.dat,TIntegration1,1,0.4931,0.4931,0.4931,0.015911584382058728
one_c0_track12_smoke,sandbox/Drift-Experiment/one_c0_track12_smoke/timing.dat,TIntegration2,1,0.8301,0.8301,0.8301,0.026786060019361083
one_c0_track12_smoke,sandbox/Drift-Experiment/one_c0_track12_smoke/timing.dat,External field eval,1,1.504,1.504,1.504,0.04853178444659568
one_c0_track12_smoke,sandbox/Drift-Experiment/one_c0_track12_smoke/timing.dat,PluginElements,1,0.0,0.0,0.0,0.0
one_c0_track12_smoke,sandbox/Drift-Experiment/one_c0_track12_smoke/timing.dat,Binaryrepart,1,0.0,0.0,0.0,0.0
one_c0_track12_smoke,sandbox/Drift-Experiment/one_c0_track12_smoke/timing.dat,OrbThreader,1,0.02488,0.02488,0.02488,0.000802839625685705
one_c0_track12_smoke,sandbox/Drift-Experiment/one_c0_track12_smoke/timing.dat,BB window total,1,20.81,20.81,20.81,0.6715069377218458
one_c0_track12_smoke,sandbox/Drift-Experiment/one_c0_track12_smoke/timing.dat,BB entry trans,1,0.0,0.0,0.0,0.0
one_c0_track12_smoke,sandbox/Drift-Experiment/one_c0_track12_smoke/timing.dat,BB mesh setup,1,1.107,1.107,1.107,0.03572120038722169
one_c0_track12_smoke,sandbox/Drift-Experiment/one_c0_track12_smoke/timing.dat,BB self fields,1,18.64,18.64,18.64,0.601484349790255
one_c0_track12_smoke,sandbox/Drift-Experiment/one_c0_track12_smoke/timing.dat,BB transform back,1,0.2722,0.2722,0.2722,0.008783478541464988
one_c0_track12_smoke,sandbox/Drift-Experiment/one_c0_track12_smoke/timing.dat,BB witness gather,1,0.6071,0.6071,0.6071,0.019590190383994836
one_c0_track12_smoke,sandbox/Drift-Experiment/one_c0_track12_smoke/timing.dat,BB transition dump,1,0.0,0.0,0.0,0.0
one_c0_track12_smoke,sandbox/Drift-Experiment/one_c0_track12_smoke/timing.dat,bDeviceSyncronizati,1,0.0005328,0.0005328,0.0005328,1.719264278799613e-05
one_c0_track12_smoke,sandbox/Drift-Experiment/one_c0_track12_smoke/timing.dat,bHistogramInit,1,0.5003,0.5003,0.5003,0.016143917392707326
one_c0_track12_smoke,sandbox/Drift-Experiment/one_c0_track12_smoke/timing.dat,bMergeBins,1,0.0,0.0,0.0,0.0
one_c0_track12_smoke,sandbox/Drift-Experiment/one_c0_track12_smoke/timing.dat,BB CIC scatter,1,0.06097,0.06097,0.06097,0.001967408841561794
one_c0_track12_smoke,sandbox/Drift-Experiment/one_c0_track12_smoke/timing.dat,BB halo accum,1,0.001356,0.001356,0.001356,4.3756050338818975e-05
one_c0_track12_smoke,sandbox/Drift-Experiment/one_c0_track12_smoke/timing.dat,fillHalo,1,0.0006565,0.0006565,0.0006565,2.118425298483382e-05
one_c0_track12_smoke,sandbox/Drift-Experiment/one_c0_track12_smoke/timing.dat,gather,1,0.3174,0.3174,0.3174,0.010242013552758956
withness_t0_4ps_active_1600fs_release_shifted_c0,sandbox/Drift-Experiment/withness_t0_4ps_active_1600fs_release_shifted_c0/timing.dat,mainTimer,1,365.4,365.4,365.4,1.0
withness_t0_4ps_active_1600fs_release_shifted_c0,sandbox/Drift-Experiment/withness_t0_4ps_active_1600fs_release_shifted_c0/timing.dat,Write Stat,1,0.2655,0.2655,0.2655,0.000726600985221675
withness_t0_4ps_active_1600fs_release_shifted_c0,sandbox/Drift-Experiment/withness_t0_4ps_active_1600fs_release_shifted_c0/timing.dat,Write H5-File,1,3.016,3.016,3.016,0.008253968253968255
withness_t0_4ps_active_1600fs_release_shifted_c0,sandbox/Drift-Experiment/withness_t0_4ps_active_1600fs_release_shifted_c0/timing.dat,bInitLimits,1,0.3998,0.3998,0.3998,0.001094143404488232
withness_t0_4ps_active_1600fs_release_shifted_c0,sandbox/Drift-Experiment/withness_t0_4ps_active_1600fs_release_shifted_c0/timing.dat,bAllReduceLimits,1,0.001572,0.001572,0.001572,4.302134646962233e-06
withness_t0_4ps_active_1600fs_release_shifted_c0,sandbox/Drift-Experiment/withness_t0_4ps_active_1600fs_release_shifted_c0/timing.dat,bAllReduceGlobalHis,1,0.002736,0.002736,0.002736,7.48768472906404e-06
withness_t0_4ps_active_1600fs_release_shifted_c0,sandbox/Drift-Experiment/withness_t0_4ps_active_1600fs_release_shifted_c0/timing.dat,bAssignUniformBins,1,0.3794,0.3794,0.3794,0.0010383141762452107
withness_t0_4ps_active_1600fs_release_shifted_c0,sandbox/Drift-Experiment/withness_t0_4ps_active_1600fs_release_shifted_c0/timing.dat,bExecuteHistoReduct,1,0.5131,0.5131,0.5131,0.0014042145593869734
withness_t0_4ps_active_1600fs_release_shifted_c0,sandbox/Drift-Experiment/withness_t0_4ps_active_1600fs_release_shifted_c0/timing.dat,bSortContainerByBin,1,49.71,49.71,49.71,0.13604269293924467
withness_t0_4ps_active_1600fs_release_shifted_c0,sandbox/Drift-Experiment/withness_t0_4ps_active_1600fs_release_shifted_c0/timing.dat,bVerifySorting,1,0.0,0.0,0.0,0.0
withness_t0_4ps_active_1600fs_release_shifted_c0,sandbox/Drift-Experiment/withness_t0_4ps_active_1600fs_release_shifted_c0/timing.dat,Initialize,1,0.04434,0.04434,0.04434,0.00012134646962233169
withness_t0_4ps_active_1600fs_release_shifted_c0,sandbox/Drift-Experiment/withness_t0_4ps_active_1600fs_release_shifted_c0/timing.dat,Initialize: extra H,1,0.001131,0.001131,0.001131,3.0952380952380957e-06
withness_t0_4ps_active_1600fs_release_shifted_c0,sandbox/Drift-Experiment/withness_t0_4ps_active_1600fs_release_shifted_c0/timing.dat,Warmup,1,0.02633,0.02633,0.02633,7.205801860974276e-05
withness_t0_4ps_active_1600fs_release_shifted_c0,sandbox/Drift-Experiment/withness_t0_4ps_active_1600fs_release_shifted_c0/timing.dat,Green Init,1,0.01317,0.01317,0.01317,3.6042692939244665e-05
withness_t0_4ps_active_1600fs_release_shifted_c0,sandbox/Drift-Experiment/withness_t0_4ps_active_1600fs_release_shifted_c0/timing.dat,FFT: Green,1,0.03887,0.03887,0.03887,0.00010637657361795294
withness_t0_4ps_active_1600fs_release_shifted_c0,sandbox/Drift-Experiment/withness_t0_4ps_active_1600fs_release_shifted_c0/timing.dat,Solve,1,104.5,104.5,104.5,0.2859879584017515
withness_t0_4ps_active_1600fs_release_shifted_c0,sandbox/Drift-Experiment/withness_t0_4ps_active_1600fs_release_shifted_c0/timing.dat,Solve: Physical to,1,0.1223,0.1223,0.1223,0.00033470169677066235
withness_t0_4ps_active_1600fs_release_shifted_c0,sandbox/Drift-Experiment/withness_t0_4ps_active_1600fs_release_shifted_c0/timing.dat,FFT: Rho,1,19.9,19.9,19.9,0.05446086480569239
withness_t0_4ps_active_1600fs_release_shifted_c0,sandbox/Drift-Experiment/withness_t0_4ps_active_1600fs_release_shifted_c0/timing.dat,FFT: Convolution,1,19.94,19.94,19.94,0.054570333880678716
withness_t0_4ps_active_1600fs_release_shifted_c0,sandbox/Drift-Experiment/withness_t0_4ps_active_1600fs_release_shifted_c0/timing.dat,Solve: Double to ph,1,0.1205,0.1205,0.1205,0.0003297755883962781
withness_t0_4ps_active_1600fs_release_shifted_c0,sandbox/Drift-Experiment/withness_t0_4ps_active_1600fs_release_shifted_c0/timing.dat,Solve: Electric fie,1,63.03,63.03,63.03,0.17249589490968803
withness_t0_4ps_active_1600fs_release_shifted_c0,sandbox/Drift-Experiment/withness_t0_4ps_active_1600fs_release_shifted_c0/timing.dat,FFT: Efield,1,59.45,59.45,59.45,0.1626984126984127
withness_t0_4ps_active_1600fs_release_shifted_c0,sandbox/Drift-Experiment/withness_t0_4ps_active_1600fs_release_shifted_c0/timing.dat,Efield: double to p,1,0.4106,0.4106,0.4106,0.0011237000547345377
withness_t0_4ps_active_1600fs_release_shifted_c0,sandbox/Drift-Experiment/withness_t0_4ps_active_1600fs_release_shifted_c0/timing.dat,samplingTime,1,0.05157,0.05157,0.05157,0.00014113300492610837
withness_t0_4ps_active_1600fs_release_shifted_c0,sandbox/Drift-Experiment/withness_t0_4ps_active_1600fs_release_shifted_c0/timing.dat,Sampling,1,0.05122,0.05122,0.05122,0.0001401751505199781
withness_t0_4ps_active_1600fs_release_shifted_c0,sandbox/Drift-Experiment/withness_t0_4ps_active_1600fs_release_shifted_c0/timing.dat,particleBC,1,1.538,1.538,1.538,0.004209085933223865
withness_t0_4ps_active_1600fs_release_shifted_c0,sandbox/Drift-Experiment/withness_t0_4ps_active_1600fs_release_shifted_c0/timing.dat,updateParticle,1,0.0,0.0,0.0,0.0
withness_t0_4ps_active_1600fs_release_shifted_c0,sandbox/Drift-Experiment/withness_t0_4ps_active_1600fs_release_shifted_c0/timing.dat,computeMoments,1,7.625,7.625,7.625,0.02086754241926656
withness_t0_4ps_active_1600fs_release_shifted_c0,sandbox/Drift-Experiment/withness_t0_4ps_active_1600fs_release_shifted_c0/timing.dat,TIntegration1,1,1.875,1.875,1.875,0.00513136288998358
withness_t0_4ps_active_1600fs_release_shifted_c0,sandbox/Drift-Experiment/withness_t0_4ps_active_1600fs_release_shifted_c0/timing.dat,TIntegration2,1,3.852,3.852,3.852,0.010541871921182267
withness_t0_4ps_active_1600fs_release_shifted_c0,sandbox/Drift-Experiment/withness_t0_4ps_active_1600fs_release_shifted_c0/timing.dat,External field eval,1,8.396,8.396,8.396,0.02297755883962781
withness_t0_4ps_active_1600fs_release_shifted_c0,sandbox/Drift-Experiment/withness_t0_4ps_active_1600fs_release_shifted_c0/timing.dat,PluginElements,1,0.0,0.0,0.0,0.0
withness_t0_4ps_active_1600fs_release_shifted_c0,sandbox/Drift-Experiment/withness_t0_4ps_active_1600fs_release_shifted_c0/timing.dat,Binaryrepart,1,0.0,0.0,0.0,0.0
withness_t0_4ps_active_1600fs_release_shifted_c0,sandbox/Drift-Experiment/withness_t0_4ps_active_1600fs_release_shifted_c0/timing.dat,OrbThreader,1,0.02513,0.02513,0.02513,6.877394636015326e-05
withness_t0_4ps_active_1600fs_release_shifted_c0,sandbox/Drift-Experiment/withness_t0_4ps_active_1600fs_release_shifted_c0/timing.dat,BB window total,1,319.9,319.9,319.9,0.8754789272030651
withness_t0_4ps_active_1600fs_release_shifted_c0,sandbox/Drift-Experiment/withness_t0_4ps_active_1600fs_release_shifted_c0/timing.dat,BB entry trans,1,0.0,0.0,0.0,0.0
withness_t0_4ps_active_1600fs_release_shifted_c0,sandbox/Drift-Experiment/withness_t0_4ps_active_1600fs_release_shifted_c0/timing.dat,BB mesh setup,1,5.824,5.824,5.824,0.015938697318007664
withness_t0_4ps_active_1600fs_release_shifted_c0,sandbox/Drift-Experiment/withness_t0_4ps_active_1600fs_release_shifted_c0/timing.dat,BB self fields,1,305.4,305.4,305.4,0.8357963875205254
withness_t0_4ps_active_1600fs_release_shifted_c0,sandbox/Drift-Experiment/withness_t0_4ps_active_1600fs_release_shifted_c0/timing.dat,BB transform back,1,1.659,1.659,1.659,0.0045402298850574715
withness_t0_4ps_active_1600fs_release_shifted_c0,sandbox/Drift-Experiment/withness_t0_4ps_active_1600fs_release_shifted_c0/timing.dat,BB witness gather,1,1.033,1.033,1.033,0.00282703886152162
withness_t0_4ps_active_1600fs_release_shifted_c0,sandbox/Drift-Experiment/withness_t0_4ps_active_1600fs_release_shifted_c0/timing.dat,BB transition dump,1,0.0,0.0,0.0,0.0
withness_t0_4ps_active_1600fs_release_shifted_c0,sandbox/Drift-Experiment/withness_t0_4ps_active_1600fs_release_shifted_c0/timing.dat,bDeviceSyncronizati,1,0.0005554,0.0005554,0.0005554,1.5199781061850026e-06
withness_t0_4ps_active_1600fs_release_shifted_c0,sandbox/Drift-Experiment/withness_t0_4ps_active_1600fs_release_shifted_c0/timing.dat,bHistogramInit,1,0.6998,0.6998,0.6998,0.001915161466885605
withness_t0_4ps_active_1600fs_release_shifted_c0,sandbox/Drift-Experiment/withness_t0_4ps_active_1600fs_release_shifted_c0/timing.dat,bMergeBins,1,0.0,0.0,0.0,0.0
withness_t0_4ps_active_1600fs_release_shifted_c0,sandbox/Drift-Experiment/withness_t0_4ps_active_1600fs_release_shifted_c0/timing.dat,BB CIC scatter,1,145.3,145.3,145.3,0.39764641488779423
withness_t0_4ps_active_1600fs_release_shifted_c0,sandbox/Drift-Experiment/withness_t0_4ps_active_1600fs_release_shifted_c0/timing.dat,BB halo accum,1,0.003434,0.003434,0.003434,9.39792008757526e-06
withness_t0_4ps_active_1600fs_release_shifted_c0,sandbox/Drift-Experiment/withness_t0_4ps_active_1600fs_release_shifted_c0/timing.dat,fillHalo,1,0.001225,0.001225,0.001225,3.3524904214559387e-06
withness_t0_4ps_active_1600fs_release_shifted_c0,sandbox/Drift-Experiment/withness_t0_4ps_active_1600fs_release_shifted_c0/timing.dat,gather,1,2.575,2.575,2.575,0.007047071702244117
withness_t0_4ps_active_16ps_centered_ip_release_shifted_c0,sandbox/Drift-Experiment/withness_t0_4ps_active_16ps_centered_ip_release_shifted_c0/timing.dat,mainTimer,1,4172.0,4172.0,4172.0,1.0
withness_t0_4ps_active_16ps_centered_ip_release_shifted_c0,sandbox/Drift-Experiment/withness_t0_4ps_active_16ps_centered_ip_release_shifted_c0/timing.dat,Write Stat,1,2.915,2.915,2.915,0.0006987056567593481
withness_t0_4ps_active_16ps_centered_ip_release_shifted_c0,sandbox/Drift-Experiment/withness_t0_4ps_active_16ps_centered_ip_release_shifted_c0/timing.dat,Write H5-File,1,3.698,3.698,3.698,0.0008863854266538831
withness_t0_4ps_active_16ps_centered_ip_release_shifted_c0,sandbox/Drift-Experiment/withness_t0_4ps_active_16ps_centered_ip_release_shifted_c0/timing.dat,bInitLimits,1,4.601,4.601,4.601,0.0011028283796740172
withness_t0_4ps_active_16ps_centered_ip_release_shifted_c0,sandbox/Drift-Experiment/withness_t0_4ps_active_16ps_centered_ip_release_shifted_c0/timing.dat,bAllReduceLimits,1,0.01617,0.01617,0.01617,3.875838926174497e-06
withness_t0_4ps_active_16ps_centered_ip_release_shifted_c0,sandbox/Drift-Experiment/withness_t0_4ps_active_16ps_centered_ip_release_shifted_c0/timing.dat,bAllReduceGlobalHis,1,0.02799,0.02799,0.02799,6.709012464046021e-06
withness_t0_4ps_active_16ps_centered_ip_release_shifted_c0,sandbox/Drift-Experiment/withness_t0_4ps_active_16ps_centered_ip_release_shifted_c0/timing.dat,bAssignUniformBins,1,4.361,4.361,4.361,0.0010453020134228188
withness_t0_4ps_active_16ps_centered_ip_release_shifted_c0,sandbox/Drift-Experiment/withness_t0_4ps_active_16ps_centered_ip_release_shifted_c0/timing.dat,bExecuteHistoReduct,1,5.325,5.325,5.325,0.001276366251198466
withness_t0_4ps_active_16ps_centered_ip_release_shifted_c0,sandbox/Drift-Experiment/withness_t0_4ps_active_16ps_centered_ip_release_shifted_c0/timing.dat,bSortContainerByBin,1,550.3,550.3,550.3,0.13190316395014381
withness_t0_4ps_active_16ps_centered_ip_release_shifted_c0,sandbox/Drift-Experiment/withness_t0_4ps_active_16ps_centered_ip_release_shifted_c0/timing.dat,bVerifySorting,1,0.0,0.0,0.0,0.0
withness_t0_4ps_active_16ps_centered_ip_release_shifted_c0,sandbox/Drift-Experiment/withness_t0_4ps_active_16ps_centered_ip_release_shifted_c0/timing.dat,Initialize,1,0.05229,0.05229,0.05229,1.2533557046979866e-05
withness_t0_4ps_active_16ps_centered_ip_release_shifted_c0,sandbox/Drift-Experiment/withness_t0_4ps_active_16ps_centered_ip_release_shifted_c0/timing.dat,Initialize: extra H,1,0.001174,0.001174,0.001174,2.813998082454458e-07
withness_t0_4ps_active_16ps_centered_ip_release_shifted_c0,sandbox/Drift-Experiment/withness_t0_4ps_active_16ps_centered_ip_release_shifted_c0/timing.dat,Warmup,1,0.0303,0.0303,0.0303,7.262703739213806e-06
withness_t0_4ps_active_16ps_centered_ip_release_shifted_c0,sandbox/Drift-Experiment/withness_t0_4ps_active_16ps_centered_ip_release_shifted_c0/timing.dat,Green Init,1,0.01713,0.01713,0.01713,4.10594439117929e-06
withness_t0_4ps_active_16ps_centered_ip_release_shifted_c0,sandbox/Drift-Experiment/withness_t0_4ps_active_16ps_centered_ip_release_shifted_c0/timing.dat,FFT: Green,1,0.08139,0.08139,0.08139,1.9508628954937682e-05
withness_t0_4ps_active_16ps_centered_ip_release_shifted_c0,sandbox/Drift-Experiment/withness_t0_4ps_active_16ps_centered_ip_release_shifted_c0/timing.dat,Solve,1,1050.0,1050.0,1050.0,0.2516778523489933
withness_t0_4ps_active_16ps_centered_ip_release_shifted_c0,sandbox/Drift-Experiment/withness_t0_4ps_active_16ps_centered_ip_release_shifted_c0/timing.dat,Solve: Physical to,1,1.13,1.13,1.13,0.0002708533077660594
withness_t0_4ps_active_16ps_centered_ip_release_shifted_c0,sandbox/Drift-Experiment/withness_t0_4ps_active_16ps_centered_ip_release_shifted_c0/timing.dat,FFT: Rho,1,204.8,204.8,204.8,0.04908916586768936
withness_t0_4ps_active_16ps_centered_ip_release_shifted_c0,sandbox/Drift-Experiment/withness_t0_4ps_active_16ps_centered_ip_release_shifted_c0/timing.dat,FFT: Convolution,1,198.3,198.3,198.3,0.047531160115052734
withness_t0_4ps_active_16ps_centered_ip_release_shifted_c0,sandbox/Drift-Experiment/withness_t0_4ps_active_16ps_centered_ip_release_shifted_c0/timing.dat,Solve: Double to ph,1,1.086,1.086,1.086,0.0002603068072866731
withness_t0_4ps_active_16ps_centered_ip_release_shifted_c0,sandbox/Drift-Experiment/withness_t0_4ps_active_16ps_centered_ip_release_shifted_c0/timing.dat,Solve: Electric fie,1,631.4,631.4,631.4,0.15134228187919463
withness_t0_4ps_active_16ps_centered_ip_release_shifted_c0,sandbox/Drift-Experiment/withness_t0_4ps_active_16ps_centered_ip_release_shifted_c0/timing.dat,FFT: Efield,1,595.4,595.4,595.4,0.14271332694151487
withness_t0_4ps_active_16ps_centered_ip_release_shifted_c0,sandbox/Drift-Experiment/withness_t0_4ps_active_16ps_centered_ip_release_shifted_c0/timing.dat,Efield: double to p,1,3.813,3.813,3.813,0.0009139501438159156
withness_t0_4ps_active_16ps_centered_ip_release_shifted_c0,sandbox/Drift-Experiment/withness_t0_4ps_active_16ps_centered_ip_release_shifted_c0/timing.dat,samplingTime,1,0.06818,0.06818,0.06818,1.634228187919463e-05
withness_t0_4ps_active_16ps_centered_ip_release_shifted_c0,sandbox/Drift-Experiment/withness_t0_4ps_active_16ps_centered_ip_release_shifted_c0/timing.dat,Sampling,1,0.06786,0.06786,0.06786,1.6265580057526365e-05
withness_t0_4ps_active_16ps_centered_ip_release_shifted_c0,sandbox/Drift-Experiment/withness_t0_4ps_active_16ps_centered_ip_release_shifted_c0/timing.dat,particleBC,1,14.92,14.92,14.92,0.003576222435282838
withness_t0_4ps_active_16ps_centered_ip_release_shifted_c0,sandbox/Drift-Experiment/withness_t0_4ps_active_16ps_centered_ip_release_shifted_c0/timing.dat,updateParticle,1,0.0,0.0,0.0,0.0
withness_t0_4ps_active_16ps_centered_ip_release_shifted_c0,sandbox/Drift-Experiment/withness_t0_4ps_active_16ps_centered_ip_release_shifted_c0/timing.dat,computeMoments,1,96.28,96.28,96.28,0.02307766059443912
withness_t0_4ps_active_16ps_centered_ip_release_shifted_c0,sandbox/Drift-Experiment/withness_t0_4ps_active_16ps_centered_ip_release_shifted_c0/timing.dat,TIntegration1,1,18.89,18.89,18.89,0.004527804410354746
withness_t0_4ps_active_16ps_centered_ip_release_shifted_c0,sandbox/Drift-Experiment/withness_t0_4ps_active_16ps_centered_ip_release_shifted_c0/timing.dat,TIntegration2,1,42.81,42.81,42.81,0.010261265580057527
withness_t0_4ps_active_16ps_centered_ip_release_shifted_c0,sandbox/Drift-Experiment/withness_t0_4ps_active_16ps_centered_ip_release_shifted_c0/timing.dat,External field eval,1,57.37,57.37,57.37,0.013751198465963566
withness_t0_4ps_active_16ps_centered_ip_release_shifted_c0,sandbox/Drift-Experiment/withness_t0_4ps_active_16ps_centered_ip_release_shifted_c0/timing.dat,PluginElements,1,0.0,0.0,0.0,0.0
withness_t0_4ps_active_16ps_centered_ip_release_shifted_c0,sandbox/Drift-Experiment/withness_t0_4ps_active_16ps_centered_ip_release_shifted_c0/timing.dat,Binaryrepart,1,0.0,0.0,0.0,0.0
withness_t0_4ps_active_16ps_centered_ip_release_shifted_c0,sandbox/Drift-Experiment/withness_t0_4ps_active_16ps_centered_ip_release_shifted_c0/timing.dat,OrbThreader,1,0.06044,0.06044,0.06044,1.448705656759348e-05
withness_t0_4ps_active_16ps_centered_ip_release_shifted_c0,sandbox/Drift-Experiment/withness_t0_4ps_active_16ps_centered_ip_release_shifted_c0/timing.dat,BB window total,1,3745.0,3745.0,3745.0,0.8976510067114094
withness_t0_4ps_active_16ps_centered_ip_release_shifted_c0,sandbox/Drift-Experiment/withness_t0_4ps_active_16ps_centered_ip_release_shifted_c0/timing.dat,BB entry trans,1,0.0,0.0,0.0,0.0
withness_t0_4ps_active_16ps_centered_ip_release_shifted_c0,sandbox/Drift-Experiment/withness_t0_4ps_active_16ps_centered_ip_release_shifted_c0/timing.dat,BB mesh setup,1,62.91,62.91,62.91,0.015079098753595397
withness_t0_4ps_active_16ps_centered_ip_release_shifted_c0,sandbox/Drift-Experiment/withness_t0_4ps_active_16ps_centered_ip_release_shifted_c0/timing.dat,BB self fields,1,3582.0,3582.0,3582.0,0.8585810162991371
withness_t0_4ps_active_16ps_centered_ip_release_shifted_c0,sandbox/Drift-Experiment/withness_t0_4ps_active_16ps_centered_ip_release_shifted_c0/timing.dat,BB transform back,1,18.13,18.13,18.13,0.004345637583892617
withness_t0_4ps_active_16ps_centered_ip_release_shifted_c0,sandbox/Drift-Experiment/withness_t0_4ps_active_16ps_centered_ip_release_shifted_c0/timing.dat,BB witness gather,1,8.308,8.308,8.308,0.0019913710450623202
withness_t0_4ps_active_16ps_centered_ip_release_shifted_c0,sandbox/Drift-Experiment/withness_t0_4ps_active_16ps_centered_ip_release_shifted_c0/timing.dat,BB transition dump,1,0.0,0.0,0.0,0.0
withness_t0_4ps_active_16ps_centered_ip_release_shifted_c0,sandbox/Drift-Experiment/withness_t0_4ps_active_16ps_centered_ip_release_shifted_c0/timing.dat,bDeviceSyncronizati,1,0.005183,0.005183,0.005183,1.2423298178331736e-06
withness_t0_4ps_active_16ps_centered_ip_release_shifted_c0,sandbox/Drift-Experiment/withness_t0_4ps_active_16ps_centered_ip_release_shifted_c0/timing.dat,bHistogramInit,1,5.997,5.997,5.997,0.0014374400767018217
withness_t0_4ps_active_16ps_centered_ip_release_shifted_c0,sandbox/Drift-Experiment/withness_t0_4ps_active_16ps_centered_ip_release_shifted_c0/timing.dat,bMergeBins,1,0.0,0.0,0.0,0.0
withness_t0_4ps_active_16ps_centered_ip_release_shifted_c0,sandbox/Drift-Experiment/withness_t0_4ps_active_16ps_centered_ip_release_shifted_c0/timing.dat,BB CIC scatter,1,1914.0,1914.0,1914.0,0.45877277085330775
withness_t0_4ps_active_16ps_centered_ip_release_shifted_c0,sandbox/Drift-Experiment/withness_t0_4ps_active_16ps_centered_ip_release_shifted_c0/timing.dat,BB halo accum,1,0.03202,0.03202,0.03202,7.674976030680729e-06
withness_t0_4ps_active_16ps_centered_ip_release_shifted_c0,sandbox/Drift-Experiment/withness_t0_4ps_active_16ps_centered_ip_release_shifted_c0/timing.dat,fillHalo,1,0.011,0.011,0.011,2.6366251198465963e-06
withness_t0_4ps_active_16ps_centered_ip_release_shifted_c0,sandbox/Drift-Experiment/withness_t0_4ps_active_16ps_centered_ip_release_shifted_c0/timing.dat,gather,1,32.34,32.34,32.34,0.007751677852348994
withness_t0_4ps_coarse_to_12p5ps_fine_to_30ps,sandbox/Drift-Experiment/withness_t0_4ps_coarse_to_12p5ps_fine_to_30ps/timing.dat,mainTimer,1,2036.0,2036.0,2036.0,1.0
withness_t0_4ps_coarse_to_12p5ps_fine_to_30ps,sandbox/Drift-Experiment/withness_t0_4ps_coarse_to_12p5ps_fine_to_30ps/timing.dat,Write Stat,1,1.581,1.581,1.581,0.0007765225933202357
withness_t0_4ps_coarse_to_12p5ps_fine_to_30ps,sandbox/Drift-Experiment/withness_t0_4ps_coarse_to_12p5ps_fine_to_30ps/timing.dat,Write H5-File,1,3.005,3.005,3.005,0.0014759332023575639
withness_t0_4ps_coarse_to_12p5ps_fine_to_30ps,sandbox/Drift-Experiment/withness_t0_4ps_coarse_to_12p5ps_fine_to_30ps/timing.dat,bInitLimits,1,2.248,2.248,2.248,0.0011041257367387035
withness_t0_4ps_coarse_to_12p5ps_fine_to_30ps,sandbox/Drift-Experiment/withness_t0_4ps_coarse_to_12p5ps_fine_to_30ps/timing.dat,bAllReduceLimits,1,0.006796,0.006796,0.006796,3.337917485265226e-06
withness_t0_4ps_coarse_to_12p5ps_fine_to_30ps,sandbox/Drift-Experiment/withness_t0_4ps_coarse_to_12p5ps_fine_to_30ps/timing.dat,bAllReduceGlobalHis,1,0.01238,0.01238,0.01238,6.080550098231827e-06
withness_t0_4ps_coarse_to_12p5ps_fine_to_30ps,sandbox/Drift-Experiment/withness_t0_4ps_coarse_to_12p5ps_fine_to_30ps/timing.dat,bAssignUniformBins,1,2.122,2.122,2.122,0.0010422396856581532
withness_t0_4ps_coarse_to_12p5ps_fine_to_30ps,sandbox/Drift-Experiment/withness_t0_4ps_coarse_to_12p5ps_fine_to_30ps/timing.dat,bExecuteHistoReduct,1,2.597,2.597,2.597,0.001275540275049116
withness_t0_4ps_coarse_to_12p5ps_fine_to_30ps,sandbox/Drift-Experiment/withness_t0_4ps_coarse_to_12p5ps_fine_to_30ps/timing.dat,bSortContainerByBin,1,265.8,265.8,265.8,0.13055009823182712
withness_t0_4ps_coarse_to_12p5ps_fine_to_30ps,sandbox/Drift-Experiment/withness_t0_4ps_coarse_to_12p5ps_fine_to_30ps/timing.dat,bVerifySorting,1,0.0,0.0,0.0,0.0
withness_t0_4ps_coarse_to_12p5ps_fine_to_30ps,sandbox/Drift-Experiment/withness_t0_4ps_coarse_to_12p5ps_fine_to_30ps/timing.dat,Initialize,1,0.04883,0.04883,0.04883,2.398330058939096e-05
withness_t0_4ps_coarse_to_12p5ps_fine_to_30ps,sandbox/Drift-Experiment/withness_t0_4ps_coarse_to_12p5ps_fine_to_30ps/timing.dat,Initialize: extra H,1,0.001684,0.001684,0.001684,8.271119842829077e-07
withness_t0_4ps_coarse_to_12p5ps_fine_to_30ps,sandbox/Drift-Experiment/withness_t0_4ps_coarse_to_12p5ps_fine_to_30ps/timing.dat,Warmup,1,0.02782,0.02782,0.02782,1.3664047151277015e-05
withness_t0_4ps_coarse_to_12p5ps_fine_to_30ps,sandbox/Drift-Experiment/withness_t0_4ps_coarse_to_12p5ps_fine_to_30ps/timing.dat,Green Init,1,0.01487,0.01487,0.01487,7.303536345776031e-06
withness_t0_4ps_coarse_to_12p5ps_fine_to_30ps,sandbox/Drift-Experiment/withness_t0_4ps_coarse_to_12p5ps_fine_to_30ps/timing.dat,FFT: Green,1,0.08247,0.08247,0.08247,4.050589390962672e-05
withness_t0_4ps_coarse_to_12p5ps_fine_to_30ps,sandbox/Drift-Experiment/withness_t0_4ps_coarse_to_12p5ps_fine_to_30ps/timing.dat,Solve,1,499.6,499.6,499.6,0.24538310412573675
withness_t0_4ps_coarse_to_12p5ps_fine_to_30ps,sandbox/Drift-Experiment/withness_t0_4ps_coarse_to_12p5ps_fine_to_30ps/timing.dat,Solve: Physical to,1,0.5837,0.5837,0.5837,0.00028668958742632613
withness_t0_4ps_coarse_to_12p5ps_fine_to_30ps,sandbox/Drift-Experiment/withness_t0_4ps_coarse_to_12p5ps_fine_to_30ps/timing.dat,FFT: Rho,1,96.09,96.09,96.09,0.04719548133595285
withness_t0_4ps_coarse_to_12p5ps_fine_to_30ps,sandbox/Drift-Experiment/withness_t0_4ps_coarse_to_12p5ps_fine_to_30ps/timing.dat,FFT: Convolution,1,94.62,94.62,94.62,0.046473477406679765
withness_t0_4ps_coarse_to_12p5ps_fine_to_30ps,sandbox/Drift-Experiment/withness_t0_4ps_coarse_to_12p5ps_fine_to_30ps/timing.dat,Solve: Double to ph,1,0.5192,0.5192,0.5192,0.0002550098231827112
withness_t0_4ps_coarse_to_12p5ps_fine_to_30ps,sandbox/Drift-Experiment/withness_t0_4ps_coarse_to_12p5ps_fine_to_30ps/timing.dat,Solve: Electric fie,1,301.4,301.4,301.4,0.1480353634577603
withness_t0_4ps_coarse_to_12p5ps_fine_to_30ps,sandbox/Drift-Experiment/withness_t0_4ps_coarse_to_12p5ps_fine_to_30ps/timing.dat,FFT: Efield,1,284.0,284.0,284.0,0.13948919449901767
withness_t0_4ps_coarse_to_12p5ps_fine_to_30ps,sandbox/Drift-Experiment/withness_t0_4ps_coarse_to_12p5ps_fine_to_30ps/timing.dat,Efield: double to p,1,1.846,1.846,1.846,0.000906679764243615
withness_t0_4ps_coarse_to_12p5ps_fine_to_30ps,sandbox/Drift-Experiment/withness_t0_4ps_coarse_to_12p5ps_fine_to_30ps/timing.dat,samplingTime,1,0.06927,0.06927,0.06927,3.402259332023576e-05
withness_t0_4ps_coarse_to_12p5ps_fine_to_30ps,sandbox/Drift-Experiment/withness_t0_4ps_coarse_to_12p5ps_fine_to_30ps/timing.dat,Sampling,1,0.06856,0.06856,0.06856,3.367387033398821e-05
withness_t0_4ps_coarse_to_12p5ps_fine_to_30ps,sandbox/Drift-Experiment/withness_t0_4ps_coarse_to_12p5ps_fine_to_30ps/timing.dat,particleBC,1,18.34,18.34,18.34,0.009007858546168958
withness_t0_4ps_coarse_to_12p5ps_fine_to_30ps,sandbox/Drift-Experiment/withness_t0_4ps_coarse_to_12p5ps_fine_to_30ps/timing.dat,updateParticle,1,0.0,0.0,0.0,0.0
withness_t0_4ps_coarse_to_12p5ps_fine_to_30ps,sandbox/Drift-Experiment/withness_t0_4ps_coarse_to_12p5ps_fine_to_30ps/timing.dat,computeMoments,1,53.93,53.93,53.93,0.02648821218074656
withness_t0_4ps_coarse_to_12p5ps_fine_to_30ps,sandbox/Drift-Experiment/withness_t0_4ps_coarse_to_12p5ps_fine_to_30ps/timing.dat,TIntegration1,1,11.69,11.69,11.69,0.005741650294695481
withness_t0_4ps_coarse_to_12p5ps_fine_to_30ps,sandbox/Drift-Experiment/withness_t0_4ps_coarse_to_12p5ps_fine_to_30ps/timing.dat,TIntegration2,1,24.91,24.91,24.91,0.012234774066797642
withness_t0_4ps_coarse_to_12p5ps_fine_to_30ps,sandbox/Drift-Experiment/withness_t0_4ps_coarse_to_12p5ps_fine_to_30ps/timing.dat,External field eval,1,26.85,26.85,26.85,0.01318762278978389
withness_t0_4ps_coarse_to_12p5ps_fine_to_30ps,sandbox/Drift-Experiment/withness_t0_4ps_coarse_to_12p5ps_fine_to_30ps/timing.dat,PluginElements,1,0.0,0.0,0.0,0.0
withness_t0_4ps_coarse_to_12p5ps_fine_to_30ps,sandbox/Drift-Experiment/withness_t0_4ps_coarse_to_12p5ps_fine_to_30ps/timing.dat,Binaryrepart,1,0.0,0.0,0.0,0.0
withness_t0_4ps_coarse_to_12p5ps_fine_to_30ps,sandbox/Drift-Experiment/withness_t0_4ps_coarse_to_12p5ps_fine_to_30ps/timing.dat,OrbThreader,1,0.06127,0.06127,0.06127,3.0093320235756385e-05
withness_t0_4ps_coarse_to_12p5ps_fine_to_30ps,sandbox/Drift-Experiment/withness_t0_4ps_coarse_to_12p5ps_fine_to_30ps/timing.dat,BB window total,1,1776.0,1776.0,1776.0,0.8722986247544204
withness_t0_4ps_coarse_to_12p5ps_fine_to_30ps,sandbox/Drift-Experiment/withness_t0_4ps_coarse_to_12p5ps_fine_to_30ps/timing.dat,BB entry trans,1,0.0,0.0,0.0,0.0
withness_t0_4ps_coarse_to_12p5ps_fine_to_30ps,sandbox/Drift-Experiment/withness_t0_4ps_coarse_to_12p5ps_fine_to_30ps/timing.dat,BB mesh setup,1,30.67,30.67,30.67,0.01506385068762279
withness_t0_4ps_coarse_to_12p5ps_fine_to_30ps,sandbox/Drift-Experiment/withness_t0_4ps_coarse_to_12p5ps_fine_to_30ps/timing.dat,BB self fields,1,1697.0,1697.0,1697.0,0.8334970530451866
withness_t0_4ps_coarse_to_12p5ps_fine_to_30ps,sandbox/Drift-Experiment/withness_t0_4ps_coarse_to_12p5ps_fine_to_30ps/timing.dat,BB transform back,1,8.798,8.798,8.798,0.004321218074656188
withness_t0_4ps_coarse_to_12p5ps_fine_to_30ps,sandbox/Drift-Experiment/withness_t0_4ps_coarse_to_12p5ps_fine_to_30ps/timing.dat,BB witness gather,1,4.165,4.165,4.165,0.002045677799607073
withness_t0_4ps_coarse_to_12p5ps_fine_to_30ps,sandbox/Drift-Experiment/withness_t0_4ps_coarse_to_12p5ps_fine_to_30ps/timing.dat,BB transition dump,1,0.0,0.0,0.0,0.0
withness_t0_4ps_coarse_to_12p5ps_fine_to_30ps,sandbox/Drift-Experiment/withness_t0_4ps_coarse_to_12p5ps_fine_to_30ps/timing.dat,bDeviceSyncronizati,1,0.002462,0.002462,0.002462,1.2092337917485267e-06
withness_t0_4ps_coarse_to_12p5ps_fine_to_30ps,sandbox/Drift-Experiment/withness_t0_4ps_coarse_to_12p5ps_fine_to_30ps/timing.dat,bHistogramInit,1,2.983,2.983,2.983,0.0014651277013752455
withness_t0_4ps_coarse_to_12p5ps_fine_to_30ps,sandbox/Drift-Experiment/withness_t0_4ps_coarse_to_12p5ps_fine_to_30ps/timing.dat,bMergeBins,1,0.0,0.0,0.0,0.0
withness_t0_4ps_coarse_to_12p5ps_fine_to_30ps,sandbox/Drift-Experiment/withness_t0_4ps_coarse_to_12p5ps_fine_to_30ps/timing.dat,BB CIC scatter,1,899.2,899.2,899.2,0.44165029469548134
withness_t0_4ps_coarse_to_12p5ps_fine_to_30ps,sandbox/Drift-Experiment/withness_t0_4ps_coarse_to_12p5ps_fine_to_30ps/timing.dat,BB halo accum,1,0.01444,0.01444,0.01444,7.092337917485265e-06
withness_t0_4ps_coarse_to_12p5ps_fine_to_30ps,sandbox/Drift-Experiment/withness_t0_4ps_coarse_to_12p5ps_fine_to_30ps/timing.dat,fillHalo,1,0.004952,0.004952,0.004952,2.432220039292731e-06
withness_t0_4ps_coarse_to_12p5ps_fine_to_30ps,sandbox/Drift-Experiment/withness_t0_4ps_coarse_to_12p5ps_fine_to_30ps/timing.dat,gather,1,15.78,15.78,15.78,0.00775049115913556
cain-opalx-reduced-order-model,sandbox/cain-opalx-reduced-order-model/opalx/timing.dat,mainTimer,2,1.692,1.692,1.692,1.0
cain-opalx-reduced-order-model,sandbox/cain-opalx-reduced-order-model/opalx/timing.dat,H5 open close,2,0.4435,0.4429,0.4432,0.2619385342789598
cain-opalx-reduced-order-model,sandbox/cain-opalx-reduced-order-model/opalx/timing.dat,H5 total step,2,0.5599,0.5598,0.5599,0.33091016548463353
cain-opalx-reduced-order-model,sandbox/cain-opalx-reduced-order-model/opalx/timing.dat,H5 step header,2,0.04288,0.04158,0.04223,0.024958628841607565
cain-opalx-reduced-order-model,sandbox/cain-opalx-reduced-order-model/opalx/timing.dat,H5 device host copy,2,0.0005235,0.000469,0.0004962,0.00029326241134751776
cain-opalx-reduced-order-model,sandbox/cain-opalx-reduced-order-model/opalx/timing.dat,H5 dataset write,2,0.09607,0.09547,0.09577,0.0566016548463357
cain-opalx-reduced-order-model,sandbox/cain-opalx-reduced-order-model/opalx/timing.dat,Write Stat,2,0.08141,0.07924,0.08033,0.04747635933806146
cain-opalx-reduced-order-model,sandbox/cain-opalx-reduced-order-model/opalx/timing.dat,findInternal,2,1.792e-06,1.374e-06,1.583e-06,9.35579196217494e-07
cain-opalx-reduced-order-model,sandbox/cain-opalx-reduced-order-model/opalx/timing.dat,findPeriodic,2,8.3e-08,8.3e-08,8.3e-08,4.905437352245863e-08
cain-opalx-reduced-order-model,sandbox/cain-opalx-reduced-order-model/opalx/timing.dat,Initialize,2,0.007318,0.0073,0.007309,0.004319739952718677
cain-opalx-reduced-order-model,sandbox/cain-opalx-reduced-order-model/opalx/timing.dat,Warmup,2,0.002027,0.002023,0.002025,0.0011968085106382979
cain-opalx-reduced-order-model,sandbox/cain-opalx-reduced-order-model/opalx/timing.dat,Green Init,2,0.00504,0.005024,0.005032,0.0029739952718676123
cain-opalx-reduced-order-model,sandbox/cain-opalx-reduced-order-model/opalx/timing.dat,FFT: Green,2,0.02904,0.02746,0.02825,0.016696217494089834
cain-opalx-reduced-order-model,sandbox/cain-opalx-reduced-order-model/opalx/timing.dat,Solve,2,0.6492,0.6483,0.6487,0.3833924349881797
cain-opalx-reduced-order-model,sandbox/cain-opalx-reduced-order-model/opalx/timing.dat,Solve: Physical to,2,0.00458,0.003421,0.004001,0.0023646572104018913
cain-opalx-reduced-order-model,sandbox/cain-opalx-reduced-order-model/opalx/timing.dat,FFT: Rho,2,0.08244,0.07795,0.0802,0.04739952718676123
cain-opalx-reduced-order-model,sandbox/cain-opalx-reduced-order-model/opalx/timing.dat,FFT: Convolution,2,0.08369,0.0808,0.08224,0.048605200945626474
cain-opalx-reduced-order-model,sandbox/cain-opalx-reduced-order-model/opalx/timing.dat,Solve: Double to ph,2,0.004572,0.003753,0.004162,0.0024598108747044918
cain-opalx-reduced-order-model,sandbox/cain-opalx-reduced-order-model/opalx/timing.dat,Solve: Electric fie,2,0.2703,0.2703,0.2703,0.15975177304964538
cain-opalx-reduced-order-model,sandbox/cain-opalx-reduced-order-model/opalx/timing.dat,FFT: Efield,2,0.2398,0.2367,0.2382,0.14078014184397164
cain-opalx-reduced-order-model,sandbox/cain-opalx-reduced-order-model/opalx/timing.dat,Efield: double to p,2,0.01304,0.01069,0.01187,0.0070153664302600475
cain-opalx-reduced-order-model,sandbox/cain-opalx-reduced-order-model/opalx/timing.dat,samplingTime,2,0.01709,0.01691,0.017,0.01004728132387707
cain-opalx-reduced-order-model,sandbox/cain-opalx-reduced-order-model/opalx/timing.dat,Sampling,2,0.003621,0.003617,0.003619,0.002138888888888889
cain-opalx-reduced-order-model,sandbox/cain-opalx-reduced-order-model/opalx/timing.dat,particleBC,2,0.003464,0.003401,0.003432,0.002028368794326241
cain-opalx-reduced-order-model,sandbox/cain-opalx-reduced-order-model/opalx/timing.dat,updateParticle,2,0.01667,0.01648,0.01658,0.00979905437352246
cain-opalx-reduced-order-model,sandbox/cain-opalx-reduced-order-model/opalx/timing.dat,locateParticles,2,0.01012,0.01012,0.01012,0.005981087470449173
cain-opalx-reduced-order-model,sandbox/cain-opalx-reduced-order-model/opalx/timing.dat,sendPreprocess,2,0.002295,0.00229,0.002293,0.0013552009456264775
cain-opalx-reduced-order-model,sandbox/cain-opalx-reduced-order-model/opalx/timing.dat,particleSend,2,0.0007826,0.0006568,0.0007197,0.000425354609929078
cain-opalx-reduced-order-model,sandbox/cain-opalx-reduced-order-model/opalx/timing.dat,particleRecv,2,0.0001615,0.0001198,0.0001406,8.309692671394799e-05
cain-opalx-reduced-order-model,sandbox/cain-opalx-reduced-order-model/opalx/timing.dat,particleDestroy,2,0.0008546,0.00065,0.0007523,0.00044462174940898346
cain-opalx-reduced-order-model,sandbox/cain-opalx-reduced-order-model/opalx/timing.dat,particleWait,2,0.0006687,0.0005842,0.0006264,0.00037021276595744685
cain-opalx-reduced-order-model,sandbox/cain-opalx-reduced-order-model/opalx/timing.dat,particleFreeBuffers,2,9.234e-05,8.531e-05,8.883e-05,5.25e-05
cain-opalx-reduced-order-model,sandbox/cain-opalx-reduced-order-model/opalx/timing.dat,particleDeserialize,2,0.0008874,0.000877,0.0008822,0.0005213947990543736
cain-opalx-reduced-order-model,sandbox/cain-opalx-reduced-order-model/opalx/timing.dat,particleDeserResize,2,0.0002671,0.0001555,0.0002113,0.00012488179669030734
cain-opalx-reduced-order-model,sandbox/cain-opalx-reduced-order-model/opalx/timing.dat,particleDeserCopy,2,0.0005595,0.0004228,0.0004912,0.00029030732860520095
cain-opalx-reduced-order-model,sandbox/cain-opalx-reduced-order-model/opalx/timing.dat,computeMoments,2,0.05277,0.05272,0.05274,0.03117021276595745
cain-opalx-reduced-order-model,sandbox/cain-opalx-reduced-order-model/opalx/timing.dat,TIntegration1,2,0.004847,0.004842,0.004844,0.0028628841607565014
cain-opalx-reduced-order-model,sandbox/cain-opalx-reduced-order-model/opalx/timing.dat,TIntegration2,2,0.01185,0.0118,0.01182,0.00698581560283688
cain-opalx-reduced-order-model,sandbox/cain-opalx-reduced-order-model/opalx/timing.dat,External field eval,2,0.018,0.01718,0.01759,0.01039598108747045
cain-opalx-reduced-order-model,sandbox/cain-opalx-reduced-order-model/opalx/timing.dat,Binaryrepart,2,0.0,0.0,0.0,0.0
cain-opalx-reduced-order-model,sandbox/cain-opalx-reduced-order-model/opalx/timing.dat,OrbThreader,2,0.001515,0.0007538,0.001134,0.0006702127659574469
cain-opalx-reduced-order-model,sandbox/cain-opalx-reduced-order-model/opalx/timing.dat,BB window total,2,0.3918,0.3918,0.3918,0.23156028368794326
cain-opalx-reduced-order-model,sandbox/cain-opalx-reduced-order-model/opalx/timing.dat,BB entry trans,2,0.0,0.0,0.0,0.0
cain-opalx-reduced-order-model,sandbox/cain-opalx-reduced-order-model/opalx/timing.dat,BB mesh setup,2,0.02087,0.02086,0.02087,0.01233451536643026
cain-opalx-reduced-order-model,sandbox/cain-opalx-reduced-order-model/opalx/timing.dat,BB self fields,2,0.3532,0.3532,0.3532,0.2087470449172577
cain-opalx-reduced-order-model,sandbox/cain-opalx-reduced-order-model/opalx/timing.dat,BB transform back,2,0.003243,0.003231,0.003237,0.0019131205673758864
cain-opalx-reduced-order-model,sandbox/cain-opalx-reduced-order-model/opalx/timing.dat,BB witness gather,2,0.00188,0.001644,0.001762,0.001041371158392435
cain-opalx-reduced-order-model,sandbox/cain-opalx-reduced-order-model/opalx/timing.dat,BB transition dump,2,0.0,0.0,0.0,0.0
cain-opalx-reduced-order-model,sandbox/cain-opalx-reduced-order-model/opalx/timing.dat,scatter,2,0.01908,0.01907,0.01907,0.011270685579196218
cain-opalx-reduced-order-model,sandbox/cain-opalx-reduced-order-model/opalx/timing.dat,accumulateHalo,2,0.002228,0.002128,0.002178,0.0012872340425531914
cain-opalx-reduced-order-model,sandbox/cain-opalx-reduced-order-model/opalx/timing.dat,fillHalo,2,0.003535,0.002932,0.003233,0.0019107565011820334
cain-opalx-reduced-order-model,sandbox/cain-opalx-reduced-order-model/opalx/timing.dat,gather,2,0.00624,0.006235,0.006238,0.0036867612293144205
timing_pairs/pair1,sandbox/track12particles/opalx/timing_pairs/pair1/timing.dat,mainTimer,1,42.21,42.21,42.21,1.0
timing_pairs/pair1,sandbox/track12particles/opalx/timing_pairs/pair1/timing.dat,Write Stat,1,0.02831,0.02831,0.02831,0.0006706941483060885
timing_pairs/pair1,sandbox/track12particles/opalx/timing_pairs/pair1/timing.dat,Write H5-File,1,0.06203,0.06203,0.06203,0.0014695569770196636
timing_pairs/pair1,sandbox/track12particles/opalx/timing_pairs/pair1/timing.dat,bInitLimits,1,0.01213,0.01213,0.01213,0.0002873726605069889
timing_pairs/pair1,sandbox/track12particles/opalx/timing_pairs/pair1/timing.dat,bAllReduceLimits,1,2.475e-05,2.475e-05,2.475e-05,5.863539445628998e-07
timing_pairs/pair1,sandbox/track12particles/opalx/timing_pairs/pair1/timing.dat,bAllReduceGlobalHis,1,4.408e-05,4.408e-05,4.408e-05,1.0443022980336412e-06
timing_pairs/pair1,sandbox/track12particles/opalx/timing_pairs/pair1/timing.dat,bAssignUniformBins,1,0.02967,0.02967,0.02967,0.0007029140014214641
timing_pairs/pair1,sandbox/track12particles/opalx/timing_pairs/pair1/timing.dat,bExecuteHistoReduct,1,0.00947,0.00947,0.00947,0.0002243544183842691
timing_pairs/pair1,sandbox/track12particles/opalx/timing_pairs/pair1/timing.dat,bSortContainerByBin,1,0.3465,0.3465,0.3465,0.008208955223880597
timing_pairs/pair1,sandbox/track12particles/opalx/timing_pairs/pair1/timing.dat,bVerifySorting,1,0.0,0.0,0.0,0.0
timing_pairs/pair1,sandbox/track12particles/opalx/timing_pairs/pair1/timing.dat,Initialize,1,1.452,1.452,1.452,0.034399431414356786
timing_pairs/pair1,sandbox/track12particles/opalx/timing_pairs/pair1/timing.dat,Initialize: extra H,1,0.04145,0.04145,0.04145,0.0009819947879649371
timing_pairs/pair1,sandbox/track12particles/opalx/timing_pairs/pair1/timing.dat,Warmup,1,0.9098,0.9098,0.9098,0.021554134091447526
timing_pairs/pair1,sandbox/track12particles/opalx/timing_pairs/pair1/timing.dat,Green Init,1,0.4945,0.4945,0.4945,0.011715233357024402
timing_pairs/pair1,sandbox/track12particles/opalx/timing_pairs/pair1/timing.dat,FFT: Green,1,5.446,5.446,5.446,0.12902155887230513
timing_pairs/pair1,sandbox/track12particles/opalx/timing_pairs/pair1/timing.dat,Solve,1,33.99,33.99,33.99,0.8052594171997157
timing_pairs/pair1,sandbox/track12particles/opalx/timing_pairs/pair1/timing.dat,Solve: Physical to,1,0.02114,0.02114,0.02114,0.0005008291873963515
timing_pairs/pair1,sandbox/track12particles/opalx/timing_pairs/pair1/timing.dat,FFT: Rho,1,5.42,5.42,5.42,0.12840559109215824
timing_pairs/pair1,sandbox/track12particles/opalx/timing_pairs/pair1/timing.dat,FFT: Convolution,1,5.483,5.483,5.483,0.1298981284055911
timing_pairs/pair1,sandbox/track12particles/opalx/timing_pairs/pair1/timing.dat,Solve: Double to ph,1,0.02097,0.02097,0.02097,0.0004968017057569296
timing_pairs/pair1,sandbox/track12particles/opalx/timing_pairs/pair1/timing.dat,Solve: Electric fie,1,17.4,17.4,17.4,0.4122245913290689
timing_pairs/pair1,sandbox/track12particles/opalx/timing_pairs/pair1/timing.dat,FFT: Efield,1,16.47,16.47,16.47,0.3901918976545842
timing_pairs/pair1,sandbox/track12particles/opalx/timing_pairs/pair1/timing.dat,Efield: double to p,1,0.06559,0.06559,0.06559,0.0015538971807628522
timing_pairs/pair1,sandbox/track12particles/opalx/timing_pairs/pair1/timing.dat,samplingTime,1,0.1126,0.1126,0.1126,0.002667614309405354
timing_pairs/pair1,sandbox/track12particles/opalx/timing_pairs/pair1/timing.dat,Sampling,1,0.1116,0.1116,0.1116,0.0026439232409381664
timing_pairs/pair1,sandbox/track12particles/opalx/timing_pairs/pair1/timing.dat,particleBC,1,0.03806,0.03806,0.03806,0.0009016820658611703
timing_pairs/pair1,sandbox/track12particles/opalx/timing_pairs/pair1/timing.dat,updateParticle,1,0.0,0.0,0.0,0.0
timing_pairs/pair1,sandbox/track12particles/opalx/timing_pairs/pair1/timing.dat,computeMoments,1,0.5634,0.5634,0.5634,0.013347547974413647
timing_pairs/pair1,sandbox/track12particles/opalx/timing_pairs/pair1/timing.dat,TIntegration1,1,0.09659,0.09659,0.09659,0.0022883203032456763
timing_pairs/pair1,sandbox/track12particles/opalx/timing_pairs/pair1/timing.dat,TIntegration2,1,0.3216,0.3216,0.3216,0.007619047619047619
timing_pairs/pair1,sandbox/track12particles/opalx/timing_pairs/pair1/timing.dat,External field eval,1,0.406,0.406,0.406,0.009618573797678276
timing_pairs/pair1,sandbox/track12particles/opalx/timing_pairs/pair1/timing.dat,PluginElements,1,0.0,0.0,0.0,0.0
timing_pairs/pair1,sandbox/track12particles/opalx/timing_pairs/pair1/timing.dat,Binaryrepart,1,0.0,0.0,0.0,0.0
timing_pairs/pair1,sandbox/track12particles/opalx/timing_pairs/pair1/timing.dat,OrbThreader,1,0.3042,0.3042,0.3042,0.007206823027718551
timing_pairs/pair1,sandbox/track12particles/opalx/timing_pairs/pair1/timing.dat,BB window total,1,35.32,35.32,35.32,0.8367685382610756
timing_pairs/pair1,sandbox/track12particles/opalx/timing_pairs/pair1/timing.dat,BB entry trans,1,3.139,3.139,3.139,0.07436626391850272
timing_pairs/pair1,sandbox/track12particles/opalx/timing_pairs/pair1/timing.dat,BB mesh setup,1,0.2987,0.2987,0.2987,0.007076522151149017
timing_pairs/pair1,sandbox/track12particles/opalx/timing_pairs/pair1/timing.dat,BB self fields,1,31.28,31.28,31.28,0.7410566216536366
timing_pairs/pair1,sandbox/track12particles/opalx/timing_pairs/pair1/timing.dat,BB transform back,1,0.1483,0.1483,0.1483,0.0035133854536839606
timing_pairs/pair1,sandbox/track12particles/opalx/timing_pairs/pair1/timing.dat,BB witness gather,1,0.005536,0.005536,0.005536,0.00013115375503435205
timing_pairs/pair1,sandbox/track12particles/opalx/timing_pairs/pair1/timing.dat,BB transition dump,1,0.01009,0.01009,0.01009,0.0002390428808339256
timing_pairs/pair1,sandbox/track12particles/opalx/timing_pairs/pair1/timing.dat,bDeviceSyncronizati,1,2.745e-05,2.745e-05,2.745e-05,6.50319829424307e-07
timing_pairs/pair1,sandbox/track12particles/opalx/timing_pairs/pair1/timing.dat,bHistogramInit,1,0.004105,0.004105,0.004105,9.72518360578062e-05
timing_pairs/pair1,sandbox/track12particles/opalx/timing_pairs/pair1/timing.dat,bMergeBins,1,0.0,0.0,0.0,0.0
timing_pairs/pair1,sandbox/track12particles/opalx/timing_pairs/pair1/timing.dat,BB CIC scatter,1,1.011,1.011,1.011,0.023951670220326935
timing_pairs/pair1,sandbox/track12particles/opalx/timing_pairs/pair1/timing.dat,BB halo accum,1,0.0001027,0.0001027,0.0001027,2.433072731580194e-06
timing_pairs/pair1,sandbox/track12particles/opalx/timing_pairs/pair1/timing.dat,fillHalo,1,2.859e-05,2.859e-05,2.859e-05,6.773276474769011e-07
timing_pairs/pair1,sandbox/track12particles/opalx/timing_pairs/pair1/timing.dat,gather,1,1.281,1.281,1.281,0.030348258706467658
