variable,fixed_variable,fixed_value,richardson_levels,coarse,fine,metric,order
dt_s,epsilon,1.000000000000e-06,0,3.000000000000e-11,1.000000000000e-11,scaled_max_error,1.955715188980e+00
dt_s,epsilon,1.000000000000e-06,0,3.000000000000e-11,1.000000000000e-11,abs_R16,1.965411516404e+00
dt_s,epsilon,1.000000000000e-06,0,3.000000000000e-11,1.000000000000e-11,abs_R26,1.964189797152e+00
dt_s,epsilon,1.000000000000e-06,0,3.000000000000e-11,1.000000000000e-11,difference_from_finest_dt,1.955666103183e+00
dt_s,epsilon,1.000000000000e-06,0,1.000000000000e-11,3.000000000000e-12,scaled_max_error,2.001432492137e+00
dt_s,epsilon,1.000000000000e-06,0,1.000000000000e-11,3.000000000000e-12,abs_R16,1.977690519654e+00
dt_s,epsilon,1.000000000000e-06,0,1.000000000000e-11,3.000000000000e-12,abs_R26,1.910367256534e+00
dt_s,epsilon,1.000000000000e-06,0,1.000000000000e-11,3.000000000000e-12,difference_from_finest_dt,1.327968864166e+00
dt_s,epsilon,1.000000000000e-06,0,3.000000000000e-12,1.000000000000e-12,scaled_max_error,1.536067252036e+00
dt_s,epsilon,1.000000000000e-06,0,3.000000000000e-12,1.000000000000e-12,abs_R16,2.494262100813e+00
dt_s,epsilon,1.000000000000e-06,0,3.000000000000e-12,1.000000000000e-12,abs_R26,2.554419489927e+00
dt_s,epsilon,1.000000000000e-06,0,3.000000000000e-12,1.000000000000e-12,difference_from_finest_dt,2.849672336522e-01
dt_s,epsilon,1.000000000000e-06,0,1.000000000000e-12,3.000000000000e-13,scaled_max_error,-1.423699371361e+00
dt_s,epsilon,1.000000000000e-06,0,1.000000000000e-12,3.000000000000e-13,abs_R16,-1.992851546823e+00
dt_s,epsilon,1.000000000000e-06,0,1.000000000000e-12,3.000000000000e-13,abs_R26,-1.510188455400e+00
dt_s,epsilon,1.000000000000e-06,0,1.000000000000e-12,3.000000000000e-13,difference_from_finest_dt,-3.720672613753e-01
dt_s,epsilon,1.000000000000e-06,0,3.000000000000e-13,1.000000000000e-13,scaled_max_error,-4.409709864654e-01
dt_s,epsilon,1.000000000000e-06,0,3.000000000000e-13,1.000000000000e-13,abs_R16,-1.762174160064e+00
dt_s,epsilon,1.000000000000e-06,0,3.000000000000e-13,1.000000000000e-13,abs_R26,-1.264912127979e+00
dt_s,epsilon,3.000000000000e-06,0,3.000000000000e-11,1.000000000000e-11,scaled_max_error,1.960055099535e+00
dt_s,epsilon,3.000000000000e-06,0,3.000000000000e-11,1.000000000000e-11,abs_R16,1.970434784899e+00
dt_s,epsilon,3.000000000000e-06,0,3.000000000000e-11,1.000000000000e-11,abs_R26,1.972091773635e+00
dt_s,epsilon,3.000000000000e-06,0,3.000000000000e-11,1.000000000000e-11,difference_from_finest_dt,1.960004836853e+00
dt_s,epsilon,3.000000000000e-06,0,1.000000000000e-11,3.000000000000e-12,scaled_max_error,1.997444719227e+00
dt_s,epsilon,3.000000000000e-06,0,1.000000000000e-11,3.000000000000e-12,abs_R16,1.984657117560e+00
dt_s,epsilon,3.000000000000e-06,0,1.000000000000e-11,3.000000000000e-12,abs_R26,2.059454988827e+00
dt_s,epsilon,3.000000000000e-06,0,1.000000000000e-11,3.000000000000e-12,difference_from_finest_dt,1.827384490312e+00
dt_s,epsilon,3.000000000000e-06,0,3.000000000000e-12,1.000000000000e-12,scaled_max_error,2.009324107450e+00
dt_s,epsilon,3.000000000000e-06,0,3.000000000000e-12,1.000000000000e-12,abs_R16,1.750008470082e+00
dt_s,epsilon,3.000000000000e-06,0,3.000000000000e-12,1.000000000000e-12,abs_R26,1.998431900243e+00
dt_s,epsilon,3.000000000000e-06,0,3.000000000000e-12,1.000000000000e-12,difference_from_finest_dt,7.887434563258e-01
dt_s,epsilon,3.000000000000e-06,0,1.000000000000e-12,3.000000000000e-13,scaled_max_error,-4.368528832638e-01
dt_s,epsilon,3.000000000000e-06,0,1.000000000000e-12,3.000000000000e-13,abs_R16,-1.112008794233e+00
dt_s,epsilon,3.000000000000e-06,0,1.000000000000e-12,3.000000000000e-13,abs_R26,-1.741962901331e+00
dt_s,epsilon,3.000000000000e-06,0,1.000000000000e-12,3.000000000000e-13,difference_from_finest_dt,2.583908141569e-02
dt_s,epsilon,3.000000000000e-06,0,3.000000000000e-13,1.000000000000e-13,scaled_max_error,-8.699884900350e-01
dt_s,epsilon,3.000000000000e-06,0,3.000000000000e-13,1.000000000000e-13,abs_R16,1.722550692025e+00
dt_s,epsilon,3.000000000000e-06,0,3.000000000000e-13,1.000000000000e-13,abs_R26,-8.073958572651e-01
dt_s,epsilon,1.000000000000e-05,0,3.000000000000e-11,1.000000000000e-11,scaled_max_error,1.955685357600e+00
dt_s,epsilon,1.000000000000e-05,0,3.000000000000e-11,1.000000000000e-11,abs_R16,1.987031359769e+00
dt_s,epsilon,1.000000000000e-05,0,3.000000000000e-11,1.000000000000e-11,abs_R26,1.989819983461e+00
dt_s,epsilon,1.000000000000e-05,0,3.000000000000e-11,1.000000000000e-11,difference_from_finest_dt,1.955628132518e+00
dt_s,epsilon,1.000000000000e-05,0,1.000000000000e-11,3.000000000000e-12,scaled_max_error,2.001516095880e+00
dt_s,epsilon,1.000000000000e-05,0,1.000000000000e-11,3.000000000000e-12,abs_R16,1.976191230917e+00
dt_s,epsilon,1.000000000000e-05,0,1.000000000000e-11,3.000000000000e-12,abs_R26,1.996610635108e+00
dt_s,epsilon,1.000000000000e-05,0,1.000000000000e-11,3.000000000000e-12,difference_from_finest_dt,2.000917431671e+00
dt_s,epsilon,1.000000000000e-05,0,3.000000000000e-12,1.000000000000e-12,scaled_max_error,2.010077632736e+00
dt_s,epsilon,1.000000000000e-05,0,3.000000000000e-12,1.000000000000e-12,abs_R16,1.896510765831e+00
dt_s,epsilon,1.000000000000e-05,0,3.000000000000e-12,1.000000000000e-12,abs_R26,1.729064771667e+00
dt_s,epsilon,1.000000000000e-05,0,3.000000000000e-12,1.000000000000e-12,difference_from_finest_dt,1.905587620006e+00
dt_s,epsilon,1.000000000000e-05,0,1.000000000000e-12,3.000000000000e-13,scaled_max_error,1.441609161371e-01
dt_s,epsilon,1.000000000000e-05,0,1.000000000000e-12,3.000000000000e-13,abs_R16,2.127715669044e+00
dt_s,epsilon,1.000000000000e-05,0,1.000000000000e-12,3.000000000000e-13,abs_R26,-3.353888250389e-01
dt_s,epsilon,1.000000000000e-05,0,1.000000000000e-12,3.000000000000e-13,difference_from_finest_dt,-3.129905613207e-01
dt_s,epsilon,1.000000000000e-05,0,3.000000000000e-13,1.000000000000e-13,scaled_max_error,3.653531625719e-02
dt_s,epsilon,1.000000000000e-05,0,3.000000000000e-13,1.000000000000e-13,abs_R16,-1.766220224539e+00
dt_s,epsilon,1.000000000000e-05,0,3.000000000000e-13,1.000000000000e-13,abs_R26,-1.929138098299e-01
dt_s,epsilon,3.000000000000e-05,0,3.000000000000e-11,1.000000000000e-11,scaled_max_error,1.955788298058e+00
dt_s,epsilon,3.000000000000e-05,0,3.000000000000e-11,1.000000000000e-11,abs_R16,1.987196254353e+00
dt_s,epsilon,3.000000000000e-05,0,3.000000000000e-11,1.000000000000e-11,abs_R26,1.989653896658e+00
dt_s,epsilon,3.000000000000e-05,0,3.000000000000e-11,1.000000000000e-11,difference_from_finest_dt,1.955666253949e+00
dt_s,epsilon,3.000000000000e-05,0,1.000000000000e-11,3.000000000000e-12,scaled_max_error,2.002374890891e+00
dt_s,epsilon,3.000000000000e-05,0,1.000000000000e-11,3.000000000000e-12,abs_R16,1.988118412307e+00
dt_s,epsilon,3.000000000000e-05,0,1.000000000000e-11,3.000000000000e-12,abs_R26,1.989220185660e+00
dt_s,epsilon,3.000000000000e-05,0,1.000000000000e-11,3.000000000000e-12,difference_from_finest_dt,2.001097253722e+00
dt_s,epsilon,3.000000000000e-05,0,3.000000000000e-12,1.000000000000e-12,scaled_max_error,2.016543431082e+00
dt_s,epsilon,3.000000000000e-05,0,3.000000000000e-12,1.000000000000e-12,abs_R16,2.096028794682e+00
dt_s,epsilon,3.000000000000e-05,0,3.000000000000e-12,1.000000000000e-12,abs_R26,1.940922372448e+00
dt_s,epsilon,3.000000000000e-05,0,3.000000000000e-12,1.000000000000e-12,difference_from_finest_dt,2.004079221119e+00
dt_s,epsilon,3.000000000000e-05,0,1.000000000000e-12,3.000000000000e-13,scaled_max_error,1.605165608096e+00
dt_s,epsilon,3.000000000000e-05,0,1.000000000000e-12,3.000000000000e-13,abs_R16,1.149231199529e+00
dt_s,epsilon,3.000000000000e-05,0,1.000000000000e-12,3.000000000000e-13,abs_R26,1.036268019366e+00
dt_s,epsilon,3.000000000000e-05,0,1.000000000000e-12,3.000000000000e-13,difference_from_finest_dt,2.888175532842e-01
dt_s,epsilon,3.000000000000e-05,0,3.000000000000e-13,1.000000000000e-13,scaled_max_error,-1.461475616117e+00
dt_s,epsilon,3.000000000000e-05,0,3.000000000000e-13,1.000000000000e-13,abs_R16,2.411364274033e-02
dt_s,epsilon,3.000000000000e-05,0,3.000000000000e-13,1.000000000000e-13,abs_R26,-3.970077494707e-01
dt_s,epsilon,1.000000000000e-04,0,3.000000000000e-11,1.000000000000e-11,scaled_max_error,1.956528247608e+00
dt_s,epsilon,1.000000000000e-04,0,3.000000000000e-11,1.000000000000e-11,abs_R16,1.986643061690e+00
dt_s,epsilon,1.000000000000e-04,0,3.000000000000e-11,1.000000000000e-11,abs_R26,1.989049644580e+00
dt_s,epsilon,1.000000000000e-04,0,3.000000000000e-11,1.000000000000e-11,difference_from_finest_dt,1.955665500293e+00
dt_s,epsilon,1.000000000000e-04,0,1.000000000000e-11,3.000000000000e-12,scaled_max_error,2.010153211072e+00
dt_s,epsilon,1.000000000000e-04,0,1.000000000000e-11,3.000000000000e-12,abs_R16,1.983047442788e+00
dt_s,epsilon,1.000000000000e-04,0,1.000000000000e-11,3.000000000000e-12,abs_R26,1.981624245938e+00
dt_s,epsilon,1.000000000000e-04,0,1.000000000000e-11,3.000000000000e-12,difference_from_finest_dt,2.001075512997e+00
dt_s,epsilon,1.000000000000e-04,0,3.000000000000e-12,1.000000000000e-12,scaled_max_error,2.096989287153e+00
dt_s,epsilon,1.000000000000e-04,0,3.000000000000e-12,1.000000000000e-12,abs_R16,1.892310007066e+00
dt_s,epsilon,1.000000000000e-04,0,3.000000000000e-12,1.000000000000e-12,abs_R26,1.924325014561e+00
dt_s,epsilon,1.000000000000e-04,0,3.000000000000e-12,1.000000000000e-12,difference_from_finest_dt,1.994667533197e+00
dt_s,epsilon,1.000000000000e-04,0,1.000000000000e-12,3.000000000000e-13,scaled_max_error,1.692718355424e+00
dt_s,epsilon,1.000000000000e-04,0,1.000000000000e-12,3.000000000000e-13,abs_R16,2.103215872006e+00
dt_s,epsilon,1.000000000000e-04,0,1.000000000000e-12,3.000000000000e-13,abs_R26,8.657182442561e-01
dt_s,epsilon,1.000000000000e-04,0,1.000000000000e-12,3.000000000000e-13,difference_from_finest_dt,1.181953875424e+00
dt_s,epsilon,1.000000000000e-04,0,3.000000000000e-13,1.000000000000e-13,scaled_max_error,-4.040209191176e-01
dt_s,epsilon,1.000000000000e-04,0,3.000000000000e-13,1.000000000000e-13,abs_R16,5.740434795271e-01
dt_s,epsilon,1.000000000000e-04,0,3.000000000000e-13,1.000000000000e-13,abs_R26,8.800143552773e-02
dt_s,epsilon,3.000000000000e-04,0,3.000000000000e-11,1.000000000000e-11,scaled_max_error,1.962846130255e+00
dt_s,epsilon,3.000000000000e-04,0,3.000000000000e-11,1.000000000000e-11,abs_R16,1.981424036393e+00
dt_s,epsilon,3.000000000000e-04,0,3.000000000000e-11,1.000000000000e-11,abs_R26,1.984621615187e+00
dt_s,epsilon,3.000000000000e-04,0,3.000000000000e-11,1.000000000000e-11,difference_from_finest_dt,1.955443103975e+00
dt_s,epsilon,3.000000000000e-04,0,1.000000000000e-11,3.000000000000e-12,scaled_max_error,2.082196612929e+00
dt_s,epsilon,3.000000000000e-04,0,1.000000000000e-11,3.000000000000e-12,abs_R16,1.931434180170e+00
dt_s,epsilon,3.000000000000e-04,0,1.000000000000e-11,3.000000000000e-12,abs_R26,1.938743005226e+00
dt_s,epsilon,3.000000000000e-04,0,1.000000000000e-11,3.000000000000e-12,difference_from_finest_dt,2.000614474384e+00
dt_s,epsilon,3.000000000000e-04,0,3.000000000000e-12,1.000000000000e-12,scaled_max_error,1.620739471532e+00
dt_s,epsilon,3.000000000000e-04,0,3.000000000000e-12,1.000000000000e-12,abs_R16,1.567504327053e+00
dt_s,epsilon,3.000000000000e-04,0,3.000000000000e-12,1.000000000000e-12,abs_R26,1.625858299837e+00
dt_s,epsilon,3.000000000000e-04,0,3.000000000000e-12,1.000000000000e-12,difference_from_finest_dt,2.004318546449e+00
dt_s,epsilon,3.000000000000e-04,0,1.000000000000e-12,3.000000000000e-13,scaled_max_error,4.055561673281e-01
dt_s,epsilon,3.000000000000e-04,0,1.000000000000e-12,3.000000000000e-13,abs_R16,6.369951607364e-01
dt_s,epsilon,3.000000000000e-04,0,1.000000000000e-12,3.000000000000e-13,abs_R26,6.116933680467e-01
dt_s,epsilon,3.000000000000e-04,0,1.000000000000e-12,3.000000000000e-13,difference_from_finest_dt,2.087301169964e+00
dt_s,epsilon,3.000000000000e-04,0,3.000000000000e-13,1.000000000000e-13,scaled_max_error,-8.381078461157e-02
dt_s,epsilon,3.000000000000e-04,0,3.000000000000e-13,1.000000000000e-13,abs_R16,6.642960507288e-02
dt_s,epsilon,3.000000000000e-04,0,3.000000000000e-13,1.000000000000e-13,abs_R26,2.631349093197e-01
dt_s,epsilon,1.000000000000e-03,0,3.000000000000e-11,1.000000000000e-11,scaled_max_error,2.041913960391e+00
dt_s,epsilon,1.000000000000e-03,0,3.000000000000e-11,1.000000000000e-11,abs_R16,1.924698944131e+00
dt_s,epsilon,1.000000000000e-03,0,3.000000000000e-11,1.000000000000e-11,abs_R26,1.936160210724e+00
dt_s,epsilon,1.000000000000e-03,0,3.000000000000e-11,1.000000000000e-11,difference_from_finest_dt,1.955664914380e+00
dt_s,epsilon,1.000000000000e-03,0,1.000000000000e-11,3.000000000000e-12,scaled_max_error,1.583947202018e+00
dt_s,epsilon,1.000000000000e-03,0,1.000000000000e-11,3.000000000000e-12,abs_R16,1.525997458205e+00
dt_s,epsilon,1.000000000000e-03,0,1.000000000000e-11,3.000000000000e-12,abs_R26,1.577676530529e+00
dt_s,epsilon,1.000000000000e-03,0,1.000000000000e-11,3.000000000000e-12,difference_from_finest_dt,2.001089662877e+00
dt_s,epsilon,1.000000000000e-03,0,3.000000000000e-12,1.000000000000e-12,scaled_max_error,3.469246802501e-01
dt_s,epsilon,1.000000000000e-03,0,3.000000000000e-12,1.000000000000e-12,abs_R16,5.767860071195e-01
dt_s,epsilon,1.000000000000e-03,0,3.000000000000e-12,1.000000000000e-12,abs_R26,6.415805710564e-01
dt_s,epsilon,1.000000000000e-03,0,3.000000000000e-12,1.000000000000e-12,difference_from_finest_dt,2.004004806697e+00
dt_s,epsilon,1.000000000000e-03,0,1.000000000000e-12,3.000000000000e-13,scaled_max_error,-7.930574734341e-02
dt_s,epsilon,1.000000000000e-03,0,1.000000000000e-12,3.000000000000e-13,abs_R16,8.751556570526e-02
dt_s,epsilon,1.000000000000e-03,0,1.000000000000e-12,3.000000000000e-13,abs_R26,1.024488862151e-01
dt_s,epsilon,1.000000000000e-03,0,1.000000000000e-12,3.000000000000e-13,difference_from_finest_dt,2.086251832508e+00
dt_s,epsilon,1.000000000000e-03,0,3.000000000000e-13,1.000000000000e-13,scaled_max_error,-7.288766592847e-03
dt_s,epsilon,1.000000000000e-03,0,3.000000000000e-13,1.000000000000e-13,abs_R16,1.184766923114e-02
dt_s,epsilon,1.000000000000e-03,0,3.000000000000e-13,1.000000000000e-13,abs_R26,1.592946045472e-02
dt_s,epsilon,3.000000000000e-03,0,3.000000000000e-11,1.000000000000e-11,scaled_max_error,1.584557113026e+00
dt_s,epsilon,3.000000000000e-03,0,3.000000000000e-11,1.000000000000e-11,abs_R16,1.560942380731e+00
dt_s,epsilon,3.000000000000e-03,0,3.000000000000e-11,1.000000000000e-11,abs_R26,1.612772701918e+00
dt_s,epsilon,3.000000000000e-03,0,3.000000000000e-11,1.000000000000e-11,difference_from_finest_dt,1.955661341563e+00
dt_s,epsilon,3.000000000000e-03,0,1.000000000000e-11,3.000000000000e-12,scaled_max_error,4.104646536787e-01
dt_s,epsilon,3.000000000000e-03,0,1.000000000000e-11,3.000000000000e-12,abs_R16,6.196512333754e-01
dt_s,epsilon,3.000000000000e-03,0,1.000000000000e-11,3.000000000000e-12,abs_R26,6.850965447834e-01
dt_s,epsilon,3.000000000000e-03,0,1.000000000000e-11,3.000000000000e-12,difference_from_finest_dt,2.000914242980e+00
dt_s,epsilon,3.000000000000e-03,0,3.000000000000e-12,1.000000000000e-12,scaled_max_error,-8.471037195049e-02
dt_s,epsilon,3.000000000000e-03,0,3.000000000000e-12,1.000000000000e-12,abs_R16,9.443839764215e-02
dt_s,epsilon,3.000000000000e-03,0,3.000000000000e-12,1.000000000000e-12,abs_R26,1.101454705170e-01
dt_s,epsilon,3.000000000000e-03,0,3.000000000000e-12,1.000000000000e-12,difference_from_finest_dt,2.004196435776e+00
dt_s,epsilon,3.000000000000e-03,0,1.000000000000e-12,3.000000000000e-13,scaled_max_error,-8.391547251482e-03
dt_s,epsilon,3.000000000000e-03,0,1.000000000000e-12,3.000000000000e-13,abs_R16,1.043665237685e-02
dt_s,epsilon,3.000000000000e-03,0,1.000000000000e-12,3.000000000000e-13,abs_R26,1.235568634909e-02
dt_s,epsilon,3.000000000000e-03,0,1.000000000000e-12,3.000000000000e-13,difference_from_finest_dt,2.086460524818e+00
dt_s,epsilon,3.000000000000e-03,0,3.000000000000e-13,1.000000000000e-13,scaled_max_error,-8.072289104124e-04
dt_s,epsilon,3.000000000000e-03,0,3.000000000000e-13,1.000000000000e-13,abs_R16,1.012185397279e-03
dt_s,epsilon,3.000000000000e-03,0,3.000000000000e-13,1.000000000000e-13,abs_R26,1.114635079494e-03
dt_s,epsilon,1.000000000000e-02,0,3.000000000000e-11,1.000000000000e-11,scaled_max_error,3.351194530032e-01
dt_s,epsilon,1.000000000000e-02,0,3.000000000000e-11,1.000000000000e-11,abs_R16,5.677583642436e-01
dt_s,epsilon,1.000000000000e-02,0,3.000000000000e-11,1.000000000000e-11,abs_R26,6.327978972026e-01
dt_s,epsilon,1.000000000000e-02,0,3.000000000000e-11,1.000000000000e-11,difference_from_finest_dt,1.960032464451e+00
dt_s,epsilon,1.000000000000e-02,0,1.000000000000e-11,3.000000000000e-12,scaled_max_error,-7.867703475727e-02
dt_s,epsilon,1.000000000000e-02,0,1.000000000000e-11,3.000000000000e-12,abs_R16,8.744503723254e-02
dt_s,epsilon,1.000000000000e-02,0,1.000000000000e-11,3.000000000000e-12,abs_R26,1.019780164530e-01
dt_s,epsilon,1.000000000000e-02,0,1.000000000000e-11,3.000000000000e-12,difference_from_finest_dt,1.996920076314e+00
dt_s,epsilon,1.000000000000e-02,0,3.000000000000e-12,1.000000000000e-12,scaled_max_error,-7.236939149440e-03
dt_s,epsilon,1.000000000000e-02,0,3.000000000000e-12,1.000000000000e-12,abs_R16,9.027230631631e-03
dt_s,epsilon,1.000000000000e-02,0,3.000000000000e-12,1.000000000000e-12,abs_R26,1.063840487491e-02
dt_s,epsilon,1.000000000000e-02,0,3.000000000000e-12,1.000000000000e-12,difference_from_finest_dt,2.004212885734e+00
dt_s,epsilon,1.000000000000e-02,0,1.000000000000e-12,3.000000000000e-13,scaled_max_error,-7.512323404644e-04
dt_s,epsilon,1.000000000000e-02,0,1.000000000000e-12,3.000000000000e-13,abs_R16,9.438083147401e-04
dt_s,epsilon,1.000000000000e-02,0,1.000000000000e-12,3.000000000000e-13,abs_R26,1.112359333289e-03
dt_s,epsilon,1.000000000000e-02,0,1.000000000000e-12,3.000000000000e-13,difference_from_finest_dt,2.086392715819e+00
dt_s,epsilon,1.000000000000e-02,0,3.000000000000e-13,1.000000000000e-13,scaled_max_error,-7.263374399052e-05
dt_s,epsilon,1.000000000000e-02,0,3.000000000000e-13,1.000000000000e-13,abs_R16,9.409248739454e-05
dt_s,epsilon,1.000000000000e-02,0,3.000000000000e-13,1.000000000000e-13,abs_R26,1.173164877134e-04
dt_s,epsilon,3.000000000000e-02,0,3.000000000000e-11,1.000000000000e-11,scaled_max_error,-8.000066081530e-02
dt_s,epsilon,3.000000000000e-02,0,3.000000000000e-11,1.000000000000e-11,abs_R16,9.224995677123e-02
dt_s,epsilon,3.000000000000e-02,0,3.000000000000e-11,1.000000000000e-11,abs_R26,1.078678784112e-01
dt_s,epsilon,3.000000000000e-02,0,3.000000000000e-11,1.000000000000e-11,difference_from_finest_dt,1.954714466393e+00
dt_s,epsilon,3.000000000000e-02,0,1.000000000000e-11,3.000000000000e-12,scaled_max_error,-8.367299916406e-03
dt_s,epsilon,3.000000000000e-02,0,1.000000000000e-11,3.000000000000e-12,abs_R16,1.028940393570e-02
dt_s,epsilon,3.000000000000e-02,0,1.000000000000e-11,3.000000000000e-12,abs_R26,1.211523233185e-02
dt_s,epsilon,3.000000000000e-02,0,1.000000000000e-11,3.000000000000e-12,difference_from_finest_dt,2.001209328678e+00
dt_s,epsilon,3.000000000000e-02,0,3.000000000000e-12,1.000000000000e-12,scaled_max_error,-8.009219481168e-04
dt_s,epsilon,3.000000000000e-02,0,3.000000000000e-12,1.000000000000e-12,abs_R16,1.008955030796e-03
dt_s,epsilon,3.000000000000e-02,0,3.000000000000e-12,1.000000000000e-12,abs_R26,1.190168462945e-03
dt_s,epsilon,3.000000000000e-02,0,3.000000000000e-12,1.000000000000e-12,difference_from_finest_dt,2.004297901934e+00
dt_s,epsilon,3.000000000000e-02,0,1.000000000000e-12,3.000000000000e-13,scaled_max_error,-8.345393963138e-05
dt_s,epsilon,3.000000000000e-02,0,1.000000000000e-12,3.000000000000e-13,abs_R16,1.050746037210e-04
dt_s,epsilon,3.000000000000e-02,0,1.000000000000e-12,3.000000000000e-13,abs_R26,1.239148036083e-04
dt_s,epsilon,3.000000000000e-02,0,1.000000000000e-12,3.000000000000e-13,difference_from_finest_dt,2.085830702685e+00
dt_s,epsilon,3.000000000000e-02,0,3.000000000000e-13,1.000000000000e-13,scaled_max_error,-8.078314949682e-06
dt_s,epsilon,3.000000000000e-02,0,3.000000000000e-13,1.000000000000e-13,abs_R16,1.011980872381e-05
dt_s,epsilon,3.000000000000e-02,0,3.000000000000e-13,1.000000000000e-13,abs_R26,1.198413863622e-05
dt_s,epsilon,1.000000000000e-01,0,3.000000000000e-11,1.000000000000e-11,scaled_max_error,-6.886191028956e-03
dt_s,epsilon,1.000000000000e-01,0,3.000000000000e-11,1.000000000000e-11,abs_R16,8.829579642644e-03
dt_s,epsilon,1.000000000000e-01,0,3.000000000000e-11,1.000000000000e-11,abs_R26,1.042740843225e-02
dt_s,epsilon,1.000000000000e-01,0,3.000000000000e-11,1.000000000000e-11,difference_from_finest_dt,1.959000218543e+00
dt_s,epsilon,1.000000000000e-01,0,1.000000000000e-11,3.000000000000e-12,scaled_max_error,-7.483438770223e-04
dt_s,epsilon,1.000000000000e-01,0,1.000000000000e-11,3.000000000000e-12,abs_R16,9.427174617544e-04
dt_s,epsilon,1.000000000000e-01,0,1.000000000000e-11,3.000000000000e-12,abs_R26,1.112177064339e-03
dt_s,epsilon,1.000000000000e-01,0,1.000000000000e-11,3.000000000000e-12,difference_from_finest_dt,1.994415266870e+00
dt_s,epsilon,1.000000000000e-01,0,3.000000000000e-12,1.000000000000e-12,scaled_max_error,-7.265208208261e-05
dt_s,epsilon,1.000000000000e-01,0,3.000000000000e-12,1.000000000000e-12,abs_R16,9.134781534469e-05
dt_s,epsilon,1.000000000000e-01,0,3.000000000000e-12,1.000000000000e-12,abs_R26,1.077729988227e-04
dt_s,epsilon,1.000000000000e-01,0,3.000000000000e-12,1.000000000000e-12,difference_from_finest_dt,2.005535086169e+00
dt_s,epsilon,1.000000000000e-01,0,1.000000000000e-12,3.000000000000e-13,scaled_max_error,-7.562827945518e-06
dt_s,epsilon,1.000000000000e-01,0,1.000000000000e-12,3.000000000000e-13,abs_R16,9.507113781731e-06
dt_s,epsilon,1.000000000000e-01,0,1.000000000000e-12,3.000000000000e-13,abs_R26,1.121664480231e-05
dt_s,epsilon,1.000000000000e-01,0,1.000000000000e-12,3.000000000000e-13,difference_from_finest_dt,2.086904670798e+00
dt_s,epsilon,1.000000000000e-01,0,3.000000000000e-13,1.000000000000e-13,scaled_max_error,-7.310862688441e-07
dt_s,epsilon,1.000000000000e-01,0,3.000000000000e-13,1.000000000000e-13,abs_R16,9.090248372840e-07
dt_s,epsilon,1.000000000000e-01,0,3.000000000000e-13,1.000000000000e-13,abs_R26,1.077356054577e-06
dt_s,epsilon,1.000000000000e-06,1,3.000000000000e-11,1.000000000000e-11,scaled_max_error,1.955715018358e+00
dt_s,epsilon,1.000000000000e-06,1,3.000000000000e-11,1.000000000000e-11,abs_R16,1.965223304324e+00
dt_s,epsilon,1.000000000000e-06,1,3.000000000000e-11,1.000000000000e-11,abs_R26,1.979953065539e+00
dt_s,epsilon,1.000000000000e-06,1,3.000000000000e-11,1.000000000000e-11,difference_from_finest_dt,1.955665932571e+00
dt_s,epsilon,1.000000000000e-06,1,1.000000000000e-11,3.000000000000e-12,scaled_max_error,1.672233070165e+00
dt_s,epsilon,1.000000000000e-06,1,1.000000000000e-11,3.000000000000e-12,abs_R16,1.705830601611e+00
dt_s,epsilon,1.000000000000e-06,1,1.000000000000e-11,3.000000000000e-12,abs_R26,1.761075682070e+00
dt_s,epsilon,1.000000000000e-06,1,1.000000000000e-11,3.000000000000e-12,difference_from_finest_dt,7.195996759977e-01
dt_s,epsilon,1.000000000000e-06,1,3.000000000000e-12,1.000000000000e-12,scaled_max_error,1.247220612537e+00
dt_s,epsilon,1.000000000000e-06,1,3.000000000000e-12,1.000000000000e-12,abs_R16,1.471402345107e+00
dt_s,epsilon,1.000000000000e-06,1,3.000000000000e-12,1.000000000000e-12,abs_R26,6.302772300400e-01
dt_s,epsilon,1.000000000000e-06,1,3.000000000000e-12,1.000000000000e-12,difference_from_finest_dt,2.057522271987e-01
dt_s,epsilon,1.000000000000e-06,1,1.000000000000e-12,3.000000000000e-13,scaled_max_error,-1.738885184214e+00
dt_s,epsilon,1.000000000000e-06,1,1.000000000000e-12,3.000000000000e-13,abs_R16,-1.610416076093e+00
dt_s,epsilon,1.000000000000e-06,1,1.000000000000e-12,3.000000000000e-13,abs_R26,-1.196813105740e+00
dt_s,epsilon,1.000000000000e-06,1,1.000000000000e-12,3.000000000000e-13,difference_from_finest_dt,4.688553678510e-01
dt_s,epsilon,1.000000000000e-06,1,3.000000000000e-13,1.000000000000e-13,scaled_max_error,-1.447403596035e-01
dt_s,epsilon,1.000000000000e-06,1,3.000000000000e-13,1.000000000000e-13,abs_R16,2.739478502237e+00
dt_s,epsilon,1.000000000000e-06,1,3.000000000000e-13,1.000000000000e-13,abs_R26,-2.977140774497e-01
dt_s,epsilon,3.000000000000e-06,1,3.000000000000e-11,1.000000000000e-11,scaled_max_error,1.953543422388e+00
dt_s,epsilon,3.000000000000e-06,1,3.000000000000e-11,1.000000000000e-11,abs_R16,1.970180891892e+00
dt_s,epsilon,3.000000000000e-06,1,3.000000000000e-11,1.000000000000e-11,abs_R26,1.970077762725e+00
dt_s,epsilon,3.000000000000e-06,1,3.000000000000e-11,1.000000000000e-11,difference_from_finest_dt,1.953494430423e+00
dt_s,epsilon,3.000000000000e-06,1,1.000000000000e-11,3.000000000000e-12,scaled_max_error,2.002992010399e+00
dt_s,epsilon,3.000000000000e-06,1,1.000000000000e-11,3.000000000000e-12,abs_R16,2.104228705931e+00
dt_s,epsilon,3.000000000000e-06,1,1.000000000000e-11,3.000000000000e-12,abs_R26,2.225633811817e+00
dt_s,epsilon,3.000000000000e-06,1,1.000000000000e-11,3.000000000000e-12,difference_from_finest_dt,1.375964644682e+00
dt_s,epsilon,3.000000000000e-06,1,3.000000000000e-12,1.000000000000e-12,scaled_max_error,1.929319353516e+00
dt_s,epsilon,3.000000000000e-06,1,3.000000000000e-12,1.000000000000e-12,abs_R16,3.901703341377e+00
dt_s,epsilon,3.000000000000e-06,1,3.000000000000e-12,1.000000000000e-12,abs_R26,2.559936055702e+00
dt_s,epsilon,3.000000000000e-06,1,3.000000000000e-12,1.000000000000e-12,difference_from_finest_dt,2.721380593658e-01
dt_s,epsilon,3.000000000000e-06,1,1.000000000000e-12,3.000000000000e-13,scaled_max_error,-8.897484069731e-01
dt_s,epsilon,3.000000000000e-06,1,1.000000000000e-12,3.000000000000e-13,abs_R16,-3.720660235423e+00
dt_s,epsilon,3.000000000000e-06,1,1.000000000000e-12,3.000000000000e-13,abs_R26,-2.552867250158e+00
dt_s,epsilon,3.000000000000e-06,1,1.000000000000e-12,3.000000000000e-13,difference_from_finest_dt,-4.268069622987e-02
dt_s,epsilon,3.000000000000e-06,1,3.000000000000e-13,1.000000000000e-13,scaled_max_error,-1.323803309928e+00
dt_s,epsilon,3.000000000000e-06,1,3.000000000000e-13,1.000000000000e-13,abs_R16,-1.200338472281e+00
dt_s,epsilon,3.000000000000e-06,1,3.000000000000e-13,1.000000000000e-13,abs_R26,7.611627392436e-01
dt_s,epsilon,1.000000000000e-05,1,3.000000000000e-11,1.000000000000e-11,scaled_max_error,1.960797368911e+00
dt_s,epsilon,1.000000000000e-05,1,3.000000000000e-11,1.000000000000e-11,abs_R16,1.986980081148e+00
dt_s,epsilon,1.000000000000e-05,1,3.000000000000e-11,1.000000000000e-11,abs_R26,1.991208728487e+00
dt_s,epsilon,1.000000000000e-05,1,3.000000000000e-11,1.000000000000e-11,difference_from_finest_dt,1.960748998338e+00
dt_s,epsilon,1.000000000000e-05,1,1.000000000000e-11,3.000000000000e-12,scaled_max_error,1.996420601272e+00
dt_s,epsilon,1.000000000000e-05,1,1.000000000000e-11,3.000000000000e-12,abs_R16,1.980667710643e+00
dt_s,epsilon,1.000000000000e-05,1,1.000000000000e-11,3.000000000000e-12,abs_R26,2.024324547670e+00
dt_s,epsilon,1.000000000000e-05,1,1.000000000000e-11,3.000000000000e-12,difference_from_finest_dt,1.778074928023e+00
dt_s,epsilon,1.000000000000e-05,1,3.000000000000e-12,1.000000000000e-12,scaled_max_error,1.744258955842e+00
dt_s,epsilon,1.000000000000e-05,1,3.000000000000e-12,1.000000000000e-12,abs_R16,1.419016309218e+00
dt_s,epsilon,1.000000000000e-05,1,3.000000000000e-12,1.000000000000e-12,abs_R26,1.665076927791e+00
dt_s,epsilon,1.000000000000e-05,1,3.000000000000e-12,1.000000000000e-12,difference_from_finest_dt,2.689400918815e-01
dt_s,epsilon,1.000000000000e-05,1,1.000000000000e-12,3.000000000000e-13,scaled_max_error,7.539872763325e-01
dt_s,epsilon,1.000000000000e-05,1,1.000000000000e-12,3.000000000000e-13,abs_R16,1.439701490801e-01
dt_s,epsilon,1.000000000000e-05,1,1.000000000000e-12,3.000000000000e-13,abs_R26,-7.783910944116e-01
dt_s,epsilon,1.000000000000e-05,1,1.000000000000e-12,3.000000000000e-13,difference_from_finest_dt,3.451703086801e-02
dt_s,epsilon,1.000000000000e-05,1,3.000000000000e-13,1.000000000000e-13,scaled_max_error,-2.458379332459e+00
dt_s,epsilon,1.000000000000e-05,1,3.000000000000e-13,1.000000000000e-13,abs_R16,-2.032389342829e+00
dt_s,epsilon,1.000000000000e-05,1,3.000000000000e-13,1.000000000000e-13,abs_R26,-1.496653259745e+00
dt_s,epsilon,3.000000000000e-05,1,3.000000000000e-11,1.000000000000e-11,scaled_max_error,1.955460935534e+00
dt_s,epsilon,3.000000000000e-05,1,3.000000000000e-11,1.000000000000e-11,abs_R16,1.987244400847e+00
dt_s,epsilon,3.000000000000e-05,1,3.000000000000e-11,1.000000000000e-11,abs_R26,1.989129712533e+00
dt_s,epsilon,3.000000000000e-05,1,3.000000000000e-11,1.000000000000e-11,difference_from_finest_dt,1.955412582567e+00
dt_s,epsilon,3.000000000000e-05,1,1.000000000000e-11,3.000000000000e-12,scaled_max_error,2.000983885919e+00
dt_s,epsilon,3.000000000000e-05,1,1.000000000000e-11,3.000000000000e-12,abs_R16,1.989435850893e+00
dt_s,epsilon,3.000000000000e-05,1,1.000000000000e-11,3.000000000000e-12,abs_R26,1.999876529611e+00
dt_s,epsilon,3.000000000000e-05,1,1.000000000000e-11,3.000000000000e-12,difference_from_finest_dt,2.000478346701e+00
dt_s,epsilon,3.000000000000e-05,1,3.000000000000e-12,1.000000000000e-12,scaled_max_error,2.009311834673e+00
dt_s,epsilon,3.000000000000e-05,1,3.000000000000e-12,1.000000000000e-12,abs_R16,1.733105375291e+00
dt_s,epsilon,3.000000000000e-05,1,3.000000000000e-12,1.000000000000e-12,abs_R26,1.722830771422e+00
dt_s,epsilon,3.000000000000e-05,1,3.000000000000e-12,1.000000000000e-12,difference_from_finest_dt,2.004400319459e+00
dt_s,epsilon,3.000000000000e-05,1,1.000000000000e-12,3.000000000000e-13,scaled_max_error,4.477750492122e-01
dt_s,epsilon,3.000000000000e-05,1,1.000000000000e-12,3.000000000000e-13,abs_R16,7.313162864544e-01
dt_s,epsilon,3.000000000000e-05,1,1.000000000000e-12,3.000000000000e-13,abs_R26,6.609013193086e-02
dt_s,epsilon,3.000000000000e-05,1,1.000000000000e-12,3.000000000000e-13,difference_from_finest_dt,2.193306620810e-01
dt_s,epsilon,3.000000000000e-05,1,3.000000000000e-13,1.000000000000e-13,scaled_max_error,-8.042197185803e-02
dt_s,epsilon,3.000000000000e-05,1,3.000000000000e-13,1.000000000000e-13,abs_R16,-6.142198014567e-01
dt_s,epsilon,3.000000000000e-05,1,3.000000000000e-13,1.000000000000e-13,abs_R26,-1.699408319293e-01
dt_s,epsilon,1.000000000000e-04,1,3.000000000000e-11,1.000000000000e-11,scaled_max_error,1.954985188770e+00
dt_s,epsilon,1.000000000000e-04,1,3.000000000000e-11,1.000000000000e-11,abs_R16,1.987350244066e+00
dt_s,epsilon,1.000000000000e-04,1,3.000000000000e-11,1.000000000000e-11,abs_R26,1.989699052588e+00
dt_s,epsilon,1.000000000000e-04,1,3.000000000000e-11,1.000000000000e-11,difference_from_finest_dt,1.954936108182e+00
dt_s,epsilon,1.000000000000e-04,1,1.000000000000e-11,3.000000000000e-12,scaled_max_error,2.001359863243e+00
dt_s,epsilon,1.000000000000e-04,1,1.000000000000e-11,3.000000000000e-12,abs_R16,1.988269042820e+00
dt_s,epsilon,1.000000000000e-04,1,1.000000000000e-11,3.000000000000e-12,abs_R26,1.982979105870e+00
dt_s,epsilon,1.000000000000e-04,1,1.000000000000e-11,3.000000000000e-12,difference_from_finest_dt,2.000846428525e+00
dt_s,epsilon,1.000000000000e-04,1,3.000000000000e-12,1.000000000000e-12,scaled_max_error,2.009325128163e+00
dt_s,epsilon,1.000000000000e-04,1,3.000000000000e-12,1.000000000000e-12,abs_R16,1.969702746287e+00
dt_s,epsilon,1.000000000000e-04,1,3.000000000000e-12,1.000000000000e-12,abs_R26,1.961568802895e+00
dt_s,epsilon,1.000000000000e-04,1,3.000000000000e-12,1.000000000000e-12,difference_from_finest_dt,2.004337279174e+00
dt_s,epsilon,1.000000000000e-04,1,1.000000000000e-12,3.000000000000e-13,scaled_max_error,1.953375054666e+00
dt_s,epsilon,1.000000000000e-04,1,1.000000000000e-12,3.000000000000e-13,abs_R16,1.559002768689e+00
dt_s,epsilon,1.000000000000e-04,1,1.000000000000e-12,3.000000000000e-13,abs_R26,2.072364107288e+00
dt_s,epsilon,1.000000000000e-04,1,1.000000000000e-12,3.000000000000e-13,difference_from_finest_dt,4.432203225547e-01
dt_s,epsilon,1.000000000000e-04,1,3.000000000000e-13,1.000000000000e-13,scaled_max_error,-1.574714852138e+00
dt_s,epsilon,1.000000000000e-04,1,3.000000000000e-13,1.000000000000e-13,abs_R16,-2.105633830807e+00
dt_s,epsilon,1.000000000000e-04,1,3.000000000000e-13,1.000000000000e-13,abs_R26,-2.385696308159e+00
dt_s,epsilon,3.000000000000e-04,1,3.000000000000e-11,1.000000000000e-11,scaled_max_error,1.955491804528e+00
dt_s,epsilon,3.000000000000e-04,1,3.000000000000e-11,1.000000000000e-11,abs_R16,1.987319537050e+00
dt_s,epsilon,3.000000000000e-04,1,3.000000000000e-11,1.000000000000e-11,abs_R26,1.989604912122e+00
dt_s,epsilon,3.000000000000e-04,1,3.000000000000e-11,1.000000000000e-11,difference_from_finest_dt,1.955442552093e+00
dt_s,epsilon,3.000000000000e-04,1,1.000000000000e-11,3.000000000000e-12,scaled_max_error,2.001140377497e+00
dt_s,epsilon,3.000000000000e-04,1,1.000000000000e-11,3.000000000000e-12,abs_R16,1.989749162058e+00
dt_s,epsilon,3.000000000000e-04,1,1.000000000000e-11,3.000000000000e-12,abs_R26,1.988127898582e+00
dt_s,epsilon,3.000000000000e-04,1,1.000000000000e-11,3.000000000000e-12,difference_from_finest_dt,2.000625333080e+00
dt_s,epsilon,3.000000000000e-04,1,3.000000000000e-12,1.000000000000e-12,scaled_max_error,2.009258831149e+00
dt_s,epsilon,3.000000000000e-04,1,3.000000000000e-12,1.000000000000e-12,abs_R16,1.962680047505e+00
dt_s,epsilon,3.000000000000e-04,1,3.000000000000e-12,1.000000000000e-12,abs_R26,2.014832535238e+00
dt_s,epsilon,3.000000000000e-04,1,3.000000000000e-12,1.000000000000e-12,difference_from_finest_dt,2.004255670343e+00
dt_s,epsilon,3.000000000000e-04,1,1.000000000000e-12,3.000000000000e-13,scaled_max_error,1.907804705682e+00
dt_s,epsilon,3.000000000000e-04,1,1.000000000000e-12,3.000000000000e-13,abs_R16,1.270255410245e+00
dt_s,epsilon,3.000000000000e-04,1,1.000000000000e-12,3.000000000000e-13,abs_R26,3.274812868787e+00
dt_s,epsilon,3.000000000000e-04,1,1.000000000000e-12,3.000000000000e-13,difference_from_finest_dt,1.099235256319e+00
dt_s,epsilon,3.000000000000e-04,1,3.000000000000e-13,1.000000000000e-13,scaled_max_error,-9.943823650200e-01
dt_s,epsilon,3.000000000000e-04,1,3.000000000000e-13,1.000000000000e-13,abs_R16,4.866233920811e-01
dt_s,epsilon,3.000000000000e-04,1,3.000000000000e-13,1.000000000000e-13,abs_R26,-2.913338444744e+00
dt_s,epsilon,1.000000000000e-03,1,3.000000000000e-11,1.000000000000e-11,scaled_max_error,1.955715018358e+00
dt_s,epsilon,1.000000000000e-03,1,3.000000000000e-11,1.000000000000e-11,abs_R16,1.987292000963e+00
dt_s,epsilon,1.000000000000e-03,1,3.000000000000e-11,1.000000000000e-11,abs_R26,1.989593459272e+00
dt_s,epsilon,1.000000000000e-03,1,3.000000000000e-11,1.000000000000e-11,difference_from_finest_dt,1.955665329681e+00
dt_s,epsilon,1.000000000000e-03,1,1.000000000000e-11,3.000000000000e-12,scaled_max_error,2.001607703387e+00
dt_s,epsilon,1.000000000000e-03,1,1.000000000000e-11,3.000000000000e-12,abs_R16,1.989019861808e+00
dt_s,epsilon,1.000000000000e-03,1,1.000000000000e-11,3.000000000000e-12,abs_R26,1.988435413665e+00
dt_s,epsilon,1.000000000000e-03,1,1.000000000000e-11,3.000000000000e-12,difference_from_finest_dt,2.001087794255e+00
dt_s,epsilon,1.000000000000e-03,1,3.000000000000e-12,1.000000000000e-12,scaled_max_error,2.009053519339e+00
dt_s,epsilon,1.000000000000e-03,1,3.000000000000e-12,1.000000000000e-12,abs_R16,1.972585727822e+00
dt_s,epsilon,1.000000000000e-03,1,3.000000000000e-12,1.000000000000e-12,abs_R26,1.971996828015e+00
dt_s,epsilon,1.000000000000e-03,1,3.000000000000e-12,1.000000000000e-12,difference_from_finest_dt,2.004004803986e+00
dt_s,epsilon,1.000000000000e-03,1,1.000000000000e-12,3.000000000000e-13,scaled_max_error,1.992462768678e+00
dt_s,epsilon,1.000000000000e-03,1,1.000000000000e-12,3.000000000000e-13,abs_R16,1.565652523854e+00
dt_s,epsilon,1.000000000000e-03,1,1.000000000000e-12,3.000000000000e-13,abs_R26,1.522527523161e+00
dt_s,epsilon,1.000000000000e-03,1,1.000000000000e-12,3.000000000000e-13,difference_from_finest_dt,1.832505260430e+00
dt_s,epsilon,1.000000000000e-03,1,3.000000000000e-13,1.000000000000e-13,scaled_max_error,7.872681328528e-01
dt_s,epsilon,1.000000000000e-03,1,3.000000000000e-13,1.000000000000e-13,abs_R16,3.449437725291e-01
dt_s,epsilon,1.000000000000e-03,1,3.000000000000e-13,1.000000000000e-13,abs_R26,6.654679514647e-01
dt_s,epsilon,3.000000000000e-03,1,3.000000000000e-11,1.000000000000e-11,scaled_max_error,1.961554626261e+00
dt_s,epsilon,3.000000000000e-03,1,3.000000000000e-11,1.000000000000e-11,abs_R16,1.987294588352e+00
dt_s,epsilon,3.000000000000e-03,1,3.000000000000e-11,1.000000000000e-11,abs_R26,1.989603903639e+00
dt_s,epsilon,3.000000000000e-03,1,3.000000000000e-11,1.000000000000e-11,difference_from_finest_dt,1.961506852901e+00
dt_s,epsilon,3.000000000000e-03,1,1.000000000000e-11,3.000000000000e-12,scaled_max_error,1.996059282734e+00
dt_s,epsilon,3.000000000000e-03,1,1.000000000000e-11,3.000000000000e-12,abs_R16,1.989073642737e+00
dt_s,epsilon,3.000000000000e-03,1,1.000000000000e-11,3.000000000000e-12,abs_R26,1.988674805247e+00
dt_s,epsilon,3.000000000000e-03,1,1.000000000000e-11,3.000000000000e-12,difference_from_finest_dt,1.995563481677e+00
dt_s,epsilon,3.000000000000e-03,1,3.000000000000e-12,1.000000000000e-12,scaled_max_error,2.009035761859e+00
dt_s,epsilon,3.000000000000e-03,1,3.000000000000e-12,1.000000000000e-12,abs_R16,1.976573308970e+00
dt_s,epsilon,3.000000000000e-03,1,3.000000000000e-12,1.000000000000e-12,abs_R26,1.976512417444e+00
dt_s,epsilon,3.000000000000e-03,1,3.000000000000e-12,1.000000000000e-12,difference_from_finest_dt,2.004217393008e+00
dt_s,epsilon,3.000000000000e-03,1,1.000000000000e-12,3.000000000000e-13,scaled_max_error,2.063163035110e+00
dt_s,epsilon,3.000000000000e-03,1,1.000000000000e-12,3.000000000000e-13,abs_R16,1.750302173006e+00
dt_s,epsilon,3.000000000000e-03,1,1.000000000000e-12,3.000000000000e-13,abs_R26,1.689579245848e+00
dt_s,epsilon,3.000000000000e-03,1,1.000000000000e-12,3.000000000000e-13,difference_from_finest_dt,2.085480096669e+00
dt_s,epsilon,3.000000000000e-03,1,3.000000000000e-13,1.000000000000e-13,scaled_max_error,1.612664284262e+00
dt_s,epsilon,3.000000000000e-03,1,3.000000000000e-13,1.000000000000e-13,abs_R16,9.844100345272e-01
dt_s,epsilon,3.000000000000e-03,1,3.000000000000e-13,1.000000000000e-13,abs_R26,2.040994290775e+00
dt_s,epsilon,1.000000000000e-02,1,3.000000000000e-11,1.000000000000e-11,scaled_max_error,1.953289855377e+00
dt_s,epsilon,1.000000000000e-02,1,3.000000000000e-11,1.000000000000e-11,abs_R16,1.987448269534e+00
dt_s,epsilon,1.000000000000e-02,1,3.000000000000e-11,1.000000000000e-11,abs_R26,1.989730120572e+00
dt_s,epsilon,1.000000000000e-02,1,3.000000000000e-11,1.000000000000e-11,difference_from_finest_dt,1.953521386332e+00
dt_s,epsilon,1.000000000000e-02,1,1.000000000000e-11,3.000000000000e-12,scaled_max_error,1.999856335585e+00
dt_s,epsilon,1.000000000000e-02,1,1.000000000000e-11,3.000000000000e-12,abs_R16,1.990645558222e+00
dt_s,epsilon,1.000000000000e-02,1,1.000000000000e-11,3.000000000000e-12,abs_R26,1.989920105523e+00
dt_s,epsilon,1.000000000000e-02,1,1.000000000000e-11,3.000000000000e-12,difference_from_finest_dt,2.002278826049e+00
dt_s,epsilon,1.000000000000e-02,1,3.000000000000e-12,1.000000000000e-12,scaled_max_error,1.981339919386e+00
dt_s,epsilon,1.000000000000e-02,1,3.000000000000e-12,1.000000000000e-12,abs_R16,1.991360205600e+00
dt_s,epsilon,1.000000000000e-02,1,3.000000000000e-12,1.000000000000e-12,abs_R26,1.987511412823e+00
dt_s,epsilon,1.000000000000e-02,1,3.000000000000e-12,1.000000000000e-12,difference_from_finest_dt,2.004471292172e+00
dt_s,epsilon,1.000000000000e-02,1,1.000000000000e-12,3.000000000000e-13,scaled_max_error,1.858008234169e+00
dt_s,epsilon,1.000000000000e-02,1,1.000000000000e-12,3.000000000000e-13,abs_R16,1.948987863507e+00
dt_s,epsilon,1.000000000000e-02,1,1.000000000000e-12,3.000000000000e-13,abs_R26,1.914459900870e+00
dt_s,epsilon,1.000000000000e-02,1,1.000000000000e-12,3.000000000000e-13,difference_from_finest_dt,2.089064041875e+00
dt_s,epsilon,1.000000000000e-02,1,3.000000000000e-13,1.000000000000e-13,scaled_max_error,1.211560121104e+00
dt_s,epsilon,1.000000000000e-02,1,3.000000000000e-13,1.000000000000e-13,abs_R16,1.123253220661e+00
dt_s,epsilon,1.000000000000e-02,1,3.000000000000e-13,1.000000000000e-13,abs_R26,1.239429622552e+00
dt_s,epsilon,3.000000000000e-02,1,3.000000000000e-11,1.000000000000e-11,scaled_max_error,1.934003591985e+00
dt_s,epsilon,3.000000000000e-02,1,3.000000000000e-11,1.000000000000e-11,abs_R16,1.999966516052e+00
dt_s,epsilon,3.000000000000e-02,1,3.000000000000e-11,1.000000000000e-11,abs_R26,2.000131907362e+00
dt_s,epsilon,3.000000000000e-02,1,3.000000000000e-11,1.000000000000e-11,difference_from_finest_dt,1.956246153759e+00
dt_s,epsilon,3.000000000000e-02,1,1.000000000000e-11,3.000000000000e-12,scaled_max_error,1.797748664387e+00
dt_s,epsilon,3.000000000000e-02,1,1.000000000000e-11,3.000000000000e-12,abs_R16,2.131519863351e+00
dt_s,epsilon,3.000000000000e-02,1,1.000000000000e-11,3.000000000000e-12,abs_R26,2.104777634209e+00
dt_s,epsilon,3.000000000000e-02,1,1.000000000000e-11,3.000000000000e-12,difference_from_finest_dt,2.000493859519e+00
dt_s,epsilon,3.000000000000e-02,1,3.000000000000e-12,1.000000000000e-12,scaled_max_error,1.030747279435e+00
dt_s,epsilon,3.000000000000e-02,1,3.000000000000e-12,1.000000000000e-12,abs_R16,2.444073444249e+00
dt_s,epsilon,3.000000000000e-02,1,3.000000000000e-12,1.000000000000e-12,abs_R26,3.124766168337e+00
dt_s,epsilon,3.000000000000e-02,1,3.000000000000e-12,1.000000000000e-12,difference_from_finest_dt,2.004341401381e+00
dt_s,epsilon,3.000000000000e-02,1,1.000000000000e-12,3.000000000000e-13,scaled_max_error,2.282671495628e-01
dt_s,epsilon,3.000000000000e-02,1,1.000000000000e-12,3.000000000000e-13,abs_R16,-8.513228419042e-01
dt_s,epsilon,3.000000000000e-02,1,1.000000000000e-12,3.000000000000e-13,abs_R26,-1.276638010367e+00
dt_s,epsilon,3.000000000000e-02,1,1.000000000000e-12,3.000000000000e-13,difference_from_finest_dt,2.087478809620e+00
dt_s,epsilon,3.000000000000e-02,1,3.000000000000e-13,1.000000000000e-13,scaled_max_error,2.573788166879e-02
dt_s,epsilon,3.000000000000e-02,1,3.000000000000e-13,1.000000000000e-13,abs_R16,-4.987036499368e-02
dt_s,epsilon,3.000000000000e-02,1,3.000000000000e-13,1.000000000000e-13,abs_R26,-5.715508026766e-02
dt_s,epsilon,1.000000000000e-01,1,3.000000000000e-11,1.000000000000e-11,scaled_max_error,8.954626115168e-01
dt_s,epsilon,1.000000000000e-01,1,3.000000000000e-11,1.000000000000e-11,abs_R16,1.813367973294e+00
dt_s,epsilon,1.000000000000e-01,1,3.000000000000e-11,1.000000000000e-11,abs_R26,2.271842419270e+00
dt_s,epsilon,1.000000000000e-01,1,3.000000000000e-11,1.000000000000e-11,difference_from_finest_dt,1.959991881310e+00
dt_s,epsilon,1.000000000000e-01,1,1.000000000000e-11,3.000000000000e-12,scaled_max_error,1.854470700298e-01
dt_s,epsilon,1.000000000000e-01,1,1.000000000000e-11,3.000000000000e-12,abs_R16,-5.601669461364e-01
dt_s,epsilon,1.000000000000e-01,1,1.000000000000e-11,3.000000000000e-12,abs_R26,-7.657059069996e-01
dt_s,epsilon,1.000000000000e-01,1,1.000000000000e-11,3.000000000000e-12,difference_from_finest_dt,1.997704457524e+00
dt_s,epsilon,1.000000000000e-01,1,3.000000000000e-12,1.000000000000e-12,scaled_max_error,2.031496173297e-02
dt_s,epsilon,1.000000000000e-01,1,3.000000000000e-12,1.000000000000e-12,abs_R16,-3.877420621437e-02
dt_s,epsilon,1.000000000000e-01,1,3.000000000000e-12,1.000000000000e-12,abs_R26,-4.738462297585e-02
dt_s,epsilon,1.000000000000e-01,1,3.000000000000e-12,1.000000000000e-12,difference_from_finest_dt,2.003930073680e+00
dt_s,epsilon,1.000000000000e-01,1,1.000000000000e-12,3.000000000000e-13,scaled_max_error,2.145608725824e-03
dt_s,epsilon,1.000000000000e-01,1,1.000000000000e-12,3.000000000000e-13,abs_R16,-3.943243107312e-03
dt_s,epsilon,1.000000000000e-01,1,1.000000000000e-12,3.000000000000e-13,abs_R26,-4.790430195111e-03
dt_s,epsilon,1.000000000000e-01,1,1.000000000000e-12,3.000000000000e-13,difference_from_finest_dt,2.086946163276e+00
dt_s,epsilon,1.000000000000e-01,1,3.000000000000e-13,1.000000000000e-13,scaled_max_error,2.076940666898e-04
dt_s,epsilon,1.000000000000e-01,1,3.000000000000e-13,1.000000000000e-13,abs_R16,-3.770662787546e-04
dt_s,epsilon,1.000000000000e-01,1,3.000000000000e-13,1.000000000000e-13,abs_R26,-4.550043901920e-04
dt_s,epsilon,1.000000000000e-06,2,3.000000000000e-11,1.000000000000e-11,scaled_max_error,1.954990308435e+00
dt_s,epsilon,1.000000000000e-06,2,3.000000000000e-11,1.000000000000e-11,abs_R16,1.957631318505e+00
dt_s,epsilon,1.000000000000e-06,2,3.000000000000e-11,1.000000000000e-11,abs_R26,1.978469089979e+00
dt_s,epsilon,1.000000000000e-06,2,3.000000000000e-11,1.000000000000e-11,difference_from_finest_dt,1.954941227811e+00
dt_s,epsilon,1.000000000000e-06,2,1.000000000000e-11,3.000000000000e-12,scaled_max_error,1.107996686221e+00
dt_s,epsilon,1.000000000000e-06,2,1.000000000000e-11,3.000000000000e-12,abs_R16,2.039024965355e+00
dt_s,epsilon,1.000000000000e-06,2,1.000000000000e-11,3.000000000000e-12,abs_R26,1.352064380958e+00
dt_s,epsilon,1.000000000000e-06,2,1.000000000000e-11,3.000000000000e-12,difference_from_finest_dt,3.093181250568e-01
dt_s,epsilon,1.000000000000e-06,2,3.000000000000e-12,1.000000000000e-12,scaled_max_error,1.351140046155e+00
dt_s,epsilon,1.000000000000e-06,2,3.000000000000e-12,1.000000000000e-12,abs_R16,3.405759999998e+00
dt_s,epsilon,1.000000000000e-06,2,3.000000000000e-12,1.000000000000e-12,abs_R26,2.359421843934e+00
dt_s,epsilon,1.000000000000e-06,2,3.000000000000e-12,1.000000000000e-12,difference_from_finest_dt,-2.066443750307e-01
dt_s,epsilon,1.000000000000e-06,2,1.000000000000e-12,3.000000000000e-13,scaled_max_error,-8.012236681529e-01
dt_s,epsilon,1.000000000000e-06,2,1.000000000000e-12,3.000000000000e-13,abs_R16,-3.883439173796e+00
dt_s,epsilon,1.000000000000e-06,2,1.000000000000e-12,3.000000000000e-13,abs_R26,2.094843404231e-01
dt_s,epsilon,1.000000000000e-06,2,1.000000000000e-12,3.000000000000e-13,difference_from_finest_dt,1.419952969582e-01
dt_s,epsilon,1.000000000000e-06,2,3.000000000000e-13,1.000000000000e-13,scaled_max_error,-1.576649496523e+00
dt_s,epsilon,1.000000000000e-06,2,3.000000000000e-13,1.000000000000e-13,abs_R16,-9.171752442505e-01
dt_s,epsilon,1.000000000000e-06,2,3.000000000000e-13,1.000000000000e-13,abs_R26,-3.446627309454e+00
dt_s,epsilon,3.000000000000e-06,2,3.000000000000e-11,1.000000000000e-11,scaled_max_error,1.955329910139e+00
dt_s,epsilon,3.000000000000e-06,2,3.000000000000e-11,1.000000000000e-11,abs_R16,1.956673904444e+00
dt_s,epsilon,3.000000000000e-06,2,3.000000000000e-11,1.000000000000e-11,abs_R26,1.966324622436e+00
dt_s,epsilon,3.000000000000e-06,2,3.000000000000e-11,1.000000000000e-11,difference_from_finest_dt,1.955280821859e+00
dt_s,epsilon,3.000000000000e-06,2,1.000000000000e-11,3.000000000000e-12,scaled_max_error,2.001266063578e+00
dt_s,epsilon,3.000000000000e-06,2,1.000000000000e-11,3.000000000000e-12,abs_R16,2.004501037673e+00
dt_s,epsilon,3.000000000000e-06,2,1.000000000000e-11,3.000000000000e-12,abs_R26,1.947256888899e+00
dt_s,epsilon,3.000000000000e-06,2,1.000000000000e-11,3.000000000000e-12,difference_from_finest_dt,1.131222643409e+00
dt_s,epsilon,3.000000000000e-06,2,3.000000000000e-12,1.000000000000e-12,scaled_max_error,1.091317649072e+00
dt_s,epsilon,3.000000000000e-06,2,3.000000000000e-12,1.000000000000e-12,abs_R16,1.880832433151e+00
dt_s,epsilon,3.000000000000e-06,2,3.000000000000e-12,1.000000000000e-12,abs_R26,-1.204032695065e-01
dt_s,epsilon,3.000000000000e-06,2,3.000000000000e-12,1.000000000000e-12,difference_from_finest_dt,-1.118223416949e-01
dt_s,epsilon,3.000000000000e-06,2,1.000000000000e-12,3.000000000000e-13,scaled_max_error,-8.308632479959e-01
dt_s,epsilon,3.000000000000e-06,2,1.000000000000e-12,3.000000000000e-13,abs_R16,-1.921814185345e+00
dt_s,epsilon,3.000000000000e-06,2,1.000000000000e-12,3.000000000000e-13,abs_R26,-5.035830367248e-01
dt_s,epsilon,3.000000000000e-06,2,1.000000000000e-12,3.000000000000e-13,difference_from_finest_dt,-1.309329411211e-02
dt_s,epsilon,3.000000000000e-06,2,3.000000000000e-13,1.000000000000e-13,scaled_max_error,-1.234226655085e+00
dt_s,epsilon,3.000000000000e-06,2,3.000000000000e-13,1.000000000000e-13,abs_R16,-1.835275336787e+00
dt_s,epsilon,3.000000000000e-06,2,3.000000000000e-13,1.000000000000e-13,abs_R26,-8.372293313746e-01
dt_s,epsilon,1.000000000000e-05,2,3.000000000000e-11,1.000000000000e-11,scaled_max_error,1.954032247398e+00
dt_s,epsilon,1.000000000000e-05,2,3.000000000000e-11,1.000000000000e-11,abs_R16,1.960968431143e+00
dt_s,epsilon,1.000000000000e-05,2,3.000000000000e-11,1.000000000000e-11,abs_R26,1.965681580901e+00
dt_s,epsilon,1.000000000000e-05,2,3.000000000000e-11,1.000000000000e-11,difference_from_finest_dt,1.953982825280e+00
dt_s,epsilon,1.000000000000e-05,2,1.000000000000e-11,3.000000000000e-12,scaled_max_error,2.003075160898e+00
dt_s,epsilon,1.000000000000e-05,2,1.000000000000e-11,3.000000000000e-12,abs_R16,2.012425440983e+00
dt_s,epsilon,1.000000000000e-05,2,1.000000000000e-11,3.000000000000e-12,abs_R26,2.179577353039e+00
dt_s,epsilon,1.000000000000e-05,2,1.000000000000e-11,3.000000000000e-12,difference_from_finest_dt,2.002556908927e+00
dt_s,epsilon,1.000000000000e-05,2,3.000000000000e-12,1.000000000000e-12,scaled_max_error,1.962766728643e+00
dt_s,epsilon,1.000000000000e-05,2,3.000000000000e-12,1.000000000000e-12,abs_R16,1.283327945210e+00
dt_s,epsilon,1.000000000000e-05,2,3.000000000000e-12,1.000000000000e-12,abs_R26,2.375406719838e-01
dt_s,epsilon,1.000000000000e-05,2,3.000000000000e-12,1.000000000000e-12,difference_from_finest_dt,5.661280470327e-01
dt_s,epsilon,1.000000000000e-05,2,1.000000000000e-12,3.000000000000e-13,scaled_max_error,-1.255468565241e+00
dt_s,epsilon,1.000000000000e-05,2,1.000000000000e-12,3.000000000000e-13,abs_R16,-5.148917420292e-01
dt_s,epsilon,1.000000000000e-05,2,1.000000000000e-12,3.000000000000e-13,abs_R26,9.361333610794e-01
dt_s,epsilon,1.000000000000e-05,2,1.000000000000e-12,3.000000000000e-13,difference_from_finest_dt,-6.483259260135e-01
dt_s,epsilon,1.000000000000e-05,2,3.000000000000e-13,1.000000000000e-13,scaled_max_error,-1.918374530352e-01
dt_s,epsilon,1.000000000000e-05,2,3.000000000000e-13,1.000000000000e-13,abs_R16,-1.305898116408e+00
dt_s,epsilon,1.000000000000e-05,2,3.000000000000e-13,1.000000000000e-13,abs_R26,-1.982405499405e+00
dt_s,epsilon,3.000000000000e-05,2,3.000000000000e-11,1.000000000000e-11,scaled_max_error,1.955075221578e+00
dt_s,epsilon,3.000000000000e-05,2,3.000000000000e-11,1.000000000000e-11,abs_R16,1.987566366398e+00
dt_s,epsilon,3.000000000000e-05,2,3.000000000000e-11,1.000000000000e-11,abs_R26,1.989441848725e+00
dt_s,epsilon,3.000000000000e-05,2,3.000000000000e-11,1.000000000000e-11,difference_from_finest_dt,1.955024791834e+00
dt_s,epsilon,3.000000000000e-05,2,1.000000000000e-11,3.000000000000e-12,scaled_max_error,2.001795866430e+00
dt_s,epsilon,3.000000000000e-05,2,1.000000000000e-11,3.000000000000e-12,abs_R16,1.977652419061e+00
dt_s,epsilon,3.000000000000e-05,2,1.000000000000e-11,3.000000000000e-12,abs_R26,1.991137677040e+00
dt_s,epsilon,3.000000000000e-05,2,1.000000000000e-11,3.000000000000e-12,difference_from_finest_dt,2.001268025639e+00
dt_s,epsilon,3.000000000000e-05,2,3.000000000000e-12,1.000000000000e-12,scaled_max_error,2.009006195401e+00
dt_s,epsilon,3.000000000000e-05,2,3.000000000000e-12,1.000000000000e-12,abs_R16,1.819388042338e+00
dt_s,epsilon,3.000000000000e-05,2,3.000000000000e-12,1.000000000000e-12,abs_R26,1.689222176599e+00
dt_s,epsilon,3.000000000000e-05,2,3.000000000000e-12,1.000000000000e-12,difference_from_finest_dt,1.124761661263e+00
dt_s,epsilon,3.000000000000e-05,2,1.000000000000e-12,3.000000000000e-13,scaled_max_error,2.753203510948e-01
dt_s,epsilon,3.000000000000e-05,2,1.000000000000e-12,3.000000000000e-13,abs_R16,-4.562035545221e-01
dt_s,epsilon,3.000000000000e-05,2,1.000000000000e-12,3.000000000000e-13,abs_R26,-4.794833952897e-01
dt_s,epsilon,3.000000000000e-05,2,1.000000000000e-12,3.000000000000e-13,difference_from_finest_dt,-1.450112700084e-02
dt_s,epsilon,3.000000000000e-05,2,3.000000000000e-13,1.000000000000e-13,scaled_max_error,-1.257306258147e+00
dt_s,epsilon,3.000000000000e-05,2,3.000000000000e-13,1.000000000000e-13,abs_R16,-8.189780421439e-01
dt_s,epsilon,3.000000000000e-05,2,3.000000000000e-13,1.000000000000e-13,abs_R26,-9.382037765130e-01
dt_s,epsilon,1.000000000000e-04,2,3.000000000000e-11,1.000000000000e-11,scaled_max_error,1.955179974768e+00
dt_s,epsilon,1.000000000000e-04,2,3.000000000000e-11,1.000000000000e-11,abs_R16,1.987540777803e+00
dt_s,epsilon,1.000000000000e-04,2,3.000000000000e-11,1.000000000000e-11,abs_R26,1.989773160342e+00
dt_s,epsilon,1.000000000000e-04,2,3.000000000000e-11,1.000000000000e-11,difference_from_finest_dt,1.955131947781e+00
dt_s,epsilon,1.000000000000e-04,2,1.000000000000e-11,3.000000000000e-12,scaled_max_error,2.001441312931e+00
dt_s,epsilon,1.000000000000e-04,2,1.000000000000e-11,3.000000000000e-12,abs_R16,1.988647144849e+00
dt_s,epsilon,1.000000000000e-04,2,1.000000000000e-11,3.000000000000e-12,abs_R26,1.995935237431e+00
dt_s,epsilon,1.000000000000e-04,2,1.000000000000e-11,3.000000000000e-12,difference_from_finest_dt,2.000938856451e+00
dt_s,epsilon,1.000000000000e-04,2,3.000000000000e-12,1.000000000000e-12,scaled_max_error,2.009235867184e+00
dt_s,epsilon,1.000000000000e-04,2,3.000000000000e-12,1.000000000000e-12,abs_R16,2.102777292305e+00
dt_s,epsilon,1.000000000000e-04,2,3.000000000000e-12,1.000000000000e-12,abs_R26,2.066203805828e+00
dt_s,epsilon,1.000000000000e-04,2,3.000000000000e-12,1.000000000000e-12,difference_from_finest_dt,1.645228278813e+00
dt_s,epsilon,1.000000000000e-04,2,1.000000000000e-12,3.000000000000e-13,scaled_max_error,8.218876548482e-01
dt_s,epsilon,1.000000000000e-04,2,1.000000000000e-12,3.000000000000e-13,abs_R16,2.831771333302e-01
dt_s,epsilon,1.000000000000e-04,2,1.000000000000e-12,3.000000000000e-13,abs_R26,2.328052922737e+00
dt_s,epsilon,1.000000000000e-04,2,1.000000000000e-12,3.000000000000e-13,difference_from_finest_dt,-2.960763860241e-01
dt_s,epsilon,1.000000000000e-04,2,3.000000000000e-13,1.000000000000e-13,scaled_max_error,-1.455357676068e+00
dt_s,epsilon,1.000000000000e-04,2,3.000000000000e-13,1.000000000000e-13,abs_R16,-7.225440678783e-01
dt_s,epsilon,1.000000000000e-04,2,3.000000000000e-13,1.000000000000e-13,abs_R26,-4.264990552179e+00
dt_s,epsilon,3.000000000000e-04,2,3.000000000000e-11,1.000000000000e-11,scaled_max_error,1.955084809715e+00
dt_s,epsilon,3.000000000000e-04,2,3.000000000000e-11,1.000000000000e-11,abs_R16,1.987266768760e+00
dt_s,epsilon,3.000000000000e-04,2,3.000000000000e-11,1.000000000000e-11,abs_R26,1.989706141513e+00
dt_s,epsilon,3.000000000000e-04,2,3.000000000000e-11,1.000000000000e-11,difference_from_finest_dt,1.955035283742e+00
dt_s,epsilon,3.000000000000e-04,2,1.000000000000e-11,3.000000000000e-12,scaled_max_error,2.001806953429e+00
dt_s,epsilon,3.000000000000e-04,2,1.000000000000e-11,3.000000000000e-12,abs_R16,1.987301004918e+00
dt_s,epsilon,3.000000000000e-04,2,1.000000000000e-11,3.000000000000e-12,abs_R26,1.985041977088e+00
dt_s,epsilon,3.000000000000e-04,2,1.000000000000e-11,3.000000000000e-12,difference_from_finest_dt,2.001288562183e+00
dt_s,epsilon,3.000000000000e-04,2,3.000000000000e-12,1.000000000000e-12,scaled_max_error,2.008971831021e+00
dt_s,epsilon,3.000000000000e-04,2,3.000000000000e-12,1.000000000000e-12,abs_R16,1.884613687849e+00
dt_s,epsilon,3.000000000000e-04,2,3.000000000000e-12,1.000000000000e-12,abs_R26,1.914369825538e+00
dt_s,epsilon,3.000000000000e-04,2,3.000000000000e-12,1.000000000000e-12,difference_from_finest_dt,2.003938435241e+00
dt_s,epsilon,3.000000000000e-04,2,1.000000000000e-12,3.000000000000e-13,scaled_max_error,2.147484565112e+00
dt_s,epsilon,3.000000000000e-04,2,1.000000000000e-12,3.000000000000e-13,abs_R16,2.329731784123e+00
dt_s,epsilon,3.000000000000e-04,2,1.000000000000e-12,3.000000000000e-13,abs_R26,3.269455215489e+00
dt_s,epsilon,3.000000000000e-04,2,1.000000000000e-12,3.000000000000e-13,difference_from_finest_dt,7.745434834538e-01
dt_s,epsilon,3.000000000000e-04,2,3.000000000000e-13,1.000000000000e-13,scaled_max_error,-1.551837926588e+00
dt_s,epsilon,3.000000000000e-04,2,3.000000000000e-13,1.000000000000e-13,abs_R16,2.030277725275e-01
dt_s,epsilon,3.000000000000e-04,2,3.000000000000e-13,1.000000000000e-13,abs_R26,-3.187173921343e+00
dt_s,epsilon,1.000000000000e-03,2,3.000000000000e-11,1.000000000000e-11,scaled_max_error,1.954990308435e+00
dt_s,epsilon,1.000000000000e-03,2,3.000000000000e-11,1.000000000000e-11,abs_R16,1.987306808110e+00
dt_s,epsilon,1.000000000000e-03,2,3.000000000000e-11,1.000000000000e-11,abs_R26,1.989609340501e+00
dt_s,epsilon,1.000000000000e-03,2,3.000000000000e-11,1.000000000000e-11,difference_from_finest_dt,1.954941981357e+00
dt_s,epsilon,1.000000000000e-03,2,1.000000000000e-11,3.000000000000e-12,scaled_max_error,2.001588635969e+00
dt_s,epsilon,1.000000000000e-03,2,1.000000000000e-11,3.000000000000e-12,abs_R16,1.988784460374e+00
dt_s,epsilon,1.000000000000e-03,2,1.000000000000e-11,3.000000000000e-12,abs_R26,1.988451967101e+00
dt_s,epsilon,1.000000000000e-03,2,1.000000000000e-11,3.000000000000e-12,difference_from_finest_dt,2.001082928557e+00
dt_s,epsilon,1.000000000000e-03,2,3.000000000000e-12,1.000000000000e-12,scaled_max_error,2.009074415384e+00
dt_s,epsilon,1.000000000000e-03,2,3.000000000000e-12,1.000000000000e-12,abs_R16,1.982611575210e+00
dt_s,epsilon,1.000000000000e-03,2,3.000000000000e-12,1.000000000000e-12,abs_R26,1.977232733044e+00
dt_s,epsilon,1.000000000000e-03,2,3.000000000000e-12,1.000000000000e-12,difference_from_finest_dt,2.004163058923e+00
dt_s,epsilon,1.000000000000e-03,2,1.000000000000e-12,3.000000000000e-13,scaled_max_error,2.147275481132e+00
dt_s,epsilon,1.000000000000e-03,2,1.000000000000e-12,3.000000000000e-13,abs_R16,2.043188969418e+00
dt_s,epsilon,1.000000000000e-03,2,1.000000000000e-12,3.000000000000e-13,abs_R26,1.233903759291e+00
dt_s,epsilon,1.000000000000e-03,2,1.000000000000e-12,3.000000000000e-13,difference_from_finest_dt,1.899884077149e+00
dt_s,epsilon,1.000000000000e-03,2,3.000000000000e-13,1.000000000000e-13,scaled_max_error,3.801481135697e-01
dt_s,epsilon,1.000000000000e-03,2,3.000000000000e-13,1.000000000000e-13,abs_R16,4.264861950429e-01
dt_s,epsilon,1.000000000000e-03,2,3.000000000000e-13,1.000000000000e-13,abs_R26,-2.132628908352e-01
dt_s,epsilon,3.000000000000e-03,2,3.000000000000e-11,1.000000000000e-11,scaled_max_error,1.953511360090e+00
dt_s,epsilon,3.000000000000e-03,2,3.000000000000e-11,1.000000000000e-11,abs_R16,1.987275899073e+00
dt_s,epsilon,3.000000000000e-03,2,3.000000000000e-11,1.000000000000e-11,abs_R26,1.989599315186e+00
dt_s,epsilon,3.000000000000e-03,2,3.000000000000e-11,1.000000000000e-11,difference_from_finest_dt,1.953463422695e+00
dt_s,epsilon,3.000000000000e-03,2,1.000000000000e-11,3.000000000000e-12,scaled_max_error,2.003038665552e+00
dt_s,epsilon,3.000000000000e-03,2,1.000000000000e-11,3.000000000000e-12,abs_R16,1.988926705970e+00
dt_s,epsilon,3.000000000000e-03,2,1.000000000000e-11,3.000000000000e-12,abs_R26,1.988571292258e+00
dt_s,epsilon,3.000000000000e-03,2,1.000000000000e-11,3.000000000000e-12,difference_from_finest_dt,2.002535963808e+00
dt_s,epsilon,3.000000000000e-03,2,3.000000000000e-12,1.000000000000e-12,scaled_max_error,2.008981498071e+00
dt_s,epsilon,3.000000000000e-03,2,3.000000000000e-12,1.000000000000e-12,abs_R16,1.977672600927e+00
dt_s,epsilon,3.000000000000e-03,2,3.000000000000e-12,1.000000000000e-12,abs_R26,1.977016815709e+00
dt_s,epsilon,3.000000000000e-03,2,3.000000000000e-12,1.000000000000e-12,difference_from_finest_dt,2.004100641693e+00
dt_s,epsilon,3.000000000000e-03,2,1.000000000000e-12,3.000000000000e-13,scaled_max_error,2.121997170890e+00
dt_s,epsilon,3.000000000000e-03,2,1.000000000000e-12,3.000000000000e-13,abs_R16,1.960414607175e+00
dt_s,epsilon,3.000000000000e-03,2,1.000000000000e-12,3.000000000000e-13,abs_R26,1.881028562932e+00
dt_s,epsilon,3.000000000000e-03,2,1.000000000000e-12,3.000000000000e-13,difference_from_finest_dt,2.088189878649e+00
dt_s,epsilon,3.000000000000e-03,2,3.000000000000e-13,1.000000000000e-13,scaled_max_error,2.678726177770e-01
dt_s,epsilon,3.000000000000e-03,2,3.000000000000e-13,1.000000000000e-13,abs_R16,1.058762523465e+00
dt_s,epsilon,3.000000000000e-03,2,3.000000000000e-13,1.000000000000e-13,abs_R26,3.156973856630e+00
dt_s,epsilon,1.000000000000e-02,2,3.000000000000e-11,1.000000000000e-11,scaled_max_error,1.961550123032e+00
dt_s,epsilon,1.000000000000e-02,2,3.000000000000e-11,1.000000000000e-11,abs_R16,1.987291124892e+00
dt_s,epsilon,1.000000000000e-02,2,3.000000000000e-11,1.000000000000e-11,abs_R26,1.989608727250e+00
dt_s,epsilon,1.000000000000e-02,2,3.000000000000e-11,1.000000000000e-11,difference_from_finest_dt,1.961499893330e+00
dt_s,epsilon,1.000000000000e-02,2,1.000000000000e-11,3.000000000000e-12,scaled_max_error,1.995905014557e+00
dt_s,epsilon,1.000000000000e-02,2,1.000000000000e-11,3.000000000000e-12,abs_R16,1.989175663919e+00
dt_s,epsilon,1.000000000000e-02,2,1.000000000000e-11,3.000000000000e-12,abs_R26,1.988565850329e+00
dt_s,epsilon,1.000000000000e-02,2,1.000000000000e-11,3.000000000000e-12,difference_from_finest_dt,1.995383835892e+00
dt_s,epsilon,1.000000000000e-02,2,3.000000000000e-12,1.000000000000e-12,scaled_max_error,2.008969931033e+00
dt_s,epsilon,1.000000000000e-02,2,3.000000000000e-12,1.000000000000e-12,abs_R16,1.974298041849e+00
dt_s,epsilon,1.000000000000e-02,2,3.000000000000e-12,1.000000000000e-12,abs_R26,1.979664547208e+00
dt_s,epsilon,1.000000000000e-02,2,3.000000000000e-12,1.000000000000e-12,difference_from_finest_dt,2.003906012777e+00
dt_s,epsilon,1.000000000000e-02,2,1.000000000000e-12,3.000000000000e-13,scaled_max_error,2.048473765639e+00
dt_s,epsilon,1.000000000000e-02,2,1.000000000000e-12,3.000000000000e-13,abs_R16,1.840171863582e+00
dt_s,epsilon,1.000000000000e-02,2,1.000000000000e-12,3.000000000000e-13,abs_R26,1.783366493085e+00
dt_s,epsilon,1.000000000000e-02,2,1.000000000000e-12,3.000000000000e-13,difference_from_finest_dt,2.086460522037e+00
dt_s,epsilon,1.000000000000e-02,2,3.000000000000e-13,1.000000000000e-13,scaled_max_error,1.197601826521e+00
dt_s,epsilon,1.000000000000e-02,2,3.000000000000e-13,1.000000000000e-13,abs_R16,1.055498541832e+00
dt_s,epsilon,1.000000000000e-02,2,3.000000000000e-13,1.000000000000e-13,abs_R26,5.599845486094e-01
dt_s,epsilon,3.000000000000e-02,2,3.000000000000e-11,1.000000000000e-11,scaled_max_error,1.961049650589e+00
dt_s,epsilon,3.000000000000e-02,2,3.000000000000e-11,1.000000000000e-11,abs_R16,1.987278271762e+00
dt_s,epsilon,3.000000000000e-02,2,3.000000000000e-11,1.000000000000e-11,abs_R26,1.989599103126e+00
dt_s,epsilon,3.000000000000e-02,2,3.000000000000e-11,1.000000000000e-11,difference_from_finest_dt,1.960997310756e+00
dt_s,epsilon,3.000000000000e-02,2,1.000000000000e-11,3.000000000000e-12,scaled_max_error,1.996120806920e+00
dt_s,epsilon,3.000000000000e-02,2,1.000000000000e-11,3.000000000000e-12,abs_R16,1.989066700098e+00
dt_s,epsilon,3.000000000000e-02,2,1.000000000000e-11,3.000000000000e-12,abs_R26,1.988576735829e+00
dt_s,epsilon,3.000000000000e-02,2,1.000000000000e-11,3.000000000000e-12,difference_from_finest_dt,1.995577547258e+00
dt_s,epsilon,3.000000000000e-02,2,3.000000000000e-12,1.000000000000e-12,scaled_max_error,2.009161968584e+00
dt_s,epsilon,3.000000000000e-02,2,3.000000000000e-12,1.000000000000e-12,abs_R16,1.975100914220e+00
dt_s,epsilon,3.000000000000e-02,2,3.000000000000e-12,1.000000000000e-12,abs_R26,1.975274549428e+00
dt_s,epsilon,3.000000000000e-02,2,3.000000000000e-12,1.000000000000e-12,difference_from_finest_dt,2.003883084260e+00
dt_s,epsilon,3.000000000000e-02,2,1.000000000000e-12,3.000000000000e-13,scaled_max_error,2.062265619527e+00
dt_s,epsilon,3.000000000000e-02,2,1.000000000000e-12,3.000000000000e-13,abs_R16,1.805469331899e+00
dt_s,epsilon,3.000000000000e-02,2,1.000000000000e-12,3.000000000000e-13,abs_R26,1.809265057756e+00
dt_s,epsilon,3.000000000000e-02,2,1.000000000000e-12,3.000000000000e-13,difference_from_finest_dt,2.085912849682e+00
dt_s,epsilon,3.000000000000e-02,2,3.000000000000e-13,1.000000000000e-13,scaled_max_error,1.228384925288e+00
dt_s,epsilon,3.000000000000e-02,2,3.000000000000e-13,1.000000000000e-13,abs_R16,8.559179464182e-01
dt_s,epsilon,3.000000000000e-02,2,3.000000000000e-13,1.000000000000e-13,abs_R26,1.252284289836e+00
dt_s,epsilon,1.000000000000e-01,2,3.000000000000e-11,1.000000000000e-11,scaled_max_error,1.956011713172e+00
dt_s,epsilon,1.000000000000e-01,2,3.000000000000e-11,1.000000000000e-11,abs_R16,1.986937914445e+00
dt_s,epsilon,1.000000000000e-01,2,3.000000000000e-11,1.000000000000e-11,abs_R26,1.990257928155e+00
dt_s,epsilon,1.000000000000e-01,2,3.000000000000e-11,1.000000000000e-11,difference_from_finest_dt,1.953531896544e+00
dt_s,epsilon,1.000000000000e-01,2,1.000000000000e-11,3.000000000000e-12,scaled_max_error,2.029296972064e+00
dt_s,epsilon,1.000000000000e-01,2,1.000000000000e-11,3.000000000000e-12,abs_R16,1.977183921287e+00
dt_s,epsilon,1.000000000000e-01,2,1.000000000000e-11,3.000000000000e-12,abs_R26,1.985080836109e+00
dt_s,epsilon,1.000000000000e-01,2,1.000000000000e-11,3.000000000000e-12,difference_from_finest_dt,2.002838021221e+00
dt_s,epsilon,1.000000000000e-01,2,3.000000000000e-12,1.000000000000e-12,scaled_max_error,2.028879410914e+00
dt_s,epsilon,1.000000000000e-01,2,3.000000000000e-12,1.000000000000e-12,abs_R16,1.877517432547e+00
dt_s,epsilon,1.000000000000e-01,2,3.000000000000e-12,1.000000000000e-12,abs_R26,1.951869021843e+00
dt_s,epsilon,1.000000000000e-01,2,3.000000000000e-12,1.000000000000e-12,difference_from_finest_dt,2.004415583741e+00
dt_s,epsilon,1.000000000000e-01,2,1.000000000000e-12,3.000000000000e-13,scaled_max_error,1.171317134845e+00
dt_s,epsilon,1.000000000000e-01,2,1.000000000000e-12,3.000000000000e-13,abs_R16,1.268900650556e+00
dt_s,epsilon,1.000000000000e-01,2,1.000000000000e-12,3.000000000000e-13,abs_R26,1.627553548285e+00
dt_s,epsilon,1.000000000000e-01,2,1.000000000000e-12,3.000000000000e-13,difference_from_finest_dt,2.086674491427e+00
dt_s,epsilon,1.000000000000e-01,2,3.000000000000e-13,1.000000000000e-13,scaled_max_error,-2.754342074716e-01
dt_s,epsilon,1.000000000000e-01,2,3.000000000000e-13,1.000000000000e-13,abs_R16,3.396100006978e-01
dt_s,epsilon,1.000000000000e-01,2,3.000000000000e-13,1.000000000000e-13,abs_R26,7.133964859754e-01
dt_s,epsilon,1.000000000000e-06,3,3.000000000000e-11,1.000000000000e-11,scaled_max_error,1.955165793985e+00
dt_s,epsilon,1.000000000000e-06,3,3.000000000000e-11,1.000000000000e-11,abs_R16,1.974953932682e+00
dt_s,epsilon,1.000000000000e-06,3,3.000000000000e-11,1.000000000000e-11,abs_R26,1.929484829507e+00
dt_s,epsilon,1.000000000000e-06,3,3.000000000000e-11,1.000000000000e-11,difference_from_finest_dt,1.955116712110e+00
dt_s,epsilon,1.000000000000e-06,3,1.000000000000e-11,3.000000000000e-12,scaled_max_error,1.838585708177e+00
dt_s,epsilon,1.000000000000e-06,3,1.000000000000e-11,3.000000000000e-12,abs_R16,1.630331279039e+00
dt_s,epsilon,1.000000000000e-06,3,1.000000000000e-11,3.000000000000e-12,abs_R26,2.392302543606e+00
dt_s,epsilon,1.000000000000e-06,3,1.000000000000e-11,3.000000000000e-12,difference_from_finest_dt,4.018311642803e-02
dt_s,epsilon,1.000000000000e-06,3,3.000000000000e-12,1.000000000000e-12,scaled_max_error,-2.413730256908e-01
dt_s,epsilon,1.000000000000e-06,3,3.000000000000e-12,1.000000000000e-12,abs_R16,3.552264045411e-01
dt_s,epsilon,1.000000000000e-06,3,3.000000000000e-12,1.000000000000e-12,abs_R26,-7.112526545231e-01
dt_s,epsilon,1.000000000000e-06,3,3.000000000000e-12,1.000000000000e-12,difference_from_finest_dt,1.608542695331e-01
dt_s,epsilon,1.000000000000e-06,3,1.000000000000e-12,3.000000000000e-13,scaled_max_error,-1.045425148669e+00
dt_s,epsilon,1.000000000000e-06,3,1.000000000000e-12,3.000000000000e-13,abs_R16,-1.047060060476e+00
dt_s,epsilon,1.000000000000e-06,3,1.000000000000e-12,3.000000000000e-13,abs_R26,-2.145224126876e+00
dt_s,epsilon,1.000000000000e-06,3,1.000000000000e-12,3.000000000000e-13,difference_from_finest_dt,-4.562634578774e-01
dt_s,epsilon,1.000000000000e-06,3,3.000000000000e-13,1.000000000000e-13,scaled_max_error,-5.129025623575e-01
dt_s,epsilon,1.000000000000e-06,3,3.000000000000e-13,1.000000000000e-13,abs_R16,-1.005246846769e-01
dt_s,epsilon,1.000000000000e-06,3,3.000000000000e-13,1.000000000000e-13,abs_R26,6.669157258993e-02
dt_s,epsilon,3.000000000000e-06,3,3.000000000000e-11,1.000000000000e-11,scaled_max_error,1.956352310391e+00
dt_s,epsilon,3.000000000000e-06,3,3.000000000000e-11,1.000000000000e-11,abs_R16,1.954658992679e+00
dt_s,epsilon,3.000000000000e-06,3,3.000000000000e-11,1.000000000000e-11,abs_R26,1.963871218035e+00
dt_s,epsilon,3.000000000000e-06,3,3.000000000000e-11,1.000000000000e-11,difference_from_finest_dt,1.684714888877e+00
dt_s,epsilon,3.000000000000e-06,3,1.000000000000e-11,3.000000000000e-12,scaled_max_error,2.001010307352e+00
dt_s,epsilon,3.000000000000e-06,3,1.000000000000e-11,3.000000000000e-12,abs_R16,2.151973362308e+00
dt_s,epsilon,3.000000000000e-06,3,1.000000000000e-11,3.000000000000e-12,abs_R26,1.845501423137e+00
dt_s,epsilon,3.000000000000e-06,3,1.000000000000e-11,3.000000000000e-12,difference_from_finest_dt,6.438453457382e-01
dt_s,epsilon,3.000000000000e-06,3,3.000000000000e-12,1.000000000000e-12,scaled_max_error,3.941392083934e-01
dt_s,epsilon,3.000000000000e-06,3,3.000000000000e-12,1.000000000000e-12,abs_R16,-4.184704765471e-01
dt_s,epsilon,3.000000000000e-06,3,3.000000000000e-12,1.000000000000e-12,abs_R26,-4.736608559414e-01
dt_s,epsilon,3.000000000000e-06,3,3.000000000000e-12,1.000000000000e-12,difference_from_finest_dt,1.354157968548e-02
dt_s,epsilon,3.000000000000e-06,3,1.000000000000e-12,3.000000000000e-13,scaled_max_error,-1.138729915839e+00
dt_s,epsilon,3.000000000000e-06,3,1.000000000000e-12,3.000000000000e-13,abs_R16,4.756996472008e-01
dt_s,epsilon,3.000000000000e-06,3,1.000000000000e-12,3.000000000000e-13,abs_R26,-3.588452356238e-02
dt_s,epsilon,3.000000000000e-06,3,1.000000000000e-12,3.000000000000e-13,difference_from_finest_dt,-1.575061454951e-01
dt_s,epsilon,3.000000000000e-06,3,3.000000000000e-13,1.000000000000e-13,scaled_max_error,-9.287781049707e-01
dt_s,epsilon,3.000000000000e-06,3,3.000000000000e-13,1.000000000000e-13,abs_R16,-2.519589329446e+00
dt_s,epsilon,3.000000000000e-06,3,3.000000000000e-13,1.000000000000e-13,abs_R26,-1.470996125853e+00
dt_s,epsilon,1.000000000000e-05,3,3.000000000000e-11,1.000000000000e-11,scaled_max_error,1.955827405476e+00
dt_s,epsilon,1.000000000000e-05,3,3.000000000000e-11,1.000000000000e-11,abs_R16,1.973118202153e+00
dt_s,epsilon,1.000000000000e-05,3,3.000000000000e-11,1.000000000000e-11,abs_R26,1.963632679351e+00
dt_s,epsilon,1.000000000000e-05,3,3.000000000000e-11,1.000000000000e-11,difference_from_finest_dt,1.955779517982e+00
dt_s,epsilon,1.000000000000e-05,3,1.000000000000e-11,3.000000000000e-12,scaled_max_error,2.001326726382e+00
dt_s,epsilon,1.000000000000e-05,3,1.000000000000e-11,3.000000000000e-12,abs_R16,1.982644611635e+00
dt_s,epsilon,1.000000000000e-05,3,1.000000000000e-11,3.000000000000e-12,abs_R26,1.799558979939e+00
dt_s,epsilon,1.000000000000e-05,3,1.000000000000e-11,3.000000000000e-12,difference_from_finest_dt,8.815534259809e-01
dt_s,epsilon,1.000000000000e-05,3,3.000000000000e-12,1.000000000000e-12,scaled_max_error,2.009251234099e+00
dt_s,epsilon,1.000000000000e-05,3,3.000000000000e-12,1.000000000000e-12,abs_R16,1.673644652908e+00
dt_s,epsilon,1.000000000000e-05,3,3.000000000000e-12,1.000000000000e-12,abs_R26,1.189384371311e+00
dt_s,epsilon,1.000000000000e-05,3,3.000000000000e-12,1.000000000000e-12,difference_from_finest_dt,2.191287429193e-01
dt_s,epsilon,1.000000000000e-05,3,1.000000000000e-12,3.000000000000e-13,scaled_max_error,-1.754990721767e+00
dt_s,epsilon,1.000000000000e-05,3,1.000000000000e-12,3.000000000000e-13,abs_R16,-3.116185809479e-01
dt_s,epsilon,1.000000000000e-05,3,1.000000000000e-12,3.000000000000e-13,abs_R26,-6.298272449508e-01
dt_s,epsilon,1.000000000000e-05,3,1.000000000000e-12,3.000000000000e-13,difference_from_finest_dt,-1.350888691716e-01
dt_s,epsilon,1.000000000000e-05,3,3.000000000000e-13,1.000000000000e-13,scaled_max_error,-1.105176246917e+00
dt_s,epsilon,1.000000000000e-05,3,3.000000000000e-13,1.000000000000e-13,abs_R16,-2.838821249813e+00
dt_s,epsilon,1.000000000000e-05,3,3.000000000000e-13,1.000000000000e-13,abs_R26,-1.797112938514e+00
dt_s,epsilon,3.000000000000e-05,3,3.000000000000e-11,1.000000000000e-11,scaled_max_error,1.961545728856e+00
dt_s,epsilon,3.000000000000e-05,3,3.000000000000e-11,1.000000000000e-11,abs_R16,1.961634365987e+00
dt_s,epsilon,3.000000000000e-05,3,3.000000000000e-11,1.000000000000e-11,abs_R26,1.968474584245e+00
dt_s,epsilon,3.000000000000e-05,3,3.000000000000e-11,1.000000000000e-11,difference_from_finest_dt,1.961496865908e+00
dt_s,epsilon,3.000000000000e-05,3,1.000000000000e-11,3.000000000000e-12,scaled_max_error,1.995569116875e+00
dt_s,epsilon,3.000000000000e-05,3,1.000000000000e-11,3.000000000000e-12,abs_R16,1.959704798226e+00
dt_s,epsilon,3.000000000000e-05,3,1.000000000000e-11,3.000000000000e-12,abs_R26,1.955274377326e+00
dt_s,epsilon,3.000000000000e-05,3,1.000000000000e-11,3.000000000000e-12,difference_from_finest_dt,1.995062339809e+00
dt_s,epsilon,3.000000000000e-05,3,3.000000000000e-12,1.000000000000e-12,scaled_max_error,1.923204311646e+00
dt_s,epsilon,3.000000000000e-05,3,3.000000000000e-12,1.000000000000e-12,abs_R16,2.791398129922e+00
dt_s,epsilon,3.000000000000e-05,3,3.000000000000e-12,1.000000000000e-12,abs_R26,1.411075008962e+00
dt_s,epsilon,3.000000000000e-05,3,3.000000000000e-12,1.000000000000e-12,difference_from_finest_dt,8.921765755976e-01
dt_s,epsilon,3.000000000000e-05,3,1.000000000000e-12,3.000000000000e-13,scaled_max_error,-7.132187957125e-01
dt_s,epsilon,3.000000000000e-05,3,1.000000000000e-12,3.000000000000e-13,abs_R16,-1.033232044306e+00
dt_s,epsilon,3.000000000000e-05,3,1.000000000000e-12,3.000000000000e-13,abs_R26,3.224072277163e-01
dt_s,epsilon,3.000000000000e-05,3,1.000000000000e-12,3.000000000000e-13,difference_from_finest_dt,-2.979014424793e-01
dt_s,epsilon,3.000000000000e-05,3,3.000000000000e-13,1.000000000000e-13,scaled_max_error,-3.343063657032e-01
dt_s,epsilon,3.000000000000e-05,3,3.000000000000e-13,1.000000000000e-13,abs_R16,-6.515218477098e-01
dt_s,epsilon,3.000000000000e-05,3,3.000000000000e-13,1.000000000000e-13,abs_R26,-2.648563155398e+00
dt_s,epsilon,1.000000000000e-04,3,3.000000000000e-11,1.000000000000e-11,scaled_max_error,1.955958125108e+00
dt_s,epsilon,1.000000000000e-04,3,3.000000000000e-11,1.000000000000e-11,abs_R16,1.987118391026e+00
dt_s,epsilon,1.000000000000e-04,3,3.000000000000e-11,1.000000000000e-11,abs_R26,1.989317750098e+00
dt_s,epsilon,1.000000000000e-04,3,3.000000000000e-11,1.000000000000e-11,difference_from_finest_dt,1.955909489786e+00
dt_s,epsilon,1.000000000000e-04,3,1.000000000000e-11,3.000000000000e-12,scaled_max_error,2.001430914634e+00
dt_s,epsilon,1.000000000000e-04,3,1.000000000000e-11,3.000000000000e-12,abs_R16,1.994736661811e+00
dt_s,epsilon,1.000000000000e-04,3,1.000000000000e-11,3.000000000000e-12,abs_R26,1.988078000716e+00
dt_s,epsilon,1.000000000000e-04,3,1.000000000000e-11,3.000000000000e-12,difference_from_finest_dt,2.000922160326e+00
dt_s,epsilon,1.000000000000e-04,3,3.000000000000e-12,1.000000000000e-12,scaled_max_error,2.009247262712e+00
dt_s,epsilon,1.000000000000e-04,3,3.000000000000e-12,1.000000000000e-12,abs_R16,1.679757174454e+00
dt_s,epsilon,1.000000000000e-04,3,3.000000000000e-12,1.000000000000e-12,abs_R26,1.434614484870e+00
dt_s,epsilon,1.000000000000e-04,3,3.000000000000e-12,1.000000000000e-12,difference_from_finest_dt,1.310354519327e+00
dt_s,epsilon,1.000000000000e-04,3,1.000000000000e-12,3.000000000000e-13,scaled_max_error,6.335434571152e-01
dt_s,epsilon,1.000000000000e-04,3,1.000000000000e-12,3.000000000000e-13,abs_R16,1.269620801492e+00
dt_s,epsilon,1.000000000000e-04,3,1.000000000000e-12,3.000000000000e-13,abs_R26,1.525515767005e+00
dt_s,epsilon,1.000000000000e-04,3,1.000000000000e-12,3.000000000000e-13,difference_from_finest_dt,3.021009481394e-02
dt_s,epsilon,1.000000000000e-04,3,3.000000000000e-13,1.000000000000e-13,scaled_max_error,-1.301586838330e+00
dt_s,epsilon,1.000000000000e-04,3,3.000000000000e-13,1.000000000000e-13,abs_R16,-1.080117453508e+00
dt_s,epsilon,1.000000000000e-04,3,3.000000000000e-13,1.000000000000e-13,abs_R26,8.224377575740e-02
dt_s,epsilon,3.000000000000e-04,3,3.000000000000e-11,1.000000000000e-11,scaled_max_error,1.955159336344e+00
dt_s,epsilon,3.000000000000e-04,3,3.000000000000e-11,1.000000000000e-11,abs_R16,1.987251717057e+00
dt_s,epsilon,3.000000000000e-04,3,3.000000000000e-11,1.000000000000e-11,abs_R26,1.989355987714e+00
dt_s,epsilon,3.000000000000e-04,3,3.000000000000e-11,1.000000000000e-11,difference_from_finest_dt,1.955110555423e+00
dt_s,epsilon,3.000000000000e-04,3,1.000000000000e-11,3.000000000000e-12,scaled_max_error,2.001319952276e+00
dt_s,epsilon,3.000000000000e-04,3,1.000000000000e-11,3.000000000000e-12,abs_R16,1.985545408740e+00
dt_s,epsilon,3.000000000000e-04,3,1.000000000000e-11,3.000000000000e-12,abs_R26,1.981461100258e+00
dt_s,epsilon,3.000000000000e-04,3,1.000000000000e-11,3.000000000000e-12,difference_from_finest_dt,2.000809691179e+00
dt_s,epsilon,3.000000000000e-04,3,3.000000000000e-12,1.000000000000e-12,scaled_max_error,2.009359310966e+00
dt_s,epsilon,3.000000000000e-04,3,3.000000000000e-12,1.000000000000e-12,abs_R16,2.172834882861e+00
dt_s,epsilon,3.000000000000e-04,3,3.000000000000e-12,1.000000000000e-12,abs_R26,2.130750722894e+00
dt_s,epsilon,3.000000000000e-04,3,3.000000000000e-12,1.000000000000e-12,difference_from_finest_dt,2.004401967364e+00
dt_s,epsilon,3.000000000000e-04,3,1.000000000000e-12,3.000000000000e-13,scaled_max_error,8.786937035108e-01
dt_s,epsilon,3.000000000000e-04,3,1.000000000000e-12,3.000000000000e-13,abs_R16,1.380015355526e+00
dt_s,epsilon,3.000000000000e-04,3,1.000000000000e-12,3.000000000000e-13,abs_R26,1.951626779371e-01
dt_s,epsilon,3.000000000000e-04,3,1.000000000000e-12,3.000000000000e-13,difference_from_finest_dt,1.689682950215e-01
dt_s,epsilon,3.000000000000e-04,3,3.000000000000e-13,1.000000000000e-13,scaled_max_error,-4.856030473329e-01
dt_s,epsilon,3.000000000000e-04,3,3.000000000000e-13,1.000000000000e-13,abs_R16,-1.507111346888e+00
dt_s,epsilon,3.000000000000e-04,3,3.000000000000e-13,1.000000000000e-13,abs_R26,1.276585290805e+00
dt_s,epsilon,1.000000000000e-03,3,3.000000000000e-11,1.000000000000e-11,scaled_max_error,1.956370046369e+00
dt_s,epsilon,1.000000000000e-03,3,3.000000000000e-11,1.000000000000e-11,abs_R16,1.987260691268e+00
dt_s,epsilon,1.000000000000e-03,3,3.000000000000e-11,1.000000000000e-11,abs_R26,1.989581248208e+00
dt_s,epsilon,1.000000000000e-03,3,3.000000000000e-11,1.000000000000e-11,difference_from_finest_dt,1.956319724151e+00
dt_s,epsilon,1.000000000000e-03,3,1.000000000000e-11,3.000000000000e-12,scaled_max_error,2.001168360850e+00
dt_s,epsilon,1.000000000000e-03,3,1.000000000000e-11,3.000000000000e-12,abs_R16,1.987892884090e+00
dt_s,epsilon,1.000000000000e-03,3,1.000000000000e-11,3.000000000000e-12,abs_R26,1.988800031119e+00
dt_s,epsilon,1.000000000000e-03,3,1.000000000000e-11,3.000000000000e-12,difference_from_finest_dt,2.000642180835e+00
dt_s,epsilon,1.000000000000e-03,3,3.000000000000e-12,1.000000000000e-12,scaled_max_error,2.009084083291e+00
dt_s,epsilon,1.000000000000e-03,3,3.000000000000e-12,1.000000000000e-12,abs_R16,1.961331756970e+00
dt_s,epsilon,1.000000000000e-03,3,3.000000000000e-12,1.000000000000e-12,abs_R26,1.932749364692e+00
dt_s,epsilon,1.000000000000e-03,3,3.000000000000e-12,1.000000000000e-12,difference_from_finest_dt,2.003974204385e+00
dt_s,epsilon,1.000000000000e-03,3,1.000000000000e-12,3.000000000000e-13,scaled_max_error,1.849484096262e+00
dt_s,epsilon,1.000000000000e-03,3,1.000000000000e-12,3.000000000000e-13,abs_R16,1.803293008749e+00
dt_s,epsilon,1.000000000000e-03,3,1.000000000000e-12,3.000000000000e-13,abs_R26,2.867071836899e+00
dt_s,epsilon,1.000000000000e-03,3,1.000000000000e-12,3.000000000000e-13,difference_from_finest_dt,1.523491480220e+00
dt_s,epsilon,1.000000000000e-03,3,3.000000000000e-13,1.000000000000e-13,scaled_max_error,-6.849459186550e-01
dt_s,epsilon,1.000000000000e-03,3,3.000000000000e-13,1.000000000000e-13,abs_R16,7.961796604987e-01
dt_s,epsilon,1.000000000000e-03,3,3.000000000000e-13,1.000000000000e-13,abs_R26,-7.263328780191e-01
dt_s,epsilon,3.000000000000e-03,3,3.000000000000e-11,1.000000000000e-11,scaled_max_error,1.955932243214e+00
dt_s,epsilon,3.000000000000e-03,3,3.000000000000e-11,1.000000000000e-11,abs_R16,1.987288823225e+00
dt_s,epsilon,3.000000000000e-03,3,3.000000000000e-11,1.000000000000e-11,abs_R26,1.989597345968e+00
dt_s,epsilon,3.000000000000e-03,3,3.000000000000e-11,1.000000000000e-11,difference_from_finest_dt,1.955883760079e+00
dt_s,epsilon,3.000000000000e-03,3,1.000000000000e-11,3.000000000000e-12,scaled_max_error,2.001605545851e+00
dt_s,epsilon,3.000000000000e-03,3,1.000000000000e-11,3.000000000000e-12,abs_R16,1.989410562139e+00
dt_s,epsilon,3.000000000000e-03,3,1.000000000000e-11,3.000000000000e-12,abs_R26,1.988267870212e+00
dt_s,epsilon,3.000000000000e-03,3,1.000000000000e-11,3.000000000000e-12,difference_from_finest_dt,2.001098263944e+00
dt_s,epsilon,3.000000000000e-03,3,3.000000000000e-12,1.000000000000e-12,scaled_max_error,2.009097380360e+00
dt_s,epsilon,3.000000000000e-03,3,3.000000000000e-12,1.000000000000e-12,abs_R16,1.972714263041e+00
dt_s,epsilon,3.000000000000e-03,3,3.000000000000e-12,1.000000000000e-12,abs_R26,1.991351858803e+00
dt_s,epsilon,3.000000000000e-03,3,3.000000000000e-12,1.000000000000e-12,difference_from_finest_dt,2.004170649174e+00
dt_s,epsilon,3.000000000000e-03,3,1.000000000000e-12,3.000000000000e-13,scaled_max_error,2.146841752757e+00
dt_s,epsilon,3.000000000000e-03,3,1.000000000000e-12,3.000000000000e-13,abs_R16,1.821580686227e+00
dt_s,epsilon,3.000000000000e-03,3,1.000000000000e-12,3.000000000000e-13,abs_R26,1.595001300196e+00
dt_s,epsilon,3.000000000000e-03,3,1.000000000000e-12,3.000000000000e-13,difference_from_finest_dt,1.901721742519e+00
dt_s,epsilon,3.000000000000e-03,3,3.000000000000e-13,1.000000000000e-13,scaled_max_error,2.141483279768e-01
dt_s,epsilon,3.000000000000e-03,3,3.000000000000e-13,1.000000000000e-13,abs_R16,-3.967462039122e-01
dt_s,epsilon,3.000000000000e-03,3,3.000000000000e-13,1.000000000000e-13,abs_R26,2.347621463313e+00
dt_s,epsilon,1.000000000000e-02,3,3.000000000000e-11,1.000000000000e-11,scaled_max_error,1.954338376050e+00
dt_s,epsilon,1.000000000000e-02,3,3.000000000000e-11,1.000000000000e-11,abs_R16,1.987286454606e+00
dt_s,epsilon,1.000000000000e-02,3,3.000000000000e-11,1.000000000000e-11,abs_R26,1.989595952158e+00
dt_s,epsilon,1.000000000000e-02,3,3.000000000000e-11,1.000000000000e-11,difference_from_finest_dt,1.954289536867e+00
dt_s,epsilon,1.000000000000e-02,3,1.000000000000e-11,3.000000000000e-12,scaled_max_error,2.003046241132e+00
dt_s,epsilon,1.000000000000e-02,3,1.000000000000e-11,3.000000000000e-12,abs_R16,1.989094895857e+00
dt_s,epsilon,1.000000000000e-02,3,1.000000000000e-11,3.000000000000e-12,abs_R26,1.988620334210e+00
dt_s,epsilon,1.000000000000e-02,3,1.000000000000e-11,3.000000000000e-12,difference_from_finest_dt,2.002534142272e+00
dt_s,epsilon,1.000000000000e-02,3,3.000000000000e-12,1.000000000000e-12,scaled_max_error,2.009097380360e+00
dt_s,epsilon,1.000000000000e-02,3,3.000000000000e-12,1.000000000000e-12,abs_R16,1.975394266874e+00
dt_s,epsilon,1.000000000000e-02,3,3.000000000000e-12,1.000000000000e-12,abs_R26,1.968555699866e+00
dt_s,epsilon,1.000000000000e-02,3,3.000000000000e-12,1.000000000000e-12,difference_from_finest_dt,2.004124856972e+00
dt_s,epsilon,1.000000000000e-02,3,1.000000000000e-12,3.000000000000e-13,scaled_max_error,2.053017579349e+00
dt_s,epsilon,1.000000000000e-02,3,1.000000000000e-12,3.000000000000e-13,abs_R16,1.821882910038e+00
dt_s,epsilon,1.000000000000e-02,3,1.000000000000e-12,3.000000000000e-13,abs_R26,1.871734149675e+00
dt_s,epsilon,1.000000000000e-02,3,1.000000000000e-12,3.000000000000e-13,difference_from_finest_dt,2.086544016243e+00
dt_s,epsilon,1.000000000000e-02,3,3.000000000000e-13,1.000000000000e-13,scaled_max_error,9.176816968495e-01
dt_s,epsilon,1.000000000000e-02,3,3.000000000000e-13,1.000000000000e-13,abs_R16,2.012985971365e-01
dt_s,epsilon,1.000000000000e-02,3,3.000000000000e-13,1.000000000000e-13,abs_R26,7.627242021415e-01
dt_s,epsilon,3.000000000000e-02,3,3.000000000000e-11,1.000000000000e-11,scaled_max_error,1.960647784027e+00
dt_s,epsilon,3.000000000000e-02,3,3.000000000000e-11,1.000000000000e-11,abs_R16,1.987295921853e+00
dt_s,epsilon,3.000000000000e-02,3,3.000000000000e-11,1.000000000000e-11,abs_R26,1.989610358036e+00
dt_s,epsilon,3.000000000000e-02,3,3.000000000000e-11,1.000000000000e-11,difference_from_finest_dt,1.960598255814e+00
dt_s,epsilon,3.000000000000e-02,3,1.000000000000e-11,3.000000000000e-12,scaled_max_error,1.997037106948e+00
dt_s,epsilon,3.000000000000e-02,3,1.000000000000e-11,3.000000000000e-12,abs_R16,1.989083740406e+00
dt_s,epsilon,3.000000000000e-02,3,1.000000000000e-11,3.000000000000e-12,abs_R26,1.988573767833e+00
dt_s,epsilon,3.000000000000e-02,3,1.000000000000e-11,3.000000000000e-12,difference_from_finest_dt,1.996522367107e+00
dt_s,epsilon,3.000000000000e-02,3,3.000000000000e-12,1.000000000000e-12,scaled_max_error,2.009334623684e+00
dt_s,epsilon,3.000000000000e-02,3,3.000000000000e-12,1.000000000000e-12,abs_R16,1.976928769434e+00
dt_s,epsilon,3.000000000000e-02,3,3.000000000000e-12,1.000000000000e-12,abs_R26,1.975574687136e+00
dt_s,epsilon,3.000000000000e-02,3,3.000000000000e-12,1.000000000000e-12,difference_from_finest_dt,2.004331505836e+00
dt_s,epsilon,3.000000000000e-02,3,1.000000000000e-12,3.000000000000e-13,scaled_max_error,2.053406651827e+00
dt_s,epsilon,3.000000000000e-02,3,1.000000000000e-12,3.000000000000e-13,abs_R16,1.801941787350e+00
dt_s,epsilon,3.000000000000e-02,3,1.000000000000e-12,3.000000000000e-13,abs_R26,1.801087441503e+00
dt_s,epsilon,3.000000000000e-02,3,1.000000000000e-12,3.000000000000e-13,difference_from_finest_dt,2.086011837486e+00
dt_s,epsilon,3.000000000000e-02,3,3.000000000000e-13,1.000000000000e-13,scaled_max_error,1.442636977564e+00
dt_s,epsilon,3.000000000000e-02,3,3.000000000000e-13,1.000000000000e-13,abs_R16,1.186677307174e+00
dt_s,epsilon,3.000000000000e-02,3,3.000000000000e-13,1.000000000000e-13,abs_R26,8.719894823257e-01
dt_s,epsilon,1.000000000000e-01,3,3.000000000000e-11,1.000000000000e-11,scaled_max_error,1.962279011778e+00
dt_s,epsilon,1.000000000000e-01,3,3.000000000000e-11,1.000000000000e-11,abs_R16,1.987241017400e+00
dt_s,epsilon,1.000000000000e-01,3,3.000000000000e-11,1.000000000000e-11,abs_R26,1.989545263105e+00
dt_s,epsilon,1.000000000000e-01,3,3.000000000000e-11,1.000000000000e-11,difference_from_finest_dt,1.962229675726e+00
dt_s,epsilon,1.000000000000e-01,3,1.000000000000e-11,3.000000000000e-12,scaled_max_error,1.995719008326e+00
dt_s,epsilon,1.000000000000e-01,3,1.000000000000e-11,3.000000000000e-12,abs_R16,1.989108808146e+00
dt_s,epsilon,1.000000000000e-01,3,1.000000000000e-11,3.000000000000e-12,abs_R26,1.988635082297e+00
dt_s,epsilon,1.000000000000e-01,3,1.000000000000e-11,3.000000000000e-12,difference_from_finest_dt,1.995207278645e+00
dt_s,epsilon,1.000000000000e-01,3,3.000000000000e-12,1.000000000000e-12,scaled_max_error,2.008872365167e+00
dt_s,epsilon,1.000000000000e-01,3,3.000000000000e-12,1.000000000000e-12,abs_R16,1.975389055224e+00
dt_s,epsilon,1.000000000000e-01,3,3.000000000000e-12,1.000000000000e-12,abs_R26,1.975203555069e+00
dt_s,epsilon,1.000000000000e-01,3,3.000000000000e-12,1.000000000000e-12,difference_from_finest_dt,2.003900464145e+00
dt_s,epsilon,1.000000000000e-01,3,1.000000000000e-12,3.000000000000e-13,scaled_max_error,2.066642618098e+00
dt_s,epsilon,1.000000000000e-01,3,1.000000000000e-12,3.000000000000e-13,abs_R16,1.793756649913e+00
dt_s,epsilon,1.000000000000e-01,3,1.000000000000e-12,3.000000000000e-13,abs_R26,1.805267395798e+00
dt_s,epsilon,1.000000000000e-01,3,1.000000000000e-12,3.000000000000e-13,difference_from_finest_dt,2.086622313442e+00
dt_s,epsilon,1.000000000000e-01,3,3.000000000000e-13,1.000000000000e-13,scaled_max_error,1.273439790579e+00
dt_s,epsilon,1.000000000000e-01,3,3.000000000000e-13,1.000000000000e-13,abs_R16,8.743894154067e-01
dt_s,epsilon,1.000000000000e-01,3,3.000000000000e-13,1.000000000000e-13,abs_R26,8.444669102790e-01
dt_s,epsilon,1.000000000000e-06,4,3.000000000000e-11,1.000000000000e-11,scaled_max_error,1.961140541099e+00
dt_s,epsilon,1.000000000000e-06,4,3.000000000000e-11,1.000000000000e-11,abs_R16,1.966532498215e+00
dt_s,epsilon,1.000000000000e-06,4,3.000000000000e-11,1.000000000000e-11,abs_R26,2.014000911931e+00
dt_s,epsilon,1.000000000000e-06,4,3.000000000000e-11,1.000000000000e-11,difference_from_finest_dt,4.154996987482e-01
dt_s,epsilon,1.000000000000e-06,4,1.000000000000e-11,3.000000000000e-12,scaled_max_error,1.435115601536e+00
dt_s,epsilon,1.000000000000e-06,4,1.000000000000e-11,3.000000000000e-12,abs_R16,1.324934255956e+00
dt_s,epsilon,1.000000000000e-06,4,1.000000000000e-11,3.000000000000e-12,abs_R26,3.641656769334e-01
dt_s,epsilon,1.000000000000e-06,4,1.000000000000e-11,3.000000000000e-12,difference_from_finest_dt,2.142935527739e-02
dt_s,epsilon,1.000000000000e-06,4,3.000000000000e-12,1.000000000000e-12,scaled_max_error,3.617045822277e-01
dt_s,epsilon,1.000000000000e-06,4,3.000000000000e-12,1.000000000000e-12,abs_R16,-1.027817432995e-01
dt_s,epsilon,1.000000000000e-06,4,3.000000000000e-12,1.000000000000e-12,abs_R26,1.499882345968e+00
dt_s,epsilon,1.000000000000e-06,4,3.000000000000e-12,1.000000000000e-12,difference_from_finest_dt,3.341374381083e-02
dt_s,epsilon,1.000000000000e-06,4,1.000000000000e-12,3.000000000000e-13,scaled_max_error,-1.217223196466e+00
dt_s,epsilon,1.000000000000e-06,4,1.000000000000e-12,3.000000000000e-13,abs_R16,-9.385164661899e-01
dt_s,epsilon,1.000000000000e-06,4,1.000000000000e-12,3.000000000000e-13,abs_R26,-1.638767973628e+00
dt_s,epsilon,1.000000000000e-06,4,1.000000000000e-12,3.000000000000e-13,difference_from_finest_dt,8.246994608054e-02
dt_s,epsilon,1.000000000000e-06,4,3.000000000000e-13,1.000000000000e-13,scaled_max_error,-2.094880562385e+00
dt_s,epsilon,1.000000000000e-06,4,3.000000000000e-13,1.000000000000e-13,abs_R16,-1.214734576131e+00
dt_s,epsilon,1.000000000000e-06,4,3.000000000000e-13,1.000000000000e-13,abs_R26,-1.115228351858e+00
dt_s,epsilon,3.000000000000e-06,4,3.000000000000e-11,1.000000000000e-11,scaled_max_error,1.954767462425e+00
dt_s,epsilon,3.000000000000e-06,4,3.000000000000e-11,1.000000000000e-11,abs_R16,1.961744920975e+00
dt_s,epsilon,3.000000000000e-06,4,3.000000000000e-11,1.000000000000e-11,abs_R26,1.921064309105e+00
dt_s,epsilon,3.000000000000e-06,4,3.000000000000e-11,1.000000000000e-11,difference_from_finest_dt,1.468810793641e+00
dt_s,epsilon,3.000000000000e-06,4,1.000000000000e-11,3.000000000000e-12,scaled_max_error,2.001829746139e+00
dt_s,epsilon,3.000000000000e-06,4,1.000000000000e-11,3.000000000000e-12,abs_R16,1.544995829957e+00
dt_s,epsilon,3.000000000000e-06,4,1.000000000000e-11,3.000000000000e-12,abs_R26,2.319681511178e+00
dt_s,epsilon,3.000000000000e-06,4,1.000000000000e-11,3.000000000000e-12,difference_from_finest_dt,4.668316268739e-01
dt_s,epsilon,3.000000000000e-06,4,3.000000000000e-12,1.000000000000e-12,scaled_max_error,-5.325956691147e-01
dt_s,epsilon,3.000000000000e-06,4,3.000000000000e-12,1.000000000000e-12,abs_R16,3.342886602985e+00
dt_s,epsilon,3.000000000000e-06,4,3.000000000000e-12,1.000000000000e-12,abs_R26,-1.709416437740e+00
dt_s,epsilon,3.000000000000e-06,4,3.000000000000e-12,1.000000000000e-12,difference_from_finest_dt,-6.308502095771e-02
dt_s,epsilon,3.000000000000e-06,4,1.000000000000e-12,3.000000000000e-13,scaled_max_error,2.338209001129e-01
dt_s,epsilon,3.000000000000e-06,4,1.000000000000e-12,3.000000000000e-13,abs_R16,-3.658985274298e+00
dt_s,epsilon,3.000000000000e-06,4,1.000000000000e-12,3.000000000000e-13,abs_R26,-7.348441731550e-01
dt_s,epsilon,3.000000000000e-06,4,1.000000000000e-12,3.000000000000e-13,difference_from_finest_dt,1.706162047933e-01
dt_s,epsilon,3.000000000000e-06,4,3.000000000000e-13,1.000000000000e-13,scaled_max_error,-1.834387973032e+00
dt_s,epsilon,3.000000000000e-06,4,3.000000000000e-13,1.000000000000e-13,abs_R16,-9.875451549000e-01
dt_s,epsilon,3.000000000000e-06,4,3.000000000000e-13,1.000000000000e-13,abs_R26,6.525603082939e-01
dt_s,epsilon,1.000000000000e-05,4,3.000000000000e-11,1.000000000000e-11,scaled_max_error,1.955713209569e+00
dt_s,epsilon,1.000000000000e-05,4,3.000000000000e-11,1.000000000000e-11,abs_R16,1.962421098934e+00
dt_s,epsilon,1.000000000000e-05,4,3.000000000000e-11,1.000000000000e-11,abs_R26,1.964434651652e+00
dt_s,epsilon,1.000000000000e-05,4,3.000000000000e-11,1.000000000000e-11,difference_from_finest_dt,1.796335001390e+00
dt_s,epsilon,1.000000000000e-05,4,1.000000000000e-11,3.000000000000e-12,scaled_max_error,1.882167256887e+00
dt_s,epsilon,1.000000000000e-05,4,1.000000000000e-11,3.000000000000e-12,abs_R16,1.981883681040e+00
dt_s,epsilon,1.000000000000e-05,4,1.000000000000e-11,3.000000000000e-12,abs_R26,2.807948411653e+00
dt_s,epsilon,1.000000000000e-05,4,1.000000000000e-11,3.000000000000e-12,difference_from_finest_dt,5.321341174878e-01
dt_s,epsilon,1.000000000000e-05,4,3.000000000000e-12,1.000000000000e-12,scaled_max_error,1.491971463092e+00
dt_s,epsilon,1.000000000000e-05,4,3.000000000000e-12,1.000000000000e-12,abs_R16,7.983956571366e-01
dt_s,epsilon,1.000000000000e-05,4,3.000000000000e-12,1.000000000000e-12,abs_R26,-1.373201615553e+00
dt_s,epsilon,1.000000000000e-05,4,3.000000000000e-12,1.000000000000e-12,difference_from_finest_dt,1.415099021655e-01
dt_s,epsilon,1.000000000000e-05,4,1.000000000000e-12,3.000000000000e-13,scaled_max_error,-1.960907811055e+00
dt_s,epsilon,1.000000000000e-05,4,1.000000000000e-12,3.000000000000e-13,abs_R16,-1.443376401485e+00
dt_s,epsilon,1.000000000000e-05,4,1.000000000000e-12,3.000000000000e-13,abs_R26,-1.137405881925e-01
dt_s,epsilon,1.000000000000e-05,4,1.000000000000e-12,3.000000000000e-13,difference_from_finest_dt,-1.042341042048e-01
dt_s,epsilon,1.000000000000e-05,4,3.000000000000e-13,1.000000000000e-13,scaled_max_error,-8.399055090209e-01
dt_s,epsilon,1.000000000000e-05,4,3.000000000000e-13,1.000000000000e-13,abs_R16,-8.352122909608e-01
dt_s,epsilon,1.000000000000e-05,4,3.000000000000e-13,1.000000000000e-13,abs_R26,-1.414374320003e+00
dt_s,epsilon,3.000000000000e-05,4,3.000000000000e-11,1.000000000000e-11,scaled_max_error,1.953843921702e+00
dt_s,epsilon,3.000000000000e-05,4,3.000000000000e-11,1.000000000000e-11,abs_R16,1.969645177144e+00
dt_s,epsilon,3.000000000000e-05,4,3.000000000000e-11,1.000000000000e-11,abs_R26,1.965931001576e+00
dt_s,epsilon,3.000000000000e-05,4,3.000000000000e-11,1.000000000000e-11,difference_from_finest_dt,1.953795263029e+00
dt_s,epsilon,3.000000000000e-05,4,1.000000000000e-11,3.000000000000e-12,scaled_max_error,2.003333745452e+00
dt_s,epsilon,3.000000000000e-05,4,1.000000000000e-11,3.000000000000e-12,abs_R16,2.036541617776e+00
dt_s,epsilon,3.000000000000e-05,4,1.000000000000e-11,3.000000000000e-12,abs_R26,1.966390917834e+00
dt_s,epsilon,3.000000000000e-05,4,1.000000000000e-11,3.000000000000e-12,difference_from_finest_dt,1.880276678287e+00
dt_s,epsilon,3.000000000000e-05,4,3.000000000000e-12,1.000000000000e-12,scaled_max_error,1.891409657798e+00
dt_s,epsilon,3.000000000000e-05,4,3.000000000000e-12,1.000000000000e-12,abs_R16,1.147656602373e+00
dt_s,epsilon,3.000000000000e-05,4,3.000000000000e-12,1.000000000000e-12,abs_R26,1.128889755598e+00
dt_s,epsilon,3.000000000000e-05,4,3.000000000000e-12,1.000000000000e-12,difference_from_finest_dt,-8.447176516586e-04
dt_s,epsilon,3.000000000000e-05,4,1.000000000000e-12,3.000000000000e-13,scaled_max_error,-1.259451491406e+00
dt_s,epsilon,3.000000000000e-05,4,1.000000000000e-12,3.000000000000e-13,abs_R16,-9.180961583639e-01
dt_s,epsilon,3.000000000000e-05,4,1.000000000000e-12,3.000000000000e-13,abs_R26,7.973292485521e-01
dt_s,epsilon,3.000000000000e-05,4,1.000000000000e-12,3.000000000000e-13,difference_from_finest_dt,1.677075774658e-01
dt_s,epsilon,3.000000000000e-05,4,3.000000000000e-13,1.000000000000e-13,scaled_max_error,-7.401537680058e-01
dt_s,epsilon,3.000000000000e-05,4,3.000000000000e-13,1.000000000000e-13,abs_R16,-1.231070404918e+00
dt_s,epsilon,3.000000000000e-05,4,3.000000000000e-13,1.000000000000e-13,abs_R26,-4.452168638833e-01
dt_s,epsilon,1.000000000000e-04,4,3.000000000000e-11,1.000000000000e-11,scaled_max_error,1.960462380319e+00
dt_s,epsilon,1.000000000000e-04,4,3.000000000000e-11,1.000000000000e-11,abs_R16,1.987361952832e+00
dt_s,epsilon,1.000000000000e-04,4,3.000000000000e-11,1.000000000000e-11,abs_R26,1.989405859606e+00
dt_s,epsilon,1.000000000000e-04,4,3.000000000000e-11,1.000000000000e-11,difference_from_finest_dt,1.960411290724e+00
dt_s,epsilon,1.000000000000e-04,4,1.000000000000e-11,3.000000000000e-12,scaled_max_error,1.996615469965e+00
dt_s,epsilon,1.000000000000e-04,4,1.000000000000e-11,3.000000000000e-12,abs_R16,1.978224692492e+00
dt_s,epsilon,1.000000000000e-04,4,1.000000000000e-11,3.000000000000e-12,abs_R26,2.007450568377e+00
dt_s,epsilon,1.000000000000e-04,4,1.000000000000e-11,3.000000000000e-12,difference_from_finest_dt,1.996084790489e+00
dt_s,epsilon,1.000000000000e-04,4,3.000000000000e-12,1.000000000000e-12,scaled_max_error,2.008966131382e+00
dt_s,epsilon,1.000000000000e-04,4,3.000000000000e-12,1.000000000000e-12,abs_R16,2.725230157885e+00
dt_s,epsilon,1.000000000000e-04,4,3.000000000000e-12,1.000000000000e-12,abs_R26,2.907544744568e+00
dt_s,epsilon,1.000000000000e-04,4,3.000000000000e-12,1.000000000000e-12,difference_from_finest_dt,5.678322482831e-01
dt_s,epsilon,1.000000000000e-04,4,1.000000000000e-12,3.000000000000e-13,scaled_max_error,3.982191157051e-01
dt_s,epsilon,1.000000000000e-04,4,1.000000000000e-12,3.000000000000e-13,abs_R16,-1.025700314204e+00
dt_s,epsilon,1.000000000000e-04,4,1.000000000000e-12,3.000000000000e-13,abs_R26,-1.978394659215e+00
dt_s,epsilon,1.000000000000e-04,4,1.000000000000e-12,3.000000000000e-13,difference_from_finest_dt,-6.130127200856e-02
dt_s,epsilon,1.000000000000e-04,4,3.000000000000e-13,1.000000000000e-13,scaled_max_error,-1.849127229296e+00
dt_s,epsilon,1.000000000000e-04,4,3.000000000000e-13,1.000000000000e-13,abs_R16,-1.996678985434e+00
dt_s,epsilon,1.000000000000e-04,4,3.000000000000e-13,1.000000000000e-13,abs_R26,3.210658666704e+00
dt_s,epsilon,3.000000000000e-04,4,3.000000000000e-11,1.000000000000e-11,scaled_max_error,1.961579272278e+00
dt_s,epsilon,3.000000000000e-04,4,3.000000000000e-11,1.000000000000e-11,abs_R16,1.987315302731e+00
dt_s,epsilon,3.000000000000e-04,4,3.000000000000e-11,1.000000000000e-11,abs_R26,1.990029327315e+00
dt_s,epsilon,3.000000000000e-04,4,3.000000000000e-11,1.000000000000e-11,difference_from_finest_dt,1.961530560203e+00
dt_s,epsilon,3.000000000000e-04,4,1.000000000000e-11,3.000000000000e-12,scaled_max_error,1.995643700656e+00
dt_s,epsilon,3.000000000000e-04,4,1.000000000000e-11,3.000000000000e-12,abs_R16,1.991635769439e+00
dt_s,epsilon,3.000000000000e-04,4,1.000000000000e-11,3.000000000000e-12,abs_R26,1.990705313647e+00
dt_s,epsilon,3.000000000000e-04,4,1.000000000000e-11,3.000000000000e-12,difference_from_finest_dt,1.995138440409e+00
dt_s,epsilon,3.000000000000e-04,4,3.000000000000e-12,1.000000000000e-12,scaled_max_error,2.009251234099e+00
dt_s,epsilon,3.000000000000e-04,4,3.000000000000e-12,1.000000000000e-12,abs_R16,1.975338084785e+00
dt_s,epsilon,3.000000000000e-04,4,3.000000000000e-12,1.000000000000e-12,abs_R26,1.753087683706e+00
dt_s,epsilon,3.000000000000e-04,4,3.000000000000e-12,1.000000000000e-12,difference_from_finest_dt,1.442050656247e+00
dt_s,epsilon,3.000000000000e-04,4,1.000000000000e-12,3.000000000000e-13,scaled_max_error,9.768774386118e-01
dt_s,epsilon,3.000000000000e-04,4,1.000000000000e-12,3.000000000000e-13,abs_R16,3.543610065884e-01
dt_s,epsilon,3.000000000000e-04,4,1.000000000000e-12,3.000000000000e-13,abs_R26,3.117206904896e-01
dt_s,epsilon,3.000000000000e-04,4,1.000000000000e-12,3.000000000000e-13,difference_from_finest_dt,1.866055337570e-01
dt_s,epsilon,3.000000000000e-04,4,3.000000000000e-13,1.000000000000e-13,scaled_max_error,-1.537220311087e+00
dt_s,epsilon,3.000000000000e-04,4,3.000000000000e-13,1.000000000000e-13,abs_R16,-1.112375470364e+00
dt_s,epsilon,3.000000000000e-04,4,3.000000000000e-13,1.000000000000e-13,abs_R26,1.267532197279e+00
dt_s,epsilon,1.000000000000e-03,4,3.000000000000e-11,1.000000000000e-11,scaled_max_error,1.955292044554e+00
dt_s,epsilon,1.000000000000e-03,4,3.000000000000e-11,1.000000000000e-11,abs_R16,1.987289545320e+00
dt_s,epsilon,1.000000000000e-03,4,3.000000000000e-11,1.000000000000e-11,abs_R26,1.989699691965e+00
dt_s,epsilon,1.000000000000e-03,4,3.000000000000e-11,1.000000000000e-11,difference_from_finest_dt,1.955242944844e+00
dt_s,epsilon,1.000000000000e-03,4,1.000000000000e-11,3.000000000000e-12,scaled_max_error,2.001307289649e+00
dt_s,epsilon,1.000000000000e-03,4,1.000000000000e-11,3.000000000000e-12,abs_R16,1.987182489229e+00
dt_s,epsilon,1.000000000000e-03,4,1.000000000000e-11,3.000000000000e-12,abs_R26,1.987868682413e+00
dt_s,epsilon,1.000000000000e-03,4,1.000000000000e-11,3.000000000000e-12,difference_from_finest_dt,2.000793713541e+00
dt_s,epsilon,1.000000000000e-03,4,3.000000000000e-12,1.000000000000e-12,scaled_max_error,2.009085982739e+00
dt_s,epsilon,1.000000000000e-03,4,3.000000000000e-12,1.000000000000e-12,abs_R16,1.925255761689e+00
dt_s,epsilon,1.000000000000e-03,4,3.000000000000e-12,1.000000000000e-12,abs_R26,1.910120145167e+00
dt_s,epsilon,1.000000000000e-03,4,3.000000000000e-12,1.000000000000e-12,difference_from_finest_dt,2.004098201857e+00
dt_s,epsilon,1.000000000000e-03,4,1.000000000000e-12,3.000000000000e-13,scaled_max_error,1.574551250414e+00
dt_s,epsilon,1.000000000000e-03,4,1.000000000000e-12,3.000000000000e-13,abs_R16,4.132967973931e+00
dt_s,epsilon,1.000000000000e-03,4,1.000000000000e-12,3.000000000000e-13,abs_R26,1.666530534105e+00
dt_s,epsilon,1.000000000000e-03,4,1.000000000000e-12,3.000000000000e-13,difference_from_finest_dt,9.389073513946e-01
dt_s,epsilon,1.000000000000e-03,4,3.000000000000e-13,1.000000000000e-13,scaled_max_error,-1.048135169842e+00
dt_s,epsilon,1.000000000000e-03,4,3.000000000000e-13,1.000000000000e-13,abs_R16,-4.177376639915e+00
dt_s,epsilon,1.000000000000e-03,4,3.000000000000e-13,1.000000000000e-13,abs_R26,-1.096713096511e+00
dt_s,epsilon,3.000000000000e-03,4,3.000000000000e-11,1.000000000000e-11,scaled_max_error,1.955707105737e+00
dt_s,epsilon,3.000000000000e-03,4,3.000000000000e-11,1.000000000000e-11,abs_R16,1.987295587389e+00
dt_s,epsilon,3.000000000000e-03,4,3.000000000000e-11,1.000000000000e-11,abs_R26,1.989611051699e+00
dt_s,epsilon,3.000000000000e-03,4,3.000000000000e-11,1.000000000000e-11,difference_from_finest_dt,1.955658622459e+00
dt_s,epsilon,3.000000000000e-03,4,1.000000000000e-11,3.000000000000e-12,scaled_max_error,2.001350656327e+00
dt_s,epsilon,3.000000000000e-03,4,1.000000000000e-11,3.000000000000e-12,abs_R16,1.988300163036e+00
dt_s,epsilon,3.000000000000e-03,4,1.000000000000e-11,3.000000000000e-12,abs_R26,1.988952582361e+00
dt_s,epsilon,3.000000000000e-03,4,1.000000000000e-11,3.000000000000e-12,difference_from_finest_dt,2.000843527324e+00
dt_s,epsilon,3.000000000000e-03,4,3.000000000000e-12,1.000000000000e-12,scaled_max_error,2.009327027410e+00
dt_s,epsilon,3.000000000000e-03,4,3.000000000000e-12,1.000000000000e-12,abs_R16,1.996818843790e+00
dt_s,epsilon,3.000000000000e-03,4,3.000000000000e-12,1.000000000000e-12,abs_R26,1.977012741741e+00
dt_s,epsilon,3.000000000000e-03,4,3.000000000000e-12,1.000000000000e-12,difference_from_finest_dt,2.004400235333e+00
dt_s,epsilon,3.000000000000e-03,4,1.000000000000e-12,3.000000000000e-13,scaled_max_error,1.681679600946e+00
dt_s,epsilon,3.000000000000e-03,4,1.000000000000e-12,3.000000000000e-13,abs_R16,1.794614740168e+00
dt_s,epsilon,3.000000000000e-03,4,1.000000000000e-12,3.000000000000e-13,abs_R26,1.100904760800e+00
dt_s,epsilon,3.000000000000e-03,4,1.000000000000e-12,3.000000000000e-13,difference_from_finest_dt,1.696316823396e+00
dt_s,epsilon,3.000000000000e-03,4,3.000000000000e-13,1.000000000000e-13,scaled_max_error,6.582296230758e-02
dt_s,epsilon,3.000000000000e-03,4,3.000000000000e-13,1.000000000000e-13,abs_R16,-2.032756285165e-01
dt_s,epsilon,3.000000000000e-03,4,3.000000000000e-13,1.000000000000e-13,abs_R26,3.635013731595e+00
dt_s,epsilon,1.000000000000e-02,4,3.000000000000e-11,1.000000000000e-11,scaled_max_error,1.956151285236e+00
dt_s,epsilon,1.000000000000e-02,4,3.000000000000e-11,1.000000000000e-11,abs_R16,1.987280119908e+00
dt_s,epsilon,1.000000000000e-02,4,3.000000000000e-11,1.000000000000e-11,abs_R26,1.989604522920e+00
dt_s,epsilon,1.000000000000e-02,4,3.000000000000e-11,1.000000000000e-11,difference_from_finest_dt,1.956102021161e+00
dt_s,epsilon,1.000000000000e-02,4,1.000000000000e-11,3.000000000000e-12,scaled_max_error,2.001183004520e+00
dt_s,epsilon,1.000000000000e-02,4,1.000000000000e-11,3.000000000000e-12,abs_R16,1.989065863447e+00
dt_s,epsilon,1.000000000000e-02,4,1.000000000000e-11,3.000000000000e-12,abs_R26,1.988680660197e+00
dt_s,epsilon,1.000000000000e-02,4,1.000000000000e-11,3.000000000000e-12,difference_from_finest_dt,2.000667858641e+00
dt_s,epsilon,1.000000000000e-02,4,3.000000000000e-12,1.000000000000e-12,scaled_max_error,2.009066816939e+00
dt_s,epsilon,1.000000000000e-02,4,3.000000000000e-12,1.000000000000e-12,abs_R16,1.976010099400e+00
dt_s,epsilon,1.000000000000e-02,4,3.000000000000e-12,1.000000000000e-12,abs_R26,1.972704119734e+00
dt_s,epsilon,1.000000000000e-02,4,3.000000000000e-12,1.000000000000e-12,difference_from_finest_dt,2.004063881509e+00
dt_s,epsilon,1.000000000000e-02,4,1.000000000000e-12,3.000000000000e-13,scaled_max_error,2.146857508118e+00
dt_s,epsilon,1.000000000000e-02,4,1.000000000000e-12,3.000000000000e-13,abs_R16,1.731413820325e+00
dt_s,epsilon,1.000000000000e-02,4,1.000000000000e-12,3.000000000000e-13,abs_R26,1.555765859454e+00
dt_s,epsilon,1.000000000000e-02,4,1.000000000000e-12,3.000000000000e-13,difference_from_finest_dt,2.086397886117e+00
dt_s,epsilon,1.000000000000e-02,4,3.000000000000e-13,1.000000000000e-13,scaled_max_error,1.388957303614e-01
dt_s,epsilon,1.000000000000e-02,4,3.000000000000e-13,1.000000000000e-13,abs_R16,2.442745487473e+00
dt_s,epsilon,1.000000000000e-02,4,3.000000000000e-13,1.000000000000e-13,abs_R26,3.733270620911e+00
dt_s,epsilon,3.000000000000e-02,4,3.000000000000e-11,1.000000000000e-11,scaled_max_error,1.960410274420e+00
dt_s,epsilon,3.000000000000e-02,4,3.000000000000e-11,1.000000000000e-11,abs_R16,1.987287264019e+00
dt_s,epsilon,3.000000000000e-02,4,3.000000000000e-11,1.000000000000e-11,abs_R26,1.989595876648e+00
dt_s,epsilon,3.000000000000e-02,4,3.000000000000e-11,1.000000000000e-11,difference_from_finest_dt,1.960361204523e+00
dt_s,epsilon,3.000000000000e-02,4,1.000000000000e-11,3.000000000000e-12,scaled_max_error,1.997133478748e+00
dt_s,epsilon,3.000000000000e-02,4,1.000000000000e-11,3.000000000000e-12,abs_R16,1.989164248047e+00
dt_s,epsilon,3.000000000000e-02,4,1.000000000000e-11,3.000000000000e-12,abs_R26,1.988637608360e+00
dt_s,epsilon,3.000000000000e-02,4,1.000000000000e-11,3.000000000000e-12,difference_from_finest_dt,1.996623418041e+00
dt_s,epsilon,3.000000000000e-02,4,3.000000000000e-12,1.000000000000e-12,scaled_max_error,2.009279722878e+00
dt_s,epsilon,3.000000000000e-02,4,3.000000000000e-12,1.000000000000e-12,abs_R16,1.972984726738e+00
dt_s,epsilon,3.000000000000e-02,4,3.000000000000e-12,1.000000000000e-12,abs_R26,1.977660964678e+00
dt_s,epsilon,3.000000000000e-02,4,3.000000000000e-12,1.000000000000e-12,difference_from_finest_dt,2.004322339267e+00
dt_s,epsilon,3.000000000000e-02,4,1.000000000000e-12,3.000000000000e-13,scaled_max_error,2.061646608733e+00
dt_s,epsilon,3.000000000000e-02,4,1.000000000000e-12,3.000000000000e-13,abs_R16,1.799360978598e+00
dt_s,epsilon,3.000000000000e-02,4,1.000000000000e-12,3.000000000000e-13,abs_R26,1.717415506599e+00
dt_s,epsilon,3.000000000000e-02,4,1.000000000000e-12,3.000000000000e-13,difference_from_finest_dt,2.087494471910e+00
dt_s,epsilon,3.000000000000e-02,4,3.000000000000e-13,1.000000000000e-13,scaled_max_error,1.363216218792e+00
dt_s,epsilon,3.000000000000e-02,4,3.000000000000e-13,1.000000000000e-13,abs_R16,8.260841460348e-01
dt_s,epsilon,3.000000000000e-02,4,3.000000000000e-13,1.000000000000e-13,abs_R26,1.366139353597e+00
dt_s,epsilon,1.000000000000e-01,4,3.000000000000e-11,1.000000000000e-11,scaled_max_error,1.959205008882e+00
dt_s,epsilon,1.000000000000e-01,4,3.000000000000e-11,1.000000000000e-11,abs_R16,1.987285281725e+00
dt_s,epsilon,1.000000000000e-01,4,3.000000000000e-11,1.000000000000e-11,abs_R26,1.989598888526e+00
dt_s,epsilon,1.000000000000e-01,4,3.000000000000e-11,1.000000000000e-11,difference_from_finest_dt,1.959154154456e+00
dt_s,epsilon,1.000000000000e-01,4,1.000000000000e-11,3.000000000000e-12,scaled_max_error,1.997457172981e+00
dt_s,epsilon,1.000000000000e-01,4,1.000000000000e-11,3.000000000000e-12,abs_R16,1.989059924443e+00
dt_s,epsilon,1.000000000000e-01,4,1.000000000000e-11,3.000000000000e-12,abs_R26,1.988579357490e+00
dt_s,epsilon,1.000000000000e-01,4,1.000000000000e-11,3.000000000000e-12,difference_from_finest_dt,1.996928250869e+00
dt_s,epsilon,1.000000000000e-01,4,3.000000000000e-12,1.000000000000e-12,scaled_max_error,2.009353435856e+00
dt_s,epsilon,1.000000000000e-01,4,3.000000000000e-12,1.000000000000e-12,abs_R16,1.975848128728e+00
dt_s,epsilon,1.000000000000e-01,4,3.000000000000e-12,1.000000000000e-12,abs_R26,1.975891368556e+00
dt_s,epsilon,1.000000000000e-01,4,3.000000000000e-12,1.000000000000e-12,difference_from_finest_dt,2.004213041146e+00
dt_s,epsilon,1.000000000000e-01,4,1.000000000000e-12,3.000000000000e-13,scaled_max_error,2.070264368223e+00
dt_s,epsilon,1.000000000000e-01,4,1.000000000000e-12,3.000000000000e-13,abs_R16,1.816226617553e+00
dt_s,epsilon,1.000000000000e-01,4,1.000000000000e-12,3.000000000000e-13,abs_R26,1.779891867067e+00
dt_s,epsilon,1.000000000000e-01,4,1.000000000000e-12,3.000000000000e-13,difference_from_finest_dt,2.084818645173e+00
dt_s,epsilon,1.000000000000e-01,4,3.000000000000e-13,1.000000000000e-13,scaled_max_error,1.400245363477e+00
dt_s,epsilon,1.000000000000e-01,4,3.000000000000e-13,1.000000000000e-13,abs_R16,9.597134404721e-01
dt_s,epsilon,1.000000000000e-01,4,3.000000000000e-13,1.000000000000e-13,abs_R26,1.010591774166e+00
epsilon,dt_s,1.000000000000e-13,0,1.000000000000e-01,3.000000000000e-02,scaled_max_error,2.010286666491e+00
epsilon,dt_s,1.000000000000e-13,0,1.000000000000e-01,3.000000000000e-02,abs_R16,2.015241464199e+00
epsilon,dt_s,1.000000000000e-13,0,1.000000000000e-01,3.000000000000e-02,abs_R26,2.014518319759e+00
epsilon,dt_s,1.000000000000e-13,0,3.000000000000e-02,1.000000000000e-02,scaled_max_error,2.000979074858e+00
epsilon,dt_s,1.000000000000e-13,0,3.000000000000e-02,1.000000000000e-02,abs_R16,2.001419963143e+00
epsilon,dt_s,1.000000000000e-13,0,3.000000000000e-02,1.000000000000e-02,abs_R26,2.001350398003e+00
epsilon,dt_s,1.000000000000e-13,0,1.000000000000e-02,3.000000000000e-03,scaled_max_error,2.000050687899e+00
epsilon,dt_s,1.000000000000e-13,0,1.000000000000e-02,3.000000000000e-03,abs_R16,1.999764663928e+00
epsilon,dt_s,1.000000000000e-13,0,1.000000000000e-02,3.000000000000e-03,abs_R26,1.999677278313e+00
epsilon,dt_s,1.000000000000e-13,0,3.000000000000e-03,1.000000000000e-03,scaled_max_error,1.999515430216e+00
epsilon,dt_s,1.000000000000e-13,0,3.000000000000e-03,1.000000000000e-03,abs_R16,1.998245510303e+00
epsilon,dt_s,1.000000000000e-13,0,3.000000000000e-03,1.000000000000e-03,abs_R26,2.000685419818e+00
epsilon,dt_s,1.000000000000e-13,0,1.000000000000e-03,3.000000000000e-04,scaled_max_error,1.995011207270e+00
epsilon,dt_s,1.000000000000e-13,0,1.000000000000e-03,3.000000000000e-04,abs_R16,1.967365035779e+00
epsilon,dt_s,1.000000000000e-13,0,1.000000000000e-03,3.000000000000e-04,abs_R26,2.044059940842e+00
epsilon,dt_s,1.000000000000e-13,0,3.000000000000e-04,1.000000000000e-04,scaled_max_error,1.479967553287e+00
epsilon,dt_s,1.000000000000e-13,0,3.000000000000e-04,1.000000000000e-04,abs_R16,2.501697399571e+00
epsilon,dt_s,1.000000000000e-13,0,3.000000000000e-04,1.000000000000e-04,abs_R26,4.537021107918e-01
epsilon,dt_s,1.000000000000e-13,0,1.000000000000e-04,3.000000000000e-05,scaled_max_error,-1.134417444378e+00
epsilon,dt_s,1.000000000000e-13,0,1.000000000000e-04,3.000000000000e-05,abs_R16,-1.264251529854e+00
epsilon,dt_s,1.000000000000e-13,0,1.000000000000e-04,3.000000000000e-05,abs_R26,-2.486710899020e-01
epsilon,dt_s,1.000000000000e-13,0,3.000000000000e-05,1.000000000000e-05,scaled_max_error,-1.105895670908e-01
epsilon,dt_s,1.000000000000e-13,0,3.000000000000e-05,1.000000000000e-05,abs_R16,-9.307962960440e-01
epsilon,dt_s,1.000000000000e-13,0,3.000000000000e-05,1.000000000000e-05,abs_R26,-1.502726328686e+00
epsilon,dt_s,1.000000000000e-13,0,1.000000000000e-05,3.000000000000e-06,scaled_max_error,-1.408979570941e+00
epsilon,dt_s,1.000000000000e-13,0,1.000000000000e-05,3.000000000000e-06,abs_R16,-1.807102679213e-01
epsilon,dt_s,1.000000000000e-13,0,1.000000000000e-05,3.000000000000e-06,abs_R26,-1.660381032363e+00
epsilon,dt_s,1.000000000000e-13,0,3.000000000000e-06,1.000000000000e-06,scaled_max_error,-1.125735246389e+00
epsilon,dt_s,1.000000000000e-13,0,3.000000000000e-06,1.000000000000e-06,abs_R16,-3.718274428147e+00
epsilon,dt_s,1.000000000000e-13,0,3.000000000000e-06,1.000000000000e-06,abs_R26,1.813626389216e-01
epsilon,dt_s,3.000000000000e-13,0,1.000000000000e-01,3.000000000000e-02,scaled_max_error,2.010293370759e+00
epsilon,dt_s,3.000000000000e-13,0,1.000000000000e-01,3.000000000000e-02,abs_R16,2.015233059458e+00
epsilon,dt_s,3.000000000000e-13,0,1.000000000000e-01,3.000000000000e-02,abs_R26,2.014508367437e+00
epsilon,dt_s,3.000000000000e-13,0,1.000000000000e-01,3.000000000000e-02,difference_from_finest_dt,1.489019924692e-02
epsilon,dt_s,3.000000000000e-13,0,3.000000000000e-02,1.000000000000e-02,scaled_max_error,2.001043630287e+00
epsilon,dt_s,3.000000000000e-13,0,3.000000000000e-02,1.000000000000e-02,abs_R16,2.001335990465e+00
epsilon,dt_s,3.000000000000e-13,0,3.000000000000e-02,1.000000000000e-02,abs_R26,2.001245065654e+00
epsilon,dt_s,3.000000000000e-13,0,3.000000000000e-02,1.000000000000e-02,difference_from_finest_dt,1.901816776674e-03
epsilon,dt_s,3.000000000000e-13,0,1.000000000000e-02,3.000000000000e-03,scaled_max_error,2.000720998120e+00
epsilon,dt_s,3.000000000000e-13,0,1.000000000000e-02,3.000000000000e-03,abs_R16,1.998926913981e+00
epsilon,dt_s,3.000000000000e-13,0,1.000000000000e-02,3.000000000000e-03,abs_R26,1.998767235780e+00
epsilon,dt_s,3.000000000000e-13,0,1.000000000000e-02,3.000000000000e-03,difference_from_finest_dt,1.930638883140e-04
epsilon,dt_s,3.000000000000e-13,0,3.000000000000e-03,1.000000000000e-03,scaled_max_error,2.005996967898e+00
epsilon,dt_s,3.000000000000e-13,0,3.000000000000e-03,1.000000000000e-03,abs_R16,1.987410026469e+00
epsilon,dt_s,3.000000000000e-13,0,3.000000000000e-03,1.000000000000e-03,abs_R26,1.985870594443e+00
epsilon,dt_s,3.000000000000e-13,0,3.000000000000e-03,1.000000000000e-03,difference_from_finest_dt,-2.115417710157e-04
epsilon,dt_s,3.000000000000e-13,0,1.000000000000e-03,3.000000000000e-04,scaled_max_error,2.064836729115e+00
epsilon,dt_s,3.000000000000e-13,0,1.000000000000e-03,3.000000000000e-04,abs_R16,1.917559603929e+00
epsilon,dt_s,3.000000000000e-13,0,1.000000000000e-03,3.000000000000e-04,abs_R26,1.818487616473e+00
epsilon,dt_s,3.000000000000e-13,0,1.000000000000e-03,3.000000000000e-04,difference_from_finest_dt,1.158954091569e-03
epsilon,dt_s,3.000000000000e-13,0,3.000000000000e-04,1.000000000000e-04,scaled_max_error,1.800177687793e+00
epsilon,dt_s,3.000000000000e-13,0,3.000000000000e-04,1.000000000000e-04,abs_R16,1.994083525117e+00
epsilon,dt_s,3.000000000000e-13,0,3.000000000000e-04,1.000000000000e-04,abs_R26,6.288355845838e-01
epsilon,dt_s,3.000000000000e-13,0,3.000000000000e-04,1.000000000000e-04,difference_from_finest_dt,-1.001643755980e+00
epsilon,dt_s,3.000000000000e-13,0,1.000000000000e-04,3.000000000000e-05,scaled_max_error,-1.695013593480e-01
epsilon,dt_s,3.000000000000e-13,0,1.000000000000e-04,3.000000000000e-05,abs_R16,-7.624464438683e-01
epsilon,dt_s,3.000000000000e-13,0,1.000000000000e-04,3.000000000000e-05,abs_R26,1.938945966664e-01
epsilon,dt_s,3.000000000000e-13,0,1.000000000000e-04,3.000000000000e-05,difference_from_finest_dt,-8.845257384730e-01
epsilon,dt_s,3.000000000000e-13,0,3.000000000000e-05,1.000000000000e-05,scaled_max_error,-1.608600499465e+00
epsilon,dt_s,3.000000000000e-13,0,3.000000000000e-05,1.000000000000e-05,abs_R16,8.595375712350e-01
epsilon,dt_s,3.000000000000e-13,0,3.000000000000e-05,1.000000000000e-05,abs_R26,-1.706820268327e+00
epsilon,dt_s,3.000000000000e-13,0,3.000000000000e-05,1.000000000000e-05,difference_from_finest_dt,-7.582124932613e-01
epsilon,dt_s,3.000000000000e-13,0,1.000000000000e-05,3.000000000000e-06,scaled_max_error,-5.817863071198e-01
epsilon,dt_s,3.000000000000e-13,0,1.000000000000e-05,3.000000000000e-06,abs_R16,-3.364176362432e+00
epsilon,dt_s,3.000000000000e-13,0,1.000000000000e-05,3.000000000000e-06,abs_R26,-1.099672745554e+00
epsilon,dt_s,3.000000000000e-13,0,1.000000000000e-05,3.000000000000e-06,difference_from_finest_dt,-8.498179582363e-01
epsilon,dt_s,3.000000000000e-13,0,3.000000000000e-06,1.000000000000e-06,scaled_max_error,-1.554752749958e+00
epsilon,dt_s,3.000000000000e-13,0,3.000000000000e-06,1.000000000000e-06,abs_R16,-2.335495760583e-01
epsilon,dt_s,3.000000000000e-13,0,3.000000000000e-06,1.000000000000e-06,abs_R26,6.388789096355e-01
epsilon,dt_s,3.000000000000e-13,0,3.000000000000e-06,1.000000000000e-06,difference_from_finest_dt,-1.491530820342e+00
epsilon,dt_s,1.000000000000e-12,0,1.000000000000e-01,3.000000000000e-02,scaled_max_error,2.010369261870e+00
epsilon,dt_s,1.000000000000e-12,0,1.000000000000e-01,3.000000000000e-02,abs_R16,2.015137491968e+00
epsilon,dt_s,1.000000000000e-12,0,1.000000000000e-01,3.000000000000e-02,abs_R26,2.014395669278e+00
epsilon,dt_s,1.000000000000e-12,0,1.000000000000e-01,3.000000000000e-02,difference_from_finest_dt,1.596416735995e-02
epsilon,dt_s,1.000000000000e-12,0,3.000000000000e-02,1.000000000000e-02,scaled_max_error,2.001775450823e+00
epsilon,dt_s,1.000000000000e-12,0,3.000000000000e-02,1.000000000000e-02,abs_R16,2.000416819445e+00
epsilon,dt_s,1.000000000000e-12,0,3.000000000000e-02,1.000000000000e-02,abs_R26,2.000161826058e+00
epsilon,dt_s,1.000000000000e-12,0,3.000000000000e-02,1.000000000000e-02,difference_from_finest_dt,1.285904742930e-03
epsilon,dt_s,1.000000000000e-12,0,1.000000000000e-02,3.000000000000e-03,scaled_max_error,2.008361313031e+00
epsilon,dt_s,1.000000000000e-12,0,1.000000000000e-02,3.000000000000e-03,abs_R16,1.989434069919e+00
epsilon,dt_s,1.000000000000e-12,0,1.000000000000e-02,3.000000000000e-03,abs_R26,1.987523908764e+00
epsilon,dt_s,1.000000000000e-12,0,1.000000000000e-02,3.000000000000e-03,difference_from_finest_dt,1.252548894795e-04
epsilon,dt_s,1.000000000000e-12,0,3.000000000000e-03,1.000000000000e-03,scaled_max_error,2.083712071973e+00
epsilon,dt_s,1.000000000000e-12,0,3.000000000000e-03,1.000000000000e-03,abs_R16,1.902938992974e+00
epsilon,dt_s,1.000000000000e-12,0,3.000000000000e-03,1.000000000000e-03,abs_R26,1.887137161719e+00
epsilon,dt_s,1.000000000000e-12,0,3.000000000000e-03,1.000000000000e-03,difference_from_finest_dt,1.716481451171e-05
epsilon,dt_s,1.000000000000e-12,0,1.000000000000e-03,3.000000000000e-04,scaled_max_error,1.579974814444e+00
epsilon,dt_s,1.000000000000e-12,0,1.000000000000e-03,3.000000000000e-04,abs_R16,1.368080008898e+00
epsilon,dt_s,1.000000000000e-12,0,1.000000000000e-03,3.000000000000e-04,abs_R26,1.309243134641e+00
epsilon,dt_s,1.000000000000e-12,0,1.000000000000e-03,3.000000000000e-04,difference_from_finest_dt,1.096166356215e-04
epsilon,dt_s,1.000000000000e-12,0,3.000000000000e-04,1.000000000000e-04,scaled_max_error,3.895724313169e-01
epsilon,dt_s,1.000000000000e-12,0,3.000000000000e-04,1.000000000000e-04,abs_R16,3.872474468052e-01
epsilon,dt_s,1.000000000000e-12,0,3.000000000000e-04,1.000000000000e-04,abs_R26,3.504488909950e-01
epsilon,dt_s,1.000000000000e-12,0,3.000000000000e-04,1.000000000000e-04,difference_from_finest_dt,-9.470691524744e-03
epsilon,dt_s,1.000000000000e-12,0,1.000000000000e-04,3.000000000000e-05,scaled_max_error,-8.194861202004e-02
epsilon,dt_s,1.000000000000e-12,0,1.000000000000e-04,3.000000000000e-05,abs_R16,1.915382286086e-01
epsilon,dt_s,1.000000000000e-12,0,1.000000000000e-04,3.000000000000e-05,abs_R26,2.334482155634e-02
epsilon,dt_s,1.000000000000e-12,0,1.000000000000e-04,3.000000000000e-05,difference_from_finest_dt,8.610583667104e-03
epsilon,dt_s,1.000000000000e-12,0,3.000000000000e-05,1.000000000000e-05,scaled_max_error,-7.480673794364e-03
epsilon,dt_s,1.000000000000e-12,0,3.000000000000e-05,1.000000000000e-05,abs_R16,-2.127867627470e-01
epsilon,dt_s,1.000000000000e-12,0,3.000000000000e-05,1.000000000000e-05,abs_R26,-2.036170413420e-01
epsilon,dt_s,1.000000000000e-12,0,3.000000000000e-05,1.000000000000e-05,difference_from_finest_dt,-9.868900997184e-02
epsilon,dt_s,1.000000000000e-12,0,1.000000000000e-05,3.000000000000e-06,scaled_max_error,-7.725077188608e-04
epsilon,dt_s,1.000000000000e-12,0,1.000000000000e-05,3.000000000000e-06,abs_R16,-1.244518991552e-01
epsilon,dt_s,1.000000000000e-12,0,1.000000000000e-05,3.000000000000e-06,abs_R26,3.069013307385e-01
epsilon,dt_s,1.000000000000e-12,0,1.000000000000e-05,3.000000000000e-06,difference_from_finest_dt,-1.188647600973e+00
epsilon,dt_s,1.000000000000e-12,0,3.000000000000e-06,1.000000000000e-06,scaled_max_error,-4.732644524319e-01
epsilon,dt_s,1.000000000000e-12,0,3.000000000000e-06,1.000000000000e-06,abs_R16,7.317688806388e-01
epsilon,dt_s,1.000000000000e-12,0,3.000000000000e-06,1.000000000000e-06,abs_R26,3.848765354422e-01
epsilon,dt_s,1.000000000000e-12,0,3.000000000000e-06,1.000000000000e-06,difference_from_finest_dt,-1.055463956417e+00
epsilon,dt_s,3.000000000000e-12,0,1.000000000000e-01,3.000000000000e-02,scaled_max_error,2.011033800323e+00
epsilon,dt_s,3.000000000000e-12,0,1.000000000000e-01,3.000000000000e-02,abs_R16,2.014300185212e+00
epsilon,dt_s,3.000000000000e-12,0,1.000000000000e-01,3.000000000000e-02,abs_R26,2.013407995010e+00
epsilon,dt_s,3.000000000000e-12,0,1.000000000000e-01,3.000000000000e-02,difference_from_finest_dt,1.709308472314e-02
epsilon,dt_s,3.000000000000e-12,0,3.000000000000e-02,1.000000000000e-02,scaled_max_error,2.008211468024e+00
epsilon,dt_s,3.000000000000e-12,0,3.000000000000e-02,1.000000000000e-02,abs_R16,1.992398543844e+00
epsilon,dt_s,3.000000000000e-12,0,3.000000000000e-02,1.000000000000e-02,abs_R26,1.990713589646e+00
epsilon,dt_s,3.000000000000e-12,0,3.000000000000e-02,1.000000000000e-02,difference_from_finest_dt,1.370920943571e-03
epsilon,dt_s,3.000000000000e-12,0,1.000000000000e-02,3.000000000000e-03,scaled_max_error,2.079054990674e+00
epsilon,dt_s,3.000000000000e-12,0,1.000000000000e-02,3.000000000000e-03,abs_R16,1.911497294827e+00
epsilon,dt_s,3.000000000000e-12,0,1.000000000000e-02,3.000000000000e-03,abs_R26,1.896724777146e+00
epsilon,dt_s,3.000000000000e-12,0,1.000000000000e-02,3.000000000000e-03,difference_from_finest_dt,1.402652998921e-04
epsilon,dt_s,3.000000000000e-12,0,3.000000000000e-03,1.000000000000e-03,scaled_max_error,1.652077019772e+00
epsilon,dt_s,3.000000000000e-12,0,3.000000000000e-03,1.000000000000e-03,abs_R16,1.420591383496e+00
epsilon,dt_s,3.000000000000e-12,0,3.000000000000e-03,1.000000000000e-03,abs_R26,1.355702061179e+00
epsilon,dt_s,3.000000000000e-12,0,3.000000000000e-03,1.000000000000e-03,difference_from_finest_dt,2.087938937130e-04
epsilon,dt_s,3.000000000000e-12,0,1.000000000000e-03,3.000000000000e-04,scaled_max_error,4.176324607280e-01
epsilon,dt_s,3.000000000000e-12,0,1.000000000000e-03,3.000000000000e-04,abs_R16,4.640601531523e-01
epsilon,dt_s,3.000000000000e-12,0,1.000000000000e-03,3.000000000000e-04,abs_R26,4.111002493411e-01
epsilon,dt_s,3.000000000000e-12,0,1.000000000000e-03,3.000000000000e-04,difference_from_finest_dt,-1.766675281947e-04
epsilon,dt_s,3.000000000000e-12,0,3.000000000000e-04,1.000000000000e-04,scaled_max_error,-8.667738430341e-02
epsilon,dt_s,3.000000000000e-12,0,3.000000000000e-04,1.000000000000e-04,abs_R16,6.244176679216e-02
epsilon,dt_s,3.000000000000e-12,0,3.000000000000e-04,1.000000000000e-04,abs_R26,5.198217627051e-02
epsilon,dt_s,3.000000000000e-12,0,3.000000000000e-04,1.000000000000e-04,difference_from_finest_dt,1.803217270941e-04
epsilon,dt_s,3.000000000000e-12,0,1.000000000000e-04,3.000000000000e-05,scaled_max_error,-8.542629979920e-03
epsilon,dt_s,3.000000000000e-12,0,1.000000000000e-04,3.000000000000e-05,abs_R16,5.647016861350e-03
epsilon,dt_s,3.000000000000e-12,0,1.000000000000e-04,3.000000000000e-05,abs_R26,8.199910252742e-03
epsilon,dt_s,3.000000000000e-12,0,1.000000000000e-04,3.000000000000e-05,difference_from_finest_dt,2.251924334924e-05
epsilon,dt_s,3.000000000000e-12,0,3.000000000000e-05,1.000000000000e-05,scaled_max_error,-1.014875447852e-03
epsilon,dt_s,3.000000000000e-12,0,3.000000000000e-05,1.000000000000e-05,abs_R16,-1.326873389649e-02
epsilon,dt_s,3.000000000000e-12,0,3.000000000000e-05,1.000000000000e-05,abs_R26,8.240559438861e-03
epsilon,dt_s,3.000000000000e-12,0,3.000000000000e-05,1.000000000000e-05,difference_from_finest_dt,-1.974088590865e-04
epsilon,dt_s,3.000000000000e-12,0,1.000000000000e-05,3.000000000000e-06,scaled_max_error,-8.492396601788e-05
epsilon,dt_s,3.000000000000e-12,0,1.000000000000e-05,3.000000000000e-06,abs_R16,9.229876587473e-03
epsilon,dt_s,3.000000000000e-12,0,1.000000000000e-05,3.000000000000e-06,abs_R26,6.110671099828e-02
epsilon,dt_s,3.000000000000e-12,0,1.000000000000e-05,3.000000000000e-06,difference_from_finest_dt,-1.695392636930e-01
epsilon,dt_s,3.000000000000e-12,0,3.000000000000e-06,1.000000000000e-06,scaled_max_error,-7.597018364605e-06
epsilon,dt_s,3.000000000000e-12,0,3.000000000000e-06,1.000000000000e-06,abs_R16,-1.248475009249e-02
epsilon,dt_s,3.000000000000e-12,0,3.000000000000e-06,1.000000000000e-06,abs_R26,-1.711110542423e-01
epsilon,dt_s,3.000000000000e-12,0,3.000000000000e-06,1.000000000000e-06,difference_from_finest_dt,-5.516877337436e-01
epsilon,dt_s,1.000000000000e-11,0,1.000000000000e-01,3.000000000000e-02,scaled_max_error,2.018652756362e+00
epsilon,dt_s,1.000000000000e-11,0,1.000000000000e-01,3.000000000000e-02,abs_R16,2.004953498738e+00
epsilon,dt_s,1.000000000000e-11,0,1.000000000000e-01,3.000000000000e-02,abs_R26,2.002404939743e+00
epsilon,dt_s,1.000000000000e-11,0,1.000000000000e-01,3.000000000000e-02,difference_from_finest_dt,1.029902291480e-02
epsilon,dt_s,1.000000000000e-11,0,3.000000000000e-02,1.000000000000e-02,scaled_max_error,2.085264136651e+00
epsilon,dt_s,1.000000000000e-11,0,3.000000000000e-02,1.000000000000e-02,abs_R16,1.907843432684e+00
epsilon,dt_s,1.000000000000e-11,0,3.000000000000e-02,1.000000000000e-02,abs_R26,1.892232670291e+00
epsilon,dt_s,1.000000000000e-11,0,3.000000000000e-02,1.000000000000e-02,difference_from_finest_dt,6.071526654365e-03
epsilon,dt_s,1.000000000000e-11,0,1.000000000000e-02,3.000000000000e-03,scaled_max_error,1.589913302239e+00
epsilon,dt_s,1.000000000000e-11,0,1.000000000000e-02,3.000000000000e-03,abs_R16,1.379291098684e+00
epsilon,dt_s,1.000000000000e-11,0,1.000000000000e-02,3.000000000000e-03,abs_R26,1.313606248816e+00
epsilon,dt_s,1.000000000000e-11,0,1.000000000000e-02,3.000000000000e-03,difference_from_finest_dt,-3.853901366378e-03
epsilon,dt_s,1.000000000000e-11,0,3.000000000000e-03,1.000000000000e-03,scaled_max_error,3.660536527256e-01
epsilon,dt_s,1.000000000000e-11,0,3.000000000000e-03,1.000000000000e-03,abs_R16,4.273235880657e-01
epsilon,dt_s,1.000000000000e-11,0,3.000000000000e-03,1.000000000000e-03,abs_R26,3.775207322354e-01
epsilon,dt_s,1.000000000000e-11,0,3.000000000000e-03,1.000000000000e-03,difference_from_finest_dt,1.655065360600e-05
epsilon,dt_s,1.000000000000e-11,0,1.000000000000e-03,3.000000000000e-04,scaled_max_error,-8.061695018358e-02
epsilon,dt_s,1.000000000000e-11,0,1.000000000000e-03,3.000000000000e-04,abs_R16,5.862343118758e-02
epsilon,dt_s,1.000000000000e-11,0,1.000000000000e-03,3.000000000000e-04,abs_R26,5.003377464358e-02
epsilon,dt_s,1.000000000000e-11,0,1.000000000000e-03,3.000000000000e-04,difference_from_finest_dt,2.985209647616e-04
epsilon,dt_s,1.000000000000e-11,0,3.000000000000e-04,1.000000000000e-04,scaled_max_error,-7.724784316669e-03
epsilon,dt_s,1.000000000000e-11,0,3.000000000000e-04,1.000000000000e-04,abs_R16,5.878623292275e-03
epsilon,dt_s,1.000000000000e-11,0,3.000000000000e-04,1.000000000000e-04,abs_R26,4.988484169225e-03
epsilon,dt_s,1.000000000000e-11,0,3.000000000000e-04,1.000000000000e-04,difference_from_finest_dt,-3.249319985190e-04
epsilon,dt_s,1.000000000000e-11,0,1.000000000000e-04,3.000000000000e-05,scaled_max_error,-7.643097994987e-04
epsilon,dt_s,1.000000000000e-11,0,1.000000000000e-04,3.000000000000e-05,abs_R16,5.760473415719e-04
epsilon,dt_s,1.000000000000e-11,0,1.000000000000e-04,3.000000000000e-05,abs_R26,6.039705306101e-04
epsilon,dt_s,1.000000000000e-11,0,1.000000000000e-04,3.000000000000e-05,difference_from_finest_dt,7.785188825140e-07
epsilon,dt_s,1.000000000000e-11,0,3.000000000000e-05,1.000000000000e-05,scaled_max_error,-7.371918250113e-05
epsilon,dt_s,1.000000000000e-11,0,3.000000000000e-05,1.000000000000e-05,abs_R16,-1.976967577549e-04
epsilon,dt_s,1.000000000000e-11,0,3.000000000000e-05,1.000000000000e-05,abs_R26,1.413416905979e-04
epsilon,dt_s,1.000000000000e-11,0,3.000000000000e-05,1.000000000000e-05,difference_from_finest_dt,-3.412847767508e-07
epsilon,dt_s,1.000000000000e-11,0,1.000000000000e-05,3.000000000000e-06,scaled_max_error,3.986452686603e-03
epsilon,dt_s,1.000000000000e-11,0,1.000000000000e-05,3.000000000000e-06,abs_R16,7.639899443200e-04
epsilon,dt_s,1.000000000000e-11,0,1.000000000000e-05,3.000000000000e-06,abs_R26,-1.737642721276e-03
epsilon,dt_s,1.000000000000e-11,0,1.000000000000e-05,3.000000000000e-06,difference_from_finest_dt,3.993677666093e-03
epsilon,dt_s,1.000000000000e-11,0,3.000000000000e-06,1.000000000000e-06,scaled_max_error,-4.377810407600e-03
epsilon,dt_s,1.000000000000e-11,0,3.000000000000e-06,1.000000000000e-06,abs_R16,-4.850032636216e-03
epsilon,dt_s,1.000000000000e-11,0,3.000000000000e-06,1.000000000000e-06,abs_R26,-7.725320266204e-03
epsilon,dt_s,1.000000000000e-11,0,3.000000000000e-06,1.000000000000e-06,difference_from_finest_dt,-4.376513818664e-03
epsilon,dt_s,3.000000000000e-11,0,1.000000000000e-01,3.000000000000e-02,scaled_max_error,2.085368926942e+00
epsilon,dt_s,3.000000000000e-11,0,1.000000000000e-01,3.000000000000e-02,abs_R16,1.928833298091e+00
epsilon,dt_s,3.000000000000e-11,0,1.000000000000e-01,3.000000000000e-02,abs_R26,1.913491554534e+00
epsilon,dt_s,3.000000000000e-11,0,1.000000000000e-01,3.000000000000e-02,difference_from_finest_dt,1.420972584915e-02
epsilon,dt_s,3.000000000000e-11,0,3.000000000000e-02,1.000000000000e-02,scaled_max_error,1.670144022832e+00
epsilon,dt_s,3.000000000000e-11,0,3.000000000000e-02,1.000000000000e-02,abs_R16,1.432335025212e+00
epsilon,dt_s,3.000000000000e-11,0,3.000000000000e-02,1.000000000000e-02,abs_R26,1.367302651499e+00
epsilon,dt_s,3.000000000000e-11,0,3.000000000000e-02,1.000000000000e-02,difference_from_finest_dt,7.535285961383e-04
epsilon,dt_s,3.000000000000e-11,0,1.000000000000e-02,3.000000000000e-03,scaled_max_error,4.498148197032e-01
epsilon,dt_s,3.000000000000e-11,0,1.000000000000e-02,3.000000000000e-03,abs_R16,4.730213212431e-01
epsilon,dt_s,3.000000000000e-11,0,1.000000000000e-02,3.000000000000e-03,abs_R26,4.193897356375e-01
epsilon,dt_s,3.000000000000e-11,0,1.000000000000e-02,3.000000000000e-03,difference_from_finest_dt,1.347014520383e-04
epsilon,dt_s,3.000000000000e-11,0,3.000000000000e-03,1.000000000000e-03,scaled_max_error,-9.130319463920e-02
epsilon,dt_s,3.000000000000e-11,0,3.000000000000e-03,1.000000000000e-03,abs_R16,6.356702466617e-02
epsilon,dt_s,3.000000000000e-11,0,3.000000000000e-03,1.000000000000e-03,abs_R26,5.413322342952e-02
epsilon,dt_s,3.000000000000e-11,0,3.000000000000e-03,1.000000000000e-03,difference_from_finest_dt,1.297783612773e-05
epsilon,dt_s,3.000000000000e-11,0,1.000000000000e-03,3.000000000000e-04,scaled_max_error,-8.468402049371e-03
epsilon,dt_s,3.000000000000e-11,0,1.000000000000e-03,3.000000000000e-04,abs_R16,6.862392058181e-03
epsilon,dt_s,3.000000000000e-11,0,1.000000000000e-03,3.000000000000e-04,abs_R26,5.813262122168e-03
epsilon,dt_s,3.000000000000e-11,0,1.000000000000e-03,3.000000000000e-04,difference_from_finest_dt,5.009205833760e-04
epsilon,dt_s,3.000000000000e-11,0,3.000000000000e-04,1.000000000000e-04,scaled_max_error,-1.406901669262e-03
epsilon,dt_s,3.000000000000e-11,0,3.000000000000e-04,1.000000000000e-04,abs_R16,6.595979958134e-04
epsilon,dt_s,3.000000000000e-11,0,3.000000000000e-04,1.000000000000e-04,abs_R26,5.604547765868e-04
epsilon,dt_s,3.000000000000e-11,0,3.000000000000e-04,1.000000000000e-04,difference_from_finest_dt,-5.473283165179e-04
epsilon,dt_s,3.000000000000e-11,0,1.000000000000e-04,3.000000000000e-05,scaled_max_error,-8.911376016252e-05
epsilon,dt_s,3.000000000000e-11,0,1.000000000000e-04,3.000000000000e-05,abs_R16,7.126496090854e-05
epsilon,dt_s,3.000000000000e-11,0,1.000000000000e-04,3.000000000000e-05,abs_R26,5.259698134835e-05
epsilon,dt_s,3.000000000000e-11,0,1.000000000000e-04,3.000000000000e-05,difference_from_finest_dt,9.081633361917e-08
epsilon,dt_s,3.000000000000e-11,0,3.000000000000e-05,1.000000000000e-05,scaled_max_error,2.922127474672e-05
epsilon,dt_s,3.000000000000e-11,0,3.000000000000e-05,1.000000000000e-05,abs_R16,-3.280217304006e-05
epsilon,dt_s,3.000000000000e-11,0,3.000000000000e-05,1.000000000000e-05,abs_R26,-2.474511202961e-05
epsilon,dt_s,3.000000000000e-11,0,3.000000000000e-05,1.000000000000e-05,difference_from_finest_dt,3.778014616462e-05
epsilon,dt_s,3.000000000000e-11,0,1.000000000000e-05,3.000000000000e-06,scaled_max_error,-8.900265484371e-07
epsilon,dt_s,3.000000000000e-11,0,1.000000000000e-05,3.000000000000e-06,abs_R16,1.590818675373e-02
epsilon,dt_s,3.000000000000e-11,0,1.000000000000e-05,3.000000000000e-06,abs_R26,1.443915886506e-02
epsilon,dt_s,3.000000000000e-11,0,1.000000000000e-05,3.000000000000e-06,difference_from_finest_dt,-1.816208553805e-08
epsilon,dt_s,3.000000000000e-11,0,3.000000000000e-06,1.000000000000e-06,scaled_max_error,-3.789985272865e-05
epsilon,dt_s,3.000000000000e-11,0,3.000000000000e-06,1.000000000000e-06,abs_R16,1.732358588010e-04
epsilon,dt_s,3.000000000000e-11,0,3.000000000000e-06,1.000000000000e-06,abs_R26,1.766562165586e-04
epsilon,dt_s,3.000000000000e-11,0,3.000000000000e-06,1.000000000000e-06,difference_from_finest_dt,-3.778014887438e-05
epsilon,dt_s,1.000000000000e-13,1,1.000000000000e-01,3.000000000000e-02,scaled_max_error,4.014800167959e+00
epsilon,dt_s,1.000000000000e-13,1,1.000000000000e-01,3.000000000000e-02,abs_R16,4.030909512510e+00
epsilon,dt_s,1.000000000000e-13,1,1.000000000000e-01,3.000000000000e-02,abs_R26,4.029853851341e+00
epsilon,dt_s,1.000000000000e-13,1,3.000000000000e-02,1.000000000000e-02,scaled_max_error,4.166986217569e+00
epsilon,dt_s,1.000000000000e-13,1,3.000000000000e-02,1.000000000000e-02,abs_R16,3.620792468155e+00
epsilon,dt_s,1.000000000000e-13,1,3.000000000000e-02,1.000000000000e-02,abs_R26,3.518880855960e+00
epsilon,dt_s,1.000000000000e-13,1,1.000000000000e-02,3.000000000000e-03,scaled_max_error,5.995868377659e-01
epsilon,dt_s,1.000000000000e-13,1,1.000000000000e-02,3.000000000000e-03,abs_R16,-3.406016510008e-01
epsilon,dt_s,1.000000000000e-13,1,1.000000000000e-02,3.000000000000e-03,abs_R26,4.951219631027e-01
epsilon,dt_s,1.000000000000e-13,1,3.000000000000e-03,1.000000000000e-03,scaled_max_error,-9.026178243709e-01
epsilon,dt_s,1.000000000000e-13,1,3.000000000000e-03,1.000000000000e-03,abs_R16,-8.458727341361e-01
epsilon,dt_s,1.000000000000e-13,1,3.000000000000e-03,1.000000000000e-03,abs_R26,-1.563380644335e+00
epsilon,dt_s,1.000000000000e-13,1,1.000000000000e-03,3.000000000000e-04,scaled_max_error,-1.710379304386e+00
epsilon,dt_s,1.000000000000e-13,1,1.000000000000e-03,3.000000000000e-04,abs_R16,-1.744025517429e-01
epsilon,dt_s,1.000000000000e-13,1,1.000000000000e-03,3.000000000000e-04,abs_R26,-1.474552853099e+00
epsilon,dt_s,1.000000000000e-13,1,3.000000000000e-04,1.000000000000e-04,scaled_max_error,-5.304090588079e-01
epsilon,dt_s,1.000000000000e-13,1,3.000000000000e-04,1.000000000000e-04,abs_R16,-2.270436062030e+00
epsilon,dt_s,1.000000000000e-13,1,3.000000000000e-04,1.000000000000e-04,abs_R26,-8.489775791819e-01
epsilon,dt_s,1.000000000000e-13,1,1.000000000000e-04,3.000000000000e-05,scaled_max_error,-1.420737569817e-01
epsilon,dt_s,1.000000000000e-13,1,1.000000000000e-04,3.000000000000e-05,abs_R16,3.184727534780e-01
epsilon,dt_s,1.000000000000e-13,1,1.000000000000e-04,3.000000000000e-05,abs_R26,-1.858562119749e-01
epsilon,dt_s,1.000000000000e-13,1,3.000000000000e-05,1.000000000000e-05,scaled_max_error,-2.307108351479e+00
epsilon,dt_s,1.000000000000e-13,1,3.000000000000e-05,1.000000000000e-05,abs_R16,-2.385832790619e+00
epsilon,dt_s,1.000000000000e-13,1,3.000000000000e-05,1.000000000000e-05,abs_R26,-2.281035742107e+00
epsilon,dt_s,1.000000000000e-13,1,1.000000000000e-05,3.000000000000e-06,scaled_max_error,-4.395833176580e-01
epsilon,dt_s,1.000000000000e-13,1,1.000000000000e-05,3.000000000000e-06,abs_R16,-7.156342774774e-01
epsilon,dt_s,1.000000000000e-13,1,1.000000000000e-05,3.000000000000e-06,abs_R26,1.299013029289e+00
epsilon,dt_s,1.000000000000e-13,1,3.000000000000e-06,1.000000000000e-06,scaled_max_error,-7.946329945091e-01
epsilon,dt_s,1.000000000000e-13,1,3.000000000000e-06,1.000000000000e-06,abs_R16,3.379588119176e+00
epsilon,dt_s,1.000000000000e-13,1,3.000000000000e-06,1.000000000000e-06,abs_R26,-2.003219679677e+00
epsilon,dt_s,3.000000000000e-13,1,1.000000000000e-01,3.000000000000e-02,scaled_max_error,3.991504145216e+00
epsilon,dt_s,3.000000000000e-13,1,1.000000000000e-01,3.000000000000e-02,abs_R16,4.076071617485e+00
epsilon,dt_s,3.000000000000e-13,1,1.000000000000e-01,3.000000000000e-02,abs_R26,4.081592063287e+00
epsilon,dt_s,3.000000000000e-13,1,1.000000000000e-01,3.000000000000e-02,difference_from_finest_dt,0.000000000000e+00
epsilon,dt_s,3.000000000000e-13,1,3.000000000000e-02,1.000000000000e-02,scaled_max_error,2.981163978133e+00
epsilon,dt_s,3.000000000000e-13,1,3.000000000000e-02,1.000000000000e-02,abs_R16,2.447668882500e+00
epsilon,dt_s,3.000000000000e-13,1,3.000000000000e-02,1.000000000000e-02,abs_R26,2.222296153141e+00
epsilon,dt_s,3.000000000000e-13,1,3.000000000000e-02,1.000000000000e-02,difference_from_finest_dt,1.908907326107e-03
epsilon,dt_s,3.000000000000e-13,1,1.000000000000e-02,3.000000000000e-03,scaled_max_error,2.335835849532e-01
epsilon,dt_s,3.000000000000e-13,1,1.000000000000e-02,3.000000000000e-03,abs_R16,-2.139087307484e-01
epsilon,dt_s,3.000000000000e-13,1,1.000000000000e-02,3.000000000000e-03,abs_R26,-2.362972114067e-01
epsilon,dt_s,3.000000000000e-13,1,1.000000000000e-02,3.000000000000e-03,difference_from_finest_dt,-3.865849365155e-03
epsilon,dt_s,3.000000000000e-13,1,3.000000000000e-03,1.000000000000e-03,scaled_max_error,-7.722167296167e-02
epsilon,dt_s,3.000000000000e-13,1,3.000000000000e-03,1.000000000000e-03,abs_R16,-2.064064721381e-01
epsilon,dt_s,3.000000000000e-13,1,3.000000000000e-03,1.000000000000e-03,abs_R26,-1.878543050251e-01
epsilon,dt_s,3.000000000000e-13,1,3.000000000000e-03,1.000000000000e-03,difference_from_finest_dt,-2.772359513471e-01
epsilon,dt_s,3.000000000000e-13,1,1.000000000000e-03,3.000000000000e-04,scaled_max_error,-8.464230763496e-02
epsilon,dt_s,3.000000000000e-13,1,1.000000000000e-03,3.000000000000e-04,abs_R16,-3.036836871094e-01
epsilon,dt_s,3.000000000000e-13,1,1.000000000000e-03,3.000000000000e-04,abs_R26,1.791069652254e+00
epsilon,dt_s,3.000000000000e-13,1,1.000000000000e-03,3.000000000000e-04,difference_from_finest_dt,-7.332073670105e-01
epsilon,dt_s,3.000000000000e-13,1,3.000000000000e-04,1.000000000000e-04,scaled_max_error,4.992342831041e-02
epsilon,dt_s,3.000000000000e-13,1,3.000000000000e-04,1.000000000000e-04,abs_R16,3.218211608584e-01
epsilon,dt_s,3.000000000000e-13,1,3.000000000000e-04,1.000000000000e-04,abs_R26,-1.376619715767e+00
epsilon,dt_s,3.000000000000e-13,1,3.000000000000e-04,1.000000000000e-04,difference_from_finest_dt,-7.189289138951e-01
epsilon,dt_s,3.000000000000e-13,1,1.000000000000e-04,3.000000000000e-05,scaled_max_error,-1.505600005454e+00
epsilon,dt_s,3.000000000000e-13,1,1.000000000000e-04,3.000000000000e-05,abs_R16,-1.042426574355e+00
epsilon,dt_s,3.000000000000e-13,1,1.000000000000e-04,3.000000000000e-05,abs_R26,-2.207709351949e+00
epsilon,dt_s,3.000000000000e-13,1,1.000000000000e-04,3.000000000000e-05,difference_from_finest_dt,-2.238113560637e-01
epsilon,dt_s,3.000000000000e-13,1,3.000000000000e-05,1.000000000000e-05,scaled_max_error,7.084900912155e-02
epsilon,dt_s,3.000000000000e-13,1,3.000000000000e-05,1.000000000000e-05,abs_R16,-9.676632492472e-01
epsilon,dt_s,3.000000000000e-13,1,3.000000000000e-05,1.000000000000e-05,abs_R26,-9.543233142912e-01
epsilon,dt_s,3.000000000000e-13,1,3.000000000000e-05,1.000000000000e-05,difference_from_finest_dt,-2.176406879368e+00
epsilon,dt_s,3.000000000000e-13,1,1.000000000000e-05,3.000000000000e-06,scaled_max_error,-1.474871786220e+00
epsilon,dt_s,3.000000000000e-13,1,1.000000000000e-05,3.000000000000e-06,abs_R16,-1.474871785082e+00
epsilon,dt_s,3.000000000000e-13,1,1.000000000000e-05,3.000000000000e-06,abs_R26,-7.612198872088e-01
epsilon,dt_s,3.000000000000e-13,1,1.000000000000e-05,3.000000000000e-06,difference_from_finest_dt,-4.829637367473e-01
epsilon,dt_s,3.000000000000e-13,1,3.000000000000e-06,1.000000000000e-06,scaled_max_error,-1.973695944833e+00
epsilon,dt_s,3.000000000000e-13,1,3.000000000000e-06,1.000000000000e-06,abs_R16,-5.602288553422e-01
epsilon,dt_s,3.000000000000e-13,1,3.000000000000e-06,1.000000000000e-06,abs_R26,-9.443428629835e-01
epsilon,dt_s,3.000000000000e-13,1,3.000000000000e-06,1.000000000000e-06,difference_from_finest_dt,-2.236500154005e-01
epsilon,dt_s,1.000000000000e-12,1,1.000000000000e-01,3.000000000000e-02,scaled_max_error,3.765382604379e+00
epsilon,dt_s,1.000000000000e-12,1,1.000000000000e-01,3.000000000000e-02,abs_R16,4.923451216281e+00
epsilon,dt_s,1.000000000000e-12,1,1.000000000000e-01,3.000000000000e-02,abs_R26,5.353439643459e+00
epsilon,dt_s,1.000000000000e-12,1,1.000000000000e-01,3.000000000000e-02,difference_from_finest_dt,-5.326463431049e-04
epsilon,dt_s,1.000000000000e-12,1,3.000000000000e-02,1.000000000000e-02,scaled_max_error,1.195125387270e+00
epsilon,dt_s,1.000000000000e-12,1,3.000000000000e-02,1.000000000000e-02,abs_R16,-6.212007885880e-01
epsilon,dt_s,1.000000000000e-12,1,3.000000000000e-02,1.000000000000e-02,abs_R26,-1.274838496362e+00
epsilon,dt_s,1.000000000000e-12,1,3.000000000000e-02,1.000000000000e-02,difference_from_finest_dt,1.716461067369e-04
epsilon,dt_s,1.000000000000e-12,1,1.000000000000e-02,3.000000000000e-03,scaled_max_error,2.842878401266e-02
epsilon,dt_s,1.000000000000e-12,1,1.000000000000e-02,3.000000000000e-03,abs_R16,-1.522304024691e-02
epsilon,dt_s,1.000000000000e-12,1,1.000000000000e-02,3.000000000000e-03,abs_R26,-1.141655638436e-02
epsilon,dt_s,1.000000000000e-12,1,1.000000000000e-02,3.000000000000e-03,difference_from_finest_dt,-2.819041592540e-04
epsilon,dt_s,1.000000000000e-12,1,3.000000000000e-03,1.000000000000e-03,scaled_max_error,2.589805136630e-04
epsilon,dt_s,1.000000000000e-12,1,3.000000000000e-03,1.000000000000e-03,abs_R16,-4.048317036736e-03
epsilon,dt_s,1.000000000000e-12,1,3.000000000000e-03,1.000000000000e-03,abs_R26,-4.781775157365e-03
epsilon,dt_s,1.000000000000e-12,1,3.000000000000e-03,1.000000000000e-03,difference_from_finest_dt,0.000000000000e+00
epsilon,dt_s,1.000000000000e-12,1,1.000000000000e-03,3.000000000000e-04,scaled_max_error,1.575536109296e-05
epsilon,dt_s,1.000000000000e-12,1,1.000000000000e-03,3.000000000000e-04,abs_R16,-8.286573499671e-03
epsilon,dt_s,1.000000000000e-12,1,1.000000000000e-03,3.000000000000e-04,abs_R26,3.878430662733e-02
epsilon,dt_s,1.000000000000e-12,1,1.000000000000e-03,3.000000000000e-04,difference_from_finest_dt,6.263710062981e-05
epsilon,dt_s,1.000000000000e-12,1,3.000000000000e-04,1.000000000000e-04,scaled_max_error,-1.726635180940e-05
epsilon,dt_s,1.000000000000e-12,1,3.000000000000e-04,1.000000000000e-04,abs_R16,5.381985296843e-03
epsilon,dt_s,1.000000000000e-12,1,3.000000000000e-04,1.000000000000e-04,abs_R26,-5.885218087507e-02
epsilon,dt_s,1.000000000000e-12,1,3.000000000000e-04,1.000000000000e-04,difference_from_finest_dt,0.000000000000e+00
epsilon,dt_s,1.000000000000e-12,1,1.000000000000e-04,3.000000000000e-05,scaled_max_error,0.000000000000e+00
epsilon,dt_s,1.000000000000e-12,1,1.000000000000e-04,3.000000000000e-05,abs_R16,-2.147400921201e-01
epsilon,dt_s,1.000000000000e-12,1,1.000000000000e-04,3.000000000000e-05,abs_R26,-2.014353765911e-01
epsilon,dt_s,1.000000000000e-12,1,1.000000000000e-04,3.000000000000e-05,difference_from_finest_dt,7.830441004570e-05
epsilon,dt_s,1.000000000000e-12,1,3.000000000000e-05,1.000000000000e-05,scaled_max_error,-2.647299732071e-01
epsilon,dt_s,1.000000000000e-12,1,3.000000000000e-05,1.000000000000e-05,abs_R16,-3.239886941576e-01
epsilon,dt_s,1.000000000000e-12,1,3.000000000000e-05,1.000000000000e-05,abs_R26,-2.885357326653e-02
epsilon,dt_s,1.000000000000e-12,1,3.000000000000e-05,1.000000000000e-05,difference_from_finest_dt,-1.973869015788e+00
epsilon,dt_s,1.000000000000e-12,1,1.000000000000e-05,3.000000000000e-06,scaled_max_error,1.688638970859e-01
epsilon,dt_s,1.000000000000e-12,1,1.000000000000e-05,3.000000000000e-06,abs_R16,2.389758599421e+00
epsilon,dt_s,1.000000000000e-12,1,1.000000000000e-05,3.000000000000e-06,abs_R26,1.013256268538e+00
epsilon,dt_s,1.000000000000e-12,1,1.000000000000e-05,3.000000000000e-06,difference_from_finest_dt,-4.057660096494e-01
epsilon,dt_s,1.000000000000e-12,1,3.000000000000e-06,1.000000000000e-06,scaled_max_error,-1.043124170336e+00
epsilon,dt_s,1.000000000000e-12,1,3.000000000000e-06,1.000000000000e-06,abs_R16,-2.872852339102e+00
epsilon,dt_s,1.000000000000e-12,1,3.000000000000e-06,1.000000000000e-06,abs_R26,-2.430447039965e+00
epsilon,dt_s,1.000000000000e-12,1,3.000000000000e-06,1.000000000000e-06,difference_from_finest_dt,-7.842440629438e-01
epsilon,dt_s,3.000000000000e-12,1,1.000000000000e-01,3.000000000000e-02,scaled_max_error,2.843373936819e+00
epsilon,dt_s,3.000000000000e-12,1,1.000000000000e-01,3.000000000000e-02,abs_R16,2.657879328039e+00
epsilon,dt_s,3.000000000000e-12,1,1.000000000000e-01,3.000000000000e-02,abs_R26,2.458886022046e+00
epsilon,dt_s,3.000000000000e-12,1,1.000000000000e-01,3.000000000000e-02,difference_from_finest_dt,-9.079784639434e-04
epsilon,dt_s,3.000000000000e-12,1,3.000000000000e-02,1.000000000000e-02,scaled_max_error,2.445327473182e-01
epsilon,dt_s,3.000000000000e-12,1,3.000000000000e-02,1.000000000000e-02,abs_R16,-1.684875499400e-01
epsilon,dt_s,3.000000000000e-12,1,3.000000000000e-02,1.000000000000e-02,abs_R26,-1.375837408479e-01
epsilon,dt_s,3.000000000000e-12,1,3.000000000000e-02,1.000000000000e-02,difference_from_finest_dt,4.175531530758e-05
epsilon,dt_s,3.000000000000e-12,1,1.000000000000e-02,3.000000000000e-03,scaled_max_error,3.156624396070e-03
epsilon,dt_s,3.000000000000e-12,1,1.000000000000e-02,3.000000000000e-03,abs_R16,-1.730155448312e-03
epsilon,dt_s,3.000000000000e-12,1,1.000000000000e-02,3.000000000000e-03,abs_R26,-1.380090906351e-03
epsilon,dt_s,3.000000000000e-12,1,1.000000000000e-02,3.000000000000e-03,difference_from_finest_dt,-5.022389155785e-05
epsilon,dt_s,3.000000000000e-12,1,3.000000000000e-03,1.000000000000e-03,scaled_max_error,2.412230337286e-04
epsilon,dt_s,3.000000000000e-12,1,3.000000000000e-03,1.000000000000e-03,abs_R16,-6.073588883968e-05
epsilon,dt_s,3.000000000000e-12,1,3.000000000000e-03,1.000000000000e-03,abs_R26,-2.661857293093e-04
epsilon,dt_s,3.000000000000e-12,1,3.000000000000e-03,1.000000000000e-03,difference_from_finest_dt,2.125890225686e-04
epsilon,dt_s,3.000000000000e-12,1,1.000000000000e-03,3.000000000000e-04,scaled_max_error,-1.715894668593e-04
epsilon,dt_s,3.000000000000e-12,1,1.000000000000e-03,3.000000000000e-04,abs_R16,7.522536938689e-04
epsilon,dt_s,3.000000000000e-12,1,1.000000000000e-03,3.000000000000e-04,abs_R26,-3.028174167814e-04
epsilon,dt_s,3.000000000000e-12,1,1.000000000000e-03,3.000000000000e-04,difference_from_finest_dt,-1.662757635533e-04
epsilon,dt_s,3.000000000000e-12,1,3.000000000000e-04,1.000000000000e-04,scaled_max_error,-8.356336617818e-05
epsilon,dt_s,3.000000000000e-12,1,3.000000000000e-04,1.000000000000e-04,abs_R16,-1.640713485376e-03
epsilon,dt_s,3.000000000000e-12,1,3.000000000000e-04,1.000000000000e-04,abs_R26,-5.588448531628e-03
epsilon,dt_s,3.000000000000e-12,1,3.000000000000e-04,1.000000000000e-04,difference_from_finest_dt,-8.160883147699e-05
epsilon,dt_s,3.000000000000e-12,1,1.000000000000e-04,3.000000000000e-05,scaled_max_error,1.213016731874e-05
epsilon,dt_s,3.000000000000e-12,1,1.000000000000e-04,3.000000000000e-05,abs_R16,1.152474812418e-03
epsilon,dt_s,3.000000000000e-12,1,1.000000000000e-04,3.000000000000e-05,abs_R26,1.641052009791e-02
epsilon,dt_s,3.000000000000e-12,1,1.000000000000e-04,3.000000000000e-05,difference_from_finest_dt,2.078082536676e-05
epsilon,dt_s,3.000000000000e-12,1,3.000000000000e-05,1.000000000000e-05,scaled_max_error,3.229056241536e-04
epsilon,dt_s,3.000000000000e-12,1,3.000000000000e-05,1.000000000000e-05,abs_R16,-9.899628084925e-03
epsilon,dt_s,3.000000000000e-12,1,3.000000000000e-05,1.000000000000e-05,abs_R26,2.890027036497e-02
epsilon,dt_s,3.000000000000e-12,1,3.000000000000e-05,1.000000000000e-05,difference_from_finest_dt,-2.384087882107e-01
epsilon,dt_s,3.000000000000e-12,1,1.000000000000e-05,3.000000000000e-06,scaled_max_error,-1.733682703761e-06
epsilon,dt_s,3.000000000000e-12,1,1.000000000000e-05,3.000000000000e-06,abs_R16,1.243332736608e-01
epsilon,dt_s,3.000000000000e-12,1,1.000000000000e-05,3.000000000000e-06,abs_R26,1.967068988030e-01
epsilon,dt_s,3.000000000000e-12,1,1.000000000000e-05,3.000000000000e-06,difference_from_finest_dt,-4.086841207267e-01
epsilon,dt_s,3.000000000000e-12,1,3.000000000000e-06,1.000000000000e-06,scaled_max_error,-3.610254293570e-01
epsilon,dt_s,3.000000000000e-12,1,3.000000000000e-06,1.000000000000e-06,abs_R16,-4.425513428318e-01
epsilon,dt_s,3.000000000000e-12,1,3.000000000000e-06,1.000000000000e-06,abs_R26,-5.007882143027e-01
epsilon,dt_s,3.000000000000e-12,1,3.000000000000e-06,1.000000000000e-06,difference_from_finest_dt,-7.178582307767e-01
epsilon,dt_s,1.000000000000e-11,1,1.000000000000e-01,3.000000000000e-02,scaled_max_error,1.231072342462e+00
epsilon,dt_s,1.000000000000e-11,1,1.000000000000e-01,3.000000000000e-02,abs_R16,-3.380748144818e-02
epsilon,dt_s,1.000000000000e-11,1,1.000000000000e-01,3.000000000000e-02,abs_R26,-4.115975191623e-01
epsilon,dt_s,1.000000000000e-11,1,1.000000000000e-01,3.000000000000e-02,difference_from_finest_dt,-3.697380459175e-03
epsilon,dt_s,1.000000000000e-11,1,3.000000000000e-02,1.000000000000e-02,scaled_max_error,2.304228869280e-02
epsilon,dt_s,1.000000000000e-11,1,3.000000000000e-02,1.000000000000e-02,abs_R16,-1.410293768588e-02
epsilon,dt_s,1.000000000000e-11,1,3.000000000000e-02,1.000000000000e-02,abs_R26,-1.171099908403e-02
epsilon,dt_s,1.000000000000e-11,1,3.000000000000e-02,1.000000000000e-02,difference_from_finest_dt,-1.914395348968e-03
epsilon,dt_s,1.000000000000e-11,1,1.000000000000e-02,3.000000000000e-03,scaled_max_error,6.953677247501e-03
epsilon,dt_s,1.000000000000e-11,1,1.000000000000e-02,3.000000000000e-03,abs_R16,-1.582399636559e-04
epsilon,dt_s,1.000000000000e-11,1,1.000000000000e-02,3.000000000000e-03,abs_R26,-1.347906311023e-04
epsilon,dt_s,1.000000000000e-11,1,1.000000000000e-02,3.000000000000e-03,difference_from_finest_dt,6.665120480012e-03
epsilon,dt_s,1.000000000000e-11,1,3.000000000000e-03,1.000000000000e-03,scaled_max_error,-5.839309327061e-03
epsilon,dt_s,1.000000000000e-11,1,3.000000000000e-03,1.000000000000e-03,abs_R16,-1.797192705915e-06
epsilon,dt_s,1.000000000000e-11,1,3.000000000000e-03,1.000000000000e-03,abs_R26,-3.835710684690e-06
epsilon,dt_s,1.000000000000e-11,1,3.000000000000e-03,1.000000000000e-03,difference_from_finest_dt,-5.841523219353e-03
epsilon,dt_s,1.000000000000e-11,1,1.000000000000e-03,3.000000000000e-04,scaled_max_error,2.957364230057e-04
epsilon,dt_s,1.000000000000e-11,1,1.000000000000e-03,3.000000000000e-04,abs_R16,2.295344363997e-05
epsilon,dt_s,1.000000000000e-11,1,1.000000000000e-03,3.000000000000e-04,abs_R26,4.697666616049e-06
epsilon,dt_s,1.000000000000e-11,1,1.000000000000e-03,3.000000000000e-04,difference_from_finest_dt,2.961854109712e-04
epsilon,dt_s,1.000000000000e-11,1,3.000000000000e-04,1.000000000000e-04,scaled_max_error,-3.240985142986e-04
epsilon,dt_s,1.000000000000e-11,1,3.000000000000e-04,1.000000000000e-04,abs_R16,-1.864596538481e-05
epsilon,dt_s,1.000000000000e-11,1,3.000000000000e-04,1.000000000000e-04,abs_R26,5.413025949867e-05
epsilon,dt_s,1.000000000000e-11,1,3.000000000000e-04,1.000000000000e-04,difference_from_finest_dt,-3.239080531293e-04
epsilon,dt_s,1.000000000000e-11,1,1.000000000000e-04,3.000000000000e-05,scaled_max_error,3.881074916942e-04
epsilon,dt_s,1.000000000000e-11,1,1.000000000000e-04,3.000000000000e-05,abs_R16,-1.433326078338e-05
epsilon,dt_s,1.000000000000e-11,1,1.000000000000e-04,3.000000000000e-05,abs_R26,-4.869036427711e-04
epsilon,dt_s,1.000000000000e-11,1,1.000000000000e-04,3.000000000000e-05,difference_from_finest_dt,3.888626493094e-04
epsilon,dt_s,1.000000000000e-11,1,3.000000000000e-05,1.000000000000e-05,scaled_max_error,5.323824210520e-03
epsilon,dt_s,1.000000000000e-11,1,3.000000000000e-05,1.000000000000e-05,abs_R16,-2.905944759611e-04
epsilon,dt_s,1.000000000000e-11,1,3.000000000000e-05,1.000000000000e-05,abs_R26,2.107607324680e-03
epsilon,dt_s,1.000000000000e-11,1,3.000000000000e-05,1.000000000000e-05,difference_from_finest_dt,5.323846532185e-03
epsilon,dt_s,1.000000000000e-11,1,1.000000000000e-05,3.000000000000e-06,scaled_max_error,-6.573142809911e-03
epsilon,dt_s,1.000000000000e-11,1,1.000000000000e-05,3.000000000000e-06,abs_R16,7.722783727929e-04
epsilon,dt_s,1.000000000000e-11,1,1.000000000000e-05,3.000000000000e-06,abs_R26,-4.602365344245e-03
epsilon,dt_s,1.000000000000e-11,1,1.000000000000e-05,3.000000000000e-06,difference_from_finest_dt,-6.573837386409e-03
epsilon,dt_s,1.000000000000e-11,1,3.000000000000e-06,1.000000000000e-06,scaled_max_error,1.454376246310e-03
epsilon,dt_s,1.000000000000e-11,1,3.000000000000e-06,1.000000000000e-06,abs_R16,-5.945555836870e-03
epsilon,dt_s,1.000000000000e-11,1,3.000000000000e-06,1.000000000000e-06,abs_R26,8.322561185176e-03
epsilon,dt_s,1.000000000000e-11,1,3.000000000000e-06,1.000000000000e-06,difference_from_finest_dt,1.454287533600e-03
epsilon,dt_s,3.000000000000e-11,1,1.000000000000e-01,3.000000000000e-02,scaled_max_error,2.834148211888e-01
epsilon,dt_s,3.000000000000e-11,1,1.000000000000e-01,3.000000000000e-02,abs_R16,-2.040766531318e-01
epsilon,dt_s,3.000000000000e-11,1,1.000000000000e-01,3.000000000000e-02,abs_R26,-1.636645872306e-01
epsilon,dt_s,3.000000000000e-11,1,1.000000000000e-01,3.000000000000e-02,difference_from_finest_dt,-2.794441877934e-04
epsilon,dt_s,3.000000000000e-11,1,3.000000000000e-02,1.000000000000e-02,scaled_max_error,3.756025300879e-03
epsilon,dt_s,3.000000000000e-11,1,3.000000000000e-02,1.000000000000e-02,abs_R16,-1.584691167186e-03
epsilon,dt_s,3.000000000000e-11,1,3.000000000000e-02,1.000000000000e-02,abs_R26,-1.309212293921e-03
epsilon,dt_s,3.000000000000e-11,1,3.000000000000e-02,1.000000000000e-02,difference_from_finest_dt,8.103720780444e-04
epsilon,dt_s,3.000000000000e-11,1,1.000000000000e-02,3.000000000000e-03,scaled_max_error,-5.878376636496e-04
epsilon,dt_s,3.000000000000e-11,1,1.000000000000e-02,3.000000000000e-03,abs_R16,-1.800753157816e-05
epsilon,dt_s,3.000000000000e-11,1,1.000000000000e-02,3.000000000000e-03,abs_R26,-1.961903197106e-05
epsilon,dt_s,3.000000000000e-11,1,1.000000000000e-02,3.000000000000e-03,difference_from_finest_dt,-6.215322350476e-04
epsilon,dt_s,3.000000000000e-11,1,3.000000000000e-03,1.000000000000e-03,scaled_max_error,2.985763034618e-07
epsilon,dt_s,3.000000000000e-11,1,3.000000000000e-03,1.000000000000e-03,abs_R16,7.901966681221e-07
epsilon,dt_s,3.000000000000e-11,1,3.000000000000e-03,1.000000000000e-03,abs_R26,6.608656801758e-06
epsilon,dt_s,3.000000000000e-11,1,3.000000000000e-03,1.000000000000e-03,difference_from_finest_dt,0.000000000000e+00
epsilon,dt_s,3.000000000000e-11,1,1.000000000000e-03,3.000000000000e-04,scaled_max_error,4.994166524414e-04
epsilon,dt_s,3.000000000000e-11,1,1.000000000000e-03,3.000000000000e-04,abs_R16,-2.172940886816e-06
epsilon,dt_s,3.000000000000e-11,1,1.000000000000e-03,3.000000000000e-04,abs_R26,-5.752936724986e-06
epsilon,dt_s,3.000000000000e-11,1,1.000000000000e-03,3.000000000000e-04,difference_from_finest_dt,4.994675743407e-04
epsilon,dt_s,3.000000000000e-11,1,3.000000000000e-04,1.000000000000e-04,scaled_max_error,1.825172435293e-04
epsilon,dt_s,3.000000000000e-11,1,3.000000000000e-04,1.000000000000e-04,abs_R16,-4.935298189455e-05
epsilon,dt_s,3.000000000000e-11,1,3.000000000000e-04,1.000000000000e-04,abs_R26,-4.001020620889e-05
epsilon,dt_s,3.000000000000e-11,1,3.000000000000e-04,1.000000000000e-04,difference_from_finest_dt,1.825358578698e-04
epsilon,dt_s,3.000000000000e-11,1,1.000000000000e-04,3.000000000000e-05,scaled_max_error,-4.600633544867e-05
epsilon,dt_s,3.000000000000e-11,1,1.000000000000e-04,3.000000000000e-05,abs_R16,8.224754315245e-05
epsilon,dt_s,3.000000000000e-11,1,1.000000000000e-04,3.000000000000e-05,abs_R26,3.261305923816e-05
epsilon,dt_s,3.000000000000e-11,1,1.000000000000e-04,3.000000000000e-05,difference_from_finest_dt,-4.591512341230e-05
epsilon,dt_s,3.000000000000e-11,1,3.000000000000e-05,1.000000000000e-05,scaled_max_error,-1.260916651438e-05
epsilon,dt_s,3.000000000000e-11,1,3.000000000000e-05,1.000000000000e-05,abs_R16,-2.627477721475e-05
epsilon,dt_s,3.000000000000e-11,1,3.000000000000e-05,1.000000000000e-05,abs_R26,2.859137061422e-05
epsilon,dt_s,3.000000000000e-11,1,3.000000000000e-05,1.000000000000e-05,difference_from_finest_dt,-1.256923919296e-05
epsilon,dt_s,3.000000000000e-11,1,1.000000000000e-05,3.000000000000e-06,scaled_max_error,4.600569812876e-05
epsilon,dt_s,3.000000000000e-11,1,1.000000000000e-05,3.000000000000e-06,abs_R16,1.610135863959e-02
epsilon,dt_s,3.000000000000e-11,1,1.000000000000e-05,3.000000000000e-06,abs_R26,1.467941458801e-02
epsilon,dt_s,3.000000000000e-11,1,1.000000000000e-05,3.000000000000e-06,difference_from_finest_dt,4.587813484597e-05
epsilon,dt_s,3.000000000000e-11,1,3.000000000000e-06,1.000000000000e-06,scaled_max_error,-7.172197232193e-04
epsilon,dt_s,3.000000000000e-11,1,3.000000000000e-06,1.000000000000e-06,abs_R16,-9.879682689232e-04
epsilon,dt_s,3.000000000000e-11,1,3.000000000000e-06,1.000000000000e-06,abs_R26,-1.552741629004e-03
epsilon,dt_s,3.000000000000e-11,1,3.000000000000e-06,1.000000000000e-06,difference_from_finest_dt,-7.172146135885e-04
epsilon,dt_s,1.000000000000e-13,2,1.000000000000e-01,3.000000000000e-02,scaled_max_error,2.217034068990e+00
epsilon,dt_s,1.000000000000e-13,2,1.000000000000e-01,3.000000000000e-02,abs_R16,1.108974400508e+00
epsilon,dt_s,1.000000000000e-13,2,1.000000000000e-01,3.000000000000e-02,abs_R26,6.976296776719e-01
epsilon,dt_s,1.000000000000e-13,2,3.000000000000e-02,1.000000000000e-02,scaled_max_error,-4.610487285192e-02
epsilon,dt_s,1.000000000000e-13,2,3.000000000000e-02,1.000000000000e-02,abs_R16,2.369364158544e-01
epsilon,dt_s,1.000000000000e-13,2,3.000000000000e-02,1.000000000000e-02,abs_R26,-7.163020838803e-01
epsilon,dt_s,1.000000000000e-13,2,1.000000000000e-02,3.000000000000e-03,scaled_max_error,-7.748287844030e-01
epsilon,dt_s,1.000000000000e-13,2,1.000000000000e-02,3.000000000000e-03,abs_R16,1.260476782591e-01
epsilon,dt_s,1.000000000000e-13,2,1.000000000000e-02,3.000000000000e-03,abs_R26,2.464976786989e+00
epsilon,dt_s,1.000000000000e-13,2,3.000000000000e-03,1.000000000000e-03,scaled_max_error,1.399608124040e-01
epsilon,dt_s,1.000000000000e-13,2,3.000000000000e-03,1.000000000000e-03,abs_R16,-5.367583876145e-01
epsilon,dt_s,1.000000000000e-13,2,3.000000000000e-03,1.000000000000e-03,abs_R26,-4.079336603898e+00
epsilon,dt_s,1.000000000000e-13,2,1.000000000000e-03,3.000000000000e-04,scaled_max_error,-1.762707484920e+00
epsilon,dt_s,1.000000000000e-13,2,1.000000000000e-03,3.000000000000e-04,abs_R16,-8.302284949184e-03
epsilon,dt_s,1.000000000000e-13,2,1.000000000000e-03,3.000000000000e-04,abs_R26,-7.387931656080e-01
epsilon,dt_s,1.000000000000e-13,2,3.000000000000e-04,1.000000000000e-04,scaled_max_error,-1.356245743827e+00
epsilon,dt_s,1.000000000000e-13,2,3.000000000000e-04,1.000000000000e-04,abs_R16,-2.948795318933e+00
epsilon,dt_s,1.000000000000e-13,2,3.000000000000e-04,1.000000000000e-04,abs_R26,-1.946013820446e+00
epsilon,dt_s,1.000000000000e-13,2,1.000000000000e-04,3.000000000000e-05,scaled_max_error,-3.658317507899e-01
epsilon,dt_s,1.000000000000e-13,2,1.000000000000e-04,3.000000000000e-05,abs_R16,-1.096410832189e+00
epsilon,dt_s,1.000000000000e-13,2,1.000000000000e-04,3.000000000000e-05,abs_R26,-1.203211006224e-01
epsilon,dt_s,1.000000000000e-13,2,3.000000000000e-05,1.000000000000e-05,scaled_max_error,-6.587319323451e-01
epsilon,dt_s,1.000000000000e-13,2,3.000000000000e-05,1.000000000000e-05,abs_R16,-1.051436444694e+00
epsilon,dt_s,1.000000000000e-13,2,3.000000000000e-05,1.000000000000e-05,abs_R26,-7.399038082820e-01
epsilon,dt_s,1.000000000000e-13,2,1.000000000000e-05,3.000000000000e-06,scaled_max_error,-1.321730822071e+00
epsilon,dt_s,1.000000000000e-13,2,1.000000000000e-05,3.000000000000e-06,abs_R16,-1.363361963746e+00
epsilon,dt_s,1.000000000000e-13,2,1.000000000000e-05,3.000000000000e-06,abs_R26,-9.593975170001e-01
epsilon,dt_s,1.000000000000e-13,2,3.000000000000e-06,1.000000000000e-06,scaled_max_error,-1.029152265193e+00
epsilon,dt_s,1.000000000000e-13,2,3.000000000000e-06,1.000000000000e-06,abs_R16,3.323579794089e-01
epsilon,dt_s,1.000000000000e-13,2,3.000000000000e-06,1.000000000000e-06,abs_R26,1.359858794414e-02
epsilon,dt_s,3.000000000000e-13,2,1.000000000000e-01,3.000000000000e-02,scaled_max_error,8.448152171627e-01
epsilon,dt_s,3.000000000000e-13,2,1.000000000000e-01,3.000000000000e-02,abs_R16,6.378489300099e-01
epsilon,dt_s,3.000000000000e-13,2,1.000000000000e-01,3.000000000000e-02,abs_R26,2.059003284642e-01
epsilon,dt_s,3.000000000000e-13,2,1.000000000000e-01,3.000000000000e-02,difference_from_finest_dt,-9.652166898116e-04
epsilon,dt_s,3.000000000000e-13,2,3.000000000000e-02,1.000000000000e-02,scaled_max_error,-1.532177408514e-02
epsilon,dt_s,3.000000000000e-13,2,3.000000000000e-02,1.000000000000e-02,abs_R16,3.735582044073e-02
epsilon,dt_s,3.000000000000e-13,2,3.000000000000e-02,1.000000000000e-02,abs_R26,-2.400234265354e-02
epsilon,dt_s,3.000000000000e-13,2,3.000000000000e-02,1.000000000000e-02,difference_from_finest_dt,6.345154405906e-04
epsilon,dt_s,3.000000000000e-13,2,1.000000000000e-02,3.000000000000e-03,scaled_max_error,7.353916061213e-02
epsilon,dt_s,3.000000000000e-13,2,1.000000000000e-02,3.000000000000e-03,abs_R16,1.230693299776e-01
epsilon,dt_s,3.000000000000e-13,2,1.000000000000e-02,3.000000000000e-03,abs_R26,9.525185875209e-02
epsilon,dt_s,3.000000000000e-13,2,1.000000000000e-02,3.000000000000e-03,difference_from_finest_dt,1.932939233457e-03
epsilon,dt_s,3.000000000000e-13,2,3.000000000000e-03,1.000000000000e-03,scaled_max_error,2.768531661130e-02
epsilon,dt_s,3.000000000000e-13,2,3.000000000000e-03,1.000000000000e-03,abs_R16,9.551794080800e-02
epsilon,dt_s,3.000000000000e-13,2,3.000000000000e-03,1.000000000000e-03,abs_R26,-7.090998564333e-01
epsilon,dt_s,3.000000000000e-13,2,3.000000000000e-03,1.000000000000e-03,difference_from_finest_dt,-2.064164343119e-01
epsilon,dt_s,3.000000000000e-13,2,1.000000000000e-03,3.000000000000e-04,scaled_max_error,2.090839803536e-04
epsilon,dt_s,3.000000000000e-13,2,1.000000000000e-03,3.000000000000e-04,abs_R16,1.956011322209e-01
epsilon,dt_s,3.000000000000e-13,2,1.000000000000e-03,3.000000000000e-04,abs_R26,1.974868797339e+00
epsilon,dt_s,3.000000000000e-13,2,1.000000000000e-03,3.000000000000e-04,difference_from_finest_dt,-1.125465874982e+00
epsilon,dt_s,3.000000000000e-13,2,3.000000000000e-04,1.000000000000e-04,scaled_max_error,-1.452725994346e+00
epsilon,dt_s,3.000000000000e-13,2,3.000000000000e-04,1.000000000000e-04,abs_R16,-2.023223478527e+00
epsilon,dt_s,3.000000000000e-13,2,3.000000000000e-04,1.000000000000e-04,abs_R26,-8.681971896096e-01
epsilon,dt_s,3.000000000000e-13,2,3.000000000000e-04,1.000000000000e-04,difference_from_finest_dt,-1.532250852255e+00
epsilon,dt_s,3.000000000000e-13,2,1.000000000000e-04,3.000000000000e-05,scaled_max_error,-5.465515483923e-01
epsilon,dt_s,3.000000000000e-13,2,1.000000000000e-04,3.000000000000e-05,abs_R16,-1.008415863538e+00
epsilon,dt_s,3.000000000000e-13,2,1.000000000000e-04,3.000000000000e-05,abs_R26,-3.155978401513e+00
epsilon,dt_s,3.000000000000e-13,2,1.000000000000e-04,3.000000000000e-05,difference_from_finest_dt,-1.931474939074e-01
epsilon,dt_s,3.000000000000e-13,2,3.000000000000e-05,1.000000000000e-05,scaled_max_error,-1.724200737457e+00
epsilon,dt_s,3.000000000000e-13,2,3.000000000000e-05,1.000000000000e-05,abs_R16,-5.645163704299e-01
epsilon,dt_s,3.000000000000e-13,2,3.000000000000e-05,1.000000000000e-05,abs_R26,3.042979146105e-01
epsilon,dt_s,3.000000000000e-13,2,3.000000000000e-05,1.000000000000e-05,difference_from_finest_dt,-1.253597331094e+00
epsilon,dt_s,3.000000000000e-13,2,1.000000000000e-05,3.000000000000e-06,scaled_max_error,-3.705618398214e-01
epsilon,dt_s,3.000000000000e-13,2,1.000000000000e-05,3.000000000000e-06,abs_R16,-8.803109201019e-01
epsilon,dt_s,3.000000000000e-13,2,1.000000000000e-05,3.000000000000e-06,abs_R26,-2.004358504797e+00
epsilon,dt_s,3.000000000000e-13,2,1.000000000000e-05,3.000000000000e-06,difference_from_finest_dt,-8.528938559579e-01
epsilon,dt_s,3.000000000000e-13,2,3.000000000000e-06,1.000000000000e-06,scaled_max_error,-6.867294237545e-01
epsilon,dt_s,3.000000000000e-13,2,3.000000000000e-06,1.000000000000e-06,abs_R16,-5.857421131279e-01
epsilon,dt_s,3.000000000000e-13,2,3.000000000000e-06,1.000000000000e-06,abs_R26,2.622996566024e+00
epsilon,dt_s,3.000000000000e-13,2,3.000000000000e-06,1.000000000000e-06,difference_from_finest_dt,-8.256848834332e-01
epsilon,dt_s,1.000000000000e-12,2,1.000000000000e-01,3.000000000000e-02,scaled_max_error,-4.613326751947e-02
epsilon,dt_s,1.000000000000e-12,2,1.000000000000e-01,3.000000000000e-02,abs_R16,1.012802486666e-01
epsilon,dt_s,1.000000000000e-12,2,1.000000000000e-01,3.000000000000e-02,abs_R26,2.418881899338e-02
epsilon,dt_s,1.000000000000e-12,2,1.000000000000e-01,3.000000000000e-02,difference_from_finest_dt,-2.035749444190e-04
epsilon,dt_s,1.000000000000e-12,2,3.000000000000e-02,1.000000000000e-02,scaled_max_error,-2.072362499350e-04
epsilon,dt_s,1.000000000000e-12,2,3.000000000000e-02,1.000000000000e-02,abs_R16,-6.747976563923e-04
epsilon,dt_s,1.000000000000e-12,2,3.000000000000e-02,1.000000000000e-02,abs_R26,4.379979168651e-03
epsilon,dt_s,1.000000000000e-12,2,3.000000000000e-02,1.000000000000e-02,difference_from_finest_dt,3.431951373132e-05
epsilon,dt_s,1.000000000000e-12,2,1.000000000000e-02,3.000000000000e-03,scaled_max_error,1.575536109296e-05
epsilon,dt_s,1.000000000000e-12,2,1.000000000000e-02,3.000000000000e-03,abs_R16,2.826586384652e-03
epsilon,dt_s,1.000000000000e-12,2,1.000000000000e-02,3.000000000000e-03,abs_R26,-2.410211094687e-03
epsilon,dt_s,1.000000000000e-12,2,1.000000000000e-02,3.000000000000e-03,difference_from_finest_dt,2.035826210615e-04
epsilon,dt_s,1.000000000000e-12,2,3.000000000000e-03,1.000000000000e-03,scaled_max_error,-1.726635180940e-05
epsilon,dt_s,1.000000000000e-12,2,3.000000000000e-03,1.000000000000e-03,abs_R16,4.805246198184e-03
epsilon,dt_s,1.000000000000e-12,2,3.000000000000e-03,1.000000000000e-03,abs_R26,8.633475142478e-05
epsilon,dt_s,1.000000000000e-12,2,3.000000000000e-03,1.000000000000e-03,difference_from_finest_dt,-5.148988000770e-05
epsilon,dt_s,1.000000000000e-12,2,1.000000000000e-03,3.000000000000e-04,scaled_max_error,0.000000000000e+00
epsilon,dt_s,1.000000000000e-12,2,1.000000000000e-03,3.000000000000e-04,abs_R16,-9.094168248362e-02
epsilon,dt_s,1.000000000000e-12,2,1.000000000000e-03,3.000000000000e-04,abs_R26,-6.068265886012e-02
epsilon,dt_s,1.000000000000e-12,2,1.000000000000e-03,3.000000000000e-04,difference_from_finest_dt,-1.252812875602e-04
epsilon,dt_s,1.000000000000e-12,2,3.000000000000e-04,1.000000000000e-04,scaled_max_error,0.000000000000e+00
epsilon,dt_s,1.000000000000e-12,2,3.000000000000e-04,1.000000000000e-04,abs_R16,2.196024642888e-01
epsilon,dt_s,1.000000000000e-12,2,3.000000000000e-04,1.000000000000e-04,abs_R26,1.634886654412e-01
epsilon,dt_s,1.000000000000e-12,2,3.000000000000e-04,1.000000000000e-04,difference_from_finest_dt,-3.589550317750e-01
epsilon,dt_s,1.000000000000e-12,2,1.000000000000e-04,3.000000000000e-05,scaled_max_error,1.575536109296e-05
epsilon,dt_s,1.000000000000e-12,2,1.000000000000e-04,3.000000000000e-05,abs_R16,-2.690351756856e-01
epsilon,dt_s,1.000000000000e-12,2,1.000000000000e-04,3.000000000000e-05,abs_R26,-3.484420834862e-01
epsilon,dt_s,1.000000000000e-12,2,1.000000000000e-04,3.000000000000e-05,difference_from_finest_dt,-4.747227529306e-01
epsilon,dt_s,1.000000000000e-12,2,3.000000000000e-05,1.000000000000e-05,scaled_max_error,-4.660415179875e-02
epsilon,dt_s,1.000000000000e-12,2,3.000000000000e-05,1.000000000000e-05,abs_R16,-5.001997935788e-01
epsilon,dt_s,1.000000000000e-12,2,3.000000000000e-05,1.000000000000e-05,abs_R26,-1.247081123833e+00
epsilon,dt_s,1.000000000000e-12,2,3.000000000000e-05,1.000000000000e-05,difference_from_finest_dt,-5.589866585300e-01
epsilon,dt_s,1.000000000000e-12,2,1.000000000000e-05,3.000000000000e-06,scaled_max_error,-7.951671570661e-01
epsilon,dt_s,1.000000000000e-12,2,1.000000000000e-05,3.000000000000e-06,abs_R16,5.266115232134e-01
epsilon,dt_s,1.000000000000e-12,2,1.000000000000e-05,3.000000000000e-06,abs_R26,-5.646421069924e-01
epsilon,dt_s,1.000000000000e-12,2,1.000000000000e-05,3.000000000000e-06,difference_from_finest_dt,-1.488126487859e+00
epsilon,dt_s,1.000000000000e-12,2,3.000000000000e-06,1.000000000000e-06,scaled_max_error,-7.192115363530e-01
epsilon,dt_s,1.000000000000e-12,2,3.000000000000e-06,1.000000000000e-06,abs_R16,1.564009134644e+00
epsilon,dt_s,1.000000000000e-12,2,3.000000000000e-06,1.000000000000e-06,abs_R26,1.841543692619e+00
epsilon,dt_s,1.000000000000e-12,2,3.000000000000e-06,1.000000000000e-06,difference_from_finest_dt,-9.956469781921e-01
epsilon,dt_s,3.000000000000e-12,2,1.000000000000e-01,3.000000000000e-02,scaled_max_error,-2.814131257961e-02
epsilon,dt_s,3.000000000000e-12,2,1.000000000000e-01,3.000000000000e-02,abs_R16,1.223636681824e-02
epsilon,dt_s,3.000000000000e-12,2,1.000000000000e-01,3.000000000000e-02,abs_R26,2.831525759978e-03
epsilon,dt_s,3.000000000000e-12,2,1.000000000000e-01,3.000000000000e-02,difference_from_finest_dt,2.823251287834e-04
epsilon,dt_s,3.000000000000e-12,2,3.000000000000e-02,1.000000000000e-02,scaled_max_error,-1.519869850239e-05
epsilon,dt_s,3.000000000000e-12,2,3.000000000000e-02,1.000000000000e-02,abs_R16,1.280747151174e-04
epsilon,dt_s,3.000000000000e-12,2,3.000000000000e-02,1.000000000000e-02,abs_R26,-1.001861111172e-05
epsilon,dt_s,3.000000000000e-12,2,3.000000000000e-02,1.000000000000e-02,difference_from_finest_dt,1.139099599550e-05
epsilon,dt_s,3.000000000000e-12,2,1.000000000000e-02,3.000000000000e-03,scaled_max_error,5.200562488630e-06
epsilon,dt_s,3.000000000000e-12,2,1.000000000000e-02,3.000000000000e-03,abs_R16,-2.526626306112e-04
epsilon,dt_s,3.000000000000e-12,2,1.000000000000e-02,3.000000000000e-03,abs_R26,5.815538625672e-06
epsilon,dt_s,3.000000000000e-12,2,1.000000000000e-02,3.000000000000e-03,difference_from_finest_dt,2.598581982808e-05
epsilon,dt_s,3.000000000000e-12,2,3.000000000000e-03,1.000000000000e-03,scaled_max_error,-1.101836650443e-04
epsilon,dt_s,3.000000000000e-12,2,3.000000000000e-03,1.000000000000e-03,abs_R16,-1.337280852733e-04
epsilon,dt_s,3.000000000000e-12,2,3.000000000000e-03,1.000000000000e-03,abs_R26,-1.295825832100e-04
epsilon,dt_s,3.000000000000e-12,2,3.000000000000e-03,1.000000000000e-03,difference_from_finest_dt,-1.139071091490e-04
epsilon,dt_s,3.000000000000e-12,2,1.000000000000e-03,3.000000000000e-04,scaled_max_error,9.360713284181e-05
epsilon,dt_s,3.000000000000e-12,2,1.000000000000e-03,3.000000000000e-04,abs_R16,-1.519659883310e-03
epsilon,dt_s,3.000000000000e-12,2,1.000000000000e-03,3.000000000000e-04,abs_R26,-3.320929060913e-03
epsilon,dt_s,3.000000000000e-12,2,1.000000000000e-03,3.000000000000e-04,difference_from_finest_dt,7.968541634352e-05
epsilon,dt_s,3.000000000000e-12,2,3.000000000000e-04,1.000000000000e-04,scaled_max_error,-2.640361631903e-04
epsilon,dt_s,3.000000000000e-12,2,3.000000000000e-04,1.000000000000e-04,abs_R16,1.438859832453e-03
epsilon,dt_s,3.000000000000e-12,2,3.000000000000e-04,1.000000000000e-04,abs_R26,1.165468515111e-02
epsilon,dt_s,3.000000000000e-12,2,3.000000000000e-04,1.000000000000e-04,difference_from_finest_dt,-2.448753469589e-04
epsilon,dt_s,3.000000000000e-12,2,1.000000000000e-04,3.000000000000e-05,scaled_max_error,2.253284034580e-04
epsilon,dt_s,3.000000000000e-12,2,1.000000000000e-04,3.000000000000e-05,abs_R16,-1.044552036106e-02
epsilon,dt_s,3.000000000000e-12,2,1.000000000000e-04,3.000000000000e-05,abs_R26,-4.450384517063e-03
epsilon,dt_s,3.000000000000e-12,2,1.000000000000e-04,3.000000000000e-05,difference_from_finest_dt,1.974610702888e-04
epsilon,dt_s,3.000000000000e-12,2,3.000000000000e-05,1.000000000000e-05,scaled_max_error,-3.646850407772e-04
epsilon,dt_s,3.000000000000e-12,2,3.000000000000e-05,1.000000000000e-05,abs_R16,3.586030354920e-02
epsilon,dt_s,3.000000000000e-12,2,3.000000000000e-05,1.000000000000e-05,abs_R26,2.046003807823e-01
epsilon,dt_s,3.000000000000e-12,2,3.000000000000e-05,1.000000000000e-05,difference_from_finest_dt,-3.530442999179e-04
epsilon,dt_s,3.000000000000e-12,2,1.000000000000e-05,3.000000000000e-06,scaled_max_error,2.079429408862e-05
epsilon,dt_s,3.000000000000e-12,2,1.000000000000e-05,3.000000000000e-06,abs_R16,-1.860492239766e-02
epsilon,dt_s,3.000000000000e-12,2,1.000000000000e-05,3.000000000000e-06,abs_R26,-2.380220941792e-01
epsilon,dt_s,3.000000000000e-12,2,1.000000000000e-05,3.000000000000e-06,difference_from_finest_dt,-8.695040194054e-01
epsilon,dt_s,3.000000000000e-12,2,3.000000000000e-06,1.000000000000e-06,scaled_max_error,-9.790339334367e-01
epsilon,dt_s,3.000000000000e-12,2,3.000000000000e-06,1.000000000000e-06,abs_R16,3.908156779659e-02
epsilon,dt_s,3.000000000000e-12,2,3.000000000000e-06,1.000000000000e-06,abs_R26,-6.382814208221e-01
epsilon,dt_s,3.000000000000e-12,2,3.000000000000e-06,1.000000000000e-06,difference_from_finest_dt,-9.008249448563e-01
epsilon,dt_s,1.000000000000e-11,2,1.000000000000e-01,3.000000000000e-02,scaled_max_error,5.034852564999e-03
epsilon,dt_s,1.000000000000e-11,2,1.000000000000e-01,3.000000000000e-02,abs_R16,3.535880077567e-04
epsilon,dt_s,1.000000000000e-11,2,1.000000000000e-01,3.000000000000e-02,abs_R26,-6.643739603687e-04
epsilon,dt_s,1.000000000000e-11,2,1.000000000000e-01,3.000000000000e-02,difference_from_finest_dt,7.542799091098e-03
epsilon,dt_s,1.000000000000e-11,2,3.000000000000e-02,1.000000000000e-02,scaled_max_error,2.212888585352e-04
epsilon,dt_s,1.000000000000e-11,2,3.000000000000e-02,1.000000000000e-02,abs_R16,8.660906254665e-06
epsilon,dt_s,1.000000000000e-11,2,3.000000000000e-02,1.000000000000e-02,abs_R26,1.910844335701e-06
epsilon,dt_s,1.000000000000e-11,2,3.000000000000e-02,1.000000000000e-02,difference_from_finest_dt,2.236799163764e-04
epsilon,dt_s,1.000000000000e-11,2,1.000000000000e-02,3.000000000000e-03,scaled_max_error,-7.128450432868e-03
epsilon,dt_s,1.000000000000e-11,2,1.000000000000e-02,3.000000000000e-03,abs_R16,-3.704681731777e-06
epsilon,dt_s,1.000000000000e-11,2,1.000000000000e-02,3.000000000000e-03,abs_R26,3.736092739096e-07
epsilon,dt_s,1.000000000000e-11,2,1.000000000000e-02,3.000000000000e-03,difference_from_finest_dt,-7.126142095654e-03
epsilon,dt_s,1.000000000000e-11,2,3.000000000000e-03,1.000000000000e-03,scaled_max_error,1.478908503368e-03
epsilon,dt_s,1.000000000000e-11,2,3.000000000000e-03,1.000000000000e-03,abs_R16,2.215932945726e-05
epsilon,dt_s,1.000000000000e-11,2,3.000000000000e-03,1.000000000000e-03,abs_R26,1.186246973538e-06
epsilon,dt_s,1.000000000000e-11,2,3.000000000000e-03,1.000000000000e-03,difference_from_finest_dt,1.478478979606e-03
epsilon,dt_s,1.000000000000e-11,2,1.000000000000e-03,3.000000000000e-04,scaled_max_error,-1.247103275057e-04
epsilon,dt_s,1.000000000000e-11,2,1.000000000000e-03,3.000000000000e-04,abs_R16,-3.620442736573e-05
epsilon,dt_s,1.000000000000e-11,2,1.000000000000e-03,3.000000000000e-04,abs_R26,8.906095219561e-05
epsilon,dt_s,1.000000000000e-11,2,1.000000000000e-03,3.000000000000e-04,difference_from_finest_dt,-1.259482090975e-04
epsilon,dt_s,1.000000000000e-11,2,3.000000000000e-04,1.000000000000e-04,scaled_max_error,1.366704562513e-04
epsilon,dt_s,1.000000000000e-11,2,3.000000000000e-04,1.000000000000e-04,abs_R16,-3.637932535399e-05
epsilon,dt_s,1.000000000000e-11,2,3.000000000000e-04,1.000000000000e-04,abs_R26,-2.832745261681e-04
epsilon,dt_s,1.000000000000e-11,2,3.000000000000e-04,1.000000000000e-04,difference_from_finest_dt,1.383683095279e-04
epsilon,dt_s,1.000000000000e-11,2,1.000000000000e-04,3.000000000000e-05,scaled_max_error,-1.292250961037e-04
epsilon,dt_s,1.000000000000e-11,2,1.000000000000e-04,3.000000000000e-05,abs_R16,5.492054270843e-04
epsilon,dt_s,1.000000000000e-11,2,1.000000000000e-04,3.000000000000e-05,abs_R26,3.471758731763e-04
epsilon,dt_s,1.000000000000e-11,2,1.000000000000e-04,3.000000000000e-05,difference_from_finest_dt,-1.317081175216e-04
epsilon,dt_s,1.000000000000e-11,2,3.000000000000e-05,1.000000000000e-05,scaled_max_error,-1.766668036999e-03
epsilon,dt_s,1.000000000000e-11,2,3.000000000000e-05,1.000000000000e-05,abs_R16,-2.247565032637e-03
epsilon,dt_s,1.000000000000e-11,2,3.000000000000e-05,1.000000000000e-05,abs_R26,-1.911277150638e-03
epsilon,dt_s,1.000000000000e-11,2,3.000000000000e-05,1.000000000000e-05,difference_from_finest_dt,-1.765535715545e-03
epsilon,dt_s,1.000000000000e-11,2,1.000000000000e-05,3.000000000000e-06,scaled_max_error,1.829891613942e-03
epsilon,dt_s,1.000000000000e-11,2,1.000000000000e-05,3.000000000000e-06,abs_R16,-1.068051908750e-02
epsilon,dt_s,1.000000000000e-11,2,1.000000000000e-05,3.000000000000e-06,abs_R26,-5.701630039106e-03
epsilon,dt_s,1.000000000000e-11,2,1.000000000000e-05,3.000000000000e-06,difference_from_finest_dt,1.830246112159e-03
epsilon,dt_s,1.000000000000e-11,2,3.000000000000e-06,1.000000000000e-06,scaled_max_error,-9.709796837466e-05
epsilon,dt_s,1.000000000000e-11,2,3.000000000000e-06,1.000000000000e-06,abs_R16,1.246682408566e-03
epsilon,dt_s,1.000000000000e-11,2,3.000000000000e-06,1.000000000000e-06,abs_R26,1.399199746305e-02
epsilon,dt_s,1.000000000000e-11,2,3.000000000000e-06,1.000000000000e-06,difference_from_finest_dt,-9.709204063305e-05
epsilon,dt_s,3.000000000000e-11,2,1.000000000000e-01,3.000000000000e-02,scaled_max_error,4.377886311437e-04
epsilon,dt_s,3.000000000000e-11,2,1.000000000000e-01,3.000000000000e-02,abs_R16,4.301560170634e-05
epsilon,dt_s,3.000000000000e-11,2,1.000000000000e-01,3.000000000000e-02,abs_R26,-6.320317847311e-05
epsilon,dt_s,3.000000000000e-11,2,1.000000000000e-01,3.000000000000e-02,difference_from_finest_dt,7.306885820075e-04
epsilon,dt_s,3.000000000000e-11,2,3.000000000000e-02,1.000000000000e-02,scaled_max_error,-2.791835837948e-04
epsilon,dt_s,3.000000000000e-11,2,3.000000000000e-02,1.000000000000e-02,abs_R16,-4.192224115725e-06
epsilon,dt_s,3.000000000000e-11,2,3.000000000000e-02,1.000000000000e-02,abs_R26,-7.713279446599e-06
epsilon,dt_s,3.000000000000e-11,2,3.000000000000e-02,1.000000000000e-02,difference_from_finest_dt,-2.789026580622e-04
epsilon,dt_s,3.000000000000e-11,2,1.000000000000e-02,3.000000000000e-03,scaled_max_error,2.068346514585e-04
epsilon,dt_s,3.000000000000e-11,2,1.000000000000e-02,3.000000000000e-03,abs_R16,1.018871557477e-05
epsilon,dt_s,3.000000000000e-11,2,1.000000000000e-02,3.000000000000e-03,abs_R26,8.962017542047e-06
epsilon,dt_s,3.000000000000e-11,2,1.000000000000e-02,3.000000000000e-03,difference_from_finest_dt,2.070512838332e-04
epsilon,dt_s,3.000000000000e-11,2,3.000000000000e-03,1.000000000000e-03,scaled_max_error,-3.984165382420e-08
epsilon,dt_s,3.000000000000e-11,2,3.000000000000e-03,1.000000000000e-03,abs_R16,-8.749708104191e-06
epsilon,dt_s,3.000000000000e-11,2,3.000000000000e-03,1.000000000000e-03,abs_R26,-8.839068787853e-06
epsilon,dt_s,3.000000000000e-11,2,3.000000000000e-03,1.000000000000e-03,difference_from_finest_dt,-7.968275014360e-08
epsilon,dt_s,3.000000000000e-11,2,1.000000000000e-03,3.000000000000e-04,scaled_max_error,-2.109417335758e-04
epsilon,dt_s,3.000000000000e-11,2,1.000000000000e-03,3.000000000000e-04,abs_R16,3.310506167521e-07
epsilon,dt_s,3.000000000000e-11,2,1.000000000000e-03,3.000000000000e-04,abs_R26,7.310660198833e-07
epsilon,dt_s,3.000000000000e-11,2,1.000000000000e-03,3.000000000000e-04,difference_from_finest_dt,-2.110856358127e-04
epsilon,dt_s,3.000000000000e-11,2,3.000000000000e-04,1.000000000000e-04,scaled_max_error,4.150540291671e-05
epsilon,dt_s,3.000000000000e-11,2,3.000000000000e-04,1.000000000000e-04,abs_R16,-3.103883684487e-04
epsilon,dt_s,3.000000000000e-11,2,3.000000000000e-04,1.000000000000e-04,abs_R26,-3.502933555742e-04
epsilon,dt_s,3.000000000000e-11,2,3.000000000000e-04,1.000000000000e-04,difference_from_finest_dt,4.170426979771e-05
epsilon,dt_s,3.000000000000e-11,2,1.000000000000e-04,3.000000000000e-05,scaled_max_error,-3.363893171734e-05
epsilon,dt_s,3.000000000000e-11,2,1.000000000000e-04,3.000000000000e-05,abs_R16,5.258561080709e-04
epsilon,dt_s,3.000000000000e-11,2,1.000000000000e-04,3.000000000000e-05,abs_R26,6.494941752609e-04
epsilon,dt_s,3.000000000000e-11,2,1.000000000000e-04,3.000000000000e-05,difference_from_finest_dt,-3.392946337850e-05
epsilon,dt_s,3.000000000000e-11,2,3.000000000000e-05,1.000000000000e-05,scaled_max_error,-7.236938573392e-04
epsilon,dt_s,3.000000000000e-11,2,3.000000000000e-05,1.000000000000e-05,abs_R16,2.435037022289e-02
epsilon,dt_s,3.000000000000e-11,2,3.000000000000e-05,1.000000000000e-05,abs_R26,2.184899067309e-02
epsilon,dt_s,3.000000000000e-11,2,3.000000000000e-05,1.000000000000e-05,difference_from_finest_dt,-7.235691610132e-04
epsilon,dt_s,3.000000000000e-11,2,1.000000000000e-05,3.000000000000e-06,scaled_max_error,6.457882614691e-04
epsilon,dt_s,3.000000000000e-11,2,1.000000000000e-05,3.000000000000e-06,abs_R16,-6.761809472112e-03
epsilon,dt_s,3.000000000000e-11,2,1.000000000000e-05,3.000000000000e-06,abs_R26,-6.288398552050e-03
epsilon,dt_s,3.000000000000e-11,2,1.000000000000e-05,3.000000000000e-06,difference_from_finest_dt,6.458381356169e-04
epsilon,dt_s,3.000000000000e-11,2,3.000000000000e-06,1.000000000000e-06,scaled_max_error,2.425037361034e-04
epsilon,dt_s,3.000000000000e-11,2,3.000000000000e-06,1.000000000000e-06,abs_R16,2.892683481833e-04
epsilon,dt_s,3.000000000000e-11,2,3.000000000000e-06,1.000000000000e-06,abs_R26,1.847529920180e-03
epsilon,dt_s,3.000000000000e-11,2,3.000000000000e-06,1.000000000000e-06,difference_from_finest_dt,2.425020079888e-04
epsilon,dt_s,1.000000000000e-13,3,1.000000000000e-01,3.000000000000e-02,scaled_max_error,1.412176787013e-01
epsilon,dt_s,1.000000000000e-13,3,1.000000000000e-01,3.000000000000e-02,abs_R16,2.945778426117e-01
epsilon,dt_s,1.000000000000e-13,3,1.000000000000e-01,3.000000000000e-02,abs_R26,2.127620645948e-02
epsilon,dt_s,1.000000000000e-13,3,3.000000000000e-02,1.000000000000e-02,scaled_max_error,-5.253644001649e-01
epsilon,dt_s,1.000000000000e-13,3,3.000000000000e-02,1.000000000000e-02,abs_R16,-9.650471995208e-01
epsilon,dt_s,1.000000000000e-13,3,3.000000000000e-02,1.000000000000e-02,abs_R26,-3.881495049086e-02
epsilon,dt_s,1.000000000000e-13,3,1.000000000000e-02,3.000000000000e-03,scaled_max_error,-5.481424904188e-01
epsilon,dt_s,1.000000000000e-13,3,1.000000000000e-02,3.000000000000e-03,abs_R16,-5.481424645797e-01
epsilon,dt_s,1.000000000000e-13,3,1.000000000000e-02,3.000000000000e-03,abs_R26,1.189917177868e+00
epsilon,dt_s,1.000000000000e-13,3,3.000000000000e-03,1.000000000000e-03,scaled_max_error,-1.224969476020e+00
epsilon,dt_s,1.000000000000e-13,3,3.000000000000e-03,1.000000000000e-03,abs_R16,1.159811966615e+00
epsilon,dt_s,1.000000000000e-13,3,3.000000000000e-03,1.000000000000e-03,abs_R26,-1.737919325550e+00
epsilon,dt_s,1.000000000000e-13,3,1.000000000000e-03,3.000000000000e-04,scaled_max_error,-7.889079131143e-01
epsilon,dt_s,1.000000000000e-13,3,1.000000000000e-03,3.000000000000e-04,abs_R16,-2.334375140980e+00
epsilon,dt_s,1.000000000000e-13,3,1.000000000000e-03,3.000000000000e-04,abs_R26,-6.711424953113e-01
epsilon,dt_s,1.000000000000e-13,3,3.000000000000e-04,1.000000000000e-04,scaled_max_error,-1.084644748715e+00
epsilon,dt_s,1.000000000000e-13,3,3.000000000000e-04,1.000000000000e-04,abs_R16,-1.772962501127e-01
epsilon,dt_s,1.000000000000e-13,3,3.000000000000e-04,1.000000000000e-04,abs_R26,-4.255340120027e-01
epsilon,dt_s,1.000000000000e-13,3,1.000000000000e-04,3.000000000000e-05,scaled_max_error,-5.427187031904e-01
epsilon,dt_s,1.000000000000e-13,3,1.000000000000e-04,3.000000000000e-05,abs_R16,-9.325849798119e-01
epsilon,dt_s,1.000000000000e-13,3,1.000000000000e-04,3.000000000000e-05,abs_R26,-3.747351416069e+00
epsilon,dt_s,1.000000000000e-13,3,3.000000000000e-05,1.000000000000e-05,scaled_max_error,-1.826407365779e+00
epsilon,dt_s,1.000000000000e-13,3,3.000000000000e-05,1.000000000000e-05,abs_R16,-2.485769373230e+00
epsilon,dt_s,1.000000000000e-13,3,3.000000000000e-05,1.000000000000e-05,abs_R26,-5.965997493248e-01
epsilon,dt_s,1.000000000000e-13,3,1.000000000000e-05,3.000000000000e-06,scaled_max_error,-6.965571357303e-01
epsilon,dt_s,1.000000000000e-13,3,1.000000000000e-05,3.000000000000e-06,abs_R16,-6.774308222436e-01
epsilon,dt_s,1.000000000000e-13,3,1.000000000000e-05,3.000000000000e-06,abs_R26,-5.791163024865e-01
epsilon,dt_s,1.000000000000e-13,3,3.000000000000e-06,1.000000000000e-06,scaled_max_error,-2.958519844956e-01
epsilon,dt_s,1.000000000000e-13,3,3.000000000000e-06,1.000000000000e-06,abs_R16,9.742993724458e-01
epsilon,dt_s,1.000000000000e-13,3,3.000000000000e-06,1.000000000000e-06,abs_R26,-4.466278514037e-01
epsilon,dt_s,3.000000000000e-13,3,1.000000000000e-01,3.000000000000e-02,scaled_max_error,-1.317294221806e-02
epsilon,dt_s,3.000000000000e-13,3,1.000000000000e-01,3.000000000000e-02,abs_R16,9.618486166465e-03
epsilon,dt_s,3.000000000000e-13,3,1.000000000000e-01,3.000000000000e-02,abs_R26,-3.837845749713e-03
epsilon,dt_s,3.000000000000e-13,3,1.000000000000e-01,3.000000000000e-02,difference_from_finest_dt,-5.791574057688e-04
epsilon,dt_s,3.000000000000e-13,3,3.000000000000e-02,1.000000000000e-02,scaled_max_error,-4.091194503586e-04
epsilon,dt_s,3.000000000000e-13,3,3.000000000000e-02,1.000000000000e-02,abs_R16,2.033151051708e-02
epsilon,dt_s,3.000000000000e-13,3,3.000000000000e-02,1.000000000000e-02,abs_R26,7.045032969333e-02
epsilon,dt_s,3.000000000000e-13,3,3.000000000000e-02,1.000000000000e-02,difference_from_finest_dt,6.347004973110e-04
epsilon,dt_s,3.000000000000e-13,3,1.000000000000e-02,3.000000000000e-03,scaled_max_error,9.382417340817e-02
epsilon,dt_s,3.000000000000e-13,3,1.000000000000e-02,3.000000000000e-03,abs_R16,-2.432989045418e-03
epsilon,dt_s,3.000000000000e-13,3,1.000000000000e-02,3.000000000000e-03,abs_R26,-2.562845977392e-01
epsilon,dt_s,3.000000000000e-13,3,1.000000000000e-02,3.000000000000e-03,difference_from_finest_dt,-1.847752924182e-01
epsilon,dt_s,3.000000000000e-13,3,3.000000000000e-03,1.000000000000e-03,scaled_max_error,-3.258752293878e-01
epsilon,dt_s,3.000000000000e-13,3,3.000000000000e-03,1.000000000000e-03,abs_R16,-3.311389779548e-02
epsilon,dt_s,3.000000000000e-13,3,3.000000000000e-03,1.000000000000e-03,abs_R26,1.336035015782e+00
epsilon,dt_s,3.000000000000e-13,3,3.000000000000e-03,1.000000000000e-03,difference_from_finest_dt,-4.147097193822e-01
epsilon,dt_s,3.000000000000e-13,3,1.000000000000e-03,3.000000000000e-04,scaled_max_error,-9.708061481126e-01
epsilon,dt_s,3.000000000000e-13,3,1.000000000000e-03,3.000000000000e-04,abs_R16,-2.326467663836e-01
epsilon,dt_s,3.000000000000e-13,3,1.000000000000e-03,3.000000000000e-04,abs_R26,-2.498783871894e+00
epsilon,dt_s,3.000000000000e-13,3,1.000000000000e-03,3.000000000000e-04,difference_from_finest_dt,-1.354382251660e+00
epsilon,dt_s,3.000000000000e-13,3,3.000000000000e-04,1.000000000000e-04,scaled_max_error,-2.686609577178e-01
epsilon,dt_s,3.000000000000e-13,3,3.000000000000e-04,1.000000000000e-04,abs_R16,-6.042901434931e-01
epsilon,dt_s,3.000000000000e-13,3,3.000000000000e-04,1.000000000000e-04,abs_R26,7.688075030446e-01
epsilon,dt_s,3.000000000000e-13,3,3.000000000000e-04,1.000000000000e-04,difference_from_finest_dt,-8.459991432063e-01
epsilon,dt_s,3.000000000000e-13,3,1.000000000000e-04,3.000000000000e-05,scaled_max_error,-1.425351774302e+00
epsilon,dt_s,3.000000000000e-13,3,1.000000000000e-04,3.000000000000e-05,abs_R16,-1.323673879584e+00
epsilon,dt_s,3.000000000000e-13,3,1.000000000000e-04,3.000000000000e-05,abs_R26,-1.255519339988e+00
epsilon,dt_s,3.000000000000e-13,3,1.000000000000e-04,3.000000000000e-05,difference_from_finest_dt,-7.097688993471e-01
epsilon,dt_s,3.000000000000e-13,3,3.000000000000e-05,1.000000000000e-05,scaled_max_error,-1.055537484565e+00
epsilon,dt_s,3.000000000000e-13,3,3.000000000000e-05,1.000000000000e-05,abs_R16,-2.984699711272e-01
epsilon,dt_s,3.000000000000e-13,3,3.000000000000e-05,1.000000000000e-05,abs_R26,-1.448049966209e+00
epsilon,dt_s,3.000000000000e-13,3,3.000000000000e-05,1.000000000000e-05,difference_from_finest_dt,-1.721130931857e+00
epsilon,dt_s,3.000000000000e-13,3,1.000000000000e-05,3.000000000000e-06,scaled_max_error,-8.575185509253e-01
epsilon,dt_s,3.000000000000e-13,3,1.000000000000e-05,3.000000000000e-06,abs_R16,-9.687265304105e-01
epsilon,dt_s,3.000000000000e-13,3,1.000000000000e-05,3.000000000000e-06,abs_R26,-8.766944011308e-01
epsilon,dt_s,3.000000000000e-13,3,1.000000000000e-05,3.000000000000e-06,difference_from_finest_dt,-6.952346755736e-01
epsilon,dt_s,3.000000000000e-13,3,3.000000000000e-06,1.000000000000e-06,scaled_max_error,-7.117275271087e-01
epsilon,dt_s,3.000000000000e-13,3,3.000000000000e-06,1.000000000000e-06,abs_R16,-1.444765272324e+00
epsilon,dt_s,3.000000000000e-13,3,3.000000000000e-06,1.000000000000e-06,abs_R26,-1.984315549847e+00
epsilon,dt_s,3.000000000000e-13,3,3.000000000000e-06,1.000000000000e-06,difference_from_finest_dt,-5.705301091746e-01
epsilon,dt_s,1.000000000000e-12,3,1.000000000000e-01,3.000000000000e-02,scaled_max_error,6.302405335085e-05
epsilon,dt_s,1.000000000000e-12,3,1.000000000000e-01,3.000000000000e-02,abs_R16,1.433348729666e-03
epsilon,dt_s,1.000000000000e-12,3,1.000000000000e-01,3.000000000000e-02,abs_R26,3.421085446658e-04
epsilon,dt_s,1.000000000000e-12,3,1.000000000000e-01,3.000000000000e-02,difference_from_finest_dt,3.131855035613e-05
epsilon,dt_s,1.000000000000e-12,3,3.000000000000e-02,1.000000000000e-02,scaled_max_error,1.726635180939e-05
epsilon,dt_s,1.000000000000e-12,3,3.000000000000e-02,1.000000000000e-02,abs_R16,-1.522031129640e-03
epsilon,dt_s,1.000000000000e-12,3,3.000000000000e-02,1.000000000000e-02,abs_R26,-6.971629109333e-03
epsilon,dt_s,1.000000000000e-12,3,3.000000000000e-02,1.000000000000e-02,difference_from_finest_dt,5.148405519547e-05
epsilon,dt_s,1.000000000000e-12,3,1.000000000000e-02,3.000000000000e-03,scaled_max_error,0.000000000000e+00
epsilon,dt_s,1.000000000000e-12,3,1.000000000000e-02,3.000000000000e-03,abs_R16,-2.130765234630e-03
epsilon,dt_s,1.000000000000e-12,3,1.000000000000e-02,3.000000000000e-03,abs_R26,2.044825173962e-02
epsilon,dt_s,1.000000000000e-12,3,1.000000000000e-02,3.000000000000e-03,difference_from_finest_dt,4.698130625080e-05
epsilon,dt_s,1.000000000000e-12,3,3.000000000000e-03,1.000000000000e-03,scaled_max_error,0.000000000000e+00
epsilon,dt_s,1.000000000000e-12,3,3.000000000000e-03,1.000000000000e-03,abs_R16,-1.307237216810e-02
epsilon,dt_s,1.000000000000e-12,3,3.000000000000e-03,1.000000000000e-03,abs_R26,-5.803125051727e-02
epsilon,dt_s,1.000000000000e-12,3,3.000000000000e-03,1.000000000000e-03,difference_from_finest_dt,-2.059364940437e-04
epsilon,dt_s,1.000000000000e-12,3,1.000000000000e-03,3.000000000000e-04,scaled_max_error,-1.575536109297e-05
epsilon,dt_s,1.000000000000e-12,3,1.000000000000e-03,3.000000000000e-04,abs_R16,1.906308868393e-01
epsilon,dt_s,1.000000000000e-12,3,1.000000000000e-03,3.000000000000e-04,abs_R26,1.731252870676e-01
epsilon,dt_s,1.000000000000e-12,3,1.000000000000e-03,3.000000000000e-04,difference_from_finest_dt,1.409335388592e-04
epsilon,dt_s,1.000000000000e-12,3,3.000000000000e-04,1.000000000000e-04,scaled_max_error,0.000000000000e+00
epsilon,dt_s,1.000000000000e-12,3,3.000000000000e-04,1.000000000000e-04,abs_R16,-4.833083902633e-01
epsilon,dt_s,1.000000000000e-12,3,3.000000000000e-04,1.000000000000e-04,abs_R26,-6.891308032259e-01
epsilon,dt_s,1.000000000000e-12,3,3.000000000000e-04,1.000000000000e-04,difference_from_finest_dt,-6.939335772643e-01
epsilon,dt_s,1.000000000000e-12,3,1.000000000000e-04,3.000000000000e-05,scaled_max_error,-7.858952147434e-02
epsilon,dt_s,1.000000000000e-12,3,1.000000000000e-04,3.000000000000e-05,abs_R16,9.791789662149e-01
epsilon,dt_s,1.000000000000e-12,3,1.000000000000e-04,3.000000000000e-05,abs_R26,-5.241080069943e-02
epsilon,dt_s,1.000000000000e-12,3,1.000000000000e-04,3.000000000000e-05,difference_from_finest_dt,-3.816573620538e-01
epsilon,dt_s,1.000000000000e-12,3,3.000000000000e-05,1.000000000000e-05,scaled_max_error,8.614378026038e-02
epsilon,dt_s,1.000000000000e-12,3,3.000000000000e-05,1.000000000000e-05,abs_R16,-1.089288528393e+00
epsilon,dt_s,1.000000000000e-12,3,3.000000000000e-05,1.000000000000e-05,abs_R26,-4.044930897216e-01
epsilon,dt_s,1.000000000000e-12,3,3.000000000000e-05,1.000000000000e-05,difference_from_finest_dt,-1.899557764041e+00
epsilon,dt_s,1.000000000000e-12,3,1.000000000000e-05,3.000000000000e-06,scaled_max_error,-1.473779356853e+00
epsilon,dt_s,1.000000000000e-12,3,1.000000000000e-05,3.000000000000e-06,abs_R16,-1.756044758559e+00
epsilon,dt_s,1.000000000000e-12,3,1.000000000000e-05,3.000000000000e-06,abs_R26,-1.470637122519e+00
epsilon,dt_s,1.000000000000e-12,3,1.000000000000e-05,3.000000000000e-06,difference_from_finest_dt,-6.728173992501e-01
epsilon,dt_s,1.000000000000e-12,3,3.000000000000e-06,1.000000000000e-06,scaled_max_error,-8.139805269569e-01
epsilon,dt_s,1.000000000000e-12,3,3.000000000000e-06,1.000000000000e-06,abs_R16,2.240320772755e-01
epsilon,dt_s,1.000000000000e-12,3,3.000000000000e-06,1.000000000000e-06,abs_R26,3.273166280122e-01
epsilon,dt_s,1.000000000000e-12,3,3.000000000000e-06,1.000000000000e-06,difference_from_finest_dt,-2.431209923170e-01
epsilon,dt_s,3.000000000000e-12,3,1.000000000000e-01,3.000000000000e-02,scaled_max_error,-3.587818917913e-04
epsilon,dt_s,3.000000000000e-12,3,1.000000000000e-01,3.000000000000e-02,abs_R16,2.837600465062e-05
epsilon,dt_s,3.000000000000e-12,3,1.000000000000e-01,3.000000000000e-02,abs_R26,3.454508615892e-06
epsilon,dt_s,3.000000000000e-12,3,1.000000000000e-01,3.000000000000e-02,difference_from_finest_dt,-3.620023757629e-04
epsilon,dt_s,3.000000000000e-12,3,3.000000000000e-02,1.000000000000e-02,scaled_max_error,2.545096756477e-04
epsilon,dt_s,3.000000000000e-12,3,3.000000000000e-02,1.000000000000e-02,abs_R16,1.247142992096e-05
epsilon,dt_s,3.000000000000e-12,3,3.000000000000e-02,1.000000000000e-02,abs_R26,4.735816119806e-05
epsilon,dt_s,3.000000000000e-12,3,3.000000000000e-02,1.000000000000e-02,difference_from_finest_dt,2.581329191403e-04
epsilon,dt_s,3.000000000000e-12,3,1.000000000000e-02,3.000000000000e-03,scaled_max_error,0.000000000000e+00
epsilon,dt_s,3.000000000000e-12,3,1.000000000000e-02,3.000000000000e-03,abs_R16,3.147095584148e-04
epsilon,dt_s,3.000000000000e-12,3,1.000000000000e-02,3.000000000000e-03,abs_R26,-3.529991296032e-04
epsilon,dt_s,3.000000000000e-12,3,1.000000000000e-02,3.000000000000e-03,difference_from_finest_dt,5.196412239554e-06
epsilon,dt_s,3.000000000000e-12,3,3.000000000000e-03,1.000000000000e-03,scaled_max_error,1.329706887283e-05
epsilon,dt_s,3.000000000000e-12,3,3.000000000000e-03,1.000000000000e-03,abs_R16,-1.689866097133e-03
epsilon,dt_s,3.000000000000e-12,3,3.000000000000e-03,1.000000000000e-03,abs_R26,5.712435934541e-04
epsilon,dt_s,3.000000000000e-12,3,3.000000000000e-03,1.000000000000e-03,difference_from_finest_dt,-9.491705126912e-06
epsilon,dt_s,3.000000000000e-12,3,1.000000000000e-03,3.000000000000e-04,scaled_max_error,-2.668976665299e-04
epsilon,dt_s,3.000000000000e-12,3,1.000000000000e-03,3.000000000000e-04,abs_R16,-2.363450208794e-03
epsilon,dt_s,3.000000000000e-12,3,1.000000000000e-03,3.000000000000e-04,abs_R26,-7.548831577543e-03
epsilon,dt_s,3.000000000000e-12,3,1.000000000000e-03,3.000000000000e-04,difference_from_finest_dt,-2.493955976198e-04
epsilon,dt_s,3.000000000000e-12,3,3.000000000000e-04,1.000000000000e-04,scaled_max_error,1.120482540270e-04
epsilon,dt_s,3.000000000000e-12,3,3.000000000000e-04,1.000000000000e-04,abs_R16,9.769318143555e-03
epsilon,dt_s,3.000000000000e-12,3,3.000000000000e-04,1.000000000000e-04,abs_R26,7.005434798347e-03
epsilon,dt_s,3.000000000000e-12,3,3.000000000000e-04,1.000000000000e-04,difference_from_finest_dt,1.138707722823e-04
epsilon,dt_s,3.000000000000e-12,3,1.000000000000e-04,3.000000000000e-05,scaled_max_error,-7.625019933272e-05
epsilon,dt_s,3.000000000000e-12,3,1.000000000000e-04,3.000000000000e-05,abs_R16,-3.518149930044e-02
epsilon,dt_s,3.000000000000e-12,3,1.000000000000e-04,3.000000000000e-05,abs_R26,-3.093128105575e-02
epsilon,dt_s,3.000000000000e-12,3,1.000000000000e-04,3.000000000000e-05,difference_from_finest_dt,-7.446733989553e-05
epsilon,dt_s,3.000000000000e-12,3,3.000000000000e-05,1.000000000000e-05,scaled_max_error,9.685780780894e-05
epsilon,dt_s,3.000000000000e-12,3,3.000000000000e-05,1.000000000000e-05,abs_R16,2.846494862052e-02
epsilon,dt_s,3.000000000000e-12,3,3.000000000000e-05,1.000000000000e-05,abs_R26,-1.828024520706e-01
epsilon,dt_s,3.000000000000e-12,3,3.000000000000e-05,1.000000000000e-05,difference_from_finest_dt,-1.226509931363e+00
epsilon,dt_s,3.000000000000e-12,3,1.000000000000e-05,3.000000000000e-06,scaled_max_error,-6.932226817870e-06
epsilon,dt_s,3.000000000000e-12,3,1.000000000000e-05,3.000000000000e-06,abs_R16,1.529878892462e-01
epsilon,dt_s,3.000000000000e-12,3,1.000000000000e-05,3.000000000000e-06,abs_R26,4.687383512545e-02
epsilon,dt_s,3.000000000000e-12,3,1.000000000000e-05,3.000000000000e-06,difference_from_finest_dt,-4.852213147625e-01
epsilon,dt_s,3.000000000000e-12,3,3.000000000000e-06,1.000000000000e-06,scaled_max_error,-1.784682928726e-01
epsilon,dt_s,3.000000000000e-12,3,3.000000000000e-06,1.000000000000e-06,abs_R16,-5.496648038127e-01
epsilon,dt_s,3.000000000000e-12,3,3.000000000000e-06,1.000000000000e-06,abs_R26,5.649084265940e-01
epsilon,dt_s,3.000000000000e-12,3,3.000000000000e-06,1.000000000000e-06,difference_from_finest_dt,-3.904336821645e-01
epsilon,dt_s,1.000000000000e-11,3,1.000000000000e-01,3.000000000000e-02,scaled_max_error,-1.676880513276e-03
epsilon,dt_s,1.000000000000e-11,3,1.000000000000e-01,3.000000000000e-02,abs_R16,5.344374511227e-05
epsilon,dt_s,1.000000000000e-11,3,1.000000000000e-01,3.000000000000e-02,abs_R26,6.476897275614e-05
epsilon,dt_s,1.000000000000e-11,3,1.000000000000e-01,3.000000000000e-02,difference_from_finest_dt,-1.677090838516e-03
epsilon,dt_s,1.000000000000e-11,3,3.000000000000e-02,1.000000000000e-02,scaled_max_error,-6.330920151957e-03
epsilon,dt_s,1.000000000000e-11,3,3.000000000000e-02,1.000000000000e-02,abs_R16,2.461346753288e-07
epsilon,dt_s,1.000000000000e-11,3,3.000000000000e-02,1.000000000000e-02,abs_R26,-3.674083769818e-06
epsilon,dt_s,1.000000000000e-11,3,3.000000000000e-02,1.000000000000e-02,difference_from_finest_dt,-6.330191168475e-03
epsilon,dt_s,1.000000000000e-11,3,1.000000000000e-02,3.000000000000e-03,scaled_max_error,1.440695280397e-03
epsilon,dt_s,1.000000000000e-11,3,1.000000000000e-02,3.000000000000e-03,abs_R16,-9.567237035286e-07
epsilon,dt_s,1.000000000000e-11,3,1.000000000000e-02,3.000000000000e-03,abs_R26,-5.351315810373e-07
epsilon,dt_s,1.000000000000e-11,3,1.000000000000e-02,3.000000000000e-03,difference_from_finest_dt,1.441074740801e-03
epsilon,dt_s,1.000000000000e-11,3,3.000000000000e-03,1.000000000000e-03,scaled_max_error,4.924095438094e-04
epsilon,dt_s,1.000000000000e-11,3,3.000000000000e-03,1.000000000000e-03,abs_R16,-2.663775416379e-05
epsilon,dt_s,1.000000000000e-11,3,3.000000000000e-03,1.000000000000e-03,abs_R26,-1.195328647164e-05
epsilon,dt_s,1.000000000000e-11,3,3.000000000000e-03,1.000000000000e-03,difference_from_finest_dt,4.903312672163e-04
epsilon,dt_s,1.000000000000e-11,3,1.000000000000e-03,3.000000000000e-04,scaled_max_error,-4.184890934059e-04
epsilon,dt_s,1.000000000000e-11,3,1.000000000000e-03,3.000000000000e-04,abs_R16,-1.597485867356e-05
epsilon,dt_s,1.000000000000e-11,3,1.000000000000e-03,3.000000000000e-04,abs_R26,-2.099007165982e-04
epsilon,dt_s,1.000000000000e-11,3,1.000000000000e-03,3.000000000000e-04,difference_from_finest_dt,-4.169059415789e-04
epsilon,dt_s,1.000000000000e-11,3,3.000000000000e-04,1.000000000000e-04,scaled_max_error,-9.555756786582e-06
epsilon,dt_s,1.000000000000e-11,3,3.000000000000e-04,1.000000000000e-04,abs_R16,-3.034061919947e-04
epsilon,dt_s,1.000000000000e-11,3,3.000000000000e-04,1.000000000000e-04,abs_R26,-2.460480798422e-04
epsilon,dt_s,1.000000000000e-11,3,3.000000000000e-04,1.000000000000e-04,difference_from_finest_dt,-9.384534590461e-06
epsilon,dt_s,1.000000000000e-11,3,1.000000000000e-04,3.000000000000e-05,scaled_max_error,5.785547559011e-03
epsilon,dt_s,1.000000000000e-11,3,1.000000000000e-04,3.000000000000e-05,abs_R16,-1.496357155857e-04
epsilon,dt_s,1.000000000000e-11,3,1.000000000000e-04,3.000000000000e-05,abs_R26,1.872342334414e-03
epsilon,dt_s,1.000000000000e-11,3,1.000000000000e-04,3.000000000000e-05,difference_from_finest_dt,5.785353177354e-03
epsilon,dt_s,1.000000000000e-11,3,3.000000000000e-05,1.000000000000e-05,scaled_max_error,-6.212925301947e-03
epsilon,dt_s,1.000000000000e-11,3,3.000000000000e-05,1.000000000000e-05,abs_R16,3.325131994643e-03
epsilon,dt_s,1.000000000000e-11,3,3.000000000000e-05,1.000000000000e-05,abs_R26,-1.215343821648e-02
epsilon,dt_s,1.000000000000e-11,3,3.000000000000e-05,1.000000000000e-05,difference_from_finest_dt,-6.211866747927e-03
epsilon,dt_s,1.000000000000e-11,3,1.000000000000e-05,3.000000000000e-06,scaled_max_error,3.094868030057e-04
epsilon,dt_s,1.000000000000e-11,3,1.000000000000e-05,3.000000000000e-06,abs_R16,-1.634086142745e-02
epsilon,dt_s,1.000000000000e-11,3,1.000000000000e-05,3.000000000000e-06,abs_R26,9.313919276246e-04
epsilon,dt_s,1.000000000000e-11,3,1.000000000000e-05,3.000000000000e-06,difference_from_finest_dt,-2.475132345199e-01
epsilon,dt_s,1.000000000000e-11,3,3.000000000000e-06,1.000000000000e-06,scaled_max_error,-4.666428122930e-04
epsilon,dt_s,1.000000000000e-11,3,3.000000000000e-06,1.000000000000e-06,abs_R16,2.200446324885e-02
epsilon,dt_s,1.000000000000e-11,3,3.000000000000e-06,1.000000000000e-06,abs_R26,-3.433271171380e-02
epsilon,dt_s,1.000000000000e-11,3,3.000000000000e-06,1.000000000000e-06,difference_from_finest_dt,2.711217315013e-01
epsilon,dt_s,3.000000000000e-11,3,1.000000000000e-01,3.000000000000e-02,scaled_max_error,-1.884026616277e-04
epsilon,dt_s,3.000000000000e-11,3,1.000000000000e-01,3.000000000000e-02,abs_R16,3.344020288550e-06
epsilon,dt_s,3.000000000000e-11,3,1.000000000000e-01,3.000000000000e-02,abs_R26,5.370546105514e-06
epsilon,dt_s,3.000000000000e-11,3,1.000000000000e-01,3.000000000000e-02,difference_from_finest_dt,-1.884376419159e-04
epsilon,dt_s,3.000000000000e-11,3,3.000000000000e-02,1.000000000000e-02,scaled_max_error,-2.151217505561e-05
epsilon,dt_s,3.000000000000e-11,3,3.000000000000e-02,1.000000000000e-02,abs_R16,9.713381023232e-06
epsilon,dt_s,3.000000000000e-11,3,3.000000000000e-02,1.000000000000e-02,abs_R26,1.073179354309e-05
epsilon,dt_s,3.000000000000e-11,3,3.000000000000e-02,1.000000000000e-02,difference_from_finest_dt,-2.147222166613e-05
epsilon,dt_s,3.000000000000e-11,3,1.000000000000e-02,3.000000000000e-03,scaled_max_error,-1.369143511702e-05
epsilon,dt_s,3.000000000000e-11,3,1.000000000000e-02,3.000000000000e-03,abs_R16,-3.118063245591e-06
epsilon,dt_s,3.000000000000e-11,3,1.000000000000e-02,3.000000000000e-03,abs_R26,-1.806967565655e-06
epsilon,dt_s,3.000000000000e-11,3,1.000000000000e-02,3.000000000000e-03,difference_from_finest_dt,-1.363686516679e-05
epsilon,dt_s,3.000000000000e-11,3,3.000000000000e-03,1.000000000000e-03,scaled_max_error,5.460638815178e-05
epsilon,dt_s,3.000000000000e-11,3,3.000000000000e-03,1.000000000000e-03,abs_R16,1.494202900672e-06
epsilon,dt_s,3.000000000000e-11,3,3.000000000000e-03,1.000000000000e-03,abs_R26,4.144473172828e-06
epsilon,dt_s,3.000000000000e-11,3,3.000000000000e-03,1.000000000000e-03,difference_from_finest_dt,5.436719521390e-05
epsilon,dt_s,3.000000000000e-11,3,1.000000000000e-03,3.000000000000e-04,scaled_max_error,6.862708376169e-04
epsilon,dt_s,3.000000000000e-11,3,1.000000000000e-03,3.000000000000e-04,abs_R16,-7.785986918339e-06
epsilon,dt_s,3.000000000000e-11,3,1.000000000000e-03,3.000000000000e-04,abs_R26,-4.352928857041e-06
epsilon,dt_s,3.000000000000e-11,3,1.000000000000e-03,3.000000000000e-04,difference_from_finest_dt,6.864475715582e-04
epsilon,dt_s,3.000000000000e-11,3,3.000000000000e-04,1.000000000000e-04,scaled_max_error,-8.083445209246e-04
epsilon,dt_s,3.000000000000e-11,3,3.000000000000e-04,1.000000000000e-04,abs_R16,-1.700801613133e-04
epsilon,dt_s,3.000000000000e-11,3,3.000000000000e-04,1.000000000000e-04,abs_R26,-2.078104637136e-04
epsilon,dt_s,3.000000000000e-11,3,3.000000000000e-04,1.000000000000e-04,difference_from_finest_dt,-8.083188974261e-04
epsilon,dt_s,3.000000000000e-11,3,1.000000000000e-04,3.000000000000e-05,scaled_max_error,6.869189857666e-04
epsilon,dt_s,3.000000000000e-11,3,1.000000000000e-04,3.000000000000e-05,abs_R16,2.310426418301e-02
epsilon,dt_s,3.000000000000e-11,3,1.000000000000e-04,3.000000000000e-05,abs_R26,2.089150793220e-02
epsilon,dt_s,3.000000000000e-11,3,1.000000000000e-04,3.000000000000e-05,difference_from_finest_dt,6.869323097931e-04
epsilon,dt_s,3.000000000000e-11,3,3.000000000000e-05,1.000000000000e-05,scaled_max_error,-4.946019218407e-04
epsilon,dt_s,3.000000000000e-11,3,3.000000000000e-05,1.000000000000e-05,abs_R16,-8.158704170751e-03
epsilon,dt_s,3.000000000000e-11,3,3.000000000000e-05,1.000000000000e-05,abs_R26,-7.311533322379e-03
epsilon,dt_s,3.000000000000e-11,3,3.000000000000e-05,1.000000000000e-05,difference_from_finest_dt,-4.945188211835e-04
epsilon,dt_s,3.000000000000e-11,3,1.000000000000e-05,3.000000000000e-06,scaled_max_error,-1.694833105306e-04
epsilon,dt_s,3.000000000000e-11,3,1.000000000000e-05,3.000000000000e-06,abs_R16,5.029695083797e-04
epsilon,dt_s,3.000000000000e-11,3,1.000000000000e-05,3.000000000000e-06,abs_R26,7.137279338833e-04
epsilon,dt_s,3.000000000000e-11,3,1.000000000000e-05,3.000000000000e-06,difference_from_finest_dt,-1.696637287307e-04
epsilon,dt_s,3.000000000000e-11,3,3.000000000000e-06,1.000000000000e-06,scaled_max_error,7.198735942173e-04
epsilon,dt_s,3.000000000000e-11,3,3.000000000000e-06,1.000000000000e-06,abs_R16,1.709523245262e-03
epsilon,dt_s,3.000000000000e-11,3,3.000000000000e-06,1.000000000000e-06,abs_R26,5.367681350587e-05
epsilon,dt_s,3.000000000000e-11,3,3.000000000000e-06,1.000000000000e-06,difference_from_finest_dt,7.199082688313e-04
epsilon,dt_s,1.000000000000e-13,4,1.000000000000e-01,3.000000000000e-02,scaled_max_error,-4.237494418811e-02
epsilon,dt_s,1.000000000000e-13,4,1.000000000000e-01,3.000000000000e-02,abs_R16,-1.413021511964e-01
epsilon,dt_s,1.000000000000e-13,4,1.000000000000e-01,3.000000000000e-02,abs_R26,2.636267073934e-01
epsilon,dt_s,1.000000000000e-13,4,3.000000000000e-02,1.000000000000e-02,scaled_max_error,-1.130954851141e+00
epsilon,dt_s,1.000000000000e-13,4,3.000000000000e-02,1.000000000000e-02,abs_R16,1.545110321018e+00
epsilon,dt_s,1.000000000000e-13,4,3.000000000000e-02,1.000000000000e-02,abs_R26,2.185074429778e+00
epsilon,dt_s,1.000000000000e-13,4,1.000000000000e-02,3.000000000000e-03,scaled_max_error,-5.318560253682e-01
epsilon,dt_s,1.000000000000e-13,4,1.000000000000e-02,3.000000000000e-03,abs_R16,-2.333039379711e+00
epsilon,dt_s,1.000000000000e-13,4,1.000000000000e-02,3.000000000000e-03,abs_R26,-5.403161905139e-01
epsilon,dt_s,1.000000000000e-13,4,3.000000000000e-03,1.000000000000e-03,scaled_max_error,-1.231343175914e+00
epsilon,dt_s,1.000000000000e-13,4,3.000000000000e-03,1.000000000000e-03,abs_R16,-1.484281896568e+00
epsilon,dt_s,1.000000000000e-13,4,3.000000000000e-03,1.000000000000e-03,abs_R26,-4.179849037438e+00
epsilon,dt_s,1.000000000000e-13,4,1.000000000000e-03,3.000000000000e-04,scaled_max_error,-1.043958764790e+00
epsilon,dt_s,1.000000000000e-13,4,1.000000000000e-03,3.000000000000e-04,abs_R16,-9.316330517896e-01
epsilon,dt_s,1.000000000000e-13,4,1.000000000000e-03,3.000000000000e-04,abs_R26,6.623923132371e-01
epsilon,dt_s,1.000000000000e-13,4,3.000000000000e-04,1.000000000000e-04,scaled_max_error,-9.460777353292e-01
epsilon,dt_s,1.000000000000e-13,4,3.000000000000e-04,1.000000000000e-04,abs_R16,-1.661159332003e+00
epsilon,dt_s,1.000000000000e-13,4,3.000000000000e-04,1.000000000000e-04,abs_R26,6.060096313766e-01
epsilon,dt_s,1.000000000000e-13,4,1.000000000000e-04,3.000000000000e-05,scaled_max_error,-7.532836180266e-01
epsilon,dt_s,1.000000000000e-13,4,1.000000000000e-04,3.000000000000e-05,abs_R16,-5.761859915957e-01
epsilon,dt_s,1.000000000000e-13,4,1.000000000000e-04,3.000000000000e-05,abs_R26,-2.232171971448e+00
epsilon,dt_s,1.000000000000e-13,4,3.000000000000e-05,1.000000000000e-05,scaled_max_error,-1.398606500058e+00
epsilon,dt_s,1.000000000000e-13,4,3.000000000000e-05,1.000000000000e-05,abs_R16,-5.953208016192e-01
epsilon,dt_s,1.000000000000e-13,4,3.000000000000e-05,1.000000000000e-05,abs_R26,-3.548462954252e+00
epsilon,dt_s,1.000000000000e-13,4,1.000000000000e-05,3.000000000000e-06,scaled_max_error,-4.405996539957e-01
epsilon,dt_s,1.000000000000e-13,4,1.000000000000e-05,3.000000000000e-06,abs_R16,-4.698468082501e-01
epsilon,dt_s,1.000000000000e-13,4,1.000000000000e-05,3.000000000000e-06,abs_R26,4.329278360673e-01
epsilon,dt_s,1.000000000000e-13,4,3.000000000000e-06,1.000000000000e-06,scaled_max_error,-1.571332352833e+00
epsilon,dt_s,1.000000000000e-13,4,3.000000000000e-06,1.000000000000e-06,abs_R16,-9.286281309311e-01
epsilon,dt_s,1.000000000000e-13,4,3.000000000000e-06,1.000000000000e-06,abs_R26,-1.597874778717e+00
epsilon,dt_s,3.000000000000e-13,4,1.000000000000e-01,3.000000000000e-02,scaled_max_error,-8.586246267567e-03
epsilon,dt_s,3.000000000000e-13,4,1.000000000000e-01,3.000000000000e-02,abs_R16,-1.936685127318e-02
epsilon,dt_s,3.000000000000e-13,4,1.000000000000e-01,3.000000000000e-02,abs_R26,-6.080665070655e-02
epsilon,dt_s,3.000000000000e-13,4,1.000000000000e-01,3.000000000000e-02,difference_from_finest_dt,2.895048323570e-03
epsilon,dt_s,3.000000000000e-13,4,3.000000000000e-02,1.000000000000e-02,scaled_max_error,9.336563728973e-02
epsilon,dt_s,3.000000000000e-13,4,3.000000000000e-02,1.000000000000e-02,abs_R16,-7.155102042076e-02
epsilon,dt_s,3.000000000000e-13,4,3.000000000000e-02,1.000000000000e-02,abs_R26,-1.820568375362e-01
epsilon,dt_s,3.000000000000e-13,4,3.000000000000e-02,1.000000000000e-02,difference_from_finest_dt,-1.270396998750e-03
epsilon,dt_s,3.000000000000e-13,4,1.000000000000e-02,3.000000000000e-03,scaled_max_error,-4.651779071728e-01
epsilon,dt_s,3.000000000000e-13,4,1.000000000000e-02,3.000000000000e-03,abs_R16,8.142654813739e-02
epsilon,dt_s,3.000000000000e-13,4,1.000000000000e-02,3.000000000000e-03,abs_R26,-4.506578314038e-01
epsilon,dt_s,3.000000000000e-13,4,1.000000000000e-02,3.000000000000e-03,difference_from_finest_dt,-3.900027625693e-01
epsilon,dt_s,3.000000000000e-13,4,3.000000000000e-03,1.000000000000e-03,scaled_max_error,-1.173850437650e-01
epsilon,dt_s,3.000000000000e-13,4,3.000000000000e-03,1.000000000000e-03,abs_R16,2.489819114830e+00
epsilon,dt_s,3.000000000000e-13,4,3.000000000000e-03,1.000000000000e-03,abs_R26,5.518777906687e-01
epsilon,dt_s,3.000000000000e-13,4,3.000000000000e-03,1.000000000000e-03,difference_from_finest_dt,-8.300990093890e-01
epsilon,dt_s,3.000000000000e-13,4,1.000000000000e-03,3.000000000000e-04,scaled_max_error,-5.976738118021e-01
epsilon,dt_s,3.000000000000e-13,4,1.000000000000e-03,3.000000000000e-04,abs_R16,-3.728413790982e+00
epsilon,dt_s,3.000000000000e-13,4,1.000000000000e-03,3.000000000000e-04,abs_R26,-1.494956194845e+00
epsilon,dt_s,3.000000000000e-13,4,1.000000000000e-03,3.000000000000e-04,difference_from_finest_dt,-1.265306211194e+00
epsilon,dt_s,3.000000000000e-13,4,3.000000000000e-04,1.000000000000e-04,scaled_max_error,-6.341708171201e-01
epsilon,dt_s,3.000000000000e-13,4,3.000000000000e-04,1.000000000000e-04,abs_R16,-7.768558169331e-01
epsilon,dt_s,3.000000000000e-13,4,3.000000000000e-04,1.000000000000e-04,abs_R26,-1.337116838049e+00
epsilon,dt_s,3.000000000000e-13,4,3.000000000000e-04,1.000000000000e-04,difference_from_finest_dt,-1.145663007298e+00
epsilon,dt_s,3.000000000000e-13,4,1.000000000000e-04,3.000000000000e-05,scaled_max_error,-1.765210023676e+00
epsilon,dt_s,3.000000000000e-13,4,1.000000000000e-04,3.000000000000e-05,abs_R16,-1.274795621184e+00
epsilon,dt_s,3.000000000000e-13,4,1.000000000000e-04,3.000000000000e-05,abs_R26,1.103775293568e+00
epsilon,dt_s,3.000000000000e-13,4,1.000000000000e-04,3.000000000000e-05,difference_from_finest_dt,-4.126971110358e-01
epsilon,dt_s,3.000000000000e-13,4,3.000000000000e-05,1.000000000000e-05,scaled_max_error,-1.298854759043e+00
epsilon,dt_s,3.000000000000e-13,4,3.000000000000e-05,1.000000000000e-05,abs_R16,-9.911789155760e-01
epsilon,dt_s,3.000000000000e-13,4,3.000000000000e-05,1.000000000000e-05,abs_R26,-2.579305498133e+00
epsilon,dt_s,3.000000000000e-13,4,3.000000000000e-05,1.000000000000e-05,difference_from_finest_dt,-1.790332132377e+00
epsilon,dt_s,3.000000000000e-13,4,1.000000000000e-05,3.000000000000e-06,scaled_max_error,4.668549429037e-01
epsilon,dt_s,3.000000000000e-13,4,1.000000000000e-05,3.000000000000e-06,abs_R16,-3.308447014829e-01
epsilon,dt_s,3.000000000000e-13,4,1.000000000000e-05,3.000000000000e-06,abs_R26,-1.453127874129e+00
epsilon,dt_s,3.000000000000e-13,4,1.000000000000e-05,3.000000000000e-06,difference_from_finest_dt,-2.752826621254e-01
epsilon,dt_s,3.000000000000e-13,4,3.000000000000e-06,1.000000000000e-06,scaled_max_error,-1.310839763480e+00
epsilon,dt_s,3.000000000000e-13,4,3.000000000000e-06,1.000000000000e-06,abs_R16,-7.014387097004e-01
epsilon,dt_s,3.000000000000e-13,4,3.000000000000e-06,1.000000000000e-06,abs_R26,1.699138814348e-01
epsilon,dt_s,3.000000000000e-13,4,3.000000000000e-06,1.000000000000e-06,difference_from_finest_dt,-1.541775120073e+00
epsilon,dt_s,1.000000000000e-12,4,1.000000000000e-01,3.000000000000e-02,scaled_max_error,3.151322221068e-05
epsilon,dt_s,1.000000000000e-12,4,1.000000000000e-01,3.000000000000e-02,abs_R16,-2.501212318077e-03
epsilon,dt_s,1.000000000000e-12,4,1.000000000000e-01,3.000000000000e-02,abs_R26,1.669709761378e-03
epsilon,dt_s,1.000000000000e-12,4,1.000000000000e-01,3.000000000000e-02,difference_from_finest_dt,2.192215868872e-04
epsilon,dt_s,1.000000000000e-12,4,3.000000000000e-02,1.000000000000e-02,scaled_max_error,-1.726635180940e-05
epsilon,dt_s,1.000000000000e-12,4,3.000000000000e-02,1.000000000000e-02,abs_R16,2.912492809191e-03
epsilon,dt_s,1.000000000000e-12,4,3.000000000000e-02,1.000000000000e-02,abs_R26,-4.904459942684e-03
epsilon,dt_s,1.000000000000e-12,4,3.000000000000e-02,1.000000000000e-02,difference_from_finest_dt,-6.864503782241e-05
epsilon,dt_s,1.000000000000e-12,4,1.000000000000e-02,3.000000000000e-03,scaled_max_error,0.000000000000e+00
epsilon,dt_s,1.000000000000e-12,4,1.000000000000e-02,3.000000000000e-03,abs_R16,1.822562829487e-02
epsilon,dt_s,1.000000000000e-12,4,1.000000000000e-02,3.000000000000e-03,abs_R26,4.203267250087e-03
epsilon,dt_s,1.000000000000e-12,4,1.000000000000e-02,3.000000000000e-03,difference_from_finest_dt,7.830015181909e-05
epsilon,dt_s,1.000000000000e-12,4,3.000000000000e-03,1.000000000000e-03,scaled_max_error,1.726635180939e-05
epsilon,dt_s,1.000000000000e-12,4,3.000000000000e-03,1.000000000000e-03,abs_R16,-7.278985049538e-02
epsilon,dt_s,1.000000000000e-12,4,3.000000000000e-03,1.000000000000e-03,abs_R26,-6.799334631843e-02
epsilon,dt_s,1.000000000000e-12,4,3.000000000000e-03,1.000000000000e-03,difference_from_finest_dt,-5.148904524026e-05
epsilon,dt_s,1.000000000000e-12,4,1.000000000000e-03,3.000000000000e-04,scaled_max_error,0.000000000000e+00
epsilon,dt_s,1.000000000000e-12,4,1.000000000000e-03,3.000000000000e-04,abs_R16,5.019317635978e-02
epsilon,dt_s,1.000000000000e-12,4,1.000000000000e-03,3.000000000000e-04,abs_R26,-1.401463512293e-01
epsilon,dt_s,1.000000000000e-12,4,1.000000000000e-03,3.000000000000e-04,difference_from_finest_dt,-5.130043935566e-01
epsilon,dt_s,1.000000000000e-12,4,3.000000000000e-04,1.000000000000e-04,scaled_max_error,-1.726635180940e-05
epsilon,dt_s,1.000000000000e-12,4,3.000000000000e-04,1.000000000000e-04,abs_R16,7.355579032430e-01
epsilon,dt_s,1.000000000000e-12,4,3.000000000000e-04,1.000000000000e-04,abs_R26,1.172628072193e+00
epsilon,dt_s,1.000000000000e-12,4,3.000000000000e-04,1.000000000000e-04,difference_from_finest_dt,-8.739811271410e-01
epsilon,dt_s,1.000000000000e-12,4,1.000000000000e-04,3.000000000000e-05,scaled_max_error,-1.075394165648e-01
epsilon,dt_s,1.000000000000e-12,4,1.000000000000e-04,3.000000000000e-05,abs_R16,-1.382399777024e+00
epsilon,dt_s,1.000000000000e-12,4,1.000000000000e-04,3.000000000000e-05,abs_R26,-1.671948614200e+00
epsilon,dt_s,1.000000000000e-12,4,1.000000000000e-04,3.000000000000e-05,difference_from_finest_dt,-6.417059605102e-01
epsilon,dt_s,1.000000000000e-12,4,3.000000000000e-05,1.000000000000e-05,scaled_max_error,-5.301264815687e-01
epsilon,dt_s,1.000000000000e-12,4,3.000000000000e-05,1.000000000000e-05,abs_R16,-4.155225772196e-01
epsilon,dt_s,1.000000000000e-12,4,3.000000000000e-05,1.000000000000e-05,abs_R26,-1.580861080938e+00
epsilon,dt_s,1.000000000000e-12,4,3.000000000000e-05,1.000000000000e-05,difference_from_finest_dt,-1.492310353019e+00
epsilon,dt_s,1.000000000000e-12,4,1.000000000000e-05,3.000000000000e-06,scaled_max_error,-1.727873768264e+00
epsilon,dt_s,1.000000000000e-12,4,1.000000000000e-05,3.000000000000e-06,abs_R16,1.884764171330e+00
epsilon,dt_s,1.000000000000e-12,4,1.000000000000e-05,3.000000000000e-06,abs_R26,-8.320242891667e-01
epsilon,dt_s,1.000000000000e-12,4,1.000000000000e-05,3.000000000000e-06,difference_from_finest_dt,-5.501329711234e-01
epsilon,dt_s,1.000000000000e-12,4,3.000000000000e-06,1.000000000000e-06,scaled_max_error,2.793642130992e-01
epsilon,dt_s,1.000000000000e-12,4,3.000000000000e-06,1.000000000000e-06,abs_R16,-3.682809384108e+00
epsilon,dt_s,1.000000000000e-12,4,3.000000000000e-06,1.000000000000e-06,abs_R26,1.160526934081e+00
epsilon,dt_s,1.000000000000e-12,4,3.000000000000e-06,1.000000000000e-06,difference_from_finest_dt,-1.445175346533e+00
epsilon,dt_s,3.000000000000e-12,4,1.000000000000e-01,3.000000000000e-02,scaled_max_error,9.877552516866e-05
epsilon,dt_s,3.000000000000e-12,4,1.000000000000e-01,3.000000000000e-02,abs_R16,1.116113297229e-04
epsilon,dt_s,3.000000000000e-12,4,1.000000000000e-01,3.000000000000e-02,abs_R26,5.497225376349e-05
epsilon,dt_s,3.000000000000e-12,4,1.000000000000e-01,3.000000000000e-02,difference_from_finest_dt,1.194882220324e-04
epsilon,dt_s,3.000000000000e-12,4,3.000000000000e-02,1.000000000000e-02,scaled_max_error,1.956395874319e-04
epsilon,dt_s,3.000000000000e-12,4,3.000000000000e-02,1.000000000000e-02,abs_R16,-1.128798527919e-04
epsilon,dt_s,3.000000000000e-12,4,3.000000000000e-02,1.000000000000e-02,abs_R26,5.238500048006e-05
epsilon,dt_s,3.000000000000e-12,4,3.000000000000e-02,1.000000000000e-02,difference_from_finest_dt,1.898127197632e-04
epsilon,dt_s,3.000000000000e-12,4,1.000000000000e-02,3.000000000000e-03,scaled_max_error,-2.374392678718e-04
epsilon,dt_s,3.000000000000e-12,4,1.000000000000e-02,3.000000000000e-03,abs_R16,-7.621280869389e-04
epsilon,dt_s,3.000000000000e-12,4,1.000000000000e-02,3.000000000000e-03,abs_R26,2.716958168370e-04
epsilon,dt_s,3.000000000000e-12,4,1.000000000000e-02,3.000000000000e-03,difference_from_finest_dt,-2.286191101450e-04
epsilon,dt_s,3.000000000000e-12,4,3.000000000000e-03,1.000000000000e-03,scaled_max_error,2.583110225621e-04
epsilon,dt_s,3.000000000000e-12,4,3.000000000000e-03,1.000000000000e-03,abs_R16,-1.226768394624e-03
epsilon,dt_s,3.000000000000e-12,4,3.000000000000e-03,1.000000000000e-03,abs_R26,-1.100749744653e-03
epsilon,dt_s,3.000000000000e-12,4,3.000000000000e-03,1.000000000000e-03,difference_from_finest_dt,2.505444313730e-04
epsilon,dt_s,3.000000000000e-12,4,1.000000000000e-03,3.000000000000e-04,scaled_max_error,-1.507900954965e-04
epsilon,dt_s,3.000000000000e-12,4,1.000000000000e-03,3.000000000000e-04,abs_R16,4.493592946867e-03
epsilon,dt_s,3.000000000000e-12,4,1.000000000000e-03,3.000000000000e-04,abs_R26,3.144087941592e-03
epsilon,dt_s,3.000000000000e-12,4,1.000000000000e-03,3.000000000000e-04,difference_from_finest_dt,-1.420280582316e-04
epsilon,dt_s,3.000000000000e-12,4,3.000000000000e-04,1.000000000000e-04,scaled_max_error,2.678363650808e-04
epsilon,dt_s,3.000000000000e-12,4,3.000000000000e-04,1.000000000000e-04,abs_R16,-1.433416985703e-02
epsilon,dt_s,3.000000000000e-12,4,3.000000000000e-04,1.000000000000e-04,abs_R26,1.817101133070e-02
epsilon,dt_s,3.000000000000e-12,4,3.000000000000e-04,1.000000000000e-04,difference_from_finest_dt,2.372808231604e-04
epsilon,dt_s,3.000000000000e-12,4,1.000000000000e-04,3.000000000000e-05,scaled_max_error,-2.703935206111e-04
epsilon,dt_s,3.000000000000e-12,4,1.000000000000e-04,3.000000000000e-05,abs_R16,5.711919561074e-02
epsilon,dt_s,3.000000000000e-12,4,1.000000000000e-04,3.000000000000e-05,abs_R26,-4.894498723924e-02
epsilon,dt_s,3.000000000000e-12,4,1.000000000000e-04,3.000000000000e-05,difference_from_finest_dt,-1.227943199700e-01
epsilon,dt_s,3.000000000000e-12,4,3.000000000000e-05,1.000000000000e-05,scaled_max_error,-1.306882868627e-01
epsilon,dt_s,3.000000000000e-12,4,3.000000000000e-05,1.000000000000e-05,abs_R16,-6.626163198335e-02
epsilon,dt_s,3.000000000000e-12,4,3.000000000000e-05,1.000000000000e-05,abs_R26,9.212302902132e-01
epsilon,dt_s,3.000000000000e-12,4,3.000000000000e-05,1.000000000000e-05,difference_from_finest_dt,-1.634664972836e+00
epsilon,dt_s,3.000000000000e-12,4,1.000000000000e-05,3.000000000000e-06,scaled_max_error,1.195220555320e-01
epsilon,dt_s,3.000000000000e-12,4,1.000000000000e-05,3.000000000000e-06,abs_R16,-4.370565637147e-01
epsilon,dt_s,3.000000000000e-12,4,1.000000000000e-05,3.000000000000e-06,abs_R26,-5.252318649855e-01
epsilon,dt_s,3.000000000000e-12,4,1.000000000000e-05,3.000000000000e-06,difference_from_finest_dt,-3.634422951092e-01
epsilon,dt_s,3.000000000000e-12,4,3.000000000000e-06,1.000000000000e-06,scaled_max_error,-6.149360382432e-01
epsilon,dt_s,3.000000000000e-12,4,3.000000000000e-06,1.000000000000e-06,abs_R16,-2.371410378241e-01
epsilon,dt_s,3.000000000000e-12,4,3.000000000000e-06,1.000000000000e-06,abs_R26,-2.048771849627e+00
epsilon,dt_s,3.000000000000e-12,4,3.000000000000e-06,1.000000000000e-06,difference_from_finest_dt,-1.541674111302e+00
epsilon,dt_s,1.000000000000e-11,4,1.000000000000e-01,3.000000000000e-02,scaled_max_error,4.224697577471e-04
epsilon,dt_s,1.000000000000e-11,4,1.000000000000e-01,3.000000000000e-02,abs_R16,7.287725102851e-06
epsilon,dt_s,1.000000000000e-11,4,1.000000000000e-01,3.000000000000e-02,abs_R26,-3.278615582968e-06
epsilon,dt_s,1.000000000000e-11,4,1.000000000000e-01,3.000000000000e-02,difference_from_finest_dt,4.243210496439e-04
epsilon,dt_s,1.000000000000e-11,4,3.000000000000e-02,1.000000000000e-02,scaled_max_error,-4.242248965540e-03
epsilon,dt_s,1.000000000000e-11,4,3.000000000000e-02,1.000000000000e-02,abs_R16,-5.059847663836e-06
epsilon,dt_s,1.000000000000e-11,4,3.000000000000e-02,1.000000000000e-02,abs_R26,5.204350865886e-06
epsilon,dt_s,1.000000000000e-11,4,3.000000000000e-02,1.000000000000e-02,difference_from_finest_dt,-4.242502976265e-03
epsilon,dt_s,1.000000000000e-11,4,1.000000000000e-02,3.000000000000e-03,scaled_max_error,-4.050910746471e-04
epsilon,dt_s,1.000000000000e-11,4,1.000000000000e-02,3.000000000000e-03,abs_R16,3.572324120311e-06
epsilon,dt_s,1.000000000000e-11,4,1.000000000000e-02,3.000000000000e-03,abs_R26,-2.263471452299e-07
epsilon,dt_s,1.000000000000e-11,4,1.000000000000e-02,3.000000000000e-03,difference_from_finest_dt,-4.042877924668e-04
epsilon,dt_s,1.000000000000e-11,4,3.000000000000e-03,1.000000000000e-03,scaled_max_error,3.058367075364e-04
epsilon,dt_s,1.000000000000e-11,4,3.000000000000e-03,1.000000000000e-03,abs_R16,-1.906009567906e-06
epsilon,dt_s,1.000000000000e-11,4,3.000000000000e-03,1.000000000000e-03,abs_R26,8.709975702005e-05
epsilon,dt_s,1.000000000000e-11,4,3.000000000000e-03,1.000000000000e-03,difference_from_finest_dt,3.051355189743e-04
epsilon,dt_s,1.000000000000e-11,4,1.000000000000e-03,3.000000000000e-04,scaled_max_error,5.512798896716e-03
epsilon,dt_s,1.000000000000e-11,4,1.000000000000e-03,3.000000000000e-04,abs_R16,4.031273720342e-05
epsilon,dt_s,1.000000000000e-11,4,1.000000000000e-03,3.000000000000e-04,abs_R26,3.074567079668e-04
epsilon,dt_s,1.000000000000e-11,4,1.000000000000e-03,3.000000000000e-04,difference_from_finest_dt,5.513245073604e-03
epsilon,dt_s,1.000000000000e-11,4,3.000000000000e-04,1.000000000000e-04,scaled_max_error,-7.971288020815e-04
epsilon,dt_s,1.000000000000e-11,4,3.000000000000e-04,1.000000000000e-04,abs_R16,3.630732806768e-04
epsilon,dt_s,1.000000000000e-11,4,3.000000000000e-04,1.000000000000e-04,abs_R26,-1.801681565372e-04
epsilon,dt_s,1.000000000000e-11,4,3.000000000000e-04,1.000000000000e-04,difference_from_finest_dt,-7.998273278674e-04
epsilon,dt_s,1.000000000000e-11,4,1.000000000000e-04,3.000000000000e-05,scaled_max_error,-6.988669007824e-03
epsilon,dt_s,1.000000000000e-11,4,1.000000000000e-04,3.000000000000e-05,abs_R16,-1.197729673118e-03
epsilon,dt_s,1.000000000000e-11,4,1.000000000000e-04,3.000000000000e-05,abs_R26,-7.885336696097e-03
epsilon,dt_s,1.000000000000e-11,4,1.000000000000e-04,3.000000000000e-05,difference_from_finest_dt,-6.986207768673e-03
epsilon,dt_s,1.000000000000e-11,4,3.000000000000e-05,1.000000000000e-05,scaled_max_error,2.098464690085e-03
epsilon,dt_s,1.000000000000e-11,4,3.000000000000e-05,1.000000000000e-05,abs_R16,-6.361820149142e-03
epsilon,dt_s,1.000000000000e-11,4,3.000000000000e-05,1.000000000000e-05,abs_R26,-1.035322765885e-03
epsilon,dt_s,1.000000000000e-11,4,3.000000000000e-05,1.000000000000e-05,difference_from_finest_dt,-1.572311262466e-01
epsilon,dt_s,1.000000000000e-11,4,1.000000000000e-05,3.000000000000e-06,scaled_max_error,-1.404337204434e-04
epsilon,dt_s,1.000000000000e-11,4,1.000000000000e-05,3.000000000000e-06,abs_R16,-1.687126314812e-04
epsilon,dt_s,1.000000000000e-11,4,1.000000000000e-05,3.000000000000e-06,abs_R26,-3.696496451035e-02
epsilon,dt_s,1.000000000000e-11,4,1.000000000000e-05,3.000000000000e-06,difference_from_finest_dt,-2.981398044954e-01
epsilon,dt_s,1.000000000000e-11,4,3.000000000000e-06,1.000000000000e-06,scaled_max_error,6.127848414278e-03
epsilon,dt_s,1.000000000000e-11,4,3.000000000000e-06,1.000000000000e-06,abs_R16,4.025161669228e-03
epsilon,dt_s,1.000000000000e-11,4,3.000000000000e-06,1.000000000000e-06,abs_R26,9.428435604599e-02
epsilon,dt_s,1.000000000000e-11,4,3.000000000000e-06,1.000000000000e-06,difference_from_finest_dt,-1.053556303483e+00
epsilon,dt_s,3.000000000000e-11,4,1.000000000000e-01,3.000000000000e-02,scaled_max_error,-6.773221365158e-04
epsilon,dt_s,3.000000000000e-11,4,1.000000000000e-01,3.000000000000e-02,abs_R16,5.478903148871e-06
epsilon,dt_s,3.000000000000e-11,4,1.000000000000e-01,3.000000000000e-02,abs_R26,-5.303086695918e-07
epsilon,dt_s,3.000000000000e-11,4,1.000000000000e-01,3.000000000000e-02,difference_from_finest_dt,-6.770992077812e-04
epsilon,dt_s,3.000000000000e-11,4,3.000000000000e-02,1.000000000000e-02,scaled_max_error,1.674021776023e-05
epsilon,dt_s,3.000000000000e-11,4,3.000000000000e-02,1.000000000000e-02,abs_R16,2.084263182487e-06
epsilon,dt_s,3.000000000000e-11,4,3.000000000000e-02,1.000000000000e-02,abs_R26,-3.441920985997e-06
epsilon,dt_s,3.000000000000e-11,4,3.000000000000e-02,1.000000000000e-02,difference_from_finest_dt,1.668038551225e-05
epsilon,dt_s,3.000000000000e-11,4,1.000000000000e-02,3.000000000000e-03,scaled_max_error,2.179607156294e-07
epsilon,dt_s,3.000000000000e-11,4,1.000000000000e-02,3.000000000000e-03,abs_R16,-1.054158681451e-05
epsilon,dt_s,3.000000000000e-11,4,1.000000000000e-02,3.000000000000e-03,abs_R26,-6.183787930662e-06
epsilon,dt_s,3.000000000000e-11,4,1.000000000000e-02,3.000000000000e-03,difference_from_finest_dt,3.087738785468e-07
epsilon,dt_s,3.000000000000e-11,4,3.000000000000e-03,1.000000000000e-03,scaled_max_error,7.208978910230e-04
epsilon,dt_s,3.000000000000e-11,4,3.000000000000e-03,1.000000000000e-03,abs_R16,4.136059705679e-06
epsilon,dt_s,3.000000000000e-11,4,3.000000000000e-03,1.000000000000e-03,abs_R26,-1.540509100939e-06
epsilon,dt_s,3.000000000000e-11,4,3.000000000000e-03,1.000000000000e-03,difference_from_finest_dt,7.208131343528e-04
epsilon,dt_s,3.000000000000e-11,4,1.000000000000e-03,3.000000000000e-04,scaled_max_error,-2.242290611910e-04
epsilon,dt_s,3.000000000000e-11,4,1.000000000000e-03,3.000000000000e-04,abs_R16,1.680937601168e-05
epsilon,dt_s,3.000000000000e-11,4,1.000000000000e-03,3.000000000000e-04,abs_R26,6.667981495725e-06
epsilon,dt_s,3.000000000000e-11,4,1.000000000000e-03,3.000000000000e-04,difference_from_finest_dt,-2.241365979164e-04
epsilon,dt_s,3.000000000000e-11,4,3.000000000000e-04,1.000000000000e-04,scaled_max_error,3.197631563123e-04
epsilon,dt_s,3.000000000000e-11,4,3.000000000000e-04,1.000000000000e-04,abs_R16,3.164231791647e-04
epsilon,dt_s,3.000000000000e-11,4,3.000000000000e-04,1.000000000000e-04,abs_R26,4.432995519671e-04
epsilon,dt_s,3.000000000000e-11,4,3.000000000000e-04,1.000000000000e-04,difference_from_finest_dt,3.194421513469e-04
epsilon,dt_s,3.000000000000e-11,4,1.000000000000e-04,3.000000000000e-05,scaled_max_error,-9.493964071532e-04
epsilon,dt_s,3.000000000000e-11,4,1.000000000000e-04,3.000000000000e-05,abs_R16,1.496863838511e-02
epsilon,dt_s,3.000000000000e-11,4,1.000000000000e-04,3.000000000000e-05,abs_R26,1.353521982703e-02
epsilon,dt_s,3.000000000000e-11,4,1.000000000000e-04,3.000000000000e-05,difference_from_finest_dt,-9.491533583651e-04
epsilon,dt_s,3.000000000000e-11,4,3.000000000000e-05,1.000000000000e-05,scaled_max_error,2.291768233138e-04
epsilon,dt_s,3.000000000000e-11,4,3.000000000000e-05,1.000000000000e-05,abs_R16,8.622580604441e-04
epsilon,dt_s,3.000000000000e-11,4,3.000000000000e-05,1.000000000000e-05,abs_R26,4.610271573705e-04
epsilon,dt_s,3.000000000000e-11,4,3.000000000000e-05,1.000000000000e-05,difference_from_finest_dt,2.291353918271e-04
epsilon,dt_s,3.000000000000e-11,4,1.000000000000e-05,3.000000000000e-06,scaled_max_error,7.225504181636e-04
epsilon,dt_s,3.000000000000e-11,4,1.000000000000e-05,3.000000000000e-06,abs_R16,4.482925138411e-04
epsilon,dt_s,3.000000000000e-11,4,1.000000000000e-05,3.000000000000e-06,abs_R26,2.610008541613e-03
epsilon,dt_s,3.000000000000e-11,4,1.000000000000e-05,3.000000000000e-06,difference_from_finest_dt,7.225270932137e-04
epsilon,dt_s,3.000000000000e-11,4,3.000000000000e-06,1.000000000000e-06,scaled_max_error,-2.452302589614e-04
epsilon,dt_s,3.000000000000e-11,4,3.000000000000e-06,1.000000000000e-06,abs_R16,-7.624155701455e-04
epsilon,dt_s,3.000000000000e-11,4,3.000000000000e-06,1.000000000000e-06,abs_R26,1.347753219614e-03
epsilon,dt_s,3.000000000000e-11,4,3.000000000000e-06,1.000000000000e-06,difference_from_finest_dt,-2.452085909125e-04
