dt_s,status,reason,full_matrix_error,R16,R26,abs_R16,abs_R26,dispersion_error,determinant_error,canonical_J_error,epsilon,richardson_levels,ranks,finest_epsilon,rays_per_segment,elapsed_s,integration_method,path,scaled_max_error,relative_frobenius_error,worst_entry,orbit_threader_wall_s,R11,R12,R13,R14,R15,R21,R22,R23,R24,R25,R31,R32,R33,R34,R35,R36,R41,R42,R43,R44,R45,R46,R51,R52,R53,R54,R55,R56,R61,R62,R63,R64,R65,R66,difference_from_finest_dt,R16_difference_from_finest_dt,R26_difference_from_finest_dt,mpi_matrix_max_difference,mpi_diagnostics_max_difference
1.000000000000e-13,OK,,7.989188119014e-06,-7.989188119347e-06,-7.976135776964e-07,7.989188119347e-06,7.976135776964e-07,7.989188119347e-06,1.983597400000e-08,1.747449400000e-05,1.000000000000e-06,0,1,1.000000000000e-06,12,1.372947758390e+01,BORIS,L0/dt-1e-13/eps-1e-06/ranks-1,7.989188119014e-06,1.004825357044e-06,R16,1.350960000000e+01,-1.386354983009e+00,-1.278841559085e+00,0.000000000000e+00,0.000000000000e+00,0.000000000000e+00,-7.209433050073e-01,-1.386349319912e+00,0.000000000000e+00,0.000000000000e+00,0.000000000000e+00,0.000000000000e+00,0.000000000000e+00,3.851352100264e+00,1.040676316124e+01,0.000000000000e+00,0.000000000000e+00,0.000000000000e+00,0.000000000000e+00,1.329223389161e+00,3.851352100051e+00,0.000000000000e+00,0.000000000000e+00,-2.402580669384e-06,-7.418617015363e-06,0.000000000000e+00,0.000000000000e+00,9.999999999809e-01,-9.437454482248e-02,-3.214460605827e-09,-9.868790319225e-10,0.000000000000e+00,0.000000000000e+00,0.000000000000e+00,9.999999921928e-01,0.000000000000e+00,0.000000000000e+00,0.000000000000e+00,0.000000000000e+00,0.000000000000e+00
1.000000000000e-13,OK,,2.319478943205e-06,1.344110231349e-07,9.734743395646e-07,1.344110231349e-07,9.734743395646e-07,9.734743395646e-07,9.177546200000e-09,1.008673100000e-06,3.000000000000e-06,0,1,3.000000000000e-06,12,1.380552150006e+01,BORIS,L0/dt-1e-13/eps-3e-06/ranks-1,2.319478943205e-06,3.579752990636e-07,R56,1.358490000000e+01,-1.386350924494e+00,-1.278840254813e+00,0.000000000000e+00,0.000000000000e+00,0.000000000000e+00,-7.209435035910e-01,-1.386352860533e+00,0.000000000000e+00,0.000000000000e+00,0.000000000000e+00,0.000000000000e+00,0.000000000000e+00,3.851352100275e+00,1.040676316130e+01,0.000000000000e+00,0.000000000000e+00,0.000000000000e+00,0.000000000000e+00,1.329223389171e+00,3.851352100083e+00,0.000000000000e+00,0.000000000000e+00,1.329725940664e-06,2.067393175630e-06,0.000000000000e+00,0.000000000000e+00,9.999999999603e-01,-9.437955335896e-02,-1.085055634082e-09,-1.514636448012e-09,0.000000000000e+00,0.000000000000e+00,0.000000000000e+00,9.999999948242e-01,0.000000000000e+00,0.000000000000e+00,0.000000000000e+00,0.000000000000e+00,0.000000000000e+00
1.000000000000e-13,OK,,4.252702123786e-07,-1.081297823455e-07,1.318701673318e-07,1.081297823455e-07,1.318701673318e-07,1.318701673318e-07,6.645471100000e-09,7.375885800000e-07,1.000000000000e-05,0,1,1.000000000000e-05,12,1.377828629198e+01,BORIS,L0/dt-1e-13/eps-1e-05/ranks-1,4.252702123786e-07,6.253406237535e-08,R11,1.355730000000e+01,-1.386352680667e+00,-1.278842592378e+00,0.000000000000e+00,0.000000000000e+00,0.000000000000e+00,-7.209430783405e-01,-1.386351935075e+00,0.000000000000e+00,0.000000000000e+00,0.000000000000e+00,0.000000000000e+00,0.000000000000e+00,3.851352100508e+00,1.040676316178e+01,0.000000000000e+00,0.000000000000e+00,0.000000000000e+00,0.000000000000e+00,1.329223389278e+00,3.851352100310e+00,0.000000000000e+00,0.000000000000e+00,-8.663093640066e-08,-4.189610100062e-07,0.000000000000e+00,0.000000000000e+00,9.999999999995e-01,-9.437730865128e-02,-7.095677027005e-11,-8.524739314682e-10,0.000000000000e+00,0.000000000000e+00,0.000000000000e+00,1.000000000364e+00,0.000000000000e+00,0.000000000000e+00,0.000000000000e+00,0.000000000000e+00,0.000000000000e+00
1.000000000000e-13,OK,,3.766173568009e-07,-3.889041989023e-08,-2.530252635138e-08,3.889041989023e-08,2.530252635138e-08,3.889041989023e-08,2.910611000000e-09,2.011723800000e-07,3.000000000000e-05,0,1,3.000000000000e-05,12,1.377209312515e+01,BORIS,L0/dt-1e-13/eps-3e-05/ranks-1,3.766173568009e-07,3.967961858174e-08,R56,1.355230000000e+01,-1.386352331647e+00,-1.278842363470e+00,0.000000000000e+00,0.000000000000e+00,0.000000000000e+00,-7.209431165675e-01,-1.386352193812e+00,0.000000000000e+00,0.000000000000e+00,0.000000000000e+00,0.000000000000e+00,0.000000000000e+00,3.851352102462e+00,1.040676316608e+01,0.000000000000e+00,0.000000000000e+00,0.000000000000e+00,0.000000000000e+00,1.329223390229e+00,3.851352102419e+00,0.000000000000e+00,0.000000000000e+00,1.653303417807e-07,2.227002342090e-07,0.000000000000e+00,0.000000000000e+00,1.000000000004e+00,-9.437685726266e-02,1.009529773501e-10,3.180585063383e-10,0.000000000000e+00,0.000000000000e+00,0.000000000000e+00,9.999999997808e-01,0.000000000000e+00,0.000000000000e+00,0.000000000000e+00,0.000000000000e+00,0.000000000000e+00
1.000000000000e-13,OK,,9.610313632852e-08,-8.487746075898e-09,1.875594965601e-08,8.487746075898e-09,1.875594965601e-08,1.875594965601e-08,1.864152600000e-09,6.034380800000e-08,1.000000000000e-04,0,1,1.000000000000e-04,12,1.379112075013e+01,BORIS,L0/dt-1e-13/eps-0.0001/ranks-1,9.610313632852e-08,1.483114217894e-08,R52,1.357110000000e+01,-1.386352176032e+00,-1.278842251546e+00,0.000000000000e+00,0.000000000000e+00,0.000000000000e+00,-7.209431454899e-01,-1.386352318146e+00,0.000000000000e+00,0.000000000000e+00,0.000000000000e+00,0.000000000000e+00,0.000000000000e+00,3.851352124847e+00,1.040676321519e+01,0.000000000000e+00,0.000000000000e+00,0.000000000000e+00,0.000000000000e+00,1.329223401043e+00,3.851352126331e+00,0.000000000000e+00,0.000000000000e+00,8.598308252036e-11,9.610313666159e-08,0.000000000000e+00,0.000000000000e+00,1.000000000003e+00,-9.437728534277e-02,-3.125240556951e-11,-6.804186853608e-11,0.000000000000e+00,0.000000000000e+00,0.000000000000e+00,1.000000000009e+00,0.000000000000e+00,0.000000000000e+00,0.000000000000e+00,0.000000000000e+00,0.000000000000e+00
1.000000000000e-13,OK,,4.884965907337e-07,-1.325578283915e-07,-3.087521416309e-08,1.325578283915e-07,3.087521416309e-08,1.325578283915e-07,1.610260600000e-08,2.088142400000e-08,3.000000000000e-04,0,1,3.000000000000e-04,12,1.384289895813e+01,BORIS,L0/dt-1e-13/eps-0.0003/ranks-1,4.884965907337e-07,5.902467081117e-08,R34,1.362110000000e+01,-1.386352355498e+00,-1.278842641085e+00,0.000000000000e+00,0.000000000000e+00,0.000000000000e+00,-7.209431381392e-01,-1.386352321144e+00,0.000000000000e+00,0.000000000000e+00,0.000000000000e+00,0.000000000000e+00,0.000000000000e+00,3.851352321495e+00,1.040676364648e+01,0.000000000000e+00,0.000000000000e+00,0.000000000000e+00,0.000000000000e+00,1.329223496112e+00,3.851352336524e+00,0.000000000000e+00,0.000000000000e+00,4.080570772588e-08,1.326068722236e-07,0.000000000000e+00,0.000000000000e+00,1.000000000004e+00,-9.437718287723e-02,2.792531724289e-11,4.850383821815e-11,0.000000000000e+00,0.000000000000e+00,0.000000000000e+00,9.999999999977e-01,0.000000000000e+00,0.000000000000e+00,0.000000000000e+00,0.000000000000e+00,0.000000000000e+00
1.000000000000e-13,OK,,5.395236589933e-06,-1.416115714456e-06,-3.617474478825e-07,1.416115714456e-06,3.617474478825e-07,1.416115714456e-06,1.765487000000e-07,2.296295100000e-07,1.000000000000e-03,0,1,1.000000000000e-03,12,1.380118995812e+01,BORIS,L0/dt-1e-13/eps-0.001/ranks-1,5.395236589933e-06,6.409942614225e-07,R34,1.357930000000e+01,-1.386353175862e+00,-1.278845624290e+00,0.000000000000e+00,0.000000000000e+00,0.000000000000e+00,-7.209433203495e-01,-1.386353069639e+00,0.000000000000e+00,0.000000000000e+00,0.000000000000e+00,0.000000000000e+00,0.000000000000e+00,3.851354558478e+00,1.040676855322e+01,0.000000000000e+00,0.000000000000e+00,0.000000000000e+00,0.000000000000e+00,1.329224577518e+00,3.851354727626e+00,0.000000000000e+00,0.000000000000e+00,3.890027839355e-07,1.423824394814e-06,0.000000000000e+00,0.000000000000e+00,1.000000000004e+00,-9.437657512085e-02,4.310402024347e-12,2.379261848602e-12,0.000000000000e+00,0.000000000000e+00,0.000000000000e+00,9.999999999999e-01,0.000000000000e+00,0.000000000000e+00,0.000000000000e+00,0.000000000000e+00,0.000000000000e+00
1.000000000000e-13,OK,,4.853128659121e-05,-1.272049897295e-05,-3.258179551293e-06,1.272049897295e-05,3.258179551293e-06,1.272049897295e-05,1.588190200000e-06,2.065884900000e-06,3.000000000000e-03,0,1,3.000000000000e-03,12,1.381319087488e+01,BORIS,L0/dt-1e-13/eps-0.003/ranks-1,4.853128659121e-05,5.764884187045e-06,R34,1.359160000000e+01,-1.386360508355e+00,-1.278872005746e+00,0.000000000000e+00,0.000000000000e+00,0.000000000000e+00,-7.209448935924e-01,-1.386359582975e+00,0.000000000000e+00,0.000000000000e+00,0.000000000000e+00,0.000000000000e+00,0.000000000000e+00,3.851374224525e+00,1.040681168927e+01,0.000000000000e+00,0.000000000000e+00,0.000000000000e+00,0.000000000000e+00,1.329234084507e+00,3.851375748337e+00,0.000000000000e+00,0.000000000000e+00,3.507557142356e-06,1.285426316711e-05,0.000000000000e+00,0.000000000000e+00,1.000000000004e+00,-9.437129200402e-02,8.294830248837e-13,3.602207881853e-12,0.000000000000e+00,0.000000000000e+00,0.000000000000e+00,1.000000000008e+00,0.000000000000e+00,0.000000000000e+00,0.000000000000e+00,0.000000000000e+00,0.000000000000e+00
1.000000000000e-13,OK,,5.392694265911e-04,-1.412988364426e-04,-3.618793152907e-05,1.412988364426e-04,3.618793152907e-05,1.412988364426e-04,1.764256900000e-05,2.294920700000e-05,1.000000000000e-02,0,1,1.000000000000e-02,12,1.377110583405e+01,BORIS,L0/dt-1e-13/eps-0.01/ranks-1,5.392694265911e-04,6.405221951400e-05,R34,1.354510000000e+01,-1.386443929640e+00,-1.279172079567e+00,0.000000000000e+00,0.000000000000e+00,0.000000000000e+00,-7.209628008778e-01,-1.386433663121e+00,0.000000000000e+00,0.000000000000e+00,0.000000000000e+00,0.000000000000e+00,0.000000000000e+00,3.851597955691e+00,1.040730242741e+01,0.000000000000e+00,0.000000000000e+00,0.000000000000e+00,0.000000000000e+00,1.329342241310e+00,3.851614891342e+00,0.000000000000e+00,0.000000000000e+00,3.896419621970e-05,1.427721507028e-04,0.000000000000e+00,0.000000000000e+00,1.000000000004e+00,-9.431123072207e-02,5.794514270309e-13,1.775123145574e-13,0.000000000000e+00,0.000000000000e+00,0.000000000000e+00,1.000000000001e+00,0.000000000000e+00,0.000000000000e+00,0.000000000000e+00,0.000000000000e+00,0.000000000000e+00
1.000000000000e-13,OK,,4.858648106591e-03,-1.273674897781e-03,-3.261749263163e-04,1.273674897781e-03,3.261749263163e-04,1.273674897781e-03,1.586126000000e-04,2.062964900000e-04,3.000000000000e-02,0,1,3.000000000000e-02,12,1.388243470923e+01,BORIS,L0/dt-1e-13/eps-0.03/ranks-1,4.858648106591e-03,5.770545814240e-04,R34,1.365830000000e+01,-1.387178088695e+00,-1.281812238862e+00,0.000000000000e+00,0.000000000000e+00,0.000000000000e+00,-7.211205117653e-01,-1.387085635842e+00,0.000000000000e+00,0.000000000000e+00,0.000000000000e+00,0.000000000000e+00,0.000000000000e+00,3.853567197354e+00,1.041162180609e+01,0.000000000000e+00,0.000000000000e+00,0.000000000000e+00,0.000000000000e+00,1.330294243771e+00,3.853719810796e+00,0.000000000000e+00,0.000000000000e+00,3.509584390398e-04,1.285783076153e-03,0.000000000000e+00,0.000000000000e+00,1.000000000004e+00,-9.378224231860e-02,2.574894711601e-13,3.188017557169e-13,0.000000000000e+00,0.000000000000e+00,0.000000000000e+00,9.999999999991e-01,0.000000000000e+00,0.000000000000e+00,0.000000000000e+00,0.000000000000e+00,0.000000000000e+00
1.000000000000e-13,OK,,5.465773311659e-02,-1.441403319337e-02,-3.688071943917e-03,1.441403319337e-02,3.688071943917e-03,1.441403319337e-02,1.741138000000e-03,2.261020600000e-03,1.000000000000e-01,0,1,1.000000000000e-01,12,1.395320599992e+01,BORIS,L0/dt-1e-13/eps-0.1/ranks-1,5.465773311659e-02,6.487595950037e-03,R34,1.369850000000e+01,-1.395629074577e+00,-1.312117995026e+00,0.000000000000e+00,0.000000000000e+00,0.000000000000e+00,-7.229510346851e-01,-1.394594077296e+00,0.000000000000e+00,0.000000000000e+00,0.000000000000e+00,0.000000000000e+00,0.000000000000e+00,3.876271938773e+00,1.046142089110e+01,0.000000000000e+00,0.000000000000e+00,0.000000000000e+00,0.000000000000e+00,1.341273796457e+00,3.877991795505e+00,0.000000000000e+00,0.000000000000e+00,3.937635331637e-03,1.439990078189e-02,0.000000000000e+00,0.000000000000e+00,1.000000000004e+00,-8.763892629138e-02,-3.217006663507e-14,-4.769319495233e-14,0.000000000000e+00,0.000000000000e+00,0.000000000000e+00,1.000000000000e+00,0.000000000000e+00,0.000000000000e+00,0.000000000000e+00,0.000000000000e+00,0.000000000000e+00
3.000000000000e-13,OK,,4.921596638109e-06,-1.152741427485e-06,-1.987357859630e-07,1.152741427485e-06,1.987357859630e-07,1.152741427485e-06,5.561820300000e-08,3.577451400000e-06,1.000000000000e-06,0,1,1.000000000000e-06,12,5.264098541811e+00,BORIS,L0/dt-3e-13/eps-1e-06/ranks-1,4.921596638109e-06,5.035794607918e-07,R52,5.041750000000e+00,-1.386351007657e+00,-1.278840781427e+00,0.000000000000e+00,0.000000000000e+00,0.000000000000e+00,-7.209434556238e-01,-1.386353051030e+00,0.000000000000e+00,0.000000000000e+00,0.000000000000e+00,0.000000000000e+00,0.000000000000e+00,3.851352078928e+00,1.040676311824e+01,0.000000000000e+00,0.000000000000e+00,0.000000000000e+00,0.000000000000e+00,1.329223378796e+00,3.851352078537e+00,0.000000000000e+00,0.000000000000e+00,2.623484466241e-06,4.921596638442e-06,0.000000000000e+00,0.000000000000e+00,9.999999999809e-01,-9.437780390896e-02,5.012175175504e-10,-2.013476339824e-09,0.000000000000e+00,0.000000000000e+00,0.000000000000e+00,9.999999985279e-01,1.234021365380e-05,6.836446691862e-06,5.988777917334e-07,0.000000000000e+00,0.000000000000e+00
3.000000000000e-13,OK,,8.918676970060e-07,-8.918676973391e-07,4.009579082767e-07,8.918676973391e-07,4.009579082767e-07,8.918676973391e-07,4.066301100000e-09,1.508723600000e-06,3.000000000000e-06,0,1,3.000000000000e-06,12,5.214887542184e+00,BORIS,L0/dt-3e-13/eps-3e-06/ranks-1,8.918676970060e-07,9.567287907147e-08,R16,4.997090000000e+00,-1.386352513357e+00,-1.278842651888e+00,0.000000000000e+00,0.000000000000e+00,0.000000000000e+00,-7.209430580173e-01,-1.386352107851e+00,0.000000000000e+00,0.000000000000e+00,0.000000000000e+00,0.000000000000e+00,0.000000000000e+00,3.851352078951e+00,1.040676311829e+01,0.000000000000e+00,0.000000000000e+00,0.000000000000e+00,0.000000000000e+00,1.329223378804e+00,3.851352078551e+00,0.000000000000e+00,0.000000000000e+00,1.080950603173e-07,2.402806876302e-07,0.000000000000e+00,0.000000000000e+00,1.000000000002e+00,-9.437758184191e-02,7.299840783962e-10,2.123999481372e-09,0.000000000000e+00,0.000000000000e+00,0.000000000000e+00,9.999999989883e-01,2.397075000049e-06,-1.026278720474e-06,-5.725164312879e-07,0.000000000000e+00,0.000000000000e+00
3.000000000000e-13,OK,,4.426869708213e-07,1.553259859955e-08,1.066849795425e-07,1.553259859955e-08,1.066849795425e-07,1.066849795425e-07,3.566330900000e-09,3.278477300000e-07,1.000000000000e-05,0,1,1.000000000000e-05,12,5.251338707982e+00,BORIS,L0/dt-3e-13/eps-1e-05/ranks-1,4.426869708213e-07,4.473226525661e-08,R52,5.027740000000e+00,-1.386352248422e+00,-1.278842293457e+00,0.000000000000e+00,0.000000000000e+00,0.000000000000e+00,-7.209431378161e-01,-1.386352259348e+00,0.000000000000e+00,0.000000000000e+00,0.000000000000e+00,0.000000000000e+00,0.000000000000e+00,3.851352079174e+00,1.040676311878e+01,0.000000000000e+00,0.000000000000e+00,0.000000000000e+00,0.000000000000e+00,1.329223378914e+00,3.851352078796e+00,0.000000000000e+00,0.000000000000e+00,2.815209756433e-07,4.426869711544e-07,0.000000000000e+00,0.000000000000e+00,9.999999999871e-01,-9.437716028513e-02,4.451461394970e-10,6.396140101299e-10,0.000000000000e+00,0.000000000000e+00,0.000000000000e+00,1.000000000406e+00,8.616479811606e-07,1.236623809450e-07,-2.518518778930e-08,0.000000000000e+00,0.000000000000e+00
3.000000000000e-13,OK,,7.561348436269e-08,-3.993445516444e-08,-1.635848387608e-08,3.993445516444e-08,1.635848387608e-08,3.993445516444e-08,2.509165100000e-10,5.311191200000e-08,3.000000000000e-05,0,1,3.000000000000e-05,12,5.198615750065e+00,BORIS,L0/dt-3e-13/eps-3e-05/ranks-1,7.561348436269e-08,1.152517274497e-08,R12,4.978300000000e+00,-1.386352287840e+00,-1.278842394993e+00,0.000000000000e+00,0.000000000000e+00,0.000000000000e+00,-7.209431201977e-01,-1.386352259021e+00,0.000000000000e+00,0.000000000000e+00,0.000000000000e+00,0.000000000000e+00,0.000000000000e+00,3.851352081145e+00,1.040676312311e+01,0.000000000000e+00,0.000000000000e+00,0.000000000000e+00,0.000000000000e+00,1.329223379865e+00,3.851352080900e+00,0.000000000000e+00,0.000000000000e+00,5.921926469127e-08,7.438266559182e-08,0.000000000000e+00,0.000000000000e+00,9.999999999995e-01,-9.437723186508e-02,4.764443047289e-11,1.485870611061e-10,0.000000000000e+00,0.000000000000e+00,0.000000000000e+00,1.000000000143e+00,3.746024200002e-07,-1.044035274210e-09,8.944042475300e-09,0.000000000000e+00,0.000000000000e+00
3.000000000000e-13,OK,,6.165532526751e-08,-1.594706350553e-08,-2.065981430606e-08,1.594706350553e-08,2.065981430606e-08,2.065981430606e-08,1.113417700000e-09,6.597095900000e-08,1.000000000000e-04,0,1,1.000000000000e-04,12,5.183621833101e+00,BORIS,L0/dt-3e-13/eps-0.0001/ranks-1,6.165532526751e-08,8.841175102548e-09,R52,4.962820000000e+00,-1.386352271084e+00,-1.278842380689e+00,0.000000000000e+00,0.000000000000e+00,0.000000000000e+00,-7.209431316972e-01,-1.386352278025e+00,0.000000000000e+00,0.000000000000e+00,0.000000000000e+00,0.000000000000e+00,0.000000000000e+00,3.851352103508e+00,1.040676317216e+01,0.000000000000e+00,0.000000000000e+00,0.000000000000e+00,0.000000000000e+00,1.329223390679e+00,3.851352104811e+00,0.000000000000e+00,0.000000000000e+00,2.703820181483e-08,6.165532560058e-08,0.000000000000e+00,0.000000000000e+00,9.999999999989e-01,-9.437719534122e-02,2.290725228632e-12,3.427951991551e-11,0.000000000000e+00,0.000000000000e+00,0.000000000000e+00,1.000000000075e+00,1.291429998496e-07,-7.459317429632e-09,-3.941576396207e-08,0.000000000000e+00,0.000000000000e+00
3.000000000000e-13,OK,,4.455265916192e-07,-1.425937062581e-07,-4.122467464909e-08,1.425937062581e-07,4.122467464909e-08,1.425937062581e-07,1.586519400000e-08,2.065165800000e-08,3.000000000000e-04,0,1,3.000000000000e-04,12,5.164110416081e+00,BORIS,L0/dt-3e-13/eps-0.0003/ranks-1,4.455265916192e-07,5.680868804768e-08,R34,4.941060000000e+00,-1.386352351339e+00,-1.278842656877e+00,0.000000000000e+00,0.000000000000e+00,0.000000000000e+00,-7.209431449884e-01,-1.386352339999e+00,0.000000000000e+00,0.000000000000e+00,0.000000000000e+00,0.000000000000e+00,0.000000000000e+00,3.851352300167e+00,1.040676360351e+01,0.000000000000e+00,0.000000000000e+00,0.000000000000e+00,0.000000000000e+00,1.329223485747e+00,3.851352315013e+00,0.000000000000e+00,0.000000000000e+00,4.155328201913e-08,1.466890578696e-07,0.000000000000e+00,0.000000000000e+00,9.999999999985e-01,-9.437715930077e-02,-2.687657777379e-12,3.555691683113e-12,0.000000000000e+00,0.000000000000e+00,0.000000000000e+00,1.000000000011e+00,4.296999911446e-08,-1.003587786660e-08,-1.034946048600e-08,0.000000000000e+00,0.000000000000e+00
3.000000000000e-13,OK,,5.352206590814e-06,-1.434668348096e-06,-3.681338561514e-07,1.434668348096e-06,3.681338561514e-07,1.434668348096e-06,1.764677000000e-07,2.295455200000e-07,1.000000000000e-03,0,1,1.000000000000e-03,12,5.174363541882e+00,BORIS,L0/dt-3e-13/eps-0.001/ranks-1,5.352206590814e-06,6.395844327755e-07,R34,4.955160000000e+00,-1.386353186659e+00,-1.278845661990e+00,0.000000000000e+00,0.000000000000e+00,0.000000000000e+00,-7.209433231285e-01,-1.386353081071e+00,0.000000000000e+00,0.000000000000e+00,0.000000000000e+00,0.000000000000e+00,0.000000000000e+00,3.851354537157e+00,1.040676851019e+01,0.000000000000e+00,0.000000000000e+00,0.000000000000e+00,0.000000000000e+00,1.329224567154e+00,3.851354706093e+00,0.000000000000e+00,0.000000000000e+00,3.954516324093e-07,1.447394243630e-06,0.000000000000e+00,0.000000000000e+00,9.999999999988e-01,-9.437656255896e-02,2.214757902797e-12,1.934580300966e-12,0.000000000000e+00,0.000000000000e+00,0.000000000000e+00,1.000000000002e+00,4.302999911943e-08,-1.855263364000e-08,-6.386408268900e-09,0.000000000000e+00,0.000000000000e+00
3.000000000000e-13,OK,,4.848826659121e-05,-1.273465202674e-05,-3.262171804775e-06,1.273465202674e-05,3.262171804775e-06,1.273465202674e-05,1.587780100000e-06,2.065460900000e-06,3.000000000000e-03,0,1,3.000000000000e-03,12,5.162362833042e+00,BORIS,L0/dt-3e-13/eps-0.003/ranks-1,4.848826659121e-05,5.763027783292e-06,R34,4.943060000000e+00,-1.386360518466e+00,-1.278872038929e+00,0.000000000000e+00,0.000000000000e+00,0.000000000000e+00,-7.209448975441e-01,-1.386359594071e+00,0.000000000000e+00,0.000000000000e+00,0.000000000000e+00,0.000000000000e+00,0.000000000000e+00,3.851374203198e+00,1.040681164625e+01,0.000000000000e+00,0.000000000000e+00,0.000000000000e+00,0.000000000000e+00,1.329234074142e+00,3.851375726809e+00,0.000000000000e+00,0.000000000000e+00,3.512752576006e-06,1.286918685863e-05,0.000000000000e+00,0.000000000000e+00,9.999999999989e-01,-9.437128585702e-02,-9.998308456439e-13,-3.447107816958e-12,0.000000000000e+00,0.000000000000e+00,0.000000000000e+00,9.999999999987e-01,4.302000000678e-08,-1.415305379000e-08,-3.992253482000e-09,0.000000000000e+00,0.000000000000e+00
3.000000000000e-13,OK,,5.392263965902e-04,-1.413134434226e-04,-3.619259592333e-05,1.413134434226e-04,3.619259592333e-05,1.413134434226e-04,1.764242000000e-05,2.294905300000e-05,1.000000000000e-02,0,1,1.000000000000e-02,12,5.143820749829e+00,BORIS,L0/dt-3e-13/eps-0.01/ranks-1,5.392263965902e-04,6.405037264648e-05,R34,4.924770000000e+00,-1.386443939799e+00,-1.279172113123e+00,0.000000000000e+00,0.000000000000e+00,0.000000000000e+00,-7.209628044742e-01,-1.386433673840e+00,0.000000000000e+00,0.000000000000e+00,0.000000000000e+00,0.000000000000e+00,0.000000000000e+00,3.851597934357e+00,1.040730238438e+01,0.000000000000e+00,0.000000000000e+00,0.000000000000e+00,0.000000000000e+00,1.329342230944e+00,3.851614869815e+00,0.000000000000e+00,0.000000000000e+00,3.896855911467e-05,1.427865168627e-04,0.000000000000e+00,0.000000000000e+00,9.999999999989e-01,-9.431122366568e-02,-6.900548240189e-14,3.623040449451e-13,0.000000000000e+00,0.000000000000e+00,0.000000000000e+00,1.000000000000e+00,4.303000089578e-08,-1.460697999998e-08,-4.664394260001e-09,0.000000000000e+00,0.000000000000e+00
3.000000000000e-13,OK,,4.858604986591e-03,-1.273689058254e-03,-3.261792207382e-04,1.273689058254e-03,3.261792207382e-04,1.273689058254e-03,1.586126200000e-04,2.062965000000e-04,3.000000000000e-02,0,1,3.000000000000e-02,12,5.878422083799e+00,BORIS,L0/dt-3e-13/eps-0.03/ranks-1,4.858604986591e-03,5.770526993327e-04,R34,5.619240000000e+00,-1.387178098847e+00,-1.281812272342e+00,0.000000000000e+00,0.000000000000e+00,0.000000000000e+00,-7.211205151185e-01,-1.387085646185e+00,0.000000000000e+00,0.000000000000e+00,0.000000000000e+00,0.000000000000e+00,0.000000000000e+00,3.853567175981e+00,1.041162176297e+01,0.000000000000e+00,0.000000000000e+00,0.000000000000e+00,0.000000000000e+00,1.330294233384e+00,3.853719789225e+00,0.000000000000e+00,0.000000000000e+00,3.509626443078e-04,1.285797057292e-03,0.000000000000e+00,0.000000000000e+00,9.999999999989e-01,-9.378223610092e-02,-3.854182937656e-14,-7.761383551116e-14,0.000000000000e+00,0.000000000000e+00,0.000000000000e+00,1.000000000000e+00,4.312000001505e-08,-1.416047300013e-08,-4.294421900009e-09,0.000000000000e+00,0.000000000000e+00
3.000000000000e-13,OK,,5.465768921659e-02,-1.441404758818e-02,-3.688076309109e-03,1.441404758818e-02,3.688076309109e-03,1.441404758818e-02,1.741137900000e-03,2.261020600000e-03,1.000000000000e-01,0,1,1.000000000000e-01,12,5.883259417024e+00,BORIS,L0/dt-3e-13/eps-0.1/ranks-1,5.465768921659e-02,6.487594037022e-03,R34,5.623940000000e+00,-1.395629085123e+00,-1.312118029313e+00,0.000000000000e+00,0.000000000000e+00,0.000000000000e+00,-7.229510380949e-01,-1.394594087767e+00,0.000000000000e+00,0.000000000000e+00,0.000000000000e+00,0.000000000000e+00,0.000000000000e+00,3.876271916997e+00,1.046142084720e+01,0.000000000000e+00,0.000000000000e+00,0.000000000000e+00,0.000000000000e+00,1.341273785867e+00,3.877991773529e+00,0.000000000000e+00,0.000000000000e+00,3.937639582405e-03,1.439991498124e-02,0.000000000000e+00,0.000000000000e+00,9.999999999989e-01,-8.763891963117e-02,-1.812266634769e-14,-7.196511379523e-14,0.000000000000e+00,0.000000000000e+00,0.000000000000e+00,9.999999999999e-01,4.390000007959e-08,-1.439481000023e-08,-4.365191999967e-09,0.000000000000e+00,0.000000000000e+00
1.000000000000e-12,OK,,8.865104843547e-07,-1.046434826173e-07,-3.225749450841e-08,1.046434826173e-07,3.225749450841e-08,1.046434826173e-07,8.700387500000e-09,3.018758300000e-07,1.000000000000e-06,0,1,1.000000000000e-06,12,2.241290207952e+00,BORIS,L0/dt-1e-12/eps-1e-06/ranks-1,8.865104843547e-07,9.796583538082e-08,R12,1.971820000000e+00,-1.386352541979e+00,-1.278843205890e+00,0.000000000000e+00,0.000000000000e+00,0.000000000000e+00,-7.209430821754e-01,-1.386352398277e+00,0.000000000000e+00,0.000000000000e+00,0.000000000000e+00,0.000000000000e+00,0.000000000000e+00,3.851351837072e+00,1.040676263086e+01,0.000000000000e+00,0.000000000000e+00,0.000000000000e+00,0.000000000000e+00,1.329223261136e+00,3.851351834252e+00,0.000000000000e+00,0.000000000000e+00,-2.712143805754e-07,9.775420800287e-08,0.000000000000e+00,0.000000000000e+00,9.999999999809e-01,-9.437724206598e-02,6.387243863307e-10,2.195936881549e-09,0.000000000000e+00,0.000000000000e+00,0.000000000000e+00,9.999999997631e-01,7.884544636730e-06,7.884544636730e-06,7.653560831880e-07,0.000000000000e+00,0.000000000000e+00
1.000000000000e-12,OK,,5.270834098070e-07,-2.338054720934e-07,-4.923380571413e-08,2.338054720934e-07,4.923380571413e-08,2.338054720934e-07,6.110150500000e-09,5.563828500000e-08,3.000000000000e-06,0,1,3.000000000000e-06,12,2.250328916823e+00,BORIS,L0/dt-1e-12/eps-3e-06/ranks-1,5.270834098070e-07,7.104040510411e-08,R34,2.031020000000e+00,-1.386352398661e+00,-1.278842727632e+00,0.000000000000e+00,0.000000000000e+00,0.000000000000e+00,-7.209431654667e-01,-1.386352359803e+00,0.000000000000e+00,0.000000000000e+00,0.000000000000e+00,0.000000000000e+00,0.000000000000e+00,3.851351837093e+00,1.040676263090e+01,0.000000000000e+00,0.000000000000e+00,0.000000000000e+00,0.000000000000e+00,1.329223261146e+00,3.851351834274e+00,0.000000000000e+00,0.000000000000e+00,4.486235318817e-08,2.055579947305e-07,0.000000000000e+00,0.000000000000e+00,1.000000000002e+00,-9.437712499929e-02,2.546420173919e-10,-2.310503739097e-10,0.000000000000e+00,0.000000000000e+00,0.000000000000e+00,9.999999986783e-01,2.472819000010e-06,-3.682164952283e-07,-1.022708145279e-06,0.000000000000e+00,0.000000000000e+00
1.000000000000e-12,OK,,5.265934088783e-07,-2.012710992412e-07,-7.124191588006e-08,2.012710992412e-07,7.124191588006e-08,2.012710992412e-07,1.206323500000e-09,1.577396300000e-08,1.000000000000e-05,0,1,1.000000000000e-05,12,2.238592708018e+00,BORIS,L0/dt-1e-12/eps-1e-05/ranks-1,5.265934088783e-07,7.174230809980e-08,R34,2.017470000000e+00,-1.386352407726e+00,-1.278842757840e+00,0.000000000000e+00,0.000000000000e+00,0.000000000000e+00,-7.209431642985e-01,-1.386352369765e+00,0.000000000000e+00,0.000000000000e+00,0.000000000000e+00,0.000000000000e+00,0.000000000000e+00,3.851351837316e+00,1.040676263139e+01,0.000000000000e+00,0.000000000000e+00,0.000000000000e+00,0.000000000000e+00,1.329223261254e+00,3.851351834514e+00,0.000000000000e+00,0.000000000000e+00,3.698108545997e-08,1.721564165060e-07,0.000000000000e+00,0.000000000000e+00,9.999999999995e-01,-9.437708597420e-02,3.888569990705e-11,-5.215139937409e-11,0.000000000000e+00,0.000000000000e+00,0.000000000000e+00,9.999999998982e-01,5.911174265122e-07,-9.314131689570e-08,-2.031120832119e-07,0.000000000000e+00,0.000000000000e+00
1.000000000000e-12,OK,,5.222834094099e-07,-1.593148765137e-07,-5.696204492775e-08,1.593148765137e-07,5.696204492775e-08,1.593148765137e-07,2.539239900000e-10,7.078428500000e-08,3.000000000000e-05,0,1,3.000000000000e-05,12,2.180569667136e+00,BORIS,L0/dt-1e-12/eps-3e-05/ranks-1,5.222834094099e-07,7.085435183648e-08,R34,1.962390000000e+00,-1.386352385601e+00,-1.278842757540e+00,0.000000000000e+00,0.000000000000e+00,0.000000000000e+00,-7.209431644839e-01,-1.386352390790e+00,0.000000000000e+00,0.000000000000e+00,0.000000000000e+00,0.000000000000e+00,0.000000000000e+00,3.851351839282e+00,1.040676263570e+01,0.000000000000e+00,0.000000000000e+00,0.000000000000e+00,0.000000000000e+00,1.329223262204e+00,3.851351836615e+00,0.000000000000e+00,0.000000000000e+00,7.049325047124e-08,2.188091427995e-07,0.000000000000e+00,0.000000000000e+00,9.999999999995e-01,-9.437715371015e-02,1.857129850019e-11,-4.022127846624e-11,0.000000000000e+00,0.000000000000e+00,0.000000000000e+00,9.999999999416e-01,5.303799994749e-07,-1.204244566235e-07,-3.165951857637e-08,0.000000000000e+00,0.000000000000e+00
1.000000000000e-12,OK,,4.732134097907e-07,-2.006354174593e-07,-5.858576200447e-08,2.006354174593e-07,5.858576200447e-08,2.006354174593e-07,1.724790000000e-09,8.776997600000e-09,1.000000000000e-04,0,1,1.000000000000e-04,12,2.175224957988e+00,BORIS,L0/dt-1e-12/eps-0.0001/ranks-1,4.732134097907e-07,6.898428864221e-08,R34,1.954010000000e+00,-1.386352398243e+00,-1.278842787453e+00,0.000000000000e+00,0.000000000000e+00,0.000000000000e+00,-7.209431660919e-01,-1.386352393706e+00,0.000000000000e+00,0.000000000000e+00,0.000000000000e+00,0.000000000000e+00,0.000000000000e+00,3.851351861651e+00,1.040676268477e+01,0.000000000000e+00,0.000000000000e+00,0.000000000000e+00,0.000000000000e+00,1.329223273019e+00,3.851351860526e+00,0.000000000000e+00,0.000000000000e+00,5.480114778769e-08,1.944516087935e-07,0.000000000000e+00,0.000000000000e+00,1.000000000000e+00,-9.437714548844e-02,1.452682932270e-11,8.536434453249e-12,0.000000000000e+00,0.000000000000e+00,0.000000000000e+00,1.000000000041e+00,5.359069998878e-07,-1.921476713834e-07,-7.734171166048e-08,0.000000000000e+00,0.000000000000e+00
1.000000000000e-12,OK,,7.259894845291e-07,-3.070234783529e-07,-8.609911701611e-08,3.070234783529e-07,8.609911701611e-08,3.070234783529e-07,1.602243100000e-08,2.079017600000e-08,3.000000000000e-04,0,1,3.000000000000e-04,12,2.191211707890e+00,BORIS,L0/dt-1e-12/eps-0.0003/ranks-1,7.259894845291e-07,7.580529990279e-08,R12,1.972060000000e+00,-1.386352468810e+00,-1.278843045369e+00,0.000000000000e+00,0.000000000000e+00,0.000000000000e+00,-7.209431828926e-01,-1.386352459421e+00,0.000000000000e+00,0.000000000000e+00,0.000000000000e+00,0.000000000000e+00,0.000000000000e+00,3.851352058309e+00,1.040676311612e+01,0.000000000000e+00,0.000000000000e+00,0.000000000000e+00,0.000000000000e+00,1.329223368087e+00,3.851352070729e+00,0.000000000000e+00,0.000000000000e+00,9.151528401424e-08,3.113652619497e-07,0.000000000000e+00,0.000000000000e+00,9.999999999995e-01,-9.437709383459e-02,-5.581230597287e-14,3.188313101957e-12,0.000000000000e+00,0.000000000000e+00,0.000000000000e+00,9.999999999914e-01,5.303599994733e-07,-1.744656499614e-07,-5.522390285302e-08,0.000000000000e+00,0.000000000000e+00
1.000000000000e-12,OK,,4.864806591343e-06,-1.594085260378e-06,-4.164607770445e-07,1.594085260378e-06,4.164607770445e-07,1.594085260378e-06,1.764935900000e-07,2.295651900000e-07,1.000000000000e-03,0,1,1.000000000000e-03,12,2.178437917028e+00,BORIS,L0/dt-1e-12/eps-0.001/ranks-1,4.864806591343e-06,6.222136504310e-07,R34,1.959080000000e+00,-1.386353304286e+00,-1.278846047429e+00,0.000000000000e+00,0.000000000000e+00,0.000000000000e+00,-7.209433617109e-01,-1.386353199460e+00,0.000000000000e+00,0.000000000000e+00,0.000000000000e+00,0.000000000000e+00,0.000000000000e+00,3.851354295293e+00,1.040676802279e+01,0.000000000000e+00,0.000000000000e+00,0.000000000000e+00,0.000000000000e+00,1.329224449494e+00,3.851354461807e+00,0.000000000000e+00,0.000000000000e+00,4.441424572332e-07,1.608206571635e-06,0.000000000000e+00,0.000000000000e+00,9.999999999993e-01,-9.437649011058e-02,-1.799226636164e-12,-9.501149561353e-13,0.000000000000e+00,0.000000000000e+00,0.000000000000e+00,9.999999999956e-01,5.304299985909e-07,-1.779695459220e-07,-5.471332916200e-08,0.000000000000e+00,0.000000000000e+00
1.000000000000e-12,OK,,4.800084658996e-05,-1.289567816831e-05,-3.311062323967e-06,1.289567816831e-05,3.311062323967e-06,1.289567816831e-05,1.588051500000e-06,2.065734800000e-06,3.000000000000e-03,0,1,3.000000000000e-03,12,2.147508000024e+00,BORIS,L0/dt-1e-12/eps-0.003/ranks-1,4.800084658996e-05,5.742539527381e-06,R34,1.929500000000e+00,-1.386360636901e+00,-1.278872425547e+00,0.000000000000e+00,0.000000000000e+00,0.000000000000e+00,-7.209449355861e-01,-1.386359711583e+00,0.000000000000e+00,0.000000000000e+00,0.000000000000e+00,0.000000000000e+00,0.000000000000e+00,3.851373961329e+00,1.040681115883e+01,0.000000000000e+00,0.000000000000e+00,0.000000000000e+00,0.000000000000e+00,1.329233956480e+00,3.851375482520e+00,0.000000000000e+00,0.000000000000e+00,3.560933800097e-06,1.302959748346e-05,0.000000000000e+00,0.000000000000e+00,9.999999999995e-01,-9.437121039492e-02,3.154709470441e-13,9.343583379546e-13,0.000000000000e+00,0.000000000000e+00,0.000000000000e+00,1.000000000000e+00,5.304400012562e-07,-1.751791953600e-07,-5.288277267400e-08,0.000000000000e+00,0.000000000000e+00
1.000000000000e-12,OK,,5.387389065916e-04,-1.414741119182e-04,-3.624109934325e-05,1.414741119182e-04,3.624109934325e-05,1.414741119182e-04,1.764246700000e-05,2.294910400000e-05,1.000000000000e-02,0,1,1.000000000000e-02,12,2.180659958860e+00,BORIS,L0/dt-1e-12/eps-0.01/ranks-1,5.387389065916e-04,6.402954658715e-05,R34,1.958580000000e+00,-1.386444058798e+00,-1.279172500485e+00,0.000000000000e+00,0.000000000000e+00,0.000000000000e+00,-7.209628426815e-01,-1.386433791488e+00,0.000000000000e+00,0.000000000000e+00,0.000000000000e+00,0.000000000000e+00,0.000000000000e+00,3.851597692451e+00,1.040730189689e+01,0.000000000000e+00,0.000000000000e+00,0.000000000000e+00,0.000000000000e+00,1.329342113263e+00,3.851614625489e+00,0.000000000000e+00,0.000000000000e+00,3.901696538597e-05,1.429471787057e-04,0.000000000000e+00,0.000000000000e+00,9.999999999995e-01,-9.431114946153e-02,-3.167769162317e-15,-3.204310339550e-14,0.000000000000e+00,0.000000000000e+00,0.000000000000e+00,9.999999999999e-01,5.305199994865e-07,-1.752754756000e-07,-5.316781418000e-08,0.000000000000e+00,0.000000000000e+00
1.000000000000e-12,OK,,4.858116836591e-03,-1.273850198984e-03,-3.262278870638e-04,1.273850198984e-03,3.262278870638e-04,1.273850198984e-03,1.586125600000e-04,2.062964800000e-04,3.000000000000e-02,0,1,3.000000000000e-02,12,2.522570958128e+00,BORIS,L0/dt-1e-12/eps-0.03/ranks-1,4.858116836591e-03,5.770318043484e-04,R34,2.246350000000e+00,-1.387178217977e+00,-1.281812659964e+00,0.000000000000e+00,0.000000000000e+00,0.000000000000e+00,-7.211205533978e-01,-1.387085763958e+00,0.000000000000e+00,0.000000000000e+00,0.000000000000e+00,0.000000000000e+00,0.000000000000e+00,3.853566933726e+00,1.041162127482e+01,0.000000000000e+00,0.000000000000e+00,0.000000000000e+00,0.000000000000e+00,1.330294115534e+00,3.853719544572e+00,0.000000000000e+00,0.000000000000e+00,3.510112199725e-04,1.285957972096e-03,0.000000000000e+00,0.000000000000e+00,9.999999999995e-01,-9.378216164565e-02,2.487479880549e-14,4.727888772440e-14,0.000000000000e+00,0.000000000000e+00,0.000000000000e+00,1.000000000000e+00,5.312700004367e-07,-1.753012030001e-07,-5.296074750001e-08,0.000000000000e+00,0.000000000000e+00
1.000000000000e-12,OK,,5.465719153659e-02,-1.441421257673e-02,-3.688126115202e-03,1.441421257673e-02,3.688126115202e-03,1.441421257673e-02,1.741137300000e-03,2.261020400000e-03,1.000000000000e-01,0,1,1.000000000000e-01,12,2.442720667226e+00,BORIS,L0/dt-1e-12/eps-0.1/ranks-1,5.465719153659e-02,6.487572568100e-03,R34,2.194070000000e+00,-1.395629206062e+00,-1.312118422042e+00,0.000000000000e+00,0.000000000000e+00,0.000000000000e+00,-7.229510769216e-01,-1.394594207012e+00,0.000000000000e+00,0.000000000000e+00,0.000000000000e+00,0.000000000000e+00,0.000000000000e+00,3.876271669960e+00,1.046142034952e+01,0.000000000000e+00,0.000000000000e+00,0.000000000000e+00,0.000000000000e+00,1.341273665674e+00,3.877991524181e+00,0.000000000000e+00,0.000000000000e+00,3.937689001742e-03,1.440007815444e-02,0.000000000000e+00,0.000000000000e+00,9.999999999995e-01,-8.763884335345e-02,3.026814527610e-15,-1.081995176628e-14,0.000000000000e+00,0.000000000000e+00,0.000000000000e+00,1.000000000000e+00,5.415799986253e-07,-1.793833599995e-07,-5.417128500027e-08,0.000000000000e+00,0.000000000000e+00
3.000000000000e-12,OK,,4.792633408357e-06,-1.620979968495e-06,-5.338244534997e-07,1.620979968495e-06,5.338244534997e-07,1.620979968495e-06,6.445701100000e-09,3.163721300000e-06,1.000000000000e-06,0,1,1.000000000000e-06,12,1.293901582947e+00,BORIS,L0/dt-3e-12/eps-1e-06/ranks-1,4.792633408357e-06,7.457420235103e-07,R34,1.071930000000e+00,-1.386353432746e+00,-1.278846200080e+00,0.000000000000e+00,0.000000000000e+00,0.000000000000e+00,-7.209435015745e-01,-1.386353448925e+00,0.000000000000e+00,0.000000000000e+00,0.000000000000e+00,0.000000000000e+00,0.000000000000e+00,3.851349720456e+00,1.040675836535e+01,0.000000000000e+00,0.000000000000e+00,0.000000000000e+00,0.000000000000e+00,1.329222231334e+00,3.851349696092e+00,0.000000000000e+00,0.000000000000e+00,-2.735143343446e-06,3.364406200809e-06,0.000000000000e+00,0.000000000000e+00,9.999999999809e-01,-9.437464561612e-02,-1.309645141265e-10,5.683366403940e-10,0.000000000000e+00,0.000000000000e+00,0.000000000000e+00,1.000000000930e+00,1.078302321617e-05,6.368208150852e-06,2.637891241967e-07,0.000000000000e+00,0.000000000000e+00
3.000000000000e-12,OK,,4.792593408354e-06,-1.598898548994e-06,-4.423415579645e-07,1.598898548994e-06,4.423415579645e-07,1.598898548994e-06,4.415717100000e-09,1.103920200000e-06,3.000000000000e-06,0,1,3.000000000000e-06,12,1.267742333002e+00,BORIS,L0/dt-3e-12/eps-3e-06/ranks-1,4.792593408354e-06,6.496431674189e-07,R34,1.048650000000e+00,-1.386353446321e+00,-1.278846136726e+00,0.000000000000e+00,0.000000000000e+00,0.000000000000e+00,-7.209434995332e-01,-1.386353393218e+00,0.000000000000e+00,0.000000000000e+00,0.000000000000e+00,0.000000000000e+00,0.000000000000e+00,3.851349720476e+00,1.040675836539e+01,0.000000000000e+00,0.000000000000e+00,0.000000000000e+00,0.000000000000e+00,1.329222231343e+00,3.851349696112e+00,0.000000000000e+00,0.000000000000e+00,-5.644089474506e-07,2.186907267409e-06,0.000000000000e+00,0.000000000000e+00,1.000000000002e+00,-9.437607853778e-02,-3.971960633492e-10,9.515825689911e-11,0.000000000000e+00,0.000000000000e+00,0.000000000000e+00,1.000000000173e+00,5.881912999994e-06,-1.733309572129e-06,-1.415815897529e-06,0.000000000000e+00,0.000000000000e+00
3.000000000000e-12,OK,,4.792103409201e-06,-1.616765430918e-06,-4.761120175036e-07,1.616765430918e-06,4.761120175036e-07,1.616765430918e-06,1.312585600000e-10,3.484576800000e-07,1.000000000000e-05,0,1,1.000000000000e-05,12,1.290950417053e+00,BORIS,L0/dt-3e-12/eps-1e-05/ranks-1,4.792103409201e-06,6.379920257698e-07,R34,1.070250000000e+00,-1.386353446476e+00,-1.278846162936e+00,0.000000000000e+00,0.000000000000e+00,0.000000000000e+00,-7.209434964585e-01,-1.386353407238e+00,0.000000000000e+00,0.000000000000e+00,0.000000000000e+00,0.000000000000e+00,0.000000000000e+00,3.851349720699e+00,1.040675836588e+01,0.000000000000e+00,0.000000000000e+00,0.000000000000e+00,0.000000000000e+00,1.329222231452e+00,3.851349696352e+00,0.000000000000e+00,0.000000000000e+00,1.570879292317e-07,1.742160898174e-06,0.000000000000e+00,0.000000000000e+00,9.999999999995e-01,-9.437631334221e-02,-9.138067344519e-11,-5.985962868873e-11,0.000000000000e+00,0.000000000000e+00,0.000000000000e+00,1.000000000028e+00,4.795900000687e-06,-1.508635648573e-06,-6.079821848354e-07,0.000000000000e+00,0.000000000000e+00
3.000000000000e-12,OK,,4.786763408759e-06,-1.593368472705e-06,-4.804419153327e-07,1.593368472705e-06,4.804419153327e-07,1.593368472705e-06,6.798582800000e-10,1.028756500000e-07,3.000000000000e-05,0,1,3.000000000000e-05,12,1.277760541998e+00,BORIS,L0/dt-3e-12/eps-3e-05/ranks-1,4.786763408759e-06,6.343161459601e-07,R34,1.059190000000e+00,-1.386353427654e+00,-1.278846145414e+00,0.000000000000e+00,0.000000000000e+00,0.000000000000e+00,-7.209435002885e-01,-1.386353419945e+00,0.000000000000e+00,0.000000000000e+00,0.000000000000e+00,0.000000000000e+00,0.000000000000e+00,3.851349723164e+00,1.040675837122e+01,0.000000000000e+00,0.000000000000e+00,0.000000000000e+00,0.000000000000e+00,1.329222232657e+00,3.851349698976e+00,0.000000000000e+00,0.000000000000e+00,3.797926258905e-07,1.659456571416e-06,0.000000000000e+00,0.000000000000e+00,9.999999999995e-01,-9.437645031545e-02,-2.042248112082e-11,-6.048032987178e-12,0.000000000000e+00,0.000000000000e+00,0.000000000000e+00,9.999999999978e-01,4.794859998825e-06,-1.554478052815e-06,-4.551393889813e-07,0.000000000000e+00,0.000000000000e+00
3.000000000000e-12,OK,,4.737783410036e-06,-1.604238463349e-06,-4.852085537500e-07,1.604238463349e-06,4.852085537500e-07,1.604238463349e-06,1.921538400000e-09,2.799860900000e-08,1.000000000000e-04,0,1,1.000000000000e-04,12,1.255176333012e+00,BORIS,L0/dt-3e-12/eps-0.0001/ranks-1,4.737783410036e-06,6.318690014040e-07,R34,1.034560000000e+00,-1.386353438872e+00,-1.278846177111e+00,0.000000000000e+00,0.000000000000e+00,0.000000000000e+00,-7.209435021424e-01,-1.386353425729e+00,0.000000000000e+00,0.000000000000e+00,0.000000000000e+00,0.000000000000e+00,0.000000000000e+00,3.851349745532e+00,1.040675842020e+01,0.000000000000e+00,0.000000000000e+00,0.000000000000e+00,0.000000000000e+00,1.329222243471e+00,3.851349722839e+00,0.000000000000e+00,0.000000000000e+00,4.558974535186e-07,1.627546197574e-06,0.000000000000e+00,0.000000000000e+00,1.000000000000e+00,-9.437646943764e-02,-1.391860451041e-11,-1.376163054342e-11,0.000000000000e+00,0.000000000000e+00,0.000000000000e+00,1.000000000003e+00,4.794990001500e-06,-1.595750717273e-06,-5.039645034060e-07,0.000000000000e+00,0.000000000000e+00
3.000000000000e-12,OK,,4.307443409957e-06,-1.718150563664e-06,-5.137244662704e-07,1.718150563664e-06,5.137244662704e-07,1.718150563664e-06,1.597523100000e-08,2.135964100000e-08,3.000000000000e-04,0,1,3.000000000000e-04,12,1.212992165936e+00,BORIS,L0/dt-3e-12/eps-0.0003/ranks-1,4.307443409957e-06,6.175692252522e-07,R34,9.951310000000e-01,-1.386353512042e+00,-1.278846440820e+00,0.000000000000e+00,0.000000000000e+00,0.000000000000e+00,-7.209435179175e-01,-1.386353490999e+00,0.000000000000e+00,0.000000000000e+00,0.000000000000e+00,0.000000000000e+00,0.000000000000e+00,3.851349941693e+00,1.040675885054e+01,0.000000000000e+00,0.000000000000e+00,0.000000000000e+00,0.000000000000e+00,1.329222338285e+00,3.851349932522e+00,0.000000000000e+00,0.000000000000e+00,5.051262799628e-07,1.726004376796e-06,0.000000000000e+00,0.000000000000e+00,1.000000000000e+00,-9.437643001310e-02,-1.350956958118e-12,1.152963264722e-12,0.000000000000e+00,0.000000000000e+00,0.000000000000e+00,9.999999999918e-01,4.795940000690e-06,-1.585592735272e-06,-4.828492521073e-07,0.000000000000e+00,0.000000000000e+00
3.000000000000e-12,OK,,7.121815484457e-06,-3.004058664807e-06,-8.427249115620e-07,3.004058664807e-06,8.427249115620e-07,3.004058664807e-06,1.764976300000e-07,2.295741000000e-07,1.000000000000e-03,0,1,1.000000000000e-03,12,1.278479625005e+00,BORIS,L0/dt-3e-12/eps-0.001/ranks-1,7.121815484457e-06,7.418032138249e-07,R12,1.056690000000e+00,-1.386354346398e+00,-1.278849441195e+00,0.000000000000e+00,0.000000000000e+00,0.000000000000e+00,-7.209436970440e-01,-1.386354231526e+00,0.000000000000e+00,0.000000000000e+00,0.000000000000e+00,0.000000000000e+00,0.000000000000e+00,3.851352179172e+00,1.040676375830e+01,0.000000000000e+00,0.000000000000e+00,0.000000000000e+00,0.000000000000e+00,1.329223419944e+00,3.851352324164e+00,0.000000000000e+00,0.000000000000e+00,8.644871770975e-07,3.019353111681e-06,0.000000000000e+00,0.000000000000e+00,1.000000000000e+00,-9.437583593029e-02,-1.046699409585e-12,-2.662380687774e-12,0.000000000000e+00,0.000000000000e+00,0.000000000000e+00,9.999999999993e-01,4.794919998830e-06,-1.587942950351e-06,-4.809774636795e-07,0.000000000000e+00,0.000000000000e+00
3.000000000000e-12,OK,,4.373526659052e-05,-1.430549048668e-05,-3.736974209714e-06,1.430549048668e-05,3.736974209714e-06,1.430549048668e-05,1.587918200000e-06,2.065685100000e-06,3.000000000000e-03,0,1,3.000000000000e-03,12,1.240783458110e+00,BORIS,L0/dt-3e-12/eps-0.003/ranks-1,4.373526659052e-05,5.592237883066e-06,R34,1.022810000000e+00,-1.386361679619e+00,-1.278875819477e+00,0.000000000000e+00,0.000000000000e+00,0.000000000000e+00,-7.209452709602e-01,-1.386360743208e+00,0.000000000000e+00,0.000000000000e+00,0.000000000000e+00,0.000000000000e+00,0.000000000000e+00,3.851371844676e+00,1.040680689325e+01,0.000000000000e+00,0.000000000000e+00,0.000000000000e+00,0.000000000000e+00,1.329232926660e+00,3.851373344324e+00,0.000000000000e+00,0.000000000000e+00,3.985768748888e-06,1.443980096967e-05,0.000000000000e+00,0.000000000000e+00,1.000000000000e+00,-9.437055683944e-02,-4.152484365487e-14,1.463165918963e-13,0.000000000000e+00,0.000000000000e+00,0.000000000000e+00,1.000000000000e+00,4.796020000697e-06,-1.584991513730e-06,-4.787946584210e-07,0.000000000000e+00,0.000000000000e+00
3.000000000000e-12,OK,,5.344725965912e-04,-1.428841514501e-04,-3.666715143974e-05,1.428841514501e-04,3.666715143974e-05,1.428841514501e-04,1.764235700000e-05,2.294911400000e-05,1.000000000000e-02,0,1,1.000000000000e-02,12,1.231467082864e+00,BORIS,L0/dt-3e-12/eps-0.01/ranks-1,5.344725965912e-04,6.385008669643e-05,R34,1.010870000000e+00,-1.386445101504e+00,-1.279175894674e+00,0.000000000000e+00,0.000000000000e+00,0.000000000000e+00,-7.209631780405e-01,-1.386434823202e+00,0.000000000000e+00,0.000000000000e+00,0.000000000000e+00,0.000000000000e+00,0.000000000000e+00,3.851595575423e+00,1.040729763058e+01,0.000000000000e+00,0.000000000000e+00,0.000000000000e+00,0.000000000000e+00,1.329341083261e+00,3.851612486938e+00,0.000000000000e+00,0.000000000000e+00,3.944276875641e-05,1.443571628446e-04,0.000000000000e+00,0.000000000000e+00,1.000000000000e+00,-9.431049711969e-02,-3.052809418781e-14,-9.249474017864e-14,0.000000000000e+00,0.000000000000e+00,0.000000000000e+00,9.999999999999e-01,4.796829999876e-06,-1.585315007500e-06,-4.792199106700e-07,0.000000000000e+00,0.000000000000e+00
3.000000000000e-12,OK,,4.853844046592e-03,-1.275262981596e-03,-3.266547200081e-04,1.275262981596e-03,3.266547200081e-04,1.275262981596e-03,1.586119100000e-04,2.062962800000e-04,3.000000000000e-02,0,1,3.000000000000e-02,12,1.428282541921e+00,BORIS,L0/dt-3e-12/eps-0.03/ranks-1,4.853844046592e-03,5.768494778282e-04,R34,1.166020000000e+00,-1.387179262072e+00,-1.281816057743e+00,0.000000000000e+00,0.000000000000e+00,0.000000000000e+00,-7.211208891505e-01,-1.387086796652e+00,0.000000000000e+00,0.000000000000e+00,0.000000000000e+00,0.000000000000e+00,0.000000000000e+00,3.853564813379e+00,1.041161700203e+01,0.000000000000e+00,0.000000000000e+00,0.000000000000e+00,0.000000000000e+00,1.330293083914e+00,3.853717402859e+00,0.000000000000e+00,0.000000000000e+00,3.514374513229e-04,1.287369300930e-03,0.000000000000e+00,0.000000000000e+00,1.000000000000e+00,-9.378150827084e-02,1.720893709650e-14,5.158652681218e-14,0.000000000000e+00,0.000000000000e+00,0.000000000000e+00,1.000000000000e+00,4.804059999586e-06,-1.588083815000e-06,-4.797936918000e-07,0.000000000000e+00,0.000000000000e+00
3.000000000000e-12,OK,,5.465282916659e-02,-1.441565919962e-02,-3.688562817919e-03,1.441565919962e-02,3.688562817919e-03,1.441565919962e-02,1.741132000000e-03,2.261018400000e-03,1.000000000000e-01,0,1,1.000000000000e-01,12,1.434666584013e+00,BORIS,L0/dt-3e-12/eps-0.1/ranks-1,5.465282916659e-02,6.487384442663e-03,R34,1.192290000000e+00,-1.395630266290e+00,-1.312121865135e+00,0.000000000000e+00,0.000000000000e+00,0.000000000000e+00,-7.229514174001e-01,-1.394595252640e+00,0.000000000000e+00,0.000000000000e+00,0.000000000000e+00,0.000000000000e+00,0.000000000000e+00,3.876269504894e+00,1.046141598715e+01,0.000000000000e+00,0.000000000000e+00,0.000000000000e+00,0.000000000000e+00,1.341272612115e+00,3.877989338224e+00,0.000000000000e+00,0.000000000000e+00,3.938122109003e-03,1.440150833347e-02,0.000000000000e+00,0.000000000000e+00,1.000000000000e+00,-8.763817462901e-02,-2.327579706535e-15,-6.515640916974e-15,0.000000000000e+00,0.000000000000e+00,0.000000000000e+00,1.000000000000e+00,4.903949999857e-06,-1.626006250000e-06,-4.908740020002e-07,0.000000000000e+00,0.000000000000e+00
1.000000000000e-11,OK,,5.334340341001e-05,-1.753355522152e-05,-5.324623422467e-06,1.753355522152e-05,5.324623422467e-06,1.753355522152e-05,5.374036700000e-09,3.083197700000e-08,1.000000000000e-06,0,1,1.000000000000e-06,12,1.063188415952e+00,BORIS,L0/dt-1e-11/eps-1e-06/ranks-1,5.334340341001e-05,7.030909677380e-06,R34,8.454450000000e-01,-1.386365268282e+00,-1.278884638251e+00,0.000000000000e+00,0.000000000000e+00,0.000000000000e+00,-7.209472809347e-01,-1.386365080418e+00,0.000000000000e+00,0.000000000000e+00,0.000000000000e+00,0.000000000000e+00,0.000000000000e+00,3.851325615070e+00,1.040670981458e+01,0.000000000000e+00,0.000000000000e+00,0.000000000000e+00,0.000000000000e+00,1.329210510676e+00,3.851325374580e+00,0.000000000000e+00,0.000000000000e+00,5.228037658612e-06,1.748639544229e-05,0.000000000000e+00,0.000000000000e+00,9.999999999809e-01,-9.436913450768e-02,2.791586551042e-10,3.716482702851e-10,0.000000000000e+00,0.000000000000e+00,0.000000000000e+00,1.000000000570e+00,5.334666000145e-05,-9.544367102173e-06,-4.527009844771e-06,0.000000000000e+00,0.000000000000e+00
1.000000000000e-11,OK,,5.308746340837e-05,-1.744037953829e-05,-5.279623870489e-06,1.744037953829e-05,5.279623870489e-06,1.744037953829e-05,2.510076200000e-08,2.912225300000e-08,3.000000000000e-06,0,1,3.000000000000e-06,12,1.064142832998e+00,BORIS,L0/dt-1e-11/eps-3e-06/ranks-1,5.308746340837e-05,6.994609659796e-06,R34,8.478150000000e-01,-1.386365172647e+00,-1.278884347231e+00,0.000000000000e+00,0.000000000000e+00,0.000000000000e+00,-7.209472760219e-01,-1.386365020736e+00,0.000000000000e+00,0.000000000000e+00,0.000000000000e+00,0.000000000000e+00,0.000000000000e+00,3.851325740088e+00,1.040671007052e+01,0.000000000000e+00,0.000000000000e+00,0.000000000000e+00,0.000000000000e+00,1.329210574582e+00,3.851325505411e+00,0.000000000000e+00,0.000000000000e+00,5.269007755943e-06,1.745585556198e-05,0.000000000000e+00,0.000000000000e+00,1.000000000002e+00,-9.436912142794e-02,-6.281827918210e-11,-3.125494688098e-10,0.000000000000e+00,0.000000000000e+00,0.000000000000e+00,9.999999999531e-01,5.309077999982e-05,-1.757479056142e-05,-6.253098210054e-06,0.000000000000e+00,0.000000000000e+00
1.000000000000e-11,OK,,5.334287340908e-05,-1.745642898273e-05,-5.268590049410e-06,1.745642898273e-05,5.268590049410e-06,1.745642898273e-05,7.974403600000e-09,1.154425200000e-05,1.000000000000e-05,0,1,1.000000000000e-05,12,1.074457417009e+00,BORIS,L0/dt-1e-11/eps-1e-05/ranks-1,5.334287340908e-05,7.222234426620e-06,R34,8.550050000000e-01,-1.386365165968e+00,-1.278884338536e+00,0.000000000000e+00,0.000000000000e+00,0.000000000000e+00,-7.209472774370e-01,-1.386365022178e+00,0.000000000000e+00,0.000000000000e+00,0.000000000000e+00,0.000000000000e+00,0.000000000000e+00,3.851325615313e+00,1.040670981511e+01,0.000000000000e+00,0.000000000000e+00,0.000000000000e+00,0.000000000000e+00,1.329210510793e+00,3.851325374840e+00,0.000000000000e+00,0.000000000000e+00,-6.263267503965e-06,2.416554049323e-05,0.000000000000e+00,0.000000000000e+00,9.999999999995e-01,-9.436270047150e-02,-9.363021301559e-11,-1.362069763120e-10,0.000000000000e+00,0.000000000000e+00,0.000000000000e+00,9.999999999820e-01,5.334667000056e-05,-1.734829920038e-05,-5.400460216742e-06,0.000000000000e+00,0.000000000000e+00
1.000000000000e-11,OK,,5.333855340872e-05,-1.745263799618e-05,-5.269408218109e-06,1.745263799618e-05,5.269408218109e-06,1.745263799618e-05,2.853977100000e-10,3.846717700000e-06,3.000000000000e-05,0,1,3.000000000000e-05,12,1.103340000147e+00,BORIS,L0/dt-1e-11/eps-3e-05/ranks-1,5.333855340872e-05,7.060827894915e-06,R34,8.828130000000e-01,-1.386365171812e+00,-1.278884336141e+00,0.000000000000e+00,0.000000000000e+00,0.000000000000e+00,-7.209472772624e-01,-1.386365020847e+00,0.000000000000e+00,0.000000000000e+00,0.000000000000e+00,0.000000000000e+00,0.000000000000e+00,3.851325617280e+00,1.040670981943e+01,0.000000000000e+00,0.000000000000e+00,0.000000000000e+00,0.000000000000e+00,1.329210511744e+00,3.851325376942e+00,0.000000000000e+00,0.000000000000e+00,1.430391740621e-06,1.969391852859e-05,0.000000000000e+00,0.000000000000e+00,9.999999999995e-01,-9.436699490155e-02,-1.706000786014e-11,-1.786333021421e-11,0.000000000000e+00,0.000000000000e+00,0.000000000000e+00,9.999999999919e-01,5.334664999879e-05,-1.741374757629e-05,-5.244105691758e-06,0.000000000000e+00,0.000000000000e+00
1.000000000000e-11,OK,,5.328949340999e-05,-1.746474639019e-05,-5.273241336043e-06,1.746474639019e-05,5.273241336043e-06,1.746474639019e-05,1.566358000000e-09,1.154987200000e-06,1.000000000000e-04,0,1,1.000000000000e-04,12,1.080829791958e+00,BORIS,L0/dt-1e-11/eps-0.0001/ranks-1,5.328949340999e-05,7.023956294219e-06,R34,8.629370000000e-01,-1.386365181353e+00,-1.278884367045e+00,0.000000000000e+00,0.000000000000e+00,0.000000000000e+00,-7.209472786051e-01,-1.386365026928e+00,0.000000000000e+00,0.000000000000e+00,0.000000000000e+00,0.000000000000e+00,0.000000000000e+00,3.851325639649e+00,1.040670986849e+01,0.000000000000e+00,0.000000000000e+00,0.000000000000e+00,0.000000000000e+00,1.329210522558e+00,3.851325400852e+00,0.000000000000e+00,0.000000000000e+00,4.125536282774e-06,1.813906429245e-05,0.000000000000e+00,0.000000000000e+00,1.000000000000e+00,-9.436848985366e-02,-3.255115546784e-12,-1.203394955866e-11,0.000000000000e+00,0.000000000000e+00,0.000000000000e+00,9.999999999955e-01,5.334670000146e-05,-1.745625864411e-05,-5.291997285699e-06,0.000000000000e+00,0.000000000000e+00
1.000000000000e-11,OK,,5.283916340915e-05,-1.757790445977e-05,-5.302220196133e-06,1.757790445977e-05,5.302220196133e-06,1.757790445977e-05,3.940775500000e-09,3.959470900000e-07,3.000000000000e-04,0,1,3.000000000000e-04,12,1.081924000056e+00,BORIS,L0/dt-1e-11/eps-0.0003/ranks-1,5.283916340915e-05,6.998160656346e-06,R34,8.624130000000e-01,-1.386365253909e+00,-1.278884629909e+00,0.000000000000e+00,0.000000000000e+00,0.000000000000e+00,-7.209472942497e-01,-1.386365092052e+00,0.000000000000e+00,0.000000000000e+00,0.000000000000e+00,0.000000000000e+00,0.000000000000e+00,3.851325836302e+00,1.040671031882e+01,0.000000000000e+00,0.000000000000e+00,0.000000000000e+00,0.000000000000e+00,1.329210617624e+00,3.851325622771e+00,0.000000000000e+00,0.000000000000e+00,4.925981700515e-06,1.780618075331e-05,0.000000000000e+00,0.000000000000e+00,1.000000000000e+00,-9.436886658169e-02,2.376115935812e-13,2.454037507222e-12,0.000000000000e+00,0.000000000000e+00,0.000000000000e+00,1.000000000002e+00,5.332765999988e-05,-1.744534663138e-05,-5.271344981970e-06,0.000000000000e+00,0.000000000000e+00
1.000000000000e-11,OK,,4.795159340887e-05,-1.886340311405e-05,-5.631438646469e-06,1.886340311405e-05,5.631438646469e-06,1.886340311405e-05,1.765608400000e-07,2.434575100000e-07,1.000000000000e-03,0,1,1.000000000000e-03,12,1.048751458991e+00,BORIS,L0/dt-1e-11/eps-0.001/ranks-1,4.795159340887e-05,6.832331998396e-06,R34,8.314010000000e-01,-1.386366087990e+00,-1.278887630471e+00,0.000000000000e+00,0.000000000000e+00,0.000000000000e+00,-7.209474732395e-01,-1.386365832772e+00,0.000000000000e+00,0.000000000000e+00,0.000000000000e+00,0.000000000000e+00,0.000000000000e+00,3.851328073233e+00,1.040671520639e+01,0.000000000000e+00,0.000000000000e+00,0.000000000000e+00,0.000000000000e+00,1.329211699004e+00,3.851328002075e+00,0.000000000000e+00,0.000000000000e+00,5.548829756239e-06,1.894813661280e-05,0.000000000000e+00,0.000000000000e+00,9.999999999999e-01,-9.436841712829e-02,-2.177164335402e-13,-8.481009643084e-14,0.000000000000e+00,0.000000000000e+00,0.000000000000e+00,1.000000000001e+00,5.334682999880e-05,-1.744728739959e-05,-5.269691198587e-06,0.000000000000e+00,0.000000000000e+00
1.000000000000e-11,OK,,7.168941248437e-05,-3.016513076410e-05,-8.525944914196e-06,3.016513076410e-05,8.525944914196e-06,3.016513076410e-05,1.588153600000e-06,2.065861600000e-06,3.000000000000e-03,0,1,3.000000000000e-03,12,1.048799416982e+00,BORIS,L0/dt-1e-11/eps-0.003/ranks-1,7.168941248437e-05,7.475650551715e-06,R12,8.300680000000e-01,-1.386373421016e+00,-1.278914008792e+00,0.000000000000e+00,0.000000000000e+00,0.000000000000e+00,-7.209490471493e-01,-1.386372344584e+00,0.000000000000e+00,0.000000000000e+00,0.000000000000e+00,0.000000000000e+00,0.000000000000e+00,3.851347738795e+00,1.040675834147e+01,0.000000000000e+00,0.000000000000e+00,0.000000000000e+00,0.000000000000e+00,1.329221205759e+00,3.851349022315e+00,0.000000000000e+00,0.000000000000e+00,8.712173447624e-06,3.030758295582e-05,0.000000000000e+00,0.000000000000e+00,1.000000000000e+00,-9.436319666618e-02,1.064674242285e-14,-1.284259411221e-13,0.000000000000e+00,0.000000000000e+00,0.000000000000e+00,9.999999999996e-01,5.334779999977e-05,-1.744463179115e-05,-5.267765362903e-06,0.000000000000e+00,0.000000000000e+00
1.000000000000e-11,OK,,4.861685865905e-04,-1.587476157733e-04,-4.145713726766e-05,1.587476157733e-04,4.145713726766e-05,1.587476157733e-04,1.766221000000e-05,2.294907400000e-05,1.000000000000e-02,0,1,1.000000000000e-02,12,1.064166875090e+00,BORIS,L0/dt-1e-11/eps-0.01/ranks-1,4.861685865905e-04,6.212410634995e-05,R34,8.447440000000e-01,-1.386456844757e+00,-1.279214089177e+00,0.000000000000e+00,0.000000000000e+00,0.000000000000e+00,-7.209669547348e-01,-1.386446426027e+00,0.000000000000e+00,0.000000000000e+00,0.000000000000e+00,0.000000000000e+00,0.000000000000e+00,3.851571590528e+00,1.040724932657e+01,0.000000000000e+00,0.000000000000e+00,0.000000000000e+00,0.000000000000e+00,1.329329424311e+00,3.851588291756e+00,0.000000000000e+00,0.000000000000e+00,4.422578241785e-05,1.602272866980e-04,0.000000000000e+00,0.000000000000e+00,1.000000000000e+00,-9.430313396365e-02,-5.014637517929e-14,-6.614097856714e-14,0.000000000000e+00,0.000000000000e+00,0.000000000000e+00,1.000000000000e+00,5.310084000065e-05,-1.744877933070e-05,-5.269205738590e-06,0.000000000000e+00,0.000000000000e+00
1.000000000000e-11,OK,,4.805191886591e-03,-1.291159407111e-03,-3.314543594189e-04,1.291159407111e-03,3.314543594189e-04,1.291159407111e-03,1.586080100000e-04,2.062943400000e-04,3.000000000000e-02,0,1,3.000000000000e-02,12,1.249650459038e+00,BORIS,L0/dt-1e-11/eps-0.03/ranks-1,4.805191886591e-03,5.747831682563e-04,R34,9.600590000000e-01,-1.387191021505e+00,-1.281854297187e+00,0.000000000000e+00,0.000000000000e+00,0.000000000000e+00,-7.211246706037e-01,-1.387098412299e+00,0.000000000000e+00,0.000000000000e+00,0.000000000000e+00,0.000000000000e+00,0.000000000000e+00,3.853540658095e+00,1.041156834987e+01,0.000000000000e+00,0.000000000000e+00,0.000000000000e+00,0.000000000000e+00,1.330281338813e+00,3.853693031258e+00,0.000000000000e+00,0.000000000000e+00,3.562368265506e-04,1.303253053486e-03,0.000000000000e+00,0.000000000000e+00,1.000000000000e+00,-9.377414498149e-02,1.364307704295e-15,6.793058122777e-15,0.000000000000e+00,0.000000000000e+00,0.000000000000e+00,1.000000000000e+00,5.345621999986e-05,-1.748450933000e-05,-5.279433102600e-06,0.000000000000e+00,0.000000000000e+00
1.000000000000e-11,OK,,5.460360992659e-02,-1.443203035091e-02,-3.693505225933e-03,1.443203035091e-02,3.693505225933e-03,1.443203035091e-02,1.741130200000e-03,2.261002900000e-03,1.000000000000e-01,0,1,1.000000000000e-01,12,1.207557207905e+00,BORIS,L0/dt-1e-11/eps-0.1/ranks-1,5.460360992659e-02,6.485271598266e-03,R34,9.234370000000e-01,-1.395642258227e+00,-1.312160827219e+00,0.000000000000e+00,0.000000000000e+00,0.000000000000e+00,-7.229552716411e-01,-1.394607087074e+00,0.000000000000e+00,0.000000000000e+00,0.000000000000e+00,0.000000000000e+00,0.000000000000e+00,3.876245067868e+00,1.046136676791e+01,0.000000000000e+00,0.000000000000e+00,0.000000000000e+00,0.000000000000e+00,1.341260732916e+00,3.877964691612e+00,0.000000000000e+00,0.000000000000e+00,3.943016241013e-03,1.441768602173e-02,0.000000000000e+00,0.000000000000e+00,1.000000000000e+00,-8.763060656681e-02,6.569861273175e-16,-1.540313233989e-16,0.000000000000e+00,0.000000000000e+00,0.000000000000e+00,1.000000000000e+00,5.412318999909e-05,-1.799715754000e-05,-5.433282016000e-06,0.000000000000e+00,0.000000000000e+00
3.000000000000e-11,OK,,4.572924234090e-04,-1.519181259146e-04,-4.607290525608e-05,1.519181259146e-04,4.607290525608e-05,1.519181259146e-04,2.407226500000e-08,2.345110000000e-08,1.000000000000e-06,0,1,1.000000000000e-06,12,1.006082166918e+00,BORIS,L0/dt-3e-11/eps-1e-06/ranks-1,4.572924234090e-04,6.049807881023e-05,R34,7.860550000000e-01,-1.386464157787e+00,-1.279207844620e+00,0.000000000000e+00,0.000000000000e+00,0.000000000000e+00,-7.209792444961e-01,-1.386463740242e+00,0.000000000000e+00,0.000000000000e+00,0.000000000000e+00,0.000000000000e+00,0.000000000000e+00,3.851125408031e+00,1.040630586556e+01,0.000000000000e+00,0.000000000000e+00,0.000000000000e+00,0.000000000000e+00,1.329112813518e+00,3.851122177527e+00,0.000000000000e+00,0.000000000000e+00,4.566634981020e-05,1.517025296201e-04,0.000000000000e+00,0.000000000000e+00,1.000000000043e+00,-9.430669910058e-02,2.610744127038e-10,7.207993885065e-10,0.000000000000e+00,0.000000000000e+00,0.000000000000e+00,9.999999993359e-01,4.572956800004e-04,-1.439289377953e-04,-4.527529167838e-05,0.000000000000e+00,0.000000000000e+00
3.000000000000e-11,OK,,4.572733834092e-04,-1.519470415785e-04,-4.608184780079e-05,1.519470415785e-04,4.608184780079e-05,1.519470415785e-04,9.668699200000e-09,1.989780100000e-08,3.000000000000e-06,0,1,3.000000000000e-06,12,1.005901250057e+00,BORIS,L0/dt-3e-11/eps-3e-06/ranks-1,4.572733834092e-04,6.050399933735e-05,R34,7.871000000000e-01,-1.386464195003e+00,-1.279207968442e+00,0.000000000000e+00,0.000000000000e+00,0.000000000000e+00,-7.209792500409e-01,-1.386463782006e+00,0.000000000000e+00,0.000000000000e+00,0.000000000000e+00,0.000000000000e+00,0.000000000000e+00,3.851125408051e+00,1.040630588460e+01,0.000000000000e+00,0.000000000000e+00,0.000000000000e+00,0.000000000000e+00,1.329112813527e+00,3.851122189268e+00,0.000000000000e+00,0.000000000000e+00,4.565576650089e-05,1.517319855383e-04,0.000000000000e+00,0.000000000000e+00,1.000000000002e+00,-9.430668136535e-02,2.258030863828e-10,3.173152450700e-10,0.000000000000e+00,0.000000000000e+00,0.000000000000e+00,1.000000000085e+00,4.572767000006e-04,-1.520814526016e-04,-4.705532214035e-05,0.000000000000e+00,0.000000000000e+00
3.000000000000e-11,OK,,4.572728934100e-04,-1.548853357325e-04,-4.688995484104e-05,1.548853357325e-04,4.688995484104e-05,1.548853357325e-04,2.514714200000e-08,3.116023800000e-04,1.000000000000e-05,0,1,1.000000000000e-05,12,1.044223415898e+00,BORIS,L0/dt-3e-11/eps-1e-05/ranks-1,4.572728934100e-04,7.178567189307e-05,R34,8.310860000000e-01,-1.386466545186e+00,-1.279215080619e+00,0.000000000000e+00,0.000000000000e+00,0.000000000000e+00,-7.209799001075e-01,-1.386465741303e+00,0.000000000000e+00,0.000000000000e+00,0.000000000000e+00,0.000000000000e+00,0.000000000000e+00,3.851125408274e+00,1.040630588509e+01,0.000000000000e+00,0.000000000000e+00,0.000000000000e+00,0.000000000000e+00,1.329112813635e+00,3.851122189507e+00,0.000000000000e+00,0.000000000000e+00,-2.649445204863e-04,3.357474300731e-04,0.000000000000e+00,0.000000000000e+00,1.000000000006e+00,-9.413144612172e-02,5.130451272019e-11,-1.552326720277e-11,0.000000000000e+00,0.000000000000e+00,0.000000000000e+00,9.999999999174e-01,4.572766900015e-04,-1.547772059502e-04,-4.702182500837e-05,0.000000000000e+00,0.000000000000e+00
3.000000000000e-11,OK,,4.572875734095e-04,-1.548797542503e-04,-4.688868014162e-05,1.548797542503e-04,4.688868014162e-05,1.548797542503e-04,1.297237300000e-08,1.038611800000e-04,3.000000000000e-05,0,1,3.000000000000e-05,12,1.020010334207e+00,BORIS,L0/dt-3e-11/eps-3e-05/ranks-1,4.572875734095e-04,6.289325668676e-05,R34,8.047100000000e-01,-1.386466551213e+00,-1.279215077719e+00,0.000000000000e+00,0.000000000000e+00,0.000000000000e+00,-7.209799009157e-01,-1.386465739997e+00,0.000000000000e+00,0.000000000000e+00,0.000000000000e+00,0.000000000000e+00,0.000000000000e+00,3.851125410240e+00,1.040630587041e+01,0.000000000000e+00,0.000000000000e+00,0.000000000000e+00,0.000000000000e+00,1.329112814586e+00,3.851122179889e+00,0.000000000000e+00,0.000000000000e+00,-5.720557860944e-05,2.150874499852e-04,0.000000000000e+00,0.000000000000e+00,1.000000000002e+00,-9.424744034964e-02,-5.591913015396e-12,-2.867377401421e-13,0.000000000000e+00,0.000000000000e+00,0.000000000000e+00,9.999999999980e-01,4.572956699995e-04,-1.548408638304e-04,-4.686337761527e-05,0.000000000000e+00,0.000000000000e+00
3.000000000000e-11,OK,,4.572385134090e-04,-1.548930436698e-04,-4.689164947702e-05,1.548930436698e-04,4.689164947702e-05,1.548930436698e-04,1.139953300000e-08,3.115529400000e-05,1.000000000000e-04,0,1,1.000000000000e-04,12,1.031833916903e+00,BORIS,L0/dt-3e-11/eps-0.0001/ranks-1,4.572385134090e-04,6.134943343432e-05,R34,8.122600000000e-01,-1.386466559948e+00,-1.279215107332e+00,0.000000000000e+00,0.000000000000e+00,0.000000000000e+00,-7.209799025421e-01,-1.386465746676e+00,0.000000000000e+00,0.000000000000e+00,0.000000000000e+00,0.000000000000e+00,0.000000000000e+00,3.851125432606e+00,1.040630591947e+01,0.000000000000e+00,0.000000000000e+00,0.000000000000e+00,0.000000000000e+00,1.329112825398e+00,3.851122203796e+00,0.000000000000e+00,0.000000000000e+00,1.550577356695e-05,1.728704067234e-04,0.000000000000e+00,0.000000000000e+00,9.999999999995e-01,-9.428803170197e-02,4.204994766148e-12,1.401418634698e-12,0.000000000000e+00,0.000000000000e+00,0.000000000000e+00,1.000000000004e+00,4.572957200004e-04,-1.548845559237e-04,-4.691040542668e-05,0.000000000000e+00,0.000000000000e+00
3.000000000000e-11,OK,,4.565323334091e-04,-1.550053264241e-04,-4.692053061136e-05,1.550053264241e-04,4.692053061136e-05,1.550053264241e-04,2.485602100000e-09,1.039147000000e-05,3.000000000000e-04,0,1,3.000000000000e-04,12,1.016877625138e+00,BORIS,L0/dt-3e-11/eps-0.0003/ranks-1,4.565323334091e-04,6.104204308290e-05,R34,7.988540000000e-01,-1.386466633351e+00,-1.279215371982e+00,0.000000000000e+00,0.000000000000e+00,0.000000000000e+00,-7.209799183732e-01,-1.386465812422e+00,0.000000000000e+00,0.000000000000e+00,0.000000000000e+00,0.000000000000e+00,0.000000000000e+00,3.851125754230e+00,1.040630662565e+01,0.000000000000e+00,0.000000000000e+00,0.000000000000e+00,0.000000000000e+00,1.329112984348e+00,3.851122556499e+00,0.000000000000e+00,0.000000000000e+00,3.631050753149e-05,1.609187416764e-04,0.000000000000e+00,0.000000000000e+00,9.999999999999e-01,-9.429957821916e-02,-1.804126667765e-12,-3.101633597748e-12,0.000000000000e+00,0.000000000000e+00,0.000000000000e+00,1.000000000001e+00,4.570208299999e-04,-1.548727685957e-04,-4.688965539720e-05,0.000000000000e+00,0.000000000000e+00
3.000000000000e-11,OK,,4.519013034088e-04,-1.562913062635e-04,-4.725007976438e-05,1.562913062635e-04,4.725007976438e-05,1.562913062635e-04,1.629758700000e-07,3.237680400000e-06,1.000000000000e-03,0,1,1.000000000000e-03,12,1.010169666959e+00,BORIS,L0/dt-3e-11/eps-0.001/ranks-1,4.519013034088e-04,6.080855303895e-05,R34,7.859090000000e-01,-1.386467467418e+00,-1.279218372291e+00,0.000000000000e+00,0.000000000000e+00,0.000000000000e+00,-7.209800976160e-01,-1.386466553317e+00,0.000000000000e+00,0.000000000000e+00,0.000000000000e+00,0.000000000000e+00,0.000000000000e+00,3.851127865836e+00,1.040631125668e+01,0.000000000000e+00,0.000000000000e+00,0.000000000000e+00,0.000000000000e+00,1.329114001673e+00,3.851124804685e+00,0.000000000000e+00,0.000000000000e+00,4.393454240835e-05,1.579928092123e-04,0.000000000000e+00,0.000000000000e+00,1.000000000000e+00,-9.430303826140e-02,2.460975918622e-13,2.429261414324e-13,0.000000000000e+00,0.000000000000e+00,0.000000000000e+00,9.999999999995e-01,4.572965399987e-04,-1.548751905490e-04,-4.688833231650e-05,0.000000000000e+00,0.000000000000e+00
3.000000000000e-11,OK,,4.087717734098e-04,-1.675961352171e-04,-5.014534891103e-05,1.675961352171e-04,5.014534891103e-05,1.675961352171e-04,1.573691700000e-06,2.188125600000e-06,3.000000000000e-03,0,1,3.000000000000e-03,12,1.015030416194e+00,BORIS,L0/dt-3e-11/eps-0.003/ranks-1,4.087717734098e-04,5.943863675751e-05,R34,7.893090000000e-01,-1.386474802766e+00,-1.279244755782e+00,0.000000000000e+00,0.000000000000e+00,0.000000000000e+00,-7.209816719428e-01,-1.386473066303e+00,0.000000000000e+00,0.000000000000e+00,0.000000000000e+00,0.000000000000e+00,0.000000000000e+00,3.851147528541e+00,1.040635438621e+01,0.000000000000e+00,0.000000000000e+00,0.000000000000e+00,0.000000000000e+00,1.329123507041e+00,3.851145822231e+00,0.000000000000e+00,0.000000000000e+00,4.912035344697e-05,1.681995360102e-04,0.000000000000e+00,0.000000000000e+00,1.000000000000e+00,-9.429892356565e-02,-6.777054755220e-14,-2.768766142832e-13,0.000000000000e+00,0.000000000000e+00,0.000000000000e+00,1.000000000000e+00,4.573030600010e-04,-1.548756362441e-04,-4.688716935974e-05,0.000000000000e+00,0.000000000000e+00
3.000000000000e-11,OK,,7.025536714844e-04,-2.962080072910e-04,-8.308461968145e-05,2.962080072910e-04,8.308461968145e-05,2.962080072910e-04,1.762224000000e-05,2.293255200000e-05,1.000000000000e-02,0,1,1.000000000000e-02,12,1.023785874946e+00,BORIS,L0/dt-3e-11/eps-0.01/ranks-1,7.025536714844e-04,7.334862799857e-05,R12,8.012770000000e-01,-1.386558241747e+00,-1.279544873051e+00,0.000000000000e+00,0.000000000000e+00,0.000000000000e+00,-7.209995835124e-01,-1.386547156924e+00,0.000000000000e+00,0.000000000000e+00,0.000000000000e+00,0.000000000000e+00,0.000000000000e+00,3.851371221758e+00,1.040684505018e+01,0.000000000000e+00,0.000000000000e+00,0.000000000000e+00,0.000000000000e+00,1.329231645415e+00,3.851384929156e+00,0.000000000000e+00,0.000000000000e+00,8.509774616981e-05,2.975844452695e-04,0.000000000000e+00,0.000000000000e+00,1.000000000000e+00,-9.423936712017e-02,-3.328158911452e-14,-8.109298883873e-14,0.000000000000e+00,0.000000000000e+00,0.000000000000e+00,1.000000000000e+00,4.573772300009e-04,-1.549091708484e-04,-4.689668815238e-05,0.000000000000e+00,0.000000000000e+00
3.000000000000e-11,OK,,4.400892086590e-03,-1.428875135318e-03,-3.731554533910e-04,1.428875135318e-03,3.731554533910e-04,1.428875135318e-03,1.585631000000e-04,2.062587400000e-04,3.000000000000e-02,0,1,3.000000000000e-02,12,1.140254042111e+00,BORIS,L0/dt-3e-11/eps-0.03/ranks-1,4.400892086590e-03,5.609843198742e-04,R34,8.941090000000e-01,-1.387292539659e+00,-1.282185397647e+00,0.000000000000e+00,0.000000000000e+00,0.000000000000e+00,-7.211573342219e-01,-1.387199231300e+00,0.000000000000e+00,0.000000000000e+00,0.000000000000e+00,0.000000000000e+00,0.000000000000e+00,3.853340263292e+00,1.041116405007e+01,0.000000000000e+00,0.000000000000e+00,0.000000000000e+00,0.000000000000e+00,1.330183554041e+00,3.853489670963e+00,0.000000000000e+00,0.000000000000e+00,3.975446618609e-04,1.440690359756e-03,0.000000000000e+00,0.000000000000e+00,1.000000000000e+00,-9.371027911115e-02,1.118659322013e-15,1.461690542928e-15,0.000000000000e+00,0.000000000000e+00,0.000000000000e+00,1.000000000000e+00,4.577560200012e-04,-1.552002375370e-04,-4.698052707470e-05,0.000000000000e+00,0.000000000000e+00
3.000000000000e-11,OK,,5.419207837659e-02,-1.457270634964e-02,-3.736060118558e-03,1.457270634964e-02,3.736060118558e-03,1.457270634964e-02,1.740480400000e-03,2.260722300000e-03,1.000000000000e-01,0,1,1.000000000000e-01,12,1.108463624958e+00,BORIS,L0/dt-3e-11/eps-0.1/ranks-1,5.419207837659e-02,6.468317169036e-03,R34,8.583550000000e-01,-1.395745213229e+00,-1.312495616718e+00,0.000000000000e+00,0.000000000000e+00,0.000000000000e+00,-7.229883414911e-01,-1.394708925670e+00,0.000000000000e+00,0.000000000000e+00,0.000000000000e+00,0.000000000000e+00,0.000000000000e+00,3.876040962746e+00,1.046095523636e+01,0.000000000000e+00,0.000000000000e+00,0.000000000000e+00,0.000000000000e+00,1.341161133425e+00,3.877757780840e+00,0.000000000000e+00,0.000000000000e+00,3.984952585773e-03,1.455649023266e-02,0.000000000000e+00,0.000000000000e+00,1.000000000000e+00,-8.756554140722e-02,3.933339321977e-15,6.814226973055e-15,0.000000000000e+00,0.000000000000e+00,0.000000000000e+00,1.000000000000e+00,4.656547399993e-04,-1.586731562700e-04,-4.798817464100e-05,0.000000000000e+00,0.000000000000e+00
1.000000000000e-10,INVALID,time step too long for QACH field extent,,,,,,,,,1.000000000000e-06,0,1,1.000000000000e-06,12,2.255677080248e-01,BORIS,L0/dt-1e-10/eps-1e-06/ranks-1,,,,,,,,,,,,,,,,,,,,,,,,,,,,,,,,,,,,,,,,,,,
1.000000000000e-10,INVALID,time step too long for QACH field extent,,,,,,,,,3.000000000000e-06,0,1,3.000000000000e-06,12,2.212243750691e-01,BORIS,L0/dt-1e-10/eps-3e-06/ranks-1,,,,,,,,,,,,,,,,,,,,,,,,,,,,,,,,,,,,,,,,,,,
1.000000000000e-10,INVALID,time step too long for QACH field extent,,,,,,,,,1.000000000000e-05,0,1,1.000000000000e-05,12,2.209730409086e-01,BORIS,L0/dt-1e-10/eps-1e-05/ranks-1,,,,,,,,,,,,,,,,,,,,,,,,,,,,,,,,,,,,,,,,,,,
1.000000000000e-10,INVALID,time step too long for QACH field extent,,,,,,,,,3.000000000000e-05,0,1,3.000000000000e-05,12,2.212457919959e-01,BORIS,L0/dt-1e-10/eps-3e-05/ranks-1,,,,,,,,,,,,,,,,,,,,,,,,,,,,,,,,,,,,,,,,,,,
1.000000000000e-10,INVALID,time step too long for QACH field extent,,,,,,,,,1.000000000000e-04,0,1,1.000000000000e-04,12,2.210990828462e-01,BORIS,L0/dt-1e-10/eps-0.0001/ranks-1,,,,,,,,,,,,,,,,,,,,,,,,,,,,,,,,,,,,,,,,,,,
1.000000000000e-10,INVALID,time step too long for QACH field extent,,,,,,,,,3.000000000000e-04,0,1,3.000000000000e-04,12,9.466367501300e-01,BORIS,L0/dt-1e-10/eps-0.0003/ranks-1,,,,,,,,,,,,,,,,,,,,,,,,,,,,,,,,,,,,,,,,,,,
1.000000000000e-10,INVALID,time step too long for QACH field extent,,,,,,,,,1.000000000000e-03,0,1,1.000000000000e-03,12,9.470560830086e-01,BORIS,L0/dt-1e-10/eps-0.001/ranks-1,,,,,,,,,,,,,,,,,,,,,,,,,,,,,,,,,,,,,,,,,,,
1.000000000000e-10,INVALID,time step too long for QACH field extent,,,,,,,,,3.000000000000e-03,0,1,3.000000000000e-03,12,9.468237911351e-01,BORIS,L0/dt-1e-10/eps-0.003/ranks-1,,,,,,,,,,,,,,,,,,,,,,,,,,,,,,,,,,,,,,,,,,,
1.000000000000e-10,INVALID,time step too long for QACH field extent,,,,,,,,,1.000000000000e-02,0,1,1.000000000000e-02,12,9.466867500450e-01,BORIS,L0/dt-1e-10/eps-0.01/ranks-1,,,,,,,,,,,,,,,,,,,,,,,,,,,,,,,,,,,,,,,,,,,
1.000000000000e-10,INVALID,time step too long for QACH field extent,,,,,,,,,3.000000000000e-02,0,1,3.000000000000e-02,12,2.648440839257e-01,BORIS,L0/dt-1e-10/eps-0.03/ranks-1,,,,,,,,,,,,,,,,,,,,,,,,,,,,,,,,,,,,,,,,,,,
1.000000000000e-10,INVALID,time step too long for QACH field extent,,,,,,,,,1.000000000000e-01,0,1,1.000000000000e-01,12,2.511315420270e-01,BORIS,L0/dt-1e-10/eps-0.1/ranks-1,,,,,,,,,,,,,,,,,,,,,,,,,,,,,,,,,,,,,,,,,,,
1.000000000000e-13,OK,,1.721531662320e-05,1.532490182691e-07,1.843849481732e-06,1.532490182691e-07,1.843849481732e-06,1.843849481732e-06,3.318041000000e-08,9.039075600000e-06,1.000000000000e-06,1,1,5.000000000000e-07,24,2.552064170782e+01,BORIS,L1/dt-1e-13/eps-1e-06/ranks-1,1.721531662320e-05,1.802864644999e-06,R56,2.529960000000e+01,-1.386358360818e+00,-1.278851120475e+00,0.000000000000e+00,0.000000000000e+00,0.000000000000e+00,-7.209414606604e-01,-1.386349173569e+00,0.000000000000e+00,0.000000000000e+00,0.000000000000e+00,0.000000000000e+00,0.000000000000e+00,3.851352100262e+00,1.040676316124e+01,0.000000000000e+00,0.000000000000e+00,0.000000000000e+00,0.000000000000e+00,1.329223389160e+00,3.851352100049e+00,0.000000000000e+00,0.000000000000e+00,2.431238979211e-06,-6.892591821672e-06,0.000000000000e+00,0.000000000000e+00,1.000000000064e+00,-9.439444919664e-02,4.666262742078e-09,-9.868247433758e-09,0.000000000000e+00,0.000000000000e+00,0.000000000000e+00,9.999999937280e-01,0.000000000000e+00,0.000000000000e+00,0.000000000000e+00,0.000000000000e+00,0.000000000000e+00
1.000000000000e-13,OK,,7.190825059753e-06,-6.278718681804e-06,2.041487751171e-07,6.278718681804e-06,2.041487751171e-07,6.278718681804e-06,8.304465000000e-08,1.615737900000e-05,3.000000000000e-06,1,1,1.500000000000e-06,24,2.551883270801e+01,BORIS,L1/dt-1e-13/eps-3e-06/ranks-1,7.190825059753e-06,1.033099633150e-06,R52,2.530060000000e+01,-1.386355577643e+00,-1.278847329433e+00,0.000000000000e+00,0.000000000000e+00,0.000000000000e+00,-7.209422548377e-01,-1.386350789307e+00,0.000000000000e+00,0.000000000000e+00,0.000000000000e+00,0.000000000000e+00,0.000000000000e+00,3.851352100265e+00,1.040676316124e+01,0.000000000000e+00,0.000000000000e+00,0.000000000000e+00,0.000000000000e+00,1.329223389160e+00,3.851352100046e+00,0.000000000000e+00,0.000000000000e+00,-5.207304993670e-06,-7.190825059420e-06,0.000000000000e+00,0.000000000000e+00,1.000000000015e+00,-9.437663918096e-02,-6.540863233965e-09,-1.029607024935e-08,0.000000000000e+00,0.000000000000e+00,0.000000000000e+00,1.000000010979e+00,0.000000000000e+00,0.000000000000e+00,0.000000000000e+00,0.000000000000e+00,0.000000000000e+00
1.000000000000e-13,OK,,4.235746392865e-06,2.652656843436e-06,-9.753782822624e-07,2.652656843436e-06,9.753782822624e-07,2.652656843436e-06,8.709064800000e-09,2.050192900000e-06,1.000000000000e-05,1,1,5.000000000000e-06,24,2.548534770799e+01,BORIS,L1/dt-1e-13/eps-1e-05/ranks-1,4.235746392865e-06,4.677994365280e-07,R52,2.526510000000e+01,-1.386351741865e+00,-1.278840579435e+00,0.000000000000e+00,0.000000000000e+00,0.000000000000e+00,-7.209434565887e-01,-1.386352166089e+00,0.000000000000e+00,0.000000000000e+00,0.000000000000e+00,0.000000000000e+00,0.000000000000e+00,3.851352100234e+00,1.040676316117e+01,0.000000000000e+00,0.000000000000e+00,0.000000000000e+00,0.000000000000e+00,1.329223389160e+00,3.851352100054e+00,0.000000000000e+00,0.000000000000e+00,-1.214157877223e-06,-4.235746392532e-06,0.000000000000e+00,0.000000000000e+00,1.000000000008e+00,-9.437600207487e-02,-2.990614796505e-09,-4.156916680507e-09,0.000000000000e+00,0.000000000000e+00,0.000000000000e+00,9.999999987509e-01,0.000000000000e+00,0.000000000000e+00,0.000000000000e+00,0.000000000000e+00,0.000000000000e+00
1.000000000000e-13,OK,,3.358609547688e-07,-1.929076885233e-07,7.958705710056e-08,1.929076885233e-07,7.958705710056e-08,1.929076885233e-07,4.426559500000e-09,2.014162100000e-07,3.000000000000e-05,1,1,1.500000000000e-05,24,2.554094629199e+01,BORIS,L1/dt-1e-13/eps-3e-05/ranks-1,3.358609547688e-07,4.243494536346e-08,R52,2.531690000000e+01,-1.386352299476e+00,-1.278842618072e+00,0.000000000000e+00,0.000000000000e+00,0.000000000000e+00,-7.209430652112e-01,-1.386352308978e+00,0.000000000000e+00,0.000000000000e+00,0.000000000000e+00,0.000000000000e+00,0.000000000000e+00,3.851352100235e+00,1.040676316119e+01,0.000000000000e+00,0.000000000000e+00,0.000000000000e+00,0.000000000000e+00,1.329223389159e+00,3.851352100055e+00,0.000000000000e+00,0.000000000000e+00,4.793876139027e-08,3.358609551019e-07,0.000000000000e+00,0.000000000000e+00,1.000000000006e+00,-9.437713408059e-02,5.953499739265e-10,1.728831265606e-09,0.000000000000e+00,0.000000000000e+00,0.000000000000e+00,1.000000001128e+00,0.000000000000e+00,0.000000000000e+00,0.000000000000e+00,0.000000000000e+00,0.000000000000e+00
1.000000000000e-13,OK,,2.830558731005e-07,-2.830558734336e-07,-6.363003807703e-08,2.830558734336e-07,6.363003807703e-08,2.830558734336e-07,6.345606300000e-10,8.129904500000e-08,1.000000000000e-04,1,1,5.000000000000e-05,24,2.569110562513e+01,BORIS,L1/dt-1e-13/eps-0.0001/ranks-1,2.830558731005e-07,3.596852004575e-08,R16,2.544390000000e+01,-1.386352221852e+00,-1.278842334989e+00,0.000000000000e+00,0.000000000000e+00,0.000000000000e+00,-7.209431232513e-01,-1.386352296416e+00,0.000000000000e+00,0.000000000000e+00,0.000000000000e+00,0.000000000000e+00,0.000000000000e+00,3.851352100249e+00,1.040676316124e+01,0.000000000000e+00,0.000000000000e+00,0.000000000000e+00,0.000000000000e+00,1.329223389161e+00,3.851352100062e+00,0.000000000000e+00,0.000000000000e+00,9.923098633111e-08,2.296999219728e-07,0.000000000000e+00,0.000000000000e+00,1.000000000007e+00,-9.437703067169e-02,7.671544019876e-11,4.599244847645e-10,0.000000000000e+00,0.000000000000e+00,0.000000000000e+00,1.000000000087e+00,0.000000000000e+00,0.000000000000e+00,0.000000000000e+00,0.000000000000e+00,0.000000000000e+00
1.000000000000e-13,OK,,1.580529968015e-07,2.336677992588e-08,-2.503784435244e-08,2.336677992588e-08,2.503784435244e-08,2.503784435244e-08,1.545414900000e-10,6.929130000000e-08,3.000000000000e-04,1,1,1.500000000000e-04,24,2.566897379188e+01,BORIS,L1/dt-1e-13/eps-0.0003/ranks-1,1.580529968015e-07,1.367941054563e-08,R56,2.545000000000e+01,-1.386352239588e+00,-1.278842286143e+00,0.000000000000e+00,0.000000000000e+00,0.000000000000e+00,-7.209431312665e-01,-1.386352261316e+00,0.000000000000e+00,0.000000000000e+00,0.000000000000e+00,0.000000000000e+00,0.000000000000e+00,3.851352100258e+00,1.040676316125e+01,0.000000000000e+00,0.000000000000e+00,0.000000000000e+00,0.000000000000e+00,1.329223389160e+00,3.851352100056e+00,0.000000000000e+00,0.000000000000e+00,-1.514796073457e-09,4.886457427503e-09,0.000000000000e+00,0.000000000000e+00,1.000000000004e+00,-9.437707582702e-02,-5.813491807565e-11,-9.747314517287e-11,0.000000000000e+00,0.000000000000e+00,0.000000000000e+00,9.999999999847e-01,0.000000000000e+00,0.000000000000e+00,0.000000000000e+00,0.000000000000e+00,0.000000000000e+00
1.000000000000e-13,OK,,2.015959254660e-08,1.894119960935e-08,4.242136020002e-09,1.894119960935e-08,4.242136020002e-09,1.894119960935e-08,1.891266000000e-10,4.099300600000e-08,1.000000000000e-03,1,1,5.000000000000e-04,24,2.565744479094e+01,BORIS,L1/dt-1e-13/eps-0.001/ranks-1,2.015959254660e-08,2.644540152186e-09,R52,2.543720000000e+01,-1.386352247911e+00,-1.278842308849e+00,0.000000000000e+00,0.000000000000e+00,0.000000000000e+00,-7.209431268584e-01,-1.386352260457e+00,0.000000000000e+00,0.000000000000e+00,0.000000000000e+00,0.000000000000e+00,0.000000000000e+00,3.851352100280e+00,1.040676316128e+01,0.000000000000e+00,0.000000000000e+00,0.000000000000e+00,0.000000000000e+00,1.329223389160e+00,3.851352100042e+00,0.000000000000e+00,0.000000000000e+00,5.427261536962e-09,2.015959287967e-08,0.000000000000e+00,0.000000000000e+00,1.000000000005e+00,-9.437723493103e-02,-3.912641938304e-12,-7.829275681796e-12,0.000000000000e+00,0.000000000000e+00,0.000000000000e+00,1.000000000027e+00,0.000000000000e+00,0.000000000000e+00,0.000000000000e+00,0.000000000000e+00,0.000000000000e+00
1.000000000000e-13,OK,,7.478656759042e-09,-7.478657092109e-09,7.614869324729e-10,7.478657092109e-09,7.614869324729e-10,7.478657092109e-09,1.370226200000e-10,7.254840900000e-09,3.000000000000e-03,1,1,1.500000000000e-03,24,2.573575187498e+01,BORIS,L1/dt-1e-13/eps-0.003/ranks-1,7.478656759042e-09,9.865179122533e-10,R16,2.551730000000e+01,-1.386352258696e+00,-1.278842323723e+00,0.000000000000e+00,0.000000000000e+00,0.000000000000e+00,-7.209431241822e-01,-1.386352254990e+00,0.000000000000e+00,0.000000000000e+00,0.000000000000e+00,0.000000000000e+00,0.000000000000e+00,3.851352100199e+00,1.040676316113e+01,0.000000000000e+00,0.000000000000e+00,0.000000000000e+00,0.000000000000e+00,1.329223389126e+00,3.851352099983e+00,0.000000000000e+00,0.000000000000e+00,5.091538236957e-09,4.086406121979e-09,0.000000000000e+00,0.000000000000e+00,1.000000000004e+00,-9.437723465194e-02,6.396655705795e-12,6.652189282497e-12,0.000000000000e+00,0.000000000000e+00,0.000000000000e+00,1.000000000005e+00,0.000000000000e+00,0.000000000000e+00,0.000000000000e+00,0.000000000000e+00,0.000000000000e+00
1.000000000000e-13,OK,,1.539340921397e-08,-4.962839802946e-09,-1.382137358298e-09,4.962839802946e-09,1.382137358298e-09,4.962839802946e-09,6.227620600000e-10,3.960629500000e-09,1.000000000000e-02,1,1,5.000000000000e-03,24,2.546346779214e+01,BORIS,L1/dt-1e-13/eps-0.01/ranks-1,1.539340921397e-08,1.636644232078e-09,R34,2.524440000000e+01,-1.386352255449e+00,-1.278842320197e+00,0.000000000000e+00,0.000000000000e+00,0.000000000000e+00,-7.209431222887e-01,-1.386352254150e+00,0.000000000000e+00,0.000000000000e+00,0.000000000000e+00,0.000000000000e+00,0.000000000000e+00,3.851352091826e+00,1.040676314259e+01,0.000000000000e+00,0.000000000000e+00,0.000000000000e+00,0.000000000000e+00,1.329223385049e+00,3.851352090997e+00,0.000000000000e+00,0.000000000000e+00,4.739640906252e-10,1.152333754327e-09,0.000000000000e+00,0.000000000000e+00,1.000000000004e+00,-9.437723165781e-02,-1.253535372779e-12,-2.699951088383e-12,0.000000000000e+00,0.000000000000e+00,0.000000000000e+00,1.000000000002e+00,0.000000000000e+00,0.000000000000e+00,0.000000000000e+00,0.000000000000e+00,0.000000000000e+00
1.000000000000e-13,OK,,1.497933409311e-06,2.650252801016e-07,6.599090055068e-08,2.650252801016e-07,6.599090055068e-08,2.650252801016e-07,4.822714500000e-08,6.630944700000e-08,3.000000000000e-02,1,1,1.500000000000e-02,24,2.723884162493e+01,BORIS,L1/dt-1e-13/eps-0.03/ranks-1,1.497933409311e-06,1.673165021822e-07,R34,2.701970000000e+01,-1.386352026012e+00,-1.278841630187e+00,0.000000000000e+00,0.000000000000e+00,0.000000000000e+00,-7.209430294703e-01,-1.386351991925e+00,0.000000000000e+00,0.000000000000e+00,0.000000000000e+00,0.000000000000e+00,0.000000000000e+00,3.851351419942e+00,1.040676166005e+01,0.000000000000e+00,0.000000000000e+00,0.000000000000e+00,0.000000000000e+00,1.329223055754e+00,3.851351366058e+00,0.000000000000e+00,0.000000000000e+00,-8.315362333794e-08,-2.738053573166e-07,0.000000000000e+00,0.000000000000e+00,1.000000000004e+00,-9.437737984817e-02,8.018591369010e-13,3.059923358221e-13,0.000000000000e+00,0.000000000000e+00,0.000000000000e+00,1.000000000001e+00,0.000000000000e+00,0.000000000000e+00,0.000000000000e+00,0.000000000000e+00,0.000000000000e+00
1.000000000000e-13,OK,,1.882548534091e-04,3.395972857178e-05,8.445181360505e-06,3.395972857178e-05,8.445181360505e-06,3.395972857178e-05,5.940015600000e-06,8.293236200000e-06,1.000000000000e-01,1,1,5.000000000000e-02,24,2.705204854091e+01,BORIS,L1/dt-1e-13/eps-0.1/ranks-1,1.882548534091e-04,2.107620367172e-05,R34,2.683040000000e+01,-1.386323208361e+00,-1.278754881715e+00,0.000000000000e+00,0.000000000000e+00,0.000000000000e+00,-7.209313426472e-01,-1.386318983166e+00,0.000000000000e+00,0.000000000000e+00,0.000000000000e+00,0.000000000000e+00,0.000000000000e+00,3.851266672686e+00,1.040657490313e+01,0.000000000000e+00,0.000000000000e+00,0.000000000000e+00,0.000000000000e+00,1.329181537469e+00,3.851260077095e+00,0.000000000000e+00,0.000000000000e+00,-1.081856609689e-05,-3.523235044007e-05,0.000000000000e+00,0.000000000000e+00,1.000000000004e+00,-9.439601715447e-02,9.779368265612e-14,1.656506512456e-13,0.000000000000e+00,0.000000000000e+00,0.000000000000e+00,1.000000000000e+00,0.000000000000e+00,0.000000000000e+00,0.000000000000e+00,0.000000000000e+00,0.000000000000e+00
3.000000000000e-13,OK,,1.468440360330e-05,-3.107857670329e-06,-1.329473702946e-06,3.107857670329e-06,1.329473702946e-06,3.107857670329e-06,3.534970900000e-08,1.729080100000e-05,1.000000000000e-06,1,1,5.000000000000e-07,24,9.629884500057e+00,BORIS,L1/dt-3e-13/eps-1e-06/ranks-1,1.468440360330e-05,1.541625258669e-06,R52,9.408800000000e+00,-1.386354405461e+00,-1.278844848410e+00,0.000000000000e+00,0.000000000000e+00,0.000000000000e+00,-7.209427319198e-01,-1.386351040468e+00,0.000000000000e+00,0.000000000000e+00,0.000000000000e+00,0.000000000000e+00,0.000000000000e+00,3.851352078927e+00,1.040676311823e+01,0.000000000000e+00,0.000000000000e+00,0.000000000000e+00,0.000000000000e+00,1.329223378795e+00,3.851352078533e+00,0.000000000000e+00,0.000000000000e+00,-7.743438980096e-06,-1.468440360297e-05,0.000000000000e+00,0.000000000000e+00,1.000000000064e+00,-9.438440699296e-02,8.040394027436e-09,2.112126231999e-08,0.000000000000e+00,0.000000000000e+00,0.000000000000e+00,9.999999908324e-01,1.017467795931e-05,-3.261106688598e-06,-3.173323184678e-06,0.000000000000e+00,0.000000000000e+00
3.000000000000e-13,OK,,1.679438198933e-06,1.679438198600e-06,4.711006459420e-07,1.679438198600e-06,4.711006459420e-07,1.679438198600e-06,3.843011400000e-08,1.089418700000e-06,3.000000000000e-06,1,1,1.500000000000e-06,24,9.519990582950e+00,BORIS,L1/dt-3e-13/eps-3e-06/ranks-1,1.679438198933e-06,2.368485170695e-07,R16,9.298340000000e+00,-1.386351402206e+00,-1.278840689347e+00,0.000000000000e+00,0.000000000000e+00,0.000000000000e+00,-7.209433961541e-01,-1.386352484404e+00,0.000000000000e+00,0.000000000000e+00,0.000000000000e+00,0.000000000000e+00,0.000000000000e+00,3.851352078926e+00,1.040676311824e+01,0.000000000000e+00,0.000000000000e+00,0.000000000000e+00,0.000000000000e+00,1.329223378796e+00,3.851352078538e+00,0.000000000000e+00,0.000000000000e+00,-7.373389204685e-07,-6.361891465750e-07,0.000000000000e+00,0.000000000000e+00,1.000000000002e+00,-9.437634914866e-02,-1.345765288461e-09,-2.361190563363e-09,0.000000000000e+00,0.000000000000e+00,0.000000000000e+00,1.000000000581e+00,7.958156880404e-06,7.958156880404e-06,2.669518708249e-07,0.000000000000e+00,0.000000000000e+00
3.000000000000e-13,OK,,2.844362327829e-07,-2.844362331160e-07,1.884030808149e-07,2.844362331160e-07,1.884030808149e-07,2.844362331160e-07,5.956006400000e-09,4.219777000000e-07,1.000000000000e-05,1,1,5.000000000000e-06,24,9.488342708908e+00,BORIS,L1/dt-3e-13/eps-1e-05/ranks-1,2.844362327829e-07,4.304273659210e-08,R16,9.270070000000e+00,-1.386352131855e+00,-1.278842180659e+00,0.000000000000e+00,0.000000000000e+00,0.000000000000e+00,-7.209431539201e-01,-1.386352331312e+00,0.000000000000e+00,0.000000000000e+00,0.000000000000e+00,0.000000000000e+00,0.000000000000e+00,3.851352078924e+00,1.040676311823e+01,0.000000000000e+00,0.000000000000e+00,0.000000000000e+00,0.000000000000e+00,1.329223378795e+00,3.851352078534e+00,0.000000000000e+00,0.000000000000e+00,9.931528458388e-08,2.134443357983e-07,0.000000000000e+00,0.000000000000e+00,9.999999999789e-01,-9.437747513892e-02,-1.262231958429e-09,-1.646521230021e-09,0.000000000000e+00,0.000000000000e+00,0.000000000000e+00,9.999999991391e-01,4.449190728330e-06,-2.937093076552e-06,1.163781363077e-06,0.000000000000e+00,0.000000000000e+00
3.000000000000e-13,OK,,3.074599032038e-07,-9.824087340216e-08,6.603285321002e-08,9.824087340216e-08,6.603285321002e-08,9.824087340216e-08,5.971300100000e-09,1.142134200000e-07,3.000000000000e-05,1,1,1.500000000000e-05,24,9.529331500176e+00,BORIS,L1/dt-3e-13/eps-3e-05/ranks-1,3.074599032038e-07,2.931793472738e-08,R56,9.312200000000e+00,-1.386352280723e+00,-1.278842344891e+00,0.000000000000e+00,0.000000000000e+00,0.000000000000e+00,-7.209431279773e-01,-1.386352243500e+00,0.000000000000e+00,0.000000000000e+00,0.000000000000e+00,0.000000000000e+00,0.000000000000e+00,3.851352078925e+00,1.040676311823e+01,0.000000000000e+00,0.000000000000e+00,0.000000000000e+00,0.000000000000e+00,1.329223378795e+00,3.851352078533e+00,0.000000000000e+00,0.000000000000e+00,5.646912634036e-08,1.063953262003e-07,0.000000000000e+00,0.000000000000e+00,9.999999999968e-01,-9.437754133992e-02,3.117020925633e-11,3.530100292949e-10,0.000000000000e+00,0.000000000000e+00,0.000000000000e+00,9.999999996856e-01,4.072593300097e-07,9.466681512114e-08,-1.355420389054e-08,0.000000000000e+00,0.000000000000e+00
3.000000000000e-13,OK,,5.018133886849e-08,2.800460914148e-08,4.628025755599e-09,2.800460914148e-08,4.628025755599e-09,2.800460914148e-08,6.998295300000e-10,8.309316500000e-08,1.000000000000e-04,1,1,5.000000000000e-05,24,9.508808250073e+00,BORIS,L1/dt-3e-13/eps-0.0001/ranks-1,5.018133886849e-08,8.139860384030e-09,R52,9.289150000000e+00,-1.386352273842e+00,-1.278842355802e+00,0.000000000000e+00,0.000000000000e+00,0.000000000000e+00,-7.209431281348e-01,-1.386352259755e+00,0.000000000000e+00,0.000000000000e+00,0.000000000000e+00,0.000000000000e+00,0.000000000000e+00,3.851352078931e+00,1.040676311824e+01,0.000000000000e+00,0.000000000000e+00,0.000000000000e+00,0.000000000000e+00,1.329223378795e+00,3.851352078531e+00,0.000000000000e+00,0.000000000000e+00,4.753119141016e-08,5.018133920156e-08,0.000000000000e+00,0.000000000000e+00,9.999999999981e-01,-9.437722992678e-02,4.008666176287e-11,6.450736853196e-11,0.000000000000e+00,0.000000000000e+00,0.000000000000e+00,1.000000000027e+00,3.110604825751e-07,3.110604825751e-07,6.825806383263e-08,0.000000000000e+00,0.000000000000e+00
3.000000000000e-13,OK,,5.301048444650e-08,-3.988202778216e-08,-1.019955539805e-09,3.988202778216e-08,1.019955539805e-09,3.988202778216e-08,3.927962400000e-10,3.846649700000e-08,3.000000000000e-04,1,1,1.500000000000e-04,24,9.467625458026e+00,BORIS,L1/dt-3e-13/eps-0.0003/ranks-1,5.301048444650e-08,7.398056293807e-09,R12,9.247720000000e+00,-1.386352279435e+00,-1.278842372390e+00,0.000000000000e+00,0.000000000000e+00,0.000000000000e+00,-7.209431247281e-01,-1.386352259869e+00,0.000000000000e+00,0.000000000000e+00,0.000000000000e+00,0.000000000000e+00,0.000000000000e+00,3.851352078927e+00,1.040676311824e+01,0.000000000000e+00,0.000000000000e+00,0.000000000000e+00,0.000000000000e+00,1.329223378795e+00,3.851352078535e+00,0.000000000000e+00,0.000000000000e+00,8.830469684270e-09,1.551740785070e-08,0.000000000000e+00,0.000000000000e+00,9.999999999988e-01,-9.437721702503e-02,2.389286180255e-11,2.407687948698e-11,0.000000000000e+00,0.000000000000e+00,0.000000000000e+00,1.000000000024e+00,1.411980100063e-07,-6.324880770804e-08,2.401788881263e-08,0.000000000000e+00,0.000000000000e+00
3.000000000000e-13,OK,,4.787448437682e-08,-2.766861921015e-08,-8.812385629897e-09,2.766861921015e-08,8.812385629897e-09,2.766861921015e-08,9.953682300000e-11,7.996984800000e-09,1.000000000000e-03,1,1,5.000000000000e-04,24,9.466234790860e+00,BORIS,L1/dt-3e-13/eps-0.001/ranks-1,4.787448437682e-08,7.171978887022e-09,R12,9.245040000000e+00,-1.386352265665e+00,-1.278842367254e+00,0.000000000000e+00,0.000000000000e+00,0.000000000000e+00,-7.209431258074e-01,-1.386352272196e+00,0.000000000000e+00,0.000000000000e+00,0.000000000000e+00,0.000000000000e+00,0.000000000000e+00,3.851352078925e+00,1.040676311823e+01,0.000000000000e+00,0.000000000000e+00,0.000000000000e+00,0.000000000000e+00,1.329223378795e+00,3.851352078534e+00,0.000000000000e+00,0.000000000000e+00,8.803000851159e-09,3.508837595642e-08,0.000000000000e+00,0.000000000000e+00,9.999999999991e-01,-9.437721716879e-02,-1.027833911678e-11,-2.744411482646e-11,0.000000000000e+00,0.000000000000e+00,0.000000000000e+00,9.999999999943e-01,5.840499994747e-08,-4.660981881950e-08,-1.305452164990e-08,0.000000000000e+00,0.000000000000e+00
3.000000000000e-13,OK,,4.398048436549e-08,-2.205497508207e-08,-7.169092961283e-09,2.205497508207e-08,7.169092961283e-09,2.205497508207e-08,2.662607900000e-10,1.172607700000e-09,3.000000000000e-03,1,1,1.500000000000e-03,24,9.533858791925e+00,BORIS,L1/dt-3e-13/eps-0.003/ranks-1,4.398048436549e-08,6.398566273065e-09,R12,9.314730000000e+00,-1.386352267770e+00,-1.278842363360e+00,0.000000000000e+00,0.000000000000e+00,0.000000000000e+00,-7.209431264381e-01,-1.386352268522e+00,0.000000000000e+00,0.000000000000e+00,0.000000000000e+00,0.000000000000e+00,0.000000000000e+00,3.851352078852e+00,1.040676311806e+01,0.000000000000e+00,0.000000000000e+00,0.000000000000e+00,0.000000000000e+00,1.329223378762e+00,3.851352078459e+00,0.000000000000e+00,0.000000000000e+00,6.193365938846e-09,2.258032076714e-08,0.000000000000e+00,0.000000000000e+00,9.999999999989e-01,-9.437722006571e-02,-2.324810641289e-12,1.185510886512e-12,0.000000000000e+00,0.000000000000e+00,0.000000000000e+00,1.000000000000e+00,4.306999912274e-08,-1.457631798996e-08,-7.930579893756e-09,0.000000000000e+00,0.000000000000e+00
3.000000000000e-13,OK,,5.826341009652e-08,-1.704740357801e-08,-5.393981125981e-09,1.704740357801e-08,5.393981125981e-09,1.704740357801e-08,4.840683400000e-10,7.051471600000e-10,1.000000000000e-02,1,1,5.000000000000e-03,24,9.570019874955e+00,BORIS,L1/dt-3e-13/eps-0.01/ranks-1,5.826341009652e-08,7.068680752207e-09,R34,9.349570000000e+00,-1.386352265569e+00,-1.278842354252e+00,0.000000000000e+00,0.000000000000e+00,0.000000000000e+00,-7.209431257724e-01,-1.386352265058e+00,0.000000000000e+00,0.000000000000e+00,0.000000000000e+00,0.000000000000e+00,0.000000000000e+00,3.851352070539e+00,1.040676309972e+01,0.000000000000e+00,0.000000000000e+00,0.000000000000e+00,0.000000000000e+00,1.329223374685e+00,3.851352069484e+00,0.000000000000e+00,0.000000000000e+00,5.286027261803e-09,1.729216078495e-08,0.000000000000e+00,0.000000000000e+00,9.999999999989e-01,-9.437722553534e-02,7.495656684079e-13,-3.109302932892e-13,0.000000000000e+00,0.000000000000e+00,0.000000000000e+00,9.999999999998e-01,4.287000088254e-08,-1.208456377506e-08,-4.011843767683e-09,0.000000000000e+00,0.000000000000e+00
3.000000000000e-13,OK,,1.540893409313e-06,2.508956265629e-07,6.197465979624e-08,2.508956265629e-07,6.197465979624e-08,2.508956265629e-07,4.856059500000e-08,6.663449300000e-08,3.000000000000e-02,1,1,1.500000000000e-02,24,9.527991209179e+00,BORIS,L1/dt-3e-13/eps-0.03/ranks-1,1.540893409313e-06,1.698179764181e-07,R34,9.270400000000e+00,-1.386352036513e+00,-1.278841664935e+00,0.000000000000e+00,0.000000000000e+00,0.000000000000e+00,-7.209430323457e-01,-1.386352001912e+00,0.000000000000e+00,0.000000000000e+00,0.000000000000e+00,0.000000000000e+00,0.000000000000e+00,3.851351398620e+00,1.040676161709e+01,0.000000000000e+00,0.000000000000e+00,0.000000000000e+00,0.000000000000e+00,1.329223045391e+00,3.851351344548e+00,0.000000000000e+00,0.000000000000e+00,-7.990171242291e-08,-2.604547859655e-07,0.000000000000e+00,0.000000000000e+00,9.999999999989e-01,-9.437737357814e-02,2.546680249129e-13,1.270899612959e-13,0.000000000000e+00,0.000000000000e+00,0.000000000000e+00,1.000000000000e+00,4.296000000181e-08,-1.412965353870e-08,-4.016240754440e-09,0.000000000000e+00,0.000000000000e+00
3.000000000000e-13,OK,,1.882978134091e-04,3.394566367958e-05,8.440960893800e-06,3.394566367958e-05,8.440960893800e-06,3.394566367958e-05,5.940052600000e-06,8.293268000000e-06,1.000000000000e-01,1,1,5.000000000000e-02,24,9.980784625048e+00,BORIS,L1/dt-3e-13/eps-0.1/ranks-1,1.882978134091e-04,2.107861306931e-05,R34,9.736080000000e+00,-1.386323218875e+00,-1.278754915761e+00,0.000000000000e+00,0.000000000000e+00,0.000000000000e+00,-7.209313459910e-01,-1.386318993419e+00,0.000000000000e+00,0.000000000000e+00,0.000000000000e+00,0.000000000000e+00,0.000000000000e+00,3.851266651360e+00,1.040657486017e+01,0.000000000000e+00,0.000000000000e+00,0.000000000000e+00,0.000000000000e+00,1.329181527105e+00,3.851260055589e+00,0.000000000000e+00,0.000000000000e+00,-1.081445320425e-05,-3.521872068054e-05,0.000000000000e+00,0.000000000000e+00,9.999999999989e-01,-9.439601073142e-02,1.173057256843e-13,3.378254386092e-14,0.000000000000e+00,0.000000000000e+00,0.000000000000e+00,9.999999999999e-01,4.296000000181e-08,-1.406489220000e-08,-4.220466705000e-09,0.000000000000e+00,0.000000000000e+00
1.000000000000e-12,OK,,1.809798439242e-06,-4.471042355396e-07,-3.146962851735e-07,4.471042355396e-07,3.146962851735e-07,4.471042355396e-07,3.938071100000e-08,1.593077800000e-06,1.000000000000e-06,1,1,5.000000000000e-07,24,3.941466375021e+00,BORIS,L1/dt-1e-12/eps-1e-06/ranks-1,1.809798439242e-06,1.880965426564e-07,R52,3.719330000000e+00,-1.386352052469e+00,-1.278842688661e+00,0.000000000000e+00,0.000000000000e+00,0.000000000000e+00,-7.209431918022e-01,-1.386352742847e+00,0.000000000000e+00,0.000000000000e+00,0.000000000000e+00,0.000000000000e+00,0.000000000000e+00,3.851351837070e+00,1.040676263085e+01,0.000000000000e+00,0.000000000000e+00,0.000000000000e+00,0.000000000000e+00,1.329223261135e+00,3.851351834250e+00,0.000000000000e+00,0.000000000000e+00,5.843829058452e-07,1.809798439575e-06,0.000000000000e+00,0.000000000000e+00,1.000000000064e+00,-9.437655652555e-02,3.746356392999e-09,7.168641533007e-09,0.000000000000e+00,0.000000000000e+00,0.000000000000e+00,9.999999986015e-01,1.789267108999e-05,-6.003532538087e-07,-2.158545766906e-06,0.000000000000e+00,0.000000000000e+00
1.000000000000e-12,OK,,5.753518268065e-07,-1.904188208138e-08,-2.179082510791e-08,1.904188208138e-08,2.179082510791e-08,2.179082510791e-08,1.692444900000e-08,3.703296700000e-07,3.000000000000e-06,1,1,1.500000000000e-06,24,3.941283333115e+00,BORIS,L1/dt-1e-12/eps-3e-06/ranks-1,5.753518268065e-07,8.554404270572e-08,R56,3.720140000000e+00,-1.386352200766e+00,-1.278842628476e+00,0.000000000000e+00,0.000000000000e+00,0.000000000000e+00,-7.209431865992e-01,-1.386352514795e+00,0.000000000000e+00,0.000000000000e+00,0.000000000000e+00,0.000000000000e+00,0.000000000000e+00,3.851351837069e+00,1.040676263085e+01,0.000000000000e+00,0.000000000000e+00,0.000000000000e+00,0.000000000000e+00,1.329223261135e+00,3.851351834249e+00,0.000000000000e+00,0.000000000000e+00,-1.043148612426e-07,3.687201267832e-07,0.000000000000e+00,0.000000000000e+00,1.000000000002e+00,-9.437665852819e-02,1.460185331430e-09,1.496880124446e-09,0.000000000000e+00,0.000000000000e+00,0.000000000000e+00,1.000000002883e+00,7.559545186203e-06,6.259676799723e-06,-2.259396002250e-07,0.000000000000e+00,0.000000000000e+00
1.000000000000e-12,OK,,7.050644845741e-07,-3.382702850702e-07,-7.380466977792e-08,3.382702850702e-07,7.380466977792e-08,3.382702850702e-07,2.328572900000e-09,1.254414900000e-07,1.000000000000e-05,1,1,5.000000000000e-06,24,3.925657958025e+00,BORIS,L1/dt-1e-12/eps-1e-05/ranks-1,7.050644845741e-07,9.681032931158e-08,R12,3.706440000000e+00,-1.386352438018e+00,-1.278843024444e+00,0.000000000000e+00,0.000000000000e+00,0.000000000000e+00,-7.209431107387e-01,-1.386352426024e+00,0.000000000000e+00,0.000000000000e+00,0.000000000000e+00,0.000000000000e+00,0.000000000000e+00,3.851351837071e+00,1.040676263086e+01,0.000000000000e+00,0.000000000000e+00,0.000000000000e+00,0.000000000000e+00,1.329223261135e+00,3.851351834251e+00,0.000000000000e+00,0.000000000000e+00,1.608562880487e-08,4.022375992321e-07,0.000000000000e+00,0.000000000000e+00,9.999999999913e-01,-9.437690161733e-02,2.885462000848e-10,-1.953639127378e-10,0.000000000000e+00,0.000000000000e+00,0.000000000000e+00,1.000000000098e+00,4.637983991764e-06,-2.990927128506e-06,9.015736124845e-07,0.000000000000e+00,0.000000000000e+00
1.000000000000e-12,OK,,5.271334089230e-07,-2.369637735199e-07,-7.150183513294e-08,2.369637735199e-07,7.150183513294e-08,2.369637735199e-07,4.981687300000e-10,3.908796900000e-08,3.000000000000e-05,1,1,1.500000000000e-05,24,3.969217333011e+00,BORIS,L1/dt-1e-12/eps-3e-05/ranks-1,5.271334089230e-07,7.704552293506e-08,R34,3.745150000000e+00,-1.386352393562e+00,-1.278842823622e+00,0.000000000000e+00,0.000000000000e+00,0.000000000000e+00,-7.209431516593e-01,-1.386352405388e+00,0.000000000000e+00,0.000000000000e+00,0.000000000000e+00,0.000000000000e+00,0.000000000000e+00,3.851351837071e+00,1.040676263085e+01,0.000000000000e+00,0.000000000000e+00,0.000000000000e+00,0.000000000000e+00,1.329223261135e+00,3.851351834250e+00,0.000000000000e+00,0.000000000000e+00,3.263215671010e-08,2.473512392309e-07,0.000000000000e+00,0.000000000000e+00,1.000000000002e+00,-9.437707824313e-02,-1.001985790617e-10,-2.854847216108e-10,0.000000000000e+00,0.000000000000e+00,0.000000000000e+00,9.999999997088e-01,5.303399994716e-07,-4.405608499660e-08,-1.510888922335e-07,0.000000000000e+00,0.000000000000e+00
1.000000000000e-12,OK,,5.271334089230e-07,-1.829780214375e-07,-5.610362349215e-08,1.829780214375e-07,5.610362349215e-08,1.829780214375e-07,6.059647200000e-10,9.462161900000e-09,1.000000000000e-04,1,1,5.000000000000e-05,24,3.945811499842e+00,BORIS,L1/dt-1e-12/eps-0.0001/ranks-1,5.271334089230e-07,7.038656782180e-08,R34,3.723840000000e+00,-1.386352386152e+00,-1.278842752844e+00,0.000000000000e+00,0.000000000000e+00,0.000000000000e+00,-7.209431645612e-01,-1.386352387694e+00,0.000000000000e+00,0.000000000000e+00,0.000000000000e+00,0.000000000000e+00,0.000000000000e+00,3.851351837069e+00,1.040676263085e+01,0.000000000000e+00,0.000000000000e+00,0.000000000000e+00,0.000000000000e+00,1.329223261135e+00,3.851351834251e+00,0.000000000000e+00,0.000000000000e+00,4.467889148321e-08,1.742827898519e-07,0.000000000000e+00,0.000000000000e+00,9.999999999944e-01,-9.437715545047e-02,-3.911801964112e-11,-6.187646314426e-11,0.000000000000e+00,0.000000000000e+00,0.000000000000e+00,9.999999998845e-01,5.303900003639e-07,1.000778519961e-07,7.526414584880e-09,0.000000000000e+00,0.000000000000e+00
1.000000000000e-12,OK,,5.271234098103e-07,-1.840631231507e-07,-5.259098257945e-08,1.840631231507e-07,5.259098257945e-08,1.840631231507e-07,1.873180500000e-10,7.876136400000e-09,3.000000000000e-04,1,1,1.500000000000e-04,24,3.958884417079e+00,BORIS,L1/dt-1e-12/eps-0.0003/ranks-1,5.271234098103e-07,7.079737147666e-08,R34,3.739290000000e+00,-1.386352391323e+00,-1.278842757893e+00,0.000000000000e+00,0.000000000000e+00,0.000000000000e+00,-7.209431634086e-01,-1.386352384290e+00,0.000000000000e+00,0.000000000000e+00,0.000000000000e+00,0.000000000000e+00,0.000000000000e+00,3.851351837071e+00,1.040676263086e+01,0.000000000000e+00,0.000000000000e+00,0.000000000000e+00,0.000000000000e+00,1.329223261135e+00,3.851351834251e+00,0.000000000000e+00,0.000000000000e+00,5.191221688834e-08,1.821309193485e-07,0.000000000000e+00,0.000000000000e+00,1.000000000001e+00,-9.437715375275e-02,1.125799659004e-11,4.486579028049e-13,0.000000000000e+00,0.000000000000e+00,0.000000000000e+00,1.000000000012e+00,5.303900003639e-07,-2.074299030766e-07,-2.755313822701e-08,0.000000000000e+00,0.000000000000e+00
1.000000000000e-12,OK,,5.271334089230e-07,-1.822358906337e-07,-5.510497054456e-08,1.822358906337e-07,5.510497054456e-08,1.822358906337e-07,1.780213800000e-10,2.275159800000e-09,1.000000000000e-03,1,1,5.000000000000e-04,24,3.928230667021e+00,BORIS,L1/dt-1e-12/eps-0.001/ranks-1,5.271334089230e-07,7.052863063629e-08,R34,3.707210000000e+00,-1.386352386698e+00,-1.278842750181e+00,0.000000000000e+00,0.000000000000e+00,0.000000000000e+00,-7.209431648411e-01,-1.386352386241e+00,0.000000000000e+00,0.000000000000e+00,0.000000000000e+00,0.000000000000e+00,0.000000000000e+00,3.851351837068e+00,1.040676263085e+01,0.000000000000e+00,0.000000000000e+00,0.000000000000e+00,0.000000000000e+00,1.329223261135e+00,3.851351834249e+00,0.000000000000e+00,0.000000000000e+00,5.609476600894e-08,1.844484526988e-07,0.000000000000e+00,0.000000000000e+00,9.999999999994e-01,-9.437714896922e-02,-3.268125861276e-12,-7.661710055177e-12,0.000000000000e+00,0.000000000000e+00,0.000000000000e+00,1.000000000002e+00,5.304300003672e-07,-2.011770902431e-07,-5.934710656456e-08,0.000000000000e+00,0.000000000000e+00
1.000000000000e-12,OK,,5.272834098236e-07,-1.814271905813e-07,-5.481624571432e-08,1.814271905813e-07,5.481624571432e-08,1.814271905813e-07,8.020628600000e-11,9.947833000000e-10,3.000000000000e-03,1,1,1.500000000000e-03,24,3.920741166919e+00,BORIS,L1/dt-1e-12/eps-0.003/ranks-1,5.272834098236e-07,7.045876841511e-08,R34,3.697120000000e+00,-1.386352387662e+00,-1.278842750531e+00,0.000000000000e+00,0.000000000000e+00,0.000000000000e+00,-7.209431648620e-01,-1.386352385551e+00,0.000000000000e+00,0.000000000000e+00,0.000000000000e+00,0.000000000000e+00,0.000000000000e+00,3.851351837002e+00,1.040676263070e+01,0.000000000000e+00,0.000000000000e+00,0.000000000000e+00,0.000000000000e+00,1.329223261102e+00,3.851351834177e+00,0.000000000000e+00,0.000000000000e+00,5.440359619358e-08,1.804256331969e-07,0.000000000000e+00,0.000000000000e+00,9.999999999995e-01,-9.437714950868e-02,-6.215823344581e-13,2.580392410058e-12,0.000000000000e+00,0.000000000000e+00,0.000000000000e+00,9.999999999985e-01,5.304300003672e-07,-1.739485334892e-07,-5.557773264679e-08,0.000000000000e+00,0.000000000000e+00
1.000000000000e-12,OK,,5.456434095663e-07,-1.781322573023e-07,-5.406793877524e-08,1.781322573023e-07,5.406793877524e-08,1.781322573023e-07,6.544951200000e-10,8.756583200000e-10,1.000000000000e-02,1,1,5.000000000000e-03,24,3.988743207883e+00,BORIS,L1/dt-1e-12/eps-0.01/ranks-1,5.456434095663e-07,7.133128515530e-08,R34,3.722720000000e+00,-1.386352384434e+00,-1.278842741710e+00,0.000000000000e+00,0.000000000000e+00,0.000000000000e+00,-7.209431637668e-01,-1.386352382607e+00,0.000000000000e+00,0.000000000000e+00,0.000000000000e+00,0.000000000000e+00,0.000000000000e+00,3.851351828680e+00,1.040676261234e+01,0.000000000000e+00,0.000000000000e+00,0.000000000000e+00,0.000000000000e+00,1.329223257025e+00,3.851351825200e+00,0.000000000000e+00,0.000000000000e+00,5.363093577622e-08,1.779709040063e-07,0.000000000000e+00,0.000000000000e+00,9.999999999995e-01,-9.437715122771e-02,-1.580189718886e-13,-3.854244217295e-13,0.000000000000e+00,0.000000000000e+00,0.000000000000e+00,9.999999999996e-01,5.302500003523e-07,-1.731694174994e-07,-5.268580141694e-08,0.000000000000e+00,0.000000000000e+00
1.000000000000e-12,OK,,2.028283409672e-06,9.002320521959e-08,1.332561526987e-08,9.002320521959e-08,1.332561526987e-08,9.002320521959e-08,4.864262400000e-08,6.671967000000e-08,3.000000000000e-02,1,1,1.500000000000e-02,24,4.350056000054e+00,BORIS,L1/dt-1e-12/eps-0.03/ranks-1,2.028283409672e-06,2.071059516710e-07,R34,4.108220000000e+00,-1.386352155388e+00,-1.278842052009e+00,0.000000000000e+00,0.000000000000e+00,0.000000000000e+00,-7.209430705736e-01,-1.386352119528e+00,0.000000000000e+00,0.000000000000e+00,0.000000000000e+00,0.000000000000e+00,0.000000000000e+00,3.851351156759e+00,1.040676112970e+01,0.000000000000e+00,0.000000000000e+00,0.000000000000e+00,0.000000000000e+00,1.329222927731e+00,3.851351100266e+00,0.000000000000e+00,0.000000000000e+00,-3.132805668925e-08,-9.964675747096e-08,0.000000000000e+00,0.000000000000e+00,9.999999999995e-01,-9.437729908984e-02,7.519760572344e-14,5.669397932566e-14,0.000000000000e+00,0.000000000000e+00,0.000000000000e+00,9.999999999998e-01,5.303500003606e-07,-1.750020748820e-07,-5.266528528081e-08,0.000000000000e+00,0.000000000000e+00
1.000000000000e-12,OK,,1.887848634095e-04,3.378488664177e-05,8.392417372516e-06,3.378488664177e-05,8.392417372516e-06,3.378488664177e-05,5.940097800000e-06,8.293266800000e-06,1.000000000000e-01,1,1,5.000000000000e-02,24,4.437300791964e+00,BORIS,L1/dt-1e-12/eps-0.1/ranks-1,1.887848634095e-04,2.110588227693e-05,R34,4.156730000000e+00,-1.386323337745e+00,-1.278755302660e+00,0.000000000000e+00,0.000000000000e+00,0.000000000000e+00,-7.209313842138e-01,-1.386319111007e+00,0.000000000000e+00,0.000000000000e+00,0.000000000000e+00,0.000000000000e+00,0.000000000000e+00,3.851266409681e+00,1.040657437312e+01,0.000000000000e+00,0.000000000000e+00,0.000000000000e+00,0.000000000000e+00,1.329181409535e+00,3.851259811474e+00,0.000000000000e+00,0.000000000000e+00,-1.076589999636e-05,-3.505795023447e-05,0.000000000000e+00,0.000000000000e+00,9.999999999995e-01,-9.439593633644e-02,-2.352709868924e-14,-8.791526862005e-14,0.000000000000e+00,0.000000000000e+00,0.000000000000e+00,9.999999999999e-01,5.300100003325e-07,-1.748419300100e-07,-5.276398798900e-08,0.000000000000e+00,0.000000000000e+00
3.000000000000e-12,OK,,7.123700839090e-06,-2.251366072884e-06,-6.289415391468e-07,2.251366072884e-06,6.289415391468e-07,2.251366072884e-06,2.619182600000e-08,7.875428000000e-06,1.000000000000e-06,1,1,5.000000000000e-07,24,2.274864332983e+00,BORIS,L1/dt-3e-12/eps-1e-06/ranks-1,7.123700839090e-06,1.098931117151e-06,R51,2.054060000000e+00,-1.386353506204e+00,-1.278846720403e+00,0.000000000000e+00,0.000000000000e+00,0.000000000000e+00,-7.209434064142e-01,-1.386353573917e+00,0.000000000000e+00,0.000000000000e+00,0.000000000000e+00,0.000000000000e+00,0.000000000000e+00,3.851349721118e+00,1.040675836660e+01,0.000000000000e+00,0.000000000000e+00,0.000000000000e+00,0.000000000000e+00,1.329222231672e+00,3.851349696722e+00,0.000000000000e+00,0.000000000000e+00,-7.123700839034e-06,6.044524070258e-06,0.000000000000e+00,0.000000000000e+00,1.000000000064e+00,-9.437201843918e-02,-5.880668523557e-09,-5.843220796536e-09,0.000000000000e+00,0.000000000000e+00,0.000000000000e+00,9.999999991114e-01,2.243075746000e-05,-2.404615091153e-06,-2.472791020879e-06,0.000000000000e+00,0.000000000000e+00
3.000000000000e-12,OK,,4.791293410022e-06,-1.384507986169e-06,-3.628052625806e-07,1.384507986169e-06,3.628052625806e-07,1.384507986169e-06,1.212077400000e-08,2.431449600000e-06,3.000000000000e-06,1,1,1.500000000000e-06,24,2.238096999936e+00,BORIS,L1/dt-3e-12/eps-3e-06/ranks-1,4.791293410022e-06,6.963249444838e-07,R34,2.021030000000e+00,-1.386353352235e+00,-1.278846095073e+00,0.000000000000e+00,0.000000000000e+00,0.000000000000e+00,-7.209435127745e-01,-1.386353490747e+00,0.000000000000e+00,0.000000000000e+00,0.000000000000e+00,0.000000000000e+00,0.000000000000e+00,3.851349721115e+00,1.040675836669e+01,0.000000000000e+00,0.000000000000e+00,0.000000000000e+00,0.000000000000e+00,1.329222231671e+00,3.851349696776e+00,0.000000000000e+00,0.000000000000e+00,-1.936204501507e-06,3.003031533847e-06,0.000000000000e+00,0.000000000000e+00,1.000000000002e+00,-9.437524270073e-02,-7.348490401814e-10,5.528148827833e-11,0.000000000000e+00,0.000000000000e+00,0.000000000000e+00,9.999999989581e-01,1.019385659327e-05,4.894210695635e-06,-5.669540376977e-07,0.000000000000e+00,0.000000000000e+00
3.000000000000e-12,OK,,4.791283409133e-06,-1.608076448204e-06,-4.597560304390e-07,1.608076448204e-06,4.597560304390e-07,1.608076448204e-06,2.207073600000e-09,7.546212500000e-07,1.000000000000e-05,1,1,5.000000000000e-06,24,2.234581500059e+00,BORIS,L1/dt-3e-12/eps-1e-05/ranks-1,4.791283409133e-06,6.463161293674e-07,R34,2.016130000000e+00,-1.386353478230e+00,-1.278846202873e+00,0.000000000000e+00,0.000000000000e+00,0.000000000000e+00,-7.209434908487e-01,-1.386353392632e+00,0.000000000000e+00,0.000000000000e+00,0.000000000000e+00,0.000000000000e+00,0.000000000000e+00,3.851349721116e+00,1.040675836670e+01,0.000000000000e+00,0.000000000000e+00,0.000000000000e+00,0.000000000000e+00,1.329222231672e+00,3.851349696784e+00,0.000000000000e+00,0.000000000000e+00,-2.326600467253e-07,1.996523886300e-06,0.000000000000e+00,0.000000000000e+00,1.000000000008e+00,-9.437615939880e-02,-1.412208364616e-10,-2.274439590557e-10,0.000000000000e+00,0.000000000000e+00,0.000000000000e+00,1.000000000054e+00,6.232270278832e-06,-4.260733291640e-06,5.156222518234e-07,0.000000000000e+00,0.000000000000e+00
3.000000000000e-12,OK,,4.792983409274e-06,-1.590682006187e-06,-4.745875790947e-07,1.590682006187e-06,4.745875790947e-07,1.590682006187e-06,4.119417000000e-10,2.710392500000e-07,3.000000000000e-05,1,1,1.500000000000e-05,24,2.251528208144e+00,BORIS,L1/dt-3e-12/eps-3e-05/ranks-1,4.792983409274e-06,6.361642051790e-07,R34,2.032890000000e+00,-1.386353442526e+00,-1.278846162591e+00,0.000000000000e+00,0.000000000000e+00,0.000000000000e+00,-7.209434965131e-01,-1.386353410719e+00,0.000000000000e+00,0.000000000000e+00,0.000000000000e+00,0.000000000000e+00,0.000000000000e+00,3.851349720288e+00,1.040675836500e+01,0.000000000000e+00,0.000000000000e+00,0.000000000000e+00,0.000000000000e+00,1.329222231248e+00,3.851349695916e+00,0.000000000000e+00,0.000000000000e+00,2.178176282457e-07,1.692849659659e-06,0.000000000000e+00,0.000000000000e+00,9.999999999968e-01,-9.437638179170e-02,-1.182439142708e-10,-9.670526449368e-11,0.000000000000e+00,0.000000000000e+00,0.000000000000e+00,9.999999999380e-01,4.796189999823e-06,-1.397774317664e-06,-5.541746361953e-07,0.000000000000e+00,0.000000000000e+00
3.000000000000e-12,OK,,4.793053408392e-06,-1.592890686322e-06,-4.840576408295e-07,1.592890686322e-06,4.840576408295e-07,1.592890686322e-06,3.200961700000e-10,7.091520800000e-08,1.000000000000e-04,1,1,5.000000000000e-05,24,2.267170915846e+00,BORIS,L1/dt-3e-12/eps-0.0001/ranks-1,4.793053408392e-06,6.343946963461e-07,R34,2.047850000000e+00,-1.386353428999e+00,-1.278846143388e+00,0.000000000000e+00,0.000000000000e+00,0.000000000000e+00,-7.209435002599e-01,-1.386353417765e+00,0.000000000000e+00,0.000000000000e+00,0.000000000000e+00,0.000000000000e+00,0.000000000000e+00,3.851349720288e+00,1.040675836493e+01,0.000000000000e+00,0.000000000000e+00,0.000000000000e+00,0.000000000000e+00,1.329222231248e+00,3.851349695869e+00,0.000000000000e+00,0.000000000000e+00,4.063944602167e-07,1.630287905383e-06,0.000000000000e+00,0.000000000000e+00,9.999999999993e-01,-9.437644198241e-02,-4.786669806904e-12,2.016117946564e-11,0.000000000000e+00,0.000000000000e+00,0.000000000000e+00,1.000000000039e+00,4.796309999833e-06,-1.309834812888e-06,-4.204276027525e-07,0.000000000000e+00,0.000000000000e+00
3.000000000000e-12,OK,,4.792613408355e-06,-1.590022074246e-06,-4.810948548130e-07,1.590022074246e-06,4.810948548130e-07,1.590022074246e-06,7.968981000000e-11,2.172985300000e-08,3.000000000000e-04,1,1,1.500000000000e-04,24,2.164091625018e+00,BORIS,L1/dt-3e-12/eps-0.0003/ranks-1,4.792613408355e-06,6.338535429061e-07,R34,1.941980000000e+00,-1.386353428975e+00,-1.278846144162e+00,0.000000000000e+00,0.000000000000e+00,0.000000000000e+00,-7.209435000704e-01,-1.386353418154e+00,0.000000000000e+00,0.000000000000e+00,0.000000000000e+00,0.000000000000e+00,0.000000000000e+00,3.851349720453e+00,1.040675836537e+01,0.000000000000e+00,0.000000000000e+00,0.000000000000e+00,0.000000000000e+00,1.329222231333e+00,3.851349696105e+00,0.000000000000e+00,0.000000000000e+00,4.576188648541e-07,1.608150231042e-06,0.000000000000e+00,0.000000000000e+00,9.999999999999e-01,-9.437648232474e-02,-1.482809950944e-12,9.718636672725e-12,0.000000000000e+00,0.000000000000e+00,0.000000000000e+00,1.000000000009e+00,4.795879998909e-06,-1.613388854172e-06,-4.560570104606e-07,0.000000000000e+00,0.000000000000e+00
3.000000000000e-12,OK,,4.791623409162e-06,-1.591462798420e-06,-4.809194873280e-07,1.591462798420e-06,4.809194873280e-07,1.591462798420e-06,1.082436400000e-10,6.718165100000e-09,1.000000000000e-03,1,1,5.000000000000e-04,24,2.220343458001e+00,BORIS,L1/dt-3e-12/eps-0.001/ranks-1,4.791623409162e-06,6.335906366469e-07,R34,1.999740000000e+00,-1.386353430022e+00,-1.278846144131e+00,0.000000000000e+00,0.000000000000e+00,0.000000000000e+00,-7.209435004343e-01,-1.386353417643e+00,0.000000000000e+00,0.000000000000e+00,0.000000000000e+00,0.000000000000e+00,0.000000000000e+00,3.851349720950e+00,1.040675836636e+01,0.000000000000e+00,0.000000000000e+00,0.000000000000e+00,0.000000000000e+00,1.329222231587e+00,3.851349696610e+00,0.000000000000e+00,0.000000000000e+00,4.739123885145e-07,1.595488461922e-06,0.000000000000e+00,0.000000000000e+00,1.000000000000e+00,-9.437649216927e-02,-1.841263818101e-12,-2.215569230036e-12,0.000000000000e+00,0.000000000000e+00,0.000000000000e+00,1.000000000002e+00,4.794920000606e-06,-1.610403998029e-06,-4.851616233480e-07,0.000000000000e+00,0.000000000000e+00
3.000000000000e-12,OK,,4.792893408379e-06,-1.591356611299e-06,-4.807788702411e-07,1.591356611299e-06,4.807788702411e-07,1.591356611299e-06,6.347999900000e-11,4.357406000000e-09,3.000000000000e-03,1,1,1.500000000000e-03,24,2.198378582951e+00,BORIS,L1/dt-3e-12/eps-0.003/ranks-1,4.792893408379e-06,6.336147818109e-07,R34,1.977650000000e+00,-1.386353430072e+00,-1.278846144379e+00,0.000000000000e+00,0.000000000000e+00,0.000000000000e+00,-7.209435002225e-01,-1.386353417423e+00,0.000000000000e+00,0.000000000000e+00,0.000000000000e+00,0.000000000000e+00,0.000000000000e+00,3.851349720385e+00,1.040675836509e+01,0.000000000000e+00,0.000000000000e+00,0.000000000000e+00,0.000000000000e+00,1.329222231299e+00,3.851349695954e+00,0.000000000000e+00,0.000000000000e+00,4.763914744091e-07,1.591713891713e-06,0.000000000000e+00,0.000000000000e+00,1.000000000000e+00,-9.437649578717e-02,-1.174720809376e-12,2.678658642948e-13,0.000000000000e+00,0.000000000000e+00,0.000000000000e+00,1.000000000001e+00,4.796039998922e-06,-1.583877954207e-06,-4.815403571736e-07,0.000000000000e+00,0.000000000000e+00
3.000000000000e-12,OK,,4.811143409000e-06,-1.588045169989e-06,-4.799806752764e-07,1.588045169989e-06,4.799806752764e-07,1.588045169989e-06,5.238703900000e-10,1.119294400000e-09,1.000000000000e-02,1,1,5.000000000000e-03,24,2.171072874917e+00,BORIS,L1/dt-3e-12/eps-0.01/ranks-1,4.811143409000e-06,6.344860817571e-07,R34,1.947610000000e+00,-1.386353427183e+00,-1.278846135725e+00,0.000000000000e+00,0.000000000000e+00,0.000000000000e+00,-7.209434991041e-01,-1.386353414212e+00,0.000000000000e+00,0.000000000000e+00,0.000000000000e+00,0.000000000000e+00,0.000000000000e+00,3.851349712067e+00,1.040675834684e+01,0.000000000000e+00,0.000000000000e+00,0.000000000000e+00,0.000000000000e+00,1.329222227223e+00,3.851349687040e+00,0.000000000000e+00,0.000000000000e+00,4.783486702474e-07,1.588344361207e-06,0.000000000000e+00,0.000000000000e+00,1.000000000000e+00,-9.437649761632e-02,2.417284605088e-13,5.123131031989e-13,0.000000000000e+00,0.000000000000e+00,0.000000000000e+00,1.000000000000e+00,4.795749999786e-06,-1.583082330186e-06,-4.785985379181e-07,0.000000000000e+00,0.000000000000e+00
3.000000000000e-12,OK,,6.293903409116e-06,-1.319695877403e-06,-4.126478867404e-07,1.319695877403e-06,4.126478867404e-07,1.319695877403e-06,4.868921000000e-08,6.671373300000e-08,3.000000000000e-02,1,1,1.500000000000e-02,24,2.448440083070e+00,BORIS,L1/dt-3e-12/eps-0.03/ranks-1,6.293903409116e-06,7.205443086574e-07,R34,2.207300000000e+00,-1.386353198029e+00,-1.278845445898e+00,0.000000000000e+00,0.000000000000e+00,0.000000000000e+00,-7.209434058982e-01,-1.386353151132e+00,0.000000000000e+00,0.000000000000e+00,0.000000000000e+00,0.000000000000e+00,0.000000000000e+00,3.851349040152e+00,1.040675686408e+01,0.000000000000e+00,0.000000000000e+00,0.000000000000e+00,0.000000000000e+00,1.329221897934e+00,3.851348962037e+00,0.000000000000e+00,0.000000000000e+00,3.945116280272e-07,1.310527629077e-06,0.000000000000e+00,0.000000000000e+00,1.000000000000e+00,-9.437664721844e-02,-9.857085569154e-14,-5.440716302866e-14,0.000000000000e+00,0.000000000000e+00,0.000000000000e+00,1.000000000000e+00,4.795969999805e-06,-1.584721157505e-06,-4.786387872911e-07,0.000000000000e+00,0.000000000000e+00
3.000000000000e-12,OK,,1.930455834085e-04,3.237594608467e-05,7.966707337108e-06,3.237594608467e-05,7.966707337108e-06,3.237594608467e-05,5.939600600000e-06,8.293162100000e-06,1.000000000000e-01,1,1,5.000000000000e-02,24,2.511876666918e+00,BORIS,L1/dt-3e-12/eps-0.1/ranks-1,1.930455834085e-04,2.135090099112e-05,R34,2.268170000000e+00,-1.386324379994e+00,-1.278758694880e+00,0.000000000000e+00,0.000000000000e+00,0.000000000000e+00,-7.209317194025e-01,-1.386320142078e+00,0.000000000000e+00,0.000000000000e+00,0.000000000000e+00,0.000000000000e+00,0.000000000000e+00,3.851264295114e+00,1.040657011240e+01,0.000000000000e+00,0.000000000000e+00,0.000000000000e+00,0.000000000000e+00,1.329180380776e+00,3.851257675815e+00,0.000000000000e+00,0.000000000000e+00,-1.034040728162e-05,-3.364900579945e-05,0.000000000000e+00,0.000000000000e+00,1.000000000000e+00,-9.439528466031e-02,-1.264994478530e-14,-4.488932047104e-14,0.000000000000e+00,0.000000000000e+00,0.000000000000e+00,1.000000000000e+00,4.790729999371e-06,-1.583782487110e-06,-4.784740233970e-07,0.000000000000e+00,0.000000000000e+00
1.000000000000e-11,OK,,5.334341340912e-05,-1.755450880024e-05,-5.241303665091e-06,1.755450880024e-05,5.241303665091e-06,1.755450880024e-05,6.449536700000e-09,1.037453000000e-07,1.000000000000e-06,1,1,5.000000000000e-07,24,1.878326666076e+00,BORIS,L1/dt-1e-11/eps-1e-06/ranks-1,5.334341340912e-05,7.038550115645e-06,R34,1.643930000000e+00,-1.386365335104e+00,-1.278884769160e+00,0.000000000000e+00,0.000000000000e+00,0.000000000000e+00,-7.209473033833e-01,-1.386365110647e+00,0.000000000000e+00,0.000000000000e+00,0.000000000000e+00,0.000000000000e+00,0.000000000000e+00,3.851325615067e+00,1.040670981457e+01,0.000000000000e+00,0.000000000000e+00,0.000000000000e+00,0.000000000000e+00,1.329210510674e+00,3.851325374577e+00,0.000000000000e+00,0.000000000000e+00,5.285780070161e-06,1.755500355364e-05,0.000000000000e+00,0.000000000000e+00,1.000000000064e+00,-9.436918341117e-02,-1.198165342277e-10,9.773036998224e-10,0.000000000000e+00,0.000000000000e+00,0.000000000000e+00,1.000000000852e+00,5.334667000056e-05,-1.770775781851e-05,-7.085153146823e-06,0.000000000000e+00,0.000000000000e+00
1.000000000000e-11,OK,,5.342871340908e-05,-1.744021886333e-05,-5.289446063159e-06,1.744021886333e-05,5.289446063159e-06,1.744021886333e-05,1.614266700000e-08,9.193327900000e-09,3.000000000000e-06,1,1,1.500000000000e-06,24,1.890938375145e+00,BORIS,L1/dt-1e-11/eps-3e-06/ranks-1,5.342871340908e-05,7.024098107821e-06,R34,1.670890000000e+00,-1.386365176727e+00,-1.278884399527e+00,0.000000000000e+00,0.000000000000e+00,0.000000000000e+00,-7.209472971922e-01,-1.386365073732e+00,0.000000000000e+00,0.000000000000e+00,0.000000000000e+00,0.000000000000e+00,0.000000000000e+00,3.851325573401e+00,1.040670972927e+01,0.000000000000e+00,0.000000000000e+00,0.000000000000e+00,0.000000000000e+00,1.329210489375e+00,3.851325330974e+00,0.000000000000e+00,0.000000000000e+00,5.242594393410e-06,1.741576232196e-05,0.000000000000e+00,0.000000000000e+00,1.000000000002e+00,-9.436912429601e-02,1.890025934100e-10,2.013350751076e-10,0.000000000000e+00,0.000000000000e+00,0.000000000000e+00,1.000000000315e+00,5.343197000052e-05,-1.116150018153e-05,-5.493594838276e-06,0.000000000000e+00,0.000000000000e+00
1.000000000000e-11,OK,,5.300755340976e-05,-1.745644235762e-05,-5.260217647360e-06,1.745644235762e-05,5.260217647360e-06,1.745644235762e-05,2.404406700000e-08,2.694441600000e-05,1.000000000000e-05,1,1,5.000000000000e-06,24,1.878958624788e+00,BORIS,L1/dt-1e-11/eps-1e-05/ranks-1,5.300755340976e-05,7.767628063242e-06,R34,1.658420000000e+00,-1.386365184212e+00,-1.278884339475e+00,0.000000000000e+00,0.000000000000e+00,0.000000000000e+00,-7.209472723111e-01,-1.386365006772e+00,0.000000000000e+00,0.000000000000e+00,0.000000000000e+00,0.000000000000e+00,0.000000000000e+00,3.851325779126e+00,1.040671015043e+01,0.000000000000e+00,0.000000000000e+00,0.000000000000e+00,0.000000000000e+00,1.329210594538e+00,3.851325546262e+00,0.000000000000e+00,0.000000000000e+00,-2.165182321094e-05,3.308964643801e-05,0.000000000000e+00,0.000000000000e+00,1.000000000008e+00,-9.435412318257e-02,-7.265545603541e-12,2.040482713088e-10,0.000000000000e+00,0.000000000000e+00,0.000000000000e+00,1.000000000210e+00,5.301074000030e-05,-2.010909920106e-05,-4.284839365098e-06,0.000000000000e+00,0.000000000000e+00
1.000000000000e-11,OK,,5.331849340884e-05,-1.745087026633e-05,-5.272411494736e-06,1.745087026633e-05,5.272411494736e-06,1.745087026633e-05,2.550680500000e-08,8.978917500000e-06,3.000000000000e-05,1,1,1.500000000000e-05,24,1.925893582869e+00,BORIS,L1/dt-1e-11/eps-3e-05/ranks-1,5.331849340884e-05,7.157074189273e-06,R34,1.701520000000e+00,-1.386365172250e+00,-1.278884339706e+00,0.000000000000e+00,0.000000000000e+00,0.000000000000e+00,-7.209472748757e-01,-1.386365019483e+00,0.000000000000e+00,0.000000000000e+00,0.000000000000e+00,0.000000000000e+00,0.000000000000e+00,3.851325615068e+00,1.040670983949e+01,0.000000000000e+00,0.000000000000e+00,0.000000000000e+00,0.000000000000e+00,1.329210510674e+00,3.851325389957e+00,0.000000000000e+00,0.000000000000e+00,-3.707249541613e-06,2.266574611987e-05,0.000000000000e+00,0.000000000000e+00,9.999999999968e-01,-9.436412320623e-02,1.794040454294e-11,4.425234992056e-11,0.000000000000e+00,0.000000000000e+00,0.000000000000e+00,9.999999999519e-01,5.332169999939e-05,-1.725796257781e-05,-5.351998551837e-06,0.000000000000e+00,0.000000000000e+00
1.000000000000e-11,OK,,5.334341340912e-05,-1.745056912177e-05,-5.269321614052e-06,1.745056912177e-05,5.269321614052e-06,1.745056912177e-05,2.203428600000e-10,2.694368000000e-06,1.000000000000e-04,1,1,5.000000000000e-05,24,1.921642290894e+00,BORIS,L1/dt-1e-11/eps-0.0001/ranks-1,5.334341340912e-05,7.044460146702e-06,R34,1.699050000000e+00,-1.386365170740e+00,-1.278884331989e+00,0.000000000000e+00,0.000000000000e+00,0.000000000000e+00,-7.209472768747e-01,-1.386365019067e+00,0.000000000000e+00,0.000000000000e+00,0.000000000000e+00,0.000000000000e+00,0.000000000000e+00,3.851325615068e+00,1.040670981457e+01,0.000000000000e+00,0.000000000000e+00,0.000000000000e+00,0.000000000000e+00,1.329210510674e+00,3.851325374577e+00,0.000000000000e+00,0.000000000000e+00,2.581367609418e-06,1.901635177201e-05,0.000000000000e+00,0.000000000000e+00,9.999999999993e-01,-9.436763974222e-02,7.927059811041e-12,5.034471332050e-11,0.000000000000e+00,0.000000000000e+00,0.000000000000e+00,9.999999999980e-01,5.334667000056e-05,-1.716751324834e-05,-5.205691575975e-06,0.000000000000e+00,0.000000000000e+00
1.000000000000e-11,OK,,5.332442340844e-05,-1.745021165599e-05,-5.269634980274e-06,1.745021165599e-05,5.269634980274e-06,1.745021165599e-05,1.967597400000e-08,8.971322600000e-07,3.000000000000e-04,1,1,1.500000000000e-04,24,1.906469915994e+00,BORIS,L1/dt-1e-11/eps-0.0003/ranks-1,5.332442340844e-05,7.021958801440e-06,R34,1.687460000000e+00,-1.386365171342e+00,-1.278884333127e+00,0.000000000000e+00,0.000000000000e+00,0.000000000000e+00,-7.209472766535e-01,-1.386365018846e+00,0.000000000000e+00,0.000000000000e+00,0.000000000000e+00,0.000000000000e+00,0.000000000000e+00,3.851325615068e+00,1.040670983356e+01,0.000000000000e+00,0.000000000000e+00,0.000000000000e+00,0.000000000000e+00,1.329210510674e+00,3.851325386296e+00,0.000000000000e+00,0.000000000000e+00,4.377911993778e-06,1.797513094327e-05,0.000000000000e+00,0.000000000000e+00,1.000000000000e+00,-9.436863991001e-02,-9.426989577430e-13,2.579335368934e-12,0.000000000000e+00,0.000000000000e+00,0.000000000000e+00,1.000000000004e+00,5.332768999899e-05,-1.747357843592e-05,-5.244597135922e-06,0.000000000000e+00,0.000000000000e+00
1.000000000000e-11,OK,,5.334341340912e-05,-1.745069390487e-05,-5.269664784691e-06,1.745069390487e-05,5.269664784691e-06,1.745069390487e-05,1.246655000000e-10,2.688477900000e-07,1.000000000000e-03,1,1,5.000000000000e-04,24,1.856251332909e+00,BORIS,L1/dt-1e-11/eps-0.001/ranks-1,5.334341340912e-05,7.016998021107e-06,R34,1.640190000000e+00,-1.386365171386e+00,-1.278884333241e+00,0.000000000000e+00,0.000000000000e+00,0.000000000000e+00,-7.209472764893e-01,-1.386365018786e+00,0.000000000000e+00,0.000000000000e+00,0.000000000000e+00,0.000000000000e+00,0.000000000000e+00,3.851325615067e+00,1.040670981457e+01,0.000000000000e+00,0.000000000000e+00,0.000000000000e+00,0.000000000000e+00,1.329210510674e+00,3.851325374576e+00,0.000000000000e+00,0.000000000000e+00,5.006502710804e-06,1.761088362649e-05,0.000000000000e+00,0.000000000000e+00,9.999999999999e-01,-9.436899050542e-02,2.600490397812e-13,-9.180965219892e-13,0.000000000000e+00,0.000000000000e+00,0.000000000000e+00,9.999999999973e-01,5.334671000057e-05,-1.746963510448e-05,-5.273906920711e-06,0.000000000000e+00,0.000000000000e+00
1.000000000000e-11,OK,,5.300230340843e-05,-1.745065944994e-05,-5.269642578587e-06,1.745065944994e-05,5.269642578587e-06,1.745065944994e-05,2.670266500000e-08,8.196546300000e-08,3.000000000000e-03,1,1,1.500000000000e-03,24,1.848270582967e+00,BORIS,L1/dt-1e-11/eps-0.003/ranks-1,5.300230340843e-05,6.988110134586e-06,R34,1.626050000000e+00,-1.386365171343e+00,-1.278884333157e+00,0.000000000000e+00,0.000000000000e+00,0.000000000000e+00,-7.209472764553e-01,-1.386365018719e+00,0.000000000000e+00,0.000000000000e+00,0.000000000000e+00,0.000000000000e+00,0.000000000000e+00,3.851325781694e+00,1.040671015568e+01,0.000000000000e+00,0.000000000000e+00,0.000000000000e+00,0.000000000000e+00,1.329210595852e+00,3.851325548948e+00,0.000000000000e+00,0.000000000000e+00,5.193390997970e-06,1.751017344565e-05,0.000000000000e+00,0.000000000000e+00,1.000000000000e+00,-9.436908695277e-02,6.087239761679e-14,-2.081043254171e-13,0.000000000000e+00,0.000000000000e+00,0.000000000000e+00,9.999999999997e-01,5.300544999898e-05,-1.744318079285e-05,-5.270404065519e-06,0.000000000000e+00,0.000000000000e+00
1.000000000000e-11,OK,,5.344790340978e-05,-1.744733512609e-05,-5.268787467959e-06,1.744733512609e-05,5.268787467959e-06,1.744733512609e-05,5.965292000000e-09,4.297047100000e-08,1.000000000000e-02,1,1,5.000000000000e-03,24,1.868153166957e+00,BORIS,L1/dt-1e-11/eps-0.01/ranks-1,5.344790340978e-05,7.022232054160e-06,R34,1.649010000000e+00,-1.386365168500e+00,-1.278884324755e+00,0.000000000000e+00,0.000000000000e+00,0.000000000000e+00,-7.209472753205e-01,-1.386365015590e+00,0.000000000000e+00,0.000000000000e+00,0.000000000000e+00,0.000000000000e+00,0.000000000000e+00,3.851325564680e+00,1.040670971008e+01,0.000000000000e+00,0.000000000000e+00,0.000000000000e+00,0.000000000000e+00,1.329210485095e+00,3.851325321576e+00,0.000000000000e+00,0.000000000000e+00,5.231174808529e-06,1.745739443161e-05,0.000000000000e+00,0.000000000000e+00,1.000000000000e+00,-9.436913621336e-02,1.675135923182e-13,6.453284151224e-13,0.000000000000e+00,0.000000000000e+00,0.000000000000e+00,1.000000000000e+00,5.343251000056e-05,-1.744237228629e-05,-5.267405330601e-06,0.000000000000e+00,0.000000000000e+00
1.000000000000e-11,OK,,5.481818340947e-05,-1.717909540997e-05,-5.201434258990e-06,1.717909540997e-05,5.201434258990e-06,1.717909540997e-05,2.140351300000e-08,6.695365000000e-08,3.000000000000e-02,1,1,1.500000000000e-02,24,2.112835082924e+00,BORIS,L1/dt-1e-11/eps-0.03/ranks-1,5.481818340947e-05,7.085824789434e-06,R34,1.864860000000e+00,-1.386364939288e+00,-1.278883634829e+00,0.000000000000e+00,0.000000000000e+00,0.000000000000e+00,-7.209471820127e-01,-1.386364752332e+00,0.000000000000e+00,0.000000000000e+00,0.000000000000e+00,0.000000000000e+00,0.000000000000e+00,3.851324934838e+00,1.040670833980e+01,0.000000000000e+00,0.000000000000e+00,0.000000000000e+00,0.000000000000e+00,1.329210177313e+00,3.851324656865e+00,0.000000000000e+00,0.000000000000e+00,5.170880358441e-06,1.717214242155e-05,0.000000000000e+00,0.000000000000e+00,1.000000000000e+00,-9.436928820380e-02,-8.687606094749e-14,-1.086712217765e-13,0.000000000000e+00,0.000000000000e+00,0.000000000000e+00,1.000000000000e+00,5.332025000016e-05,-1.744412069007e-05,-5.267425159541e-06,0.000000000000e+00,0.000000000000e+00
1.000000000000e-11,OK,,2.413382734101e-04,1.649388940552e-05,3.168892593270e-06,1.649388940552e-05,3.168892593270e-06,1.649388940552e-05,5.946914900000e-06,8.279812800000e-06,1.000000000000e-01,1,1,5.000000000000e-02,24,2.078570999904e+00,BORIS,L1/dt-1e-11/eps-0.1/ranks-1,2.413382734101e-04,2.486385938514e-05,R34,1.828760000000e+00,-1.386336147868e+00,-1.278796944664e+00,0.000000000000e+00,0.000000000000e+00,0.000000000000e+00,-7.209355048570e-01,-1.386331766689e+00,0.000000000000e+00,0.000000000000e+00,0.000000000000e+00,0.000000000000e+00,0.000000000000e+00,3.851240316243e+00,1.040652181971e+01,0.000000000000e+00,0.000000000000e+00,0.000000000000e+00,0.000000000000e+00,1.329168724872e+00,3.851233486475e+00,0.000000000000e+00,0.000000000000e+00,-5.536453379355e-06,-1.776326322779e-05,0.000000000000e+00,0.000000000000e+00,1.000000000000e+00,-9.438793511014e-02,-1.786101428474e-14,1.494109217132e-15,0.000000000000e+00,0.000000000000e+00,0.000000000000e+00,1.000000000000e+00,5.308342000099e-05,-1.746583916626e-05,-5.276288767235e-06,0.000000000000e+00,0.000000000000e+00
3.000000000000e-11,OK,,4.572924234090e-04,-1.520682298494e-04,-4.614418852459e-05,1.520682298494e-04,4.614418852459e-05,1.520682298494e-04,1.304262900000e-08,8.016773000000e-08,1.000000000000e-06,1,1,5.000000000000e-07,24,1.783220250160e+00,BORIS,L1/dt-3e-11/eps-1e-06/ranks-1,4.572924234090e-04,6.052049906045e-05,R34,1.559410000000e+00,-1.386464257747e+00,-1.279208152663e+00,0.000000000000e+00,0.000000000000e+00,0.000000000000e+00,-7.209792701648e-01,-1.386463850668e+00,0.000000000000e+00,0.000000000000e+00,0.000000000000e+00,0.000000000000e+00,0.000000000000e+00,3.851125408028e+00,1.040630586556e+01,0.000000000000e+00,0.000000000000e+00,0.000000000000e+00,0.000000000000e+00,1.329112813516e+00,3.851122177524e+00,0.000000000000e+00,0.000000000000e+00,4.574086829691e-05,1.518522502522e-04,0.000000000000e+00,0.000000000000e+00,9.999999998776e-01,-9.430654165585e-02,7.711057601779e-10,7.431839383148e-10,0.000000000000e+00,0.000000000000e+00,0.000000000000e+00,9.999999998514e-01,4.572956800004e-04,-1.522214788677e-04,-4.798803800632e-05,0.000000000000e+00,0.000000000000e+00
3.000000000000e-11,OK,,4.569322434094e-04,-1.519032654347e-04,-4.606554005216e-05,1.519032654347e-04,4.606554005216e-05,1.519032654347e-04,3.623944400000e-08,2.952925200000e-08,3.000000000000e-06,1,1,1.500000000000e-06,24,1.793991915882e+00,BORIS,L1/dt-3e-11/eps-3e-06/ranks-1,4.569322434094e-04,6.046822546387e-05,R34,1.575300000000e+00,-1.386464152536e+00,-1.279207835746e+00,0.000000000000e+00,0.000000000000e+00,0.000000000000e+00,-7.209792380761e-01,-1.386463730571e+00,0.000000000000e+00,0.000000000000e+00,0.000000000000e+00,0.000000000000e+00,0.000000000000e+00,3.851125574693e+00,1.040630622574e+01,0.000000000000e+00,0.000000000000e+00,0.000000000000e+00,0.000000000000e+00,1.329112898712e+00,3.851122363657e+00,0.000000000000e+00,0.000000000000e+00,4.565528345182e-05,1.516736511138e-04,0.000000000000e+00,0.000000000000e+00,1.000000000002e+00,-9.430669254419e-02,-3.509491707641e-10,-8.615381580944e-11,0.000000000000e+00,0.000000000000e+00,0.000000000000e+00,9.999999999207e-01,4.569355000008e-04,-1.456245467529e-04,-4.626968882728e-05,0.000000000000e+00,0.000000000000e+00
3.000000000000e-11,OK,,4.569575534088e-04,-1.548767291274e-04,-4.688692172736e-05,1.548767291274e-04,4.688692172736e-05,1.548767291274e-04,1.917199400000e-08,1.038802700000e-04,1.000000000000e-05,1,1,5.000000000000e-06,24,1.824297584128e+00,BORIS,L1/dt-3e-11/eps-1e-05/ranks-1,4.569575534088e-04,6.097562021612e-05,R34,1.606200000000e+00,-1.386466547627e+00,-1.279215067881e+00,0.000000000000e+00,0.000000000000e+00,0.000000000000e+00,-7.209798997531e-01,-1.386465738193e+00,0.000000000000e+00,0.000000000000e+00,0.000000000000e+00,0.000000000000e+00,0.000000000000e+00,3.851125574693e+00,1.040630620043e+01,0.000000000000e+00,0.000000000000e+00,0.000000000000e+00,0.000000000000e+00,1.329112898712e+00,3.851122348031e+00,0.000000000000e+00,0.000000000000e+00,1.505361246914e-04,9.443452774065e-05,0.000000000000e+00,0.000000000000e+00,9.999999999892e-01,-9.436343157440e-02,9.417973248220e-11,9.443314052927e-11,0.000000000000e+00,0.000000000000e+00,0.000000000000e+00,9.999999999683e-01,4.569607399993e-04,-1.575293859708e-04,-4.591154344510e-05,0.000000000000e+00,0.000000000000e+00
3.000000000000e-11,OK,,4.569512234092e-04,-1.548722585523e-04,-4.688839450767e-05,1.548722585523e-04,4.688839450767e-05,1.548722585523e-04,2.413980100000e-09,2.423467300000e-04,3.000000000000e-05,1,1,1.500000000000e-05,24,1.823164917063e+00,BORIS,L1/dt-3e-11/eps-3e-05/ranks-1,4.569512234092e-04,6.814383713667e-05,R34,1.607130000000e+00,-1.386466555651e+00,-1.279215060918e+00,0.000000000000e+00,0.000000000000e+00,0.000000000000e+00,-7.209799024247e-01,-1.386465736297e+00,0.000000000000e+00,0.000000000000e+00,0.000000000000e+00,0.000000000000e+00,0.000000000000e+00,3.851125574693e+00,1.040630620676e+01,0.000000000000e+00,0.000000000000e+00,0.000000000000e+00,0.000000000000e+00,1.329112898712e+00,3.851122351937e+00,0.000000000000e+00,0.000000000000e+00,-1.956961380429e-04,2.955166905241e-04,0.000000000000e+00,0.000000000000e+00,1.000000000002e+00,-9.417011594267e-02,5.189758110152e-12,7.166786947430e-11,0.000000000000e+00,0.000000000000e+00,0.000000000000e+00,9.999999999836e-01,4.569544299997e-04,-1.546793508638e-04,-4.696798156477e-05,0.000000000000e+00,0.000000000000e+00
3.000000000000e-11,OK,,4.569259134097e-04,-1.548875953520e-04,-4.689023562771e-05,1.548875953520e-04,4.689023562771e-05,1.548875953520e-04,4.416940100000e-09,7.270634400000e-05,1.000000000000e-04,1,1,5.000000000000e-05,24,1.831495792139e+00,BORIS,L1/dt-3e-11/eps-0.0001/ranks-1,4.569259134097e-04,6.209375218219e-05,R34,1.608320000000e+00,-1.386466547351e+00,-1.279215088978e+00,0.000000000000e+00,0.000000000000e+00,0.000000000000e+00,-7.209799003013e-01,-1.386465743008e+00,0.000000000000e+00,0.000000000000e+00,0.000000000000e+00,0.000000000000e+00,0.000000000000e+00,3.851125574693e+00,1.040630623207e+01,0.000000000000e+00,0.000000000000e+00,0.000000000000e+00,0.000000000000e+00,1.329112898712e+00,3.851122367563e+00,0.000000000000e+00,0.000000000000e+00,-2.604724368285e-05,1.969920700507e-04,0.000000000000e+00,0.000000000000e+00,1.000000000001e+00,-9.426483743116e-02,-3.145615875034e-12,7.004799235082e-12,0.000000000000e+00,0.000000000000e+00,0.000000000000e+00,1.000000000001e+00,4.569291700012e-04,-1.546045394786e-04,-4.682660558963e-05,0.000000000000e+00,0.000000000000e+00
3.000000000000e-11,OK,,4.570175434093e-04,-1.548791976064e-04,-4.688817457968e-05,1.548791976064e-04,4.688817457968e-05,1.548791976064e-04,1.335871300000e-08,2.422916100000e-05,3.000000000000e-04,1,1,1.500000000000e-04,24,1.801919166930e+00,BORIS,L1/dt-3e-11/eps-0.0003/ranks-1,4.570175434093e-04,6.123140259912e-05,R34,1.583200000000e+00,-1.386466551105e+00,-1.279215074947e+00,0.000000000000e+00,0.000000000000e+00,0.000000000000e+00,-7.209799007473e-01,-1.386465738818e+00,0.000000000000e+00,0.000000000000e+00,0.000000000000e+00,0.000000000000e+00,0.000000000000e+00,3.851125533027e+00,1.040630614044e+01,0.000000000000e+00,0.000000000000e+00,0.000000000000e+00,0.000000000000e+00,1.329112877413e+00,3.851122320054e+00,0.000000000000e+00,0.000000000000e+00,2.242674104080e-05,1.688346579856e-04,0.000000000000e+00,0.000000000000e+00,9.999999999999e-01,-9.429190429406e-02,5.388072081490e-12,9.063035245410e-12,0.000000000000e+00,0.000000000000e+00,0.000000000000e+00,1.000000000004e+00,4.570208099999e-04,-1.549025643863e-04,-4.686313673533e-05,0.000000000000e+00,0.000000000000e+00
3.000000000000e-11,OK,,4.572924234090e-04,-1.548787924179e-04,-4.688784981552e-05,1.548787924179e-04,4.688784981552e-05,1.548787924179e-04,1.335838900000e-08,7.264560800000e-06,1.000000000000e-03,1,1,5.000000000000e-04,24,1.787485582987e+00,BORIS,L1/dt-3e-11/eps-0.001/ranks-1,4.572924234090e-04,6.104763292402e-05,R34,1.569460000000e+00,-1.386466551401e+00,-1.279215076412e+00,0.000000000000e+00,0.000000000000e+00,0.000000000000e+00,-7.209799006611e-01,-1.386465739206e+00,0.000000000000e+00,0.000000000000e+00,0.000000000000e+00,0.000000000000e+00,0.000000000000e+00,3.851125408027e+00,1.040630586556e+01,0.000000000000e+00,0.000000000000e+00,0.000000000000e+00,0.000000000000e+00,1.329112813516e+00,3.851122177523e+00,0.000000000000e+00,0.000000000000e+00,3.939149996790e-05,1.589802489218e-04,0.000000000000e+00,0.000000000000e+00,1.000000000000e+00,-9.430137751322e-02,1.272591488096e-12,1.818772598045e-12,0.000000000000e+00,0.000000000000e+00,0.000000000000e+00,1.000000000002e+00,4.572957200004e-04,-1.548977336175e-04,-4.689209195154e-05,0.000000000000e+00,0.000000000000e+00
3.000000000000e-11,OK,,4.572925734099e-04,-1.548789268713e-04,-4.688819023903e-05,1.548789268713e-04,4.688819023903e-05,1.548789268713e-04,1.270710200000e-08,2.417575700000e-06,3.000000000000e-03,1,1,1.500000000000e-03,24,1.781909750076e+00,BORIS,L1/dt-3e-11/eps-0.003/ranks-1,4.572925734099e-04,6.099840662402e-05,R34,1.560290000000e+00,-1.386466549602e+00,-1.279215074090e+00,0.000000000000e+00,0.000000000000e+00,0.000000000000e+00,-7.209799005211e-01,-1.386465739199e+00,0.000000000000e+00,0.000000000000e+00,0.000000000000e+00,0.000000000000e+00,0.000000000000e+00,3.851125407960e+00,1.040630586541e+01,0.000000000000e+00,0.000000000000e+00,0.000000000000e+00,0.000000000000e+00,1.329112813483e+00,3.851122177451e+00,0.000000000000e+00,0.000000000000e+00,4.423811030730e-05,1.561634067334e-04,0.000000000000e+00,0.000000000000e+00,1.000000000000e+00,-9.430408445201e-02,-6.630410710568e-13,-9.731136544168e-13,0.000000000000e+00,0.000000000000e+00,0.000000000000e+00,9.999999999998e-01,4.572957200004e-04,-1.548714482142e-04,-4.688895172596e-05,0.000000000000e+00,0.000000000000e+00
3.000000000000e-11,OK,,4.569690434089e-04,-1.548755690430e-04,-4.688708271644e-05,1.548755690430e-04,4.688708271644e-05,1.548755690430e-04,1.371137200000e-08,6.814417400000e-07,1.000000000000e-02,1,1,5.000000000000e-03,24,1.815724791959e+00,BORIS,L1/dt-3e-11/eps-0.01/ranks-1,4.569690434089e-04,6.095669770476e-05,R34,1.600390000000e+00,-1.386466548513e+00,-1.279215066307e+00,0.000000000000e+00,0.000000000000e+00,0.000000000000e+00,-7.209798996666e-01,-1.386465735409e+00,0.000000000000e+00,0.000000000000e+00,0.000000000000e+00,0.000000000000e+00,0.000000000000e+00,3.851125566645e+00,1.040630618894e+01,0.000000000000e+00,0.000000000000e+00,0.000000000000e+00,0.000000000000e+00,1.329112894774e+00,3.851122343241e+00,0.000000000000e+00,0.000000000000e+00,4.597335875484e-05,1.551908448739e-04,0.000000000000e+00,0.000000000000e+00,1.000000000000e+00,-9.430501465404e-02,-5.455969881204e-14,4.006870479485e-15,0.000000000000e+00,0.000000000000e+00,0.000000000000e+00,9.999999999997e-01,4.569536499996e-04,-1.548706062032e-04,-4.688570057908e-05,0.000000000000e+00,0.000000000000e+00
3.000000000000e-11,OK,,4.588585834089e-04,-1.546061712616e-04,-4.681969271737e-05,1.546061712616e-04,4.681969271737e-05,1.546061712616e-04,1.273134900000e-10,3.848745900000e-07,3.000000000000e-02,1,1,1.500000000000e-02,24,2.092301290948e+00,BORIS,L1/dt-3e-11/eps-0.03/ranks-1,4.588585834089e-04,6.104945751819e-05,R34,1.850020000000e+00,-1.386466318359e+00,-1.279214383264e+00,0.000000000000e+00,0.000000000000e+00,0.000000000000e+00,-7.209798064038e-01,-1.386465477328e+00,0.000000000000e+00,0.000000000000e+00,0.000000000000e+00,0.000000000000e+00,0.000000000000e+00,3.851124683186e+00,1.040630429940e+01,0.000000000000e+00,0.000000000000e+00,0.000000000000e+00,0.000000000000e+00,1.329112457362e+00,3.851121413136e+00,0.000000000000e+00,0.000000000000e+00,4.616912584413e-05,1.545114751684e-04,0.000000000000e+00,0.000000000000e+00,1.000000000000e+00,-9.430554216518e-02,2.397132515353e-15,-3.319018849291e-14,0.000000000000e+00,0.000000000000e+00,0.000000000000e+00,1.000000000000e+00,4.573606499996e-04,-1.548711965417e-04,-4.688568361792e-05,0.000000000000e+00,0.000000000000e+00
3.000000000000e-11,OK,,6.454616534093e-04,-1.209259424790e-04,-3.844605872978e-05,1.209259424790e-04,3.844605872978e-05,1.209259424790e-04,5.880218700000e-06,8.273516400000e-06,1.000000000000e-01,1,1,5.000000000000e-02,24,2.044318000088e+00,BORIS,L1/dt-3e-11/eps-0.1/ranks-1,6.454616534093e-04,7.224380499038e-05,R34,1.802930000000e+00,-1.386437517858e+00,-1.279127670198e+00,0.000000000000e+00,0.000000000000e+00,0.000000000000e+00,-7.209681263008e-01,-1.386432479940e+00,0.000000000000e+00,0.000000000000e+00,0.000000000000e+00,0.000000000000e+00,0.000000000000e+00,3.851040009473e+00,1.040611769633e+01,0.000000000000e+00,0.000000000000e+00,0.000000000000e+00,0.000000000000e+00,1.329070977691e+00,3.851030209363e+00,0.000000000000e+00,0.000000000000e+00,3.573935539545e-05,1.194913681038e-04,0.000000000000e+00,0.000000000000e+00,1.000000000000e+00,-9.432420299336e-02,-2.143514453989e-15,-2.385001354080e-14,0.000000000000e+00,0.000000000000e+00,0.000000000000e+00,1.000000000000e+00,4.572068000002e-04,-1.548856710508e-04,-4.689124009029e-05,0.000000000000e+00,0.000000000000e+00
1.000000000000e-10,INVALID,time step too long for QACH field extent,,,,,,,,,1.000000000000e-06,1,1,5.000000000000e-07,24,2.211369159631e-01,BORIS,L1/dt-1e-10/eps-1e-06/ranks-1,,,,,,,,,,,,,,,,,,,,,,,,,,,,,,,,,,,,,,,,,,,
1.000000000000e-10,INVALID,time step too long for QACH field extent,,,,,,,,,3.000000000000e-06,1,1,1.500000000000e-06,24,2.216109579895e-01,BORIS,L1/dt-1e-10/eps-3e-06/ranks-1,,,,,,,,,,,,,,,,,,,,,,,,,,,,,,,,,,,,,,,,,,,
1.000000000000e-10,INVALID,time step too long for QACH field extent,,,,,,,,,1.000000000000e-05,1,1,5.000000000000e-06,24,2.234200830571e-01,BORIS,L1/dt-1e-10/eps-1e-05/ranks-1,,,,,,,,,,,,,,,,,,,,,,,,,,,,,,,,,,,,,,,,,,,
1.000000000000e-10,INVALID,time step too long for QACH field extent,,,,,,,,,3.000000000000e-05,1,1,1.500000000000e-05,24,2.234637499787e-01,BORIS,L1/dt-1e-10/eps-3e-05/ranks-1,,,,,,,,,,,,,,,,,,,,,,,,,,,,,,,,,,,,,,,,,,,
1.000000000000e-10,INVALID,time step too long for QACH field extent,,,,,,,,,1.000000000000e-04,1,1,5.000000000000e-05,24,2.233189579565e-01,BORIS,L1/dt-1e-10/eps-0.0001/ranks-1,,,,,,,,,,,,,,,,,,,,,,,,,,,,,,,,,,,,,,,,,,,
1.000000000000e-10,INVALID,time step too long for QACH field extent,,,,,,,,,3.000000000000e-04,1,1,1.500000000000e-04,24,2.235363749787e-01,BORIS,L1/dt-1e-10/eps-0.0003/ranks-1,,,,,,,,,,,,,,,,,,,,,,,,,,,,,,,,,,,,,,,,,,,
1.000000000000e-10,INVALID,time step too long for QACH field extent,,,,,,,,,1.000000000000e-03,1,1,5.000000000000e-04,24,2.250738339499e-01,BORIS,L1/dt-1e-10/eps-0.001/ranks-1,,,,,,,,,,,,,,,,,,,,,,,,,,,,,,,,,,,,,,,,,,,
1.000000000000e-10,INVALID,time step too long for QACH field extent,,,,,,,,,3.000000000000e-03,1,1,1.500000000000e-03,24,2.251300839707e-01,BORIS,L1/dt-1e-10/eps-0.003/ranks-1,,,,,,,,,,,,,,,,,,,,,,,,,,,,,,,,,,,,,,,,,,,
1.000000000000e-10,INVALID,time step too long for QACH field extent,,,,,,,,,1.000000000000e-02,1,1,5.000000000000e-03,24,2.250842920039e-01,BORIS,L1/dt-1e-10/eps-0.01/ranks-1,,,,,,,,,,,,,,,,,,,,,,,,,,,,,,,,,,,,,,,,,,,
1.000000000000e-10,INVALID,time step too long for QACH field extent,,,,,,,,,3.000000000000e-02,1,1,1.500000000000e-02,24,2.385772918351e-01,BORIS,L1/dt-1e-10/eps-0.03/ranks-1,,,,,,,,,,,,,,,,,,,,,,,,,,,,,,,,,,,,,,,,,,,
1.000000000000e-10,INVALID,time step too long for QACH field extent,,,,,,,,,1.000000000000e-01,1,1,5.000000000000e-02,24,2.445617921185e-01,BORIS,L1/dt-1e-10/eps-0.1/ranks-1,,,,,,,,,,,,,,,,,,,,,,,,,,,,,,,,,,,,,,,,,,,
1.000000000000e-13,OK,,4.723577699556e-05,-1.058438399449e-05,-2.637132012791e-06,1.058438399449e-05,2.637132012791e-06,1.058438399449e-05,2.352898700000e-07,3.594275200000e-05,1.000000000000e-06,2,1,2.500000000000e-07,36,3.959141941601e+01,BORIS,L2/dt-1e-13/eps-1e-06/ranks-1,4.723577699556e-05,4.712001848860e-06,R52,3.936310000000e+01,-1.386357894945e+00,-1.278866709833e+00,0.000000000000e+00,0.000000000000e+00,0.000000000000e+00,-7.209386667854e-01,-1.386355007659e+00,0.000000000000e+00,0.000000000000e+00,0.000000000000e+00,0.000000000000e+00,0.000000000000e+00,3.851352100262e+00,1.040676316124e+01,0.000000000000e+00,0.000000000000e+00,0.000000000000e+00,0.000000000000e+00,1.329223389160e+00,3.851352100048e+00,0.000000000000e+00,0.000000000000e+00,1.070969142496e-05,4.723577699589e-05,0.000000000000e+00,0.000000000000e+00,9.999999998652e-01,-9.436453533464e-02,4.253173408181e-08,8.634601043539e-08,0.000000000000e+00,0.000000000000e+00,0.000000000000e+00,1.000000015564e+00,0.000000000000e+00,0.000000000000e+00,0.000000000000e+00,0.000000000000e+00,0.000000000000e+00
1.000000000000e-13,OK,,1.524897468781e-05,-1.524897468814e-05,-2.676825409444e-06,1.524897468814e-05,2.676825409444e-06,1.524897468814e-05,2.496936900000e-08,2.138368900000e-05,3.000000000000e-06,2,1,7.500000000000e-07,36,3.943287779111e+01,BORIS,L2/dt-1e-13/eps-3e-06/ranks-1,1.524897468781e-05,1.701132560327e-06,R16,3.920250000000e+01,-1.386356205893e+00,-1.278843553318e+00,0.000000000000e+00,0.000000000000e+00,0.000000000000e+00,-7.209427359665e-01,-1.386348577607e+00,0.000000000000e+00,0.000000000000e+00,0.000000000000e+00,0.000000000000e+00,0.000000000000e+00,3.851352100260e+00,1.040676316124e+01,0.000000000000e+00,0.000000000000e+00,0.000000000000e+00,0.000000000000e+00,1.329223389160e+00,3.851352100048e+00,0.000000000000e+00,0.000000000000e+00,2.271766951326e-06,-3.667718187183e-06,0.000000000000e+00,0.000000000000e+00,1.000000000001e+00,-9.436546839773e-02,6.947575989536e-09,1.253222325025e-08,0.000000000000e+00,0.000000000000e+00,0.000000000000e+00,9.999999911368e-01,0.000000000000e+00,0.000000000000e+00,0.000000000000e+00,0.000000000000e+00,0.000000000000e+00
1.000000000000e-13,OK,,3.105529719084e-06,-2.953708620930e-06,8.432793706644e-07,2.953708620930e-06,8.432793706644e-07,2.953708620930e-06,4.640477300000e-09,4.246403400000e-06,1.000000000000e-05,2,1,2.500000000000e-06,36,3.945710900007e+01,BORIS,L2/dt-1e-13/eps-1e-05/ranks-1,3.105529719084e-06,4.726413967038e-07,R52,3.916300000000e+01,-1.386350240662e+00,-1.278842738434e+00,0.000000000000e+00,0.000000000000e+00,0.000000000000e+00,-7.209430656907e-01,-1.386354437760e+00,0.000000000000e+00,0.000000000000e+00,0.000000000000e+00,0.000000000000e+00,0.000000000000e+00,3.851352100259e+00,1.040676316127e+01,0.000000000000e+00,0.000000000000e+00,0.000000000000e+00,0.000000000000e+00,1.329223389160e+00,3.851352100062e+00,0.000000000000e+00,0.000000000000e+00,-9.479847768100e-07,3.105529719417e-06,0.000000000000e+00,0.000000000000e+00,9.999999999879e-01,-9.437924002367e-02,1.246414624258e-09,2.769447890957e-09,0.000000000000e+00,0.000000000000e+00,0.000000000000e+00,1.000000000603e+00,0.000000000000e+00,0.000000000000e+00,0.000000000000e+00,0.000000000000e+00,0.000000000000e+00
1.000000000000e-13,OK,,1.506054484457e-06,9.304755695133e-07,3.740654894029e-07,9.304755695133e-07,3.740654894029e-07,9.304755695133e-07,1.081416100000e-08,4.885312100000e-07,3.000000000000e-05,2,1,7.500000000000e-06,36,3.959053604212e+01,BORIS,L2/dt-1e-13/eps-3e-05/ranks-1,1.506054484457e-06,2.445781787100e-07,R12,3.932880000000e+01,-1.386353674186e+00,-1.278843825434e+00,0.000000000000e+00,0.000000000000e+00,0.000000000000e+00,-7.209428611773e-01,-1.386351385992e+00,0.000000000000e+00,0.000000000000e+00,0.000000000000e+00,0.000000000000e+00,0.000000000000e+00,3.851352100287e+00,1.040676316133e+01,0.000000000000e+00,0.000000000000e+00,0.000000000000e+00,0.000000000000e+00,1.329223389159e+00,3.851352100051e+00,0.000000000000e+00,0.000000000000e+00,-6.407433624677e-07,-1.167935905302e-06,0.000000000000e+00,0.000000000000e+00,9.999999999763e-01,-9.437820934821e-02,-2.172668578745e-10,-1.015582665720e-09,0.000000000000e+00,0.000000000000e+00,0.000000000000e+00,9.999999996617e-01,0.000000000000e+00,0.000000000000e+00,0.000000000000e+00,0.000000000000e+00,0.000000000000e+00
1.000000000000e-13,OK,,9.695161252178e-07,-2.485507366159e-07,-3.236192124824e-07,2.485507366159e-07,3.236192124824e-07,3.236192124824e-07,2.968650900000e-09,1.038747000000e-06,1.000000000000e-04,2,1,2.500000000000e-05,36,3.991731437505e+01,BORIS,L2/dt-1e-13/eps-0.0001/ranks-1,9.695161252178e-07,1.060793100586e-07,R52,3.968370000000e+01,-1.386352034990e+00,-1.278842328954e+00,0.000000000000e+00,0.000000000000e+00,0.000000000000e+00,-7.209431259608e-01,-1.386352485511e+00,0.000000000000e+00,0.000000000000e+00,0.000000000000e+00,0.000000000000e+00,0.000000000000e+00,3.851352100238e+00,1.040676316117e+01,0.000000000000e+00,0.000000000000e+00,0.000000000000e+00,0.000000000000e+00,1.329223389162e+00,3.851352100054e+00,0.000000000000e+00,0.000000000000e+00,3.890445373884e-07,9.695161255509e-07,0.000000000000e+00,0.000000000000e+00,1.000000000006e+00,-9.437668339022e-02,-4.600910723820e-10,-5.100714938270e-10,0.000000000000e+00,0.000000000000e+00,0.000000000000e+00,9.999999997086e-01,0.000000000000e+00,0.000000000000e+00,0.000000000000e+00,0.000000000000e+00,0.000000000000e+00
1.000000000000e-13,OK,,2.185049931963e-07,-9.738277189123e-09,3.815484916226e-08,9.738277189123e-09,3.815484916226e-08,3.815484916226e-08,5.735656400000e-10,1.786268800000e-07,3.000000000000e-04,2,1,7.500000000000e-05,36,3.954341512499e+01,BORIS,L2/dt-1e-13/eps-0.0003/ranks-1,2.185049931963e-07,2.150406578346e-08,R56,3.930850000000e+01,-1.386352262697e+00,-1.278842297518e+00,0.000000000000e+00,0.000000000000e+00,0.000000000000e+00,-7.209431293801e-01,-1.386352242595e+00,0.000000000000e+00,0.000000000000e+00,0.000000000000e+00,0.000000000000e+00,0.000000000000e+00,3.851352100260e+00,1.040676316127e+01,0.000000000000e+00,0.000000000000e+00,0.000000000000e+00,0.000000000000e+00,1.329223389161e+00,3.851352100061e+00,0.000000000000e+00,0.000000000000e+00,-6.887863288529e-08,-1.163359940418e-07,0.000000000000e+00,0.000000000000e+00,1.000000000009e+00,-9.437745238501e-02,-2.699333841699e-11,4.060622310581e-11,0.000000000000e+00,0.000000000000e+00,0.000000000000e+00,1.000000000104e+00,0.000000000000e+00,0.000000000000e+00,0.000000000000e+00,0.000000000000e+00,0.000000000000e+00
1.000000000000e-13,OK,,2.616851557669e-08,-9.641420926260e-09,-1.567655020110e-08,9.641420926260e-09,1.567655020110e-08,1.567655020110e-08,3.545351800000e-10,2.555440800000e-08,1.000000000000e-03,2,1,2.500000000000e-04,36,3.843680895795e+01,BORIS,L2/dt-1e-13/eps-0.001/ranks-1,2.616851557669e-08,3.752533140494e-09,R12,3.821500000000e+01,-1.386352235903e+00,-1.278842293211e+00,0.000000000000e+00,0.000000000000e+00,0.000000000000e+00,-7.209431301109e-01,-1.386352267246e+00,0.000000000000e+00,0.000000000000e+00,0.000000000000e+00,0.000000000000e+00,0.000000000000e+00,3.851352100241e+00,1.040676316119e+01,0.000000000000e+00,0.000000000000e+00,0.000000000000e+00,0.000000000000e+00,1.329223389159e+00,3.851352100049e+00,0.000000000000e+00,0.000000000000e+00,1.011284188111e-08,1.887426635385e-08,0.000000000000e+00,0.000000000000e+00,1.000000000004e+00,-9.437723818118e-02,-2.513750015729e-11,-1.365153584873e-11,0.000000000000e+00,0.000000000000e+00,0.000000000000e+00,9.999999999818e-01,0.000000000000e+00,0.000000000000e+00,0.000000000000e+00,0.000000000000e+00,0.000000000000e+00
1.000000000000e-13,OK,,3.051809117495e-08,5.346163153611e-09,1.773831237618e-10,5.346163153611e-09,1.773831237618e-10,5.346163153611e-09,1.682002300000e-10,3.770405200000e-08,3.000000000000e-03,2,1,7.500000000000e-04,36,3.802494737483e+01,BORIS,L2/dt-1e-13/eps-0.003/ranks-1,3.051809117495e-08,3.160555379075e-09,R52,3.780550000000e+01,-1.386352248486e+00,-1.278842318377e+00,0.000000000000e+00,0.000000000000e+00,0.000000000000e+00,-7.209431253176e-01,-1.386352263449e+00,0.000000000000e+00,0.000000000000e+00,0.000000000000e+00,0.000000000000e+00,0.000000000000e+00,3.851352100238e+00,1.040676316117e+01,0.000000000000e+00,0.000000000000e+00,0.000000000000e+00,0.000000000000e+00,1.329223389160e+00,3.851352100047e+00,0.000000000000e+00,0.000000000000e+00,1.412164443164e-08,3.051809150802e-08,0.000000000000e+00,0.000000000000e+00,1.000000000004e+00,-9.437722027821e-02,-1.499723061476e-12,1.208087425654e-11,0.000000000000e+00,0.000000000000e+00,0.000000000000e+00,1.000000000001e+00,0.000000000000e+00,0.000000000000e+00,0.000000000000e+00,0.000000000000e+00,0.000000000000e+00
1.000000000000e-13,OK,,1.200648447330e-08,-6.222284440676e-09,-3.449818669872e-09,6.222284440676e-09,3.449818669872e-09,6.222284440676e-09,2.591598000000e-10,3.283173900000e-09,1.000000000000e-02,2,1,2.500000000000e-03,36,3.763228120911e+01,BORIS,L2/dt-1e-13/eps-0.01/ranks-1,1.200648447330e-08,1.397458099670e-09,R12,3.741230000000e+01,-1.386352257624e+00,-1.278842331386e+00,0.000000000000e+00,0.000000000000e+00,0.000000000000e+00,-7.209431227178e-01,-1.386352258609e+00,0.000000000000e+00,0.000000000000e+00,0.000000000000e+00,0.000000000000e+00,0.000000000000e+00,3.851352100252e+00,1.040676316129e+01,0.000000000000e+00,0.000000000000e+00,0.000000000000e+00,0.000000000000e+00,1.329223389160e+00,3.851352100076e+00,0.000000000000e+00,0.000000000000e+00,2.003934015347e-10,7.497840386867e-09,0.000000000000e+00,0.000000000000e+00,1.000000000004e+00,-9.437723126642e-02,7.941470550056e-13,-1.722052360835e-12,0.000000000000e+00,0.000000000000e+00,0.000000000000e+00,1.000000000005e+00,0.000000000000e+00,0.000000000000e+00,0.000000000000e+00,0.000000000000e+00,0.000000000000e+00
1.000000000000e-13,OK,,1.141348437983e-08,-8.072299378133e-09,-1.570483287548e-09,8.072299378133e-09,1.570483287548e-09,8.072299378133e-09,2.470341700000e-10,2.842386200000e-09,3.000000000000e-02,2,1,7.500000000000e-03,36,3.873438541684e+01,BORIS,L2/dt-1e-13/eps-0.03/ranks-1,1.141348437983e-08,1.386381191188e-09,R12,3.850000000000e+01,-1.386352258734e+00,-1.278842330793e+00,0.000000000000e+00,0.000000000000e+00,0.000000000000e+00,-7.209431228525e-01,-1.386352257329e+00,0.000000000000e+00,0.000000000000e+00,0.000000000000e+00,0.000000000000e+00,0.000000000000e+00,3.851352100322e+00,1.040676316143e+01,0.000000000000e+00,0.000000000000e+00,0.000000000000e+00,0.000000000000e+00,1.329223389187e+00,3.851352100124e+00,0.000000000000e+00,0.000000000000e+00,1.632233028656e-09,6.340387344880e-09,0.000000000000e+00,0.000000000000e+00,1.000000000004e+00,-9.437723044393e-02,-1.654394625503e-12,-1.309853568482e-12,0.000000000000e+00,0.000000000000e+00,0.000000000000e+00,1.000000000002e+00,0.000000000000e+00,0.000000000000e+00,0.000000000000e+00,0.000000000000e+00,0.000000000000e+00
1.000000000000e-13,OK,,1.646865914751e-07,-3.068007403831e-08,-3.637550653868e-09,3.068007403831e-08,3.637550653868e-09,3.068007403831e-08,3.460393200000e-09,6.696668700000e-09,1.000000000000e-01,2,1,2.500000000000e-02,36,3.882299812511e+01,BORIS,L2/dt-1e-13/eps-0.1/ranks-1,1.646865914751e-07,1.866235817943e-08,R34,3.859020000000e+01,-1.386352280977e+00,-1.278842397470e+00,0.000000000000e+00,0.000000000000e+00,0.000000000000e+00,-7.209431303931e-01,-1.386352279226e+00,0.000000000000e+00,0.000000000000e+00,0.000000000000e+00,0.000000000000e+00,0.000000000000e+00,3.851352179499e+00,1.040676332267e+01,0.000000000000e+00,0.000000000000e+00,0.000000000000e+00,0.000000000000e+00,1.329223427207e+00,3.851352177593e+00,0.000000000000e+00,0.000000000000e+00,1.235163021607e-08,3.540895230751e-08,0.000000000000e+00,0.000000000000e+00,1.000000000004e+00,-9.437721400747e-02,-2.614952823933e-13,-5.727522172702e-13,0.000000000000e+00,0.000000000000e+00,0.000000000000e+00,9.999999999997e-01,0.000000000000e+00,0.000000000000e+00,0.000000000000e+00,0.000000000000e+00,0.000000000000e+00
3.000000000000e-13,OK,,8.356378010267e-06,-3.864219467008e-06,-5.979608138963e-08,3.864219467008e-06,5.979608138963e-08,3.864219467008e-06,2.991239300000e-08,3.073743700000e-06,1.000000000000e-06,2,1,2.500000000000e-07,36,1.390711233299e+01,BORIS,L2/dt-3e-13/eps-1e-06/ranks-1,8.356378010267e-06,1.090671456875e-06,R52,1.368580000000e+01,-1.386358079377e+00,-1.278847305650e+00,0.000000000000e+00,0.000000000000e+00,0.000000000000e+00,-7.209421390309e-01,-1.386348124475e+00,0.000000000000e+00,0.000000000000e+00,0.000000000000e+00,0.000000000000e+00,0.000000000000e+00,3.851352078927e+00,1.040676311824e+01,0.000000000000e+00,0.000000000000e+00,0.000000000000e+00,0.000000000000e+00,1.329223378795e+00,3.851352078534e+00,0.000000000000e+00,0.000000000000e+00,3.756296810660e-06,8.356378010600e-06,0.000000000000e+00,0.000000000000e+00,9.999999998652e-01,-9.437746763165e-02,-1.816504960729e-08,-2.067365573842e-08,0.000000000000e+00,0.000000000000e+00,0.000000000000e+00,1.000000018881e+00,3.887939898529e-05,6.720164527482e-06,2.577335931401e-06,0.000000000000e+00,0.000000000000e+00
3.000000000000e-13,OK,,3.929749553197e-06,-2.030447534589e-06,1.066989478871e-06,2.030447534589e-06,1.066989478871e-06,2.030447534589e-06,3.215920600000e-09,5.558804100000e-06,3.000000000000e-06,2,1,7.500000000000e-07,36,1.386690170900e+01,BORIS,L2/dt-3e-13/eps-3e-06/ranks-1,3.929749553197e-06,4.059847806923e-07,R56,1.364600000000e+01,-1.386352932345e+00,-1.278841647634e+00,0.000000000000e+00,0.000000000000e+00,0.000000000000e+00,-7.209432604819e-01,-1.386351357262e+00,0.000000000000e+00,0.000000000000e+00,0.000000000000e+00,0.000000000000e+00,0.000000000000e+00,3.851352078927e+00,1.040676311823e+01,0.000000000000e+00,0.000000000000e+00,0.000000000000e+00,0.000000000000e+00,1.329223378795e+00,3.851352078532e+00,0.000000000000e+00,0.000000000000e+00,8.784699485553e-08,-1.379133242160e-06,0.000000000000e+00,0.000000000000e+00,1.000000000002e+00,-9.438116362957e-02,-2.276435628486e-09,-2.612761826096e-09,0.000000000000e+00,0.000000000000e+00,0.000000000000e+00,1.000000000898e+00,1.569523184000e-05,1.321852715355e-05,3.743814888315e-06,0.000000000000e+00,0.000000000000e+00
3.000000000000e-13,OK,,2.515393668323e-06,-7.035515152644e-07,-9.552645844372e-08,7.035515152644e-07,9.552645844372e-08,7.035515152644e-07,2.569677000000e-08,3.368635000000e-06,1.000000000000e-05,2,1,2.500000000000e-06,36,1.385594916693e+01,BORIS,L2/dt-3e-13/eps-1e-05/ranks-1,2.515393668323e-06,2.614072641844e-07,R52,1.363410000000e+01,-1.386351900245e+00,-1.278841910778e+00,0.000000000000e+00,0.000000000000e+00,0.000000000000e+00,-7.209432060506e-01,-1.386352455259e+00,0.000000000000e+00,0.000000000000e+00,0.000000000000e+00,0.000000000000e+00,0.000000000000e+00,3.851352078925e+00,1.040676311823e+01,0.000000000000e+00,0.000000000000e+00,0.000000000000e+00,0.000000000000e+00,1.329223378795e+00,3.851352078533e+00,0.000000000000e+00,0.000000000000e+00,-1.385307533590e-06,-2.515393667990e-06,0.000000000000e+00,0.000000000000e+00,9.999999999282e-01,-9.437823537028e-02,1.025213026115e-09,-3.618508181292e-10,0.000000000000e+00,0.000000000000e+00,0.000000000000e+00,1.000000000805e+00,5.620923387407e-06,2.250157105666e-06,-9.388058291081e-07,0.000000000000e+00,0.000000000000e+00
3.000000000000e-13,OK,,3.784017569027e-07,3.784017565696e-07,-1.334475730254e-07,3.784017565696e-07,1.334475730254e-07,3.784017565696e-07,8.348839200000e-09,9.454021900000e-07,3.000000000000e-05,2,1,7.500000000000e-06,36,1.382942887489e+01,BORIS,L2/dt-3e-13/eps-3e-05/ranks-1,3.784017569027e-07,5.114249870055e-08,R16,1.360720000000e+01,-1.386352414051e+00,-1.278842524534e+00,0.000000000000e+00,0.000000000000e+00,0.000000000000e+00,-7.209430893888e-01,-1.386352165505e+00,0.000000000000e+00,0.000000000000e+00,0.000000000000e+00,0.000000000000e+00,0.000000000000e+00,3.851352078922e+00,1.040676311822e+01,0.000000000000e+00,0.000000000000e+00,0.000000000000e+00,0.000000000000e+00,1.329223378795e+00,3.851352078533e+00,0.000000000000e+00,0.000000000000e+00,2.676395266621e-07,2.501081854378e-07,0.000000000000e+00,0.000000000000e+00,1.000000000003e+00,-9.437712313351e-02,1.917740500312e-10,3.970689800078e-10,0.000000000000e+00,0.000000000000e+00,0.000000000000e+00,1.000000000753e+00,1.418044090740e-06,-5.520738129437e-07,-5.075130624283e-07,0.000000000000e+00,0.000000000000e+00
3.000000000000e-13,OK,,1.959624932046e-07,-1.123760913151e-07,-2.986184611305e-09,1.123760913151e-07,2.986184611305e-09,1.123760913151e-07,2.992344200000e-10,3.063004300000e-07,1.000000000000e-04,2,1,2.500000000000e-05,36,1.385937008308e+01,BORIS,L2/dt-3e-13/eps-0.0001/ranks-1,1.959624932046e-07,2.457003026092e-08,R56,1.364010000000e+01,-1.386352309057e+00,-1.278842397907e+00,0.000000000000e+00,0.000000000000e+00,0.000000000000e+00,-7.209431222033e-01,-1.386352241385e+00,0.000000000000e+00,0.000000000000e+00,0.000000000000e+00,0.000000000000e+00,0.000000000000e+00,3.851352078926e+00,1.040676311824e+01,0.000000000000e+00,0.000000000000e+00,0.000000000000e+00,0.000000000000e+00,1.329223378796e+00,3.851352078539e+00,0.000000000000e+00,0.000000000000e+00,-5.114179068841e-08,-1.543045431788e-07,0.000000000000e+00,0.000000000000e+00,1.000000000002e+00,-9.437742984251e-02,-2.179069066257e-10,-2.320577980591e-10,0.000000000000e+00,0.000000000000e+00,0.000000000000e+00,9.999999998413e-01,1.123820668730e-06,1.361746453008e-07,3.206330278711e-07,0.000000000000e+00,0.000000000000e+00
3.000000000000e-13,OK,,3.972340856251e-08,-1.217169321892e-08,1.150485953449e-09,1.217169321892e-08,1.150485953449e-09,1.217169321892e-08,3.978807300000e-10,8.650734900000e-09,3.000000000000e-04,2,1,7.500000000000e-05,36,1.378324445896e+01,BORIS,L2/dt-3e-13/eps-0.0003/ranks-1,3.972340856251e-08,5.121459030773e-09,R34,1.356330000000e+01,-1.386352265190e+00,-1.278842347602e+00,0.000000000000e+00,0.000000000000e+00,0.000000000000e+00,-7.209431297145e-01,-1.386352265774e+00,0.000000000000e+00,0.000000000000e+00,0.000000000000e+00,0.000000000000e+00,0.000000000000e+00,3.851352078937e+00,1.040676311826e+01,0.000000000000e+00,0.000000000000e+00,0.000000000000e+00,0.000000000000e+00,1.329223378795e+00,3.851352078530e+00,0.000000000000e+00,0.000000000000e+00,4.003790496721e-09,9.705644296287e-09,0.000000000000e+00,0.000000000000e+00,9.999999999993e-01,-9.437724363449e-02,-1.038152386220e-10,-1.148009256743e-10,0.000000000000e+00,0.000000000000e+00,0.000000000000e+00,1.000000000086e+00,2.087505199949e-07,-2.433416029797e-09,-3.700436320881e-08,0.000000000000e+00,0.000000000000e+00
3.000000000000e-13,OK,,3.973340945151e-08,-1.540375747546e-08,-1.240218597577e-08,1.540375747546e-08,1.240218597577e-08,1.540375747546e-08,2.050260000000e-10,3.274162600000e-08,1.000000000000e-03,2,1,2.500000000000e-04,36,1.381757137505e+01,BORIS,L2/dt-3e-13/eps-0.001/ranks-1,3.973340945151e-08,6.885733236800e-09,R34,1.359620000000e+01,-1.386352259251e+00,-1.278842347056e+00,0.000000000000e+00,0.000000000000e+00,0.000000000000e+00,-7.209431296134e-01,-1.386352271561e+00,0.000000000000e+00,0.000000000000e+00,0.000000000000e+00,0.000000000000e+00,0.000000000000e+00,3.851352078936e+00,1.040676311825e+01,0.000000000000e+00,0.000000000000e+00,0.000000000000e+00,0.000000000000e+00,1.329223378795e+00,3.851352078532e+00,0.000000000000e+00,0.000000000000e+00,2.114882134154e-08,3.823911653979e-08,0.000000000000e+00,0.000000000000e+00,9.999999999990e-01,-9.437720007859e-02,-1.257014829608e-11,-3.069880565827e-11,0.000000000000e+00,0.000000000000e+00,0.000000000000e+00,9.999999999684e-01,5.384500001426e-08,-5.762336549200e-09,3.274364225330e-09,0.000000000000e+00,0.000000000000e+00
3.000000000000e-13,OK,,4.096048455970e-08,-1.710804216728e-08,-5.690777768804e-09,1.710804216728e-08,5.690777768804e-09,1.710804216728e-08,2.348662400000e-10,2.340961900000e-09,3.000000000000e-03,2,1,7.500000000000e-04,36,1.390851645917e+01,BORIS,L2/dt-3e-13/eps-0.003/ranks-1,4.096048455970e-08,5.872782620914e-09,R12,1.368830000000e+01,-1.386352269385e+00,-1.278842360340e+00,0.000000000000e+00,0.000000000000e+00,0.000000000000e+00,-7.209431270059e-01,-1.386352265885e+00,0.000000000000e+00,0.000000000000e+00,0.000000000000e+00,0.000000000000e+00,0.000000000000e+00,3.851352078934e+00,1.040676311825e+01,0.000000000000e+00,0.000000000000e+00,0.000000000000e+00,0.000000000000e+00,1.329223378795e+00,3.851352078534e+00,0.000000000000e+00,0.000000000000e+00,5.635806473378e-09,1.409867369921e-08,0.000000000000e+00,0.000000000000e+00,9.999999999991e-01,-9.437722597087e-02,3.778731264633e-12,5.612979648614e-12,0.000000000000e+00,0.000000000000e+00,0.000000000000e+00,1.000000000001e+00,4.291999999850e-08,-2.245420532089e-08,-5.868160892566e-09,0.000000000000e+00,0.000000000000e+00
3.000000000000e-13,OK,,4.475248438496e-08,-1.984041028779e-08,-6.382293890943e-09,1.984041028779e-08,6.382293890943e-09,1.984041028779e-08,3.884845800000e-10,3.894051700000e-10,1.000000000000e-02,2,1,2.500000000000e-03,36,1.381381629198e+01,BORIS,L2/dt-3e-13/eps-0.01/ranks-1,4.475248438496e-08,6.264657673504e-09,R12,1.359380000000e+01,-1.386352269284e+00,-1.278842364132e+00,0.000000000000e+00,0.000000000000e+00,0.000000000000e+00,-7.209431270131e-01,-1.386352268414e+00,0.000000000000e+00,0.000000000000e+00,0.000000000000e+00,0.000000000000e+00,0.000000000000e+00,3.851352078937e+00,1.040676311827e+01,0.000000000000e+00,0.000000000000e+00,0.000000000000e+00,0.000000000000e+00,1.329223378795e+00,3.851352078537e+00,0.000000000000e+00,0.000000000000e+00,5.676687370259e-09,1.905946834046e-08,0.000000000000e+00,0.000000000000e+00,9.999999999990e-01,-9.437722333812e-02,3.302490098119e-13,-6.023739762679e-13,0.000000000000e+00,0.000000000000e+00,0.000000000000e+00,9.999999999998e-01,4.302000000678e-08,-1.361812584711e-08,-2.932475221071e-09,0.000000000000e+00,0.000000000000e+00
3.000000000000e-13,OK,,4.400548436756e-08,-2.067159105525e-08,-6.216197019925e-09,2.067159105525e-08,6.216197019925e-09,2.067159105525e-08,3.260236500000e-11,7.030650100000e-10,3.000000000000e-02,2,1,7.500000000000e-03,36,1.385233254195e+01,BORIS,L2/dt-3e-13/eps-0.03/ranks-1,4.400548436756e-08,6.282884042347e-09,R12,1.363120000000e+01,-1.386352268640e+00,-1.278842363385e+00,0.000000000000e+00,0.000000000000e+00,0.000000000000e+00,-7.209431267630e-01,-1.386352268185e+00,0.000000000000e+00,0.000000000000e+00,0.000000000000e+00,0.000000000000e+00,0.000000000000e+00,3.851352078990e+00,1.040676311838e+01,0.000000000000e+00,0.000000000000e+00,0.000000000000e+00,0.000000000000e+00,1.329223378819e+00,3.851352078584e+00,0.000000000000e+00,0.000000000000e+00,6.713243260520e-09,2.141167851735e-08,0.000000000000e+00,0.000000000000e+00,9.999999999989e-01,-9.437722339480e-02,2.719156339516e-14,-4.497758305652e-13,0.000000000000e+00,0.000000000000e+00,0.000000000000e+00,1.000000000001e+00,4.304999912108e-08,-1.259929167712e-08,-4.645713732377e-09,0.000000000000e+00,0.000000000000e+00
3.000000000000e-13,OK,,1.216865914699e-07,-4.455449781434e-08,-7.964998093863e-09,4.455449781434e-08,7.964998093863e-09,4.455449781434e-08,3.463544600000e-09,6.695601300000e-09,1.000000000000e-01,2,1,2.500000000000e-02,36,1.384962720796e+01,BORIS,L2/dt-3e-13/eps-0.1/ranks-1,1.216865914699e-07,1.702445876623e-08,R34,1.362530000000e+01,-1.386352291028e+00,-1.278842430893e+00,0.000000000000e+00,0.000000000000e+00,0.000000000000e+00,-7.209431336749e-01,-1.386352289585e+00,0.000000000000e+00,0.000000000000e+00,0.000000000000e+00,0.000000000000e+00,0.000000000000e+00,3.851352158169e+00,1.040676327967e+01,0.000000000000e+00,0.000000000000e+00,0.000000000000e+00,0.000000000000e+00,1.329223416839e+00,3.851352156066e+00,0.000000000000e+00,0.000000000000e+00,1.622476302198e-08,4.913842344994e-08,0.000000000000e+00,0.000000000000e+00,9.999999999989e-01,-9.437720729726e-02,1.185081870881e-13,2.631697466733e-14,0.000000000000e+00,0.000000000000e+00,0.000000000000e+00,1.000000000000e+00,4.300000000512e-08,-1.387442377603e-08,-4.327447439995e-09,0.000000000000e+00,0.000000000000e+00
1.000000000000e-12,OK,,3.184749303206e-06,-3.601587592261e-08,7.694982445606e-08,3.601587592261e-08,7.694982445606e-08,7.694982445606e-08,1.556384400000e-07,1.086338200000e-06,1.000000000000e-06,2,1,2.500000000000e-07,36,5.727637625067e+00,BORIS,L2/dt-1e-12/eps-1e-06/ranks-1,3.184749303206e-06,3.714432522259e-07,R56,5.507700000000e+00,-1.386351455422e+00,-1.278839823776e+00,0.000000000000e+00,0.000000000000e+00,0.000000000000e+00,-7.209435393507e-01,-1.386352032827e+00,0.000000000000e+00,0.000000000000e+00,0.000000000000e+00,0.000000000000e+00,0.000000000000e+00,3.851351837072e+00,1.040676263086e+01,0.000000000000e+00,0.000000000000e+00,0.000000000000e+00,0.000000000000e+00,1.329223261135e+00,3.851351834252e+00,0.000000000000e+00,0.000000000000e+00,1.218050252650e-06,1.107645242173e-06,0.000000000000e+00,0.000000000000e+00,9.999999998652e-01,-9.438041862932e-02,9.884421326945e-09,1.538954950252e-08,0.000000000000e+00,0.000000000000e+00,0.000000000000e+00,9.999999948762e-01,4.612813175372e-05,1.054836811857e-05,2.714081837247e-06,0.000000000000e+00,0.000000000000e+00
1.000000000000e-12,OK,,1.445187313998e-06,2.007779345347e-07,-5.818985441910e-07,2.007779345347e-07,5.818985441910e-07,5.818985441910e-07,1.855932700000e-08,4.229586100000e-07,3.000000000000e-06,2,1,7.500000000000e-07,36,5.821223417064e+00,BORIS,L2/dt-1e-12/eps-3e-06/ranks-1,1.445187313998e-06,1.706354416741e-07,R52,5.507140000000e+00,-1.386351873188e+00,-1.278842344937e+00,0.000000000000e+00,0.000000000000e+00,0.000000000000e+00,-7.209432643574e-01,-1.386352794236e+00,0.000000000000e+00,0.000000000000e+00,0.000000000000e+00,0.000000000000e+00,0.000000000000e+00,3.851351837070e+00,1.040676263086e+01,0.000000000000e+00,0.000000000000e+00,0.000000000000e+00,0.000000000000e+00,1.329223261135e+00,3.851351834250e+00,0.000000000000e+00,0.000000000000e+00,-9.710451518973e-07,-1.445187313665e-06,0.000000000000e+00,0.000000000000e+00,1.000000000002e+00,-9.437719244053e-02,-2.424977425411e-09,-2.933369521589e-09,0.000000000000e+00,0.000000000000e+00,0.000000000000e+00,1.000000000127e+00,1.544975262267e-05,1.544975262267e-05,2.094926865253e-06,0.000000000000e+00,0.000000000000e+00
1.000000000000e-12,OK,,5.548149247470e-07,-3.785035478940e-07,-2.948546045306e-07,3.785035478940e-07,2.948546045306e-07,3.785035478940e-07,1.287441000000e-08,4.071261800000e-07,1.000000000000e-05,2,1,2.500000000000e-06,36,5.747277499875e+00,BORIS,L2/dt-1e-12/eps-1e-05/ranks-1,5.548149247470e-07,9.126686823931e-08,R52,5.525140000000e+00,-1.386352134221e+00,-1.278842420364e+00,0.000000000000e+00,0.000000000000e+00,0.000000000000e+00,-7.209432357719e-01,-1.386352543546e+00,0.000000000000e+00,0.000000000000e+00,0.000000000000e+00,0.000000000000e+00,0.000000000000e+00,3.851351837070e+00,1.040676263085e+01,0.000000000000e+00,0.000000000000e+00,0.000000000000e+00,0.000000000000e+00,1.329223261135e+00,3.851351834249e+00,0.000000000000e+00,0.000000000000e+00,9.589390809323e-08,5.548149250801e-07,0.000000000000e+00,0.000000000000e+00,9.999999999935e-01,-9.437687297565e-02,1.614996740249e-10,-2.327404729507e-10,0.000000000000e+00,0.000000000000e+00,0.000000000000e+00,9.999999979330e-01,2.575205073036e-06,2.575205073036e-06,-1.138133975195e-06,0.000000000000e+00,0.000000000000e+00
1.000000000000e-12,OK,,5.271234098103e-07,-2.184811643305e-07,-7.492021304718e-08,2.184811643305e-07,7.492021304718e-08,2.184811643305e-07,1.719720800000e-09,3.194504500000e-08,3.000000000000e-05,2,1,7.500000000000e-06,36,5.760483124992e+00,BORIS,L2/dt-1e-12/eps-3e-05/ranks-1,5.271234098103e-07,7.600497505576e-08,R34,5.543360000000e+00,-1.386352413139e+00,-1.278842825942e+00,0.000000000000e+00,0.000000000000e+00,0.000000000000e+00,-7.209431550946e-01,-1.386352391843e+00,0.000000000000e+00,0.000000000000e+00,0.000000000000e+00,0.000000000000e+00,0.000000000000e+00,3.851351837070e+00,1.040676263086e+01,0.000000000000e+00,0.000000000000e+00,0.000000000000e+00,0.000000000000e+00,1.329223261135e+00,3.851351834250e+00,0.000000000000e+00,0.000000000000e+00,8.561045180036e-08,2.255654753174e-07,0.000000000000e+00,0.000000000000e+00,1.000000000002e+00,-9.437714335336e-02,-1.984023566688e-10,-7.167898981507e-10,0.000000000000e+00,0.000000000000e+00,0.000000000000e+00,9.999999996298e-01,1.393501380619e-06,-1.148956733844e-06,-4.489857024501e-07,0.000000000000e+00,0.000000000000e+00
1.000000000000e-12,OK,,5.271334089230e-07,-1.580306136363e-07,-4.924997838989e-08,1.580306136363e-07,4.924997838989e-08,1.580306136363e-07,1.917329400000e-09,2.658692400000e-08,1.000000000000e-04,2,1,2.500000000000e-05,36,5.739429750014e+00,BORIS,L2/dt-1e-12/eps-0.0001/ranks-1,5.271334089230e-07,6.991574559539e-08,R34,5.519830000000e+00,-1.386352374250e+00,-1.278842739969e+00,0.000000000000e+00,0.000000000000e+00,0.000000000000e+00,-7.209431660839e-01,-1.386352393276e+00,0.000000000000e+00,0.000000000000e+00,0.000000000000e+00,0.000000000000e+00,0.000000000000e+00,3.851351837069e+00,1.040676263085e+01,0.000000000000e+00,0.000000000000e+00,0.000000000000e+00,0.000000000000e+00,1.329223261136e+00,3.851351834251e+00,0.000000000000e+00,0.000000000000e+00,4.118335227859e-08,1.826787775974e-07,0.000000000000e+00,0.000000000000e+00,1.000000000003e+00,-9.437711036739e-02,1.305652940488e-10,1.196061717439e-10,0.000000000000e+00,0.000000000000e+00,0.000000000000e+00,9.999999999913e-01,7.868373479535e-07,9.052012297960e-08,2.743692340925e-07,0.000000000000e+00,0.000000000000e+00
1.000000000000e-12,OK,,5.271334089230e-07,-2.011491630053e-07,-5.893997692123e-08,2.011491630053e-07,5.893997692123e-08,2.011491630053e-07,2.376745500000e-10,1.805711600000e-08,3.000000000000e-04,2,1,7.500000000000e-05,36,5.705453417031e+00,BORIS,L2/dt-1e-12/eps-0.0003/ranks-1,5.271334089230e-07,7.071882843993e-08,R34,5.483040000000e+00,-1.386352382939e+00,-1.278842745128e+00,0.000000000000e+00,0.000000000000e+00,0.000000000000e+00,-7.209431659645e-01,-1.386352388374e+00,0.000000000000e+00,0.000000000000e+00,0.000000000000e+00,0.000000000000e+00,0.000000000000e+00,3.851351837069e+00,1.040676263085e+01,0.000000000000e+00,0.000000000000e+00,0.000000000000e+00,0.000000000000e+00,1.329223261135e+00,3.851351834250e+00,0.000000000000e+00,0.000000000000e+00,5.712945504869e-08,1.854412326933e-07,0.000000000000e+00,0.000000000000e+00,9.999999999950e-01,-9.437714640920e-02,-3.876252899211e-12,-1.026499704474e-10,0.000000000000e+00,0.000000000000e+00,0.000000000000e+00,9.999999999955e-01,5.304199994782e-07,-1.914108858162e-07,-9.709482608349e-08,0.000000000000e+00,0.000000000000e+00
1.000000000000e-12,OK,,5.271334089230e-07,-1.802879734248e-07,-5.478734928193e-08,1.802879734248e-07,5.478734928193e-08,1.802879734248e-07,2.111547600000e-10,2.922694100000e-09,1.000000000000e-03,2,1,2.500000000000e-04,36,5.666107791010e+00,BORIS,L2/dt-1e-12/eps-0.001/ranks-1,5.271334089230e-07,7.047452449096e-08,R34,5.447510000000e+00,-1.386352386892e+00,-1.278842752260e+00,0.000000000000e+00,0.000000000000e+00,0.000000000000e+00,-7.209431644490e-01,-1.386352386742e+00,0.000000000000e+00,0.000000000000e+00,0.000000000000e+00,0.000000000000e+00,0.000000000000e+00,3.851351837070e+00,1.040676263085e+01,0.000000000000e+00,0.000000000000e+00,0.000000000000e+00,0.000000000000e+00,1.329223261135e+00,3.851351834250e+00,0.000000000000e+00,0.000000000000e+00,5.109946592538e-08,1.795582920932e-07,0.000000000000e+00,0.000000000000e+00,9.999999999992e-01,-9.437714905493e-02,6.883513754769e-12,5.352447413271e-12,0.000000000000e+00,0.000000000000e+00,0.000000000000e+00,1.000000000003e+00,5.303399994716e-07,-1.706465524985e-07,-3.911079908083e-08,0.000000000000e+00,0.000000000000e+00
1.000000000000e-12,OK,,5.271234098103e-07,-1.812422487627e-07,-5.479254602183e-08,1.812422487627e-07,5.479254602183e-08,1.812422487627e-07,9.971468100000e-12,1.359835500000e-09,3.000000000000e-03,2,1,7.500000000000e-04,36,5.680887457915e+00,BORIS,L2/dt-1e-12/eps-0.003/ranks-1,5.271234098103e-07,7.047438077129e-08,R34,5.461080000000e+00,-1.386352387240e+00,-1.278842750267e+00,0.000000000000e+00,0.000000000000e+00,0.000000000000e+00,-7.209431650361e-01,-1.386352386044e+00,0.000000000000e+00,0.000000000000e+00,0.000000000000e+00,0.000000000000e+00,0.000000000000e+00,3.851351837072e+00,1.040676263086e+01,0.000000000000e+00,0.000000000000e+00,0.000000000000e+00,0.000000000000e+00,1.329223261136e+00,3.851351834251e+00,0.000000000000e+00,0.000000000000e+00,5.508149040499e-08,1.825543969872e-07,0.000000000000e+00,0.000000000000e+00,9.999999999998e-01,-9.437714952651e-02,1.565070219317e-12,1.304389237652e-13,0.000000000000e+00,0.000000000000e+00,0.000000000000e+00,1.000000000004e+00,5.303100003573e-07,-1.865884119163e-07,-5.496992914559e-08,0.000000000000e+00,0.000000000000e+00
1.000000000000e-12,OK,,5.271334089230e-07,-1.818600909685e-07,-5.463377791446e-08,1.818600909685e-07,5.463377791446e-08,1.818600909685e-07,6.342415500000e-11,1.067225600000e-09,1.000000000000e-02,2,1,2.500000000000e-03,36,5.653616334079e+00,BORIS,L2/dt-1e-12/eps-0.01/ranks-1,5.271334089230e-07,7.046261574540e-08,R34,5.432320000000e+00,-1.386352387484e+00,-1.278842750422e+00,0.000000000000e+00,0.000000000000e+00,0.000000000000e+00,-7.209431649078e-01,-1.386352385725e+00,0.000000000000e+00,0.000000000000e+00,0.000000000000e+00,0.000000000000e+00,0.000000000000e+00,3.851351837071e+00,1.040676263085e+01,0.000000000000e+00,0.000000000000e+00,0.000000000000e+00,0.000000000000e+00,1.329223261135e+00,3.851351834249e+00,0.000000000000e+00,0.000000000000e+00,5.466775492838e-08,1.811866637574e-07,0.000000000000e+00,0.000000000000e+00,9.999999999995e-01,-9.437714967771e-02,1.217681498741e-12,2.869070997493e-12,0.000000000000e+00,0.000000000000e+00,0.000000000000e+00,1.000000000001e+00,5.304399994799e-07,-1.756378065278e-07,-5.118395924459e-08,0.000000000000e+00,0.000000000000e+00
1.000000000000e-12,OK,,5.270134089130e-07,-1.817253205888e-07,-5.489730365356e-08,1.817253205888e-07,5.489730365356e-08,1.817253205888e-07,9.760303700000e-12,1.653245200000e-10,3.000000000000e-02,2,1,7.500000000000e-03,36,6.264392999932e+00,BORIS,L2/dt-1e-12/eps-0.03/ranks-1,5.270134089130e-07,7.047684678917e-08,R34,6.012640000000e+00,-1.386352387410e+00,-1.278842750520e+00,0.000000000000e+00,0.000000000000e+00,0.000000000000e+00,-7.209431650209e-01,-1.386352385998e+00,0.000000000000e+00,0.000000000000e+00,0.000000000000e+00,0.000000000000e+00,0.000000000000e+00,3.851351837126e+00,1.040676263097e+01,0.000000000000e+00,0.000000000000e+00,0.000000000000e+00,0.000000000000e+00,1.329223261162e+00,3.851351834305e+00,0.000000000000e+00,0.000000000000e+00,5.495593524340e-08,1.818956443542e-07,0.000000000000e+00,0.000000000000e+00,9.999999999995e-01,-9.437714924145e-02,3.203420381104e-14,-7.250082673904e-14,0.000000000000e+00,0.000000000000e+00,0.000000000000e+00,1.000000000000e+00,5.304599994815e-07,-1.736530212107e-07,-5.332682036601e-08,0.000000000000e+00,0.000000000000e+00
1.000000000000e-12,OK,,4.985394843615e-07,-2.052923343431e-07,-5.651956796002e-08,2.052923343431e-07,5.651956796002e-08,2.052923343431e-07,3.433575800000e-09,6.678453600000e-09,1.000000000000e-01,2,1,2.500000000000e-02,36,6.219190040836e+00,BORIS,L2/dt-1e-12/eps-0.1/ranks-1,4.985394843615e-07,6.433387775851e-08,R12,5.977080000000e+00,-1.386352409950e+00,-1.278842817919e+00,0.000000000000e+00,0.000000000000e+00,0.000000000000e+00,-7.209431719080e-01,-1.386352407205e+00,0.000000000000e+00,0.000000000000e+00,0.000000000000e+00,0.000000000000e+00,0.000000000000e+00,3.851351916328e+00,1.040676279234e+01,0.000000000000e+00,0.000000000000e+00,0.000000000000e+00,0.000000000000e+00,1.329223299189e+00,3.851351911818e+00,0.000000000000e+00,0.000000000000e+00,6.476685251983e-08,2.097555619530e-07,0.000000000000e+00,0.000000000000e+00,9.999999999995e-01,-9.437713305378e-02,-3.265002817200e-14,-7.958647848024e-14,0.000000000000e+00,0.000000000000e+00,0.000000000000e+00,1.000000000000e+00,5.303300003590e-07,-1.746122603048e-07,-5.288201730615e-08,0.000000000000e+00,0.000000000000e+00
3.000000000000e-12,OK,,1.405182994698e-05,-1.518638710471e-06,-1.027869416204e-06,1.518638710471e-06,1.027869416204e-06,1.518638710471e-06,1.389519500000e-08,1.372159500000e-05,1.000000000000e-06,2,1,2.500000000000e-07,36,3.240875707939e+00,BORIS,L2/dt-3e-12/eps-1e-06/ranks-1,1.405182994698e-05,1.750869543820e-06,R51,3.020350000000e+00,-1.386353607299e+00,-1.278845928171e+00,0.000000000000e+00,0.000000000000e+00,0.000000000000e+00,-7.209435158168e-01,-1.386353144560e+00,0.000000000000e+00,0.000000000000e+00,0.000000000000e+00,0.000000000000e+00,0.000000000000e+00,3.851349720939e+00,1.040675836626e+01,0.000000000000e+00,0.000000000000e+00,0.000000000000e+00,0.000000000000e+00,1.329222231582e+00,3.851349696553e+00,0.000000000000e+00,0.000000000000e+00,-1.405182994692e-05,1.047612070488e-05,0.000000000000e+00,0.000000000000e+00,9.999999998652e-01,-9.436770383138e-02,1.026459697309e-09,1.024503350232e-08,0.000000000000e+00,0.000000000000e+00,0.000000000000e+00,1.000000010799e+00,3.675965629101e-05,9.065745284019e-06,1.609262596587e-06,0.000000000000e+00,0.000000000000e+00
3.000000000000e-12,OK,,4.793083409282e-06,-1.585262230900e-06,-5.098005640542e-07,1.585262230900e-06,5.098005640542e-07,1.585262230900e-06,1.894970900000e-08,4.878012400000e-06,3.000000000000e-06,2,1,7.500000000000e-07,36,3.219593791990e+00,BORIS,L2/dt-3e-12/eps-3e-06/ranks-1,4.793083409282e-06,8.709264922242e-07,R34,3.001340000000e+00,-1.386353488717e+00,-1.278846272800e+00,0.000000000000e+00,0.000000000000e+00,0.000000000000e+00,-7.209435005229e-01,-1.386353437688e+00,0.000000000000e+00,0.000000000000e+00,0.000000000000e+00,0.000000000000e+00,0.000000000000e+00,3.851349720233e+00,1.040675836490e+01,0.000000000000e+00,0.000000000000e+00,0.000000000000e+00,0.000000000000e+00,1.329222231220e+00,3.851349695861e+00,0.000000000000e+00,0.000000000000e+00,-4.441885496806e-06,4.701816509501e-06,0.000000000000e+00,0.000000000000e+00,1.000000000002e+00,-9.437362586082e-02,-6.601932583357e-11,5.249437578524e-10,0.000000000000e+00,0.000000000000e+00,0.000000000000e+00,1.000000002437e+00,1.366371245724e-05,1.366371245724e-05,2.167024845390e-06,0.000000000000e+00,0.000000000000e+00
3.000000000000e-12,OK,,4.793203409292e-06,-1.550147392606e-06,-3.827750462975e-07,1.550147392606e-06,3.827750462975e-07,1.550147392606e-06,4.549413200000e-09,1.598084700000e-06,1.000000000000e-05,2,1,2.500000000000e-06,36,3.200743916910e+00,BORIS,L2/dt-3e-12/eps-1e-05/ranks-1,4.793203409292e-06,6.559660462132e-07,R34,2.983650000000e+00,-1.386353339620e+00,-1.278845953855e+00,0.000000000000e+00,0.000000000000e+00,0.000000000000e+00,-7.209435289614e-01,-1.386353432041e+00,0.000000000000e+00,0.000000000000e+00,0.000000000000e+00,0.000000000000e+00,0.000000000000e+00,3.851349720231e+00,1.040675836478e+01,0.000000000000e+00,0.000000000000e+00,0.000000000000e+00,0.000000000000e+00,1.329222231220e+00,3.851349695792e+00,0.000000000000e+00,0.000000000000e+00,-1.011117555632e-06,2.526845529163e-06,0.000000000000e+00,0.000000000000e+00,9.999999999879e-01,-9.437584293717e-02,-6.346696888802e-10,-6.064659172003e-10,0.000000000000e+00,0.000000000000e+00,0.000000000000e+00,1.000000000026e+00,4.796489999848e-06,1.403561228324e-06,-1.226054416962e-06,0.000000000000e+00,0.000000000000e+00
3.000000000000e-12,OK,,4.791283409133e-06,-1.612436821683e-06,-4.792507576044e-07,1.612436821683e-06,4.792507576044e-07,1.612436821683e-06,1.172132600000e-09,4.961147400000e-07,3.000000000000e-05,2,1,7.500000000000e-06,36,3.215408500051e+00,BORIS,L2/dt-3e-12/eps-3e-05/ranks-1,4.791283409133e-06,6.421147704677e-07,R34,2.996710000000e+00,-1.386353423032e+00,-1.278846155643e+00,0.000000000000e+00,0.000000000000e+00,0.000000000000e+00,-7.209434951490e-01,-1.386353424503e+00,0.000000000000e+00,0.000000000000e+00,0.000000000000e+00,0.000000000000e+00,0.000000000000e+00,3.851349721171e+00,1.040675836670e+01,0.000000000000e+00,0.000000000000e+00,0.000000000000e+00,0.000000000000e+00,1.329222231700e+00,3.851349696775e+00,0.000000000000e+00,0.000000000000e+00,1.936659154263e-09,1.924304946518e-06,0.000000000000e+00,0.000000000000e+00,1.000000000003e+00,-9.437619472164e-02,1.431722507301e-10,1.912115856525e-10,0.000000000000e+00,0.000000000000e+00,0.000000000000e+00,1.000000000589e+00,4.794629999694e-06,-2.542912391196e-06,-8.533162470073e-07,0.000000000000e+00,0.000000000000e+00
3.000000000000e-12,OK,,4.792583409241e-06,-1.592285596512e-06,-4.766897313247e-07,1.592285596512e-06,4.766897313247e-07,1.592285596512e-06,5.265690100000e-10,1.650045000000e-07,1.000000000000e-04,2,1,2.500000000000e-05,36,3.224570166087e+00,BORIS,L2/dt-3e-12/eps-0.0001/ranks-1,4.792583409241e-06,6.353771574861e-07,R34,3.006240000000e+00,-1.386353436127e+00,-1.278846155570e+00,0.000000000000e+00,0.000000000000e+00,0.000000000000e+00,-7.209434992422e-01,-1.386353416606e+00,0.000000000000e+00,0.000000000000e+00,0.000000000000e+00,0.000000000000e+00,0.000000000000e+00,3.851349720464e+00,1.040675836540e+01,0.000000000000e+00,0.000000000000e+00,0.000000000000e+00,0.000000000000e+00,1.329222231338e+00,3.851349696121e+00,0.000000000000e+00,0.000000000000e+00,3.220892711193e-07,1.665390809500e-06,0.000000000000e+00,0.000000000000e+00,1.000000000001e+00,-9.437641762932e-02,-6.646861123885e-11,-5.762395798863e-11,0.000000000000e+00,0.000000000000e+00,0.000000000000e+00,1.000000000006e+00,4.795769999788e-06,-1.343734859896e-06,-1.530705188423e-07,0.000000000000e+00,0.000000000000e+00
3.000000000000e-12,OK,,4.791193410014e-06,-1.594804590950e-06,-4.828324992858e-07,1.594804590950e-06,4.828324992858e-07,1.594804590950e-06,5.994860200000e-11,5.232582100000e-08,3.000000000000e-04,2,1,7.500000000000e-05,36,3.145609750180e+00,BORIS,L2/dt-3e-12/eps-0.0003/ranks-1,4.791193410014e-06,6.343760495820e-07,R34,2.917940000000e+00,-1.386353435001e+00,-1.278846152306e+00,0.000000000000e+00,0.000000000000e+00,0.000000000000e+00,-7.209434986594e-01,-1.386353415187e+00,0.000000000000e+00,0.000000000000e+00,0.000000000000e+00,0.000000000000e+00,0.000000000000e+00,3.851349721160e+00,1.040675836679e+01,0.000000000000e+00,0.000000000000e+00,0.000000000000e+00,0.000000000000e+00,1.329222231695e+00,3.851349696829e+00,0.000000000000e+00,0.000000000000e+00,4.280622706355e-07,1.618211538216e-06,0.000000000000e+00,0.000000000000e+00,9.999999999999e-01,-9.437646430711e-02,-6.189976545989e-12,-1.172272755552e-11,0.000000000000e+00,0.000000000000e+00,0.000000000000e+00,9.999999999965e-01,4.794480000569e-06,-1.585066313761e-06,-5.209873484481e-07,0.000000000000e+00,0.000000000000e+00
3.000000000000e-12,OK,,4.791733410059e-06,-1.591889357659e-06,-4.809058403636e-07,1.591889357659e-06,4.809058403636e-07,1.591889357659e-06,3.719280400000e-10,1.529559200000e-08,1.000000000000e-03,2,1,2.500000000000e-04,36,3.177869834006e+00,BORIS,L2/dt-3e-12/eps-0.001/ranks-1,4.791733410059e-06,6.336843509791e-07,R34,2.959040000000e+00,-1.386353429522e+00,-1.278846144244e+00,0.000000000000e+00,0.000000000000e+00,0.000000000000e+00,-7.209435000154e-01,-1.386353417553e+00,0.000000000000e+00,0.000000000000e+00,0.000000000000e+00,0.000000000000e+00,0.000000000000e+00,3.851349720951e+00,1.040675836625e+01,0.000000000000e+00,0.000000000000e+00,0.000000000000e+00,0.000000000000e+00,1.329222231587e+00,3.851349696544e+00,0.000000000000e+00,0.000000000000e+00,4.656616856967e-07,1.600482540991e-06,0.000000000000e+00,0.000000000000e+00,1.000000000000e+00,-9.437648715671e-02,-4.802629500340e-12,-3.442942616137e-12,0.000000000000e+00,0.000000000000e+00,0.000000000000e+00,9.999999999993e-01,4.794940000608e-06,-1.582247936733e-06,-4.652292901625e-07,0.000000000000e+00,0.000000000000e+00
3.000000000000e-12,OK,,4.791153410011e-06,-1.591655501907e-06,-4.808373829914e-07,1.591655501907e-06,4.808373829914e-07,1.591655501907e-06,2.533373500000e-11,6.502573900000e-09,3.000000000000e-03,2,1,7.500000000000e-04,36,3.171097790822e+00,BORIS,L2/dt-3e-12/eps-0.003/ranks-1,4.791153410011e-06,6.335391448836e-07,R34,2.953510000000e+00,-1.386353430164e+00,-1.278846144827e+00,0.000000000000e+00,0.000000000000e+00,0.000000000000e+00,-7.209435002164e-01,-1.386353417603e+00,0.000000000000e+00,0.000000000000e+00,0.000000000000e+00,0.000000000000e+00,0.000000000000e+00,3.851349721161e+00,1.040675836683e+01,0.000000000000e+00,0.000000000000e+00,0.000000000000e+00,0.000000000000e+00,1.329222231695e+00,3.851349696852e+00,0.000000000000e+00,0.000000000000e+00,4.743803451515e-07,1.593507619773e-06,0.000000000000e+00,0.000000000000e+00,1.000000000000e+00,-9.437649404706e-02,2.271232910838e-12,3.200255437398e-12,0.000000000000e+00,0.000000000000e+00,0.000000000000e+00,9.999999999992e-01,4.794340000558e-06,-1.597001665061e-06,-4.810147661152e-07,0.000000000000e+00,0.000000000000e+00
3.000000000000e-12,OK,,4.791183409125e-06,-1.591171395633e-06,-4.808407497065e-07,1.591171395633e-06,4.808407497065e-07,1.591171395633e-06,3.116484800000e-11,1.919718000000e-09,1.000000000000e-02,2,1,2.500000000000e-03,36,3.123444333905e+00,BORIS,L2/dt-3e-12/eps-0.01/ranks-1,4.791183409125e-06,6.335337694202e-07,R34,2.904700000000e+00,-1.386353429995e+00,-1.278846144344e+00,0.000000000000e+00,0.000000000000e+00,0.000000000000e+00,-7.209435003042e-01,-1.386353417587e+00,0.000000000000e+00,0.000000000000e+00,0.000000000000e+00,0.000000000000e+00,0.000000000000e+00,3.851349721164e+00,1.040675836680e+01,0.000000000000e+00,0.000000000000e+00,0.000000000000e+00,0.000000000000e+00,1.329222231696e+00,3.851349696833e+00,0.000000000000e+00,0.000000000000e+00,4.813356453967e-07,1.592924377807e-06,0.000000000000e+00,0.000000000000e+00,1.000000000000e+00,-9.437649442324e-02,-7.044679979042e-13,-1.020546583840e-12,0.000000000000e+00,0.000000000000e+00,0.000000000000e+00,9.999999999996e-01,4.794489999682e-06,-1.584949111192e-06,-4.773909310366e-07,0.000000000000e+00,0.000000000000e+00
3.000000000000e-12,OK,,4.791103409119e-06,-1.591395296290e-06,-4.808354573286e-07,1.591395296290e-06,4.808354573286e-07,1.591395296290e-06,1.737290300000e-10,6.774648300000e-10,3.000000000000e-02,2,1,7.500000000000e-03,36,3.456078374991e+00,BORIS,L2/dt-3e-12/eps-0.03/ranks-1,4.791103409119e-06,6.334883987713e-07,R34,3.216320000000e+00,-1.386353430042e+00,-1.278846144406e+00,0.000000000000e+00,0.000000000000e+00,0.000000000000e+00,-7.209435003004e-01,-1.386353417526e+00,0.000000000000e+00,0.000000000000e+00,0.000000000000e+00,0.000000000000e+00,0.000000000000e+00,3.851349721238e+00,1.040675836688e+01,0.000000000000e+00,0.000000000000e+00,0.000000000000e+00,0.000000000000e+00,1.329222231732e+00,3.851349696863e+00,0.000000000000e+00,0.000000000000e+00,4.800207528402e-07,1.591486260883e-06,0.000000000000e+00,0.000000000000e+00,1.000000000000e+00,-9.437649608243e-02,-8.423626303962e-14,-1.547524409009e-13,0.000000000000e+00,0.000000000000e+00,0.000000000000e+00,1.000000000000e+00,4.794549999687e-06,-1.583322996912e-06,-4.792649740411e-07,0.000000000000e+00,0.000000000000e+00
3.000000000000e-12,OK,,4.631493409235e-06,-1.615013683064e-06,-4.824774611451e-07,1.615013683064e-06,4.824774611451e-07,1.615013683064e-06,3.589930000000e-09,6.838085100000e-09,1.000000000000e-01,2,1,2.500000000000e-02,36,3.520233375020e+00,BORIS,L2/dt-3e-12/eps-0.1/ranks-1,4.631493409235e-06,6.254810162333e-07,R34,3.275980000000e+00,-1.386353452585e+00,-1.278846211814e+00,0.000000000000e+00,0.000000000000e+00,0.000000000000e+00,-7.209435072481e-01,-1.386353438830e+00,0.000000000000e+00,0.000000000000e+00,0.000000000000e+00,0.000000000000e+00,0.000000000000e+00,3.851349799663e+00,1.040675852649e+01,0.000000000000e+00,0.000000000000e+00,0.000000000000e+00,0.000000000000e+00,1.329222269362e+00,3.851349773458e+00,0.000000000000e+00,0.000000000000e+00,4.904425219265e-07,1.619388366120e-06,0.000000000000e+00,0.000000000000e+00,1.000000000000e+00,-9.437648058938e-02,7.137454186339e-15,1.169330153759e-13,0.000000000000e+00,0.000000000000e+00,0.000000000000e+00,1.000000000000e+00,4.796180000710e-06,-1.584333609026e-06,-4.788399104912e-07,0.000000000000e+00,0.000000000000e+00
1.000000000000e-11,OK,,5.334341340912e-05,-1.768549750970e-05,-5.234843119735e-06,1.768549750970e-05,5.234843119735e-06,1.768549750970e-05,1.306232600000e-09,8.259435400000e-07,1.000000000000e-06,2,1,2.500000000000e-07,36,2.673813250149e+00,BORIS,L2/dt-1e-11/eps-1e-06/ranks-1,5.334341340912e-05,7.041261664424e-06,R34,2.453630000000e+00,-1.386365612075e+00,-1.278885024207e+00,0.000000000000e+00,0.000000000000e+00,0.000000000000e+00,-7.209472744664e-01,-1.386364936009e+00,0.000000000000e+00,0.000000000000e+00,0.000000000000e+00,0.000000000000e+00,0.000000000000e+00,3.851325615068e+00,1.040670981457e+01,0.000000000000e+00,0.000000000000e+00,0.000000000000e+00,0.000000000000e+00,1.329210510674e+00,3.851325374577e+00,0.000000000000e+00,0.000000000000e+00,5.015028741797e-06,1.699717680868e-05,0.000000000000e+00,0.000000000000e+00,9.999999998652e-01,-9.436925734260e-02,3.973909727181e-09,7.108641507170e-09,0.000000000000e+00,0.000000000000e+00,0.000000000000e+00,9.999999983177e-01,5.334667000056e-05,-7.101113515210e-06,-2.597711106944e-06,0.000000000000e+00,0.000000000000e+00
1.000000000000e-11,OK,,5.333772340954e-05,-1.770973652700e-05,-5.315933634415e-06,1.770973652700e-05,5.315933634415e-06,1.770973652700e-05,1.027329200000e-08,6.426886200000e-08,3.000000000000e-06,2,1,7.500000000000e-07,36,2.684828749858e+00,BORIS,L2/dt-1e-11/eps-3e-06/ranks-1,5.333772340954e-05,7.048229283878e-06,R34,2.464820000000e+00,-1.386365343142e+00,-1.278884818946e+00,0.000000000000e+00,0.000000000000e+00,0.000000000000e+00,-7.209473270892e-01,-1.386365155677e+00,0.000000000000e+00,0.000000000000e+00,0.000000000000e+00,0.000000000000e+00,0.000000000000e+00,3.851325617846e+00,1.040670982026e+01,0.000000000000e+00,0.000000000000e+00,0.000000000000e+00,0.000000000000e+00,1.329210512094e+00,3.851325377484e+00,0.000000000000e+00,0.000000000000e+00,5.333681387080e-06,1.770025510070e-05,0.000000000000e+00,0.000000000000e+00,1.000000000002e+00,-9.436897489088e-02,1.146357422696e-10,-8.532212283095e-10,0.000000000000e+00,0.000000000000e+00,0.000000000000e+00,9.999999978182e-01,5.334098000098e-05,-2.460761838860e-06,-2.639108224971e-06,0.000000000000e+00,0.000000000000e+00
1.000000000000e-11,OK,,5.345536340862e-05,-1.748346400281e-05,-5.279566801306e-06,1.748346400281e-05,5.279566801306e-06,1.748346400281e-05,1.076234600000e-08,9.975086600000e-06,1.000000000000e-05,2,1,2.500000000000e-06,36,2.692307374906e+00,BORIS,L2/dt-1e-11/eps-1e-05/ranks-1,5.345536340862e-05,7.014933991879e-06,R34,2.473220000000e+00,-1.386365176789e+00,-1.278884370470e+00,0.000000000000e+00,0.000000000000e+00,0.000000000000e+00,-7.209472722190e-01,-1.386365030592e+00,0.000000000000e+00,0.000000000000e+00,0.000000000000e+00,0.000000000000e+00,0.000000000000e+00,3.851325560382e+00,1.040670970262e+01,0.000000000000e+00,0.000000000000e+00,0.000000000000e+00,0.000000000000e+00,1.329210482720e+00,3.851325317349e+00,0.000000000000e+00,0.000000000000e+00,1.526033860144e-05,1.166150669231e-05,0.000000000000e+00,0.000000000000e+00,9.999999999879e-01,-9.437466659076e-02,-4.106659897242e-11,-4.983013039438e-11,0.000000000000e+00,0.000000000000e+00,0.000000000000e+00,9.999999997128e-01,5.345864999917e-05,-1.452975538188e-05,-6.122846171970e-06,0.000000000000e+00,0.000000000000e+00
1.000000000000e-11,OK,,5.335171340981e-05,-1.744034704282e-05,-5.268492647934e-06,1.744034704282e-05,5.268492647934e-06,1.744034704282e-05,7.521475300000e-09,1.852873600000e-05,3.000000000000e-05,2,1,7.500000000000e-06,36,2.740134374937e+00,BORIS,L2/dt-1e-11/eps-3e-05/ranks-1,5.335171340981e-05,7.443616347821e-06,R34,2.520860000000e+00,-1.386365172397e+00,-1.278884323645e+00,0.000000000000e+00,0.000000000000e+00,0.000000000000e+00,-7.209472770357e-01,-1.386365014048e+00,0.000000000000e+00,0.000000000000e+00,0.000000000000e+00,0.000000000000e+00,0.000000000000e+00,3.851325615068e+00,1.040670980627e+01,0.000000000000e+00,0.000000000000e+00,0.000000000000e+00,0.000000000000e+00,1.329210510675e+00,3.851325369451e+00,0.000000000000e+00,0.000000000000e+00,-1.325921401792e-05,2.825467147890e-05,0.000000000000e+00,0.000000000000e+00,9.999999999916e-01,-9.435877907840e-02,-6.237470382187e-11,1.310266499135e-10,0.000000000000e+00,0.000000000000e+00,0.000000000000e+00,1.000000000262e+00,5.335506000037e-05,-1.837082261233e-05,-5.642558137337e-06,0.000000000000e+00,0.000000000000e+00
1.000000000000e-11,OK,,5.334341340912e-05,-1.745188290906e-05,-5.270695287116e-06,1.745188290906e-05,5.270695287116e-06,1.745188290906e-05,2.744213700000e-10,5.565042700000e-06,1.000000000000e-04,2,1,2.500000000000e-05,36,2.740141791990e+00,BORIS,L2/dt-1e-11/eps-0.0001/ranks-1,5.334341340912e-05,7.089087379889e-06,R34,2.514780000000e+00,-1.386365171498e+00,-1.278884333397e+00,0.000000000000e+00,0.000000000000e+00,0.000000000000e+00,-7.209472768057e-01,-1.386365019340e+00,0.000000000000e+00,0.000000000000e+00,0.000000000000e+00,0.000000000000e+00,0.000000000000e+00,3.851325615068e+00,1.040670981457e+01,0.000000000000e+00,0.000000000000e+00,0.000000000000e+00,0.000000000000e+00,1.329210510674e+00,3.851325374577e+00,0.000000000000e+00,0.000000000000e+00,-2.902570449316e-07,2.068454236095e-05,0.000000000000e+00,0.000000000000e+00,1.000000000001e+00,-9.436603655856e-02,-6.957391760332e-11,-2.443291775433e-11,0.000000000000e+00,0.000000000000e+00,0.000000000000e+00,9.999999999895e-01,5.334659999967e-05,-1.720333217244e-05,-4.947076074634e-06,0.000000000000e+00,0.000000000000e+00
1.000000000000e-11,OK,,5.335142340890e-05,-1.745118542754e-05,-5.269055255172e-06,1.745118542754e-05,5.269055255172e-06,1.745118542754e-05,8.420251300000e-09,1.856453900000e-06,3.000000000000e-04,2,1,7.500000000000e-05,36,2.833228833973e+00,BORIS,L2/dt-1e-11/eps-0.0003/ranks-1,5.335142340890e-05,7.034553714550e-06,R34,2.604480000000e+00,-1.386365172380e+00,-1.278884333955e+00,0.000000000000e+00,0.000000000000e+00,0.000000000000e+00,-7.209472763615e-01,-1.386365018116e+00,0.000000000000e+00,0.000000000000e+00,0.000000000000e+00,0.000000000000e+00,0.000000000000e+00,3.851325615068e+00,1.040670980656e+01,0.000000000000e+00,0.000000000000e+00,0.000000000000e+00,0.000000000000e+00,1.329210510674e+00,3.851325369629e+00,0.000000000000e+00,0.000000000000e+00,3.420096839721e-06,1.853073172506e-05,0.000000000000e+00,0.000000000000e+00,9.999999999998e-01,-9.436810564128e-02,-8.882177656870e-12,-1.922635855054e-11,0.000000000000e+00,0.000000000000e+00,0.000000000000e+00,1.000000000005e+00,5.335470999945e-05,-1.744144715035e-05,-5.307210104334e-06,0.000000000000e+00,0.000000000000e+00
1.000000000000e-11,OK,,5.334341340912e-05,-1.745042476185e-05,-5.269620270264e-06,1.745042476185e-05,5.269620270264e-06,1.745042476185e-05,1.206949000000e-10,5.559393200000e-07,1.000000000000e-03,2,1,2.500000000000e-04,36,2.756654000143e+00,BORIS,L2/dt-1e-11/eps-0.001/ranks-1,5.334341340912e-05,7.019793911510e-06,R34,2.536120000000e+00,-1.386365171794e+00,-1.278884333636e+00,0.000000000000e+00,0.000000000000e+00,0.000000000000e+00,-7.209472764632e-01,-1.386365018561e+00,0.000000000000e+00,0.000000000000e+00,0.000000000000e+00,0.000000000000e+00,0.000000000000e+00,3.851325615068e+00,1.040670981457e+01,0.000000000000e+00,0.000000000000e+00,0.000000000000e+00,0.000000000000e+00,1.329210510674e+00,3.851325374577e+00,0.000000000000e+00,0.000000000000e+00,4.719279174156e-06,1.777740038608e-05,0.000000000000e+00,0.000000000000e+00,1.000000000000e+00,-9.436883005257e-02,-3.138609688575e-12,-4.467678410624e-12,0.000000000000e+00,0.000000000000e+00,0.000000000000e+00,9.999999999992e-01,5.334661999967e-05,-1.744078334092e-05,-5.253943720063e-06,0.000000000000e+00,0.000000000000e+00
1.000000000000e-11,OK,,5.343015340920e-05,-1.745084958909e-05,-5.269627137772e-06,1.745084958909e-05,5.269627137772e-06,1.745084958909e-05,3.701010800000e-08,1.860436500000e-07,3.000000000000e-03,2,1,7.500000000000e-04,36,2.747100915993e+00,BORIS,L2/dt-1e-11/eps-0.003/ranks-1,5.343015340920e-05,7.023497443573e-06,R34,2.530590000000e+00,-1.386365171426e+00,-1.278884333249e+00,0.000000000000e+00,0.000000000000e+00,0.000000000000e+00,-7.209472764839e-01,-1.386365018736e+00,0.000000000000e+00,0.000000000000e+00,0.000000000000e+00,0.000000000000e+00,0.000000000000e+00,3.851325559503e+00,1.040670972783e+01,0.000000000000e+00,0.000000000000e+00,0.000000000000e+00,0.000000000000e+00,1.329210482271e+00,3.851325333098e+00,0.000000000000e+00,0.000000000000e+00,5.089471348577e-06,1.756132258317e-05,0.000000000000e+00,0.000000000000e+00,9.999999999998e-01,-9.436903773648e-02,-4.306856429096e-13,4.027940878040e-13,0.000000000000e+00,0.000000000000e+00,0.000000000000e+00,9.999999999987e-01,5.343333999974e-05,-1.745619575224e-05,-5.269804520896e-06,0.000000000000e+00,0.000000000000e+00
1.000000000000e-11,OK,,5.297355340872e-05,-1.745077175261e-05,-5.269629508132e-06,1.745077175261e-05,5.269629508132e-06,1.745077175261e-05,2.888827700000e-08,8.255022000000e-08,1.000000000000e-02,2,1,2.500000000000e-03,36,2.793704541866e+00,BORIS,L2/dt-1e-11/eps-0.01/ranks-1,5.297355340872e-05,6.984873323222e-06,R34,2.573000000000e+00,-1.386365171383e+00,-1.278884333269e+00,0.000000000000e+00,0.000000000000e+00,0.000000000000e+00,-7.209472764709e-01,-1.386365018781e+00,0.000000000000e+00,0.000000000000e+00,0.000000000000e+00,0.000000000000e+00,0.000000000000e+00,3.851325795733e+00,1.040671018443e+01,0.000000000000e+00,0.000000000000e+00,0.000000000000e+00,0.000000000000e+00,1.329210603027e+00,3.851325563641e+00,0.000000000000e+00,0.000000000000e+00,5.192905333592e-06,1.747178547014e-05,0.000000000000e+00,0.000000000000e+00,1.000000000000e+00,-9.436912392175e-02,-2.437181856977e-14,3.996678396968e-13,0.000000000000e+00,0.000000000000e+00,0.000000000000e+00,1.000000000000e+00,5.297685999928e-05,-1.744454946817e-05,-5.266179689462e-06,0.000000000000e+00,0.000000000000e+00
1.000000000000e-11,OK,,5.298643340979e-05,-1.745093779711e-05,-5.269640570556e-06,1.745093779711e-05,5.269640570556e-06,1.745093779711e-05,3.755894800000e-08,3.757542400000e-08,3.000000000000e-02,2,1,7.500000000000e-03,36,3.044293957995e+00,BORIS,L2/dt-1e-11/eps-0.03/ranks-1,5.298643340979e-05,6.986538475895e-06,R34,2.780090000000e+00,-1.386365171707e+00,-1.278884334204e+00,0.000000000000e+00,0.000000000000e+00,0.000000000000e+00,-7.209472764680e-01,-1.386365019046e+00,0.000000000000e+00,0.000000000000e+00,0.000000000000e+00,0.000000000000e+00,0.000000000000e+00,3.851325793705e+00,1.040671017155e+01,0.000000000000e+00,0.000000000000e+00,0.000000000000e+00,0.000000000000e+00,1.329210601987e+00,3.851325556122e+00,0.000000000000e+00,0.000000000000e+00,5.287150794048e-06,1.748077846622e-05,0.000000000000e+00,0.000000000000e+00,1.000000000000e+00,-9.436911539481e-02,-1.769951654224e-13,6.550428893121e-15,0.000000000000e+00,0.000000000000e+00,0.000000000000e+00,1.000000000000e+00,5.298988000035e-05,-1.744286549773e-05,-5.268070087268e-06,0.000000000000e+00,0.000000000000e+00
1.000000000000e-11,OK,,5.330860340891e-05,-1.745836842340e-05,-5.265427132714e-06,1.745836842340e-05,5.265427132714e-06,1.745836842340e-05,2.668014000000e-09,1.453237300000e-08,1.000000000000e-01,2,1,2.500000000000e-02,36,3.080172042130e+00,BORIS,L2/dt-1e-11/eps-0.1/ranks-1,5.330860340891e-05,7.013564987139e-06,R34,2.798620000000e+00,-1.386365180620e+00,-1.278884361514e+00,0.000000000000e+00,0.000000000000e+00,0.000000000000e+00,-7.209472785776e-01,-1.386365025747e+00,0.000000000000e+00,0.000000000000e+00,0.000000000000e+00,0.000000000000e+00,0.000000000000e+00,3.851325632392e+00,1.040670984938e+01,0.000000000000e+00,0.000000000000e+00,0.000000000000e+00,0.000000000000e+00,1.329210517115e+00,3.851325387549e+00,0.000000000000e+00,0.000000000000e+00,5.272225992781e-06,1.746710264606e-05,0.000000000000e+00,0.000000000000e+00,1.000000000000e+00,-9.436913421008e-02,3.022430258374e-16,4.479561266949e-14,0.000000000000e+00,0.000000000000e+00,0.000000000000e+00,1.000000000000e+00,5.347329000038e-05,-1.742768834936e-05,-5.261789582060e-06,0.000000000000e+00,0.000000000000e+00
3.000000000000e-11,OK,,4.569284834091e-04,-1.519304388854e-04,-4.601223462791e-05,1.519304388854e-04,4.601223462791e-05,1.519304388854e-04,8.177781700000e-08,4.472493100000e-07,1.000000000000e-06,2,1,2.500000000000e-07,36,2.565514917020e+00,BORIS,L2/dt-3e-11/eps-1e-06/ranks-1,4.569284834091e-04,6.046385070288e-05,R34,2.347640000000e+00,-1.386464228698e+00,-1.279207919095e+00,0.000000000000e+00,0.000000000000e+00,0.000000000000e+00,-7.209792185129e-01,-1.386463662074e+00,0.000000000000e+00,0.000000000000e+00,0.000000000000e+00,0.000000000000e+00,0.000000000000e+00,3.851125585804e+00,1.040630622950e+01,0.000000000000e+00,0.000000000000e+00,0.000000000000e+00,0.000000000000e+00,1.329112904392e+00,3.851122363565e+00,0.000000000000e+00,0.000000000000e+00,4.552728160675e-05,1.513396015092e-04,0.000000000000e+00,0.000000000000e+00,1.000000000274e+00,-9.430683617767e-02,4.251962252707e-10,-3.508525651678e-10,0.000000000000e+00,0.000000000000e+00,0.000000000000e+00,1.000000000216e+00,4.569317400005e-04,-1.413460548909e-04,-4.337510261512e-05,0.000000000000e+00,0.000000000000e+00
3.000000000000e-11,OK,,4.570502334094e-04,-1.519787291039e-04,-4.610572138200e-05,1.519787291039e-04,4.610572138200e-05,1.519787291039e-04,2.163716000000e-08,4.982670200000e-08,3.000000000000e-06,2,1,7.500000000000e-07,36,2.571215792093e+00,BORIS,L2/dt-3e-11/eps-3e-06/ranks-1,4.570502334094e-04,6.049258289946e-05,R34,2.352200000000e+00,-1.386464234068e+00,-1.279208065457e+00,0.000000000000e+00,0.000000000000e+00,0.000000000000e+00,-7.209792679965e-01,-1.386463822020e+00,0.000000000000e+00,0.000000000000e+00,0.000000000000e+00,0.000000000000e+00,0.000000000000e+00,3.851125530249e+00,1.040630610775e+01,0.000000000000e+00,0.000000000000e+00,0.000000000000e+00,0.000000000000e+00,1.329112875993e+00,3.851122300479e+00,0.000000000000e+00,0.000000000000e+00,4.567100113761e-05,1.517840871588e-04,0.000000000000e+00,0.000000000000e+00,1.000000000002e+00,-9.430667210756e-02,7.243818894754e-11,-6.517378240952e-10,0.000000000000e+00,0.000000000000e+00,0.000000000000e+00,9.999999998046e-01,4.570534900008e-04,-1.367297544158e-04,-4.342889597256e-05,0.000000000000e+00,0.000000000000e+00
3.000000000000e-11,OK,,4.574057334086e-04,-1.507464876606e-04,-4.575797024400e-05,1.507464876606e-04,4.575797024400e-05,1.507464876606e-04,2.418796500000e-08,6.894372400000e-06,1.000000000000e-05,2,1,2.500000000000e-06,36,2.594703666167e+00,BORIS,L2/dt-3e-11/eps-1e-05/ranks-1,4.574057334086e-04,6.039076339273e-05,R34,2.374890000000e+00,-1.386463244078e+00,-1.279205039908e+00,0.000000000000e+00,0.000000000000e+00,0.000000000000e+00,-7.209789952812e-01,-1.386462993329e+00,0.000000000000e+00,0.000000000000e+00,0.000000000000e+00,0.000000000000e+00,0.000000000000e+00,3.851125352473e+00,1.040630575225e+01,0.000000000000e+00,0.000000000000e+00,0.000000000000e+00,0.000000000000e+00,1.329112785118e+00,3.851122119647e+00,0.000000000000e+00,0.000000000000e+00,3.834891949055e-05,1.545207645017e-04,0.000000000000e+00,0.000000000000e+00,1.000000000029e+00,-9.430332762500e-02,1.638057808589e-10,4.559433841100e-10,0.000000000000e+00,0.000000000000e+00,0.000000000000e+00,9.999999997811e-01,4.574090199991e-04,-1.477927790397e-04,-4.660124961466e-05,0.000000000000e+00,0.000000000000e+00
3.000000000000e-11,OK,,4.570422134087e-04,-1.548336248244e-04,-4.686961319500e-05,1.548336248244e-04,4.686961319500e-05,1.548336248244e-04,9.617630900000e-09,9.001964200000e-05,3.000000000000e-05,2,1,7.500000000000e-06,36,2.597553250147e+00,BORIS,L2/dt-3e-11/eps-3e-05/ranks-1,4.570422134087e-04,6.085765254142e-05,R34,2.379090000000e+00,-1.386466521920e+00,-1.279214964078e+00,0.000000000000e+00,0.000000000000e+00,0.000000000000e+00,-7.209798878767e-01,-1.386465695906e+00,0.000000000000e+00,0.000000000000e+00,0.000000000000e+00,0.000000000000e+00,0.000000000000e+00,3.851125530249e+00,1.040630611577e+01,0.000000000000e+00,0.000000000000e+00,0.000000000000e+00,0.000000000000e+00,1.329112875993e+00,3.851122305427e+00,0.000000000000e+00,0.000000000000e+00,1.366684244599e-04,1.024293388662e-04,0.000000000000e+00,0.000000000000e+00,1.000000000002e+00,-9.435572436157e-02,-3.269599887354e-11,6.116590956358e-11,0.000000000000e+00,0.000000000000e+00,0.000000000000e+00,1.000000000043e+00,4.570455599993e-04,-1.557641003939e-04,-4.724367868440e-05,0.000000000000e+00,0.000000000000e+00
3.000000000000e-11,OK,,4.570237034098e-04,-1.549316835778e-04,-4.690627831591e-05,1.549316835778e-04,4.690627831591e-05,1.549316835778e-04,1.659436800000e-08,1.502540200000e-04,1.000000000000e-04,2,1,2.500000000000e-05,36,2.614970332943e+00,BORIS,L2/dt-3e-11/eps-0.0001/ranks-1,4.570237034098e-04,6.432748268651e-05,R34,2.394430000000e+00,-1.386466587321e+00,-1.279215200421e+00,0.000000000000e+00,0.000000000000e+00,0.000000000000e+00,-7.209799141089e-01,-1.386465782537e+00,0.000000000000e+00,0.000000000000e+00,0.000000000000e+00,0.000000000000e+00,0.000000000000e+00,3.851125530249e+00,1.040630613428e+01,0.000000000000e+00,0.000000000000e+00,0.000000000000e+00,0.000000000000e+00,1.329112875993e+00,3.851122316853e+00,0.000000000000e+00,0.000000000000e+00,-1.035853766240e-04,2.420835112636e-04,0.000000000000e+00,0.000000000000e+00,9.999999999972e-01,-9.422151438732e-02,1.517515450836e-11,4.242102783250e-11,0.000000000000e+00,0.000000000000e+00,0.000000000000e+00,1.000000000027e+00,4.570268900004e-04,-1.546831328412e-04,-4.658265910343e-05,0.000000000000e+00,0.000000000000e+00
3.000000000000e-11,OK,,4.570445434098e-04,-1.548788614263e-04,-4.688823053689e-05,1.548788614263e-04,4.688823053689e-05,1.548788614263e-04,1.479770100000e-08,5.008094600000e-05,3.000000000000e-04,2,1,7.500000000000e-05,36,2.587206959026e+00,BORIS,L2/dt-3e-11/eps-0.0003/ranks-1,4.570445434098e-04,6.164498497693e-05,R34,2.369090000000e+00,-1.386466551101e+00,-1.279215075248e+00,0.000000000000e+00,0.000000000000e+00,0.000000000000e+00,-7.209799008520e-01,-1.386465739171e+00,0.000000000000e+00,0.000000000000e+00,0.000000000000e+00,0.000000000000e+00,0.000000000000e+00,3.851125533027e+00,1.040630611344e+01,0.000000000000e+00,0.000000000000e+00,0.000000000000e+00,0.000000000000e+00,1.329112877413e+00,3.851122303386e+00,0.000000000000e+00,0.000000000000e+00,-3.425363866617e-06,1.838485267913e-04,0.000000000000e+00,0.000000000000e+00,9.999999999999e-01,-9.427747006237e-02,9.092586478716e-12,1.627720557672e-11,0.000000000000e+00,0.000000000000e+00,0.000000000000e+00,1.000000000013e+00,4.570478300003e-04,-1.548691231491e-04,-4.692638538605e-05,0.000000000000e+00,0.000000000000e+00
3.000000000000e-11,OK,,4.569284834091e-04,-1.548789231573e-04,-4.688827180716e-05,1.548789231573e-04,4.688827180716e-05,1.548789231573e-04,1.493078500000e-08,1.501947300000e-05,1.000000000000e-03,2,1,2.500000000000e-04,36,2.537953500170e+00,BORIS,L2/dt-3e-11/eps-0.001/ranks-1,4.569284834091e-04,6.110617531153e-05,R34,2.319300000000e+00,-1.386466551066e+00,-1.279215073938e+00,0.000000000000e+00,0.000000000000e+00,0.000000000000e+00,-7.209799008151e-01,-1.386465738403e+00,0.000000000000e+00,0.000000000000e+00,0.000000000000e+00,0.000000000000e+00,0.000000000000e+00,3.851125585804e+00,1.040630622950e+01,0.000000000000e+00,0.000000000000e+00,0.000000000000e+00,0.000000000000e+00,1.329112904392e+00,3.851122363565e+00,0.000000000000e+00,0.000000000000e+00,3.163609751666e-05,1.634846744137e-04,0.000000000000e+00,0.000000000000e+00,9.999999999997e-01,-9.429704691932e-02,-5.975710280798e-13,1.039124973620e-12,0.000000000000e+00,0.000000000000e+00,0.000000000000e+00,1.000000000002e+00,4.569316899996e-04,-1.548692817364e-04,-4.687259525696e-05,0.000000000000e+00,0.000000000000e+00
3.000000000000e-11,OK,,4.569284634091e-04,-1.548774343851e-04,-4.688781649098e-05,1.548774343851e-04,4.688781649098e-05,1.548774343851e-04,1.469191100000e-08,5.001513200000e-06,3.000000000000e-03,2,1,7.500000000000e-04,36,2.564837000100e+00,BORIS,L2/dt-3e-11/eps-0.003/ranks-1,4.569284634091e-04,6.099529645881e-05,R34,2.345970000000e+00,-1.386466550858e+00,-1.279215074507e+00,0.000000000000e+00,0.000000000000e+00,0.000000000000e+00,-7.209799009363e-01,-1.386465739193e+00,0.000000000000e+00,0.000000000000e+00,0.000000000000e+00,0.000000000000e+00,0.000000000000e+00,3.851125585812e+00,1.040630622952e+01,0.000000000000e+00,0.000000000000e+00,0.000000000000e+00,0.000000000000e+00,1.329112904396e+00,3.851122363573e+00,0.000000000000e+00,0.000000000000e+00,4.165361491069e-05,1.576661853911e-04,0.000000000000e+00,0.000000000000e+00,1.000000000000e+00,-9.430264063080e-02,2.796705107600e-13,1.666570403732e-13,0.000000000000e+00,0.000000000000e+00,0.000000000000e+00,1.000000000001e+00,4.569316499996e-04,-1.548827805483e-04,-4.688799387410e-05,0.000000000000e+00,0.000000000000e+00
3.000000000000e-11,OK,,4.570422634096e-04,-1.548793342684e-04,-4.688832241444e-05,1.548793342684e-04,4.688832241444e-05,1.548793342684e-04,6.399374500000e-09,1.500009700000e-06,1.000000000000e-02,2,1,2.500000000000e-03,36,2.611491834046e+00,BORIS,L2/dt-3e-11/eps-0.01/ranks-1,4.570422634096e-04,6.096970471307e-05,R34,2.386790000000e+00,-1.386466550568e+00,-1.279215074693e+00,0.000000000000e+00,0.000000000000e+00,0.000000000000e+00,-7.209799004004e-01,-1.386465738685e+00,0.000000000000e+00,0.000000000000e+00,0.000000000000e+00,0.000000000000e+00,0.000000000000e+00,3.851125530226e+00,1.040630611572e+01,0.000000000000e+00,0.000000000000e+00,0.000000000000e+00,0.000000000000e+00,1.329112875982e+00,3.851122305404e+00,0.000000000000e+00,0.000000000000e+00,4.515578667381e-05,1.556253781028e-04,0.000000000000e+00,0.000000000000e+00,1.000000000000e+00,-9.430460058195e-02,1.917200348296e-13,1.074213134378e-13,0.000000000000e+00,0.000000000000e+00,0.000000000000e+00,9.999999999998e-01,4.570455700001e-04,-1.548731119840e-04,-4.688487259577e-05,0.000000000000e+00,0.000000000000e+00
3.000000000000e-11,OK,,4.569021034087e-04,-1.548786209533e-04,-4.688792508900e-05,1.548786209533e-04,4.688792508900e-05,1.548786209533e-04,3.487177200000e-09,5.164655900000e-07,3.000000000000e-02,2,1,7.500000000000e-03,36,2.931785208173e+00,BORIS,L2/dt-3e-11/eps-0.03/ranks-1,4.569021034087e-04,6.094874396306e-05,R34,2.688280000000e+00,-1.386466550806e+00,-1.279215071182e+00,0.000000000000e+00,0.000000000000e+00,0.000000000000e+00,-7.209799008349e-01,-1.386465736980e+00,0.000000000000e+00,0.000000000000e+00,0.000000000000e+00,0.000000000000e+00,0.000000000000e+00,3.851125589651e+00,1.040630625588e+01,0.000000000000e+00,0.000000000000e+00,0.000000000000e+00,0.000000000000e+00,1.329112906354e+00,3.851122379003e+00,0.000000000000e+00,0.000000000000e+00,4.613936740905e-05,1.550265694618e-04,0.000000000000e+00,0.000000000000e+00,1.000000000000e+00,-9.430517142082e-02,6.309070155373e-14,1.884754951356e-13,0.000000000000e+00,0.000000000000e+00,0.000000000000e+00,1.000000000000e+00,4.569055499992e-04,-1.548705486539e-04,-4.688635460571e-05,0.000000000000e+00,0.000000000000e+00
3.000000000000e-11,OK,,4.571429934099e-04,-1.548866422651e-04,-4.688435729240e-05,1.548866422651e-04,4.688435729240e-05,1.548866422651e-04,6.276111900000e-09,1.086042300000e-07,1.000000000000e-01,2,1,2.500000000000e-02,36,2.925469709095e+00,BORIS,L2/dt-3e-11/eps-0.1/ranks-1,4.571429934099e-04,6.096803250617e-05,R34,2.673240000000e+00,-1.386466560066e+00,-1.279215101571e+00,0.000000000000e+00,0.000000000000e+00,0.000000000000e+00,-7.209799029828e-01,-1.386465745583e+00,0.000000000000e+00,0.000000000000e+00,0.000000000000e+00,0.000000000000e+00,0.000000000000e+00,3.851125487244e+00,1.040630601499e+01,0.000000000000e+00,0.000000000000e+00,0.000000000000e+00,0.000000000000e+00,1.329112851522e+00,3.851122247548e+00,0.000000000000e+00,0.000000000000e+00,4.661467186237e-05,1.548784503034e-04,0.000000000000e+00,0.000000000000e+00,1.000000000000e+00,-9.430530273084e-02,2.124907348472e-14,1.831584319296e-14,0.000000000000e+00,0.000000000000e+00,0.000000000000e+00,1.000000000000e+00,4.573076800014e-04,-1.548559621911e-04,-4.688071974175e-05,0.000000000000e+00,0.000000000000e+00
1.000000000000e-10,INVALID,time step too long for QACH field extent,,,,,,,,,1.000000000000e-06,2,1,2.500000000000e-07,36,2.226560839918e-01,BORIS,L2/dt-1e-10/eps-1e-06/ranks-1,,,,,,,,,,,,,,,,,,,,,,,,,,,,,,,,,,,,,,,,,,,
1.000000000000e-10,INVALID,time step too long for QACH field extent,,,,,,,,,3.000000000000e-06,2,1,7.500000000000e-07,36,2.227057910059e-01,BORIS,L2/dt-1e-10/eps-3e-06/ranks-1,,,,,,,,,,,,,,,,,,,,,,,,,,,,,,,,,,,,,,,,,,,
1.000000000000e-10,INVALID,time step too long for QACH field extent,,,,,,,,,1.000000000000e-05,2,1,2.500000000000e-06,36,2.229095830116e-01,BORIS,L2/dt-1e-10/eps-1e-05/ranks-1,,,,,,,,,,,,,,,,,,,,,,,,,,,,,,,,,,,,,,,,,,,
1.000000000000e-10,INVALID,time step too long for QACH field extent,,,,,,,,,3.000000000000e-05,2,1,7.500000000000e-06,36,2.207663329318e-01,BORIS,L2/dt-1e-10/eps-3e-05/ranks-1,,,,,,,,,,,,,,,,,,,,,,,,,,,,,,,,,,,,,,,,,,,
1.000000000000e-10,INVALID,time step too long for QACH field extent,,,,,,,,,1.000000000000e-04,2,1,2.500000000000e-05,36,2.212568749674e-01,BORIS,L2/dt-1e-10/eps-0.0001/ranks-1,,,,,,,,,,,,,,,,,,,,,,,,,,,,,,,,,,,,,,,,,,,
1.000000000000e-10,INVALID,time step too long for QACH field extent,,,,,,,,,3.000000000000e-04,2,1,7.500000000000e-05,36,2.213526249398e-01,BORIS,L2/dt-1e-10/eps-0.0003/ranks-1,,,,,,,,,,,,,,,,,,,,,,,,,,,,,,,,,,,,,,,,,,,
1.000000000000e-10,INVALID,time step too long for QACH field extent,,,,,,,,,1.000000000000e-03,2,1,2.500000000000e-04,36,2.223129579797e-01,BORIS,L2/dt-1e-10/eps-0.001/ranks-1,,,,,,,,,,,,,,,,,,,,,,,,,,,,,,,,,,,,,,,,,,,
1.000000000000e-10,INVALID,time step too long for QACH field extent,,,,,,,,,3.000000000000e-03,2,1,7.500000000000e-04,36,2.195752919652e-01,BORIS,L2/dt-1e-10/eps-0.003/ranks-1,,,,,,,,,,,,,,,,,,,,,,,,,,,,,,,,,,,,,,,,,,,
1.000000000000e-10,INVALID,time step too long for QACH field extent,,,,,,,,,1.000000000000e-02,2,1,2.500000000000e-03,36,2.203723748680e-01,BORIS,L2/dt-1e-10/eps-0.01/ranks-1,,,,,,,,,,,,,,,,,,,,,,,,,,,,,,,,,,,,,,,,,,,
1.000000000000e-10,INVALID,time step too long for QACH field extent,,,,,,,,,3.000000000000e-02,2,1,7.500000000000e-03,36,2.382660419680e-01,BORIS,L2/dt-1e-10/eps-0.03/ranks-1,,,,,,,,,,,,,,,,,,,,,,,,,,,,,,,,,,,,,,,,,,,
1.000000000000e-10,INVALID,time step too long for QACH field extent,,,,,,,,,1.000000000000e-01,2,1,2.500000000000e-02,36,2.463353329804e-01,BORIS,L2/dt-1e-10/eps-0.1/ranks-1,,,,,,,,,,,,,,,,,,,,,,,,,,,,,,,,,,,,,,,,,,,
1.000000000000e-13,OK,,4.701483532365e-05,-6.486541146619e-06,8.338149909985e-06,6.486541146619e-06,8.338149909985e-06,8.338149909985e-06,5.804386200000e-07,2.734588700000e-05,1.000000000000e-06,3,1,1.250000000000e-07,48,5.279737462499e+01,BORIS,L3/dt-1e-13/eps-1e-06/ranks-1,4.701483532365e-05,6.189584228028e-06,R52,5.252190000000e+01,-1.386382370809e+00,-1.278870285065e+00,0.000000000000e+00,0.000000000000e+00,0.000000000000e+00,-7.209381448111e-01,-1.386332444921e+00,0.000000000000e+00,0.000000000000e+00,0.000000000000e+00,0.000000000000e+00,0.000000000000e+00,3.851352100262e+00,1.040676316124e+01,0.000000000000e+00,0.000000000000e+00,0.000000000000e+00,0.000000000000e+00,1.329223389160e+00,3.851352100048e+00,0.000000000000e+00,0.000000000000e+00,3.476923965489e-05,4.701483532398e-05,0.000000000000e+00,0.000000000000e+00,1.000000000281e+00,-9.437244490129e-02,-1.072482582862e-08,-1.381566083063e-07,0.000000000000e+00,0.000000000000e+00,0.000000000000e+00,1.000000089210e+00,0.000000000000e+00,0.000000000000e+00,0.000000000000e+00,0.000000000000e+00,0.000000000000e+00
1.000000000000e-13,OK,,3.396860009533e-05,1.891786475669e-05,5.104745066733e-06,1.891786475669e-05,5.104745066733e-06,1.891786475669e-05,1.200716000000e-07,4.401058300000e-05,3.000000000000e-06,3,1,3.750000000000e-07,48,5.444892320805e+01,BORIS,L3/dt-1e-13/eps-3e-06/ranks-1,3.396860009533e-05,4.706636701678e-06,R51,5.420740000000e+01,-1.386346174488e+00,-1.278812836051e+00,0.000000000000e+00,0.000000000000e+00,0.000000000000e+00,-7.209487194906e-01,-1.386348214693e+00,0.000000000000e+00,0.000000000000e+00,0.000000000000e+00,0.000000000000e+00,0.000000000000e+00,3.851352100266e+00,1.040676316126e+01,0.000000000000e+00,0.000000000000e+00,0.000000000000e+00,0.000000000000e+00,1.329223389160e+00,3.851352100052e+00,0.000000000000e+00,0.000000000000e+00,3.396860009539e-05,2.431412654162e-05,0.000000000000e+00,0.000000000000e+00,1.000000000002e+00,-9.439101624605e-02,-1.028378704224e-08,-2.414551773798e-08,0.000000000000e+00,0.000000000000e+00,0.000000000000e+00,1.000000052741e+00,0.000000000000e+00,0.000000000000e+00,0.000000000000e+00,0.000000000000e+00,0.000000000000e+00
1.000000000000e-13,OK,,1.468462052344e-05,-8.368698813471e-06,-2.541946773392e-06,8.368698813471e-06,2.541946773392e-06,8.368698813471e-06,1.050340000000e-08,2.303589200000e-05,1.000000000000e-05,3,1,1.250000000000e-06,48,5.522221854096e+01,BORIS,L3/dt-1e-13/eps-1e-05/ranks-1,1.468462052344e-05,1.542595565320e-06,R52,5.497270000000e+01,-1.386351323038e+00,-1.278841238963e+00,0.000000000000e+00,0.000000000000e+00,0.000000000000e+00,-7.209432986936e-01,-1.386352790425e+00,0.000000000000e+00,0.000000000000e+00,0.000000000000e+00,0.000000000000e+00,0.000000000000e+00,3.851352100252e+00,1.040676316116e+01,0.000000000000e+00,0.000000000000e+00,0.000000000000e+00,0.000000000000e+00,1.329223389160e+00,3.851352100031e+00,0.000000000000e+00,0.000000000000e+00,-7.553271601249e-06,-1.468462052311e-05,0.000000000000e+00,0.000000000000e+00,1.000000000030e+00,-9.437707497027e-02,-1.353122624160e-09,-5.229574249474e-10,0.000000000000e+00,0.000000000000e+00,0.000000000000e+00,9.999999855888e-01,0.000000000000e+00,0.000000000000e+00,0.000000000000e+00,0.000000000000e+00,0.000000000000e+00
1.000000000000e-13,OK,,1.974444606798e-06,-5.453113482879e-07,-1.319824030723e-06,5.453113482879e-07,1.319824030723e-06,1.319824030723e-06,1.242367100000e-08,1.558897300000e-06,3.000000000000e-05,3,1,3.750000000000e-06,48,5.551271012495e+01,BORIS,L3/dt-1e-13/eps-3e-05/ranks-1,1.974444606798e-06,2.987893629554e-07,R56,5.528960000000e+01,-1.386351764111e+00,-1.278844279502e+00,0.000000000000e+00,0.000000000000e+00,0.000000000000e+00,-7.209427596324e-01,-1.386353420636e+00,0.000000000000e+00,0.000000000000e+00,0.000000000000e+00,0.000000000000e+00,0.000000000000e+00,3.851352100238e+00,1.040676316120e+01,0.000000000000e+00,0.000000000000e+00,0.000000000000e+00,0.000000000000e+00,1.329223389161e+00,3.851352100058e+00,0.000000000000e+00,0.000000000000e+00,-1.133745699510e-06,6.268627945023e-07,0.000000000000e+00,0.000000000000e+00,9.999999999618e-01,-9.437525943541e-02,2.187944630551e-09,1.899883698195e-09,0.000000000000e+00,0.000000000000e+00,0.000000000000e+00,1.000000001238e+00,0.000000000000e+00,0.000000000000e+00,0.000000000000e+00,0.000000000000e+00,0.000000000000e+00
1.000000000000e-13,OK,,1.027232803194e-06,1.774253504110e-07,1.449124252881e-08,1.774253504110e-07,1.449124252881e-08,1.774253504110e-07,1.010323200000e-09,3.022669700000e-07,1.000000000000e-04,3,1,1.250000000000e-05,48,5.473821187508e+01,BORIS,L3/dt-1e-13/eps-0.0001/ranks-1,1.027232803194e-06,9.347862970315e-08,R56,5.451310000000e+01,-1.386352232257e+00,-1.278842604435e+00,0.000000000000e+00,0.000000000000e+00,0.000000000000e+00,-7.209430801941e-01,-1.386352388459e+00,0.000000000000e+00,0.000000000000e+00,0.000000000000e+00,0.000000000000e+00,0.000000000000e+00,3.851352100235e+00,1.040676316121e+01,0.000000000000e+00,0.000000000000e+00,0.000000000000e+00,0.000000000000e+00,1.329223389158e+00,3.851352100057e+00,0.000000000000e+00,0.000000000000e+00,-3.116450417856e-07,7.486126825664e-08,0.000000000000e+00,0.000000000000e+00,1.000000000002e+00,-9.437826111282e-02,-1.359873350029e-10,-3.850550697274e-10,0.000000000000e+00,0.000000000000e+00,0.000000000000e+00,9.999999988982e-01,0.000000000000e+00,0.000000000000e+00,0.000000000000e+00,0.000000000000e+00,0.000000000000e+00
1.000000000000e-13,OK,,3.120051884197e-07,-1.460238727432e-07,9.079758620408e-09,1.460238727432e-07,9.079758620408e-09,1.460238727432e-07,7.857137200000e-10,5.260775200000e-07,3.000000000000e-04,3,1,3.750000000000e-05,48,5.333701349981e+01,BORIS,L3/dt-1e-13/eps-0.0003/ranks-1,3.120051884197e-07,4.920928699472e-08,R52,5.311720000000e+01,-1.386352474121e+00,-1.278842572808e+00,0.000000000000e+00,0.000000000000e+00,0.000000000000e+00,-7.209430778579e-01,-1.386352126903e+00,0.000000000000e+00,0.000000000000e+00,0.000000000000e+00,0.000000000000e+00,0.000000000000e+00,3.851352100255e+00,1.040676316122e+01,0.000000000000e+00,0.000000000000e+00,0.000000000000e+00,0.000000000000e+00,1.329223389158e+00,3.851352100042e+00,0.000000000000e+00,0.000000000000e+00,-1.344315085199e-07,-3.120051880866e-07,0.000000000000e+00,0.000000000000e+00,1.000000000001e+00,-9.437693342088e-02,-1.583709193670e-11,-2.144882547354e-10,0.000000000000e+00,0.000000000000e+00,0.000000000000e+00,1.000000000185e+00,0.000000000000e+00,0.000000000000e+00,0.000000000000e+00,0.000000000000e+00,0.000000000000e+00
1.000000000000e-13,OK,,1.206864843617e-07,-8.786759054391e-09,-4.047139342747e-09,8.786759054391e-09,4.047139342747e-09,8.786759054391e-09,2.437732200000e-10,1.165985200000e-07,1.000000000000e-03,3,1,1.250000000000e-04,48,5.192053504218e+01,BORIS,L3/dt-1e-13/eps-0.001/ranks-1,1.206864843617e-07,1.671365677645e-08,R12,5.168190000000e+01,-1.386352305190e+00,-1.278842440066e+00,0.000000000000e+00,0.000000000000e+00,0.000000000000e+00,-7.209431028973e-01,-1.386352249215e+00,0.000000000000e+00,0.000000000000e+00,0.000000000000e+00,0.000000000000e+00,0.000000000000e+00,3.851352100283e+00,1.040676316132e+01,0.000000000000e+00,0.000000000000e+00,0.000000000000e+00,0.000000000000e+00,1.329223389160e+00,3.851352100056e+00,0.000000000000e+00,0.000000000000e+00,-9.940120094689e-08,-1.095816162550e-07,0.000000000000e+00,0.000000000000e+00,1.000000000003e+00,-9.437727596519e-02,-5.878681280010e-12,-1.167196561311e-10,0.000000000000e+00,0.000000000000e+00,0.000000000000e+00,1.000000000107e+00,0.000000000000e+00,0.000000000000e+00,0.000000000000e+00,0.000000000000e+00,0.000000000000e+00
1.000000000000e-13,OK,,3.141952846124e-08,3.141952812817e-08,5.997218999248e-10,3.141952812817e-08,5.997218999248e-10,3.141952812817e-08,3.581747100000e-10,2.836224400000e-08,3.000000000000e-03,3,1,3.750000000000e-04,48,5.137806162494e+01,BORIS,L3/dt-1e-13/eps-0.003/ranks-1,3.141952846124e-08,3.845345510928e-09,R16,5.115760000000e+01,-1.386352245774e+00,-1.278842302773e+00,0.000000000000e+00,0.000000000000e+00,0.000000000000e+00,-7.209431279330e-01,-1.386352260359e+00,0.000000000000e+00,0.000000000000e+00,0.000000000000e+00,0.000000000000e+00,0.000000000000e+00,3.851352100239e+00,1.040676316120e+01,0.000000000000e+00,0.000000000000e+00,0.000000000000e+00,0.000000000000e+00,1.329223389160e+00,3.851352100057e+00,0.000000000000e+00,0.000000000000e+00,-8.529555032934e-09,-1.442663488440e-08,0.000000000000e+00,0.000000000000e+00,1.000000000005e+00,-9.437725597465e-02,-3.322912791373e-11,-2.866851609288e-11,0.000000000000e+00,0.000000000000e+00,0.000000000000e+00,9.999999999477e-01,0.000000000000e+00,0.000000000000e+00,0.000000000000e+00,0.000000000000e+00,0.000000000000e+00
1.000000000000e-13,OK,,1.624005909783e-08,-1.624005943090e-08,2.512651801866e-09,1.624005943090e-08,2.512651801866e-09,1.624005943090e-08,1.586003600000e-10,1.835753500000e-08,1.000000000000e-02,3,1,1.250000000000e-03,48,5.146732333279e+01,BORIS,L3/dt-1e-13/eps-0.01/ranks-1,1.624005909783e-08,1.973342295440e-09,R16,5.124660000000e+01,-1.386352261625e+00,-1.278842332757e+00,0.000000000000e+00,0.000000000000e+00,0.000000000000e+00,-7.209431225289e-01,-1.386352255216e+00,0.000000000000e+00,0.000000000000e+00,0.000000000000e+00,0.000000000000e+00,0.000000000000e+00,3.851352100244e+00,1.040676316123e+01,0.000000000000e+00,0.000000000000e+00,0.000000000000e+00,0.000000000000e+00,1.329223389159e+00,3.851352100062e+00,0.000000000000e+00,0.000000000000e+00,3.885651375558e-09,7.368308423041e-09,0.000000000000e+00,0.000000000000e+00,1.000000000005e+00,-9.437723218351e-02,4.803047281381e-12,1.997686714144e-11,0.000000000000e+00,0.000000000000e+00,0.000000000000e+00,1.000000000009e+00,0.000000000000e+00,0.000000000000e+00,0.000000000000e+00,0.000000000000e+00,0.000000000000e+00
1.000000000000e-13,OK,,9.118535296244e-09,-5.625266258005e-09,-2.407758203606e-09,5.625266258005e-09,2.407758203606e-09,5.625266258005e-09,1.966965500000e-10,4.398596900000e-09,3.000000000000e-02,3,1,3.750000000000e-03,48,4.876164833293e+01,BORIS,L3/dt-1e-13/eps-0.03/ranks-1,9.118535296244e-09,1.253171302130e-09,R52,4.853820000000e+01,-1.386352254787e+00,-1.278842325042e+00,0.000000000000e+00,0.000000000000e+00,0.000000000000e+00,-7.209431239460e-01,-1.386352259327e+00,0.000000000000e+00,0.000000000000e+00,0.000000000000e+00,0.000000000000e+00,0.000000000000e+00,3.851352100245e+00,1.040676316125e+01,0.000000000000e+00,0.000000000000e+00,0.000000000000e+00,0.000000000000e+00,1.329223389160e+00,3.851352100068e+00,0.000000000000e+00,0.000000000000e+00,3.268215938765e-09,9.118535629311e-09,0.000000000000e+00,0.000000000000e+00,1.000000000004e+00,-9.437722772321e-02,-3.152732544427e-12,-5.098679612853e-12,0.000000000000e+00,0.000000000000e+00,0.000000000000e+00,1.000000000003e+00,0.000000000000e+00,0.000000000000e+00,0.000000000000e+00,0.000000000000e+00,0.000000000000e+00
1.000000000000e-13,OK,,1.080848455182e-08,-8.019948440466e-09,-2.470232022780e-09,8.019948440466e-09,2.470232022780e-09,8.019948440466e-09,5.449978200000e-10,5.381568500000e-10,1.000000000000e-01,3,1,1.250000000000e-02,48,4.888810187508e+01,BORIS,L3/dt-1e-13/eps-0.1/ranks-1,1.080848455182e-08,1.479901911132e-09,R12,4.863560000000e+01,-1.386352258563e+00,-1.278842330188e+00,0.000000000000e+00,0.000000000000e+00,0.000000000000e+00,-7.209431237105e-01,-1.386352258545e+00,0.000000000000e+00,0.000000000000e+00,0.000000000000e+00,0.000000000000e+00,0.000000000000e+00,3.851352100248e+00,1.040676316123e+01,0.000000000000e+00,0.000000000000e+00,0.000000000000e+00,0.000000000000e+00,1.329223389150e+00,3.851352100030e+00,0.000000000000e+00,0.000000000000e+00,2.725218817410e-09,8.229287894243e-09,0.000000000000e+00,0.000000000000e+00,1.000000000004e+00,-9.437722871100e-02,8.392094557103e-14,-3.632003685341e-13,0.000000000000e+00,0.000000000000e+00,0.000000000000e+00,1.000000000001e+00,0.000000000000e+00,0.000000000000e+00,0.000000000000e+00,0.000000000000e+00,0.000000000000e+00
3.000000000000e-13,OK,,2.676197774233e-05,-5.808322387851e-06,-8.972008280862e-06,5.808322387851e-06,8.972008280862e-06,8.972008280862e-06,1.801602200000e-07,2.334883800000e-05,1.000000000000e-06,3,1,1.250000000000e-07,48,1.830834362516e+01,BORIS,L3/dt-3e-13/eps-1e-06/ranks-1,2.676197774233e-05,3.186808828990e-06,R52,1.808820000000e+01,-1.386340171184e+00,-1.278830665537e+00,0.000000000000e+00,0.000000000000e+00,0.000000000000e+00,-7.209455531502e-01,-1.386360649648e+00,0.000000000000e+00,0.000000000000e+00,0.000000000000e+00,0.000000000000e+00,0.000000000000e+00,3.851352078927e+00,1.040676311823e+01,0.000000000000e+00,0.000000000000e+00,0.000000000000e+00,0.000000000000e+00,1.329223378795e+00,3.851352078533e+00,0.000000000000e+00,0.000000000000e+00,-1.702320952189e-05,-2.676197774200e-05,0.000000000000e+00,0.000000000000e+00,1.000000000281e+00,-9.438192213477e-02,-3.681884510537e-08,-8.592937818252e-08,0.000000000000e+00,0.000000000000e+00,0.000000000000e+00,1.000000001073e+00,7.377681306598e-05,6.782187587680e-07,-1.731015819085e-05,0.000000000000e+00,0.000000000000e+00
3.000000000000e-13,OK,,1.224441031121e-05,1.187743039843e-06,1.014216194458e-06,1.187743039843e-06,1.014216194458e-06,1.187743039843e-06,9.288971800000e-08,1.189558000000e-05,3.000000000000e-06,3,1,3.750000000000e-07,48,1.820257745800e+01,BORIS,L3/dt-3e-13/eps-3e-06/ranks-1,1.224441031121e-05,1.446349633527e-06,R52,1.798070000000e+01,-1.386354682995e+00,-1.278844299650e+00,0.000000000000e+00,0.000000000000e+00,0.000000000000e+00,-7.209427351925e-01,-1.386350427544e+00,0.000000000000e+00,0.000000000000e+00,0.000000000000e+00,0.000000000000e+00,0.000000000000e+00,3.851352078928e+00,1.040676311824e+01,0.000000000000e+00,0.000000000000e+00,0.000000000000e+00,0.000000000000e+00,1.329223378795e+00,3.851352078534e+00,0.000000000000e+00,0.000000000000e+00,-5.450603842419e-06,-1.224441031088e-05,0.000000000000e+00,0.000000000000e+00,1.000000000002e+00,-9.438789601373e-02,-1.257205903667e-08,-8.190514242642e-09,0.000000000000e+00,0.000000000000e+00,0.000000000000e+00,1.000000006886e+00,3.941920393781e-05,-1.773012171685e-05,-4.090528872275e-06,0.000000000000e+00,0.000000000000e+00
3.000000000000e-13,OK,,4.360734546807e-06,-3.699951075287e-07,-3.529601476144e-07,3.699951075287e-07,3.529601476144e-07,3.699951075287e-07,2.015887700000e-08,2.322038200000e-06,1.000000000000e-05,3,1,1.250000000000e-06,48,1.812719704187e+01,BORIS,L3/dt-3e-13/eps-1e-05/ranks-1,4.360734546807e-06,4.255374487374e-07,R56,1.790780000000e+01,-1.386352035021e+00,-1.278842862632e+00,0.000000000000e+00,0.000000000000e+00,0.000000000000e+00,-7.209430061810e-01,-1.386352638738e+00,0.000000000000e+00,0.000000000000e+00,0.000000000000e+00,0.000000000000e+00,0.000000000000e+00,3.851352078927e+00,1.040676311824e+01,0.000000000000e+00,0.000000000000e+00,0.000000000000e+00,0.000000000000e+00,1.329223378795e+00,3.851352078537e+00,0.000000000000e+00,0.000000000000e+00,1.134961694188e-06,2.383449452535e-06,0.000000000000e+00,0.000000000000e+00,1.000000000052e+00,-9.437287314547e-02,8.260218102823e-10,1.609494802982e-09,0.000000000000e+00,0.000000000000e+00,0.000000000000e+00,9.999999956364e-01,1.706806997565e-05,7.998703705942e-06,2.188986625778e-06,0.000000000000e+00,0.000000000000e+00
3.000000000000e-13,OK,,1.367540766059e-06,2.665567068310e-07,-7.191678356772e-08,2.665567068310e-07,7.191678356772e-08,2.665567068310e-07,1.101302700000e-08,9.056568900000e-07,3.000000000000e-05,3,1,3.750000000000e-06,48,1.823148816708e+01,BORIS,L3/dt-3e-13/eps-3e-05/ranks-1,1.367540766059e-06,1.433142715325e-07,R52,1.799050000000e+01,-1.386352163665e+00,-1.278841703203e+00,0.000000000000e+00,0.000000000000e+00,0.000000000000e+00,-7.209432497455e-01,-1.386352150242e+00,0.000000000000e+00,0.000000000000e+00,0.000000000000e+00,0.000000000000e+00,0.000000000000e+00,3.851352078932e+00,1.040676311826e+01,0.000000000000e+00,0.000000000000e+00,0.000000000000e+00,0.000000000000e+00,1.329223378795e+00,3.851352078537e+00,0.000000000000e+00,0.000000000000e+00,-6.418010774178e-07,-1.367540765726e-06,0.000000000000e+00,0.000000000000e+00,1.000000000001e+00,-9.437774235238e-02,1.400455777253e-09,3.944084634901e-09,0.000000000000e+00,0.000000000000e+00,0.000000000000e+00,1.000000001339e+00,2.576299000134e-06,8.118680551189e-07,1.247907247155e-06,0.000000000000e+00,0.000000000000e+00
3.000000000000e-13,OK,,2.458408982564e-07,-5.415875558850e-08,-1.586155927235e-08,5.415875558850e-08,1.586155927235e-08,5.415875558850e-08,4.901408200000e-09,1.911487900000e-07,1.000000000000e-04,3,1,1.250000000000e-05,48,1.820846262504e+01,BORIS,L3/dt-3e-13/eps-0.0001/ranks-1,2.458408982564e-07,2.552992917306e-08,R52,1.798960000000e+01,-1.386352215873e+00,-1.278842219581e+00,0.000000000000e+00,0.000000000000e+00,0.000000000000e+00,-7.209431561177e-01,-1.386352276410e+00,0.000000000000e+00,0.000000000000e+00,0.000000000000e+00,0.000000000000e+00,0.000000000000e+00,3.851352078926e+00,1.040676311823e+01,0.000000000000e+00,0.000000000000e+00,0.000000000000e+00,0.000000000000e+00,1.329223378795e+00,3.851352078531e+00,0.000000000000e+00,0.000000000000e+00,1.113614944370e-07,2.458408985895e-07,0.000000000000e+00,0.000000000000e+00,9.999999999899e-01,-9.437716495473e-02,6.174559693963e-10,1.129198073128e-09,0.000000000000e+00,0.000000000000e+00,0.000000000000e+00,1.000000000492e+00,1.096158089992e-06,-2.315841059995e-07,-3.035280180116e-08,0.000000000000e+00,0.000000000000e+00
3.000000000000e-13,OK,,1.830080867959e-07,2.788361036773e-08,-3.691137970584e-08,2.788361036773e-08,3.691137970584e-08,3.691137970584e-08,1.709035100000e-10,2.065596000000e-07,3.000000000000e-04,3,1,3.750000000000e-05,48,1.815653729090e+01,BORIS,L3/dt-3e-13/eps-0.0003/ranks-1,1.830080867959e-07,2.009785547699e-08,R56,1.793600000000e+01,-1.386352270752e+00,-1.278842355868e+00,0.000000000000e+00,0.000000000000e+00,0.000000000000e+00,-7.209431279112e-01,-1.386352263355e+00,0.000000000000e+00,0.000000000000e+00,0.000000000000e+00,0.000000000000e+00,0.000000000000e+00,3.851352078930e+00,1.040676311823e+01,0.000000000000e+00,0.000000000000e+00,0.000000000000e+00,0.000000000000e+00,1.329223378795e+00,3.851352078531e+00,0.000000000000e+00,0.000000000000e+00,7.302792198482e-08,1.207367848274e-07,0.000000000000e+00,0.000000000000e+00,1.000000000000e+00,-9.437705087193e-02,-1.945863417217e-10,-3.976185383659e-10,0.000000000000e+00,0.000000000000e+00,0.000000000000e+00,9.999999999503e-01,4.327419729140e-07,1.739074831109e-07,-4.599113832625e-08,0.000000000000e+00,0.000000000000e+00
3.000000000000e-13,OK,,5.686648441028e-08,-2.107186407461e-08,1.822213682348e-09,2.107186407461e-08,1.822213682348e-09,2.107186407461e-08,2.825697500000e-10,6.407900300000e-08,1.000000000000e-03,3,1,1.250000000000e-04,48,1.812585304189e+01,BORIS,L3/dt-3e-13/eps-0.001/ranks-1,5.686648441028e-08,7.483467459646e-09,R12,1.790680000000e+01,-1.386352279898e+00,-1.278842376246e+00,0.000000000000e+00,0.000000000000e+00,0.000000000000e+00,-7.209431244161e-01,-1.386352261624e+00,0.000000000000e+00,0.000000000000e+00,0.000000000000e+00,0.000000000000e+00,0.000000000000e+00,3.851352078931e+00,1.040676311825e+01,0.000000000000e+00,0.000000000000e+00,0.000000000000e+00,0.000000000000e+00,1.329223378795e+00,3.851352078536e+00,0.000000000000e+00,0.000000000000e+00,-1.466844573674e-08,-3.254417310801e-08,0.000000000000e+00,0.000000000000e+00,9.999999999980e-01,-9.437724793081e-02,1.929065188415e-11,9.028689422685e-11,0.000000000000e+00,0.000000000000e+00,0.000000000000e+00,1.000000000007e+00,8.473275521015e-08,-1.228510502022e-08,5.869353025095e-09,0.000000000000e+00,0.000000000000e+00
3.000000000000e-13,OK,,3.975340945317e-08,-2.031905995158e-08,-7.907696750524e-09,2.031905995158e-08,7.907696750524e-09,2.031905995158e-08,1.563570400000e-10,1.197971600000e-08,3.000000000000e-03,3,1,3.750000000000e-04,48,1.811238758289e+01,BORIS,L3/dt-3e-13/eps-0.003/ranks-1,3.975340945317e-08,6.486341674902e-09,R34,1.789250000000e+01,-1.386352265118e+00,-1.278842356499e+00,0.000000000000e+00,0.000000000000e+00,0.000000000000e+00,-7.209431278393e-01,-1.386352268987e+00,0.000000000000e+00,0.000000000000e+00,0.000000000000e+00,0.000000000000e+00,0.000000000000e+00,3.851352078923e+00,1.040676311823e+01,0.000000000000e+00,0.000000000000e+00,0.000000000000e+00,0.000000000000e+00,1.329223378792e+00,3.851352078528e+00,0.000000000000e+00,0.000000000000e+00,1.046929087855e-08,3.003533922287e-08,0.000000000000e+00,0.000000000000e+00,9.999999999984e-01,-9.437721003298e-02,-3.618903939130e-12,1.116547569745e-11,0.000000000000e+00,0.000000000000e+00,0.000000000000e+00,9.999999999906e-01,5.372599987119e-08,-5.173858807975e-08,-8.507418650449e-09,0.000000000000e+00,0.000000000000e+00
3.000000000000e-13,OK,,4.450748436469e-08,-2.025962738050e-08,-5.808235774900e-09,2.025962738050e-08,5.808235774900e-09,2.025962738050e-08,2.658557800000e-10,2.415833000000e-09,1.000000000000e-02,3,1,1.250000000000e-03,48,1.814867416699e+01,BORIS,L3/dt-3e-13/eps-0.01/ranks-1,4.450748436469e-08,6.189556491488e-09,R12,1.792700000000e+01,-1.386352269643e+00,-1.278842363887e+00,0.000000000000e+00,0.000000000000e+00,0.000000000000e+00,-7.209431262918e-01,-1.386352266790e+00,0.000000000000e+00,0.000000000000e+00,0.000000000000e+00,0.000000000000e+00,0.000000000000e+00,3.851352078922e+00,1.040676311822e+01,0.000000000000e+00,0.000000000000e+00,0.000000000000e+00,0.000000000000e+00,1.329223378795e+00,3.851352078533e+00,0.000000000000e+00,0.000000000000e+00,5.393058753448e-09,1.824300709083e-08,0.000000000000e+00,0.000000000000e+00,9.999999999990e-01,-9.437722694256e-02,-2.291605781850e-12,3.415001018955e-12,0.000000000000e+00,0.000000000000e+00,0.000000000000e+00,1.000000000001e+00,4.300999911777e-08,-4.019567949600e-09,-8.320887576766e-09,0.000000000000e+00,0.000000000000e+00
3.000000000000e-13,OK,,4.448748436303e-08,-2.071724725490e-08,-6.275633709574e-09,2.071724725490e-08,6.275633709574e-09,2.071724725490e-08,2.178732700000e-10,7.619771600000e-10,3.000000000000e-02,3,1,3.750000000000e-03,48,1.818011566694e+01,BORIS,L3/dt-3e-13/eps-0.03/ranks-1,4.448748436303e-08,6.322239653291e-09,R12,1.794090000000e+01,-1.386352268868e+00,-1.278842363867e+00,0.000000000000e+00,0.000000000000e+00,0.000000000000e+00,-7.209431268714e-01,-1.386352268441e+00,0.000000000000e+00,0.000000000000e+00,0.000000000000e+00,0.000000000000e+00,0.000000000000e+00,3.851352078920e+00,1.040676311821e+01,0.000000000000e+00,0.000000000000e+00,0.000000000000e+00,0.000000000000e+00,1.329223378793e+00,3.851352078527e+00,0.000000000000e+00,0.000000000000e+00,6.517045818100e-09,2.145782259548e-08,0.000000000000e+00,0.000000000000e+00,9.999999999989e-01,-9.437722358328e-02,1.170293543868e-13,1.170669596816e-13,0.000000000000e+00,0.000000000000e+00,0.000000000000e+00,9.999999999969e-01,4.304000000843e-08,-1.509198099689e-08,-3.867875505968e-09,0.000000000000e+00,0.000000000000e+00
3.000000000000e-13,OK,,4.378748452716e-08,-2.095855570418e-08,-6.246703018876e-09,2.095855570418e-08,6.246703018876e-09,2.095855570418e-08,4.677303000000e-11,1.517331400000e-10,1.000000000000e-01,3,1,1.250000000000e-02,48,1.811779525015e+01,BORIS,L3/dt-3e-13/eps-0.1/ranks-1,4.378748452716e-08,6.278225735413e-09,R12,1.789520000000e+01,-1.386352268515e+00,-1.278842363167e+00,0.000000000000e+00,0.000000000000e+00,0.000000000000e+00,-7.209431267512e-01,-1.386352268193e+00,0.000000000000e+00,0.000000000000e+00,0.000000000000e+00,0.000000000000e+00,0.000000000000e+00,3.851352078913e+00,1.040676311822e+01,0.000000000000e+00,0.000000000000e+00,0.000000000000e+00,0.000000000000e+00,1.329223378788e+00,3.851352078521e+00,0.000000000000e+00,0.000000000000e+00,6.601581495380e-09,2.115178899739e-08,0.000000000000e+00,0.000000000000e+00,9.999999999989e-01,-9.437722363746e-02,-5.570981491940e-13,-1.342044286789e-12,0.000000000000e+00,0.000000000000e+00,0.000000000000e+00,9.999999999995e-01,4.300999911777e-08,-1.293860726371e-08,-3.776470996096e-09,0.000000000000e+00,0.000000000000e+00
1.000000000000e-12,OK,,7.601295484383e-06,-1.646513375214e-06,6.779498452624e-07,1.646513375214e-06,6.779498452624e-07,1.646513375214e-06,2.225277300000e-07,2.151055800000e-06,1.000000000000e-06,3,1,1.250000000000e-07,48,7.501897375099e+00,BORIS,L3/dt-1e-12/eps-1e-06/ranks-1,7.601295484383e-06,7.742606792328e-07,R12,7.281810000000e+00,-1.386353052926e+00,-1.278849920675e+00,0.000000000000e+00,0.000000000000e+00,0.000000000000e+00,-7.209419533451e-01,-1.386354471594e+00,0.000000000000e+00,0.000000000000e+00,0.000000000000e+00,0.000000000000e+00,0.000000000000e+00,3.851351837071e+00,1.040676263086e+01,0.000000000000e+00,0.000000000000e+00,0.000000000000e+00,0.000000000000e+00,1.329223261135e+00,3.851351834250e+00,0.000000000000e+00,0.000000000000e+00,-2.251932604660e-08,4.420737231401e-06,0.000000000000e+00,0.000000000000e+00,1.000000000281e+00,-9.437808453292e-02,-1.714451412221e-08,-1.949012126006e-08,0.000000000000e+00,0.000000000000e+00,0.000000000000e+00,1.000000027961e+00,4.259409809258e-05,4.840027771405e-06,-7.660200064723e-06,0.000000000000e+00,0.000000000000e+00
1.000000000000e-12,OK,,3.108280506800e-06,-2.105987207483e-06,-9.713310821714e-07,2.105987207483e-06,9.713310821714e-07,2.105987207483e-06,2.338124500000e-08,1.217414200000e-06,3.000000000000e-06,3,1,3.750000000000e-07,48,7.478121666005e+00,BORIS,L3/dt-1e-12/eps-3e-06/ranks-1,3.108280506800e-06,4.379367418565e-07,R56,7.260970000000e+00,-1.386351230867e+00,-1.278841538160e+00,0.000000000000e+00,0.000000000000e+00,0.000000000000e+00,-7.209434478279e-01,-1.386353184793e+00,0.000000000000e+00,0.000000000000e+00,0.000000000000e+00,0.000000000000e+00,0.000000000000e+00,3.851351837071e+00,1.040676263085e+01,0.000000000000e+00,0.000000000000e+00,0.000000000000e+00,0.000000000000e+00,1.329223261135e+00,3.851351834250e+00,0.000000000000e+00,0.000000000000e+00,1.358567431375e-06,2.896114368310e-06,0.000000000000e+00,0.000000000000e+00,1.000000000002e+00,-9.437412559951e-02,-4.497108659149e-09,-1.310340498735e-08,0.000000000000e+00,0.000000000000e+00,0.000000000000e+00,1.000000006972e+00,3.261003266402e-05,-2.102385196417e-05,-6.076076148904e-06,0.000000000000e+00,0.000000000000e+00
1.000000000000e-12,OK,,5.271234098103e-07,-2.542478264115e-07,1.653493122300e-07,2.542478264115e-07,1.653493122300e-07,2.542478264115e-07,9.418904800000e-09,7.429111900000e-07,1.000000000000e-05,3,1,1.250000000000e-06,48,7.458833290963e+00,BORIS,L3/dt-1e-12/eps-1e-05/ranks-1,5.271234098103e-07,7.586489971900e-08,R34,7.240370000000e+00,-1.386352560952e+00,-1.278842602746e+00,0.000000000000e+00,0.000000000000e+00,0.000000000000e+00,-7.209432006685e-01,-1.386352162418e+00,0.000000000000e+00,0.000000000000e+00,0.000000000000e+00,0.000000000000e+00,0.000000000000e+00,3.851351837071e+00,1.040676263086e+01,0.000000000000e+00,0.000000000000e+00,0.000000000000e+00,0.000000000000e+00,1.329223261135e+00,3.851351834252e+00,0.000000000000e+00,0.000000000000e+00,1.740555618789e-07,-1.785656389528e-07,0.000000000000e+00,0.000000000000e+00,9.999999999575e-01,-9.437750821435e-02,2.554005478425e-10,-4.373707194769e-09,0.000000000000e+00,0.000000000000e+00,0.000000000000e+00,9.999999990486e-01,1.450605488416e-05,8.114450987059e-06,2.707296085622e-06,0.000000000000e+00,0.000000000000e+00
1.000000000000e-12,OK,,5.794464845721e-07,-7.683065565420e-08,-1.060254543742e-07,7.683065565420e-08,1.060254543742e-07,1.060254543742e-07,9.031115900000e-10,7.382713200000e-08,3.000000000000e-05,3,1,3.750000000000e-06,48,7.455674333964e+00,BORIS,L3/dt-1e-12/eps-3e-05/ranks-1,5.794464845721e-07,7.727160767365e-08,R12,7.235920000000e+00,-1.386352470750e+00,-1.278842898826e+00,0.000000000000e+00,0.000000000000e+00,0.000000000000e+00,-7.209431387004e-01,-1.386352355645e+00,0.000000000000e+00,0.000000000000e+00,0.000000000000e+00,0.000000000000e+00,0.000000000000e+00,3.851351837069e+00,1.040676263085e+01,0.000000000000e+00,0.000000000000e+00,0.000000000000e+00,0.000000000000e+00,1.329223261135e+00,3.851351834250e+00,0.000000000000e+00,0.000000000000e+00,-8.650678543097e-08,4.464461467684e-08,0.000000000000e+00,0.000000000000e+00,1.000000000002e+00,-9.437705925897e-02,8.085116043663e-10,1.133522054075e-09,0.000000000000e+00,0.000000000000e+00,0.000000000000e+00,1.000000000708e+00,1.799823559995e-06,4.684806926337e-07,1.213798576349e-06,0.000000000000e+00,0.000000000000e+00
1.000000000000e-12,OK,,5.271334089230e-07,-2.497620260107e-07,-9.954183640694e-08,2.497620260107e-07,9.954183640694e-08,2.497620260107e-07,9.678191600000e-10,7.872593600000e-08,1.000000000000e-04,3,1,1.250000000000e-05,48,7.453119500075e+00,BORIS,L3/dt-1e-12/eps-0.0001/ranks-1,5.271334089230e-07,7.370385269228e-08,R34,7.232740000000e+00,-1.386352403056e+00,-1.278842793647e+00,0.000000000000e+00,0.000000000000e+00,0.000000000000e+00,-7.209431572343e-01,-1.386352386416e+00,0.000000000000e+00,0.000000000000e+00,0.000000000000e+00,0.000000000000e+00,0.000000000000e+00,3.851351837069e+00,1.040676263085e+01,0.000000000000e+00,0.000000000000e+00,0.000000000000e+00,0.000000000000e+00,1.329223261135e+00,3.851351834249e+00,0.000000000000e+00,0.000000000000e+00,-3.089238417796e-08,1.402475523526e-07,0.000000000000e+00,0.000000000000e+00,9.999999999970e-01,-9.437712435118e-02,-1.160816353691e-10,-1.448234988362e-10,0.000000000000e+00,0.000000000000e+00,0.000000000000e+00,9.999999998380e-01,1.136761640000e-06,-4.271873764217e-07,-1.140330789358e-07,0.000000000000e+00,0.000000000000e+00
1.000000000000e-12,OK,,5.271334089230e-07,-1.468688529555e-07,-4.668815318034e-08,1.468688529555e-07,4.668815318034e-08,1.468688529555e-07,3.282569800000e-10,5.291618400000e-08,3.000000000000e-04,3,1,3.750000000000e-05,48,7.493652875070e+00,BORIS,L3/dt-1e-12/eps-0.0003/ranks-1,5.271334089230e-07,6.969672729076e-08,R34,7.274220000000e+00,-1.386352390620e+00,-1.278842744208e+00,0.000000000000e+00,0.000000000000e+00,0.000000000000e+00,-7.209431659950e-01,-1.386352380627e+00,0.000000000000e+00,0.000000000000e+00,0.000000000000e+00,0.000000000000e+00,0.000000000000e+00,3.851351837068e+00,1.040676263085e+01,0.000000000000e+00,0.000000000000e+00,0.000000000000e+00,0.000000000000e+00,1.329223261135e+00,3.851351834251e+00,0.000000000000e+00,0.000000000000e+00,5.764929337078e-08,1.968147571385e-07,0.000000000000e+00,0.000000000000e+00,1.000000000002e+00,-9.437717922812e-02,1.337898041231e-11,6.998509331774e-11,0.000000000000e+00,0.000000000000e+00,0.000000000000e+00,1.000000000021e+00,5.303700003623e-07,-8.449802123000e-10,-5.576791180075e-08,0.000000000000e+00,0.000000000000e+00
1.000000000000e-12,OK,,5.271234098103e-07,-1.847593994684e-07,-5.750826005643e-08,1.847593994684e-07,5.750826005643e-08,1.847593994684e-07,4.115288100000e-10,8.693105500000e-09,1.000000000000e-03,3,1,1.250000000000e-04,48,7.407301665982e+00,BORIS,L3/dt-1e-12/eps-0.001/ranks-1,5.271234098103e-07,7.037198602315e-08,R34,7.186800000000e+00,-1.386352389490e+00,-1.278842748757e+00,0.000000000000e+00,0.000000000000e+00,0.000000000000e+00,-7.209431649687e-01,-1.386352382647e+00,0.000000000000e+00,0.000000000000e+00,0.000000000000e+00,0.000000000000e+00,0.000000000000e+00,3.851351837071e+00,1.040676263086e+01,0.000000000000e+00,0.000000000000e+00,0.000000000000e+00,0.000000000000e+00,1.329223261135e+00,3.851351834249e+00,0.000000000000e+00,0.000000000000e+00,5.193775744939e-08,1.739083175935e-07,0.000000000000e+00,0.000000000000e+00,9.999999999986e-01,-9.437714227502e-02,-3.363478974611e-12,-4.037846818970e-11,0.000000000000e+00,0.000000000000e+00,0.000000000000e+00,1.000000000019e+00,5.304600012579e-07,-1.759726404140e-07,-5.346112071368e-08,0.000000000000e+00,0.000000000000e+00
1.000000000000e-12,OK,,5.271234098103e-07,-1.821249457272e-07,-5.395631543250e-08,1.821249457272e-07,5.395631543250e-08,1.821249457272e-07,2.204212400000e-10,2.242550800000e-09,3.000000000000e-03,3,1,3.750000000000e-04,48,7.432188082952e+00,BORIS,L3/dt-1e-12/eps-0.003/ranks-1,5.271234098103e-07,7.034253900351e-08,R34,7.213780000000e+00,-1.386352386806e+00,-1.278842747805e+00,0.000000000000e+00,0.000000000000e+00,0.000000000000e+00,-7.209431652012e-01,-1.386352385210e+00,0.000000000000e+00,0.000000000000e+00,0.000000000000e+00,0.000000000000e+00,0.000000000000e+00,3.851351837070e+00,1.040676263086e+01,0.000000000000e+00,0.000000000000e+00,0.000000000000e+00,0.000000000000e+00,1.329223261135e+00,3.851351834250e+00,0.000000000000e+00,0.000000000000e+00,5.562676846508e-08,1.812437456636e-07,0.000000000000e+00,0.000000000000e+00,1.000000000000e+00,-9.437715026934e-02,6.449100511265e-12,1.498039737285e-11,0.000000000000e+00,0.000000000000e+00,0.000000000000e+00,9.999999999864e-01,5.303400012480e-07,-2.135444738554e-07,-5.455603733242e-08,0.000000000000e+00,0.000000000000e+00
1.000000000000e-12,OK,,5.271234098103e-07,-1.816583242031e-07,-5.530115999374e-08,1.816583242031e-07,5.530115999374e-08,1.816583242031e-07,5.199307700000e-11,1.596625700000e-09,1.000000000000e-02,3,1,1.250000000000e-03,48,7.402487082873e+00,BORIS,L3/dt-1e-12/eps-0.01/ranks-1,5.271234098103e-07,7.050964088660e-08,R34,7.180160000000e+00,-1.386352387234e+00,-1.278842750662e+00,0.000000000000e+00,0.000000000000e+00,0.000000000000e+00,-7.209431648502e-01,-1.386352386056e+00,0.000000000000e+00,0.000000000000e+00,0.000000000000e+00,0.000000000000e+00,0.000000000000e+00,3.851351837072e+00,1.040676263086e+01,0.000000000000e+00,0.000000000000e+00,0.000000000000e+00,0.000000000000e+00,1.329223261135e+00,3.851351834252e+00,0.000000000000e+00,0.000000000000e+00,5.501167833807e-08,1.827173008062e-07,0.000000000000e+00,0.000000000000e+00,9.999999999995e-01,-9.437714864644e-02,6.346327561559e-13,3.056897240180e-12,0.000000000000e+00,0.000000000000e+00,0.000000000000e+00,1.000000000001e+00,5.303700003623e-07,-1.654182647722e-07,-5.781381179561e-08,0.000000000000e+00,0.000000000000e+00
1.000000000000e-12,OK,,5.271334089230e-07,-1.813548231202e-07,-5.487921982366e-08,1.813548231202e-07,5.487921982366e-08,1.813548231202e-07,5.405231800000e-12,3.397938700000e-10,3.000000000000e-02,3,1,3.750000000000e-03,48,8.275499749929e+00,BORIS,L3/dt-1e-12/eps-0.03/ranks-1,5.271334089230e-07,7.046528640442e-08,R34,8.036760000000e+00,-1.386352387364e+00,-1.278842750382e+00,0.000000000000e+00,0.000000000000e+00,0.000000000000e+00,-7.209431649653e-01,-1.386352385920e+00,0.000000000000e+00,0.000000000000e+00,0.000000000000e+00,0.000000000000e+00,0.000000000000e+00,3.851351837071e+00,1.040676263085e+01,0.000000000000e+00,0.000000000000e+00,0.000000000000e+00,0.000000000000e+00,1.329223261135e+00,3.851351834250e+00,0.000000000000e+00,0.000000000000e+00,5.478213664013e-08,1.815796159327e-07,0.000000000000e+00,0.000000000000e+00,9.999999999994e-01,-9.437714927352e-02,-5.444268288351e-13,-2.410579268710e-13,0.000000000000e+00,0.000000000000e+00,0.000000000000e+00,1.000000000000e+00,5.303999994766e-07,-1.757295568622e-07,-5.247146162005e-08,0.000000000000e+00,0.000000000000e+00
1.000000000000e-12,OK,,5.271734089263e-07,-1.816680596765e-07,-5.490182864755e-08,1.816680596765e-07,5.490182864755e-08,1.816680596765e-07,3.878564100000e-12,1.747954900000e-11,1.000000000000e-01,3,1,1.250000000000e-02,48,8.179679875029e+00,BORIS,L3/dt-1e-12/eps-0.1/ranks-1,5.271734089263e-07,7.047879865355e-08,R34,7.932330000000e+00,-1.386352387404e+00,-1.278842750438e+00,0.000000000000e+00,0.000000000000e+00,0.000000000000e+00,-7.209431649824e-01,-1.386352385925e+00,0.000000000000e+00,0.000000000000e+00,0.000000000000e+00,0.000000000000e+00,0.000000000000e+00,3.851351837049e+00,1.040676263081e+01,0.000000000000e+00,0.000000000000e+00,0.000000000000e+00,0.000000000000e+00,1.329223261125e+00,3.851351834228e+00,0.000000000000e+00,0.000000000000e+00,5.487652849673e-08,1.816553142386e-07,0.000000000000e+00,0.000000000000e+00,9.999999999995e-01,-9.437714928601e-02,1.669190772365e-13,4.186517865157e-13,0.000000000000e+00,0.000000000000e+00,0.000000000000e+00,1.000000000000e+00,5.304199994782e-07,-1.736481112360e-07,-5.243159662477e-08,0.000000000000e+00,0.000000000000e+00
3.000000000000e-12,OK,,5.830736484524e-06,-2.432491497049e-06,-3.103443241223e-07,2.432491497049e-06,3.103443241223e-07,2.432491497049e-06,2.313135800000e-08,6.789948100000e-06,1.000000000000e-06,3,1,1.250000000000e-07,48,4.226021625102e+00,BORIS,L3/dt-3e-12/eps-1e-06/ranks-1,5.830736484524e-06,9.721313052213e-07,R12,4.006390000000e+00,-1.386354951182e+00,-1.278848150116e+00,0.000000000000e+00,0.000000000000e+00,0.000000000000e+00,-7.209431112158e-01,-1.386352561530e+00,0.000000000000e+00,0.000000000000e+00,0.000000000000e+00,0.000000000000e+00,0.000000000000e+00,3.851349720232e+00,1.040675836481e+01,0.000000000000e+00,0.000000000000e+00,0.000000000000e+00,0.000000000000e+00,1.329222231220e+00,3.851349695811e+00,0.000000000000e+00,0.000000000000e+00,5.373215852588e-06,-3.812391821885e-06,0.000000000000e+00,0.000000000000e+00,1.000000000281e+00,-9.438085287905e-02,-2.276374496300e-09,-2.276620054969e-08,0.000000000000e+00,0.000000000000e+00,0.000000000000e+00,1.000000002908e+00,5.082722714586e-05,4.054049649570e-06,-8.648494234107e-06,0.000000000000e+00,0.000000000000e+00
3.000000000000e-12,OK,,4.792613408355e-06,-1.329825235067e-06,-5.772628700775e-07,1.329825235067e-06,5.772628700775e-07,1.329825235067e-06,2.079654500000e-08,1.653497600000e-06,3.000000000000e-06,3,1,3.750000000000e-07,48,4.185394082917e+00,BORIS,L3/dt-3e-12/eps-3e-06/ranks-1,4.792613408355e-06,6.246397457575e-07,R34,3.965480000000e+00,-1.386352933308e+00,-1.278845934848e+00,0.000000000000e+00,0.000000000000e+00,0.000000000000e+00,-7.209435365348e-01,-1.386353848904e+00,0.000000000000e+00,0.000000000000e+00,0.000000000000e+00,0.000000000000e+00,0.000000000000e+00,3.851349720467e+00,1.040675836537e+01,0.000000000000e+00,0.000000000000e+00,0.000000000000e+00,0.000000000000e+00,1.329222231340e+00,3.851349696105e+00,0.000000000000e+00,0.000000000000e+00,1.811506169747e-06,2.799365137264e-08,0.000000000000e+00,0.000000000000e+00,1.000000000002e+00,-9.437776479979e-02,4.559308367847e-09,5.387071840016e-09,0.000000000000e+00,0.000000000000e+00,0.000000000000e+00,1.000000006639e+00,3.309879699986e-05,-2.024768999176e-05,-5.682007936810e-06,0.000000000000e+00,0.000000000000e+00
3.000000000000e-12,OK,,4.792573408352e-06,-1.598779921729e-06,-6.107773964616e-07,1.598779921729e-06,6.107773964616e-07,1.598779921729e-06,1.197609400000e-08,2.762111900000e-06,1.000000000000e-05,3,1,1.250000000000e-06,48,4.194663875038e+00,BORIS,L3/dt-3e-12/eps-1e-05/ranks-1,4.792573408352e-06,7.573943016588e-07,R34,3.974250000000e+00,-1.386353405464e+00,-1.278846250456e+00,0.000000000000e+00,0.000000000000e+00,0.000000000000e+00,-7.209434818392e-01,-1.386353489668e+00,0.000000000000e+00,0.000000000000e+00,0.000000000000e+00,0.000000000000e+00,0.000000000000e+00,3.851349720469e+00,1.040675836541e+01,0.000000000000e+00,0.000000000000e+00,0.000000000000e+00,0.000000000000e+00,1.329222231340e+00,3.851349696127e+00,0.000000000000e+00,0.000000000000e+00,-2.456072575525e-06,3.769795085910e-06,0.000000000000e+00,0.000000000000e+00,1.000000000030e+00,-9.437451116312e-02,-1.723960447951e-09,-2.429676738470e-09,0.000000000000e+00,0.000000000000e+00,0.000000000000e+00,9.999999987945e-01,1.845441560902e-05,6.769918891742e-06,1.931169376930e-06,0.000000000000e+00,0.000000000000e+00
3.000000000000e-12,OK,,4.793083409282e-06,-1.649566839263e-06,-4.996478478425e-07,1.649566839263e-06,4.996478478425e-07,1.649566839263e-06,1.813238400000e-10,1.097650800000e-06,3.000000000000e-05,3,1,3.750000000000e-06,48,4.197407208849e+00,BORIS,L3/dt-3e-12/eps-3e-05/ranks-1,4.793083409282e-06,6.481378346174e-07,R34,3.979870000000e+00,-1.386353409218e+00,-1.278846118314e+00,0.000000000000e+00,0.000000000000e+00,0.000000000000e+00,-7.209435046664e-01,-1.386353428316e+00,0.000000000000e+00,0.000000000000e+00,0.000000000000e+00,0.000000000000e+00,0.000000000000e+00,3.851349720217e+00,1.040675836490e+01,0.000000000000e+00,0.000000000000e+00,0.000000000000e+00,0.000000000000e+00,1.329222231212e+00,3.851349695865e+00,0.000000000000e+00,0.000000000000e+00,-6.010974658017e-07,2.064467151500e-06,0.000000000000e+00,0.000000000000e+00,1.000000000001e+00,-9.437603379292e-02,2.844948394177e-11,2.420136960889e-10,0.000000000000e+00,0.000000000000e+00,0.000000000000e+00,1.000000000764e+00,4.796300000720e-06,-1.104255490975e-06,8.201761828805e-07,0.000000000000e+00,0.000000000000e+00
3.000000000000e-12,OK,,4.792643409246e-06,-1.581154321334e-06,-4.813829584650e-07,1.581154321334e-06,4.813829584650e-07,1.581154321334e-06,4.885658500000e-11,2.917082300000e-07,1.000000000000e-04,3,1,1.250000000000e-05,48,4.218509125058e+00,BORIS,L3/dt-3e-12/eps-0.0001/ranks-1,4.792643409246e-06,6.359855224049e-07,R34,3.996970000000e+00,-1.386353436666e+00,-1.278846128398e+00,0.000000000000e+00,0.000000000000e+00,0.000000000000e+00,-7.209435019372e-01,-1.386353403875e+00,0.000000000000e+00,0.000000000000e+00,0.000000000000e+00,0.000000000000e+00,0.000000000000e+00,3.851349720453e+00,1.040675836534e+01,0.000000000000e+00,0.000000000000e+00,0.000000000000e+00,0.000000000000e+00,1.329222231333e+00,3.851349696088e+00,0.000000000000e+00,0.000000000000e+00,1.808440626842e-07,1.759827567425e-06,0.000000000000e+00,0.000000000000e+00,1.000000000004e+00,-9.437634395256e-02,3.943481900013e-11,1.308774816638e-10,0.000000000000e+00,0.000000000000e+00,0.000000000000e+00,1.000000000220e+00,4.795869999796e-06,-1.758579671745e-06,-4.958742009938e-07,0.000000000000e+00,0.000000000000e+00
3.000000000000e-12,OK,,4.793233408407e-06,-1.598215759004e-06,-4.851020986830e-07,1.598215759004e-06,4.851020986830e-07,1.598215759004e-06,8.243084000000e-11,9.889041400000e-08,3.000000000000e-04,3,1,3.750000000000e-05,48,4.122430624906e+00,BORIS,L3/dt-3e-12/eps-0.0003/ranks-1,4.793233408407e-06,6.347240505723e-07,R34,3.902920000000e+00,-1.386353426466e+00,-1.278846141165e+00,0.000000000000e+00,0.000000000000e+00,0.000000000000e+00,-7.209435006575e-01,-1.386353419712e+00,0.000000000000e+00,0.000000000000e+00,0.000000000000e+00,0.000000000000e+00,0.000000000000e+00,3.851349720217e+00,1.040675836475e+01,0.000000000000e+00,0.000000000000e+00,0.000000000000e+00,0.000000000000e+00,1.329222231212e+00,3.851349695775e+00,0.000000000000e+00,0.000000000000e+00,3.808154317591e-07,1.653083124568e-06,0.000000000000e+00,0.000000000000e+00,9.999999999999e-01,-9.437643911631e-02,-5.868226263415e-11,-6.918388339656e-11,0.000000000000e+00,0.000000000000e+00,0.000000000000e+00,1.000000000018e+00,4.796469999846e-06,-1.452191886261e-06,-4.941818573034e-07,0.000000000000e+00,0.000000000000e+00
3.000000000000e-12,OK,,4.791693410056e-06,-1.593674452749e-06,-4.807131803534e-07,1.593674452749e-06,4.807131803534e-07,1.593674452749e-06,1.957345400000e-10,3.477272700000e-08,1.000000000000e-03,3,1,1.250000000000e-04,48,4.138672666857e+00,BORIS,L3/dt-3e-12/eps-0.001/ranks-1,4.791693410056e-06,6.339396101456e-07,R34,3.915710000000e+00,-1.386353433531e+00,-1.278846148430e+00,0.000000000000e+00,0.000000000000e+00,0.000000000000e+00,-7.209434993777e-01,-1.386353415209e+00,0.000000000000e+00,0.000000000000e+00,0.000000000000e+00,0.000000000000e+00,0.000000000000e+00,3.851349720950e+00,1.040675836629e+01,0.000000000000e+00,0.000000000000e+00,0.000000000000e+00,0.000000000000e+00,1.329222231587e+00,3.851349696565e+00,0.000000000000e+00,0.000000000000e+00,4.477378784269e-07,1.603671014147e-06,0.000000000000e+00,0.000000000000e+00,9.999999999997e-01,-9.437647824295e-02,2.785880050611e-12,1.035114806950e-11,0.000000000000e+00,0.000000000000e+00,0.000000000000e+00,1.000000000034e+00,4.795030001503e-06,-1.584887693695e-06,-4.766660410107e-07,0.000000000000e+00,0.000000000000e+00
3.000000000000e-12,OK,,4.791763409173e-06,-1.590718528616e-06,-4.810149587233e-07,1.590718528616e-06,4.810149587233e-07,1.590718528616e-06,2.839436500000e-10,9.025494700000e-09,3.000000000000e-03,3,1,3.750000000000e-04,48,4.119281374849e+00,BORIS,L3/dt-3e-12/eps-0.003/ranks-1,4.791763409173e-06,6.335631101986e-07,R34,3.902140000000e+00,-1.386353429401e+00,-1.278846143064e+00,0.000000000000e+00,0.000000000000e+00,0.000000000000e+00,-7.209435003464e-01,-1.386353417429e+00,0.000000000000e+00,0.000000000000e+00,0.000000000000e+00,0.000000000000e+00,0.000000000000e+00,3.851349720936e+00,1.040675836622e+01,0.000000000000e+00,0.000000000000e+00,0.000000000000e+00,0.000000000000e+00,1.329222231580e+00,3.851349696526e+00,0.000000000000e+00,0.000000000000e+00,4.709356859328e-07,1.597011870523e-06,0.000000000000e+00,0.000000000000e+00,1.000000000000e+00,-9.437648986240e-02,2.816835791567e-12,7.899516123118e-12,0.000000000000e+00,0.000000000000e+00,0.000000000000e+00,1.000000000002e+00,4.794980000611e-06,-1.622138056744e-06,-4.816146806232e-07,0.000000000000e+00,0.000000000000e+00
3.000000000000e-12,OK,,4.791763409173e-06,-1.591321368851e-06,-4.808105701513e-07,1.591321368851e-06,4.808105701513e-07,1.591321368851e-06,1.835420700000e-10,7.790278800000e-09,1.000000000000e-02,3,1,1.250000000000e-03,48,4.071998375002e+00,BORIS,L3/dt-3e-12/eps-0.01/ranks-1,4.791763409173e-06,6.334747125443e-07,R34,3.851000000000e+00,-1.386353430077e+00,-1.278846144196e+00,0.000000000000e+00,0.000000000000e+00,0.000000000000e+00,-7.209435002424e-01,-1.386353417317e+00,0.000000000000e+00,0.000000000000e+00,0.000000000000e+00,0.000000000000e+00,0.000000000000e+00,3.851349720936e+00,1.040675836622e+01,0.000000000000e+00,0.000000000000e+00,0.000000000000e+00,0.000000000000e+00,1.329222231580e+00,3.851349696528e+00,0.000000000000e+00,0.000000000000e+00,4.728892526966e-07,1.590973617452e-06,0.000000000000e+00,0.000000000000e+00,1.000000000000e+00,-9.437649712935e-02,-1.239951216149e-12,-2.769250017928e-12,0.000000000000e+00,0.000000000000e+00,0.000000000000e+00,1.000000000001e+00,4.795009999725e-06,-1.575081309420e-06,-4.833232219532e-07,0.000000000000e+00,0.000000000000e+00
3.000000000000e-12,OK,,4.793103409284e-06,-1.591343172118e-06,-4.808355865384e-07,1.591343172118e-06,4.808355865384e-07,1.591343172118e-06,1.639926000000e-10,1.054887400000e-09,3.000000000000e-02,3,1,3.750000000000e-03,48,4.533155916957e+00,BORIS,L3/dt-3e-12/eps-0.03/ranks-1,4.793103409284e-06,6.336542562471e-07,R34,4.289950000000e+00,-1.386353430003e+00,-1.278846144321e+00,0.000000000000e+00,0.000000000000e+00,0.000000000000e+00,-7.209435002826e-01,-1.386353417551e+00,0.000000000000e+00,0.000000000000e+00,0.000000000000e+00,0.000000000000e+00,0.000000000000e+00,3.851349720210e+00,1.040675836488e+01,0.000000000000e+00,0.000000000000e+00,0.000000000000e+00,0.000000000000e+00,1.329222231209e+00,3.851349695857e+00,0.000000000000e+00,0.000000000000e+00,4.796055544038e-07,1.591975239682e-06,0.000000000000e+00,0.000000000000e+00,1.000000000000e+00,-9.437649564003e-02,1.075429721350e-13,-6.096431755412e-14,0.000000000000e+00,0.000000000000e+00,0.000000000000e+00,9.999999999999e-01,4.796369999838e-06,-1.585717905860e-06,-4.784278283348e-07,0.000000000000e+00,0.000000000000e+00
3.000000000000e-12,OK,,4.791033410001e-06,-1.591397539596e-06,-4.808375864024e-07,1.591397539596e-06,4.808375864024e-07,1.591397539596e-06,1.629929500000e-11,2.117954500000e-10,1.000000000000e-01,3,1,1.250000000000e-02,48,4.581935750088e+00,BORIS,L3/dt-3e-12/eps-0.1/ranks-1,4.791033410001e-06,6.334690563263e-07,R34,4.340070000000e+00,-1.386353430017e+00,-1.278846144315e+00,0.000000000000e+00,0.000000000000e+00,0.000000000000e+00,-7.209435003027e-01,-1.386353417518e+00,0.000000000000e+00,0.000000000000e+00,0.000000000000e+00,0.000000000000e+00,0.000000000000e+00,3.851349721210e+00,1.040675836695e+01,0.000000000000e+00,0.000000000000e+00,0.000000000000e+00,0.000000000000e+00,1.329222231721e+00,3.851349696921e+00,0.000000000000e+00,0.000000000000e+00,4.804850639497e-07,1.591471155735e-06,0.000000000000e+00,0.000000000000e+00,1.000000000000e+00,-9.437649775493e-02,1.692909457296e-13,2.735417476121e-13,0.000000000000e+00,0.000000000000e+00,0.000000000000e+00,1.000000000000e+00,4.794280000553e-06,-1.583377591156e-06,-4.783673543796e-07,0.000000000000e+00,0.000000000000e+00
1.000000000000e-11,OK,,5.334341340912e-05,-1.731876440726e-05,-5.530036010169e-06,1.731876440726e-05,5.530036010169e-06,1.731876440726e-05,8.241724100000e-08,1.857254700000e-06,1.000000000000e-06,3,1,1.250000000000e-07,48,3.474510708125e+00,BORIS,L3/dt-1e-11/eps-1e-06/ranks-1,5.334341340912e-05,7.026657213011e-06,R34,3.254910000000e+00,-1.386364730209e+00,-1.278883960638e+00,0.000000000000e+00,0.000000000000e+00,0.000000000000e+00,-7.209473560327e-01,-1.386365390950e+00,0.000000000000e+00,0.000000000000e+00,0.000000000000e+00,0.000000000000e+00,0.000000000000e+00,3.851325615068e+00,1.040670981457e+01,0.000000000000e+00,0.000000000000e+00,0.000000000000e+00,0.000000000000e+00,1.329210510674e+00,3.851325374577e+00,0.000000000000e+00,0.000000000000e+00,5.950753108474e-06,1.879516199806e-05,0.000000000000e+00,0.000000000000e+00,1.000000000281e+00,-9.436896498800e-02,-3.535798566076e-09,-4.900812182731e-10,0.000000000000e+00,0.000000000000e+00,0.000000000000e+00,1.000000011036e+00,5.334667000056e-05,-1.083222326064e-05,-1.386818592015e-05,0.000000000000e+00,0.000000000000e+00
1.000000000000e-11,OK,,5.331607340864e-05,-1.774253626270e-05,-5.325336959142e-06,1.774253626270e-05,5.325336959142e-06,1.774253626270e-05,5.633418800000e-08,1.835082700000e-07,3.000000000000e-06,3,1,3.750000000000e-07,48,3.494561499916e+00,BORIS,L3/dt-1e-11/eps-3e-06/ranks-1,5.331607340864e-05,7.038798949592e-06,R34,3.273160000000e+00,-1.386365299028e+00,-1.278884692418e+00,0.000000000000e+00,0.000000000000e+00,0.000000000000e+00,-7.209473147161e-01,-1.386365133642e+00,0.000000000000e+00,0.000000000000e+00,0.000000000000e+00,0.000000000000e+00,0.000000000000e+00,3.851325615024e+00,1.040670984191e+01,0.000000000000e+00,0.000000000000e+00,0.000000000000e+00,0.000000000000e+00,1.329210510652e+00,3.851325391463e+00,0.000000000000e+00,0.000000000000e+00,5.327971449191e-06,1.760366010255e-05,0.000000000000e+00,0.000000000000e+00,1.000000000002e+00,-9.436909600178e-02,-8.193909103673e-10,-2.821470500678e-10,0.000000000000e+00,0.000000000000e+00,0.000000000000e+00,9.999999993444e-01,7.185636699991e-05,-3.666040101939e-05,-1.043008202588e-05,0.000000000000e+00,0.000000000000e+00
1.000000000000e-11,OK,,5.333594340939e-05,-1.739688178652e-05,-5.331311984665e-06,1.739688178652e-05,5.331311984665e-06,1.739688178652e-05,1.442435800000e-08,6.797069700000e-07,1.000000000000e-05,3,1,1.250000000000e-06,48,3.499474334065e+00,BORIS,L3/dt-1e-11/eps-1e-05/ranks-1,5.333594340939e-05,7.023063225713e-06,R34,3.278980000000e+00,-1.386365130098e+00,-1.278884312495e+00,0.000000000000e+00,0.000000000000e+00,0.000000000000e+00,-7.209473142438e-01,-1.386365093627e+00,0.000000000000e+00,0.000000000000e+00,0.000000000000e+00,0.000000000000e+00,0.000000000000e+00,3.851325618713e+00,1.040670982204e+01,0.000000000000e+00,0.000000000000e+00,0.000000000000e+00,0.000000000000e+00,1.329210512538e+00,3.851325378392e+00,0.000000000000e+00,0.000000000000e+00,4.666746442733e-06,1.797987229608e-05,0.000000000000e+00,0.000000000000e+00,1.000000000030e+00,-9.436864735225e-02,1.160156420613e-09,1.409588276786e-09,0.000000000000e+00,0.000000000000e+00,0.000000000000e+00,1.000000001908e+00,5.333912000083e-05,-9.028182973049e-06,-2.789365211273e-06,0.000000000000e+00,0.000000000000e+00
1.000000000000e-11,OK,,5.297313340868e-05,-1.746054935173e-05,-5.260601860133e-06,1.746054935173e-05,5.260601860133e-06,1.746054935173e-05,3.161962500000e-08,7.033977700000e-06,3.000000000000e-05,3,1,3.750000000000e-06,48,3.547762000002e+00,BORIS,L3/dt-1e-11/eps-3e-05/ranks-1,5.297313340868e-05,6.959704170599e-06,R34,3.328300000000e+00,-1.386365162265e+00,-1.278884330761e+00,0.000000000000e+00,0.000000000000e+00,0.000000000000e+00,-7.209472751720e-01,-1.386365023059e+00,0.000000000000e+00,0.000000000000e+00,0.000000000000e+00,0.000000000000e+00,0.000000000000e+00,3.851325795665e+00,1.040671018485e+01,0.000000000000e+00,0.000000000000e+00,0.000000000000e+00,0.000000000000e+00,1.329210602993e+00,3.851325563913e+00,0.000000000000e+00,0.000000000000e+00,1.232895069483e-05,1.332074610615e-05,0.000000000000e+00,0.000000000000e+00,1.000000000005e+00,-9.437312798849e-02,5.011612985326e-10,8.639596347383e-10,0.000000000000e+00,0.000000000000e+00,0.000000000000e+00,9.999999999128e-01,5.297635000012e-05,-1.691523800344e-05,-3.940777829410e-06,0.000000000000e+00,0.000000000000e+00
1.000000000000e-11,OK,,5.334341340912e-05,-1.745740398908e-05,-5.272473944227e-06,1.745740398908e-05,5.272473944227e-06,1.745740398908e-05,2.139604900000e-09,1.122069900000e-05,1.000000000000e-04,3,1,1.250000000000e-05,48,3.549856500002e+00,BORIS,L3/dt-1e-11/eps-0.0001/ranks-1,5.334341340912e-05,7.213827508482e-06,R34,3.330730000000e+00,-1.386365170135e+00,-1.278884336216e+00,0.000000000000e+00,0.000000000000e+00,0.000000000000e+00,-7.209472747450e-01,-1.386365018505e+00,0.000000000000e+00,0.000000000000e+00,0.000000000000e+00,0.000000000000e+00,0.000000000000e+00,3.851325615068e+00,1.040670981457e+01,0.000000000000e+00,0.000000000000e+00,0.000000000000e+00,0.000000000000e+00,1.329210510674e+00,3.851325374577e+00,0.000000000000e+00,0.000000000000e+00,-5.944400980254e-06,2.397769368841e-05,0.000000000000e+00,0.000000000000e+00,1.000000000004e+00,-9.436287189518e-02,-4.407022130520e-11,3.700002097692e-11,0.000000000000e+00,0.000000000000e+00,0.000000000000e+00,1.000000000015e+00,5.334663999967e-05,-1.763482933949e-05,-5.286965186756e-06,0.000000000000e+00,0.000000000000e+00
1.000000000000e-11,OK,,5.334285340908e-05,-1.745158595614e-05,-5.271048926789e-06,1.745158595614e-05,5.271048926789e-06,1.745158595614e-05,9.676188700000e-10,3.735604800000e-06,3.000000000000e-04,3,1,3.750000000000e-05,48,3.574606999988e+00,BORIS,L3/dt-1e-11/eps-0.0003/ranks-1,5.334285340908e-05,7.059333060682e-06,R34,3.355170000000e+00,-1.386365169093e+00,-1.278884330239e+00,0.000000000000e+00,0.000000000000e+00,0.000000000000e+00,-7.209472775602e-01,-1.386365020866e+00,0.000000000000e+00,0.000000000000e+00,0.000000000000e+00,0.000000000000e+00,0.000000000000e+00,3.851325615068e+00,1.040670981513e+01,0.000000000000e+00,0.000000000000e+00,0.000000000000e+00,0.000000000000e+00,1.329210510674e+00,3.851325374920e+00,0.000000000000e+00,0.000000000000e+00,1.538470531952e-06,1.963216793369e-05,0.000000000000e+00,0.000000000000e+00,9.999999999999e-01,-9.436705071194e-02,-6.475460542273e-12,2.875704124473e-11,0.000000000000e+00,0.000000000000e+00,0.000000000000e+00,1.000000000009e+00,5.334609000052e-05,-1.730556208340e-05,-5.280128685409e-06,0.000000000000e+00,0.000000000000e+00
1.000000000000e-11,OK,,5.331598340952e-05,-1.745125030786e-05,-5.269717023257e-06,1.745125030786e-05,5.269717023257e-06,1.745125030786e-05,2.851671800000e-08,1.121202700000e-06,1.000000000000e-03,3,1,1.250000000000e-04,48,3.489032333950e+00,BORIS,L3/dt-1e-11/eps-0.001/ranks-1,5.331598340952e-05,7.023833424546e-06,R34,3.267940000000e+00,-1.386365171343e+00,-1.278884332949e+00,0.000000000000e+00,0.000000000000e+00,0.000000000000e+00,-7.209472764415e-01,-1.386365018559e+00,0.000000000000e+00,0.000000000000e+00,0.000000000000e+00,0.000000000000e+00,0.000000000000e+00,3.851325615068e+00,1.040670984200e+01,0.000000000000e+00,0.000000000000e+00,0.000000000000e+00,0.000000000000e+00,1.329210510674e+00,3.851325391509e+00,0.000000000000e+00,0.000000000000e+00,4.154477245987e-06,1.810734257030e-05,0.000000000000e+00,0.000000000000e+00,9.999999999997e-01,-9.436851334270e-02,-7.596333719897e-12,-1.090822906134e-11,0.000000000000e+00,0.000000000000e+00,0.000000000000e+00,9.999999999933e-01,5.331932000097e-05,-1.744246354881e-05,-5.265669883914e-06,0.000000000000e+00,0.000000000000e+00
1.000000000000e-11,OK,,5.334483340924e-05,-1.745073961210e-05,-5.269647821643e-06,1.745073961210e-05,5.269647821643e-06,1.745073961210e-05,1.016617200000e-08,3.735251500000e-07,3.000000000000e-03,3,1,3.750000000000e-04,48,3.466062917141e+00,BORIS,L3/dt-1e-11/eps-0.003/ranks-1,5.334483340924e-05,7.017992531328e-06,R34,3.247240000000e+00,-1.386365171296e+00,-1.278884333112e+00,0.000000000000e+00,0.000000000000e+00,0.000000000000e+00,-7.209472764928e-01,-1.386365018799e+00,0.000000000000e+00,0.000000000000e+00,0.000000000000e+00,0.000000000000e+00,0.000000000000e+00,3.851325618772e+00,1.040670981315e+01,0.000000000000e+00,0.000000000000e+00,0.000000000000e+00,0.000000000000e+00,1.329210512568e+00,3.851325372897e+00,0.000000000000e+00,0.000000000000e+00,4.901881787290e-06,1.767172180183e-05,0.000000000000e+00,0.000000000000e+00,1.000000000000e+00,-9.436893203434e-02,5.518754563287e-13,5.295675337374e-13,0.000000000000e+00,0.000000000000e+00,0.000000000000e+00,9.999999999961e-01,5.334805000068e-05,-1.748215914023e-05,-5.270247543543e-06,0.000000000000e+00,0.000000000000e+00
1.000000000000e-11,OK,,5.343744340891e-05,-1.745071951114e-05,-5.269644426495e-06,1.745071951114e-05,5.269644426495e-06,1.745071951114e-05,3.803230900000e-08,1.036085500000e-07,1.000000000000e-02,3,1,1.250000000000e-03,48,3.480924417032e+00,BORIS,L3/dt-1e-11/eps-0.01/ranks-1,5.343744340891e-05,7.023566342745e-06,R34,3.262310000000e+00,-1.386365171330e+00,-1.278884333149e+00,0.000000000000e+00,0.000000000000e+00,0.000000000000e+00,-7.209472764667e-01,-1.386365018742e+00,0.000000000000e+00,0.000000000000e+00,0.000000000000e+00,0.000000000000e+00,0.000000000000e+00,3.851325555735e+00,1.040670972054e+01,0.000000000000e+00,0.000000000000e+00,0.000000000000e+00,0.000000000000e+00,1.329210480345e+00,3.851325329422e+00,0.000000000000e+00,0.000000000000e+00,5.171788708953e-06,1.752375516965e-05,0.000000000000e+00,0.000000000000e+00,1.000000000000e+00,-9.436907405340e-02,-5.290199601601e-13,-1.076823815345e-12,0.000000000000e+00,0.000000000000e+00,0.000000000000e+00,9.999999999991e-01,5.344068999946e-05,-1.743447945171e-05,-5.272157078297e-06,0.000000000000e+00,0.000000000000e+00
1.000000000000e-11,OK,,5.306706340846e-05,-1.745072422993e-05,-5.269623156179e-06,1.745072422993e-05,5.269623156179e-06,1.745072422993e-05,9.795286100000e-09,9.492523800000e-08,3.000000000000e-02,3,1,3.750000000000e-03,48,3.942719541024e+00,BORIS,L3/dt-1e-11/eps-0.03/ranks-1,5.306706340846e-05,6.991981331906e-06,R34,3.696460000000e+00,-1.386365171196e+00,-1.278884333042e+00,0.000000000000e+00,0.000000000000e+00,0.000000000000e+00,-7.209472763991e-01,-1.386365018648e+00,0.000000000000e+00,0.000000000000e+00,0.000000000000e+00,0.000000000000e+00,0.000000000000e+00,3.851325736343e+00,1.040671009092e+01,0.000000000000e+00,0.000000000000e+00,0.000000000000e+00,0.000000000000e+00,1.329210572668e+00,3.851325518818e+00,0.000000000000e+00,0.000000000000e+00,5.180504836739e-06,1.744469422325e-05,0.000000000000e+00,0.000000000000e+00,1.000000000000e+00,-9.436914984096e-02,2.190207147934e-13,7.360018375824e-13,0.000000000000e+00,0.000000000000e+00,0.000000000000e+00,1.000000000000e+00,5.307032999902e-05,-1.744509896367e-05,-5.267215397975e-06,0.000000000000e+00,0.000000000000e+00
1.000000000000e-11,OK,,5.296003340938e-05,-1.745184712969e-05,-5.270034097846e-06,1.745184712969e-05,5.270034097846e-06,1.745184712969e-05,2.972103200000e-08,2.979440600000e-08,1.000000000000e-01,3,1,1.250000000000e-02,48,3.915976625169e+00,BORIS,L3/dt-1e-11/eps-0.1/ranks-1,5.296003340938e-05,6.984019012617e-06,R34,3.661820000000e+00,-1.386365172257e+00,-1.278884335951e+00,0.000000000000e+00,0.000000000000e+00,0.000000000000e+00,-7.209472768029e-01,-1.386365019755e+00,0.000000000000e+00,0.000000000000e+00,0.000000000000e+00,0.000000000000e+00,0.000000000000e+00,3.851325802337e+00,1.040671019795e+01,0.000000000000e+00,0.000000000000e+00,0.000000000000e+00,0.000000000000e+00,1.329210606395e+00,3.851325570533e+00,0.000000000000e+00,0.000000000000e+00,5.262195555356e-06,1.745973482241e-05,0.000000000000e+00,0.000000000000e+00,1.000000000000e+00,-9.436913333254e-02,-5.874647642309e-15,-8.131803430249e-14,0.000000000000e+00,0.000000000000e+00,0.000000000000e+00,9.999999999999e-01,5.296327999993e-05,-1.744382718125e-05,-5.267563865823e-06,0.000000000000e+00,0.000000000000e+00
3.000000000000e-11,OK,,4.570165834092e-04,-1.516384731243e-04,-4.606023847169e-05,1.516384731243e-04,4.606023847169e-05,1.516384731243e-04,2.254968900000e-08,4.222038400000e-07,1.000000000000e-06,3,1,1.250000000000e-07,48,3.349446708104e+00,BORIS,L3/dt-3e-11/eps-1e-06/ranks-1,4.570165834092e-04,6.044985115926e-05,R34,3.130680000000e+00,-1.386463967376e+00,-1.279207337451e+00,0.000000000000e+00,0.000000000000e+00,0.000000000000e+00,-7.209792100612e-01,-1.386463626882e+00,0.000000000000e+00,0.000000000000e+00,0.000000000000e+00,0.000000000000e+00,0.000000000000e+00,3.851125529367e+00,1.040630614140e+01,0.000000000000e+00,0.000000000000e+00,0.000000000000e+00,0.000000000000e+00,1.329112875543e+00,3.851122321437e+00,0.000000000000e+00,0.000000000000e+00,4.581259178687e-05,1.517424843357e-04,0.000000000000e+00,0.000000000000e+00,9.999999994430e-01,-9.430651023053e-02,-2.905852171710e-09,3.725931467778e-09,0.000000000000e+00,0.000000000000e+00,0.000000000000e+00,1.000000003485e+00,4.570198400007e-04,-1.451519319777e-04,-5.439838838168e-05,0.000000000000e+00,0.000000000000e+00
3.000000000000e-11,OK,,4.573781634090e-04,-1.519235334353e-04,-4.606295472436e-05,1.519235334353e-04,4.606295472436e-05,1.519235334353e-04,3.524557200000e-08,4.074040800000e-08,3.000000000000e-06,3,1,3.750000000000e-07,48,3.350132749882e+00,BORIS,L3/dt-3e-11/eps-3e-06/ranks-1,4.573781634090e-04,6.051294223830e-05,R34,3.127290000000e+00,-1.386464233220e+00,-1.279207998449e+00,0.000000000000e+00,0.000000000000e+00,0.000000000000e+00,-7.209792634681e-01,-1.386463775277e+00,0.000000000000e+00,0.000000000000e+00,0.000000000000e+00,0.000000000000e+00,0.000000000000e+00,3.851125352473e+00,1.040630577982e+01,0.000000000000e+00,0.000000000000e+00,0.000000000000e+00,0.000000000000e+00,1.329112785118e+00,3.851122136662e+00,0.000000000000e+00,0.000000000000e+00,4.562831053862e-05,1.516784836813e-04,0.000000000000e+00,0.000000000000e+00,1.000000000002e+00,-9.430663864398e-02,2.860386657667e-10,3.165716046093e-09,0.000000000000e+00,0.000000000000e+00,0.000000000000e+00,1.000000002537e+00,4.573814400004e-04,-1.708413981920e-04,-5.116769979109e-05,0.000000000000e+00,0.000000000000e+00
3.000000000000e-11,OK,,4.572848434083e-04,-1.520155603559e-04,-4.610255404853e-05,1.520155603559e-04,4.610255404853e-05,1.520155603559e-04,8.285354700000e-09,1.178883900000e-07,1.000000000000e-05,3,1,1.250000000000e-06,48,3.356594583020e+00,BORIS,L3/dt-3e-11/eps-1e-05/ranks-1,4.572848434083e-04,6.051580616626e-05,R34,3.137550000000e+00,-1.386464241812e+00,-1.279208143636e+00,0.000000000000e+00,0.000000000000e+00,0.000000000000e+00,-7.209792776175e-01,-1.386463852725e+00,0.000000000000e+00,0.000000000000e+00,0.000000000000e+00,0.000000000000e+00,0.000000000000e+00,3.851125411732e+00,1.040630587314e+01,0.000000000000e+00,0.000000000000e+00,0.000000000000e+00,0.000000000000e+00,1.329112815410e+00,3.851122181396e+00,0.000000000000e+00,0.000000000000e+00,4.579834341308e-05,1.517685709269e-04,0.000000000000e+00,0.000000000000e+00,9.999999999457e-01,-9.430671110958e-02,7.546448293810e-10,1.383429908820e-09,0.000000000000e+00,0.000000000000e+00,0.000000000000e+00,1.000000001319e+00,4.572880199998e-04,-1.436468615424e-04,-4.356060727514e-05,0.000000000000e+00,0.000000000000e+00
3.000000000000e-11,OK,,4.570364334100e-04,-1.506590947335e-04,-4.573371675596e-05,1.506590947335e-04,4.573371675596e-05,1.506590947335e-04,1.460591300000e-08,6.106809800000e-06,3.000000000000e-05,3,1,3.750000000000e-06,48,3.366416709032e+00,BORIS,L3/dt-3e-11/eps-3e-05/ranks-1,4.570364334100e-04,6.033774065652e-05,R34,3.143970000000e+00,-1.386463169240e+00,-1.279204815229e+00,0.000000000000e+00,0.000000000000e+00,0.000000000000e+00,-7.209789704119e-01,-1.386462921298e+00,0.000000000000e+00,0.000000000000e+00,0.000000000000e+00,0.000000000000e+00,0.000000000000e+00,3.851125533071e+00,1.040630612155e+01,0.000000000000e+00,0.000000000000e+00,0.000000000000e+00,0.000000000000e+00,1.329112877436e+00,3.851122308380e+00,0.000000000000e+00,0.000000000000e+00,3.910712269943e-05,1.539341481559e-04,0.000000000000e+00,0.000000000000e+00,1.000000000002e+00,-9.430380907116e-02,-7.822555766926e-11,7.689678139693e-11,0.000000000000e+00,0.000000000000e+00,0.000000000000e+00,1.000000000031e+00,4.570396500014e-04,-1.501137833852e-04,-4.441389272524e-05,0.000000000000e+00,0.000000000000e+00
3.000000000000e-11,OK,,4.574145734093e-04,-1.549087973345e-04,-4.689863721858e-05,1.549087973345e-04,4.689863721858e-05,1.549087973345e-04,2.457218600000e-08,3.028998100000e-04,1.000000000000e-04,3,1,1.250000000000e-05,48,3.409012540942e+00,BORIS,L3/dt-3e-11/eps-0.0001/ranks-1,4.574145734093e-04,7.131375981636e-05,R34,3.179790000000e+00,-1.386466578467e+00,-1.279215150091e+00,0.000000000000e+00,0.000000000000e+00,0.000000000000e+00,-7.209799111367e-01,-1.386465768257e+00,0.000000000000e+00,0.000000000000e+00,0.000000000000e+00,0.000000000000e+00,0.000000000000e+00,3.851125352473e+00,1.040630574341e+01,0.000000000000e+00,0.000000000000e+00,0.000000000000e+00,0.000000000000e+00,1.329112785118e+00,3.851122114189e+00,0.000000000000e+00,0.000000000000e+00,-2.562370719124e-04,3.307218039096e-04,0.000000000000e+00,0.000000000000e+00,9.999999999984e-01,-9.413629422082e-02,-4.227848123770e-11,-1.187144469453e-10,0.000000000000e+00,0.000000000000e+00,0.000000000000e+00,9.999999999150e-01,4.574177999999e-04,-1.550862226849e-04,-4.691312846111e-05,0.000000000000e+00,0.000000000000e+00
3.000000000000e-11,OK,,4.570085434086e-04,-1.548798549959e-04,-4.688793133509e-05,1.548798549959e-04,4.688793133509e-05,1.548798549959e-04,2.120565400000e-08,1.009637000000e-04,3.000000000000e-04,3,1,3.750000000000e-05,48,3.381412040908e+00,BORIS,L3/dt-3e-11/eps-0.0003/ranks-1,4.570085434086e-04,6.279328371136e-05,R34,3.164030000000e+00,-1.386466550140e+00,-1.279215075365e+00,0.000000000000e+00,0.000000000000e+00,0.000000000000e+00,-7.209799003452e-01,-1.386465738488e+00,0.000000000000e+00,0.000000000000e+00,0.000000000000e+00,0.000000000000e+00,0.000000000000e+00,3.851125533027e+00,1.040630614944e+01,0.000000000000e+00,0.000000000000e+00,0.000000000000e+00,0.000000000000e+00,1.329112877413e+00,3.851122325609e+00,0.000000000000e+00,0.000000000000e+00,-5.430698246668e-05,2.134040713641e-04,0.000000000000e+00,0.000000000000e+00,1.000000000002e+00,-9.424905991730e-02,1.721225401208e-12,2.702298812686e-11,0.000000000000e+00,0.000000000000e+00,0.000000000000e+00,9.999999999993e-01,4.570117800000e-04,-1.547338311232e-04,-4.689701109371e-05,0.000000000000e+00,0.000000000000e+00
3.000000000000e-11,OK,,4.573863034096e-04,-1.548784031409e-04,-4.688768560509e-05,1.548784031409e-04,4.688768560509e-05,1.548784031409e-04,5.152862100000e-08,3.028431600000e-05,1.000000000000e-03,3,1,1.250000000000e-04,48,3.315871166997e+00,BORIS,L3/dt-3e-11/eps-0.001/ranks-1,4.573863034096e-04,6.134631648030e-05,R34,3.095940000000e+00,-1.386466550634e+00,-1.279215075208e+00,0.000000000000e+00,0.000000000000e+00,0.000000000000e+00,-7.209799004471e-01,-1.386465739144e+00,0.000000000000e+00,0.000000000000e+00,0.000000000000e+00,0.000000000000e+00,0.000000000000e+00,3.851125348770e+00,1.040630577168e+01,0.000000000000e+00,0.000000000000e+00,0.000000000000e+00,0.000000000000e+00,1.329112783224e+00,3.851122132443e+00,0.000000000000e+00,0.000000000000e+00,1.637169186745e-05,1.723517991390e-04,0.000000000000e+00,0.000000000000e+00,1.000000000000e+00,-9.428852377381e-02,1.376756014611e-12,-1.446066609740e-12,0.000000000000e+00,0.000000000000e+00,0.000000000000e+00,9.999999999981e-01,4.573896400011e-04,-1.548696163818e-04,-4.688363846575e-05,0.000000000000e+00,0.000000000000e+00
3.000000000000e-11,OK,,4.574137434084e-04,-1.548786573817e-04,-4.688789909314e-05,1.548786573817e-04,4.688789909314e-05,1.548786573817e-04,2.278431200000e-08,1.009040800000e-05,3.000000000000e-03,3,1,3.750000000000e-04,48,3.344725708943e+00,BORIS,L3/dt-3e-11/eps-0.003/ranks-1,4.574137434084e-04,6.108771836491e-05,R34,3.124440000000e+00,-1.386466550533e+00,-1.279215074369e+00,0.000000000000e+00,0.000000000000e+00,0.000000000000e+00,-7.209799007801e-01,-1.386465739118e+00,0.000000000000e+00,0.000000000000e+00,0.000000000000e+00,0.000000000000e+00,0.000000000000e+00,3.851125348767e+00,1.040630574424e+01,0.000000000000e+00,0.000000000000e+00,0.000000000000e+00,0.000000000000e+00,1.329112783223e+00,3.851122115508e+00,0.000000000000e+00,0.000000000000e+00,3.656548752076e-05,1.606221453588e-04,0.000000000000e+00,0.000000000000e+00,9.999999999999e-01,-9.429979929343e-02,-1.365916872682e-12,-3.098785292146e-12,0.000000000000e+00,0.000000000000e+00,0.000000000000e+00,9.999999999986e-01,4.574169599998e-04,-1.549100769098e-04,-4.688849881504e-05,0.000000000000e+00,0.000000000000e+00
3.000000000000e-11,OK,,4.574062034095e-04,-1.548780759585e-04,-4.688779708676e-05,1.548780759585e-04,4.688779708676e-05,1.548780759585e-04,2.180731800000e-08,3.022703800000e-06,1.000000000000e-02,3,1,1.250000000000e-03,48,3.358119708020e+00,BORIS,L3/dt-3e-11/eps-0.01/ranks-1,4.574062034095e-04,6.101325721202e-05,R34,3.139130000000e+00,-1.386466550026e+00,-1.279215073304e+00,0.000000000000e+00,0.000000000000e+00,0.000000000000e+00,-7.209799006812e-01,-1.386465738697e+00,0.000000000000e+00,0.000000000000e+00,0.000000000000e+00,0.000000000000e+00,0.000000000000e+00,3.851125352451e+00,1.040630575178e+01,0.000000000000e+00,0.000000000000e+00,0.000000000000e+00,0.000000000000e+00,1.329112785106e+00,3.851122119364e+00,0.000000000000e+00,0.000000000000e+00,4.363291371810e-05,1.565154697935e-04,0.000000000000e+00,0.000000000000e+00,1.000000000000e+00,-9.430374627113e-02,-8.929596441877e-14,-8.208748546845e-13,0.000000000000e+00,0.000000000000e+00,0.000000000000e+00,1.000000000000e+00,4.574094500001e-04,-1.548618358991e-04,-4.689030973856e-05,0.000000000000e+00,0.000000000000e+00
3.000000000000e-11,OK,,4.573953934095e-04,-1.548797287084e-04,-4.688834990091e-05,1.548797287084e-04,4.688834990091e-05,1.548797287084e-04,4.334604400000e-08,1.002801100000e-06,3.000000000000e-02,3,1,3.750000000000e-03,48,3.860567667056e+00,BORIS,L3/dt-3e-11/eps-0.03/ranks-1,4.573953934095e-04,6.099346533788e-05,R34,3.620680000000e+00,-1.386466551913e+00,-1.279215077992e+00,0.000000000000e+00,0.000000000000e+00,0.000000000000e+00,-7.209799008291e-01,-1.386465740105e+00,0.000000000000e+00,0.000000000000e+00,0.000000000000e+00,0.000000000000e+00,0.000000000000e+00,3.851125348454e+00,1.040630576259e+01,0.000000000000e+00,0.000000000000e+00,0.000000000000e+00,0.000000000000e+00,1.329112783064e+00,3.851122126906e+00,0.000000000000e+00,0.000000000000e+00,4.565324157356e-05,1.553406021744e-04,0.000000000000e+00,0.000000000000e+00,9.999999999999e-01,-9.430487403873e-02,-4.147547559421e-14,-3.304576949109e-13,0.000000000000e+00,0.000000000000e+00,0.000000000000e+00,1.000000000000e+00,4.573986600001e-04,-1.548741034421e-04,-4.688594214271e-05,0.000000000000e+00,0.000000000000e+00
3.000000000000e-11,OK,,4.572916534098e-04,-1.548803522724e-04,-4.688865308156e-05,1.548803522724e-04,4.688865308156e-05,1.548803522724e-04,1.352749100000e-08,6.004685900000e-07,1.000000000000e-01,3,1,1.250000000000e-02,48,3.812154375017e+00,BORIS,L3/dt-3e-11/eps-0.1/ranks-1,4.572916534098e-04,6.097253469553e-05,R34,3.569500000000e+00,-1.386466551081e+00,-1.279215076831e+00,0.000000000000e+00,0.000000000000e+00,0.000000000000e+00,-7.209799011673e-01,-1.386465739725e+00,0.000000000000e+00,0.000000000000e+00,0.000000000000e+00,0.000000000000e+00,0.000000000000e+00,3.851125408009e+00,1.040630586633e+01,0.000000000000e+00,0.000000000000e+00,0.000000000000e+00,0.000000000000e+00,1.329112813507e+00,3.851122178002e+00,0.000000000000e+00,0.000000000000e+00,4.605560336188e-05,1.547565052427e-04,0.000000000000e+00,0.000000000000e+00,1.000000000000e+00,-9.430542833068e-02,-1.426199332262e-14,3.916932121259e-14,0.000000000000e+00,0.000000000000e+00,0.000000000000e+00,1.000000000000e+00,4.572949000003e-04,-1.548723323240e-04,-4.688618284954e-05,0.000000000000e+00,0.000000000000e+00
1.000000000000e-10,INVALID,time step too long for QACH field extent,,,,,,,,,1.000000000000e-06,3,1,1.250000000000e-07,48,2.229523749556e-01,BORIS,L3/dt-1e-10/eps-1e-06/ranks-1,,,,,,,,,,,,,,,,,,,,,,,,,,,,,,,,,,,,,,,,,,,
1.000000000000e-10,INVALID,time step too long for QACH field extent,,,,,,,,,3.000000000000e-06,3,1,3.750000000000e-07,48,2.228473750874e-01,BORIS,L3/dt-1e-10/eps-3e-06/ranks-1,,,,,,,,,,,,,,,,,,,,,,,,,,,,,,,,,,,,,,,,,,,
1.000000000000e-10,INVALID,time step too long for QACH field extent,,,,,,,,,1.000000000000e-05,3,1,1.250000000000e-06,48,2.229330409318e-01,BORIS,L3/dt-1e-10/eps-1e-05/ranks-1,,,,,,,,,,,,,,,,,,,,,,,,,,,,,,,,,,,,,,,,,,,
1.000000000000e-10,INVALID,time step too long for QACH field extent,,,,,,,,,3.000000000000e-05,3,1,3.750000000000e-06,48,2.237224588171e-01,BORIS,L3/dt-1e-10/eps-3e-05/ranks-1,,,,,,,,,,,,,,,,,,,,,,,,,,,,,,,,,,,,,,,,,,,
1.000000000000e-10,INVALID,time step too long for QACH field extent,,,,,,,,,1.000000000000e-04,3,1,1.250000000000e-05,48,2.254359170329e-01,BORIS,L3/dt-1e-10/eps-0.0001/ranks-1,,,,,,,,,,,,,,,,,,,,,,,,,,,,,,,,,,,,,,,,,,,
1.000000000000e-10,INVALID,time step too long for QACH field extent,,,,,,,,,3.000000000000e-04,3,1,3.750000000000e-05,48,2.249464578927e-01,BORIS,L3/dt-1e-10/eps-0.0003/ranks-1,,,,,,,,,,,,,,,,,,,,,,,,,,,,,,,,,,,,,,,,,,,
1.000000000000e-10,INVALID,time step too long for QACH field extent,,,,,,,,,1.000000000000e-03,3,1,1.250000000000e-04,48,2.252672079485e-01,BORIS,L3/dt-1e-10/eps-0.001/ranks-1,,,,,,,,,,,,,,,,,,,,,,,,,,,,,,,,,,,,,,,,,,,
1.000000000000e-10,INVALID,time step too long for QACH field extent,,,,,,,,,3.000000000000e-03,3,1,3.750000000000e-04,48,2.253602498677e-01,BORIS,L3/dt-1e-10/eps-0.003/ranks-1,,,,,,,,,,,,,,,,,,,,,,,,,,,,,,,,,,,,,,,,,,,
1.000000000000e-10,INVALID,time step too long for QACH field extent,,,,,,,,,1.000000000000e-02,3,1,1.250000000000e-03,48,2.221702090465e-01,BORIS,L3/dt-1e-10/eps-0.01/ranks-1,,,,,,,,,,,,,,,,,,,,,,,,,,,,,,,,,,,,,,,,,,,
1.000000000000e-10,INVALID,time step too long for QACH field extent,,,,,,,,,3.000000000000e-02,3,1,3.750000000000e-03,48,2.427808328066e-01,BORIS,L3/dt-1e-10/eps-0.03/ranks-1,,,,,,,,,,,,,,,,,,,,,,,,,,,,,,,,,,,,,,,,,,,
1.000000000000e-10,INVALID,time step too long for QACH field extent,,,,,,,,,1.000000000000e-01,3,1,1.250000000000e-02,48,2.379951251205e-01,BORIS,L3/dt-1e-10/eps-0.1/ranks-1,,,,,,,,,,,,,,,,,,,,,,,,,,,,,,,,,,,,,,,,,,,
1.000000000000e-13,OK,,2.736750924396e-04,-4.677511661415e-05,1.526013931809e-05,4.677511661415e-05,1.526013931809e-05,4.677511661415e-05,8.056181200000e-07,3.580123400000e-04,1.000000000000e-06,4,1,6.250000000000e-08,60,6.254612091603e+01,BORIS,L4/dt-1e-13/eps-1e-06/ranks-1,2.736750924396e-04,3.226151357688e-05,R52,6.231380000000e+01,-1.386446740365e+00,-1.278982153901e+00,0.000000000000e+00,0.000000000000e+00,0.000000000000e+00,-7.209158147550e-01,-1.386304678773e+00,0.000000000000e+00,0.000000000000e+00,0.000000000000e+00,0.000000000000e+00,0.000000000000e+00,3.851352100262e+00,1.040676316124e+01,0.000000000000e+00,0.000000000000e+00,0.000000000000e+00,0.000000000000e+00,1.329223389160e+00,3.851352100048e+00,0.000000000000e+00,0.000000000000e+00,-1.898768826020e-04,-2.736750924393e-04,0.000000000000e+00,0.000000000000e+00,9.999999994398e-01,-9.447161330075e-02,2.017343100721e-07,2.622104951064e-07,0.000000000000e+00,0.000000000000e+00,0.000000000000e+00,1.000000053444e+00,0.000000000000e+00,0.000000000000e+00,0.000000000000e+00,0.000000000000e+00,0.000000000000e+00
1.000000000000e-13,OK,,4.869890651560e-05,1.686345895492e-05,-2.637415044820e-06,1.686345895492e-05,2.637415044820e-06,1.686345895492e-05,6.757076200000e-08,3.757691900000e-05,3.000000000000e-06,4,1,1.875000000000e-07,60,6.379864337505e+01,BORIS,L4/dt-1e-13/eps-3e-06/ranks-1,4.869890651560e-05,5.002318206912e-06,R12,6.356830000000e+01,-1.386325295413e+00,-1.278793620473e+00,0.000000000000e+00,0.000000000000e+00,0.000000000000e+00,-7.209517172350e-01,-1.386361835508e+00,0.000000000000e+00,0.000000000000e+00,0.000000000000e+00,0.000000000000e+00,0.000000000000e+00,3.851352100264e+00,1.040676316125e+01,0.000000000000e+00,0.000000000000e+00,0.000000000000e+00,0.000000000000e+00,1.329223389160e+00,3.851352100051e+00,0.000000000000e+00,0.000000000000e+00,-4.709962212739e-06,1.082089545037e-05,0.000000000000e+00,0.000000000000e+00,1.000000000002e+00,-9.437874786087e-02,2.017387899435e-08,4.722635585095e-08,0.000000000000e+00,0.000000000000e+00,0.000000000000e+00,1.000000043078e+00,0.000000000000e+00,0.000000000000e+00,0.000000000000e+00,0.000000000000e+00,0.000000000000e+00
1.000000000000e-13,OK,,2.865094925300e-05,-9.577976129235e-06,-4.441679757457e-06,9.577976129235e-06,4.441679757457e-06,9.577976129235e-06,2.236953500000e-07,2.720563300000e-05,1.000000000000e-05,4,1,6.250000000000e-07,60,6.362247541617e+01,BORIS,L4/dt-1e-13/eps-1e-05/ranks-1,2.865094925300e-05,4.461666802728e-06,R52,6.338540000000e+01,-1.386343346045e+00,-1.278821207164e+00,0.000000000000e+00,0.000000000000e+00,0.000000000000e+00,-7.209471581927e-01,-1.386354058850e+00,0.000000000000e+00,0.000000000000e+00,0.000000000000e+00,0.000000000000e+00,0.000000000000e+00,3.851352100261e+00,1.040676316124e+01,0.000000000000e+00,0.000000000000e+00,0.000000000000e+00,0.000000000000e+00,1.329223389160e+00,3.851352100048e+00,0.000000000000e+00,0.000000000000e+00,2.795505870755e-05,2.865094925333e-05,0.000000000000e+00,0.000000000000e+00,9.999999999454e-01,-9.435110829259e-02,-2.018234649236e-08,-2.802125899702e-08,0.000000000000e+00,0.000000000000e+00,0.000000000000e+00,1.000000014142e+00,0.000000000000e+00,0.000000000000e+00,0.000000000000e+00,0.000000000000e+00,0.000000000000e+00
1.000000000000e-13,OK,,6.163595469454e-06,-4.980048158191e-06,-9.005340652847e-08,4.980048158191e-06,9.005340652847e-08,4.980048158191e-06,6.561382600000e-08,6.568469000000e-07,3.000000000000e-05,4,1,1.875000000000e-06,60,6.334131275001e+01,BORIS,L4/dt-1e-13/eps-3e-05/ranks-1,6.163595469454e-06,7.421707445970e-07,R52,6.311610000000e+01,-1.386351833480e+00,-1.278842944260e+00,0.000000000000e+00,0.000000000000e+00,0.000000000000e+00,-7.209430291792e-01,-1.386352960915e+00,0.000000000000e+00,0.000000000000e+00,0.000000000000e+00,0.000000000000e+00,0.000000000000e+00,3.851352100263e+00,1.040676316122e+01,0.000000000000e+00,0.000000000000e+00,0.000000000000e+00,0.000000000000e+00,1.329223389160e+00,3.851352100040e+00,0.000000000000e+00,0.000000000000e+00,4.122869228330e-06,6.163595469787e-06,0.000000000000e+00,0.000000000000e+00,1.000000000017e+00,-9.437652231756e-02,-5.690435605076e-09,-1.047794101456e-08,0.000000000000e+00,0.000000000000e+00,0.000000000000e+00,1.000000002461e+00,0.000000000000e+00,0.000000000000e+00,0.000000000000e+00,0.000000000000e+00,0.000000000000e+00
1.000000000000e-13,OK,,2.488617405252e-06,2.488617404919e-06,6.128368423775e-09,2.488617404919e-06,6.128368423775e-09,2.488617404919e-06,4.502862100000e-09,2.947750300000e-06,1.000000000000e-04,4,1,6.250000000000e-06,60,6.210726879188e+01,BORIS,L4/dt-1e-13/eps-0.0001/ranks-1,2.488617405252e-06,2.441998824572e-07,R16,6.188650000000e+01,-1.386353074822e+00,-1.278842183316e+00,0.000000000000e+00,0.000000000000e+00,0.000000000000e+00,-7.209431506594e-01,-1.386351391520e+00,0.000000000000e+00,0.000000000000e+00,0.000000000000e+00,0.000000000000e+00,0.000000000000e+00,3.851352100291e+00,1.040676316135e+01,0.000000000000e+00,0.000000000000e+00,0.000000000000e+00,0.000000000000e+00,1.329223389160e+00,3.851352100056e+00,0.000000000000e+00,0.000000000000e+00,9.165189287623e-07,-4.946466116524e-07,0.000000000000e+00,0.000000000000e+00,9.999999999961e-01,-9.437692502948e-02,1.189685501375e-09,1.440138268709e-09,0.000000000000e+00,0.000000000000e+00,0.000000000000e+00,1.000000002926e+00,0.000000000000e+00,0.000000000000e+00,0.000000000000e+00,0.000000000000e+00,0.000000000000e+00
1.000000000000e-13,OK,,8.801654931972e-07,-4.012210493154e-07,1.192572915628e-08,4.012210493154e-07,1.192572915628e-08,4.012210493154e-07,2.395831600000e-09,4.387469600000e-07,3.000000000000e-04,4,1,1.875000000000e-05,60,6.078430099995e+01,BORIS,L4/dt-1e-13/eps-0.0003/ranks-1,8.801654931972e-07,8.980900156186e-08,R56,6.056080000000e+01,-1.386352223401e+00,-1.278842722781e+00,0.000000000000e+00,0.000000000000e+00,0.000000000000e+00,-7.209430475993e-01,-1.386352425951e+00,0.000000000000e+00,0.000000000000e+00,0.000000000000e+00,0.000000000000e+00,0.000000000000e+00,3.851352100231e+00,1.040676316119e+01,0.000000000000e+00,0.000000000000e+00,0.000000000000e+00,0.000000000000e+00,1.329223389160e+00,3.851352100062e+00,0.000000000000e+00,0.000000000000e+00,-1.329845916145e-07,1.988274558637e-07,0.000000000000e+00,0.000000000000e+00,1.000000000011e+00,-9.437811404551e-02,3.010739075822e-10,-1.083831147385e-10,0.000000000000e+00,0.000000000000e+00,0.000000000000e+00,9.999999994206e-01,0.000000000000e+00,0.000000000000e+00,0.000000000000e+00,0.000000000000e+00,0.000000000000e+00
1.000000000000e-13,OK,,2.504381511887e-07,1.306930785735e-07,-2.647498992707e-08,1.306930785735e-07,2.647498992707e-08,1.306930785735e-07,2.753896000000e-10,4.654557300000e-07,1.000000000000e-03,4,1,6.250000000000e-05,60,6.096746262512e+01,BORIS,L4/dt-1e-13/eps-0.001/ranks-1,2.504381511887e-07,3.036234266387e-08,R52,6.074820000000e+01,-1.386352181876e+00,-1.278842275917e+00,0.000000000000e+00,0.000000000000e+00,0.000000000000e+00,-7.209431324614e-01,-1.386352314490e+00,0.000000000000e+00,0.000000000000e+00,0.000000000000e+00,0.000000000000e+00,0.000000000000e+00,3.851352100244e+00,1.040676316124e+01,0.000000000000e+00,0.000000000000e+00,0.000000000000e+00,0.000000000000e+00,1.329223389160e+00,3.851352100067e+00,0.000000000000e+00,0.000000000000e+00,5.629540873881e-08,2.504381515218e-07,0.000000000000e+00,0.000000000000e+00,1.000000000002e+00,-9.437702980852e-02,-1.243502293563e-10,-2.798502570590e-10,0.000000000000e+00,0.000000000000e+00,0.000000000000e+00,1.000000000004e+00,0.000000000000e+00,0.000000000000e+00,0.000000000000e+00,0.000000000000e+00,0.000000000000e+00
1.000000000000e-13,OK,,6.474414319946e-08,-2.558999183801e-08,-2.682507755609e-10,2.558999183801e-08,2.682507755609e-10,2.558999183801e-08,1.613702500000e-10,3.543743300000e-08,3.000000000000e-03,4,1,1.875000000000e-04,60,6.234310045908e+01,BORIS,L4/dt-1e-13/eps-0.003/ranks-1,6.474414319946e-08,7.878419296364e-09,R56,6.208270000000e+01,-1.386352266312e+00,-1.278842377348e+00,0.000000000000e+00,0.000000000000e+00,0.000000000000e+00,-7.209431142663e-01,-1.386352266380e+00,0.000000000000e+00,0.000000000000e+00,0.000000000000e+00,0.000000000000e+00,0.000000000000e+00,3.851352100255e+00,1.040676316120e+01,0.000000000000e+00,0.000000000000e+00,0.000000000000e+00,0.000000000000e+00,1.329223389160e+00,3.851352100040e+00,0.000000000000e+00,0.000000000000e+00,-1.735868197962e-08,1.802036643899e-08,0.000000000000e+00,0.000000000000e+00,1.000000000003e+00,-9.437729862416e-02,-1.814558276333e-11,-2.627735503999e-11,0.000000000000e+00,0.000000000000e+00,0.000000000000e+00,9.999999999377e-01,0.000000000000e+00,0.000000000000e+00,0.000000000000e+00,0.000000000000e+00,0.000000000000e+00
1.000000000000e-13,OK,,3.412748439402e-08,-1.542316283501e-09,1.399655433765e-10,1.542316283501e-09,1.399655433765e-10,1.542316283501e-09,1.213446000000e-10,9.722661000000e-09,1.000000000000e-02,4,1,6.250000000000e-04,60,6.370916399988e+01,BORIS,L4/dt-1e-13/eps-0.01/ranks-1,3.412748439402e-08,3.417429208385e-09,R12,6.346660000000e+01,-1.386352266199e+00,-1.278842353507e+00,0.000000000000e+00,0.000000000000e+00,0.000000000000e+00,-7.209431186934e-01,-1.386352257919e+00,0.000000000000e+00,0.000000000000e+00,0.000000000000e+00,0.000000000000e+00,0.000000000000e+00,3.851352100264e+00,1.040676316125e+01,0.000000000000e+00,0.000000000000e+00,0.000000000000e+00,0.000000000000e+00,1.329223389160e+00,3.851352100048e+00,0.000000000000e+00,0.000000000000e+00,-4.577876905186e-09,1.204144702150e-08,0.000000000000e+00,0.000000000000e+00,1.000000000005e+00,-9.437721862382e-02,-1.421978710526e-11,-1.693771120472e-11,0.000000000000e+00,0.000000000000e+00,0.000000000000e+00,1.000000000013e+00,0.000000000000e+00,0.000000000000e+00,0.000000000000e+00,0.000000000000e+00,0.000000000000e+00
1.000000000000e-13,OK,,9.851484517043e-09,-8.421286037557e-09,-1.543713094643e-09,8.421286037557e-09,1.543713094643e-09,8.421286037557e-09,2.244258100000e-10,4.876322500000e-09,3.000000000000e-02,4,1,1.875000000000e-03,60,5.994132191688e+01,BORIS,L4/dt-1e-13/eps-0.03/ranks-1,9.851484517043e-09,1.275723672683e-09,R12,5.972310000000e+01,-1.386352259646e+00,-1.278842329231e+00,0.000000000000e+00,0.000000000000e+00,0.000000000000e+00,-7.209431231683e-01,-1.386352255909e+00,0.000000000000e+00,0.000000000000e+00,0.000000000000e+00,0.000000000000e+00,0.000000000000e+00,3.851352100257e+00,1.040676316122e+01,0.000000000000e+00,0.000000000000e+00,0.000000000000e+00,0.000000000000e+00,1.329223389160e+00,3.851352100047e+00,0.000000000000e+00,0.000000000000e+00,2.462120671232e-09,4.824397876460e-09,0.000000000000e+00,0.000000000000e+00,1.000000000004e+00,-9.437723105775e-02,-1.344733120191e-13,-1.817000857246e-13,0.000000000000e+00,0.000000000000e+00,0.000000000000e+00,1.000000000003e+00,0.000000000000e+00,0.000000000000e+00,0.000000000000e+00,0.000000000000e+00,0.000000000000e+00
1.000000000000e-13,OK,,9.361484476500e-09,-7.103862181748e-09,-2.120368726172e-09,7.103862181748e-09,2.120368726172e-09,7.103862181748e-09,2.542031000000e-10,1.942983500000e-09,1.000000000000e-01,4,1,6.250000000000e-03,60,5.991323566693e+01,BORIS,L4/dt-1e-13/eps-0.1/ranks-1,9.361484476500e-09,1.429607361935e-09,R12,5.969300000000e+01,-1.386352257122e+00,-1.278842328741e+00,0.000000000000e+00,0.000000000000e+00,0.000000000000e+00,-7.209431231903e-01,-1.386352258177e+00,0.000000000000e+00,0.000000000000e+00,0.000000000000e+00,0.000000000000e+00,0.000000000000e+00,3.851352100275e+00,1.040676316134e+01,0.000000000000e+00,0.000000000000e+00,0.000000000000e+00,0.000000000000e+00,1.329223389160e+00,3.851352100069e+00,0.000000000000e+00,0.000000000000e+00,2.428949600470e-09,9.079894069106e-09,0.000000000000e+00,0.000000000000e+00,1.000000000004e+00,-9.437722717623e-02,-9.669429973784e-13,-7.677825913443e-13,0.000000000000e+00,0.000000000000e+00,0.000000000000e+00,1.000000000002e+00,0.000000000000e+00,0.000000000000e+00,0.000000000000e+00,0.000000000000e+00,0.000000000000e+00
3.000000000000e-13,OK,,2.739827566923e-05,1.231513547639e-05,4.481870956289e-06,1.231513547639e-05,4.481870956289e-06,1.231513547639e-05,2.087124500000e-06,2.461810200000e-05,1.000000000000e-06,4,1,6.250000000000e-08,60,2.280396504211e+01,BORIS,L4/dt-3e-13/eps-1e-06/ranks-1,2.739827566923e-05,4.299290865422e-06,R52,2.254690000000e+01,-1.386343830976e+00,-1.278817936154e+00,0.000000000000e+00,0.000000000000e+00,0.000000000000e+00,-7.209472990884e-01,-1.386350373099e+00,0.000000000000e+00,0.000000000000e+00,0.000000000000e+00,0.000000000000e+00,0.000000000000e+00,3.851352078927e+00,1.040676311823e+01,0.000000000000e+00,0.000000000000e+00,0.000000000000e+00,0.000000000000e+00,1.329223378795e+00,3.851352078533e+00,0.000000000000e+00,0.000000000000e+00,-2.728201738826e-05,-2.739827566890e-05,0.000000000000e+00,0.000000000000e+00,9.999999994398e-01,-9.439666602092e-02,-1.308862453964e-08,-1.006499369032e-07,0.000000000000e+00,0.000000000000e+00,0.000000000000e+00,9.999999632143e-01,2.462768167704e-04,5.909025209054e-05,-1.077826836180e-05,0.000000000000e+00,0.000000000000e+00
3.000000000000e-13,OK,,6.490732608431e-06,-5.698596099738e-06,-5.401680244594e-06,5.698596099738e-06,5.401680244594e-06,5.698596099738e-06,1.450670800000e-08,5.506315800000e-06,3.000000000000e-06,4,1,1.875000000000e-07,60,2.265762912505e+01,BORIS,L4/dt-3e-13/eps-3e-06/ranks-1,6.490732608431e-06,1.051056990405e-06,R52,2.243570000000e+01,-1.386347499352e+00,-1.278838890406e+00,0.000000000000e+00,0.000000000000e+00,0.000000000000e+00,-7.209436193732e-01,-1.386355673674e+00,0.000000000000e+00,0.000000000000e+00,0.000000000000e+00,0.000000000000e+00,0.000000000000e+00,3.851352078927e+00,1.040676311823e+01,0.000000000000e+00,0.000000000000e+00,0.000000000000e+00,0.000000000000e+00,1.329223378795e+00,3.851352078533e+00,0.000000000000e+00,0.000000000000e+00,-1.273370052840e-06,6.490732608764e-06,0.000000000000e+00,0.000000000000e+00,1.000000000002e+00,-9.437384437174e-02,5.419623268228e-08,8.461458810724e-08,0.000000000000e+00,0.000000000000e+00,0.000000000000e+00,1.000000002326e+00,4.526993300003e-05,-2.256205505466e-05,-2.764265199774e-06,0.000000000000e+00,0.000000000000e+00
3.000000000000e-13,OK,,1.138681448443e-05,-3.826275298844e-06,9.391158982425e-07,3.826275298844e-06,9.391158982425e-07,3.826275298844e-06,1.256742100000e-07,6.495761400000e-06,1.000000000000e-05,4,1,6.250000000000e-07,60,2.269214695808e+01,BORIS,L4/dt-3e-13/eps-1e-05/ranks-1,1.138681448443e-05,1.269930193564e-06,R12,2.247070000000e+01,-1.386359340579e+00,-1.278853706194e+00,0.000000000000e+00,0.000000000000e+00,0.000000000000e+00,-7.209411654521e-01,-1.386349384840e+00,0.000000000000e+00,0.000000000000e+00,0.000000000000e+00,0.000000000000e+00,0.000000000000e+00,3.851352078926e+00,1.040676311822e+01,0.000000000000e+00,0.000000000000e+00,0.000000000000e+00,0.000000000000e+00,1.329223378795e+00,3.851352078531e+00,0.000000000000e+00,0.000000000000e+00,-2.126383140362e-06,1.126260841954e-08,0.000000000000e+00,0.000000000000e+00,9.999999999438e-01,-9.438236088349e-02,-6.330483071267e-09,-1.565743579959e-08,0.000000000000e+00,0.000000000000e+00,0.000000000000e+00,9.999999881377e-01,3.249903000002e-05,5.751700830391e-06,5.380795655700e-06,0.000000000000e+00,0.000000000000e+00
3.000000000000e-13,OK,,2.733323484438e-06,-1.287845267132e-06,-5.521762426141e-08,1.287845267132e-06,5.521762426141e-08,1.287845267132e-06,1.770625500000e-08,3.698161800000e-07,3.000000000000e-05,4,1,1.875000000000e-06,60,2.297533383407e+01,BORIS,L4/dt-3e-13/eps-3e-05/ranks-1,2.733323484438e-06,3.042415395070e-07,R12,2.273590000000e+01,-1.386353287753e+00,-1.278845052703e+00,0.000000000000e+00,0.000000000000e+00,0.000000000000e+00,-7.209426041316e-01,-1.386352151183e+00,0.000000000000e+00,0.000000000000e+00,0.000000000000e+00,0.000000000000e+00,0.000000000000e+00,3.851352078922e+00,1.040676311821e+01,0.000000000000e+00,0.000000000000e+00,0.000000000000e+00,0.000000000000e+00,1.329223378795e+00,3.851352078532e+00,0.000000000000e+00,0.000000000000e+00,4.822647330359e-07,1.617224337929e-06,0.000000000000e+00,0.000000000000e+00,1.000000000002e+00,-9.437664566733e-02,-1.796300183544e-09,-2.616779832941e-09,0.000000000000e+00,0.000000000000e+00,0.000000000000e+00,1.000000002093e+00,4.546371131858e-06,3.692202891059e-06,3.483578226706e-08,0.000000000000e+00,0.000000000000e+00
3.000000000000e-13,OK,,3.263624843708e-07,-2.775237475422e-07,-2.085539202182e-07,2.775237475422e-07,2.085539202182e-07,2.775237475422e-07,2.832852100000e-09,2.346779900000e-07,1.000000000000e-04,4,1,6.250000000000e-06,60,2.331694954098e+01,BORIS,L4/dt-3e-13/eps-0.0001/ranks-1,3.263624843708e-07,4.896939795270e-08,R12,2.307860000000e+01,-1.386352241091e+00,-1.278842645742e+00,0.000000000000e+00,0.000000000000e+00,0.000000000000e+00,-7.209430667795e-01,-1.386352385306e+00,0.000000000000e+00,0.000000000000e+00,0.000000000000e+00,0.000000000000e+00,0.000000000000e+00,3.851352078927e+00,1.040676311824e+01,0.000000000000e+00,0.000000000000e+00,0.000000000000e+00,0.000000000000e+00,1.329223378795e+00,3.851352078533e+00,0.000000000000e+00,0.000000000000e+00,-2.596333375527e-07,-1.164643623593e-07,0.000000000000e+00,0.000000000000e+00,9.999999999720e-01,-9.437738722241e-02,-4.812238757401e-10,-1.860250386796e-09,0.000000000000e+00,0.000000000000e+00,0.000000000000e+00,9.999999998333e-01,2.766141152461e-06,-2.766141152461e-06,-2.146822886420e-07,0.000000000000e+00,0.000000000000e+00
3.000000000000e-13,OK,,1.626012404766e-07,-1.182076896655e-07,4.800113364815e-08,1.182076896655e-07,4.800113364815e-08,1.182076896655e-07,8.230922600000e-10,3.878354800000e-07,3.000000000000e-04,4,1,1.875000000000e-05,60,2.375663991715e+01,BORIS,L4/dt-3e-13/eps-0.0003/ranks-1,1.626012404766e-07,2.146742584904e-08,R52,2.353800000000e+01,-1.386352227358e+00,-1.278842299617e+00,0.000000000000e+00,0.000000000000e+00,0.000000000000e+00,-7.209431389465e-01,-1.386352286802e+00,0.000000000000e+00,0.000000000000e+00,0.000000000000e+00,0.000000000000e+00,0.000000000000e+00,3.851352078929e+00,1.040676311826e+01,0.000000000000e+00,0.000000000000e+00,0.000000000000e+00,0.000000000000e+00,1.329223378795e+00,3.851352078539e+00,0.000000000000e+00,0.000000000000e+00,-1.075186682109e-07,-1.626012401435e-07,0.000000000000e+00,0.000000000000e+00,9.999999999975e-01,-9.437732835019e-02,1.466469897858e-10,3.087950170279e-10,0.000000000000e+00,0.000000000000e+00,0.000000000000e+00,1.000000000173e+00,7.856953199992e-07,2.830133596499e-07,3.607540449187e-08,0.000000000000e+00,0.000000000000e+00
3.000000000000e-13,OK,,7.917953039639e-08,1.327814492124e-09,7.935433834726e-09,1.327814492124e-09,7.935433834726e-09,7.935433834726e-09,5.367807300000e-10,7.088686400000e-08,1.000000000000e-03,4,1,6.250000000000e-05,60,2.368376833317e+01,BORIS,L4/dt-3e-13/eps-0.001/ranks-1,7.917953039639e-08,1.128343154190e-08,R52,2.346250000000e+01,-1.386352286436e+00,-1.278842389620e+00,0.000000000000e+00,0.000000000000e+00,0.000000000000e+00,-7.209431213646e-01,-1.386352258642e+00,0.000000000000e+00,0.000000000000e+00,0.000000000000e+00,0.000000000000e+00,0.000000000000e+00,3.851352078926e+00,1.040676311823e+01,0.000000000000e+00,0.000000000000e+00,0.000000000000e+00,0.000000000000e+00,1.329223378795e+00,3.851352078533e+00,0.000000000000e+00,0.000000000000e+00,4.860737489494e-08,7.917953072946e-08,0.000000000000e+00,0.000000000000e+00,1.000000000001e+00,-9.437719242542e-02,9.416691930647e-11,1.555892245614e-10,0.000000000000e+00,0.000000000000e+00,0.000000000000e+00,9.999999999943e-01,1.712586207923e-07,-1.293652640814e-07,3.441042376180e-08,0.000000000000e+00,0.000000000000e+00
3.000000000000e-13,OK,,6.959948439800e-08,-2.046835894640e-08,-1.455068030263e-08,2.046835894640e-08,1.455068030263e-08,2.046835894640e-08,3.558249300000e-10,2.128260300000e-09,3.000000000000e-03,4,1,1.875000000000e-04,60,2.347462095879e+01,BORIS,L4/dt-3e-13/eps-0.003/ranks-1,6.959948439800e-08,7.736042932682e-09,R12,2.324990000000e+01,-1.386352278819e+00,-1.278842388979e+00,0.000000000000e+00,0.000000000000e+00,0.000000000000e+00,-7.209431221705e-01,-1.386352267266e+00,0.000000000000e+00,0.000000000000e+00,0.000000000000e+00,0.000000000000e+00,0.000000000000e+00,3.851352078923e+00,1.040676311823e+01,0.000000000000e+00,0.000000000000e+00,0.000000000000e+00,0.000000000000e+00,1.329223378796e+00,3.851352078537e+00,0.000000000000e+00,0.000000000000e+00,-7.546810313701e-09,1.095343084426e-08,0.000000000000e+00,0.000000000000e+00,9.999999999991e-01,-9.437722982319e-02,2.864873296380e-11,6.633112815992e-11,0.000000000000e+00,0.000000000000e+00,0.000000000000e+00,1.000000000061e+00,6.880097000450e-08,5.121632891610e-09,-1.428242952707e-08,0.000000000000e+00,0.000000000000e+00
3.000000000000e-13,OK,,3.975340945317e-08,-2.257663624899e-08,-8.457536823862e-09,2.257663624899e-08,8.457536823862e-09,2.257663624899e-08,3.449645000000e-10,5.162388100000e-09,1.000000000000e-02,4,1,6.250000000000e-04,60,2.297220429196e+01,BORIS,L4/dt-3e-13/eps-0.01/ranks-1,3.975340945317e-08,6.235790416871e-09,R34,2.275170000000e+01,-1.386352265733e+00,-1.278842357984e+00,0.000000000000e+00,0.000000000000e+00,0.000000000000e+00,-7.209431274056e-01,-1.386352268600e+00,0.000000000000e+00,0.000000000000e+00,0.000000000000e+00,0.000000000000e+00,0.000000000000e+00,3.851352078925e+00,1.040676311823e+01,0.000000000000e+00,0.000000000000e+00,0.000000000000e+00,0.000000000000e+00,1.329223378795e+00,3.851352078532e+00,0.000000000000e+00,0.000000000000e+00,9.713832623630e-09,2.261113081679e-08,0.000000000000e+00,0.000000000000e+00,9.999999999990e-01,-9.437721692183e-02,-1.050175073490e-12,1.353856349488e-11,0.000000000000e+00,0.000000000000e+00,0.000000000000e+00,1.000000000002e+00,4.302000000678e-08,-2.103431996549e-08,-8.597502367238e-09,0.000000000000e+00,0.000000000000e+00
3.000000000000e-13,OK,,4.404748454867e-08,-2.086991705990e-08,-6.924377087049e-09,2.086991705990e-08,6.924377087049e-09,2.086991705990e-08,2.342176500000e-10,2.339349300000e-09,3.000000000000e-02,4,1,1.875000000000e-03,60,2.262205266720e+01,BORIS,L4/dt-3e-13/eps-0.03/ranks-1,4.404748454867e-08,6.313982150066e-09,R12,2.240100000000e+01,-1.386352267612e+00,-1.278842363427e+00,0.000000000000e+00,0.000000000000e+00,0.000000000000e+00,-7.209431264243e-01,-1.386352268731e+00,0.000000000000e+00,0.000000000000e+00,0.000000000000e+00,0.000000000000e+00,0.000000000000e+00,3.851352078938e+00,1.040676311826e+01,0.000000000000e+00,0.000000000000e+00,0.000000000000e+00,0.000000000000e+00,1.329223378796e+00,3.851352078535e+00,0.000000000000e+00,0.000000000000e+00,6.775840296090e-09,2.241711801061e-08,0.000000000000e+00,0.000000000000e+00,9.999999999990e-01,-9.437722379393e-02,2.109909722102e-12,1.074228746504e-12,0.000000000000e+00,0.000000000000e+00,0.000000000000e+00,9.999999999949e-01,4.296000000181e-08,-1.244863102234e-08,-5.380663992406e-09,0.000000000000e+00,0.000000000000e+00
3.000000000000e-13,OK,,4.359448446678e-08,-2.038891936121e-08,-6.435557950772e-09,2.038891936121e-08,6.435557950772e-09,2.038891936121e-08,7.770872800000e-11,3.636062100000e-10,1.000000000000e-01,4,1,6.250000000000e-03,60,2.252537804213e+01,BORIS,L4/dt-3e-13/eps-0.1/ranks-1,4.359448446678e-08,6.221339984313e-09,R12,2.230230000000e+01,-1.386352268483e+00,-1.278842362974e+00,0.000000000000e+00,0.000000000000e+00,0.000000000000e+00,-7.209431268769e-01,-1.386352268264e+00,0.000000000000e+00,0.000000000000e+00,0.000000000000e+00,0.000000000000e+00,0.000000000000e+00,3.851352078925e+00,1.040676311823e+01,0.000000000000e+00,0.000000000000e+00,0.000000000000e+00,0.000000000000e+00,1.329223378795e+00,3.851352078533e+00,0.000000000000e+00,0.000000000000e+00,5.858594544495e-09,1.967263388605e-08,0.000000000000e+00,0.000000000000e+00,9.999999999989e-01,-9.437722350821e-02,-1.485854837620e-13,-8.437189792413e-13,0.000000000000e+00,0.000000000000e+00,0.000000000000e+00,9.999999999996e-01,4.311000090240e-08,-1.328505717946e-08,-4.315189224600e-09,0.000000000000e+00,0.000000000000e+00
1.000000000000e-12,OK,,6.327950792581e-06,3.978403987607e-06,-6.231353743923e-07,3.978403987607e-06,6.231353743923e-07,3.978403987607e-06,5.613016500000e-08,4.627905900000e-06,1.000000000000e-06,4,1,6.250000000000e-08,60,9.285616000183e+00,BORIS,L4/dt-1e-12/eps-1e-06/ranks-1,6.327950792581e-06,8.694019713975e-07,R51,9.065070000000e+00,-1.386352507355e+00,-1.278847331508e+00,0.000000000000e+00,0.000000000000e+00,0.000000000000e+00,-7.209425404887e-01,-1.386354134014e+00,0.000000000000e+00,0.000000000000e+00,0.000000000000e+00,0.000000000000e+00,0.000000000000e+00,3.851351837071e+00,1.040676263086e+01,0.000000000000e+00,0.000000000000e+00,0.000000000000e+00,0.000000000000e+00,1.329223261135e+00,3.851351834251e+00,0.000000000000e+00,0.000000000000e+00,-6.327950792525e-06,-1.689866895076e-06,0.000000000000e+00,0.000000000000e+00,9.999999994398e-01,-9.438203661948e-02,-1.714294561843e-08,5.722366372778e-08,0.000000000000e+00,0.000000000000e+00,0.000000000000e+00,9.999999709933e-01,2.719852255442e-04,5.075352060176e-05,-1.588327469248e-05,0.000000000000e+00,0.000000000000e+00
1.000000000000e-12,OK,,8.601094063199e-06,-6.959246942088e-08,2.229946650585e-06,6.959246942088e-08,2.229946650585e-06,2.229946650585e-06,1.809817300000e-07,9.784686500000e-06,3.000000000000e-06,4,1,1.875000000000e-07,60,9.243962833891e+00,BORIS,L4/dt-1e-12/eps-3e-06/ranks-1,8.601094063199e-06,1.173768212161e-06,R56,9.021700000000e+00,-1.386355890162e+00,-1.278849213643e+00,0.000000000000e+00,0.000000000000e+00,0.000000000000e+00,-7.209419656553e-01,-1.386351011165e+00,0.000000000000e+00,0.000000000000e+00,0.000000000000e+00,0.000000000000e+00,0.000000000000e+00,3.851351837070e+00,1.040676263085e+01,0.000000000000e+00,0.000000000000e+00,0.000000000000e+00,0.000000000000e+00,1.329223261135e+00,3.851351834250e+00,0.000000000000e+00,0.000000000000e+00,-3.712000538922e-06,-6.837340637462e-06,0.000000000000e+00,0.000000000000e+00,1.000000000002e+00,-9.438583497408e-02,-3.169648007552e-09,9.527363481415e-09,0.000000000000e+00,0.000000000000e+00,0.000000000000e+00,9.999999947161e-01,5.559317000015e-05,-1.693305142434e-05,4.867361695405e-06,0.000000000000e+00,0.000000000000e+00
1.000000000000e-12,OK,,1.074200200909e-06,6.730779639706e-07,8.189297656660e-07,6.730779639706e-07,8.189297656660e-07,8.189297656660e-07,4.751818400000e-08,4.241096100000e-07,1.000000000000e-05,4,1,6.250000000000e-07,60,9.233793665888e+00,BORIS,L4/dt-1e-12/eps-1e-05/ranks-1,1.074200200909e-06,1.671658262646e-07,R51,9.011360000000e+00,-1.386352901048e+00,-1.278842116396e+00,0.000000000000e+00,0.000000000000e+00,0.000000000000e+00,-7.209433285186e-01,-1.386351727448e+00,0.000000000000e+00,0.000000000000e+00,0.000000000000e+00,0.000000000000e+00,0.000000000000e+00,3.851351837070e+00,1.040676263086e+01,0.000000000000e+00,0.000000000000e+00,0.000000000000e+00,0.000000000000e+00,1.329223261135e+00,3.851351834250e+00,0.000000000000e+00,0.000000000000e+00,1.074200200965e-06,-1.515005991907e-08,0.000000000000e+00,0.000000000000e+00,9.999999999693e-01,-9.437803340121e-02,-1.695127057495e-10,3.901385590028e-09,0.000000000000e+00,0.000000000000e+00,0.000000000000e+00,1.000000000373e+00,2.866609931325e-05,1.025105409321e-05,5.260609523123e-06,0.000000000000e+00,0.000000000000e+00
1.000000000000e-12,OK,,5.999991252529e-07,-4.263936406988e-07,-1.442063000801e-07,4.263936406988e-07,1.442063000801e-07,4.263936406988e-07,2.347503200000e-08,1.931043100000e-07,3.000000000000e-05,4,1,1.875000000000e-06,60,9.236851082882e+00,BORIS,L4/dt-1e-12/eps-3e-05/ranks-1,5.999991252529e-07,9.998611240496e-08,R52,9.016260000000e+00,-1.386352296452e+00,-1.278842704473e+00,0.000000000000e+00,0.000000000000e+00,0.000000000000e+00,-7.209431685998e-01,-1.386352440550e+00,0.000000000000e+00,0.000000000000e+00,0.000000000000e+00,0.000000000000e+00,0.000000000000e+00,3.851351837069e+00,1.040676263086e+01,0.000000000000e+00,0.000000000000e+00,0.000000000000e+00,0.000000000000e+00,1.329223261135e+00,3.851351834252e+00,0.000000000000e+00,0.000000000000e+00,1.463644004830e-07,5.999991255860e-07,0.000000000000e+00,0.000000000000e+00,1.000000000002e+00,-9.437671037502e-02,-5.239994520752e-10,-1.908538349121e-09,0.000000000000e+00,0.000000000000e+00,0.000000000000e+00,9.999999983797e-01,5.563596344201e-06,4.553654517492e-06,-5.415289355163e-08,0.000000000000e+00,0.000000000000e+00
1.000000000000e-12,OK,,5.271334089230e-07,-8.072039121192e-08,-1.926450439435e-08,8.072039121192e-08,1.926450439435e-08,8.072039121192e-08,6.026699700000e-09,2.597818600000e-07,1.000000000000e-04,4,1,6.250000000000e-06,60,9.235890666023e+00,BORIS,L4/dt-1e-12/eps-0.0001/ranks-1,5.271334089230e-07,6.833453422489e-08,R34,9.015050000000e+00,-1.386352232036e+00,-1.278842578469e+00,0.000000000000e+00,0.000000000000e+00,0.000000000000e+00,-7.209431941519e-01,-1.386352474405e+00,0.000000000000e+00,0.000000000000e+00,0.000000000000e+00,0.000000000000e+00,0.000000000000e+00,3.851351837070e+00,1.040676263085e+01,0.000000000000e+00,0.000000000000e+00,0.000000000000e+00,0.000000000000e+00,1.329223261136e+00,3.851351834251e+00,0.000000000000e+00,0.000000000000e+00,7.552616368288e-08,3.470032554114e-07,0.000000000000e+00,0.000000000000e+00,9.999999999984e-01,-9.437717360601e-02,9.092367294832e-11,5.218161841614e-10,0.000000000000e+00,0.000000000000e+00,0.000000000000e+00,1.000000000033e+00,2.569337796131e-06,-2.569337796131e-06,-2.539287281812e-08,0.000000000000e+00,0.000000000000e+00
1.000000000000e-12,OK,,5.271234098103e-07,-1.811063040566e-07,-6.986241879175e-08,1.811063040566e-07,6.986241879175e-08,1.811063040566e-07,1.313535900000e-09,6.055752600000e-09,3.000000000000e-04,4,1,1.875000000000e-05,60,9.285442708060e+00,BORIS,L4/dt-1e-12/eps-0.0003/ranks-1,5.271234098103e-07,6.860422463573e-08,R34,9.066130000000e+00,-1.386352362407e+00,-1.278842710645e+00,0.000000000000e+00,0.000000000000e+00,0.000000000000e+00,-7.209431719372e-01,-1.386352395671e+00,0.000000000000e+00,0.000000000000e+00,0.000000000000e+00,0.000000000000e+00,0.000000000000e+00,3.851351837071e+00,1.040676263086e+01,0.000000000000e+00,0.000000000000e+00,0.000000000000e+00,0.000000000000e+00,1.329223261135e+00,3.851351834251e+00,0.000000000000e+00,0.000000000000e+00,3.978239335824e-08,1.618923640613e-07,0.000000000000e+00,0.000000000000e+00,1.000000000002e+00,-9.437713042804e-02,-1.400422170991e-10,-3.651615852775e-10,0.000000000000e+00,0.000000000000e+00,0.000000000000e+00,1.000000000037e+00,9.836174700018e-07,2.201147452588e-07,-8.178814794803e-08,0.000000000000e+00,0.000000000000e+00
1.000000000000e-12,OK,,5.271234098103e-07,-1.923882360928e-07,-5.901522530833e-08,1.923882360928e-07,5.901522530833e-08,1.923882360928e-07,2.901150400000e-10,3.353850500000e-10,1.000000000000e-03,4,1,6.250000000000e-05,60,9.176520665875e+00,BORIS,L4/dt-1e-12/eps-0.001/ranks-1,5.271234098103e-07,7.102557503088e-08,R34,8.956050000000e+00,-1.386352385654e+00,-1.278842750893e+00,0.000000000000e+00,0.000000000000e+00,0.000000000000e+00,-7.209431649029e-01,-1.386352387600e+00,0.000000000000e+00,0.000000000000e+00,0.000000000000e+00,0.000000000000e+00,0.000000000000e+00,3.851351837070e+00,1.040676263086e+01,0.000000000000e+00,0.000000000000e+00,0.000000000000e+00,0.000000000000e+00,1.329223261135e+00,3.851351834250e+00,0.000000000000e+00,0.000000000000e+00,5.686018215915e-08,1.913547451421e-07,0.000000000000e+00,0.000000000000e+00,1.000000000004e+00,-9.437713398088e-02,2.542867332061e-11,-2.317331739808e-11,0.000000000000e+00,0.000000000000e+00,0.000000000000e+00,1.000000000042e+00,5.303800012513e-07,-3.230813146663e-07,-3.254023538126e-08,0.000000000000e+00,0.000000000000e+00
1.000000000000e-12,OK,,5.271334089230e-07,-1.776024399905e-07,-5.476751032629e-08,1.776024399905e-07,5.476751032629e-08,1.776024399905e-07,2.540949700000e-10,1.420030900000e-08,3.000000000000e-03,4,1,1.875000000000e-04,60,9.213530624984e+00,BORIS,L4/dt-1e-12/eps-0.003/ranks-1,5.271334089230e-07,7.052667642045e-08,R34,8.993780000000e+00,-1.386352385626e+00,-1.278842748847e+00,0.000000000000e+00,0.000000000000e+00,0.000000000000e+00,-7.209431652293e-01,-1.386352386944e+00,0.000000000000e+00,0.000000000000e+00,0.000000000000e+00,0.000000000000e+00,0.000000000000e+00,3.851351837069e+00,1.040676263085e+01,0.000000000000e+00,0.000000000000e+00,0.000000000000e+00,0.000000000000e+00,1.329223261136e+00,3.851351834252e+00,0.000000000000e+00,0.000000000000e+00,5.749436632859e-08,1.903830788326e-07,0.000000000000e+00,0.000000000000e+00,1.000000000001e+00,-9.437714611017e-02,-1.283822948542e-11,-2.370377671975e-11,0.000000000000e+00,0.000000000000e+00,0.000000000000e+00,9.999999999713e-01,5.303500003606e-07,-1.520124481525e-07,-5.449925955073e-08,0.000000000000e+00,0.000000000000e+00
1.000000000000e-12,OK,,5.271334089230e-07,-1.815426713552e-07,-5.504537033362e-08,1.815426713552e-07,5.504537033362e-08,1.815426713552e-07,5.800870900000e-11,2.544191100000e-09,1.000000000000e-02,4,1,6.250000000000e-04,60,9.153967250139e+00,BORIS,L4/dt-1e-12/eps-0.01/ranks-1,5.271334089230e-07,7.051007362126e-08,R34,8.931540000000e+00,-1.386352386100e+00,-1.278842750297e+00,0.000000000000e+00,0.000000000000e+00,0.000000000000e+00,-7.209431650871e-01,-1.386352387302e+00,0.000000000000e+00,0.000000000000e+00,0.000000000000e+00,0.000000000000e+00,0.000000000000e+00,3.851351837070e+00,1.040676263085e+01,0.000000000000e+00,0.000000000000e+00,0.000000000000e+00,0.000000000000e+00,1.329223261135e+00,3.851351834249e+00,0.000000000000e+00,0.000000000000e+00,5.433541507945e-08,1.838328240830e-07,0.000000000000e+00,0.000000000000e+00,9.999999999995e-01,-9.437714866588e-02,-2.072732421277e-12,-9.429997508775e-12,0.000000000000e+00,0.000000000000e+00,0.000000000000e+00,9.999999999963e-01,5.303999994766e-07,-1.800003550717e-07,-5.518533587700e-08,0.000000000000e+00,0.000000000000e+00
1.000000000000e-12,OK,,5.271234098103e-07,-1.821244838281e-07,-5.474957797082e-08,1.821244838281e-07,5.474957797082e-08,1.821244838281e-07,1.413773500000e-10,1.070264000000e-09,3.000000000000e-02,4,1,1.875000000000e-03,60,1.034556708299e+01,BORIS,L4/dt-1e-12/eps-0.03/ranks-1,5.271234098103e-07,7.045133669060e-08,R34,1.008890000000e+01,-1.386352386993e+00,-1.278842750060e+00,0.000000000000e+00,0.000000000000e+00,0.000000000000e+00,-7.209431648994e-01,-1.386352385965e+00,0.000000000000e+00,0.000000000000e+00,0.000000000000e+00,0.000000000000e+00,0.000000000000e+00,3.851351837069e+00,1.040676263086e+01,0.000000000000e+00,0.000000000000e+00,0.000000000000e+00,0.000000000000e+00,1.329223261135e+00,3.851351834251e+00,0.000000000000e+00,0.000000000000e+00,5.434607498580e-08,1.814020578695e-07,0.000000000000e+00,0.000000000000e+00,9.999999999994e-01,-9.437714965813e-02,1.518760345474e-12,3.072535169269e-12,0.000000000000e+00,0.000000000000e+00,0.000000000000e+00,9.999999999996e-01,5.303600012496e-07,-1.737031977905e-07,-5.320586487618e-08,0.000000000000e+00,0.000000000000e+00
1.000000000000e-12,OK,,5.271434098120e-07,-1.815768606535e-07,-5.485975093648e-08,1.815768606535e-07,5.485975093648e-08,1.815768606535e-07,5.979594600000e-11,8.877248000000e-11,1.000000000000e-01,4,1,6.250000000000e-03,60,1.007184224995e+01,BORIS,L4/dt-1e-12/eps-0.1/ranks-1,5.271434098120e-07,7.047152858496e-08,R34,9.834590000000e+00,-1.386352387402e+00,-1.278842750426e+00,0.000000000000e+00,0.000000000000e+00,0.000000000000e+00,-7.209431650365e-01,-1.386352386018e+00,0.000000000000e+00,0.000000000000e+00,0.000000000000e+00,0.000000000000e+00,0.000000000000e+00,3.851351837067e+00,1.040676263084e+01,0.000000000000e+00,0.000000000000e+00,0.000000000000e+00,0.000000000000e+00,1.329223261135e+00,3.851351834249e+00,0.000000000000e+00,0.000000000000e+00,5.476294174529e-08,1.815040176342e-07,0.000000000000e+00,0.000000000000e+00,9.999999999995e-01,-9.437714934191e-02,-6.812188737102e-13,-1.058262050921e-12,0.000000000000e+00,0.000000000000e+00,0.000000000000e+00,9.999999999998e-01,5.305000012612e-07,-1.744729984718e-07,-5.273938221031e-08,0.000000000000e+00,0.000000000000e+00
3.000000000000e-12,OK,,9.415427366793e-06,-3.553608067870e-06,-3.237487893005e-06,3.553608067870e-06,3.237487893005e-06,3.553608067870e-06,2.283937900000e-07,7.703362200000e-06,1.000000000000e-06,4,1,6.250000000000e-08,60,5.187631541863e+00,BORIS,L4/dt-3e-12/eps-1e-06/ranks-1,9.415427366793e-06,1.314517847885e-06,R56,4.969200000000e+00,-1.386351026434e+00,-1.278846233823e+00,0.000000000000e+00,0.000000000000e+00,0.000000000000e+00,-7.209433231349e-01,-1.386355522210e+00,0.000000000000e+00,0.000000000000e+00,0.000000000000e+00,0.000000000000e+00,0.000000000000e+00,3.851349720468e+00,1.040675836530e+01,0.000000000000e+00,0.000000000000e+00,0.000000000000e+00,0.000000000000e+00,1.329222231341e+00,3.851349696059e+00,0.000000000000e+00,0.000000000000e+00,2.885525672672e-06,8.479888148751e-06,0.000000000000e+00,0.000000000000e+00,9.999999994398e-01,-9.436781845265e-02,3.261810962433e-08,1.037303445094e-07,0.000000000000e+00,0.000000000000e+00,0.000000000000e+00,1.000000024541e+00,2.821549805881e-04,4.322150854628e-05,-1.849762721110e-05,0.000000000000e+00,0.000000000000e+00
3.000000000000e-12,OK,,4.791163409124e-06,-2.738574107414e-06,-3.409538175513e-07,2.738574107414e-06,3.409538175513e-07,2.738574107414e-06,1.293149000000e-08,2.418289400000e-06,3.000000000000e-06,4,1,1.875000000000e-07,60,5.152512167115e+00,BORIS,L4/dt-3e-12/eps-3e-06/ranks-1,4.791163409124e-06,6.244315270147e-07,R34,4.933260000000e+00,-1.386353107101e+00,-1.278845491188e+00,0.000000000000e+00,0.000000000000e+00,0.000000000000e+00,-7.209437502263e-01,-1.386353649203e+00,0.000000000000e+00,0.000000000000e+00,0.000000000000e+00,0.000000000000e+00,0.000000000000e+00,3.851349721175e+00,1.040675836682e+01,0.000000000000e+00,0.000000000000e+00,0.000000000000e+00,0.000000000000e+00,1.329222231702e+00,3.851349696845e+00,0.000000000000e+00,0.000000000000e+00,-2.394079806740e-07,9.423822424025e-07,0.000000000000e+00,0.000000000000e+00,1.000000000002e+00,-9.437677850565e-02,-1.289764459822e-09,-7.068048439871e-10,0.000000000000e+00,0.000000000000e+00,0.000000000000e+00,9.999999882296e-01,5.187071500012e-05,-1.960203306233e-05,2.296461227269e-06,0.000000000000e+00,0.000000000000e+00
3.000000000000e-12,OK,,5.532692403076e-06,-1.618068525192e-06,-1.811602781922e-07,1.618068525192e-06,1.811602781922e-07,1.618068525192e-06,1.103109800000e-08,6.448260300000e-06,1.000000000000e-05,4,1,6.250000000000e-07,60,5.162064458942e+00,BORIS,L4/dt-3e-12/eps-1e-05/ranks-1,5.532692403076e-06,9.200469424591e-07,R51,4.938800000000e+00,-1.386353860882e+00,-1.278846404625e+00,0.000000000000e+00,0.000000000000e+00,0.000000000000e+00,-7.209434509302e-01,-1.386353069501e+00,0.000000000000e+00,0.000000000000e+00,0.000000000000e+00,0.000000000000e+00,0.000000000000e+00,3.851349721085e+00,1.040675836664e+01,0.000000000000e+00,0.000000000000e+00,0.000000000000e+00,0.000000000000e+00,1.329222231656e+00,3.851349696749e+00,0.000000000000e+00,0.000000000000e+00,-5.532692403020e-06,4.567879607512e-06,0.000000000000e+00,0.000000000000e+00,9.999999999454e-01,-9.437333797082e-02,-1.952632635595e-09,4.061325499435e-09,0.000000000000e+00,0.000000000000e+00,0.000000000000e+00,9.999999987582e-01,3.348775111057e-05,7.959907604043e-06,4.260519479265e-06,0.000000000000e+00,0.000000000000e+00
3.000000000000e-12,OK,,4.792723409253e-06,-1.504464959512e-06,-4.984269663381e-07,1.504464959512e-06,4.984269663381e-07,1.504464959512e-06,1.281956100000e-08,1.829209600000e-06,3.000000000000e-05,4,1,1.875000000000e-06,60,5.171443250030e+00,BORIS,L4/dt-3e-12/eps-3e-05/ranks-1,4.792723409253e-06,6.939442938672e-07,R34,4.949950000000e+00,-1.386353457694e+00,-1.278846249031e+00,0.000000000000e+00,0.000000000000e+00,0.000000000000e+00,-7.209434762497e-01,-1.386353412679e+00,0.000000000000e+00,0.000000000000e+00,0.000000000000e+00,0.000000000000e+00,0.000000000000e+00,3.851349720469e+00,1.040675836526e+01,0.000000000000e+00,0.000000000000e+00,0.000000000000e+00,0.000000000000e+00,1.329222231341e+00,3.851349696037e+00,0.000000000000e+00,0.000000000000e+00,-1.435566397799e-06,2.933984192043e-06,0.000000000000e+00,0.000000000000e+00,1.000000000002e+00,-9.437526551263e-02,-5.250689142388e-11,9.022417185721e-10,0.000000000000e+00,0.000000000000e+00,0.000000000000e+00,1.000000000331e+00,5.558435626129e-06,3.475583198679e-06,-4.083735598096e-07,0.000000000000e+00,0.000000000000e+00
3.000000000000e-12,OK,,4.791163409124e-06,-1.611567462363e-06,-4.699041032653e-07,1.611567462363e-06,4.699041032653e-07,1.611567462363e-06,6.321300100000e-10,6.645382000000e-07,1.000000000000e-04,4,1,6.250000000000e-06,60,5.185226749862e+00,BORIS,L4/dt-3e-12/eps-0.0001/ranks-1,4.791163409124e-06,6.451109213574e-07,R34,4.963500000000e+00,-1.386353477151e+00,-1.278846227015e+00,0.000000000000e+00,0.000000000000e+00,0.000000000000e+00,-7.209434882067e-01,-1.386353401638e+00,0.000000000000e+00,0.000000000000e+00,0.000000000000e+00,0.000000000000e+00,0.000000000000e+00,3.851349721175e+00,1.040675836682e+01,0.000000000000e+00,0.000000000000e+00,0.000000000000e+00,0.000000000000e+00,1.329222231702e+00,3.851349696845e+00,0.000000000000e+00,0.000000000000e+00,-1.541016280190e-07,1.908614871350e-06,0.000000000000e+00,0.000000000000e+00,9.999999999960e-01,-9.437619692680e-02,-4.311330952532e-10,-6.709943061688e-10,0.000000000000e+00,0.000000000000e+00,0.000000000000e+00,1.000000000270e+00,4.794529999685e-06,-4.100184867282e-06,-4.760324716891e-07,0.000000000000e+00,0.000000000000e+00
3.000000000000e-12,OK,,4.792573408352e-06,-1.586387770659e-06,-4.793790087922e-07,1.586387770659e-06,4.793790087922e-07,1.586387770659e-06,5.225087000000e-11,2.157035600000e-07,3.000000000000e-04,4,1,1.875000000000e-05,60,5.113649707986e+00,BORIS,L4/dt-3e-12/eps-0.0003/ranks-1,4.792573408352e-06,6.352409202188e-07,R34,4.893560000000e+00,-1.386353427664e+00,-1.278846142576e+00,0.000000000000e+00,0.000000000000e+00,0.000000000000e+00,-7.209435002667e-01,-1.386353418889e+00,0.000000000000e+00,0.000000000000e+00,0.000000000000e+00,0.000000000000e+00,0.000000000000e+00,3.851349720470e+00,1.040675836541e+01,0.000000000000e+00,0.000000000000e+00,0.000000000000e+00,0.000000000000e+00,1.329222231341e+00,3.851349696128e+00,0.000000000000e+00,0.000000000000e+00,2.633974188573e-07,1.691473475593e-06,0.000000000000e+00,0.000000000000e+00,9.999999999975e-01,-9.437638700354e-02,6.617814148704e-11,1.414963578628e-10,0.000000000000e+00,0.000000000000e+00,0.000000000000e+00,1.000000000041e+00,4.795779998901e-06,-1.185166721344e-06,-4.913047379485e-07,0.000000000000e+00,0.000000000000e+00
3.000000000000e-12,OK,,4.791703409168e-06,-1.594993646801e-06,-4.811970872577e-07,1.594993646801e-06,4.811970872577e-07,1.594993646801e-06,9.219736100000e-11,6.349521700000e-08,1.000000000000e-03,4,1,6.250000000000e-05,60,5.103735666955e+00,BORIS,L4/dt-3e-12/eps-0.001/ranks-1,4.791703409168e-06,6.343527655168e-07,R34,4.884320000000e+00,-1.386353429583e+00,-1.278846146526e+00,0.000000000000e+00,0.000000000000e+00,0.000000000000e+00,-7.209434997186e-01,-1.386353418573e+00,0.000000000000e+00,0.000000000000e+00,0.000000000000e+00,0.000000000000e+00,0.000000000000e+00,3.851349720950e+00,1.040675836628e+01,0.000000000000e+00,0.000000000000e+00,0.000000000000e+00,0.000000000000e+00,1.329222231587e+00,3.851349696563e+00,0.000000000000e+00,0.000000000000e+00,4.192978522062e-07,1.629704065697e-06,0.000000000000e+00,0.000000000000e+00,1.000000000000e+00,-9.437645934530e-02,-2.119309598715e-11,1.544362431028e-11,0.000000000000e+00,0.000000000000e+00,0.000000000000e+00,1.000000000012e+00,4.794960000609e-06,-1.725686725375e-06,-4.547220973306e-07,0.000000000000e+00,0.000000000000e+00
3.000000000000e-12,OK,,4.793063409281e-06,-1.592845453475e-06,-4.806155286787e-07,1.592845453475e-06,4.806155286787e-07,1.592845453475e-06,5.098199600000e-11,2.005282900000e-08,3.000000000000e-03,4,1,1.875000000000e-04,60,5.101978208171e+00,BORIS,L4/dt-3e-12/eps-0.003/ranks-1,4.793063409281e-06,6.337631279099e-07,R34,4.881560000000e+00,-1.386353429474e+00,-1.278846142217e+00,0.000000000000e+00,0.000000000000e+00,0.000000000000e+00,-7.209435005333e-01,-1.386353417065e+00,0.000000000000e+00,0.000000000000e+00,0.000000000000e+00,0.000000000000e+00,0.000000000000e+00,3.851349720228e+00,1.040675836492e+01,0.000000000000e+00,0.000000000000e+00,0.000000000000e+00,0.000000000000e+00,1.329222231218e+00,3.851349695877e+00,0.000000000000e+00,0.000000000000e+00,4.619963058083e-07,1.603574108742e-06,0.000000000000e+00,0.000000000000e+00,9.999999999999e-01,-9.437648609100e-02,-5.763805099319e-12,-6.797066287990e-12,0.000000000000e+00,0.000000000000e+00,0.000000000000e+00,9.999999999985e-01,4.796280000718e-06,-1.567255461637e-06,-4.803472779031e-07,0.000000000000e+00,0.000000000000e+00
3.000000000000e-12,OK,,4.791693410056e-06,-1.591384558318e-06,-4.807727706434e-07,1.591384558318e-06,4.807727706434e-07,1.591384558318e-06,3.419287100000e-11,5.058008000000e-09,1.000000000000e-02,4,1,6.250000000000e-04,60,5.020222041989e+00,BORIS,L4/dt-3e-12/eps-0.01/ranks-1,4.791693410056e-06,6.335982168446e-07,R34,4.799340000000e+00,-1.386353430266e+00,-1.278846144337e+00,0.000000000000e+00,0.000000000000e+00,0.000000000000e+00,-7.209435003276e-01,-1.386353417360e+00,0.000000000000e+00,0.000000000000e+00,0.000000000000e+00,0.000000000000e+00,0.000000000000e+00,3.851349720950e+00,1.040675836629e+01,0.000000000000e+00,0.000000000000e+00,0.000000000000e+00,0.000000000000e+00,1.329222231587e+00,3.851349696564e+00,0.000000000000e+00,0.000000000000e+00,4.757194102131e-07,1.594881632421e-06,0.000000000000e+00,0.000000000000e+00,1.000000000000e+00,-9.437649235366e-02,-4.680507395635e-13,3.182280804964e-12,0.000000000000e+00,0.000000000000e+00,0.000000000000e+00,1.000000000003e+00,4.794960000609e-06,-1.589842242034e-06,-4.809127361868e-07,0.000000000000e+00,0.000000000000e+00
3.000000000000e-12,OK,,4.792723409253e-06,-1.591187221056e-06,-4.808004402997e-07,1.591187221056e-06,4.808004402997e-07,1.591187221056e-06,9.876111000000e-11,1.996159300000e-09,3.000000000000e-02,4,1,1.875000000000e-03,60,5.582631082973e+00,BORIS,L4/dt-3e-12/eps-0.03/ranks-1,4.792723409253e-06,6.336331751480e-07,R34,5.338360000000e+00,-1.386353429971e+00,-1.278846144037e+00,0.000000000000e+00,0.000000000000e+00,0.000000000000e+00,-7.209435002997e-01,-1.386353417405e+00,0.000000000000e+00,0.000000000000e+00,0.000000000000e+00,0.000000000000e+00,0.000000000000e+00,3.851349720469e+00,1.040675836526e+01,0.000000000000e+00,0.000000000000e+00,0.000000000000e+00,0.000000000000e+00,1.329222231341e+00,3.851349696037e+00,0.000000000000e+00,0.000000000000e+00,4.798432519778e-07,1.593074151396e-06,0.000000000000e+00,0.000000000000e+00,1.000000000000e+00,-9.437649464221e-02,-1.786050239688e-14,6.406920085235e-13,0.000000000000e+00,0.000000000000e+00,0.000000000000e+00,9.999999999982e-01,4.795960000692e-06,-1.582765935018e-06,-4.792567272051e-07,0.000000000000e+00,0.000000000000e+00
3.000000000000e-12,OK,,4.793293408412e-06,-1.591401054397e-06,-4.808322631773e-07,1.591401054397e-06,4.808322631773e-07,1.591401054397e-06,6.870726200000e-11,4.457950100000e-10,1.000000000000e-01,4,1,6.250000000000e-03,60,5.654203958111e+00,BORIS,L4/dt-3e-12/eps-0.1/ranks-1,4.793293408412e-06,6.336772008890e-07,R34,5.407950000000e+00,-1.386353430036e+00,-1.278846144408e+00,0.000000000000e+00,0.000000000000e+00,0.000000000000e+00,-7.209435002946e-01,-1.386353417521e+00,0.000000000000e+00,0.000000000000e+00,0.000000000000e+00,0.000000000000e+00,0.000000000000e+00,3.851349720194e+00,1.040675836469e+01,0.000000000000e+00,0.000000000000e+00,0.000000000000e+00,0.000000000000e+00,1.329222231200e+00,3.851349695745e+00,0.000000000000e+00,0.000000000000e+00,4.807408777476e-07,1.591779611888e-06,0.000000000000e+00,0.000000000000e+00,1.000000000000e+00,-9.437649529566e-02,-3.820035441724e-13,-1.307642319729e-13,0.000000000000e+00,0.000000000000e+00,0.000000000000e+00,9.999999999999e-01,4.796649999861e-06,-1.584297192215e-06,-4.787118944511e-07,0.000000000000e+00,0.000000000000e+00
1.000000000000e-11,OK,,5.299458340957e-05,-1.751658692272e-05,-5.019062978959e-06,1.751658692272e-05,5.019062978959e-06,1.751658692272e-05,1.734496100000e-07,2.010999600000e-06,1.000000000000e-06,4,1,6.250000000000e-08,60,4.423245125217e+00,BORIS,L4/dt-1e-11/eps-1e-06/ranks-1,5.299458340957e-05,7.027568391472e-06,R34,4.200360000000e+00,-1.386366210305e+00,-1.278885968914e+00,0.000000000000e+00,0.000000000000e+00,0.000000000000e+00,-7.209471065053e-01,-1.386364557639e+00,0.000000000000e+00,0.000000000000e+00,0.000000000000e+00,0.000000000000e+00,0.000000000000e+00,3.851325773698e+00,1.040671016340e+01,0.000000000000e+00,0.000000000000e+00,0.000000000000e+00,0.000000000000e+00,1.329210591760e+00,3.851325555439e+00,0.000000000000e+00,0.000000000000e+00,4.870838461348e-06,1.585431081412e-05,0.000000000000e+00,0.000000000000e+00,9.999999994398e-01,-9.436999652325e-02,1.401650353804e-08,2.711216556276e-09,0.000000000000e+00,0.000000000000e+00,0.000000000000e+00,9.999999880748e-01,2.895294032534e-04,2.925852969143e-05,-2.027920229705e-05,0.000000000000e+00,0.000000000000e+00
1.000000000000e-11,OK,,5.335255340988e-05,-1.759421840318e-05,-5.566826878361e-06,1.759421840318e-05,5.566826878361e-06,1.759421840318e-05,3.778821900000e-08,7.091572500000e-07,3.000000000000e-06,4,1,1.875000000000e-07,60,4.340465459041e+00,BORIS,L4/dt-1e-11/eps-3e-06/ranks-1,5.335255340988e-05,7.044078466449e-06,R34,4.120040000000e+00,-1.386365027689e+00,-1.278884615691e+00,0.000000000000e+00,0.000000000000e+00,0.000000000000e+00,-7.209472631442e-01,-1.386365273942e+00,0.000000000000e+00,0.000000000000e+00,0.000000000000e+00,0.000000000000e+00,0.000000000000e+00,3.851325615068e+00,1.040670980543e+01,0.000000000000e+00,0.000000000000e+00,0.000000000000e+00,0.000000000000e+00,1.329210510675e+00,3.851325368933e+00,0.000000000000e+00,0.000000000000e+00,5.377877526442e-06,1.798138406379e-05,0.000000000000e+00,0.000000000000e+00,1.000000000002e+00,-9.436880475498e-02,3.751797843696e-09,4.845615253452e-09,0.000000000000e+00,0.000000000000e+00,0.000000000000e+00,1.000000003956e+00,9.099521800016e-05,-3.445767735810e-05,-2.929411833541e-06,0.000000000000e+00,0.000000000000e+00
1.000000000000e-11,OK,,5.334353340913e-05,-1.759064493312e-05,-5.324508457590e-06,1.759064493312e-05,5.324508457590e-06,1.759064493312e-05,2.415185800000e-08,3.978055800000e-08,1.000000000000e-05,4,1,6.250000000000e-07,60,4.328884499846e+00,BORIS,L4/dt-1e-11/eps-1e-05/ranks-1,5.334353340913e-05,7.039644948487e-06,R34,4.109680000000e+00,-1.386365200923e+00,-1.278884758927e+00,0.000000000000e+00,0.000000000000e+00,0.000000000000e+00,-7.209473079958e-01,-1.386365223036e+00,0.000000000000e+00,0.000000000000e+00,0.000000000000e+00,0.000000000000e+00,0.000000000000e+00,3.851325615010e+00,1.040670981445e+01,0.000000000000e+00,0.000000000000e+00,0.000000000000e+00,0.000000000000e+00,1.329210510645e+00,3.851325374517e+00,0.000000000000e+00,0.000000000000e+00,5.260391884023e-06,1.760267295739e-05,0.000000000000e+00,0.000000000000e+00,9.999999999454e-01,-9.436917595890e-02,4.496805246081e-10,-3.500487437652e-10,0.000000000000e+00,0.000000000000e+00,0.000000000000e+00,9.999999990926e-01,6.355176300010e-05,-8.012668803885e-06,-8.828287001330e-07,0.000000000000e+00,0.000000000000e+00
1.000000000000e-11,OK,,5.346665340866e-05,-1.746812949809e-05,-5.318455707068e-06,1.746812949809e-05,5.318455707068e-06,1.746812949809e-05,6.352403000000e-10,3.948786200000e-07,3.000000000000e-05,4,1,1.875000000000e-06,60,4.449235917069e+00,BORIS,L4/dt-1e-11/eps-3e-05/ranks-1,5.346665340866e-05,7.032593461041e-06,R34,4.193880000000e+00,-1.386365168428e+00,-1.278884370042e+00,0.000000000000e+00,0.000000000000e+00,0.000000000000e+00,-7.209472709799e-01,-1.386365029047e+00,0.000000000000e+00,0.000000000000e+00,0.000000000000e+00,0.000000000000e+00,0.000000000000e+00,3.851325554869e+00,1.040670969133e+01,0.000000000000e+00,0.000000000000e+00,0.000000000000e+00,0.000000000000e+00,1.329210479902e+00,3.851325311574e+00,0.000000000000e+00,0.000000000000e+00,4.825423841489e-06,1.779048309519e-05,0.000000000000e+00,0.000000000000e+00,1.000000000001e+00,-9.436881557812e-02,-2.534480251135e-10,-1.466139410427e-09,0.000000000000e+00,0.000000000000e+00,0.000000000000e+00,1.000000000544e+00,5.346989000010e-05,-1.248808133990e-05,-5.228402300540e-06,0.000000000000e+00,0.000000000000e+00
1.000000000000e-11,OK,,5.301866340979e-05,-1.744295801568e-05,-5.268202641582e-06,1.744295801568e-05,5.268202641582e-06,1.744295801568e-05,2.583708300000e-08,2.247110400000e-05,1.000000000000e-04,4,1,6.250000000000e-06,60,4.513218082953e+00,BORIS,L4/dt-1e-11/eps-0.0001/ranks-1,5.301866340979e-05,7.571595257857e-06,R34,4.295440000000e+00,-1.386365162988e+00,-1.278884317961e+00,0.000000000000e+00,0.000000000000e+00,0.000000000000e+00,-7.209472787346e-01,-1.386365021119e+00,0.000000000000e+00,0.000000000000e+00,0.000000000000e+00,0.000000000000e+00,0.000000000000e+00,3.851325773698e+00,1.040671013932e+01,0.000000000000e+00,0.000000000000e+00,0.000000000000e+00,0.000000000000e+00,1.329210591760e+00,3.851325540575e+00,0.000000000000e+00,0.000000000000e+00,-1.719928832045e-05,3.052505799082e-05,0.000000000000e+00,0.000000000000e+00,9.999999999960e-01,-9.435658285493e-02,-1.593653422660e-10,1.918326265690e-10,0.000000000000e+00,0.000000000000e+00,0.000000000000e+00,9.999999997943e-01,5.302203000035e-05,-1.993157542060e-05,-5.274331010006e-06,0.000000000000e+00,0.000000000000e+00
1.000000000000e-11,OK,,5.297225340861e-05,-1.744991699419e-05,-5.267159983344e-06,1.744991699419e-05,5.267159983344e-06,1.744991699419e-05,2.990282700000e-08,7.499647900000e-06,3.000000000000e-04,4,1,1.875000000000e-05,60,4.440345417010e+00,BORIS,L4/dt-1e-11/eps-0.0003/ranks-1,5.297225340861e-05,7.096944352051e-06,R34,4.219010000000e+00,-1.386365172712e+00,-1.278884337517e+00,0.000000000000e+00,0.000000000000e+00,0.000000000000e+00,-7.209472756635e-01,-1.386365018352e+00,0.000000000000e+00,0.000000000000e+00,0.000000000000e+00,0.000000000000e+00,0.000000000000e+00,3.851325796373e+00,1.040671018573e+01,0.000000000000e+00,0.000000000000e+00,0.000000000000e+00,0.000000000000e+00,1.329210603355e+00,3.851325564307e+00,0.000000000000e+00,0.000000000000e+00,-2.221379681794e-06,2.180559326606e-05,0.000000000000e+00,0.000000000000e+00,9.999999999975e-01,-9.436496032867e-02,-5.573751521725e-11,-4.491641590509e-11,0.000000000000e+00,0.000000000000e+00,0.000000000000e+00,9.999999998822e-01,5.297545999916e-05,-1.704869594487e-05,-5.279085712500e-06,0.000000000000e+00,0.000000000000e+00
1.000000000000e-11,OK,,5.332501340938e-05,-1.745076395413e-05,-5.269110086312e-06,1.745076395413e-05,5.269110086312e-06,1.745076395413e-05,1.933177600000e-08,2.248639700000e-06,1.000000000000e-03,4,1,6.250000000000e-05,60,4.414992917096e+00,BORIS,L4/dt-1e-11/eps-0.001/ranks-1,5.332501340938e-05,7.037569120201e-06,R34,4.195570000000e+00,-1.386365171554e+00,-1.278884333109e+00,0.000000000000e+00,0.000000000000e+00,0.000000000000e+00,-7.209472767543e-01,-1.386365018922e+00,0.000000000000e+00,0.000000000000e+00,0.000000000000e+00,0.000000000000e+00,0.000000000000e+00,3.851325615068e+00,1.040670983297e+01,0.000000000000e+00,0.000000000000e+00,0.000000000000e+00,0.000000000000e+00,1.329210510674e+00,3.851325385931e+00,0.000000000000e+00,0.000000000000e+00,3.027528975078e-06,1.875918201275e-05,0.000000000000e+00,0.000000000000e+00,9.999999999991e-01,-9.436788629338e-02,1.485137630243e-11,3.586192381554e-11,0.000000000000e+00,0.000000000000e+00,0.000000000000e+00,9.999999999996e-01,5.332827000082e-05,-1.758145703270e-05,-5.242635096385e-06,0.000000000000e+00,0.000000000000e+00
1.000000000000e-11,OK,,5.334293340908e-05,-1.745072741287e-05,-5.269614305591e-06,1.745072741287e-05,5.269614305591e-06,1.745072741287e-05,6.500406900000e-10,7.492096100000e-07,3.000000000000e-03,4,1,1.875000000000e-04,60,4.307812915882e+00,BORIS,L4/dt-1e-11/eps-0.003/ranks-1,5.334293340908e-05,7.021725348851e-06,R34,4.081470000000e+00,-1.386365171625e+00,-1.278884333722e+00,0.000000000000e+00,0.000000000000e+00,0.000000000000e+00,-7.209472764899e-01,-1.386365018892e+00,0.000000000000e+00,0.000000000000e+00,0.000000000000e+00,0.000000000000e+00,0.000000000000e+00,3.851325615009e+00,1.040670981505e+01,0.000000000000e+00,0.000000000000e+00,0.000000000000e+00,0.000000000000e+00,1.329210510644e+00,3.851325374886e+00,0.000000000000e+00,0.000000000000e+00,4.526235163417e-06,1.788988612304e-05,0.000000000000e+00,0.000000000000e+00,9.999999999999e-01,-9.436872237984e-02,-1.242811722344e-12,-5.809538084967e-12,0.000000000000e+00,0.000000000000e+00,0.000000000000e+00,1.000000000003e+00,5.334615000052e-05,-1.742513742103e-05,-5.269346054815e-06,0.000000000000e+00,0.000000000000e+00
1.000000000000e-11,OK,,5.331692340960e-05,-1.745080246828e-05,-5.269612869538e-06,1.745080246828e-05,5.269612869538e-06,1.745080246828e-05,1.852935600000e-08,2.252100500000e-07,1.000000000000e-02,4,1,6.250000000000e-04,60,4.305055249948e+00,BORIS,L4/dt-1e-11/eps-0.01/ranks-1,5.331692340960e-05,7.014682857793e-06,R34,4.083390000000e+00,-1.386365171462e+00,-1.278884333387e+00,0.000000000000e+00,0.000000000000e+00,0.000000000000e+00,-7.209472764979e-01,-1.386365018797e+00,0.000000000000e+00,0.000000000000e+00,0.000000000000e+00,0.000000000000e+00,0.000000000000e+00,3.851325619020e+00,1.040670984106e+01,0.000000000000e+00,0.000000000000e+00,0.000000000000e+00,0.000000000000e+00,1.329210512695e+00,3.851325390068e+00,0.000000000000e+00,0.000000000000e+00,5.050290825282e-06,1.758443326442e-05,0.000000000000e+00,0.000000000000e+00,9.999999999999e-01,-9.436901553982e-02,-1.220364183612e-12,-1.671375005502e-12,0.000000000000e+00,0.000000000000e+00,0.000000000000e+00,9.999999999993e-01,5.332019000015e-05,-1.744926015200e-05,-5.269752835081e-06,0.000000000000e+00,0.000000000000e+00
1.000000000000e-11,OK,,5.306901340951e-05,-1.745070546284e-05,-5.269642998972e-06,1.745070546284e-05,5.269642998972e-06,1.745070546284e-05,7.383229600000e-10,6.431170100000e-08,3.000000000000e-02,4,1,1.875000000000e-03,60,4.866890334059e+00,BORIS,L4/dt-1e-11/eps-0.03/ranks-1,5.306901340951e-05,6.993605227360e-06,R34,4.618140000000e+00,-1.386365171374e+00,-1.278884333182e+00,0.000000000000e+00,0.000000000000e+00,0.000000000000e+00,-7.209472765090e-01,-1.386365018806e+00,0.000000000000e+00,0.000000000000e+00,0.000000000000e+00,0.000000000000e+00,0.000000000000e+00,3.851325740126e+00,1.040671008897e+01,0.000000000000e+00,0.000000000000e+00,0.000000000000e+00,0.000000000000e+00,1.329210574602e+00,3.851325516795e+00,0.000000000000e+00,0.000000000000e+00,5.211077375537e-06,1.750309511039e-05,0.000000000000e+00,0.000000000000e+00,9.999999999999e-01,-9.436909373128e-02,-2.019592320392e-13,-2.909363357981e-14,0.000000000000e+00,0.000000000000e+00,0.000000000000e+00,9.999999999997e-01,5.307225000095e-05,-1.744228417680e-05,-5.268099285877e-06,0.000000000000e+00,0.000000000000e+00
1.000000000000e-11,OK,,5.309601340997e-05,-1.745085857989e-05,-5.269622197814e-06,1.745085857989e-05,5.269622197814e-06,1.745085857989e-05,1.930850500000e-08,1.923793800000e-08,1.000000000000e-01,4,1,6.250000000000e-03,60,4.805249915924e+00,BORIS,L4/dt-1e-11/eps-0.1/ranks-1,5.309601340997e-05,6.995066080728e-06,R34,4.557050000000e+00,-1.386365171643e+00,-1.278884333640e+00,0.000000000000e+00,0.000000000000e+00,0.000000000000e+00,-7.209472764663e-01,-1.386365018752e+00,0.000000000000e+00,0.000000000000e+00,0.000000000000e+00,0.000000000000e+00,0.000000000000e+00,3.851325735914e+00,1.040671006197e+01,0.000000000000e+00,0.000000000000e+00,0.000000000000e+00,0.000000000000e+00,1.329210572449e+00,3.851325501043e+00,0.000000000000e+00,0.000000000000e+00,5.263349840797e-06,1.747232597888e-05,0.000000000000e+00,0.000000000000e+00,1.000000000000e+00,-9.436912341755e-02,9.749534282546e-14,1.767218824438e-13,0.000000000000e+00,0.000000000000e+00,0.000000000000e+00,1.000000000001e+00,5.309937000142e-05,-1.744375471771e-05,-5.267501829088e-06,0.000000000000e+00,0.000000000000e+00
3.000000000000e-11,OK,,4.570180134085e-04,-1.519581303667e-04,-4.587174774132e-05,1.519581303667e-04,4.587174774132e-05,1.519581303667e-04,1.919491600000e-07,7.229017200000e-07,1.000000000000e-06,4,1,6.250000000000e-08,60,4.122720583109e+00,BORIS,L4/dt-3e-11/eps-1e-06/ranks-1,4.570180134085e-04,6.048133820122e-05,R34,3.903700000000e+00,-1.386464161302e+00,-1.279208041064e+00,0.000000000000e+00,0.000000000000e+00,0.000000000000e+00,-7.209790341177e-01,-1.386463529741e+00,0.000000000000e+00,0.000000000000e+00,0.000000000000e+00,0.000000000000e+00,0.000000000000e+00,3.851125533086e+00,1.040630613997e+01,0.000000000000e+00,0.000000000000e+00,0.000000000000e+00,0.000000000000e+00,1.329112877443e+00,3.851122319750e+00,0.000000000000e+00,0.000000000000e+00,4.523506477317e-05,1.516335731221e-04,0.000000000000e+00,0.000000000000e+00,1.000000001125e+00,-9.430619094152e-02,1.193697152576e-08,4.677688661469e-09,0.000000000000e+00,0.000000000000e+00,0.000000000000e+00,9.999999904993e-01,4.570212699999e-04,-1.051830137525e-04,-6.113188705941e-05,0.000000000000e+00,0.000000000000e+00
3.000000000000e-11,OK,,4.568949034098e-04,-1.518309036612e-04,-4.593971843128e-05,1.518309036612e-04,4.593971843128e-05,1.518309036612e-04,5.199381900000e-08,7.131660100000e-08,3.000000000000e-06,4,1,1.875000000000e-07,60,4.141423624940e+00,BORIS,L4/dt-3e-11/eps-3e-06/ranks-1,4.568949034098e-04,6.046602889445e-05,R34,3.921020000000e+00,-1.386464214239e+00,-1.279207828955e+00,0.000000000000e+00,0.000000000000e+00,0.000000000000e+00,-7.209792566324e-01,-1.386463678490e+00,0.000000000000e+00,0.000000000000e+00,0.000000000000e+00,0.000000000000e+00,0.000000000000e+00,3.851125593226e+00,1.040630626308e+01,0.000000000000e+00,0.000000000000e+00,0.000000000000e+00,0.000000000000e+00,1.329112908186e+00,3.851122382681e+00,0.000000000000e+00,0.000000000000e+00,4.570223466784e-05,1.517769370223e-04,0.000000000000e+00,0.000000000000e+00,1.000000000002e+00,-9.430659727796e-02,-4.183395506329e-09,-1.094896046403e-08,0.000000000000e+00,0.000000000000e+00,0.000000000000e+00,9.999999932449e-01,4.568981700004e-04,-1.686943626161e-04,-4.330230338646e-05,0.000000000000e+00,0.000000000000e+00
3.000000000000e-11,OK,,4.572925434090e-04,-1.519128737767e-04,-4.608430550641e-05,1.519128737767e-04,4.608430550641e-05,1.519128737767e-04,1.041637700000e-08,2.973152500000e-08,1.000000000000e-05,4,1,6.250000000000e-07,60,4.137440791121e+00,BORIS,L4/dt-3e-11/eps-1e-05/ranks-1,4.572925434090e-04,6.050161607988e-05,R34,3.919050000000e+00,-1.386464174013e+00,-1.279207938804e+00,0.000000000000e+00,0.000000000000e+00,0.000000000000e+00,-7.209792391727e-01,-1.386463793608e+00,0.000000000000e+00,0.000000000000e+00,0.000000000000e+00,0.000000000000e+00,0.000000000000e+00,3.851125407970e+00,1.040630586544e+01,0.000000000000e+00,0.000000000000e+00,0.000000000000e+00,0.000000000000e+00,1.329112813486e+00,3.851122177463e+00,0.000000000000e+00,0.000000000000e+00,4.560207413126e-05,1.516634342382e-04,0.000000000000e+00,0.000000000000e+00,1.000000000114e+00,-9.430671809223e-02,-1.695929746336e-10,-2.590217174765e-09,0.000000000000e+00,0.000000000000e+00,0.000000000000e+00,9.999999983526e-01,4.572958000004e-04,-1.423348976475e-04,-4.164262574895e-05,0.000000000000e+00,0.000000000000e+00
3.000000000000e-11,OK,,4.574076934087e-04,-1.520568470942e-04,-4.610765266299e-05,1.520568470942e-04,4.610765266299e-05,1.520568470942e-04,6.361359200000e-09,8.556442200000e-08,3.000000000000e-05,4,1,1.875000000000e-06,60,4.141358375084e+00,BORIS,L4/dt-3e-11/eps-3e-05/ranks-1,4.574076934087e-04,6.052902461874e-05,R34,3.921460000000e+00,-1.386464270031e+00,-1.279208195401e+00,0.000000000000e+00,0.000000000000e+00,0.000000000000e+00,-7.209792802648e-01,-1.386463849382e+00,0.000000000000e+00,0.000000000000e+00,0.000000000000e+00,0.000000000000e+00,0.000000000000e+00,3.851125351721e+00,1.040630575029e+01,0.000000000000e+00,0.000000000000e+00,0.000000000000e+00,0.000000000000e+00,1.329112784733e+00,3.851122118599e+00,0.000000000000e+00,0.000000000000e+00,4.578874946320e-05,1.517757744372e-04,0.000000000000e+00,0.000000000000e+00,1.000000000002e+00,-9.430668864720e-02,4.045448238312e-10,5.520829002615e-10,0.000000000000e+00,0.000000000000e+00,0.000000000000e+00,9.999999998460e-01,4.574109300002e-04,-1.470767989360e-04,-4.601759925646e-05,0.000000000000e+00,0.000000000000e+00
3.000000000000e-11,OK,,4.568851534099e-04,-1.548220322930e-04,-4.686518024155e-05,1.548220322930e-04,4.686518024155e-05,1.548220322930e-04,1.350880800000e-08,1.161388000000e-04,1.000000000000e-04,4,1,6.250000000000e-06,60,4.196531584021e+00,BORIS,L4/dt-3e-11/eps-0.0001/ranks-1,4.568851534099e-04,6.109441145475e-05,R34,3.973820000000e+00,-1.386466493859e+00,-1.279214927256e+00,0.000000000000e+00,0.000000000000e+00,0.000000000000e+00,-7.209798793695e-01,-1.386465680155e+00,0.000000000000e+00,0.000000000000e+00,0.000000000000e+00,0.000000000000e+00,0.000000000000e+00,3.851125593226e+00,1.040630627283e+01,0.000000000000e+00,0.000000000000e+00,0.000000000000e+00,0.000000000000e+00,1.329112908186e+00,3.851122388695e+00,0.000000000000e+00,0.000000000000e+00,1.627853648093e-04,8.724070301629e-05,0.000000000000e+00,0.000000000000e+00,1.000000000013e+00,-9.437030898759e-02,6.926963293530e-11,9.167664051003e-11,0.000000000000e+00,0.000000000000e+00,0.000000000000e+00,1.000000000000e+00,4.568885200005e-04,-1.573106496979e-04,-4.687130860997e-05,0.000000000000e+00,0.000000000000e+00
3.000000000000e-11,OK,,4.570456834099e-04,-1.548758618734e-04,-4.688800981487e-05,1.548758618734e-04,4.688800981487e-05,1.548758618734e-04,3.721004500000e-09,2.023238600000e-04,3.000000000000e-04,4,1,1.875000000000e-05,60,4.166267791996e+00,BORIS,L4/dt-3e-11/eps-0.0003/ranks-1,4.570456834099e-04,6.633851578164e-05,R34,3.945580000000e+00,-1.386466561866e+00,-1.279215074902e+00,0.000000000000e+00,0.000000000000e+00,0.000000000000e+00,-7.209799040000e-01,-1.386465740021e+00,0.000000000000e+00,0.000000000000e+00,0.000000000000e+00,0.000000000000e+00,0.000000000000e+00,3.851125533027e+00,1.040630611230e+01,0.000000000000e+00,0.000000000000e+00,0.000000000000e+00,0.000000000000e+00,1.329112877413e+00,3.851122302684e+00,0.000000000000e+00,0.000000000000e+00,-1.556701369893e-04,2.722775314276e-04,0.000000000000e+00,0.000000000000e+00,1.000000000002e+00,-9.419246102048e-02,-8.662282164126e-12,-4.162794690065e-11,0.000000000000e+00,0.000000000000e+00,0.000000000000e+00,9.999999999521e-01,4.570488900004e-04,-1.544746408241e-04,-4.689993554403e-05,0.000000000000e+00,0.000000000000e+00
3.000000000000e-11,OK,,4.569223134094e-04,-1.548789962877e-04,-4.688838623653e-05,1.548789962877e-04,4.688838623653e-05,1.548789962877e-04,2.540236300000e-08,6.069405800000e-05,1.000000000000e-03,4,1,6.250000000000e-05,60,4.105985958129e+00,BORIS,L4/dt-3e-11/eps-0.001/ranks-1,4.569223134094e-04,6.183870916402e-05,R34,3.883210000000e+00,-1.386466551627e+00,-1.279215076222e+00,0.000000000000e+00,0.000000000000e+00,0.000000000000e+00,-7.209799008139e-01,-1.386465739239e+00,0.000000000000e+00,0.000000000000e+00,0.000000000000e+00,0.000000000000e+00,0.000000000000e+00,3.851125593285e+00,1.040630623567e+01,0.000000000000e+00,0.000000000000e+00,0.000000000000e+00,0.000000000000e+00,1.329112908216e+00,3.851122365749e+00,0.000000000000e+00,0.000000000000e+00,-1.403859346149e-05,1.900135467615e-04,0.000000000000e+00,0.000000000000e+00,1.000000000000e+00,-9.427154374035e-02,1.516681601643e-12,-3.390140563827e-12,0.000000000000e+00,0.000000000000e+00,0.000000000000e+00,1.000000000012e+00,4.569255700009e-04,-1.550096893663e-04,-4.686191124660e-05,0.000000000000e+00,0.000000000000e+00
3.000000000000e-11,OK,,4.572843334092e-04,-1.548797000480e-04,-4.688830688165e-05,1.548797000480e-04,4.688830688165e-05,1.548797000480e-04,1.286563300000e-08,2.022713400000e-05,3.000000000000e-03,4,1,1.875000000000e-04,60,4.127668334171e+00,BORIS,L4/dt-3e-11/eps-0.003/ranks-1,4.572843334092e-04,6.119918019818e-05,R34,3.907770000000e+00,-1.386466551961e+00,-1.279215076606e+00,0.000000000000e+00,0.000000000000e+00,0.000000000000e+00,-7.209799008501e-01,-1.386465739017e+00,0.000000000000e+00,0.000000000000e+00,0.000000000000e+00,0.000000000000e+00,0.000000000000e+00,3.851125411979e+00,1.040630587365e+01,0.000000000000e+00,0.000000000000e+00,0.000000000000e+00,0.000000000000e+00,1.329112815536e+00,3.851122181659e+00,0.000000000000e+00,0.000000000000e+00,2.642894738668e-05,1.665096368882e-04,0.000000000000e+00,0.000000000000e+00,1.000000000000e+00,-9.429413932894e-02,3.051024087257e-12,5.045574327523e-12,0.000000000000e+00,0.000000000000e+00,0.000000000000e+00,1.000000000004e+00,4.572875500006e-04,-1.548541100562e-04,-4.688803863087e-05,0.000000000000e+00,0.000000000000e+00
3.000000000000e-11,OK,,4.572844534092e-04,-1.548777343608e-04,-4.688795779423e-05,1.548777343608e-04,4.688795779423e-05,1.548777343608e-04,1.265822400000e-08,6.063002100000e-06,1.000000000000e-02,4,1,6.250000000000e-04,60,4.136712540872e+00,BORIS,L4/dt-3e-11/eps-0.01/ranks-1,4.572844534092e-04,6.103436456203e-05,R34,3.913110000000e+00,-1.386466550430e+00,-1.279215075102e+00,0.000000000000e+00,0.000000000000e+00,0.000000000000e+00,-7.209799006874e-01,-1.386465739463e+00,0.000000000000e+00,0.000000000000e+00,0.000000000000e+00,0.000000000000e+00,0.000000000000e+00,3.851125411922e+00,1.040630587353e+01,0.000000000000e+00,0.000000000000e+00,0.000000000000e+00,0.000000000000e+00,1.329112815507e+00,3.851122181599e+00,0.000000000000e+00,0.000000000000e+00,4.059214630672e-05,1.582828751804e-04,0.000000000000e+00,0.000000000000e+00,1.000000000000e+00,-9.430204799581e-02,-4.616695442458e-14,1.340998165734e-12,0.000000000000e+00,0.000000000000e+00,0.000000000000e+00,1.000000000001e+00,4.572877199998e-04,-1.548761920445e-04,-4.688809775977e-05,0.000000000000e+00,0.000000000000e+00
3.000000000000e-11,OK,,4.572928634090e-04,-1.548780889998e-04,-4.688778049541e-05,1.548780889998e-04,4.688778049541e-05,1.548780889998e-04,3.609510500000e-09,2.017495100000e-06,3.000000000000e-02,4,1,1.875000000000e-03,60,4.873327207984e+00,BORIS,L4/dt-3e-11/eps-0.03/ranks-1,4.572928634090e-04,6.099449553093e-05,R34,4.620870000000e+00,-1.386466550571e+00,-1.279215075335e+00,0.000000000000e+00,0.000000000000e+00,0.000000000000e+00,-7.209799004684e-01,-1.386465739199e+00,0.000000000000e+00,0.000000000000e+00,0.000000000000e+00,0.000000000000e+00,0.000000000000e+00,3.851125411997e+00,1.040630586512e+01,0.000000000000e+00,0.000000000000e+00,0.000000000000e+00,0.000000000000e+00,1.329112815545e+00,3.851122176389e+00,0.000000000000e+00,0.000000000000e+00,4.463815482454e-05,1.559305836997e-04,0.000000000000e+00,0.000000000000e+00,1.000000000000e+00,-9.430430829678e-02,8.432101491924e-15,-3.643063144248e-13,0.000000000000e+00,0.000000000000e+00,0.000000000000e+00,1.000000000000e+00,4.572961000004e-04,-1.548696677138e-04,-4.688623678232e-05,0.000000000000e+00,0.000000000000e+00
3.000000000000e-11,OK,,4.569201034084e-04,-1.548791106488e-04,-4.688775055864e-05,1.548791106488e-04,4.688775055864e-05,1.548791106488e-04,1.487721200000e-08,5.650314200000e-07,1.000000000000e-01,4,1,6.250000000000e-03,60,4.825143208960e+00,BORIS,L4/dt-3e-11/eps-0.1/ranks-1,4.569201034084e-04,6.095233777203e-05,R34,4.565510000000e+00,-1.386466552838e+00,-1.279215076859e+00,0.000000000000e+00,0.000000000000e+00,0.000000000000e+00,-7.209799008266e-01,-1.386465738678e+00,0.000000000000e+00,0.000000000000e+00,0.000000000000e+00,0.000000000000e+00,0.000000000000e+00,3.851125589905e+00,1.040630623788e+01,0.000000000000e+00,0.000000000000e+00,0.000000000000e+00,0.000000000000e+00,1.329112906487e+00,3.851122367845e+00,0.000000000000e+00,0.000000000000e+00,4.609139654573e-05,1.551219322329e-04,0.000000000000e+00,0.000000000000e+00,1.000000000000e+00,-9.430508180472e-02,-1.842993653890e-13,-1.246438528467e-13,0.000000000000e+00,0.000000000000e+00,0.000000000000e+00,9.999999999998e-01,4.569234599998e-04,-1.548720067866e-04,-4.688563018991e-05,0.000000000000e+00,0.000000000000e+00
1.000000000000e-10,INVALID,time step too long for QACH field extent,,,,,,,,,1.000000000000e-06,4,1,6.250000000000e-08,60,2.226190420333e-01,BORIS,L4/dt-1e-10/eps-1e-06/ranks-1,,,,,,,,,,,,,,,,,,,,,,,,,,,,,,,,,,,,,,,,,,,
1.000000000000e-10,INVALID,time step too long for QACH field extent,,,,,,,,,3.000000000000e-06,4,1,1.875000000000e-07,60,2.203734999057e-01,BORIS,L4/dt-1e-10/eps-3e-06/ranks-1,,,,,,,,,,,,,,,,,,,,,,,,,,,,,,,,,,,,,,,,,,,
1.000000000000e-10,INVALID,time step too long for QACH field extent,,,,,,,,,1.000000000000e-05,4,1,6.250000000000e-07,60,2.205762499943e-01,BORIS,L4/dt-1e-10/eps-1e-05/ranks-1,,,,,,,,,,,,,,,,,,,,,,,,,,,,,,,,,,,,,,,,,,,
1.000000000000e-10,INVALID,time step too long for QACH field extent,,,,,,,,,3.000000000000e-05,4,1,1.875000000000e-06,60,2.202590419911e-01,BORIS,L4/dt-1e-10/eps-3e-05/ranks-1,,,,,,,,,,,,,,,,,,,,,,,,,,,,,,,,,,,,,,,,,,,
1.000000000000e-10,INVALID,time step too long for QACH field extent,,,,,,,,,1.000000000000e-04,4,1,6.250000000000e-06,60,2.206842920277e-01,BORIS,L4/dt-1e-10/eps-0.0001/ranks-1,,,,,,,,,,,,,,,,,,,,,,,,,,,,,,,,,,,,,,,,,,,
1.000000000000e-10,INVALID,time step too long for QACH field extent,,,,,,,,,3.000000000000e-04,4,1,1.875000000000e-05,60,2.225637079682e-01,BORIS,L4/dt-1e-10/eps-0.0003/ranks-1,,,,,,,,,,,,,,,,,,,,,,,,,,,,,,,,,,,,,,,,,,,
1.000000000000e-10,INVALID,time step too long for QACH field extent,,,,,,,,,1.000000000000e-03,4,1,6.250000000000e-05,60,2.226358330809e-01,BORIS,L4/dt-1e-10/eps-0.001/ranks-1,,,,,,,,,,,,,,,,,,,,,,,,,,,,,,,,,,,,,,,,,,,
1.000000000000e-10,INVALID,time step too long for QACH field extent,,,,,,,,,3.000000000000e-03,4,1,1.875000000000e-04,60,2.226533750072e-01,BORIS,L4/dt-1e-10/eps-0.003/ranks-1,,,,,,,,,,,,,,,,,,,,,,,,,,,,,,,,,,,,,,,,,,,
1.000000000000e-10,INVALID,time step too long for QACH field extent,,,,,,,,,1.000000000000e-02,4,1,6.250000000000e-04,60,2.225292921066e-01,BORIS,L4/dt-1e-10/eps-0.01/ranks-1,,,,,,,,,,,,,,,,,,,,,,,,,,,,,,,,,,,,,,,,,,,
1.000000000000e-10,INVALID,time step too long for QACH field extent,,,,,,,,,3.000000000000e-02,4,1,1.875000000000e-03,60,2.395022918936e-01,BORIS,L4/dt-1e-10/eps-0.03/ranks-1,,,,,,,,,,,,,,,,,,,,,,,,,,,,,,,,,,,,,,,,,,,
1.000000000000e-10,INVALID,time step too long for QACH field extent,,,,,,,,,1.000000000000e-01,4,1,6.250000000000e-03,60,2.403580830432e-01,BORIS,L4/dt-1e-10/eps-0.1/ranks-1,,,,,,,,,,,,,,,,,,,,,,,,,,,,,,,,,,,,,,,,,,,
3.000000000000e-13,OK,,6.165532526751e-08,-1.594706350553e-08,-2.065981430606e-08,1.594706350553e-08,2.065981430606e-08,2.065981430606e-08,1.113417700000e-09,6.597095900000e-08,1.000000000000e-04,0,2,1.000000000000e-04,12,5.182134042028e+00,BORIS,L0/dt-3e-13/eps-0.0001/ranks-2,6.165532526751e-08,8.841175102548e-09,R52,4.938430000000e+00,-1.386352271084e+00,-1.278842380689e+00,0.000000000000e+00,0.000000000000e+00,0.000000000000e+00,-7.209431316972e-01,-1.386352278025e+00,0.000000000000e+00,0.000000000000e+00,0.000000000000e+00,0.000000000000e+00,0.000000000000e+00,3.851352103508e+00,1.040676317216e+01,0.000000000000e+00,0.000000000000e+00,0.000000000000e+00,0.000000000000e+00,1.329223390679e+00,3.851352104811e+00,0.000000000000e+00,0.000000000000e+00,2.703820181483e-08,6.165532560058e-08,0.000000000000e+00,0.000000000000e+00,9.999999999989e-01,-9.437719534122e-02,2.290725228632e-12,3.427951991551e-11,0.000000000000e+00,0.000000000000e+00,0.000000000000e+00,1.000000000075e+00,0.000000000000e+00,0.000000000000e+00,0.000000000000e+00,0.000000000000e+00,0.000000000000e+00
3.000000000000e-12,OK,,7.121815484457e-06,-3.004058664807e-06,-8.427249115620e-07,3.004058664807e-06,8.427249115620e-07,3.004058664807e-06,1.764976300000e-07,2.295741000000e-07,1.000000000000e-03,0,2,1.000000000000e-03,12,1.351172708906e+00,BORIS,L0/dt-3e-12/eps-0.001/ranks-2,7.121815484457e-06,7.418032138249e-07,R12,1.050510000000e+00,-1.386354346398e+00,-1.278849441195e+00,0.000000000000e+00,0.000000000000e+00,0.000000000000e+00,-7.209436970440e-01,-1.386354231526e+00,0.000000000000e+00,0.000000000000e+00,0.000000000000e+00,0.000000000000e+00,0.000000000000e+00,3.851352179172e+00,1.040676375830e+01,0.000000000000e+00,0.000000000000e+00,0.000000000000e+00,0.000000000000e+00,1.329223419944e+00,3.851352324164e+00,0.000000000000e+00,0.000000000000e+00,8.644871770975e-07,3.019353111681e-06,0.000000000000e+00,0.000000000000e+00,1.000000000000e+00,-9.437583593029e-02,-1.046699409585e-12,-2.662380687774e-12,0.000000000000e+00,0.000000000000e+00,0.000000000000e+00,9.999999999993e-01,0.000000000000e+00,0.000000000000e+00,0.000000000000e+00,0.000000000000e+00,0.000000000000e+00
1.000000000000e-13,OK,,7.478656759042e-09,-7.478657092109e-09,7.614869324729e-10,7.478657092109e-09,7.614869324729e-10,7.478657092109e-09,1.370226200000e-10,7.254840900000e-09,3.000000000000e-03,1,2,1.500000000000e-03,24,2.775620337506e+01,BORIS,L1/dt-1e-13/eps-0.003/ranks-2,7.478656759042e-09,9.865179122533e-10,R16,2.750730000000e+01,-1.386352258696e+00,-1.278842323723e+00,0.000000000000e+00,0.000000000000e+00,0.000000000000e+00,-7.209431241822e-01,-1.386352254990e+00,0.000000000000e+00,0.000000000000e+00,0.000000000000e+00,0.000000000000e+00,0.000000000000e+00,3.851352100199e+00,1.040676316113e+01,0.000000000000e+00,0.000000000000e+00,0.000000000000e+00,0.000000000000e+00,1.329223389126e+00,3.851352099983e+00,0.000000000000e+00,0.000000000000e+00,5.091538236957e-09,4.086406121979e-09,0.000000000000e+00,0.000000000000e+00,1.000000000004e+00,-9.437723465194e-02,6.396655705795e-12,6.652189282497e-12,0.000000000000e+00,0.000000000000e+00,0.000000000000e+00,1.000000000005e+00,0.000000000000e+00,0.000000000000e+00,0.000000000000e+00,0.000000000000e+00,0.000000000000e+00
3.000000000000e-12,OK,,4.791623409162e-06,-1.591462798420e-06,-4.809194873280e-07,1.591462798420e-06,4.809194873280e-07,1.591462798420e-06,1.082436400000e-10,6.718165100000e-09,1.000000000000e-03,1,2,5.000000000000e-04,24,2.253726916853e+00,BORIS,L1/dt-3e-12/eps-0.001/ranks-2,4.791623409162e-06,6.335906366469e-07,R34,2.009340000000e+00,-1.386353430022e+00,-1.278846144131e+00,0.000000000000e+00,0.000000000000e+00,0.000000000000e+00,-7.209435004343e-01,-1.386353417643e+00,0.000000000000e+00,0.000000000000e+00,0.000000000000e+00,0.000000000000e+00,0.000000000000e+00,3.851349720950e+00,1.040675836636e+01,0.000000000000e+00,0.000000000000e+00,0.000000000000e+00,0.000000000000e+00,1.329222231587e+00,3.851349696610e+00,0.000000000000e+00,0.000000000000e+00,4.739123885145e-07,1.595488461922e-06,0.000000000000e+00,0.000000000000e+00,1.000000000000e+00,-9.437649216927e-02,-1.841263818101e-12,-2.215569230036e-12,0.000000000000e+00,0.000000000000e+00,0.000000000000e+00,1.000000000002e+00,0.000000000000e+00,0.000000000000e+00,0.000000000000e+00,0.000000000000e+00,0.000000000000e+00
1.000000000000e-13,OK,,3.051809117495e-08,5.346163153611e-09,1.773831237618e-10,5.346163153611e-09,1.773831237618e-10,5.346163153611e-09,1.682002300000e-10,3.770405200000e-08,3.000000000000e-03,2,2,7.500000000000e-04,36,3.939789774991e+01,BORIS,L2/dt-1e-13/eps-0.003/ranks-2,3.051809117495e-08,3.160555379075e-09,R52,3.914740000000e+01,-1.386352248486e+00,-1.278842318377e+00,0.000000000000e+00,0.000000000000e+00,0.000000000000e+00,-7.209431253176e-01,-1.386352263449e+00,0.000000000000e+00,0.000000000000e+00,0.000000000000e+00,0.000000000000e+00,0.000000000000e+00,3.851352100238e+00,1.040676316117e+01,0.000000000000e+00,0.000000000000e+00,0.000000000000e+00,0.000000000000e+00,1.329223389160e+00,3.851352100047e+00,0.000000000000e+00,0.000000000000e+00,1.412164443164e-08,3.051809150802e-08,0.000000000000e+00,0.000000000000e+00,1.000000000004e+00,-9.437722027821e-02,-1.499723061476e-12,1.208087425654e-11,0.000000000000e+00,0.000000000000e+00,0.000000000000e+00,1.000000000001e+00,0.000000000000e+00,0.000000000000e+00,0.000000000000e+00,0.000000000000e+00,0.000000000000e+00
1.000000000000e-13,OK,,1.646865914751e-07,-3.068007403831e-08,-3.637550653868e-09,3.068007403831e-08,3.637550653868e-09,3.068007403831e-08,3.460393200000e-09,6.696668700000e-09,1.000000000000e-01,2,2,2.500000000000e-02,36,3.902337104199e+01,BORIS,L2/dt-1e-13/eps-0.1/ranks-2,1.646865914751e-07,1.866235817943e-08,R34,3.877670000000e+01,-1.386352280977e+00,-1.278842397470e+00,0.000000000000e+00,0.000000000000e+00,0.000000000000e+00,-7.209431303931e-01,-1.386352279226e+00,0.000000000000e+00,0.000000000000e+00,0.000000000000e+00,0.000000000000e+00,0.000000000000e+00,3.851352179499e+00,1.040676332267e+01,0.000000000000e+00,0.000000000000e+00,0.000000000000e+00,0.000000000000e+00,1.329223427207e+00,3.851352177593e+00,0.000000000000e+00,0.000000000000e+00,1.235163021607e-08,3.540895230751e-08,0.000000000000e+00,0.000000000000e+00,1.000000000004e+00,-9.437721400747e-02,-2.614952823933e-13,-5.727522172702e-13,0.000000000000e+00,0.000000000000e+00,0.000000000000e+00,9.999999999997e-01,0.000000000000e+00,0.000000000000e+00,0.000000000000e+00,0.000000000000e+00,0.000000000000e+00
3.000000000000e-12,OK,,4.791733410059e-06,-1.591889357659e-06,-4.809058403636e-07,1.591889357659e-06,4.809058403636e-07,1.591889357659e-06,3.719280400000e-10,1.529559200000e-08,1.000000000000e-03,2,2,2.500000000000e-04,36,3.388562333072e+00,BORIS,L2/dt-3e-12/eps-0.001/ranks-2,4.791733410059e-06,6.336843509791e-07,R34,3.143990000000e+00,-1.386353429522e+00,-1.278846144244e+00,0.000000000000e+00,0.000000000000e+00,0.000000000000e+00,-7.209435000154e-01,-1.386353417553e+00,0.000000000000e+00,0.000000000000e+00,0.000000000000e+00,0.000000000000e+00,0.000000000000e+00,3.851349720951e+00,1.040675836625e+01,0.000000000000e+00,0.000000000000e+00,0.000000000000e+00,0.000000000000e+00,1.329222231587e+00,3.851349696544e+00,0.000000000000e+00,0.000000000000e+00,4.656616856967e-07,1.600482540991e-06,0.000000000000e+00,0.000000000000e+00,1.000000000000e+00,-9.437648715671e-02,-4.802629500340e-12,-3.442942616137e-12,0.000000000000e+00,0.000000000000e+00,0.000000000000e+00,9.999999999993e-01,0.000000000000e+00,0.000000000000e+00,0.000000000000e+00,0.000000000000e+00,0.000000000000e+00
1.000000000000e-13,OK,,3.141952846124e-08,3.141952812817e-08,5.997218999248e-10,3.141952812817e-08,5.997218999248e-10,3.141952812817e-08,3.581747100000e-10,2.836224400000e-08,3.000000000000e-03,3,2,3.750000000000e-04,48,5.220858245785e+01,BORIS,L3/dt-1e-13/eps-0.003/ranks-2,3.141952846124e-08,3.845345510928e-09,R16,5.193320000000e+01,-1.386352245774e+00,-1.278842302773e+00,0.000000000000e+00,0.000000000000e+00,0.000000000000e+00,-7.209431279330e-01,-1.386352260359e+00,0.000000000000e+00,0.000000000000e+00,0.000000000000e+00,0.000000000000e+00,0.000000000000e+00,3.851352100239e+00,1.040676316120e+01,0.000000000000e+00,0.000000000000e+00,0.000000000000e+00,0.000000000000e+00,1.329223389160e+00,3.851352100057e+00,0.000000000000e+00,0.000000000000e+00,-8.529555032934e-09,-1.442663488440e-08,0.000000000000e+00,0.000000000000e+00,1.000000000005e+00,-9.437725597465e-02,-3.322912791373e-11,-2.866851609288e-11,0.000000000000e+00,0.000000000000e+00,0.000000000000e+00,9.999999999477e-01,0.000000000000e+00,0.000000000000e+00,0.000000000000e+00,0.000000000000e+00,0.000000000000e+00
1.000000000000e-13,OK,,1.080848455182e-08,-8.019948440466e-09,-2.470232022780e-09,8.019948440466e-09,2.470232022780e-09,8.019948440466e-09,5.449978200000e-10,5.381568500000e-10,1.000000000000e-01,3,2,1.250000000000e-02,48,5.035404212493e+01,BORIS,L3/dt-1e-13/eps-0.1/ranks-2,1.080848455182e-08,1.479901911132e-09,R12,5.009810000000e+01,-1.386352258563e+00,-1.278842330188e+00,0.000000000000e+00,0.000000000000e+00,0.000000000000e+00,-7.209431237105e-01,-1.386352258545e+00,0.000000000000e+00,0.000000000000e+00,0.000000000000e+00,0.000000000000e+00,0.000000000000e+00,3.851352100248e+00,1.040676316123e+01,0.000000000000e+00,0.000000000000e+00,0.000000000000e+00,0.000000000000e+00,1.329223389150e+00,3.851352100030e+00,0.000000000000e+00,0.000000000000e+00,2.725218817410e-09,8.229287894243e-09,0.000000000000e+00,0.000000000000e+00,1.000000000004e+00,-9.437722871100e-02,8.392094557103e-14,-3.632003685341e-13,0.000000000000e+00,0.000000000000e+00,0.000000000000e+00,1.000000000001e+00,0.000000000000e+00,0.000000000000e+00,0.000000000000e+00,0.000000000000e+00,0.000000000000e+00
3.000000000000e-12,OK,,4.791693410056e-06,-1.593674452749e-06,-4.807131803534e-07,1.593674452749e-06,4.807131803534e-07,1.593674452749e-06,1.957345400000e-10,3.477272700000e-08,1.000000000000e-03,3,2,1.250000000000e-04,48,4.568083624821e+00,BORIS,L3/dt-3e-12/eps-0.001/ranks-2,4.791693410056e-06,6.339396101456e-07,R34,4.307800000000e+00,-1.386353433531e+00,-1.278846148430e+00,0.000000000000e+00,0.000000000000e+00,0.000000000000e+00,-7.209434993777e-01,-1.386353415209e+00,0.000000000000e+00,0.000000000000e+00,0.000000000000e+00,0.000000000000e+00,0.000000000000e+00,3.851349720950e+00,1.040675836629e+01,0.000000000000e+00,0.000000000000e+00,0.000000000000e+00,0.000000000000e+00,1.329222231587e+00,3.851349696565e+00,0.000000000000e+00,0.000000000000e+00,4.477378784269e-07,1.603671014147e-06,0.000000000000e+00,0.000000000000e+00,9.999999999997e-01,-9.437647824295e-02,2.785880050611e-12,1.035114806950e-11,0.000000000000e+00,0.000000000000e+00,0.000000000000e+00,1.000000000034e+00,0.000000000000e+00,0.000000000000e+00,0.000000000000e+00,0.000000000000e+00,0.000000000000e+00
1.000000000000e-13,OK,,6.474414319946e-08,-2.558999183801e-08,-2.682507755609e-10,2.558999183801e-08,2.682507755609e-10,2.558999183801e-08,1.613702500000e-10,3.543743300000e-08,3.000000000000e-03,4,2,1.875000000000e-04,60,6.888171566697e+01,BORIS,L4/dt-1e-13/eps-0.003/ranks-2,6.474414319946e-08,7.878419296364e-09,R56,6.859980000000e+01,-1.386352266312e+00,-1.278842377348e+00,0.000000000000e+00,0.000000000000e+00,0.000000000000e+00,-7.209431142663e-01,-1.386352266380e+00,0.000000000000e+00,0.000000000000e+00,0.000000000000e+00,0.000000000000e+00,0.000000000000e+00,3.851352100255e+00,1.040676316120e+01,0.000000000000e+00,0.000000000000e+00,0.000000000000e+00,0.000000000000e+00,1.329223389160e+00,3.851352100040e+00,0.000000000000e+00,0.000000000000e+00,-1.735868197962e-08,1.802036643899e-08,0.000000000000e+00,0.000000000000e+00,1.000000000003e+00,-9.437729862416e-02,-1.814558276333e-11,-2.627735503999e-11,0.000000000000e+00,0.000000000000e+00,0.000000000000e+00,9.999999999377e-01,0.000000000000e+00,0.000000000000e+00,0.000000000000e+00,0.000000000000e+00,0.000000000000e+00
1.000000000000e-13,OK,,9.361484476500e-09,-7.103862181748e-09,-2.120368726172e-09,7.103862181748e-09,2.120368726172e-09,7.103862181748e-09,2.542031000000e-10,1.942983500000e-09,1.000000000000e-01,4,2,6.250000000000e-03,60,6.057466687495e+01,BORIS,L4/dt-1e-13/eps-0.1/ranks-2,9.361484476500e-09,1.429607361935e-09,R12,6.033040000000e+01,-1.386352257122e+00,-1.278842328741e+00,0.000000000000e+00,0.000000000000e+00,0.000000000000e+00,-7.209431231903e-01,-1.386352258177e+00,0.000000000000e+00,0.000000000000e+00,0.000000000000e+00,0.000000000000e+00,0.000000000000e+00,3.851352100275e+00,1.040676316134e+01,0.000000000000e+00,0.000000000000e+00,0.000000000000e+00,0.000000000000e+00,1.329223389160e+00,3.851352100069e+00,0.000000000000e+00,0.000000000000e+00,2.428949600470e-09,9.079894069106e-09,0.000000000000e+00,0.000000000000e+00,1.000000000004e+00,-9.437722717623e-02,-9.669429973784e-13,-7.677825913443e-13,0.000000000000e+00,0.000000000000e+00,0.000000000000e+00,1.000000000002e+00,0.000000000000e+00,0.000000000000e+00,0.000000000000e+00,0.000000000000e+00,0.000000000000e+00
3.000000000000e-12,OK,,4.791703409168e-06,-1.594993646801e-06,-4.811970872577e-07,1.594993646801e-06,4.811970872577e-07,1.594993646801e-06,9.219736100000e-11,6.349521700000e-08,1.000000000000e-03,4,2,6.250000000000e-05,60,5.635795542039e+00,BORIS,L4/dt-3e-12/eps-0.001/ranks-2,4.791703409168e-06,6.343527655168e-07,R34,5.373940000000e+00,-1.386353429583e+00,-1.278846146526e+00,0.000000000000e+00,0.000000000000e+00,0.000000000000e+00,-7.209434997186e-01,-1.386353418573e+00,0.000000000000e+00,0.000000000000e+00,0.000000000000e+00,0.000000000000e+00,0.000000000000e+00,3.851349720950e+00,1.040675836628e+01,0.000000000000e+00,0.000000000000e+00,0.000000000000e+00,0.000000000000e+00,1.329222231587e+00,3.851349696563e+00,0.000000000000e+00,0.000000000000e+00,4.192978522062e-07,1.629704065697e-06,0.000000000000e+00,0.000000000000e+00,1.000000000000e+00,-9.437645934530e-02,-2.119309598715e-11,1.544362431028e-11,0.000000000000e+00,0.000000000000e+00,0.000000000000e+00,1.000000000012e+00,0.000000000000e+00,0.000000000000e+00,0.000000000000e+00,0.000000000000e+00,0.000000000000e+00
