#            1 - s            2 - Rx            3 - Ry            4 - Rz            5 - Px            6 - Py            7 - Pz           8 - Efx           9 - Efy          10 - Efz          11 - Bfx          12 - Bfy          13 - Bfz         14 - Ekin            15 - t
       0.013490633                 0                 0       0.013490633                 0                 0         490.23678                 0                 0                 0                 0                 0                 0               250             0.045	B1, 
       0.022484388                 0                 0       0.022484388                 0                 0         490.23678                 0                 0                 0                 0                 0                 0               250             0.075	B1, 
       0.031478143                 0                 0       0.031478143                 0                 0         490.23678                 0                 0                 0                 0                 0                 0               250             0.105	B1, 
       0.040471898                 0                 0       0.040471898                 0                 0         490.23678                 0                 0                 0                 0                 0                 0               250             0.135	B1, 
       0.049465653                 0                 0       0.049465653                 0                 0         490.23678                 0                 0                 0                 0                 0                 0               250             0.165	B1, 
       0.058459408                 0                 0       0.058459408                 0                 0         490.23678                 0                 0                 0                 0                 0                 0               250             0.195	B1, 
       0.067453163                 0                 0       0.067453163                 0                 0         490.23678                 0                 0                 0                 0                 0                 0               250             0.225	B1, 
       0.076446918                 0                 0       0.076446918                 0                 0         490.23678                 0                 0                 0                 0                 0                 0               250             0.255	B1, 
       0.085440673                 0                 0       0.085440673                 0                 0         490.23678                 0                 0                 0                 0                 0                 0               250             0.285	B1, 
       0.094434428                 0                 0       0.094434428                 0                 0         490.23678                 0                 0                 0                 0                 0                 0               250             0.315	B1, 
        0.10342818                 0                 0        0.10342818                 0                 0         490.23678                 0                 0                 0                 0                 0                 0               250             0.345	B1, 
        0.11242194                 0                 0        0.11242194                 0                 0         490.23678                 0                 0                 0                 0                 0                 0               250             0.375	B1, 
        0.12141569                 0                 0        0.12141569                 0                 0         490.23678                 0                 0                 0                 0                 0                 0               250             0.405	B1, 
        0.13040945                 0                 0        0.13040945                 0                 0         490.23678                 0                 0                 0                 0                 0                 0               250             0.435	B1, 
         0.1394032                 0                 0         0.1394032                 0                 0         490.23678                 0                 0                 0                 0                 0                 0               250             0.465	B1, 
        0.14839696                 0                 0        0.14839696                 0                 0         490.23678                 0                 0                 0                 0                 0                 0               250             0.495	B1, 
        0.15739071                 0                 0        0.15739071                 0                 0         490.23678                 0                 0                 0                 0                 0                 0               250             0.525	B1, 
        0.16638447                 0                 0        0.16638447                 0                 0         490.23678                 0                 0                 0                 0                 0                 0               250             0.555	B1, 
        0.17537822                 0                 0        0.17537822                 0                 0         490.23678                 0                 0                 0                 0                 0                 0               250             0.585	B1, 
        0.18437198                 0                 0        0.18437198                 0                 0         490.23678                 0                 0                 0                 0                 0                 0               250             0.615	B1, 
        0.19336573                 0                 0        0.19336573                 0                 0         490.23678                 0                 0                 0                 0                 0                 0               250             0.645	B1, 
        0.20235949                 0                 0        0.20235949                 0                 0         490.23678                 0                 0                 0                 0                 0                 0               250             0.675	B1, 
        0.21135324                 0                 0        0.21135324                 0                 0         490.23678                 0                 0                 0                 0                 0                 0               250             0.705	B1, 
          0.220347                 0                 0          0.220347                 0                 0         490.23678                 0                 0                 0                 0                 0                 0               250             0.735	B1, 
        0.22934075                 0                 0        0.22934075                 0                 0         490.23678                 0                 0                 0                 0                 0                 0               250             0.765	B1, 
        0.23833451                 0                 0        0.23833451                 0                 0         490.23678                 0                 0                 0                 0                 0                 0               250             0.795	B1, 
        0.24732826                 0                 0        0.24732826                 0                 0         490.23678                 0                 0                 0                 0                 0                 0               250             0.825	B1, 
        0.25632202                 0                 0        0.25632202                 0                 0         490.23678                 0                 0                 0                 0                 0                 0               250             0.855	B1, 
        0.26531577                 0                 0        0.26531577                 0                 0         490.23678                 0                 0                 0                 0                 0                 0               250             0.885	B1, 
        0.27430953                 0                 0        0.27430953                 0                 0         490.23678                 0                 0                 0                 0                 0                 0               250             0.915	B1, 
        0.28330328     -6.663366e-40                 0        0.28330328    -2.2675506e-34                 0         490.23678                 0                 0                 0                 0    -2.3085369e-34                 0               250             0.945	B1, 
        0.29229704    -1.4980485e-37                 0        0.29229704    -4.4288477e-32                 0         490.23678                 0                 0                 0                 0    -4.1999175e-32                 0               250             0.975	B1, 
        0.30129079    -2.2719362e-35                 0        0.30129079    -6.2836858e-30                 0         490.23678                 0                 0                 0                 0    -5.6248819e-30                 0               250             1.005	B1, 
        0.31028455    -2.5718804e-33                 0        0.31028455    -6.6627302e-28                 0         490.23678                 0                 0                 0                 0    -5.6240879e-28                 0               250             1.035	B1, 
         0.3192783    -2.2052258e-31                 0         0.3192783    -5.3521207e-26                 0         490.23678                 0                 0                 0                 0    -4.2556263e-26                 0               250             1.065	B1, 
        0.32827206    -1.4514993e-29                 0        0.32827206    -3.3002217e-24                 0         490.23678                 0                 0                 0                 0    -2.4692585e-24                 0               250             1.095	B1, 
        0.33726581    -7.4293275e-28                 0        0.33726581    -1.5820893e-22                 0         490.23678                 0                 0                 0                 0    -1.1127453e-22                 0               250             1.125	B1, 
        0.34625957    -2.9940513e-26                 0        0.34625957    -5.9695045e-21                 0         490.23678                 0                 0                 0                 0    -3.9427926e-21                 0               250             1.155	B1, 
        0.35525332    -9.6152267e-25                 0        0.35525332    -1.7940621e-19                 0         490.23678                 0                 0                 0                 0    -1.1116433e-19                 0               250             1.185	B1, 
        0.36424708    -2.4892837e-23                 0        0.36424708    -4.3443705e-18                 0         490.23678                 0                 0                 0                 0    -2.5227789e-18                 0               250             1.215	B1, 
        0.37324083    -5.2534433e-22                 0        0.37324083     -8.571025e-17                 0         490.23678                 0                 0                 0                 0    -4.6598473e-17                 0               250             1.245	B1, 
        0.38223459    -9.1354604e-21                 0        0.38223459    -1.3925538e-15                 0         490.23678                 0                 0                 0                 0    -7.0810896e-16                 0               250             1.275	B1, 
        0.39122834    -1.3225821e-19                 0        0.39122834    -1.8825839e-14                 0         490.23678                 0                 0                 0                 0    -8.9444831e-15                 0               250             1.305	B1, 
         0.4002221     -1.610059e-18                 0         0.4002221    -2.1388747e-13                 0         490.23678                 0                 0                 0                 0    -9.4855988e-14                 0               250             1.335	B1, 
        0.40921585    -1.6639698e-17                 0        0.40921585    -2.0619069e-12                 0         490.23678                 0                 0                 0                 0    -8.5269944e-13                 0               250             1.365	B1, 
        0.41820961     -1.473437e-16                 0        0.41820961    -1.7022013e-11                 0         490.23678                 0                 0                 0                 0    -6.5578149e-12                 0               250             1.395	B1, 
        0.42720336    -1.1278255e-15                 0        0.42720336    -1.2141176e-10                 0         490.23678                 0                 0                 0                 0    -4.3532178e-11                 0               250             1.425	B1, 
        0.43619712    -7.5260124e-15                 0        0.43619712    -7.5459812e-10                 0         490.23678                 0                 0                 0                 0    -2.5156762e-10                 0               250             1.455	B1, 
        0.44519087    -4.4140635e-14                 0        0.44519087    -4.1202463e-09                 0         490.23678                 0                 0                 0                 0    -1.2759957e-09                 0               250             1.485	B1, 
        0.45418463    -2.2932574e-13                 0        0.45418463    -1.9919743e-08                 0         490.23678                 0                 0                 0                 0    -5.7254012e-09                 0               250             1.515	B1, 
        0.46317838    -1.0632905e-12                 0        0.46317838    -8.5912035e-08                 0         490.23678                 0                 0                 0                 0    -2.2897864e-08                 0               250             1.545	B1, 
        0.47217214    -4.4313606e-12                 0        0.47217214    -3.3292744e-07                 0         490.23678                 0                 0                 0                 0    -8.2214351e-08                 0               250             1.575	B1, 
        0.48116589     -1.671354e-11                 0        0.48116589    -1.1672067e-06                 0         490.23678                 0                 0                 0                 0    -2.6684512e-07                 0               250             1.605	B1, 
        0.49015965    -5.7420602e-11                 0        0.49015965    -3.7264074e-06                 0         490.23678                 0                 0                 0                 0    -7.8812004e-07                 0               250             1.635	B1, 
         0.4991534    -1.8080932e-10                 0         0.4991534    -1.0901499e-05                 0         490.23678                 0                 0                 0                 0    -2.1314708e-06                 0               250             1.665	B1, 
        0.50814716    -5.2490418e-10                 0        0.50814716    -2.9397754e-05                 0         490.23678                 0                 0                 0                 0    -5.3103799e-06                 0               250             1.695	B1, 
        0.51714091    -1.4127556e-09                 0        0.51714091     -7.348949e-05                 0         490.23678                 0                 0                 0                 0    -1.2257774e-05                 0               250             1.725	B1, 
        0.52613467    -3.5438502e-09                 0        0.52613467     -0.0001712164                 0         490.23678                 0                 0                 0                 0    -2.6357005e-05                 0               250             1.755	B1, 
        0.53512842    -8.3267066e-09                 0        0.53512842      -0.000373661                 0         490.23678                 0                 0                 0                 0    -5.3066176e-05                 0               250             1.785	B1, 
        0.54412218    -1.8412239e-08                 0        0.54412218    -0.00076754784                 0         490.23678                 0                 0                 0                 0    -0.00010053064                 0               250             1.815	B1, 
        0.55311593    -3.8485925e-08                 0        0.55311593     -0.0014907123                 0         490.23678                 0                 0                 0                 0    -0.00018003003                 0               250             1.845	B1, 
        0.56210969    -7.6360666e-08                 0        0.56210969     -0.0027491199                 0         490.23678                 0                 0                 0                 0    -0.00030609233                 0               250             1.875	B1, 
        0.57110344    -1.4438032e-07                 0        0.57110344     -0.0048333054                 0         490.23678                 0                 0                 0                 0    -0.00049614392                 0               250             1.905	B1, 
         0.5800972    -2.6109959e-07                 0         0.5800972     -0.0081316164                 0         490.23678                 0                 0                 0                 0    -0.00076964943                 0               250             1.935	B1, 
        0.58909095    -4.5315765e-07                 0        0.58909095      -0.013137692                 0         490.23678                 0                 0                 0                 0     -0.0011468073                 0               250             1.965	B1, 
        0.59808471    -7.5722048e-07                 0        0.59808471      -0.020450247                 0         490.23678                 0                 0                 0                 0     -0.0016469748                 0               250             1.995	B1, 
        0.60707846    -1.2218416e-06                 0        0.60707846      -0.030764361                 0         490.23678                 0                 0                 0                 0     -0.0022870642                 0               250             2.025	B1, 
        0.61607222    -1.9090881e-06                 0        0.61607222      -0.044854793                 0         490.23677                 0                 0                 0                 0     -0.0030801674                 0               250             2.055	B1, 
        0.62506597    -2.8957999e-06                 0        0.62506597      -0.063553116                 0         490.23677                 0                 0                 0                 0     -0.0040346151                 0               250             2.085	B1, 
        0.63405973    -4.2743937e-06                 0        0.63405973      -0.087721329                 0         490.23677                 0                 0                 0                 0     -0.0051535935                 0               250             2.115	B1, 
        0.64305348    -6.1531722e-06                 0        0.64305348       -0.11822496                 0         490.23676                 0                 0                 0                 0     -0.0064353319                 0               250             2.145	B1, 
        0.65204724     -8.656159e-06                 0        0.65204724       -0.15590853                 0         490.23675                 0                 0                 0                 0     -0.0078737818                 0               250             2.175	B1, 
        0.66104099    -1.1922521e-05                 0        0.66104099       -0.20157556                 0         490.23673                 0                 0                 0                 0     -0.0094596447                 0               250             2.205	B1, 
        0.67003475    -1.6105677e-05                 0        0.67003475       -0.25597455                 0         490.23671                 0                 0                 0                 0      -0.011181576                 0               250             2.235	B1, 
         0.6790285    -2.1372214e-05                 0         0.6790285       -0.31979147                 0         490.23667                 0                 0                 0                 0      -0.013027403                 0               250             2.265	B1, 
        0.68802226     -2.790071e-05                 0        0.68802225       -0.39364829                 0         490.23662                 0                 0                 0                 0      -0.014985225                 0               250             2.295	B1, 
        0.69701601    -3.5880596e-05                 0          0.697016       -0.47810697                 0         490.23654                 0                 0                 0                 0       -0.01704431                 0               250             2.325	B1, 
        0.70600977    -4.5511121e-05                 0        0.70600975       -0.57367737                 0         490.23644                 0                 0                 0                 0      -0.019195747                 0               250             2.355	B1, 
        0.71500352    -5.7000489e-05                 0         0.7150035       -0.68082811                 0          490.2363                 0                 0                 0                 0      -0.021432843                 0               250             2.385	B1, 
        0.72399728    -7.0565217e-05                 0        0.72399725       -0.79999873                 0         490.23612                 0                 0                 0                 0      -0.023751304                 0               250             2.415	B1, 
        0.73299103    -8.6429717e-05                 0        0.73299099       -0.93161248                 0         490.23589                 0                 0                 0                 0      -0.026149215                 0               250             2.445	B1, 
        0.74198479    -0.00010482611                 0        0.74198472        -1.0760884                 0         490.23559                 0                 0                 0                 0      -0.028626883                 0               250             2.475	B1, 
        0.75097854    -0.00012599424                 0        0.75097845        -1.2338525                 0         490.23522                 0                 0                 0                 0      -0.031186574                 0               250             2.505	B1, 
         0.7599723    -0.00015018193                 0        0.75997218        -1.4053471                 0         490.23476                 0                 0                 0                 0      -0.033832193                 0               250             2.535	B1, 
        0.76896605    -0.00017764531                 0        0.76896589        -1.5910389                 0         490.23419                 0                 0                 0                 0      -0.036568927                 0               250             2.565	B1, 
        0.77795981    -0.00020864934                 0        0.77795959        -1.7914242                 0          490.2335                 0                 0                 0                 0      -0.039402882                 0               250             2.595	B1, 
        0.78695357     -0.0002434684                 0        0.78695328        -2.0070334                 0         490.23267                 0                 0                 0                 0      -0.042340736                 0               250             2.625	B1, 
        0.79594732    -0.00028238691                 0        0.79594695        -2.2384328                 0         490.23167                 0                 0                 0                 0      -0.045389412                 0               250             2.655	B1, 
        0.80494108    -0.00032570003                 0         0.8049406        -2.4862252                 0         490.23047                 0                 0                 0                 0      -0.048555791                 0               250             2.685	B1, 
        0.81393483    -0.00037371432                 0        0.81393423        -2.7510491                 0         490.22906                 0                 0                 0                 0      -0.051846475                 0               250             2.715	B1, 
        0.82292859    -0.00042674833                 0        0.82292783        -3.0335765                 0         490.22739                 0                 0                 0                 0      -0.055267593                 0               250             2.745	B1, 
        0.83192234    -0.00048513327                 0        0.83192139        -3.3345103                 0         490.22544                 0                 0                 0                 0       -0.05882468                 0               250             2.775	B1, 
         0.8409161    -0.00054921345                 0        0.84091492        -3.6545807                 0         490.22315                 0                 0                 0                 0      -0.062522619                 0               250             2.805	B1, 
        0.84990985    -0.00061934685                 0         0.8499084        -3.9945419                 0          490.2205                 0                 0                 0                 0      -0.066365665                 0               250             2.835	B1, 
        0.85890361    -0.00069590546                 0        0.85890183        -4.3551691                 0         490.21743                 0                 0                 0                 0      -0.070357554                 0               250             2.865	B1, 
        0.86789736    -0.00077927566                 0         0.8678952        -4.7372563                 0         490.21389                 0                 0                 0                 0      -0.074501703                 0               250             2.895	B1, 
        0.87689112    -0.00086985856                 0         0.8768885        -5.1416148                 0         490.20981                 0                 0                 0                 0      -0.078801518                 0               250             2.925	B1, 
        0.88588487    -0.00096807035                 0        0.88588171         -5.569075                 0         490.20514                 0                 0                 0                 0      -0.083260794                 0               250             2.955	B1, 
        0.89487863     -0.0010743426                 0        0.89487484        -6.0204891                 0         490.19981                 0                 0                 0                 0      -0.087884233                 0               250             2.985	B1, 
        0.90387238     -0.0011891228                 0        0.90386786        -6.4967375                 0         490.19373                 0                 0                 0                 0      -0.092678058                 0               250             3.015	B1, 
        0.91286614      -0.001312875                 0        0.91286077        -6.9987391                 0         490.18682                 0                 0                 0                 0      -0.097650728                 0               250             3.045	B1, 
        0.92185989     -0.0014460803                 0        0.92185353        -7.5274646                 0         490.17898                 0                 0                 0                 0       -0.10281375                 0               250             3.075	B1, 
        0.93085365     -0.0015892385                 0        0.93084615        -8.0839552                 0         490.17012                 0                 0                 0                 0       -0.10818258                 0               250             3.105	B1, 
         0.9398474     -0.0017428692                 0        0.93983859        -8.6693457                 0         490.16012                 0                 0                 0                 0       -0.11377754                 0               250             3.135	B1, 
        0.94884116      -0.001907514                 0        0.94883084        -9.2848928                 0         490.14884                 0                 0                 0                 0       -0.11962488                 0               250             3.165	B1, 
        0.95783491     -0.0020837386                 0        0.95782287        -9.9320089                 0         490.13616                 0                 0                 0                 0       -0.12575772                 0               250             3.195	B1, 
        0.96682867     -0.0022721368                 0        0.96681465        -10.612301                 0          490.1219                 0                 0                 0                 0        -0.1322171                 0               250             3.225	B1, 
        0.97582242     -0.0024733337                 0        0.97580615        -11.327615                 0         490.10589                 0                 0                 0                 0       -0.13905286                 0               250             3.255	B1, 
        0.98481618     -0.0026879909                 0        0.98479734        -12.080084                 0         490.08792                 0                 0                 0                 0       -0.14632435                 0               250             3.285	B1, 
        0.99380993      -0.002916812                 0        0.99378819        -12.872178                 0         490.06775                 0                 0                 0                 0       -0.15410091                 0               250             3.315	B1, 
         1.0028037     -0.0031605497                 0         1.0027786        -13.706762                 0         490.04512                 0                 0                 0                 0       -0.16246602                 0               250             3.345	B1, 
         1.0117974     -0.0034200136                 0         1.0117686        -14.587198                 0          490.0197                 0                 0                 0                 0       -0.17151616                 0               250             3.375	B1, 
         1.0207912     -0.0036960792                 0         1.0207582        -15.517309                 0         489.99113                 0                 0                 0                 0       -0.18133937                 0               250             3.405	B1, 
          1.029785     -0.0039896967                 0         1.0297471        -16.501424                 0         489.95898                 0                 0                 0                 0       -0.19203513                 0               250             3.435	B1, 
         1.0387787     -0.0043019005                 0         1.0387355        -17.544386                 0         489.92274                 0                 0                 0                 0       -0.20369994                 0               250             3.465	B1, 
         1.0477725     -0.0046338184                 0         1.0477231        -18.651517                 0         489.88184                 0                 0                 0                 0       -0.21641765                 0               250             3.495	B1, 
         1.0567662     -0.0049866794                 0         1.0567099        -19.828512                 0         489.83561                 0                 0                 0                 0       -0.23024568                 0               250             3.525	B1, 
           1.06576      -0.005361819                 0         1.0656958        -21.081255                 0          489.7833                 0                 0                 0                 0       -0.24519659                 0               250             3.555	B1, 
         1.0747537     -0.0057606803                 0         1.0746807        -22.415523                 0         489.72405                 0                 0                 0                 0       -0.26121567                 0               250             3.585	B1, 
         1.0837475     -0.0061848084                 0         1.0836645        -23.836565                 0         489.65694                 0                 0                 0                 0       -0.27815656                 0               250             3.615	B1, 
         1.0927412     -0.0066358357                 0         1.0926469        -25.348562                 0         489.58099                 0                 0                 0                 0       -0.29576009                 0               250             3.645	B1, 
          1.101735     -0.0071154565                 0         1.1016279        -26.953994                 0         489.49523                 0                 0                 0                 0       -0.31364389                 0               250             3.675	B1, 
         1.1107287     -0.0076253905                 0         1.1106072         -28.65301                 0         489.39871                 0                 0                 0                 0       -0.33131257                 0               250             3.705	B1, 
         1.1197225     -0.0081673343                 0         1.1195846         -30.44292                 0         489.29063                 0                 0                 0                 0       -0.34819619                 0               250             3.735	B1, 
         1.1287163     -0.0087429075                 0         1.1285599        -32.317973                 0         489.17036                 0                 0                 0                 0       -0.36371777                 0               250             3.765	B1, 
           1.13771     -0.0093535969                 0         1.1375329        -34.269544                 0         489.03752                 0                 0                 0                 0       -0.37737895                 0               250             3.795	B1, 
         1.1467038      -0.010000709                 0         1.1465033        -36.286773                 0         488.89198                 0                 0                 0                 0       -0.38884124                 0               250             3.825	B1, 
         1.1556975       -0.01068534                 0          1.155471        -38.357568                 0         488.73387                 0                 0                 0                 0       -0.39797724                 0               250             3.855	B1, 
         1.1646913      -0.011408358                 0         1.1644356         -40.46975                 0          488.5635                 0                 0                 0                 0       -0.40487519                 0               250             3.885	B1, 
          1.173685      -0.012170419                 0          1.173397        -42.612098                 0         488.38131                 0                 0                 0                 0       -0.40979735                 0               250             3.915	B1, 
         1.1826788      -0.012971985                 0          1.182355        -44.775088                 0         488.18776                 0                 0                 0                 0       -0.41310982                 0               250             3.945	B1, 
         1.1916725      -0.013813363                 0         1.1913093        -46.951238                 0         487.98328                 0                 0                 0                 0       -0.41520757                 0               250             3.975	B1, 
         1.2006663      -0.014694741                 0         1.2002597        -49.135086                 0         487.76822                 0                 0                 0                 0       -0.41645452                 0               250             4.005	B1, 
         1.2096601      -0.015616225                 0         1.2092061        -51.322929                 0         487.54287                 0                 0                 0                 0       -0.41714809                 0               250             4.035	B1, 
         1.2186538      -0.016577865                 0         1.2181483        -53.512421                 0         487.30742                 0                 0                 0                 0       -0.41750772                 0               250             4.065	B1, 
         1.2276476      -0.017579676                 0         1.2270861         -55.70218                 0         487.06197                 0                 0                 0                 0       -0.41768081                 0               250             4.095	B1, 
         1.2366413      -0.018621657                 0         1.2360193        -57.891439                 0         486.80661                 0                 0                 0                 0       -0.41775775                 0               250             4.125	B1, 
         1.2456351      -0.019703793                 0         1.2449477        -60.079795                 0         486.54138                 0                 0                 0                 0       -0.41778917                 0               250             4.155	B1, 
         1.2546288      -0.020826066                 0         1.2538711        -62.267043                 0          486.2663                 0                 0                 0                 0       -0.41780089                 0               250             4.185	B1, 
         1.2636226      -0.021988455                 0         1.2627895        -64.453069                 0         485.98138                 0                 0                 0                 0       -0.41780486                 0               250             4.215	B1, 
         1.2726163      -0.023190937                 0         1.2717025        -66.637803                 0         485.68663                 0                 0                 0                 0       -0.41780607                 0               250             4.245	B1, 
         1.2816101      -0.024433486                 0           1.28061        -68.821194                 0         485.38206                 0                 0                 0                 0        -0.4178064                 0               250             4.275	B1, 
         1.2906038      -0.025716079                 0         1.2895118        -71.003195                 0         485.06767                 0                 0                 0                 0       -0.41780648                 0               250             4.305	B1, 
         1.2995976      -0.027038689                 0         1.2984077        -73.183759                 0         484.74347                 0                 0                 0                 0        -0.4178065                 0               250             4.335	B1, 
         1.3085914       -0.02840129                 0         1.3072977        -75.362844                 0         484.40947                 0                 0                 0                 0        -0.4178065                 0               250             4.365	B1, 
         1.3175851      -0.029803854                 0         1.3161814        -77.540405                 0         484.06568                 0                 0                 0                 0        -0.4178065                 0               250             4.395	B1, 
         1.3265789      -0.031246352                 0         1.3250587        -79.716397                 0          483.7121                 0                 0                 0                 0        -0.4178065                 0               250             4.425	B1, 
         1.3355726      -0.032728756                 0         1.3339294        -81.890778                 0         483.34873                 0                 0                 0                 0        -0.4178065                 0               250             4.455	B1, 
         1.3445664      -0.034251036                 0         1.3427934        -84.063503                 0         482.97559                 0                 0                 0                 0        -0.4178065                 0               250             4.485	B1, 
         1.3535601       -0.03581316                 0         1.3516505        -86.234528                 0         482.59269                 0                 0                 0                 0        -0.4178065                 0               250             4.515	B1, 
         1.3625539      -0.037415097                 0         1.3605004        -88.403809                 0         482.20002                 0                 0                 0                 0        -0.4178065                 0               250             4.545	B1, 
         1.3715476      -0.039056815                 0          1.369343        -90.571302                 0         481.79761                 0                 0                 0                 0        -0.4178065                 0               250             4.575	B1, 
         1.3805414       -0.04073828                 0         1.3781782        -92.736964                 0         481.38545                 0                 0                 0                 0        -0.4178065                 0               250             4.605	B1, 
         1.3895352      -0.042459459                 0         1.3870057         -94.90075                 0         480.96356                 0                 0                 0                 0        -0.4178065                 0               250             4.635	B1, 
         1.3985289      -0.044220317                 0         1.3958254        -97.062618                 0         480.53194                 0                 0                 0                 0        -0.4178065                 0               250             4.665	B1, 
         1.4075227      -0.046020818                 0         1.4046371        -99.222522                 0          480.0906                 0                 0                 0                 0        -0.4178065                 0               250             4.695	B1, 
         1.4165164      -0.047860925                 0         1.4134406        -101.38042                 0         479.63956                 0                 0                 0                 0        -0.4178065                 0               250             4.725	B1, 
         1.4255102      -0.049740602                 0         1.4222357        -103.53627                 0         479.17882                 0                 0                 0                 0        -0.4178065                 0               250             4.755	B1, 
         1.4345039      -0.051659811                 0         1.4310223        -105.69002                 0         478.70838                 0                 0                 0                 0        -0.4178065                 0               250             4.785	B1, 
         1.4434977      -0.053618512                 0         1.4398002        -107.84164                 0         478.22827                 0                 0                 0                 0        -0.4178065                 0               250             4.815	B1, 
         1.4524914      -0.055616666                 0         1.4485691        -109.99108                 0         477.73848                 0                 0                 0                 0        -0.4178065                 0               250             4.845	B1, 
         1.4614852      -0.057654233                 0          1.457329        -112.13829                 0         477.23904                 0                 0                 0                 0        -0.4178065                 0               250             4.875	B1, 
         1.4704789      -0.059731172                 0         1.4660797        -114.28323                 0         476.72994                 0                 0                 0                 0        -0.4178065                 0               250             4.905	B1, 
         1.4794727      -0.061847439                 0         1.4748209        -116.42587                 0         476.21121                 0                 0                 0                 0        -0.4178065                 0               250             4.935	B1, 
         1.4884665      -0.064002994                 0         1.4835525        -118.56615                 0         475.68284                 0                 0                 0                 0        -0.4178065                 0               250             4.965	B1, 
         1.4974602      -0.066197791                 0         1.4922743        -120.70403                 0         475.14486                 0                 0                 0                 0        -0.4178065                 0               250             4.995	B1, 
          1.506454      -0.068431788                 0         1.5009862        -122.83947                 0         474.59726                 0                 0                 0                 0        -0.4178065                 0               250             5.025	B1, 
         1.5154477      -0.070704937                 0          1.509688        -124.97242                 0         474.04007                 0                 0                 0                 0        -0.4178065                 0               250             5.055	B1, 
         1.5244415      -0.073017195                 0         1.5183794        -127.10285                 0          473.4733                 0                 0                 0                 0        -0.4178065                 0               250             5.085	B1, 
         1.5334352      -0.075368513                 0         1.5270603        -129.23071                 0         472.89694                 0                 0                 0                 0        -0.4178065                 0               250             5.115	B1, 
          1.542429      -0.077758844                 0         1.5357306        -131.35596                 0         472.31103                 0                 0                 0                 0        -0.4178065                 0               250             5.145	B1, 
         1.5514227       -0.08018814                 0         1.5443901        -133.47855                 0         471.71556                 0                 0                 0                 0        -0.4178065                 0               250             5.175	B1, 
         1.5604165      -0.082656352                 0         1.5530385        -135.59844                 0         471.11056                 0                 0                 0                 0        -0.4178065                 0               250             5.205	B1, 
         1.5694103       -0.08516343                 0         1.5616757        -137.71559                 0         470.49603                 0                 0                 0                 0        -0.4178065                 0               250             5.235	B1, 
          1.578404      -0.087709323                 0         1.5703016        -139.82995                 0         469.87198                 0                 0                 0                 0        -0.4178065                 0               250             5.265	B1, 
         1.5873978       -0.09029398                 0          1.578916        -141.94149                 0         469.23844                 0                 0                 0                 0        -0.4178065                 0               250             5.295	B1, 
         1.5963915      -0.092917348                 0         1.5875186        -144.05015                 0          468.5954                 0                 0                 0                 0        -0.4178065                 0               250             5.325	B1, 
         1.6053853      -0.095579374                 0         1.5961094         -146.1559                 0         467.94289                 0                 0                 0                 0        -0.4178065                 0               250             5.355	B1, 
          1.614379      -0.098280005                 0         1.6046881         -148.2587                 0         467.28092                 0                 0                 0                 0        -0.4178065                 0               250             5.385	B1, 
         1.6233728       -0.10101919                 0         1.6132545         -150.3585                 0         466.60949                 0                 0                 0                 0        -0.4178065                 0               250             5.415	B1, 
         1.6323665       -0.10379686                 0         1.6218086        -152.45526                 0         465.92863                 0                 0                 0                 0        -0.4178065                 0               250             5.445	B1, 
         1.6413603       -0.10661298                 0         1.6303501        -154.54893                 0         465.23835                 0                 0                 0                 0        -0.4178065                 0               250             5.475	B1, 
          1.650354       -0.10946747                 0         1.6388788        -156.63948                 0         464.53866                 0                 0                 0                 0        -0.4178065                 0               250             5.505	B1, 
         1.6593478       -0.11236029                 0         1.6473946        -158.72687                 0         463.82958                 0                 0                 0                 0        -0.4178065                 0               250             5.535	B1, 
         1.6683416       -0.11529137                 0         1.6558974        -160.81104                 0         463.11112                 0                 0                 0                 0        -0.4178065                 0               250             5.565	B1, 
         1.6773353       -0.11826066                 0         1.6643868        -162.89196                 0         462.38329                 0                 0                 0                 0        -0.4178065                 0               250             5.595	B1, 
         1.6863291        -0.1212681                 0         1.6728628        -164.96959                 0         461.64611                 0                 0                 0                 0        -0.4178065                 0               250             5.625	B1, 
         1.6953228       -0.12431362                 0         1.6813252        -167.04388                 0          460.8996                 0                 0                 0                 0        -0.4178065                 0               250             5.655	B1, 
         1.7043166       -0.12739717                 0         1.6897739        -169.11479                 0         460.14376                 0                 0                 0                 0        -0.4178065                 0               250             5.685	B1, 
         1.7133103       -0.13051867                 0         1.6982085        -171.18228                 0         459.37863                 0                 0                 0                 0        -0.4178065                 0               250             5.715	B1, 
         1.7223041       -0.13367807                 0         1.7066291        -173.24632                 0          458.6042                 0                 0                 0                 0        -0.4178065                 0               250             5.745	B1, 
         1.7312978       -0.13687531                 0         1.7150353        -175.30684                 0          457.8205                 0                 0                 0                 0        -0.4178065                 0               250             5.775	B1, 
         1.7402916       -0.14011032                 0         1.7234271        -177.36383                 0         457.02754                 0                 0                 0                 0        -0.4178065                 0               250             5.805	B1, 
         1.7492854       -0.14338303                 0         1.7318043        -179.41722                 0         456.22533                 0                 0                 0                 0        -0.4178065                 0               250             5.835	B1, 
         1.7582791       -0.14669338                 0         1.7401667        -181.46699                 0         455.41391                 0                 0                 0                 0       -0.41780646                 0               250             5.865	B1, 
         1.7672729        -0.1500413                 0         1.7485141        -183.51309                 0         454.59327                 0                 0                 0                 0       -0.41780631                 0               250             5.895	B1, 
         1.7762666       -0.15342672                 0         1.7568463        -185.55548                 0         453.76344                 0                 0                 0                 0       -0.41780572                 0               250             5.925	B1, 
         1.7852604       -0.15684958                 0         1.7651632         -187.5941                 0         452.92444                 0                 0                 0                 0       -0.41780366                 0               250             5.955	B1, 
         1.7942541        -0.1603098                 0         1.7734647        -189.62892                 0         452.07629                 0                 0                 0                 0       -0.41779721                 0               250             5.985	B1, 
         1.8032479       -0.16380732                 0         1.7817505        -191.65985                 0         451.21902                 0                 0                 0                 0       -0.41777896                 0               250             6.015	B1, 
         1.8122416       -0.16734206                 0         1.7900205        -193.68675                 0         450.35268                 0                 0                 0                 0       -0.41773199                 0               250             6.045	B1, 
         1.8212354       -0.17091395                 0         1.7982746        -195.70937                 0         449.47741                 0                 0                 0                 0       -0.41762124                 0               250             6.075	B1, 
         1.8302291        -0.1745229                 0         1.8065125        -197.72723                 0          448.5934                 0                 0                 0                 0       -0.41738079                 0               250             6.105	B1, 
         1.8392229       -0.17816882                 0         1.8147341         -199.7394                 0         447.70109                 0                 0                 0                 0       -0.41689753                 0               250             6.135	B1, 
         1.8482167       -0.18185159                 0         1.8229392         -201.7443                 0         446.80122                 0                 0                 0                 0       -0.41599419                 0               250             6.165	B1, 
         1.8572104       -0.18557105                 0         1.8311278        -203.73931                 0         445.89504                 0                 0                 0                 0       -0.41441733                 0               250             6.195	B1, 
         1.8662042         -0.189327                 0         1.8392998        -205.72045                 0         444.98449                 0                 0                 0                 0       -0.41183798                 0               250             6.225	B1, 
         1.8751979       -0.19311912                 0          1.847455        -207.68203                 0         444.07237                 0                 0                 0                 0       -0.40787302                 0               250             6.255	B1, 
         1.8841917       -0.19694699                 0         1.8555935        -209.61657                 0         443.16249                 0                 0                 0                 0       -0.40213169                 0               250             6.285	B1, 
         1.8931854       -0.20081004                 0         1.8637153        -211.51489                 0         442.25959                 0                 0                 0                 0       -0.39428387                 0               250             6.315	B1, 
         1.9021792        -0.2047075                 0         1.8718207        -213.36662                 0         441.36921                 0                 0                 0                 0       -0.38413576                 0               250             6.345	B1, 
         1.9111729       -0.20863842                 0         1.8799099          -215.161                 0         440.49726                 0                 0                 0                 0       -0.37169038                 0               250             6.375	B1, 
         1.9201667       -0.21260166                 0         1.8879833        -216.88789                 0         439.64956                 0                 0                 0                 0       -0.35717038                 0               250             6.405	B1, 
         1.9291605        -0.2165959                 0         1.8960415        -218.53875                 0          438.8313                 0                 0                 0                 0       -0.34099219                 0               250             6.435	B1, 
         1.9381542       -0.22061967                 0         1.9040849         -220.1074                 0         438.04661                 0                 0                 0                 0       -0.32369886                 0               250             6.465	B1, 
          1.947148       -0.22467144                 0         1.9121143        -221.59036                 0         437.29831                 0                 0                 0                 0       -0.30587384                 0               250             6.495	B1, 
         1.9561417       -0.22874962                 0         1.9201303        -222.98685                 0         436.58786                 0                 0                 0                 0       -0.28806102                 0               250             6.525	B1, 
         1.9651355       -0.23285263                 0         1.9281336        -224.29843                 0         435.91549                 0                 0                 0                 0       -0.27070936                 0               250             6.555	B1, 
         1.9741292       -0.23697896                 0         1.9361249        -225.52843                 0          435.2804                 0                 0                 0                 0       -0.25414737                 0               250             6.585	B1, 
          1.983123       -0.24112713                 0         1.9441049        -226.68143                 0         434.68106                 0                 0                 0                 0       -0.23858302                 0               250             6.615	B1, 
         1.9921167       -0.24529579                 0         1.9520742        -227.76266                 0          434.1155                 0                 0                 0                 0        -0.2241199                 0               250             6.645	B1, 
         2.0011105       -0.24948367                 0         1.9600334        -228.77762                 0         433.58148                 0                 0                 0                 0       -0.21078062                 0               250             6.675	B1, 
         2.0101042       -0.25368961                 0         1.9679831        -229.73171                 0         433.07671                 0                 0                 0                 0       -0.19853064                 0               250             6.705	B1, 
          2.019098       -0.25791253                 0         1.9759238        -230.63006                 0         432.59897                 0                 0                 0                 0       -0.18729916                 0               250             6.735	B1, 
         2.0280918       -0.26215145                 0         1.9838559        -231.47737                 0         432.14618                 0                 0                 0                 0       -0.17699548                 0               250             6.765	B1, 
         2.0370855       -0.26640549                 0           1.99178        -232.27788                 0         431.71644                 0                 0                 0                 0       -0.16752091                 0               250             6.795	B1, 
         2.0460793       -0.27067381                 0         1.9996964        -233.03535                 0         431.30804                 0                 0                 0                 0       -0.15877817                 0               250             6.825	B1, 
          2.055073       -0.27495566                 0         2.0076054        -233.75308                 0         430.91948                 0                 0                 0                 0       -0.15067989                 0               250             6.855	B1, 
         2.0640668       -0.27925033                 0         2.0155076        -234.43393                 0         430.54945                 0                 0                 0                 0       -0.14313051                 0               250             6.885	B1, 
         2.0730605       -0.28355717                 0          2.023403        -235.08038                 0         430.19683                 0                 0                 0                 0       -0.13605503                 0               250             6.915	B1, 
         2.0820543       -0.28787558                 0         2.0312922        -235.69452                 0         429.86066                 0                 0                 0                 0       -0.12938845                 0               250             6.945	B1, 
          2.091048       -0.29220497                 0         2.0391754        -236.27821                 0         429.54011                 0                 0                 0                 0        -0.1230756                 0               250             6.975	B1, 
         2.1000418        -0.2965448                 0         2.0470528        -236.83302                 0         429.23446                 0                 0                 0                 0       -0.11707054                 0               250             7.005	B1, 
         2.1090356       -0.30089455                 0         2.0549247        -237.36034                 0         428.94308                 0                 0                 0                 0       -0.11133577                 0               250             7.035	B1, 
         2.1180293       -0.30525374                 0         2.0627914        -237.86142                 0         428.66542                 0                 0                 0                 0       -0.10584126                 0               250             7.065	B1, 
         2.1270231       -0.30962188                 0         2.0706531        -238.33734                 0         428.40099                 0                 0                 0                 0       -0.10056344                 0               250             7.095	B1, 
         2.1360168       -0.31399854                 0         2.0785101        -238.78912                 0         428.14934                 0                 0                 0                 0      -0.095484204                 0               250             7.125	B1, 
         2.1450106       -0.31838327                 0         2.0863626        -239.21766                 0         427.91005                 0                 0                 0                 0      -0.090589923                 0               250             7.155	B1, 
         2.1540043       -0.32277565                 0         2.0942109        -239.62384                 0         427.68272                 0                 0                 0                 0      -0.085870506                 0               250             7.185	B1, 
         2.1629981       -0.32717529                 0          2.102055        -240.00848                 0         427.46699                 0                 0                 0                 0      -0.081318553                 0               250             7.215	B1, 
         2.1719918       -0.33158179                 0         2.1098953        -240.37237                 0         427.26247                 0                 0                 0                 0      -0.076928581                 0               250             7.245	B1, 
         2.1809856       -0.33599478                 0          2.117732        -240.71627                 0         427.06882                 0                 0                 0                 0      -0.072696347                 0               250             7.275	B1, 
         2.1899793        -0.3404139                 0         2.1255652        -241.04092                 0         426.88566                 0                 0                 0                 0      -0.068618283                 0               250             7.305	B1, 
         2.1989731       -0.34483881                 0         2.1333951        -241.34705                 0         426.71266                 0                 0                 0                 0      -0.064691023                 0               250             7.335	B1, 
         2.2079669       -0.34926918                 0          2.141222        -241.63537                 0         426.54946                 0                 0                 0                 0      -0.060911042                 0               250             7.365	B1, 
         2.2169606       -0.35370467                 0         2.1490459        -241.90656                 0         426.39572                 0                 0                 0                 0      -0.057274402                 0               250             7.395	B1, 
         2.2259544       -0.35814498                 0         2.1568671        -242.16129                 0         426.25111                 0                 0                 0                 0      -0.053776585                 0               250             7.425	B1, 
         2.2349481       -0.36258983                 0         2.1646857         -242.4002                 0         426.11529                 0                 0                 0                 0      -0.050412426                 0               250             7.455	B1, 
         2.2439419       -0.36703891                 0         2.1725019        -242.62391                 0         425.98795                 0                 0                 0                 0      -0.047176123                 0               250             7.485	B1, 
         2.2529356       -0.37149197                 0         2.1803159        -242.83299                 0          425.8688                 0                 0                 0                 0      -0.044061323                 0               250             7.515	B1, 
         2.2619294       -0.37594873                 0         2.1881277        -243.02801                 0         425.75754                 0                 0                 0                 0      -0.041061281                 0               250             7.545	B1, 
         2.2709231       -0.38040894                 0         2.1959376        -243.20948                 0          425.6539                 0                 0                 0                 0      -0.038169063                 0               250             7.575	B1, 
         2.2799169       -0.38487236                 0         2.2037457         -243.3779                 0         425.55763                 0                 0                 0                 0      -0.035377815                 0               250             7.605	B1, 
         2.2889107       -0.38933875                 0          2.211552        -243.53371                 0         425.46848                 0                 0                 0                 0      -0.032681065                 0               250             7.635	B1, 
         2.2979044        -0.3938079                 0         2.2193568        -243.67735                 0         425.38623                 0                 0                 0                 0      -0.030073059                 0               250             7.665	B1, 
         2.3068982       -0.39827956                 0         2.2271601        -243.80922                 0         425.31067                 0                 0                 0                 0      -0.027549119                 0               250             7.695	B1, 
         2.3158919       -0.40275355                 0         2.2349621         -243.9297                 0         425.24158                 0                 0                 0                 0      -0.025106003                 0               250             7.725	B1, 
         2.3248857       -0.40722964                 0         2.2427629        -244.03916                 0         425.17877                 0                 0                 0                 0      -0.022742252                 0               250             7.755	B1, 
         2.3338794       -0.41170764                 0         2.2505626        -244.13797                 0         425.12204                 0                 0                 0                 0      -0.020458492                 0               250             7.785	B1, 
         2.3428732       -0.41618736                 0         2.2583613         -244.2265                 0         425.07118                 0                 0                 0                 0      -0.018257649                 0               250             7.815	B1, 
         2.3518669       -0.42066861                 0         2.2661591        -244.30516                 0         425.02598                 0                 0                 0                 0      -0.016145062                 0               250             7.845	B1, 
         2.3608607       -0.42515121                 0         2.2739561        -244.37436                 0          424.9862                 0                 0                 0                 0      -0.014128412                 0               250             7.875	B1, 
         2.3698545       -0.42963501                 0         2.2817525        -244.43457                 0         424.95157                 0                 0                 0                 0      -0.012217459                 0               250             7.905	B1, 
         2.3788482       -0.43411983                 0         2.2895483         -244.4863                 0         424.92181                 0                 0                 0                 0      -0.010423534                 0               250             7.935	B1, 
          2.387842       -0.43860552                 0         2.2973435        -244.53012                 0          424.8966                 0                 0                 0                 0     -0.0087587765                 0               250             7.965	B1, 
         2.3968357       -0.44309195                 0         2.3051384        -244.56663                 0         424.87558                 0                 0                 0                 0     -0.0072351482                 0               250             7.995	B1, 
         2.4058295       -0.44757899                 0         2.3129329        -244.59652                 0         424.85838                 0                 0                 0                 0     -0.0058632634                 0               250             8.025	B1, 
         2.4148232       -0.45206652                 0         2.3207271         -244.6205                 0         424.84457                 0                 0                 0                 0     -0.0046511611                 0               250             8.055	B1, 
          2.423817       -0.45655445                 0          2.328521        -244.63931                 0         424.83374                 0                 0                 0                 0     -0.0036031558                 0               250             8.085	B1, 
         2.4328107       -0.46104267                 0         2.3363149         -244.6537                 0         424.82545                 0                 0                 0                 0     -0.0027189392                 0               250             8.115	B1, 
         2.4418045       -0.46553113                 0         2.3441085        -244.66441                 0         424.81928                 0                 0                 0                 0     -0.0019930982                 0               250             8.145	B1, 
         2.4507982       -0.47001975                 0         2.3519021        -244.67215                 0         424.81483                 0                 0                 0                 0     -0.0014151692                 0               250             8.175	B1, 
          2.459792        -0.4745085                 0         2.3596956        -244.67756                 0         424.81171                 0                 0                 0                 0    -0.00097026904                 0               250             8.205	B1, 
         2.4687858       -0.47899732                 0         2.3674891         -244.6812                 0         424.80961                 0                 0                 0                 0    -0.00064024414                 0               250             8.235	B1, 
         2.4777795        -0.4834862                 0         2.3752825        -244.68356                 0         424.80826                 0                 0                 0                 0    -0.00040517384                 0               250             8.265	B1, 
         2.4867733       -0.48797512                 0         2.3830759        -244.68502                 0         424.80741                 0                 0                 0                 0     -0.0002449936                 0               250             8.295	B1, 
          2.495767       -0.49246405                 0         2.3908693        -244.68588                 0         424.80692                 0                 0                 0                 0    -0.00014098043                 0               250             8.325	B1, 
         2.5047608         -0.496953                 0         2.3986627        -244.68637                 0         424.80664                 0                 0                 0                 0    -7.6881292e-05                 0               250             8.355	B1, 
         2.5137545       -0.50144196                 0         2.4064561        -244.68662                 0         424.80649                 0                 0                 0                 0    -3.9554629e-05                 0               250             8.385	B1, 
         2.5227483       -0.50593091                 0         2.4142495        -244.68675                 0         424.80641                 0                 0                 0                 0    -1.9108771e-05                 0               250             8.415	B1, 
          2.531742       -0.51041987                 0         2.4220429        -244.68681                 0         424.80638                 0                 0                 0                 0    -8.6249214e-06                 0               250             8.445	B1, 
         2.5407358       -0.51490883                 0         2.4298363        -244.68684                 0         424.80636                 0                 0                 0                 0    -3.6180477e-06                 0               250             8.475	B1, 
         2.5497296       -0.51939779                 0         2.4376297        -244.68685                 0         424.80636                 0                 0                 0                 0    -1.4027469e-06                 0               250             8.505	B1, 
         2.5587233       -0.52388675                 0          2.445423        -244.68686                 0         424.80635                 0                 0                 0                 0    -4.9973084e-07                 0               250             8.535	B1, 
         2.5677171       -0.52837572                 0         2.4532164        -244.68686                 0         424.80635                 0                 0                 0                 0    -1.6258673e-07                 0               250             8.565	B1, 
         2.5767108       -0.53286468                 0         2.4610098        -244.68686                 0         424.80635                 0                 0                 0                 0    -4.7999641e-08                 0               250             8.595	B1, 
         2.5857046       -0.53735364                 0         2.4688032        -244.68686                 0         424.80635                 0                 0                 0                 0    -1.2772486e-08                 0               250             8.625	B1, 
         2.5946983        -0.5418426                 0         2.4765966        -244.68686                 0         424.80635                 0                 0                 0                 0    -3.0418928e-09                 0               250             8.655	B1, 
         2.6036921       -0.54633156                 0           2.48439        -244.68686                 0         424.80635                 0                 0                 0                 0    -6.4365423e-10                 0               250             8.685	B1, 
         2.6126858       -0.55082052                 0         2.4921834        -244.68686                 0         424.80635                 0                 0                 0                 0       -1.2008e-10                 0               250             8.715	B1, 
         2.6216796       -0.55530948                 0         2.4999767        -244.68686                 0         424.80635                 0                 0                 0                 0    -1.9594036e-11                 0               250             8.745	B1, 
         2.6306733       -0.55979844                 0         2.5077701        -244.68686                 0         424.80635                 0                 0                 0                 0     -2.773268e-12                 0               250             8.775	B1, 
         2.6396671        -0.5642874                 0         2.5155635        -244.68686                 0         424.80635                 0                 0                 0                 0    -3.3752406e-13                 0               250             8.805	B1, 
         2.6486609       -0.56877636                 0         2.5233569        -244.68686                 0         424.80635                 0                 0                 0                 0    -3.5005835e-14                 0               250             8.835	B1, 
         2.6576546       -0.57326532                 0         2.5311503        -244.68686                 0         424.80635                 0                 0                 0                 0    -3.0649356e-15                 0               250             8.865	B1, 
         2.6666484       -0.57775428                 0         2.5389437        -244.68686                 0         424.80635                 0                 0                 0                 0    -2.2434245e-16                 0               250             8.895	B1, 
         2.6756421       -0.58224324                 0         2.5467371        -244.68686                 0         424.80635                 0                 0                 0                 0    -1.3589803e-17                 0               250             8.925	B1, 
         2.6846359       -0.58673221                 0         2.5545304        -244.68686                 0         424.80635                 0                 0                 0                 0    -6.7416212e-19                 0               250             8.955	B1, 
         2.6936296       -0.59122117                 0         2.5623238        -244.68686                 0         424.80635                 0                 0                 0                 0    -2.7091636e-20                 0               250             8.985	B1, 
         2.7026234       -0.59571013                 0         2.5701172        -244.68686                 0         424.80635                 0                 0                 0                 0    -8.7201793e-22                 0               250             9.015	B1, 
         2.7116171       -0.60019909                 0         2.5779106        -244.68686                 0         424.80635                 0                 0                 0                 0    -2.2220854e-23                 0               250             9.045	B1, 
         2.7206109       -0.60468805                 0          2.585704        -244.68686                 0         424.80635                 0                 0                 0                 0    -4.4288431e-25                 0               250             9.075	B1, 
         2.7296047       -0.60917701                 0         2.5934974        -244.68686                 0         424.80635                 0                 0                 0                 0     -6.818414e-27                 0               250             9.105	B1, 
         2.7385984       -0.61366597                 0         2.6012908        -244.68686                 0         424.80635                 0                 0                 0                 0    -8.0043555e-29                 0               250             9.135	B1, 
         2.7475922       -0.61815493                 0         2.6090841        -244.68686                 0         424.80635                 0                 0                 0                 0    -7.0700065e-31                 0               250             9.165	B1, 
         2.7565859       -0.62264389                 0         2.6168775        -244.68686                 0         424.80635                 0                 0                 0                 0     -4.634205e-33                 0               250             9.195	B1, 
         2.7655797       -0.62713285                 0         2.6246709        -244.68686                 0         424.80635                 0                 0                 0                 0    -2.2223487e-35                 0               250             9.225	B1, 
         2.7745734       -0.63162181                 0         2.6324643        -244.68686                 0         424.80635                 0                 0                 0                 0                 0                 0               250             9.255	B1, 
         2.7835672       -0.63611077                 0         2.6402577        -244.68686                 0         424.80635                 0                 0                 0                 0                 0                 0               250             9.285	B1, 
         2.7925609       -0.64059974                 0         2.6480511        -244.68686                 0         424.80635                 0                 0                 0                 0                 0                 0               250             9.315	B1, 
         2.8015547        -0.6450887                 0         2.6558445        -244.68686                 0         424.80635                 0                 0                 0                 0                 0                 0               250             9.345	B1, 
         2.8105484       -0.64957766                 0         2.6636378        -244.68686                 0         424.80635                 0                 0                 0                 0                 0                 0               250             9.375	B1, 
         2.8195422       -0.65406662                 0         2.6714312        -244.68686                 0         424.80635                 0                 0                 0                 0                 0                 0               250             9.405	B1, 
          2.828536       -0.65855558                 0         2.6792246        -244.68686                 0         424.80635                 0                 0                 0                 0                 0                 0               250             9.435	B1, 
         2.8375297       -0.66304454                 0          2.687018        -244.68686                 0         424.80635                 0                 0                 0                 0                 0                 0               250             9.465	B1, 
         2.8465235        -0.6675335                 0         2.6948114        -244.68686                 0         424.80635                 0                 0                 0                 0                 0                 0               250             9.495	B1, 
         2.8555172       -0.67202246                 0         2.7026048        -244.68686                 0         424.80635                 0                 0                 0                 0                 0                 0               250             9.525	B1, 
          2.864511       -0.67651142                 0         2.7103982        -244.68686                 0         424.80635                 0                 0                 0                 0                 0                 0               250             9.555	B1, 
         2.8735047       -0.68100038                 0         2.7181915        -244.68686                 0         424.80635                 0                 0                 0                 0                 0                 0               250             9.585	B1, 
         2.8824985       -0.68548934                 0         2.7259849        -244.68686                 0         424.80635                 0                 0                 0                 0                 0                 0               250             9.615	B1, 
         2.8914922        -0.6899783                 0         2.7337783        -244.68686                 0         424.80635                 0                 0                 0                 0                 0                 0               250             9.645	B1, 
          2.900486       -0.69446726                 0         2.7415717        -244.68686                 0         424.80635                 0                 0                 0                 0                 0                 0               250             9.675	B1, 
         2.9094798       -0.69895623                 0         2.7493651        -244.68686                 0         424.80635                 0                 0                 0                 0                 0                 0               250             9.705	B1, 
         2.9184735       -0.70344519                 0         2.7571585        -244.68686                 0         424.80635                 0                 0                 0                 0                 0                 0               250             9.735	B1, 
         2.9274673       -0.70793415                 0         2.7649519        -244.68686                 0         424.80635                 0                 0                 0                 0                 0                 0               250             9.765	B1, 
          2.936461       -0.71242311                 0         2.7727452        -244.68686                 0         424.80635                 0                 0                 0                 0                 0                 0               250             9.795	B1, 
         2.9454548       -0.71691207                 0         2.7805386        -244.68686                 0         424.80635                 0                 0                 0                 0                 0                 0               250             9.825	B1, 
         2.9544485       -0.72140103                 0          2.788332        -244.68686                 0         424.80635                 0                 0                 0                 0                 0                 0               250             9.855	B1, 
         2.9634423       -0.72588999                 0         2.7961254        -244.68686                 0         424.80635                 0                 0                 0                 0                 0                 0               250             9.885	B1, 
          2.972436       -0.73037895                 0         2.8039188        -244.68686                 0         424.80635                 0                 0                 0                 0                 0                 0               250             9.915	B1, 
         2.9814298       -0.73486791                 0         2.8117122        -244.68686                 0         424.80635                 0                 0                 0                 0                 0                 0               250             9.945	B1, 
         2.9904235       -0.73935687                 0         2.8195056        -244.68686                 0         424.80635                 0                 0                 0                 0                 0                 0               250             9.975	B1, 
         2.9994173       -0.74384583                 0         2.8272989        -244.68686                 0         424.80635                 0                 0                 0                 0                 0                 0               250            10.005	B1, 
         3.0084111       -0.74833479                 0         2.8350923        -244.68686                 0         424.80635                 0                 0                 0                 0                 0                 0               250            10.035	B1, 
         3.0174048       -0.75282375                 0         2.8428857        -244.68686                 0         424.80635                 0                 0                 0                 0                 0                 0               250            10.065	B1, 
         3.0263986       -0.75731272                 0         2.8506791        -244.68686                 0         424.80635                 0                 0                 0                 0                 0                 0               250            10.095	B1, 
         3.0353923       -0.76180168                 0         2.8584725        -244.68686                 0         424.80635                 0                 0                 0                 0                 0                 0               250            10.125	B1, 
         3.0421376        -0.7651684                 0         2.8643175        -244.68686                 0         424.80635                 0                 0                 0                 0                 0                 0               250           10.1475	B1, 
         3.0446671       -0.76643092                 0         2.8665094        -244.68686                 0         424.80635                 0                 0                 0                 0                 0                 0               250         10.155938	B1, 
         3.0449658       -0.76657996                 0         2.8667682        -244.68686                 0         424.80635                 0                 0                 0                 0                 0                 0               250         10.156934	B1, 
         3.0449921       -0.76659312                 0          2.866791        -244.68686                 0         424.80635                 0                 0                 0                 0                 0                 0               250         10.157021	B1, 
         3.0450031        -0.7665986                 0         2.8668005        -244.68686                 0         424.80635                 0                 0                 0                 0                 0                 0               250         10.157058	B1, 
         3.0450058       -0.76659997                 0         2.8668029        -244.68686                 0         424.80635                 0                 0                 0                 0                 0                 0               250         10.157067	B1, 
         3.0450066       -0.76660038                 0         2.8668036        -244.68686                 0         424.80635                 0                 0                 0                 0                 0                 0               250          10.15707	B1, 
          3.045007       -0.76660055                 0         2.8668039        -244.68686                 0         424.80635                 0                 0                 0                 0                 0                 0               250         10.157071	B1, 
         3.0450071       -0.76660059                 0          2.866804        -244.68686                 0         424.80635                 0                 0                 0                 0                 0                 0               250         10.157071	B1, 
         3.0450071        -0.7666006                 0          2.866804        -244.68686                 0         424.80635                 0                 0                 0                 0                 0                 0               250         10.157072	B1, 
         3.0450071        -0.7666006                 0          2.866804        -244.68686                 0         424.80635                 0                 0                 0                 0                 0                 0               250         10.157072	B1, 
         3.0450071        -0.7666006                 0          2.866804        -244.68686                 0         424.80635                 0                 0                 0                 0                 0                 0               250         10.157072	B1, 
         3.0450071        -0.7666006                 0          2.866804        -244.68686                 0         424.80635                 0                 0                 0                 0                 0                 0               250         10.157072	B1, 
         3.0450071        -0.7666006                 0          2.866804        -244.68686                 0         424.80635                 0                 0                 0                 0                 0                 0               250         10.157072	B1, 
         3.0450071        -0.7666006                 0          2.866804        -244.68686                 0         424.80635                 0                 0                 0                 0                 0                 0               250         10.157072	B1, 
         3.0450071        -0.7666006                 0          2.866804        -244.68686                 0         424.80635                 0                 0                 0                 0                 0                 0               250         10.157072	B1, 
         3.0450071        -0.7666006                 0          2.866804        -244.68686                 0         424.80635                 0                 0                 0                 0                 0                 0               250         10.157072	B1, 
         3.0450071        -0.7666006                 0          2.866804        -244.68686                 0         424.80635                 0                 0                 0                 0                 0                 0               250         10.157072	B1, 
         3.0450071        -0.7666006                 0          2.866804        -244.68686                 0         424.80635                 0                 0                 0                 0                 0                 0               250         10.157072	B1, 
         3.0450071        -0.7666006                 0          2.866804        -244.68686                 0         424.80635                 0                 0                 0                 0                 0                 0               250         10.157072	D1, 
         3.0450071        -0.7666006                 0          2.866804        -244.68686                 0         424.80635                 0                 0                 0                 0                 0                 0               250         10.157072	D1, 
         3.0450071        -0.7666006                 0          2.866804        -244.68686                 0         424.80635                 0                 0                 0                 0                 0                 0               250         10.157072	D1, 
         3.0450071        -0.7666006                 0          2.866804        -244.68686                 0         424.80635                 0                 0                 0                 0                 0                 0               250         10.157072	D1, 
         3.0450071        -0.7666006                 0          2.866804        -244.68686                 0         424.80635                 0                 0                 0                 0                 0                 0               250         10.157072	D1, 
         3.0450071        -0.7666006                 0          2.866804        -244.68686                 0         424.80635                 0                 0                 0                 0                 0                 0               250         10.157072	D1, 
         3.0450071        -0.7666006                 0          2.866804        -244.68686                 0         424.80635                 0                 0                 0                 0                 0                 0               250         10.157072	D1, 
         3.0450071        -0.7666006                 0          2.866804        -244.68686                 0         424.80635                 0                 0                 0                 0                 0                 0               250         10.157072	D1, 
         3.0450071        -0.7666006                 0          2.866804        -244.68686                 0         424.80635                 0                 0                 0                 0                 0                 0               250         10.157072	D1, 
         3.0450071       -0.76660061                 0          2.866804        -244.68686                 0         424.80635                 0                 0                 0                 0                 0                 0               250         10.157072	D1, 
         3.0450071       -0.76660061                 0          2.866804        -244.68686                 0         424.80635                 0                 0                 0                 0                 0                 0               250         10.157072	D1, 
         3.0450072       -0.76660063                 0         2.8668041        -244.68686                 0         424.80635                 0                 0                 0                 0                 0                 0               250         10.157072	D1, 
         3.0450073       -0.76660072                 0         2.8668042        -244.68686                 0         424.80635                 0                 0                 0                 0                 0                 0               250         10.157072	D1, 
         3.0450086       -0.76660134                 0         2.8668053        -244.68686                 0         424.80635                 0                 0                 0                 0                 0                 0               250         10.157076	D1, 
         3.0450141       -0.76660407                 0           2.86681        -244.68686                 0         424.80635                 0                 0                 0                 0                 0                 0               250         10.157095	D1, 
         3.0450536        -0.7666238                 0         2.8668443        -244.68686                 0         424.80635                 0                 0                 0                 0                 0                 0               250         10.157227	D1, 
          3.045159       -0.76667641                 0         2.8669356        -244.68686                 0         424.80635                 0                 0                 0                 0                 0                 0               250         10.157578	D1, 
         3.0453698       -0.76678162                 0         2.8671183        -244.68686                 0         424.80635                 0                 0                 0                 0                 0                 0               250         10.158281	D1, 
         3.0460724       -0.76713232                 0         2.8677271        -244.68686                 0         424.80635                 0                 0                 0                 0                 0                 0               250         10.160625	D1, 
         3.0477587         -0.767974                 0         2.8691884        -244.68686                 0         424.80635                 0                 0                 0                 0                 0                 0               250          10.16625	D1, 
         3.0533798        -0.7707796                 0         2.8740593        -244.68686                 0         424.80635                 0                 0                 0                 0                 0                 0               250            10.185	D1, 
         3.0623736       -0.77526856                 0         2.8818526        -244.68686                 0         424.80635                 0                 0                 0                 0                 0                 0               250            10.215	D1, 
         3.0713673       -0.77975752                 0          2.889646        -244.68686                 0         424.80635                 0                 0                 0                 0                 0                 0               250            10.245	D1, 
         3.0803611       -0.78424648                 0         2.8974394        -244.68686                 0         424.80635                 0                 0                 0                 0                 0                 0               250            10.275	D1, 
         3.0893549       -0.78873544                 0         2.9052328        -244.68686                 0         424.80635                 0                 0                 0                 0                 0                 0               250            10.305	D1, 
         3.0983486        -0.7932244                 0         2.9130262        -244.68686                 0         424.80635                 0                 0                 0                 0                 0                 0               250            10.335	D1, 
         3.1073424       -0.79771336                 0         2.9208196        -244.68686                 0         424.80635                 0                 0                 0                 0                 0                 0               250            10.365	D1, 
         3.1163361       -0.80220232                 0          2.928613        -244.68686                 0         424.80635                 0                 0                 0                 0                 0                 0               250            10.395	D1, 
         3.1253299       -0.80669128                 0         2.9364063        -244.68686                 0         424.80635                 0                 0                 0                 0                 0                 0               250            10.425	D1, 
         3.1343236       -0.81118024                 0         2.9441997        -244.68686                 0         424.80635                 0                 0                 0                 0                 0                 0               250            10.455	D1, 
         3.1433174       -0.81566921                 0         2.9519931        -244.68686                 0         424.80635                 0                 0                 0                 0                 0                 0               250            10.485	D1, 
         3.1523111       -0.82015817                 0         2.9597865        -244.68686                 0         424.80635                 0                 0                 0                 0                 0                 0               250            10.515	D1, 
         3.1613049       -0.82464713                 0         2.9675799        -244.68686                 0         424.80635                 0                 0                 0                 0                 0                 0               250            10.545	D1, 
         3.1702986       -0.82913609                 0         2.9753733        -244.68686                 0         424.80635                 0                 0                 0                 0                 0                 0               250            10.575	D1, 
         3.1792924       -0.83362505                 0         2.9831667        -244.68686                 0         424.80635                 0                 0                 0                 0                 0                 0               250            10.605	D1, 
         3.1882862       -0.83811401                 0           2.99096        -244.68686                 0         424.80635                 0                 0                 0                 0                 0                 0               250            10.635	D1, 
         3.1972799       -0.84260297                 0         2.9987534        -244.68686                 0         424.80635                 0                 0                 0                 0                 0                 0               250            10.665	D1, 
         3.2062737       -0.84709193                 0         3.0065468        -244.68686                 0         424.80635                 0                 0                 0                 0                 0                 0               250            10.695	D1, 
         3.2152674       -0.85158089                 0         3.0143402        -244.68686                 0         424.80635                 0                 0                 0                 0                 0                 0               250            10.725	D1, 
         3.2242612       -0.85606985                 0         3.0221336        -244.68686                 0         424.80635                 0                 0                 0                 0                 0                 0               250            10.755	D1, 
         3.2332549       -0.86055881                 0          3.029927        -244.68686                 0         424.80635                 0                 0                 0                 0                 0                 0               250            10.785	D1, 
         3.2422487       -0.86504777                 0         3.0377204        -244.68686                 0         424.80635                 0                 0                 0                 0                 0                 0               250            10.815	D1, 
         3.2512424       -0.86953673                 0         3.0455137        -244.68686                 0         424.80635                 0                 0                 0                 0                 0                 0               250            10.845	D1, 
         3.2602362        -0.8740257                 0         3.0533071        -244.68686                 0         424.80635                 0                 0                 0                 0                 0                 0               250            10.875	D1, 
           3.26923       -0.87851466                 0         3.0611005        -244.68686                 0         424.80635                 0                 0                 0                 0                 0                 0               250            10.905	D1, 
         3.2782237       -0.88300362                 0         3.0688939        -244.68686                 0         424.80635                 0                 0                 0                 0                 0                 0               250            10.935	D1, 
         3.2872175       -0.88749258                 0         3.0766873        -244.68686                 0         424.80635                 0                 0                 0                 0                 0                 0               250            10.965	D1, 
         3.2962112       -0.89198154                 0         3.0844807        -244.68686                 0         424.80635                 0                 0                 0                 0                 0                 0               250            10.995	D1, 
          3.305205        -0.8964705                 0         3.0922741        -244.68686                 0         424.80635                 0                 0                 0                 0                 0                 0               250            11.025	D1, 
         3.3141987       -0.90095946                 0         3.1000674        -244.68686                 0         424.80635                 0                 0                 0                 0                 0                 0               250            11.055	D1, 
         3.3231925       -0.90544842                 0         3.1078608        -244.68686                 0         424.80635                 0                 0                 0                 0                 0                 0               250            11.085	D1, 
         3.3321862       -0.90993738                 0         3.1156542        -244.68686                 0         424.80635                 0                 0                 0                 0                 0                 0               250            11.115	D1, 
           3.34118       -0.91442634                 0         3.1234476        -244.68686                 0         424.80635                 0                 0                 0                 0                 0                 0               250            11.145	D1, 
         3.3501737        -0.9189153                 0          3.131241        -244.68686                 0         424.80635                 0                 0                 0                 0                 0                 0               250            11.175	D1, 
         3.3591675       -0.92340426                 0         3.1390344        -244.68686                 0         424.80635                 0                 0                 0                 0                 0                 0               250            11.205	D1, 
         3.3681613       -0.92789322                 0         3.1468278        -244.68686                 0         424.80635                 0                 0                 0                 0                 0                 0               250            11.235	D1, 
          3.377155       -0.93238219                 0         3.1546211        -244.68686                 0         424.80635                 0                 0                 0                 0                 0                 0               250            11.265	D1, 
         3.3861488       -0.93687115                 0         3.1624145        -244.68686                 0         424.80635                 0                 0                 0                 0                 0                 0               250            11.295	D1, 
         3.3951425       -0.94136011                 0         3.1702079        -244.68686                 0         424.80635                 0                 0                 0                 0                 0                 0               250            11.325	D1, 
         3.4041363       -0.94584907                 0         3.1780013        -244.68686                 0         424.80635                 0                 0                 0                 0                 0                 0               250            11.355	D1, 
           3.41313       -0.95033803                 0         3.1857947        -244.68686                 0         424.80635                 0                 0                 0                 0                 0                 0               250            11.385	D1, 
         3.4221238       -0.95482699                 0         3.1935881        -244.68686                 0         424.80635                 0                 0                 0                 0                 0                 0               250            11.415	D1, 
         3.4311175       -0.95931595                 0         3.2013815        -244.68686                 0         424.80635                 0                 0                 0                 0                 0                 0               250            11.445	D1, 
         3.4401113       -0.96380491                 0         3.2091748        -244.68686                 0         424.80635                 0                 0                 0                 0                 0                 0               250            11.475	D1, 
         3.4491051       -0.96829387                 0         3.2169682        -244.68686                 0         424.80635                 0                 0                 0                 0                 0                 0               250            11.505	D1, 
         3.4580988       -0.97278283                 0         3.2247616        -244.68686                 0         424.80635                 0                 0                 0                 0                 0                 0               250            11.535	D1, 
         3.4670926       -0.97727179                 0          3.232555        -244.68686                 0         424.80635                 0                 0                 0                 0                 0                 0               250            11.565	D1, 
         3.4760863       -0.98176075                 0         3.2403484        -244.68686                 0         424.80635                 0                 0                 0                 0                 0                 0               250            11.595	D1, 
         3.4850801       -0.98624971                 0         3.2481418        -244.68686                 0         424.80635                 0                 0                 0                 0                 0                 0               250            11.625	D1, 
         3.4940738       -0.99073868                 0         3.2559352        -244.68686                 0         424.80635                 0                 0                 0                 0                 0                 0               250            11.655	D1, 
         3.5030676       -0.99522764                 0         3.2637285        -244.68686                 0         424.80635                 0                 0                 0                 0                 0                 0               250            11.685	D1, 
         3.5120613        -0.9997166                 0         3.2715219        -244.68686                 0         424.80635                 0                 0                 0                 0                 0                 0               250            11.715	D1, 
         3.5210551        -1.0042056                 0         3.2793153        -244.68686                 0         424.80635                 0                 0                 0                 0                 0                 0               250            11.745	D1, 
         3.5300488        -1.0086945                 0         3.2871087        -244.68686                 0         424.80635                 0                 0                 0                 0                 0                 0               250            11.775	D1, 
         3.5390426        -1.0131835                 0         3.2949021        -244.68686                 0         424.80635                 0                 0                 0                 0                 0                 0               250            11.805	D1, 
         3.5480364        -1.0176724                 0         3.3026955        -244.68686                 0         424.80635                 0                 0                 0                 0                 0                 0               250            11.835	D1, 
         3.5570301        -1.0221614                 0         3.3104889        -244.68686                 0         424.80635                 0                 0                 0                 0                 0                 0               250            11.865	D1, 
         3.5660239        -1.0266504                 0         3.3182822        -244.68686                 0         424.80635                 0                 0                 0                 0                 0                 0               250            11.895	D1, 
         3.5750176        -1.0311393                 0         3.3260756        -244.68686                 0         424.80635                 0                 0                 0                 0                 0                 0               250            11.925	D1, 
         3.5840114        -1.0356283                 0          3.333869        -244.68686                 0         424.80635                 0                 0                 0                 0                 0                 0               250            11.955	D1, 
         3.5930051        -1.0401172                 0         3.3416624        -244.68686                 0         424.80635                 0                 0                 0                 0                 0                 0               250            11.985	D1, 
         3.6019989        -1.0446062                 0         3.3494558        -244.68686                 0         424.80635                 0                 0                 0                 0                 0                 0               250            12.015	D1, 
         3.6109926        -1.0490952                 0         3.3572492        -244.68686                 0         424.80635                 0                 0                 0                 0                 0                 0               250            12.045	D1, 
         3.6199864        -1.0535841                 0         3.3650426        -244.68686                 0         424.80635                 0                 0                 0                 0                 0                 0               250            12.075	D1, 
         3.6289802        -1.0580731                 0         3.3728359        -244.68686                 0         424.80635                 0                 0                 0                 0                 0                 0               250            12.105	D1, 
         3.6379739         -1.062562                 0         3.3806293        -244.68686                 0         424.80635                 0                 0                 0                 0                 0                 0               250            12.135	D1, 
         3.6469677         -1.067051                 0         3.3884227        -244.68686                 0         424.80635                 0                 0                 0                 0                 0                 0               250            12.165	D1, 
         3.6559614          -1.07154                 0         3.3962161        -244.68686                 0         424.80635                 0                 0                 0                 0                 0                 0               250            12.195	D1, 
         3.6649552        -1.0760289                 0         3.4040095        -244.68686                 0         424.80635                 0                 0                 0                 0                 0                 0               250            12.225	D1, 
         3.6739489        -1.0805179                 0         3.4118029        -244.68686                 0         424.80635                 0                 0                 0                 0                 0                 0               250            12.255	D1, 
         3.6829427        -1.0850069                 0         3.4195963        -244.68686                 0         424.80635                 0                 0                 0                 0                 0                 0               250            12.285	D1, 
         3.6919364        -1.0894958                 0         3.4273896        -244.68686                 0         424.80635                 0                 0                 0                 0                 0                 0               250            12.315	D1, 
         3.7009302        -1.0939848                 0          3.435183        -244.68686                 0         424.80635                 0                 0                 0                 0                 0                 0               250            12.345	D1, 
         3.7099239        -1.0984737                 0         3.4429764        -244.68686                 0         424.80635                 0                 0                 0                 0                 0                 0               250            12.375	D1, 
         3.7189177        -1.1029627                 0         3.4507698        -244.68686                 0         424.80635                 0                 0                 0                 0                 0                 0               250            12.405	D1, 
         3.7279115        -1.1074517                 0         3.4585632        -244.68686                 0         424.80635                 0                 0                 0                 0                 0                 0               250            12.435	D1, 
         3.7369052        -1.1119406                 0         3.4663566        -244.68686                 0         424.80635                 0                 0                 0                 0                 0                 0               250            12.465	D1, 
          3.745899        -1.1164296                 0           3.47415        -244.68686                 0         424.80635                 0                 0                 0                 0                 0                 0               250            12.495	D1, 
         3.7548927        -1.1209185                 0         3.4819433        -244.68686                 0         424.80635                 0                 0                 0                 0                 0                 0               250            12.525	D1, 
         3.7638865        -1.1254075                 0         3.4897367        -244.68686                 0         424.80635                 0                 0                 0                 0                 0                 0               250            12.555	D1, 
         3.7728802        -1.1298965                 0         3.4975301        -244.68686                 0         424.80635                 0                 0                 0                 0                 0                 0               250            12.585	D1, 
          3.781874        -1.1343854                 0         3.5053235        -244.68686                 0         424.80635                 0                 0                 0                 0                 0                 0               250            12.615	D1, 
         3.7908677        -1.1388744                 0         3.5131169        -244.68686                 0         424.80635                 0                 0                 0                 0                 0                 0               250            12.645	D1, 
         3.7998615        -1.1433633                 0         3.5209103        -244.68686                 0         424.80635                 0                 0                 0                 0                 0                 0               250            12.675	D1, 
         3.8088553        -1.1478523                 0         3.5287037        -244.68686                 0         424.80635                 0                 0                 0                 0                 0                 0               250            12.705	D1, 
          3.817849        -1.1523413                 0          3.536497        -244.68686                 0         424.80635                 0                 0                 0                 0                 0                 0               250            12.735	D1, 
         3.8268428        -1.1568302                 0         3.5442904        -244.68686                 0         424.80635                 0                 0                 0                 0                 0                 0               250            12.765	D1, 
         3.8358365        -1.1613192                 0         3.5520838        -244.68686                 0         424.80635                 0                 0                 0                 0                 0                 0               250            12.795	D1, 
         3.8448303        -1.1658081                 0         3.5598772        -244.68686                 0         424.80635                 0                 0                 0                 0                 0                 0               250            12.825	D1, 
          3.853824        -1.1702971                 0         3.5676706        -244.68686                 0         424.80635                 0                 0                 0                 0                 0                 0               250            12.855	D1, 
         3.8628178        -1.1747861                 0          3.575464        -244.68686                 0         424.80635                 0                 0                 0                 0                 0                 0               250            12.885	D1, 
         3.8718115         -1.179275                 0         3.5832574        -244.68686                 0         424.80635                 0                 0                 0                 0                 0                 0               250            12.915	D1, 
         3.8808053         -1.183764                 0         3.5910507        -244.68686                 0         424.80635                 0                 0                 0                 0                 0                 0               250            12.945	D1, 
         3.8897991        -1.1882529                 0         3.5988441        -244.68686                 0         424.80635                 0                 0                 0                 0                 0                 0               250            12.975	D1, 
         3.8987928        -1.1927419                 0         3.6066375        -244.68686                 0         424.80635                 0                 0                 0                 0                 0                 0               250            13.005	D1, 
         3.9077866        -1.1972309                 0         3.6144309        -244.68686                 0         424.80635                 0                 0                 0                 0                 0                 0               250            13.035	D1, 
         3.9167803        -1.2017198                 0         3.6222243        -244.68686                 0         424.80635                 0                 0                 0                 0                 0                 0               250            13.065	D1, 
         3.9257741        -1.2062088                 0         3.6300177        -244.68686                 0         424.80635                 0                 0                 0                 0                 0                 0               250            13.095	D1, 
         3.9347678        -1.2106978                 0         3.6378111        -244.68686                 0         424.80635                 0                 0                 0                 0                 0                 0               250            13.125	D1, 
         3.9437616        -1.2151867                 0         3.6456044        -244.68686                 0         424.80635                 0                 0                 0                 0                 0                 0               250            13.155	D1, 
         3.9527553        -1.2196757                 0         3.6533978        -244.68686                 0         424.80635                 0                 0                 0                 0                 0                 0               250            13.185	D1, 
         3.9617491        -1.2241646                 0         3.6611912        -244.68686                 0         424.80635                 0                 0                 0                 0                 0                 0               250            13.215	D1, 
         3.9707428        -1.2286536                 0         3.6689846        -244.68686                 0         424.80635                 0                 0                 0                 0                 0                 0               250            13.245	D1, 
         3.9797366        -1.2331426                 0          3.676778        -244.68686                 0         424.80635                 0                 0                 0                 0                 0                 0               250            13.275	D1, 
         3.9887304        -1.2376315                 0         3.6845714        -244.68686                 0         424.80635                 0                 0                 0                 0                 0                 0               250            13.305	D1, 
         3.9977241        -1.2421205                 0         3.6923648        -244.68686                 0         424.80635                 0                 0                 0                 0                 0                 0               250            13.335	D1, 
         4.0067179        -1.2466094                 0         3.7001581        -244.68686                 0         424.80635                 0                 0                 0                 0                 0                 0               250            13.365	D1, 
         4.0157116        -1.2510984                 0         3.7079515        -244.68686                 0         424.80635                 0                 0                 0                 0                 0                 0               250            13.395	D1, 
         4.0247054        -1.2555874                 0         3.7157449        -244.68686                 0         424.80635                 0                 0                 0                 0                 0                 0               250            13.425	D1, 
         4.0336991        -1.2600763                 0         3.7235383        -244.68686                 0         424.80635                 0                 0                 0                 0                 0                 0               250            13.455	D1, 
         4.0404444         -1.263443                 0         3.7293833        -244.68686                 0         424.80635                 0                 0                 0                 0                 0                 0               250           13.4775	D1, 
         4.0438171        -1.2651264                 0         3.7323059        -244.68686                 0         424.80635                 0                 0                 0                 0                 0                 0               250          13.48875	D1, 
         4.0449589        -1.2656963                 0         3.7332953        -244.68686                 0         424.80635                 0                 0                 0                 0                 0                 0               250         13.492559	D1, 
         4.0449852        -1.2657094                 0         3.7333181        -244.68686                 0         424.80635                 0                 0                 0                 0                 0                 0               250         13.492646	D1, 
         4.0449984         -1.265716                 0         3.7333295        -244.68686                 0         424.80635                 0                 0                 0                 0                 0                 0               250          13.49269	D1, 
          4.045005        -1.2657193                 0         3.7333352        -244.68686                 0         424.80635                 0                 0                 0                 0                 0                 0               250         13.492712	D1, 
         4.0450073        -1.2657205                 0         3.7333372        -244.68686                 0         424.80635                 0                 0                 0                 0                 0                 0               250          13.49272	D1, 
         4.0450075        -1.2657206                 0         3.7333374        -244.68686                 0         424.80635                 0                 0                 0                 0                 0                 0               250         13.492721	D1, 
         4.0450076        -1.2657206                 0         3.7333375        -244.68686                 0         424.80635                 0                 0                 0                 0                 0                 0               250         13.492721	D1, 
         4.0450076        -1.2657206                 0         3.7333375        -244.68686                 0         424.80635                 0                 0                 0                 0                 0                 0               250         13.492721	D1, 
         4.0450076        -1.2657206                 0         3.7333375        -244.68686                 0         424.80635                 0                 0                 0                 0                 0                 0               250         13.492721	D1, 
         4.0450076        -1.2657206                 0         3.7333375        -244.68686                 0         424.80635                 0                 0                 0                 0                 0                 0               250         13.492721	D1, 
         4.0450076        -1.2657206                 0         3.7333375        -244.68686                 0         424.80635                 0                 0                 0                 0                 0                 0               250         13.492721	D1, 
         4.0450076        -1.2657206                 0         3.7333375        -244.68686                 0         424.80635                 0                 0                 0                 0                 0                 0               250         13.492721	D1, 
         4.0450076        -1.2657206                 0         3.7333375        -244.68686                 0         424.80635                 0                 0                 0                 0                 0                 0               250         13.492721	D1, 
         4.0450076        -1.2657206                 0         3.7333375        -244.68686                 0         424.80635                 0                 0                 0                 0                 0                 0               250         13.492721	D1, 
         4.0450076        -1.2657206                 0         3.7333375        -244.68686                 0         424.80635                 0                 0                 0                 0                 0                 0               250         13.492721	D1, 
         4.0450076        -1.2657206                 0         3.7333375        -244.68686                 0         424.80635                 0                 0                 0                 0                 0                 0               250         13.492721	D1, 
         4.0450076        -1.2657206                 0         3.7333375        -244.68686                 0         424.80635                 0                 0                 0                 0                 0                 0               250         13.492721	D1, 
         4.0450076        -1.2657206                 0         3.7333375        -244.68686                 0         424.80635                 0                 0                 0                 0      -0.013701756                 0               250         13.492721	QACH, 
         4.0450076        -1.2657206                 0         3.7333375        -244.68686                 0         424.80635                 0                 0                 0                 0      -0.013701756                 0               250         13.492721	QACH, 
         4.0450076        -1.2657206                 0         3.7333375        -244.68686                 0         424.80635                 0                 0                 0                 0      -0.013701756                 0               250         13.492721	QACH, 
         4.0450076        -1.2657206                 0         3.7333375        -244.68686                 0         424.80635                 0                 0                 0                 0      -0.013701756                 0               250         13.492721	QACH, 
         4.0450076        -1.2657206                 0         3.7333375        -244.68686                 0         424.80635                 0                 0                 0                 0      -0.013701756                 0               250         13.492721	QACH, 
         4.0450076        -1.2657206                 0         3.7333375        -244.68686                 0         424.80635                 0                 0                 0                 0      -0.013701756                 0               250         13.492721	QACH, 
         4.0450076        -1.2657206                 0         3.7333375        -244.68686                 0         424.80635                 0                 0                 0                 0      -0.013701756                 0               250         13.492721	QACH, 
         4.0450076        -1.2657206                 0         3.7333375        -244.68686                 0         424.80635                 0                 0                 0                 0      -0.013701756                 0               250         13.492721	QACH, 
         4.0450076        -1.2657206                 0         3.7333375        -244.68686                 0         424.80635                 0                 0                 0                 0      -0.013701756                 0               250         13.492721	QACH, 
         4.0450076        -1.2657206                 0         3.7333375        -244.68686                 0         424.80635                 0                 0                 0                 0      -0.013701756                 0               250         13.492721	QACH, 
         4.0450077        -1.2657206                 0         3.7333375        -244.68686                 0         424.80635                 0                 0                 0                 0      -0.013701756                 0               250         13.492721	QACH, 
         4.0450077        -1.2657207                 0         3.7333376        -244.68686                 0         424.80635                 0                 0                 0                 0      -0.013701757                 0               250         13.492721	QACH, 
          4.045008        -1.2657208                 0         3.7333378        -244.68686                 0         424.80635                 0                 0                 0                 0      -0.013701758                 0               250         13.492722	QACH, 
         4.0450088        -1.2657212                 0         3.7333385        -244.68687                 0         424.80635                 0                 0                 0                 0      -0.013701763                 0               250         13.492725	QACH, 
         4.0450105         -1.265722                 0           3.73334        -244.68688                 0         424.80634                 0                 0                 0                 0      -0.013701772                 0               250         13.492731	QACH, 
         4.0450467        -1.2657401                 0         3.7333714        -244.68713                 0          424.8062                 0                 0                 0                 0      -0.013701968                 0               250         13.492852	QACH, 
         4.0451521        -1.2657927                 0         3.7334627        -244.68786                 0         424.80577                 0                 0                 0                 0      -0.013702537                 0               250         13.493203	QACH, 
         4.0453629        -1.2658979                 0         3.7336453        -244.68933                 0         424.80493                 0                 0                 0                 0      -0.013703673                 0               250         13.493906	QACH, 
         4.0457845        -1.2661084                 0         3.7340107        -244.69227                 0         424.80324                 0                 0                 0                 0      -0.013705933                 0               250         13.495313	QACH, 
         4.0466277        -1.2665292                 0         3.7347413        -244.69815                 0         424.79985                 0                 0                 0                 0      -0.013710407                 0               250         13.498125	QACH, 
         4.0516866        -1.2690546                 0         3.7391249        -244.73344                 0         424.77952                 0                 0                 0                 0      -0.013735943                 0               250            13.515	QACH, 
         4.0606804         -1.273545                 0         3.7469174        -244.79633                 0         424.74328                 0                 0                 0                 0      -0.013775808                 0               250            13.545	QACH, 
         4.0696742        -1.2780365                 0         3.7547093        -244.85938                 0         424.70693                 0                 0                 0                 0      -0.013808573                 0               250            13.575	QACH, 
         4.0786679        -1.2825292                 0         3.7625006        -244.92256                 0          424.6705                 0                 0                 0                 0      -0.013834221                 0               250            13.605	QACH, 
         4.0876617        -1.2870231                 0         3.7702911        -244.98584                 0           424.634                 0                 0                 0                 0      -0.013852739                 0               250            13.635	QACH, 
         4.0966554        -1.2915181                 0          3.778081        -245.04917                 0         424.59745                 0                 0                 0                 0      -0.013864118                 0               250            13.665	QACH, 
         4.1056492        -1.2960143                 0         3.7858702        -245.11254                 0         424.56088                 0                 0                 0                 0      -0.013868351                 0               250            13.695	QACH, 
         4.1146429        -1.3005116                 0         3.7936588        -245.17591                 0         424.52429                 0                 0                 0                 0      -0.013865436                 0               250            13.725	QACH, 
         4.1236367        -1.3050102                 0         3.8014467        -245.23924                 0         424.48771                 0                 0                 0                 0      -0.013855375                 0               250            13.755	QACH, 
         4.1326304        -1.3095098                 0         3.8092339         -245.3025                 0         424.45115                 0                 0                 0                 0      -0.013838174                 0               250            13.785	QACH, 
         4.1416242        -1.3140107                 0         3.8170204        -245.36566                 0         424.41464                 0                 0                 0                 0       -0.01381384                 0               250            13.815	QACH, 
         4.1506179        -1.3185127                 0         3.8248063        -245.42869                 0         424.37819                 0                 0                 0                 0      -0.013782387                 0               250            13.845	QACH, 
         4.1596117        -1.3230158                 0         3.8325915        -245.49156                 0         424.34183                 0                 0                 0                 0       -0.01374383                 0               250            13.875	QACH, 
         4.1686055        -1.3275201                 0          3.840376        -245.55423                 0         424.30557                 0                 0                 0                 0       -0.01369819                 0               250            13.905	QACH, 
         4.1775992        -1.3320255                 0         3.8481599        -245.61666                 0         424.26943                 0                 0                 0                 0       -0.01364549                 0               250            13.935	QACH, 
          4.186593        -1.3365321                 0         3.8559431        -245.67884                 0         424.23343                 0                 0                 0                 0      -0.013585758                 0               250            13.965	QACH, 
         4.1955867        -1.3410399                 0         3.8637256        -245.74072                 0         424.19759                 0                 0                 0                 0      -0.013519023                 0               250            13.995	QACH, 
         4.2045805        -1.3455487                 0         3.8715075        -245.80227                 0         424.16193                 0                 0                 0                 0      -0.013445321                 0               250            14.025	QACH, 
         4.2135742        -1.3500587                 0         3.8792887        -245.86347                 0         424.12645                 0                 0                 0                 0      -0.013364689                 0               250            14.055	QACH, 
          4.222568        -1.3545698                 0         3.8870693        -245.92428                 0          424.0912                 0                 0                 0                 0      -0.013277169                 0               250            14.085	QACH, 
         4.2315617         -1.359082                 0         3.8948493        -245.98467                 0         424.05617                 0                 0                 0                 0      -0.013182806                 0               250            14.115	QACH, 
         4.2383071        -1.3624669                 0         3.9006838        -246.02967                 0         424.03007                 0                 0                 0                 0      -0.013107573                 0               250           14.1375	QACH, 
         4.2416797        -1.3641596                 0         3.9036009        -246.05207                 0         424.01707                 0                 0                 0                 0       -0.01306853                 0               250          14.14875	QACH, 
          4.243366         -1.365006                 0         3.9050595        -246.06324                 0         424.01059                 0                 0                 0                 0      -0.013048653                 0               250         14.154375	QACH, 
         4.2442092        -1.3654292                 0         3.9057887        -246.06882                 0         424.00735                 0                 0                 0                 0      -0.013038625                 0               250         14.157188	QACH, 
         4.2446308        -1.3656408                 0         3.9061534        -246.07161                 0         424.00573                 0                 0                 0                 0       -0.01303359                 0               250         14.158594	QACH, 
         4.2448416        -1.3657466                 0         3.9063357          -246.073                 0         424.00492                 0                 0                 0                 0      -0.013031066                 0               250         14.159297	QACH, 
          4.244947        -1.3657995                 0         3.9064268         -246.0737                 0         424.00452                 0                 0                 0                 0      -0.013029803                 0               250         14.159648	QACH, 
         4.2449909        -1.3658216                 0         3.9064648        -246.07399                 0         424.00435                 0                 0                 0                 0      -0.013029277                 0               250         14.159795	QACH, 
         4.2450019        -1.3658271                 0         3.9064743        -246.07406                 0         424.00431                 0                 0                 0                 0      -0.013029145                 0               250         14.159832	QACH, 
         4.2450052        -1.3658287                 0         3.9064772        -246.07408                 0         424.00429                 0                 0                 0                 0      -0.013029105                 0               250         14.159843	QACH, 
         4.2450068        -1.3658296                 0         3.9064786         -246.0741                 0         424.00429                 0                 0                 0                 0      -0.013029086                 0               250         14.159848	QACH, 
         4.2450075        -1.3658299                 0         3.9064792         -246.0741                 0         424.00429                 0                 0                 0                 0      -0.013029078                 0               250          14.15985	QACH, 
         4.2450077          -1.36583                 0         3.9064793         -246.0741                 0         424.00428                 0                 0                 0                 0      -0.013029075                 0               250         14.159851	QACH, 
         4.2450077          -1.36583                 0         3.9064794         -246.0741                 0         424.00428                 0                 0                 0                 0      -0.013029075                 0               250         14.159851	QACH, 
         4.2450077          -1.36583                 0         3.9064794         -246.0741                 0         424.00428                 0                 0                 0                 0      -0.013029075                 0               250         14.159851	QACH, 
         4.2450077          -1.36583                 0         3.9064794         -246.0741                 0         424.00428                 0                 0                 0                 0      -0.013029075                 0               250         14.159851	QACH, 
         4.2450077          -1.36583                 0         3.9064794         -246.0741                 0         424.00428                 0                 0                 0                 0      -0.013029074                 0               250         14.159851	QACH, 
         4.2450078          -1.36583                 0         3.9064794         -246.0741                 0         424.00428                 0                 0                 0                 0      -0.013029074                 0               250         14.159851	QACH, 
         4.2450078          -1.36583                 0         3.9064794         -246.0741                 0         424.00428                 0                 0                 0                 0      -0.013029074                 0               250         14.159851	QACH, 
         4.2450078          -1.36583                 0         3.9064794         -246.0741                 0         424.00428                 0                 0                 0                 0      -0.013029074                 0               250         14.159851	QACH, 
         4.2450078          -1.36583                 0         3.9064794         -246.0741                 0         424.00428                 0                 0                 0                 0      -0.013029074                 0               250         14.159851	QACH, 
         4.2450078          -1.36583                 0         3.9064794         -246.0741                 0         424.00428                 0                 0                 0                 0      -0.013029074                 0               250         14.159851	QACH, 
         4.2450078          -1.36583                 0         3.9064794         -246.0741                 0         424.00428                 0                 0                 0                 0      -0.013029074                 0               250         14.159851	QACH, 
         4.2450078          -1.36583                 0         3.9064794         -246.0741                 0         424.00428                 0                 0                 0                 0      -0.013029074                 0               250         14.159851	QACH, 
         4.2450078          -1.36583                 0         3.9064794         -246.0741                 0         424.00428                 0                 0                 0                 0      -0.013029074                 0               250         14.159851	QACH, 
         4.2450078          -1.36583                 0         3.9064794         -246.0741                 0         424.00428                 0                 0                 0                 0      -0.013029074                 0               250         14.159851	QACH, 
         4.2450078          -1.36583                 0         3.9064794         -246.0741                 0         424.00428                 0                 0                 0                 0      -0.013029074                 0               250         14.159851	QACH, 
         4.2450078          -1.36583                 0         3.9064794         -246.0741                 0         424.00428                 0                 0                 0                 0                 0                 0               250         14.159851	D2, 
         4.2450078          -1.36583                 0         3.9064794         -246.0741                 0         424.00428                 0                 0                 0                 0                 0                 0               250         14.159851	D2, 
         4.2450078          -1.36583                 0         3.9064794         -246.0741                 0         424.00428                 0                 0                 0                 0                 0                 0               250         14.159851	D2, 
         4.2450078          -1.36583                 0         3.9064794         -246.0741                 0         424.00428                 0                 0                 0                 0                 0                 0               250         14.159851	D2, 
         4.2450078          -1.36583                 0         3.9064794         -246.0741                 0         424.00428                 0                 0                 0                 0                 0                 0               250         14.159851	D2, 
         4.2450078          -1.36583                 0         3.9064794         -246.0741                 0         424.00428                 0                 0                 0                 0                 0                 0               250         14.159851	D2, 
         4.2450078          -1.36583                 0         3.9064794         -246.0741                 0         424.00428                 0                 0                 0                 0                 0                 0               250         14.159851	D2, 
         4.2450078          -1.36583                 0         3.9064794         -246.0741                 0         424.00428                 0                 0                 0                 0                 0                 0               250         14.159851	D2, 
         4.2450078        -1.3658301                 0         3.9064795         -246.0741                 0         424.00428                 0                 0                 0                 0                 0                 0               250         14.159851	D2, 
         4.2450082        -1.3658302                 0         3.9064798         -246.0741                 0         424.00428                 0                 0                 0                 0                 0                 0               250         14.159853	D2, 
         4.2450129        -1.3658326                 0         3.9064838         -246.0741                 0         424.00428                 0                 0                 0                 0                 0                 0               250         14.159868	D2, 
         4.2450348        -1.3658436                 0         3.9065028         -246.0741                 0         424.00428                 0                 0                 0                 0                 0                 0               250         14.159941	D2, 
         4.2495493        -1.3681096                 0         3.9104073         -246.0741                 0         424.00428                 0                 0                 0                 0                 0                 0               250            14.175	D2, 
          4.258543         -1.372624                 0          3.918186         -246.0741                 0         424.00428                 0                 0                 0                 0                 0                 0               250            14.205	D2, 
         4.2675368        -1.3771384                 0         3.9259647         -246.0741                 0         424.00428                 0                 0                 0                 0                 0                 0               250            14.235	D2, 
         4.2765305        -1.3816529                 0         3.9337433         -246.0741                 0         424.00428                 0                 0                 0                 0                 0                 0               250            14.265	D2, 
         4.2855243        -1.3861673                 0          3.941522         -246.0741                 0         424.00428                 0                 0                 0                 0                 0                 0               250            14.295	D2, 
          4.294518        -1.3906817                 0         3.9493007         -246.0741                 0         424.00428                 0                 0                 0                 0                 0                 0               250            14.325	D2, 
         4.3035118        -1.3951961                 0         3.9570793         -246.0741                 0         424.00428                 0                 0                 0                 0                 0                 0               250            14.355	D2, 
         4.3125055        -1.3997105                 0          3.964858         -246.0741                 0         424.00428                 0                 0                 0                 0                 0                 0               250            14.385	D2, 
         4.3214993        -1.4042249                 0         3.9726367         -246.0741                 0         424.00428                 0                 0                 0                 0                 0                 0               250            14.415	D2, 
          4.330493        -1.4087393                 0         3.9804154         -246.0741                 0         424.00428                 0                 0                 0                 0                 0                 0               250            14.445	D2, 
         4.3394868        -1.4132537                 0          3.988194         -246.0741                 0         424.00428                 0                 0                 0                 0                 0                 0               250            14.475	D2, 
         4.3484806        -1.4177681                 0         3.9959727         -246.0741                 0         424.00428                 0                 0                 0                 0                 0                 0               250            14.505	D2, 
         4.3574743        -1.4222826                 0         4.0037514         -246.0741                 0         424.00428                 0                 0                 0                 0                 0                 0               250            14.535	D2, 
         4.3664681         -1.426797                 0           4.01153         -246.0741                 0         424.00428                 0                 0                 0                 0                 0                 0               250            14.565	D2, 
         4.3754618        -1.4313114                 0         4.0193087         -246.0741                 0         424.00428                 0                 0                 0                 0                 0                 0               250            14.595	D2, 
         4.3844556        -1.4358258                 0         4.0270874         -246.0741                 0         424.00428                 0                 0                 0                 0                 0                 0               250            14.625	D2, 
         4.3934493        -1.4403402                 0         4.0348661         -246.0741                 0         424.00428                 0                 0                 0                 0                 0                 0               250            14.655	D2, 
         4.4024431        -1.4448546                 0         4.0426447         -246.0741                 0         424.00428                 0                 0                 0                 0                 0                 0               250            14.685	D2, 
         4.4114368         -1.449369                 0         4.0504234         -246.0741                 0         424.00428                 0                 0                 0                 0                 0                 0               250            14.715	D2, 
         4.4204306        -1.4538834                 0         4.0582021         -246.0741                 0         424.00428                 0                 0                 0                 0                 0                 0               250            14.745	D2, 
         4.4294244        -1.4583978                 0         4.0659807         -246.0741                 0         424.00428                 0                 0                 0                 0                 0                 0               250            14.775	D2, 
         4.4384181        -1.4629123                 0         4.0737594         -246.0741                 0         424.00428                 0                 0                 0                 0                 0                 0               250            14.805	D2, 
         4.4474119        -1.4674267                 0         4.0815381         -246.0741                 0         424.00428                 0                 0                 0                 0                 0                 0               250            14.835	D2, 
         4.4564056        -1.4719411                 0         4.0893168         -246.0741                 0         424.00428                 0                 0                 0                 0                 0                 0               250            14.865	D2, 
         4.4653994        -1.4764555                 0         4.0970954         -246.0741                 0         424.00428                 0                 0                 0                 0                 0                 0               250            14.895	D2, 
         4.4743931        -1.4809699                 0         4.1048741         -246.0741                 0         424.00428                 0                 0                 0                 0                 0                 0               250            14.925	D2, 
         4.4833869        -1.4854843                 0         4.1126528         -246.0741                 0         424.00428                 0                 0                 0                 0                 0                 0               250            14.955	D2, 
         4.4923806        -1.4899987                 0         4.1204314         -246.0741                 0         424.00428                 0                 0                 0                 0                 0                 0               250            14.985	D2, 
         4.5013744        -1.4945131                 0         4.1282101         -246.0741                 0         424.00428                 0                 0                 0                 0                 0                 0               250            15.015	D2, 
         4.5103681        -1.4990275                 0         4.1359888         -246.0741                 0         424.00428                 0                 0                 0                 0                 0                 0               250            15.045	D2, 
         4.5193619         -1.503542                 0         4.1437675         -246.0741                 0         424.00428                 0                 0                 0                 0                 0                 0               250            15.075	D2, 
         4.5283557        -1.5080564                 0         4.1515461         -246.0741                 0         424.00428                 0                 0                 0                 0                 0                 0               250            15.105	D2, 
         4.5373494        -1.5125708                 0         4.1593248         -246.0741                 0         424.00428                 0                 0                 0                 0                 0                 0               250            15.135	D2, 
         4.5463432        -1.5170852                 0         4.1671035         -246.0741                 0         424.00428                 0                 0                 0                 0                 0                 0               250            15.165	D2, 
         4.5553369        -1.5215996                 0         4.1748821         -246.0741                 0         424.00428                 0                 0                 0                 0                 0                 0               250            15.195	D2, 
         4.5643307         -1.526114                 0         4.1826608         -246.0741                 0         424.00428                 0                 0                 0                 0                 0                 0               250            15.225	D2, 
         4.5733244        -1.5306284                 0         4.1904395         -246.0741                 0         424.00428                 0                 0                 0                 0                 0                 0               250            15.255	D2, 
         4.5823182        -1.5351428                 0         4.1982182         -246.0741                 0         424.00428                 0                 0                 0                 0                 0                 0               250            15.285	D2, 
         4.5913119        -1.5396572                 0         4.2059968         -246.0741                 0         424.00428                 0                 0                 0                 0                 0                 0               250            15.315	D2, 
         4.6003057        -1.5441716                 0         4.2137755         -246.0741                 0         424.00428                 0                 0                 0                 0                 0                 0               250            15.345	D2, 
         4.6092995        -1.5486861                 0         4.2215542         -246.0741                 0         424.00428                 0                 0                 0                 0                 0                 0               250            15.375	D2, 
         4.6182932        -1.5532005                 0         4.2293328         -246.0741                 0         424.00428                 0                 0                 0                 0                 0                 0               250            15.405	D2, 
          4.627287        -1.5577149                 0         4.2371115         -246.0741                 0         424.00428                 0                 0                 0                 0                 0                 0               250            15.435	D2, 
         4.6362807        -1.5622293                 0         4.2448902         -246.0741                 0         424.00428                 0                 0                 0                 0                 0                 0               250            15.465	D2, 
         4.6452745        -1.5667437                 0         4.2526689         -246.0741                 0         424.00428                 0                 0                 0                 0                 0                 0               250            15.495	D2, 
         4.6542682        -1.5712581                 0         4.2604475         -246.0741                 0         424.00428                 0                 0                 0                 0                 0                 0               250            15.525	D2, 
          4.663262        -1.5757725                 0         4.2682262         -246.0741                 0         424.00428                 0                 0                 0                 0                 0                 0               250            15.555	D2, 
         4.6722557        -1.5802869                 0         4.2760049         -246.0741                 0         424.00428                 0                 0                 0                 0                 0                 0               250            15.585	D2, 
         4.6812495        -1.5848013                 0         4.2837835         -246.0741                 0         424.00428                 0                 0                 0                 0                 0                 0               250            15.615	D2, 
         4.6902432        -1.5893158                 0         4.2915622         -246.0741                 0         424.00428                 0                 0                 0                 0                 0                 0               250            15.645	D2, 
          4.699237        -1.5938302                 0         4.2993409         -246.0741                 0         424.00428                 0                 0                 0                 0                 0                 0               250            15.675	D2, 
         4.7082308        -1.5983446                 0         4.3071195         -246.0741                 0         424.00428                 0                 0                 0                 0                 0                 0               250            15.705	D2, 
         4.7172245         -1.602859                 0         4.3148982         -246.0741                 0         424.00428                 0                 0                 0                 0                 0                 0               250            15.735	D2, 
         4.7262183        -1.6073734                 0         4.3226769         -246.0741                 0         424.00428                 0                 0                 0                 0                 0                 0               250            15.765	D2, 
          4.735212        -1.6118878                 0         4.3304556         -246.0741                 0         424.00428                 0                 0                 0                 0                 0                 0               250            15.795	D2, 
         4.7442058        -1.6164022                 0         4.3382342         -246.0741                 0         424.00428                 0                 0                 0                 0                 0                 0               250            15.825	D2, 
         4.7531995        -1.6209166                 0         4.3460129         -246.0741                 0         424.00428                 0                 0                 0                 0                 0                 0               250            15.855	D2, 
         4.7621933         -1.625431                 0         4.3537916         -246.0741                 0         424.00428                 0                 0                 0                 0                 0                 0               250            15.885	D2, 
          4.771187        -1.6299455                 0         4.3615702         -246.0741                 0         424.00428                 0                 0                 0                 0                 0                 0               250            15.915	D2, 
         4.7801808        -1.6344599                 0         4.3693489         -246.0741                 0         424.00428                 0                 0                 0                 0                 0                 0               250            15.945	D2, 
         4.7891746        -1.6389743                 0         4.3771276         -246.0741                 0         424.00428                 0                 0                 0                 0                 0                 0               250            15.975	D2, 
         4.7981683        -1.6434887                 0         4.3849063         -246.0741                 0         424.00428                 0                 0                 0                 0                 0                 0               250            16.005	D2, 
         4.8071621        -1.6480031                 0         4.3926849         -246.0741                 0         424.00428                 0                 0                 0                 0                 0                 0               250            16.035	D2, 
         4.8161558        -1.6525175                 0         4.4004636         -246.0741                 0         424.00428                 0                 0                 0                 0                 0                 0               250            16.065	D2, 
         4.8251496        -1.6570319                 0         4.4082423         -246.0741                 0         424.00428                 0                 0                 0                 0                 0                 0               250            16.095	D2, 
         4.8341433        -1.6615463                 0         4.4160209         -246.0741                 0         424.00428                 0                 0                 0                 0                 0                 0               250            16.125	D2, 
         4.8431371        -1.6660607                 0         4.4237996         -246.0741                 0         424.00428                 0                 0                 0                 0                 0                 0               250            16.155	D2, 
         4.8521308        -1.6705752                 0         4.4315783         -246.0741                 0         424.00428                 0                 0                 0                 0                 0                 0               250            16.185	D2, 
         4.8611246        -1.6750896                 0          4.439357         -246.0741                 0         424.00428                 0                 0                 0                 0                 0                 0               250            16.215	D2, 
         4.8701183         -1.679604                 0         4.4471356         -246.0741                 0         424.00428                 0                 0                 0                 0                 0                 0               250            16.245	D2, 
         4.8791121        -1.6841184                 0         4.4549143         -246.0741                 0         424.00428                 0                 0                 0                 0                 0                 0               250            16.275	D2, 
         4.8881059        -1.6886328                 0          4.462693         -246.0741                 0         424.00428                 0                 0                 0                 0                 0                 0               250            16.305	D2, 
         4.8970996        -1.6931472                 0         4.4704716         -246.0741                 0         424.00428                 0                 0                 0                 0                 0                 0               250            16.335	D2, 
         4.9060934        -1.6976616                 0         4.4782503         -246.0741                 0         424.00428                 0                 0                 0                 0                 0                 0               250            16.365	D2, 
         4.9150871         -1.702176                 0          4.486029         -246.0741                 0         424.00428                 0                 0                 0                 0                 0                 0               250            16.395	D2, 
         4.9240809        -1.7066904                 0         4.4938077         -246.0741                 0         424.00428                 0                 0                 0                 0                 0                 0               250            16.425	D2, 
         4.9330746        -1.7112048                 0         4.5015863         -246.0741                 0         424.00428                 0                 0                 0                 0                 0                 0               250            16.455	D2, 
         4.9420684        -1.7157193                 0          4.509365         -246.0741                 0         424.00428                 0                 0                 0                 0                 0                 0               250            16.485	D2, 
         4.9510621        -1.7202337                 0         4.5171437         -246.0741                 0         424.00428                 0                 0                 0                 0                 0                 0               250            16.515	D2, 
         4.9600559        -1.7247481                 0         4.5249223         -246.0741                 0         424.00428                 0                 0                 0                 0                 0                 0               250            16.545	D2, 
         4.9690497        -1.7292625                 0          4.532701         -246.0741                 0         424.00428                 0                 0                 0                 0                 0                 0               250            16.575	D2, 
         4.9780434        -1.7337769                 0         4.5404797         -246.0741                 0         424.00428                 0                 0                 0                 0                 0                 0               250            16.605	D2, 
         4.9870372        -1.7382913                 0         4.5482584         -246.0741                 0         424.00428                 0                 0                 0                 0                 0                 0               250            16.635	D2, 
         4.9960309        -1.7428057                 0          4.556037         -246.0741                 0         424.00428                 0                 0                 0                 0                 0                 0               250            16.665	D2, 
         5.0050247        -1.7473201                 0         4.5638157         -246.0741                 0         424.00428                 0                 0                 0                 0                 0                 0               250            16.695	D2, 
         5.0140184        -1.7518345                 0         4.5715944         -246.0741                 0         424.00428                 0                 0                 0                 0                 0                 0               250            16.725	D2, 
         5.0230122         -1.756349                 0          4.579373         -246.0741                 0         424.00428                 0                 0                 0                 0                 0                 0               250            16.755	D2, 
         5.0320059        -1.7608634                 0         4.5871517         -246.0741                 0         424.00428                 0                 0                 0                 0                 0                 0               250            16.785	D2, 
         5.0409997        -1.7653778                 0         4.5949304         -246.0741                 0         424.00428                 0                 0                 0                 0                 0                 0               250            16.815	D2, 
         5.0499934        -1.7698922                 0         4.6027091         -246.0741                 0         424.00428                 0                 0                 0                 0                 0                 0               250            16.845	D2, 
         5.0589872        -1.7744066                 0         4.6104877         -246.0741                 0         424.00428                 0                 0                 0                 0                 0                 0               250            16.875	D2, 
          5.067981         -1.778921                 0         4.6182664         -246.0741                 0         424.00428                 0                 0                 0                 0                 0                 0               250            16.905	D2, 
         5.0769747        -1.7834354                 0         4.6260451         -246.0741                 0         424.00428                 0                 0                 0                 0                 0                 0               250            16.935	D2, 
         5.0859685        -1.7879498                 0         4.6338237         -246.0741                 0         424.00428                 0                 0                 0                 0                 0                 0               250            16.965	D2, 
         5.0949622        -1.7924642                 0         4.6416024         -246.0741                 0         424.00428                 0                 0                 0                 0                 0                 0               250            16.995	D2, 
          5.103956        -1.7969787                 0         4.6493811         -246.0741                 0         424.00428                 0                 0                 0                 0                 0                 0               250            17.025	D2, 
         5.1129497        -1.8014931                 0         4.6571598         -246.0741                 0         424.00428                 0                 0                 0                 0                 0                 0               250            17.055	D2, 
         5.1219435        -1.8060075                 0         4.6649384         -246.0741                 0         424.00428                 0                 0                 0                 0                 0                 0               250            17.085	D2, 
         5.1309372        -1.8105219                 0         4.6727171         -246.0741                 0         424.00428                 0                 0                 0                 0                 0                 0               250            17.115	D2, 
          5.139931        -1.8150363                 0         4.6804958         -246.0741                 0         424.00428                 0                 0                 0                 0                 0                 0               250            17.145	D2, 
         5.1489248        -1.8195507                 0         4.6882744         -246.0741                 0         424.00428                 0                 0                 0                 0                 0                 0               250            17.175	D2, 
         5.1579185        -1.8240651                 0         4.6960531         -246.0741                 0         424.00428                 0                 0                 0                 0                 0                 0               250            17.205	D2, 
         5.1669123        -1.8285795                 0         4.7038318         -246.0741                 0         424.00428                 0                 0                 0                 0                 0                 0               250            17.235	D2, 
          5.175906        -1.8330939                 0         4.7116104         -246.0741                 0         424.00428                 0                 0                 0                 0                 0                 0               250            17.265	D2, 
         5.1848998        -1.8376083                 0         4.7193891         -246.0741                 0         424.00428                 0                 0                 0                 0                 0                 0               250            17.295	D2, 
         5.1938935        -1.8421228                 0         4.7271678         -246.0741                 0         424.00428                 0                 0                 0                 0                 0                 0               250            17.325	D2, 
         5.2028873        -1.8466372                 0         4.7349465         -246.0741                 0         424.00428                 0                 0                 0                 0                 0                 0               250            17.355	D2, 
          5.211881        -1.8511516                 0         4.7427251         -246.0741                 0         424.00428                 0                 0                 0                 0                 0                 0               250            17.385	D2, 
         5.2208748         -1.855666                 0         4.7505038         -246.0741                 0         424.00428                 0                 0                 0                 0                 0                 0               250            17.415	D2, 
         5.2298685        -1.8601804                 0         4.7582825         -246.0741                 0         424.00428                 0                 0                 0                 0                 0                 0               250            17.445	D2, 
         5.2388623        -1.8646948                 0         4.7660611         -246.0741                 0         424.00428                 0                 0                 0                 0                 0                 0               250            17.475	D2, 
         5.2439213        -1.8672342                 0         4.7704366         -246.0741                 0         424.00428                 0                 0                 0                 0                 0                 0               250         17.491875	D2, 
         5.2446239        -1.8675869                 0         4.7710444         -246.0741                 0         424.00428                 0                 0                 0                 0                 0                 0               250         17.494219	D2, 
         5.2448347        -1.8676927                 0         4.7712267         -246.0741                 0         424.00428                 0                 0                 0                 0                 0                 0               250         17.494922	D2, 
         5.2449401        -1.8677456                 0         4.7713178         -246.0741                 0         424.00428                 0                 0                 0                 0                 0                 0               250         17.495273	D2, 
          5.244984        -1.8677676                 0         4.7713558         -246.0741                 0         424.00428                 0                 0                 0                 0                 0                 0               250          17.49542	D2, 
         5.2449972        -1.8677742                 0         4.7713672         -246.0741                 0         424.00428                 0                 0                 0                 0                 0                 0               250         17.495464	D2, 
         5.2450038        -1.8677775                 0         4.7713729         -246.0741                 0         424.00428                 0                 0                 0                 0                 0                 0               250         17.495486	D2, 
         5.2450071        -1.8677792                 0         4.7713757         -246.0741                 0         424.00428                 0                 0                 0                 0                 0                 0               250         17.495497	D2, 
         5.2450087          -1.86778                 0         4.7713772         -246.0741                 0         424.00428                 0                 0                 0                 0                 0                 0               250         17.495502	D2, 
         5.2450096        -1.8677804                 0         4.7713779         -246.0741                 0         424.00428                 0                 0                 0                 0                 0                 0               250         17.495505	D2, 
           5.24501        -1.8677806                 0         4.7713782         -246.0741                 0         424.00428                 0                 0                 0                 0                 0                 0               250         17.495506	D2, 
         5.2450102        -1.8677807                 0         4.7713784         -246.0741                 0         424.00428                 0                 0                 0                 0                 0                 0               250         17.495507	D2, 
         5.2450103        -1.8677808                 0         4.7713785         -246.0741                 0         424.00428                 0                 0                 0                 0                 0                 0               250         17.495507	D2, 
         5.2450103        -1.8677808                 0         4.7713785         -246.0741                 0         424.00428                 0                 0                 0                 0                 0                 0               250         17.495507	D2, 
         5.2450103        -1.8677808                 0         4.7713785         -246.0741                 0         424.00428                 0                 0                 0                 0                 0                 0               250         17.495508	D2, 
         5.2450103        -1.8677808                 0         4.7713785         -246.0741                 0         424.00428                 0                 0                 0                 0                 0                 0               250         17.495508	D2, 
         5.2450103        -1.8677808                 0         4.7713785         -246.0741                 0         424.00428                 0                 0                 0                 0                 0                 0               250         17.495508	D2, 
         5.2450103        -1.8677808                 0         4.7713785         -246.0741                 0         424.00428                 0                 0                 0                 0                 0                 0               250         17.495508	D2, 
         5.2450103        -1.8677808                 0         4.7713785         -246.0741                 0         424.00428                 0                 0                 0                 0                 0                 0               250         17.495508	D2, 
         5.2450103        -1.8677808                 0         4.7713785         -246.0741                 0         424.00428                 0                 0                 0                 0                 0                 0               250         17.495508	D2, 
         5.2450103        -1.8677808                 0         4.7713785         -246.0741                 0         424.00428                 0                 0                 0                 0                 0                 0               250         17.495508	D2, 
         5.2450103        -1.8677808                 0         4.7713785         -246.0741                 0         424.00428                 0                 0                 0                 0                 0                 0               250         17.495508	D2, 
         5.2450103        -1.8677808                 0         4.7713785         -246.0741                 0         424.00428                 0                 0                 0                 0                 0                 0               250         17.495508	B2, 
         5.2450103        -1.8677808                 0         4.7713785         -246.0741                 0         424.00428                 0                 0                 0                 0                 0                 0               250         17.495508	B2, 
         5.2450103        -1.8677808                 0         4.7713785         -246.0741                 0         424.00428                 0                 0                 0                 0                 0                 0               250         17.495508	B2, 
         5.2450103        -1.8677808                 0         4.7713785         -246.0741                 0         424.00428                 0                 0                 0                 0                 0                 0               250         17.495508	B2, 
         5.2450103        -1.8677808                 0         4.7713785         -246.0741                 0         424.00428                 0                 0                 0                 0                 0                 0               250         17.495508	B2, 
         5.2450103        -1.8677808                 0         4.7713785         -246.0741                 0         424.00428                 0                 0                 0                 0                 0                 0               250         17.495508	B2, 
         5.2450103        -1.8677808                 0         4.7713785         -246.0741                 0         424.00428                 0                 0                 0                 0                 0                 0               250         17.495508	B2, 
         5.2450103        -1.8677808                 0         4.7713785         -246.0741                 0         424.00428                 0                 0                 0                 0                 0                 0               250         17.495508	B2, 
         5.2450103        -1.8677808                 0         4.7713785         -246.0741                 0         424.00428                 0                 0                 0                 0                 0                 0               250         17.495508	B2, 
         5.2450103        -1.8677808                 0         4.7713785         -246.0741                 0         424.00428                 0                 0                 0                 0                 0                 0               250         17.495508	B2, 
         5.2450103        -1.8677808                 0         4.7713785         -246.0741                 0         424.00428                 0                 0                 0                 0                 0                 0               250         17.495508	B2, 
         5.2450103        -1.8677808                 0         4.7713786         -246.0741                 0         424.00428                 0                 0                 0                 0                 0                 0               250         17.495508	B2, 
         5.2450279        -1.8677897                 0         4.7713938         -246.0741                 0         424.00428                 0                 0                 0                 0                 0                 0               250         17.495566	B2, 
         5.2453266        -1.8679395                 0         4.7716521         -246.0741                 0         424.00428                 0                 0                 0                 0                 0                 0               250         17.496563	B2, 
         5.2467318        -1.8686449                 0         4.7728675         -246.0741                 0         424.00428                 0                 0                 0                 0                 0                 0               250          17.50125	B2, 
         5.2501045        -1.8703378                 0         4.7757845         -246.0741                 0         424.00428                 0                 0                 0                 0                 0                 0               250           17.5125	B2, 
         5.2568498        -1.8737236                 0         4.7816185         -246.0741                 0         424.00428                 0                 0                 0                 0                 0                 0               250            17.535	B2, 
         5.2658436         -1.878238                 0         4.7893972         -246.0741                 0         424.00428                 0                 0                 0                 0                 0                 0               250            17.565	B2, 
         5.2748373        -1.8827525                 0         4.7971758         -246.0741                 0         424.00428                 0                 0                 0                 0                 0                 0               250            17.595	B2, 
         5.2838311        -1.8872669                 0         4.8049545         -246.0741                 0         424.00428                 0                 0                 0                 0                 0                 0               250            17.625	B2, 
         5.2928248        -1.8917813                 0         4.8127332         -246.0741                 0         424.00428                 0                 0                 0                 0                 0                 0               250            17.655	B2, 
         5.3018186        -1.8962957                 0         4.8205118         -246.0741                 0         424.00428                 0                 0                 0                 0                 0                 0               250            17.685	B2, 
         5.3108123        -1.9008101                 0         4.8282905         -246.0741                 0         424.00428                 0                 0                 0                 0                 0                 0               250            17.715	B2, 
         5.3198061        -1.9053245                 0         4.8360692         -246.0741                 0         424.00428                 0                 0                 0                 0                 0                 0               250            17.745	B2, 
         5.3287999        -1.9098389                 0         4.8438479         -246.0741                 0         424.00428                 0                 0                 0                 0                 0                 0               250            17.775	B2, 
         5.3377936        -1.9143533                 0         4.8516265         -246.0741                 0         424.00428                 0                 0                 0                 0                 0                 0               250            17.805	B2, 
         5.3467874        -1.9188677                 0         4.8594052         -246.0741                 0         424.00428                 0                 0                 0                 0                 0                 0               250            17.835	B2, 
         5.3557811        -1.9233822                 0         4.8671839         -246.0741                 0         424.00428                 0                 0                 0                 0                 0                 0               250            17.865	B2, 
         5.3647749        -1.9278966                 0         4.8749625         -246.0741                 0         424.00428                 0                 0                 0                 0                 0                 0               250            17.895	B2, 
         5.3737686         -1.932411                 0         4.8827412         -246.0741                 0         424.00428                 0                 0                 0                 0                 0                 0               250            17.925	B2, 
         5.3827624        -1.9369254                 0         4.8905199         -246.0741                 0         424.00428                 0                 0                 0                 0                 0                 0               250            17.955	B2, 
         5.3917561        -1.9414398                 0         4.8982986         -246.0741                 0         424.00428                 0                 0                 0                 0                 0                 0               250            17.985	B2, 
         5.4007499        -1.9459542                 0         4.9060772         -246.0741                 0         424.00428                 0                 0                 0                 0                 0                 0               250            18.015	B2, 
         5.4097436        -1.9504686                 0         4.9138559         -246.0741                 0         424.00428                 0                 0                 0                 0                 0                 0               250            18.045	B2, 
         5.4187374         -1.954983                 0         4.9216346         -246.0741                 0         424.00428                 0                 0                 0                 0                 0                 0               250            18.075	B2, 
         5.4277312        -1.9594974                 0         4.9294132         -246.0741                 0         424.00428                 0                 0                 0                 0                 0                 0               250            18.105	B2, 
         5.4367249        -1.9640119                 0         4.9371919         -246.0741                 0         424.00428                 0                 0                 0                 0                 0                 0               250            18.135	B2, 
         5.4457187        -1.9685263                 0         4.9449706         -246.0741                 0         424.00428                 0                 0                 0                 0                 0                 0               250            18.165	B2, 
         5.4547124        -1.9730407                 0         4.9527493         -246.0741                 0         424.00428                 0                 0                 0                 0                 0                 0               250            18.195	B2, 
         5.4637062        -1.9775551                 0         4.9605279         -246.0741                 0         424.00428                 0                 0                 0                 0                 0                 0               250            18.225	B2, 
         5.4726999        -1.9820695                 0         4.9683066         -246.0741                 0         424.00428                 0                 0                 0                 0                 0                 0               250            18.255	B2, 
         5.4816937        -1.9865839                 0         4.9760853         -246.0741                 0         424.00428                 0                 0                 0                 0                 0                 0               250            18.285	B2, 
         5.4906874        -1.9910983                 0         4.9838639         -246.0741                 0         424.00428                 0                 0                 0                 0                 0                 0               250            18.315	B2, 
         5.4996812        -1.9956127                 0         4.9916426         -246.0741                 0         424.00428                 0                 0                 0                 0                 0                 0               250            18.345	B2, 
          5.508675        -2.0001271                 0         4.9994213         -246.0741                 0         424.00428                 0                 0                 0                 0                 0                 0               250            18.375	B2, 
         5.5176687        -2.0046415                 0            5.0072         -246.0741                 0         424.00428                 0                 0                 0                 0                 0                 0               250            18.405	B2, 
         5.5266625         -2.009156                 0         5.0149786         -246.0741                 0         424.00428                 0                 0                 0                 0     -8.576721e-35                 0               250            18.435	B2, 
         5.5356562        -2.0136704                 0         5.0227573         -246.0741                 0         424.00428                 0                 0                 0                 0    -1.6532198e-32                 0               250            18.465	B2, 
           5.54465        -2.0181848                 0          5.030536         -246.0741                 0         424.00428                 0                 0                 0                 0    -2.3397444e-30                 0               250            18.495	B2, 
         5.5536437        -2.0226992                 0         5.0383146         -246.0741                 0         424.00428                 0                 0                 0                 0    -2.4658545e-28                 0               250            18.525	B2, 
         5.5626375        -2.0272136                 0         5.0460933         -246.0741                 0         424.00428                 0                 0                 0                 0    -1.9618648e-26                 0               250            18.555	B2, 
         5.5716312         -2.031728                 0          5.053872         -246.0741                 0         424.00428                 0                 0                 0                 0    -1.1940609e-24                 0               250            18.585	B2, 
          5.580625        -2.0362424                 0         5.0616507         -246.0741                 0         424.00428                 0                 0                 0                 0    -5.6312879e-23                 0               250            18.615	B2, 
         5.5896188        -2.0407568                 0         5.0694293         -246.0741                 0         424.00428                 0                 0                 0                 0    -2.0835252e-21                 0               250            18.645	B2, 
         5.5986125        -2.0452712                 0          5.077208         -246.0741                 0         424.00428                 0                 0                 0                 0    -6.1207754e-20                 0               250            18.675	B2, 
         5.6076063        -2.0497857                 0         5.0849867         -246.0741                 0         424.00428                 0                 0                 0                 0    -1.4443141e-18                 0               250            18.705	B2, 
            5.6166        -2.0543001                 0         5.0927653         -246.0741                 0         424.00428                 0                 0                 0                 0    -2.7683583e-17                 0               250            18.735	B2, 
         5.6255938        -2.0588145                 0          5.100544         -246.0741                 0         424.00428                 0                 0                 0                 0    -4.3568879e-16                 0               250            18.765	B2, 
         5.6345875        -2.0633289                 0         5.1083227         -246.0741                 0         424.00428                 0                 0                 0                 0    -5.6891191e-15                 0               250            18.795	B2, 
         5.6435813        -2.0678433                 0         5.1161013         -246.0741                 0         424.00428                 0                 0                 0                 0    -6.2256623e-14                 0               250            18.825	B2, 
          5.652575        -2.0723577                 0           5.12388         -246.0741                 0         424.00428                 0                 0                 0                 0    -5.7649365e-13                 0               250            18.855	B2, 
         5.6615688        -2.0768721                 0         5.1316587         -246.0741                 0         424.00428                 0                 0                 0                 0    -4.5594322e-12                 0               250            18.885	B2, 
         5.6705625        -2.0813865                 0         5.1394374         -246.0741                 0         424.00428                 0                 0                 0                 0    -3.1075522e-11                 0               250            18.915	B2, 
         5.6795563        -2.0859009                 0          5.147216         -246.0741                 0         424.00428                 0                 0                 0                 0    -1.8409843e-10                 0               250            18.945	B2, 
         5.6885501        -2.0904154                 0         5.1549947         -246.0741                 0         424.00428                 0                 0                 0                 0    -9.5584983e-10                 0               250            18.975	B2, 
         5.6975438        -2.0949298                 0         5.1627734         -246.0741                 0         424.00428                 0                 0                 0                 0    -4.3840514e-09                 0               250            19.005	B2, 
         5.7065376        -2.0994442                 0          5.170552         -246.0741                 0         424.00428                 0                 0                 0                 0    -1.7897978e-08                 0               250            19.035	B2, 
         5.7155313        -2.1039586                 0         5.1783307         -246.0741                 0         424.00428                 0                 0                 0                 0    -6.5513555e-08                 0               250            19.065	B2, 
         5.7245251         -2.108473                 0         5.1861094         -246.0741                 0         424.00428                 0                 0                 0                 0    -2.1650968e-07                 0               250            19.095	B2, 
         5.7335188        -2.1129874                 0         5.1938881         -246.0741                 0         424.00428                 0                 0                 0                 0    -6.5032297e-07                 0               250            19.125	B2, 
         5.7425126        -2.1175018                 0         5.2016667        -246.07411                 0         424.00428                 0                 0                 0                 0    -1.7866628e-06                 0               250            19.155	B2, 
         5.7515063        -2.1220162                 0         5.2094454        -246.07412                 0         424.00427                 0                 0                 0                 0    -4.5169597e-06                 0               250            19.185	B2, 
         5.7605001        -2.1265306                 0         5.2172241        -246.07416                 0         424.00425                 0                 0                 0                 0    -1.0569229e-05                 0               250            19.215	B2, 
         5.7694939        -2.1310451                 0         5.2250027        -246.07423                 0         424.00421                 0                 0                 0                 0    -2.3015196e-05                 0               250            19.245	B2, 
         5.7784876        -2.1355595                 0         5.2327814        -246.07438                 0         424.00412                 0                 0                 0                 0    -4.6883606e-05                 0               250            19.275	B2, 
         5.7874814        -2.1400739                 0         5.2405601        -246.07469                 0         424.00395                 0                 0                 0                 0    -8.9785304e-05                 0               250            19.305	B2, 
         5.7964751        -2.1445883                 0         5.2483387        -246.07525                 0         424.00362                 0                 0                 0                 0    -0.00016240343                 0               250            19.335	B2, 
         5.8054689        -2.1491028                 0         5.2561174        -246.07623                 0         424.00305                 0                 0                 0                 0     -0.0002786803                 0               250            19.365	B2, 
         5.8144626        -2.1536172                 0          5.263896        -246.07788                 0         424.00209                 0                 0                 0                 0    -0.00045555923                 0               250            19.395	B2, 
         5.8234564        -2.1581317                 0         5.2716747        -246.08051                 0         424.00056                 0                 0                 0                 0     -0.0007122166                 0               250            19.425	B2, 
         5.8324501        -2.1626463                 0         5.2794532        -246.08454                 0         423.99823                 0                 0                 0                 0      -0.001068829                 0               250            19.455	B2, 
         5.8414439        -2.1671609                 0         5.2872318        -246.09045                 0          423.9948                 0                 0                 0                 0      -0.001545031                 0               250            19.485	B2, 
         5.8504376        -2.1716757                 0         5.2950102        -246.09885                 0         423.98992                 0                 0                 0                 0     -0.0021582972                 0               250            19.515	B2, 
         5.8594314        -2.1761907                 0         5.3027886        -246.11038                 0         423.98323                 0                 0                 0                 0     -0.0029225068                 0               250            19.545	B2, 
         5.8684252        -2.1807059                 0         5.3105668        -246.12576                 0          423.9743                 0                 0                 0                 0     -0.0038469116                 0               250            19.575	B2, 
         5.8774189        -2.1852214                 0         5.3183448        -246.14574                 0          423.9627                 0                 0                 0                 0     -0.0049356452                 0               250            19.605	B2, 
         5.8864127        -2.1897374                 0         5.3261226        -246.17106                 0           423.948                 0                 0                 0                 0     -0.0061878096                 0               250            19.635	B2, 
         5.8954064        -2.1942538                 0         5.3339001        -246.20245                 0         423.92977                 0                 0                 0                 0     -0.0075980734                 0               250            19.665	B2, 
         5.9044002        -2.1987709                 0         5.3416772        -246.24062                 0          423.9076                 0                 0                 0                 0     -0.0091576479                 0               250            19.695	B2, 
         5.9133939        -2.2032888                 0         5.3494538        -246.28622                 0         423.88111                 0                 0                 0                 0      -0.010855472                 0               250            19.725	B2, 
         5.9223877        -2.2078076                 0           5.35723        -246.33986                 0         423.84994                 0                 0                 0                 0      -0.012679436                 0               250            19.755	B2, 
         5.9313814        -2.2123274                 0         5.3650055        -246.40208                 0         423.81377                 0                 0                 0                 0      -0.014617518                 0               250            19.785	B2, 
         5.9403752        -2.2168485                 0         5.3727803        -246.47337                 0         423.77231                 0                 0                 0                 0      -0.016658712                 0               250            19.815	B2, 
          5.949369         -2.221371                 0         5.3805543        -246.55419                 0          423.7253                 0                 0                 0                 0      -0.018793736                 0               250            19.845	B2, 
         5.9583627         -2.225895                 0         5.3883273        -246.64492                 0         423.67249                 0                 0                 0                 0      -0.021015471                 0               250            19.875	B2, 
         5.9673565        -2.2304208                 0         5.3960994        -246.74597                 0         423.61365                 0                 0                 0                 0      -0.023319176                 0               250            19.905	B2, 
         5.9763502        -2.2349485                 0         5.4038703        -246.85769                 0         423.54856                 0                 0                 0                 0      -0.025702508                 0               250            19.935	B2, 
          5.985344        -2.2394784                 0           5.41164        -246.98043                 0         423.47699                 0                 0                 0                 0      -0.028165382                 0               250            19.965	B2, 
         5.9943377        -2.2440107                 0         5.4194083        -247.11456                 0         423.39874                 0                 0                 0                 0      -0.030709726                 0               250            19.995	B2, 
         6.0033315        -2.2485455                 0         5.4271751        -247.26045                 0         423.31356                 0                 0                 0                 0      -0.033339171                 0               250            20.025	B2, 
         6.0123252        -2.2530831                 0         5.4349402        -247.41849                 0          423.2212                 0                 0                 0                 0      -0.036058694                 0               250            20.055	B2, 
          6.021319        -2.2576237                 0         5.4427036         -247.5891                 0         423.12142                 0                 0                 0                 0      -0.038874258                 0               250            20.085	B2, 
         6.0303127        -2.2621676                 0         5.4504651        -247.77271                 0         423.01392                 0                 0                 0                 0      -0.041792461                 0               250            20.115	B2, 
         6.0393065         -2.266715                 0         5.4582246        -247.96982                 0         422.89841                 0                 0                 0                 0      -0.044820202                 0               250            20.145	B2, 
         6.0483003        -2.2712661                 0         5.4659818         -248.1809                 0         422.77457                 0                 0                 0                 0       -0.04796439                 0               250            20.175	B2, 
          6.057294        -2.2758212                 0         5.4737367        -248.40651                 0         422.64205                 0                 0                 0                 0      -0.051231691                 0               250            20.205	B2, 
         6.0662878        -2.2803806                 0         5.4814891        -248.64719                 0          422.5005                 0                 0                 0                 0      -0.054628334                 0               250            20.235	B2, 
         6.0752815        -2.2849445                 0         5.4892389        -248.90354                 0         422.34953                 0                 0                 0                 0      -0.058159967                 0               250            20.265	B2, 
         6.0842753        -2.2895133                 0         5.4969857        -249.17616                 0         422.18875                 0                 0                 0                 0      -0.061831592                 0               250            20.295	B2, 
          6.093269        -2.2940873                 0         5.5047295        -249.46568                 0         422.01774                 0                 0                 0                 0      -0.065647574                 0               250            20.325	B2, 
         6.1022628        -2.2986667                 0         5.5124701        -249.77275                 0         421.83607                 0                 0                 0                 0      -0.069611731                 0               250            20.355	B2, 
         6.1112565        -2.3032519                 0         5.5202072        -250.09801                 0         421.64331                 0                 0                 0                 0      -0.073727517                 0               250            20.385	B2, 
         6.1202503        -2.3078433                 0         5.5279407        -250.44215                 0         421.43899                 0                 0                 0                 0      -0.077998311                 0               250            20.415	B2, 
         6.1292441        -2.3124411                 0         5.5356704        -250.80584                 0         421.22266                 0                 0                 0                 0        -0.0824278                 0               250            20.445	B2, 
         6.1382378        -2.3170458                 0         5.5433959        -251.18978                 0         420.99381                 0                 0                 0                 0      -0.087020474                 0               250            20.475	B2, 
         6.1472316        -2.3216578                 0         5.5511172        -251.59469                 0         420.75195                 0                 0                 0                 0      -0.091782222                 0               250            20.505	B2, 
         6.1562253        -2.3262773                 0         5.5588339        -252.02132                 0         420.49655                 0                 0                 0                 0      -0.096721032                 0               250            20.535	B2, 
         6.1652191        -2.3309049                 0         5.5665457        -252.47045                 0         420.22704                 0                 0                 0                 0       -0.10184778                 0               250            20.565	B2, 
         6.1742128         -2.335541                 0         5.5742525        -252.94291                 0         419.94283                 0                 0                 0                 0       -0.10717713                 0               250            20.595	B2, 
         6.1832066        -2.3401859                 0          5.581954        -253.43962                 0         419.64325                 0                 0                 0                 0       -0.11272841                 0               250            20.625	B2, 
         6.1922003        -2.3448402                 0         5.5896498        -253.96157                 0         419.32758                 0                 0                 0                 0       -0.11852672                 0               250            20.655	B2, 
         6.2011941        -2.3495043                 0         5.5973396         -254.5099                 0           418.995                 0                 0                 0                 0       -0.12460381                 0               250            20.685	B2, 
         6.2101878        -2.3541787                 0         5.6050232        -255.08587                 0         418.64459                 0                 0                 0                 0       -0.13099919                 0               250            20.715	B2, 
         6.2191816         -2.358864                 0         5.6127002        -255.69096                 0          418.2753                 0                 0                 0                 0       -0.13776099                 0               250            20.745	B2, 
         6.2281754        -2.3635606                 0         5.6203702        -256.32686                 0         417.88592                 0                 0                 0                 0       -0.14494678                 0               250            20.775	B2, 
         6.2371691        -2.3682692                 0         5.6280329        -256.99553                 0         417.47502                 0                 0                 0                 0         -0.152624                 0               250            20.805	B2, 
         6.2461629        -2.3729903                 0         5.6356878        -257.69925                 0           417.041                 0                 0                 0                 0       -0.16087284                 0               250            20.835	B2, 
         6.2551566        -2.3777248                 0         5.6433346        -258.44071                 0         416.58192                 0                 0                 0                 0       -0.16980009                 0               250            20.865	B2, 
         6.2641504        -2.3824732                 0         5.6509727        -259.22299                 0         416.09559                 0                 0                 0                 0         -0.179484                 0               250            20.895	B2, 
         6.2731441        -2.3872363                 0         5.6586016        -260.04956                 0          415.5795                 0                 0                 0                 0       -0.19002419                 0               250            20.925	B2, 
         6.2821379        -2.3920151                 0         5.6662207        -260.92427                 0         415.03087                 0                 0                 0                 0       -0.20151862                 0               250            20.955	B2, 
         6.2911316        -2.3968103                 0         5.6738295         -261.8514                 0         414.44655                 0                 0                 0                 0       -0.21405464                 0               250            20.985	B2, 
         6.3001254        -2.4016231                 0         5.6814271        -262.83551                 0         413.82314                 0                 0                 0                 0       -0.22769589                 0               250            21.015	B2, 
         6.3091192        -2.4064545                 0          5.689013         -263.8813                 0         413.15706                 0                 0                 0                 0       -0.24246462                 0               250            21.045	B2, 
         6.3181129        -2.4113057                 0         5.6965862         -264.9934                 0         412.44465                 0                 0                 0                 0       -0.25831974                 0               250            21.075	B2, 
         6.3271067         -2.416178                 0         5.7041459        -266.17604                 0         411.68242                 0                 0                 0                 0       -0.27513245                 0               250            21.105	B2, 
         6.3361004        -2.4210726                 0         5.7116911        -267.43253                 0          410.8673                 0                 0                 0                 0        -0.2926638                 0               250            21.135	B2, 
         6.3450942        -2.4259909                 0         5.7192209        -268.76483                 0         409.99703                 0                 0                 0                 0       -0.31055172                 0               250            21.165	B2, 
         6.3540879        -2.4309344                 0         5.7267341        -270.17299                 0         409.07047                 0                 0                 0                 0       -0.32831692                 0               250            21.195	B2, 
         6.3630817        -2.4359044                 0         5.7342299         -271.6547                 0         408.08801                 0                 0                 0                 0       -0.34539629                 0               250            21.225	B2, 
         6.3720754        -2.4409022                 0         5.7417072         -273.2051                 0         407.05168                 0                 0                 0                 0       -0.36120625                 0               250            21.255	B2, 
         6.3810692        -2.4459291                 0         5.7491649        -274.81688                 0         405.96524                 0                 0                 0                 0       -0.37522701                 0               250            21.285	B2, 
         6.3900629         -2.450986                 0         5.7566024        -276.48083                 0         404.83385                 0                 0                 0                 0       -0.38708702                 0               250            21.315	B2, 
         6.3990567        -2.4560738                 0         5.7640187        -278.18662                 0          403.6636                 0                 0                 0                 0       -0.39662117                 0               250            21.345	B2, 
         6.4080505        -2.4611933                 0         5.7714132        -279.92378                 0          402.4609                 0                 0                 0                 0       -0.40388366                 0               250            21.375	B2, 
         6.4170442        -2.4663448                 0         5.7787854         -281.6826                 0         401.23186                 0                 0                 0                 0       -0.40911314                 0               250            21.405	B2, 
          6.426038        -2.4715287                 0         5.7861348        -283.45479                 0         399.98185                 0                 0                 0                 0       -0.41266517                 0               250            21.435	B2, 
         6.4350317        -2.4767452                 0         5.7934612        -285.23379                 0         398.71517                 0                 0                 0                 0       -0.41493608                 0               250            21.465	B2, 
         6.4440255        -2.4819944                 0         5.8007642        -287.01477                 0         397.43505                 0                 0                 0                 0       -0.41629922                 0               250            21.495	B2, 
         6.4530192        -2.4872762                 0         5.8080436        -288.79445                 0         396.14374                 0                 0                 0                 0       -0.41706515                 0               250            21.525	B2, 
          6.462013        -2.4925906                 0         5.8152992        -290.57073                 0         394.84268                 0                 0                 0                 0       -0.41746653                 0               250            21.555	B2, 
         6.4710067        -2.4979376                 0         5.8225309        -292.34237                 0         393.53276                 0                 0                 0                 0       -0.41766188                 0               250            21.585	B2, 
         6.4800005        -2.5033171                 0         5.8297385        -294.10868                 0         392.21446                 0                 0                 0                 0       -0.41774974                 0               250            21.615	B2, 
         6.4889943        -2.5087289                 0         5.8369218        -295.86929                 0         390.88804                 0                 0                 0                 0       -0.41778607                 0               250            21.645	B2, 
          6.497988        -2.5141729                 0         5.8440807        -297.62402                 0         389.55364                 0                 0                 0                 0        -0.4177998                 0               250            21.675	B2, 
         6.5069818        -2.5196491                 0          5.851215        -299.37276                 0         388.21134                 0                 0                 0                 0       -0.41780451                 0               250            21.705	B2, 
         6.5159755        -2.5251573                 0         5.8583247        -301.11546                 0         386.86118                 0                 0                 0                 0       -0.41780597                 0               250            21.735	B2, 
         6.5249693        -2.5306974                 0         5.8654095        -302.85208                 0          385.5032                 0                 0                 0                 0       -0.41780638                 0               250            21.765	B2, 
          6.533963        -2.5362694                 0         5.8724693        -304.58257                 0         384.13742                 0                 0                 0                 0       -0.41780648                 0               250            21.795	B2, 
         6.5429568         -2.541873                 0          5.879504         -306.3069                 0         382.76387                 0                 0                 0                 0        -0.4178065                 0               250            21.825	B2, 
         6.5519505        -2.5475082                 0         5.8865134        -308.02504                 0         381.38258                 0                 0                 0                 0        -0.4178065                 0               250            21.855	B2, 
         6.5609443        -2.5531748                 0         5.8934975        -309.73695                 0         379.99357                 0                 0                 0                 0        -0.4178065                 0               250            21.885	B2, 
          6.569938        -2.5588728                 0         5.9004559         -311.4426                 0         378.59689                 0                 0                 0                 0        -0.4178065                 0               250            21.915	B2, 
         6.5789318        -2.5646021                 0         5.9073887        -313.14195                 0         377.19254                 0                 0                 0                 0        -0.4178065                 0               250            21.945	B2, 
         6.5879256        -2.5703624                 0         5.9142956        -314.83497                 0         375.78057                 0                 0                 0                 0        -0.4178065                 0               250            21.975	B2, 
         6.5969193        -2.5761538                 0         5.9211766        -316.52162                 0         374.36101                 0                 0                 0                 0        -0.4178065                 0               250            22.005	B2, 
         6.6059131         -2.581976                 0         5.9280314        -318.20187                 0         372.93387                 0                 0                 0                 0        -0.4178065                 0               250            22.035	B2, 
         6.6149068        -2.5878291                 0           5.93486        -319.87568                 0         371.49919                 0                 0                 0                 0        -0.4178065                 0               250            22.065	B2, 
         6.6239006        -2.5937127                 0         5.9416622        -321.54303                 0         370.05699                 0                 0                 0                 0        -0.4178065                 0               250            22.095	B2, 
         6.6328943        -2.5996269                 0         5.9484379        -323.20387                 0         368.60732                 0                 0                 0                 0        -0.4178065                 0               250            22.125	B2, 
         6.6418881        -2.6055715                 0         5.9551869        -324.85818                 0         367.15019                 0                 0                 0                 0        -0.4178065                 0               250            22.155	B2, 
         6.6508818        -2.6115464                 0         5.9619092        -326.50592                 0         365.68563                 0                 0                 0                 0        -0.4178065                 0               250            22.185	B2, 
         6.6598756        -2.6175514                 0         5.9686044        -328.14706                 0         364.21368                 0                 0                 0                 0        -0.4178065                 0               250            22.215	B2, 
         6.6688694        -2.6235866                 0         5.9752727        -329.78156                 0         362.73437                 0                 0                 0                 0        -0.4178065                 0               250            22.245	B2, 
         6.6778631        -2.6296516                 0         5.9819137        -331.40939                 0         361.24772                 0                 0                 0                 0        -0.4178065                 0               250            22.275	B2, 
         6.6868569        -2.6357464                 0         5.9885273        -333.03052                 0         359.75376                 0                 0                 0                 0        -0.4178065                 0               250            22.305	B2, 
         6.6958506        -2.6418709                 0         5.9951135        -334.64492                 0         358.25253                 0                 0                 0                 0        -0.4178065                 0               250            22.335	B2, 
         6.7048444         -2.648025                 0         6.0016721        -336.25255                 0         356.74406                 0                 0                 0                 0        -0.4178065                 0               250            22.365	B2, 
         6.7138381        -2.6542085                 0         6.0082029        -337.85337                 0         355.22837                 0                 0                 0                 0        -0.4178065                 0               250            22.395	B2, 
         6.7228319        -2.6604213                 0         6.0147059        -339.44737                 0          353.7055                 0                 0                 0                 0        -0.4178065                 0               250            22.425	B2, 
         6.7318256        -2.6666633                 0         6.0211809         -341.0345                 0         352.17547                 0                 0                 0                 0        -0.4178065                 0               250            22.455	B2, 
         6.7408194        -2.6729343                 0         6.0276277        -342.61474                 0         350.63833                 0                 0                 0                 0        -0.4178065                 0               250            22.485	B2, 
         6.7498131        -2.6792343                 0         6.0340463        -344.18805                 0         349.09409                 0                 0                 0                 0        -0.4178065                 0               250            22.515	B2, 
         6.7588069         -2.685563                 0         6.0404364         -345.7544                 0         347.54279                 0                 0                 0                 0        -0.4178065                 0               250            22.545	B2, 
         6.7678007        -2.6919205                 0         6.0467981        -347.31375                 0         345.98447                 0                 0                 0                 0        -0.4178065                 0               250            22.575	B2, 
         6.7767944        -2.6983064                 0         6.0531311        -348.86609                 0         344.41915                 0                 0                 0                 0        -0.4178065                 0               250            22.605	B2, 
         6.7857882        -2.7047208                 0         6.0594353        -350.41136                 0         342.84686                 0                 0                 0                 0        -0.4178065                 0               250            22.635	B2, 
         6.7947819        -2.7111635                 0         6.0657106        -351.94956                 0         341.26765                 0                 0                 0                 0        -0.4178065                 0               250            22.665	B2, 
         6.8037757        -2.7176343                 0         6.0719568        -353.48063                 0         339.68153                 0                 0                 0                 0        -0.4178065                 0               250            22.695	B2, 
         6.8127694        -2.7241332                 0          6.078174        -355.00456                 0         338.08854                 0                 0                 0                 0        -0.4178065                 0               250            22.725	B2, 
         6.8217632        -2.7306599                 0         6.0843618        -356.52131                 0         336.48871                 0                 0                 0                 0        -0.4178065                 0               250            22.755	B2, 
         6.8307569        -2.7372144                 0         6.0905202        -358.03085                 0         334.88208                 0                 0                 0                 0        -0.4178065                 0               250            22.785	B2, 
         6.8397507        -2.7437966                 0          6.096649        -359.53314                 0         333.26868                 0                 0                 0                 0        -0.4178065                 0               250            22.815	B2, 
         6.8487445        -2.7504062                 0         6.1027483        -361.02817                 0         331.64854                 0                 0                 0                 0        -0.4178065                 0               250            22.845	B2, 
         6.8577382        -2.7570432                 0         6.1088177         -362.5159                 0         330.02169                 0                 0                 0                 0        -0.4178065                 0               250            22.875	B2, 
          6.866732        -2.7637074                 0         6.1148572         -363.9963                 0         328.38817                 0                 0                 0                 0        -0.4178065                 0               250            22.905	B2, 
         6.8757257        -2.7703987                 0         6.1208667        -365.46933                 0         326.74801                 0                 0                 0                 0        -0.4178065                 0               250            22.935	B2, 
         6.8847195        -2.7771169                 0          6.126846        -366.93498                 0         325.10124                 0                 0                 0                 0        -0.4178065                 0               250            22.965	B2, 
         6.8937132         -2.783862                 0         6.1327951         -368.3932                 0          323.4479                 0                 0                 0                 0        -0.4178065                 0               250            22.995	B2, 
          6.902707        -2.7906338                 0         6.1387138        -369.84398                 0         321.78802                 0                 0                 0                 0        -0.4178065                 0               250            23.025	B2, 
         6.9117007        -2.7974321                 0         6.1446019        -371.28728                 0         320.12163                 0                 0                 0                 0        -0.4178065                 0               250            23.055	B2, 
         6.9206945        -2.8042568                 0         6.1504595        -372.72307                 0         318.44876                 0                 0                 0                 0        -0.4178065                 0               250            23.085	B2, 
         6.9296882        -2.8111078                 0         6.1562862        -374.15132                 0         316.76946                 0                 0                 0                 0        -0.4178065                 0               250            23.115	B2, 
          6.938682        -2.8179849                 0         6.1620822          -375.572                 0         315.08375                 0                 0                 0                 0        -0.4178065                 0               250            23.145	B2, 
         6.9476758        -2.8248881                 0         6.1678471        -376.98509                 0         313.39167                 0                 0                 0                 0        -0.4178065                 0               250            23.175	B2, 
         6.9566695         -2.831817                 0         6.1735809        -378.39056                 0         311.69325                 0                 0                 0                 0        -0.4178065                 0               250            23.205	B2, 
         6.9656633        -2.8387717                 0         6.1792835        -379.78838                 0         309.98852                 0                 0                 0                 0        -0.4178065                 0               250            23.235	B2, 
          6.974657         -2.845752                 0         6.1849548        -381.17851                 0         308.27753                 0                 0                 0                 0        -0.4178065                 0               250            23.265	B2, 
         6.9836508        -2.8527577                 0         6.1905947        -382.56094                 0         306.56031                 0                 0                 0                 0        -0.4178065                 0               250            23.295	B2, 
         6.9926445        -2.8597887                 0         6.1962029        -383.93563                 0         304.83689                 0                 0                 0                 0        -0.4178065                 0               250            23.325	B2, 
         7.0016383        -2.8668448                 0         6.2017795        -385.30256                 0          303.1073                 0                 0                 0                 0       -0.41780647                 0               250            23.355	B2, 
          7.010632        -2.8739259                 0         6.2073243        -386.66169                 0         301.37158                 0                 0                 0                 0       -0.41780633                 0               250            23.385	B2, 
         7.0196258        -2.8810319                 0         6.2128373        -388.01301                 0         299.62977                 0                 0                 0                 0       -0.41780578                 0               250            23.415	B2, 
         7.0286196        -2.8881627                 0         6.2183182        -389.35648                 0         297.88191                 0                 0                 0                 0       -0.41780386                 0               250            23.445	B2, 
         7.0376133        -2.8953179                 0          6.223767        -390.69206                 0         296.12803                 0                 0                 0                 0       -0.41779779                 0               250            23.475	B2, 
         7.0466071        -2.9024977                 0         6.2291835         -392.0197                 0         294.36822                 0                 0                 0                 0        -0.4177805                 0               250            23.505	B2, 
         7.0556008        -2.9097017                 0         6.2345677        -393.33933                 0         292.60258                 0                 0                 0                 0       -0.41773569                 0               250            23.535	B2, 
         7.0645946        -2.9169298                 0         6.2399195        -394.65078                 0         290.83132                 0                 0                 0                 0       -0.41762939                 0               250            23.565	B2, 
         7.0735883        -2.9241819                 0         6.2452387        -395.95375                 0         289.05488                 0                 0                 0                 0        -0.4173973                 0               250            23.595	B2, 
         7.0825821        -2.9314579                 0         6.2505253        -397.24768                 0         287.27405                 0                 0                 0                 0       -0.41692851                 0               250            23.625	B2, 
         7.0915758        -2.9387575                 0         6.2557792        -398.53158                 0         285.49024                 0                 0                 0                 0       -0.41604822                 0               250            23.655	B2, 
         7.1005696        -2.9460805                 0         6.2610004        -399.80384                 0         283.70581                 0                 0                 0                 0       -0.41450525                 0               250            23.685	B2, 
         7.1095634        -2.9534268                 0         6.2661888        -401.06202                 0         281.92437                 0                 0                 0                 0       -0.41197191                 0               250            23.715	B2, 
         7.1185571         -2.960796                 0         6.2713446        -402.30265                 0         280.15116                 0                 0                 0                 0       -0.40806444                 0               250            23.745	B2, 
         7.1275509        -2.9681877                 0         6.2764681        -403.52119                 0         278.39316                 0                 0                 0                 0       -0.40238894                 0               250            23.775	B2, 
         7.1365446        -2.9756016                 0         6.2815594        -404.71207                 0         276.65906                 0                 0                 0                 0       -0.39460952                 0               250            23.805	B2, 
         7.1455384         -2.983037                 0         6.2866193        -405.86911                 0         274.95884                 0                 0                 0                 0       -0.38452486                 0               250            23.835	B2, 
         7.1545321        -2.9904933                 0         6.2916484        -406.98591                 0         273.30307                 0                 0                 0                 0       -0.37213027                 0               250            23.865	B2, 
         7.1635259        -2.9979696                 0         6.2966475        -408.05658                 0         271.70191                 0                 0                 0                 0       -0.35764236                 0               250            23.895	B2, 
         7.1725196        -3.0054652                 0         6.3016179        -409.07626                 0         270.16423                 0                 0                 0                 0        -0.3414746                 0               250            23.925	B2, 
         7.1815134        -3.0129789                 0         6.3065607        -410.04162                 0          268.6968                 0                 0                 0                 0       -0.32417061                 0               250            23.955	B2, 
         7.1905071        -3.0205099                 0         6.3114772          -410.951                 0         267.30389                 0                 0                 0                 0       -0.30631719                 0               250            23.985	B2, 
         7.1995009         -3.028057                 0         6.3163689        -411.80443                 0         265.98723                 0                 0                 0                 0       -0.28846331                 0               250            24.015	B2, 
         7.2084947        -3.0356192                 0         6.3212372        -412.60333                 0         264.74627                 0                 0                 0                 0       -0.27106325                 0               250            24.045	B2, 
         7.2174884        -3.0431957                 0         6.3260833        -413.35018                 0         263.57869                 0                 0                 0                 0        -0.2544502                 0               250            24.075	B2, 
         7.2264822        -3.0507854                 0         6.3309087        -414.04818                 0         262.48086                 0                 0                 0                 0       -0.23883569                 0               250            24.105	B2, 
         7.2354759        -3.0583874                 0         6.3357145        -414.70086                 0         261.44845                 0                 0                 0                 0       -0.22432566                 0               250            24.135	B2, 
         7.2444697        -3.0660011                 0          6.340502        -415.31188                 0         260.47675                 0                 0                 0                 0       -0.21094399                 0               250            24.165	B2, 
         7.2534634        -3.0736256                 0         6.3452721        -415.88479                 0         259.56105                 0                 0                 0                 0       -0.19865661                 0               250            24.195	B2, 
         7.2624572        -3.0812603                 0          6.350026        -416.42291                 0         258.69684                 0                 0                 0                 0       -0.18739265                 0               250            24.225	B2, 
         7.2714509        -3.0889046                 0         6.3547644        -416.92929                 0         257.87993                 0                 0                 0                 0       -0.17706103                 0               250            24.255	B2, 
         7.2804447        -3.0965579                 0         6.3594882        -417.40666                 0         257.10655                 0                 0                 0                 0       -0.16756249                 0               250            24.285	B2, 
         7.2894385        -3.1042197                 0         6.3641982        -417.85742                 0         256.37331                 0                 0                 0                 0       -0.15880118                 0               250            24.315	B2, 
         7.2984322        -3.1118895                 0         6.3688952        -418.28372                 0         255.67719                 0                 0                 0                 0       -0.15070096                 0               250            24.345	B2, 
          7.307426         -3.119567                 0         6.3735796         -418.6874                 0          255.0156                 0                 0                 0                 0       -0.14314993                 0               250            24.375	B2, 
         7.3164197        -3.1272517                 0         6.3782523        -419.07002                 0         254.38634                 0                 0                 0                 0       -0.13607304                 0               250            24.405	B2, 
         7.3254135        -3.1349432                 0         6.3829136        -419.43295                 0         253.78751                 0                 0                 0                 0       -0.12940525                 0               250            24.435	B2, 
         7.3344072        -3.1426412                 0         6.3875643        -419.77734                 0         253.21746                 0                 0                 0                 0       -0.12309135                 0               250            24.465	B2, 
          7.343401        -3.1503453                 0         6.3922047        -420.10421                 0         252.67479                 0                 0                 0                 0       -0.11708538                 0               250            24.495	B2, 
         7.3523947        -3.1580553                 0         6.3968354        -420.41445                 0         252.15825                 0                 0                 0                 0       -0.11134982                 0               250            24.525	B2, 
         7.3613885        -3.1657709                 0         6.4014569        -420.70886                 0         251.66674                 0                 0                 0                 0        -0.1058546                 0               250            24.555	B2, 
         7.3703822        -3.1734916                 0         6.4060696        -420.98814                 0          251.1993                 0                 0                 0                 0       -0.10057614                 0               250            24.585	B2, 
          7.379376        -3.1812174                 0         6.4106739        -421.25292                 0         250.75501                 0                 0                 0                 0      -0.095496325                 0               250            24.615	B2, 
         7.3883698         -3.188948                 0         6.4152703        -421.50379                 0         250.33308                 0                 0                 0                 0      -0.090601509                 0               250            24.645	B2, 
         7.3973635         -3.196683                 0         6.4198592        -421.74132                 0          249.9327                 0                 0                 0                 0      -0.085881591                 0               250            24.675	B2, 
         7.4063573        -3.2044222                 0         6.4244409        -421.96601                 0         249.55316                 0                 0                 0                 0      -0.081329166                 0               250            24.705	B2, 
          7.415351        -3.2121654                 0         6.4290158        -422.17837                 0         249.19373                 0                 0                 0                 0      -0.076938743                 0               250            24.735	B2, 
         7.4243448        -3.2199125                 0         6.4335843        -422.37888                 0         248.85372                 0                 0                 0                 0      -0.072706079                 0               250            24.765	B2, 
         7.4333385        -3.2276631                 0         6.4381467          -422.568                 0         248.53245                 0                 0                 0                 0      -0.068627602                 0               250            24.795	B2, 
         7.4423323         -3.235417                 0         6.4427034        -422.74618                 0         248.22925                 0                 0                 0                 0      -0.064699945                 0               250            24.825	B2, 
          7.451326        -3.2431742                 0         6.4472547        -422.91387                 0         247.94346                 0                 0                 0                 0      -0.060919584                 0               250            24.855	B2, 
         7.4603198        -3.2509343                 0         6.4518009        -423.07147                 0         247.67444                 0                 0                 0                 0       -0.05728258                 0               250            24.885	B2, 
         7.4693136        -3.2586972                 0         6.4563423         -423.2194                 0         247.42158                 0                 0                 0                 0      -0.053784417                 0               250            24.915	B2, 
         7.4783073        -3.2664628                 0         6.4608793        -423.35805                 0         247.18426                 0                 0                 0                 0      -0.050419929                 0               250            24.945	B2, 
         7.4873011        -3.2742308                 0          6.465412         -423.4878                 0          246.9619                 0                 0                 0                 0      -0.047183316                 0               250            24.975	B2, 
         7.4962948        -3.2820011                 0         6.4699407          -423.609                 0         246.75395                 0                 0                 0                 0      -0.044068227                 0               250            25.005	B2, 
         7.5052886        -3.2897736                 0         6.4744658        -423.72198                 0         246.55988                 0                 0                 0                 0      -0.041067913                 0               250            25.035	B2, 
         7.5142823        -3.2975481                 0         6.4789875        -423.82707                 0         246.37921                 0                 0                 0                 0      -0.038175443                 0               250            25.065	B2, 
         7.5232761        -3.3053244                 0         6.4835059        -423.92455                 0         246.21145                 0                 0                 0                 0      -0.035383961                 0               250            25.095	B2, 
         7.5322698        -3.3131024                 0         6.4880214        -424.01469                 0         246.05617                 0                 0                 0                 0      -0.032686994                 0               250            25.125	B2, 
         7.5412636        -3.3208821                 0         6.4925342        -424.09776                 0         245.91297                 0                 0                 0                 0      -0.030078784                 0               250            25.155	B2, 
         7.5502573        -3.3286632                 0         6.4970444        -424.17399                 0         245.78145                 0                 0                 0                 0      -0.027554651                 0               250            25.185	B2, 
         7.5592511        -3.3364456                 0         6.5015523        -424.24362                 0         245.66125                 0                 0                 0                 0      -0.025111349                 0               250            25.215	B2, 
         7.5682449        -3.3442293                 0         6.5060581        -424.30686                 0         245.55201                 0                 0                 0                 0      -0.022747415                 0               250            25.245	B2, 
         7.5772386         -3.352014                 0          6.510562        -424.36393                 0         245.45336                 0                 0                 0                 0      -0.020463469                 0               250            25.275	B2, 
         7.5862324        -3.3597998                 0         6.5150642        -424.41505                 0         245.36495                 0                 0                 0                 0      -0.018262433                 0               250            25.305	B2, 
         7.5952261        -3.3675864                 0         6.5195649        -424.46047                 0         245.28638                 0                 0                 0                 0      -0.016149639                 0               250            25.335	B2, 
         7.6042199        -3.3753738                 0         6.5240642        -424.50041                 0         245.21724                 0                 0                 0                 0      -0.014132763                 0               250            25.365	B2, 
         7.6132136        -3.3831619                 0         6.5285623        -424.53516                 0         245.15708                 0                 0                 0                 0      -0.012221561                 0               250            25.395	B2, 
         7.6222074        -3.3909506                 0         6.5330594        -424.56501                 0         245.10538                 0                 0                 0                 0      -0.010427362                 0               250            25.425	B2, 
         7.6312011        -3.3987398                 0         6.5375557        -424.59029                 0         245.06158                 0                 0                 0                 0     -0.0087623038                 0               250            25.455	B2, 
         7.6401949        -3.4065294                 0         6.5420512        -424.61136                 0         245.02508                 0                 0                 0                 0     -0.0072383499                 0               250            25.485	B2, 
         7.6491887        -3.4143194                 0          6.546546         -424.6286                 0         244.99519                 0                 0                 0                 0     -0.0058661189                 0               250            25.515	B2, 
         7.6581824        -3.4221096                 0         6.5510404        -424.64244                 0         244.97122                 0                 0                 0                 0     -0.0046536568                 0               250            25.545	B2, 
         7.6671762        -3.4299001                 0         6.5555344        -424.65329                 0          244.9524                 0                 0                 0                 0     -0.0036052872                 0               250            25.575	B2, 
         7.6761699        -3.4376908                 0         6.5600281        -424.66159                 0         244.93801                 0                 0                 0                 0     -0.0027207128                 0               250            25.605	B2, 
         7.6851637        -3.4454816                 0         6.5645216        -424.66777                 0         244.92729                 0                 0                 0                 0     -0.0019945318                 0               250            25.635	B2, 
         7.6941574        -3.4532725                 0         6.5690149        -424.67224                 0         244.91955                 0                 0                 0                 0     -0.0014162912                 0               250            25.665	B2, 
         7.7031512        -3.4610634                 0         6.5735081        -424.67536                 0         244.91414                 0                 0                 0                 0    -0.00097111651                 0               250            25.695	B2, 
         7.7121449        -3.4688544                 0         6.5780012        -424.67746                 0          244.9105                 0                 0                 0                 0    -0.00064085978                 0               250            25.725	B2, 
         7.7211387        -3.4766455                 0         6.5824942        -424.67882                 0         244.90814                 0                 0                 0                 0    -0.00040560238                 0               250            25.755	B2, 
         7.7301324        -3.4844365                 0         6.5869872        -424.67966                 0         244.90668                 0                 0                 0                 0    -0.00024527834                 0               250            25.785	B2, 
         7.7391262        -3.4922276                 0         6.5914802        -424.68016                 0         244.90581                 0                 0                 0                 0     -0.0001411603                 0               250            25.815	B2, 
           7.74812        -3.5000186                 0         6.5959732        -424.68044                 0         244.90533                 0                 0                 0                 0     -7.698885e-05                 0               250            25.845	B2, 
         7.7571137        -3.5078097                 0         6.6004661        -424.68059                 0         244.90507                 0                 0                 0                 0    -3.9615239e-05                 0               250            25.875	B2, 
         7.7661075        -3.5156008                 0         6.6049591        -424.68067                 0         244.90494                 0                 0                 0                 0    -1.9140803e-05                 0               250            25.905	B2, 
         7.7751012        -3.5233919                 0          6.609452         -424.6807                 0         244.90488                 0                 0                 0                 0    -8.6407186e-06                 0               250            25.935	B2, 
          7.784095         -3.531183                 0          6.613945        -424.68072                 0         244.90485                 0                 0                 0                 0    -3.6252794e-06                 0               250            25.965	B2, 
         7.7930887         -3.538974                 0          6.618438        -424.68072                 0         244.90484                 0                 0                 0                 0    -1.4058027e-06                 0               250            25.995	B2, 
         7.8020825        -3.5467651                 0         6.6229309        -424.68073                 0         244.90484                 0                 0                 0                 0    -5.0091588e-07                 0               250            26.025	B2, 
         7.8110762        -3.5545562                 0         6.6274239        -424.68073                 0         244.90483                 0                 0                 0                 0    -1.6300588e-07                 0               250            26.055	B2, 
           7.82007        -3.5623473                 0         6.6319168        -424.68073                 0         244.90483                 0                 0                 0                 0    -4.8133999e-08                 0               250            26.085	B2, 
         7.8290638        -3.5701384                 0         6.6364098        -424.68073                 0         244.90483                 0                 0                 0                 0    -1.2811256e-08                 0               250            26.115	B2, 
         7.8380575        -3.5779295                 0         6.6409028        -424.68073                 0         244.90483                 0                 0                 0                 0    -3.0518931e-09                 0               250            26.145	B2, 
         7.8470513        -3.5857205                 0         6.6453957        -424.68073                 0         244.90483                 0                 0                 0                 0    -6.4594316e-10                 0               250            26.175	B2, 
          7.856045        -3.5935116                 0         6.6498887        -424.68073                 0         244.90483                 0                 0                 0                 0    -1.2054135e-10                 0               250            26.205	B2, 
         7.8650388        -3.6013027                 0         6.6543816        -424.68073                 0         244.90483                 0                 0                 0                 0    -1.9675272e-11                 0               250            26.235	B2, 
         7.8740325        -3.6090938                 0         6.6588746        -424.68073                 0         244.90483                 0                 0                 0                 0    -2.7856607e-12                 0               250            26.265	B2, 
         7.8830263        -3.6168849                 0         6.6633676        -424.68073                 0         244.90483                 0                 0                 0                 0    -3.3914782e-13                 0               250            26.295	B2, 
           7.89202        -3.6246759                 0         6.6678605        -424.68073                 0         244.90483                 0                 0                 0                 0    -3.5186931e-14                 0               250            26.325	B2, 
         7.9010138         -3.632467                 0         6.6723535        -424.68073                 0         244.90483                 0                 0                 0                 0    -3.0819674e-15                 0               250            26.355	B2, 
         7.9100075        -3.6402581                 0         6.6768464        -424.68073                 0         244.90483                 0                 0                 0                 0    -2.2568011e-16                 0               250            26.385	B2, 
         7.9190013        -3.6480492                 0         6.6813394        -424.68073                 0         244.90483                 0                 0                 0                 0    -1.3676656e-17                 0               250            26.415	B2, 
         7.9279951        -3.6558403                 0         6.6858324        -424.68073                 0         244.90483                 0                 0                 0                 0    -6.7877548e-19                 0               250            26.445	B2, 
         7.9369888        -3.6636313                 0         6.6903253        -424.68073                 0         244.90483                 0                 0                 0                 0     -2.728994e-20                 0               250            26.475	B2, 
         7.9459826        -3.6714224                 0         6.6948183        -424.68073                 0         244.90483                 0                 0                 0                 0    -8.7883872e-22                 0               250            26.505	B2, 
         7.9549763        -3.6792135                 0         6.6993112        -424.68073                 0         244.90483                 0                 0                 0                 0    -2.2406404e-23                 0               250            26.535	B2, 
         7.9639701        -3.6870046                 0         6.7038042        -424.68073                 0         244.90483                 0                 0                 0                 0    -4.4682866e-25                 0               250            26.565	B2, 
         7.9729638        -3.6947957                 0         6.7082972        -424.68073                 0         244.90483                 0                 0                 0                 0    -6.8831212e-27                 0               250            26.595	B2, 
         7.9819576        -3.7025867                 0         6.7127901        -424.68073                 0         244.90483                 0                 0                 0                 0     -8.085226e-29                 0               250            26.625	B2, 
         7.9909513        -3.7103778                 0         6.7172831        -424.68073                 0         244.90483                 0                 0                 0                 0    -7.1459862e-31                 0               250            26.655	B2, 
         7.9999451        -3.7181689                 0          6.721776        -424.68073                 0         244.90483                 0                 0                 0                 0    -4.6871344e-33                 0               250            26.685	B2, 
         8.0089389          -3.72596                 0          6.726269        -424.68073                 0         244.90483                 0                 0                 0                 0    -2.2493023e-35                 0               250            26.715	B2, 
         8.0179326        -3.7337511                 0          6.730762        -424.68073                 0         244.90483                 0                 0                 0                 0                 0                 0               250            26.745	B2, 
         8.0269264        -3.7415422                 0         6.7352549        -424.68073                 0         244.90483                 0                 0                 0                 0                 0                 0               250            26.775	B2, 
         8.0359201        -3.7493332                 0         6.7397479        -424.68073                 0         244.90483                 0                 0                 0                 0                 0                 0               250            26.805	B2, 
         8.0449139        -3.7571243                 0         6.7442408        -424.68073                 0         244.90483                 0                 0                 0                 0                 0                 0               250            26.835	B2, 
         8.0539076        -3.7649154                 0         6.7487338        -424.68073                 0         244.90483                 0                 0                 0                 0                 0                 0               250            26.865	B2, 
         8.0629014        -3.7727065                 0         6.7532268        -424.68073                 0         244.90483                 0                 0                 0                 0                 0                 0               250            26.895	B2, 
         8.0718951        -3.7804976                 0         6.7577197        -424.68073                 0         244.90483                 0                 0                 0                 0                 0                 0               250            26.925	B2, 
         8.0808889        -3.7882886                 0         6.7622127        -424.68073                 0         244.90483                 0                 0                 0                 0                 0                 0               250            26.955	B2, 
         8.0898826        -3.7960797                 0         6.7667056        -424.68073                 0         244.90483                 0                 0                 0                 0                 0                 0               250            26.985	B2, 
         8.0988764        -3.8038708                 0         6.7711986        -424.68073                 0         244.90483                 0                 0                 0                 0                 0                 0               250            27.015	B2, 
         8.1078702        -3.8116619                 0         6.7756916        -424.68073                 0         244.90483                 0                 0                 0                 0                 0                 0               250            27.045	B2, 
         8.1168639         -3.819453                 0         6.7801845        -424.68073                 0         244.90483                 0                 0                 0                 0                 0                 0               250            27.075	B2, 
         8.1258577         -3.827244                 0         6.7846775        -424.68073                 0         244.90483                 0                 0                 0                 0                 0                 0               250            27.105	B2, 
         8.1348514        -3.8350351                 0         6.7891704        -424.68073                 0         244.90483                 0                 0                 0                 0                 0                 0               250            27.135	B2, 
         8.1438452        -3.8428262                 0         6.7936634        -424.68073                 0         244.90483                 0                 0                 0                 0                 0                 0               250            27.165	B2, 
         8.1528389        -3.8506173                 0         6.7981564        -424.68073                 0         244.90483                 0                 0                 0                 0                 0                 0               250            27.195	B2, 
         8.1618327        -3.8584084                 0         6.8026493        -424.68073                 0         244.90483                 0                 0                 0                 0                 0                 0               250            27.225	B2, 
         8.1708264        -3.8661994                 0         6.8071423        -424.68073                 0         244.90483                 0                 0                 0                 0                 0                 0               250            27.255	B2, 
         8.1798202        -3.8739905                 0         6.8116352        -424.68073                 0         244.90483                 0                 0                 0                 0                 0                 0               250            27.285	B2, 
          8.188814        -3.8817816                 0         6.8161282        -424.68073                 0         244.90483                 0                 0                 0                 0                 0                 0               250            27.315	B2, 
         8.1978077        -3.8895727                 0         6.8206212        -424.68073                 0         244.90483                 0                 0                 0                 0                 0                 0               250            27.345	B2, 
         8.2068015        -3.8973638                 0         6.8251141        -424.68073                 0         244.90483                 0                 0                 0                 0                 0                 0               250            27.375	B2, 
         8.2157952        -3.9051549                 0         6.8296071        -424.68073                 0         244.90483                 0                 0                 0                 0                 0                 0               250            27.405	B2, 
          8.224789        -3.9129459                 0            6.8341        -424.68073                 0         244.90483                 0                 0                 0                 0                 0                 0               250            27.435	B2, 
         8.2337827         -3.920737                 0          6.838593        -424.68073                 0         244.90483                 0                 0                 0                 0                 0                 0               250            27.465	B2, 
         8.2427765        -3.9285281                 0          6.843086        -424.68073                 0         244.90483                 0                 0                 0                 0                 0                 0               250            27.495	B2, 
         8.2517702        -3.9363192                 0         6.8475789        -424.68073                 0         244.90483                 0                 0                 0                 0                 0                 0               250            27.525	B2, 
          8.260764        -3.9441103                 0         6.8520719        -424.68073                 0         244.90483                 0                 0                 0                 0                 0                 0               250            27.555	B2, 
         8.2697577        -3.9519013                 0         6.8565648        -424.68073                 0         244.90483                 0                 0                 0                 0                 0                 0               250            27.585	B2, 
         8.2787515        -3.9596924                 0         6.8610578        -424.68073                 0         244.90483                 0                 0                 0                 0                 0                 0               250            27.615	B2, 
         8.2854968        -3.9655357                 0         6.8644275        -424.68073                 0         244.90483                 0                 0                 0                 0                 0                 0               250           27.6375	B2, 
         8.2880263         -3.967727                 0         6.8656912        -424.68073                 0         244.90483                 0                 0                 0                 0                 0                 0               250         27.645938	B2, 
         8.2883425        -3.9680009                 0         6.8658491        -424.68073                 0         244.90483                 0                 0                 0                 0                 0                 0               250         27.646992	B2, 
         8.2883798        -3.9680332                 0         6.8658678        -424.68073                 0         244.90483                 0                 0                 0                 0                 0                 0               250         27.647117	B2, 
         8.2883831        -3.9680361                 0         6.8658694        -424.68073                 0         244.90483                 0                 0                 0                 0                 0                 0               250         27.647128	B2, 
         8.2883848        -3.9680375                 0         6.8658702        -424.68073                 0         244.90483                 0                 0                 0                 0                 0                 0               250         27.647133	B2, 
         8.2883856        -3.9680382                 0         6.8658706        -424.68073                 0         244.90483                 0                 0                 0                 0                 0                 0               250         27.647136	B2, 
         8.2883859        -3.9680385                 0         6.8658708        -424.68073                 0         244.90483                 0                 0                 0                 0                 0                 0               250         27.647137	B2, 
         8.2883859        -3.9680385                 0         6.8658708        -424.68073                 0         244.90483                 0                 0                 0                 0                 0                 0               250         27.647137	B2, 
         8.2883859        -3.9680385                 0         6.8658708        -424.68073                 0         244.90483                 0                 0                 0                 0                 0                 0               250         27.647137	B2, 
         8.2883859        -3.9680385                 0         6.8658708        -424.68073                 0         244.90483                 0                 0                 0                 0                 0                 0               250         27.647137	B2, 
         8.2883859        -3.9680385                 0         6.8658708        -424.68073                 0         244.90483                 0                 0                 0                 0                 0                 0               250         27.647137	B2, 
         8.2883859        -3.9680385                 0         6.8658708        -424.68073                 0         244.90483                 0                 0                 0                 0                 0                 0               250         27.647137	B2, 
         8.2883859        -3.9680385                 0         6.8658708        -424.68073                 0         244.90483                 0                 0                 0                 0                 0                 0               250         27.647137	B2, 
         8.2883859        -3.9680385                 0         6.8658708        -424.68073                 0         244.90483                 0                 0                 0                 0                 0                 0               250         27.647137	B2, 
         8.2883859        -3.9680385                 0         6.8658708        -424.68073                 0         244.90483                 0                 0                 0                 0                 0                 0               250         27.647137	B2, 
         8.2883859        -3.9680385                 0         6.8658708        -424.68073                 0         244.90483                 0                 0                 0                 0                 0                 0               250         27.647137	B2, 
         8.2883859        -3.9680385                 0         6.8658708        -424.68073                 0         244.90483                 0                 0                 0                 0                 0                 0               250         27.647137	B2, 
         8.2883859        -3.9680385                 0         6.8658708        -424.68073                 0         244.90483                 0                 0                 0                 0                 0                 0               250         27.647137	B2, 
         8.2883859        -3.9680385                 0         6.8658708        -424.68073                 0         244.90483                 0                 0                 0                 0                 0                 0               250         27.647137	B2, 
         8.2883859        -3.9680385                 0         6.8658708        -424.68073                 0         244.90483                 0                 0                 0                 0                 0                 0               250         27.647137	
         8.2883859        -3.9680385                 0         6.8658708        -424.68073                 0         244.90483                 0                 0                 0                 0                 0                 0               250         27.647137	
         8.2883859        -3.9680385                 0         6.8658708        -424.68073                 0         244.90483                 0                 0                 0                 0                 0                 0               250         27.647137	
         8.2883859        -3.9680385                 0         6.8658708        -424.68073                 0         244.90483                 0                 0                 0                 0                 0                 0               250         27.647137	
         8.2883859        -3.9680385                 0         6.8658708        -424.68073                 0         244.90483                 0                 0                 0                 0                 0                 0               250         27.647137	
         8.2883859        -3.9680385                 0         6.8658708        -424.68073                 0         244.90483                 0                 0                 0                 0                 0                 0               250         27.647137	
         8.2883859        -3.9680385                 0         6.8658708        -424.68073                 0         244.90483                 0                 0                 0                 0                 0                 0               250         27.647137	
         8.2883859        -3.9680385                 0         6.8658708        -424.68073                 0         244.90483                 0                 0                 0                 0                 0                 0               250         27.647137	
          8.288386        -3.9680385                 0         6.8658708        -424.68073                 0         244.90483                 0                 0                 0                 0                 0                 0               250         27.647137	
         8.2883861        -3.9680386                 0         6.8658709        -424.68073                 0         244.90483                 0                 0                 0                 0                 0                 0               250         27.647138	
         8.2883863        -3.9680388                 0          6.865871        -424.68073                 0         244.90483                 0                 0                 0                 0                 0                 0               250         27.647138	
         8.2883908        -3.9680427                 0         6.8658732        -424.68073                 0         244.90483                 0                 0                 0                 0                 0                 0               250         27.647153	
          8.288404        -3.9680541                 0         6.8658798        -424.68073                 0         244.90483                 0                 0                 0                 0                 0                 0               250         27.647197	
         8.2884303         -3.968077                 0          6.865893        -424.68073                 0         244.90483                 0                 0                 0                 0                 0                 0               250         27.647285	
         8.2885182         -3.968153                 0         6.8659369        -424.68073                 0         244.90483                 0                 0                 0                 0                 0                 0               250         27.647578	
          8.288729        -3.9683356                 0         6.8660422        -424.68073                 0         244.90483                 0                 0                 0                 0                 0                 0               250         27.648281	
         8.2894316        -3.9689443                 0         6.8663932        -424.68073                 0         244.90483                 0                 0                 0                 0                 0                 0               250         27.650625	
         8.2911179        -3.9704052                 0         6.8672356        -424.68073                 0         244.90483                 0                 0                 0                 0                 0                 0               250          27.65625	
          8.296739        -3.9752746                 0         6.8700437        -424.68073                 0         244.90483                 0                 0                 0                 0                 0                 0               250            27.675	
