#            1 - s            2 - Rx            3 - Ry            4 - Rz            5 - Px            6 - Py            7 - Pz           8 - Efx           9 - Efy          10 - Efz          11 - Bfx          12 - Bfy          13 - Bfz         14 - Ekin            15 - t
      0.0030129079                 0                 0      0.0030129079                 0                 0         490.23678                 0                 0                 0                 0                 0                 0               250           0.01005	B1, 
      0.0060108263                 0                 0      0.0060108263                 0                 0         490.23678                 0                 0                 0                 0                 0                 0               250           0.02005	B1, 
      0.0090087446                 0                 0      0.0090087446                 0                 0         490.23678                 0                 0                 0                 0                 0                 0               250           0.03005	B1, 
       0.012006663                 0                 0       0.012006663                 0                 0         490.23678                 0                 0                 0                 0                 0                 0               250           0.04005	B1, 
       0.015004581                 0                 0       0.015004581                 0                 0         490.23678                 0                 0                 0                 0                 0                 0               250           0.05005	B1, 
         0.0180025                 0                 0         0.0180025                 0                 0         490.23678                 0                 0                 0                 0                 0                 0               250           0.06005	B1, 
       0.021000418                 0                 0       0.021000418                 0                 0         490.23678                 0                 0                 0                 0                 0                 0               250           0.07005	B1, 
       0.023998336                 0                 0       0.023998336                 0                 0         490.23678                 0                 0                 0                 0                 0                 0               250           0.08005	B1, 
       0.026996255                 0                 0       0.026996255                 0                 0         490.23678                 0                 0                 0                 0                 0                 0               250           0.09005	B1, 
       0.029994173                 0                 0       0.029994173                 0                 0         490.23678                 0                 0                 0                 0                 0                 0               250           0.10005	B1, 
       0.032992091                 0                 0       0.032992091                 0                 0         490.23678                 0                 0                 0                 0                 0                 0               250           0.11005	B1, 
        0.03599001                 0                 0        0.03599001                 0                 0         490.23678                 0                 0                 0                 0                 0                 0               250           0.12005	B1, 
       0.038987928                 0                 0       0.038987928                 0                 0         490.23678                 0                 0                 0                 0                 0                 0               250           0.13005	B1, 
       0.041985846                 0                 0       0.041985846                 0                 0         490.23678                 0                 0                 0                 0                 0                 0               250           0.14005	B1, 
       0.044983765                 0                 0       0.044983765                 0                 0         490.23678                 0                 0                 0                 0                 0                 0               250           0.15005	B1, 
       0.047981683                 0                 0       0.047981683                 0                 0         490.23678                 0                 0                 0                 0                 0                 0               250           0.16005	B1, 
       0.050979601                 0                 0       0.050979601                 0                 0         490.23678                 0                 0                 0                 0                 0                 0               250           0.17005	B1, 
        0.05397752                 0                 0        0.05397752                 0                 0         490.23678                 0                 0                 0                 0                 0                 0               250           0.18005	B1, 
       0.056975438                 0                 0       0.056975438                 0                 0         490.23678                 0                 0                 0                 0                 0                 0               250           0.19005	B1, 
       0.059973356                 0                 0       0.059973356                 0                 0         490.23678                 0                 0                 0                 0                 0                 0               250           0.20005	B1, 
       0.062971275                 0                 0       0.062971275                 0                 0         490.23678                 0                 0                 0                 0                 0                 0               250           0.21005	B1, 
       0.065969193                 0                 0       0.065969193                 0                 0         490.23678                 0                 0                 0                 0                 0                 0               250           0.22005	B1, 
       0.068967111                 0                 0       0.068967111                 0                 0         490.23678                 0                 0                 0                 0                 0                 0               250           0.23005	B1, 
        0.07196503                 0                 0        0.07196503                 0                 0         490.23678                 0                 0                 0                 0                 0                 0               250           0.24005	B1, 
       0.074962948                 0                 0       0.074962948                 0                 0         490.23678                 0                 0                 0                 0                 0                 0               250           0.25005	B1, 
       0.077960867                 0                 0       0.077960867                 0                 0         490.23678                 0                 0                 0                 0                 0                 0               250           0.26005	B1, 
       0.080958785                 0                 0       0.080958785                 0                 0         490.23678                 0                 0                 0                 0                 0                 0               250           0.27005	B1, 
       0.083956703                 0                 0       0.083956703                 0                 0         490.23678                 0                 0                 0                 0                 0                 0               250           0.28005	B1, 
       0.086954622                 0                 0       0.086954622                 0                 0         490.23678                 0                 0                 0                 0                 0                 0               250           0.29005	B1, 
        0.08995254                 0                 0        0.08995254                 0                 0         490.23678                 0                 0                 0                 0                 0                 0               250           0.30005	B1, 
       0.092950458                 0                 0       0.092950458                 0                 0         490.23678                 0                 0                 0                 0                 0                 0               250           0.31005	B1, 
       0.095948377                 0                 0       0.095948377                 0                 0         490.23678                 0                 0                 0                 0                 0                 0               250           0.32005	B1, 
       0.098946295                 0                 0       0.098946295                 0                 0         490.23678                 0                 0                 0                 0                 0                 0               250           0.33005	B1, 
        0.10194421                 0                 0        0.10194421                 0                 0         490.23678                 0                 0                 0                 0                 0                 0               250           0.34005	B1, 
        0.10494213                 0                 0        0.10494213                 0                 0         490.23678                 0                 0                 0                 0                 0                 0               250           0.35005	B1, 
        0.10794005                 0                 0        0.10794005                 0                 0         490.23678                 0                 0                 0                 0                 0                 0               250           0.36005	B1, 
        0.11093797                 0                 0        0.11093797                 0                 0         490.23678                 0                 0                 0                 0                 0                 0               250           0.37005	B1, 
        0.11393589                 0                 0        0.11393589                 0                 0         490.23678                 0                 0                 0                 0                 0                 0               250           0.38005	B1, 
         0.1169338                 0                 0         0.1169338                 0                 0         490.23678                 0                 0                 0                 0                 0                 0               250           0.39005	B1, 
        0.11993172                 0                 0        0.11993172                 0                 0         490.23678                 0                 0                 0                 0                 0                 0               250           0.40005	B1, 
        0.12292964                 0                 0        0.12292964                 0                 0         490.23678                 0                 0                 0                 0                 0                 0               250           0.41005	B1, 
        0.12592756                 0                 0        0.12592756                 0                 0         490.23678                 0                 0                 0                 0                 0                 0               250           0.42005	B1, 
        0.12892548                 0                 0        0.12892548                 0                 0         490.23678                 0                 0                 0                 0                 0                 0               250           0.43005	B1, 
         0.1319234                 0                 0         0.1319234                 0                 0         490.23678                 0                 0                 0                 0                 0                 0               250           0.44005	B1, 
        0.13492132                 0                 0        0.13492132                 0                 0         490.23678                 0                 0                 0                 0                 0                 0               250           0.45005	B1, 
        0.13791923                 0                 0        0.13791923                 0                 0         490.23678                 0                 0                 0                 0                 0                 0               250           0.46005	B1, 
        0.14091715                 0                 0        0.14091715                 0                 0         490.23678                 0                 0                 0                 0                 0                 0               250           0.47005	B1, 
        0.14391507                 0                 0        0.14391507                 0                 0         490.23678                 0                 0                 0                 0                 0                 0               250           0.48005	B1, 
        0.14691299                 0                 0        0.14691299                 0                 0         490.23678                 0                 0                 0                 0                 0                 0               250           0.49005	B1, 
        0.14991091                 0                 0        0.14991091                 0                 0         490.23678                 0                 0                 0                 0                 0                 0               250           0.50005	B1, 
        0.15290883                 0                 0        0.15290883                 0                 0         490.23678                 0                 0                 0                 0                 0                 0               250           0.51005	B1, 
        0.15590674                 0                 0        0.15590674                 0                 0         490.23678                 0                 0                 0                 0                 0                 0               250           0.52005	B1, 
        0.15890466                 0                 0        0.15890466                 0                 0         490.23678                 0                 0                 0                 0                 0                 0               250           0.53005	B1, 
        0.16190258                 0                 0        0.16190258                 0                 0         490.23678                 0                 0                 0                 0                 0                 0               250           0.54005	B1, 
         0.1649005                 0                 0         0.1649005                 0                 0         490.23678                 0                 0                 0                 0                 0                 0               250           0.55005	B1, 
        0.16789842                 0                 0        0.16789842                 0                 0         490.23678                 0                 0                 0                 0                 0                 0               250           0.56005	B1, 
        0.17089634                 0                 0        0.17089634                 0                 0         490.23678                 0                 0                 0                 0                 0                 0               250           0.57005	B1, 
        0.17389425                 0                 0        0.17389425                 0                 0         490.23678                 0                 0                 0                 0                 0                 0               250           0.58005	B1, 
        0.17689217                 0                 0        0.17689217                 0                 0         490.23678                 0                 0                 0                 0                 0                 0               250           0.59005	B1, 
        0.17989009                 0                 0        0.17989009                 0                 0         490.23678                 0                 0                 0                 0                 0                 0               250           0.60005	B1, 
        0.18288801                 0                 0        0.18288801                 0                 0         490.23678                 0                 0                 0                 0                 0                 0               250           0.61005	B1, 
        0.18588593                 0                 0        0.18588593                 0                 0         490.23678                 0                 0                 0                 0                 0                 0               250           0.62005	B1, 
        0.18888385                 0                 0        0.18888385                 0                 0         490.23678                 0                 0                 0                 0                 0                 0               250           0.63005	B1, 
        0.19188176                 0                 0        0.19188176                 0                 0         490.23678                 0                 0                 0                 0                 0                 0               250           0.64005	B1, 
        0.19487968                 0                 0        0.19487968                 0                 0         490.23678                 0                 0                 0                 0                 0                 0               250           0.65005	B1, 
         0.1978776                 0                 0         0.1978776                 0                 0         490.23678                 0                 0                 0                 0                 0                 0               250           0.66005	B1, 
        0.20087552                 0                 0        0.20087552                 0                 0         490.23678                 0                 0                 0                 0                 0                 0               250           0.67005	B1, 
        0.20387344                 0                 0        0.20387344                 0                 0         490.23678                 0                 0                 0                 0                 0                 0               250           0.68005	B1, 
        0.20687136                 0                 0        0.20687136                 0                 0         490.23678                 0                 0                 0                 0                 0                 0               250           0.69005	B1, 
        0.20986927                 0                 0        0.20986927                 0                 0         490.23678                 0                 0                 0                 0                 0                 0               250           0.70005	B1, 
        0.21286719                 0                 0        0.21286719                 0                 0         490.23678                 0                 0                 0                 0                 0                 0               250           0.71005	B1, 
        0.21586511                 0                 0        0.21586511                 0                 0         490.23678                 0                 0                 0                 0                 0                 0               250           0.72005	B1, 
        0.21886303                 0                 0        0.21886303                 0                 0         490.23678                 0                 0                 0                 0                 0                 0               250           0.73005	B1, 
        0.22186095                 0                 0        0.22186095                 0                 0         490.23678                 0                 0                 0                 0                 0                 0               250           0.74005	B1, 
        0.22485887                 0                 0        0.22485887                 0                 0         490.23678                 0                 0                 0                 0                 0                 0               250           0.75005	B1, 
        0.22785678                 0                 0        0.22785678                 0                 0         490.23678                 0                 0                 0                 0                 0                 0               250           0.76005	B1, 
         0.2308547                 0                 0         0.2308547                 0                 0         490.23678                 0                 0                 0                 0                 0                 0               250           0.77005	B1, 
        0.23385262                 0                 0        0.23385262                 0                 0         490.23678                 0                 0                 0                 0                 0                 0               250           0.78005	B1, 
        0.23685054                 0                 0        0.23685054                 0                 0         490.23678                 0                 0                 0                 0                 0                 0               250           0.79005	B1, 
        0.23984846                 0                 0        0.23984846                 0                 0         490.23678                 0                 0                 0                 0                 0                 0               250           0.80005	B1, 
        0.24284638                 0                 0        0.24284638                 0                 0         490.23678                 0                 0                 0                 0                 0                 0               250           0.81005	B1, 
        0.24584429                 0                 0        0.24584429                 0                 0         490.23678                 0                 0                 0                 0                 0                 0               250           0.82005	B1, 
        0.24884221                 0                 0        0.24884221                 0                 0         490.23678                 0                 0                 0                 0                 0                 0               250           0.83005	B1, 
        0.25184013                 0                 0        0.25184013                 0                 0         490.23678                 0                 0                 0                 0                 0                 0               250           0.84005	B1, 
        0.25483805                 0                 0        0.25483805                 0                 0         490.23678                 0                 0                 0                 0                 0                 0               250           0.85005	B1, 
        0.25783597                 0                 0        0.25783597                 0                 0         490.23678                 0                 0                 0                 0                 0                 0               250           0.86005	B1, 
        0.26083389                 0                 0        0.26083389                 0                 0         490.23678                 0                 0                 0                 0                 0                 0               250           0.87005	B1, 
         0.2638318                 0                 0         0.2638318                 0                 0         490.23678                 0                 0                 0                 0                 0                 0               250           0.88005	B1, 
        0.26682972                 0                 0        0.26682972                 0                 0         490.23678                 0                 0                 0                 0                 0                 0               250           0.89005	B1, 
        0.26982764                 0                 0        0.26982764                 0                 0         490.23678                 0                 0                 0                 0                 0                 0               250           0.90005	B1, 
        0.27282556                 0                 0        0.27282556                 0                 0         490.23678                 0                 0                 0                 0                 0                 0               250           0.91005	B1, 
        0.27582348                 0                 0        0.27582348                 0                 0         490.23678                 0                 0                 0                 0                 0                 0               250           0.92005	B1, 
         0.2788214    -7.7173663e-42                 0         0.2788214     -7.296422e-36                 0         490.23678                 0                 0                 0                 0    -1.5329848e-35                 0               250           0.93005	B1, 
        0.28181931    -2.2076868e-40                 0        0.28181931    -8.3582703e-35                 0         490.23678                 0                 0                 0                 0    -9.4892779e-35                 0               250           0.94005	B1, 
        0.28481723    -1.7580695e-39                 0        0.28481723    -5.4508889e-34                 0         490.23678                 0                 0                 0                 0    -5.6667286e-34                 0               250           0.95005	B1, 
        0.28781515    -1.1124794e-38                 0        0.28781515    -3.2397409e-33                 0         490.23678                 0                 0                 0                 0    -3.2664213e-33                 0               250           0.96005	B1, 
        0.29081307    -6.5187975e-38                 0        0.29081307    -1.8433156e-32                 0         490.23678                 0                 0                 0                 0    -1.8183886e-32                 0               250           0.97005	B1, 
        0.29381099    -3.6575867e-37                 0        0.29381099    -1.0120198e-31                 0         490.23678                 0                 0                 0                 0    -9.7815508e-32                 0               250           0.98005	B1, 
        0.29680891    -1.9804314e-36                 0        0.29680891    -5.3708064e-31                 0         490.23678                 0                 0                 0                 0    -5.0870335e-31                 0               250           0.99005	B1, 
        0.29980682    -1.0369891e-35                 0        0.29980682    -2.7572098e-30                 0         490.23678                 0                 0                 0                 0    -2.5590828e-30                 0               250           1.00005	B1, 
        0.30280474    -5.2554408e-35                 0        0.30280474    -1.3700016e-29                 0         490.23678                 0                 0                 0                 0    -1.2459241e-29                 0               250           1.01005	B1, 
        0.30580266    -2.5793996e-34                 0        0.30580266    -6.5920244e-29                 0         490.23678                 0                 0                 0                 0    -5.8736566e-29                 0               250           1.02005	B1, 
        0.30880058    -1.2266753e-33                 0        0.30880058    -3.0731495e-28                 0         490.23678                 0                 0                 0                 0    -2.6825954e-28                 0               250           1.03005	B1, 
         0.3117985    -5.6553763e-33                 0         0.3117985    -1.3887805e-27                 0         490.23678                 0                 0                 0                 0    -1.1875421e-27                 0               250           1.04005	B1, 
        0.31479642    -2.5288914e-32                 0        0.31479642    -6.0867313e-27                 0         490.23678                 0                 0                 0                 0    -5.0980649e-27                 0               250           1.05005	B1, 
        0.31779433    -1.0973595e-31                 0        0.31779433    -2.5885012e-26                 0         490.23678                 0                 0                 0                 0    -2.1234259e-26                 0               250           1.06005	B1, 
        0.32079225    -4.6230516e-31                 0        0.32079225    -1.0686542e-25                 0         490.23678                 0                 0                 0                 0    -8.5852892e-26                 0               250           1.07005	B1, 
        0.32379017    -1.8918132e-30                 0        0.32379017    -4.2850828e-25                 0         490.23678                 0                 0                 0                 0    -3.3710653e-25                 0               250           1.08005	B1, 
        0.32678809    -7.5232209e-30                 0        0.32678809    -1.6696318e-24                 0         490.23678                 0                 0                 0                 0    -1.2861153e-24                 0               250           1.09005	B1, 
        0.32978601     -2.908771e-29                 0        0.32978601    -6.3244927e-24                 0         490.23678                 0                 0                 0                 0    -4.7697651e-24                 0               250           1.10005	B1, 
        0.33278393    -1.0939494e-28                 0        0.33278393    -2.3301076e-23                 0         490.23678                 0                 0                 0                 0    -1.7203626e-23                 0               250           1.11005	B1, 
        0.33578184    -4.0037457e-28                 0        0.33578184    -8.3535504e-23                 0         490.23678                 0                 0                 0                 0    -6.0373762e-23                 0               250           1.12005	B1, 
        0.33877976    -1.4266409e-27                 0        0.33877976    -2.9154687e-22                 0         490.23678                 0                 0                 0                 0    -2.0624283e-22                 0               250           1.13005	B1, 
        0.34177768     -4.951501e-27                 0        0.34177768    -9.9102115e-22                 0         490.23678                 0                 0                 0                 0    -6.8613058e-22                 0               250           1.14005	B1, 
         0.3447756    -1.6746577e-26                 0         0.3447756    -3.2823707e-21                 0         490.23678                 0                 0                 0                 0    -2.2239483e-21                 0               250           1.15005	B1, 
        0.34777352    -5.5217012e-26                 0        0.34777352    -1.0597739e-20                 0         490.23678                 0                 0                 0                 0    -7.0262425e-21                 0               250           1.16005	B1, 
        0.35077144    -1.7756851e-25                 0        0.35077144    -3.3369386e-20                 0         490.23678                 0                 0                 0                 0    -2.1646638e-20                 0               250           1.17005	B1, 
        0.35376935    -5.5717494e-25                 0        0.35376935    -1.0251301e-19                 0         490.23678                 0                 0                 0                 0    -6.5059823e-20                 0               250           1.18005	B1, 
        0.35676727    -1.7066086e-24                 0        0.35676727    -3.0739003e-19                 0         490.23678                 0                 0                 0                 0     -1.908422e-19                 0               250           1.19005	B1, 
        0.35976519    -5.1047572e-24                 0        0.35976519     -9.000417e-19                 0         490.23678                 0                 0                 0                 0    -5.4658412e-19                 0               250           1.20005	B1, 
        0.36276311    -1.4917461e-23                 0        0.36276311    -2.5744088e-18                 0         490.23678                 0                 0                 0                 0     -1.529116e-18                 0               250           1.21005	B1, 
        0.36576103    -4.2606043e-23                 0        0.36576103    -7.1963492e-18                 0         490.23678                 0                 0                 0                 0    -4.1802514e-18                 0               250           1.22005	B1, 
        0.36875895    -1.1898154e-22                 0        0.36875895      -1.96672e-17                 0         490.23678                 0                 0                 0                 0    -1.1171679e-17                 0               250           1.23005	B1, 
        0.37175686    -3.2500767e-22                 0        0.37175686    -5.2570491e-17                 0         490.23678                 0                 0                 0                 0    -2.9198607e-17                 0               250           1.24005	B1, 
        0.37475478    -8.6872982e-22                 0        0.37475478    -1.3749354e-16                 0         490.23678                 0                 0                 0                 0      -7.46629e-17                 0               250           1.25005	B1, 
         0.3777527    -2.2731197e-21                 0         0.3777527    -3.5199199e-16                 0         490.23678                 0                 0                 0                 0    -1.8685984e-16                 0               250           1.26005	B1, 
        0.38075062    -5.8247012e-21                 0        0.38075062    -8.8239074e-16                 0         490.23678                 0                 0                 0                 0    -4.5789178e-16                 0               250           1.27005	B1, 
        0.38374854    -1.4621906e-20                 0        0.38374854    -2.1668665e-15                 0         490.23678                 0                 0                 0                 0     -1.099033e-15                 0               250           1.28005	B1, 
        0.38674646    -3.5972987e-20                 0        0.38674646    -5.2144649e-15                 0         490.23678                 0                 0                 0                 0     -2.584776e-15                 0               250           1.29005	B1, 
        0.38974437    -8.6766555e-20                 0        0.38974437    -1.2301415e-14                 0         490.23678                 0                 0                 0                 0    -5.9588251e-15                 0               250           1.30005	B1, 
        0.39274229    -2.0525354e-19                 0        0.39274229     -2.845951e-14                 0         490.23678                 0                 0                 0                 0    -1.3470483e-14                 0               250           1.31005	B1, 
        0.39574021    -4.7637454e-19                 0        0.39574021    -6.4592805e-14                 0         490.23678                 0                 0                 0                 0    -2.9870866e-14                 0               250           1.32005	B1, 
        0.39873813    -1.0851283e-18                 0        0.39873813    -1.4387342e-13                 0         490.23678                 0                 0                 0                 0    -6.4999475e-14                 0               250           1.33005	B1, 
        0.40173605    -2.4268416e-18                 0        0.40173605    -3.1460821e-13                 0         490.23678                 0                 0                 0                 0    -1.3884256e-13                 0               250           1.34005	B1, 
        0.40473397    -5.3306567e-18                 0        0.40473397    -6.7562236e-13                 0         490.23678                 0                 0                 0                 0    -2.9123096e-13                 0               250           1.35005	B1, 
        0.40773188    -1.1503979e-17                 0        0.40773188    -1.4253841e-12                 0         490.23678                 0                 0                 0                 0    -6.0007298e-13                 0               250           1.36005	B1, 
         0.4107298    -2.4400051e-17                 0         0.4107298    -2.9552976e-12                 0         490.23678                 0                 0                 0                 0    -1.2149818e-12                 0               250           1.37005	B1, 
        0.41372772    -5.0880804e-17                 0        0.41372772    -6.0236203e-12                 0         490.23678                 0                 0                 0                 0    -2.4181333e-12                 0               250           1.38005	B1, 
        0.41672564    -1.0434727e-16                 0        0.41672564    -1.2073819e-11                 0         490.23678                 0                 0                 0                 0    -4.7323761e-12                 0               250           1.39005	B1, 
        0.41972356    -2.1052975e-16                 0        0.41972356    -2.3806975e-11                 0         490.23678                 0                 0                 0                 0    -9.1097961e-12                 0               250           1.40005	B1, 
        0.42272148    -4.1801382e-16                 0        0.42272148    -4.6192998e-11                 0         490.23678                 0                 0                 0                 0    -1.7254741e-11                 0               250           1.41005	B1, 
        0.42571939    -8.1705286e-16                 0        0.42571939     -8.822638e-11                 0         490.23678                 0                 0                 0                 0    -3.2167457e-11                 0               250           1.42005	B1, 
        0.42871731    -1.5726342e-15                 0        0.42871731    -1.6592327e-10                 0         490.23678                 0                 0                 0                 0    -5.9043187e-11                 0               250           1.43005	B1, 
        0.43171523    -2.9816533e-15                 0        0.43171523    -3.0735263e-10                 0         490.23678                 0                 0                 0                 0    -1.0673383e-10                 0               250           1.44005	B1, 
        0.43471315    -5.5701944e-15                 0        0.43471315     -5.609444e-10                 0         490.23678                 0                 0                 0                 0     -1.900843e-10                 0               250           1.45005	B1, 
        0.43771107    -1.0256459e-14                 0        0.43771107    -1.0089893e-09                 0         490.23678                 0                 0                 0                 0    -3.3360541e-10                 0               250           1.46005	B1, 
        0.44070899    -1.8619442e-14                 0        0.44070899     -1.789229e-09                 0         490.23678                 0                 0                 0                 0    -5.7715387e-10                 0               250           1.47005	B1, 
         0.4437069      -3.33353e-14                 0         0.4437069    -3.1288514e-09                 0         490.23678                 0                 0                 0                 0    -9.8457561e-10                 0               250           1.48005	B1, 
        0.44670482    -5.8875575e-14                 0        0.44670482     -5.397203e-09                 0         490.23678                 0                 0                 0                 0    -1.6566507e-09                 0               250           1.49005	B1, 
        0.44970274    -1.0260814e-13                 0        0.44970274     -9.186303e-09                 0         490.23678                 0                 0                 0                 0    -2.7501787e-09                 0               250           1.50005	B1, 
        0.45270066    -1.7650834e-13                 0        0.45270066    -1.5432014e-08                 0         490.23678                 0                 0                 0                 0    -4.5056865e-09                 0               250           1.51005	B1, 
        0.45569858    -2.9978134e-13                 0        0.45569858    -2.5593762e-08                 0         490.23678                 0                 0                 0                 0    -7.2870431e-09                 0               250           1.52005	B1, 
         0.4586965     -5.028255e-13                 0         0.4586965    -4.1917313e-08                 0         490.23678                 0                 0                 0                 0    -1.1637254e-08                 0               250           1.53005	B1, 
        0.46169441     -8.331418e-13                 0        0.46169441    -6.7813617e-08                 0         490.23678                 0                 0                 0                 0    -1.8355884e-08                 0               250           1.54005	B1, 
        0.46469233    -1.3640281e-12                 0        0.46469233    -1.0839748e-07                 0         490.23678                 0                 0                 0                 0    -2.8604925e-08                 0               250           1.55005	B1, 
        0.46769025    -2.2072047e-12                 0        0.46769025    -1.7124314e-07                 0         490.23678                 0                 0                 0                 0    -4.4051477e-08                 0               250           1.56005	B1, 
        0.47068817    -3.5309139e-12                 0        0.47068817    -2.6742999e-07                 0         490.23678                 0                 0                 0                 0    -6.7057294e-08                 0               250           1.57005	B1, 
        0.47368609    -5.5855444e-12                 0        0.47368609    -4.1297096e-07                 0         490.23678                 0                 0                 0                 0    -1.0092704e-07                 0               250           1.58005	B1, 
        0.47668401    -8.7394613e-12                 0        0.47668401     -6.307383e-07                 0         490.23678                 0                 0                 0                 0    -1.5022891e-07                 0               250           1.59005	B1, 
        0.47968192    -1.3528505e-11                 0        0.47968192    -9.5302734e-07                 0         490.23678                 0                 0                 0                 0    -2.2120285e-07                 0               250           1.60005	B1, 
        0.48267984    -2.0723564e-11                 0        0.48267984    -1.4249266e-06                 0         490.23678                 0                 0                 0                 0    -3.2227332e-07                 0               250           1.61005	B1, 
        0.48567776    -3.1421753e-11                 0        0.48567776    -2.1086934e-06                 0         490.23678                 0                 0                 0                 0    -4.6468429e-07                 0               250           1.62005	B1, 
        0.48867568    -4.7168045e-11                 0        0.48867568    -3.0893666e-06                 0         490.23678                 0                 0                 0                 0    -6.6327497e-07                 0               250           1.63005	B1, 
         0.4916736    -7.0115709e-11                 0         0.4916736    -4.4818785e-06                 0         490.23678                 0                 0                 0                 0    -9.3741435e-07                 0               250           1.64005	B1, 
        0.49467152    -1.0323563e-10                 0        0.49467152    -6.4399621e-06                 0         490.23678                 0                 0                 0                 0    -1.3121116e-06                 0               250           1.65005	B1, 
        0.49766943    -1.5058647e-10                 0        0.49766943    -9.1671749e-06                 0         490.23678                 0                 0                 0                 0    -1.8193171e-06                 0               250           1.66005	B1, 
        0.50066735    -2.1765965e-10                 0        0.50066735    -1.2930385e-05                 0         490.23678                 0                 0                 0                 0    -2.4994252e-06                 0               250           1.67005	B1, 
        0.50366527    -3.1181536e-10                 0        0.50366527    -1.8076083e-05                 0         490.23678                 0                 0                 0                 0    -3.4029862e-06                 0               250           1.68005	B1, 
        0.50666319    -4.4282795e-10                 0        0.50666319    -2.5049885e-05                 0         490.23678                 0                 0                 0                 0    -4.5926266e-06                 0               250           1.69005	B1, 
        0.50966111    -6.2356148e-10                 0        0.50966111    -3.4419592e-05                 0         490.23678                 0                 0                 0                 0    -6.1451728e-06                 0               250           1.70005	B1, 
        0.51265903    -8.7079802e-10                 0        0.51265903    -4.6902152e-05                 0         490.23678                 0                 0                 0                 0    -8.1539614e-06                 0               250           1.71005	B1, 
        0.51565694    -1.2062439e-09                 0        0.51565694     -6.339483e-05                 0         490.23678                 0                 0                 0                 0    -1.0731313e-05                 0               250           1.72005	B1, 
        0.51865486    -1.6577398e-09                 0        0.51865486    -8.5010848e-05                 0         490.23678                 0                 0                 0                 0    -1.4011137e-05                 0               250           1.73005	B1, 
        0.52165278     -2.260704e-09                 0        0.52165278    -0.00011311968                 0         490.23678                 0                 0                 0                 0    -1.8151615e-05                 0               250           1.74005	B1, 
         0.5246507    -3.0598355e-09                 0         0.5246507    -0.00014939213                 0         490.23678                 0                 0                 0                 0    -2.3337922e-05                 0               250           1.75005	B1, 
        0.52764862    -4.1111087e-09                 0        0.52764862    -0.00019585012                 0         490.23678                 0                 0                 0                 0    -2.9784909e-05                 0               250           1.76005	B1, 
        0.53064654    -5.4840859e-09                 0        0.53064654    -0.00025492119                 0         490.23678                 0                 0                 0                 0    -3.7739687e-05                 0               250           1.77005	B1, 
        0.53364445    -7.2645781e-09                 0        0.53364445    -0.00032949733                 0         490.23678                 0                 0                 0                 0    -4.7484023e-05                 0               250           1.78005	B1, 
        0.53664237    -9.5576768e-09                 0        0.53664237    -0.00042299786                 0         490.23678                 0                 0                 0                 0    -5.9336476e-05                 0               250           1.79005	B1, 
        0.53964029    -1.2491182e-08                 0        0.53964029    -0.00053943573                 0         490.23678                 0                 0                 0                 0    -7.3654191e-05                 0               250           1.80005	B1, 
        0.54263821    -1.6219445e-08                 0        0.54263821    -0.00068348666                 0         490.23678                 0                 0                 0                 0    -9.0834254e-05                 0               250           1.81005	B1, 
        0.54563613    -2.0927641e-08                 0        0.54563613    -0.00086056021                 0         490.23678                 0                 0                 0                 0    -0.00011131455                 0               250           1.82005	B1, 
        0.54863405    -2.6836476e-08                 0        0.54863405     -0.0010768719                 0         490.23678                 0                 0                 0                 0    -0.00013557404                 0               250           1.83005	B1, 
        0.55163196    -3.4207341e-08                 0        0.55163196      -0.001339515                 0         490.23678                 0                 0                 0                 0    -0.00016413239                 0               250           1.84005	B1, 
        0.55462988      -4.33479e-08                 0        0.55462988     -0.0016565319                 0         490.23678                 0                 0                 0                 0    -0.00019754894                 0               250           1.85005	B1, 
         0.5576278    -5.4618102e-08                 0         0.5576278     -0.0020369818                 0         490.23678                 0                 0                 0                 0    -0.00023642094                 0               250           1.86005	B1, 
        0.56062572    -6.8436607e-08                 0        0.56062572     -0.0024910055                 0         490.23678                 0                 0                 0                 0      -0.000281381                 0               250           1.87005	B1, 
        0.56362364    -8.5287583e-08                 0        0.56362364     -0.0030298853                 0         490.23678                 0                 0                 0                 0    -0.00033309394                 0               250           1.88005	B1, 
        0.56662156    -1.0572785e-07                 0        0.56662156     -0.0036660977                 0         490.23678                 0                 0                 0                 0    -0.00039225275                 0               250           1.89005	B1, 
        0.56961947    -1.3039435e-07                 0        0.56961947     -0.0044133595                 0         490.23678                 0                 0                 0                 0    -0.00045957405                 0               250           1.90005	B1, 
        0.57261739    -1.6001181e-07                 0        0.57261739     -0.0052866645                 0         490.23678                 0                 0                 0                 0    -0.00053579281                 0               250           1.91005	B1, 
        0.57561531    -1.9540069e-07                 0        0.57561531     -0.0063023112                 0         490.23678                 0                 0                 0                 0     -0.0006216566                 0               250           1.92005	B1, 
        0.57861323    -2.3748517e-07                 0        0.57861323     -0.0074779194                 0         490.23678                 0                 0                 0                 0    -0.00071791941                 0               250           1.93005	B1, 
        0.58161115     -2.873013e-07                 0        0.58161115     -0.0088324359                 0         490.23678                 0                 0                 0                 0    -0.00082533505                 0               250           1.94005	B1, 
        0.58460907    -3.4600506e-07                 0        0.58460907      -0.010386128                 0         490.23678                 0                 0                 0                 0    -0.00094465039                 0               250           1.95005	B1, 
        0.58760698    -4.1488042e-07                 0        0.58760698      -0.012160566                 0         490.23678                 0                 0                 0                 0     -0.0010765985                 0               250           1.96005	B1, 
         0.5906049    -4.9534719e-07                 0         0.5906049      -0.014178593                 0         490.23678                 0                 0                 0                 0     -0.0012218918                 0               250           1.97005	B1, 
        0.59360282    -5.8896872e-07                 0        0.59360282      -0.016464281                 0         490.23678                 0                 0                 0                 0     -0.0013812153                 0               250           1.98005	B1, 
        0.59660074     -6.974592e-07                 0        0.59660074      -0.019042878                 0         490.23678                 0                 0                 0                 0     -0.0015552202                 0               250           1.99005	B1, 
        0.59959866     -8.226907e-07                 0        0.59959866      -0.021940746                 0         490.23678                 0                 0                 0                 0     -0.0017445178                 0               250           2.00005	B1, 
        0.60259658    -9.6669974e-07                 0        0.60259658      -0.025185281                 0         490.23678                 0                 0                 0                 0      -0.001949674                 0               250           2.01005	B1, 
        0.60559449    -1.1316934e-06                 0        0.60559449      -0.028804832                 0         490.23678                 0                 0                 0                 0     -0.0021712042                 0               250           2.02005	B1, 
        0.60859241    -1.3200547e-06                 0        0.60859241      -0.032828607                 0         490.23677                 0                 0                 0                 0     -0.0024095691                 0               250           2.03005	B1, 
        0.61159033    -1.5343478e-06                 0        0.61159033      -0.037286575                 0         490.23677                 0                 0                 0                 0     -0.0026651709                 0               250           2.04005	B1, 
        0.61458825    -1.7773221e-06                 0        0.61458825      -0.042209357                 0         490.23677                 0                 0                 0                 0      -0.002938351                 0               250           2.05005	B1, 
        0.61758617    -2.0519162e-06                 0        0.61758617      -0.047628123                 0         490.23677                 0                 0                 0                 0     -0.0032293874                 0               250           2.06005	B1, 
        0.62058409    -2.3612604e-06                 0        0.62058409      -0.053574474                 0         490.23677                 0                 0                 0                 0     -0.0035384937                 0               250           2.07005	B1, 
          0.623582    -2.7086796e-06                 0          0.623582       -0.06008033                 0         490.23677                 0                 0                 0                 0     -0.0038658191                 0               250           2.08005	B1, 
        0.62657992    -3.0976944e-06                 0        0.62657992       -0.06717782                 0         490.23677                 0                 0                 0                 0     -0.0042114485                 0               250           2.09005	B1, 
        0.62957784    -3.5320222e-06                 0        0.62957784      -0.074899165                 0         490.23677                 0                 0                 0                 0     -0.0045754036                 0               250           2.10005	B1, 
        0.63257576    -4.0155776e-06                 0        0.63257576       -0.08327657                 0         490.23677                 0                 0                 0                 0     -0.0049576454                 0               250           2.11005	B1, 
        0.63557368    -4.5524717e-06                 0        0.63557368      -0.092342122                 0         490.23677                 0                 0                 0                 0     -0.0053580762                 0               250           2.12005	B1, 
         0.6385716    -5.1470113e-06                 0         0.6385716       -0.10212769                 0         490.23677                 0                 0                 0                 0     -0.0057765431                 0               250           2.13005	B1, 
        0.64156951    -5.8036971e-06                 0        0.64156951       -0.11266482                 0         490.23676                 0                 0                 0                 0     -0.0062128418                 0               250           2.14005	B1, 
        0.64456743    -6.5272213e-06                 0        0.64456743       -0.12398466                 0         490.23676                 0                 0                 0                 0     -0.0066667205                 0               250           2.15005	B1, 
        0.64756535    -7.3224656e-06                 0        0.64756535       -0.13611789                 0         490.23676                 0                 0                 0                 0     -0.0071378848                 0               250           2.16005	B1, 
        0.65056327    -8.1944973e-06                 0        0.65056327       -0.14909462                 0         490.23675                 0                 0                 0                 0     -0.0076260022                 0               250           2.17005	B1, 
        0.65356119    -9.1485661e-06                 0        0.65356119       -0.16294436                 0         490.23675                 0                 0                 0                 0     -0.0081307071                 0               250           2.18005	B1, 
        0.65655911      -1.01901e-05                 0        0.65655911       -0.17769594                 0         490.23674                 0                 0                 0                 0     -0.0086516064                 0               250           2.19005	B1, 
        0.65955703    -1.1324701e-05                 0        0.65955702       -0.19337748                 0         490.23674                 0                 0                 0                 0     -0.0091882839                 0               250           2.20005	B1, 
        0.66255494    -1.2558141e-05                 0        0.66255494       -0.21001637                 0         490.23673                 0                 0                 0                 0     -0.0097403064                 0               250           2.21005	B1, 
        0.66555286    -1.3896358e-05                 0        0.66555286       -0.22763919                 0         490.23672                 0                 0                 0                 0      -0.010307228                 0               250           2.22005	B1, 
        0.66855078    -1.5345448e-05                 0        0.66855078       -0.24627178                 0         490.23671                 0                 0                 0                 0      -0.010888595                 0               250           2.23005	B1, 
         0.6715487    -1.6911663e-05                 0         0.6715487       -0.26593912                 0          490.2367                 0                 0                 0                 0      -0.011483951                 0               250           2.24005	B1, 
        0.67454662    -1.8601408e-05                 0        0.67454661       -0.28666544                 0         490.23669                 0                 0                 0                 0      -0.012092842                 0               250           2.25005	B1, 
        0.67754454    -2.0421229e-05                 0        0.67754453       -0.30847414                 0         490.23668                 0                 0                 0                 0      -0.012714818                 0               250           2.26005	B1, 
        0.68054245    -2.2377818e-05                 0        0.68054245       -0.33138785                 0         490.23666                 0                 0                 0                 0      -0.013349442                 0               250           2.27005	B1, 
        0.68354037    -2.4477999e-05                 0        0.68354037       -0.35542845                 0         490.23665                 0                 0                 0                 0      -0.013996286                 0               250           2.28005	B1, 
        0.68653829    -2.6728728e-05                 0        0.68653828       -0.38061708                 0         490.23663                 0                 0                 0                 0      -0.014654941                 0               250           2.29005	B1, 
        0.68953621    -2.9137091e-05                 0         0.6895362       -0.40697415                 0         490.23661                 0                 0                 0                 0      -0.015325018                 0               250           2.30005	B1, 
        0.69253413    -3.1710292e-05                 0        0.69253412       -0.43451944                 0         490.23658                 0                 0                 0                 0      -0.016006148                 0               250           2.31005	B1, 
        0.69553205    -3.4455659e-05                 0        0.69553204       -0.46327208                 0         490.23656                 0                 0                 0                 0      -0.016697987                 0               250           2.32005	B1, 
        0.69852996    -3.7380632e-05                 0        0.69852995       -0.49325063                 0         490.23653                 0                 0                 0                 0      -0.017400216                 0               250           2.33005	B1, 
        0.70152788    -4.0492764e-05                 0        0.70152787        -0.5244731                 0          490.2365                 0                 0                 0                 0      -0.018112544                 0               250           2.34005	B1, 
         0.7045258    -4.3799716e-05                 0        0.70452579       -0.55695702                 0         490.23646                 0                 0                 0                 0      -0.018834709                 0               250           2.35005	B1, 
        0.70752372    -4.7309254e-05                 0         0.7075237       -0.59071949                 0         490.23642                 0                 0                 0                 0      -0.019566476                 0               250           2.36005	B1, 
        0.71052164     -5.102925e-05                 0        0.71052162        -0.6257772                 0         490.23638                 0                 0                 0                 0      -0.020307642                 0               250           2.37005	B1, 
        0.71351956    -5.4967675e-05                 0        0.71351953       -0.66214654                 0         490.23633                 0                 0                 0                 0      -0.021058032                 0               250           2.38005	B1, 
        0.71651747    -5.9132599e-05                 0        0.71651745        -0.6998436                 0         490.23628                 0                 0                 0                 0      -0.021817503                 0               250           2.39005	B1, 
        0.71951539    -6.3532191e-05                 0        0.71951536       -0.73888425                 0         490.23622                 0                 0                 0                 0      -0.022585942                 0               250           2.40005	B1, 
        0.72251331    -6.8174716e-05                 0        0.72251328       -0.77928417                 0         490.23616                 0                 0                 0                 0      -0.023363262                 0               250           2.41005	B1, 
        0.72551123    -7.3068535e-05                 0        0.72551119       -0.82105894                 0         490.23609                 0                 0                 0                 0       -0.02414941                 0               250           2.42005	B1, 
        0.72850915    -7.8222102e-05                 0        0.72850911       -0.86422406                 0         490.23601                 0                 0                 0                 0      -0.024944356                 0               250           2.43005	B1, 
        0.73150707    -8.3643968e-05                 0        0.73150702       -0.90879499                 0         490.23593                 0                 0                 0                 0        -0.0257481                 0               250           2.44005	B1, 
        0.73450498    -8.9342778e-05                 0        0.73450493       -0.95478722                 0         490.23585                 0                 0                 0                 0      -0.026560668                 0               250           2.45005	B1, 
         0.7375029     -9.532727e-05                 0        0.73750285        -1.0022163                 0         490.23575                 0                 0                 0                 0       -0.02738211                 0               250           2.46005	B1, 
        0.74050082    -0.00010160628                 0        0.74050076        -1.0510979                 0         490.23565                 0                 0                 0                 0        -0.0282125                 0               250           2.47005	B1, 
        0.74349874    -0.00010818874                 0        0.74349867        -1.1014479                 0         490.23554                 0                 0                 0                 0      -0.029051935                 0               250           2.48005	B1, 
        0.74649666    -0.00011508368                 0        0.74649658        -1.1532822                 0         490.23542                 0                 0                 0                 0      -0.029900532                 0               250           2.49005	B1, 
        0.74949458    -0.00012230023                 0        0.74949449        -1.2066172                 0         490.23529                 0                 0                 0                 0      -0.030758427                 0               250           2.50005	B1, 
        0.75249249     -0.0001298476                 0         0.7524924        -1.2614691                 0         490.23515                 0                 0                 0                 0      -0.031625777                 0               250           2.51005	B1, 
        0.75549041    -0.00013773514                 0        0.75549031         -1.317855                 0           490.235                 0                 0                 0                 0      -0.032502753                 0               250           2.52005	B1, 
        0.75848833    -0.00014597227                 0        0.75848821        -1.3757917                 0         490.23485                 0                 0                 0                 0      -0.033389541                 0               250           2.53005	B1, 
        0.76148625    -0.00015456854                 0        0.76148612        -1.4352968                 0         490.23467                 0                 0                 0                 0      -0.034286342                 0               250           2.54005	B1, 
        0.76448417    -0.00016353358                 0        0.76448402        -1.4963881                 0         490.23449                 0                 0                 0                 0      -0.035193367                 0               250           2.55005	B1, 
        0.76748209    -0.00017287715                 0        0.76748193        -1.5590837                 0          490.2343                 0                 0                 0                 0      -0.036110841                 0               250           2.56005	B1, 
           0.77048    -0.00018260913                 0        0.77047983        -1.6234021                 0         490.23409                 0                 0                 0                 0      -0.037038994                 0               250           2.57005	B1, 
        0.77347792    -0.00019273949                 0        0.77347773        -1.6893625                 0         490.23387                 0                 0                 0                 0      -0.037978067                 0               250           2.58005	B1, 
        0.77647584    -0.00020327834                 0        0.77647563        -1.7569842                 0         490.23363                 0                 0                 0                 0      -0.038928306                 0               250           2.59005	B1, 
        0.77947376    -0.00021423588                 0        0.77947353         -1.826287                 0         490.23337                 0                 0                 0                 0      -0.039889961                 0               250           2.60005	B1, 
        0.78247168    -0.00022562248                 0        0.78247143        -1.8972913                 0          490.2331                 0                 0                 0                 0      -0.040863287                 0               250           2.61005	B1, 
         0.7854696    -0.00023744859                 0        0.78546932        -1.9700177                 0         490.23282                 0                 0                 0                 0      -0.041848542                 0               250           2.62005	B1, 
        0.78846751    -0.00024972482                 0        0.78846721        -2.0444876                 0         490.23251                 0                 0                 0                 0      -0.042845983                 0               250           2.63005	B1, 
        0.79146543    -0.00026246189                 0        0.79146511        -2.1207225                 0         490.23219                 0                 0                 0                 0      -0.043855868                 0               250           2.64005	B1, 
        0.79446335    -0.00027567066                 0          0.794463        -2.1987445                 0         490.23185                 0                 0                 0                 0      -0.044878454                 0               250           2.65005	B1, 
        0.79746127    -0.00028936213                 0        0.79746088        -2.2785763                 0         490.23148                 0                 0                 0                 0      -0.045913995                 0               250           2.66005	B1, 
        0.80045919    -0.00030354744                 0        0.80045877        -2.3602408                 0         490.23109                 0                 0                 0                 0      -0.046962744                 0               250           2.67005	B1, 
        0.80345711    -0.00031823787                 0        0.80345665        -2.4437614                 0         490.23069                 0                 0                 0                 0      -0.048024947                 0               250           2.68005	B1, 
        0.80645502    -0.00033344484                 0        0.80645453         -2.529162                 0         490.23025                 0                 0                 0                 0      -0.049100848                 0               250           2.69005	B1, 
        0.80945294    -0.00034917993                 0        0.80945241         -2.616467                 0         490.22979                 0                 0                 0                 0      -0.050190684                 0               250           2.70005	B1, 
        0.81245086    -0.00036545485                 0        0.81245028        -2.7057009                 0         490.22931                 0                 0                 0                 0      -0.051294684                 0               250           2.71005	B1, 
        0.81544878    -0.00038228148                 0        0.81544815         -2.796889                 0          490.2288                 0                 0                 0                 0      -0.052413074                 0               250           2.72005	B1, 
         0.8184467    -0.00039967185                 0        0.81844602        -2.8900566                 0         490.22826                 0                 0                 0                 0      -0.053546071                 0               250           2.73005	B1, 
        0.82144462    -0.00041763814                 0        0.82144388        -2.9852297                 0         490.22769                 0                 0                 0                 0      -0.054693882                 0               250           2.74005	B1, 
        0.82444253     -0.0004361927                 0        0.82444175        -3.0824345                 0         490.22709                 0                 0                 0                 0       -0.05585671                 0               250           2.75005	B1, 
        0.82744045    -0.00045534803                 0         0.8274396        -3.1816976                 0         490.22645                 0                 0                 0                 0      -0.057034748                 0               250           2.76005	B1, 
        0.83043837    -0.00047511681                 0        0.83043746        -3.2830458                 0         490.22578                 0                 0                 0                 0       -0.05822818                 0               250           2.77005	B1, 
        0.83343629    -0.00049551186                 0         0.8334353        -3.3865063                 0         490.22508                 0                 0                 0                 0      -0.059437183                 0               250           2.78005	B1, 
        0.83643421     -0.0005165462                 0        0.83643315        -3.4921068                 0         490.22434                 0                 0                 0                 0      -0.060661926                 0               250           2.79005	B1, 
        0.83943213    -0.00053823299                 0        0.83943099        -3.5998749                 0         490.22356                 0                 0                 0                 0       -0.06190257                 0               250           2.80005	B1, 
        0.84243004    -0.00056058557                 0        0.84242882        -3.7098389                 0         490.22274                 0                 0                 0                 0      -0.063159267                 0               250           2.81005	B1, 
        0.84542796    -0.00058361746                 0        0.84542665        -3.8220269                 0         490.22188                 0                 0                 0                 0      -0.064432165                 0               250           2.82005	B1, 
        0.84842588    -0.00060734236                 0        0.84842448        -3.9364677                 0         490.22097                 0                 0                 0                 0      -0.065721404                 0               250           2.83005	B1, 
         0.8514238    -0.00063177412                 0         0.8514223          -4.05319                 0         490.22002                 0                 0                 0                 0      -0.067027118                 0               250           2.84005	B1, 
        0.85442172    -0.00065692678                 0        0.85442011         -4.172223                 0         490.21902                 0                 0                 0                 0      -0.068349439                 0               250           2.85005	B1, 
        0.85741964    -0.00068281458                 0        0.85741792         -4.293596                 0         490.21797                 0                 0                 0                 0      -0.069688493                 0               250           2.86005	B1, 
        0.86041755     -0.0007094519                 0        0.86041572        -4.4173383                 0         490.21687                 0                 0                 0                 0      -0.071044403                 0               250           2.87005	B1, 
        0.86341547    -0.00073685333                 0        0.86341351        -4.5434799                 0         490.21572                 0                 0                 0                 0      -0.072417294                 0               250           2.88005	B1, 
        0.86641339    -0.00076503363                 0         0.8664113        -4.6720506                 0         490.21451                 0                 0                 0                 0      -0.073807289                 0               250           2.89005	B1, 
        0.86941131    -0.00079400775                 0        0.86940907        -4.8030805                 0         490.21325                 0                 0                 0                 0      -0.075214513                 0               250           2.90005	B1, 
        0.87240923    -0.00082379083                 0        0.87240684        -4.9366002                 0         490.21192                 0                 0                 0                 0      -0.076639096                 0               250           2.91005	B1, 
        0.87540715    -0.00085439818                 0        0.87540461        -5.0726401                 0         490.21053                 0                 0                 0                 0      -0.078081173                 0               250           2.92005	B1, 
        0.87840506    -0.00088584531                 0        0.87840236        -5.2112312                 0         490.20908                 0                 0                 0                 0      -0.079540887                 0               250           2.93005	B1, 
        0.88140298    -0.00091814791                 0         0.8814001        -5.3524045                 0         490.20756                 0                 0                 0                 0      -0.081018389                 0               250           2.94005	B1, 
         0.8844009    -0.00095132189                 0        0.88439784        -5.4961915                 0         490.20597                 0                 0                 0                 0      -0.082513846                 0               250           2.95005	B1, 
        0.88739882     -0.0009853833                 0        0.88739556        -5.6426238                 0          490.2043                 0                 0                 0                 0      -0.084027435                 0               250           2.96005	B1, 
        0.89039674     -0.0010203484                 0        0.89039328        -5.7917335                 0         490.20256                 0                 0                 0                 0      -0.085559354                 0               250           2.97005	B1, 
        0.89339466     -0.0010562338                 0        0.89339098        -5.9435529                 0         490.20075                 0                 0                 0                 0      -0.087109818                 0               250           2.98005	B1, 
        0.89639257      -0.001093056                 0        0.89638867        -6.0981149                 0         490.19885                 0                 0                 0                 0      -0.088679069                 0               250           2.99005	B1, 
        0.89939049     -0.0011308319                 0        0.89938635        -6.2554526                 0         490.19686                 0                 0                 0                 0       -0.09026737                 0               250           3.00005	B1, 
        0.90238841     -0.0011695787                 0        0.90238402        -6.4155997                 0         490.19479                 0                 0                 0                 0      -0.091875016                 0               250           3.01005	B1, 
        0.90538633     -0.0012093135                 0        0.90538168        -6.5785905                 0         490.19263                 0                 0                 0                 0      -0.093502334                 0               250           3.02005	B1, 
        0.90838425      -0.001250054                 0        0.90837932        -6.7444599                 0         490.19038                 0                 0                 0                 0      -0.095149687                 0               250           3.03005	B1, 
        0.91138217     -0.0012918178                 0        0.91137695        -6.9132433                 0         490.18803                 0                 0                 0                 0      -0.096817476                 0               250           3.04005	B1, 
        0.91438008     -0.0013346228                 0        0.91437456         -7.084977                 0         490.18558                 0                 0                 0                 0      -0.098506146                 0               250           3.05005	B1, 
          0.917378     -0.0013784872                 0        0.91737216        -7.2596982                 0         490.18302                 0                 0                 0                 0       -0.10021619                 0               250           3.06005	B1, 
        0.92037592     -0.0014234294                 0        0.92036974        -7.4374447                 0         490.18036                 0                 0                 0                 0       -0.10194815                 0               250           3.07005	B1, 
        0.92337384      -0.001469468                 0         0.9233673        -7.6182556                 0         490.17758                 0                 0                 0                 0       -0.10370261                 0               250           3.08005	B1, 
        0.92637176     -0.0015166219                 0        0.92636485        -7.8021708                 0         490.17469                 0                 0                 0                 0       -0.10548024                 0               250           3.09005	B1, 
        0.92936968     -0.0015649101                 0        0.92936238        -7.9892318                 0         490.17167                 0                 0                 0                 0       -0.10728176                 0               250           3.10005	B1, 
        0.93236759     -0.0016143522                 0        0.93235989        -8.1794811                 0         490.16853                 0                 0                 0                 0       -0.10910793                 0               250           3.11005	B1, 
        0.93536551     -0.0016649675                 0        0.93535738        -8.3729626                 0         490.16527                 0                 0                 0                 0       -0.11095963                 0               250           3.12005	B1, 
        0.93836343     -0.0017167762                 0        0.93835485         -8.569722                 0         490.16187                 0                 0                 0                 0       -0.11283777                 0               250           3.13005	B1, 
        0.94136135     -0.0017697984                 0         0.9413523        -8.7698066                 0         490.15833                 0                 0                 0                 0       -0.11474337                 0               250           3.14005	B1, 
        0.94435927     -0.0018240545                 0        0.94434973        -8.9732654                 0         490.15465                 0                 0                 0                 0       -0.11667751                 0               250           3.15005	B1, 
        0.94735719     -0.0018795653                 0        0.94734713        -9.1801496                 0         490.15081                 0                 0                 0                 0       -0.11864138                 0               250           3.16005	B1, 
         0.9503551     -0.0019363521                 0        0.95034451        -9.3905123                 0         490.14683                 0                 0                 0                 0       -0.12063624                 0               250           3.17005	B1, 
        0.95335302     -0.0019944361                 0        0.95334187        -9.6044092                 0         490.14269                 0                 0                 0                 0       -0.12266346                 0               250           3.18005	B1, 
        0.95635094     -0.0020538392                 0         0.9563392        -9.8218983                 0         490.13838                 0                 0                 0                 0       -0.12472451                 0               250           3.19005	B1, 
        0.95934886     -0.0021145836                 0         0.9593365         -10.04304                 0         490.13389                 0                 0                 0                 0       -0.12682095                 0               250           3.20005	B1, 
        0.96234678     -0.0021766918                 0        0.96233378        -10.267899                 0         490.12923                 0                 0                 0                 0       -0.12895446                 0               250           3.21005	B1, 
         0.9653447     -0.0022401866                 0        0.96533102         -10.49654                 0         490.12439                 0                 0                 0                 0       -0.13112682                 0               250           3.22005	B1, 
        0.96834261     -0.0023050916                 0        0.96832824        -10.729034                 0         490.11936                 0                 0                 0                 0       -0.13333995                 0               250           3.23005	B1, 
        0.97134053     -0.0023714303                 0        0.97132542        -10.965454                 0         490.11412                 0                 0                 0                 0       -0.13559584                 0               250           3.24005	B1, 
        0.97433845     -0.0024392272                 0        0.97432257        -11.205877                 0         490.10869                 0                 0                 0                 0       -0.13789665                 0               250           3.25005	B1, 
        0.97733637     -0.0025085069                 0        0.97731969        -11.450384                 0         490.10304                 0                 0                 0                 0       -0.14024462                 0               250           3.26005	B1, 
        0.98033429     -0.0025792946                 0        0.98031677        -11.699059                 0         490.09716                 0                 0                 0                 0       -0.14264215                 0               250           3.27005	B1, 
        0.98333221     -0.0026516161                 0        0.98331382        -11.951992                 0         490.09106                 0                 0                 0                 0       -0.14509174                 0               250           3.28005	B1, 
        0.98633012     -0.0027254978                 0        0.98631083        -12.209275                 0         490.08472                 0                 0                 0                 0       -0.14759601                 0               250           3.29005	B1, 
        0.98932804     -0.0028009665                 0         0.9893078        -12.471008                 0         490.07813                 0                 0                 0                 0       -0.15015773                 0               250           3.30005	B1, 
        0.99232596     -0.0028780498                 0        0.99230472        -12.737294                 0         490.07128                 0                 0                 0                 0       -0.15277976                 0               250           3.31005	B1, 
        0.99532388     -0.0029567758                 0        0.99530161         -13.00824                 0         490.06416                 0                 0                 0                 0       -0.15546512                 0               250           3.32005	B1, 
         0.9983218     -0.0030371734                 0        0.99829845        -13.283962                 0         490.05676                 0                 0                 0                 0       -0.15821691                 0               250           3.33005	B1, 
         1.0013197     -0.0031192722                 0         1.0012952        -13.564577                 0         490.04908                 0                 0                 0                 0       -0.16104029                 0               250           3.34005	B1, 
         1.0043176     -0.0032031024                 0          1.004292        -13.850219                 0         490.04109                 0                 0                 0                 0       -0.16393953                 0               250           3.35005	B1, 
         1.0073156     -0.0032886953                 0         1.0072887         -14.14102                 0         490.03278                 0                 0                 0                 0       -0.16691567                 0               250           3.36005	B1, 
         1.0103135     -0.0033760828                 0         1.0102853        -14.437117                 0         490.02415                 0                 0                 0                 0       -0.16997227                 0               250           3.37005	B1, 
         1.0133114     -0.0034652977                 0         1.0132819        -14.738655                 0         490.01517                 0                 0                 0                 0       -0.17311292                 0               250           3.38005	B1, 
         1.0163093     -0.0035563738                 0         1.0162785        -15.045784                 0         490.00584                 0                 0                 0                 0       -0.17634129                 0               250           3.39005	B1, 
         1.0193072     -0.0036493457                 0         1.0192749        -15.358662                 0         489.99613                 0                 0                 0                 0       -0.17966109                 0               250           3.40005	B1, 
         1.0223051     -0.0037442491                 0         1.0222713        -15.677452                 0         489.98603                 0                 0                 0                 0       -0.18307603                 0               250           3.41005	B1, 
         1.0253031     -0.0038411207                 0         1.0252677        -16.002324                 0         489.97553                 0                 0                 0                 0        -0.1865898                 0               250           3.42005	B1, 
          1.028301     -0.0039399982                 0          1.028264        -16.333454                 0         489.96461                 0                 0                 0                 0       -0.19020606                 0               250           3.43005	B1, 
         1.0312989     -0.0040409205                 0         1.0312602        -16.671025                 0         489.95324                 0                 0                 0                 0       -0.19392836                 0               250           3.44005	B1, 
         1.0342968     -0.0041439274                 0         1.0342564        -17.015226                 0          489.9414                 0                 0                 0                 0       -0.19776016                 0               250           3.45005	B1, 
         1.0372947     -0.0042490602                 0         1.0372524        -17.366251                 0         489.92909                 0                 0                 0                 0       -0.20170472                 0               250           3.46005	B1, 
         1.0402927     -0.0043563612                 0         1.0402484        -17.724301                 0         489.91626                 0                 0                 0                 0       -0.20576507                 0               250           3.47005	B1, 
         1.0432906      -0.004465874                 0         1.0432443        -18.089581                 0         489.90291                 0                 0                 0                 0       -0.20994397                 0               250           3.48005	B1, 
         1.0462885     -0.0045776434                 0         1.0462402          -18.4623                 0         489.88901                 0                 0                 0                 0       -0.21424384                 0               250           3.49005	B1, 
         1.0492864     -0.0046917156                 0         1.0492359        -18.842672                 0         489.87452                 0                 0                 0                 0       -0.21866663                 0               250           3.50005	B1, 
         1.0522843     -0.0048081381                 0         1.0522316        -19.230914                 0         489.85944                 0                 0                 0                 0       -0.22321384                 0               250           3.51005	B1, 
         1.0552822     -0.0049269596                 0         1.0552271        -19.627244                 0         489.84372                 0                 0                 0                 0       -0.22788634                 0               250           3.52005	B1, 
         1.0582802     -0.0050482303                 0         1.0582226        -20.031882                 0         489.82734                 0                 0                 0                 0       -0.23268433                 0               250           3.53005	B1, 
         1.0612781     -0.0051720018                 0          1.061218        -20.445046                 0         489.81027                 0                 0                 0                 0       -0.23760726                 0               250           3.54005	B1, 
          1.064276     -0.0052983267                 0         1.0642132        -20.866954                 0         489.79247                 0                 0                 0                 0       -0.24265365                 0               250           3.55005	B1, 
         1.0672739     -0.0054272592                 0         1.0672084         -21.29782                 0         489.77393                 0                 0                 0                 0       -0.24782108                 0               250           3.56005	B1, 
         1.0702718     -0.0055588548                 0         1.0702034        -21.737851                 0         489.75459                 0                 0                 0                 0       -0.25310604                 0               250           3.57005	B1, 
         1.0732698     -0.0056931701                 0         1.0731983         -22.18725                 0         489.73444                 0                 0                 0                 0       -0.25850381                 0               250           3.58005	B1, 
         1.0762677      -0.005830263                 0         1.0761931        -22.646207                 0         489.71343                 0                 0                 0                 0       -0.26400842                 0               250           3.59005	B1, 
         1.0792656     -0.0059701926                 0         1.0791877        -23.114903                 0         489.69153                 0                 0                 0                 0        -0.2696125                 0               250           3.60005	B1, 
         1.0822635     -0.0061130188                 0         1.0821823        -23.593503                 0         489.66871                 0                 0                 0                 0       -0.27530723                 0               250           3.61005	B1, 
         1.0852614     -0.0062588028                 0         1.0851766        -24.082156                 0         489.64492                 0                 0                 0                 0       -0.28108231                 0               250           3.62005	B1, 
         1.0882593     -0.0064076064                 0         1.0881708        -24.580991                 0         489.62013                 0                 0                 0                 0       -0.28692586                 0               250           3.63005	B1, 
         1.0912573     -0.0065594922                 0         1.0911649        -25.090115                 0          489.5943                 0                 0                 0                 0       -0.29282446                 0               250           3.64005	B1, 
         1.0942552     -0.0067145234                 0         1.0941588        -25.609609                 0         489.56741                 0                 0                 0                 0       -0.29876313                 0               250           3.65005	B1, 
         1.0972531     -0.0068727636                 0         1.0971526        -26.139528                 0          489.5394                 0                 0                 0                 0       -0.30472541                 0               250           3.66005	B1, 
          1.100251     -0.0070342767                 0         1.1001461        -26.679894                 0         489.51024                 0                 0                 0                 0       -0.31069343                 0               250           3.67005	B1, 
         1.1032489     -0.0071991265                 0         1.1031395          -27.2307                 0         489.47991                 0                 0                 0                 0       -0.31664808                 0               250           3.68005	B1, 
         1.1062469     -0.0073673767                 0         1.1061327        -27.791901                 0         489.44837                 0                 0                 0                 0       -0.32256915                 0               250           3.69005	B1, 
         1.1092448     -0.0075390908                 0         1.1091257        -28.363419                 0         489.41558                 0                 0                 0                 0       -0.32843557                 0               250           3.70005	B1, 
         1.1122427     -0.0077143313                 0         1.1121185        -28.945134                 0         489.38152                 0                 0                 0                 0       -0.33422568                 0               250           3.71005	B1, 
         1.1152406     -0.0078931603                 0         1.1151111        -29.536891                 0         489.34616                 0                 0                 0                 0       -0.33991755                 0               250           3.72005	B1, 
         1.1182385     -0.0080756386                 0         1.1181034        -30.138496                 0         489.30948                 0                 0                 0                 0       -0.34548927                 0               250           3.73005	B1, 
         1.1212364     -0.0082618256                 0         1.1210956        -30.749716                 0         489.27145                 0                 0                 0                 0       -0.35091938                 0               250           3.74005	B1, 
         1.1242344     -0.0084517794                 0         1.1240875        -31.370281                 0         489.23205                 0                 0                 0                 0       -0.35618717                 0               250           3.75005	B1, 
         1.1272323     -0.0086455562                 0         1.1270791        -31.999886                 0         489.19128                 0                 0                 0                 0       -0.36127312                 0               250           3.76005	B1, 
         1.1302302     -0.0088432103                 0         1.1300705        -32.638192                 0          489.1491                 0                 0                 0                 0       -0.36615924                 0               250           3.77005	B1, 
         1.1332281     -0.0090447936                 0         1.1330616        -33.284831                 0         489.10553                 0                 0                 0                 0       -0.37082941                 0               250           3.78005	B1, 
          1.136226     -0.0092503561                 0         1.1360525        -33.939408                 0         489.06054                 0                 0                 0                 0       -0.37526971                 0               250           3.79005	B1, 
          1.139224     -0.0094599449                 0         1.1390431        -34.601506                 0         489.01414                 0                 0                 0                 0       -0.37946862                 0               250           3.80005	B1, 
         1.1422219     -0.0096736047                 0         1.1420334        -35.270691                 0         488.96633                 0                 0                 0                 0       -0.38341728                 0               250           3.81005	B1, 
         1.1452198     -0.0098913774                 0         1.1450234        -35.946514                 0         488.91711                 0                 0                 0                 0       -0.38710955                 0               250           3.82005	B1, 
         1.1482177      -0.010113302                 0         1.1480131        -36.628519                 0         488.86649                 0                 0                 0                 0       -0.39054213                 0               250           3.83005	B1, 
         1.1512156      -0.010339416                 0         1.1510024        -37.316247                 0         488.81448                 0                 0                 0                 0       -0.39371449                 0               250           3.84005	B1, 
         1.1542136      -0.010569751                 0         1.1539915        -38.009239                 0         488.76108                 0                 0                 0                 0       -0.39662879                 0               250           3.85005	B1, 
         1.1572115       -0.01080434                 0         1.1569802        -38.707043                 0         488.70631                 0                 0                 0                 0       -0.39928975                 0               250           3.86005	B1, 
         1.1602094      -0.011043209                 0         1.1599686        -39.409219                 0         488.65019                 0                 0                 0                 0        -0.4017044                 0               250           3.87005	B1, 
         1.1632073      -0.011286385                 0         1.1629566        -40.115339                 0         488.59273                 0                 0                 0                 0       -0.40388184                 0               250           3.88005	B1, 
         1.1662052       -0.01153389                 0         1.1659443        -40.824993                 0         488.53395                 0                 0                 0                 0       -0.40583295                 0               250           3.89005	B1, 
         1.1692031      -0.011785745                 0         1.1689317        -41.537793                 0         488.47386                 0                 0                 0                 0       -0.40757006                 0               250           3.90005	B1, 
         1.1722011      -0.012041967                 0         1.1719186        -42.253373                 0         488.41248                 0                 0                 0                 0       -0.40910661                 0               250           3.91005	B1, 
          1.175199      -0.012302573                 0         1.1749052         -42.97139                 0         488.34983                 0                 0                 0                 0       -0.41045684                 0               250           3.92005	B1, 
         1.1781969      -0.012567576                 0         1.1778914        -43.691528                 0         488.28593                 0                 0                 0                 0       -0.41163547                 0               250           3.93005	B1, 
         1.1811948       -0.01283699                 0         1.1808771        -44.413498                 0         488.22079                 0                 0                 0                 0       -0.41265739                 0               250           3.94005	B1, 
         1.1841927      -0.013110823                 0         1.1838625        -45.137036                 0         488.15443                 0                 0                 0                 0        -0.4135374                 0               250           3.95005	B1, 
         1.1871907      -0.013389085                 0         1.1868475        -45.861903                 0         488.08686                 0                 0                 0                 0       -0.41428999                 0               250           3.96005	B1, 
         1.1901886      -0.013671783                 0         1.1898321        -46.587886                 0          488.0181                 0                 0                 0                 0       -0.41492909                 0               250           3.97005	B1, 
         1.1931865      -0.013958924                 0         1.1928162        -47.314796                 0         487.94816                 0                 0                 0                 0       -0.41546797                 0               250           3.98005	B1, 
         1.1961844      -0.014250512                 0         1.1957999        -48.042466                 0         487.87705                 0                 0                 0                 0       -0.41591906                 0               250           3.99005	B1, 
         1.1991823      -0.014546553                 0         1.1987832        -48.770752                 0         487.80479                 0                 0                 0                 0        -0.4162939                 0               250           4.00005	B1, 
         1.2021802      -0.014847048                 0          1.201766        -49.499526                 0         487.73137                 0                 0                 0                 0       -0.41660305                 0               250           4.01005	B1, 
         1.2051782      -0.015152001                 0         1.2047484        -50.228681                 0         487.65682                 0                 0                 0                 0       -0.41685608                 0               250           4.02005	B1, 
         1.2081761      -0.015461415                 0         1.2077303        -50.958123                 0         487.58114                 0                 0                 0                 0       -0.41706158                 0               250           4.03005	B1, 
          1.211174      -0.015775289                 0         1.2107117        -51.687776                 0         487.50433                 0                 0                 0                 0       -0.41722715                 0               250           4.04005	B1, 
         1.2141719      -0.016093626                 0         1.2136927        -52.417572                 0          487.4264                 0                 0                 0                 0       -0.41735948                 0               250           4.05005	B1, 
         1.2171698      -0.016416427                 0         1.2166732        -53.147458                 0         487.34735                 0                 0                 0                 0       -0.41746438                 0               250           4.06005	B1, 
         1.2201678      -0.016743691                 0         1.2196532        -53.877388                 0          487.2672                 0                 0                 0                 0       -0.41754683                 0               250           4.07005	B1, 
         1.2231657      -0.017075418                 0         1.2226327        -54.607325                 0         487.18594                 0                 0                 0                 0       -0.41761108                 0               250           4.08005	B1, 
         1.2261636       -0.01741161                 0         1.2256117        -55.337239                 0         487.10357                 0                 0                 0                 0       -0.41766071                 0               250           4.09005	B1, 
         1.2291615      -0.017752265                 0         1.2285902        -56.067104                 0          487.0201                 0                 0                 0                 0        -0.4176987                 0               250           4.10005	B1, 
         1.2321594      -0.018097382                 0         1.2315682        -56.796902                 0         486.93553                 0                 0                 0                 0       -0.41772752                 0               250           4.11005	B1, 
         1.2351573      -0.018446963                 0         1.2345456        -57.526616                 0         486.84986                 0                 0                 0                 0       -0.41774917                 0               250           4.12005	B1, 
         1.2381553      -0.018801006                 0         1.2375226        -58.256234                 0         486.76309                 0                 0                 0                 0       -0.41776528                 0               250           4.13005	B1, 
         1.2411532       -0.01915951                 0          1.240499        -58.985745                 0         486.67523                 0                 0                 0                 0       -0.41777716                 0               250           4.14005	B1, 
         1.2441511      -0.019522475                 0         1.2434748        -59.715141                 0         486.58627                 0                 0                 0                 0       -0.41778582                 0               250           4.15005	B1, 
          1.247149        -0.0198899                 0         1.2464502        -60.444416                 0         486.49622                 0                 0                 0                 0       -0.41779207                 0               250           4.16005	B1, 
         1.2501469      -0.020261784                 0         1.2494249        -61.173565                 0         486.40507                 0                 0                 0                 0       -0.41779654                 0               250           4.17005	B1, 
         1.2531449      -0.020638127                 0         1.2523991        -61.902583                 0         486.31283                 0                 0                 0                 0        -0.4177997                 0               250           4.18005	B1, 
         1.2561428      -0.021018927                 0         1.2553728        -62.631466                 0         486.21949                 0                 0                 0                 0       -0.41780191                 0               250           4.19005	B1, 
         1.2591407      -0.021404185                 0         1.2583458        -63.360212                 0         486.12507                 0                 0                 0                 0       -0.41780343                 0               250           4.20005	B1, 
         1.2621386      -0.021793898                 0         1.2613183        -64.088818                 0         486.02955                 0                 0                 0                 0       -0.41780448                 0               250           4.21005	B1, 
         1.2651365      -0.022188067                 0         1.2642902        -64.817281                 0         485.93293                 0                 0                 0                 0       -0.41780518                 0               250           4.22005	B1, 
         1.2681344       -0.02258669                 0         1.2672615          -65.5456                 0         485.83523                 0                 0                 0                 0       -0.41780565                 0               250           4.23005	B1, 
         1.2711324      -0.022989766                 0         1.2702322        -66.273772                 0         485.73643                 0                 0                 0                 0       -0.41780596                 0               250           4.24005	B1, 
         1.2741303      -0.023397295                 0         1.2732023        -67.001796                 0         485.63655                 0                 0                 0                 0       -0.41780616                 0               250           4.25005	B1, 
         1.2771282      -0.023809275                 0         1.2761718        -67.729669                 0         485.53557                 0                 0                 0                 0       -0.41780629                 0               250           4.26005	B1, 
         1.2801261      -0.024225706                 0         1.2791406         -68.45739                 0          485.4335                 0                 0                 0                 0       -0.41780637                 0               250           4.27005	B1, 
          1.283124      -0.024646587                 0         1.2821088        -69.184958                 0         485.33034                 0                 0                 0                 0       -0.41780643                 0               250           4.28005	B1, 
          1.286122      -0.025071916                 0         1.2850764         -69.91237                 0         485.22609                 0                 0                 0                 0       -0.41780646                 0               250           4.29005	B1, 
         1.2891199      -0.025501693                 0         1.2880434        -70.639625                 0         485.12075                 0                 0                 0                 0       -0.41780648                 0               250           4.30005	B1, 
         1.2921178      -0.025935918                 0         1.2910097        -71.366722                 0         485.01432                 0                 0                 0                 0       -0.41780649                 0               250           4.31005	B1, 
         1.2951157      -0.026374588                 0         1.2939753        -72.093658                 0          484.9068                 0                 0                 0                 0        -0.4178065                 0               250           4.32005	B1, 
         1.2981136      -0.026817703                 0         1.2969403        -72.820432                 0         484.79819                 0                 0                 0                 0        -0.4178065                 0               250           4.33005	B1, 
         1.3011116      -0.027265261                 0         1.2999046        -73.547043                 0         484.68849                 0                 0                 0                 0        -0.4178065                 0               250           4.34005	B1, 
         1.3041095      -0.027717263                 0         1.3028683        -74.273488                 0          484.5777                 0                 0                 0                 0        -0.4178065                 0               250           4.35005	B1, 
         1.3071074      -0.028173707                 0         1.3058313        -74.999767                 0         484.46582                 0                 0                 0                 0        -0.4178065                 0               250           4.36005	B1, 
         1.3101053      -0.028634591                 0         1.3087935        -75.725877                 0         484.35285                 0                 0                 0                 0        -0.4178065                 0               250           4.37005	B1, 
         1.3131032      -0.029099915                 0         1.3117551        -76.451817                 0          484.2388                 0                 0                 0                 0        -0.4178065                 0               250           4.38005	B1, 
         1.3161011      -0.029569679                 0          1.314716        -77.177585                 0         484.12366                 0                 0                 0                 0        -0.4178065                 0               250           4.39005	B1, 
         1.3190991      -0.030043879                 0         1.3176762        -77.903179                 0         484.00743                 0                 0                 0                 0        -0.4178065                 0               250           4.40005	B1, 
          1.322097      -0.030522517                 0         1.3206356        -78.628599                 0         483.89011                 0                 0                 0                 0        -0.4178065                 0               250           4.41005	B1, 
         1.3250949       -0.03100559                 0         1.3235944        -79.353842                 0         483.77171                 0                 0                 0                 0        -0.4178065                 0               250           4.42005	B1, 
         1.3280928      -0.031493097                 0         1.3265524        -80.078906                 0         483.65222                 0                 0                 0                 0        -0.4178065                 0               250           4.43005	B1, 
         1.3310907      -0.031985038                 0         1.3295097        -80.803791                 0         483.53164                 0                 0                 0                 0        -0.4178065                 0               250           4.44005	B1, 
         1.3340887      -0.032481411                 0         1.3324662        -81.528494                 0         483.40997                 0                 0                 0                 0        -0.4178065                 0               250           4.45005	B1, 
         1.3370866      -0.032982216                 0          1.335422        -82.253014                 0         483.28722                 0                 0                 0                 0        -0.4178065                 0               250           4.46005	B1, 
         1.3400845       -0.03348745                 0         1.3383771        -82.977349                 0         483.16338                 0                 0                 0                 0        -0.4178065                 0               250           4.47005	B1, 
         1.3430824      -0.033997113                 0         1.3413313        -83.701498                 0         483.03846                 0                 0                 0                 0        -0.4178065                 0               250           4.48005	B1, 
         1.3460803      -0.034511204                 0         1.3442848        -84.425459                 0         482.91245                 0                 0                 0                 0        -0.4178065                 0               250           4.49005	B1, 
         1.3490782      -0.035029722                 0         1.3472376         -85.14923                 0         482.78536                 0                 0                 0                 0        -0.4178065                 0               250           4.50005	B1, 
         1.3520762      -0.035552665                 0         1.3501895        -85.872809                 0         482.65718                 0                 0                 0                 0        -0.4178065                 0               250           4.51005	B1, 
         1.3550741      -0.036080032                 0         1.3531407        -86.596196                 0         482.52792                 0                 0                 0                 0        -0.4178065                 0               250           4.52005	B1, 
          1.358072      -0.036611823                 0         1.3560911        -87.319388                 0         482.39758                 0                 0                 0                 0        -0.4178065                 0               250           4.53005	B1, 
         1.3610699      -0.037148035                 0         1.3590407        -88.042384                 0         482.26615                 0                 0                 0                 0        -0.4178065                 0               250           4.54005	B1, 
         1.3640678      -0.037688668                 0         1.3619894        -88.765182                 0         482.13363                 0                 0                 0                 0        -0.4178065                 0               250           4.55005	B1, 
         1.3670658      -0.038233721                 0         1.3649374        -89.487781                 0         482.00003                 0                 0                 0                 0        -0.4178065                 0               250           4.56005	B1, 
         1.3700637      -0.038783192                 0         1.3678845        -90.210178                 0         481.86535                 0                 0                 0                 0        -0.4178065                 0               250           4.57005	B1, 
         1.3730616      -0.039337079                 0         1.3708308        -90.932373                 0         481.72959                 0                 0                 0                 0        -0.4178065                 0               250           4.58005	B1, 
         1.3760595      -0.039895383                 0         1.3737763        -91.654364                 0         481.59275                 0                 0                 0                 0        -0.4178065                 0               250           4.59005	B1, 
         1.3790574      -0.040458101                 0         1.3767209        -92.376148                 0         481.45482                 0                 0                 0                 0        -0.4178065                 0               250           4.60005	B1, 
         1.3820553      -0.041025232                 0         1.3796647        -93.097725                 0         481.31581                 0                 0                 0                 0        -0.4178065                 0               250           4.61005	B1, 
         1.3850533      -0.041596776                 0         1.3826076        -93.819093                 0         481.17572                 0                 0                 0                 0        -0.4178065                 0               250           4.62005	B1, 
         1.3880512       -0.04217273                 0         1.3855497         -94.54025                 0         481.03455                 0                 0                 0                 0        -0.4178065                 0               250           4.63005	B1, 
         1.3910491      -0.042753093                 0         1.3884909        -95.261195                 0          480.8923                 0                 0                 0                 0        -0.4178065                 0               250           4.64005	B1, 
          1.394047      -0.043337865                 0         1.3914312        -95.981926                 0         480.74896                 0                 0                 0                 0        -0.4178065                 0               250           4.65005	B1, 
         1.3970449      -0.043927043                 0         1.3943707        -96.702441                 0         480.60455                 0                 0                 0                 0        -0.4178065                 0               250           4.66005	B1, 
         1.4000429      -0.044520627                 0         1.3973093        -97.422738                 0         480.45906                 0                 0                 0                 0        -0.4178065                 0               250           4.67005	B1, 
         1.4030408      -0.045118614                 0         1.4002469        -98.142817                 0         480.31249                 0                 0                 0                 0        -0.4178065                 0               250           4.68005	B1, 
         1.4060387      -0.045721005                 0         1.4031837        -98.862675                 0         480.16483                 0                 0                 0                 0        -0.4178065                 0               250           4.69005	B1, 
         1.4090366      -0.046327797                 0         1.4061196        -99.582311                 0          480.0161                 0                 0                 0                 0        -0.4178065                 0               250           4.70005	B1, 
         1.4120345      -0.046938989                 0         1.4090545        -100.30172                 0         479.86629                 0                 0                 0                 0        -0.4178065                 0               250           4.71005	B1, 
         1.4150324       -0.04755458                 0         1.4119886        -101.02091                 0         479.71541                 0                 0                 0                 0        -0.4178065                 0               250           4.72005	B1, 
         1.4180304      -0.048174568                 0         1.4149217        -101.73987                 0         479.56344                 0                 0                 0                 0        -0.4178065                 0               250           4.73005	B1, 
         1.4210283      -0.048798952                 0         1.4178539         -102.4586                 0          479.4104                 0                 0                 0                 0        -0.4178065                 0               250           4.74005	B1, 
         1.4240262      -0.049427731                 0         1.4207851         -103.1771                 0         479.25628                 0                 0                 0                 0        -0.4178065                 0               250           4.75005	B1, 
         1.4270241      -0.050060902                 0         1.4237154        -103.89537                 0         479.10108                 0                 0                 0                 0        -0.4178065                 0               250           4.76005	B1, 
          1.430022      -0.050698465                 0         1.4266447        -104.61341                 0         478.94481                 0                 0                 0                 0        -0.4178065                 0               250           4.77005	B1, 
           1.43302      -0.051340419                 0         1.4295731        -105.33121                 0         478.78746                 0                 0                 0                 0        -0.4178065                 0               250           4.78005	B1, 
         1.4360179      -0.051986761                 0         1.4325005        -106.04877                 0         478.62904                 0                 0                 0                 0        -0.4178065                 0               250           4.79005	B1, 
         1.4390158      -0.052637491                 0          1.435427         -106.7661                 0         478.46954                 0                 0                 0                 0        -0.4178065                 0               250           4.80005	B1, 
         1.4420137      -0.053292607                 0         1.4383524        -107.48319                 0         478.30896                 0                 0                 0                 0        -0.4178065                 0               250           4.81005	B1, 
         1.4450116      -0.053952107                 0         1.4412769        -108.20003                 0         478.14731                 0                 0                 0                 0        -0.4178065                 0               250           4.82005	B1, 
         1.4480095      -0.054615989                 0         1.4442004        -108.91663                 0         477.98459                 0                 0                 0                 0        -0.4178065                 0               250           4.83005	B1, 
         1.4510075      -0.055284254                 0         1.4471229        -109.63299                 0         477.82079                 0                 0                 0                 0        -0.4178065                 0               250           4.84005	B1, 
         1.4540054      -0.055956898                 0         1.4500444         -110.3491                 0         477.65591                 0                 0                 0                 0        -0.4178065                 0               250           4.85005	B1, 
         1.4570033      -0.056633921                 0         1.4529648        -111.06496                 0         477.48997                 0                 0                 0                 0        -0.4178065                 0               250           4.86005	B1, 
         1.4600012       -0.05731532                 0         1.4558843        -111.78057                 0         477.32295                 0                 0                 0                 0        -0.4178065                 0               250           4.87005	B1, 
         1.4629991      -0.058001095                 0         1.4588027        -112.49594                 0         477.15486                 0                 0                 0                 0        -0.4178065                 0               250           4.88005	B1, 
         1.4659971      -0.058691244                 0         1.4617201        -113.21105                 0          476.9857                 0                 0                 0                 0        -0.4178065                 0               250           4.89005	B1, 
          1.468995      -0.059385765                 0         1.4646365         -113.9259                 0         476.81546                 0                 0                 0                 0        -0.4178065                 0               250           4.90005	B1, 
         1.4719929      -0.060084657                 0         1.4675518         -114.6405                 0         476.64416                 0                 0                 0                 0        -0.4178065                 0               250           4.91005	B1, 
         1.4749908      -0.060787918                 0          1.470466        -115.35484                 0         476.47178                 0                 0                 0                 0        -0.4178065                 0               250           4.92005	B1, 
         1.4779887      -0.061495547                 0         1.4733793        -116.06892                 0         476.29833                 0                 0                 0                 0        -0.4178065                 0               250           4.93005	B1, 
         1.4809867      -0.062207541                 0         1.4762914        -116.78274                 0         476.12382                 0                 0                 0                 0        -0.4178065                 0               250           4.94005	B1, 
         1.4839846        -0.0629239                 0         1.4792025         -117.4963                 0         475.94823                 0                 0                 0                 0        -0.4178065                 0               250           4.95005	B1, 
         1.4869825      -0.063644622                 0         1.4821125         -118.2096                 0         475.77157                 0                 0                 0                 0        -0.4178065                 0               250           4.96005	B1, 
         1.4899804      -0.064369705                 0         1.4850214        -118.92263                 0         475.59385                 0                 0                 0                 0        -0.4178065                 0               250           4.97005	B1, 
         1.4929783      -0.065099147                 0         1.4879292        -119.63539                 0         475.41505                 0                 0                 0                 0        -0.4178065                 0               250           4.98005	B1, 
         1.4959762      -0.065832947                 0         1.4908359        -120.34788                 0         475.23519                 0                 0                 0                 0        -0.4178065                 0               250           4.99005	B1, 
         1.4989742      -0.066571104                 0         1.4937415         -121.0601                 0         475.05426                 0                 0                 0                 0        -0.4178065                 0               250           5.00005	B1, 
         1.5019721      -0.067313615                 0         1.4966461        -121.77205                 0         474.87226                 0                 0                 0                 0        -0.4178065                 0               250           5.01005	B1, 
           1.50497      -0.068060479                 0         1.4995494        -122.48373                 0          474.6892                 0                 0                 0                 0        -0.4178065                 0               250           5.02005	B1, 
         1.5079679      -0.068811694                 0         1.5024517        -123.19513                 0         474.50506                 0                 0                 0                 0        -0.4178065                 0               250           5.03005	B1, 
         1.5109658      -0.069567259                 0         1.5053529        -123.90626                 0         474.31987                 0                 0                 0                 0        -0.4178065                 0               250           5.04005	B1, 
         1.5139638      -0.070327171                 0         1.5082529         -124.6171                 0          474.1336                 0                 0                 0                 0        -0.4178065                 0               250           5.05005	B1, 
         1.5169617       -0.07109143                 0         1.5111517        -125.32767                 0         473.94627                 0                 0                 0                 0        -0.4178065                 0               250           5.06005	B1, 
         1.5199596      -0.071860033                 0         1.5140495        -126.03796                 0         473.75788                 0                 0                 0                 0        -0.4178065                 0               250           5.07005	B1, 
         1.5229575      -0.072632979                 0          1.516946        -126.74796                 0         473.56842                 0                 0                 0                 0        -0.4178065                 0               250           5.08005	B1, 
         1.5259554      -0.073410266                 0         1.5198414        -127.45768                 0          473.3779                 0                 0                 0                 0        -0.4178065                 0               250           5.09005	B1, 
         1.5289533      -0.074191892                 0         1.5227356        -128.16711                 0         473.18632                 0                 0                 0                 0        -0.4178065                 0               250           5.10005	B1, 
         1.5319513      -0.074977855                 0         1.5256287        -128.87625                 0         472.99367                 0                 0                 0                 0        -0.4178065                 0               250           5.11005	B1, 
         1.5349492      -0.075768154                 0         1.5285206         -129.5851                 0         472.79996                 0                 0                 0                 0        -0.4178065                 0               250           5.12005	B1, 
         1.5379471      -0.076562788                 0         1.5314113        -130.29366                 0         472.60518                 0                 0                 0                 0        -0.4178065                 0               250           5.13005	B1, 
          1.540945      -0.077361753                 0         1.5343008        -131.00193                 0         472.40935                 0                 0                 0                 0        -0.4178065                 0               250           5.14005	B1, 
         1.5439429      -0.078165048                 0          1.537189        -131.70991                 0         472.21245                 0                 0                 0                 0        -0.4178065                 0               250           5.15005	B1, 
         1.5469409      -0.078972672                 0         1.5400761        -132.41759                 0         472.01449                 0                 0                 0                 0        -0.4178065                 0               250           5.16005	B1, 
         1.5499388      -0.079784623                 0          1.542962        -133.12497                 0         471.81547                 0                 0                 0                 0        -0.4178065                 0               250           5.17005	B1, 
         1.5529367      -0.080600899                 0         1.5458467        -133.83205                 0         471.61539                 0                 0                 0                 0        -0.4178065                 0               250           5.18005	B1, 
         1.5559346      -0.081421497                 0         1.5487301        -134.53883                 0         471.41425                 0                 0                 0                 0        -0.4178065                 0               250           5.19005	B1, 
         1.5589325      -0.082246417                 0         1.5516123        -135.24531                 0         471.21206                 0                 0                 0                 0        -0.4178065                 0               250           5.20005	B1, 
         1.5619304      -0.083075657                 0         1.5544932        -135.95149                 0          471.0088                 0                 0                 0                 0        -0.4178065                 0               250           5.21005	B1, 
         1.5649284      -0.083909213                 0         1.5573729        -136.65736                 0         470.80449                 0                 0                 0                 0        -0.4178065                 0               250           5.22005	B1, 
         1.5679263      -0.084747086                 0         1.5602514        -137.36292                 0         470.59911                 0                 0                 0                 0        -0.4178065                 0               250           5.23005	B1, 
         1.5709242      -0.085589272                 0         1.5631286        -138.06817                 0         470.39268                 0                 0                 0                 0        -0.4178065                 0               250           5.24005	B1, 
         1.5739221       -0.08643577                 0         1.5660045        -138.77312                 0          470.1852                 0                 0                 0                 0        -0.4178065                 0               250           5.25005	B1, 
           1.57692      -0.087286578                 0         1.5688791        -139.47775                 0         469.97665                 0                 0                 0                 0        -0.4178065                 0               250           5.26005	B1, 
          1.579918      -0.088141694                 0         1.5717525        -140.18207                 0         469.76705                 0                 0                 0                 0        -0.4178065                 0               250           5.27005	B1, 
         1.5829159      -0.089001116                 0         1.5746246        -140.88607                 0          469.5564                 0                 0                 0                 0        -0.4178065                 0               250           5.28005	B1, 
         1.5859138      -0.089864842                 0         1.5774954        -141.58976                 0         469.34469                 0                 0                 0                 0        -0.4178065                 0               250           5.29005	B1, 
         1.5889117      -0.090732871                 0         1.5803649        -142.29313                 0         469.13192                 0                 0                 0                 0        -0.4178065                 0               250           5.30005	B1, 
         1.5919096      -0.091605199                 0         1.5832331        -142.99618                 0         468.91811                 0                 0                 0                 0        -0.4178065                 0               250           5.31005	B1, 
         1.5949075      -0.092481826                 0            1.5861        -143.69891                 0         468.70323                 0                 0                 0                 0        -0.4178065                 0               250           5.32005	B1, 
         1.5979055       -0.09336275                 0         1.5889656        -144.40131                 0         468.48731                 0                 0                 0                 0        -0.4178065                 0               250           5.33005	B1, 
         1.6009034      -0.094247968                 0         1.5918298        -145.10339                 0         468.27033                 0                 0                 0                 0        -0.4178065                 0               250           5.34005	B1, 
         1.6039013      -0.095137478                 0         1.5946927        -145.80515                 0          468.0523                 0                 0                 0                 0        -0.4178065                 0               250           5.35005	B1, 
         1.6068992      -0.096031279                 0         1.5975543        -146.50658                 0         467.83322                 0                 0                 0                 0        -0.4178065                 0               250           5.36005	B1, 
         1.6098971      -0.096929368                 0         1.6004145        -147.20767                 0         467.61309                 0                 0                 0                 0        -0.4178065                 0               250           5.37005	B1, 
         1.6128951      -0.097831743                 0         1.6032734        -147.90844                 0          467.3919                 0                 0                 0                 0        -0.4178065                 0               250           5.38005	B1, 
          1.615893      -0.098738403                 0          1.606131        -148.60888                 0         467.16967                 0                 0                 0                 0        -0.4178065                 0               250           5.39005	B1, 
         1.6188909      -0.099649345                 0         1.6089871        -149.30898                 0         466.94638                 0                 0                 0                 0        -0.4178065                 0               250           5.40005	B1, 
         1.6218888       -0.10056457                 0         1.6118419        -150.00874                 0         466.72205                 0                 0                 0                 0        -0.4178065                 0               250           5.41005	B1, 
         1.6248867       -0.10148407                 0         1.6146954        -150.70817                 0         466.49667                 0                 0                 0                 0        -0.4178065                 0               250           5.42005	B1, 
         1.6278846       -0.10240784                 0         1.6175474        -151.40726                 0         466.27024                 0                 0                 0                 0        -0.4178065                 0               250           5.43005	B1, 
         1.6308826       -0.10333589                 0         1.6203981        -152.10601                 0         466.04276                 0                 0                 0                 0        -0.4178065                 0               250           5.44005	B1, 
         1.6338805       -0.10426822                 0         1.6232473        -152.80442                 0         465.81424                 0                 0                 0                 0        -0.4178065                 0               250           5.45005	B1, 
         1.6368784       -0.10520481                 0         1.6260952        -153.50248                 0         465.58467                 0                 0                 0                 0        -0.4178065                 0               250           5.46005	B1, 
         1.6398763       -0.10614567                 0         1.6289416         -154.2002                 0         465.35405                 0                 0                 0                 0        -0.4178065                 0               250           5.47005	B1, 
         1.6428742        -0.1070908                 0         1.6317867        -154.89758                 0         465.12239                 0                 0                 0                 0        -0.4178065                 0               250           5.48005	B1, 
         1.6458722       -0.10804019                 0         1.6346303         -155.5946                 0         464.88968                 0                 0                 0                 0        -0.4178065                 0               250           5.49005	B1, 
         1.6488701       -0.10899384                 0         1.6374725        -156.29128                 0         464.65593                 0                 0                 0                 0        -0.4178065                 0               250           5.50005	B1, 
          1.651868       -0.10995175                 0         1.6403132         -156.9876                 0         464.42113                 0                 0                 0                 0        -0.4178065                 0               250           5.51005	B1, 
         1.6548659       -0.11091391                 0         1.6431526        -157.68357                 0         464.18529                 0                 0                 0                 0        -0.4178065                 0               250           5.52005	B1, 
         1.6578638       -0.11188034                 0         1.6459904        -158.37919                 0         463.94841                 0                 0                 0                 0        -0.4178065                 0               250           5.53005	B1, 
         1.6608618       -0.11285101                 0         1.6488269        -159.07445                 0         463.71049                 0                 0                 0                 0        -0.4178065                 0               250           5.54005	B1, 
         1.6638597       -0.11382594                 0         1.6516618        -159.76936                 0         463.47152                 0                 0                 0                 0        -0.4178065                 0               250           5.55005	B1, 
         1.6668576       -0.11480511                 0         1.6544953         -160.4639                 0         463.23151                 0                 0                 0                 0        -0.4178065                 0               250           5.56005	B1, 
         1.6698555       -0.11578853                 0         1.6573274        -161.15809                 0         462.99046                 0                 0                 0                 0        -0.4178065                 0               250           5.57005	B1, 
         1.6728534       -0.11677619                 0         1.6601579        -161.85191                 0         462.74837                 0                 0                 0                 0        -0.4178065                 0               250           5.58005	B1, 
         1.6758513        -0.1177681                 0          1.662987        -162.54537                 0         462.50524                 0                 0                 0                 0        -0.4178065                 0               250           5.59005	B1, 
         1.6788493       -0.11876425                 0         1.6658146        -163.23846                 0         462.26108                 0                 0                 0                 0        -0.4178065                 0               250           5.60005	B1, 
         1.6818472       -0.11976463                 0         1.6686406        -163.93119                 0         462.01587                 0                 0                 0                 0        -0.4178065                 0               250           5.61005	B1, 
         1.6848451       -0.12076925                 0         1.6714652        -164.62355                 0         461.76962                 0                 0                 0                 0        -0.4178065                 0               250           5.62005	B1, 
          1.687843        -0.1217781                 0         1.6742883        -165.31553                 0         461.52234                 0                 0                 0                 0        -0.4178065                 0               250           5.63005	B1, 
         1.6908409       -0.12279118                 0         1.6771099        -166.00715                 0         461.27402                 0                 0                 0                 0        -0.4178065                 0               250           5.64005	B1, 
         1.6938389       -0.12380849                 0         1.6799299         -166.6984                 0         461.02466                 0                 0                 0                 0        -0.4178065                 0               250           5.65005	B1, 
         1.6968368       -0.12483002                 0         1.6827484        -167.38927                 0         460.77427                 0                 0                 0                 0        -0.4178065                 0               250           5.66005	B1, 
         1.6998347       -0.12585578                 0         1.6855654        -168.07976                 0         460.52285                 0                 0                 0                 0        -0.4178065                 0               250           5.67005	B1, 
         1.7028326       -0.12688576                 0         1.6883808        -168.76987                 0         460.27038                 0                 0                 0                 0        -0.4178065                 0               250           5.68005	B1, 
         1.7058305       -0.12791996                 0         1.6911947        -169.45961                 0         460.01689                 0                 0                 0                 0        -0.4178065                 0               250           5.69005	B1, 
         1.7088284       -0.12895838                 0          1.694007        -170.14897                 0         459.76236                 0                 0                 0                 0        -0.4178065                 0               250           5.70005	B1, 
         1.7118264       -0.13000101                 0         1.6968178        -170.83794                 0         459.50679                 0                 0                 0                 0        -0.4178065                 0               250           5.71005	B1, 
         1.7148243       -0.13104785                 0          1.699627        -171.52653                 0          459.2502                 0                 0                 0                 0        -0.4178065                 0               250           5.72005	B1, 
         1.7178222        -0.1320989                 0         1.7024346        -172.21473                 0         458.99257                 0                 0                 0                 0        -0.4178065                 0               250           5.73005	B1, 
         1.7208201       -0.13315416                 0         1.7052407        -172.90255                 0         458.73391                 0                 0                 0                 0        -0.4178065                 0               250           5.74005	B1, 
          1.723818       -0.13421363                 0         1.7080451        -173.58998                 0         458.47422                 0                 0                 0                 0        -0.4178065                 0               250           5.75005	B1, 
          1.726816        -0.1352773                 0          1.710848        -174.27702                 0         458.21351                 0                 0                 0                 0        -0.4178065                 0               250           5.76005	B1, 
         1.7298139       -0.13634516                 0         1.7136493        -174.96367                 0         457.95176                 0                 0                 0                 0        -0.4178065                 0               250           5.77005	B1, 
         1.7328118       -0.13741723                 0          1.716449        -175.64992                 0         457.68898                 0                 0                 0                 0        -0.4178065                 0               250           5.78005	B1, 
         1.7358097       -0.13849349                 0          1.719247        -176.33578                 0         457.42517                 0                 0                 0                 0        -0.4178065                 0               250           5.79005	B1, 
         1.7388076       -0.13957394                 0         1.7220435        -177.02124                 0         457.16034                 0                 0                 0                 0        -0.4178065                 0               250           5.80005	B1, 
         1.7418055       -0.14065859                 0         1.7248383        -177.70631                 0         456.89448                 0                 0                 0                 0        -0.4178065                 0               250           5.81005	B1, 
         1.7448035       -0.14174742                 0         1.7276315        -178.39098                 0         456.62759                 0                 0                 0                 0        -0.4178065                 0               250           5.82005	B1, 
         1.7478014       -0.14284044                 0         1.7304231        -179.07524                 0         456.35968                 0                 0                 0                 0        -0.4178065                 0               250           5.83005	B1, 
         1.7507993       -0.14393764                 0          1.733213         -179.7591                 0         456.09074                 0                 0                 0                 0       -0.41780649                 0               250           5.84005	B1, 
         1.7537972       -0.14503902                 0         1.7360013        -180.44256                 0         455.82077                 0                 0                 0                 0       -0.41780649                 0               250           5.85005	B1, 
         1.7567951       -0.14614458                 0         1.7387879        -181.12562                 0         455.54979                 0                 0                 0                 0       -0.41780647                 0               250           5.86005	B1, 
         1.7597931       -0.14725432                 0         1.7415729        -181.80826                 0         455.27777                 0                 0                 0                 0       -0.41780645                 0               250           5.87005	B1, 
          1.762791       -0.14836823                 0         1.7443562         -182.4905                 0         455.00474                 0                 0                 0                 0       -0.41780641                 0               250           5.88005	B1, 
         1.7657889       -0.14948631                 0         1.7471378        -183.17233                 0         454.73068                 0                 0                 0                 0       -0.41780635                 0               250           5.89005	B1, 
         1.7687868       -0.15060855                 0         1.7499177        -183.85375                 0          454.4556                 0                 0                 0                 0       -0.41780626                 0               250           5.90005	B1, 
         1.7717847       -0.15173497                 0          1.752696        -184.53475                 0          454.1795                 0                 0                 0                 0       -0.41780611                 0               250           5.91005	B1, 
         1.7747826       -0.15286555                 0         1.7554725        -185.21534                 0         453.90238                 0                 0                 0                 0       -0.41780588                 0               250           5.92005	B1, 
         1.7777806       -0.15400028                 0         1.7582474        -185.89551                 0         453.62425                 0                 0                 0                 0       -0.41780552                 0               250           5.93005	B1, 
         1.7807785       -0.15513918                 0         1.7610206        -186.57526                 0         453.34509                 0                 0                 0                 0       -0.41780498                 0               250           5.94005	B1, 
         1.7837764       -0.15628223                 0          1.763792         -187.2546                 0         453.06491                 0                 0                 0                 0       -0.41780418                 0               250           5.95005	B1, 
         1.7867743       -0.15742944                 0         1.7665617        -187.93351                 0         452.78372                 0                 0                 0                 0         -0.417803                 0               250           5.96005	B1, 
         1.7897722       -0.15858079                 0         1.7693298        -188.61199                 0         452.50151                 0                 0                 0                 0       -0.41780128                 0               250           5.97005	B1, 
         1.7927702       -0.15973629                 0          1.772096        -189.29005                 0         452.21828                 0                 0                 0                 0        -0.4177988                 0               250           5.98005	B1, 
         1.7957681       -0.16089594                 0         1.7748606        -189.96768                 0         451.93404                 0                 0                 0                 0       -0.41779527                 0               250           5.99005	B1, 
          1.798766       -0.16205973                 0         1.7776234        -190.64487                 0         451.64879                 0                 0                 0                 0       -0.41779028                 0               250           6.00005	B1, 
         1.8017639       -0.16322766                 0         1.7803845        -191.32163                 0         451.36253                 0                 0                 0                 0       -0.41778333                 0               250           6.01005	B1, 
         1.8047618       -0.16439973                 0         1.7831438        -191.99795                 0         451.07525                 0                 0                 0                 0       -0.41777373                 0               250           6.02005	B1, 
         1.8077598       -0.16557593                 0         1.7859013        -192.67381                 0         450.78698                 0                 0                 0                 0       -0.41776062                 0               250           6.03005	B1, 
         1.8107577       -0.16675627                 0         1.7886571        -193.34922                 0          450.4977                 0                 0                 0                 0       -0.41774289                 0               250           6.04005	B1, 
         1.8137556       -0.16794073                 0         1.7914111        -194.02416                 0         450.20742                 0                 0                 0                 0       -0.41771914                 0               250           6.05005	B1, 
         1.8167535       -0.16912932                 0         1.7941633        -194.69862                 0         449.91615                 0                 0                 0                 0       -0.41768762                 0               250           6.06005	B1, 
         1.8197514       -0.17032203                 0         1.7969138        -195.37258                 0          449.6239                 0                 0                 0                 0        -0.4176462                 0               250           6.07005	B1, 
         1.8227493       -0.17151886                 0         1.7996624        -196.04603                 0         449.33067                 0                 0                 0                 0       -0.41759224                 0               250           6.08005	B1, 
         1.8257473       -0.17271981                 0         1.8024093        -196.71894                 0         449.03648                 0                 0                 0                 0       -0.41752259                 0               250           6.09005	B1, 
         1.8287452       -0.17392487                 0         1.8051543        -197.39128                 0         448.74133                 0                 0                 0                 0       -0.41743346                 0               250           6.10005	B1, 
         1.8317431       -0.17513404                 0         1.8078976        -198.06301                 0         448.44525                 0                 0                 0                 0       -0.41732038                 0               250           6.11005	B1, 
          1.834741       -0.17634732                 0          1.810639         -198.7341                 0         448.14825                 0                 0                 0                 0       -0.41717811                 0               250           6.12005	B1, 
         1.8377389        -0.1775647                 0         1.8133787        -199.40449                 0         447.85036                 0                 0                 0                 0       -0.41700057                 0               250           6.13005	B1, 
         1.8407369       -0.17878617                 0         1.8161164        -200.07411                 0         447.55161                 0                 0                 0                 0       -0.41678079                 0               250           6.14005	B1, 
         1.8437348       -0.18001174                 0         1.8188524         -200.7429                 0         447.25204                 0                 0                 0                 0       -0.41651086                 0               250           6.15005	B1, 
         1.8467327        -0.1812414                 0         1.8215865        -201.41075                 0         446.95168                 0                 0                 0                 0       -0.41618188                 0               250           6.16005	B1, 
         1.8497306       -0.18247513                 0         1.8243188        -202.07758                 0         446.65059                 0                 0                 0                 0       -0.41578398                 0               250           6.17005	B1, 
         1.8527285       -0.18371294                 0         1.8270493        -202.74326                 0         446.34882                 0                 0                 0                 0       -0.41530627                 0               250           6.18005	B1, 
         1.8557264       -0.18495482                 0         1.8297779        -203.40765                 0         446.04644                 0                 0                 0                 0       -0.41473693                 0               250           6.19005	B1, 
         1.8587244       -0.18620076                 0         1.8325046         -204.0706                 0         445.74352                 0                 0                 0                 0       -0.41406327                 0               250           6.20005	B1, 
         1.8617223       -0.18745074                 0         1.8352295        -204.73193                 0         445.44016                 0                 0                 0                 0       -0.41327179                 0               250           6.21005	B1, 
         1.8647202       -0.18870476                 0         1.8379526        -205.39144                 0         445.13644                 0                 0                 0                 0       -0.41234837                 0               250           6.22005	B1, 
         1.8677181       -0.18996281                 0         1.8406737        -206.04892                 0         444.83249                 0                 0                 0                 0       -0.41127842                 0               250           6.23005	B1, 
          1.870716       -0.19122488                 0         1.8433931        -206.70411                 0         444.52841                 0                 0                 0                 0       -0.41004708                 0               250           6.24005	B1, 
          1.873714       -0.19249094                 0         1.8461105        -207.35675                 0         444.22435                 0                 0                 0                 0       -0.40863949                 0               250           6.25005	B1, 
         1.8767119       -0.19376099                 0         1.8488261        -208.00656                 0         443.92045                 0                 0                 0                 0       -0.40704107                 0               250           6.26005	B1, 
         1.8797098         -0.195035                 0         1.8515399        -208.65322                 0         443.61687                 0                 0                 0                 0       -0.40523781                 0               250           6.27005	B1, 
         1.8827077       -0.19631295                 0         1.8542518         -209.2964                 0         443.31379                 0                 0                 0                 0       -0.40321657                 0               250           6.28005	B1, 
         1.8857056       -0.19759483                 0         1.8569618        -209.93574                 0         443.01138                 0                 0                 0                 0       -0.40096547                 0               250           6.29005	B1, 
         1.8887035        -0.1988806                 0           1.85967        -210.57089                 0         442.70983                 0                 0                 0                 0       -0.39847418                 0               250           6.30005	B1, 
         1.8917015       -0.20017024                 0         1.8623763        -211.20145                 0         442.40936                 0                 0                 0                 0        -0.3957342                 0               250           6.31005	B1, 
         1.8946994       -0.20146373                 0         1.8650809        -211.82704                 0         442.11017                 0                 0                 0                 0       -0.39273924                 0               250           6.32005	B1, 
         1.8976973       -0.20276102                 0         1.8677835        -212.44726                 0         441.81247                 0                 0                 0                 0       -0.38948535                 0               250           6.33005	B1, 
         1.9006952       -0.20406209                 0         1.8704844        -213.06169                 0         441.51649                 0                 0                 0                 0       -0.38597122                 0               250           6.34005	B1, 
         1.9036931       -0.20536689                 0         1.8731835        -213.66995                 0         441.22245                 0                 0                 0                 0       -0.38219825                 0               250           6.35005	B1, 
         1.9066911        -0.2066754                 0         1.8758808        -214.27164                 0         440.93056                 0                 0                 0                 0       -0.37817063                 0               250           6.36005	B1, 
          1.909689       -0.20798756                 0         1.8785763        -214.86637                 0         440.64106                 0                 0                 0                 0       -0.37389537                 0               250           6.37005	B1, 
         1.9126869       -0.20930334                 0           1.88127        -215.45376                 0         440.35415                 0                 0                 0                 0       -0.36938219                 0               250           6.38005	B1, 
         1.9156848       -0.21062269                 0          1.883962        -216.03346                 0         440.07004                 0                 0                 0                 0       -0.36464336                 0               250           6.39005	B1, 
         1.9186827       -0.21194555                 0         1.8866523        -216.60515                 0         439.78893                 0                 0                 0                 0       -0.35969354                 0               250           6.40005	B1, 
         1.9216806       -0.21327189                 0         1.8893408        -217.16851                 0         439.51102                 0                 0                 0                 0       -0.35454945                 0               250           6.41005	B1, 
         1.9246786       -0.21460165                 0         1.8920277        -217.72327                 0         439.23647                 0                 0                 0                 0        -0.3492296                 0               250           6.42005	B1, 
         1.9276765       -0.21593477                 0         1.8947129        -218.26918                 0         438.96544                 0                 0                 0                 0        -0.3437539                 0               250           6.43005	B1, 
         1.9306744        -0.2172712                 0         1.8973965        -218.80603                 0         438.69809                 0                 0                 0                 0       -0.33814332                 0               250           6.44005	B1, 
         1.9336723       -0.21861089                 0         1.9000784        -219.33363                 0         438.43455                 0                 0                 0                 0       -0.33241951                 0               250           6.45005	B1, 
         1.9366702       -0.21995377                 0         1.9027587        -219.85185                 0         438.17492                 0                 0                 0                 0       -0.32660439                 0               250           6.46005	B1, 
         1.9396682        -0.2212998                 0         1.9054375        -220.36056                 0         437.91931                 0                 0                 0                 0       -0.32071984                 0               250           6.47005	B1, 
         1.9426661        -0.2226489                 0         1.9081147         -220.8597                 0         437.66779                 0                 0                 0                 0       -0.31478735                 0               250           6.48005	B1, 
          1.945664       -0.22400103                 0         1.9107904        -221.34921                 0         437.42042                 0                 0                 0                 0       -0.30882773                 0               250           6.49005	B1, 
         1.9486619       -0.22535612                 0         1.9134645         -221.8291                 0         437.17725                 0                 0                 0                 0       -0.30286085                 0               250           6.50005	B1, 
         1.9516598       -0.22671412                 0         1.9161372        -222.29937                 0         436.93831                 0                 0                 0                 0       -0.29690545                 0               250           6.51005	B1, 
         1.9546577       -0.22807496                 0         1.9188085        -222.76007                 0         436.70362                 0                 0                 0                 0       -0.29097896                 0               250           6.52005	B1, 
         1.9576557       -0.22943859                 0         1.9214783        -223.21127                 0         436.47317                 0                 0                 0                 0       -0.28509736                 0               250           6.53005	B1, 
         1.9606536       -0.23080495                 0         1.9241468        -223.65308                 0         436.24695                 0                 0                 0                 0       -0.27927514                 0               250           6.54005	B1, 
         1.9636515       -0.23217399                 0         1.9268139         -224.0856                 0         436.02493                 0                 0                 0                 0       -0.27352524                 0               250           6.55005	B1, 
         1.9666494       -0.23354564                 0         1.9294796        -224.50898                 0         435.80708                 0                 0                 0                 0       -0.26785904                 0               250           6.56005	B1, 
         1.9696473       -0.23491985                 0          1.932144        -224.92336                 0         435.59336                 0                 0                 0                 0       -0.26228636                 0               250           6.57005	B1, 
         1.9726453       -0.23629657                 0         1.9348071        -225.32891                 0         435.38371                 0                 0                 0                 0       -0.25681555                 0               250           6.58005	B1, 
         1.9756432       -0.23767574                 0         1.9374689        -225.72581                 0         435.17807                 0                 0                 0                 0       -0.25145353                 0               250           6.59005	B1, 
         1.9786411       -0.23905731                 0         1.9401295        -226.11424                 0         434.97638                 0                 0                 0                 0       -0.24620588                 0               250           6.60005	B1, 
          1.981639       -0.24044124                 0         1.9427889        -226.49439                 0         434.77855                 0                 0                 0                 0       -0.24107692                 0               250           6.61005	B1, 
         1.9846369       -0.24182746                 0         1.9454471        -226.86647                 0         434.58452                 0                 0                 0                 0       -0.23606982                 0               250           6.62005	B1, 
         1.9876349       -0.24321593                 0         1.9481041        -227.23067                 0          434.3942                 0                 0                 0                 0       -0.23118668                 0               250           6.63005	B1, 
         1.9906328       -0.24460661                 0         1.9507599        -227.58721                 0         434.20751                 0                 0                 0                 0       -0.22642868                 0               250           6.64005	B1, 
         1.9936307       -0.24599944                 0         1.9534147        -227.93628                 0         434.02437                 0                 0                 0                 0       -0.22179614                 0               250           6.65005	B1, 
         1.9966286       -0.24739439                 0         1.9560683        -228.27808                 0         433.84469                 0                 0                 0                 0       -0.21728864                 0               250           6.66005	B1, 
         1.9996265        -0.2487914                 0         1.9587208        -228.61283                 0         433.66839                 0                 0                 0                 0       -0.21290509                 0               250           6.67005	B1, 
         2.0026244       -0.25019044                 0         1.9613722        -228.94072                 0         433.49538                 0                 0                 0                 0       -0.20864387                 0               250           6.68005	B1, 
         2.0056224       -0.25159146                 0         1.9640226        -229.26195                 0         433.32558                 0                 0                 0                 0       -0.20450284                 0               250           6.69005	B1, 
         2.0086203       -0.25299443                 0          1.966672         -229.5767                 0          433.1589                 0                 0                 0                 0       -0.20047951                 0               250           6.70005	B1, 
         2.0116182       -0.25439931                 0         1.9693204        -229.88518                 0         432.99527                 0                 0                 0                 0       -0.19657101                 0               250           6.71005	B1, 
         2.0146161       -0.25580605                 0         1.9719678        -230.18755                 0          432.8346                 0                 0                 0                 0       -0.19277423                 0               250           6.72005	B1, 
          2.017614       -0.25721462                 0         1.9746142          -230.484                 0         432.67681                 0                 0                 0                 0       -0.18908586                 0               250           6.73005	B1, 
          2.020612       -0.25862499                 0         1.9772596         -230.7747                 0         432.52183                 0                 0                 0                 0        -0.1855024                 0               250           6.74005	B1, 
         2.0236099       -0.26003711                 0         1.9799041        -231.05982                 0         432.36958                 0                 0                 0                 0       -0.18202027                 0               250           6.75005	B1, 
         2.0266078       -0.26145097                 0         1.9825477        -231.33951                 0            432.22                 0                 0                 0                 0        -0.1786358                 0               250           6.76005	B1, 
         2.0296057       -0.26286651                 0         1.9851904        -231.61393                 0         432.07301                 0                 0                 0                 0       -0.17534528                 0               250           6.77005	B1, 
         2.0326036       -0.26428372                 0         1.9878322        -231.88323                 0         431.92854                 0                 0                 0                 0       -0.17214501                 0               250           6.78005	B1, 
         2.0356015       -0.26570257                 0         1.9904731        -232.14755                 0         431.78654                 0                 0                 0                 0        -0.1690313                 0               250           6.79005	B1, 
         2.0385995       -0.26712301                 0         1.9931131        -232.40702                 0         431.64693                 0                 0                 0                 0        -0.1660005                 0               250           6.80005	B1, 
         2.0415974       -0.26854502                 0         1.9957523        -232.66178                 0         431.50967                 0                 0                 0                 0       -0.16304902                 0               250           6.81005	B1, 
         2.0445953       -0.26996858                 0         1.9983907        -232.91194                 0         431.37469                 0                 0                 0                 0       -0.16017334                 0               250           6.82005	B1, 
         2.0475932       -0.27139366                 0         2.0010282        -233.15764                 0         431.24194                 0                 0                 0                 0       -0.15737304                 0               250           6.83005	B1, 
         2.0505911       -0.27282022                 0          2.003665        -233.39899                 0         431.11137                 0                 0                 0                 0       -0.15464185                 0               250           6.84005	B1, 
         2.0535891       -0.27424825                 0         2.0063009        -233.63609                 0         430.98292                 0                 0                 0                 0       -0.15197614                 0               250           6.85005	B1, 
          2.056587       -0.27567771                 0         2.0089361        -233.86904                 0         430.85655                 0                 0                 0                 0       -0.14937282                 0               250           6.86005	B1, 
         2.0595849       -0.27710859                 0         2.0115705        -234.09795                 0         430.73222                 0                 0                 0                 0       -0.14682893                 0               250           6.87005	B1, 
         2.0625828       -0.27854085                 0         2.0142042        -234.32291                 0         430.60988                 0                 0                 0                 0       -0.14434163                 0               250           6.88005	B1, 
         2.0655807       -0.27997448                 0         2.0168371          -234.544                 0          430.4895                 0                 0                 0                 0        -0.1419082                 0               250           6.89005	B1, 
         2.0685786       -0.28140945                 0         2.0194693        -234.76132                 0         430.37103                 0                 0                 0                 0       -0.13952604                 0               250           6.90005	B1, 
         2.0715766       -0.28284573                 0         2.0221007        -234.97493                 0         430.25443                 0                 0                 0                 0        -0.1371927                 0               250           6.91005	B1, 
         2.0745745       -0.28428331                 0         2.0247315        -235.18493                 0         430.13968                 0                 0                 0                 0       -0.13490583                 0               250           6.92005	B1, 
         2.0775724       -0.28572216                 0         2.0273615        -235.39137                 0         430.02674                 0                 0                 0                 0        -0.1326632                 0               250           6.93005	B1, 
         2.0805703       -0.28716227                 0         2.0299909        -235.59433                 0         429.91558                 0                 0                 0                 0       -0.13046271                 0               250           6.94005	B1, 
         2.0835682        -0.2886036                 0         2.0326196        -235.79387                 0         429.80617                 0                 0                 0                 0       -0.12830239                 0               250           6.95005	B1, 
         2.0865662       -0.29004615                 0         2.0352477        -235.99007                 0         429.69848                 0                 0                 0                 0       -0.12618037                 0               250           6.96005	B1, 
         2.0895641       -0.29148988                 0          2.037875        -236.18297                 0         429.59248                 0                 0                 0                 0        -0.1240949                 0               250           6.97005	B1, 
          2.092562       -0.29293479                 0         2.0405018        -236.37264                 0         429.48815                 0                 0                 0                 0       -0.12204433                 0               250           6.98005	B1, 
         2.0955599       -0.29438084                 0         2.0431279        -236.55913                 0         429.38546                 0                 0                 0                 0       -0.12002712                 0               250           6.99005	B1, 
         2.0985578       -0.29582803                 0         2.0457534        -236.74249                 0         429.28439                 0                 0                 0                 0       -0.11804185                 0               250           7.00005	B1, 
         2.1015557       -0.29727632                 0         2.0483782        -236.92278                 0         429.18492                 0                 0                 0                 0       -0.11608718                 0               250           7.01005	B1, 
         2.1045537       -0.29872571                 0         2.0510025        -237.10004                 0         429.08702                 0                 0                 0                 0       -0.11416186                 0               250           7.02005	B1, 
         2.1075516       -0.30017618                 0         2.0536262        -237.27431                 0         428.99067                 0                 0                 0                 0       -0.11226474                 0               250           7.03005	B1, 
         2.1105495        -0.3016277                 0         2.0562493        -237.44565                 0         428.89586                 0                 0                 0                 0       -0.11039476                 0               250           7.04005	B1, 
         2.1135474       -0.30308026                 0         2.0588718        -237.61409                 0         428.80257                 0                 0                 0                 0       -0.10855094                 0               250           7.05005	B1, 
         2.1165453       -0.30453384                 0         2.0614937        -237.77968                 0         428.71076                 0                 0                 0                 0       -0.10673237                 0               250           7.06005	B1, 
         2.1195433       -0.30598843                 0         2.0641151        -237.94246                 0         428.62044                 0                 0                 0                 0       -0.10493821                 0               250           7.07005	B1, 
         2.1225412         -0.307444                 0          2.066736        -238.10246                 0         428.53158                 0                 0                 0                 0       -0.10316772                 0               250           7.08005	B1, 
         2.1255391       -0.30890054                 0         2.0693563        -238.25973                 0         428.44416                 0                 0                 0                 0       -0.10142017                 0               250           7.09005	B1, 
          2.128537       -0.31035803                 0         2.0719761        -238.41429                 0         428.35817                 0                 0                 0                 0      -0.099694956                 0               250           7.10005	B1, 
         2.1315349       -0.31181647                 0         2.0745953        -238.56619                 0         428.27359                 0                 0                 0                 0       -0.09799148                 0               250           7.11005	B1, 
         2.1345328       -0.31327582                 0         2.0772141        -238.71546                 0         428.19041                 0                 0                 0                 0      -0.096309221                 0               250           7.12005	B1, 
         2.1375308       -0.31473608                 0         2.0798323        -238.86213                 0         428.10861                 0                 0                 0                 0      -0.094647702                 0               250           7.13005	B1, 
         2.1405287       -0.31619723                 0           2.08245        -239.00624                 0         428.02817                 0                 0                 0                 0      -0.093006492                 0               250           7.14005	B1, 
         2.1435266       -0.31765925                 0         2.0850673        -239.14781                 0         427.94909                 0                 0                 0                 0      -0.091385201                 0               250           7.15005	B1, 
         2.1465245       -0.31912212                 0         2.0876841        -239.28689                 0         427.87134                 0                 0                 0                 0      -0.089783479                 0               250           7.16005	B1, 
         2.1495224       -0.32058585                 0         2.0903004        -239.42349                 0         427.79491                 0                 0                 0                 0      -0.088201008                 0               250           7.17005	B1, 
         2.1525204       -0.32205039                 0         2.0929162        -239.55766                 0         427.71979                 0                 0                 0                 0      -0.086637504                 0               250           7.18005	B1, 
         2.1555183       -0.32351576                 0         2.0955316        -239.68942                 0         427.64597                 0                 0                 0                 0      -0.085092708                 0               250           7.19005	B1, 
         2.1585162       -0.32498192                 0         2.0981465         -239.8188                 0         427.57343                 0                 0                 0                 0       -0.08356639                 0               250           7.20005	B1, 
         2.1615141       -0.32644886                 0          2.100761        -239.94584                 0         427.50215                 0                 0                 0                 0      -0.082058339                 0               250           7.21005	B1, 
          2.164512       -0.32791658                 0         2.1033751        -240.07055                 0         427.43213                 0                 0                 0                 0      -0.080568364                 0               250           7.22005	B1, 
           2.16751       -0.32938504                 0         2.1059887        -240.19297                 0         427.36335                 0                 0                 0                 0       -0.07909629                 0               250           7.23005	B1, 
         2.1705079       -0.33085426                 0         2.1086019        -240.31313                 0         427.29579                 0                 0                 0                 0      -0.077641958                 0               250           7.24005	B1, 
         2.1735058        -0.3323242                 0         2.1112147        -240.43105                 0         427.22945                 0                 0                 0                 0      -0.076205216                 0               250           7.25005	B1, 
         2.1765037       -0.33379485                 0         2.1138272        -240.54677                 0         427.16431                 0                 0                 0                 0      -0.074785926                 0               250           7.26005	B1, 
         2.1795016        -0.3352662                 0         2.1164392        -240.66031                 0         427.10035                 0                 0                 0                 0      -0.073383955                 0               250           7.27005	B1, 
         2.1824995       -0.33673825                 0         2.1190508        -240.77169                 0         427.03757                 0                 0                 0                 0      -0.071999174                 0               250           7.28005	B1, 
         2.1854975       -0.33821096                 0         2.1216621        -240.88096                 0         426.97595                 0                 0                 0                 0      -0.070631458                 0               250           7.29005	B1, 
         2.1884954       -0.33968434                 0         2.1242729        -240.98812                 0         426.91548                 0                 0                 0                 0      -0.069280685                 0               250           7.30005	B1, 
         2.1914933       -0.34115837                 0         2.1268834        -241.09321                 0         426.85614                 0                 0                 0                 0      -0.067946731                 0               250           7.31005	B1, 
         2.1944912       -0.34263303                 0         2.1294936        -241.19626                 0         426.79792                 0                 0                 0                 0      -0.066629471                 0               250           7.32005	B1, 
         2.1974891       -0.34410832                 0         2.1321034        -241.29729                 0         426.74081                 0                 0                 0                 0      -0.065328777                 0               250           7.33005	B1, 
         2.2004871       -0.34558422                 0         2.1347128        -241.39633                 0         426.68479                 0                 0                 0                 0      -0.064044518                 0               250           7.34005	B1, 
          2.203485       -0.34706072                 0         2.1373219         -241.4934                 0         426.62986                 0                 0                 0                 0      -0.062776557                 0               250           7.35005	B1, 
         2.2064829        -0.3485378                 0         2.1399307        -241.58853                 0           426.576                 0                 0                 0                 0      -0.061524753                 0               250           7.36005	B1, 
         2.2094808       -0.35001546                 0         2.1425392        -241.68174                 0         426.52319                 0                 0                 0                 0      -0.060288956                 0               250           7.37005	B1, 
         2.2124787       -0.35149369                 0         2.1451473        -241.77307                 0         426.47143                 0                 0                 0                 0      -0.059069012                 0               250           7.38005	B1, 
         2.2154766       -0.35297247                 0         2.1477551        -241.86252                 0          426.4207                 0                 0                 0                 0      -0.057864756                 0               250           7.39005	B1, 
         2.2184746       -0.35445179                 0         2.1503626        -241.95014                 0         426.37099                 0                 0                 0                 0      -0.056676018                 0               250           7.40005	B1, 
         2.2214725       -0.35593164                 0         2.1529699        -242.03594                 0         426.32229                 0                 0                 0                 0      -0.055502619                 0               250           7.41005	B1, 
         2.2244704       -0.35741201                 0         2.1555768        -242.11995                 0         426.27459                 0                 0                 0                 0      -0.054344371                 0               250           7.42005	B1, 
         2.2274683       -0.35889289                 0         2.1581834        -242.20219                 0         426.22787                 0                 0                 0                 0       -0.05320108                 0               250           7.43005	B1, 
         2.2304662       -0.36037426                 0         2.1607898        -242.28268                 0         426.18212                 0                 0                 0                 0      -0.052072541                 0               250           7.44005	B1, 
         2.2334642       -0.36185612                 0         2.1633958        -242.36145                 0         426.13733                 0                 0                 0                 0      -0.050958542                 0               250           7.45005	B1, 
         2.2364621       -0.36333846                 0         2.1660016        -242.43852                 0         426.09349                 0                 0                 0                 0      -0.049858866                 0               250           7.46005	B1, 
           2.23946       -0.36482127                 0         2.1686072        -242.51392                 0         426.05058                 0                 0                 0                 0      -0.048773285                 0               250           7.47005	B1, 
         2.2424579       -0.36630453                 0         2.1712124        -242.58765                 0          426.0086                 0                 0                 0                 0      -0.047701567                 0               250           7.48005	B1, 
         2.2454558       -0.36778824                 0         2.1738175        -242.65975                 0         425.96754                 0                 0                 0                 0      -0.046643473                 0               250           7.49005	B1, 
         2.2484537       -0.36927238                 0         2.1764222        -242.73024                 0         425.92737                 0                 0                 0                 0      -0.045598759                 0               250           7.50005	B1, 
         2.2514517       -0.37075695                 0         2.1790268        -242.79913                 0          425.8881                 0                 0                 0                 0      -0.044567176                 0               250           7.51005	B1, 
         2.2544496       -0.37224193                 0          2.181631        -242.86646                 0         425.84972                 0                 0                 0                 0      -0.043548472                 0               250           7.52005	B1, 
         2.2574475       -0.37372732                 0         2.1842351        -242.93222                 0          425.8122                 0                 0                 0                 0       -0.04254239                 0               250           7.53005	B1, 
         2.2604454       -0.37521311                 0         2.1868389        -242.99646                 0         425.77555                 0                 0                 0                 0      -0.041548674                 0               250           7.54005	B1, 
         2.2634433       -0.37669929                 0         2.1894425        -243.05918                 0         425.73975                 0                 0                 0                 0      -0.040567066                 0               250           7.55005	B1, 
         2.2664413       -0.37818585                 0         2.1920459        -243.12041                 0         425.70479                 0                 0                 0                 0      -0.039597308                 0               250           7.56005	B1, 
         2.2694392       -0.37967277                 0         2.1946491        -243.18015                 0         425.67066                 0                 0                 0                 0      -0.038639143                 0               250           7.57005	B1, 
         2.2724371       -0.38116006                 0         2.1972521        -243.23844                 0         425.63735                 0                 0                 0                 0      -0.037692318                 0               250           7.58005	B1, 
          2.275435        -0.3826477                 0         2.1998549        -243.29529                 0         425.60486                 0                 0                 0                 0      -0.036756584                 0               250           7.59005	B1, 
         2.2784329       -0.38413568                 0         2.2024575        -243.35071                 0         425.57317                 0                 0                 0                 0      -0.035831695                 0               250           7.60005	B1, 
         2.2814308         -0.385624                 0         2.2050598        -243.40473                 0         425.54228                 0                 0                 0                 0      -0.034917416                 0               250           7.61005	B1, 
         2.2844288       -0.38711264                 0          2.207662        -243.45735                 0         425.51218                 0                 0                 0                 0      -0.034013515                 0               250           7.62005	B1, 
         2.2874267        -0.3886016                 0         2.2102641         -243.5086                 0         425.48285                 0                 0                 0                 0      -0.033119773                 0               250           7.63005	B1, 
         2.2904246       -0.39009087                 0         2.2128659        -243.55848                 0          425.4543                 0                 0                 0                 0      -0.032235982                 0               250           7.64005	B1, 
         2.2934225       -0.39158044                 0         2.2154676        -243.60703                 0         425.42651                 0                 0                 0                 0      -0.031361945                 0               250           7.65005	B1, 
         2.2964204       -0.39307031                 0         2.2180691        -243.65424                 0         425.39947                 0                 0                 0                 0       -0.03049748                 0               250           7.66005	B1, 
         2.2994184       -0.39456045                 0         2.2206704        -243.70013                 0         425.37318                 0                 0                 0                 0       -0.02964242                 0               250           7.67005	B1, 
         2.3024163       -0.39605088                 0         2.2232716        -243.74473                 0         425.34763                 0                 0                 0                 0      -0.028796615                 0               250           7.68005	B1, 
         2.3054142       -0.39754157                 0         2.2258726        -243.78804                 0          425.3228                 0                 0                 0                 0      -0.027959935                 0               250           7.69005	B1, 
         2.3084121       -0.39903253                 0         2.2284735        -243.83008                 0         425.29871                 0                 0                 0                 0      -0.027132267                 0               250           7.70005	B1, 
           2.31141       -0.40052373                 0         2.2310743        -243.87086                 0         425.27532                 0                 0                 0                 0      -0.026313523                 0               250           7.71005	B1, 
          2.314408       -0.40201519                 0         2.2336748        -243.91039                 0         425.25265                 0                 0                 0                 0      -0.025503635                 0               250           7.72005	B1, 
         2.3174059       -0.40350688                 0         2.2362753        -243.94869                 0         425.23068                 0                 0                 0                 0       -0.02470256                 0               250           7.73005	B1, 
         2.3204038        -0.4049988                 0         2.2388756        -243.98578                 0          425.2094                 0                 0                 0                 0       -0.02391028                 0               250           7.74005	B1, 
         2.3234017       -0.40649094                 0         2.2414758        -244.02166                 0         425.18881                 0                 0                 0                 0      -0.023126805                 0               250           7.75005	B1, 
         2.3263996        -0.4079833                 0         2.2440759        -244.05635                 0          425.1689                 0                 0                 0                 0       -0.02235217                 0               250           7.76005	B1, 
         2.3293975       -0.40947587                 0         2.2466758        -244.08987                 0         425.14966                 0                 0                 0                 0       -0.02158644                 0               250           7.77005	B1, 
         2.3323955       -0.41096864                 0         2.2492757        -244.12222                 0         425.13108                 0                 0                 0                 0      -0.020829708                 0               250           7.78005	B1, 
         2.3353934       -0.41246161                 0         2.2518754        -244.15343                 0         425.11316                 0                 0                 0                 0      -0.020082097                 0               250           7.79005	B1, 
         2.3383913       -0.41395476                 0          2.254475        -244.18349                 0         425.09589                 0                 0                 0                 0      -0.019343761                 0               250           7.80005	B1, 
         2.3413892       -0.41544809                 0         2.2570745        -244.21244                 0         425.07926                 0                 0                 0                 0      -0.018614881                 0               250           7.81005	B1, 
         2.3443871        -0.4169416                 0          2.259674        -244.24029                 0         425.06326                 0                 0                 0                 0      -0.017895672                 0               250           7.82005	B1, 
         2.3473851       -0.41843527                 0         2.2622733        -244.26704                 0         425.04789                 0                 0                 0                 0      -0.017186376                 0               250           7.83005	B1, 
          2.350383        -0.4199291                 0         2.2648725        -244.29272                 0         425.03313                 0                 0                 0                 0      -0.016487263                 0               250           7.84005	B1, 
         2.3533809       -0.42142309                 0         2.2674716        -244.31734                 0         425.01898                 0                 0                 0                 0      -0.015798635                 0               250           7.85005	B1, 
         2.3563788       -0.42291722                 0         2.2700707        -244.34092                 0         425.00543                 0                 0                 0                 0      -0.015120818                 0               250           7.86005	B1, 
         2.3593767        -0.4244115                 0         2.2726697        -244.36347                 0         424.99246                 0                 0                 0                 0      -0.014454162                 0               250           7.87005	B1, 
         2.3623746       -0.42590591                 0         2.2752686        -244.38501                 0         424.98007                 0                 0                 0                 0      -0.013799044                 0               250           7.88005	B1, 
         2.3653726       -0.42740044                 0         2.2778674        -244.40556                 0         424.96825                 0                 0                 0                 0      -0.013155859                 0               250           7.89005	B1, 
         2.3683705       -0.42889511                 0         2.2804661        -244.42514                 0         424.95699                 0                 0                 0                 0      -0.012525023                 0               250           7.90005	B1, 
         2.3713684       -0.43038988                 0         2.2830648        -244.44377                 0         424.94628                 0                 0                 0                 0      -0.011906964                 0               250           7.91005	B1, 
         2.3743663       -0.43188477                 0         2.2856634        -244.46146                 0          424.9361                 0                 0                 0                 0      -0.011302127                 0               250           7.92005	B1, 
         2.3773642       -0.43337977                 0          2.288262        -244.47825                 0         424.92644                 0                 0                 0                 0      -0.010710962                 0               250           7.93005	B1, 
         2.3803622       -0.43487486                 0         2.2908605        -244.49414                 0          424.9173                 0                 0                 0                 0      -0.010133924                 0               250           7.94005	B1, 
         2.3833601       -0.43637005                 0         2.2934589        -244.50916                 0         424.90866                 0                 0                 0                 0     -0.0095714691                 0               250           7.95005	B1, 
          2.386358       -0.43786533                 0         2.2960573        -244.52334                 0          424.9005                 0                 0                 0                 0     -0.0090240495                 0               250           7.96005	B1, 
         2.3893559       -0.43936069                 0         2.2986557        -244.53669                 0         424.89281                 0                 0                 0                 0     -0.0084921075                 0               250           7.97005	B1, 
         2.3923538       -0.44085613                 0          2.301254        -244.54924                 0         424.88559                 0                 0                 0                 0      -0.007976072                 0               250           7.98005	B1, 
         2.3953517       -0.44235165                 0         2.3038522        -244.56102                 0         424.87881                 0                 0                 0                 0     -0.0074763526                 0               250           7.99005	B1, 
         2.3983497       -0.44384723                 0         2.3064505        -244.57205                 0         424.87246                 0                 0                 0                 0     -0.0069933345                 0               250           8.00005	B1, 
         2.4013476       -0.44534288                 0         2.3090486        -244.58236                 0         424.86653                 0                 0                 0                 0      -0.006527374                 0               250           8.01005	B1, 
         2.4043455       -0.44683859                 0         2.3116468        -244.59197                 0           424.861                 0                 0                 0                 0     -0.0060787924                 0               250           8.02005	B1, 
         2.4073434       -0.44833436                 0         2.3142449        -244.60091                 0         424.85585                 0                 0                 0                 0     -0.0056478718                 0               250           8.03005	B1, 
         2.4103413       -0.44983018                 0          2.316843         -244.6092                 0         424.85107                 0                 0                 0                 0     -0.0052348501                 0               250           8.04005	B1, 
         2.4133393       -0.45132605                 0          2.319441        -244.61688                 0         424.84665                 0                 0                 0                 0     -0.0048399164                 0               250           8.05005	B1, 
         2.4163372       -0.45282196                 0         2.3220391        -244.62397                 0         424.84257                 0                 0                 0                 0     -0.0044632073                 0               250           8.06005	B1, 
         2.4193351       -0.45431792                 0         2.3246371         -244.6305                 0         424.83881                 0                 0                 0                 0     -0.0041048029                 0               250           8.07005	B1, 
          2.422333       -0.45581392                 0         2.3272351         -244.6365                 0         424.83536                 0                 0                 0                 0     -0.0037647242                 0               250           8.08005	B1, 
         2.4253309       -0.45730994                 0          2.329833        -244.64199                 0         424.83219                 0                 0                 0                 0     -0.0034429304                 0               250           8.09005	B1, 
         2.4283288       -0.45880601                 0          2.332431        -244.64701                 0         424.82931                 0                 0                 0                 0     -0.0031393174                 0               250           8.10005	B1, 
         2.4313268        -0.4603021                 0         2.3350289        -244.65157                 0         424.82668                 0                 0                 0                 0     -0.0028537164                 0               250           8.11005	B1, 
         2.4343247       -0.46179821                 0         2.3376268        -244.65572                 0         424.82429                 0                 0                 0                 0     -0.0025858941                 0               250           8.12005	B1, 
         2.4373226       -0.46329436                 0         2.3402247        -244.65947                 0         424.82213                 0                 0                 0                 0     -0.0023355532                 0               250           8.13005	B1, 
         2.4403205       -0.46479052                 0         2.3428226        -244.66285                 0         424.82018                 0                 0                 0                 0     -0.0021023338                 0               250           8.14005	B1, 
         2.4433184        -0.4662867                 0         2.3454205        -244.66589                 0         424.81843                 0                 0                 0                 0     -0.0018858155                 0               250           8.15005	B1, 
         2.4463164        -0.4677829                 0         2.3480183        -244.66861                 0         424.81686                 0                 0                 0                 0     -0.0016855206                 0               250           8.16005	B1, 
         2.4493143       -0.46927912                 0         2.3506162        -244.67104                 0         424.81547                 0                 0                 0                 0      -0.001500918                 0               250           8.17005	B1, 
         2.4523122       -0.47077535                 0          2.353214         -244.6732                 0         424.81422                 0                 0                 0                 0     -0.0013314274                 0               250           8.18005	B1, 
         2.4553101       -0.47227159                 0         2.3558119        -244.67511                 0         424.81312                 0                 0                 0                 0     -0.0011764248                 0               250           8.19005	B1, 
          2.458308       -0.47376785                 0         2.3584097        -244.67679                 0         424.81215                 0                 0                 0                 0     -0.0010352482                 0               250           8.20005	B1, 
         2.4613059       -0.47526411                 0         2.3610075        -244.67827                 0          424.8113                 0                 0                 0                 0    -0.00090720353                 0               250           8.21005	B1, 
         2.4643039       -0.47676038                 0         2.3636053        -244.67956                 0         424.81055                 0                 0                 0                 0     -0.0007915714                 0               250           8.22005	B1, 
         2.4673018       -0.47825666                 0         2.3662032        -244.68069                 0         424.80991                 0                 0                 0                 0    -0.00068761385                 0               250           8.23005	B1, 
         2.4702997       -0.47975295                 0          2.368801        -244.68167                 0         424.80934                 0                 0                 0                 0    -0.00059458116                 0               250           8.24005	B1, 
         2.4732976       -0.48124924                 0         2.3713988        -244.68251                 0         424.80886                 0                 0                 0                 0    -0.00051171877                 0               250           8.25005	B1, 
         2.4762955       -0.48274553                 0         2.3739966        -244.68323                 0         424.80844                 0                 0                 0                 0    -0.00043827396                 0               250           8.26005	B1, 
         2.4792935       -0.48424183                 0         2.3765944        -244.68385                 0         424.80809                 0                 0                 0                 0    -0.00037350235                 0               250           8.27005	B1, 
         2.4822914       -0.48573814                 0         2.3791922        -244.68438                 0         424.80778                 0                 0                 0                 0    -0.00031667393                 0               250           8.28005	B1, 
         2.4852893       -0.48723444                 0           2.38179        -244.68482                 0         424.80753                 0                 0                 0                 0    -0.00026707872                 0               250           8.29005	B1, 
         2.4882872       -0.48873075                 0         2.3843878         -244.6852                 0         424.80731                 0                 0                 0                 0     -0.0002240318                 0               250           8.30005	B1, 
         2.4912851       -0.49022706                 0         2.3869856        -244.68551                 0         424.80713                 0                 0                 0                 0    -0.00018687774                 0               250           8.31005	B1, 
         2.4942831       -0.49172338                 0         2.3895834        -244.68577                 0         424.80698                 0                 0                 0                 0    -0.00015499432                 0               250           8.32005	B1, 
          2.497281       -0.49321969                 0         2.3921812        -244.68598                 0         424.80686                 0                 0                 0                 0    -0.00012779556                 0               250           8.33005	B1, 
         2.5002789       -0.49471601                 0          2.394779        -244.68616                 0         424.80676                 0                 0                 0                 0    -0.00010473397                 0               250           8.34005	B1, 
         2.5032768       -0.49621232                 0         2.3973768         -244.6863                 0         424.80667                 0                 0                 0                 0    -8.5302148e-05                 0               250           8.35005	B1, 
         2.5062747       -0.49770864                 0         2.3999746        -244.68642                 0          424.8066                 0                 0                 0                 0    -6.9033565e-05                 0               250           8.36005	B1, 
         2.5092726       -0.49920496                 0         2.4025724        -244.68652                 0         424.80655                 0                 0                 0                 0    -5.5502755e-05                 0               250           8.37005	B1, 
         2.5122706       -0.50070128                 0         2.4051702        -244.68659                 0         424.80651                 0                 0                 0                 0    -4.4324847e-05                 0               250           8.38005	B1, 
         2.5152685       -0.50219759                 0          2.407768        -244.68665                 0         424.80647                 0                 0                 0                 0    -3.5154551e-05                 0               250           8.39005	B1, 
         2.5182664       -0.50369391                 0         2.4103658         -244.6867                 0         424.80644                 0                 0                 0                 0    -2.7684661e-05                 0               250           8.40005	B1, 
         2.5212643       -0.50519023                 0         2.4129636        -244.68674                 0         424.80642                 0                 0                 0                 0    -2.1644147e-05                 0               250           8.41005	B1, 
         2.5242622       -0.50668655                 0         2.4155614        -244.68677                 0         424.80641                 0                 0                 0                 0    -1.6795935e-05                 0               250           8.42005	B1, 
         2.5272602       -0.50818287                 0         2.4181592        -244.68679                 0         424.80639                 0                 0                 0                 0    -1.2934444e-05                 0               250           8.43005	B1, 
         2.5302581       -0.50967919                 0          2.420757        -244.68681                 0         424.80638                 0                 0                 0                 0     -9.882961e-06                 0               250           8.44005	B1, 
          2.533256       -0.51117551                 0         2.4233548        -244.68682                 0         424.80638                 0                 0                 0                 0    -7.4909449e-06                 0               250           8.45005	B1, 
         2.5362539       -0.51267183                 0         2.4259526        -244.68683                 0         424.80637                 0                 0                 0                 0    -5.6313081e-06                 0               250           8.46005	B1, 
         2.5392518       -0.51416815                 0         2.4285504        -244.68684                 0         424.80637                 0                 0                 0                 0    -4.1977501e-06                 0               250           8.47005	B1, 
         2.5422497       -0.51566447                 0         2.4311482        -244.68684                 0         424.80636                 0                 0                 0                 0    -3.1021905e-06                 0               250           8.48005	B1, 
         2.5452477       -0.51716079                 0          2.433746        -244.68685                 0         424.80636                 0                 0                 0                 0    -2.2723402e-06                 0               250           8.49005	B1, 
         2.5482456       -0.51865711                 0         2.4363437        -244.68685                 0         424.80636                 0                 0                 0                 0    -1.6494463e-06                 0               250           8.50005	B1, 
         2.5512435       -0.52015343                 0         2.4389415        -244.68685                 0         424.80636                 0                 0                 0                 0    -1.1862284e-06                 0               250           8.51005	B1, 
         2.5542414       -0.52164975                 0         2.4415393        -244.68685                 0         424.80636                 0                 0                 0                 0    -8.4502117e-07                 0               250           8.52005	B1, 
         2.5572393       -0.52314607                 0         2.4441371        -244.68686                 0         424.80636                 0                 0                 0                 0    -5.9612632e-07                 0               250           8.53005	B1, 
         2.5602373       -0.52464239                 0         2.4467349        -244.68686                 0         424.80635                 0                 0                 0                 0    -4.1637163e-07                 0               250           8.54005	B1, 
         2.5632352       -0.52613871                 0         2.4493327        -244.68686                 0         424.80635                 0                 0                 0                 0    -2.8786923e-07                 0               250           8.55005	B1, 
         2.5662331       -0.52763503                 0         2.4519305        -244.68686                 0         424.80635                 0                 0                 0                 0    -1.9696005e-07                 0               250           8.56005	B1, 
          2.569231       -0.52913136                 0         2.4545283        -244.68686                 0         424.80635                 0                 0                 0                 0    -1.3332936e-07                 0               250           8.57005	B1, 
         2.5722289       -0.53062768                 0         2.4571261        -244.68686                 0         424.80635                 0                 0                 0                 0    -8.9275541e-08                 0               250           8.58005	B1, 
         2.5752268         -0.532124                 0         2.4597239        -244.68686                 0         424.80635                 0                 0                 0                 0    -5.9114082e-08                 0               250           8.59005	B1, 
         2.5782248       -0.53362032                 0         2.4623217        -244.68686                 0         424.80635                 0                 0                 0                 0     -3.869833e-08                 0               250           8.60005	B1, 
         2.5812227       -0.53511664                 0         2.4649195        -244.68686                 0         424.80635                 0                 0                 0                 0    -2.5039504e-08                 0               250           8.61005	B1, 
         2.5842206       -0.53661296                 0         2.4675173        -244.68686                 0         424.80635                 0                 0                 0                 0    -1.6009552e-08                 0               250           8.62005	B1, 
         2.5872185       -0.53810928                 0         2.4701151        -244.68686                 0         424.80635                 0                 0                 0                 0    -1.0112038e-08                 0               250           8.63005	B1, 
         2.5902164        -0.5396056                 0         2.4727129        -244.68686                 0         424.80635                 0                 0                 0                 0    -6.3079553e-09                 0               250           8.64005	B1, 
         2.5932144       -0.54110192                 0         2.4753107        -244.68686                 0         424.80635                 0                 0                 0                 0    -3.8851843e-09                 0               250           8.65005	B1, 
         2.5962123       -0.54259824                 0         2.4779085        -244.68686                 0         424.80635                 0                 0                 0                 0     -2.362048e-09                 0               250           8.66005	B1, 
         2.5992102       -0.54409456                 0         2.4805063        -244.68686                 0         424.80635                 0                 0                 0                 0    -1.4170956e-09                 0               250           8.67005	B1, 
         2.6022081       -0.54559088                 0         2.4831041        -244.68686                 0         424.80635                 0                 0                 0                 0    -8.3872653e-10                 0               250           8.68005	B1, 
          2.605206        -0.5470872                 0         2.4857019        -244.68686                 0         424.80635                 0                 0                 0                 0    -4.8958512e-10                 0               250           8.69005	B1, 
         2.6082039       -0.54858352                 0         2.4882997        -244.68686                 0         424.80635                 0                 0                 0                 0    -2.8177122e-10                 0               250           8.70005	B1, 
         2.6112019       -0.55007984                 0         2.4908974        -244.68686                 0         424.80635                 0                 0                 0                 0    -1.5984456e-10                 0               250           8.71005	B1, 
         2.6141998       -0.55157616                 0         2.4934952        -244.68686                 0         424.80635                 0                 0                 0                 0    -8.9351598e-11                 0               250           8.72005	B1, 
         2.6171977       -0.55307248                 0          2.496093        -244.68686                 0         424.80635                 0                 0                 0                 0    -4.9201537e-11                 0               250           8.73005	B1, 
         2.6201956        -0.5545688                 0         2.4986908        -244.68686                 0         424.80635                 0                 0                 0                 0    -2.6680485e-11                 0               250           8.74005	B1, 
         2.6231935       -0.55606512                 0         2.5012886        -244.68686                 0         424.80635                 0                 0                 0                 0    -1.4243361e-11                 0               250           8.75005	B1, 
         2.6261915       -0.55756144                 0         2.5038864        -244.68686                 0         424.80635                 0                 0                 0                 0    -7.4833853e-12                 0               250           8.76005	B1, 
         2.6291894       -0.55905776                 0         2.5064842        -244.68686                 0         424.80635                 0                 0                 0                 0    -3.8682266e-12                 0               250           8.77005	B1, 
         2.6321873       -0.56055408                 0          2.509082        -244.68686                 0         424.80635                 0                 0                 0                 0    -1.9665877e-12                 0               250           8.78005	B1, 
         2.6351852        -0.5620504                 0         2.5116798        -244.68686                 0         424.80635                 0                 0                 0                 0    -9.8301455e-13                 0               250           8.79005	B1, 
         2.6381831       -0.56354672                 0         2.5142776        -244.68686                 0         424.80635                 0                 0                 0                 0    -4.8295588e-13                 0               250           8.80005	B1, 
          2.641181       -0.56504304                 0         2.5168754        -244.68686                 0         424.80635                 0                 0                 0                 0    -2.3313616e-13                 0               250           8.81005	B1, 
          2.644179       -0.56653936                 0         2.5194732        -244.68686                 0         424.80635                 0                 0                 0                 0    -1.1053972e-13                 0               250           8.82005	B1, 
         2.6471769       -0.56803568                 0          2.522071        -244.68686                 0         424.80635                 0                 0                 0                 0    -5.1461636e-14                 0               250           8.83005	B1, 
         2.6501748         -0.569532                 0         2.5246688        -244.68686                 0         424.80635                 0                 0                 0                 0    -2.3515452e-14                 0               250           8.84005	B1, 
         2.6531727       -0.57102832                 0         2.5272666        -244.68686                 0         424.80635                 0                 0                 0                 0    -1.0543229e-14                 0               250           8.85005	B1, 
         2.6561706       -0.57252464                 0         2.5298644        -244.68686                 0         424.80635                 0                 0                 0                 0    -4.6364821e-15                 0               250           8.86005	B1, 
         2.6591686       -0.57402096                 0         2.5324622        -244.68686                 0         424.80635                 0                 0                 0                 0    -1.9991268e-15                 0               250           8.87005	B1, 
         2.6621665       -0.57551728                 0           2.53506        -244.68686                 0         424.80635                 0                 0                 0                 0     -8.448294e-16                 0               250           8.88005	B1, 
         2.6651644        -0.5770136                 0         2.5376578        -244.68686                 0         424.80635                 0                 0                 0                 0    -3.4979432e-16                 0               250           8.89005	B1, 
         2.6681623       -0.57850992                 0         2.5402556        -244.68686                 0         424.80635                 0                 0                 0                 0    -1.4184292e-16                 0               250           8.90005	B1, 
         2.6711602       -0.58000624                 0         2.5428534        -244.68686                 0         424.80635                 0                 0                 0                 0    -5.6310303e-17                 0               250           8.91005	B1, 
         2.6741582       -0.58150256                 0         2.5454511        -244.68686                 0         424.80635                 0                 0                 0                 0     -2.187688e-17                 0               250           8.92005	B1, 
         2.6771561       -0.58299888                 0         2.5480489        -244.68686                 0         424.80635                 0                 0                 0                 0    -8.3143874e-18                 0               250           8.93005	B1, 
          2.680154        -0.5844952                 0         2.5506467        -244.68686                 0         424.80635                 0                 0                 0                 0    -3.0899426e-18                 0               250           8.94005	B1, 
         2.6831519       -0.58599152                 0         2.5532445        -244.68686                 0         424.80635                 0                 0                 0                 0    -1.1224622e-18                 0               250           8.95005	B1, 
         2.6861498       -0.58748785                 0         2.5558423        -244.68686                 0         424.80635                 0                 0                 0                 0    -3.9839873e-19                 0               250           8.96005	B1, 
         2.6891477       -0.58898417                 0         2.5584401        -244.68686                 0         424.80635                 0                 0                 0                 0    -1.3810544e-19                 0               250           8.97005	B1, 
         2.6921457       -0.59048049                 0         2.5610379        -244.68686                 0         424.80635                 0                 0                 0                 0    -4.6737968e-20                 0               250           8.98005	B1, 
         2.6951436       -0.59197681                 0         2.5636357        -244.68686                 0         424.80635                 0                 0                 0                 0    -1.5435208e-20                 0               250           8.99005	B1, 
         2.6981415       -0.59347313                 0         2.5662335        -244.68686                 0         424.80635                 0                 0                 0                 0    -4.9722625e-21                 0               250           9.00005	B1, 
         2.7011394       -0.59496945                 0         2.5688313        -244.68686                 0         424.80635                 0                 0                 0                 0    -1.5617362e-21                 0               250           9.01005	B1, 
         2.7041373       -0.59646577                 0         2.5714291        -244.68686                 0         424.80635                 0                 0                 0                 0    -4.7806218e-22                 0               250           9.02005	B1, 
         2.7071353       -0.59796209                 0         2.5740269        -244.68686                 0         424.80635                 0                 0                 0                 0    -1.4255845e-22                 0               250           9.03005	B1, 
         2.7101332       -0.59945841                 0         2.5766247        -244.68686                 0         424.80635                 0                 0                 0                 0    -4.1394251e-23                 0               250           9.04005	B1, 
         2.7131311       -0.60095473                 0         2.5792225        -244.68686                 0         424.80635                 0                 0                 0                 0    -1.1698495e-23                 0               250           9.05005	B1, 
          2.716129       -0.60245105                 0         2.5818203        -244.68686                 0         424.80635                 0                 0                 0                 0    -3.2163633e-24                 0               250           9.06005	B1, 
         2.7191269       -0.60394737                 0         2.5844181        -244.68686                 0         424.80635                 0                 0                 0                 0    -8.5989475e-25                 0               250           9.07005	B1, 
         2.7221248       -0.60544369                 0         2.5870159        -244.68686                 0         424.80635                 0                 0                 0                 0    -2.2344382e-25                 0               250           9.08005	B1, 
         2.7251228       -0.60694001                 0         2.5896137        -244.68686                 0         424.80635                 0                 0                 0                 0    -5.6406574e-26                 0               250           9.09005	B1, 
         2.7281207       -0.60843633                 0         2.5922115        -244.68686                 0         424.80635                 0                 0                 0                 0    -1.3826832e-26                 0               250           9.10005	B1, 
         2.7311186       -0.60993265                 0         2.5948093        -244.68686                 0         424.80635                 0                 0                 0                 0    -3.2895624e-27                 0               250           9.11005	B1, 
         2.7341165       -0.61142897                 0         2.5974071        -244.68686                 0         424.80635                 0                 0                 0                 0    -7.5921498e-28                 0               250           9.12005	B1, 
         2.7371144       -0.61292529                 0         2.6000048        -244.68686                 0         424.80635                 0                 0                 0                 0    -1.6989826e-28                 0               250           9.13005	B1, 
         2.7401124       -0.61442161                 0         2.6026026        -244.68686                 0         424.80635                 0                 0                 0                 0    -3.6846369e-29                 0               250           9.14005	B1, 
         2.7431103       -0.61591793                 0         2.6052004        -244.68686                 0         424.80635                 0                 0                 0                 0    -7.7404064e-30                 0               250           9.15005	B1, 
         2.7461082       -0.61741425                 0         2.6077982        -244.68686                 0         424.80635                 0                 0                 0                 0    -1.5742565e-30                 0               250           9.16005	B1, 
         2.7491061       -0.61891057                 0          2.610396        -244.68686                 0         424.80635                 0                 0                 0                 0    -3.0981823e-31                 0               250           9.17005	B1, 
          2.752104       -0.62040689                 0         2.6129938        -244.68686                 0         424.80635                 0                 0                 0                 0    -5.8970227e-32                 0               250           9.18005	B1, 
         2.7551019       -0.62190321                 0         2.6155916        -244.68686                 0         424.80635                 0                 0                 0                 0    -1.0849889e-32                 0               250           9.19005	B1, 
         2.7580999       -0.62339953                 0         2.6181894        -244.68686                 0         424.80635                 0                 0                 0                 0    -1.9286542e-33                 0               250           9.20005	B1, 
         2.7610978       -0.62489585                 0         2.6207872        -244.68686                 0         424.80635                 0                 0                 0                 0    -3.3104534e-34                 0               250           9.21005	B1, 
         2.7640957       -0.62639217                 0          2.623385        -244.68686                 0         424.80635                 0                 0                 0                 0    -5.4839028e-35                 0               250           9.22005	B1, 
         2.7670936       -0.62788849                 0         2.6259828        -244.68686                 0         424.80635                 0                 0                 0                 0    -8.7624147e-36                 0               250           9.23005	B1, 
         2.7700915       -0.62938481                 0         2.6285806        -244.68686                 0         424.80635                 0                 0                 0                 0                 0                 0               250           9.24005	B1, 
         2.7730895       -0.63088113                 0         2.6311784        -244.68686                 0         424.80635                 0                 0                 0                 0                 0                 0               250           9.25005	B1, 
         2.7760874       -0.63237745                 0         2.6337762        -244.68686                 0         424.80635                 0                 0                 0                 0                 0                 0               250           9.26005	B1, 
         2.7790853       -0.63387377                 0          2.636374        -244.68686                 0         424.80635                 0                 0                 0                 0                 0                 0               250           9.27005	B1, 
         2.7820832       -0.63537009                 0         2.6389718        -244.68686                 0         424.80635                 0                 0                 0                 0                 0                 0               250           9.28005	B1, 
         2.7850811       -0.63686641                 0         2.6415696        -244.68686                 0         424.80635                 0                 0                 0                 0                 0                 0               250           9.29005	B1, 
          2.788079       -0.63836273                 0         2.6441674        -244.68686                 0         424.80635                 0                 0                 0                 0                 0                 0               250           9.30005	B1, 
          2.791077       -0.63985905                 0         2.6467652        -244.68686                 0         424.80635                 0                 0                 0                 0                 0                 0               250           9.31005	B1, 
         2.7940749       -0.64135537                 0          2.649363        -244.68686                 0         424.80635                 0                 0                 0                 0                 0                 0               250           9.32005	B1, 
         2.7970728       -0.64285169                 0         2.6519608        -244.68686                 0         424.80635                 0                 0                 0                 0                 0                 0               250           9.33005	B1, 
         2.8000707       -0.64434801                 0         2.6545585        -244.68686                 0         424.80635                 0                 0                 0                 0                 0                 0               250           9.34005	B1, 
         2.8030686       -0.64584434                 0         2.6571563        -244.68686                 0         424.80635                 0                 0                 0                 0                 0                 0               250           9.35005	B1, 
         2.8060666       -0.64734066                 0         2.6597541        -244.68686                 0         424.80635                 0                 0                 0                 0                 0                 0               250           9.36005	B1, 
         2.8090645       -0.64883698                 0         2.6623519        -244.68686                 0         424.80635                 0                 0                 0                 0                 0                 0               250           9.37005	B1, 
         2.8120624        -0.6503333                 0         2.6649497        -244.68686                 0         424.80635                 0                 0                 0                 0                 0                 0               250           9.38005	B1, 
         2.8150603       -0.65182962                 0         2.6675475        -244.68686                 0         424.80635                 0                 0                 0                 0                 0                 0               250           9.39005	B1, 
         2.8180582       -0.65332594                 0         2.6701453        -244.68686                 0         424.80635                 0                 0                 0                 0                 0                 0               250           9.40005	B1, 
         2.8210562       -0.65482226                 0         2.6727431        -244.68686                 0         424.80635                 0                 0                 0                 0                 0                 0               250           9.41005	B1, 
         2.8240541       -0.65631858                 0         2.6753409        -244.68686                 0         424.80635                 0                 0                 0                 0                 0                 0               250           9.42005	B1, 
          2.827052        -0.6578149                 0         2.6779387        -244.68686                 0         424.80635                 0                 0                 0                 0                 0                 0               250           9.43005	B1, 
         2.8300499       -0.65931122                 0         2.6805365        -244.68686                 0         424.80635                 0                 0                 0                 0                 0                 0               250           9.44005	B1, 
         2.8330478       -0.66080754                 0         2.6831343        -244.68686                 0         424.80635                 0                 0                 0                 0                 0                 0               250           9.45005	B1, 
         2.8360457       -0.66230386                 0         2.6857321        -244.68686                 0         424.80635                 0                 0                 0                 0                 0                 0               250           9.46005	B1, 
         2.8390437       -0.66380018                 0         2.6883299        -244.68686                 0         424.80635                 0                 0                 0                 0                 0                 0               250           9.47005	B1, 
         2.8420416        -0.6652965                 0         2.6909277        -244.68686                 0         424.80635                 0                 0                 0                 0                 0                 0               250           9.48005	B1, 
         2.8450395       -0.66679282                 0         2.6935255        -244.68686                 0         424.80635                 0                 0                 0                 0                 0                 0               250           9.49005	B1, 
         2.8480374       -0.66828914                 0         2.6961233        -244.68686                 0         424.80635                 0                 0                 0                 0                 0                 0               250           9.50005	B1, 
         2.8510353       -0.66978546                 0         2.6987211        -244.68686                 0         424.80635                 0                 0                 0                 0                 0                 0               250           9.51005	B1, 
         2.8540333       -0.67128178                 0         2.7013189        -244.68686                 0         424.80635                 0                 0                 0                 0                 0                 0               250           9.52005	B1, 
         2.8570312        -0.6727781                 0         2.7039167        -244.68686                 0         424.80635                 0                 0                 0                 0                 0                 0               250           9.53005	B1, 
         2.8600291       -0.67427442                 0         2.7065145        -244.68686                 0         424.80635                 0                 0                 0                 0                 0                 0               250           9.54005	B1, 
          2.863027       -0.67577074                 0         2.7091122        -244.68686                 0         424.80635                 0                 0                 0                 0                 0                 0               250           9.55005	B1, 
         2.8660249       -0.67726706                 0           2.71171        -244.68686                 0         424.80635                 0                 0                 0                 0                 0                 0               250           9.56005	B1, 
         2.8690228       -0.67876338                 0         2.7143078        -244.68686                 0         424.80635                 0                 0                 0                 0                 0                 0               250           9.57005	B1, 
         2.8720208        -0.6802597                 0         2.7169056        -244.68686                 0         424.80635                 0                 0                 0                 0                 0                 0               250           9.58005	B1, 
         2.8750187       -0.68175602                 0         2.7195034        -244.68686                 0         424.80635                 0                 0                 0                 0                 0                 0               250           9.59005	B1, 
         2.8780166       -0.68325234                 0         2.7221012        -244.68686                 0         424.80635                 0                 0                 0                 0                 0                 0               250           9.60005	B1, 
         2.8810145       -0.68474866                 0          2.724699        -244.68686                 0         424.80635                 0                 0                 0                 0                 0                 0               250           9.61005	B1, 
         2.8840124       -0.68624498                 0         2.7272968        -244.68686                 0         424.80635                 0                 0                 0                 0                 0                 0               250           9.62005	B1, 
         2.8870104        -0.6877413                 0         2.7298946        -244.68686                 0         424.80635                 0                 0                 0                 0                 0                 0               250           9.63005	B1, 
         2.8900083       -0.68923762                 0         2.7324924        -244.68686                 0         424.80635                 0                 0                 0                 0                 0                 0               250           9.64005	B1, 
         2.8930062       -0.69073394                 0         2.7350902        -244.68686                 0         424.80635                 0                 0                 0                 0                 0                 0               250           9.65005	B1, 
         2.8960041       -0.69223026                 0          2.737688        -244.68686                 0         424.80635                 0                 0                 0                 0                 0                 0               250           9.66005	B1, 
          2.899002       -0.69372658                 0         2.7402858        -244.68686                 0         424.80635                 0                 0                 0                 0                 0                 0               250           9.67005	B1, 
         2.9019999        -0.6952229                 0         2.7428836        -244.68686                 0         424.80635                 0                 0                 0                 0                 0                 0               250           9.68005	B1, 
         2.9049979       -0.69671922                 0         2.7454814        -244.68686                 0         424.80635                 0                 0                 0                 0                 0                 0               250           9.69005	B1, 
         2.9079958       -0.69821554                 0         2.7480792        -244.68686                 0         424.80635                 0                 0                 0                 0                 0                 0               250           9.70005	B1, 
         2.9109937       -0.69971186                 0          2.750677        -244.68686                 0         424.80635                 0                 0                 0                 0                 0                 0               250           9.71005	B1, 
         2.9139916       -0.70120818                 0         2.7532748        -244.68686                 0         424.80635                 0                 0                 0                 0                 0                 0               250           9.72005	B1, 
         2.9169895        -0.7027045                 0         2.7558726        -244.68686                 0         424.80635                 0                 0                 0                 0                 0                 0               250           9.73005	B1, 
         2.9199875       -0.70420083                 0         2.7584704        -244.68686                 0         424.80635                 0                 0                 0                 0                 0                 0               250           9.74005	B1, 
         2.9229854       -0.70569715                 0         2.7610682        -244.68686                 0         424.80635                 0                 0                 0                 0                 0                 0               250           9.75005	B1, 
         2.9259833       -0.70719347                 0         2.7636659        -244.68686                 0         424.80635                 0                 0                 0                 0                 0                 0               250           9.76005	B1, 
         2.9289812       -0.70868979                 0         2.7662637        -244.68686                 0         424.80635                 0                 0                 0                 0                 0                 0               250           9.77005	B1, 
         2.9319791       -0.71018611                 0         2.7688615        -244.68686                 0         424.80635                 0                 0                 0                 0                 0                 0               250           9.78005	B1, 
          2.934977       -0.71168243                 0         2.7714593        -244.68686                 0         424.80635                 0                 0                 0                 0                 0                 0               250           9.79005	B1, 
          2.937975       -0.71317875                 0         2.7740571        -244.68686                 0         424.80635                 0                 0                 0                 0                 0                 0               250           9.80005	B1, 
         2.9409729       -0.71467507                 0         2.7766549        -244.68686                 0         424.80635                 0                 0                 0                 0                 0                 0               250           9.81005	B1, 
         2.9439708       -0.71617139                 0         2.7792527        -244.68686                 0         424.80635                 0                 0                 0                 0                 0                 0               250           9.82005	B1, 
         2.9469687       -0.71766771                 0         2.7818505        -244.68686                 0         424.80635                 0                 0                 0                 0                 0                 0               250           9.83005	B1, 
         2.9499666       -0.71916403                 0         2.7844483        -244.68686                 0         424.80635                 0                 0                 0                 0                 0                 0               250           9.84005	B1, 
         2.9529646       -0.72066035                 0         2.7870461        -244.68686                 0         424.80635                 0                 0                 0                 0                 0                 0               250           9.85005	B1, 
         2.9559625       -0.72215667                 0         2.7896439        -244.68686                 0         424.80635                 0                 0                 0                 0                 0                 0               250           9.86005	B1, 
         2.9589604       -0.72365299                 0         2.7922417        -244.68686                 0         424.80635                 0                 0                 0                 0                 0                 0               250           9.87005	B1, 
         2.9619583       -0.72514931                 0         2.7948395        -244.68686                 0         424.80635                 0                 0                 0                 0                 0                 0               250           9.88005	B1, 
         2.9649562       -0.72664563                 0         2.7974373        -244.68686                 0         424.80635                 0                 0                 0                 0                 0                 0               250           9.89005	B1, 
         2.9679541       -0.72814195                 0         2.8000351        -244.68686                 0         424.80635                 0                 0                 0                 0                 0                 0               250           9.90005	B1, 
         2.9709521       -0.72963827                 0         2.8026329        -244.68686                 0         424.80635                 0                 0                 0                 0                 0                 0               250           9.91005	B1, 
           2.97395       -0.73113459                 0         2.8052307        -244.68686                 0         424.80635                 0                 0                 0                 0                 0                 0               250           9.92005	B1, 
         2.9769479       -0.73263091                 0         2.8078285        -244.68686                 0         424.80635                 0                 0                 0                 0                 0                 0               250           9.93005	B1, 
         2.9799458       -0.73412723                 0         2.8104263        -244.68686                 0         424.80635                 0                 0                 0                 0                 0                 0               250           9.94005	B1, 
         2.9829437       -0.73562355                 0         2.8130241        -244.68686                 0         424.80635                 0                 0                 0                 0                 0                 0               250           9.95005	B1, 
         2.9859417       -0.73711987                 0         2.8156219        -244.68686                 0         424.80635                 0                 0                 0                 0                 0                 0               250           9.96005	B1, 
         2.9889396       -0.73861619                 0         2.8182196        -244.68686                 0         424.80635                 0                 0                 0                 0                 0                 0               250           9.97005	B1, 
         2.9919375       -0.74011251                 0         2.8208174        -244.68686                 0         424.80635                 0                 0                 0                 0                 0                 0               250           9.98005	B1, 
         2.9949354       -0.74160883                 0         2.8234152        -244.68686                 0         424.80635                 0                 0                 0                 0                 0                 0               250           9.99005	B1, 
         2.9979333       -0.74310515                 0          2.826013        -244.68686                 0         424.80635                 0                 0                 0                 0                 0                 0               250          10.00005	B1, 
         3.0009313       -0.74460147                 0         2.8286108        -244.68686                 0         424.80635                 0                 0                 0                 0                 0                 0               250          10.01005	B1, 
         3.0039292       -0.74609779                 0         2.8312086        -244.68686                 0         424.80635                 0                 0                 0                 0                 0                 0               250          10.02005	B1, 
         3.0069271       -0.74759411                 0         2.8338064        -244.68686                 0         424.80635                 0                 0                 0                 0                 0                 0               250          10.03005	B1, 
          3.009925       -0.74909043                 0         2.8364042        -244.68686                 0         424.80635                 0                 0                 0                 0                 0                 0               250          10.04005	B1, 
         3.0129229       -0.75058675                 0          2.839002        -244.68686                 0         424.80635                 0                 0                 0                 0                 0                 0               250          10.05005	B1, 
         3.0159208       -0.75208307                 0         2.8415998        -244.68686                 0         424.80635                 0                 0                 0                 0                 0                 0               250          10.06005	B1, 
         3.0189188       -0.75357939                 0         2.8441976        -244.68686                 0         424.80635                 0                 0                 0                 0                 0                 0               250          10.07005	B1, 
         3.0219167       -0.75507571                 0         2.8467954        -244.68686                 0         424.80635                 0                 0                 0                 0                 0                 0               250          10.08005	B1, 
         3.0249146       -0.75657203                 0         2.8493932        -244.68686                 0         424.80635                 0                 0                 0                 0                 0                 0               250          10.09005	B1, 
         3.0279125       -0.75806835                 0          2.851991        -244.68686                 0         424.80635                 0                 0                 0                 0                 0                 0               250          10.10005	B1, 
         3.0309104       -0.75956467                 0         2.8545888        -244.68686                 0         424.80635                 0                 0                 0                 0                 0                 0               250          10.11005	B1, 
         3.0339084       -0.76106099                 0         2.8571866        -244.68686                 0         424.80635                 0                 0                 0                 0                 0                 0               250          10.12005	B1, 
         3.0369063       -0.76255732                 0         2.8597844        -244.68686                 0         424.80635                 0                 0                 0                 0                 0                 0               250          10.13005	B1, 
         3.0399042       -0.76405364                 0         2.8623822        -244.68686                 0         424.80635                 0                 0                 0                 0                 0                 0               250          10.14005	B1, 
         3.0429021       -0.76554996                 0           2.86498        -244.68686                 0         424.80635                 0                 0                 0                 0                 0                 0               250          10.15005	B1, 
            3.0459       -0.76704628                 0         2.8675778        -244.68686                 0         424.80635                 0                 0                 0                 0                 0                 0               250          10.16005	D1, 
         3.0488979        -0.7685426                 0         2.8701756        -244.68686                 0         424.80635                 0                 0                 0                 0                 0                 0               250          10.17005	D1, 
         3.0518959       -0.77003892                 0         2.8727733        -244.68686                 0         424.80635                 0                 0                 0                 0                 0                 0               250          10.18005	D1, 
         3.0548938       -0.77153524                 0         2.8753711        -244.68686                 0         424.80635                 0                 0                 0                 0                 0                 0               250          10.19005	D1, 
         3.0578917       -0.77303156                 0         2.8779689        -244.68686                 0         424.80635                 0                 0                 0                 0                 0                 0               250          10.20005	D1, 
         3.0608896       -0.77452788                 0         2.8805667        -244.68686                 0         424.80635                 0                 0                 0                 0                 0                 0               250          10.21005	D1, 
         3.0638875        -0.7760242                 0         2.8831645        -244.68686                 0         424.80635                 0                 0                 0                 0                 0                 0               250          10.22005	D1, 
         3.0668855       -0.77752052                 0         2.8857623        -244.68686                 0         424.80635                 0                 0                 0                 0                 0                 0               250          10.23005	D1, 
         3.0698834       -0.77901684                 0         2.8883601        -244.68686                 0         424.80635                 0                 0                 0                 0                 0                 0               250          10.24005	D1, 
         3.0728813       -0.78051316                 0         2.8909579        -244.68686                 0         424.80635                 0                 0                 0                 0                 0                 0               250          10.25005	D1, 
         3.0758792       -0.78200948                 0         2.8935557        -244.68686                 0         424.80635                 0                 0                 0                 0                 0                 0               250          10.26005	D1, 
         3.0788771        -0.7835058                 0         2.8961535        -244.68686                 0         424.80635                 0                 0                 0                 0                 0                 0               250          10.27005	D1, 
          3.081875       -0.78500212                 0         2.8987513        -244.68686                 0         424.80635                 0                 0                 0                 0                 0                 0               250          10.28005	D1, 
          3.084873       -0.78649844                 0         2.9013491        -244.68686                 0         424.80635                 0                 0                 0                 0                 0                 0               250          10.29005	D1, 
         3.0878709       -0.78799476                 0         2.9039469        -244.68686                 0         424.80635                 0                 0                 0                 0                 0                 0               250          10.30005	D1, 
         3.0908688       -0.78949108                 0         2.9065447        -244.68686                 0         424.80635                 0                 0                 0                 0                 0                 0               250          10.31005	D1, 
         3.0938667        -0.7909874                 0         2.9091425        -244.68686                 0         424.80635                 0                 0                 0                 0                 0                 0               250          10.32005	D1, 
         3.0968646       -0.79248372                 0         2.9117403        -244.68686                 0         424.80635                 0                 0                 0                 0                 0                 0               250          10.33005	D1, 
         3.0998626       -0.79398004                 0         2.9143381        -244.68686                 0         424.80635                 0                 0                 0                 0                 0                 0               250          10.34005	D1, 
         3.1028605       -0.79547636                 0         2.9169359        -244.68686                 0         424.80635                 0                 0                 0                 0                 0                 0               250          10.35005	D1, 
         3.1058584       -0.79697268                 0         2.9195337        -244.68686                 0         424.80635                 0                 0                 0                 0                 0                 0               250          10.36005	D1, 
         3.1088563         -0.798469                 0         2.9221315        -244.68686                 0         424.80635                 0                 0                 0                 0                 0                 0               250          10.37005	D1, 
         3.1118542       -0.79996532                 0         2.9247293        -244.68686                 0         424.80635                 0                 0                 0                 0                 0                 0               250          10.38005	D1, 
         3.1148521       -0.80146164                 0          2.927327        -244.68686                 0         424.80635                 0                 0                 0                 0                 0                 0               250          10.39005	D1, 
         3.1178501       -0.80295796                 0         2.9299248        -244.68686                 0         424.80635                 0                 0                 0                 0                 0                 0               250          10.40005	D1, 
          3.120848       -0.80445428                 0         2.9325226        -244.68686                 0         424.80635                 0                 0                 0                 0                 0                 0               250          10.41005	D1, 
         3.1238459        -0.8059506                 0         2.9351204        -244.68686                 0         424.80635                 0                 0                 0                 0                 0                 0               250          10.42005	D1, 
         3.1268438       -0.80744692                 0         2.9377182        -244.68686                 0         424.80635                 0                 0                 0                 0                 0                 0               250          10.43005	D1, 
         3.1298417       -0.80894324                 0          2.940316        -244.68686                 0         424.80635                 0                 0                 0                 0                 0                 0               250          10.44005	D1, 
         3.1328397       -0.81043956                 0         2.9429138        -244.68686                 0         424.80635                 0                 0                 0                 0                 0                 0               250          10.45005	D1, 
         3.1358376       -0.81193588                 0         2.9455116        -244.68686                 0         424.80635                 0                 0                 0                 0                 0                 0               250          10.46005	D1, 
         3.1388355        -0.8134322                 0         2.9481094        -244.68686                 0         424.80635                 0                 0                 0                 0                 0                 0               250          10.47005	D1, 
         3.1418334       -0.81492852                 0         2.9507072        -244.68686                 0         424.80635                 0                 0                 0                 0                 0                 0               250          10.48005	D1, 
         3.1448313       -0.81642484                 0          2.953305        -244.68686                 0         424.80635                 0                 0                 0                 0                 0                 0               250          10.49005	D1, 
         3.1478292       -0.81792116                 0         2.9559028        -244.68686                 0         424.80635                 0                 0                 0                 0                 0                 0               250          10.50005	D1, 
         3.1508272       -0.81941748                 0         2.9585006        -244.68686                 0         424.80635                 0                 0                 0                 0                 0                 0               250          10.51005	D1, 
         3.1538251       -0.82091381                 0         2.9610984        -244.68686                 0         424.80635                 0                 0                 0                 0                 0                 0               250          10.52005	D1, 
          3.156823       -0.82241013                 0         2.9636962        -244.68686                 0         424.80635                 0                 0                 0                 0                 0                 0               250          10.53005	D1, 
         3.1598209       -0.82390645                 0          2.966294        -244.68686                 0         424.80635                 0                 0                 0                 0                 0                 0               250          10.54005	D1, 
         3.1628188       -0.82540277                 0         2.9688918        -244.68686                 0         424.80635                 0                 0                 0                 0                 0                 0               250          10.55005	D1, 
         3.1658168       -0.82689909                 0         2.9714896        -244.68686                 0         424.80635                 0                 0                 0                 0                 0                 0               250          10.56005	D1, 
         3.1688147       -0.82839541                 0         2.9740874        -244.68686                 0         424.80635                 0                 0                 0                 0                 0                 0               250          10.57005	D1, 
         3.1718126       -0.82989173                 0         2.9766852        -244.68686                 0         424.80635                 0                 0                 0                 0                 0                 0               250          10.58005	D1, 
         3.1748105       -0.83138805                 0          2.979283        -244.68686                 0         424.80635                 0                 0                 0                 0                 0                 0               250          10.59005	D1, 
         3.1778084       -0.83288437                 0         2.9818807        -244.68686                 0         424.80635                 0                 0                 0                 0                 0                 0               250          10.60005	D1, 
         3.1808064       -0.83438069                 0         2.9844785        -244.68686                 0         424.80635                 0                 0                 0                 0                 0                 0               250          10.61005	D1, 
         3.1838043       -0.83587701                 0         2.9870763        -244.68686                 0         424.80635                 0                 0                 0                 0                 0                 0               250          10.62005	D1, 
         3.1868022       -0.83737333                 0         2.9896741        -244.68686                 0         424.80635                 0                 0                 0                 0                 0                 0               250          10.63005	D1, 
         3.1898001       -0.83886965                 0         2.9922719        -244.68686                 0         424.80635                 0                 0                 0                 0                 0                 0               250          10.64005	D1, 
          3.192798       -0.84036597                 0         2.9948697        -244.68686                 0         424.80635                 0                 0                 0                 0                 0                 0               250          10.65005	D1, 
         3.1957959       -0.84186229                 0         2.9974675        -244.68686                 0         424.80635                 0                 0                 0                 0                 0                 0               250          10.66005	D1, 
         3.1987939       -0.84335861                 0         3.0000653        -244.68686                 0         424.80635                 0                 0                 0                 0                 0                 0               250          10.67005	D1, 
         3.2017918       -0.84485493                 0         3.0026631        -244.68686                 0         424.80635                 0                 0                 0                 0                 0                 0               250          10.68005	D1, 
         3.2047897       -0.84635125                 0         3.0052609        -244.68686                 0         424.80635                 0                 0                 0                 0                 0                 0               250          10.69005	D1, 
         3.2077876       -0.84784757                 0         3.0078587        -244.68686                 0         424.80635                 0                 0                 0                 0                 0                 0               250          10.70005	D1, 
         3.2107855       -0.84934389                 0         3.0104565        -244.68686                 0         424.80635                 0                 0                 0                 0                 0                 0               250          10.71005	D1, 
         3.2137835       -0.85084021                 0         3.0130543        -244.68686                 0         424.80635                 0                 0                 0                 0                 0                 0               250          10.72005	D1, 
         3.2167814       -0.85233653                 0         3.0156521        -244.68686                 0         424.80635                 0                 0                 0                 0                 0                 0               250          10.73005	D1, 
         3.2197793       -0.85383285                 0         3.0182499        -244.68686                 0         424.80635                 0                 0                 0                 0                 0                 0               250          10.74005	D1, 
         3.2227772       -0.85532917                 0         3.0208477        -244.68686                 0         424.80635                 0                 0                 0                 0                 0                 0               250          10.75005	D1, 
         3.2257751       -0.85682549                 0         3.0234455        -244.68686                 0         424.80635                 0                 0                 0                 0                 0                 0               250          10.76005	D1, 
          3.228773       -0.85832181                 0         3.0260433        -244.68686                 0         424.80635                 0                 0                 0                 0                 0                 0               250          10.77005	D1, 
          3.231771       -0.85981813                 0         3.0286411        -244.68686                 0         424.80635                 0                 0                 0                 0                 0                 0               250          10.78005	D1, 
         3.2347689       -0.86131445                 0         3.0312389        -244.68686                 0         424.80635                 0                 0                 0                 0                 0                 0               250          10.79005	D1, 
         3.2377668       -0.86281077                 0         3.0338367        -244.68686                 0         424.80635                 0                 0                 0                 0                 0                 0               250          10.80005	D1, 
         3.2407647       -0.86430709                 0         3.0364344        -244.68686                 0         424.80635                 0                 0                 0                 0                 0                 0               250          10.81005	D1, 
         3.2437626       -0.86580341                 0         3.0390322        -244.68686                 0         424.80635                 0                 0                 0                 0                 0                 0               250          10.82005	D1, 
         3.2467606       -0.86729973                 0           3.04163        -244.68686                 0         424.80635                 0                 0                 0                 0                 0                 0               250          10.83005	D1, 
         3.2497585       -0.86879605                 0         3.0442278        -244.68686                 0         424.80635                 0                 0                 0                 0                 0                 0               250          10.84005	D1, 
         3.2527564       -0.87029237                 0         3.0468256        -244.68686                 0         424.80635                 0                 0                 0                 0                 0                 0               250          10.85005	D1, 
         3.2557543       -0.87178869                 0         3.0494234        -244.68686                 0         424.80635                 0                 0                 0                 0                 0                 0               250          10.86005	D1, 
         3.2587522       -0.87328501                 0         3.0520212        -244.68686                 0         424.80635                 0                 0                 0                 0                 0                 0               250          10.87005	D1, 
         3.2617501       -0.87478133                 0          3.054619        -244.68686                 0         424.80635                 0                 0                 0                 0                 0                 0               250          10.88005	D1, 
         3.2647481       -0.87627765                 0         3.0572168        -244.68686                 0         424.80635                 0                 0                 0                 0                 0                 0               250          10.89005	D1, 
          3.267746       -0.87777397                 0         3.0598146        -244.68686                 0         424.80635                 0                 0                 0                 0                 0                 0               250          10.90005	D1, 
         3.2707439        -0.8792703                 0         3.0624124        -244.68686                 0         424.80635                 0                 0                 0                 0                 0                 0               250          10.91005	D1, 
         3.2737418       -0.88076662                 0         3.0650102        -244.68686                 0         424.80635                 0                 0                 0                 0                 0                 0               250          10.92005	D1, 
         3.2767397       -0.88226294                 0          3.067608        -244.68686                 0         424.80635                 0                 0                 0                 0                 0                 0               250          10.93005	D1, 
         3.2797377       -0.88375926                 0         3.0702058        -244.68686                 0         424.80635                 0                 0                 0                 0                 0                 0               250          10.94005	D1, 
         3.2827356       -0.88525558                 0         3.0728036        -244.68686                 0         424.80635                 0                 0                 0                 0                 0                 0               250          10.95005	D1, 
         3.2857335        -0.8867519                 0         3.0754014        -244.68686                 0         424.80635                 0                 0                 0                 0                 0                 0               250          10.96005	D1, 
         3.2887314       -0.88824822                 0         3.0779992        -244.68686                 0         424.80635                 0                 0                 0                 0                 0                 0               250          10.97005	D1, 
         3.2917293       -0.88974454                 0          3.080597        -244.68686                 0         424.80635                 0                 0                 0                 0                 0                 0               250          10.98005	D1, 
         3.2947272       -0.89124086                 0         3.0831948        -244.68686                 0         424.80635                 0                 0                 0                 0                 0                 0               250          10.99005	D1, 
         3.2977252       -0.89273718                 0         3.0857926        -244.68686                 0         424.80635                 0                 0                 0                 0                 0                 0               250          11.00005	D1, 
         3.3007231        -0.8942335                 0         3.0883904        -244.68686                 0         424.80635                 0                 0                 0                 0                 0                 0               250          11.01005	D1, 
          3.303721       -0.89572982                 0         3.0909881        -244.68686                 0         424.80635                 0                 0                 0                 0                 0                 0               250          11.02005	D1, 
         3.3067189       -0.89722614                 0         3.0935859        -244.68686                 0         424.80635                 0                 0                 0                 0                 0                 0               250          11.03005	D1, 
         3.3097168       -0.89872246                 0         3.0961837        -244.68686                 0         424.80635                 0                 0                 0                 0                 0                 0               250          11.04005	D1, 
         3.3127148       -0.90021878                 0         3.0987815        -244.68686                 0         424.80635                 0                 0                 0                 0                 0                 0               250          11.05005	D1, 
         3.3157127        -0.9017151                 0         3.1013793        -244.68686                 0         424.80635                 0                 0                 0                 0                 0                 0               250          11.06005	D1, 
         3.3187106       -0.90321142                 0         3.1039771        -244.68686                 0         424.80635                 0                 0                 0                 0                 0                 0               250          11.07005	D1, 
         3.3217085       -0.90470774                 0         3.1065749        -244.68686                 0         424.80635                 0                 0                 0                 0                 0                 0               250          11.08005	D1, 
         3.3247064       -0.90620406                 0         3.1091727        -244.68686                 0         424.80635                 0                 0                 0                 0                 0                 0               250          11.09005	D1, 
         3.3277044       -0.90770038                 0         3.1117705        -244.68686                 0         424.80635                 0                 0                 0                 0                 0                 0               250          11.10005	D1, 
         3.3307023        -0.9091967                 0         3.1143683        -244.68686                 0         424.80635                 0                 0                 0                 0                 0                 0               250          11.11005	D1, 
         3.3337002       -0.91069302                 0         3.1169661        -244.68686                 0         424.80635                 0                 0                 0                 0                 0                 0               250          11.12005	D1, 
         3.3366981       -0.91218934                 0         3.1195639        -244.68686                 0         424.80635                 0                 0                 0                 0                 0                 0               250          11.13005	D1, 
          3.339696       -0.91368566                 0         3.1221617        -244.68686                 0         424.80635                 0                 0                 0                 0                 0                 0               250          11.14005	D1, 
         3.3426939       -0.91518198                 0         3.1247595        -244.68686                 0         424.80635                 0                 0                 0                 0                 0                 0               250          11.15005	D1, 
         3.3456919        -0.9166783                 0         3.1273573        -244.68686                 0         424.80635                 0                 0                 0                 0                 0                 0               250          11.16005	D1, 
         3.3486898       -0.91817462                 0         3.1299551        -244.68686                 0         424.80635                 0                 0                 0                 0                 0                 0               250          11.17005	D1, 
         3.3516877       -0.91967094                 0         3.1325529        -244.68686                 0         424.80635                 0                 0                 0                 0                 0                 0               250          11.18005	D1, 
         3.3546856       -0.92116726                 0         3.1351507        -244.68686                 0         424.80635                 0                 0                 0                 0                 0                 0               250          11.19005	D1, 
         3.3576835       -0.92266358                 0         3.1377485        -244.68686                 0         424.80635                 0                 0                 0                 0                 0                 0               250          11.20005	D1, 
         3.3606815        -0.9241599                 0         3.1403463        -244.68686                 0         424.80635                 0                 0                 0                 0                 0                 0               250          11.21005	D1, 
         3.3636794       -0.92565622                 0         3.1429441        -244.68686                 0         424.80635                 0                 0                 0                 0                 0                 0               250          11.22005	D1, 
         3.3666773       -0.92715254                 0         3.1455418        -244.68686                 0         424.80635                 0                 0                 0                 0                 0                 0               250          11.23005	D1, 
         3.3696752       -0.92864886                 0         3.1481396        -244.68686                 0         424.80635                 0                 0                 0                 0                 0                 0               250          11.24005	D1, 
         3.3726731       -0.93014518                 0         3.1507374        -244.68686                 0         424.80635                 0                 0                 0                 0                 0                 0               250          11.25005	D1, 
          3.375671        -0.9316415                 0         3.1533352        -244.68686                 0         424.80635                 0                 0                 0                 0                 0                 0               250          11.26005	D1, 
          3.378669       -0.93313782                 0          3.155933        -244.68686                 0         424.80635                 0                 0                 0                 0                 0                 0               250          11.27005	D1, 
         3.3816669       -0.93463414                 0         3.1585308        -244.68686                 0         424.80635                 0                 0                 0                 0                 0                 0               250          11.28005	D1, 
         3.3846648       -0.93613046                 0         3.1611286        -244.68686                 0         424.80635                 0                 0                 0                 0                 0                 0               250          11.29005	D1, 
         3.3876627       -0.93762679                 0         3.1637264        -244.68686                 0         424.80635                 0                 0                 0                 0                 0                 0               250          11.30005	D1, 
         3.3906606       -0.93912311                 0         3.1663242        -244.68686                 0         424.80635                 0                 0                 0                 0                 0                 0               250          11.31005	D1, 
         3.3936586       -0.94061943                 0          3.168922        -244.68686                 0         424.80635                 0                 0                 0                 0                 0                 0               250          11.32005	D1, 
         3.3966565       -0.94211575                 0         3.1715198        -244.68686                 0         424.80635                 0                 0                 0                 0                 0                 0               250          11.33005	D1, 
         3.3996544       -0.94361207                 0         3.1741176        -244.68686                 0         424.80635                 0                 0                 0                 0                 0                 0               250          11.34005	D1, 
         3.4026523       -0.94510839                 0         3.1767154        -244.68686                 0         424.80635                 0                 0                 0                 0                 0                 0               250          11.35005	D1, 
         3.4056502       -0.94660471                 0         3.1793132        -244.68686                 0         424.80635                 0                 0                 0                 0                 0                 0               250          11.36005	D1, 
         3.4086481       -0.94810103                 0          3.181911        -244.68686                 0         424.80635                 0                 0                 0                 0                 0                 0               250          11.37005	D1, 
         3.4116461       -0.94959735                 0         3.1845088        -244.68686                 0         424.80635                 0                 0                 0                 0                 0                 0               250          11.38005	D1, 
          3.414644       -0.95109367                 0         3.1871066        -244.68686                 0         424.80635                 0                 0                 0                 0                 0                 0               250          11.39005	D1, 
         3.4176419       -0.95258999                 0         3.1897044        -244.68686                 0         424.80635                 0                 0                 0                 0                 0                 0               250          11.40005	D1, 
         3.4206398       -0.95408631                 0         3.1923022        -244.68686                 0         424.80635                 0                 0                 0                 0                 0                 0               250          11.41005	D1, 
         3.4236377       -0.95558263                 0            3.1949        -244.68686                 0         424.80635                 0                 0                 0                 0                 0                 0               250          11.42005	D1, 
         3.4266357       -0.95707895                 0         3.1974978        -244.68686                 0         424.80635                 0                 0                 0                 0                 0                 0               250          11.43005	D1, 
         3.4296336       -0.95857527                 0         3.2000955        -244.68686                 0         424.80635                 0                 0                 0                 0                 0                 0               250          11.44005	D1, 
         3.4326315       -0.96007159                 0         3.2026933        -244.68686                 0         424.80635                 0                 0                 0                 0                 0                 0               250          11.45005	D1, 
         3.4356294       -0.96156791                 0         3.2052911        -244.68686                 0         424.80635                 0                 0                 0                 0                 0                 0               250          11.46005	D1, 
         3.4386273       -0.96306423                 0         3.2078889        -244.68686                 0         424.80635                 0                 0                 0                 0                 0                 0               250          11.47005	D1, 
         3.4416252       -0.96456055                 0         3.2104867        -244.68686                 0         424.80635                 0                 0                 0                 0                 0                 0               250          11.48005	D1, 
         3.4446232       -0.96605687                 0         3.2130845        -244.68686                 0         424.80635                 0                 0                 0                 0                 0                 0               250          11.49005	D1, 
         3.4476211       -0.96755319                 0         3.2156823        -244.68686                 0         424.80635                 0                 0                 0                 0                 0                 0               250          11.50005	D1, 
          3.450619       -0.96904951                 0         3.2182801        -244.68686                 0         424.80635                 0                 0                 0                 0                 0                 0               250          11.51005	D1, 
         3.4536169       -0.97054583                 0         3.2208779        -244.68686                 0         424.80635                 0                 0                 0                 0                 0                 0               250          11.52005	D1, 
         3.4566148       -0.97204215                 0         3.2234757        -244.68686                 0         424.80635                 0                 0                 0                 0                 0                 0               250          11.53005	D1, 
         3.4596128       -0.97353847                 0         3.2260735        -244.68686                 0         424.80635                 0                 0                 0                 0                 0                 0               250          11.54005	D1, 
         3.4626107       -0.97503479                 0         3.2286713        -244.68686                 0         424.80635                 0                 0                 0                 0                 0                 0               250          11.55005	D1, 
         3.4656086       -0.97653111                 0         3.2312691        -244.68686                 0         424.80635                 0                 0                 0                 0                 0                 0               250          11.56005	D1, 
         3.4686065       -0.97802743                 0         3.2338669        -244.68686                 0         424.80635                 0                 0                 0                 0                 0                 0               250          11.57005	D1, 
         3.4716044       -0.97952375                 0         3.2364647        -244.68686                 0         424.80635                 0                 0                 0                 0                 0                 0               250          11.58005	D1, 
         3.4746023       -0.98102007                 0         3.2390625        -244.68686                 0         424.80635                 0                 0                 0                 0                 0                 0               250          11.59005	D1, 
         3.4776003       -0.98251639                 0         3.2416603        -244.68686                 0         424.80635                 0                 0                 0                 0                 0                 0               250          11.60005	D1, 
         3.4805982       -0.98401271                 0         3.2442581        -244.68686                 0         424.80635                 0                 0                 0                 0                 0                 0               250          11.61005	D1, 
         3.4835961       -0.98550903                 0         3.2468559        -244.68686                 0         424.80635                 0                 0                 0                 0                 0                 0               250          11.62005	D1, 
          3.486594       -0.98700535                 0         3.2494537        -244.68686                 0         424.80635                 0                 0                 0                 0                 0                 0               250          11.63005	D1, 
         3.4895919       -0.98850167                 0         3.2520515        -244.68686                 0         424.80635                 0                 0                 0                 0                 0                 0               250          11.64005	D1, 
         3.4925899       -0.98999799                 0         3.2546492        -244.68686                 0         424.80635                 0                 0                 0                 0                 0                 0               250          11.65005	D1, 
         3.4955878       -0.99149431                 0          3.257247        -244.68686                 0         424.80635                 0                 0                 0                 0                 0                 0               250          11.66005	D1, 
         3.4985857       -0.99299063                 0         3.2598448        -244.68686                 0         424.80635                 0                 0                 0                 0                 0                 0               250          11.67005	D1, 
         3.5015836       -0.99448695                 0         3.2624426        -244.68686                 0         424.80635                 0                 0                 0                 0                 0                 0               250          11.68005	D1, 
         3.5045815       -0.99598328                 0         3.2650404        -244.68686                 0         424.80635                 0                 0                 0                 0                 0                 0               250          11.69005	D1, 
         3.5075795        -0.9974796                 0         3.2676382        -244.68686                 0         424.80635                 0                 0                 0                 0                 0                 0               250          11.70005	D1, 
         3.5105774       -0.99897592                 0          3.270236        -244.68686                 0         424.80635                 0                 0                 0                 0                 0                 0               250          11.71005	D1, 
         3.5135753        -1.0004722                 0         3.2728338        -244.68686                 0         424.80635                 0                 0                 0                 0                 0                 0               250          11.72005	D1, 
         3.5165732        -1.0019686                 0         3.2754316        -244.68686                 0         424.80635                 0                 0                 0                 0                 0                 0               250          11.73005	D1, 
         3.5195711        -1.0034649                 0         3.2780294        -244.68686                 0         424.80635                 0                 0                 0                 0                 0                 0               250          11.74005	D1, 
          3.522569        -1.0049612                 0         3.2806272        -244.68686                 0         424.80635                 0                 0                 0                 0                 0                 0               250          11.75005	D1, 
          3.525567        -1.0064575                 0          3.283225        -244.68686                 0         424.80635                 0                 0                 0                 0                 0                 0               250          11.76005	D1, 
         3.5285649        -1.0079538                 0         3.2858228        -244.68686                 0         424.80635                 0                 0                 0                 0                 0                 0               250          11.77005	D1, 
         3.5315628        -1.0094502                 0         3.2884206        -244.68686                 0         424.80635                 0                 0                 0                 0                 0                 0               250          11.78005	D1, 
         3.5345607        -1.0109465                 0         3.2910184        -244.68686                 0         424.80635                 0                 0                 0                 0                 0                 0               250          11.79005	D1, 
         3.5375586        -1.0124428                 0         3.2936162        -244.68686                 0         424.80635                 0                 0                 0                 0                 0                 0               250          11.80005	D1, 
         3.5405566        -1.0139391                 0          3.296214        -244.68686                 0         424.80635                 0                 0                 0                 0                 0                 0               250          11.81005	D1, 
         3.5435545        -1.0154354                 0         3.2988118        -244.68686                 0         424.80635                 0                 0                 0                 0                 0                 0               250          11.82005	D1, 
         3.5465524        -1.0169318                 0         3.3014096        -244.68686                 0         424.80635                 0                 0                 0                 0                 0                 0               250          11.83005	D1, 
         3.5495503        -1.0184281                 0         3.3040074        -244.68686                 0         424.80635                 0                 0                 0                 0                 0                 0               250          11.84005	D1, 
         3.5525482        -1.0199244                 0         3.3066052        -244.68686                 0         424.80635                 0                 0                 0                 0                 0                 0               250          11.85005	D1, 
         3.5555461        -1.0214207                 0         3.3092029        -244.68686                 0         424.80635                 0                 0                 0                 0                 0                 0               250          11.86005	D1, 
         3.5585441         -1.022917                 0         3.3118007        -244.68686                 0         424.80635                 0                 0                 0                 0                 0                 0               250          11.87005	D1, 
          3.561542        -1.0244134                 0         3.3143985        -244.68686                 0         424.80635                 0                 0                 0                 0                 0                 0               250          11.88005	D1, 
         3.5645399        -1.0259097                 0         3.3169963        -244.68686                 0         424.80635                 0                 0                 0                 0                 0                 0               250          11.89005	D1, 
         3.5675378         -1.027406                 0         3.3195941        -244.68686                 0         424.80635                 0                 0                 0                 0                 0                 0               250          11.90005	D1, 
         3.5705357        -1.0289023                 0         3.3221919        -244.68686                 0         424.80635                 0                 0                 0                 0                 0                 0               250          11.91005	D1, 
         3.5735337        -1.0303986                 0         3.3247897        -244.68686                 0         424.80635                 0                 0                 0                 0                 0                 0               250          11.92005	D1, 
         3.5765316         -1.031895                 0         3.3273875        -244.68686                 0         424.80635                 0                 0                 0                 0                 0                 0               250          11.93005	D1, 
         3.5795295        -1.0333913                 0         3.3299853        -244.68686                 0         424.80635                 0                 0                 0                 0                 0                 0               250          11.94005	D1, 
         3.5825274        -1.0348876                 0         3.3325831        -244.68686                 0         424.80635                 0                 0                 0                 0                 0                 0               250          11.95005	D1, 
         3.5855253        -1.0363839                 0         3.3351809        -244.68686                 0         424.80635                 0                 0                 0                 0                 0                 0               250          11.96005	D1, 
         3.5885232        -1.0378802                 0         3.3377787        -244.68686                 0         424.80635                 0                 0                 0                 0                 0                 0               250          11.97005	D1, 
         3.5915212        -1.0393766                 0         3.3403765        -244.68686                 0         424.80635                 0                 0                 0                 0                 0                 0               250          11.98005	D1, 
         3.5945191        -1.0408729                 0         3.3429743        -244.68686                 0         424.80635                 0                 0                 0                 0                 0                 0               250          11.99005	D1, 
          3.597517        -1.0423692                 0         3.3455721        -244.68686                 0         424.80635                 0                 0                 0                 0                 0                 0               250          12.00005	D1, 
         3.6005149        -1.0438655                 0         3.3481699        -244.68686                 0         424.80635                 0                 0                 0                 0                 0                 0               250          12.01005	D1, 
         3.6035128        -1.0453618                 0         3.3507677        -244.68686                 0         424.80635                 0                 0                 0                 0                 0                 0               250          12.02005	D1, 
         3.6065108        -1.0468582                 0         3.3533655        -244.68686                 0         424.80635                 0                 0                 0                 0                 0                 0               250          12.03005	D1, 
         3.6095087        -1.0483545                 0         3.3559633        -244.68686                 0         424.80635                 0                 0                 0                 0                 0                 0               250          12.04005	D1, 
         3.6125066        -1.0498508                 0         3.3585611        -244.68686                 0         424.80635                 0                 0                 0                 0                 0                 0               250          12.05005	D1, 
         3.6155045        -1.0513471                 0         3.3611589        -244.68686                 0         424.80635                 0                 0                 0                 0                 0                 0               250          12.06005	D1, 
         3.6185024        -1.0528434                 0         3.3637566        -244.68686                 0         424.80635                 0                 0                 0                 0                 0                 0               250          12.07005	D1, 
         3.6215003        -1.0543398                 0         3.3663544        -244.68686                 0         424.80635                 0                 0                 0                 0                 0                 0               250          12.08005	D1, 
         3.6244983        -1.0558361                 0         3.3689522        -244.68686                 0         424.80635                 0                 0                 0                 0                 0                 0               250          12.09005	D1, 
         3.6274962        -1.0573324                 0           3.37155        -244.68686                 0         424.80635                 0                 0                 0                 0                 0                 0               250          12.10005	D1, 
         3.6304941        -1.0588287                 0         3.3741478        -244.68686                 0         424.80635                 0                 0                 0                 0                 0                 0               250          12.11005	D1, 
          3.633492         -1.060325                 0         3.3767456        -244.68686                 0         424.80635                 0                 0                 0                 0                 0                 0               250          12.12005	D1, 
         3.6364899        -1.0618214                 0         3.3793434        -244.68686                 0         424.80635                 0                 0                 0                 0                 0                 0               250          12.13005	D1, 
         3.6394879        -1.0633177                 0         3.3819412        -244.68686                 0         424.80635                 0                 0                 0                 0                 0                 0               250          12.14005	D1, 
         3.6424858         -1.064814                 0          3.384539        -244.68686                 0         424.80635                 0                 0                 0                 0                 0                 0               250          12.15005	D1, 
         3.6454837        -1.0663103                 0         3.3871368        -244.68686                 0         424.80635                 0                 0                 0                 0                 0                 0               250          12.16005	D1, 
         3.6484816        -1.0678066                 0         3.3897346        -244.68686                 0         424.80635                 0                 0                 0                 0                 0                 0               250          12.17005	D1, 
         3.6514795         -1.069303                 0         3.3923324        -244.68686                 0         424.80635                 0                 0                 0                 0                 0                 0               250          12.18005	D1, 
         3.6544774        -1.0707993                 0         3.3949302        -244.68686                 0         424.80635                 0                 0                 0                 0                 0                 0               250          12.19005	D1, 
         3.6574754        -1.0722956                 0          3.397528        -244.68686                 0         424.80635                 0                 0                 0                 0                 0                 0               250          12.20005	D1, 
         3.6604733        -1.0737919                 0         3.4001258        -244.68686                 0         424.80635                 0                 0                 0                 0                 0                 0               250          12.21005	D1, 
         3.6634712        -1.0752882                 0         3.4027236        -244.68686                 0         424.80635                 0                 0                 0                 0                 0                 0               250          12.22005	D1, 
         3.6664691        -1.0767846                 0         3.4053214        -244.68686                 0         424.80635                 0                 0                 0                 0                 0                 0               250          12.23005	D1, 
          3.669467        -1.0782809                 0         3.4079192        -244.68686                 0         424.80635                 0                 0                 0                 0                 0                 0               250          12.24005	D1, 
          3.672465        -1.0797772                 0          3.410517        -244.68686                 0         424.80635                 0                 0                 0                 0                 0                 0               250          12.25005	D1, 
         3.6754629        -1.0812735                 0         3.4131148        -244.68686                 0         424.80635                 0                 0                 0                 0                 0                 0               250          12.26005	D1, 
         3.6784608        -1.0827698                 0         3.4157126        -244.68686                 0         424.80635                 0                 0                 0                 0                 0                 0               250          12.27005	D1, 
         3.6814587        -1.0842662                 0         3.4183103        -244.68686                 0         424.80635                 0                 0                 0                 0                 0                 0               250          12.28005	D1, 
         3.6844566        -1.0857625                 0         3.4209081        -244.68686                 0         424.80635                 0                 0                 0                 0                 0                 0               250          12.29005	D1, 
         3.6874546        -1.0872588                 0         3.4235059        -244.68686                 0         424.80635                 0                 0                 0                 0                 0                 0               250          12.30005	D1, 
         3.6904525        -1.0887551                 0         3.4261037        -244.68686                 0         424.80635                 0                 0                 0                 0                 0                 0               250          12.31005	D1, 
         3.6934504        -1.0902515                 0         3.4287015        -244.68686                 0         424.80635                 0                 0                 0                 0                 0                 0               250          12.32005	D1, 
         3.6964483        -1.0917478                 0         3.4312993        -244.68686                 0         424.80635                 0                 0                 0                 0                 0                 0               250          12.33005	D1, 
         3.6994462        -1.0932441                 0         3.4338971        -244.68686                 0         424.80635                 0                 0                 0                 0                 0                 0               250          12.34005	D1, 
         3.7024441        -1.0947404                 0         3.4364949        -244.68686                 0         424.80635                 0                 0                 0                 0                 0                 0               250          12.35005	D1, 
         3.7054421        -1.0962367                 0         3.4390927        -244.68686                 0         424.80635                 0                 0                 0                 0                 0                 0               250          12.36005	D1, 
           3.70844        -1.0977331                 0         3.4416905        -244.68686                 0         424.80635                 0                 0                 0                 0                 0                 0               250          12.37005	D1, 
         3.7114379        -1.0992294                 0         3.4442883        -244.68686                 0         424.80635                 0                 0                 0                 0                 0                 0               250          12.38005	D1, 
         3.7144358        -1.1007257                 0         3.4468861        -244.68686                 0         424.80635                 0                 0                 0                 0                 0                 0               250          12.39005	D1, 
         3.7174337         -1.102222                 0         3.4494839        -244.68686                 0         424.80635                 0                 0                 0                 0                 0                 0               250          12.40005	D1, 
         3.7204317        -1.1037183                 0         3.4520817        -244.68686                 0         424.80635                 0                 0                 0                 0                 0                 0               250          12.41005	D1, 
         3.7234296        -1.1052147                 0         3.4546795        -244.68686                 0         424.80635                 0                 0                 0                 0                 0                 0               250          12.42005	D1, 
         3.7264275         -1.106711                 0         3.4572773        -244.68686                 0         424.80635                 0                 0                 0                 0                 0                 0               250          12.43005	D1, 
         3.7294254        -1.1082073                 0         3.4598751        -244.68686                 0         424.80635                 0                 0                 0                 0                 0                 0               250          12.44005	D1, 
         3.7324233        -1.1097036                 0         3.4624729        -244.68686                 0         424.80635                 0                 0                 0                 0                 0                 0               250          12.45005	D1, 
         3.7354212        -1.1111999                 0         3.4650707        -244.68686                 0         424.80635                 0                 0                 0                 0                 0                 0               250          12.46005	D1, 
         3.7384192        -1.1126963                 0         3.4676685        -244.68686                 0         424.80635                 0                 0                 0                 0                 0                 0               250          12.47005	D1, 
         3.7414171        -1.1141926                 0         3.4702663        -244.68686                 0         424.80635                 0                 0                 0                 0                 0                 0               250          12.48005	D1, 
          3.744415        -1.1156889                 0          3.472864        -244.68686                 0         424.80635                 0                 0                 0                 0                 0                 0               250          12.49005	D1, 
         3.7474129        -1.1171852                 0         3.4754618        -244.68686                 0         424.80635                 0                 0                 0                 0                 0                 0               250          12.50005	D1, 
         3.7504108        -1.1186815                 0         3.4780596        -244.68686                 0         424.80635                 0                 0                 0                 0                 0                 0               250          12.51005	D1, 
         3.7534088        -1.1201779                 0         3.4806574        -244.68686                 0         424.80635                 0                 0                 0                 0                 0                 0               250          12.52005	D1, 
         3.7564067        -1.1216742                 0         3.4832552        -244.68686                 0         424.80635                 0                 0                 0                 0                 0                 0               250          12.53005	D1, 
         3.7594046        -1.1231705                 0          3.485853        -244.68686                 0         424.80635                 0                 0                 0                 0                 0                 0               250          12.54005	D1, 
         3.7624025        -1.1246668                 0         3.4884508        -244.68686                 0         424.80635                 0                 0                 0                 0                 0                 0               250          12.55005	D1, 
         3.7654004        -1.1261631                 0         3.4910486        -244.68686                 0         424.80635                 0                 0                 0                 0                 0                 0               250          12.56005	D1, 
         3.7683983        -1.1276595                 0         3.4936464        -244.68686                 0         424.80635                 0                 0                 0                 0                 0                 0               250          12.57005	D1, 
         3.7713963        -1.1291558                 0         3.4962442        -244.68686                 0         424.80635                 0                 0                 0                 0                 0                 0               250          12.58005	D1, 
         3.7743942        -1.1306521                 0          3.498842        -244.68686                 0         424.80635                 0                 0                 0                 0                 0                 0               250          12.59005	D1, 
         3.7773921        -1.1321484                 0         3.5014398        -244.68686                 0         424.80635                 0                 0                 0                 0                 0                 0               250          12.60005	D1, 
           3.78039        -1.1336447                 0         3.5040376        -244.68686                 0         424.80635                 0                 0                 0                 0                 0                 0               250          12.61005	D1, 
         3.7833879        -1.1351411                 0         3.5066354        -244.68686                 0         424.80635                 0                 0                 0                 0                 0                 0               250          12.62005	D1, 
         3.7863859        -1.1366374                 0         3.5092332        -244.68686                 0         424.80635                 0                 0                 0                 0                 0                 0               250          12.63005	D1, 
         3.7893838        -1.1381337                 0          3.511831        -244.68686                 0         424.80635                 0                 0                 0                 0                 0                 0               250          12.64005	D1, 
         3.7923817          -1.13963                 0         3.5144288        -244.68686                 0         424.80635                 0                 0                 0                 0                 0                 0               250          12.65005	D1, 
         3.7953796        -1.1411263                 0         3.5170266        -244.68686                 0         424.80635                 0                 0                 0                 0                 0                 0               250          12.66005	D1, 
         3.7983775        -1.1426227                 0         3.5196244        -244.68686                 0         424.80635                 0                 0                 0                 0                 0                 0               250          12.67005	D1, 
         3.8013754         -1.144119                 0         3.5222222        -244.68686                 0         424.80635                 0                 0                 0                 0                 0                 0               250          12.68005	D1, 
         3.8043734        -1.1456153                 0           3.52482        -244.68686                 0         424.80635                 0                 0                 0                 0                 0                 0               250          12.69005	D1, 
         3.8073713        -1.1471116                 0         3.5274177        -244.68686                 0         424.80635                 0                 0                 0                 0                 0                 0               250          12.70005	D1, 
         3.8103692        -1.1486079                 0         3.5300155        -244.68686                 0         424.80635                 0                 0                 0                 0                 0                 0               250          12.71005	D1, 
         3.8133671        -1.1501043                 0         3.5326133        -244.68686                 0         424.80635                 0                 0                 0                 0                 0                 0               250          12.72005	D1, 
          3.816365        -1.1516006                 0         3.5352111        -244.68686                 0         424.80635                 0                 0                 0                 0                 0                 0               250          12.73005	D1, 
          3.819363        -1.1530969                 0         3.5378089        -244.68686                 0         424.80635                 0                 0                 0                 0                 0                 0               250          12.74005	D1, 
         3.8223609        -1.1545932                 0         3.5404067        -244.68686                 0         424.80635                 0                 0                 0                 0                 0                 0               250          12.75005	D1, 
         3.8253588        -1.1560895                 0         3.5430045        -244.68686                 0         424.80635                 0                 0                 0                 0                 0                 0               250          12.76005	D1, 
         3.8283567        -1.1575859                 0         3.5456023        -244.68686                 0         424.80635                 0                 0                 0                 0                 0                 0               250          12.77005	D1, 
         3.8313546        -1.1590822                 0         3.5482001        -244.68686                 0         424.80635                 0                 0                 0                 0                 0                 0               250          12.78005	D1, 
         3.8343526        -1.1605785                 0         3.5507979        -244.68686                 0         424.80635                 0                 0                 0                 0                 0                 0               250          12.79005	D1, 
         3.8373505        -1.1620748                 0         3.5533957        -244.68686                 0         424.80635                 0                 0                 0                 0                 0                 0               250          12.80005	D1, 
         3.8403484        -1.1635711                 0         3.5559935        -244.68686                 0         424.80635                 0                 0                 0                 0                 0                 0               250          12.81005	D1, 
         3.8433463        -1.1650675                 0         3.5585913        -244.68686                 0         424.80635                 0                 0                 0                 0                 0                 0               250          12.82005	D1, 
         3.8463442        -1.1665638                 0         3.5611891        -244.68686                 0         424.80635                 0                 0                 0                 0                 0                 0               250          12.83005	D1, 
         3.8493421        -1.1680601                 0         3.5637869        -244.68686                 0         424.80635                 0                 0                 0                 0                 0                 0               250          12.84005	D1, 
         3.8523401        -1.1695564                 0         3.5663847        -244.68686                 0         424.80635                 0                 0                 0                 0                 0                 0               250          12.85005	D1, 
          3.855338        -1.1710527                 0         3.5689825        -244.68686                 0         424.80635                 0                 0                 0                 0                 0                 0               250          12.86005	D1, 
         3.8583359        -1.1725491                 0         3.5715803        -244.68686                 0         424.80635                 0                 0                 0                 0                 0                 0               250          12.87005	D1, 
         3.8613338        -1.1740454                 0         3.5741781        -244.68686                 0         424.80635                 0                 0                 0                 0                 0                 0               250          12.88005	D1, 
         3.8643317        -1.1755417                 0         3.5767759        -244.68686                 0         424.80635                 0                 0                 0                 0                 0                 0               250          12.89005	D1, 
         3.8673297         -1.177038                 0         3.5793737        -244.68686                 0         424.80635                 0                 0                 0                 0                 0                 0               250          12.90005	D1, 
         3.8703276        -1.1785343                 0         3.5819714        -244.68686                 0         424.80635                 0                 0                 0                 0                 0                 0               250          12.91005	D1, 
         3.8733255        -1.1800307                 0         3.5845692        -244.68686                 0         424.80635                 0                 0                 0                 0                 0                 0               250          12.92005	D1, 
         3.8763234         -1.181527                 0          3.587167        -244.68686                 0         424.80635                 0                 0                 0                 0                 0                 0               250          12.93005	D1, 
         3.8793213        -1.1830233                 0         3.5897648        -244.68686                 0         424.80635                 0                 0                 0                 0                 0                 0               250          12.94005	D1, 
         3.8823192        -1.1845196                 0         3.5923626        -244.68686                 0         424.80635                 0                 0                 0                 0                 0                 0               250          12.95005	D1, 
         3.8853172        -1.1860159                 0         3.5949604        -244.68686                 0         424.80635                 0                 0                 0                 0                 0                 0               250          12.96005	D1, 
         3.8883151        -1.1875123                 0         3.5975582        -244.68686                 0         424.80635                 0                 0                 0                 0                 0                 0               250          12.97005	D1, 
          3.891313        -1.1890086                 0          3.600156        -244.68686                 0         424.80635                 0                 0                 0                 0                 0                 0               250          12.98005	D1, 
         3.8943109        -1.1905049                 0         3.6027538        -244.68686                 0         424.80635                 0                 0                 0                 0                 0                 0               250          12.99005	D1, 
         3.8973088        -1.1920012                 0         3.6053516        -244.68686                 0         424.80635                 0                 0                 0                 0                 0                 0               250          13.00005	D1, 
         3.9003068        -1.1934975                 0         3.6079494        -244.68686                 0         424.80635                 0                 0                 0                 0                 0                 0               250          13.01005	D1, 
         3.9033047        -1.1949939                 0         3.6105472        -244.68686                 0         424.80635                 0                 0                 0                 0                 0                 0               250          13.02005	D1, 
         3.9063026        -1.1964902                 0          3.613145        -244.68686                 0         424.80635                 0                 0                 0                 0                 0                 0               250          13.03005	D1, 
         3.9093005        -1.1979865                 0         3.6157428        -244.68686                 0         424.80635                 0                 0                 0                 0                 0                 0               250          13.04005	D1, 
         3.9122984        -1.1994828                 0         3.6183406        -244.68686                 0         424.80635                 0                 0                 0                 0                 0                 0               250          13.05005	D1, 
         3.9152963        -1.2009792                 0         3.6209384        -244.68686                 0         424.80635                 0                 0                 0                 0                 0                 0               250          13.06005	D1, 
         3.9182943        -1.2024755                 0         3.6235362        -244.68686                 0         424.80635                 0                 0                 0                 0                 0                 0               250          13.07005	D1, 
         3.9212922        -1.2039718                 0          3.626134        -244.68686                 0         424.80635                 0                 0                 0                 0                 0                 0               250          13.08005	D1, 
         3.9242901        -1.2054681                 0         3.6287318        -244.68686                 0         424.80635                 0                 0                 0                 0                 0                 0               250          13.09005	D1, 
          3.927288        -1.2069644                 0         3.6313296        -244.68686                 0         424.80635                 0                 0                 0                 0                 0                 0               250          13.10005	D1, 
         3.9302859        -1.2084608                 0         3.6339274        -244.68686                 0         424.80635                 0                 0                 0                 0                 0                 0               250          13.11005	D1, 
         3.9332839        -1.2099571                 0         3.6365251        -244.68686                 0         424.80635                 0                 0                 0                 0                 0                 0               250          13.12005	D1, 
         3.9362818        -1.2114534                 0         3.6391229        -244.68686                 0         424.80635                 0                 0                 0                 0                 0                 0               250          13.13005	D1, 
         3.9392797        -1.2129497                 0         3.6417207        -244.68686                 0         424.80635                 0                 0                 0                 0                 0                 0               250          13.14005	D1, 
         3.9422776         -1.214446                 0         3.6443185        -244.68686                 0         424.80635                 0                 0                 0                 0                 0                 0               250          13.15005	D1, 
         3.9452755        -1.2159424                 0         3.6469163        -244.68686                 0         424.80635                 0                 0                 0                 0                 0                 0               250          13.16005	D1, 
         3.9482734        -1.2174387                 0         3.6495141        -244.68686                 0         424.80635                 0                 0                 0                 0                 0                 0               250          13.17005	D1, 
         3.9512714         -1.218935                 0         3.6521119        -244.68686                 0         424.80635                 0                 0                 0                 0                 0                 0               250          13.18005	D1, 
         3.9542693        -1.2204313                 0         3.6547097        -244.68686                 0         424.80635                 0                 0                 0                 0                 0                 0               250          13.19005	D1, 
         3.9572672        -1.2219276                 0         3.6573075        -244.68686                 0         424.80635                 0                 0                 0                 0                 0                 0               250          13.20005	D1, 
         3.9602651         -1.223424                 0         3.6599053        -244.68686                 0         424.80635                 0                 0                 0                 0                 0                 0               250          13.21005	D1, 
          3.963263        -1.2249203                 0         3.6625031        -244.68686                 0         424.80635                 0                 0                 0                 0                 0                 0               250          13.22005	D1, 
          3.966261        -1.2264166                 0         3.6651009        -244.68686                 0         424.80635                 0                 0                 0                 0                 0                 0               250          13.23005	D1, 
         3.9692589        -1.2279129                 0         3.6676987        -244.68686                 0         424.80635                 0                 0                 0                 0                 0                 0               250          13.24005	D1, 
         3.9722568        -1.2294092                 0         3.6702965        -244.68686                 0         424.80635                 0                 0                 0                 0                 0                 0               250          13.25005	D1, 
         3.9752547        -1.2309056                 0         3.6728943        -244.68686                 0         424.80635                 0                 0                 0                 0                 0                 0               250          13.26005	D1, 
         3.9782526        -1.2324019                 0         3.6754921        -244.68686                 0         424.80635                 0                 0                 0                 0                 0                 0               250          13.27005	D1, 
         3.9812505        -1.2338982                 0         3.6780899        -244.68686                 0         424.80635                 0                 0                 0                 0                 0                 0               250          13.28005	D1, 
         3.9842485        -1.2353945                 0         3.6806877        -244.68686                 0         424.80635                 0                 0                 0                 0                 0                 0               250          13.29005	D1, 
         3.9872464        -1.2368908                 0         3.6832855        -244.68686                 0         424.80635                 0                 0                 0                 0                 0                 0               250          13.30005	D1, 
         3.9902443        -1.2383872                 0         3.6858833        -244.68686                 0         424.80635                 0                 0                 0                 0                 0                 0               250          13.31005	D1, 
         3.9932422        -1.2398835                 0         3.6884811        -244.68686                 0         424.80635                 0                 0                 0                 0                 0                 0               250          13.32005	D1, 
         3.9962401        -1.2413798                 0         3.6910788        -244.68686                 0         424.80635                 0                 0                 0                 0                 0                 0               250          13.33005	D1, 
         3.9992381        -1.2428761                 0         3.6936766        -244.68686                 0         424.80635                 0                 0                 0                 0                 0                 0               250          13.34005	D1, 
          4.002236        -1.2443724                 0         3.6962744        -244.68686                 0         424.80635                 0                 0                 0                 0                 0                 0               250          13.35005	D1, 
         4.0052339        -1.2458688                 0         3.6988722        -244.68686                 0         424.80635                 0                 0                 0                 0                 0                 0               250          13.36005	D1, 
         4.0082318        -1.2473651                 0           3.70147        -244.68686                 0         424.80635                 0                 0                 0                 0                 0                 0               250          13.37005	D1, 
         4.0112297        -1.2488614                 0         3.7040678        -244.68686                 0         424.80635                 0                 0                 0                 0                 0                 0               250          13.38005	D1, 
         4.0142277        -1.2503577                 0         3.7066656        -244.68686                 0         424.80635                 0                 0                 0                 0                 0                 0               250          13.39005	D1, 
         4.0172256         -1.251854                 0         3.7092634        -244.68686                 0         424.80635                 0                 0                 0                 0                 0                 0               250          13.40005	D1, 
         4.0202235        -1.2533504                 0         3.7118612        -244.68686                 0         424.80635                 0                 0                 0                 0                 0                 0               250          13.41005	D1, 
         4.0232214        -1.2548467                 0          3.714459        -244.68686                 0         424.80635                 0                 0                 0                 0                 0                 0               250          13.42005	D1, 
         4.0262193         -1.256343                 0         3.7170568        -244.68686                 0         424.80635                 0                 0                 0                 0                 0                 0               250          13.43005	D1, 
         4.0292172        -1.2578393                 0         3.7196546        -244.68686                 0         424.80635                 0                 0                 0                 0                 0                 0               250          13.44005	D1, 
         4.0322152        -1.2593356                 0         3.7222524        -244.68686                 0         424.80635                 0                 0                 0                 0                 0                 0               250          13.45005	D1, 
         4.0352131         -1.260832                 0         3.7248502        -244.68686                 0         424.80635                 0                 0                 0                 0                 0                 0               250          13.46005	D1, 
          4.038211        -1.2623283                 0          3.727448        -244.68686                 0         424.80635                 0                 0                 0                 0                 0                 0               250          13.47005	D1, 
         4.0412089        -1.2638246                 0         3.7300458        -244.68686                 0         424.80635                 0                 0                 0                 0                 0                 0               250          13.48005	D1, 
         4.0442068        -1.2653209                 0         3.7326436        -244.68686                 0         424.80635                 0                 0                 0                 0                 0                 0               250          13.49005	D1, 
         4.0472048        -1.2668173                 0         3.7352413        -244.70206                 0         424.79759                 0                 0                 0                 0      -0.013713451                 0               250          13.50005	QACH, 
         4.0502027        -1.2683138                 0         3.7378391        -244.72297                 0         424.78555                 0                 0                 0                 0      -0.013728702                 0               250          13.51005	QACH, 
         4.0532006        -1.2698104                 0         3.7404367        -244.74391                 0         424.77349                 0                 0                 0                 0      -0.013743168                 0               250          13.52005	QACH, 
         4.0561985        -1.2713071                 0         3.7430342        -244.76486                 0         424.76141                 0                 0                 0                 0      -0.013756846                 0               250          13.53005	QACH, 
         4.0591964         -1.272804                 0         3.7456317        -244.78584                 0         424.74933                 0                 0                 0                 0      -0.013769737                 0               250          13.54005	QACH, 
         4.0621943        -1.2743009                 0         3.7482291        -244.80683                 0         424.73723                 0                 0                 0                 0      -0.013781839                 0               250          13.55005	QACH, 
         4.0651923        -1.2757981                 0         3.7508265        -244.82784                 0         424.72512                 0                 0                 0                 0      -0.013793152                 0               250          13.56005	QACH, 
         4.0681902        -1.2772953                 0         3.7534237        -244.84886                 0           424.713                 0                 0                 0                 0      -0.013803675                 0               250          13.57005	QACH, 
         4.0711881        -1.2787927                 0         3.7560209         -244.8699                 0         424.70087                 0                 0                 0                 0      -0.013813407                 0               250          13.58005	QACH, 
          4.074186        -1.2802902                 0          3.758618        -244.89096                 0         424.68873                 0                 0                 0                 0      -0.013822348                 0               250          13.59005	QACH, 
         4.0771839        -1.2817878                 0         3.7612151        -244.91202                 0         424.67658                 0                 0                 0                 0      -0.013830498                 0               250          13.60005	QACH, 
         4.0801819        -1.2832856                 0          3.763812         -244.9331                 0         424.66442                 0                 0                 0                 0      -0.013837856                 0               250          13.61005	QACH, 
         4.0831798        -1.2847835                 0         3.7664089        -244.95419                 0         424.65226                 0                 0                 0                 0      -0.013844421                 0               250          13.62005	QACH, 
         4.0861777        -1.2862815                 0         3.7690057        -244.97529                 0         424.64009                 0                 0                 0                 0      -0.013850193                 0               250          13.63005	QACH, 
         4.0891756        -1.2877796                 0         3.7716025        -244.99639                 0         424.62791                 0                 0                 0                 0      -0.013855173                 0               250          13.64005	QACH, 
         4.0921735        -1.2892779                 0         3.7741991         -245.0175                 0         424.61573                 0                 0                 0                 0      -0.013859358                 0               250          13.65005	QACH, 
         4.0951714        -1.2907763                 0         3.7767957        -245.03862                 0         424.60355                 0                 0                 0                 0       -0.01386275                 0               250          13.66005	QACH, 
         4.0981694        -1.2922749                 0         3.7793923        -245.05973                 0         424.59136                 0                 0                 0                 0      -0.013865349                 0               250          13.67005	QACH, 
         4.1011673        -1.2937735                 0         3.7819887        -245.08086                 0         424.57917                 0                 0                 0                 0      -0.013867153                 0               250          13.68005	QACH, 
         4.1041652        -1.2952723                 0         3.7845851        -245.10198                 0         424.56697                 0                 0                 0                 0      -0.013868163                 0               250          13.69005	QACH, 
         4.1071631        -1.2967713                 0         3.7871814         -245.1231                 0         424.55478                 0                 0                 0                 0      -0.013868378                 0               250          13.70005	QACH, 
          4.110161        -1.2982703                 0         3.7897776        -245.14423                 0         424.54258                 0                 0                 0                 0        -0.0138678                 0               250          13.71005	QACH, 
          4.113159        -1.2997695                 0         3.7923737        -245.16535                 0         424.53039                 0                 0                 0                 0      -0.013866427                 0               250          13.72005	QACH, 
         4.1161569        -1.3012688                 0         3.7949698        -245.18647                 0         424.51819                 0                 0                 0                 0      -0.013864261                 0               250          13.73005	QACH, 
         4.1191548        -1.3027682                 0         3.7975658        -245.20758                 0         424.50599                 0                 0                 0                 0        -0.0138613                 0               250          13.74005	QACH, 
         4.1221527        -1.3042678                 0         3.8001617        -245.22869                 0          424.4938                 0                 0                 0                 0      -0.013857546                 0               250          13.75005	QACH, 
         4.1251506        -1.3057675                 0         3.8027576        -245.24979                 0         424.48161                 0                 0                 0                 0      -0.013852997                 0               250          13.76005	QACH, 
         4.1281485        -1.3072673                 0         3.8053533        -245.27088                 0         424.46942                 0                 0                 0                 0      -0.013847656                 0               250          13.77005	QACH, 
         4.1311465        -1.3087673                 0          3.807949        -245.29196                 0         424.45724                 0                 0                 0                 0      -0.013841522                 0               250          13.78005	QACH, 
         4.1341444        -1.3102674                 0         3.8105446        -245.31304                 0         424.44506                 0                 0                 0                 0      -0.013834595                 0               250          13.79005	QACH, 
         4.1371423        -1.3117676                 0         3.8131402         -245.3341                 0         424.43289                 0                 0                 0                 0      -0.013826875                 0               250          13.80005	QACH, 
         4.1401402        -1.3132679                 0         3.8157357        -245.35515                 0         424.42072                 0                 0                 0                 0      -0.013818364                 0               250          13.81005	QACH, 
         4.1431381        -1.3147684                 0         3.8183311        -245.37618                 0         424.40856                 0                 0                 0                 0      -0.013809061                 0               250          13.82005	QACH, 
         4.1461361         -1.316269                 0         3.8209264         -245.3972                 0         424.39641                 0                 0                 0                 0      -0.013798968                 0               250          13.83005	QACH, 
          4.149134        -1.3177697                 0         3.8235216         -245.4182                 0         424.38426                 0                 0                 0                 0      -0.013788084                 0               250          13.84005	QACH, 
         4.1521319        -1.3192706                 0         3.8261168        -245.43919                 0         424.37213                 0                 0                 0                 0      -0.013776411                 0               250          13.85005	QACH, 
         4.1551298        -1.3207716                 0         3.8287119        -245.46015                 0            424.36                 0                 0                 0                 0      -0.013763949                 0               250          13.86005	QACH, 
         4.1581277        -1.3222727                 0         3.8313069         -245.4811                 0         424.34789                 0                 0                 0                 0      -0.013750698                 0               250          13.87005	QACH, 
         4.1611256        -1.3237739                 0         3.8339019        -245.50202                 0         424.33578                 0                 0                 0                 0      -0.013736661                 0               250          13.88005	QACH, 
         4.1641236        -1.3252753                 0         3.8364968        -245.52292                 0         424.32369                 0                 0                 0                 0      -0.013721836                 0               250          13.89005	QACH, 
         4.1671215        -1.3267768                 0         3.8390916         -245.5438                 0         424.31161                 0                 0                 0                 0      -0.013706226                 0               250          13.90005	QACH, 
         4.1701194        -1.3282784                 0         3.8416863        -245.56465                 0         424.29954                 0                 0                 0                 0       -0.01368983                 0               250          13.91005	QACH, 
         4.1731173        -1.3297802                 0          3.844281        -245.58548                 0         424.28749                 0                 0                 0                 0      -0.013672651                 0               250          13.92005	QACH, 
         4.1761152        -1.3312821                 0         3.8468756        -245.60627                 0         424.27545                 0                 0                 0                 0      -0.013654689                 0               250          13.93005	QACH, 
         4.1791132        -1.3327841                 0         3.8494701        -245.62705                 0         424.26342                 0                 0                 0                 0      -0.013635944                 0               250          13.94005	QACH, 
         4.1821111        -1.3342862                 0         3.8520645        -245.64779                 0         424.25141                 0                 0                 0                 0      -0.013616419                 0               250          13.95005	QACH, 
          4.185109        -1.3357885                 0         3.8546589         -245.6685                 0         424.23942                 0                 0                 0                 0      -0.013596114                 0               250          13.96005	QACH, 
         4.1881069        -1.3372909                 0         3.8572532        -245.68917                 0         424.22745                 0                 0                 0                 0      -0.013575031                 0               250          13.97005	QACH, 
         4.1911048        -1.3387934                 0         3.8598474        -245.70982                 0         424.21549                 0                 0                 0                 0       -0.01355317                 0               250          13.98005	QACH, 
         4.1941028         -1.340296                 0         3.8624415        -245.73043                 0         424.20355                 0                 0                 0                 0      -0.013530533                 0               250          13.99005	QACH, 
         4.1971007        -1.3417988                 0         3.8650356          -245.751                 0         424.19163                 0                 0                 0                 0      -0.013507121                 0               250          14.00005	QACH, 
         4.2000986        -1.3433017                 0         3.8676296        -245.77154                 0         424.17973                 0                 0                 0                 0      -0.013482935                 0               250          14.01005	QACH, 
         4.2030965        -1.3448047                 0         3.8702235        -245.79204                 0         424.16786                 0                 0                 0                 0      -0.013457977                 0               250          14.02005	QACH, 
         4.2060944        -1.3463078                 0         3.8728174         -245.8125                 0           424.156                 0                 0                 0                 0      -0.013432249                 0               250          14.03005	QACH, 
         4.2090923        -1.3478111                 0         3.8754112        -245.83292                 0         424.14416                 0                 0                 0                 0      -0.013405751                 0               250          14.04005	QACH, 
         4.2120903        -1.3493145                 0         3.8780049         -245.8533                 0         424.13235                 0                 0                 0                 0      -0.013378486                 0               250          14.05005	QACH, 
         4.2150882         -1.350818                 0         3.8805985        -245.87364                 0         424.12056                 0                 0                 0                 0      -0.013350455                 0               250          14.06005	QACH, 
         4.2180861        -1.3523216                 0         3.8831921        -245.89393                 0          424.1088                 0                 0                 0                 0      -0.013321659                 0               250          14.07005	QACH, 
          4.221084        -1.3538254                 0         3.8857856        -245.91418                 0         424.09706                 0                 0                 0                 0        -0.0132921                 0               250          14.08005	QACH, 
         4.2240819        -1.3553293                 0          3.888379        -245.93438                 0         424.08534                 0                 0                 0                 0       -0.01326178                 0               250          14.09005	QACH, 
         4.2270799        -1.3568333                 0         3.8909723        -245.95453                 0         424.07366                 0                 0                 0                 0        -0.0132307                 0               250          14.10005	QACH, 
         4.2300778        -1.3583374                 0         3.8935656        -245.97464                 0         424.06199                 0                 0                 0                 0      -0.013198863                 0               250          14.11005	QACH, 
         4.2330757        -1.3598417                 0         3.8961588        -245.99469                 0         424.05036                 0                 0                 0                 0      -0.013166269                 0               250          14.12005	QACH, 
         4.2360736        -1.3613461                 0          3.898752         -246.0147                 0         424.03875                 0                 0                 0                 0      -0.013132922                 0               250          14.13005	QACH, 
         4.2390715        -1.3628506                 0          3.901345        -246.03465                 0         424.02718                 0                 0                 0                 0      -0.013098823                 0               250          14.14005	QACH, 
         4.2420694        -1.3643552                 0          3.903938        -246.05455                 0         424.01563                 0                 0                 0                 0      -0.013063974                 0               250          14.15005	QACH, 
         4.2450674        -1.3658599                 0          3.906531         -246.0741                 0         424.00428                 0                 0                 0                 0                 0                 0               250          14.16005	D2, 
         4.2480653        -1.3673647                 0         3.9091238         -246.0741                 0         424.00428                 0                 0                 0                 0                 0                 0               250          14.17005	D2, 
         4.2510632        -1.3688696                 0         3.9117167         -246.0741                 0         424.00428                 0                 0                 0                 0                 0                 0               250          14.18005	D2, 
         4.2540611        -1.3703744                 0         3.9143096         -246.0741                 0         424.00428                 0                 0                 0                 0                 0                 0               250          14.19005	D2, 
          4.257059        -1.3718792                 0         3.9169025         -246.0741                 0         424.00428                 0                 0                 0                 0                 0                 0               250          14.20005	D2, 
          4.260057         -1.373384                 0         3.9194954         -246.0741                 0         424.00428                 0                 0                 0                 0                 0                 0               250          14.21005	D2, 
         4.2630549        -1.3748888                 0         3.9220883         -246.0741                 0         424.00428                 0                 0                 0                 0                 0                 0               250          14.22005	D2, 
         4.2660528        -1.3763936                 0         3.9246812         -246.0741                 0         424.00428                 0                 0                 0                 0                 0                 0               250          14.23005	D2, 
         4.2690507        -1.3778984                 0         3.9272741         -246.0741                 0         424.00428                 0                 0                 0                 0                 0                 0               250          14.24005	D2, 
         4.2720486        -1.3794032                 0          3.929867         -246.0741                 0         424.00428                 0                 0                 0                 0                 0                 0               250          14.25005	D2, 
         4.2750465         -1.380908                 0         3.9324599         -246.0741                 0         424.00428                 0                 0                 0                 0                 0                 0               250          14.26005	D2, 
         4.2780445        -1.3824128                 0         3.9350527         -246.0741                 0         424.00428                 0                 0                 0                 0                 0                 0               250          14.27005	D2, 
         4.2810424        -1.3839176                 0         3.9376456         -246.0741                 0         424.00428                 0                 0                 0                 0                 0                 0               250          14.28005	D2, 
         4.2840403        -1.3854224                 0         3.9402385         -246.0741                 0         424.00428                 0                 0                 0                 0                 0                 0               250          14.29005	D2, 
         4.2870382        -1.3869272                 0         3.9428314         -246.0741                 0         424.00428                 0                 0                 0                 0                 0                 0               250          14.30005	D2, 
         4.2900361         -1.388432                 0         3.9454243         -246.0741                 0         424.00428                 0                 0                 0                 0                 0                 0               250          14.31005	D2, 
         4.2930341        -1.3899368                 0         3.9480172         -246.0741                 0         424.00428                 0                 0                 0                 0                 0                 0               250          14.32005	D2, 
          4.296032        -1.3914416                 0         3.9506101         -246.0741                 0         424.00428                 0                 0                 0                 0                 0                 0               250          14.33005	D2, 
         4.2990299        -1.3929464                 0          3.953203         -246.0741                 0         424.00428                 0                 0                 0                 0                 0                 0               250          14.34005	D2, 
         4.3020278        -1.3944512                 0         3.9557959         -246.0741                 0         424.00428                 0                 0                 0                 0                 0                 0               250          14.35005	D2, 
         4.3050257         -1.395956                 0         3.9583888         -246.0741                 0         424.00428                 0                 0                 0                 0                 0                 0               250          14.36005	D2, 
         4.3080236        -1.3974608                 0         3.9609816         -246.0741                 0         424.00428                 0                 0                 0                 0                 0                 0               250          14.37005	D2, 
         4.3110216        -1.3989656                 0         3.9635745         -246.0741                 0         424.00428                 0                 0                 0                 0                 0                 0               250          14.38005	D2, 
         4.3140195        -1.4004704                 0         3.9661674         -246.0741                 0         424.00428                 0                 0                 0                 0                 0                 0               250          14.39005	D2, 
         4.3170174        -1.4019752                 0         3.9687603         -246.0741                 0         424.00428                 0                 0                 0                 0                 0                 0               250          14.40005	D2, 
         4.3200153          -1.40348                 0         3.9713532         -246.0741                 0         424.00428                 0                 0                 0                 0                 0                 0               250          14.41005	D2, 
         4.3230132        -1.4049848                 0         3.9739461         -246.0741                 0         424.00428                 0                 0                 0                 0                 0                 0               250          14.42005	D2, 
         4.3260112        -1.4064896                 0          3.976539         -246.0741                 0         424.00428                 0                 0                 0                 0                 0                 0               250          14.43005	D2, 
         4.3290091        -1.4079944                 0         3.9791319         -246.0741                 0         424.00428                 0                 0                 0                 0                 0                 0               250          14.44005	D2, 
          4.332007        -1.4094992                 0         3.9817248         -246.0741                 0         424.00428                 0                 0                 0                 0                 0                 0               250          14.45005	D2, 
         4.3350049        -1.4110041                 0         3.9843177         -246.0741                 0         424.00428                 0                 0                 0                 0                 0                 0               250          14.46005	D2, 
         4.3380028        -1.4125089                 0         3.9869106         -246.0741                 0         424.00428                 0                 0                 0                 0                 0                 0               250          14.47005	D2, 
         4.3410008        -1.4140137                 0         3.9895034         -246.0741                 0         424.00428                 0                 0                 0                 0                 0                 0               250          14.48005	D2, 
         4.3439987        -1.4155185                 0         3.9920963         -246.0741                 0         424.00428                 0                 0                 0                 0                 0                 0               250          14.49005	D2, 
         4.3469966        -1.4170233                 0         3.9946892         -246.0741                 0         424.00428                 0                 0                 0                 0                 0                 0               250          14.50005	D2, 
         4.3499945        -1.4185281                 0         3.9972821         -246.0741                 0         424.00428                 0                 0                 0                 0                 0                 0               250          14.51005	D2, 
         4.3529924        -1.4200329                 0          3.999875         -246.0741                 0         424.00428                 0                 0                 0                 0                 0                 0               250          14.52005	D2, 
         4.3559903        -1.4215377                 0         4.0024679         -246.0741                 0         424.00428                 0                 0                 0                 0                 0                 0               250          14.53005	D2, 
         4.3589883        -1.4230425                 0         4.0050608         -246.0741                 0         424.00428                 0                 0                 0                 0                 0                 0               250          14.54005	D2, 
         4.3619862        -1.4245473                 0         4.0076537         -246.0741                 0         424.00428                 0                 0                 0                 0                 0                 0               250          14.55005	D2, 
         4.3649841        -1.4260521                 0         4.0102466         -246.0741                 0         424.00428                 0                 0                 0                 0                 0                 0               250          14.56005	D2, 
          4.367982        -1.4275569                 0         4.0128395         -246.0741                 0         424.00428                 0                 0                 0                 0                 0                 0               250          14.57005	D2, 
         4.3709799        -1.4290617                 0         4.0154323         -246.0741                 0         424.00428                 0                 0                 0                 0                 0                 0               250          14.58005	D2, 
         4.3739779        -1.4305665                 0         4.0180252         -246.0741                 0         424.00428                 0                 0                 0                 0                 0                 0               250          14.59005	D2, 
         4.3769758        -1.4320713                 0         4.0206181         -246.0741                 0         424.00428                 0                 0                 0                 0                 0                 0               250          14.60005	D2, 
         4.3799737        -1.4335761                 0          4.023211         -246.0741                 0         424.00428                 0                 0                 0                 0                 0                 0               250          14.61005	D2, 
         4.3829716        -1.4350809                 0         4.0258039         -246.0741                 0         424.00428                 0                 0                 0                 0                 0                 0               250          14.62005	D2, 
         4.3859695        -1.4365857                 0         4.0283968         -246.0741                 0         424.00428                 0                 0                 0                 0                 0                 0               250          14.63005	D2, 
         4.3889674        -1.4380905                 0         4.0309897         -246.0741                 0         424.00428                 0                 0                 0                 0                 0                 0               250          14.64005	D2, 
         4.3919654        -1.4395953                 0         4.0335826         -246.0741                 0         424.00428                 0                 0                 0                 0                 0                 0               250          14.65005	D2, 
         4.3949633        -1.4411001                 0         4.0361755         -246.0741                 0         424.00428                 0                 0                 0                 0                 0                 0               250          14.66005	D2, 
         4.3979612        -1.4426049                 0         4.0387684         -246.0741                 0         424.00428                 0                 0                 0                 0                 0                 0               250          14.67005	D2, 
         4.4009591        -1.4441097                 0         4.0413613         -246.0741                 0         424.00428                 0                 0                 0                 0                 0                 0               250          14.68005	D2, 
          4.403957        -1.4456145                 0         4.0439541         -246.0741                 0         424.00428                 0                 0                 0                 0                 0                 0               250          14.69005	D2, 
          4.406955        -1.4471193                 0          4.046547         -246.0741                 0         424.00428                 0                 0                 0                 0                 0                 0               250          14.70005	D2, 
         4.4099529        -1.4486241                 0         4.0491399         -246.0741                 0         424.00428                 0                 0                 0                 0                 0                 0               250          14.71005	D2, 
         4.4129508        -1.4501289                 0         4.0517328         -246.0741                 0         424.00428                 0                 0                 0                 0                 0                 0               250          14.72005	D2, 
         4.4159487        -1.4516337                 0         4.0543257         -246.0741                 0         424.00428                 0                 0                 0                 0                 0                 0               250          14.73005	D2, 
         4.4189466        -1.4531386                 0         4.0569186         -246.0741                 0         424.00428                 0                 0                 0                 0                 0                 0               250          14.74005	D2, 
         4.4219445        -1.4546434                 0         4.0595115         -246.0741                 0         424.00428                 0                 0                 0                 0                 0                 0               250          14.75005	D2, 
         4.4249425        -1.4561482                 0         4.0621044         -246.0741                 0         424.00428                 0                 0                 0                 0                 0                 0               250          14.76005	D2, 
         4.4279404         -1.457653                 0         4.0646973         -246.0741                 0         424.00428                 0                 0                 0                 0                 0                 0               250          14.77005	D2, 
         4.4309383        -1.4591578                 0         4.0672902         -246.0741                 0         424.00428                 0                 0                 0                 0                 0                 0               250          14.78005	D2, 
         4.4339362        -1.4606626                 0          4.069883         -246.0741                 0         424.00428                 0                 0                 0                 0                 0                 0               250          14.79005	D2, 
         4.4369341        -1.4621674                 0         4.0724759         -246.0741                 0         424.00428                 0                 0                 0                 0                 0                 0               250          14.80005	D2, 
         4.4399321        -1.4636722                 0         4.0750688         -246.0741                 0         424.00428                 0                 0                 0                 0                 0                 0               250          14.81005	D2, 
           4.44293         -1.465177                 0         4.0776617         -246.0741                 0         424.00428                 0                 0                 0                 0                 0                 0               250          14.82005	D2, 
         4.4459279        -1.4666818                 0         4.0802546         -246.0741                 0         424.00428                 0                 0                 0                 0                 0                 0               250          14.83005	D2, 
         4.4489258        -1.4681866                 0         4.0828475         -246.0741                 0         424.00428                 0                 0                 0                 0                 0                 0               250          14.84005	D2, 
         4.4519237        -1.4696914                 0         4.0854404         -246.0741                 0         424.00428                 0                 0                 0                 0                 0                 0               250          14.85005	D2, 
         4.4549216        -1.4711962                 0         4.0880333         -246.0741                 0         424.00428                 0                 0                 0                 0                 0                 0               250          14.86005	D2, 
         4.4579196         -1.472701                 0         4.0906262         -246.0741                 0         424.00428                 0                 0                 0                 0                 0                 0               250          14.87005	D2, 
         4.4609175        -1.4742058                 0         4.0932191         -246.0741                 0         424.00428                 0                 0                 0                 0                 0                 0               250          14.88005	D2, 
         4.4639154        -1.4757106                 0         4.0958119         -246.0741                 0         424.00428                 0                 0                 0                 0                 0                 0               250          14.89005	D2, 
         4.4669133        -1.4772154                 0         4.0984048         -246.0741                 0         424.00428                 0                 0                 0                 0                 0                 0               250          14.90005	D2, 
         4.4699112        -1.4787202                 0         4.1009977         -246.0741                 0         424.00428                 0                 0                 0                 0                 0                 0               250          14.91005	D2, 
         4.4729092         -1.480225                 0         4.1035906         -246.0741                 0         424.00428                 0                 0                 0                 0                 0                 0               250          14.92005	D2, 
         4.4759071        -1.4817298                 0         4.1061835         -246.0741                 0         424.00428                 0                 0                 0                 0                 0                 0               250          14.93005	D2, 
          4.478905        -1.4832346                 0         4.1087764         -246.0741                 0         424.00428                 0                 0                 0                 0                 0                 0               250          14.94005	D2, 
         4.4819029        -1.4847394                 0         4.1113693         -246.0741                 0         424.00428                 0                 0                 0                 0                 0                 0               250          14.95005	D2, 
         4.4849008        -1.4862442                 0         4.1139622         -246.0741                 0         424.00428                 0                 0                 0                 0                 0                 0               250          14.96005	D2, 
         4.4878987         -1.487749                 0         4.1165551         -246.0741                 0         424.00428                 0                 0                 0                 0                 0                 0               250          14.97005	D2, 
         4.4908967        -1.4892538                 0          4.119148         -246.0741                 0         424.00428                 0                 0                 0                 0                 0                 0               250          14.98005	D2, 
         4.4938946        -1.4907586                 0         4.1217409         -246.0741                 0         424.00428                 0                 0                 0                 0                 0                 0               250          14.99005	D2, 
         4.4968925        -1.4922634                 0         4.1243337         -246.0741                 0         424.00428                 0                 0                 0                 0                 0                 0               250          15.00005	D2, 
         4.4998904        -1.4937682                 0         4.1269266         -246.0741                 0         424.00428                 0                 0                 0                 0                 0                 0               250          15.01005	D2, 
         4.5028883        -1.4952731                 0         4.1295195         -246.0741                 0         424.00428                 0                 0                 0                 0                 0                 0               250          15.02005	D2, 
         4.5058863        -1.4967779                 0         4.1321124         -246.0741                 0         424.00428                 0                 0                 0                 0                 0                 0               250          15.03005	D2, 
         4.5088842        -1.4982827                 0         4.1347053         -246.0741                 0         424.00428                 0                 0                 0                 0                 0                 0               250          15.04005	D2, 
         4.5118821        -1.4997875                 0         4.1372982         -246.0741                 0         424.00428                 0                 0                 0                 0                 0                 0               250          15.05005	D2, 
           4.51488        -1.5012923                 0         4.1398911         -246.0741                 0         424.00428                 0                 0                 0                 0                 0                 0               250          15.06005	D2, 
         4.5178779        -1.5027971                 0          4.142484         -246.0741                 0         424.00428                 0                 0                 0                 0                 0                 0               250          15.07005	D2, 
         4.5208759        -1.5043019                 0         4.1450769         -246.0741                 0         424.00428                 0                 0                 0                 0                 0                 0               250          15.08005	D2, 
         4.5238738        -1.5058067                 0         4.1476698         -246.0741                 0         424.00428                 0                 0                 0                 0                 0                 0               250          15.09005	D2, 
         4.5268717        -1.5073115                 0         4.1502626         -246.0741                 0         424.00428                 0                 0                 0                 0                 0                 0               250          15.10005	D2, 
         4.5298696        -1.5088163                 0         4.1528555         -246.0741                 0         424.00428                 0                 0                 0                 0                 0                 0               250          15.11005	D2, 
         4.5328675        -1.5103211                 0         4.1554484         -246.0741                 0         424.00428                 0                 0                 0                 0                 0                 0               250          15.12005	D2, 
         4.5358654        -1.5118259                 0         4.1580413         -246.0741                 0         424.00428                 0                 0                 0                 0                 0                 0               250          15.13005	D2, 
         4.5388634        -1.5133307                 0         4.1606342         -246.0741                 0         424.00428                 0                 0                 0                 0                 0                 0               250          15.14005	D2, 
         4.5418613        -1.5148355                 0         4.1632271         -246.0741                 0         424.00428                 0                 0                 0                 0                 0                 0               250          15.15005	D2, 
         4.5448592        -1.5163403                 0           4.16582         -246.0741                 0         424.00428                 0                 0                 0                 0                 0                 0               250          15.16005	D2, 
         4.5478571        -1.5178451                 0         4.1684129         -246.0741                 0         424.00428                 0                 0                 0                 0                 0                 0               250          15.17005	D2, 
          4.550855        -1.5193499                 0         4.1710058         -246.0741                 0         424.00428                 0                 0                 0                 0                 0                 0               250          15.18005	D2, 
          4.553853        -1.5208547                 0         4.1735987         -246.0741                 0         424.00428                 0                 0                 0                 0                 0                 0               250          15.19005	D2, 
         4.5568509        -1.5223595                 0         4.1761916         -246.0741                 0         424.00428                 0                 0                 0                 0                 0                 0               250          15.20005	D2, 
         4.5598488        -1.5238643                 0         4.1787844         -246.0741                 0         424.00428                 0                 0                 0                 0                 0                 0               250          15.21005	D2, 
         4.5628467        -1.5253691                 0         4.1813773         -246.0741                 0         424.00428                 0                 0                 0                 0                 0                 0               250          15.22005	D2, 
         4.5658446        -1.5268739                 0         4.1839702         -246.0741                 0         424.00428                 0                 0                 0                 0                 0                 0               250          15.23005	D2, 
         4.5688425        -1.5283787                 0         4.1865631         -246.0741                 0         424.00428                 0                 0                 0                 0                 0                 0               250          15.24005	D2, 
         4.5718405        -1.5298835                 0          4.189156         -246.0741                 0         424.00428                 0                 0                 0                 0                 0                 0               250          15.25005	D2, 
         4.5748384        -1.5313883                 0         4.1917489         -246.0741                 0         424.00428                 0                 0                 0                 0                 0                 0               250          15.26005	D2, 
         4.5778363        -1.5328931                 0         4.1943418         -246.0741                 0         424.00428                 0                 0                 0                 0                 0                 0               250          15.27005	D2, 
         4.5808342        -1.5343979                 0         4.1969347         -246.0741                 0         424.00428                 0                 0                 0                 0                 0                 0               250          15.28005	D2, 
         4.5838321        -1.5359028                 0         4.1995276         -246.0741                 0         424.00428                 0                 0                 0                 0                 0                 0               250          15.29005	D2, 
         4.5868301        -1.5374076                 0         4.2021205         -246.0741                 0         424.00428                 0                 0                 0                 0                 0                 0               250          15.30005	D2, 
          4.589828        -1.5389124                 0         4.2047133         -246.0741                 0         424.00428                 0                 0                 0                 0                 0                 0               250          15.31005	D2, 
         4.5928259        -1.5404172                 0         4.2073062         -246.0741                 0         424.00428                 0                 0                 0                 0                 0                 0               250          15.32005	D2, 
         4.5958238         -1.541922                 0         4.2098991         -246.0741                 0         424.00428                 0                 0                 0                 0                 0                 0               250          15.33005	D2, 
         4.5988217        -1.5434268                 0          4.212492         -246.0741                 0         424.00428                 0                 0                 0                 0                 0                 0               250          15.34005	D2, 
         4.6018196        -1.5449316                 0         4.2150849         -246.0741                 0         424.00428                 0                 0                 0                 0                 0                 0               250          15.35005	D2, 
         4.6048176        -1.5464364                 0         4.2176778         -246.0741                 0         424.00428                 0                 0                 0                 0                 0                 0               250          15.36005	D2, 
         4.6078155        -1.5479412                 0         4.2202707         -246.0741                 0         424.00428                 0                 0                 0                 0                 0                 0               250          15.37005	D2, 
         4.6108134         -1.549446                 0         4.2228636         -246.0741                 0         424.00428                 0                 0                 0                 0                 0                 0               250          15.38005	D2, 
         4.6138113        -1.5509508                 0         4.2254565         -246.0741                 0         424.00428                 0                 0                 0                 0                 0                 0               250          15.39005	D2, 
         4.6168092        -1.5524556                 0         4.2280494         -246.0741                 0         424.00428                 0                 0                 0                 0                 0                 0               250          15.40005	D2, 
         4.6198072        -1.5539604                 0         4.2306422         -246.0741                 0         424.00428                 0                 0                 0                 0                 0                 0               250          15.41005	D2, 
         4.6228051        -1.5554652                 0         4.2332351         -246.0741                 0         424.00428                 0                 0                 0                 0                 0                 0               250          15.42005	D2, 
          4.625803          -1.55697                 0          4.235828         -246.0741                 0         424.00428                 0                 0                 0                 0                 0                 0               250          15.43005	D2, 
         4.6288009        -1.5584748                 0         4.2384209         -246.0741                 0         424.00428                 0                 0                 0                 0                 0                 0               250          15.44005	D2, 
         4.6317988        -1.5599796                 0         4.2410138         -246.0741                 0         424.00428                 0                 0                 0                 0                 0                 0               250          15.45005	D2, 
         4.6347967        -1.5614844                 0         4.2436067         -246.0741                 0         424.00428                 0                 0                 0                 0                 0                 0               250          15.46005	D2, 
         4.6377947        -1.5629892                 0         4.2461996         -246.0741                 0         424.00428                 0                 0                 0                 0                 0                 0               250          15.47005	D2, 
         4.6407926         -1.564494                 0         4.2487925         -246.0741                 0         424.00428                 0                 0                 0                 0                 0                 0               250          15.48005	D2, 
         4.6437905        -1.5659988                 0         4.2513854         -246.0741                 0         424.00428                 0                 0                 0                 0                 0                 0               250          15.49005	D2, 
         4.6467884        -1.5675036                 0         4.2539783         -246.0741                 0         424.00428                 0                 0                 0                 0                 0                 0               250          15.50005	D2, 
         4.6497863        -1.5690084                 0         4.2565712         -246.0741                 0         424.00428                 0                 0                 0                 0                 0                 0               250          15.51005	D2, 
         4.6527843        -1.5705132                 0          4.259164         -246.0741                 0         424.00428                 0                 0                 0                 0                 0                 0               250          15.52005	D2, 
         4.6557822         -1.572018                 0         4.2617569         -246.0741                 0         424.00428                 0                 0                 0                 0                 0                 0               250          15.53005	D2, 
         4.6587801        -1.5735228                 0         4.2643498         -246.0741                 0         424.00428                 0                 0                 0                 0                 0                 0               250          15.54005	D2, 
          4.661778        -1.5750276                 0         4.2669427         -246.0741                 0         424.00428                 0                 0                 0                 0                 0                 0               250          15.55005	D2, 
         4.6647759        -1.5765324                 0         4.2695356         -246.0741                 0         424.00428                 0                 0                 0                 0                 0                 0               250          15.56005	D2, 
         4.6677738        -1.5780373                 0         4.2721285         -246.0741                 0         424.00428                 0                 0                 0                 0                 0                 0               250          15.57005	D2, 
         4.6707718        -1.5795421                 0         4.2747214         -246.0741                 0         424.00428                 0                 0                 0                 0                 0                 0               250          15.58005	D2, 
         4.6737697        -1.5810469                 0         4.2773143         -246.0741                 0         424.00428                 0                 0                 0                 0                 0                 0               250          15.59005	D2, 
         4.6767676        -1.5825517                 0         4.2799072         -246.0741                 0         424.00428                 0                 0                 0                 0                 0                 0               250          15.60005	D2, 
         4.6797655        -1.5840565                 0         4.2825001         -246.0741                 0         424.00428                 0                 0                 0                 0                 0                 0               250          15.61005	D2, 
         4.6827634        -1.5855613                 0         4.2850929         -246.0741                 0         424.00428                 0                 0                 0                 0                 0                 0               250          15.62005	D2, 
         4.6857614        -1.5870661                 0         4.2876858         -246.0741                 0         424.00428                 0                 0                 0                 0                 0                 0               250          15.63005	D2, 
         4.6887593        -1.5885709                 0         4.2902787         -246.0741                 0         424.00428                 0                 0                 0                 0                 0                 0               250          15.64005	D2, 
         4.6917572        -1.5900757                 0         4.2928716         -246.0741                 0         424.00428                 0                 0                 0                 0                 0                 0               250          15.65005	D2, 
         4.6947551        -1.5915805                 0         4.2954645         -246.0741                 0         424.00428                 0                 0                 0                 0                 0                 0               250          15.66005	D2, 
          4.697753        -1.5930853                 0         4.2980574         -246.0741                 0         424.00428                 0                 0                 0                 0                 0                 0               250          15.67005	D2, 
          4.700751        -1.5945901                 0         4.3006503         -246.0741                 0         424.00428                 0                 0                 0                 0                 0                 0               250          15.68005	D2, 
         4.7037489        -1.5960949                 0         4.3032432         -246.0741                 0         424.00428                 0                 0                 0                 0                 0                 0               250          15.69005	D2, 
         4.7067468        -1.5975997                 0         4.3058361         -246.0741                 0         424.00428                 0                 0                 0                 0                 0                 0               250          15.70005	D2, 
         4.7097447        -1.5991045                 0          4.308429         -246.0741                 0         424.00428                 0                 0                 0                 0                 0                 0               250          15.71005	D2, 
         4.7127426        -1.6006093                 0         4.3110218         -246.0741                 0         424.00428                 0                 0                 0                 0                 0                 0               250          15.72005	D2, 
         4.7157405        -1.6021141                 0         4.3136147         -246.0741                 0         424.00428                 0                 0                 0                 0                 0                 0               250          15.73005	D2, 
         4.7187385        -1.6036189                 0         4.3162076         -246.0741                 0         424.00428                 0                 0                 0                 0                 0                 0               250          15.74005	D2, 
         4.7217364        -1.6051237                 0         4.3188005         -246.0741                 0         424.00428                 0                 0                 0                 0                 0                 0               250          15.75005	D2, 
         4.7247343        -1.6066285                 0         4.3213934         -246.0741                 0         424.00428                 0                 0                 0                 0                 0                 0               250          15.76005	D2, 
         4.7277322        -1.6081333                 0         4.3239863         -246.0741                 0         424.00428                 0                 0                 0                 0                 0                 0               250          15.77005	D2, 
         4.7307301        -1.6096381                 0         4.3265792         -246.0741                 0         424.00428                 0                 0                 0                 0                 0                 0               250          15.78005	D2, 
         4.7337281        -1.6111429                 0         4.3291721         -246.0741                 0         424.00428                 0                 0                 0                 0                 0                 0               250          15.79005	D2, 
          4.736726        -1.6126477                 0          4.331765         -246.0741                 0         424.00428                 0                 0                 0                 0                 0                 0               250          15.80005	D2, 
         4.7397239        -1.6141525                 0         4.3343579         -246.0741                 0         424.00428                 0                 0                 0                 0                 0                 0               250          15.81005	D2, 
         4.7427218        -1.6156573                 0         4.3369508         -246.0741                 0         424.00428                 0                 0                 0                 0                 0                 0               250          15.82005	D2, 
         4.7457197        -1.6171621                 0         4.3395436         -246.0741                 0         424.00428                 0                 0                 0                 0                 0                 0               250          15.83005	D2, 
         4.7487176        -1.6186669                 0         4.3421365         -246.0741                 0         424.00428                 0                 0                 0                 0                 0                 0               250          15.84005	D2, 
         4.7517156        -1.6201718                 0         4.3447294         -246.0741                 0         424.00428                 0                 0                 0                 0                 0                 0               250          15.85005	D2, 
         4.7547135        -1.6216766                 0         4.3473223         -246.0741                 0         424.00428                 0                 0                 0                 0                 0                 0               250          15.86005	D2, 
         4.7577114        -1.6231814                 0         4.3499152         -246.0741                 0         424.00428                 0                 0                 0                 0                 0                 0               250          15.87005	D2, 
         4.7607093        -1.6246862                 0         4.3525081         -246.0741                 0         424.00428                 0                 0                 0                 0                 0                 0               250          15.88005	D2, 
         4.7637072         -1.626191                 0          4.355101         -246.0741                 0         424.00428                 0                 0                 0                 0                 0                 0               250          15.89005	D2, 
         4.7667052        -1.6276958                 0         4.3576939         -246.0741                 0         424.00428                 0                 0                 0                 0                 0                 0               250          15.90005	D2, 
         4.7697031        -1.6292006                 0         4.3602868         -246.0741                 0         424.00428                 0                 0                 0                 0                 0                 0               250          15.91005	D2, 
          4.772701        -1.6307054                 0         4.3628797         -246.0741                 0         424.00428                 0                 0                 0                 0                 0                 0               250          15.92005	D2, 
         4.7756989        -1.6322102                 0         4.3654725         -246.0741                 0         424.00428                 0                 0                 0                 0                 0                 0               250          15.93005	D2, 
         4.7786968         -1.633715                 0         4.3680654         -246.0741                 0         424.00428                 0                 0                 0                 0                 0                 0               250          15.94005	D2, 
         4.7816947        -1.6352198                 0         4.3706583         -246.0741                 0         424.00428                 0                 0                 0                 0                 0                 0               250          15.95005	D2, 
         4.7846927        -1.6367246                 0         4.3732512         -246.0741                 0         424.00428                 0                 0                 0                 0                 0                 0               250          15.96005	D2, 
         4.7876906        -1.6382294                 0         4.3758441         -246.0741                 0         424.00428                 0                 0                 0                 0                 0                 0               250          15.97005	D2, 
         4.7906885        -1.6397342                 0          4.378437         -246.0741                 0         424.00428                 0                 0                 0                 0                 0                 0               250          15.98005	D2, 
         4.7936864         -1.641239                 0         4.3810299         -246.0741                 0         424.00428                 0                 0                 0                 0                 0                 0               250          15.99005	D2, 
         4.7966843        -1.6427438                 0         4.3836228         -246.0741                 0         424.00428                 0                 0                 0                 0                 0                 0               250          16.00005	D2, 
         4.7996823        -1.6442486                 0         4.3862157         -246.0741                 0         424.00428                 0                 0                 0                 0                 0                 0               250          16.01005	D2, 
         4.8026802        -1.6457534                 0         4.3888086         -246.0741                 0         424.00428                 0                 0                 0                 0                 0                 0               250          16.02005	D2, 
         4.8056781        -1.6472582                 0         4.3914015         -246.0741                 0         424.00428                 0                 0                 0                 0                 0                 0               250          16.03005	D2, 
          4.808676         -1.648763                 0         4.3939943         -246.0741                 0         424.00428                 0                 0                 0                 0                 0                 0               250          16.04005	D2, 
         4.8116739        -1.6502678                 0         4.3965872         -246.0741                 0         424.00428                 0                 0                 0                 0                 0                 0               250          16.05005	D2, 
         4.8146718        -1.6517726                 0         4.3991801         -246.0741                 0         424.00428                 0                 0                 0                 0                 0                 0               250          16.06005	D2, 
         4.8176698        -1.6532774                 0          4.401773         -246.0741                 0         424.00428                 0                 0                 0                 0                 0                 0               250          16.07005	D2, 
         4.8206677        -1.6547822                 0         4.4043659         -246.0741                 0         424.00428                 0                 0                 0                 0                 0                 0               250          16.08005	D2, 
         4.8236656         -1.656287                 0         4.4069588         -246.0741                 0         424.00428                 0                 0                 0                 0                 0                 0               250          16.09005	D2, 
         4.8266635        -1.6577918                 0         4.4095517         -246.0741                 0         424.00428                 0                 0                 0                 0                 0                 0               250          16.10005	D2, 
         4.8296614        -1.6592966                 0         4.4121446         -246.0741                 0         424.00428                 0                 0                 0                 0                 0                 0               250          16.11005	D2, 
         4.8326594        -1.6608014                 0         4.4147375         -246.0741                 0         424.00428                 0                 0                 0                 0                 0                 0               250          16.12005	D2, 
         4.8356573        -1.6623063                 0         4.4173304         -246.0741                 0         424.00428                 0                 0                 0                 0                 0                 0               250          16.13005	D2, 
         4.8386552        -1.6638111                 0         4.4199232         -246.0741                 0         424.00428                 0                 0                 0                 0                 0                 0               250          16.14005	D2, 
         4.8416531        -1.6653159                 0         4.4225161         -246.0741                 0         424.00428                 0                 0                 0                 0                 0                 0               250          16.15005	D2, 
          4.844651        -1.6668207                 0          4.425109         -246.0741                 0         424.00428                 0                 0                 0                 0                 0                 0               250          16.16005	D2, 
          4.847649        -1.6683255                 0         4.4277019         -246.0741                 0         424.00428                 0                 0                 0                 0                 0                 0               250          16.17005	D2, 
         4.8506469        -1.6698303                 0         4.4302948         -246.0741                 0         424.00428                 0                 0                 0                 0                 0                 0               250          16.18005	D2, 
         4.8536448        -1.6713351                 0         4.4328877         -246.0741                 0         424.00428                 0                 0                 0                 0                 0                 0               250          16.19005	D2, 
         4.8566427        -1.6728399                 0         4.4354806         -246.0741                 0         424.00428                 0                 0                 0                 0                 0                 0               250          16.20005	D2, 
         4.8596406        -1.6743447                 0         4.4380735         -246.0741                 0         424.00428                 0                 0                 0                 0                 0                 0               250          16.21005	D2, 
         4.8626385        -1.6758495                 0         4.4406664         -246.0741                 0         424.00428                 0                 0                 0                 0                 0                 0               250          16.22005	D2, 
         4.8656365        -1.6773543                 0         4.4432593         -246.0741                 0         424.00428                 0                 0                 0                 0                 0                 0               250          16.23005	D2, 
         4.8686344        -1.6788591                 0         4.4458521         -246.0741                 0         424.00428                 0                 0                 0                 0                 0                 0               250          16.24005	D2, 
         4.8716323        -1.6803639                 0          4.448445         -246.0741                 0         424.00428                 0                 0                 0                 0                 0                 0               250          16.25005	D2, 
         4.8746302        -1.6818687                 0         4.4510379         -246.0741                 0         424.00428                 0                 0                 0                 0                 0                 0               250          16.26005	D2, 
         4.8776281        -1.6833735                 0         4.4536308         -246.0741                 0         424.00428                 0                 0                 0                 0                 0                 0               250          16.27005	D2, 
         4.8806261        -1.6848783                 0         4.4562237         -246.0741                 0         424.00428                 0                 0                 0                 0                 0                 0               250          16.28005	D2, 
          4.883624        -1.6863831                 0         4.4588166         -246.0741                 0         424.00428                 0                 0                 0                 0                 0                 0               250          16.29005	D2, 
         4.8866219        -1.6878879                 0         4.4614095         -246.0741                 0         424.00428                 0                 0                 0                 0                 0                 0               250          16.30005	D2, 
         4.8896198        -1.6893927                 0         4.4640024         -246.0741                 0         424.00428                 0                 0                 0                 0                 0                 0               250          16.31005	D2, 
         4.8926177        -1.6908975                 0         4.4665953         -246.0741                 0         424.00428                 0                 0                 0                 0                 0                 0               250          16.32005	D2, 
         4.8956156        -1.6924023                 0         4.4691882         -246.0741                 0         424.00428                 0                 0                 0                 0                 0                 0               250          16.33005	D2, 
         4.8986136        -1.6939071                 0         4.4717811         -246.0741                 0         424.00428                 0                 0                 0                 0                 0                 0               250          16.34005	D2, 
         4.9016115        -1.6954119                 0         4.4743739         -246.0741                 0         424.00428                 0                 0                 0                 0                 0                 0               250          16.35005	D2, 
         4.9046094        -1.6969167                 0         4.4769668         -246.0741                 0         424.00428                 0                 0                 0                 0                 0                 0               250          16.36005	D2, 
         4.9076073        -1.6984215                 0         4.4795597         -246.0741                 0         424.00428                 0                 0                 0                 0                 0                 0               250          16.37005	D2, 
         4.9106052        -1.6999263                 0         4.4821526         -246.0741                 0         424.00428                 0                 0                 0                 0                 0                 0               250          16.38005	D2, 
         4.9136032        -1.7014311                 0         4.4847455         -246.0741                 0         424.00428                 0                 0                 0                 0                 0                 0               250          16.39005	D2, 
         4.9166011         -1.702936                 0         4.4873384         -246.0741                 0         424.00428                 0                 0                 0                 0                 0                 0               250          16.40005	D2, 
          4.919599        -1.7044408                 0         4.4899313         -246.0741                 0         424.00428                 0                 0                 0                 0                 0                 0               250          16.41005	D2, 
         4.9225969        -1.7059456                 0         4.4925242         -246.0741                 0         424.00428                 0                 0                 0                 0                 0                 0               250          16.42005	D2, 
         4.9255948        -1.7074504                 0         4.4951171         -246.0741                 0         424.00428                 0                 0                 0                 0                 0                 0               250          16.43005	D2, 
         4.9285927        -1.7089552                 0           4.49771         -246.0741                 0         424.00428                 0                 0                 0                 0                 0                 0               250          16.44005	D2, 
         4.9315907          -1.71046                 0         4.5003028         -246.0741                 0         424.00428                 0                 0                 0                 0                 0                 0               250          16.45005	D2, 
         4.9345886        -1.7119648                 0         4.5028957         -246.0741                 0         424.00428                 0                 0                 0                 0                 0                 0               250          16.46005	D2, 
         4.9375865        -1.7134696                 0         4.5054886         -246.0741                 0         424.00428                 0                 0                 0                 0                 0                 0               250          16.47005	D2, 
         4.9405844        -1.7149744                 0         4.5080815         -246.0741                 0         424.00428                 0                 0                 0                 0                 0                 0               250          16.48005	D2, 
         4.9435823        -1.7164792                 0         4.5106744         -246.0741                 0         424.00428                 0                 0                 0                 0                 0                 0               250          16.49005	D2, 
         4.9465803         -1.717984                 0         4.5132673         -246.0741                 0         424.00428                 0                 0                 0                 0                 0                 0               250          16.50005	D2, 
         4.9495782        -1.7194888                 0         4.5158602         -246.0741                 0         424.00428                 0                 0                 0                 0                 0                 0               250          16.51005	D2, 
         4.9525761        -1.7209936                 0         4.5184531         -246.0741                 0         424.00428                 0                 0                 0                 0                 0                 0               250          16.52005	D2, 
          4.955574        -1.7224984                 0          4.521046         -246.0741                 0         424.00428                 0                 0                 0                 0                 0                 0               250          16.53005	D2, 
         4.9585719        -1.7240032                 0         4.5236389         -246.0741                 0         424.00428                 0                 0                 0                 0                 0                 0               250          16.54005	D2, 
         4.9615698         -1.725508                 0         4.5262318         -246.0741                 0         424.00428                 0                 0                 0                 0                 0                 0               250          16.55005	D2, 
         4.9645678        -1.7270128                 0         4.5288246         -246.0741                 0         424.00428                 0                 0                 0                 0                 0                 0               250          16.56005	D2, 
         4.9675657        -1.7285176                 0         4.5314175         -246.0741                 0         424.00428                 0                 0                 0                 0                 0                 0               250          16.57005	D2, 
         4.9705636        -1.7300224                 0         4.5340104         -246.0741                 0         424.00428                 0                 0                 0                 0                 0                 0               250          16.58005	D2, 
         4.9735615        -1.7315272                 0         4.5366033         -246.0741                 0         424.00428                 0                 0                 0                 0                 0                 0               250          16.59005	D2, 
         4.9765594         -1.733032                 0         4.5391962         -246.0741                 0         424.00428                 0                 0                 0                 0                 0                 0               250          16.60005	D2, 
         4.9795574        -1.7345368                 0         4.5417891         -246.0741                 0         424.00428                 0                 0                 0                 0                 0                 0               250          16.61005	D2, 
         4.9825553        -1.7360416                 0          4.544382         -246.0741                 0         424.00428                 0                 0                 0                 0                 0                 0               250          16.62005	D2, 
         4.9855532        -1.7375464                 0         4.5469749         -246.0741                 0         424.00428                 0                 0                 0                 0                 0                 0               250          16.63005	D2, 
         4.9885511        -1.7390512                 0         4.5495678         -246.0741                 0         424.00428                 0                 0                 0                 0                 0                 0               250          16.64005	D2, 
          4.991549         -1.740556                 0         4.5521607         -246.0741                 0         424.00428                 0                 0                 0                 0                 0                 0               250          16.65005	D2, 
         4.9945469        -1.7420608                 0         4.5547535         -246.0741                 0         424.00428                 0                 0                 0                 0                 0                 0               250          16.66005	D2, 
         4.9975449        -1.7435656                 0         4.5573464         -246.0741                 0         424.00428                 0                 0                 0                 0                 0                 0               250          16.67005	D2, 
         5.0005428        -1.7450705                 0         4.5599393         -246.0741                 0         424.00428                 0                 0                 0                 0                 0                 0               250          16.68005	D2, 
         5.0035407        -1.7465753                 0         4.5625322         -246.0741                 0         424.00428                 0                 0                 0                 0                 0                 0               250          16.69005	D2, 
         5.0065386        -1.7480801                 0         4.5651251         -246.0741                 0         424.00428                 0                 0                 0                 0                 0                 0               250          16.70005	D2, 
         5.0095365        -1.7495849                 0          4.567718         -246.0741                 0         424.00428                 0                 0                 0                 0                 0                 0               250          16.71005	D2, 
         5.0125345        -1.7510897                 0         4.5703109         -246.0741                 0         424.00428                 0                 0                 0                 0                 0                 0               250          16.72005	D2, 
         5.0155324        -1.7525945                 0         4.5729038         -246.0741                 0         424.00428                 0                 0                 0                 0                 0                 0               250          16.73005	D2, 
         5.0185303        -1.7540993                 0         4.5754967         -246.0741                 0         424.00428                 0                 0                 0                 0                 0                 0               250          16.74005	D2, 
         5.0215282        -1.7556041                 0         4.5780896         -246.0741                 0         424.00428                 0                 0                 0                 0                 0                 0               250          16.75005	D2, 
         5.0245261        -1.7571089                 0         4.5806824         -246.0741                 0         424.00428                 0                 0                 0                 0                 0                 0               250          16.76005	D2, 
         5.0275241        -1.7586137                 0         4.5832753         -246.0741                 0         424.00428                 0                 0                 0                 0                 0                 0               250          16.77005	D2, 
          5.030522        -1.7601185                 0         4.5858682         -246.0741                 0         424.00428                 0                 0                 0                 0                 0                 0               250          16.78005	D2, 
         5.0335199        -1.7616233                 0         4.5884611         -246.0741                 0         424.00428                 0                 0                 0                 0                 0                 0               250          16.79005	D2, 
         5.0365178        -1.7631281                 0          4.591054         -246.0741                 0         424.00428                 0                 0                 0                 0                 0                 0               250          16.80005	D2, 
         5.0395157        -1.7646329                 0         4.5936469         -246.0741                 0         424.00428                 0                 0                 0                 0                 0                 0               250          16.81005	D2, 
         5.0425136        -1.7661377                 0         4.5962398         -246.0741                 0         424.00428                 0                 0                 0                 0                 0                 0               250          16.82005	D2, 
         5.0455116        -1.7676425                 0         4.5988327         -246.0741                 0         424.00428                 0                 0                 0                 0                 0                 0               250          16.83005	D2, 
         5.0485095        -1.7691473                 0         4.6014256         -246.0741                 0         424.00428                 0                 0                 0                 0                 0                 0               250          16.84005	D2, 
         5.0515074        -1.7706521                 0         4.6040185         -246.0741                 0         424.00428                 0                 0                 0                 0                 0                 0               250          16.85005	D2, 
         5.0545053        -1.7721569                 0         4.6066114         -246.0741                 0         424.00428                 0                 0                 0                 0                 0                 0               250          16.86005	D2, 
         5.0575032        -1.7736617                 0         4.6092042         -246.0741                 0         424.00428                 0                 0                 0                 0                 0                 0               250          16.87005	D2, 
         5.0605012        -1.7751665                 0         4.6117971         -246.0741                 0         424.00428                 0                 0                 0                 0                 0                 0               250          16.88005	D2, 
         5.0634991        -1.7766713                 0           4.61439         -246.0741                 0         424.00428                 0                 0                 0                 0                 0                 0               250          16.89005	D2, 
          5.066497        -1.7781761                 0         4.6169829         -246.0741                 0         424.00428                 0                 0                 0                 0                 0                 0               250          16.90005	D2, 
         5.0694949        -1.7796809                 0         4.6195758         -246.0741                 0         424.00428                 0                 0                 0                 0                 0                 0               250          16.91005	D2, 
         5.0724928        -1.7811857                 0         4.6221687         -246.0741                 0         424.00428                 0                 0                 0                 0                 0                 0               250          16.92005	D2, 
         5.0754907        -1.7826905                 0         4.6247616         -246.0741                 0         424.00428                 0                 0                 0                 0                 0                 0               250          16.93005	D2, 
         5.0784887        -1.7841953                 0         4.6273545         -246.0741                 0         424.00428                 0                 0                 0                 0                 0                 0               250          16.94005	D2, 
         5.0814866        -1.7857001                 0         4.6299474         -246.0741                 0         424.00428                 0                 0                 0                 0                 0                 0               250          16.95005	D2, 
         5.0844845         -1.787205                 0         4.6325403         -246.0741                 0         424.00428                 0                 0                 0                 0                 0                 0               250          16.96005	D2, 
         5.0874824        -1.7887098                 0         4.6351331         -246.0741                 0         424.00428                 0                 0                 0                 0                 0                 0               250          16.97005	D2, 
         5.0904803        -1.7902146                 0          4.637726         -246.0741                 0         424.00428                 0                 0                 0                 0                 0                 0               250          16.98005	D2, 
         5.0934783        -1.7917194                 0         4.6403189         -246.0741                 0         424.00428                 0                 0                 0                 0                 0                 0               250          16.99005	D2, 
         5.0964762        -1.7932242                 0         4.6429118         -246.0741                 0         424.00428                 0                 0                 0                 0                 0                 0               250          17.00005	D2, 
         5.0994741         -1.794729                 0         4.6455047         -246.0741                 0         424.00428                 0                 0                 0                 0                 0                 0               250          17.01005	D2, 
          5.102472        -1.7962338                 0         4.6480976         -246.0741                 0         424.00428                 0                 0                 0                 0                 0                 0               250          17.02005	D2, 
         5.1054699        -1.7977386                 0         4.6506905         -246.0741                 0         424.00428                 0                 0                 0                 0                 0                 0               250          17.03005	D2, 
         5.1084678        -1.7992434                 0         4.6532834         -246.0741                 0         424.00428                 0                 0                 0                 0                 0                 0               250          17.04005	D2, 
         5.1114658        -1.8007482                 0         4.6558763         -246.0741                 0         424.00428                 0                 0                 0                 0                 0                 0               250          17.05005	D2, 
         5.1144637         -1.802253                 0         4.6584692         -246.0741                 0         424.00428                 0                 0                 0                 0                 0                 0               250          17.06005	D2, 
         5.1174616        -1.8037578                 0         4.6610621         -246.0741                 0         424.00428                 0                 0                 0                 0                 0                 0               250          17.07005	D2, 
         5.1204595        -1.8052626                 0         4.6636549         -246.0741                 0         424.00428                 0                 0                 0                 0                 0                 0               250          17.08005	D2, 
         5.1234574        -1.8067674                 0         4.6662478         -246.0741                 0         424.00428                 0                 0                 0                 0                 0                 0               250          17.09005	D2, 
         5.1264554        -1.8082722                 0         4.6688407         -246.0741                 0         424.00428                 0                 0                 0                 0                 0                 0               250          17.10005	D2, 
         5.1294533         -1.809777                 0         4.6714336         -246.0741                 0         424.00428                 0                 0                 0                 0                 0                 0               250          17.11005	D2, 
         5.1324512        -1.8112818                 0         4.6740265         -246.0741                 0         424.00428                 0                 0                 0                 0                 0                 0               250          17.12005	D2, 
         5.1354491        -1.8127866                 0         4.6766194         -246.0741                 0         424.00428                 0                 0                 0                 0                 0                 0               250          17.13005	D2, 
          5.138447        -1.8142914                 0         4.6792123         -246.0741                 0         424.00428                 0                 0                 0                 0                 0                 0               250          17.14005	D2, 
         5.1414449        -1.8157962                 0         4.6818052         -246.0741                 0         424.00428                 0                 0                 0                 0                 0                 0               250          17.15005	D2, 
         5.1444429         -1.817301                 0         4.6843981         -246.0741                 0         424.00428                 0                 0                 0                 0                 0                 0               250          17.16005	D2, 
         5.1474408        -1.8188058                 0          4.686991         -246.0741                 0         424.00428                 0                 0                 0                 0                 0                 0               250          17.17005	D2, 
         5.1504387        -1.8203106                 0         4.6895838         -246.0741                 0         424.00428                 0                 0                 0                 0                 0                 0               250          17.18005	D2, 
         5.1534366        -1.8218154                 0         4.6921767         -246.0741                 0         424.00428                 0                 0                 0                 0                 0                 0               250          17.19005	D2, 
         5.1564345        -1.8233202                 0         4.6947696         -246.0741                 0         424.00428                 0                 0                 0                 0                 0                 0               250          17.20005	D2, 
         5.1594325         -1.824825                 0         4.6973625         -246.0741                 0         424.00428                 0                 0                 0                 0                 0                 0               250          17.21005	D2, 
         5.1624304        -1.8263298                 0         4.6999554         -246.0741                 0         424.00428                 0                 0                 0                 0                 0                 0               250          17.22005	D2, 
         5.1654283        -1.8278346                 0         4.7025483         -246.0741                 0         424.00428                 0                 0                 0                 0                 0                 0               250          17.23005	D2, 
         5.1684262        -1.8293395                 0         4.7051412         -246.0741                 0         424.00428                 0                 0                 0                 0                 0                 0               250          17.24005	D2, 
         5.1714241        -1.8308443                 0         4.7077341         -246.0741                 0         424.00428                 0                 0                 0                 0                 0                 0               250          17.25005	D2, 
          5.174422        -1.8323491                 0          4.710327         -246.0741                 0         424.00428                 0                 0                 0                 0                 0                 0               250          17.26005	D2, 
           5.17742        -1.8338539                 0         4.7129199         -246.0741                 0         424.00428                 0                 0                 0                 0                 0                 0               250          17.27005	D2, 
         5.1804179        -1.8353587                 0         4.7155127         -246.0741                 0         424.00428                 0                 0                 0                 0                 0                 0               250          17.28005	D2, 
         5.1834158        -1.8368635                 0         4.7181056         -246.0741                 0         424.00428                 0                 0                 0                 0                 0                 0               250          17.29005	D2, 
         5.1864137        -1.8383683                 0         4.7206985         -246.0741                 0         424.00428                 0                 0                 0                 0                 0                 0               250          17.30005	D2, 
         5.1894116        -1.8398731                 0         4.7232914         -246.0741                 0         424.00428                 0                 0                 0                 0                 0                 0               250          17.31005	D2, 
         5.1924096        -1.8413779                 0         4.7258843         -246.0741                 0         424.00428                 0                 0                 0                 0                 0                 0               250          17.32005	D2, 
         5.1954075        -1.8428827                 0         4.7284772         -246.0741                 0         424.00428                 0                 0                 0                 0                 0                 0               250          17.33005	D2, 
         5.1984054        -1.8443875                 0         4.7310701         -246.0741                 0         424.00428                 0                 0                 0                 0                 0                 0               250          17.34005	D2, 
         5.2014033        -1.8458923                 0          4.733663         -246.0741                 0         424.00428                 0                 0                 0                 0                 0                 0               250          17.35005	D2, 
         5.2044012        -1.8473971                 0         4.7362559         -246.0741                 0         424.00428                 0                 0                 0                 0                 0                 0               250          17.36005	D2, 
         5.2073992        -1.8489019                 0         4.7388488         -246.0741                 0         424.00428                 0                 0                 0                 0                 0                 0               250          17.37005	D2, 
         5.2103971        -1.8504067                 0         4.7414417         -246.0741                 0         424.00428                 0                 0                 0                 0                 0                 0               250          17.38005	D2, 
          5.213395        -1.8519115                 0         4.7440345         -246.0741                 0         424.00428                 0                 0                 0                 0                 0                 0               250          17.39005	D2, 
         5.2163929        -1.8534163                 0         4.7466274         -246.0741                 0         424.00428                 0                 0                 0                 0                 0                 0               250          17.40005	D2, 
         5.2193908        -1.8549211                 0         4.7492203         -246.0741                 0         424.00428                 0                 0                 0                 0                 0                 0               250          17.41005	D2, 
         5.2223887        -1.8564259                 0         4.7518132         -246.0741                 0         424.00428                 0                 0                 0                 0                 0                 0               250          17.42005	D2, 
         5.2253867        -1.8579307                 0         4.7544061         -246.0741                 0         424.00428                 0                 0                 0                 0                 0                 0               250          17.43005	D2, 
         5.2283846        -1.8594355                 0          4.756999         -246.0741                 0         424.00428                 0                 0                 0                 0                 0                 0               250          17.44005	D2, 
         5.2313825        -1.8609403                 0         4.7595919         -246.0741                 0         424.00428                 0                 0                 0                 0                 0                 0               250          17.45005	D2, 
         5.2343804        -1.8624451                 0         4.7621848         -246.0741                 0         424.00428                 0                 0                 0                 0                 0                 0               250          17.46005	D2, 
         5.2373783        -1.8639499                 0         4.7647777         -246.0741                 0         424.00428                 0                 0                 0                 0                 0                 0               250          17.47005	D2, 
         5.2403763        -1.8654547                 0         4.7673706         -246.0741                 0         424.00428                 0                 0                 0                 0                 0                 0               250          17.48005	D2, 
         5.2433742        -1.8669595                 0         4.7699634         -246.0741                 0         424.00428                 0                 0                 0                 0                 0                 0               250          17.49005	D2, 
         5.2463721        -1.8684643                 0         4.7725563         -246.0741                 0         424.00428                 0                 0                 0                 0                 0                 0               250          17.50005	B2, 
           5.24937        -1.8699692                 0         4.7751492         -246.0741                 0         424.00428                 0                 0                 0                 0                 0                 0               250          17.51005	B2, 
         5.2523679         -1.871474                 0         4.7777421         -246.0741                 0         424.00428                 0                 0                 0                 0                 0                 0               250          17.52005	B2, 
         5.2553658        -1.8729788                 0          4.780335         -246.0741                 0         424.00428                 0                 0                 0                 0                 0                 0               250          17.53005	B2, 
         5.2583638        -1.8744836                 0         4.7829279         -246.0741                 0         424.00428                 0                 0                 0                 0                 0                 0               250          17.54005	B2, 
         5.2613617        -1.8759884                 0         4.7855208         -246.0741                 0         424.00428                 0                 0                 0                 0                 0                 0               250          17.55005	B2, 
         5.2643596        -1.8774932                 0         4.7881137         -246.0741                 0         424.00428                 0                 0                 0                 0                 0                 0               250          17.56005	B2, 
         5.2673575         -1.878998                 0         4.7907066         -246.0741                 0         424.00428                 0                 0                 0                 0                 0                 0               250          17.57005	B2, 
         5.2703554        -1.8805028                 0         4.7932995         -246.0741                 0         424.00428                 0                 0                 0                 0                 0                 0               250          17.58005	B2, 
         5.2733534        -1.8820076                 0         4.7958924         -246.0741                 0         424.00428                 0                 0                 0                 0                 0                 0               250          17.59005	B2, 
         5.2763513        -1.8835124                 0         4.7984852         -246.0741                 0         424.00428                 0                 0                 0                 0                 0                 0               250          17.60005	B2, 
         5.2793492        -1.8850172                 0         4.8010781         -246.0741                 0         424.00428                 0                 0                 0                 0                 0                 0               250          17.61005	B2, 
         5.2823471         -1.886522                 0          4.803671         -246.0741                 0         424.00428                 0                 0                 0                 0                 0                 0               250          17.62005	B2, 
          5.285345        -1.8880268                 0         4.8062639         -246.0741                 0         424.00428                 0                 0                 0                 0                 0                 0               250          17.63005	B2, 
         5.2883429        -1.8895316                 0         4.8088568         -246.0741                 0         424.00428                 0                 0                 0                 0                 0                 0               250          17.64005	B2, 
         5.2913409        -1.8910364                 0         4.8114497         -246.0741                 0         424.00428                 0                 0                 0                 0                 0                 0               250          17.65005	B2, 
         5.2943388        -1.8925412                 0         4.8140426         -246.0741                 0         424.00428                 0                 0                 0                 0                 0                 0               250          17.66005	B2, 
         5.2973367         -1.894046                 0         4.8166355         -246.0741                 0         424.00428                 0                 0                 0                 0                 0                 0               250          17.67005	B2, 
         5.3003346        -1.8955508                 0         4.8192284         -246.0741                 0         424.00428                 0                 0                 0                 0                 0                 0               250          17.68005	B2, 
         5.3033325        -1.8970556                 0         4.8218213         -246.0741                 0         424.00428                 0                 0                 0                 0                 0                 0               250          17.69005	B2, 
         5.3063305        -1.8985604                 0         4.8244141         -246.0741                 0         424.00428                 0                 0                 0                 0                 0                 0               250          17.70005	B2, 
         5.3093284        -1.9000652                 0          4.827007         -246.0741                 0         424.00428                 0                 0                 0                 0                 0                 0               250          17.71005	B2, 
         5.3123263          -1.90157                 0         4.8295999         -246.0741                 0         424.00428                 0                 0                 0                 0                 0                 0               250          17.72005	B2, 
         5.3153242        -1.9030748                 0         4.8321928         -246.0741                 0         424.00428                 0                 0                 0                 0                 0                 0               250          17.73005	B2, 
         5.3183221        -1.9045796                 0         4.8347857         -246.0741                 0         424.00428                 0                 0                 0                 0                 0                 0               250          17.74005	B2, 
           5.32132        -1.9060844                 0         4.8373786         -246.0741                 0         424.00428                 0                 0                 0                 0                 0                 0               250          17.75005	B2, 
          5.324318        -1.9075892                 0         4.8399715         -246.0741                 0         424.00428                 0                 0                 0                 0                 0                 0               250          17.76005	B2, 
         5.3273159         -1.909094                 0         4.8425644         -246.0741                 0         424.00428                 0                 0                 0                 0                 0                 0               250          17.77005	B2, 
         5.3303138        -1.9105988                 0         4.8451573         -246.0741                 0         424.00428                 0                 0                 0                 0                 0                 0               250          17.78005	B2, 
         5.3333117        -1.9121037                 0         4.8477502         -246.0741                 0         424.00428                 0                 0                 0                 0                 0                 0               250          17.79005	B2, 
         5.3363096        -1.9136085                 0          4.850343         -246.0741                 0         424.00428                 0                 0                 0                 0                 0                 0               250          17.80005	B2, 
         5.3393076        -1.9151133                 0         4.8529359         -246.0741                 0         424.00428                 0                 0                 0                 0                 0                 0               250          17.81005	B2, 
         5.3423055        -1.9166181                 0         4.8555288         -246.0741                 0         424.00428                 0                 0                 0                 0                 0                 0               250          17.82005	B2, 
         5.3453034        -1.9181229                 0         4.8581217         -246.0741                 0         424.00428                 0                 0                 0                 0                 0                 0               250          17.83005	B2, 
         5.3483013        -1.9196277                 0         4.8607146         -246.0741                 0         424.00428                 0                 0                 0                 0                 0                 0               250          17.84005	B2, 
         5.3512992        -1.9211325                 0         4.8633075         -246.0741                 0         424.00428                 0                 0                 0                 0                 0                 0               250          17.85005	B2, 
         5.3542972        -1.9226373                 0         4.8659004         -246.0741                 0         424.00428                 0                 0                 0                 0                 0                 0               250          17.86005	B2, 
         5.3572951        -1.9241421                 0         4.8684933         -246.0741                 0         424.00428                 0                 0                 0                 0                 0                 0               250          17.87005	B2, 
          5.360293        -1.9256469                 0         4.8710862         -246.0741                 0         424.00428                 0                 0                 0                 0                 0                 0               250          17.88005	B2, 
         5.3632909        -1.9271517                 0         4.8736791         -246.0741                 0         424.00428                 0                 0                 0                 0                 0                 0               250          17.89005	B2, 
         5.3662888        -1.9286565                 0          4.876272         -246.0741                 0         424.00428                 0                 0                 0                 0                 0                 0               250          17.90005	B2, 
         5.3692867        -1.9301613                 0         4.8788648         -246.0741                 0         424.00428                 0                 0                 0                 0                 0                 0               250          17.91005	B2, 
         5.3722847        -1.9316661                 0         4.8814577         -246.0741                 0         424.00428                 0                 0                 0                 0                 0                 0               250          17.92005	B2, 
         5.3752826        -1.9331709                 0         4.8840506         -246.0741                 0         424.00428                 0                 0                 0                 0                 0                 0               250          17.93005	B2, 
         5.3782805        -1.9346757                 0         4.8866435         -246.0741                 0         424.00428                 0                 0                 0                 0                 0                 0               250          17.94005	B2, 
         5.3812784        -1.9361805                 0         4.8892364         -246.0741                 0         424.00428                 0                 0                 0                 0                 0                 0               250          17.95005	B2, 
         5.3842763        -1.9376853                 0         4.8918293         -246.0741                 0         424.00428                 0                 0                 0                 0                 0                 0               250          17.96005	B2, 
         5.3872743        -1.9391901                 0         4.8944222         -246.0741                 0         424.00428                 0                 0                 0                 0                 0                 0               250          17.97005	B2, 
         5.3902722        -1.9406949                 0         4.8970151         -246.0741                 0         424.00428                 0                 0                 0                 0                 0                 0               250          17.98005	B2, 
         5.3932701        -1.9421997                 0          4.899608         -246.0741                 0         424.00428                 0                 0                 0                 0                 0                 0               250          17.99005	B2, 
          5.396268        -1.9437045                 0         4.9022009         -246.0741                 0         424.00428                 0                 0                 0                 0                 0                 0               250          18.00005	B2, 
         5.3992659        -1.9452093                 0         4.9047937         -246.0741                 0         424.00428                 0                 0                 0                 0                 0                 0               250          18.01005	B2, 
         5.4022638        -1.9467141                 0         4.9073866         -246.0741                 0         424.00428                 0                 0                 0                 0                 0                 0               250          18.02005	B2, 
         5.4052618        -1.9482189                 0         4.9099795         -246.0741                 0         424.00428                 0                 0                 0                 0                 0                 0               250          18.03005	B2, 
         5.4082597        -1.9497237                 0         4.9125724         -246.0741                 0         424.00428                 0                 0                 0                 0                 0                 0               250          18.04005	B2, 
         5.4112576        -1.9512285                 0         4.9151653         -246.0741                 0         424.00428                 0                 0                 0                 0                 0                 0               250          18.05005	B2, 
         5.4142555        -1.9527333                 0         4.9177582         -246.0741                 0         424.00428                 0                 0                 0                 0                 0                 0               250          18.06005	B2, 
         5.4172534        -1.9542382                 0         4.9203511         -246.0741                 0         424.00428                 0                 0                 0                 0                 0                 0               250          18.07005	B2, 
         5.4202514         -1.955743                 0          4.922944         -246.0741                 0         424.00428                 0                 0                 0                 0                 0                 0               250          18.08005	B2, 
         5.4232493        -1.9572478                 0         4.9255369         -246.0741                 0         424.00428                 0                 0                 0                 0                 0                 0               250          18.09005	B2, 
         5.4262472        -1.9587526                 0         4.9281298         -246.0741                 0         424.00428                 0                 0                 0                 0                 0                 0               250          18.10005	B2, 
         5.4292451        -1.9602574                 0         4.9307226         -246.0741                 0         424.00428                 0                 0                 0                 0                 0                 0               250          18.11005	B2, 
          5.432243        -1.9617622                 0         4.9333155         -246.0741                 0         424.00428                 0                 0                 0                 0                 0                 0               250          18.12005	B2, 
         5.4352409         -1.963267                 0         4.9359084         -246.0741                 0         424.00428                 0                 0                 0                 0                 0                 0               250          18.13005	B2, 
         5.4382389        -1.9647718                 0         4.9385013         -246.0741                 0         424.00428                 0                 0                 0                 0                 0                 0               250          18.14005	B2, 
         5.4412368        -1.9662766                 0         4.9410942         -246.0741                 0         424.00428                 0                 0                 0                 0                 0                 0               250          18.15005	B2, 
         5.4442347        -1.9677814                 0         4.9436871         -246.0741                 0         424.00428                 0                 0                 0                 0                 0                 0               250          18.16005	B2, 
         5.4472326        -1.9692862                 0           4.94628         -246.0741                 0         424.00428                 0                 0                 0                 0                 0                 0               250          18.17005	B2, 
         5.4502305         -1.970791                 0         4.9488729         -246.0741                 0         424.00428                 0                 0                 0                 0                 0                 0               250          18.18005	B2, 
         5.4532285        -1.9722958                 0         4.9514658         -246.0741                 0         424.00428                 0                 0                 0                 0                 0                 0               250          18.19005	B2, 
         5.4562264        -1.9738006                 0         4.9540587         -246.0741                 0         424.00428                 0                 0                 0                 0                 0                 0               250          18.20005	B2, 
         5.4592243        -1.9753054                 0         4.9566516         -246.0741                 0         424.00428                 0                 0                 0                 0                 0                 0               250          18.21005	B2, 
         5.4622222        -1.9768102                 0         4.9592444         -246.0741                 0         424.00428                 0                 0                 0                 0                 0                 0               250          18.22005	B2, 
         5.4652201         -1.978315                 0         4.9618373         -246.0741                 0         424.00428                 0                 0                 0                 0                 0                 0               250          18.23005	B2, 
          5.468218        -1.9798198                 0         4.9644302         -246.0741                 0         424.00428                 0                 0                 0                 0                 0                 0               250          18.24005	B2, 
          5.471216        -1.9813246                 0         4.9670231         -246.0741                 0         424.00428                 0                 0                 0                 0                 0                 0               250          18.25005	B2, 
         5.4742139        -1.9828294                 0          4.969616         -246.0741                 0         424.00428                 0                 0                 0                 0                 0                 0               250          18.26005	B2, 
         5.4772118        -1.9843342                 0         4.9722089         -246.0741                 0         424.00428                 0                 0                 0                 0                 0                 0               250          18.27005	B2, 
         5.4802097         -1.985839                 0         4.9748018         -246.0741                 0         424.00428                 0                 0                 0                 0                 0                 0               250          18.28005	B2, 
         5.4832076        -1.9873438                 0         4.9773947         -246.0741                 0         424.00428                 0                 0                 0                 0                 0                 0               250          18.29005	B2, 
         5.4862056        -1.9888486                 0         4.9799876         -246.0741                 0         424.00428                 0                 0                 0                 0                 0                 0               250          18.30005	B2, 
         5.4892035        -1.9903534                 0         4.9825805         -246.0741                 0         424.00428                 0                 0                 0                 0                 0                 0               250          18.31005	B2, 
         5.4922014        -1.9918582                 0         4.9851733         -246.0741                 0         424.00428                 0                 0                 0                 0                 0                 0               250          18.32005	B2, 
         5.4951993         -1.993363                 0         4.9877662         -246.0741                 0         424.00428                 0                 0                 0                 0                 0                 0               250          18.33005	B2, 
         5.4981972        -1.9948678                 0         4.9903591         -246.0741                 0         424.00428                 0                 0                 0                 0                 0                 0               250          18.34005	B2, 
         5.5011951        -1.9963727                 0          4.992952         -246.0741                 0         424.00428                 0                 0                 0                 0                 0                 0               250          18.35005	B2, 
         5.5041931        -1.9978775                 0         4.9955449         -246.0741                 0         424.00428                 0                 0                 0                 0                 0                 0               250          18.36005	B2, 
          5.507191        -1.9993823                 0         4.9981378         -246.0741                 0         424.00428                 0                 0                 0                 0                 0                 0               250          18.37005	B2, 
         5.5101889        -2.0008871                 0         5.0007307         -246.0741                 0         424.00428                 0                 0                 0                 0                 0                 0               250          18.38005	B2, 
         5.5131868        -2.0023919                 0         5.0033236         -246.0741                 0         424.00428                 0                 0                 0                 0                 0                 0               250          18.39005	B2, 
         5.5161847        -2.0038967                 0         5.0059165         -246.0741                 0         424.00428                 0                 0                 0                 0                 0                 0               250          18.40005	B2, 
         5.5191827        -2.0054015                 0         5.0085094         -246.0741                 0         424.00428                 0                 0                 0                 0                 0                 0               250          18.41005	B2, 
         5.5221806        -2.0069063                 0         5.0111023         -246.0741                 0         424.00428                 0                 0                 0                 0                 0                 0               250          18.42005	B2, 
         5.5251785        -2.0084111                 0         5.0136951         -246.0741                 0         424.00428                 0                 0                 0                 0    -3.4911063e-35                 0               250          18.43005	B2, 
         5.5281764        -2.0099159                 0          5.016288         -246.0741                 0         424.00428                 0                 0                 0                 0    -2.1262982e-34                 0               250          18.44005	B2, 
         5.5311743        -2.0114207                 0         5.0188809         -246.0741                 0         424.00428                 0                 0                 0                 0    -1.2496714e-33                 0               250          18.45005	B2, 
         5.5341723        -2.0129255                 0         5.0214738         -246.0741                 0         424.00428                 0                 0                 0                 0    -7.0910987e-33                 0               250          18.46005	B2, 
         5.5371702        -2.0144303                 0         5.0240667         -246.0741                 0         424.00428                 0                 0                 0                 0     -3.886963e-32                 0               250          18.47005	B2, 
         5.5401681        -2.0159351                 0         5.0266596         -246.0741                 0         424.00428                 0                 0                 0                 0    -2.0592883e-31                 0               250          18.48005	B2, 
          5.543166        -2.0174399                 0         5.0292525         -246.0741                 0         424.00428                 0                 0                 0                 0    -1.0550233e-30                 0               250          18.49005	B2, 
         5.5461639        -2.0189447                 0         5.0318454         -246.0741                 0         424.00428                 0                 0                 0                 0    -5.2296307e-30                 0               250          18.50005	B2, 
         5.5491618        -2.0204495                 0         5.0344383         -246.0741                 0         424.00428                 0                 0                 0                 0     -2.509387e-29                 0               250          18.51005	B2, 
         5.5521598        -2.0219543                 0         5.0370312         -246.0741                 0         424.00428                 0                 0                 0                 0    -1.1662002e-28                 0               250          18.52005	B2, 
         5.5551577        -2.0234591                 0          5.039624         -246.0741                 0         424.00428                 0                 0                 0                 0    -5.2517769e-28                 0               250          18.53005	B2, 
         5.5581556        -2.0249639                 0         5.0422169         -246.0741                 0         424.00428                 0                 0                 0                 0    -2.2928923e-27                 0               250          18.54005	B2, 
         5.5611535        -2.0264687                 0         5.0448098         -246.0741                 0         424.00428                 0                 0                 0                 0    -9.7100058e-27                 0               250          18.55005	B2, 
         5.5641514        -2.0279735                 0         5.0474027         -246.0741                 0         424.00428                 0                 0                 0                 0    -3.9904848e-26                 0               250          18.56005	B2, 
         5.5671494        -2.0294783                 0         5.0499956         -246.0741                 0         424.00428                 0                 0                 0                 0     -1.592252e-25                 0               250          18.57005	B2, 
         5.5701473        -2.0309831                 0         5.0525885         -246.0741                 0         424.00428                 0                 0                 0                 0    -6.1714216e-25                 0               250          18.58005	B2, 
         5.5731452        -2.0324879                 0         5.0551814         -246.0741                 0         424.00428                 0                 0                 0                 0    -2.3246148e-24                 0               250          18.59005	B2, 
         5.5761431        -2.0339927                 0         5.0577743         -246.0741                 0         424.00428                 0                 0                 0                 0    -8.5135751e-24                 0               250          18.60005	B2, 
          5.579141        -2.0354975                 0         5.0603672         -246.0741                 0         424.00428                 0                 0                 0                 0     -3.032974e-23                 0               250          18.61005	B2, 
         5.5821389        -2.0370024                 0         5.0629601         -246.0741                 0         424.00428                 0                 0                 0                 0    -1.0515247e-22                 0               250          18.62005	B2, 
         5.5851369        -2.0385072                 0         5.0655529         -246.0741                 0         424.00428                 0                 0                 0                 0    -3.5494454e-22                 0               250          18.63005	B2, 
         5.5881348         -2.040012                 0         5.0681458         -246.0741                 0         424.00428                 0                 0                 0                 0    -1.1670398e-21                 0               250          18.64005	B2, 
         5.5911327        -2.0415168                 0         5.0707387         -246.0741                 0         424.00428                 0                 0                 0                 0    -3.7392688e-21                 0               250          18.65005	B2, 
         5.5941306        -2.0430216                 0         5.0733316         -246.0741                 0         424.00428                 0                 0                 0                 0    -1.1680276e-20                 0               250          18.66005	B2, 
         5.5971285        -2.0445264                 0         5.0759245         -246.0741                 0         424.00428                 0                 0                 0                 0    -3.5585442e-20                 0               250          18.67005	B2, 
         5.6001265        -2.0460312                 0         5.0785174         -246.0741                 0         424.00428                 0                 0                 0                 0    -1.0578635e-19                 0               250          18.68005	B2, 
         5.6031244         -2.047536                 0         5.0811103         -246.0741                 0         424.00428                 0                 0                 0                 0    -3.0697855e-19                 0               250          18.69005	B2, 
         5.6061223        -2.0490408                 0         5.0837032         -246.0741                 0         424.00428                 0                 0                 0                 0    -8.6993839e-19                 0               250          18.70005	B2, 
         5.6091202        -2.0505456                 0         5.0862961         -246.0741                 0         424.00428                 0                 0                 0                 0     -2.408518e-18                 0               250          18.71005	B2, 
         5.6121181        -2.0520504                 0          5.088889         -246.0741                 0         424.00428                 0                 0                 0                 0    -6.5173184e-18                 0               250          18.72005	B2, 
          5.615116        -2.0535552                 0         5.0914819         -246.0741                 0         424.00428                 0                 0                 0                 0    -1.7243297e-17                 0               250          18.73005	B2, 
          5.618114          -2.05506                 0         5.0940747         -246.0741                 0         424.00428                 0                 0                 0                 0    -4.4624826e-17                 0               250          18.74005	B2, 
         5.6211119        -2.0565648                 0         5.0966676         -246.0741                 0         424.00428                 0                 0                 0                 0    -1.1300773e-16                 0               250          18.75005	B2, 
         5.6241098        -2.0580696                 0         5.0992605         -246.0741                 0         424.00428                 0                 0                 0                 0    -2.8014546e-16                 0               250          18.76005	B2, 
         5.6271077        -2.0595744                 0         5.1018534         -246.0741                 0         424.00428                 0                 0                 0                 0    -6.8009451e-16                 0               250          18.77005	B2, 
         5.6301056        -2.0610792                 0         5.1044463         -246.0741                 0         424.00428                 0                 0                 0                 0    -1.6174451e-15                 0               250          18.78005	B2, 
         5.6331036         -2.062584                 0         5.1070392         -246.0741                 0         424.00428                 0                 0                 0                 0     -3.769874e-15                 0               250          18.79005	B2, 
         5.6361015        -2.0640888                 0         5.1096321         -246.0741                 0         424.00428                 0                 0                 0                 0    -8.6143286e-15                 0               250          18.80005	B2, 
         5.6390994        -2.0655936                 0          5.112225         -246.0741                 0         424.00428                 0                 0                 0                 0    -1.9305086e-14                 0               250          18.81005	B2, 
         5.6420973        -2.0670984                 0         5.1148179         -246.0741                 0         424.00428                 0                 0                 0                 0    -4.2445744e-14                 0               250          18.82005	B2, 
         5.6450952        -2.0686032                 0         5.1174108         -246.0741                 0         424.00428                 0                 0                 0                 0    -9.1593167e-14                 0               250          18.83005	B2, 
         5.6480931         -2.070108                 0         5.1200036         -246.0741                 0         424.00428                 0                 0                 0                 0    -1.9404881e-13                 0               250          18.84005	B2, 
         5.6510911        -2.0716128                 0         5.1225965         -246.0741                 0         424.00428                 0                 0                 0                 0    -4.0376477e-13                 0               250          18.85005	B2, 
          5.654089        -2.0731176                 0         5.1251894         -246.0741                 0         424.00428                 0                 0                 0                 0    -8.2539908e-13                 0               250          18.86005	B2, 
         5.6570869        -2.0746224                 0         5.1277823         -246.0741                 0         424.00428                 0                 0                 0                 0    -1.6583047e-12                 0               250          18.87005	B2, 
         5.6600848        -2.0761272                 0         5.1303752         -246.0741                 0         424.00428                 0                 0                 0                 0     -3.275475e-12                 0               250          18.88005	B2, 
         5.6630827         -2.077632                 0         5.1329681         -246.0741                 0         424.00428                 0                 0                 0                 0    -6.3626309e-12                 0               250          18.89005	B2, 
         5.6660807        -2.0791369                 0          5.135561         -246.0741                 0         424.00428                 0                 0                 0                 0    -1.2158854e-11                 0               250          18.90005	B2, 
         5.6690786        -2.0806417                 0         5.1381539         -246.0741                 0         424.00428                 0                 0                 0                 0    -2.2865528e-11                 0               250          18.91005	B2, 
         5.6720765        -2.0821465                 0         5.1407468         -246.0741                 0         424.00428                 0                 0                 0                 0     -4.232917e-11                 0               250          18.92005	B2, 
         5.6750744        -2.0836513                 0         5.1433397         -246.0741                 0         424.00428                 0                 0                 0                 0    -7.7162033e-11                 0               250          18.93005	B2, 
         5.6780723        -2.0851561                 0         5.1459326         -246.0741                 0         424.00428                 0                 0                 0                 0    -1.3855002e-10                 0               250          18.94005	B2, 
         5.6810702        -2.0866609                 0         5.1485254         -246.0741                 0         424.00428                 0                 0                 0                 0    -2.4512091e-10                 0               250          18.95005	B2, 
         5.6840682        -2.0881657                 0         5.1511183         -246.0741                 0         424.00428                 0                 0                 0                 0    -4.2742014e-10                 0               250          18.96005	B2, 
         5.6870661        -2.0896705                 0         5.1537112         -246.0741                 0         424.00428                 0                 0                 0                 0    -7.3478225e-10                 0               250          18.97005	B2, 
          5.690064        -2.0911753                 0         5.1563041         -246.0741                 0         424.00428                 0                 0                 0                 0    -1.2457125e-09                 0               250          18.98005	B2, 
         5.6930619        -2.0926801                 0          5.158897         -246.0741                 0         424.00428                 0                 0                 0                 0    -2.0833258e-09                 0               250          18.99005	B2, 
         5.6960598        -2.0941849                 0         5.1614899         -246.0741                 0         424.00428                 0                 0                 0                 0    -3.4379508e-09                 0               250          19.00005	B2, 
         5.6990578        -2.0956897                 0         5.1640828         -246.0741                 0         424.00428                 0                 0                 0                 0    -5.5997212e-09                 0               250          19.01005	B2, 
         5.7020557        -2.0971945                 0         5.1666757         -246.0741                 0         424.00428                 0                 0                 0                 0    -9.0048585e-09                 0               250          19.02005	B2, 
         5.7050536        -2.0986993                 0         5.1692686         -246.0741                 0         424.00428                 0                 0                 0                 0    -1.4300422e-08                 0               250          19.03005	B2, 
         5.7080515        -2.1002041                 0         5.1718615         -246.0741                 0         424.00428                 0                 0                 0                 0    -2.2433568e-08                 0               250          19.04005	B2, 
         5.7110494        -2.1017089                 0         5.1744543         -246.0741                 0         424.00428                 0                 0                 0                 0    -3.4772803e-08                 0               250          19.05005	B2, 
         5.7140474        -2.1032137                 0         5.1770472         -246.0741                 0         424.00428                 0                 0                 0                 0    -5.3270354e-08                 0               250          19.06005	B2, 
         5.7170453        -2.1047185                 0         5.1796401         -246.0741                 0         424.00428                 0                 0                 0                 0    -8.0676493e-08                 0               250          19.07005	B2, 
         5.7200432        -2.1062233                 0          5.182233         -246.0741                 0         424.00428                 0                 0                 0                 0    -1.2081847e-07                 0               250          19.08005	B2, 
         5.7230411        -2.1077281                 0         5.1848259         -246.0741                 0         424.00428                 0                 0                 0                 0    -1.7895846e-07                 0               250          19.09005	B2, 
          5.726039        -2.1092329                 0         5.1874188         -246.0741                 0         424.00428                 0                 0                 0                 0    -2.6224657e-07                 0               250          19.10005	B2, 
         5.7290369        -2.1107377                 0         5.1900117         -246.0741                 0         424.00428                 0                 0                 0                 0    -3.8028618e-07                 0               250          19.11005	B2, 
         5.7320349        -2.1122425                 0         5.1926046        -246.07411                 0         424.00428                 0                 0                 0                 0    -5.4582982e-07                 0               250          19.12005	B2, 
         5.7350328        -2.1137473                 0         5.1951975        -246.07411                 0         424.00428                 0                 0                 0                 0      -7.75624e-07                 0               250          19.13005	B2, 
         5.7380307        -2.1152521                 0         5.1977904        -246.07411                 0         424.00428                 0                 0                 0                 0    -1.0914206e-06                 0               250          19.14005	B2, 
         5.7410286        -2.1167569                 0         5.2003832        -246.07411                 0         424.00428                 0                 0                 0                 0    -1.5211713e-06                 0               250          19.15005	B2, 
         5.7440265        -2.1182617                 0         5.2029761        -246.07411                 0         424.00428                 0                 0                 0                 0    -2.1004179e-06                 0               250          19.16005	B2, 
         5.7470245        -2.1197665                 0          5.205569        -246.07412                 0         424.00428                 0                 0                 0                 0    -2.8738883e-06                 0               250          19.17005	B2, 
         5.7500224        -2.1212714                 0         5.2081619        -246.07412                 0         424.00427                 0                 0                 0                 0    -3.8973025e-06                 0               250          19.18005	B2, 
         5.7530203        -2.1227762                 0         5.2107548        -246.07413                 0         424.00427                 0                 0                 0                 0    -5.2393857e-06                 0               250          19.19005	B2, 
         5.7560182         -2.124281                 0         5.2133477        -246.07414                 0         424.00426                 0                 0                 0                 0    -6.9840773e-06                 0               250          19.20005	B2, 
         5.7590161        -2.1257858                 0         5.2159406        -246.07415                 0         424.00426                 0                 0                 0                 0    -9.2329192e-06                 0               250          19.21005	B2, 
          5.762014        -2.1272906                 0         5.2185335        -246.07417                 0         424.00425                 0                 0                 0                 0    -1.2107592e-05                 0               250          19.22005	B2, 
          5.765012        -2.1287954                 0         5.2211264        -246.07419                 0         424.00423                 0                 0                 0                 0    -1.5752562e-05                 0               250          19.23005	B2, 
         5.7680099        -2.1303002                 0         5.2237193        -246.07421                 0         424.00422                 0                 0                 0                 0    -2.0337789e-05                 0               250          19.24005	B2, 
         5.7710078         -2.131805                 0         5.2263122        -246.07425                 0          424.0042                 0                 0                 0                 0    -2.6061437e-05                 0               250          19.25005	B2, 
         5.7740057        -2.1333098                 0          5.228905        -246.07429                 0         424.00417                 0                 0                 0                 0    -3.3152525e-05                 0               250          19.26005	B2, 
         5.7770036        -2.1348146                 0         5.2314979        -246.07435                 0         424.00414                 0                 0                 0                 0    -4.1873431e-05                 0               250          19.27005	B2, 
         5.7800016        -2.1363194                 0         5.2340908        -246.07442                 0          424.0041                 0                 0                 0                 0    -5.2522188e-05                 0               250          19.28005	B2, 
         5.7829995        -2.1378242                 0         5.2366837        -246.07451                 0         424.00405                 0                 0                 0                 0    -6.5434472e-05                 0               250          19.29005	B2, 
         5.7859974         -2.139329                 0         5.2392766        -246.07462                 0         424.00398                 0                 0                 0                 0    -8.0985209e-05                 0               250          19.30005	B2, 
         5.7889953        -2.1408338                 0         5.2418695        -246.07476                 0          424.0039                 0                 0                 0                 0    -9.9589721e-05                 0               250          19.31005	B2, 
         5.7919932        -2.1423386                 0         5.2444624        -246.07493                 0         424.00381                 0                 0                 0                 0    -0.00012170432                 0               250          19.32005	B2, 
         5.7949911        -2.1438434                 0         5.2470553        -246.07513                 0         424.00369                 0                 0                 0                 0    -0.00014782633                 0               250          19.33005	B2, 
         5.7979891        -2.1453482                 0         5.2496481        -246.07538                 0         424.00354                 0                 0                 0                 0    -0.00017849339                 0               250          19.34005	B2, 
          5.800987        -2.1468531                 0          5.252241        -246.07568                 0         424.00337                 0                 0                 0                 0    -0.00021428209                 0               250          19.35005	B2, 
         5.8039849        -2.1483579                 0         5.2548339        -246.07603                 0         424.00316                 0                 0                 0                 0    -0.00025580591                 0               250          19.36005	B2, 
         5.8069828        -2.1498627                 0         5.2574268        -246.07646                 0         424.00292                 0                 0                 0                 0    -0.00030371236                 0               250          19.37005	B2, 
         5.8099807        -2.1513675                 0         5.2600197        -246.07696                 0         424.00263                 0                 0                 0                 0    -0.00035867942                 0               250          19.38005	B2, 
         5.8129787        -2.1528723                 0         5.2626126        -246.07755                 0         424.00228                 0                 0                 0                 0    -0.00042141129                 0               250          19.39005	B2, 
         5.8159766        -2.1543772                 0         5.2652054        -246.07824                 0         424.00188                 0                 0                 0                 0    -0.00049263349                 0               250          19.40005	B2, 
         5.8189745         -2.155882                 0         5.2677983        -246.07905                 0         424.00141                 0                 0                 0                 0     -0.0005730874                 0               250          19.41005	B2, 
         5.8219724        -2.1573868                 0         5.2703912        -246.07999                 0         424.00087                 0                 0                 0                 0    -0.00066352424                 0               250          19.42005	B2, 
         5.8249703        -2.1588917                 0          5.272984        -246.08108                 0         424.00024                 0                 0                 0                 0    -0.00076469875                 0               250          19.43005	B2, 
         5.8279682        -2.1603965                 0         5.2755769        -246.08232                 0         423.99951                 0                 0                 0                 0    -0.00087736245                 0               250          19.44005	B2, 
         5.8309662        -2.1619014                 0         5.2781698        -246.08375                 0         423.99868                 0                 0                 0                 0     -0.0010022569                 0               250          19.45005	B2, 
         5.8339641        -2.1634062                 0         5.2807626        -246.08538                 0         423.99774                 0                 0                 0                 0     -0.0011401067                 0               250          19.46005	B2, 
          5.836962        -2.1649111                 0         5.2833555        -246.08722                 0         423.99667                 0                 0                 0                 0     -0.0012916128                 0               250          19.47005	B2, 
         5.8399599         -2.166416                 0         5.2859483        -246.08931                 0         423.99546                 0                 0                 0                 0     -0.0014574458                 0               250          19.48005	B2, 
         5.8429578        -2.1679209                 0         5.2885411        -246.09166                 0         423.99409                 0                 0                 0                 0     -0.0016382397                 0               250          19.49005	B2, 
         5.8459558        -2.1694258                 0          5.291134         -246.0943                 0         423.99256                 0                 0                 0                 0     -0.0018345861                 0               250          19.50005	B2, 
         5.8489537        -2.1709308                 0         5.2937268        -246.09725                 0         423.99085                 0                 0                 0                 0     -0.0020470288                 0               250          19.51005	B2, 
         5.8519516        -2.1724357                 0         5.2963196        -246.10053                 0         423.98894                 0                 0                 0                 0     -0.0022760591                 0               250          19.52005	B2, 
         5.8549495        -2.1739407                 0         5.2989124        -246.10418                 0         423.98683                 0                 0                 0                 0      -0.002522112                 0               250          19.53005	B2, 
         5.8579474        -2.1754457                 0         5.3015052        -246.10821                 0         423.98449                 0                 0                 0                 0     -0.0027855626                 0               250          19.54005	B2, 
         5.8609454        -2.1769507                 0         5.3040979        -246.11266                 0         423.98191                 0                 0                 0                 0     -0.0030667239                 0               250          19.55005	B2, 
         5.8639433        -2.1784558                 0         5.3066907        -246.11754                 0         423.97907                 0                 0                 0                 0     -0.0033658453                 0               250          19.56005	B2, 
         5.8669412        -2.1799609                 0         5.3092834         -246.1229                 0         423.97596                 0                 0                 0                 0     -0.0036831115                 0               250          19.57005	B2, 
         5.8699391         -2.181466                 0         5.3118761        -246.12875                 0         423.97256                 0                 0                 0                 0     -0.0040186426                 0               250          19.58005	B2, 
          5.872937        -2.1829711                 0         5.3144688        -246.13513                 0         423.96886                 0                 0                 0                 0     -0.0043724951                 0               250          19.59005	B2, 
         5.8759349        -2.1844763                 0         5.3170614        -246.14206                 0         423.96484                 0                 0                 0                 0      -0.004744663                 0               250          19.60005	B2, 
         5.8789329        -2.1859816                 0         5.3196541        -246.14957                 0         423.96048                 0                 0                 0                 0     -0.0051350807                 0               250          19.61005	B2, 
         5.8819308        -2.1874869                 0         5.3222467        -246.15768                 0         423.95577                 0                 0                 0                 0     -0.0055436253                 0               250          19.62005	B2, 
         5.8849287        -2.1889922                 0         5.3248393        -246.16643                 0         423.95068                 0                 0                 0                 0     -0.0059701204                 0               250          19.63005	B2, 
         5.8879266        -2.1904976                 0         5.3274318        -246.17585                 0         423.94522                 0                 0                 0                 0     -0.0064143397                 0               250          19.64005	B2, 
         5.8909245        -2.1920031                 0         5.3300243        -246.18595                 0         423.93935                 0                 0                 0                 0     -0.0068760118                 0               250          19.65005	B2, 
         5.8939225        -2.1935086                 0         5.3326168        -246.19677                 0         423.93307                 0                 0                 0                 0     -0.0073548246                 0               250          19.66005	B2, 
         5.8969204        -2.1950142                 0         5.3352092        -246.20832                 0         423.92636                 0                 0                 0                 0       -0.00785043                 0               250          19.67005	B2, 
         5.8999183        -2.1965198                 0         5.3378016        -246.22065                 0          423.9192                 0                 0                 0                 0     -0.0083624496                 0               250          19.68005	B2, 
         5.9029162        -2.1980256                 0          5.340394        -246.23376                 0         423.91159                 0                 0                 0                 0     -0.0088904792                 0               250          19.69005	B2, 
         5.9059141        -2.1995314                 0         5.3429863        -246.24769                 0         423.90349                 0                 0                 0                 0     -0.0094340944                 0               250          19.70005	B2, 
          5.908912        -2.2010373                 0         5.3455785        -246.26245                 0         423.89492                 0                 0                 0                 0     -0.0099928555                 0               250          19.71005	B2, 
           5.91191        -2.2025433                 0         5.3481707        -246.27808                 0         423.88584                 0                 0                 0                 0      -0.010566313                 0               250          19.72005	B2, 
         5.9149079        -2.2040494                 0         5.3507628        -246.29459                 0         423.87625                 0                 0                 0                 0       -0.01115401                 0               250          19.73005	B2, 
         5.9179058        -2.2055556                 0         5.3533549          -246.312                 0         423.86613                 0                 0                 0                 0      -0.011755493                 0               250          19.74005	B2, 
         5.9209037        -2.2070619                 0         5.3559469        -246.33034                 0         423.85547                 0                 0                 0                 0      -0.012370307                 0               250          19.75005	B2, 
         5.9239016        -2.2085684                 0         5.3585389        -246.34962                 0         423.84426                 0                 0                 0                 0      -0.012998009                 0               250          19.76005	B2, 
         5.9268996        -2.2100749                 0         5.3611308        -246.36987                 0          423.8325                 0                 0                 0                 0      -0.013638164                 0               250          19.77005	B2, 
         5.9298975        -2.2115816                 0         5.3637226        -246.39109                 0         423.82016                 0                 0                 0                 0      -0.014290355                 0               250          19.78005	B2, 
         5.9328954        -2.2130884                 0         5.3663143        -246.41332                 0         423.80723                 0                 0                 0                 0      -0.014954178                 0               250          19.79005	B2, 
         5.9358933        -2.2145954                 0         5.3689059        -246.43657                 0         423.79372                 0                 0                 0                 0      -0.015629255                 0               250          19.80005	B2, 
         5.9388912        -2.2161024                 0         5.3714975        -246.46084                 0          423.7796                 0                 0                 0                 0      -0.016315228                 0               250          19.81005	B2, 
         5.9418891        -2.2176097                 0          5.374089        -246.48617                 0         423.76487                 0                 0                 0                 0      -0.017011762                 0               250          19.82005	B2, 
         5.9448871        -2.2191171                 0         5.3766803        -246.51256                 0         423.74952                 0                 0                 0                 0      -0.017718553                 0               250          19.83005	B2, 
          5.947885        -2.2206247                 0         5.3792716        -246.54004                 0         423.73353                 0                 0                 0                 0      -0.018435322                 0               250          19.84005	B2, 
         5.9508829        -2.2221324                 0         5.3818628        -246.56861                 0         423.71691                 0                 0                 0                 0      -0.019161818                 0               250          19.85005	B2, 
         5.9538808        -2.2236403                 0         5.3844539        -246.59829                 0         423.69963                 0                 0                 0                 0      -0.019897821                 0               250          19.86005	B2, 
         5.9568787        -2.2251484                 0         5.3870449         -246.6291                 0          423.6817                 0                 0                 0                 0       -0.02064314                 0               250          19.87005	B2, 
         5.9598767        -2.2266567                 0         5.3896357        -246.66104                 0         423.66311                 0                 0                 0                 0      -0.021397616                 0               250          19.88005	B2, 
         5.9628746        -2.2281652                 0         5.3922265        -246.69414                 0         423.64384                 0                 0                 0                 0      -0.022161118                 0               250          19.89005	B2, 
         5.9658725        -2.2296739                 0         5.3948171         -246.7284                 0         423.62388                 0                 0                 0                 0      -0.022933545                 0               250          19.90005	B2, 
         5.9688704        -2.2311828                 0         5.3974076        -246.76384                 0         423.60324                 0                 0                 0                 0      -0.023714826                 0               250          19.91005	B2, 
         5.9718683         -2.232692                 0          5.399998        -246.80047                 0          423.5819                 0                 0                 0                 0      -0.024504917                 0               250          19.92005	B2, 
         5.9748662        -2.2342013                 0         5.4025882        -246.83831                 0         423.55985                 0                 0                 0                 0      -0.025303803                 0               250          19.93005	B2, 
         5.9778642        -2.2357109                 0         5.4051783        -246.87737                 0         423.53708                 0                 0                 0                 0      -0.026111495                 0               250          19.94005	B2, 
         5.9808621        -2.2372208                 0         5.4077683        -246.91766                 0          423.5136                 0                 0                 0                 0       -0.02692803                 0               250          19.95005	B2, 
           5.98386        -2.2387309                 0         5.4103581        -246.95919                 0         423.48938                 0                 0                 0                 0      -0.027753469                 0               250          19.96005	B2, 
         5.9868579        -2.2402412                 0         5.4129477        -247.00198                 0         423.46442                 0                 0                 0                 0      -0.028587897                 0               250          19.97005	B2, 
         5.9898558        -2.2417518                 0         5.4155372        -247.04605                 0         423.43872                 0                 0                 0                 0      -0.029431419                 0               250          19.98005	B2, 
         5.9928538        -2.2432627                 0         5.4181266         -247.0914                 0         423.41225                 0                 0                 0                 0      -0.030284162                 0               250          19.99005	B2, 
         5.9958517        -2.2447739                 0         5.4207158        -247.13805                 0         423.38503                 0                 0                 0                 0      -0.031146272                 0               250          20.00005	B2, 
         5.9988496        -2.2462853                 0         5.4233048        -247.18601                 0         423.35703                 0                 0                 0                 0      -0.032017909                 0               250          20.01005	B2, 
         6.0018475        -2.2477971                 0         5.4258936         -247.2353                 0         423.32824                 0                 0                 0                 0      -0.032899254                 0               250          20.02005	B2, 
         6.0048454        -2.2493091                 0         5.4284823        -247.28593                 0         423.29867                 0                 0                 0                 0        -0.0337905                 0               250          20.03005	B2, 
         6.0078433        -2.2508215                 0         5.4310708        -247.33793                 0         423.26829                 0                 0                 0                 0      -0.034691851                 0               250          20.04005	B2, 
         6.0108413        -2.2523342                 0         5.4336591        -247.39129                 0          423.2371                 0                 0                 0                 0      -0.035603525                 0               250          20.05005	B2, 
         6.0138392        -2.2538472                 0         5.4362472        -247.44604                 0          423.2051                 0                 0                 0                 0       -0.03652575                 0               250          20.06005	B2, 
         6.0168371        -2.2553606                 0         5.4388351         -247.5022                 0         423.17226                 0                 0                 0                 0      -0.037458761                 0               250          20.07005	B2, 
          6.019835        -2.2568743                 0         5.4414228        -247.55977                 0         423.13858                 0                 0                 0                 0      -0.038402801                 0               250          20.08005	B2, 
         6.0228329        -2.2583884                 0         5.4440103        -247.61879                 0         423.10405                 0                 0                 0                 0      -0.039358118                 0               250          20.09005	B2, 
         6.0258309        -2.2599028                 0         5.4465976        -247.67925                 0         423.06865                 0                 0                 0                 0      -0.040324965                 0               250          20.10005	B2, 
         6.0288288        -2.2614176                 0         5.4491846        -247.74119                 0         423.03239                 0                 0                 0                 0      -0.041303597                 0               250          20.11005	B2, 
         6.0318267        -2.2629328                 0         5.4517714        -247.80462                 0         422.99523                 0                 0                 0                 0      -0.042294273                 0               250          20.12005	B2, 
         6.0348246        -2.2644484                 0          5.454358        -247.86955                 0         422.95719                 0                 0                 0                 0       -0.04329725                 0               250          20.13005	B2, 
         6.0378225        -2.2659644                 0         5.4569444        -247.93601                 0         422.91823                 0                 0                 0                 0      -0.044312786                 0               250          20.14005	B2, 
         6.0408205        -2.2674808                 0         5.4595305        -248.00401                 0         422.87836                 0                 0                 0                 0      -0.045341136                 0               250          20.15005	B2, 
         6.0438184        -2.2689976                 0         5.4621164        -248.07358                 0         422.83755                 0                 0                 0                 0      -0.046382555                 0               250          20.16005	B2, 
         6.0468163        -2.2705149                 0          5.464702        -248.14473                 0          422.7958                 0                 0                 0                 0      -0.047437291                 0               250          20.17005	B2, 
         6.0498142        -2.2720326                 0         5.4672874        -248.21748                 0         422.75309                 0                 0                 0                 0      -0.048505591                 0               250          20.18005	B2, 
         6.0528121        -2.2735507                 0         5.4698725        -248.29186                 0         422.70942                 0                 0                 0                 0      -0.049587695                 0               250          20.19005	B2, 
           6.05581        -2.2750693                 0         5.4724574        -248.36788                 0         422.66475                 0                 0                 0                 0      -0.050683837                 0               250          20.20005	B2, 
          6.058808        -2.2765884                 0         5.4750419        -248.44556                 0          422.6191                 0                 0                 0                 0      -0.051794244                 0               250          20.21005	B2, 
         6.0618059        -2.2781079                 0         5.4776262        -248.52493                 0         422.57243                 0                 0                 0                 0      -0.052919138                 0               250          20.22005	B2, 
         6.0648038         -2.279628                 0         5.4802102        -248.60601                 0         422.52473                 0                 0                 0                 0      -0.054058732                 0               250          20.23005	B2, 
         6.0678017        -2.2811485                 0         5.4827939        -248.68881                 0           422.476                 0                 0                 0                 0      -0.055213231                 0               250          20.24005	B2, 
         6.0707996        -2.2826696                 0         5.4853773        -248.77337                 0         422.42621                 0                 0                 0                 0      -0.056382834                 0               250          20.25005	B2, 
         6.0737976        -2.2841911                 0         5.4879603         -248.8597                 0         422.37536                 0                 0                 0                 0      -0.057567729                 0               250          20.26005	B2, 
         6.0767955        -2.2857132                 0         5.4905431        -248.94783                 0         422.32342                 0                 0                 0                 0      -0.058768097                 0               250          20.27005	B2, 
         6.0797934        -2.2872359                 0         5.4931256        -249.03778                 0         422.27039                 0                 0                 0                 0      -0.059984112                 0               250          20.28005	B2, 
         6.0827913        -2.2887591                 0         5.4957077        -249.12957                 0         422.21624                 0                 0                 0                 0      -0.061215939                 0               250          20.29005	B2, 
         6.0857892        -2.2902829                 0         5.4982895        -249.22323                 0         422.16096                 0                 0                 0                 0      -0.062463734                 0               250          20.30005	B2, 
         6.0887871        -2.2918072                 0         5.5008709        -249.31877                 0         422.10454                 0                 0                 0                 0      -0.063727649                 0               250          20.31005	B2, 
         6.0917851        -2.2933322                 0          5.503452        -249.41623                 0         422.04697                 0                 0                 0                 0      -0.065007826                 0               250          20.32005	B2, 
          6.094783        -2.2948577                 0         5.5060328        -249.51563                 0         421.98821                 0                 0                 0                 0      -0.066304404                 0               250          20.33005	B2, 
         6.0977809        -2.2963839                 0         5.5086131        -249.61698                 0         421.92826                 0                 0                 0                 0      -0.067617516                 0               250          20.34005	B2, 
         6.1007788        -2.2979107                 0         5.5111931        -249.72033                 0         421.86711                 0                 0                 0                 0      -0.068947289                 0               250          20.35005	B2, 
         6.1037767        -2.2994381                 0         5.5137728        -249.82568                 0         421.80473                 0                 0                 0                 0      -0.070293849                 0               250          20.36005	B2, 
         6.1067747        -2.3009662                 0          5.516352        -249.93307                 0          421.7411                 0                 0                 0                 0       -0.07165732                 0               250          20.37005	B2, 
         6.1097726        -2.3024949                 0         5.5189309        -250.04251                 0         421.67623                 0                 0                 0                 0      -0.073037826                 0               250          20.38005	B2, 
         6.1127705        -2.3040243                 0         5.5215093        -250.15404                 0         421.61007                 0                 0                 0                 0      -0.074435489                 0               250          20.39005	B2, 
         6.1157684        -2.3055544                 0         5.5240873        -250.26768                 0         421.54262                 0                 0                 0                 0      -0.075850438                 0               250          20.40005	B2, 
         6.1187663        -2.3070852                 0          5.526665        -250.38346                 0         421.47387                 0                 0                 0                 0      -0.077282803                 0               250          20.41005	B2, 
         6.1217642        -2.3086168                 0         5.5292422        -250.50139                 0         421.40379                 0                 0                 0                 0      -0.078732723                 0               250          20.42005	B2, 
         6.1247622         -2.310149                 0         5.5318189        -250.62151                 0         421.33236                 0                 0                 0                 0      -0.080200345                 0               250          20.43005	B2, 
         6.1277601         -2.311682                 0         5.5343953        -250.74384                 0         421.25957                 0                 0                 0                 0      -0.081685826                 0               250          20.44005	B2, 
          6.130758        -2.3132157                 0         5.5369711        -250.86841                 0          421.1854                 0                 0                 0                 0      -0.083189338                 0               250          20.45005	B2, 
         6.1337559        -2.3147503                 0         5.5395466        -250.99524                 0         421.10983                 0                 0                 0                 0      -0.084711065                 0               250          20.46005	B2, 
         6.1367538        -2.3162856                 0         5.5421215        -251.12436                 0         421.03284                 0                 0                 0                 0      -0.086251215                 0               250          20.47005	B2, 
         6.1397518        -2.3178216                 0          5.544696        -251.25579                 0         420.95442                 0                 0                 0                 0      -0.087810012                 0               250          20.48005	B2, 
         6.1427497        -2.3193585                 0           5.54727        -251.38957                 0         420.87454                 0                 0                 0                 0      -0.089387708                 0               250          20.49005	B2, 
         6.1457476        -2.3208963                 0         5.5498435        -251.52572                 0         420.79319                 0                 0                 0                 0      -0.090984581                 0               250          20.50005	B2, 
         6.1487455        -2.3224348                 0         5.5524165        -251.66427                 0         420.71034                 0                 0                 0                 0      -0.092600938                 0               250          20.51005	B2, 
         6.1517434        -2.3239743                 0          5.554989        -251.80525                 0         420.62598                 0                 0                 0                 0      -0.094237123                 0               250          20.52005	B2, 
         6.1547413        -2.3255146                 0         5.5575609        -251.94868                 0         420.54008                 0                 0                 0                 0      -0.095893514                 0               250          20.53005	B2, 
         6.1577393        -2.3270557                 0         5.5601324        -252.09459                 0         420.45263                 0                 0                 0                 0      -0.097570532                 0               250          20.54005	B2, 
         6.1607372        -2.3285978                 0         5.5627033        -252.24302                 0          420.3636                 0                 0                 0                 0      -0.099268643                 0               250          20.55005	B2, 
         6.1637351        -2.3301408                 0         5.5652736          -252.394                 0         420.27297                 0                 0                 0                 0       -0.10098836                 0               250          20.56005	B2, 
          6.166733        -2.3316847                 0         5.5678434        -252.54755                 0         420.18071                 0                 0                 0                 0       -0.10273025                 0               250          20.57005	B2, 
         6.1697309        -2.3332296                 0         5.5704126        -252.70371                 0         420.08681                 0                 0                 0                 0       -0.10449492                 0               250          20.58005	B2, 
         6.1727289        -2.3347754                 0         5.5729813        -252.86251                 0         419.99125                 0                 0                 0                 0       -0.10628308                 0               250          20.59005	B2, 
         6.1757268        -2.3363222                 0         5.5755493        -253.02399                 0         419.89398                 0                 0                 0                 0       -0.10809545                 0               250          20.60005	B2, 
         6.1787247        -2.3378701                 0         5.5781168        -253.18818                 0           419.795                 0                 0                 0                 0       -0.10993286                 0               250          20.61005	B2, 
         6.1817226        -2.3394189                 0         5.5806836        -253.35511                 0         419.69427                 0                 0                 0                 0       -0.11179618                 0               250          20.62005	B2, 
         6.1847205        -2.3409687                 0         5.5832498        -253.52483                 0         419.59177                 0                 0                 0                 0       -0.11368639                 0               250          20.63005	B2, 
         6.1877184        -2.3425196                 0         5.5858154        -253.69738                 0         419.48747                 0                 0                 0                 0       -0.11560453                 0               250          20.64005	B2, 
         6.1907164        -2.3440716                 0         5.5883804        -253.87278                 0         419.38134                 0                 0                 0                 0       -0.11755173                 0               250          20.65005	B2, 
         6.1937143        -2.3456246                 0         5.5909446         -254.0511                 0         419.27334                 0                 0                 0                 0        -0.1195292                 0               250          20.66005	B2, 
         6.1967122        -2.3471788                 0         5.5935083        -254.23237                 0         419.16345                 0                 0                 0                 0       -0.12153826                 0               250          20.67005	B2, 
         6.1997101         -2.348734                 0         5.5960712        -254.41663                 0         419.05164                 0                 0                 0                 0       -0.12358032                 0               250          20.68005	B2, 
          6.202708        -2.3502904                 0         5.5986335        -254.60394                 0         418.93786                 0                 0                 0                 0       -0.12565688                 0               250          20.69005	B2, 
          6.205706         -2.351848                 0          5.601195        -254.79434                 0         418.82208                 0                 0                 0                 0       -0.12776957                 0               250          20.70005	B2, 
         6.2087039        -2.3534067                 0         5.6037559         -254.9879                 0         418.70427                 0                 0                 0                 0       -0.12992011                 0               250          20.71005	B2, 
         6.2117018        -2.3549666                 0          5.606316        -255.18466                 0         418.58438                 0                 0                 0                 0       -0.13211033                 0               250          20.72005	B2, 
         6.2146997        -2.3565278                 0         5.6088753        -255.38468                 0         418.46238                 0                 0                 0                 0       -0.13434219                 0               250          20.73005	B2, 
         6.2176976        -2.3580901                 0          5.611434        -255.58802                 0         418.33821                 0                 0                 0                 0       -0.13661775                 0               250          20.74005	B2, 
         6.2206956        -2.3596538                 0         5.6139918        -255.79476                 0         418.21184                 0                 0                 0                 0       -0.13893921                 0               250          20.75005	B2, 
         6.2236935        -2.3612186                 0         5.6165489        -256.00494                 0          418.0832                 0                 0                 0                 0       -0.14130888                 0               250          20.76005	B2, 
         6.2266914        -2.3627848                 0         5.6191052        -256.21866                 0         417.95227                 0                 0                 0                 0        -0.1437292                 0               250          20.77005	B2, 
         6.2296893        -2.3643524                 0         5.6216606        -256.43597                 0         417.81897                 0                 0                 0                 0       -0.14620272                 0               250          20.78005	B2, 
         6.2326872        -2.3659212                 0         5.6242153        -256.65696                 0         417.68325                 0                 0                 0                 0       -0.14873214                 0               250          20.79005	B2, 
         6.2356851        -2.3674914                 0         5.6267691        -256.88172                 0         417.54506                 0                 0                 0                 0       -0.15132026                 0               250          20.80005	B2, 
         6.2386831         -2.369063                 0          5.629322        -257.11032                 0         417.40434                 0                 0                 0                 0       -0.15397001                 0               250          20.81005	B2, 
          6.241681         -2.370636                 0         5.6318741        -257.34285                 0         417.26101                 0                 0                 0                 0       -0.15668445                 0               250          20.82005	B2, 
         6.2446789        -2.3722105                 0         5.6344253        -257.57942                 0         417.11502                 0                 0                 0                 0       -0.15946674                 0               250          20.83005	B2, 
         6.2476768        -2.3737864                 0         5.6369756        -257.82013                 0         416.96628                 0                 0                 0                 0       -0.16232678                 0               250          20.84005	B2, 
         6.2506747        -2.3753638                 0          5.639525        -258.06508                 0         416.81472                 0                 0                 0                 0       -0.16526286                 0               250          20.85005	B2, 
         6.2536727        -2.3769427                 0         5.6420735        -258.31439                 0         416.66026                 0                 0                 0                 0       -0.16827759                 0               250          20.86005	B2, 
         6.2566706        -2.3785231                 0          5.644621        -258.56817                 0         416.50282                 0                 0                 0                 0       -0.17137456                 0               250          20.87005	B2, 
         6.2596685        -2.3801051                 0         5.6471675        -258.82654                 0         416.34231                 0                 0                 0                 0       -0.17455741                 0               250          20.88005	B2, 
         6.2626664        -2.3816887                 0          5.649713        -259.08964                 0         416.17863                 0                 0                 0                 0       -0.17782985                 0               250          20.89005	B2, 
         6.2656643        -2.3832739                 0         5.6522575        -259.35758                 0         416.01171                 0                 0                 0                 0        -0.1811956                 0               250          20.90005	B2, 
         6.2686622        -2.3848608                 0          5.654801        -259.63051                 0         415.84143                 0                 0                 0                 0       -0.18465837                 0               250          20.91005	B2, 
         6.2716602        -2.3864493                 0         5.6573435        -259.90856                 0          415.6677                 0                 0                 0                 0       -0.18822187                 0               250          20.92005	B2, 
         6.2746581        -2.3880396                 0         5.6598848        -260.19189                 0          415.4904                 0                 0                 0                 0       -0.19188971                 0               250          20.93005	B2, 
          6.277656        -2.3896317                 0         5.6624251        -260.48064                 0         415.30944                 0                 0                 0                 0       -0.19566543                 0               250          20.94005	B2, 
         6.2806539        -2.3912255                 0         5.6649643        -260.77497                 0         415.12469                 0                 0                 0                 0       -0.19955241                 0               250          20.95005	B2, 
         6.2836518        -2.3928211                 0         5.6675023        -261.07504                 0         414.93604                 0                 0                 0                 0       -0.20355383                 0               250          20.96005	B2, 
         6.2866498        -2.3944186                 0         5.6700391        -261.38101                 0         414.74337                 0                 0                 0                 0       -0.20767261                 0               250          20.97005	B2, 
         6.2896477        -2.3960179                 0         5.6725748        -261.69305                 0         414.54655                 0                 0                 0                 0       -0.21191136                 0               250          20.98005	B2, 
         6.2926456        -2.3976192                 0         5.6751092        -262.01134                 0         414.34545                 0                 0                 0                 0       -0.21627232                 0               250          20.99005	B2, 
         6.2956435        -2.3992225                 0         5.6776424        -262.33604                 0         414.13995                 0                 0                 0                 0       -0.22075725                 0               250          21.00005	B2, 
         6.2986414        -2.4008278                 0         5.6801743        -262.66733                 0         413.92991                 0                 0                 0                 0       -0.22536736                 0               250          21.01005	B2, 
         6.3016393        -2.4024351                 0         5.6827049        -263.00539                 0         413.71519                 0                 0                 0                 0       -0.23010323                 0               250          21.02005	B2, 
         6.3046373        -2.4040445                 0         5.6852342         -263.3504                 0         413.49566                 0                 0                 0                 0       -0.23496474                 0               250          21.03005	B2, 
         6.3076352         -2.405656                 0         5.6877622        -263.70252                 0         413.27119                 0                 0                 0                 0       -0.23995089                 0               250          21.04005	B2, 
         6.3106331        -2.4072697                 0         5.6902887        -264.06192                 0         413.04164                 0                 0                 0                 0        -0.2450598                 0               250          21.05005	B2, 
          6.313631        -2.4088857                 0         5.6928138        -264.42879                 0         412.80687                 0                 0                 0                 0       -0.25028852                 0               250          21.06005	B2, 
         6.3166289        -2.4105039                 0         5.6953375        -264.80326                 0         412.56676                 0                 0                 0                 0       -0.25563299                 0               250          21.07005	B2, 
         6.3196269        -2.4121244                 0         5.6978597        -265.18551                 0         412.32116                 0                 0                 0                 0       -0.26108789                 0               250          21.08005	B2, 
         6.3226248        -2.4137473                 0         5.7003804        -265.57567                 0         412.06997                 0                 0                 0                 0       -0.26664657                 0               250          21.09005	B2, 
         6.3256227        -2.4153725                 0         5.7028995        -265.97388                 0         411.81305                 0                 0                 0                 0       -0.27230098                 0               250          21.10005	B2, 
         6.3286206        -2.4170003                 0          5.705417        -266.38025                 0         411.55031                 0                 0                 0                 0       -0.27804156                 0               250          21.11005	B2, 
         6.3316185        -2.4186305                 0         5.7079329        -266.79489                 0         411.28164                 0                 0                 0                 0       -0.28385724                 0               250          21.12005	B2, 
         6.3346164        -2.4202634                 0         5.7104472        -267.21788                 0         411.00694                 0                 0                 0                 0       -0.28973535                 0               250          21.13005	B2, 
         6.3376144        -2.4218988                 0         5.7129597        -267.64929                 0         410.72613                 0                 0                 0                 0       -0.29566168                 0               250          21.14005	B2, 
         6.3406123        -2.4235369                 0         5.7154705        -268.08915                 0         410.43916                 0                 0                 0                 0       -0.30162049                 0               250          21.15005	B2, 
         6.3436102        -2.4251777                 0         5.7179796        -268.53749                 0         410.14597                 0                 0                 0                 0       -0.30759457                 0               250          21.16005	B2, 
         6.3466081        -2.4268213                 0         5.7204868        -268.99429                 0         409.84652                 0                 0                 0                 0       -0.31356536                 0               250          21.17005	B2, 
          6.349606        -2.4284677                 0         5.7229922        -269.45952                 0          409.5408                 0                 0                 0                 0       -0.31951314                 0               250          21.18005	B2, 
          6.352604        -2.4301169                 0         5.7254956         -269.9331                 0         409.22881                 0                 0                 0                 0       -0.32541719                 0               250          21.19005	B2, 
         6.3556019        -2.4317691                 0         5.7279972        -270.41494                 0         408.91057                 0                 0                 0                 0       -0.33125603                 0               250          21.20005	B2, 
         6.3585998        -2.4334243                 0         5.7304968         -270.9049                 0         408.58614                 0                 0                 0                 0       -0.33700776                 0               250          21.21005	B2, 
         6.3615977        -2.4350825                 0         5.7329944        -271.40282                 0         408.25556                 0                 0                 0                 0       -0.34265034                 0               250          21.22005	B2, 
         6.3645956        -2.4367437                 0         5.7354899         -271.9085                 0         407.91894                 0                 0                 0                 0       -0.34816195                 0               250          21.23005	B2, 
         6.3675936        -2.4384081                 0         5.7379834        -272.42172                 0         407.57638                 0                 0                 0                 0       -0.35352137                 0               250          21.24005	B2, 
         6.3705915        -2.4400756                 0         5.7404747        -272.94221                 0           407.228                 0                 0                 0                 0       -0.35870836                 0               250          21.25005	B2, 
         6.3735894        -2.4417464                 0         5.7429639         -273.4697                 0         406.87396                 0                 0                 0                 0       -0.36370404                 0               250          21.26005	B2, 
         6.3765873        -2.4434204                 0          5.745451        -274.00386                 0         406.51443                 0                 0                 0                 0       -0.36849124                 0               250          21.27005	B2, 
         6.3795852        -2.4450976                 0         5.7479358        -274.54436                 0         406.14959                 0                 0                 0                 0       -0.37305482                 0               250          21.28005	B2, 
         6.3825831        -2.4467782                 0         5.7504183        -275.09086                 0         405.77964                 0                 0                 0                 0       -0.37738197                 0               250          21.29005	B2, 
         6.3855811        -2.4484622                 0         5.7528986        -275.64297                 0          405.4048                 0                 0                 0                 0       -0.38146244                 0               250          21.30005	B2, 
          6.388579        -2.4501495                 0         5.7553766        -276.20032                 0         405.02528                 0                 0                 0                 0       -0.38528868                 0               250          21.31005	B2, 
         6.3915769        -2.4518403                 0         5.7578523        -276.76251                 0         404.64133                 0                 0                 0                 0       -0.38885593                 0               250          21.32005	B2, 
         6.3945748        -2.4535345                 0         5.7603255        -277.32916                 0         404.25318                 0                 0                 0                 0       -0.39216227                 0               250          21.33005	B2, 
         6.3975727        -2.4552322                 0         5.7627964        -277.89987                 0         403.86106                 0                 0                 0                 0       -0.39520853                 0               250          21.34005	B2, 
         6.4005707        -2.4569334                 0         5.7652649        -278.47425                 0         403.46523                 0                 0                 0                 0       -0.39799819                 0               250          21.35005	B2, 
         6.4035686        -2.4586381                 0          5.767731        -279.05192                 0         403.06591                 0                 0                 0                 0       -0.40053718                 0               250          21.36005	B2, 
         6.4065665        -2.4603464                 0         5.7701946         -279.6325                 0         402.66333                 0                 0                 0                 0       -0.40283363                 0               250          21.37005	B2, 
         6.4095644        -2.4620582                 0         5.7726557        -280.21566                 0         402.25773                 0                 0                 0                 0       -0.40489761                 0               250          21.38005	B2, 
         6.4125623        -2.4637736                 0         5.7751144        -280.80104                 0         401.84931                 0                 0                 0                 0       -0.40674082                 0               250          21.39005	B2, 
         6.4155602        -2.4654926                 0         5.7775705        -281.38834                 0         401.43829                 0                 0                 0                 0       -0.40837624                 0               250          21.40005	B2, 
         6.4185582        -2.4672151                 0         5.7800241        -281.97724                 0         401.02485                 0                 0                 0                 0       -0.40981779                 0               250          21.41005	B2, 
         6.4215561        -2.4689413                 0         5.7824752        -282.56748                 0         400.60918                 0                 0                 0                 0       -0.41108007                 0               250          21.42005	B2, 
          6.424554        -2.4706711                 0         5.7849238         -283.1588                 0         400.19144                 0                 0                 0                 0       -0.41217795                 0               250          21.43005	B2, 
         6.4275519        -2.4724045                 0         5.7873697        -283.75097                 0         399.77179                 0                 0                 0                 0       -0.41312637                 0               250          21.44005	B2, 
         6.4305498        -2.4741416                 0         5.7898131        -284.34378                 0         399.35036                 0                 0                 0                 0       -0.41394006                 0               250          21.45005	B2, 
         6.4335478        -2.4758822                 0         5.7922539        -284.93704                 0         398.92729                 0                 0                 0                 0       -0.41463328                 0               250          21.46005	B2, 
         6.4365457        -2.4776265                 0         5.7946922        -285.53059                 0         398.50267                 0                 0                 0                 0        -0.4152197                 0               250          21.47005	B2, 
         6.4395436        -2.4793744                 0         5.7971278        -286.12427                 0         398.07662                 0                 0                 0                 0        -0.4157122                 0               250          21.48005	B2, 
         6.4425415         -2.481126                 0         5.7995608        -286.71796                 0         397.64923                 0                 0                 0                 0       -0.41612282                 0               250          21.49005	B2, 
         6.4455394        -2.4828812                 0         5.8019912        -287.31155                 0         397.22056                 0                 0                 0                 0       -0.41646263                 0               250          21.50005	B2, 
         6.4485373          -2.48464                 0          5.804419        -287.90493                 0         396.79069                 0                 0                 0                 0        -0.4167417                 0               250          21.51005	B2, 
         6.4515353        -2.4864024                 0         5.8068441        -288.49803                 0         396.35966                 0                 0                 0                 0       -0.41696914                 0               250          21.52005	B2, 
         6.4545332        -2.4881685                 0         5.8092666        -289.09078                 0         395.92754                 0                 0                 0                 0       -0.41715305                 0               250          21.53005	B2, 
         6.4575311        -2.4899382                 0         5.8116865        -289.68311                 0         395.49436                 0                 0                 0                 0       -0.41730056                 0               250          21.54005	B2, 
          6.460529        -2.4917115                 0         5.8141037        -290.27499                 0         395.06016                 0                 0                 0                 0       -0.41741791                 0               250          21.55005	B2, 
         6.4635269        -2.4934884                 0         5.8165182        -290.86636                 0         394.62496                 0                 0                 0                 0        -0.4175105                 0               250          21.56005	B2, 
         6.4665249         -2.495269                 0         5.8189301        -291.45719                 0         394.18879                 0                 0                 0                 0       -0.41758292                 0               250          21.57005	B2, 
         6.4695228        -2.4970531                 0         5.8213393        -292.04746                 0         393.75167                 0                 0                 0                 0       -0.41763907                 0               250          21.58005	B2, 
         6.4725207        -2.4988409                 0         5.8237459        -292.63714                 0         393.31361                 0                 0                 0                 0       -0.41768223                 0               250          21.59005	B2, 
         6.4755186        -2.5006323                 0         5.8261497        -293.22623                 0         392.87463                 0                 0                 0                 0       -0.41771509                 0               250          21.60005	B2, 
         6.4785165        -2.5024272                 0         5.8285509        -293.81469                 0         392.43474                 0                 0                 0                 0       -0.41773989                 0               250          21.61005	B2, 
         6.4815144        -2.5042258                 0         5.8309494        -294.40252                 0         391.99394                 0                 0                 0                 0       -0.41775841                 0               250          21.62005	B2, 
         6.4845124         -2.506028                 0         5.8333451        -294.98972                 0         391.55225                 0                 0                 0                 0       -0.41777212                 0               250          21.63005	B2, 
         6.4875103        -2.5078337                 0         5.8357382        -295.57626                 0         391.10966                 0                 0                 0                 0       -0.41778217                 0               250          21.64005	B2, 
         6.4905082         -2.509643                 0         5.8381286        -296.16216                 0         390.66619                 0                 0                 0                 0       -0.41778945                 0               250          21.65005	B2, 
         6.4935061        -2.5114559                 0         5.8405162         -296.7474                 0         390.22183                 0                 0                 0                 0       -0.41779468                 0               250          21.66005	B2, 
          6.496504        -2.5132724                 0         5.8429012        -297.33198                 0         389.77659                 0                 0                 0                 0       -0.41779839                 0               250          21.67005	B2, 
          6.499502        -2.5150925                 0         5.8452834        -297.91589                 0         389.33047                 0                 0                 0                 0         -0.417801                 0               250          21.68005	B2, 
         6.5024999        -2.5169161                 0         5.8476628        -298.49914                 0         388.88348                 0                 0                 0                 0       -0.41780281                 0               250          21.69005	B2, 
         6.5054978        -2.5187433                 0         5.8500396        -299.08172                 0          388.4356                 0                 0                 0                 0       -0.41780405                 0               250          21.70005	B2, 
         6.5084957        -2.5205741                 0         5.8524136        -299.66363                 0         387.98686                 0                 0                 0                 0        -0.4178049                 0               250          21.71005	B2, 
         6.5114936        -2.5224084                 0         5.8547848        -300.24487                 0         387.53724                 0                 0                 0                 0       -0.41780546                 0               250          21.72005	B2, 
         6.5144915        -2.5242463                 0         5.8571533        -300.82544                 0         387.08675                 0                 0                 0                 0       -0.41780584                 0               250          21.73005	B2, 
         6.5174895        -2.5260877                 0          5.859519        -301.40532                 0         386.63539                 0                 0                 0                 0       -0.41780608                 0               250          21.74005	B2, 
         6.5204874        -2.5279326                 0          5.861882        -301.98454                 0         386.18316                 0                 0                 0                 0       -0.41780624                 0               250          21.75005	B2, 
         6.5234853        -2.5297811                 0         5.8642422        -302.56307                 0         385.73007                 0                 0                 0                 0       -0.41780634                 0               250          21.76005	B2, 
         6.5264832        -2.5316332                 0         5.8665997        -303.14092                 0         385.27611                 0                 0                 0                 0       -0.41780641                 0               250          21.77005	B2, 
         6.5294811        -2.5334887                 0         5.8689543        -303.71809                 0         384.82128                 0                 0                 0                 0       -0.41780645                 0               250          21.78005	B2, 
         6.5324791        -2.5353478                 0         5.8713062        -304.29458                 0         384.36558                 0                 0                 0                 0       -0.41780647                 0               250          21.79005	B2, 
          6.535477        -2.5372104                 0         5.8736553        -304.87039                 0         383.90903                 0                 0                 0                 0       -0.41780648                 0               250          21.80005	B2, 
         6.5384749        -2.5390766                 0         5.8760015        -305.44551                 0         383.45161                 0                 0                 0                 0       -0.41780649                 0               250          21.81005	B2, 
         6.5414728        -2.5409462                 0          5.878345        -306.01995                 0         382.99333                 0                 0                 0                 0        -0.4178065                 0               250          21.82005	B2, 
         6.5444707        -2.5428194                 0         5.8806857        -306.59369                 0         382.53419                 0                 0                 0                 0        -0.4178065                 0               250          21.83005	B2, 
         6.5474687         -2.544696                 0         5.8830236        -307.16675                 0         382.07418                 0                 0                 0                 0        -0.4178065                 0               250          21.84005	B2, 
         6.5504666        -2.5465762                 0         5.8853586        -307.73912                 0         381.61333                 0                 0                 0                 0        -0.4178065                 0               250          21.85005	B2, 
         6.5534645        -2.5484599                 0         5.8876909         -308.3108                 0         381.15161                 0                 0                 0                 0        -0.4178065                 0               250          21.86005	B2, 
         6.5564624         -2.550347                 0         5.8900203        -308.88178                 0         380.68903                 0                 0                 0                 0        -0.4178065                 0               250          21.87005	B2, 
         6.5594603        -2.5522377                 0         5.8923469        -309.45207                 0         380.22561                 0                 0                 0                 0        -0.4178065                 0               250          21.88005	B2, 
         6.5624582        -2.5541318                 0         5.8946706        -310.02167                 0         379.76132                 0                 0                 0                 0        -0.4178065                 0               250          21.89005	B2, 
         6.5654562        -2.5560294                 0         5.8969915        -310.59057                 0         379.29619                 0                 0                 0                 0        -0.4178065                 0               250          21.90005	B2, 
         6.5684541        -2.5579305                 0         5.8993095        -311.15877                 0          378.8302                 0                 0                 0                 0        -0.4178065                 0               250          21.91005	B2, 
          6.571452        -2.5598351                 0         5.9016247        -311.72627                 0         378.36336                 0                 0                 0                 0        -0.4178065                 0               250          21.92005	B2, 
         6.5744499        -2.5617431                 0         5.9039371        -312.29307                 0         377.89567                 0                 0                 0                 0        -0.4178065                 0               250          21.93005	B2, 
         6.5774478        -2.5636546                 0         5.9062466        -312.85917                 0         377.42713                 0                 0                 0                 0        -0.4178065                 0               250          21.94005	B2, 
         6.5804458        -2.5655696                 0         5.9085532        -313.42456                 0         376.95774                 0                 0                 0                 0        -0.4178065                 0               250          21.95005	B2, 
         6.5834437         -2.567488                 0         5.9108569        -313.98925                 0         376.48751                 0                 0                 0                 0        -0.4178065                 0               250          21.96005	B2, 
         6.5864416        -2.5694098                 0         5.9131578        -314.55324                 0         376.01643                 0                 0                 0                 0        -0.4178065                 0               250          21.97005	B2, 
         6.5894395        -2.5713352                 0         5.9154557        -315.11652                 0          375.5445                 0                 0                 0                 0        -0.4178065                 0               250          21.98005	B2, 
         6.5924374        -2.5732639                 0         5.9177508        -315.67909                 0         375.07174                 0                 0                 0                 0        -0.4178065                 0               250          21.99005	B2, 
         6.5954353        -2.5751961                 0          5.920043        -316.24095                 0         374.59812                 0                 0                 0                 0        -0.4178065                 0               250          22.00005	B2, 
         6.5984333        -2.5771317                 0         5.9223323        -316.80211                 0         374.12367                 0                 0                 0                 0        -0.4178065                 0               250          22.01005	B2, 
         6.6014312        -2.5790708                 0         5.9246187        -317.36255                 0         373.64838                 0                 0                 0                 0        -0.4178065                 0               250          22.02005	B2, 
         6.6044291        -2.5810133                 0         5.9269022        -317.92227                 0         373.17225                 0                 0                 0                 0        -0.4178065                 0               250          22.03005	B2, 
          6.607427        -2.5829592                 0         5.9291828        -318.48129                 0         372.69527                 0                 0                 0                 0        -0.4178065                 0               250          22.04005	B2, 
         6.6104249        -2.5849085                 0         5.9314604        -319.03958                 0         372.21746                 0                 0                 0                 0        -0.4178065                 0               250          22.05005	B2, 
         6.6134229        -2.5868612                 0         5.9337351        -319.59716                 0         371.73882                 0                 0                 0                 0        -0.4178065                 0               250          22.06005	B2, 
         6.6164208        -2.5888173                 0         5.9360069        -320.15403                 0         371.25934                 0                 0                 0                 0        -0.4178065                 0               250          22.07005	B2, 
         6.6194187        -2.5907769                 0         5.9382758        -320.71017                 0         370.77902                 0                 0                 0                 0        -0.4178065                 0               250          22.08005	B2, 
         6.6224166        -2.5927398                 0         5.9405417        -321.26559                 0         370.29788                 0                 0                 0                 0        -0.4178065                 0               250          22.09005	B2, 
         6.6254145        -2.5947061                 0         5.9428047        -321.82029                 0          369.8159                 0                 0                 0                 0        -0.4178065                 0               250          22.10005	B2, 
         6.6284124        -2.5966759                 0         5.9450647        -322.37427                 0         369.33309                 0                 0                 0                 0        -0.4178065                 0               250          22.11005	B2, 
         6.6314104         -2.598649                 0         5.9473218        -322.92752                 0         368.84944                 0                 0                 0                 0        -0.4178065                 0               250          22.12005	B2, 
         6.6344083        -2.6006255                 0         5.9495759        -323.48005                 0         368.36498                 0                 0                 0                 0        -0.4178065                 0               250          22.13005	B2, 
         6.6374062        -2.6026053                 0          5.951827        -324.03185                 0         367.87968                 0                 0                 0                 0        -0.4178065                 0               250          22.14005	B2, 
         6.6404041        -2.6045886                 0         5.9540752        -324.58292                 0         367.39355                 0                 0                 0                 0        -0.4178065                 0               250          22.15005	B2, 
          6.643402        -2.6065752                 0         5.9563204        -325.13326                 0         366.90661                 0                 0                 0                 0        -0.4178065                 0               250          22.16005	B2, 
            6.6464        -2.6085651                 0         5.9585626        -325.68288                 0         366.41883                 0                 0                 0                 0        -0.4178065                 0               250          22.17005	B2, 
         6.6493979        -2.6105585                 0         5.9608018        -326.23176                 0         365.93024                 0                 0                 0                 0        -0.4178065                 0               250          22.18005	B2, 
         6.6523958        -2.6125551                 0         5.9630381         -326.7799                 0         365.44082                 0                 0                 0                 0        -0.4178065                 0               250          22.19005	B2, 
         6.6553937        -2.6145552                 0         5.9652713        -327.32732                 0         364.95058                 0                 0                 0                 0        -0.4178065                 0               250          22.20005	B2, 
         6.6583916        -2.6165585                 0         5.9675016          -327.874                 0         364.45952                 0                 0                 0                 0        -0.4178065                 0               250          22.21005	B2, 
         6.6613895        -2.6185653                 0         5.9697288        -328.41994                 0         363.96764                 0                 0                 0                 0        -0.4178065                 0               250          22.22005	B2, 
         6.6643875        -2.6205753                 0         5.9719531        -328.96514                 0         363.47494                 0                 0                 0                 0        -0.4178065                 0               250          22.23005	B2, 
         6.6673854        -2.6225887                 0         5.9741743        -329.50961                 0         362.98143                 0                 0                 0                 0        -0.4178065                 0               250          22.24005	B2, 
         6.6703833        -2.6246054                 0         5.9763925        -330.05333                 0          362.4871                 0                 0                 0                 0        -0.4178065                 0               250          22.25005	B2, 
         6.6733812        -2.6266254                 0         5.9786076        -330.59631                 0         361.99195                 0                 0                 0                 0        -0.4178065                 0               250          22.26005	B2, 
         6.6763791        -2.6286488                 0         5.9808198        -331.13855                 0           361.496                 0                 0                 0                 0        -0.4178065                 0               250          22.27005	B2, 
         6.6793771        -2.6306755                 0         5.9830289        -331.68005                 0         360.99923                 0                 0                 0                 0        -0.4178065                 0               250          22.28005	B2, 
          6.682375        -2.6327054                 0         5.9852349         -332.2208                 0         360.50165                 0                 0                 0                 0        -0.4178065                 0               250          22.29005	B2, 
         6.6853729        -2.6347387                 0          5.987438         -332.7608                 0         360.00326                 0                 0                 0                 0        -0.4178065                 0               250          22.30005	B2, 
         6.6883708        -2.6367753                 0         5.9896379        -333.30006                 0         359.50406                 0                 0                 0                 0        -0.4178065                 0               250          22.31005	B2, 
         6.6913687        -2.6388152                 0         5.9918348        -333.83856                 0         359.00405                 0                 0                 0                 0        -0.4178065                 0               250          22.32005	B2, 
         6.6943666        -2.6408583                 0         5.9940287        -334.37632                 0         358.50324                 0                 0                 0                 0        -0.4178065                 0               250          22.33005	B2, 
         6.6973646        -2.6429048                 0         5.9962195        -334.91333                 0         358.00162                 0                 0                 0                 0        -0.4178065                 0               250          22.34005	B2, 
         6.7003625        -2.6449545                 0         5.9984072        -335.44958                 0          357.4992                 0                 0                 0                 0        -0.4178065                 0               250          22.35005	B2, 
         6.7033604        -2.6470075                 0         6.0005918        -335.98508                 0         356.99597                 0                 0                 0                 0        -0.4178065                 0               250          22.36005	B2, 
         6.7063583        -2.6490638                 0         6.0027734        -336.51983                 0         356.49194                 0                 0                 0                 0        -0.4178065                 0               250          22.37005	B2, 
         6.7093562        -2.6511234                 0         6.0049519        -337.05381                 0         355.98711                 0                 0                 0                 0        -0.4178065                 0               250          22.38005	B2, 
         6.7123542        -2.6531862                 0         6.0071273        -337.58705                 0         355.48148                 0                 0                 0                 0        -0.4178065                 0               250          22.39005	B2, 
         6.7153521        -2.6552523                 0         6.0092995        -338.11952                 0         354.97505                 0                 0                 0                 0        -0.4178065                 0               250          22.40005	B2, 
           6.71835        -2.6573216                 0         6.0114687        -338.65123                 0         354.46783                 0                 0                 0                 0        -0.4178065                 0               250          22.41005	B2, 
         6.7213479        -2.6593942                 0         6.0136348        -339.18218                 0          353.9598                 0                 0                 0                 0        -0.4178065                 0               250          22.42005	B2, 
         6.7243458          -2.66147                 0         6.0157978        -339.71237                 0         353.45099                 0                 0                 0                 0        -0.4178065                 0               250          22.43005	B2, 
         6.7273438         -2.663549                 0         6.0179577         -340.2418                 0         352.94137                 0                 0                 0                 0        -0.4178065                 0               250          22.44005	B2, 
         6.7303417        -2.6656313                 0         6.0201144        -340.77046                 0         352.43097                 0                 0                 0                 0        -0.4178065                 0               250          22.45005	B2, 
         6.7333396        -2.6677169                 0          6.022268        -341.29836                 0         351.91977                 0                 0                 0                 0        -0.4178065                 0               250          22.46005	B2, 
         6.7363375        -2.6698056                 0         6.0244185        -341.82549                 0         351.40779                 0                 0                 0                 0        -0.4178065                 0               250          22.47005	B2, 
         6.7393354        -2.6718976                 0         6.0265659        -342.35185                 0         350.89501                 0                 0                 0                 0        -0.4178065                 0               250          22.48005	B2, 
         6.7423333        -2.6739928                 0         6.0287101        -342.87744                 0         350.38144                 0                 0                 0                 0        -0.4178065                 0               250          22.49005	B2, 
         6.7453313        -2.6760912                 0         6.0308512        -343.40226                 0         349.86709                 0                 0                 0                 0        -0.4178065                 0               250          22.50005	B2, 
         6.7483292        -2.6781928                 0         6.0329891        -343.92632                 0         349.35195                 0                 0                 0                 0        -0.4178065                 0               250          22.51005	B2, 
         6.7513271        -2.6802976                 0         6.0351239        -344.44959                 0         348.83603                 0                 0                 0                 0        -0.4178065                 0               250          22.52005	B2, 
          6.754325        -2.6824056                 0         6.0372555         -344.9721                 0         348.31932                 0                 0                 0                 0        -0.4178065                 0               250          22.53005	B2, 
         6.7573229        -2.6845168                 0          6.039384        -345.49383                 0         347.80183                 0                 0                 0                 0        -0.4178065                 0               250          22.54005	B2, 
         6.7603209        -2.6866312                 0         6.0415093        -346.01478                 0         347.28356                 0                 0                 0                 0        -0.4178065                 0               250          22.55005	B2, 
         6.7633188        -2.6887488                 0         6.0436314        -346.53495                 0         346.76451                 0                 0                 0                 0        -0.4178065                 0               250          22.56005	B2, 
         6.7663167        -2.6908695                 0         6.0457504        -347.05435                 0         346.24468                 0                 0                 0                 0        -0.4178065                 0               250          22.57005	B2, 
         6.7693146        -2.6929934                 0         6.0478661        -347.57297                 0         345.72407                 0                 0                 0                 0        -0.4178065                 0               250          22.58005	B2, 
         6.7723125        -2.6951205                 0         6.0499787         -348.0908                 0         345.20268                 0                 0                 0                 0        -0.4178065                 0               250          22.59005	B2, 
         6.7753104        -2.6972508                 0         6.0520881        -348.60785                 0         344.68052                 0                 0                 0                 0        -0.4178065                 0               250          22.60005	B2, 
         6.7783084        -2.6993842                 0         6.0541943        -349.12412                 0         344.15758                 0                 0                 0                 0        -0.4178065                 0               250          22.61005	B2, 
         6.7813063        -2.7015208                 0         6.0562973        -349.63961                 0         343.63387                 0                 0                 0                 0        -0.4178065                 0               250          22.62005	B2, 
         6.7843042        -2.7036605                 0         6.0583971        -350.15431                 0         343.10939                 0                 0                 0                 0        -0.4178065                 0               250          22.63005	B2, 
         6.7873021        -2.7058034                 0         6.0604936        -350.66822                 0         342.58414                 0                 0                 0                 0        -0.4178065                 0               250          22.64005	B2, 
            6.7903        -2.7079494                 0          6.062587        -351.18135                 0         342.05812                 0                 0                 0                 0        -0.4178065                 0               250          22.65005	B2, 
          6.793298        -2.7100985                 0         6.0646771        -351.69369                 0         341.53133                 0                 0                 0                 0        -0.4178065                 0               250          22.66005	B2, 
         6.7962959        -2.7122508                 0         6.0667641        -352.20523                 0         341.00377                 0                 0                 0                 0        -0.4178065                 0               250          22.67005	B2, 
         6.7992938        -2.7144062                 0         6.0688478        -352.71599                 0         340.47545                 0                 0                 0                 0        -0.4178065                 0               250          22.68005	B2, 
         6.8022917        -2.7165647                 0         6.0709282        -353.22595                 0         339.94636                 0                 0                 0                 0        -0.4178065                 0               250          22.69005	B2, 
         6.8052896        -2.7187263                 0         6.0730054        -353.73512                 0          339.4165                 0                 0                 0                 0        -0.4178065                 0               250          22.70005	B2, 
         6.8082875        -2.7208911                 0         6.0750794        -354.24349                 0         338.88589                 0                 0                 0                 0        -0.4178065                 0               250          22.71005	B2, 
         6.8112855        -2.7230589                 0         6.0771501        -354.75107                 0         338.35451                 0                 0                 0                 0        -0.4178065                 0               250          22.72005	B2, 
         6.8142834        -2.7252299                 0         6.0792176        -355.25785                 0         337.82237                 0                 0                 0                 0        -0.4178065                 0               250          22.73005	B2, 
         6.8172813         -2.727404                 0         6.0812818        -355.76383                 0         337.28948                 0                 0                 0                 0        -0.4178065                 0               250          22.74005	B2, 
         6.8202792        -2.7295811                 0         6.0833428        -356.26902                 0         336.75582                 0                 0                 0                 0        -0.4178065                 0               250          22.75005	B2, 
         6.8232771        -2.7317613                 0         6.0854005         -356.7734                 0         336.22141                 0                 0                 0                 0        -0.4178065                 0               250          22.76005	B2, 
         6.8262751        -2.7339446                 0         6.0874549        -357.27698                 0         335.68625                 0                 0                 0                 0        -0.4178065                 0               250          22.77005	B2, 
          6.829273         -2.736131                 0         6.0895061        -357.77976                 0         335.15032                 0                 0                 0                 0        -0.4178065                 0               250          22.78005	B2, 
         6.8322709        -2.7383205                 0         6.0915539        -358.28173                 0         334.61365                 0                 0                 0                 0        -0.4178065                 0               250          22.79005	B2, 
         6.8352688         -2.740513                 0         6.0935985         -358.7829                 0         334.07623                 0                 0                 0                 0        -0.4178065                 0               250          22.80005	B2, 
         6.8382667        -2.7427086                 0         6.0956398        -359.28327                 0         333.53805                 0                 0                 0                 0        -0.4178065                 0               250          22.81005	B2, 
         6.8412646        -2.7449073                 0         6.0976778        -359.78282                 0         332.99912                 0                 0                 0                 0        -0.4178065                 0               250          22.82005	B2, 
         6.8442626         -2.747109                 0         6.0997125        -360.28157                 0         332.45945                 0                 0                 0                 0        -0.4178065                 0               250          22.83005	B2, 
         6.8472605        -2.7493137                 0         6.1017439        -360.77951                 0         331.91903                 0                 0                 0                 0        -0.4178065                 0               250          22.84005	B2, 
         6.8502584        -2.7515215                 0          6.103772        -361.27664                 0         331.37786                 0                 0                 0                 0        -0.4178065                 0               250          22.85005	B2, 
         6.8532563        -2.7537323                 0         6.1057968        -361.77295                 0         330.83595                 0                 0                 0                 0        -0.4178065                 0               250          22.86005	B2, 
         6.8562542        -2.7559462                 0         6.1078183        -362.26846                 0          330.2933                 0                 0                 0                 0        -0.4178065                 0               250          22.87005	B2, 
         6.8592522        -2.7581631                 0         6.1098364        -362.76314                 0          329.7499                 0                 0                 0                 0        -0.4178065                 0               250          22.88005	B2, 
         6.8622501         -2.760383                 0         6.1118512        -363.25702                 0         329.20576                 0                 0                 0                 0        -0.4178065                 0               250          22.89005	B2, 
          6.865248        -2.7626059                 0         6.1138627        -363.75008                 0         328.66089                 0                 0                 0                 0        -0.4178065                 0               250          22.90005	B2, 
         6.8682459        -2.7648319                 0         6.1158709        -364.24232                 0         328.11527                 0                 0                 0                 0        -0.4178065                 0               250          22.91005	B2, 
         6.8712438        -2.7670608                 0         6.1178757        -364.73374                 0         327.56892                 0                 0                 0                 0        -0.4178065                 0               250          22.92005	B2, 
         6.8742418        -2.7692928                 0         6.1198772        -365.22434                 0         327.02183                 0                 0                 0                 0        -0.4178065                 0               250          22.93005	B2, 
         6.8772397        -2.7715277                 0         6.1218753        -365.71412                 0         326.47401                 0                 0                 0                 0        -0.4178065                 0               250          22.94005	B2, 
         6.8802376        -2.7737657                 0         6.1238701        -366.20308                 0         325.92545                 0                 0                 0                 0        -0.4178065                 0               250          22.95005	B2, 
         6.8832355        -2.7760066                 0         6.1258615        -366.69122                 0         325.37616                 0                 0                 0                 0        -0.4178065                 0               250          22.96005	B2, 
         6.8862334        -2.7782505                 0         6.1278496        -367.17853                 0         324.82614                 0                 0                 0                 0        -0.4178065                 0               250          22.97005	B2, 
         6.8892313        -2.7804974                 0         6.1298343        -367.66502                 0         324.27539                 0                 0                 0                 0        -0.4178065                 0               250          22.98005	B2, 
         6.8922293        -2.7827473                 0         6.1318156        -368.15068                 0         323.72391                 0                 0                 0                 0        -0.4178065                 0               250          22.99005	B2, 
         6.8952272        -2.7850001                 0         6.1337935        -368.63552                 0          323.1717                 0                 0                 0                 0        -0.4178065                 0               250          23.00005	B2, 
         6.8982251        -2.7872559                 0         6.1357681        -369.11953                 0         322.61877                 0                 0                 0                 0        -0.4178065                 0               250          23.01005	B2, 
          6.901223        -2.7895146                 0         6.1377393         -369.6027                 0         322.06511                 0                 0                 0                 0        -0.4178065                 0               250          23.02005	B2, 
         6.9042209        -2.7917763                 0         6.1397071        -370.08505                 0         321.51073                 0                 0                 0                 0        -0.4178065                 0               250          23.03005	B2, 
         6.9072189         -2.794041                 0         6.1416715        -370.56657                 0         320.95563                 0                 0                 0                 0        -0.4178065                 0               250          23.04005	B2, 
         6.9102168        -2.7963086                 0         6.1436325        -371.04725                 0         320.39981                 0                 0                 0                 0        -0.4178065                 0               250          23.05005	B2, 
         6.9132147        -2.7985791                 0         6.1455901         -371.5271                 0         319.84326                 0                 0                 0                 0        -0.4178065                 0               250          23.06005	B2, 
         6.9162126        -2.8008525                 0         6.1475443        -372.00611                 0           319.286                 0                 0                 0                 0        -0.4178065                 0               250          23.07005	B2, 
         6.9192105        -2.8031289                 0         6.1494951        -372.48429                 0         318.72802                 0                 0                 0                 0        -0.4178065                 0               250          23.08005	B2, 
         6.9222084        -2.8054082                 0         6.1514425        -372.96163                 0         318.16932                 0                 0                 0                 0        -0.4178065                 0               250          23.09005	B2, 
         6.9252064        -2.8076905                 0         6.1533864        -373.43814                 0         317.60991                 0                 0                 0                 0        -0.4178065                 0               250          23.10005	B2, 
         6.9282043        -2.8099756                 0         6.1553269         -373.9138                 0         317.04978                 0                 0                 0                 0        -0.4178065                 0               250          23.11005	B2, 
         6.9312022        -2.8122636                 0          6.157264        -374.38863                 0         316.48895                 0                 0                 0                 0        -0.4178065                 0               250          23.12005	B2, 
         6.9342001        -2.8145546                 0         6.1591977        -374.86261                 0          315.9274                 0                 0                 0                 0        -0.4178065                 0               250          23.13005	B2, 
          6.937198        -2.8168484                 0          6.161128        -375.33575                 0         315.36514                 0                 0                 0                 0        -0.4178065                 0               250          23.14005	B2, 
          6.940196        -2.8191452                 0         6.1630548        -375.80805                 0         314.80217                 0                 0                 0                 0        -0.4178065                 0               250          23.15005	B2, 
         6.9431939        -2.8214448                 0         6.1649781         -376.2795                 0          314.2385                 0                 0                 0                 0        -0.4178065                 0               250          23.16005	B2, 
         6.9461918        -2.8237473                 0          6.166898        -376.75011                 0         313.67412                 0                 0                 0                 0        -0.4178065                 0               250          23.17005	B2, 
         6.9491897        -2.8260526                 0         6.1688145        -377.21987                 0         313.10903                 0                 0                 0                 0        -0.4178065                 0               250          23.18005	B2, 
         6.9521876        -2.8283609                 0         6.1707275        -377.68878                 0         312.54324                 0                 0                 0                 0        -0.4178065                 0               250          23.19005	B2, 
         6.9551855         -2.830672                 0          6.172637        -378.15685                 0         311.97675                 0                 0                 0                 0        -0.4178065                 0               250          23.20005	B2, 
         6.9581835        -2.8329859                 0          6.174543        -378.62406                 0         311.40956                 0                 0                 0                 0        -0.4178065                 0               250          23.21005	B2, 
         6.9611814        -2.8353028                 0         6.1764456        -379.09043                 0         310.84167                 0                 0                 0                 0        -0.4178065                 0               250          23.22005	B2, 
         6.9641793        -2.8376224                 0         6.1783448        -379.55594                 0         310.27308                 0                 0                 0                 0        -0.4178065                 0               250          23.23005	B2, 
         6.9671772        -2.8399449                 0         6.1802404         -380.0206                 0         309.70379                 0                 0                 0                 0        -0.4178065                 0               250          23.24005	B2, 
         6.9701751        -2.8422703                 0         6.1821325        -380.48441                 0         309.13381                 0                 0                 0                 0        -0.4178065                 0               250          23.25005	B2, 
         6.9731731        -2.8445985                 0         6.1840212        -380.94736                 0         308.56313                 0                 0                 0                 0        -0.4178065                 0               250          23.26005	B2, 
          6.976171        -2.8469295                 0         6.1859064        -381.40945                 0         307.99176                 0                 0                 0                 0        -0.4178065                 0               250          23.27005	B2, 
         6.9791689        -2.8492633                 0         6.1877881        -381.87069                 0          307.4197                 0                 0                 0                 0        -0.4178065                 0               250          23.28005	B2, 
         6.9821668           -2.8516                 0         6.1896662        -382.33107                 0         306.84694                 0                 0                 0                 0        -0.4178065                 0               250          23.29005	B2, 
         6.9851647        -2.8539395                 0         6.1915409        -382.79059                 0          306.2735                 0                 0                 0                 0        -0.4178065                 0               250          23.30005	B2, 
         6.9881626        -2.8562817                 0         6.1934121        -383.24926                 0         305.69937                 0                 0                 0                 0        -0.4178065                 0               250          23.31005	B2, 
         6.9911606        -2.8586268                 0         6.1952797        -383.70706                 0         305.12455                 0                 0                 0                 0        -0.4178065                 0               250          23.32005	B2, 
         6.9941585        -2.8609747                 0         6.1971439        -384.16399                 0         304.54905                 0                 0                 0                 0        -0.4178065                 0               250          23.33005	B2, 
         6.9971564        -2.8633254                 0         6.1990045        -384.62007                 0         303.97286                 0                 0                 0                 0       -0.41780649                 0               250          23.34005	B2, 
         7.0001543        -2.8656788                 0         6.2008616        -385.07528                 0         303.39599                 0                 0                 0                 0       -0.41780648                 0               250          23.35005	B2, 
         7.0031522         -2.868035                 0         6.2027151        -385.52963                 0         302.81844                 0                 0                 0                 0       -0.41780645                 0               250          23.36005	B2, 
         7.0061502        -2.8703941                 0         6.2045652         -385.9831                 0          302.2402                 0                 0                 0                 0       -0.41780642                 0               250          23.37005	B2, 
         7.0091481        -2.8727558                 0         6.2064116        -386.43572                 0         301.66129                 0                 0                 0                 0       -0.41780637                 0               250          23.38005	B2, 
          7.012146        -2.8751204                 0         6.2082546        -386.88746                 0          301.0817                 0                 0                 0                 0       -0.41780628                 0               250          23.39005	B2, 
         7.0151439        -2.8774877                 0          6.210094        -387.33833                 0         300.50143                 0                 0                 0                 0       -0.41780614                 0               250          23.40005	B2, 
         7.0181418        -2.8798577                 0         6.2119298        -387.78834                 0         299.92049                 0                 0                 0                 0       -0.41780593                 0               250          23.41005	B2, 
         7.0211397        -2.8822305                 0         6.2137621        -388.23747                 0         299.33888                 0                 0                 0                 0        -0.4178056                 0               250          23.42005	B2, 
         7.0241377        -2.8846061                 0         6.2155909        -388.68573                 0         298.75659                 0                 0                 0                 0        -0.4178051                 0               250          23.43005	B2, 
         7.0271356        -2.8869844                 0          6.217416        -389.13311                 0         298.17363                 0                 0                 0                 0       -0.41780435                 0               250          23.44005	B2, 
         7.0301335        -2.8893654                 0         6.2192376        -389.57962                 0         297.59001                 0                 0                 0                 0       -0.41780324                 0               250          23.45005	B2, 
         7.0331314        -2.8917492                 0         6.2210557        -390.02526                 0         297.00572                 0                 0                 0                 0       -0.41780163                 0               250          23.46005	B2, 
         7.0361293        -2.8941356                 0         6.2228701        -390.47001                 0         296.42076                 0                 0                 0                 0       -0.41779929                 0               250          23.47005	B2, 
         7.0391273        -2.8965248                 0          6.224681        -390.91389                 0         295.83514                 0                 0                 0                 0       -0.41779596                 0               250          23.48005	B2, 
         7.0421252        -2.8989167                 0         6.2264883        -391.35688                 0         295.24886                 0                 0                 0                 0       -0.41779124                 0               250          23.49005	B2, 
         7.0451231        -2.9013113                 0          6.228292        -391.79898                 0         294.66193                 0                 0                 0                 0       -0.41778465                 0               250          23.50005	B2, 
          7.048121        -2.9037087                 0         6.2300921         -392.2402                 0         294.07434                 0                 0                 0                 0       -0.41777553                 0               250          23.51005	B2, 
         7.0511189        -2.9061087                 0         6.2318886        -392.68053                 0         293.48611                 0                 0                 0                 0       -0.41776304                 0               250          23.52005	B2, 
         7.0541169        -2.9085114                 0         6.2336816        -393.11996                 0         292.89724                 0                 0                 0                 0       -0.41774612                 0               250          23.53005	B2, 
         7.0571148        -2.9109167                 0         6.2354709        -393.55848                 0         292.30775                 0                 0                 0                 0       -0.41772339                 0               250          23.54005	B2, 
         7.0601127        -2.9133248                 0         6.2372566        -393.99609                 0         291.71763                 0                 0                 0                 0       -0.41769318                 0               250          23.55005	B2, 
         7.0631106        -2.9157355                 0         6.2390387        -394.43279                 0          291.1269                 0                 0                 0                 0       -0.41765339                 0               250          23.56005	B2, 
         7.0661085        -2.9181489                 0         6.2408172        -394.86855                 0         290.53559                 0                 0                 0                 0       -0.41760147                 0               250          23.57005	B2, 
         7.0691064         -2.920565                 0          6.242592        -395.30336                 0         289.94371                 0                 0                 0                 0       -0.41753432                 0               250          23.58005	B2, 
         7.0721044        -2.9229837                 0         6.2443633         -395.7372                 0         289.35128                 0                 0                 0                 0       -0.41744824                 0               250          23.59005	B2, 
         7.0751023        -2.9254051                 0         6.2461309        -396.17006                 0         288.75835                 0                 0                 0                 0       -0.41733884                 0               250          23.60005	B2, 
         7.0781002        -2.9278291                 0         6.2478949         -396.6019                 0         288.16494                 0                 0                 0                 0       -0.41720097                 0               250          23.61005	B2, 
         7.0810981        -2.9302557                 0         6.2496553        -397.03269                 0          287.5711                 0                 0                 0                 0       -0.41702864                 0               250          23.62005	B2, 
          7.084096         -2.932685                 0          6.251412        -397.46239                 0          286.9769                 0                 0                 0                 0       -0.41681498                 0               250          23.63005	B2, 
          7.087094        -2.9351169                 0         6.2531651        -397.89097                 0         286.38239                 0                 0                 0                 0       -0.41655217                 0               250          23.64005	B2, 
         7.0900919        -2.9375514                 0         6.2549146        -398.31835                 0         285.78766                 0                 0                 0                 0       -0.41623141                 0               250          23.65005	B2, 
         7.0930898        -2.9399886                 0         6.2566604        -398.74449                 0          285.1928                 0                 0                 0                 0        -0.4158429                 0               250          23.66005	B2, 
         7.0960877        -2.9424283                 0         6.2584026         -399.1693                 0         284.59791                 0                 0                 0                 0       -0.41537583                 0               250          23.67005	B2, 
         7.0990856        -2.9448706                 0         6.2601411         -399.5927                 0         284.00312                 0                 0                 0                 0       -0.41481844                 0               250          23.68005	B2, 
         7.1020835        -2.9473155                 0          6.261876         -400.0146                 0         283.40857                 0                 0                 0                 0       -0.41415808                 0               250          23.69005	B2, 
         7.1050815         -2.949763                 0         6.2636073        -400.43488                 0         282.81443                 0                 0                 0                 0       -0.41338126                 0               250          23.70005	B2, 
         7.1080794        -2.9522131                 0          6.265335        -400.85344                 0         282.22087                 0                 0                 0                 0       -0.41247387                 0               250          23.71005	B2, 
         7.1110773        -2.9546657                 0          6.267059        -401.27012                 0          281.6281                 0                 0                 0                 0       -0.41142127                 0               250          23.72005	B2, 
         7.1140752        -2.9571208                 0         6.2687794        -401.68479                 0         281.03634                 0                 0                 0                 0       -0.41020855                 0               250          23.73005	B2, 
         7.1170731        -2.9595785                 0         6.2704962        -402.09728                 0         280.44584                 0                 0                 0                 0       -0.40882074                 0               250          23.74005	B2, 
         7.1200711        -2.9620387                 0         6.2722093        -402.50742                 0         279.85688                 0                 0                 0                 0       -0.40724312                 0               250          23.75005	B2, 
          7.123069        -2.9645014                 0         6.2739189        -402.91501                 0         279.26975                 0                 0                 0                 0       -0.40546151                 0               250          23.76005	B2, 
         7.1260669        -2.9669666                 0         6.2756249        -403.31986                 0         278.68475                 0                 0                 0                 0        -0.4034626                 0               250          23.77005	B2, 
         7.1290648        -2.9694342                 0         6.2773273        -403.72175                 0         278.10222                 0                 0                 0                 0       -0.40123424                 0               250          23.78005	B2, 
         7.1320627        -2.9719043                 0         6.2790262        -404.12046                 0         277.52252                 0                 0                 0                 0       -0.39876586                 0               250          23.79005	B2, 
         7.1350606        -2.9743768                 0         6.2807215        -404.51577                 0           276.946                 0                 0                 0                 0        -0.3960487                 0               250          23.80005	B2, 
         7.1380586        -2.9768517                 0         6.2824134        -404.90744                 0         276.37305                 0                 0                 0                 0       -0.39307613                 0               250          23.81005	B2, 
         7.1410565        -2.9793291                 0         6.2841017        -405.29522                 0         275.80406                 0                 0                 0                 0       -0.38984396                 0               250          23.82005	B2, 
         7.1440544        -2.9818087                 0         6.2857866        -405.67889                 0         275.23941                 0                 0                 0                 0       -0.38635053                 0               250          23.83005	B2, 
         7.1470523        -2.9842907                 0          6.287468         -406.0582                 0         274.67951                 0                 0                 0                 0       -0.38259698                 0               250          23.84005	B2, 
         7.1500502         -2.986775                 0          6.289146        -406.43293                 0         274.12474                 0                 0                 0                 0       -0.37858723                 0               250          23.85005	B2, 
         7.1530482        -2.9892616                 0         6.2908206        -406.80283                 0          273.5755                 0                 0                 0                 0       -0.37432804                 0               250          23.86005	B2, 
         7.1560461        -2.9917504                 0         6.2924919        -407.16771                 0         273.03215                 0                 0                 0                 0       -0.36982891                 0               250          23.87005	B2, 
          7.159044        -2.9942415                 0         6.2941599        -407.52735                 0         272.49506                 0                 0                 0                 0       -0.36510195                 0               250          23.88005	B2, 
         7.1620419        -2.9967347                 0         6.2958247        -407.88156                 0         271.96457                 0                 0                 0                 0       -0.36016168                 0               250          23.89005	B2, 
         7.1650398        -2.9992301                 0         6.2974862        -408.23018                 0           271.441                 0                 0                 0                 0       -0.35502473                 0               250          23.90005	B2, 
         7.1680377        -3.0017276                 0         6.2991445        -408.57304                 0         270.92465                 0                 0                 0                 0       -0.34970956                 0               250          23.91005	B2, 
         7.1710357        -3.0042271                 0         6.3007997        -408.91002                 0         270.41578                 0                 0                 0                 0        -0.3442361                 0               250          23.92005	B2, 
         7.1740336        -3.0067287                 0         6.3024518        -409.24099                 0         269.91463                 0                 0                 0                 0       -0.33862535                 0               250          23.93005	B2, 
         7.1770315        -3.0092324                 0         6.3041009        -409.56587                 0          269.4214                 0                 0                 0                 0       -0.33289905                 0               250          23.94005	B2, 
         7.1800294        -3.0117379                 0          6.305747        -409.88459                 0         268.93627                 0                 0                 0                 0       -0.32707923                 0               250          23.95005	B2, 
         7.1830273        -3.0142455                 0         6.3073901        -410.19709                 0         268.45939                 0                 0                 0                 0       -0.32118791                 0               250          23.96005	B2, 
         7.1860253        -3.0167549                 0         6.3090303        -410.50334                 0         267.99086                 0                 0                 0                 0       -0.31524677                 0               250          23.97005	B2, 
         7.1890232        -3.0192661                 0         6.3106677        -410.80335                 0         267.53076                 0                 0                 0                 0       -0.30927678                 0               250          23.98005	B2, 
         7.1920211        -3.0217792                 0         6.3123024        -411.09711                 0         267.07914                 0                 0                 0                 0       -0.30329803                 0               250          23.99005	B2, 
          7.195019         -3.024294                 0         6.3139342        -411.38465                 0         266.63601                 0                 0                 0                 0       -0.29732945                 0               250          24.00005	B2, 
         7.1980169        -3.0268106                 0         6.3155634        -411.66604                 0         266.20137                 0                 0                 0                 0       -0.29138866                 0               250          24.01005	B2, 
         7.2010148        -3.0293289                 0           6.31719        -411.94131                 0         265.77519                 0                 0                 0                 0       -0.28549187                 0               250          24.02005	B2, 
         7.2040128        -3.0318489                 0          6.318814        -412.21056                 0          265.3574                 0                 0                 0                 0       -0.27965375                 0               250          24.03005	B2, 
         7.2070107        -3.0343705                 0         6.3204354        -412.47387                 0         264.94792                 0                 0                 0                 0        -0.2738874                 0               250          24.04005	B2, 
         7.2100086        -3.0368936                 0         6.3220544        -412.73134                 0         264.54666                 0                 0                 0                 0       -0.26820439                 0               250          24.05005	B2, 
         7.2130065        -3.0394184                 0          6.323671        -412.98307                 0         264.15351                 0                 0                 0                 0        -0.2626147                 0               250          24.06005	B2, 
         7.2160044        -3.0419446                 0         6.3252851        -413.22919                 0         263.76833                 0                 0                 0                 0       -0.25712681                 0               250          24.07005	B2, 
         7.2190024        -3.0444724                 0          6.326897        -413.46981                 0         263.39098                 0                 0                 0                 0       -0.25174776                 0               250          24.08005	B2, 
         7.2220003        -3.0470016                 0         6.3285065        -413.70507                 0         263.02131                 0                 0                 0                 0       -0.24648325                 0               250          24.09005	B2, 
         7.2249982        -3.0495322                 0         6.3301139        -413.93509                 0         262.65917                 0                 0                 0                 0       -0.24133769                 0               250          24.10005	B2, 
         7.2279961        -3.0520642                 0          6.331719        -414.16001                 0         262.30437                 0                 0                 0                 0       -0.23631431                 0               250          24.11005	B2, 
          7.230994        -3.0545976                 0          6.333322        -414.37996                 0         261.95677                 0                 0                 0                 0        -0.2314153                 0               250          24.12005	B2, 
          7.233992        -3.0571323                 0         6.3349228        -414.59508                 0         261.61617                 0                 0                 0                 0       -0.22664189                 0               250          24.13005	B2, 
         7.2369899        -3.0596683                 0         6.3365216         -414.8055                 0         261.28241                 0                 0                 0                 0       -0.22199443                 0               250          24.14005	B2, 
         7.2399878        -3.0622056                 0         6.3381184        -415.01136                 0          260.9553                 0                 0                 0                 0       -0.21747252                 0               250          24.15005	B2, 
         7.2429857        -3.0647441                 0         6.3397133        -415.21279                 0         260.63468                 0                 0                 0                 0       -0.21307511                 0               250          24.16005	B2, 
         7.2459836        -3.0672838                 0         6.3413061        -415.40992                 0         260.32036                 0                 0                 0                 0       -0.20880058                 0               250          24.17005	B2, 
         7.2489815        -3.0698248                 0         6.3428971        -415.60289                 0         260.01218                 0                 0                 0                 0       -0.20464682                 0               250          24.18005	B2, 
         7.2519795        -3.0723669                 0         6.3444862        -415.79181                 0         259.70997                 0                 0                 0                 0        -0.2006113                 0               250          24.19005	B2, 
         7.2549774        -3.0749101                 0         6.3460735        -415.97681                 0         259.41355                 0                 0                 0                 0       -0.19669117                 0               250          24.20005	B2, 
         7.2579753        -3.0774545                 0         6.3476589          -416.158                 0         259.12277                 0                 0                 0                 0       -0.19288331                 0               250          24.21005	B2, 
         7.2609732        -3.0799999                 0         6.3492427        -416.33551                 0         258.83748                 0                 0                 0                 0       -0.18918438                 0               250          24.22005	B2, 
         7.2639711        -3.0825465                 0         6.3508246        -416.50944                 0         258.55751                 0                 0                 0                 0       -0.18559088                 0               250          24.23005	B2, 
         7.2669691         -3.085094                 0         6.3524049        -416.67989                 0         258.28272                 0                 0                 0                 0       -0.18209921                 0               250          24.24005	B2, 
          7.269967        -3.0876427                 0         6.3539836        -416.84698                 0         258.01296                 0                 0                 0                 0       -0.17870566                 0               250          24.25005	B2, 
         7.2729649        -3.0901923                 0         6.3555606         -417.0108                 0         257.74811                 0                 0                 0                 0       -0.17540653                 0               250          24.26005	B2, 
         7.2759628        -3.0927429                 0         6.3571359        -417.17145                 0         257.48802                 0                 0                 0                 0       -0.17219807                 0               250          24.27005	B2, 
         7.2789607        -3.0952945                 0         6.3587098        -417.32901                 0         257.23257                 0                 0                 0                 0       -0.16907658                 0               250          24.28005	B2, 
         7.2819586         -3.097847                 0          6.360282        -417.48358                 0         256.98163                 0                 0                 0                 0       -0.16603839                 0               250          24.29005	B2, 
         7.2849566        -3.1004005                 0         6.3618528        -417.63523                 0          256.7351                 0                 0                 0                 0       -0.16307988                 0               250          24.30005	B2, 
         7.2879545        -3.1029549                 0          6.363422        -417.78405                 0         256.49285                 0                 0                 0                 0       -0.16019752                 0               250          24.31005	B2, 
         7.2909524        -3.1055102                 0         6.3649898        -417.93012                 0         256.25478                 0                 0                 0                 0        -0.1573957                 0               250          24.32005	B2, 
         7.2939503        -3.1080664                 0         6.3665561        -418.07351                 0         256.02078                 0                 0                 0                 0       -0.15466385                 0               250          24.33005	B2, 
         7.2969482        -3.1106235                 0          6.368121        -418.21429                 0         255.79075                 0                 0                 0                 0       -0.15199752                 0               250          24.34005	B2, 
         7.2999462        -3.1131814                 0         6.3696846        -418.35253                 0         255.56459                 0                 0                 0                 0        -0.1493936                 0               250          24.35005	B2, 
         7.3029441        -3.1157401                 0         6.3712467        -418.48829                 0         255.34222                 0                 0                 0                 0       -0.14684914                 0               250          24.36005	B2, 
          7.305942        -3.1182997                 0         6.3728075        -418.62162                 0         255.12356                 0                 0                 0                 0        -0.1443613                 0               250          24.37005	B2, 
         7.3089399        -3.1208601                 0          6.374367         -418.7526                 0         254.90853                 0                 0                 0                 0       -0.14192736                 0               250          24.38005	B2, 
         7.3119378        -3.1234213                 0         6.3759252        -418.88126                 0         254.69705                 0                 0                 0                 0       -0.13954473                 0               250          24.39005	B2, 
         7.3149357        -3.1259832                 0         6.3774821        -419.00766                 0         254.48905                 0                 0                 0                 0       -0.13721093                 0               250          24.40005	B2, 
         7.3179337        -3.1285459                 0         6.3790377        -419.13185                 0         254.28447                 0                 0                 0                 0       -0.13492361                 0               250          24.41005	B2, 
         7.3209316        -3.1311094                 0         6.3805921        -419.25387                 0         254.08323                 0                 0                 0                 0       -0.13268057                 0               250          24.42005	B2, 
         7.3239295        -3.1336736                 0         6.3821452        -419.37378                 0         253.88527                 0                 0                 0                 0       -0.13047969                 0               250          24.43005	B2, 
         7.3269274        -3.1362386                 0         6.3836972        -419.49161                 0         253.69054                 0                 0                 0                 0         -0.128319                 0               250          24.44005	B2, 
         7.3299253        -3.1388042                 0          6.385248        -419.60739                 0         253.49898                 0                 0                 0                 0       -0.12619662                 0               250          24.45005	B2, 
         7.3329233        -3.1413706                 0         6.3867976        -419.72118                 0         253.31053                 0                 0                 0                 0       -0.12411081                 0               250          24.46005	B2, 
         7.3359212        -3.1439376                 0         6.3883461        -419.83301                 0         253.12515                 0                 0                 0                 0       -0.12205991                 0               250          24.47005	B2, 
         7.3389191        -3.1465053                 0         6.3898935        -419.94291                 0         252.94279                 0                 0                 0                 0        -0.1200424                 0               250          24.48005	B2, 
          7.341917        -3.1490737                 0         6.3914397        -420.05091                 0         252.76339                 0                 0                 0                 0       -0.11805683                 0               250          24.49005	B2, 
         7.3449149        -3.1516428                 0         6.3929849        -420.15705                 0         252.58692                 0                 0                 0                 0       -0.11610187                 0               250          24.50005	B2, 
         7.3479128        -3.1542125                 0          6.394529        -420.26136                 0         252.41332                 0                 0                 0                 0       -0.11417628                 0               250          24.51005	B2, 
         7.3509108        -3.1567828                 0          6.396072        -420.36387                 0         252.24257                 0                 0                 0                 0       -0.11227891                 0               250          24.52005	B2, 
         7.3539087        -3.1593537                 0          6.397614         -420.4646                 0         252.07462                 0                 0                 0                 0       -0.11040868                 0               250          24.53005	B2, 
         7.3569066        -3.1619253                 0          6.399155        -420.56359                 0         251.90943                 0                 0                 0                 0       -0.10856462                 0               250          24.54005	B2, 
         7.3599045        -3.1644974                 0          6.400695        -420.66086                 0         251.74696                 0                 0                 0                 0       -0.10674581                 0               250          24.55005	B2, 
         7.3629024        -3.1670702                 0          6.402234        -420.75644                 0         251.58719                 0                 0                 0                 0       -0.10495144                 0               250          24.56005	B2, 
         7.3659004        -3.1696435                 0          6.403772        -420.85035                 0         251.43007                 0                 0                 0                 0       -0.10318072                 0               250          24.57005	B2, 
         7.3688983        -3.1722174                 0         6.4053091        -420.94261                 0         251.27557                 0                 0                 0                 0       -0.10143297                 0               250          24.58005	B2, 
         7.3718962        -3.1747918                 0         6.4068452        -421.03326                 0         251.12366                 0                 0                 0                 0      -0.099707553                 0               250          24.59005	B2, 
         7.3748941        -3.1773668                 0         6.4083805         -421.1223                 0         250.97431                 0                 0                 0                 0      -0.098003882                 0               250          24.60005	B2, 
          7.377892        -3.1799424                 0         6.4099148        -421.20977                 0         250.82749                 0                 0                 0                 0      -0.096321432                 0               250          24.61005	B2, 
         7.3808899        -3.1825184                 0         6.4114482        -421.29568                 0         250.68316                 0                 0                 0                 0      -0.094659728                 0               250          24.62005	B2, 
         7.3838879         -3.185095                 0         6.4129808        -421.38006                 0          250.5413                 0                 0                 0                 0      -0.093018337                 0               250          24.63005	B2, 
         7.3868858        -3.1876721                 0         6.4145124        -421.46292                 0         250.40188                 0                 0                 0                 0      -0.091396871                 0               250          24.64005	B2, 
         7.3898837        -3.1902497                 0         6.4160433         -421.5443                 0         250.26487                 0                 0                 0                 0      -0.089794976                 0               250          24.65005	B2, 
         7.3928816        -3.1928278                 0         6.4175733        -421.62419                 0         250.13024                 0                 0                 0                 0      -0.088212337                 0               250          24.66005	B2, 
         7.3958795        -3.1954064                 0         6.4191025        -421.70264                 0         249.99796                 0                 0                 0                 0      -0.086648667                 0               250          24.67005	B2, 
         7.3988775        -3.1979854                 0         6.4206309        -421.77965                 0         249.86802                 0                 0                 0                 0       -0.08510371                 0               250          24.68005	B2, 
         7.4018754         -3.200565                 0         6.4221585        -421.85524                 0         249.74037                 0                 0                 0                 0      -0.083577233                 0               250          24.69005	B2, 
         7.4048733        -3.2031449                 0         6.4236853        -421.92944                 0           249.615                 0                 0                 0                 0      -0.082069026                 0               250          24.70005	B2, 
         7.4078712        -3.2057254                 0         6.4252114        -422.00225                 0         249.49188                 0                 0                 0                 0      -0.080578898                 0               250          24.71005	B2, 
         7.4108691        -3.2083062                 0         6.4267367        -422.07371                 0         249.37097                 0                 0                 0                 0      -0.079106673                 0               250          24.72005	B2, 
         7.4138671        -3.2108875                 0         6.4282613        -422.14382                 0         249.25227                 0                 0                 0                 0      -0.077652191                 0               250          24.73005	B2, 
          7.416865        -3.2134693                 0         6.4297852         -422.2126                 0         249.13573                 0                 0                 0                 0      -0.076215303                 0               250          24.74005	B2, 
         7.4198629        -3.2160514                 0         6.4313084        -422.28008                 0         249.02134                 0                 0                 0                 0      -0.074795869                 0               250          24.75005	B2, 
         7.4228608         -3.218634                 0         6.4328309        -422.34627                 0         248.90907                 0                 0                 0                 0      -0.073393755                 0               250          24.76005	B2, 
         7.4258587        -3.2212169                 0         6.4343527        -422.41118                 0         248.79889                 0                 0                 0                 0      -0.072008833                 0               250          24.77005	B2, 
         7.4288566        -3.2238003                 0         6.4358738        -422.47484                 0         248.69078                 0                 0                 0                 0      -0.070640979                 0               250          24.78005	B2, 
         7.4318546         -3.226384                 0         6.4373943        -422.53726                 0         248.58472                 0                 0                 0                 0       -0.06929007                 0               250          24.79005	B2, 
         7.4348525        -3.2289681                 0         6.4389141        -422.59845                 0         248.48068                 0                 0                 0                 0       -0.06795598                 0               250          24.80005	B2, 
         7.4378504        -3.2315526                 0         6.4404333        -422.65844                 0         248.37863                 0                 0                 0                 0      -0.066638587                 0               250          24.81005	B2, 
         7.4408483        -3.2341374                 0         6.4419519        -422.71723                 0         248.27855                 0                 0                 0                 0      -0.065337762                 0               250          24.82005	B2, 
         7.4438462        -3.2367226                 0         6.4434699        -422.77485                 0         248.18042                 0                 0                 0                 0      -0.064053373                 0               250          24.83005	B2, 
         7.4468442        -3.2393082                 0         6.4449873        -422.83131                 0         248.08422                 0                 0                 0                 0      -0.062785285                 0               250          24.84005	B2, 
         7.4498421        -3.2418941                 0         6.4465041        -422.88663                 0         247.98991                 0                 0                 0                 0      -0.061533355                 0               250          24.85005	B2, 
           7.45284        -3.2444803                 0         6.4480203        -422.94082                 0         247.89747                 0                 0                 0                 0      -0.060297434                 0               250          24.86005	B2, 
         7.4558379        -3.2470668                 0          6.449536         -422.9939                 0         247.80689                 0                 0                 0                 0      -0.059077367                 0               250          24.87005	B2, 
         7.4588358        -3.2496537                 0         6.4510511        -423.04588                 0         247.71814                 0                 0                 0                 0      -0.057872991                 0               250          24.88005	B2, 
         7.4618337        -3.2522409                 0         6.4525657        -423.09678                 0         247.63119                 0                 0                 0                 0      -0.056684135                 0               250          24.89005	B2, 
         7.4648317        -3.2548284                 0         6.4540798        -423.14662                 0         247.54603                 0                 0                 0                 0       -0.05551062                 0               250          24.90005	B2, 
         7.4678296        -3.2574162                 0         6.4555933         -423.1954                 0         247.46262                 0                 0                 0                 0      -0.054352258                 0               250          24.91005	B2, 
         7.4708275        -3.2600043                 0         6.4571063        -423.24314                 0         247.38096                 0                 0                 0                 0      -0.053208853                 0               250          24.92005	B2, 
         7.4738254        -3.2625926                 0         6.4586189        -423.28986                 0         247.30101                 0                 0                 0                 0      -0.052080204                 0               250          24.93005	B2, 
         7.4768233        -3.2651813                 0          6.460131        -423.33557                 0         247.22275                 0                 0                 0                 0      -0.050966097                 0               250          24.94005	B2, 
         7.4798213        -3.2677703                 0         6.4616425        -423.38029                 0         247.14617                 0                 0                 0                 0      -0.049866314                 0               250          24.95005	B2, 
         7.4828192        -3.2703595                 0         6.4631537        -423.42402                 0         247.07124                 0                 0                 0                 0      -0.048780629                 0               250          24.96005	B2, 
         7.4858171        -3.2729489                 0         6.4646643        -423.46678                 0         246.99794                 0                 0                 0                 0      -0.047708809                 0               250          24.97005	B2, 
          7.488815        -3.2755387                 0         6.4661746        -423.50859                 0         246.92625                 0                 0                 0                 0      -0.046650615                 0               250          24.98005	B2, 
         7.4918129        -3.2781287                 0         6.4676844        -423.54945                 0         246.85615                 0                 0                 0                 0      -0.045605803                 0               250          24.99005	B2, 
         7.4948108        -3.2807189                 0         6.4691938        -423.58938                 0         246.78763                 0                 0                 0                 0      -0.044574125                 0               250          25.00005	B2, 
         7.4978088        -3.2833094                 0         6.4707027        -423.62839                 0         246.72065                 0                 0                 0                 0      -0.043555327                 0               250          25.01005	B2, 
         7.5008067        -3.2859001                 0         6.4722113         -423.6665                 0         246.65521                 0                 0                 0                 0      -0.042549154                 0               250          25.02005	B2, 
         7.5038046         -3.288491                 0         6.4737194        -423.70371                 0         246.59128                 0                 0                 0                 0      -0.041555349                 0               250          25.03005	B2, 
         7.5068025        -3.2910822                 0         6.4752272        -423.74004                 0         246.52885                 0                 0                 0                 0      -0.040573654                 0               250          25.04005	B2, 
         7.5098004        -3.2936736                 0         6.4767346         -423.7755                 0          246.4679                 0                 0                 0                 0       -0.03960381                 0               250          25.05005	B2, 
         7.5127984        -3.2962652                 0         6.4782416        -423.81009                 0         246.40841                 0                 0                 0                 0      -0.038645563                 0               250          25.06005	B2, 
         7.5157963         -3.298857                 0         6.4797483        -423.84384                 0         246.35036                 0                 0                 0                 0      -0.037698657                 0               250          25.07005	B2, 
         7.5187942         -3.301449                 0         6.4812546        -423.87674                 0         246.29374                 0                 0                 0                 0      -0.036762843                 0               250          25.08005	B2, 
         7.5217921        -3.3040412                 0         6.4827606        -423.90882                 0         246.23852                 0                 0                 0                 0      -0.035837878                 0               250          25.09005	B2, 
           7.52479        -3.3066336                 0         6.4842662        -423.94007                 0         246.18471                 0                 0                 0                 0      -0.034923523                 0               250          25.10005	B2, 
         7.5277879        -3.3092262                 0         6.4857715        -423.97052                 0         246.13227                 0                 0                 0                 0      -0.034019549                 0               250          25.11005	B2, 
         7.5307859         -3.311819                 0         6.4872765        -424.00017                 0          246.0812                 0                 0                 0                 0      -0.033125735                 0               250          25.12005	B2, 
         7.5337838        -3.3144119                 0         6.4887812        -424.02902                 0         246.03147                 0                 0                 0                 0      -0.032241874                 0               250          25.13005	B2, 
         7.5367817         -3.317005                 0         6.4902856         -424.0571                 0         245.98308                 0                 0                 0                 0      -0.031367769                 0               250          25.14005	B2, 
         7.5397796        -3.3195983                 0         6.4917897         -424.0844                 0         245.93601                 0                 0                 0                 0      -0.030503236                 0               250          25.15005	B2, 
         7.5427775        -3.3221918                 0         6.4932935        -424.11093                 0         245.89024                 0                 0                 0                 0       -0.02964811                 0               250          25.16005	B2, 
         7.5457755        -3.3247854                 0         6.4947971        -424.13672                 0         245.84577                 0                 0                 0                 0      -0.028802241                 0               250          25.17005	B2, 
         7.5487734        -3.3273792                 0         6.4963004        -424.16175                 0         245.80257                 0                 0                 0                 0      -0.027965497                 0               250          25.18005	B2, 
         7.5517713        -3.3299731                 0         6.4978034        -424.18605                 0         245.76064                 0                 0                 0                 0      -0.027137767                 0               250          25.19005	B2, 
         7.5547692        -3.3325672                 0         6.4993061        -424.20962                 0         245.71995                 0                 0                 0                 0       -0.02631896                 0               250          25.20005	B2, 
         7.5577671        -3.3351614                 0         6.5008086        -424.23246                 0         245.68051                 0                 0                 0                 0       -0.02550901                 0               250          25.21005	B2, 
         7.5607651        -3.3377558                 0         6.5023109         -424.2546                 0         245.64229                 0                 0                 0                 0      -0.024707874                 0               250          25.22005	B2, 
          7.563763        -3.3403503                 0          6.503813        -424.27602                 0         245.60528                 0                 0                 0                 0      -0.023915534                 0               250          25.23005	B2, 
         7.5667609        -3.3429449                 0         6.5053148        -424.29675                 0         245.56946                 0                 0                 0                 0      -0.023131998                 0               250          25.24005	B2, 
         7.5697588        -3.3455396                 0         6.5068164        -424.31679                 0         245.53484                 0                 0                 0                 0      -0.022357301                 0               250          25.25005	B2, 
         7.5727567        -3.3481345                 0         6.5083178        -424.33615                 0         245.50138                 0                 0                 0                 0       -0.02159151                 0               250          25.26005	B2, 
         7.5757546        -3.3507295                 0          6.509819        -424.35484                 0         245.46908                 0                 0                 0                 0      -0.020834716                 0               250          25.27005	B2, 
         7.5787526        -3.3533246                 0           6.51132        -424.37286                 0         245.43792                 0                 0                 0                 0      -0.020087042                 0               250          25.28005	B2, 
         7.5817505        -3.3559198                 0         6.5128208        -424.39022                 0          245.4079                 0                 0                 0                 0      -0.019348641                 0               250          25.29005	B2, 
         7.5847484        -3.3585151                 0         6.5143215        -424.40694                 0         245.37899                 0                 0                 0                 0      -0.018619697                 0               250          25.30005	B2, 
         7.5877463        -3.3611105                 0         6.5158219        -424.42302                 0         245.35118                 0                 0                 0                 0      -0.017900421                 0               250          25.31005	B2, 
         7.5907442         -3.363706                 0         6.5173222        -424.43846                 0         245.32446                 0                 0                 0                 0      -0.017191057                 0               250          25.32005	B2, 
         7.5937422        -3.3663015                 0         6.5188224        -424.45329                 0         245.29881                 0                 0                 0                 0      -0.016491875                 0               250          25.33005	B2, 
         7.5967401        -3.3688972                 0         6.5203224         -424.4675                 0         245.27421                 0                 0                 0                 0      -0.015803174                 0               250          25.34005	B2, 
          7.599738         -3.371493                 0         6.5218222        -424.48111                 0         245.25066                 0                 0                 0                 0      -0.015125283                 0               250          25.35005	B2, 
         7.6027359        -3.3740888                 0         6.5233219        -424.49412                 0         245.22813                 0                 0                 0                 0      -0.014458551                 0               250          25.36005	B2, 
         7.6057338        -3.3766848                 0         6.5248215        -424.50656                 0          245.2066                 0                 0                 0                 0      -0.013803354                 0               250          25.37005	B2, 
         7.6087317        -3.3792808                 0         6.5263209        -424.51842                 0         245.18607                 0                 0                 0                 0      -0.013160088                 0               250          25.38005	B2, 
         7.6117297        -3.3818768                 0         6.5278202        -424.52972                 0          245.1665                 0                 0                 0                 0      -0.012529167                 0               250          25.39005	B2, 
         7.6147276         -3.384473                 0         6.5293194        -424.54047                 0         245.14789                 0                 0                 0                 0      -0.011911022                 0               250          25.40005	B2, 
         7.6177255        -3.3870692                 0         6.5308185        -424.55068                 0          245.1302                 0                 0                 0                 0      -0.011306094                 0               250          25.41005	B2, 
         7.6207234        -3.3896654                 0         6.5323175        -424.56037                 0         245.11343                 0                 0                 0                 0      -0.010714836                 0               250          25.42005	B2, 
         7.6237213        -3.3922618                 0         6.5338164        -424.56954                 0         245.09754                 0                 0                 0                 0      -0.010137702                 0               250          25.43005	B2, 
         7.6267193        -3.3948581                 0         6.5353151         -424.5782                 0         245.08253                 0                 0                 0                 0     -0.0095751488                 0               250          25.44005	B2, 
         7.6297172        -3.3974546                 0         6.5368138        -424.58638                 0         245.06836                 0                 0                 0                 0     -0.0090276275                 0               250          25.45005	B2, 
         7.6327151         -3.400051                 0         6.5383124        -424.59409                 0         245.05501                 0                 0                 0                 0     -0.0084955811                 0               250          25.46005	B2, 
          7.635713        -3.4026475                 0          6.539811        -424.60133                 0         245.04246                 0                 0                 0                 0     -0.0079794383                 0               250          25.47005	B2, 
         7.6387109        -3.4052441                 0         6.5413094        -424.60813                 0         245.03068                 0                 0                 0                 0      -0.007479609                 0               250          25.48005	B2, 
         7.6417088        -3.4078407                 0         6.5428078        -424.61449                 0         245.01965                 0                 0                 0                 0     -0.0069964787                 0               250          25.49005	B2, 
         7.6447068        -3.4104374                 0         6.5443061        -424.62044                 0         245.00935                 0                 0                 0                 0     -0.0065304037                 0               250          25.50005	B2, 
         7.6477047         -3.413034                 0         6.5458044        -424.62598                 0         244.99974                 0                 0                 0                 0     -0.0060817057                 0               250          25.51005	B2, 
         7.6507026        -3.4156307                 0         6.5473026        -424.63114                 0          244.9908                 0                 0                 0                 0     -0.0056506671                 0               250          25.52005	B2, 
         7.6537005        -3.4182275                 0         6.5488008        -424.63592                 0         244.98251                 0                 0                 0                 0     -0.0052375258                 0               250          25.53005	B2, 
         7.6566984        -3.4208242                 0         6.5502989        -424.64035                 0         244.97483                 0                 0                 0                 0     -0.0048424716                 0               250          25.54005	B2, 
         7.6596964         -3.423421                 0         6.5517969        -424.64444                 0         244.96774                 0                 0                 0                 0     -0.0044656412                 0               250          25.55005	B2, 
         7.6626943        -3.4260179                 0          6.553295        -424.64821                 0         244.96121                 0                 0                 0                 0     -0.0041071153                 0               250          25.56005	B2, 
         7.6656922        -3.4286147                 0         6.5547929        -424.65167                 0         244.95521                 0                 0                 0                 0     -0.0037669152                 0               250          25.57005	B2, 
         7.6686901        -3.4312116                 0         6.5562909        -424.65484                 0         244.94972                 0                 0                 0                 0     -0.0034450005                 0               250          25.58005	B2, 
          7.671688        -3.4338084                 0         6.5577888        -424.65773                 0          244.9447                 0                 0                 0                 0     -0.0031412674                 0               250          25.59005	B2, 
         7.6746859        -3.4364053                 0         6.5592867        -424.66037                 0         244.94013                 0                 0                 0                 0     -0.0028555477                 0               250          25.60005	B2, 
         7.6776839        -3.4390022                 0         6.5607845        -424.66276                 0         244.93598                 0                 0                 0                 0     -0.0025876086                 0               250          25.61005	B2, 
         7.6806818        -3.4415992                 0         6.5622824        -424.66492                 0         244.93223                 0                 0                 0                 0      -0.002337153                 0               250          25.62005	B2, 
         7.6836797        -3.4441961                 0         6.5637802        -424.66687                 0         244.92885                 0                 0                 0                 0     -0.0021038215                 0               250          25.63005	B2, 
         7.6866776         -3.446793                 0          6.565278        -424.66863                 0         244.92581                 0                 0                 0                 0     -0.0018871941                 0               250          25.64005	B2, 
         7.6896755          -3.44939                 0         6.5667757         -424.6702                 0         244.92309                 0                 0                 0                 0     -0.0016867935                 0               250          25.65005	B2, 
         7.6926735         -3.451987                 0         6.5682735         -424.6716                 0         244.92066                 0                 0                 0                 0     -0.0015020888                 0               250          25.66005	B2, 
         7.6956714        -3.4545839                 0         6.5697712        -424.67284                 0          244.9185                 0                 0                 0                 0     -0.0013325002                 0               250          25.67005	B2, 
         7.6986693        -3.4571809                 0          6.571269        -424.67395                 0         244.91659                 0                 0                 0                 0     -0.0011774039                 0               250          25.68005	B2, 
         7.7016672        -3.4597779                 0         6.5727667        -424.67492                 0          244.9149                 0                 0                 0                 0      -0.001036138                 0               250          25.69005	B2, 
         7.7046651        -3.4623749                 0         6.5742644        -424.67577                 0         244.91342                 0                 0                 0                 0    -0.00090800875                 0               250          25.70005	B2, 
          7.707663        -3.4649719                 0         6.5757621        -424.67652                 0         244.91213                 0                 0                 0                 0     -0.0007922969                 0               250          25.71005	B2, 
          7.710661        -3.4675689                 0         6.5772598        -424.67717                 0           244.911                 0                 0                 0                 0    -0.00068826455                 0               250          25.72005	B2, 
         7.7136589        -3.4701659                 0         6.5787575        -424.67773                 0         244.91002                 0                 0                 0                 0    -0.00059516206                 0               250          25.73005	B2, 
         7.7166568        -3.4727629                 0         6.5802552        -424.67822                 0         244.90918                 0                 0                 0                 0    -0.00051223487                 0               250          25.74005	B2, 
         7.7196547        -3.4753599                 0         6.5817528        -424.67864                 0         244.90846                 0                 0                 0                 0    -0.00043873023                 0               250          25.75005	B2, 
         7.7226526         -3.477957                 0         6.5832505        -424.67899                 0         244.90784                 0                 0                 0                 0    -0.00037390367                 0               250          25.76005	B2, 
         7.7256506         -3.480554                 0         6.5847482         -424.6793                 0         244.90731                 0                 0                 0                 0    -0.00031702507                 0               250          25.77005	B2, 
         7.7286485         -3.483151                 0         6.5862458        -424.67955                 0         244.90687                 0                 0                 0                 0    -0.00026738431                 0               250          25.78005	B2, 
         7.7316464         -3.485748                 0         6.5877435        -424.67977                 0         244.90649                 0                 0                 0                 0    -0.00022429628                 0               250          25.79005	B2, 
         7.7346443         -3.488345                 0         6.5892412        -424.67995                 0         244.90618                 0                 0                 0                 0    -0.00018710534                 0               250          25.80005	B2, 
         7.7376422        -3.4909421                 0         6.5907388         -424.6801                 0         244.90592                 0                 0                 0                 0    -0.00015518904                 0               250          25.81005	B2, 
         7.7406402        -3.4935391                 0         6.5922365        -424.68022                 0         244.90571                 0                 0                 0                 0    -0.00012796114                 0               250          25.82005	B2, 
         7.7436381        -3.4961361                 0         6.5937342        -424.68033                 0         244.90553                 0                 0                 0                 0    -0.00010487391                 0               250          25.83005	B2, 
          7.746636        -3.4987331                 0         6.5952318        -424.68041                 0         244.90538                 0                 0                 0                 0    -8.5419675e-05                 0               250          25.84005	B2, 
         7.7496339        -3.5013302                 0         6.5967295        -424.68048                 0         244.90527                 0                 0                 0                 0    -6.9131626e-05                 0               250          25.85005	B2, 
         7.7526318        -3.5039272                 0         6.5982271        -424.68053                 0         244.90517                 0                 0                 0                 0    -5.5584029e-05                 0               250          25.86005	B2, 
         7.7556297        -3.5065242                 0         6.5997248        -424.68057                 0          244.9051                 0                 0                 0                 0    -4.4391748e-05                 0               250          25.87005	B2, 
         7.7586277        -3.5091212                 0         6.6012224        -424.68061                 0         244.90504                 0                 0                 0                 0    -3.5209234e-05                 0               250          25.88005	B2, 
         7.7616256        -3.5117183                 0         6.6027201        -424.68064                 0         244.90499                 0                 0                 0                 0    -2.7729036e-05                 0               250          25.89005	B2, 
         7.7646235        -3.5143153                 0         6.6042177        -424.68066                 0         244.90495                 0                 0                 0                 0    -2.1679892e-05                 0               250          25.90005	B2, 
         7.7676214        -3.5169123                 0         6.6057154        -424.68068                 0         244.90492                 0                 0                 0                 0    -1.6824511e-05                 0               250          25.91005	B2, 
         7.7706193        -3.5195093                 0          6.607213        -424.68069                 0          244.9049                 0                 0                 0                 0    -1.2957111e-05                 0               250          25.92005	B2, 
         7.7736173        -3.5221064                 0         6.6087107         -424.6807                 0         244.90488                 0                 0                 0                 0    -9.9007981e-06                 0               250          25.93005	B2, 
         7.7766152        -3.5247034                 0         6.6102084        -424.68071                 0         244.90487                 0                 0                 0                 0    -7.5048672e-06                 0               250          25.94005	B2, 
         7.7796131        -3.5273004                 0          6.611706        -424.68071                 0         244.90486                 0                 0                 0                 0    -5.6420841e-06                 0               250          25.95005	B2, 
          7.782611        -3.5298974                 0         6.6132037        -424.68072                 0         244.90485                 0                 0                 0                 0    -4.2060197e-06                 0               250          25.96005	B2, 
         7.7856089        -3.5324945                 0         6.6147013        -424.68072                 0         244.90484                 0                 0                 0                 0     -3.108481e-06                 0               250          25.97005	B2, 
         7.7886068        -3.5350915                 0          6.616199        -424.68072                 0         244.90484                 0                 0                 0                 0    -2.2770825e-06                 0               250          25.98005	B2, 
         7.7916048        -3.5376885                 0         6.6176966        -424.68072                 0         244.90484                 0                 0                 0                 0    -1.6529886e-06                 0               250          25.99005	B2, 
         7.7946027        -3.5402856                 0         6.6191943        -424.68072                 0         244.90484                 0                 0                 0                 0    -1.1888495e-06                 0               250          26.00005	B2, 
         7.7976006        -3.5428826                 0         6.6206919        -424.68073                 0         244.90483                 0                 0                 0                 0    -8.4694203e-07                 0               250          26.01005	B2, 
         7.8005985        -3.5454796                 0         6.6221896        -424.68073                 0         244.90483                 0                 0                 0                 0    -5.9752017e-07                 0               250          26.02005	B2, 
         7.8035964        -3.5480766                 0         6.6236872        -424.68073                 0         244.90483                 0                 0                 0                 0     -4.173729e-07                 0               250          26.03005	B2, 
         7.8065944        -3.5506737                 0         6.6251849        -424.68073                 0         244.90483                 0                 0                 0                 0    -2.8858108e-07                 0               250          26.04005	B2, 
         7.8095923        -3.5532707                 0         6.6266825        -424.68073                 0         244.90483                 0                 0                 0                 0    -1.9746082e-07                 0               250          26.05005	B2, 
         7.8125902        -3.5558677                 0         6.6281802        -424.68073                 0         244.90483                 0                 0                 0                 0    -1.3367785e-07                 0               250          26.06005	B2, 
         7.8155881        -3.5584647                 0         6.6296778        -424.68073                 0         244.90483                 0                 0                 0                 0    -8.9515392e-08                 0               250          26.07005	B2, 
          7.818586        -3.5610618                 0         6.6311755        -424.68073                 0         244.90483                 0                 0                 0                 0    -5.9277306e-08                 0               250          26.08005	B2, 
         7.8215839        -3.5636588                 0         6.6326732        -424.68073                 0         244.90483                 0                 0                 0                 0    -3.8808131e-08                 0               250          26.09005	B2, 
         7.8245819        -3.5662558                 0         6.6341708        -424.68073                 0         244.90483                 0                 0                 0                 0      -2.51125e-08                 0               250          26.10005	B2, 
         7.8275798        -3.5688529                 0         6.6356685        -424.68073                 0         244.90483                 0                 0                 0                 0    -1.6057498e-08                 0               250          26.11005	B2, 
         7.8305777        -3.5714499                 0         6.6371661        -424.68073                 0         244.90483                 0                 0                 0                 0    -1.0143144e-08                 0               250          26.12005	B2, 
         7.8335756        -3.5740469                 0         6.6386638        -424.68073                 0         244.90483                 0                 0                 0                 0    -6.3278841e-09                 0               250          26.13005	B2, 
         7.8365735        -3.5766439                 0         6.6401614        -424.68073                 0         244.90483                 0                 0                 0                 0    -3.8977888e-09                 0               250          26.14005	B2, 
         7.8395715         -3.579241                 0         6.6416591        -424.68073                 0         244.90483                 0                 0                 0                 0    -2.3699159e-09                 0               250          26.15005	B2, 
         7.8425694         -3.581838                 0         6.6431567        -424.68073                 0         244.90483                 0                 0                 0                 0    -1.4219414e-09                 0               250          26.16005	B2, 
         7.8455673         -3.584435                 0         6.6446544        -424.68073                 0         244.90483                 0                 0                 0                 0    -8.4167049e-10                 0               250          26.17005	B2, 
         7.8485652         -3.587032                 0          6.646152        -424.68073                 0         244.90483                 0                 0                 0                 0    -4.9134881e-10                 0               250          26.18005	B2, 
         7.8515631        -3.5896291                 0         6.6476497        -424.68073                 0         244.90483                 0                 0                 0                 0    -2.8281285e-10                 0               250          26.19005	B2, 
          7.854561        -3.5922261                 0         6.6491473        -424.68073                 0         244.90483                 0                 0                 0                 0    -1.6045085e-10                 0               250          26.20005	B2, 
          7.857559        -3.5948231                 0          6.650645        -424.68073                 0         244.90483                 0                 0                 0                 0    -8.9699286e-11                 0               250          26.21005	B2, 
         7.8605569        -3.5974201                 0         6.6521426        -424.68073                 0         244.90483                 0                 0                 0                 0    -4.9397926e-11                 0               250          26.22005	B2, 
         7.8635548        -3.6000172                 0         6.6536403        -424.68073                 0         244.90483                 0                 0                 0                 0     -2.678971e-11                 0               250          26.23005	B2, 
         7.8665527        -3.6026142                 0         6.6551379        -424.68073                 0         244.90483                 0                 0                 0                 0    -1.4303157e-11                 0               250          26.24005	B2, 
         7.8695506        -3.6052112                 0         6.6566356        -424.68073                 0         244.90483                 0                 0                 0                 0    -7.5155988e-12                 0               250          26.25005	B2, 
         7.8725486        -3.6078083                 0         6.6581333        -424.68073                 0         244.90483                 0                 0                 0                 0    -3.8852981e-12                 0               250          26.26005	B2, 
         7.8755465        -3.6104053                 0         6.6596309        -424.68073                 0         244.90483                 0                 0                 0                 0    -1.9754846e-12                 0               250          26.27005	B2, 
         7.8785444        -3.6130023                 0         6.6611286        -424.68073                 0         244.90483                 0                 0                 0                 0    -9.8757276e-13                 0               250          26.28005	B2, 
         7.8815423        -3.6155993                 0         6.6626262        -424.68073                 0         244.90483                 0                 0                 0                 0    -4.8525094e-13                 0               250          26.29005	B2, 
         7.8845402        -3.6181964                 0         6.6641239        -424.68073                 0         244.90483                 0                 0                 0                 0    -2.3427142e-13                 0               250          26.30005	B2, 
         7.8875381        -3.6207934                 0         6.6656215        -424.68073                 0         244.90483                 0                 0                 0                 0    -1.1109123e-13                 0               250          26.31005	B2, 
         7.8905361        -3.6233904                 0         6.6671192        -424.68073                 0         244.90483                 0                 0                 0                 0    -5.1724666e-14                 0               250          26.32005	B2, 
          7.893534        -3.6259874                 0         6.6686168        -424.68073                 0         244.90483                 0                 0                 0                 0    -2.3638566e-14                 0               250          26.33005	B2, 
         7.8965319        -3.6285845                 0         6.6701145        -424.68073                 0         244.90483                 0                 0                 0                 0    -1.0599763e-14                 0               250          26.34005	B2, 
         7.8995298        -3.6311815                 0         6.6716121        -424.68073                 0         244.90483                 0                 0                 0                 0     -4.661942e-15                 0               250          26.35005	B2, 
         7.9025277        -3.6337785                 0         6.6731098        -424.68073                 0         244.90483                 0                 0                 0                 0    -2.0103673e-15                 0               250          26.36005	B2, 
         7.9055257        -3.6363756                 0         6.6746074        -424.68073                 0         244.90483                 0                 0                 0                 0    -8.4969279e-16                 0               250          26.37005	B2, 
         7.9085236        -3.6389726                 0         6.6761051        -424.68073                 0         244.90483                 0                 0                 0                 0    -3.5185569e-16                 0               250          26.38005	B2, 
         7.9115215        -3.6415696                 0         6.6776027        -424.68073                 0         244.90483                 0                 0                 0                 0    -1.4269852e-16                 0               250          26.39005	B2, 
         7.9145194        -3.6441666                 0         6.6791004        -424.68073                 0         244.90483                 0                 0                 0                 0    -5.6657936e-17                 0               250          26.40005	B2, 
         7.9175173        -3.6467637                 0         6.6805981        -424.68073                 0         244.90483                 0                 0                 0                 0     -2.201509e-17                 0               250          26.41005	B2, 
         7.9205153        -3.6493607                 0         6.6820957        -424.68073                 0         244.90483                 0                 0                 0                 0    -8.3681341e-18                 0               250          26.42005	B2, 
         7.9235132        -3.6519577                 0         6.6835934        -424.68073                 0         244.90483                 0                 0                 0                 0    -3.1103783e-18                 0               250          26.43005	B2, 
         7.9265111        -3.6545547                 0          6.685091        -424.68073                 0         244.90483                 0                 0                 0                 0    -1.1300564e-18                 0               250          26.44005	B2, 
          7.929509        -3.6571518                 0         6.6865887        -424.68073                 0         244.90483                 0                 0                 0                 0    -4.0115581e-19                 0               250          26.45005	B2, 
         7.9325069        -3.6597488                 0         6.6880863        -424.68073                 0         244.90483                 0                 0                 0                 0    -1.3908294e-19                 0               250          26.46005	B2, 
         7.9355048        -3.6623458                 0          6.689584        -424.68073                 0         244.90483                 0                 0                 0                 0    -4.7076263e-20                 0               250          26.47005	B2, 
         7.9385028        -3.6649428                 0         6.6910816        -424.68073                 0         244.90483                 0                 0                 0                 0    -1.5549446e-20                 0               250          26.48005	B2, 
         7.9415007        -3.6675399                 0         6.6925793        -424.68073                 0         244.90483                 0                 0                 0                 0     -5.009888e-21                 0               250          26.49005	B2, 
         7.9444986        -3.6701369                 0         6.6940769        -424.68073                 0         244.90483                 0                 0                 0                 0    -1.5738176e-21                 0               250          26.50005	B2, 
         7.9474965        -3.6727339                 0         6.6955746        -424.68073                 0         244.90483                 0                 0                 0                 0    -4.8184248e-22                 0               250          26.51005	B2, 
         7.9504944         -3.675331                 0         6.6970722        -424.68073                 0         244.90483                 0                 0                 0                 0    -1.4371063e-22                 0               250          26.52005	B2, 
         7.9534924         -3.677928                 0         6.6985699        -424.68073                 0         244.90483                 0                 0                 0                 0    -4.1736159e-23                 0               250          26.53005	B2, 
         7.9564903         -3.680525                 0         6.7000675        -424.68073                 0         244.90483                 0                 0                 0                 0    -1.1797236e-23                 0               250          26.54005	B2, 
         7.9594882         -3.683122                 0         6.7015652        -424.68073                 0         244.90483                 0                 0                 0                 0    -3.2441016e-24                 0               250          26.55005	B2, 
         7.9624861        -3.6857191                 0         6.7030629        -424.68073                 0         244.90483                 0                 0                 0                 0    -8.6747119e-25                 0               250          26.56005	B2, 
          7.965484        -3.6883161                 0         6.7045605        -424.68073                 0         244.90483                 0                 0                 0                 0    -2.2545499e-25                 0               250          26.57005	B2, 
         7.9684819        -3.6909131                 0         6.7060582        -424.68073                 0         244.90483                 0                 0                 0                 0    -5.6925167e-26                 0               250          26.58005	B2, 
         7.9714799        -3.6935101                 0         6.7075558        -424.68073                 0         244.90483                 0                 0                 0                 0    -1.3956667e-26                 0               250          26.59005	B2, 
         7.9744778        -3.6961072                 0         6.7090535        -424.68073                 0         244.90483                 0                 0                 0                 0    -3.3211078e-27                 0               250          26.60005	B2, 
         7.9774757        -3.6987042                 0         6.7105511        -424.68073                 0         244.90483                 0                 0                 0                 0    -7.6664943e-28                 0               250          26.61005	B2, 
         7.9804736        -3.7013012                 0         6.7120488        -424.68073                 0         244.90483                 0                 0                 0                 0    -1.7159696e-28                 0               250          26.62005	B2, 
         7.9834715        -3.7038983                 0         6.7135464        -424.68073                 0         244.90483                 0                 0                 0                 0    -3.7222486e-29                 0               250          26.63005	B2, 
         7.9864695        -3.7064953                 0         6.7150441        -424.68073                 0         244.90483                 0                 0                 0                 0    -7.8210649e-30                 0               250          26.64005	B2, 
         7.9894674        -3.7090923                 0         6.7165417        -424.68073                 0         244.90483                 0                 0                 0                 0    -1.5910013e-30                 0               250          26.65005	B2, 
         7.9924653        -3.7116893                 0         6.7180394        -424.68073                 0         244.90483                 0                 0                 0                 0    -3.1318169e-31                 0               250          26.66005	B2, 
         7.9954632        -3.7142864                 0          6.719537        -424.68073                 0         244.90483                 0                 0                 0                 0    -5.9623578e-32                 0               250          26.67005	B2, 
         7.9984611        -3.7168834                 0         6.7210347        -424.68073                 0         244.90483                 0                 0                 0                 0    -1.0972558e-32                 0               250          26.68005	B2, 
          8.001459        -3.7194804                 0         6.7225323        -424.68073                 0         244.90483                 0                 0                 0                 0    -1.9509034e-33                 0               250          26.69005	B2, 
          8.004457        -3.7220774                 0           6.72403        -424.68073                 0         244.90483                 0                 0                 0                 0    -3.3494174e-34                 0               250          26.70005	B2, 
         8.0074549        -3.7246745                 0         6.7255277        -424.68073                 0         244.90483                 0                 0                 0                 0    -5.5497503e-35                 0               250          26.71005	B2, 
         8.0104528        -3.7272715                 0         6.7270253        -424.68073                 0         244.90483                 0                 0                 0                 0    -8.8697416e-36                 0               250          26.72005	B2, 
         8.0134507        -3.7298685                 0          6.728523        -424.68073                 0         244.90483                 0                 0                 0                 0                 0                 0               250          26.73005	B2, 
         8.0164486        -3.7324656                 0         6.7300206        -424.68073                 0         244.90483                 0                 0                 0                 0                 0                 0               250          26.74005	B2, 
         8.0194466        -3.7350626                 0         6.7315183        -424.68073                 0         244.90483                 0                 0                 0                 0                 0                 0               250          26.75005	B2, 
         8.0224445        -3.7376596                 0         6.7330159        -424.68073                 0         244.90483                 0                 0                 0                 0                 0                 0               250          26.76005	B2, 
         8.0254424        -3.7402566                 0         6.7345136        -424.68073                 0         244.90483                 0                 0                 0                 0                 0                 0               250          26.77005	B2, 
         8.0284403        -3.7428537                 0         6.7360112        -424.68073                 0         244.90483                 0                 0                 0                 0                 0                 0               250          26.78005	B2, 
         8.0314382        -3.7454507                 0         6.7375089        -424.68073                 0         244.90483                 0                 0                 0                 0                 0                 0               250          26.79005	B2, 
         8.0344361        -3.7480477                 0         6.7390065        -424.68073                 0         244.90483                 0                 0                 0                 0                 0                 0               250          26.80005	B2, 
         8.0374341        -3.7506447                 0         6.7405042        -424.68073                 0         244.90483                 0                 0                 0                 0                 0                 0               250          26.81005	B2, 
          8.040432        -3.7532418                 0         6.7420018        -424.68073                 0         244.90483                 0                 0                 0                 0                 0                 0               250          26.82005	B2, 
         8.0434299        -3.7558388                 0         6.7434995        -424.68073                 0         244.90483                 0                 0                 0                 0                 0                 0               250          26.83005	B2, 
         8.0464278        -3.7584358                 0         6.7449971        -424.68073                 0         244.90483                 0                 0                 0                 0                 0                 0               250          26.84005	B2, 
         8.0494257        -3.7610328                 0         6.7464948        -424.68073                 0         244.90483                 0                 0                 0                 0                 0                 0               250          26.85005	B2, 
         8.0524237        -3.7636299                 0         6.7479924        -424.68073                 0         244.90483                 0                 0                 0                 0                 0                 0               250          26.86005	B2, 
         8.0554216        -3.7662269                 0         6.7494901        -424.68073                 0         244.90483                 0                 0                 0                 0                 0                 0               250          26.87005	B2, 
         8.0584195        -3.7688239                 0         6.7509878        -424.68073                 0         244.90483                 0                 0                 0                 0                 0                 0               250          26.88005	B2, 
         8.0614174         -3.771421                 0         6.7524854        -424.68073                 0         244.90483                 0                 0                 0                 0                 0                 0               250          26.89005	B2, 
         8.0644153         -3.774018                 0         6.7539831        -424.68073                 0         244.90483                 0                 0                 0                 0                 0                 0               250          26.90005	B2, 
         8.0674133         -3.776615                 0         6.7554807        -424.68073                 0         244.90483                 0                 0                 0                 0                 0                 0               250          26.91005	B2, 
         8.0704112         -3.779212                 0         6.7569784        -424.68073                 0         244.90483                 0                 0                 0                 0                 0                 0               250          26.92005	B2, 
         8.0734091        -3.7818091                 0          6.758476        -424.68073                 0         244.90483                 0                 0                 0                 0                 0                 0               250          26.93005	B2, 
          8.076407        -3.7844061                 0         6.7599737        -424.68073                 0         244.90483                 0                 0                 0                 0                 0                 0               250          26.94005	B2, 
         8.0794049        -3.7870031                 0         6.7614713        -424.68073                 0         244.90483                 0                 0                 0                 0                 0                 0               250          26.95005	B2, 
         8.0824028        -3.7896001                 0          6.762969        -424.68073                 0         244.90483                 0                 0                 0                 0                 0                 0               250          26.96005	B2, 
         8.0854008        -3.7921972                 0         6.7644666        -424.68073                 0         244.90483                 0                 0                 0                 0                 0                 0               250          26.97005	B2, 
         8.0883987        -3.7947942                 0         6.7659643        -424.68073                 0         244.90483                 0                 0                 0                 0                 0                 0               250          26.98005	B2, 
         8.0913966        -3.7973912                 0         6.7674619        -424.68073                 0         244.90483                 0                 0                 0                 0                 0                 0               250          26.99005	B2, 
         8.0943945        -3.7999883                 0         6.7689596        -424.68073                 0         244.90483                 0                 0                 0                 0                 0                 0               250          27.00005	B2, 
         8.0973924        -3.8025853                 0         6.7704572        -424.68073                 0         244.90483                 0                 0                 0                 0                 0                 0               250          27.01005	B2, 
         8.1003904        -3.8051823                 0         6.7719549        -424.68073                 0         244.90483                 0                 0                 0                 0                 0                 0               250          27.02005	B2, 
         8.1033883        -3.8077793                 0         6.7734526        -424.68073                 0         244.90483                 0                 0                 0                 0                 0                 0               250          27.03005	B2, 
         8.1063862        -3.8103764                 0         6.7749502        -424.68073                 0         244.90483                 0                 0                 0                 0                 0                 0               250          27.04005	B2, 
         8.1093841        -3.8129734                 0         6.7764479        -424.68073                 0         244.90483                 0                 0                 0                 0                 0                 0               250          27.05005	B2, 
          8.112382        -3.8155704                 0         6.7779455        -424.68073                 0         244.90483                 0                 0                 0                 0                 0                 0               250          27.06005	B2, 
         8.1153799        -3.8181674                 0         6.7794432        -424.68073                 0         244.90483                 0                 0                 0                 0                 0                 0               250          27.07005	B2, 
         8.1183779        -3.8207645                 0         6.7809408        -424.68073                 0         244.90483                 0                 0                 0                 0                 0                 0               250          27.08005	B2, 
         8.1213758        -3.8233615                 0         6.7824385        -424.68073                 0         244.90483                 0                 0                 0                 0                 0                 0               250          27.09005	B2, 
         8.1243737        -3.8259585                 0         6.7839361        -424.68073                 0         244.90483                 0                 0                 0                 0                 0                 0               250          27.10005	B2, 
         8.1273716        -3.8285556                 0         6.7854338        -424.68073                 0         244.90483                 0                 0                 0                 0                 0                 0               250          27.11005	B2, 
         8.1303695        -3.8311526                 0         6.7869314        -424.68073                 0         244.90483                 0                 0                 0                 0                 0                 0               250          27.12005	B2, 
         8.1333675        -3.8337496                 0         6.7884291        -424.68073                 0         244.90483                 0                 0                 0                 0                 0                 0               250          27.13005	B2, 
         8.1363654        -3.8363466                 0         6.7899267        -424.68073                 0         244.90483                 0                 0                 0                 0                 0                 0               250          27.14005	B2, 
         8.1393633        -3.8389437                 0         6.7914244        -424.68073                 0         244.90483                 0                 0                 0                 0                 0                 0               250          27.15005	B2, 
         8.1423612        -3.8415407                 0          6.792922        -424.68073                 0         244.90483                 0                 0                 0                 0                 0                 0               250          27.16005	B2, 
         8.1453591        -3.8441377                 0         6.7944197        -424.68073                 0         244.90483                 0                 0                 0                 0                 0                 0               250          27.17005	B2, 
          8.148357        -3.8467347                 0         6.7959174        -424.68073                 0         244.90483                 0                 0                 0                 0                 0                 0               250          27.18005	B2, 
          8.151355        -3.8493318                 0          6.797415        -424.68073                 0         244.90483                 0                 0                 0                 0                 0                 0               250          27.19005	B2, 
         8.1543529        -3.8519288                 0         6.7989127        -424.68073                 0         244.90483                 0                 0                 0                 0                 0                 0               250          27.20005	B2, 
         8.1573508        -3.8545258                 0         6.8004103        -424.68073                 0         244.90483                 0                 0                 0                 0                 0                 0               250          27.21005	B2, 
         8.1603487        -3.8571228                 0          6.801908        -424.68073                 0         244.90483                 0                 0                 0                 0                 0                 0               250          27.22005	B2, 
         8.1633466        -3.8597199                 0         6.8034056        -424.68073                 0         244.90483                 0                 0                 0                 0                 0                 0               250          27.23005	B2, 
         8.1663446        -3.8623169                 0         6.8049033        -424.68073                 0         244.90483                 0                 0                 0                 0                 0                 0               250          27.24005	B2, 
         8.1693425        -3.8649139                 0         6.8064009        -424.68073                 0         244.90483                 0                 0                 0                 0                 0                 0               250          27.25005	B2, 
         8.1723404         -3.867511                 0         6.8078986        -424.68073                 0         244.90483                 0                 0                 0                 0                 0                 0               250          27.26005	B2, 
         8.1753383         -3.870108                 0         6.8093962        -424.68073                 0         244.90483                 0                 0                 0                 0                 0                 0               250          27.27005	B2, 
         8.1783362         -3.872705                 0         6.8108939        -424.68073                 0         244.90483                 0                 0                 0                 0                 0                 0               250          27.28005	B2, 
         8.1813341         -3.875302                 0         6.8123915        -424.68073                 0         244.90483                 0                 0                 0                 0                 0                 0               250          27.29005	B2, 
         8.1843321        -3.8778991                 0         6.8138892        -424.68073                 0         244.90483                 0                 0                 0                 0                 0                 0               250          27.30005	B2, 
           8.18733        -3.8804961                 0         6.8153868        -424.68073                 0         244.90483                 0                 0                 0                 0                 0                 0               250          27.31005	B2, 
         8.1903279        -3.8830931                 0         6.8168845        -424.68073                 0         244.90483                 0                 0                 0                 0                 0                 0               250          27.32005	B2, 
         8.1933258        -3.8856901                 0         6.8183822        -424.68073                 0         244.90483                 0                 0                 0                 0                 0                 0               250          27.33005	B2, 
         8.1963237        -3.8882872                 0         6.8198798        -424.68073                 0         244.90483                 0                 0                 0                 0                 0                 0               250          27.34005	B2, 
         8.1993217        -3.8908842                 0         6.8213775        -424.68073                 0         244.90483                 0                 0                 0                 0                 0                 0               250          27.35005	B2, 
         8.2023196        -3.8934812                 0         6.8228751        -424.68073                 0         244.90483                 0                 0                 0                 0                 0                 0               250          27.36005	B2, 
         8.2053175        -3.8960783                 0         6.8243728        -424.68073                 0         244.90483                 0                 0                 0                 0                 0                 0               250          27.37005	B2, 
         8.2083154        -3.8986753                 0         6.8258704        -424.68073                 0         244.90483                 0                 0                 0                 0                 0                 0               250          27.38005	B2, 
         8.2113133        -3.9012723                 0         6.8273681        -424.68073                 0         244.90483                 0                 0                 0                 0                 0                 0               250          27.39005	B2, 
         8.2143112        -3.9038693                 0         6.8288657        -424.68073                 0         244.90483                 0                 0                 0                 0                 0                 0               250          27.40005	B2, 
         8.2173092        -3.9064664                 0         6.8303634        -424.68073                 0         244.90483                 0                 0                 0                 0                 0                 0               250          27.41005	B2, 
         8.2203071        -3.9090634                 0          6.831861        -424.68073                 0         244.90483                 0                 0                 0                 0                 0                 0               250          27.42005	B2, 
          8.223305        -3.9116604                 0         6.8333587        -424.68073                 0         244.90483                 0                 0                 0                 0                 0                 0               250          27.43005	B2, 
         8.2263029        -3.9142574                 0         6.8348563        -424.68073                 0         244.90483                 0                 0                 0                 0                 0                 0               250          27.44005	B2, 
         8.2293008        -3.9168545                 0          6.836354        -424.68073                 0         244.90483                 0                 0                 0                 0                 0                 0               250          27.45005	B2, 
         8.2322988        -3.9194515                 0         6.8378516        -424.68073                 0         244.90483                 0                 0                 0                 0                 0                 0               250          27.46005	B2, 
         8.2352967        -3.9220485                 0         6.8393493        -424.68073                 0         244.90483                 0                 0                 0                 0                 0                 0               250          27.47005	B2, 
         8.2382946        -3.9246455                 0         6.8408469        -424.68073                 0         244.90483                 0                 0                 0                 0                 0                 0               250          27.48005	B2, 
         8.2412925        -3.9272426                 0         6.8423446        -424.68073                 0         244.90483                 0                 0                 0                 0                 0                 0               250          27.49005	B2, 
         8.2442904        -3.9298396                 0         6.8438423        -424.68073                 0         244.90483                 0                 0                 0                 0                 0                 0               250          27.50005	B2, 
         8.2472884        -3.9324366                 0         6.8453399        -424.68073                 0         244.90483                 0                 0                 0                 0                 0                 0               250          27.51005	B2, 
         8.2502863        -3.9350337                 0         6.8468376        -424.68073                 0         244.90483                 0                 0                 0                 0                 0                 0               250          27.52005	B2, 
         8.2532842        -3.9376307                 0         6.8483352        -424.68073                 0         244.90483                 0                 0                 0                 0                 0                 0               250          27.53005	B2, 
         8.2562821        -3.9402277                 0         6.8498329        -424.68073                 0         244.90483                 0                 0                 0                 0                 0                 0               250          27.54005	B2, 
           8.25928        -3.9428247                 0         6.8513305        -424.68073                 0         244.90483                 0                 0                 0                 0                 0                 0               250          27.55005	B2, 
         8.2622779        -3.9454218                 0         6.8528282        -424.68073                 0         244.90483                 0                 0                 0                 0                 0                 0               250          27.56005	B2, 
         8.2652759        -3.9480188                 0         6.8543258        -424.68073                 0         244.90483                 0                 0                 0                 0                 0                 0               250          27.57005	B2, 
         8.2682738        -3.9506158                 0         6.8558235        -424.68073                 0         244.90483                 0                 0                 0                 0                 0                 0               250          27.58005	B2, 
         8.2712717        -3.9532128                 0         6.8573211        -424.68073                 0         244.90483                 0                 0                 0                 0                 0                 0               250          27.59005	B2, 
         8.2742696        -3.9558099                 0         6.8588188        -424.68073                 0         244.90483                 0                 0                 0                 0                 0                 0               250          27.60005	B2, 
         8.2772675        -3.9584069                 0         6.8603164        -424.68073                 0         244.90483                 0                 0                 0                 0                 0                 0               250          27.61005	B2, 
         8.2802655        -3.9610039                 0         6.8618141        -424.68073                 0         244.90483                 0                 0                 0                 0                 0                 0               250          27.62005	B2, 
         8.2832634         -3.963601                 0         6.8633117        -424.68073                 0         244.90483                 0                 0                 0                 0                 0                 0               250          27.63005	B2, 
         8.2862613         -3.966198                 0         6.8648094        -424.68073                 0         244.90483                 0                 0                 0                 0                 0                 0               250          27.64005	B2, 
         8.2892592         -3.968795                 0         6.8663071        -424.68073                 0         244.90483                 0                 0                 0                 0                 0                 0               250          27.65005	
         8.2922571         -3.971392                 0         6.8678047        -424.68073                 0         244.90483                 0                 0                 0                 0                 0                 0               250          27.66005	
