Kokkos::OpenMP::initialize WARNING: OMP_PROC_BIND environment variable not set
  In general, for best performance with OpenMP 4.0 or better set OMP_PROC_BIND=spread and OMP_PLACES=threads
  For best performance with OpenMP 3.1 set OMP_PROC_BIND=true
  For unit testing set OMP_PROC_BIND=false

OPAL-X>               ____  _____        _       __   __
OPAL-X> [1;32m
OPAL-X> 
OPAL-X>   ██████  ██████   █████  ██      ██   ██
OPAL-X>  ██    ██ ██   ██ ██   ██ ██       ██ ██
OPAL-X>  ██    ██ ██████  ███████ ██        ███
OPAL-X>  ██    ██ ██      ██   ██ ██       ██ ██
OPAL-X>   ██████  ██      ██   ██ ███████ ██   ██
OPAL-X> 
OPAL-X>          This is OPALX (Object Oriented Parallel Accelerator Library for Exascale)
OPAL-X> 
OPAL-X> [0m
OPAL-X> 
OPAL-X> OPALX is the performance portable version of OPAL :: Version 0.9
OPAL-X>             git rev. 1177cfa4a273047f3e436a2f1e19954d1e38a40c
OPAL-X> 
OPAL-X> 
OPAL-X>              (c) PSI, https://github.com/OPALX-project/OPALX
OPAL-X> 
OPAL-X> 
OPAL-X> Please send cookies, goodies or other motivations (wine and beer ... ) 
OPAL-X> to the OPAL developers https://github.com/OPALX-project/OPALX/issues
OPAL-X> 
OPAL-X> Time: 18:05:35 date: 03/07/2026
OPAL-X> 
OPAL-X> * Host:   OpenMP
OPAL-X> * Device: OpenMP
OPAL-X> 
OPAL-X> * Reading input stream 'spacecharge_drift_withness.in'
OPAL-X> * ************* F I E L D S O L V E R ********************************************** 
OPAL-X> * FIELDSOLVER  FS0
OPAL-X> * BINS         SOURCEBINNING
OPAL-X> * TYPE         OPEN
OPAL-X> * RANKS        1
OPAL-X> * NX           16
OPAL-X> * NY           16
OPAL-X> * NZ           32
OPAL-X> * BBOXINCR     1
OPAL-X> * GREENSF      STANDARD
OPAL-X> * XDIM         serial  
OPAL-X> * YDIM         serial  
OPAL-X> * ZDIM         parallel  
OPAL-X> * ********************************************************************************** 
OPAL-X> 
OPAL-X> * ************* B I N N I N G ****************************************************** 
OPAL-X> * BINNING        SOURCEBINNING
OPAL-X> * MAXBINS        1
OPAL-X> * DESIREDWIDTH   0.1
OPAL-X> * BINNINGALPHA   1
OPAL-X> * BINNINGBETA    1
OPAL-X> * ADAPTIVEBINNING FALSE
OPAL-X> * PARAMETER      VELOCITYZ
OPAL-X> * TABLEPRINTFREQ 0
OPAL-X> * ********************************************************************************** 
OPAL-X> 
OPAL-X> * RUN resolved beams: PRIMARY_ELECTRONS, WITNESS_ELECTRONS, WITNESS_POSITRONS
OPAL-X> * ************* B E A M ************************************************************ 
OPAL-X> * BEAM        PRIMARY_ELECTRONS
OPAL-X> * PARTICLE    ELECTRON
OPAL-X> * REST MASS   0.000510999 [GeV]
OPAL-X> * CHARGE      -e * 1 
OPAL-X> * MOMENTUM    2.4551e+08 [eV/c]
OPAL-X> * MOMENTUM    0.24551 [GeV/c]
OPAL-X> * BCHARGE     2.00272e-14 [C]
OPAL-X> * NALLOC      100
OPAL-X> * ********************************************************************************** 
OPAL-X> 
OPAL-X> * ************* B E A M ************************************************************ 
OPAL-X> * BEAM        WITNESS_ELECTRONS
OPAL-X> * PARTICLE    ELECTRON
OPAL-X> * REST MASS   0.000510999 [GeV]
OPAL-X> * CHARGE      -e * 1 
OPAL-X> * MOMENTUM    1 [eV/c]
OPAL-X> * MOMENTUM    0 [GeV/c]
OPAL-X> * BCHARGE     1.60218e-19 [C]
OPAL-X> * NALLOC      1
OPAL-X> * ********************************************************************************** 
OPAL-X> 
OPAL-X> * ************* B E A M ************************************************************ 
OPAL-X> * BEAM        WITNESS_POSITRONS
OPAL-X> * PARTICLE    POSITRON
OPAL-X> * REST MASS   0.000510999 [GeV]
OPAL-X> * CHARGE      +e * 1 
OPAL-X> * MOMENTUM    1 [eV/c]
OPAL-X> * MOMENTUM    0 [GeV/c]
OPAL-X> * BCHARGE     1.60218e-19 [C]
OPAL-X> * NALLOC      1
OPAL-X> * ********************************************************************************** 
OPAL-X> 
OPAL-X[2]> * Beam[0] PRIMARY_ELECTRONS macro charge per particle [C]: -2.00272e-16
OPAL-X[2]> * Beam[0] PRIMARY_ELECTRONS macro mass per particle [GeV/c^2]: 0.638749
OPAL-X[2]> * Beam[0] PRIMARY_ELECTRONS particles per macro particle: 1250
OPAL-X> 
OPAL-X[2]> * Beam[1] WITNESS_ELECTRONS macro charge per particle [C]: -1.60218e-19
OPAL-X[2]> * Beam[1] WITNESS_ELECTRONS macro mass per particle [GeV/c^2]: 0.000510999
OPAL-X[2]> * Beam[1] WITNESS_ELECTRONS particles per macro particle: 1
OPAL-X> 
OPAL-X[2]> * Beam[2] WITNESS_POSITRONS macro charge per particle [C]: 1.60218e-19
OPAL-X[2]> * Beam[2] WITNESS_POSITRONS macro mass per particle [GeV/c^2]: 0.000510999
OPAL-X[2]> * Beam[2] WITNESS_POSITRONS particles per macro particle: 1
OPAL-X> 
OPAL-X> * Creating new file for data: 'spacecharge_drift_withness_c0.stat'
OPAL-X> * Creating new file for data: 'spacecharge_drift_withness_c1.stat'
OPAL-X> * Creating new file for data: 'spacecharge_drift_withness_c2.stat'
OPAL-X> * Creating new file for data: 'spacecharge_drift_withness.lbal'
PartBunch::setSolver[2]> Initializing solver: OPEN
KOKKOS DEBUG[2]> =====================================
KOKKOS DEBUG[2]>  Kokkos Debug Information (Rank 0)
KOKKOS DEBUG[2]> =====================================
KOKKOS DEBUG[2]> CPU Threads (OpenMP): 8
KOKKOS DEBUG[2]> CUDA/HIP: GPU support disabled.
KOKKOS DEBUG[2]> Default Execution Space Concurrency: 8
KOKKOS DEBUG[2]> Binning cost function parameters: alpha = 1, beta = 1, desiredWidth = 0.1
KOKKOS DEBUG[2]> =====================================
PartBunch::pre_run[2]> Starting pre_run...
OPAL-X[2]> * BCHandler<3>: [OPEN, OPEN, OPEN]
OPAL-X[2]> * Particle sampling / sampler setup for all emission sources done.
OPAL-X[2]> * Configured emitting source of type FROMFILE with NPARTDIST = 1, t0 = 1.33426e-11
OPAL-X[2]> * Particle sampling / sampler setup for all emission sources done.
OPAL-X[2]> * Configured emitting source of type FROMFILE with NPARTDIST = 1, t0 = 1.33426e-11
OPAL-X[2]> * Particle sampling / sampler setup for all emission sources done.
OPAL-X> 
OPAL-X> * ************** B U N C H ********************************************************* 
OPAL-X> * CONTAINER       = 0
OPAL-X> * PARTICLES       = 100
OPAL-X> * CHARGE          = -2.002721e-14 (Cb) 
OPAL-X> * QM STORAGE MODE = SINGLE
OPAL-X> * <EKIN>          = 245.000 [MeV]
OPAL-X> * <dEKIN>         = 0.000 [eV]
OPAL-X> * INTEGRATOR      = LF2
OPAL-X> * MIN R (origin)  = (     -0.00444 ,     -0.00381 ,     -1.35004 ) [mm]
OPAL-X> * MAX R (max ext) = (      0.00487 ,      0.00555 ,      1.63297 ) [mm]
OPAL-X> * RMS R           = (      2.12475 ,      1.84051 ,    572.98021 ) [um]
OPAL-X> * RMS P           = ( 5.337203e-10 , 4.299399e-10 , 9.568117e-13 ) [beta gamma]
OPAL-X> * Mean R          = ( 0.000000e+00 , 2.541099e-23 , -2.168404e-21 ) [m]
OPAL-X> * Mean P          = ( 6.514437e-12 , -1.572353e-11 , 4.804520e+02 ) [beta gamma]
OPAL-X> * MESH SPACING    = (      0.59386 ,      0.59696 ,     95.08318 ) [um]
OPAL-X> * COMPDOM INCR    = 1.000000e+00 (%) 
OPAL-X> * FIELD LAYOUT    = Domain = {[0:15:1],[0:15:1],[0:31:1]}
OPAL-X> Total number of boxes = 1
OPAL-X>     Box 0 {[0:15:1],[0:15:1],[0:31:1]}
OPAL-X> 
OPAL-X> * Centroid : 
OPAL-X> * 0.000000e+00 6.514437e-10 2.541099e-21 -1.572353e-09 -2.168404e-19 4.804520e+04 
OPAL-X> * Cov Matrix : 
OPAL-X> * 4.514563e-12 -4.985681e-17 -7.164598e-13 4.484863e-18 4.686606e-11 -1.652178e-19 
OPAL-X> * -4.985681e-17 2.848573e-19 1.804231e-17 -3.715563e-20 -6.120926e-14 -1.609640e-23 
OPAL-X> * -7.164598e-13 1.804231e-17 3.387470e-12 -3.076314e-17 -2.647923e-10 -1.792814e-19 
OPAL-X> * 4.484863e-18 -3.715563e-20 -3.076314e-17 1.848483e-19 -4.058207e-14 -7.378586e-24 
OPAL-X> * 4.686606e-11 -6.120926e-14 -2.647923e-10 -4.058207e-14 3.283063e-07 1.219670e-16 
OPAL-X> * -1.652178e-19 -1.609640e-23 -1.792814e-19 -7.378586e-24 1.219670e-16 9.154886e-25 
OPAL-X> * * ********************************************************************************** 
OPAL-X> 
OPAL-X> 
OPAL-X> * ************** B U N C H ********************************************************* 
OPAL-X> * CONTAINER       = 1
OPAL-X> * PARTICLES       = 0
OPAL-X> * CHARGE          = -0.000000e+00 (Cb) 
OPAL-X> * QM STORAGE MODE = SINGLE
OPAL-X> * <EKIN>          = 0.000 [eV]
OPAL-X> * <dEKIN>         = 0.000 [eV]
OPAL-X> * INTEGRATOR      = LF2
OPAL-X> * MIN R (origin)  = (      0.00000 ,      0.00000 ,      0.00000 ) [um]
OPAL-X> * MAX R (max ext) = (      0.00000 ,      0.00000 ,      0.00000 ) [um]
OPAL-X> * RMS R           = (      0.00000 ,      0.00000 ,      0.00000 ) [um]
OPAL-X> * RMS P           = ( 0.000000e+00 , 0.000000e+00 , 0.000000e+00 ) [beta gamma]
OPAL-X> * Mean R          = ( 0.000000e+00 , 0.000000e+00 , 0.000000e+00 ) [m]
OPAL-X> * Mean P          = ( 0.000000e+00 , 0.000000e+00 , 0.000000e+00 ) [beta gamma]
OPAL-X> * MESH SPACING    = (      0.59386 ,      0.59696 ,     95.08318 ) [um]
OPAL-X> * COMPDOM INCR    = 1.000000e+00 (%) 
OPAL-X> * FIELD LAYOUT    = Domain = {[0:15:1],[0:15:1],[0:31:1]}
OPAL-X> Total number of boxes = 1
OPAL-X>     Box 0 {[0:15:1],[0:15:1],[0:31:1]}
OPAL-X> 
OPAL-X> * Centroid : 
OPAL-X> * 0.000000e+00 0.000000e+00 0.000000e+00 0.000000e+00 0.000000e+00 0.000000e+00 
OPAL-X> * Cov Matrix : 
OPAL-X> * 0.000000e+00 0.000000e+00 0.000000e+00 0.000000e+00 0.000000e+00 0.000000e+00 
OPAL-X> * 0.000000e+00 0.000000e+00 0.000000e+00 0.000000e+00 0.000000e+00 0.000000e+00 
OPAL-X> * 0.000000e+00 0.000000e+00 0.000000e+00 0.000000e+00 0.000000e+00 0.000000e+00 
OPAL-X> * 0.000000e+00 0.000000e+00 0.000000e+00 0.000000e+00 0.000000e+00 0.000000e+00 
OPAL-X> * 0.000000e+00 0.000000e+00 0.000000e+00 0.000000e+00 0.000000e+00 0.000000e+00 
OPAL-X> * 0.000000e+00 0.000000e+00 0.000000e+00 0.000000e+00 0.000000e+00 0.000000e+00 
OPAL-X> * * ********************************************************************************** 
OPAL-X> 
OPAL-X> 
OPAL-X> * ************** B U N C H ********************************************************* 
OPAL-X> * CONTAINER       = 2
OPAL-X> * PARTICLES       = 0
OPAL-X> * CHARGE          = 0.000000e+00 (Cb) 
OPAL-X> * QM STORAGE MODE = SINGLE
OPAL-X> * <EKIN>          = 0.000 [eV]
OPAL-X> * <dEKIN>         = 0.000 [eV]
OPAL-X> * INTEGRATOR      = LF2
OPAL-X> * MIN R (origin)  = (      0.00000 ,      0.00000 ,      0.00000 ) [um]
OPAL-X> * MAX R (max ext) = (      0.00000 ,      0.00000 ,      0.00000 ) [um]
OPAL-X> * RMS R           = (      0.00000 ,      0.00000 ,      0.00000 ) [um]
OPAL-X> * RMS P           = ( 0.000000e+00 , 0.000000e+00 , 0.000000e+00 ) [beta gamma]
OPAL-X> * Mean R          = ( 0.000000e+00 , 0.000000e+00 , 0.000000e+00 ) [m]
OPAL-X> * Mean P          = ( 0.000000e+00 , 0.000000e+00 , 0.000000e+00 ) [beta gamma]
OPAL-X> * MESH SPACING    = (      0.59386 ,      0.59696 ,     95.08318 ) [um]
OPAL-X> * COMPDOM INCR    = 1.000000e+00 (%) 
OPAL-X> * FIELD LAYOUT    = Domain = {[0:15:1],[0:15:1],[0:31:1]}
OPAL-X> Total number of boxes = 1
OPAL-X>     Box 0 {[0:15:1],[0:15:1],[0:31:1]}
OPAL-X> 
OPAL-X> * Centroid : 
OPAL-X> * 0.000000e+00 0.000000e+00 0.000000e+00 0.000000e+00 0.000000e+00 0.000000e+00 
OPAL-X> * Cov Matrix : 
OPAL-X> * 0.000000e+00 0.000000e+00 0.000000e+00 0.000000e+00 0.000000e+00 0.000000e+00 
OPAL-X> * 0.000000e+00 0.000000e+00 0.000000e+00 0.000000e+00 0.000000e+00 0.000000e+00 
OPAL-X> * 0.000000e+00 0.000000e+00 0.000000e+00 0.000000e+00 0.000000e+00 0.000000e+00 
OPAL-X> * 0.000000e+00 0.000000e+00 0.000000e+00 0.000000e+00 0.000000e+00 0.000000e+00 
OPAL-X> * 0.000000e+00 0.000000e+00 0.000000e+00 0.000000e+00 0.000000e+00 0.000000e+00 
OPAL-X> * 0.000000e+00 0.000000e+00 0.000000e+00 0.000000e+00 0.000000e+00 0.000000e+00 
OPAL-X> * * ********************************************************************************** 
OPAL-X> 
OPAL-X> * DR_UP gone live
OPAL-X> * IP1 gone live
ParallelTracker::execute[2]> Dump initial phase space done.
OPAL-X> * OrbitThreader dt_m= 1e-15
OPAL-X> * OrbitThreader maxDistance= 1
OPAL-X> * OrbitThreader #elements  = 1
OPAL-X> * OrbitThreader maxDistance= 1.79769e+308
OPAL-X> * OrbitThreader #elements  = 1
OPAL-X> 
OPAL-X> * Size of map 2 sections 
OPAL-X> * Key: (0.000000 - 0.001000) number of overlapping elements 1
OPAL-X> *                            DR_UP
OPAL-X> * Key: (0.001000 - 0.007000) number of overlapping elements 1
OPAL-X> *                            IP1
OPAL-X> 
OPAL-X> * Creating new file for data: 'data/spacecharge_drift_withness_ElementPositions.sdds'
OPAL-X> * Track start at: 18:05:36, t= 0.000 [fs]; zstart at: 0.000 [um]
OPAL-X> * Initial dt = 100.000 [fs]
OPAL-X> * Max integration steps = 600, next step = 0
OPAL-X>                dt [ns]           zStop [m]        num Steps [1]
OPAL-X> ->         1.000000e-13        3.950000e-03                 200
OPAL-X>            1.000000e-15        4.100000e-03                 400
PartBunch::performBunchSanityChecks[2]> ========= Done performing PartBunch sanity checks... =========
ParallelTracker::execute[2]> Starting track with dt = 100.000 [fs], track steps = 0 to 200.
BB-DIAG BB-state=Inactive active_bunches=3 retired_bunches=0 witness_states=c1:active:n=0,c2:active:n=0 BB-active=FALSE source_active=TRUE source_retirement_pending=FALSE
OPAL-X> * 18:05:36 Step      0 container[0] at 29.979 [um], t= 100.000 [fs], E=245.000 [MeV]
OPAL-X> * 18:05:36 Step      1 container[0] at 59.958 [um], t= 200.000 [fs], E=245.000 [MeV]
OPAL-X> * 18:05:36 Step      2 container[0] at 89.938 [um], t= 300.000 [fs], E=245.000 [MeV]
OPAL-X> * 18:05:37 Step      3 container[0] at 119.917 [um], t= 400.000 [fs], E=245.000 [MeV]
OPAL-X> * 18:05:37 Step      4 container[0] at 149.896 [um], t= 500.000 [fs], E=245.000 [MeV]
OPAL-X> * 18:05:37 Step      5 container[0] at 179.875 [um], t= 600.000 [fs], E=245.000 [MeV]
OPAL-X> * 18:05:38 Step      6 container[0] at 209.854 [um], t= 700.000 [fs], E=245.000 [MeV]
OPAL-X> * 18:05:38 Step      7 container[0] at 239.833 [um], t= 800.000 [fs], E=245.000 [MeV]
OPAL-X> * 18:05:39 Step      8 container[0] at 269.813 [um], t= 900.000 [fs], E=245.000 [MeV]
OPAL-X> * 18:05:39 Step      9 container[0] at 299.792 [um], t= 1.000 [ps], E=245.000 [MeV]
OPAL-X> * 18:05:39 Step     10 container[0] at 329.771 [um], t= 1.100 [ps], E=245.000 [MeV]
OPAL-X> * 18:05:39 Step     11 container[0] at 359.750 [um], t= 1.200 [ps], E=245.000 [MeV]
OPAL-X> * 18:05:40 Step     12 container[0] at 389.729 [um], t= 1.300 [ps], E=245.000 [MeV]
OPAL-X> * 18:05:40 Step     13 container[0] at 419.709 [um], t= 1.400 [ps], E=245.000 [MeV]
OPAL-X> * 18:05:40 Step     14 container[0] at 449.688 [um], t= 1.500 [ps], E=245.000 [MeV]
OPAL-X> * 18:05:41 Step     15 container[0] at 479.667 [um], t= 1.600 [ps], E=245.000 [MeV]
OPAL-X> * 18:05:41 Step     16 container[0] at 509.646 [um], t= 1.700 [ps], E=245.000 [MeV]
OPAL-X> * 18:05:41 Step     17 container[0] at 539.625 [um], t= 1.800 [ps], E=245.000 [MeV]
OPAL-X> * 18:05:42 Step     18 container[0] at 569.604 [um], t= 1.900 [ps], E=245.000 [MeV]
OPAL-X> * 18:05:42 Step     19 container[0] at 599.584 [um], t= 2.000 [ps], E=245.000 [MeV]
OPAL-X> * 18:05:42 Step     20 container[0] at 629.563 [um], t= 2.100 [ps], E=245.000 [MeV]
OPAL-X> * 18:05:43 Step     21 container[0] at 659.542 [um], t= 2.200 [ps], E=245.000 [MeV]
OPAL-X> * 18:05:43 Step     22 container[0] at 689.521 [um], t= 2.300 [ps], E=245.000 [MeV]
OPAL-X> * 18:05:43 Step     23 container[0] at 719.500 [um], t= 2.400 [ps], E=245.000 [MeV]
OPAL-X> * 18:05:44 Step     24 container[0] at 749.480 [um], t= 2.500 [ps], E=245.000 [MeV]
OPAL-X> * 18:05:44 Step     25 container[0] at 779.459 [um], t= 2.600 [ps], E=245.000 [MeV]
OPAL-X> * 18:05:44 Step     26 container[0] at 809.438 [um], t= 2.700 [ps], E=245.000 [MeV]
OPAL-X> * 18:05:45 Step     27 container[0] at 839.417 [um], t= 2.800 [ps], E=245.000 [MeV]
OPAL-X> * 18:05:45 Step     28 container[0] at 869.396 [um], t= 2.900 [ps], E=245.000 [MeV]
OPAL-X> * 18:05:45 Step     29 container[0] at 899.375 [um], t= 3.000 [ps], E=245.000 [MeV]
OPAL-X> * 18:05:45 Step     30 container[0] at 929.355 [um], t= 3.100 [ps], E=245.000 [MeV]
OPAL-X> * 18:05:46 Step     31 container[0] at 959.334 [um], t= 3.200 [ps], E=245.000 [MeV]
OPAL-X> * 18:05:46 Step     32 container[0] at 989.313 [um], t= 3.300 [ps], E=245.000 [MeV]
OPAL-X> * 18:05:46 Step     33 container[0] at 1.019 [mm], t= 3.400 [ps], E=245.000 [MeV]
OPAL-X> * 18:05:47 Step     34 container[0] at 1.049 [mm], t= 3.500 [ps], E=245.000 [MeV]
OPAL-X> * 18:05:47 Step     35 container[0] at 1.079 [mm], t= 3.600 [ps], E=245.000 [MeV]
OPAL-X> * 18:05:47 Step     36 container[0] at 1.109 [mm], t= 3.700 [ps], E=245.000 [MeV]
OPAL-X> * 18:05:48 Step     37 container[0] at 1.139 [mm], t= 3.800 [ps], E=245.000 [MeV]
OPAL-X> * 18:05:48 Step     38 container[0] at 1.169 [mm], t= 3.900 [ps], E=245.000 [MeV]
OPAL-X> * 18:05:48 Step     39 container[0] at 1.199 [mm], t= 4.000 [ps], E=245.000 [MeV]
OPAL-X> * 18:05:48 Step     40 container[0] at 1.229 [mm], t= 4.100 [ps], E=245.000 [MeV]
OPAL-X> * 18:05:49 Step     41 container[0] at 1.259 [mm], t= 4.200 [ps], E=245.000 [MeV]
OPAL-X> * 18:05:49 Step     42 container[0] at 1.289 [mm], t= 4.300 [ps], E=245.000 [MeV]
OPAL-X> * 18:05:49 Step     43 container[0] at 1.319 [mm], t= 4.400 [ps], E=245.000 [MeV]
OPAL-X> * 18:05:50 Step     44 container[0] at 1.349 [mm], t= 4.500 [ps], E=245.000 [MeV]
OPAL-X> * 18:05:50 Step     45 container[0] at 1.379 [mm], t= 4.600 [ps], E=245.000 [MeV]
OPAL-X> * 18:05:50 Step     46 container[0] at 1.409 [mm], t= 4.700 [ps], E=245.000 [MeV]
OPAL-X> * 18:05:50 Step     47 container[0] at 1.439 [mm], t= 4.800 [ps], E=245.000 [MeV]
OPAL-X> * 18:05:51 Step     48 container[0] at 1.469 [mm], t= 4.900 [ps], E=245.000 [MeV]
OPAL-X> * 18:05:51 Step     49 container[0] at 1.499 [mm], t= 5.000 [ps], E=245.000 [MeV]
OPAL-X> * 18:05:51 Step     50 container[0] at 1.529 [mm], t= 5.100 [ps], E=245.000 [MeV]
OPAL-X> * 18:05:52 Step     51 container[0] at 1.559 [mm], t= 5.200 [ps], E=245.000 [MeV]
OPAL-X> * 18:05:52 Step     52 container[0] at 1.589 [mm], t= 5.300 [ps], E=245.000 [MeV]
OPAL-X> * 18:05:52 Step     53 container[0] at 1.619 [mm], t= 5.400 [ps], E=245.000 [MeV]
OPAL-X> * 18:05:52 Step     54 container[0] at 1.649 [mm], t= 5.500 [ps], E=245.000 [MeV]
OPAL-X> * 18:05:53 Step     55 container[0] at 1.679 [mm], t= 5.600 [ps], E=245.000 [MeV]
OPAL-X> * 18:05:53 Step     56 container[0] at 1.709 [mm], t= 5.700 [ps], E=245.000 [MeV]
OPAL-X> * 18:05:53 Step     57 container[0] at 1.739 [mm], t= 5.800 [ps], E=245.000 [MeV]
OPAL-X> * 18:05:54 Step     58 container[0] at 1.769 [mm], t= 5.900 [ps], E=245.000 [MeV]
OPAL-X> * 18:05:54 Step     59 container[0] at 1.799 [mm], t= 6.000 [ps], E=245.000 [MeV]
OPAL-X> * 18:05:54 Step     60 container[0] at 1.829 [mm], t= 6.100 [ps], E=245.000 [MeV]
OPAL-X> * 18:05:55 Step     61 container[0] at 1.859 [mm], t= 6.200 [ps], E=245.000 [MeV]
OPAL-X> * 18:05:55 Step     62 container[0] at 1.889 [mm], t= 6.300 [ps], E=245.000 [MeV]
OPAL-X> * 18:05:55 Step     63 container[0] at 1.919 [mm], t= 6.400 [ps], E=245.000 [MeV]
OPAL-X> * 18:05:55 Step     64 container[0] at 1.949 [mm], t= 6.500 [ps], E=245.000 [MeV]
OPAL-X> * 18:05:56 Step     65 container[0] at 1.979 [mm], t= 6.600 [ps], E=245.000 [MeV]
OPAL-X> * 18:05:56 Step     66 container[0] at 2.009 [mm], t= 6.700 [ps], E=245.000 [MeV]
OPAL-X> * 18:05:56 Step     67 container[0] at 2.039 [mm], t= 6.800 [ps], E=245.000 [MeV]
OPAL-X> * 18:05:57 Step     68 container[0] at 2.069 [mm], t= 6.900 [ps], E=245.000 [MeV]
OPAL-X> * 18:05:57 Step     69 container[0] at 2.099 [mm], t= 7.000 [ps], E=245.000 [MeV]
OPAL-X> * 18:05:57 Step     70 container[0] at 2.129 [mm], t= 7.100 [ps], E=245.000 [MeV]
OPAL-X> * 18:05:57 Step     71 container[0] at 2.159 [mm], t= 7.200 [ps], E=245.000 [MeV]
OPAL-X> * 18:05:58 Step     72 container[0] at 2.188 [mm], t= 7.300 [ps], E=245.000 [MeV]
OPAL-X> * 18:05:58 Step     73 container[0] at 2.218 [mm], t= 7.400 [ps], E=245.000 [MeV]
OPAL-X> * 18:05:58 Step     74 container[0] at 2.248 [mm], t= 7.500 [ps], E=245.000 [MeV]
OPAL-X> * 18:05:59 Step     75 container[0] at 2.278 [mm], t= 7.600 [ps], E=245.000 [MeV]
OPAL-X> * 18:05:59 Step     76 container[0] at 2.308 [mm], t= 7.700 [ps], E=245.000 [MeV]
OPAL-X> * 18:05:59 Step     77 container[0] at 2.338 [mm], t= 7.800 [ps], E=245.000 [MeV]
OPAL-X> * 18:05:59 Step     78 container[0] at 2.368 [mm], t= 7.900 [ps], E=245.000 [MeV]
OPAL-X> * 18:06:00 Step     79 container[0] at 2.398 [mm], t= 8.000 [ps], E=245.000 [MeV]
OPAL-X> * 18:06:00 Step     80 container[0] at 2.428 [mm], t= 8.100 [ps], E=245.000 [MeV]
OPAL-X> * 18:06:00 Step     81 container[0] at 2.458 [mm], t= 8.200 [ps], E=245.000 [MeV]
OPAL-X[2]> Entering BeamBeam window: interaction_point_s=0.004 m, s_range=(0.001, 0.007) m, length=0.006 m, aperture_half_width=(0.000, 0.000) m, witness_containers=(1,2), retire_time=0.000 s, copy_time=NONE
BB-DIAG BB-state=Active active_bunches=3 retired_bunches=0 witness_states=c1:active:n=0,c2:active:n=0 BB-active=TRUE
OPAL-X> * 18:06:01 Step     82 container[0] at 2.488 [mm], t= 8.300 [ps], E=245.000 [MeV]
OPAL-X> * 18:06:01 Step     83 container[0] at 2.518 [mm], t= 8.400 [ps], E=245.000 [MeV]
OPAL-X> * 18:06:01 Step     84 container[0] at 2.548 [mm], t= 8.500 [ps], E=245.000 [MeV]
OPAL-X> * 18:06:01 Step     85 container[0] at 2.578 [mm], t= 8.600 [ps], E=245.000 [MeV]
OPAL-X> * 18:06:02 Step     86 container[0] at 2.608 [mm], t= 8.700 [ps], E=245.000 [MeV]
OPAL-X> * 18:06:02 Step     87 container[0] at 2.638 [mm], t= 8.800 [ps], E=245.000 [MeV]
OPAL-X> * 18:06:02 Step     88 container[0] at 2.668 [mm], t= 8.900 [ps], E=245.000 [MeV]
OPAL-X> * 18:06:03 Step     89 container[0] at 2.698 [mm], t= 9.000 [ps], E=245.000 [MeV]
OPAL-X> * 18:06:03 Step     90 container[0] at 2.728 [mm], t= 9.100 [ps], E=245.000 [MeV]
OPAL-X> * 18:06:03 Step     91 container[0] at 2.758 [mm], t= 9.200 [ps], E=245.000 [MeV]
OPAL-X> * 18:06:03 Step     92 container[0] at 2.788 [mm], t= 9.300 [ps], E=245.000 [MeV]
OPAL-X> * 18:06:04 Step     93 container[0] at 2.818 [mm], t= 9.400 [ps], E=245.000 [MeV]
OPAL-X> * 18:06:04 Step     94 container[0] at 2.848 [mm], t= 9.500 [ps], E=245.000 [MeV]
OPAL-X> * 18:06:04 Step     95 container[0] at 2.878 [mm], t= 9.600 [ps], E=245.000 [MeV]
OPAL-X> * 18:06:05 Step     96 container[0] at 2.908 [mm], t= 9.700 [ps], E=245.000 [MeV]
OPAL-X> * 18:06:05 Step     97 container[0] at 2.938 [mm], t= 9.800 [ps], E=245.000 [MeV]
OPAL-X> * 18:06:05 Step     98 container[0] at 2.968 [mm], t= 9.900 [ps], E=245.000 [MeV]
OPAL-X> * 18:06:05 Step     99 container[0] at 2.998 [mm], t= 10.000 [ps], E=245.000 [MeV]
OPAL-X> * 18:06:06 Step    100 container[0] at 3.028 [mm], t= 10.100 [ps], E=245.000 [MeV]
OPAL-X> * 18:06:06 Step    101 container[0] at 3.058 [mm], t= 10.200 [ps], E=245.000 [MeV]
OPAL-X> * 18:06:06 Step    102 container[0] at 3.088 [mm], t= 10.300 [ps], E=245.000 [MeV]
OPAL-X> * 18:06:07 Step    103 container[0] at 3.118 [mm], t= 10.400 [ps], E=245.000 [MeV]
OPAL-X> * 18:06:07 Step    104 container[0] at 3.148 [mm], t= 10.500 [ps], E=245.000 [MeV]
OPAL-X> * 18:06:07 Step    105 container[0] at 3.178 [mm], t= 10.600 [ps], E=245.000 [MeV]
OPAL-X> * 18:06:08 Step    106 container[0] at 3.208 [mm], t= 10.700 [ps], E=245.000 [MeV]
OPAL-X> * 18:06:08 Step    107 container[0] at 3.238 [mm], t= 10.800 [ps], E=245.000 [MeV]
OPAL-X> * 18:06:08 Step    108 container[0] at 3.268 [mm], t= 10.900 [ps], E=245.000 [MeV]
OPAL-X> * 18:06:08 Step    109 container[0] at 3.298 [mm], t= 11.000 [ps], E=245.000 [MeV]
OPAL-X> * 18:06:09 Step    110 container[0] at 3.328 [mm], t= 11.100 [ps], E=245.000 [MeV]
OPAL-X> * 18:06:09 Step    111 container[0] at 3.358 [mm], t= 11.200 [ps], E=245.000 [MeV]
OPAL-X> * 18:06:09 Step    112 container[0] at 3.388 [mm], t= 11.300 [ps], E=245.000 [MeV]
OPAL-X> * 18:06:10 Step    113 container[0] at 3.418 [mm], t= 11.400 [ps], E=245.000 [MeV]
OPAL-X> * 18:06:10 Step    114 container[0] at 3.448 [mm], t= 11.500 [ps], E=245.000 [MeV]
OPAL-X> * 18:06:10 Step    115 container[0] at 3.478 [mm], t= 11.600 [ps], E=245.000 [MeV]
OPAL-X> * 18:06:11 Step    116 container[0] at 3.508 [mm], t= 11.700 [ps], E=245.000 [MeV]
OPAL-X> * 18:06:11 Step    117 container[0] at 3.538 [mm], t= 11.800 [ps], E=245.000 [MeV]
OPAL-X> * 18:06:11 Step    118 container[0] at 3.568 [mm], t= 11.900 [ps], E=245.000 [MeV]
OPAL-X> * 18:06:11 Step    119 container[0] at 3.598 [mm], t= 12.000 [ps], E=245.000 [MeV]
OPAL-X> * 18:06:12 Step    120 container[0] at 3.627 [mm], t= 12.100 [ps], E=245.000 [MeV]
OPAL-X> * 18:06:12 Step    121 container[0] at 3.657 [mm], t= 12.200 [ps], E=245.000 [MeV]
OPAL-X> * 18:06:12 Step    122 container[0] at 3.687 [mm], t= 12.300 [ps], E=245.000 [MeV]
OPAL-X> * 18:06:13 Step    123 container[0] at 3.717 [mm], t= 12.400 [ps], E=245.000 [MeV]
OPAL-X> * 18:06:13 Step    124 container[0] at 3.747 [mm], t= 12.500 [ps], E=245.000 [MeV]
OPAL-X> * 18:06:13 Step    125 container[0] at 3.777 [mm], t= 12.600 [ps], E=245.000 [MeV]
OPAL-X> * 18:06:13 Step    126 container[0] at 3.807 [mm], t= 12.700 [ps], E=245.000 [MeV]
OPAL-X> * 18:06:14 Step    127 container[0] at 3.837 [mm], t= 12.800 [ps], E=245.000 [MeV]
OPAL-X> * 18:06:14 Step    128 container[0] at 3.867 [mm], t= 12.900 [ps], E=245.000 [MeV]
OPAL-X> * 18:06:14 Step    129 container[0] at 3.897 [mm], t= 13.000 [ps], E=245.000 [MeV]
OPAL-X> * 18:06:15 Step    130 container[0] at 3.927 [mm], t= 13.100 [ps], E=245.000 [MeV]
OPAL-X> * 18:06:15 Step    131 container[0] at 3.957 [mm], t= 13.200 [ps], E=245.000 [MeV]
ParallelTracker::execute[2]> Approaching end of current step size configuration for container 0 (zstop = 3.950 [mm], path length = 3.957 [mm]).
BB-DIAG BB-state=Active active_bunches=2 retired_bunches=0 witness_states=c1:active:n=0,c2:active:n=0 source_active=FALSE
OPAL-X> * 18:06:15 Step    132 container[0] at 3.957 [mm], t= 13.300 [ps], E=245.000 [MeV]
FromFile::generateParticles> FromFile: Loaded 1 particles from file 'track12_pair4_electron.fromfile'
FromFile::generateParticles> Rank 0: 1 local particles
FromFile::generateParticles> FromFile: Loaded 1 particles from file 'track12_pair4_positron.fromfile'
FromFile::generateParticles> Rank 0: 1 local particles
BB-DIAG BB-state=Active active_bunches=2 retired_bunches=0 witness_states=c1:active:n=1,c2:active:n=1
OPAL-X> * 18:06:15 Step    133 container[0] at 3.957 [mm], t= 13.400 [ps], E=245.000 [MeV]
OPAL-X> * 18:06:15 Step    133 container[1] at 0.008 [um], t= 13.400 [ps], E=510.999 [keV]
OPAL-X> * 18:06:15 Step    133 container[2] at 0.008 [um], t= 13.400 [ps], E=510.999 [keV]
OPAL-X> * 18:06:16 Step    134 container[0] at 3.957 [mm], t= 13.500 [ps], E=245.000 [MeV]
OPAL-X> * 18:06:16 Step    134 container[1] at 0.008 [um], t= 13.500 [ps], E=510.999 [keV]
OPAL-X> * 18:06:16 Step    134 container[2] at 0.008 [um], t= 13.500 [ps], E=510.999 [keV]
OPAL-X> * 18:06:16 Step    135 container[0] at 3.957 [mm], t= 13.600 [ps], E=245.000 [MeV]
OPAL-X> * 18:06:16 Step    135 container[1] at 0.008 [um], t= 13.600 [ps], E=510.999 [keV]
OPAL-X> * 18:06:16 Step    135 container[2] at 0.008 [um], t= 13.600 [ps], E=510.999 [keV]
OPAL-X> * 18:06:16 Step    136 container[0] at 3.957 [mm], t= 13.700 [ps], E=245.000 [MeV]
OPAL-X> * 18:06:16 Step    136 container[1] at 0.008 [um], t= 13.700 [ps], E=510.999 [keV]
OPAL-X> * 18:06:16 Step    136 container[2] at 0.008 [um], t= 13.700 [ps], E=510.999 [keV]
OPAL-X> * 18:06:16 Step    137 container[0] at 3.957 [mm], t= 13.800 [ps], E=245.000 [MeV]
OPAL-X> * 18:06:16 Step    137 container[1] at 0.008 [um], t= 13.800 [ps], E=510.999 [keV]
OPAL-X> * 18:06:16 Step    137 container[2] at 0.008 [um], t= 13.800 [ps], E=510.999 [keV]
OPAL-X> * 18:06:17 Step    138 container[0] at 3.957 [mm], t= 13.900 [ps], E=245.000 [MeV]
OPAL-X> * 18:06:17 Step    138 container[1] at 0.008 [um], t= 13.900 [ps], E=510.999 [keV]
OPAL-X> * 18:06:17 Step    138 container[2] at 0.008 [um], t= 13.900 [ps], E=510.999 [keV]
OPAL-X> * 18:06:17 Step    139 container[0] at 3.957 [mm], t= 14.000 [ps], E=245.000 [MeV]
OPAL-X> * 18:06:17 Step    139 container[1] at 0.008 [um], t= 14.000 [ps], E=510.999 [keV]
OPAL-X> * 18:06:17 Step    139 container[2] at 0.008 [um], t= 14.000 [ps], E=510.999 [keV]
OPAL-X> * 18:06:17 Step    140 container[0] at 3.957 [mm], t= 14.100 [ps], E=245.000 [MeV]
OPAL-X> * 18:06:17 Step    140 container[1] at 0.008 [um], t= 14.100 [ps], E=510.999 [keV]
OPAL-X> * 18:06:17 Step    140 container[2] at 0.008 [um], t= 14.100 [ps], E=510.999 [keV]
OPAL-X> * 18:06:17 Step    141 container[0] at 3.957 [mm], t= 14.200 [ps], E=245.000 [MeV]
OPAL-X> * 18:06:17 Step    141 container[1] at 0.008 [um], t= 14.200 [ps], E=510.999 [keV]
OPAL-X> * 18:06:17 Step    141 container[2] at 0.008 [um], t= 14.200 [ps], E=510.999 [keV]
OPAL-X> * 18:06:18 Step    142 container[0] at 3.957 [mm], t= 14.300 [ps], E=245.000 [MeV]
OPAL-X> * 18:06:18 Step    142 container[1] at 0.008 [um], t= 14.300 [ps], E=510.999 [keV]
OPAL-X> * 18:06:18 Step    142 container[2] at 0.008 [um], t= 14.300 [ps], E=510.999 [keV]
OPAL-X> * 18:06:18 Step    143 container[0] at 3.957 [mm], t= 14.400 [ps], E=245.000 [MeV]
OPAL-X> * 18:06:18 Step    143 container[1] at 0.008 [um], t= 14.400 [ps], E=510.999 [keV]
OPAL-X> * 18:06:18 Step    143 container[2] at 0.008 [um], t= 14.400 [ps], E=510.999 [keV]
OPAL-X> * 18:06:18 Step    144 container[0] at 3.957 [mm], t= 14.500 [ps], E=245.000 [MeV]
OPAL-X> * 18:06:18 Step    144 container[1] at 0.009 [um], t= 14.500 [ps], E=510.999 [keV]
OPAL-X> * 18:06:18 Step    144 container[2] at 0.009 [um], t= 14.500 [ps], E=510.999 [keV]
OPAL-X> * 18:06:19 Step    145 container[0] at 3.957 [mm], t= 14.600 [ps], E=245.000 [MeV]
OPAL-X> * 18:06:19 Step    145 container[1] at 0.009 [um], t= 14.600 [ps], E=510.999 [keV]
OPAL-X> * 18:06:19 Step    145 container[2] at 0.009 [um], t= 14.600 [ps], E=510.999 [keV]
OPAL-X> * 18:06:19 Step    146 container[0] at 3.957 [mm], t= 14.700 [ps], E=245.000 [MeV]
OPAL-X> * 18:06:19 Step    146 container[1] at 0.009 [um], t= 14.700 [ps], E=510.999 [keV]
OPAL-X> * 18:06:19 Step    146 container[2] at 0.009 [um], t= 14.700 [ps], E=510.999 [keV]
OPAL-X> * 18:06:19 Step    147 container[0] at 3.957 [mm], t= 14.800 [ps], E=245.000 [MeV]
OPAL-X> * 18:06:19 Step    147 container[1] at 0.009 [um], t= 14.800 [ps], E=510.999 [keV]
OPAL-X> * 18:06:19 Step    147 container[2] at 0.009 [um], t= 14.800 [ps], E=510.999 [keV]
OPAL-X> * 18:06:19 Step    148 container[0] at 3.957 [mm], t= 14.900 [ps], E=245.000 [MeV]
OPAL-X> * 18:06:19 Step    148 container[1] at 0.009 [um], t= 14.900 [ps], E=510.999 [keV]
OPAL-X> * 18:06:19 Step    148 container[2] at 0.009 [um], t= 14.900 [ps], E=510.999 [keV]
OPAL-X> * 18:06:20 Step    149 container[0] at 3.957 [mm], t= 15.000 [ps], E=245.000 [MeV]
OPAL-X> * 18:06:20 Step    149 container[1] at 0.009 [um], t= 15.000 [ps], E=510.999 [keV]
OPAL-X> * 18:06:20 Step    149 container[2] at 0.009 [um], t= 15.000 [ps], E=510.999 [keV]
OPAL-X> * 18:06:20 Step    150 container[0] at 3.957 [mm], t= 15.100 [ps], E=245.000 [MeV]
OPAL-X> * 18:06:20 Step    150 container[1] at 0.009 [um], t= 15.100 [ps], E=510.999 [keV]
OPAL-X> * 18:06:20 Step    150 container[2] at 0.009 [um], t= 15.100 [ps], E=510.999 [keV]
OPAL-X> * 18:06:20 Step    151 container[0] at 3.957 [mm], t= 15.200 [ps], E=245.000 [MeV]
OPAL-X> * 18:06:20 Step    151 container[1] at 0.009 [um], t= 15.200 [ps], E=510.999 [keV]
OPAL-X> * 18:06:20 Step    151 container[2] at 0.009 [um], t= 15.200 [ps], E=510.999 [keV]
OPAL-X> * 18:06:20 Step    152 container[0] at 3.957 [mm], t= 15.300 [ps], E=245.000 [MeV]
OPAL-X> * 18:06:20 Step    152 container[1] at 0.009 [um], t= 15.300 [ps], E=510.999 [keV]
OPAL-X> * 18:06:20 Step    152 container[2] at 0.009 [um], t= 15.300 [ps], E=510.999 [keV]
OPAL-X> * 18:06:21 Step    153 container[0] at 3.957 [mm], t= 15.400 [ps], E=245.000 [MeV]
OPAL-X> * 18:06:21 Step    153 container[1] at 0.009 [um], t= 15.400 [ps], E=510.999 [keV]
OPAL-X> * 18:06:21 Step    153 container[2] at 0.009 [um], t= 15.400 [ps], E=510.999 [keV]
OPAL-X> * 18:06:21 Step    154 container[0] at 3.957 [mm], t= 15.500 [ps], E=245.000 [MeV]
OPAL-X> * 18:06:21 Step    154 container[1] at 0.009 [um], t= 15.500 [ps], E=510.999 [keV]
OPAL-X> * 18:06:21 Step    154 container[2] at 0.009 [um], t= 15.500 [ps], E=510.999 [keV]
OPAL-X> * 18:06:21 Step    155 container[0] at 3.957 [mm], t= 15.600 [ps], E=245.000 [MeV]
OPAL-X> * 18:06:21 Step    155 container[1] at 0.009 [um], t= 15.600 [ps], E=510.999 [keV]
OPAL-X> * 18:06:21 Step    155 container[2] at 0.009 [um], t= 15.600 [ps], E=510.999 [keV]
OPAL-X> * 18:06:21 Step    156 container[0] at 3.957 [mm], t= 15.700 [ps], E=245.000 [MeV]
OPAL-X> * 18:06:21 Step    156 container[1] at 0.009 [um], t= 15.700 [ps], E=510.999 [keV]
OPAL-X> * 18:06:21 Step    156 container[2] at 0.009 [um], t= 15.700 [ps], E=510.999 [keV]
OPAL-X> * 18:06:22 Step    157 container[0] at 3.957 [mm], t= 15.800 [ps], E=245.000 [MeV]
OPAL-X> * 18:06:22 Step    157 container[1] at 0.009 [um], t= 15.800 [ps], E=510.999 [keV]
OPAL-X> * 18:06:22 Step    157 container[2] at 0.009 [um], t= 15.800 [ps], E=510.999 [keV]
OPAL-X> * 18:06:22 Step    158 container[0] at 3.957 [mm], t= 15.900 [ps], E=245.000 [MeV]
OPAL-X> * 18:06:22 Step    158 container[1] at 0.009 [um], t= 15.900 [ps], E=510.999 [keV]
OPAL-X> * 18:06:22 Step    158 container[2] at 0.009 [um], t= 15.900 [ps], E=510.999 [keV]
OPAL-X> * 18:06:22 Step    159 container[0] at 3.957 [mm], t= 16.000 [ps], E=245.000 [MeV]
OPAL-X> * 18:06:22 Step    159 container[1] at 0.009 [um], t= 16.000 [ps], E=510.999 [keV]
OPAL-X> * 18:06:22 Step    159 container[2] at 0.009 [um], t= 16.000 [ps], E=510.999 [keV]
OPAL-X> * 18:06:22 Step    160 container[0] at 3.957 [mm], t= 16.100 [ps], E=245.000 [MeV]
OPAL-X> * 18:06:22 Step    160 container[1] at 0.009 [um], t= 16.100 [ps], E=510.999 [keV]
OPAL-X> * 18:06:22 Step    160 container[2] at 0.009 [um], t= 16.100 [ps], E=510.999 [keV]
OPAL-X> * 18:06:23 Step    161 container[0] at 3.957 [mm], t= 16.200 [ps], E=245.000 [MeV]
OPAL-X> * 18:06:23 Step    161 container[1] at 0.010 [um], t= 16.200 [ps], E=510.999 [keV]
OPAL-X> * 18:06:23 Step    161 container[2] at 0.010 [um], t= 16.200 [ps], E=510.999 [keV]
OPAL-X> * 18:06:23 Step    162 container[0] at 3.957 [mm], t= 16.300 [ps], E=245.000 [MeV]
OPAL-X> * 18:06:23 Step    162 container[1] at 0.010 [um], t= 16.300 [ps], E=510.999 [keV]
OPAL-X> * 18:06:23 Step    162 container[2] at 0.010 [um], t= 16.300 [ps], E=510.999 [keV]
OPAL-X> * 18:06:23 Step    163 container[0] at 3.957 [mm], t= 16.400 [ps], E=245.000 [MeV]
OPAL-X> * 18:06:23 Step    163 container[1] at 0.010 [um], t= 16.400 [ps], E=510.999 [keV]
OPAL-X> * 18:06:23 Step    163 container[2] at 0.010 [um], t= 16.400 [ps], E=510.999 [keV]
OPAL-X> * 18:06:23 Step    164 container[0] at 3.957 [mm], t= 16.500 [ps], E=245.000 [MeV]
OPAL-X> * 18:06:23 Step    164 container[1] at 0.010 [um], t= 16.500 [ps], E=510.999 [keV]
OPAL-X> * 18:06:23 Step    164 container[2] at 0.010 [um], t= 16.500 [ps], E=510.999 [keV]
OPAL-X> * 18:06:24 Step    165 container[0] at 3.957 [mm], t= 16.600 [ps], E=245.000 [MeV]
OPAL-X> * 18:06:24 Step    165 container[1] at 0.010 [um], t= 16.600 [ps], E=510.999 [keV]
OPAL-X> * 18:06:24 Step    165 container[2] at 0.010 [um], t= 16.600 [ps], E=510.999 [keV]
OPAL-X> * 18:06:24 Step    166 container[0] at 3.957 [mm], t= 16.700 [ps], E=245.000 [MeV]
OPAL-X> * 18:06:24 Step    166 container[1] at 0.010 [um], t= 16.700 [ps], E=510.999 [keV]
OPAL-X> * 18:06:24 Step    166 container[2] at 0.010 [um], t= 16.700 [ps], E=510.999 [keV]
OPAL-X> * 18:06:24 Step    167 container[0] at 3.957 [mm], t= 16.800 [ps], E=245.000 [MeV]
OPAL-X> * 18:06:24 Step    167 container[1] at 0.010 [um], t= 16.800 [ps], E=510.999 [keV]
OPAL-X> * 18:06:24 Step    167 container[2] at 0.010 [um], t= 16.800 [ps], E=510.999 [keV]
OPAL-X> * 18:06:24 Step    168 container[0] at 3.957 [mm], t= 16.900 [ps], E=245.000 [MeV]
OPAL-X> * 18:06:24 Step    168 container[1] at 0.010 [um], t= 16.900 [ps], E=510.999 [keV]
OPAL-X> * 18:06:24 Step    168 container[2] at 0.010 [um], t= 16.900 [ps], E=510.999 [keV]
OPAL-X> * 18:06:25 Step    169 container[0] at 3.957 [mm], t= 17.000 [ps], E=245.000 [MeV]
OPAL-X> * 18:06:25 Step    169 container[1] at 0.010 [um], t= 17.000 [ps], E=510.999 [keV]
OPAL-X> * 18:06:25 Step    169 container[2] at 0.010 [um], t= 17.000 [ps], E=510.999 [keV]
OPAL-X> * 18:06:25 Step    170 container[0] at 3.957 [mm], t= 17.100 [ps], E=245.000 [MeV]
OPAL-X> * 18:06:25 Step    170 container[1] at 0.010 [um], t= 17.100 [ps], E=510.999 [keV]
OPAL-X> * 18:06:25 Step    170 container[2] at 0.010 [um], t= 17.100 [ps], E=510.999 [keV]
OPAL-X> * 18:06:25 Step    171 container[0] at 3.957 [mm], t= 17.200 [ps], E=245.000 [MeV]
OPAL-X> * 18:06:25 Step    171 container[1] at 0.010 [um], t= 17.200 [ps], E=510.999 [keV]
OPAL-X> * 18:06:25 Step    171 container[2] at 0.010 [um], t= 17.200 [ps], E=510.999 [keV]
OPAL-X> * 18:06:25 Step    172 container[0] at 3.957 [mm], t= 17.300 [ps], E=245.000 [MeV]
OPAL-X> * 18:06:25 Step    172 container[1] at 0.010 [um], t= 17.300 [ps], E=510.999 [keV]
OPAL-X> * 18:06:25 Step    172 container[2] at 0.010 [um], t= 17.300 [ps], E=510.999 [keV]
OPAL-X> * 18:06:26 Step    173 container[0] at 3.957 [mm], t= 17.400 [ps], E=245.000 [MeV]
OPAL-X> * 18:06:26 Step    173 container[1] at 0.010 [um], t= 17.400 [ps], E=510.999 [keV]
OPAL-X> * 18:06:26 Step    173 container[2] at 0.010 [um], t= 17.400 [ps], E=510.999 [keV]
OPAL-X> * 18:06:26 Step    174 container[0] at 3.957 [mm], t= 17.500 [ps], E=245.000 [MeV]
OPAL-X> * 18:06:26 Step    174 container[1] at 0.010 [um], t= 17.500 [ps], E=510.999 [keV]
OPAL-X> * 18:06:26 Step    174 container[2] at 0.010 [um], t= 17.500 [ps], E=510.999 [keV]
OPAL-X> * 18:06:26 Step    175 container[0] at 3.957 [mm], t= 17.600 [ps], E=245.000 [MeV]
OPAL-X> * 18:06:26 Step    175 container[1] at 0.010 [um], t= 17.600 [ps], E=510.999 [keV]
OPAL-X> * 18:06:26 Step    175 container[2] at 0.010 [um], t= 17.600 [ps], E=510.999 [keV]
OPAL-X> * 18:06:27 Step    176 container[0] at 3.957 [mm], t= 17.700 [ps], E=245.000 [MeV]
OPAL-X> * 18:06:27 Step    176 container[1] at 0.010 [um], t= 17.700 [ps], E=510.999 [keV]
OPAL-X> * 18:06:27 Step    176 container[2] at 0.010 [um], t= 17.700 [ps], E=510.999 [keV]
OPAL-X> * 18:06:27 Step    177 container[0] at 3.957 [mm], t= 17.800 [ps], E=245.000 [MeV]
OPAL-X> * 18:06:27 Step    177 container[1] at 0.010 [um], t= 17.800 [ps], E=510.999 [keV]
OPAL-X> * 18:06:27 Step    177 container[2] at 0.010 [um], t= 17.800 [ps], E=510.999 [keV]
OPAL-X> * 18:06:27 Step    178 container[0] at 3.957 [mm], t= 17.900 [ps], E=245.000 [MeV]
OPAL-X> * 18:06:27 Step    178 container[1] at 0.011 [um], t= 17.900 [ps], E=510.999 [keV]
OPAL-X> * 18:06:27 Step    178 container[2] at 0.011 [um], t= 17.900 [ps], E=510.999 [keV]
OPAL-X> * 18:06:27 Step    179 container[0] at 3.957 [mm], t= 18.000 [ps], E=245.000 [MeV]
OPAL-X> * 18:06:27 Step    179 container[1] at 0.011 [um], t= 18.000 [ps], E=510.999 [keV]
OPAL-X> * 18:06:27 Step    179 container[2] at 0.011 [um], t= 18.000 [ps], E=510.999 [keV]
OPAL-X> * 18:06:28 Step    180 container[0] at 3.957 [mm], t= 18.100 [ps], E=245.000 [MeV]
OPAL-X> * 18:06:28 Step    180 container[1] at 0.011 [um], t= 18.100 [ps], E=510.999 [keV]
OPAL-X> * 18:06:28 Step    180 container[2] at 0.011 [um], t= 18.100 [ps], E=510.999 [keV]
OPAL-X> * 18:06:28 Step    181 container[0] at 3.957 [mm], t= 18.200 [ps], E=245.000 [MeV]
OPAL-X> * 18:06:28 Step    181 container[1] at 0.011 [um], t= 18.200 [ps], E=510.999 [keV]
OPAL-X> * 18:06:28 Step    181 container[2] at 0.011 [um], t= 18.200 [ps], E=510.999 [keV]
OPAL-X> * 18:06:28 Step    182 container[0] at 3.957 [mm], t= 18.300 [ps], E=245.000 [MeV]
OPAL-X> * 18:06:28 Step    182 container[1] at 0.011 [um], t= 18.300 [ps], E=510.999 [keV]
OPAL-X> * 18:06:28 Step    182 container[2] at 0.011 [um], t= 18.300 [ps], E=510.999 [keV]
OPAL-X> * 18:06:28 Step    183 container[0] at 3.957 [mm], t= 18.400 [ps], E=245.000 [MeV]
OPAL-X> * 18:06:28 Step    183 container[1] at 0.011 [um], t= 18.400 [ps], E=510.999 [keV]
OPAL-X> * 18:06:28 Step    183 container[2] at 0.011 [um], t= 18.400 [ps], E=510.999 [keV]
OPAL-X> * 18:06:29 Step    184 container[0] at 3.957 [mm], t= 18.500 [ps], E=245.000 [MeV]
OPAL-X> * 18:06:29 Step    184 container[1] at 0.011 [um], t= 18.500 [ps], E=510.999 [keV]
OPAL-X> * 18:06:29 Step    184 container[2] at 0.011 [um], t= 18.500 [ps], E=510.999 [keV]
OPAL-X> * 18:06:29 Step    185 container[0] at 3.957 [mm], t= 18.600 [ps], E=245.000 [MeV]
OPAL-X> * 18:06:29 Step    185 container[1] at 0.011 [um], t= 18.600 [ps], E=510.999 [keV]
OPAL-X> * 18:06:29 Step    185 container[2] at 0.011 [um], t= 18.600 [ps], E=510.999 [keV]
OPAL-X> * 18:06:29 Step    186 container[0] at 3.957 [mm], t= 18.700 [ps], E=245.000 [MeV]
OPAL-X> * 18:06:29 Step    186 container[1] at 0.011 [um], t= 18.700 [ps], E=510.999 [keV]
OPAL-X> * 18:06:29 Step    186 container[2] at 0.011 [um], t= 18.700 [ps], E=510.999 [keV]
OPAL-X> * 18:06:29 Step    187 container[0] at 3.957 [mm], t= 18.800 [ps], E=245.000 [MeV]
OPAL-X> * 18:06:29 Step    187 container[1] at 0.011 [um], t= 18.800 [ps], E=510.999 [keV]
OPAL-X> * 18:06:29 Step    187 container[2] at 0.011 [um], t= 18.800 [ps], E=510.999 [keV]
OPAL-X> * 18:06:30 Step    188 container[0] at 3.957 [mm], t= 18.900 [ps], E=245.000 [MeV]
OPAL-X> * 18:06:30 Step    188 container[1] at 0.011 [um], t= 18.900 [ps], E=510.999 [keV]
OPAL-X> * 18:06:30 Step    188 container[2] at 0.011 [um], t= 18.900 [ps], E=510.999 [keV]
OPAL-X> * 18:06:30 Step    189 container[0] at 3.957 [mm], t= 19.000 [ps], E=245.000 [MeV]
OPAL-X> * 18:06:30 Step    189 container[1] at 0.011 [um], t= 19.000 [ps], E=510.999 [keV]
OPAL-X> * 18:06:30 Step    189 container[2] at 0.011 [um], t= 19.000 [ps], E=510.999 [keV]
OPAL-X> * 18:06:30 Step    190 container[0] at 3.957 [mm], t= 19.100 [ps], E=245.000 [MeV]
OPAL-X> * 18:06:30 Step    190 container[1] at 0.011 [um], t= 19.100 [ps], E=510.999 [keV]
OPAL-X> * 18:06:30 Step    190 container[2] at 0.011 [um], t= 19.100 [ps], E=510.999 [keV]
OPAL-X> * 18:06:31 Step    191 container[0] at 3.957 [mm], t= 19.200 [ps], E=245.000 [MeV]
OPAL-X> * 18:06:31 Step    191 container[1] at 0.011 [um], t= 19.200 [ps], E=510.999 [keV]
OPAL-X> * 18:06:31 Step    191 container[2] at 0.011 [um], t= 19.200 [ps], E=510.999 [keV]
OPAL-X> * 18:06:31 Step    192 container[0] at 3.957 [mm], t= 19.300 [ps], E=245.000 [MeV]
OPAL-X> * 18:06:31 Step    192 container[1] at 0.011 [um], t= 19.300 [ps], E=510.999 [keV]
OPAL-X> * 18:06:31 Step    192 container[2] at 0.011 [um], t= 19.300 [ps], E=510.999 [keV]
OPAL-X> * 18:06:31 Step    193 container[0] at 3.957 [mm], t= 19.400 [ps], E=245.000 [MeV]
OPAL-X> * 18:06:31 Step    193 container[1] at 0.011 [um], t= 19.400 [ps], E=510.999 [keV]
OPAL-X> * 18:06:31 Step    193 container[2] at 0.011 [um], t= 19.400 [ps], E=510.999 [keV]
OPAL-X> * 18:06:31 Step    194 container[0] at 3.957 [mm], t= 19.500 [ps], E=245.000 [MeV]
OPAL-X> * 18:06:31 Step    194 container[1] at 0.011 [um], t= 19.500 [ps], E=510.999 [keV]
OPAL-X> * 18:06:31 Step    194 container[2] at 0.011 [um], t= 19.500 [ps], E=510.999 [keV]
OPAL-X> * 18:06:32 Step    195 container[0] at 3.957 [mm], t= 19.600 [ps], E=245.000 [MeV]
OPAL-X> * 18:06:32 Step    195 container[1] at 0.011 [um], t= 19.600 [ps], E=510.999 [keV]
OPAL-X> * 18:06:32 Step    195 container[2] at 0.011 [um], t= 19.600 [ps], E=510.999 [keV]
OPAL-X> * 18:06:32 Step    196 container[0] at 3.957 [mm], t= 19.700 [ps], E=245.000 [MeV]
OPAL-X> * 18:06:32 Step    196 container[1] at 0.012 [um], t= 19.700 [ps], E=510.999 [keV]
OPAL-X> * 18:06:32 Step    196 container[2] at 0.012 [um], t= 19.700 [ps], E=510.999 [keV]
OPAL-X> * 18:06:32 Step    197 container[0] at 3.957 [mm], t= 19.800 [ps], E=245.000 [MeV]
OPAL-X> * 18:06:32 Step    197 container[1] at 0.012 [um], t= 19.800 [ps], E=510.999 [keV]
OPAL-X> * 18:06:32 Step    197 container[2] at 0.012 [um], t= 19.800 [ps], E=510.999 [keV]
OPAL-X> * 18:06:32 Step    198 container[0] at 3.957 [mm], t= 19.900 [ps], E=245.000 [MeV]
OPAL-X> * 18:06:32 Step    198 container[1] at 0.012 [um], t= 19.900 [ps], E=510.999 [keV]
OPAL-X> * 18:06:32 Step    198 container[2] at 0.012 [um], t= 19.900 [ps], E=510.999 [keV]
OPAL-X> * 18:06:33 Step    199 container[0] at 3.957 [mm], t= 20.000 [ps], E=245.000 [MeV]
OPAL-X> * 18:06:33 Step    199 container[1] at 0.012 [um], t= 20.000 [ps], E=510.999 [keV]
OPAL-X> * 18:06:33 Step    199 container[2] at 0.012 [um], t= 20.000 [ps], E=510.999 [keV]
ParallelTracker::execute[2]> Starting track with dt = 1.000 [fs], track steps = 200 to 600.
BB-DIAG BB-state=Active active_bunches=3 retired_bunches=0 witness_states=c1:active:n=1,c2:active:n=1 source_active=TRUE
OPAL-X> * 18:06:33 Step    200 container[0] at 3.958 [mm], t= 20.001 [ps], E=245.000 [MeV]
OPAL-X> * 18:06:33 Step    200 container[1] at 0.012 [um], t= 20.001 [ps], E=510.999 [keV]
OPAL-X> * 18:06:33 Step    200 container[2] at 0.012 [um], t= 20.001 [ps], E=510.999 [keV]
OPAL-X> * 18:06:33 Step    201 container[0] at 3.958 [mm], t= 20.002 [ps], E=245.000 [MeV]
OPAL-X> * 18:06:33 Step    201 container[1] at 0.012 [um], t= 20.002 [ps], E=510.999 [keV]
OPAL-X> * 18:06:33 Step    201 container[2] at 0.012 [um], t= 20.002 [ps], E=510.999 [keV]
OPAL-X> * 18:06:33 Step    202 container[0] at 3.958 [mm], t= 20.003 [ps], E=245.000 [MeV]
OPAL-X> * 18:06:33 Step    202 container[1] at 0.012 [um], t= 20.003 [ps], E=510.999 [keV]
OPAL-X> * 18:06:33 Step    202 container[2] at 0.012 [um], t= 20.003 [ps], E=510.999 [keV]
OPAL-X> * 18:06:34 Step    203 container[0] at 3.958 [mm], t= 20.004 [ps], E=245.000 [MeV]
OPAL-X> * 18:06:34 Step    203 container[1] at 0.012 [um], t= 20.004 [ps], E=510.999 [keV]
OPAL-X> * 18:06:34 Step    203 container[2] at 0.012 [um], t= 20.004 [ps], E=510.999 [keV]
OPAL-X> * 18:06:34 Step    204 container[0] at 3.959 [mm], t= 20.005 [ps], E=245.000 [MeV]
OPAL-X> * 18:06:34 Step    204 container[1] at 0.012 [um], t= 20.005 [ps], E=510.999 [keV]
OPAL-X> * 18:06:34 Step    204 container[2] at 0.012 [um], t= 20.005 [ps], E=510.999 [keV]
OPAL-X> * 18:06:34 Step    205 container[0] at 3.959 [mm], t= 20.006 [ps], E=245.000 [MeV]
OPAL-X> * 18:06:34 Step    205 container[1] at 0.012 [um], t= 20.006 [ps], E=510.999 [keV]
OPAL-X> * 18:06:34 Step    205 container[2] at 0.012 [um], t= 20.006 [ps], E=510.999 [keV]
OPAL-X> * 18:06:35 Step    206 container[0] at 3.959 [mm], t= 20.007 [ps], E=245.000 [MeV]
OPAL-X> * 18:06:35 Step    206 container[1] at 0.012 [um], t= 20.007 [ps], E=510.999 [keV]
OPAL-X> * 18:06:35 Step    206 container[2] at 0.012 [um], t= 20.007 [ps], E=510.999 [keV]
OPAL-X> * 18:06:35 Step    207 container[0] at 3.960 [mm], t= 20.008 [ps], E=245.000 [MeV]
OPAL-X> * 18:06:35 Step    207 container[1] at 0.012 [um], t= 20.008 [ps], E=510.999 [keV]
OPAL-X> * 18:06:35 Step    207 container[2] at 0.012 [um], t= 20.008 [ps], E=510.999 [keV]
OPAL-X> * 18:06:35 Step    208 container[0] at 3.960 [mm], t= 20.009 [ps], E=245.000 [MeV]
OPAL-X> * 18:06:35 Step    208 container[1] at 0.012 [um], t= 20.009 [ps], E=510.999 [keV]
OPAL-X> * 18:06:35 Step    208 container[2] at 0.012 [um], t= 20.009 [ps], E=510.999 [keV]
OPAL-X> * 18:06:35 Step    209 container[0] at 3.960 [mm], t= 20.010 [ps], E=245.000 [MeV]
OPAL-X> * 18:06:35 Step    209 container[1] at 0.012 [um], t= 20.010 [ps], E=510.999 [keV]
OPAL-X> * 18:06:35 Step    209 container[2] at 0.012 [um], t= 20.010 [ps], E=510.999 [keV]
OPAL-X> * 18:06:36 Step    210 container[0] at 3.961 [mm], t= 20.011 [ps], E=245.000 [MeV]
OPAL-X> * 18:06:36 Step    210 container[1] at 0.012 [um], t= 20.011 [ps], E=510.999 [keV]
OPAL-X> * 18:06:36 Step    210 container[2] at 0.012 [um], t= 20.011 [ps], E=510.999 [keV]
OPAL-X> * 18:06:36 Step    211 container[0] at 3.961 [mm], t= 20.012 [ps], E=245.000 [MeV]
OPAL-X> * 18:06:36 Step    211 container[1] at 0.012 [um], t= 20.012 [ps], E=510.999 [keV]
OPAL-X> * 18:06:36 Step    211 container[2] at 0.012 [um], t= 20.012 [ps], E=510.999 [keV]
OPAL-X> * 18:06:36 Step    212 container[0] at 3.961 [mm], t= 20.013 [ps], E=245.000 [MeV]
OPAL-X> * 18:06:36 Step    212 container[1] at 0.012 [um], t= 20.013 [ps], E=510.999 [keV]
OPAL-X> * 18:06:36 Step    212 container[2] at 0.012 [um], t= 20.013 [ps], E=510.999 [keV]
OPAL-X> * 18:06:37 Step    213 container[0] at 3.961 [mm], t= 20.014 [ps], E=245.000 [MeV]
OPAL-X> * 18:06:37 Step    213 container[1] at 0.012 [um], t= 20.014 [ps], E=510.999 [keV]
OPAL-X> * 18:06:37 Step    213 container[2] at 0.012 [um], t= 20.014 [ps], E=510.999 [keV]
OPAL-X> * 18:06:37 Step    214 container[0] at 3.962 [mm], t= 20.015 [ps], E=245.000 [MeV]
OPAL-X> * 18:06:37 Step    214 container[1] at 0.012 [um], t= 20.015 [ps], E=510.999 [keV]
OPAL-X> * 18:06:37 Step    214 container[2] at 0.012 [um], t= 20.015 [ps], E=510.999 [keV]
OPAL-X> * 18:06:37 Step    215 container[0] at 3.962 [mm], t= 20.016 [ps], E=245.000 [MeV]
OPAL-X> * 18:06:37 Step    215 container[1] at 0.012 [um], t= 20.016 [ps], E=510.999 [keV]
OPAL-X> * 18:06:37 Step    215 container[2] at 0.012 [um], t= 20.016 [ps], E=510.999 [keV]
OPAL-X> * 18:06:37 Step    216 container[0] at 3.962 [mm], t= 20.017 [ps], E=245.000 [MeV]
OPAL-X> * 18:06:37 Step    216 container[1] at 0.012 [um], t= 20.017 [ps], E=510.999 [keV]
OPAL-X> * 18:06:37 Step    216 container[2] at 0.012 [um], t= 20.017 [ps], E=510.999 [keV]
OPAL-X> * 18:06:38 Step    217 container[0] at 3.963 [mm], t= 20.018 [ps], E=245.000 [MeV]
OPAL-X> * 18:06:38 Step    217 container[1] at 0.012 [um], t= 20.018 [ps], E=510.999 [keV]
OPAL-X> * 18:06:38 Step    217 container[2] at 0.012 [um], t= 20.018 [ps], E=510.999 [keV]
OPAL-X> * 18:06:38 Step    218 container[0] at 3.963 [mm], t= 20.019 [ps], E=245.000 [MeV]
OPAL-X> * 18:06:38 Step    218 container[1] at 0.012 [um], t= 20.019 [ps], E=510.999 [keV]
OPAL-X> * 18:06:38 Step    218 container[2] at 0.012 [um], t= 20.019 [ps], E=510.999 [keV]
OPAL-X> * 18:06:38 Step    219 container[0] at 3.963 [mm], t= 20.020 [ps], E=245.000 [MeV]
OPAL-X> * 18:06:38 Step    219 container[1] at 0.012 [um], t= 20.020 [ps], E=510.999 [keV]
OPAL-X> * 18:06:38 Step    219 container[2] at 0.012 [um], t= 20.020 [ps], E=510.999 [keV]
OPAL-X> * 18:06:38 Step    220 container[0] at 3.964 [mm], t= 20.021 [ps], E=245.000 [MeV]
OPAL-X> * 18:06:38 Step    220 container[1] at 0.012 [um], t= 20.021 [ps], E=510.999 [keV]
OPAL-X> * 18:06:38 Step    220 container[2] at 0.012 [um], t= 20.021 [ps], E=510.999 [keV]
OPAL-X> * 18:06:39 Step    221 container[0] at 3.964 [mm], t= 20.022 [ps], E=245.000 [MeV]
OPAL-X> * 18:06:39 Step    221 container[1] at 0.012 [um], t= 20.022 [ps], E=510.999 [keV]
OPAL-X> * 18:06:39 Step    221 container[2] at 0.012 [um], t= 20.022 [ps], E=510.999 [keV]
OPAL-X> * 18:06:39 Step    222 container[0] at 3.964 [mm], t= 20.023 [ps], E=245.000 [MeV]
OPAL-X> * 18:06:39 Step    222 container[1] at 0.012 [um], t= 20.023 [ps], E=510.999 [keV]
OPAL-X> * 18:06:39 Step    222 container[2] at 0.012 [um], t= 20.023 [ps], E=510.999 [keV]
OPAL-X> * 18:06:39 Step    223 container[0] at 3.964 [mm], t= 20.024 [ps], E=245.000 [MeV]
OPAL-X> * 18:06:39 Step    223 container[1] at 0.012 [um], t= 20.024 [ps], E=510.999 [keV]
OPAL-X> * 18:06:39 Step    223 container[2] at 0.012 [um], t= 20.024 [ps], E=510.999 [keV]
OPAL-X> * 18:06:39 Step    224 container[0] at 3.965 [mm], t= 20.025 [ps], E=245.000 [MeV]
OPAL-X> * 18:06:39 Step    224 container[1] at 0.012 [um], t= 20.025 [ps], E=510.999 [keV]
OPAL-X> * 18:06:39 Step    224 container[2] at 0.012 [um], t= 20.025 [ps], E=510.999 [keV]
OPAL-X> * 18:06:40 Step    225 container[0] at 3.965 [mm], t= 20.026 [ps], E=245.000 [MeV]
OPAL-X> * 18:06:40 Step    225 container[1] at 0.012 [um], t= 20.026 [ps], E=510.999 [keV]
OPAL-X> * 18:06:40 Step    225 container[2] at 0.012 [um], t= 20.026 [ps], E=510.999 [keV]
OPAL-X> * 18:06:40 Step    226 container[0] at 3.965 [mm], t= 20.027 [ps], E=245.000 [MeV]
OPAL-X> * 18:06:40 Step    226 container[1] at 0.012 [um], t= 20.027 [ps], E=510.999 [keV]
OPAL-X> * 18:06:40 Step    226 container[2] at 0.012 [um], t= 20.027 [ps], E=510.999 [keV]
OPAL-X> * 18:06:40 Step    227 container[0] at 3.966 [mm], t= 20.028 [ps], E=245.000 [MeV]
OPAL-X> * 18:06:40 Step    227 container[1] at 0.012 [um], t= 20.028 [ps], E=510.999 [keV]
OPAL-X> * 18:06:40 Step    227 container[2] at 0.012 [um], t= 20.028 [ps], E=510.999 [keV]
OPAL-X> * 18:06:41 Step    228 container[0] at 3.966 [mm], t= 20.029 [ps], E=245.000 [MeV]
OPAL-X> * 18:06:41 Step    228 container[1] at 0.012 [um], t= 20.029 [ps], E=510.999 [keV]
OPAL-X> * 18:06:41 Step    228 container[2] at 0.012 [um], t= 20.029 [ps], E=510.999 [keV]
OPAL-X> * 18:06:41 Step    229 container[0] at 3.966 [mm], t= 20.030 [ps], E=245.000 [MeV]
OPAL-X> * 18:06:41 Step    229 container[1] at 0.012 [um], t= 20.030 [ps], E=510.999 [keV]
OPAL-X> * 18:06:41 Step    229 container[2] at 0.012 [um], t= 20.030 [ps], E=510.999 [keV]
OPAL-X> * 18:06:41 Step    230 container[0] at 3.967 [mm], t= 20.031 [ps], E=245.000 [MeV]
OPAL-X> * 18:06:41 Step    230 container[1] at 0.012 [um], t= 20.031 [ps], E=510.999 [keV]
OPAL-X> * 18:06:41 Step    230 container[2] at 0.012 [um], t= 20.031 [ps], E=510.999 [keV]
OPAL-X> * 18:06:41 Step    231 container[0] at 3.967 [mm], t= 20.032 [ps], E=245.000 [MeV]
OPAL-X> * 18:06:41 Step    231 container[1] at 0.012 [um], t= 20.032 [ps], E=510.999 [keV]
OPAL-X> * 18:06:41 Step    231 container[2] at 0.012 [um], t= 20.032 [ps], E=510.999 [keV]
OPAL-X> * 18:06:42 Step    232 container[0] at 3.967 [mm], t= 20.033 [ps], E=245.000 [MeV]
OPAL-X> * 18:06:42 Step    232 container[1] at 0.012 [um], t= 20.033 [ps], E=510.999 [keV]
OPAL-X> * 18:06:42 Step    232 container[2] at 0.012 [um], t= 20.033 [ps], E=510.999 [keV]
OPAL-X> * 18:06:42 Step    233 container[0] at 3.967 [mm], t= 20.034 [ps], E=245.000 [MeV]
OPAL-X> * 18:06:42 Step    233 container[1] at 0.012 [um], t= 20.034 [ps], E=510.999 [keV]
OPAL-X> * 18:06:42 Step    233 container[2] at 0.012 [um], t= 20.034 [ps], E=510.999 [keV]
OPAL-X> * 18:06:42 Step    234 container[0] at 3.968 [mm], t= 20.035 [ps], E=245.000 [MeV]
OPAL-X> * 18:06:42 Step    234 container[1] at 0.012 [um], t= 20.035 [ps], E=510.999 [keV]
OPAL-X> * 18:06:42 Step    234 container[2] at 0.012 [um], t= 20.035 [ps], E=510.999 [keV]
OPAL-X> * 18:06:43 Step    235 container[0] at 3.968 [mm], t= 20.036 [ps], E=245.000 [MeV]
OPAL-X> * 18:06:43 Step    235 container[1] at 0.012 [um], t= 20.036 [ps], E=510.999 [keV]
OPAL-X> * 18:06:43 Step    235 container[2] at 0.012 [um], t= 20.036 [ps], E=510.999 [keV]
OPAL-X> * 18:06:43 Step    236 container[0] at 3.968 [mm], t= 20.037 [ps], E=245.000 [MeV]
OPAL-X> * 18:06:43 Step    236 container[1] at 0.012 [um], t= 20.037 [ps], E=510.999 [keV]
OPAL-X> * 18:06:43 Step    236 container[2] at 0.012 [um], t= 20.037 [ps], E=510.999 [keV]
OPAL-X> * 18:06:43 Step    237 container[0] at 3.969 [mm], t= 20.038 [ps], E=245.000 [MeV]
OPAL-X> * 18:06:43 Step    237 container[1] at 0.012 [um], t= 20.038 [ps], E=510.999 [keV]
OPAL-X> * 18:06:43 Step    237 container[2] at 0.012 [um], t= 20.038 [ps], E=510.999 [keV]
OPAL-X> * 18:06:43 Step    238 container[0] at 3.969 [mm], t= 20.039 [ps], E=245.000 [MeV]
OPAL-X> * 18:06:43 Step    238 container[1] at 0.012 [um], t= 20.039 [ps], E=510.999 [keV]
OPAL-X> * 18:06:43 Step    238 container[2] at 0.012 [um], t= 20.039 [ps], E=510.999 [keV]
OPAL-X> * 18:06:44 Step    239 container[0] at 3.969 [mm], t= 20.040 [ps], E=245.000 [MeV]
OPAL-X> * 18:06:44 Step    239 container[1] at 0.012 [um], t= 20.040 [ps], E=510.999 [keV]
OPAL-X> * 18:06:44 Step    239 container[2] at 0.012 [um], t= 20.040 [ps], E=510.999 [keV]
OPAL-X> * 18:06:44 Step    240 container[0] at 3.970 [mm], t= 20.041 [ps], E=245.000 [MeV]
OPAL-X> * 18:06:44 Step    240 container[1] at 0.012 [um], t= 20.041 [ps], E=510.999 [keV]
OPAL-X> * 18:06:44 Step    240 container[2] at 0.012 [um], t= 20.041 [ps], E=510.999 [keV]
OPAL-X> * 18:06:44 Step    241 container[0] at 3.970 [mm], t= 20.042 [ps], E=245.000 [MeV]
OPAL-X> * 18:06:44 Step    241 container[1] at 0.012 [um], t= 20.042 [ps], E=510.999 [keV]
OPAL-X> * 18:06:44 Step    241 container[2] at 0.012 [um], t= 20.042 [ps], E=510.999 [keV]
OPAL-X> * 18:06:45 Step    242 container[0] at 3.970 [mm], t= 20.043 [ps], E=245.000 [MeV]
OPAL-X> * 18:06:45 Step    242 container[1] at 0.012 [um], t= 20.043 [ps], E=510.999 [keV]
OPAL-X> * 18:06:45 Step    242 container[2] at 0.012 [um], t= 20.043 [ps], E=510.999 [keV]
OPAL-X> * 18:06:45 Step    243 container[0] at 3.970 [mm], t= 20.044 [ps], E=245.000 [MeV]
OPAL-X> * 18:06:45 Step    243 container[1] at 0.012 [um], t= 20.044 [ps], E=510.999 [keV]
OPAL-X> * 18:06:45 Step    243 container[2] at 0.012 [um], t= 20.044 [ps], E=510.999 [keV]
OPAL-X> * 18:06:45 Step    244 container[0] at 3.971 [mm], t= 20.045 [ps], E=245.000 [MeV]
OPAL-X> * 18:06:45 Step    244 container[1] at 0.012 [um], t= 20.045 [ps], E=510.999 [keV]
OPAL-X> * 18:06:45 Step    244 container[2] at 0.012 [um], t= 20.045 [ps], E=510.999 [keV]
OPAL-X> * 18:06:45 Step    245 container[0] at 3.971 [mm], t= 20.046 [ps], E=245.000 [MeV]
OPAL-X> * 18:06:45 Step    245 container[1] at 0.012 [um], t= 20.046 [ps], E=510.999 [keV]
OPAL-X> * 18:06:45 Step    245 container[2] at 0.012 [um], t= 20.046 [ps], E=510.999 [keV]
OPAL-X> * 18:06:46 Step    246 container[0] at 3.971 [mm], t= 20.047 [ps], E=245.000 [MeV]
OPAL-X> * 18:06:46 Step    246 container[1] at 0.012 [um], t= 20.047 [ps], E=510.999 [keV]
OPAL-X> * 18:06:46 Step    246 container[2] at 0.012 [um], t= 20.047 [ps], E=510.999 [keV]
OPAL-X> * 18:06:46 Step    247 container[0] at 3.972 [mm], t= 20.048 [ps], E=245.000 [MeV]
OPAL-X> * 18:06:46 Step    247 container[1] at 0.012 [um], t= 20.048 [ps], E=510.999 [keV]
OPAL-X> * 18:06:46 Step    247 container[2] at 0.012 [um], t= 20.048 [ps], E=510.999 [keV]
OPAL-X> * 18:06:46 Step    248 container[0] at 3.972 [mm], t= 20.049 [ps], E=245.000 [MeV]
OPAL-X> * 18:06:46 Step    248 container[1] at 0.012 [um], t= 20.049 [ps], E=510.999 [keV]
OPAL-X> * 18:06:46 Step    248 container[2] at 0.012 [um], t= 20.049 [ps], E=510.999 [keV]
OPAL-X> * 18:06:46 Step    249 container[0] at 3.972 [mm], t= 20.050 [ps], E=245.000 [MeV]
OPAL-X> * 18:06:46 Step    249 container[1] at 0.012 [um], t= 20.050 [ps], E=510.999 [keV]
OPAL-X> * 18:06:46 Step    249 container[2] at 0.012 [um], t= 20.050 [ps], E=510.999 [keV]
OPAL-X> * 18:06:47 Step    250 container[0] at 3.973 [mm], t= 20.051 [ps], E=245.000 [MeV]
OPAL-X> * 18:06:47 Step    250 container[1] at 0.012 [um], t= 20.051 [ps], E=510.999 [keV]
OPAL-X> * 18:06:47 Step    250 container[2] at 0.012 [um], t= 20.051 [ps], E=510.999 [keV]
OPAL-X> * 18:06:47 Step    251 container[0] at 3.973 [mm], t= 20.052 [ps], E=245.000 [MeV]
OPAL-X> * 18:06:47 Step    251 container[1] at 0.012 [um], t= 20.052 [ps], E=510.999 [keV]
OPAL-X> * 18:06:47 Step    251 container[2] at 0.012 [um], t= 20.052 [ps], E=510.999 [keV]
OPAL-X> * 18:06:47 Step    252 container[0] at 3.973 [mm], t= 20.053 [ps], E=245.000 [MeV]
OPAL-X> * 18:06:47 Step    252 container[1] at 0.012 [um], t= 20.053 [ps], E=510.999 [keV]
OPAL-X> * 18:06:47 Step    252 container[2] at 0.012 [um], t= 20.053 [ps], E=510.999 [keV]
OPAL-X> * 18:06:48 Step    253 container[0] at 3.973 [mm], t= 20.054 [ps], E=245.000 [MeV]
OPAL-X> * 18:06:48 Step    253 container[1] at 0.012 [um], t= 20.054 [ps], E=510.999 [keV]
OPAL-X> * 18:06:48 Step    253 container[2] at 0.012 [um], t= 20.054 [ps], E=510.999 [keV]
OPAL-X> * 18:06:48 Step    254 container[0] at 3.974 [mm], t= 20.055 [ps], E=245.000 [MeV]
OPAL-X> * 18:06:48 Step    254 container[1] at 0.012 [um], t= 20.055 [ps], E=510.999 [keV]
OPAL-X> * 18:06:48 Step    254 container[2] at 0.012 [um], t= 20.055 [ps], E=510.999 [keV]
OPAL-X> * 18:06:48 Step    255 container[0] at 3.974 [mm], t= 20.056 [ps], E=245.000 [MeV]
OPAL-X> * 18:06:48 Step    255 container[1] at 0.012 [um], t= 20.056 [ps], E=510.999 [keV]
OPAL-X> * 18:06:48 Step    255 container[2] at 0.012 [um], t= 20.056 [ps], E=510.999 [keV]
OPAL-X> * 18:06:48 Step    256 container[0] at 3.974 [mm], t= 20.057 [ps], E=245.000 [MeV]
OPAL-X> * 18:06:48 Step    256 container[1] at 0.012 [um], t= 20.057 [ps], E=510.999 [keV]
OPAL-X> * 18:06:48 Step    256 container[2] at 0.012 [um], t= 20.057 [ps], E=510.999 [keV]
OPAL-X> * 18:06:49 Step    257 container[0] at 3.975 [mm], t= 20.058 [ps], E=245.000 [MeV]
OPAL-X> * 18:06:49 Step    257 container[1] at 0.012 [um], t= 20.058 [ps], E=510.999 [keV]
OPAL-X> * 18:06:49 Step    257 container[2] at 0.012 [um], t= 20.058 [ps], E=510.999 [keV]
OPAL-X> * 18:06:49 Step    258 container[0] at 3.975 [mm], t= 20.059 [ps], E=245.000 [MeV]
OPAL-X> * 18:06:49 Step    258 container[1] at 0.012 [um], t= 20.059 [ps], E=510.999 [keV]
OPAL-X> * 18:06:49 Step    258 container[2] at 0.012 [um], t= 20.059 [ps], E=510.999 [keV]
OPAL-X> * 18:06:49 Step    259 container[0] at 3.975 [mm], t= 20.060 [ps], E=245.000 [MeV]
OPAL-X> * 18:06:49 Step    259 container[1] at 0.012 [um], t= 20.060 [ps], E=510.999 [keV]
OPAL-X> * 18:06:49 Step    259 container[2] at 0.012 [um], t= 20.060 [ps], E=510.999 [keV]
OPAL-X> * 18:06:49 Step    260 container[0] at 3.976 [mm], t= 20.061 [ps], E=245.000 [MeV]
OPAL-X> * 18:06:49 Step    260 container[1] at 0.012 [um], t= 20.061 [ps], E=510.999 [keV]
OPAL-X> * 18:06:49 Step    260 container[2] at 0.012 [um], t= 20.061 [ps], E=510.999 [keV]
OPAL-X> * 18:06:50 Step    261 container[0] at 3.976 [mm], t= 20.062 [ps], E=245.000 [MeV]
OPAL-X> * 18:06:50 Step    261 container[1] at 0.012 [um], t= 20.062 [ps], E=510.999 [keV]
OPAL-X> * 18:06:50 Step    261 container[2] at 0.012 [um], t= 20.062 [ps], E=510.999 [keV]
OPAL-X> * 18:06:50 Step    262 container[0] at 3.976 [mm], t= 20.063 [ps], E=245.000 [MeV]
OPAL-X> * 18:06:50 Step    262 container[1] at 0.012 [um], t= 20.063 [ps], E=510.999 [keV]
OPAL-X> * 18:06:50 Step    262 container[2] at 0.012 [um], t= 20.063 [ps], E=510.999 [keV]
OPAL-X> * 18:06:50 Step    263 container[0] at 3.976 [mm], t= 20.064 [ps], E=245.000 [MeV]
OPAL-X> * 18:06:50 Step    263 container[1] at 0.012 [um], t= 20.064 [ps], E=510.999 [keV]
OPAL-X> * 18:06:50 Step    263 container[2] at 0.012 [um], t= 20.064 [ps], E=510.999 [keV]
OPAL-X> * 18:06:50 Step    264 container[0] at 3.977 [mm], t= 20.065 [ps], E=245.000 [MeV]
OPAL-X> * 18:06:50 Step    264 container[1] at 0.012 [um], t= 20.065 [ps], E=510.999 [keV]
OPAL-X> * 18:06:50 Step    264 container[2] at 0.012 [um], t= 20.065 [ps], E=510.999 [keV]
OPAL-X> * 18:06:51 Step    265 container[0] at 3.977 [mm], t= 20.066 [ps], E=245.000 [MeV]
OPAL-X> * 18:06:51 Step    265 container[1] at 0.012 [um], t= 20.066 [ps], E=510.999 [keV]
OPAL-X> * 18:06:51 Step    265 container[2] at 0.012 [um], t= 20.066 [ps], E=510.999 [keV]
OPAL-X> * 18:06:51 Step    266 container[0] at 3.977 [mm], t= 20.067 [ps], E=245.000 [MeV]
OPAL-X> * 18:06:51 Step    266 container[1] at 0.012 [um], t= 20.067 [ps], E=510.999 [keV]
OPAL-X> * 18:06:51 Step    266 container[2] at 0.012 [um], t= 20.067 [ps], E=510.999 [keV]
OPAL-X> * 18:06:51 Step    267 container[0] at 3.978 [mm], t= 20.068 [ps], E=245.000 [MeV]
OPAL-X> * 18:06:51 Step    267 container[1] at 0.012 [um], t= 20.068 [ps], E=510.999 [keV]
OPAL-X> * 18:06:51 Step    267 container[2] at 0.012 [um], t= 20.068 [ps], E=510.999 [keV]
OPAL-X> * 18:06:52 Step    268 container[0] at 3.978 [mm], t= 20.069 [ps], E=245.000 [MeV]
OPAL-X> * 18:06:52 Step    268 container[1] at 0.012 [um], t= 20.069 [ps], E=510.999 [keV]
OPAL-X> * 18:06:52 Step    268 container[2] at 0.012 [um], t= 20.069 [ps], E=510.999 [keV]
OPAL-X> * 18:06:52 Step    269 container[0] at 3.978 [mm], t= 20.070 [ps], E=245.000 [MeV]
OPAL-X> * 18:06:52 Step    269 container[1] at 0.012 [um], t= 20.070 [ps], E=510.999 [keV]
OPAL-X> * 18:06:52 Step    269 container[2] at 0.012 [um], t= 20.070 [ps], E=510.999 [keV]
OPAL-X> * 18:06:52 Step    270 container[0] at 3.979 [mm], t= 20.071 [ps], E=245.000 [MeV]
OPAL-X> * 18:06:52 Step    270 container[1] at 0.012 [um], t= 20.071 [ps], E=510.999 [keV]
OPAL-X> * 18:06:52 Step    270 container[2] at 0.012 [um], t= 20.071 [ps], E=510.999 [keV]
OPAL-X> * 18:06:52 Step    271 container[0] at 3.979 [mm], t= 20.072 [ps], E=245.000 [MeV]
OPAL-X> * 18:06:52 Step    271 container[1] at 0.012 [um], t= 20.072 [ps], E=510.999 [keV]
OPAL-X> * 18:06:52 Step    271 container[2] at 0.012 [um], t= 20.072 [ps], E=510.999 [keV]
OPAL-X> * 18:06:53 Step    272 container[0] at 3.979 [mm], t= 20.073 [ps], E=245.000 [MeV]
OPAL-X> * 18:06:53 Step    272 container[1] at 0.012 [um], t= 20.073 [ps], E=510.999 [keV]
OPAL-X> * 18:06:53 Step    272 container[2] at 0.012 [um], t= 20.073 [ps], E=510.999 [keV]
OPAL-X> * 18:06:53 Step    273 container[0] at 3.979 [mm], t= 20.074 [ps], E=245.000 [MeV]
OPAL-X> * 18:06:53 Step    273 container[1] at 0.012 [um], t= 20.074 [ps], E=510.999 [keV]
OPAL-X> * 18:06:53 Step    273 container[2] at 0.012 [um], t= 20.074 [ps], E=510.999 [keV]
OPAL-X> * 18:06:53 Step    274 container[0] at 3.980 [mm], t= 20.075 [ps], E=245.000 [MeV]
OPAL-X> * 18:06:53 Step    274 container[1] at 0.012 [um], t= 20.075 [ps], E=510.999 [keV]
OPAL-X> * 18:06:53 Step    274 container[2] at 0.012 [um], t= 20.075 [ps], E=510.999 [keV]
OPAL-X> * 18:06:53 Step    275 container[0] at 3.980 [mm], t= 20.076 [ps], E=245.000 [MeV]
OPAL-X> * 18:06:53 Step    275 container[1] at 0.012 [um], t= 20.076 [ps], E=510.999 [keV]
OPAL-X> * 18:06:53 Step    275 container[2] at 0.012 [um], t= 20.076 [ps], E=510.999 [keV]
OPAL-X> * 18:06:54 Step    276 container[0] at 3.980 [mm], t= 20.077 [ps], E=245.000 [MeV]
OPAL-X> * 18:06:54 Step    276 container[1] at 0.012 [um], t= 20.077 [ps], E=510.999 [keV]
OPAL-X> * 18:06:54 Step    276 container[2] at 0.012 [um], t= 20.077 [ps], E=510.999 [keV]
OPAL-X> * 18:06:54 Step    277 container[0] at 3.981 [mm], t= 20.078 [ps], E=245.000 [MeV]
OPAL-X> * 18:06:54 Step    277 container[1] at 0.012 [um], t= 20.078 [ps], E=510.999 [keV]
OPAL-X> * 18:06:54 Step    277 container[2] at 0.012 [um], t= 20.078 [ps], E=510.999 [keV]
OPAL-X> * 18:06:54 Step    278 container[0] at 3.981 [mm], t= 20.079 [ps], E=245.000 [MeV]
OPAL-X> * 18:06:54 Step    278 container[1] at 0.012 [um], t= 20.079 [ps], E=510.999 [keV]
OPAL-X> * 18:06:54 Step    278 container[2] at 0.012 [um], t= 20.079 [ps], E=510.999 [keV]
OPAL-X> * 18:06:55 Step    279 container[0] at 3.981 [mm], t= 20.080 [ps], E=245.000 [MeV]
OPAL-X> * 18:06:55 Step    279 container[1] at 0.012 [um], t= 20.080 [ps], E=510.999 [keV]
OPAL-X> * 18:06:55 Step    279 container[2] at 0.012 [um], t= 20.080 [ps], E=510.999 [keV]
OPAL-X> * 18:06:55 Step    280 container[0] at 3.982 [mm], t= 20.081 [ps], E=245.000 [MeV]
OPAL-X> * 18:06:55 Step    280 container[1] at 0.012 [um], t= 20.081 [ps], E=510.999 [keV]
OPAL-X> * 18:06:55 Step    280 container[2] at 0.012 [um], t= 20.081 [ps], E=510.999 [keV]
OPAL-X> * 18:06:55 Step    281 container[0] at 3.982 [mm], t= 20.082 [ps], E=245.000 [MeV]
OPAL-X> * 18:06:55 Step    281 container[1] at 0.012 [um], t= 20.082 [ps], E=510.999 [keV]
OPAL-X> * 18:06:55 Step    281 container[2] at 0.012 [um], t= 20.082 [ps], E=510.999 [keV]
OPAL-X> * 18:06:55 Step    282 container[0] at 3.982 [mm], t= 20.083 [ps], E=245.000 [MeV]
OPAL-X> * 18:06:55 Step    282 container[1] at 0.012 [um], t= 20.083 [ps], E=510.999 [keV]
OPAL-X> * 18:06:55 Step    282 container[2] at 0.012 [um], t= 20.083 [ps], E=510.999 [keV]
OPAL-X> * 18:06:56 Step    283 container[0] at 3.982 [mm], t= 20.084 [ps], E=245.000 [MeV]
OPAL-X> * 18:06:56 Step    283 container[1] at 0.012 [um], t= 20.084 [ps], E=510.999 [keV]
OPAL-X> * 18:06:56 Step    283 container[2] at 0.012 [um], t= 20.084 [ps], E=510.999 [keV]
OPAL-X> * 18:06:56 Step    284 container[0] at 3.983 [mm], t= 20.085 [ps], E=245.000 [MeV]
OPAL-X> * 18:06:56 Step    284 container[1] at 0.012 [um], t= 20.085 [ps], E=510.999 [keV]
OPAL-X> * 18:06:56 Step    284 container[2] at 0.012 [um], t= 20.085 [ps], E=510.999 [keV]
OPAL-X> * 18:06:56 Step    285 container[0] at 3.983 [mm], t= 20.086 [ps], E=245.000 [MeV]
OPAL-X> * 18:06:56 Step    285 container[1] at 0.012 [um], t= 20.086 [ps], E=510.999 [keV]
OPAL-X> * 18:06:56 Step    285 container[2] at 0.012 [um], t= 20.086 [ps], E=510.999 [keV]
OPAL-X> * 18:06:56 Step    286 container[0] at 3.983 [mm], t= 20.087 [ps], E=245.000 [MeV]
OPAL-X> * 18:06:56 Step    286 container[1] at 0.012 [um], t= 20.087 [ps], E=510.999 [keV]
OPAL-X> * 18:06:56 Step    286 container[2] at 0.012 [um], t= 20.087 [ps], E=510.999 [keV]
OPAL-X> * 18:06:57 Step    287 container[0] at 3.984 [mm], t= 20.088 [ps], E=245.000 [MeV]
OPAL-X> * 18:06:57 Step    287 container[1] at 0.012 [um], t= 20.088 [ps], E=510.999 [keV]
OPAL-X> * 18:06:57 Step    287 container[2] at 0.012 [um], t= 20.088 [ps], E=510.999 [keV]
OPAL-X> * 18:06:57 Step    288 container[0] at 3.984 [mm], t= 20.089 [ps], E=245.000 [MeV]
OPAL-X> * 18:06:57 Step    288 container[1] at 0.012 [um], t= 20.089 [ps], E=510.999 [keV]
OPAL-X> * 18:06:57 Step    288 container[2] at 0.012 [um], t= 20.089 [ps], E=510.999 [keV]
OPAL-X> * 18:06:57 Step    289 container[0] at 3.984 [mm], t= 20.090 [ps], E=245.000 [MeV]
OPAL-X> * 18:06:57 Step    289 container[1] at 0.012 [um], t= 20.090 [ps], E=510.999 [keV]
OPAL-X> * 18:06:57 Step    289 container[2] at 0.012 [um], t= 20.090 [ps], E=510.999 [keV]
OPAL-X> * 18:06:58 Step    290 container[0] at 3.985 [mm], t= 20.091 [ps], E=245.000 [MeV]
OPAL-X> * 18:06:58 Step    290 container[1] at 0.012 [um], t= 20.091 [ps], E=510.999 [keV]
OPAL-X> * 18:06:58 Step    290 container[2] at 0.012 [um], t= 20.091 [ps], E=510.999 [keV]
OPAL-X> * 18:06:58 Step    291 container[0] at 3.985 [mm], t= 20.092 [ps], E=245.000 [MeV]
OPAL-X> * 18:06:58 Step    291 container[1] at 0.012 [um], t= 20.092 [ps], E=510.999 [keV]
OPAL-X> * 18:06:58 Step    291 container[2] at 0.012 [um], t= 20.092 [ps], E=510.999 [keV]
OPAL-X> * 18:06:58 Step    292 container[0] at 3.985 [mm], t= 20.093 [ps], E=245.000 [MeV]
OPAL-X> * 18:06:58 Step    292 container[1] at 0.012 [um], t= 20.093 [ps], E=510.999 [keV]
OPAL-X> * 18:06:58 Step    292 container[2] at 0.012 [um], t= 20.093 [ps], E=510.999 [keV]
OPAL-X> * 18:06:58 Step    293 container[0] at 3.985 [mm], t= 20.094 [ps], E=245.000 [MeV]
OPAL-X> * 18:06:58 Step    293 container[1] at 0.012 [um], t= 20.094 [ps], E=510.999 [keV]
OPAL-X> * 18:06:58 Step    293 container[2] at 0.012 [um], t= 20.094 [ps], E=510.999 [keV]
OPAL-X> * 18:06:59 Step    294 container[0] at 3.986 [mm], t= 20.095 [ps], E=245.000 [MeV]
OPAL-X> * 18:06:59 Step    294 container[1] at 0.012 [um], t= 20.095 [ps], E=510.999 [keV]
OPAL-X> * 18:06:59 Step    294 container[2] at 0.012 [um], t= 20.095 [ps], E=510.999 [keV]
OPAL-X> * 18:06:59 Step    295 container[0] at 3.986 [mm], t= 20.096 [ps], E=245.000 [MeV]
OPAL-X> * 18:06:59 Step    295 container[1] at 0.012 [um], t= 20.096 [ps], E=510.999 [keV]
OPAL-X> * 18:06:59 Step    295 container[2] at 0.012 [um], t= 20.096 [ps], E=510.999 [keV]
OPAL-X> * 18:06:59 Step    296 container[0] at 3.986 [mm], t= 20.097 [ps], E=245.000 [MeV]
OPAL-X> * 18:06:59 Step    296 container[1] at 0.012 [um], t= 20.097 [ps], E=510.999 [keV]
OPAL-X> * 18:06:59 Step    296 container[2] at 0.012 [um], t= 20.097 [ps], E=510.999 [keV]
OPAL-X> * 18:07:00 Step    297 container[0] at 3.987 [mm], t= 20.098 [ps], E=245.000 [MeV]
OPAL-X> * 18:07:00 Step    297 container[1] at 0.012 [um], t= 20.098 [ps], E=510.999 [keV]
OPAL-X> * 18:07:00 Step    297 container[2] at 0.012 [um], t= 20.098 [ps], E=510.999 [keV]
OPAL-X> * 18:07:00 Step    298 container[0] at 3.987 [mm], t= 20.099 [ps], E=245.000 [MeV]
OPAL-X> * 18:07:00 Step    298 container[1] at 0.012 [um], t= 20.099 [ps], E=510.999 [keV]
OPAL-X> * 18:07:00 Step    298 container[2] at 0.012 [um], t= 20.099 [ps], E=510.999 [keV]
OPAL-X> * 18:07:00 Step    299 container[0] at 3.987 [mm], t= 20.100 [ps], E=245.000 [MeV]
OPAL-X> * 18:07:00 Step    299 container[1] at 0.012 [um], t= 20.100 [ps], E=510.999 [keV]
OPAL-X> * 18:07:00 Step    299 container[2] at 0.012 [um], t= 20.100 [ps], E=510.999 [keV]
OPAL-X> * 18:07:00 Step    300 container[0] at 3.988 [mm], t= 20.101 [ps], E=245.000 [MeV]
OPAL-X> * 18:07:00 Step    300 container[1] at 0.012 [um], t= 20.101 [ps], E=510.999 [keV]
OPAL-X> * 18:07:00 Step    300 container[2] at 0.012 [um], t= 20.101 [ps], E=510.999 [keV]
OPAL-X> * 18:07:01 Step    301 container[0] at 3.988 [mm], t= 20.102 [ps], E=245.000 [MeV]
OPAL-X> * 18:07:01 Step    301 container[1] at 0.012 [um], t= 20.102 [ps], E=510.999 [keV]
OPAL-X> * 18:07:01 Step    301 container[2] at 0.012 [um], t= 20.102 [ps], E=510.999 [keV]
OPAL-X> * 18:07:01 Step    302 container[0] at 3.988 [mm], t= 20.103 [ps], E=245.000 [MeV]
OPAL-X> * 18:07:01 Step    302 container[1] at 0.012 [um], t= 20.103 [ps], E=510.999 [keV]
OPAL-X> * 18:07:01 Step    302 container[2] at 0.012 [um], t= 20.103 [ps], E=510.999 [keV]
OPAL-X> * 18:07:01 Step    303 container[0] at 3.988 [mm], t= 20.104 [ps], E=245.000 [MeV]
OPAL-X> * 18:07:01 Step    303 container[1] at 0.012 [um], t= 20.104 [ps], E=510.999 [keV]
OPAL-X> * 18:07:01 Step    303 container[2] at 0.012 [um], t= 20.104 [ps], E=510.999 [keV]
OPAL-X> * 18:07:02 Step    304 container[0] at 3.989 [mm], t= 20.105 [ps], E=245.000 [MeV]
OPAL-X> * 18:07:02 Step    304 container[1] at 0.012 [um], t= 20.105 [ps], E=510.999 [keV]
OPAL-X> * 18:07:02 Step    304 container[2] at 0.012 [um], t= 20.105 [ps], E=510.999 [keV]
OPAL-X> * 18:07:02 Step    305 container[0] at 3.989 [mm], t= 20.106 [ps], E=245.000 [MeV]
OPAL-X> * 18:07:02 Step    305 container[1] at 0.012 [um], t= 20.106 [ps], E=510.999 [keV]
OPAL-X> * 18:07:02 Step    305 container[2] at 0.012 [um], t= 20.106 [ps], E=510.999 [keV]
OPAL-X> * 18:07:02 Step    306 container[0] at 3.989 [mm], t= 20.107 [ps], E=245.000 [MeV]
OPAL-X> * 18:07:02 Step    306 container[1] at 0.012 [um], t= 20.107 [ps], E=510.999 [keV]
OPAL-X> * 18:07:02 Step    306 container[2] at 0.012 [um], t= 20.107 [ps], E=510.999 [keV]
OPAL-X> * 18:07:02 Step    307 container[0] at 3.990 [mm], t= 20.108 [ps], E=245.000 [MeV]
OPAL-X> * 18:07:02 Step    307 container[1] at 0.012 [um], t= 20.108 [ps], E=510.999 [keV]
OPAL-X> * 18:07:02 Step    307 container[2] at 0.012 [um], t= 20.108 [ps], E=510.999 [keV]
OPAL-X> * 18:07:03 Step    308 container[0] at 3.990 [mm], t= 20.109 [ps], E=245.000 [MeV]
OPAL-X> * 18:07:03 Step    308 container[1] at 0.012 [um], t= 20.109 [ps], E=510.999 [keV]
OPAL-X> * 18:07:03 Step    308 container[2] at 0.012 [um], t= 20.109 [ps], E=510.999 [keV]
OPAL-X> * 18:07:03 Step    309 container[0] at 3.990 [mm], t= 20.110 [ps], E=245.000 [MeV]
OPAL-X> * 18:07:03 Step    309 container[1] at 0.012 [um], t= 20.110 [ps], E=510.999 [keV]
OPAL-X> * 18:07:03 Step    309 container[2] at 0.012 [um], t= 20.110 [ps], E=510.999 [keV]
OPAL-X> * 18:07:03 Step    310 container[0] at 3.991 [mm], t= 20.111 [ps], E=245.000 [MeV]
OPAL-X> * 18:07:03 Step    310 container[1] at 0.012 [um], t= 20.111 [ps], E=510.999 [keV]
OPAL-X> * 18:07:03 Step    310 container[2] at 0.012 [um], t= 20.111 [ps], E=510.999 [keV]
OPAL-X> * 18:07:03 Step    311 container[0] at 3.991 [mm], t= 20.112 [ps], E=245.000 [MeV]
OPAL-X> * 18:07:03 Step    311 container[1] at 0.012 [um], t= 20.112 [ps], E=510.999 [keV]
OPAL-X> * 18:07:03 Step    311 container[2] at 0.012 [um], t= 20.112 [ps], E=510.999 [keV]
OPAL-X> * 18:07:04 Step    312 container[0] at 3.991 [mm], t= 20.113 [ps], E=245.000 [MeV]
OPAL-X> * 18:07:04 Step    312 container[1] at 0.012 [um], t= 20.113 [ps], E=510.999 [keV]
OPAL-X> * 18:07:04 Step    312 container[2] at 0.012 [um], t= 20.113 [ps], E=510.999 [keV]
OPAL-X> * 18:07:04 Step    313 container[0] at 3.991 [mm], t= 20.114 [ps], E=245.000 [MeV]
OPAL-X> * 18:07:04 Step    313 container[1] at 0.012 [um], t= 20.114 [ps], E=510.999 [keV]
OPAL-X> * 18:07:04 Step    313 container[2] at 0.012 [um], t= 20.114 [ps], E=510.999 [keV]
OPAL-X> * 18:07:04 Step    314 container[0] at 3.992 [mm], t= 20.115 [ps], E=245.000 [MeV]
OPAL-X> * 18:07:04 Step    314 container[1] at 0.012 [um], t= 20.115 [ps], E=510.999 [keV]
OPAL-X> * 18:07:04 Step    314 container[2] at 0.012 [um], t= 20.115 [ps], E=510.999 [keV]
OPAL-X> * 18:07:04 Step    315 container[0] at 3.992 [mm], t= 20.116 [ps], E=245.000 [MeV]
OPAL-X> * 18:07:04 Step    315 container[1] at 0.012 [um], t= 20.116 [ps], E=510.999 [keV]
OPAL-X> * 18:07:04 Step    315 container[2] at 0.012 [um], t= 20.116 [ps], E=510.999 [keV]
OPAL-X> * 18:07:05 Step    316 container[0] at 3.992 [mm], t= 20.117 [ps], E=245.000 [MeV]
OPAL-X> * 18:07:05 Step    316 container[1] at 0.012 [um], t= 20.117 [ps], E=510.999 [keV]
OPAL-X> * 18:07:05 Step    316 container[2] at 0.012 [um], t= 20.117 [ps], E=510.999 [keV]
OPAL-X> * 18:07:05 Step    317 container[0] at 3.993 [mm], t= 20.118 [ps], E=245.000 [MeV]
OPAL-X> * 18:07:05 Step    317 container[1] at 0.012 [um], t= 20.118 [ps], E=510.999 [keV]
OPAL-X> * 18:07:05 Step    317 container[2] at 0.012 [um], t= 20.118 [ps], E=510.999 [keV]
OPAL-X> * 18:07:05 Step    318 container[0] at 3.993 [mm], t= 20.119 [ps], E=245.000 [MeV]
OPAL-X> * 18:07:05 Step    318 container[1] at 0.012 [um], t= 20.119 [ps], E=510.999 [keV]
OPAL-X> * 18:07:05 Step    318 container[2] at 0.012 [um], t= 20.119 [ps], E=510.999 [keV]
OPAL-X> * 18:07:06 Step    319 container[0] at 3.993 [mm], t= 20.120 [ps], E=245.000 [MeV]
OPAL-X> * 18:07:06 Step    319 container[1] at 0.012 [um], t= 20.120 [ps], E=510.999 [keV]
OPAL-X> * 18:07:06 Step    319 container[2] at 0.012 [um], t= 20.120 [ps], E=510.999 [keV]
OPAL-X> * 18:07:06 Step    320 container[0] at 3.994 [mm], t= 20.121 [ps], E=245.000 [MeV]
OPAL-X> * 18:07:06 Step    320 container[1] at 0.012 [um], t= 20.121 [ps], E=510.999 [keV]
OPAL-X> * 18:07:06 Step    320 container[2] at 0.012 [um], t= 20.121 [ps], E=510.999 [keV]
OPAL-X> * 18:07:06 Step    321 container[0] at 3.994 [mm], t= 20.122 [ps], E=245.000 [MeV]
OPAL-X> * 18:07:06 Step    321 container[1] at 0.012 [um], t= 20.122 [ps], E=510.999 [keV]
OPAL-X> * 18:07:06 Step    321 container[2] at 0.012 [um], t= 20.122 [ps], E=510.999 [keV]
OPAL-X> * 18:07:06 Step    322 container[0] at 3.994 [mm], t= 20.123 [ps], E=245.000 [MeV]
OPAL-X> * 18:07:06 Step    322 container[1] at 0.012 [um], t= 20.123 [ps], E=510.999 [keV]
OPAL-X> * 18:07:06 Step    322 container[2] at 0.012 [um], t= 20.123 [ps], E=510.999 [keV]
OPAL-X> * 18:07:07 Step    323 container[0] at 3.994 [mm], t= 20.124 [ps], E=245.000 [MeV]
OPAL-X> * 18:07:07 Step    323 container[1] at 0.012 [um], t= 20.124 [ps], E=510.999 [keV]
OPAL-X> * 18:07:07 Step    323 container[2] at 0.012 [um], t= 20.124 [ps], E=510.999 [keV]
OPAL-X> * 18:07:07 Step    324 container[0] at 3.995 [mm], t= 20.125 [ps], E=245.000 [MeV]
OPAL-X> * 18:07:07 Step    324 container[1] at 0.012 [um], t= 20.125 [ps], E=510.999 [keV]
OPAL-X> * 18:07:07 Step    324 container[2] at 0.012 [um], t= 20.125 [ps], E=510.999 [keV]
OPAL-X> * 18:07:07 Step    325 container[0] at 3.995 [mm], t= 20.126 [ps], E=245.000 [MeV]
OPAL-X> * 18:07:07 Step    325 container[1] at 0.012 [um], t= 20.126 [ps], E=510.999 [keV]
OPAL-X> * 18:07:07 Step    325 container[2] at 0.012 [um], t= 20.126 [ps], E=510.999 [keV]
OPAL-X> * 18:07:07 Step    326 container[0] at 3.995 [mm], t= 20.127 [ps], E=245.000 [MeV]
OPAL-X> * 18:07:07 Step    326 container[1] at 0.012 [um], t= 20.127 [ps], E=510.999 [keV]
OPAL-X> * 18:07:07 Step    326 container[2] at 0.012 [um], t= 20.127 [ps], E=510.999 [keV]
OPAL-X> * 18:07:08 Step    327 container[0] at 3.996 [mm], t= 20.128 [ps], E=245.000 [MeV]
OPAL-X> * 18:07:08 Step    327 container[1] at 0.012 [um], t= 20.128 [ps], E=510.999 [keV]
OPAL-X> * 18:07:08 Step    327 container[2] at 0.012 [um], t= 20.128 [ps], E=510.999 [keV]
OPAL-X> * 18:07:08 Step    328 container[0] at 3.996 [mm], t= 20.129 [ps], E=245.000 [MeV]
OPAL-X> * 18:07:08 Step    328 container[1] at 0.012 [um], t= 20.129 [ps], E=510.999 [keV]
OPAL-X> * 18:07:08 Step    328 container[2] at 0.012 [um], t= 20.129 [ps], E=510.999 [keV]
OPAL-X> * 18:07:08 Step    329 container[0] at 3.996 [mm], t= 20.130 [ps], E=245.000 [MeV]
OPAL-X> * 18:07:08 Step    329 container[1] at 0.012 [um], t= 20.130 [ps], E=510.999 [keV]
OPAL-X> * 18:07:08 Step    329 container[2] at 0.012 [um], t= 20.130 [ps], E=510.999 [keV]
OPAL-X> * 18:07:09 Step    330 container[0] at 3.997 [mm], t= 20.131 [ps], E=245.000 [MeV]
OPAL-X> * 18:07:09 Step    330 container[1] at 0.012 [um], t= 20.131 [ps], E=510.999 [keV]
OPAL-X> * 18:07:09 Step    330 container[2] at 0.012 [um], t= 20.131 [ps], E=510.999 [keV]
OPAL-X> * 18:07:09 Step    331 container[0] at 3.997 [mm], t= 20.132 [ps], E=245.000 [MeV]
OPAL-X> * 18:07:09 Step    331 container[1] at 0.012 [um], t= 20.132 [ps], E=510.999 [keV]
OPAL-X> * 18:07:09 Step    331 container[2] at 0.012 [um], t= 20.132 [ps], E=510.999 [keV]
OPAL-X> * 18:07:09 Step    332 container[0] at 3.997 [mm], t= 20.133 [ps], E=245.000 [MeV]
OPAL-X> * 18:07:09 Step    332 container[1] at 0.012 [um], t= 20.133 [ps], E=510.999 [keV]
OPAL-X> * 18:07:09 Step    332 container[2] at 0.012 [um], t= 20.133 [ps], E=510.999 [keV]
OPAL-X> * 18:07:09 Step    333 container[0] at 3.997 [mm], t= 20.134 [ps], E=245.000 [MeV]
OPAL-X> * 18:07:09 Step    333 container[1] at 0.012 [um], t= 20.134 [ps], E=510.999 [keV]
OPAL-X> * 18:07:09 Step    333 container[2] at 0.012 [um], t= 20.134 [ps], E=510.999 [keV]
OPAL-X> * 18:07:10 Step    334 container[0] at 3.998 [mm], t= 20.135 [ps], E=245.000 [MeV]
OPAL-X> * 18:07:10 Step    334 container[1] at 0.012 [um], t= 20.135 [ps], E=510.999 [keV]
OPAL-X> * 18:07:10 Step    334 container[2] at 0.012 [um], t= 20.135 [ps], E=510.999 [keV]
OPAL-X> * 18:07:10 Step    335 container[0] at 3.998 [mm], t= 20.136 [ps], E=245.000 [MeV]
OPAL-X> * 18:07:10 Step    335 container[1] at 0.012 [um], t= 20.136 [ps], E=510.999 [keV]
OPAL-X> * 18:07:10 Step    335 container[2] at 0.012 [um], t= 20.136 [ps], E=510.999 [keV]
OPAL-X> * 18:07:10 Step    336 container[0] at 3.998 [mm], t= 20.137 [ps], E=245.000 [MeV]
OPAL-X> * 18:07:10 Step    336 container[1] at 0.012 [um], t= 20.137 [ps], E=510.999 [keV]
OPAL-X> * 18:07:10 Step    336 container[2] at 0.012 [um], t= 20.137 [ps], E=510.999 [keV]
OPAL-X> * 18:07:10 Step    337 container[0] at 3.999 [mm], t= 20.138 [ps], E=245.000 [MeV]
OPAL-X> * 18:07:10 Step    337 container[1] at 0.012 [um], t= 20.138 [ps], E=510.999 [keV]
OPAL-X> * 18:07:10 Step    337 container[2] at 0.012 [um], t= 20.138 [ps], E=510.999 [keV]
OPAL-X> * 18:07:11 Step    338 container[0] at 3.999 [mm], t= 20.139 [ps], E=245.000 [MeV]
OPAL-X> * 18:07:11 Step    338 container[1] at 0.012 [um], t= 20.139 [ps], E=510.999 [keV]
OPAL-X> * 18:07:11 Step    338 container[2] at 0.012 [um], t= 20.139 [ps], E=510.999 [keV]
OPAL-X> * 18:07:11 Step    339 container[0] at 3.999 [mm], t= 20.140 [ps], E=245.000 [MeV]
OPAL-X> * 18:07:11 Step    339 container[1] at 0.012 [um], t= 20.140 [ps], E=510.999 [keV]
OPAL-X> * 18:07:11 Step    339 container[2] at 0.012 [um], t= 20.140 [ps], E=510.999 [keV]
OPAL-X> * 18:07:11 Step    340 container[0] at 4.000 [mm], t= 20.141 [ps], E=245.000 [MeV]
OPAL-X> * 18:07:11 Step    340 container[1] at 0.012 [um], t= 20.141 [ps], E=510.999 [keV]
OPAL-X> * 18:07:11 Step    340 container[2] at 0.012 [um], t= 20.141 [ps], E=510.999 [keV]
OPAL-X> * 18:07:11 Step    341 container[0] at 4.000 [mm], t= 20.142 [ps], E=245.000 [MeV]
OPAL-X> * 18:07:11 Step    341 container[1] at 0.012 [um], t= 20.142 [ps], E=510.999 [keV]
OPAL-X> * 18:07:11 Step    341 container[2] at 0.012 [um], t= 20.142 [ps], E=510.999 [keV]
OPAL-X> * 18:07:12 Step    342 container[0] at 4.000 [mm], t= 20.143 [ps], E=245.000 [MeV]
OPAL-X> * 18:07:12 Step    342 container[1] at 0.012 [um], t= 20.143 [ps], E=510.999 [keV]
OPAL-X> * 18:07:12 Step    342 container[2] at 0.012 [um], t= 20.143 [ps], E=510.999 [keV]
OPAL-X> * 18:07:12 Step    343 container[0] at 4.000 [mm], t= 20.144 [ps], E=245.000 [MeV]
OPAL-X> * 18:07:12 Step    343 container[1] at 0.012 [um], t= 20.144 [ps], E=510.999 [keV]
OPAL-X> * 18:07:12 Step    343 container[2] at 0.012 [um], t= 20.144 [ps], E=510.999 [keV]
OPAL-X> * 18:07:12 Step    344 container[0] at 4.001 [mm], t= 20.145 [ps], E=245.000 [MeV]
OPAL-X> * 18:07:12 Step    344 container[1] at 0.012 [um], t= 20.145 [ps], E=510.999 [keV]
OPAL-X> * 18:07:12 Step    344 container[2] at 0.012 [um], t= 20.145 [ps], E=510.999 [keV]
OPAL-X> * 18:07:12 Step    345 container[0] at 4.001 [mm], t= 20.146 [ps], E=245.000 [MeV]
OPAL-X> * 18:07:12 Step    345 container[1] at 0.012 [um], t= 20.146 [ps], E=510.999 [keV]
OPAL-X> * 18:07:12 Step    345 container[2] at 0.012 [um], t= 20.146 [ps], E=510.999 [keV]
OPAL-X> * 18:07:13 Step    346 container[0] at 4.001 [mm], t= 20.147 [ps], E=245.000 [MeV]
OPAL-X> * 18:07:13 Step    346 container[1] at 0.012 [um], t= 20.147 [ps], E=510.999 [keV]
OPAL-X> * 18:07:13 Step    346 container[2] at 0.012 [um], t= 20.147 [ps], E=510.999 [keV]
OPAL-X> * 18:07:13 Step    347 container[0] at 4.002 [mm], t= 20.148 [ps], E=245.000 [MeV]
OPAL-X> * 18:07:13 Step    347 container[1] at 0.012 [um], t= 20.148 [ps], E=510.999 [keV]
OPAL-X> * 18:07:13 Step    347 container[2] at 0.012 [um], t= 20.148 [ps], E=510.999 [keV]
OPAL-X> * 18:07:13 Step    348 container[0] at 4.002 [mm], t= 20.149 [ps], E=245.000 [MeV]
OPAL-X> * 18:07:13 Step    348 container[1] at 0.012 [um], t= 20.149 [ps], E=510.999 [keV]
OPAL-X> * 18:07:13 Step    348 container[2] at 0.012 [um], t= 20.149 [ps], E=510.999 [keV]
OPAL-X> * 18:07:13 Step    349 container[0] at 4.002 [mm], t= 20.150 [ps], E=245.000 [MeV]
OPAL-X> * 18:07:13 Step    349 container[1] at 0.012 [um], t= 20.150 [ps], E=510.999 [keV]
OPAL-X> * 18:07:13 Step    349 container[2] at 0.012 [um], t= 20.150 [ps], E=510.999 [keV]
OPAL-X> * 18:07:14 Step    350 container[0] at 4.003 [mm], t= 20.151 [ps], E=245.000 [MeV]
OPAL-X> * 18:07:14 Step    350 container[1] at 0.012 [um], t= 20.151 [ps], E=510.999 [keV]
OPAL-X> * 18:07:14 Step    350 container[2] at 0.012 [um], t= 20.151 [ps], E=510.999 [keV]
OPAL-X> * 18:07:14 Step    351 container[0] at 4.003 [mm], t= 20.152 [ps], E=245.000 [MeV]
OPAL-X> * 18:07:14 Step    351 container[1] at 0.012 [um], t= 20.152 [ps], E=510.999 [keV]
OPAL-X> * 18:07:14 Step    351 container[2] at 0.012 [um], t= 20.152 [ps], E=510.999 [keV]
OPAL-X> * 18:07:14 Step    352 container[0] at 4.003 [mm], t= 20.153 [ps], E=245.000 [MeV]
OPAL-X> * 18:07:14 Step    352 container[1] at 0.012 [um], t= 20.153 [ps], E=510.999 [keV]
OPAL-X> * 18:07:14 Step    352 container[2] at 0.012 [um], t= 20.153 [ps], E=510.999 [keV]
OPAL-X> * 18:07:14 Step    353 container[0] at 4.003 [mm], t= 20.154 [ps], E=245.000 [MeV]
OPAL-X> * 18:07:14 Step    353 container[1] at 0.012 [um], t= 20.154 [ps], E=510.999 [keV]
OPAL-X> * 18:07:14 Step    353 container[2] at 0.012 [um], t= 20.154 [ps], E=510.999 [keV]
OPAL-X> * 18:07:15 Step    354 container[0] at 4.004 [mm], t= 20.155 [ps], E=245.000 [MeV]
OPAL-X> * 18:07:15 Step    354 container[1] at 0.012 [um], t= 20.155 [ps], E=510.999 [keV]
OPAL-X> * 18:07:15 Step    354 container[2] at 0.012 [um], t= 20.155 [ps], E=510.999 [keV]
OPAL-X> * 18:07:15 Step    355 container[0] at 4.004 [mm], t= 20.156 [ps], E=245.000 [MeV]
OPAL-X> * 18:07:15 Step    355 container[1] at 0.012 [um], t= 20.156 [ps], E=510.999 [keV]
OPAL-X> * 18:07:15 Step    355 container[2] at 0.012 [um], t= 20.156 [ps], E=510.999 [keV]
OPAL-X> * 18:07:15 Step    356 container[0] at 4.004 [mm], t= 20.157 [ps], E=245.000 [MeV]
OPAL-X> * 18:07:15 Step    356 container[1] at 0.012 [um], t= 20.157 [ps], E=510.999 [keV]
OPAL-X> * 18:07:15 Step    356 container[2] at 0.012 [um], t= 20.157 [ps], E=510.999 [keV]
OPAL-X> * 18:07:16 Step    357 container[0] at 4.005 [mm], t= 20.158 [ps], E=245.000 [MeV]
OPAL-X> * 18:07:16 Step    357 container[1] at 0.012 [um], t= 20.158 [ps], E=510.999 [keV]
OPAL-X> * 18:07:16 Step    357 container[2] at 0.012 [um], t= 20.158 [ps], E=510.999 [keV]
OPAL-X> * 18:07:16 Step    358 container[0] at 4.005 [mm], t= 20.159 [ps], E=245.000 [MeV]
OPAL-X> * 18:07:16 Step    358 container[1] at 0.012 [um], t= 20.159 [ps], E=510.999 [keV]
OPAL-X> * 18:07:16 Step    358 container[2] at 0.012 [um], t= 20.159 [ps], E=510.999 [keV]
OPAL-X> * 18:07:16 Step    359 container[0] at 4.005 [mm], t= 20.160 [ps], E=245.000 [MeV]
OPAL-X> * 18:07:16 Step    359 container[1] at 0.012 [um], t= 20.160 [ps], E=510.999 [keV]
OPAL-X> * 18:07:16 Step    359 container[2] at 0.012 [um], t= 20.160 [ps], E=510.999 [keV]
OPAL-X> * 18:07:16 Step    360 container[0] at 4.006 [mm], t= 20.161 [ps], E=245.000 [MeV]
OPAL-X> * 18:07:16 Step    360 container[1] at 0.012 [um], t= 20.161 [ps], E=510.999 [keV]
OPAL-X> * 18:07:16 Step    360 container[2] at 0.012 [um], t= 20.161 [ps], E=510.999 [keV]
OPAL-X> * 18:07:17 Step    361 container[0] at 4.006 [mm], t= 20.162 [ps], E=245.000 [MeV]
OPAL-X> * 18:07:17 Step    361 container[1] at 0.012 [um], t= 20.162 [ps], E=510.999 [keV]
OPAL-X> * 18:07:17 Step    361 container[2] at 0.012 [um], t= 20.162 [ps], E=510.999 [keV]
OPAL-X> * 18:07:17 Step    362 container[0] at 4.006 [mm], t= 20.163 [ps], E=245.000 [MeV]
OPAL-X> * 18:07:17 Step    362 container[1] at 0.012 [um], t= 20.163 [ps], E=510.999 [keV]
OPAL-X> * 18:07:17 Step    362 container[2] at 0.012 [um], t= 20.163 [ps], E=510.999 [keV]
OPAL-X> * 18:07:17 Step    363 container[0] at 4.006 [mm], t= 20.164 [ps], E=245.000 [MeV]
OPAL-X> * 18:07:17 Step    363 container[1] at 0.012 [um], t= 20.164 [ps], E=510.999 [keV]
OPAL-X> * 18:07:17 Step    363 container[2] at 0.012 [um], t= 20.164 [ps], E=510.999 [keV]
OPAL-X> * 18:07:17 Step    364 container[0] at 4.007 [mm], t= 20.165 [ps], E=245.000 [MeV]
OPAL-X> * 18:07:17 Step    364 container[1] at 0.012 [um], t= 20.165 [ps], E=510.999 [keV]
OPAL-X> * 18:07:17 Step    364 container[2] at 0.012 [um], t= 20.165 [ps], E=510.999 [keV]
OPAL-X> * 18:07:18 Step    365 container[0] at 4.007 [mm], t= 20.166 [ps], E=245.000 [MeV]
OPAL-X> * 18:07:18 Step    365 container[1] at 0.012 [um], t= 20.166 [ps], E=510.999 [keV]
OPAL-X> * 18:07:18 Step    365 container[2] at 0.012 [um], t= 20.166 [ps], E=510.999 [keV]
OPAL-X> * 18:07:18 Step    366 container[0] at 4.007 [mm], t= 20.167 [ps], E=245.000 [MeV]
OPAL-X> * 18:07:18 Step    366 container[1] at 0.012 [um], t= 20.167 [ps], E=510.999 [keV]
OPAL-X> * 18:07:18 Step    366 container[2] at 0.012 [um], t= 20.167 [ps], E=510.999 [keV]
OPAL-X> * 18:07:18 Step    367 container[0] at 4.008 [mm], t= 20.168 [ps], E=245.000 [MeV]
OPAL-X> * 18:07:18 Step    367 container[1] at 0.012 [um], t= 20.168 [ps], E=510.999 [keV]
OPAL-X> * 18:07:18 Step    367 container[2] at 0.012 [um], t= 20.168 [ps], E=510.999 [keV]
OPAL-X> * 18:07:18 Step    368 container[0] at 4.008 [mm], t= 20.169 [ps], E=245.000 [MeV]
OPAL-X> * 18:07:18 Step    368 container[1] at 0.012 [um], t= 20.169 [ps], E=510.999 [keV]
OPAL-X> * 18:07:18 Step    368 container[2] at 0.012 [um], t= 20.169 [ps], E=510.999 [keV]
OPAL-X> * 18:07:19 Step    369 container[0] at 4.008 [mm], t= 20.170 [ps], E=245.000 [MeV]
OPAL-X> * 18:07:19 Step    369 container[1] at 0.012 [um], t= 20.170 [ps], E=510.999 [keV]
OPAL-X> * 18:07:19 Step    369 container[2] at 0.012 [um], t= 20.170 [ps], E=510.999 [keV]
OPAL-X> * 18:07:19 Step    370 container[0] at 4.009 [mm], t= 20.171 [ps], E=245.000 [MeV]
OPAL-X> * 18:07:19 Step    370 container[1] at 0.012 [um], t= 20.171 [ps], E=510.999 [keV]
OPAL-X> * 18:07:19 Step    370 container[2] at 0.012 [um], t= 20.171 [ps], E=510.999 [keV]
OPAL-X> * 18:07:19 Step    371 container[0] at 4.009 [mm], t= 20.172 [ps], E=245.000 [MeV]
OPAL-X> * 18:07:19 Step    371 container[1] at 0.012 [um], t= 20.172 [ps], E=510.999 [keV]
OPAL-X> * 18:07:19 Step    371 container[2] at 0.012 [um], t= 20.172 [ps], E=510.999 [keV]
OPAL-X> * 18:07:20 Step    372 container[0] at 4.009 [mm], t= 20.173 [ps], E=245.000 [MeV]
OPAL-X> * 18:07:20 Step    372 container[1] at 0.012 [um], t= 20.173 [ps], E=510.999 [keV]
OPAL-X> * 18:07:20 Step    372 container[2] at 0.012 [um], t= 20.173 [ps], E=510.999 [keV]
OPAL-X> * 18:07:20 Step    373 container[0] at 4.009 [mm], t= 20.174 [ps], E=245.000 [MeV]
OPAL-X> * 18:07:20 Step    373 container[1] at 0.012 [um], t= 20.174 [ps], E=510.999 [keV]
OPAL-X> * 18:07:20 Step    373 container[2] at 0.012 [um], t= 20.174 [ps], E=510.999 [keV]
OPAL-X> * 18:07:20 Step    374 container[0] at 4.010 [mm], t= 20.175 [ps], E=245.000 [MeV]
OPAL-X> * 18:07:20 Step    374 container[1] at 0.012 [um], t= 20.175 [ps], E=510.999 [keV]
OPAL-X> * 18:07:20 Step    374 container[2] at 0.012 [um], t= 20.175 [ps], E=510.999 [keV]
OPAL-X> * 18:07:20 Step    375 container[0] at 4.010 [mm], t= 20.176 [ps], E=245.000 [MeV]
OPAL-X> * 18:07:20 Step    375 container[1] at 0.012 [um], t= 20.176 [ps], E=510.999 [keV]
OPAL-X> * 18:07:20 Step    375 container[2] at 0.012 [um], t= 20.176 [ps], E=510.999 [keV]
OPAL-X> * 18:07:21 Step    376 container[0] at 4.010 [mm], t= 20.177 [ps], E=245.000 [MeV]
OPAL-X> * 18:07:21 Step    376 container[1] at 0.012 [um], t= 20.177 [ps], E=510.999 [keV]
OPAL-X> * 18:07:21 Step    376 container[2] at 0.012 [um], t= 20.177 [ps], E=510.999 [keV]
OPAL-X> * 18:07:21 Step    377 container[0] at 4.011 [mm], t= 20.178 [ps], E=245.000 [MeV]
OPAL-X> * 18:07:21 Step    377 container[1] at 0.012 [um], t= 20.178 [ps], E=510.999 [keV]
OPAL-X> * 18:07:21 Step    377 container[2] at 0.012 [um], t= 20.178 [ps], E=510.999 [keV]
OPAL-X> * 18:07:21 Step    378 container[0] at 4.011 [mm], t= 20.179 [ps], E=245.000 [MeV]
OPAL-X> * 18:07:21 Step    378 container[1] at 0.012 [um], t= 20.179 [ps], E=510.999 [keV]
OPAL-X> * 18:07:21 Step    378 container[2] at 0.012 [um], t= 20.179 [ps], E=510.999 [keV]
OPAL-X> * 18:07:21 Step    379 container[0] at 4.011 [mm], t= 20.180 [ps], E=245.000 [MeV]
OPAL-X> * 18:07:21 Step    379 container[1] at 0.012 [um], t= 20.180 [ps], E=510.999 [keV]
OPAL-X> * 18:07:21 Step    379 container[2] at 0.012 [um], t= 20.180 [ps], E=510.999 [keV]
OPAL-X> * 18:07:21 Step    380 container[0] at 4.012 [mm], t= 20.181 [ps], E=245.000 [MeV]
OPAL-X> * 18:07:21 Step    380 container[1] at 0.012 [um], t= 20.181 [ps], E=510.999 [keV]
OPAL-X> * 18:07:21 Step    380 container[2] at 0.012 [um], t= 20.181 [ps], E=510.999 [keV]
OPAL-X> * 18:07:22 Step    381 container[0] at 4.012 [mm], t= 20.182 [ps], E=245.000 [MeV]
OPAL-X> * 18:07:22 Step    381 container[1] at 0.012 [um], t= 20.182 [ps], E=510.999 [keV]
OPAL-X> * 18:07:22 Step    381 container[2] at 0.012 [um], t= 20.182 [ps], E=510.999 [keV]
OPAL-X> * 18:07:22 Step    382 container[0] at 4.012 [mm], t= 20.183 [ps], E=245.000 [MeV]
OPAL-X> * 18:07:22 Step    382 container[1] at 0.012 [um], t= 20.183 [ps], E=510.999 [keV]
OPAL-X> * 18:07:22 Step    382 container[2] at 0.012 [um], t= 20.183 [ps], E=510.999 [keV]
OPAL-X> * 18:07:22 Step    383 container[0] at 4.012 [mm], t= 20.184 [ps], E=245.000 [MeV]
OPAL-X> * 18:07:22 Step    383 container[1] at 0.012 [um], t= 20.184 [ps], E=510.999 [keV]
OPAL-X> * 18:07:22 Step    383 container[2] at 0.012 [um], t= 20.184 [ps], E=510.999 [keV]
OPAL-X> * 18:07:23 Step    384 container[0] at 4.013 [mm], t= 20.185 [ps], E=245.000 [MeV]
OPAL-X> * 18:07:23 Step    384 container[1] at 0.012 [um], t= 20.185 [ps], E=510.999 [keV]
OPAL-X> * 18:07:23 Step    384 container[2] at 0.012 [um], t= 20.185 [ps], E=510.999 [keV]
OPAL-X> * 18:07:23 Step    385 container[0] at 4.013 [mm], t= 20.186 [ps], E=245.000 [MeV]
OPAL-X> * 18:07:23 Step    385 container[1] at 0.012 [um], t= 20.186 [ps], E=510.999 [keV]
OPAL-X> * 18:07:23 Step    385 container[2] at 0.012 [um], t= 20.186 [ps], E=510.999 [keV]
OPAL-X> * 18:07:23 Step    386 container[0] at 4.013 [mm], t= 20.187 [ps], E=245.000 [MeV]
OPAL-X> * 18:07:23 Step    386 container[1] at 0.012 [um], t= 20.187 [ps], E=510.999 [keV]
OPAL-X> * 18:07:23 Step    386 container[2] at 0.012 [um], t= 20.187 [ps], E=510.999 [keV]
OPAL-X> * 18:07:23 Step    387 container[0] at 4.014 [mm], t= 20.188 [ps], E=245.000 [MeV]
OPAL-X> * 18:07:23 Step    387 container[1] at 0.012 [um], t= 20.188 [ps], E=510.999 [keV]
OPAL-X> * 18:07:23 Step    387 container[2] at 0.012 [um], t= 20.188 [ps], E=510.999 [keV]
OPAL-X> * 18:07:24 Step    388 container[0] at 4.014 [mm], t= 20.189 [ps], E=245.000 [MeV]
OPAL-X> * 18:07:24 Step    388 container[1] at 0.012 [um], t= 20.189 [ps], E=510.999 [keV]
OPAL-X> * 18:07:24 Step    388 container[2] at 0.012 [um], t= 20.189 [ps], E=510.999 [keV]
OPAL-X> * 18:07:24 Step    389 container[0] at 4.014 [mm], t= 20.190 [ps], E=245.000 [MeV]
OPAL-X> * 18:07:24 Step    389 container[1] at 0.012 [um], t= 20.190 [ps], E=510.999 [keV]
OPAL-X> * 18:07:24 Step    389 container[2] at 0.012 [um], t= 20.190 [ps], E=510.999 [keV]
OPAL-X> * 18:07:24 Step    390 container[0] at 4.015 [mm], t= 20.191 [ps], E=245.000 [MeV]
OPAL-X> * 18:07:24 Step    390 container[1] at 0.012 [um], t= 20.191 [ps], E=510.999 [keV]
OPAL-X> * 18:07:24 Step    390 container[2] at 0.012 [um], t= 20.191 [ps], E=510.999 [keV]
OPAL-X> * 18:07:24 Step    391 container[0] at 4.015 [mm], t= 20.192 [ps], E=245.000 [MeV]
OPAL-X> * 18:07:24 Step    391 container[1] at 0.012 [um], t= 20.192 [ps], E=510.999 [keV]
OPAL-X> * 18:07:24 Step    391 container[2] at 0.012 [um], t= 20.192 [ps], E=510.999 [keV]
OPAL-X> * 18:07:25 Step    392 container[0] at 4.015 [mm], t= 20.193 [ps], E=245.000 [MeV]
OPAL-X> * 18:07:25 Step    392 container[1] at 0.012 [um], t= 20.193 [ps], E=510.999 [keV]
OPAL-X> * 18:07:25 Step    392 container[2] at 0.012 [um], t= 20.193 [ps], E=510.999 [keV]
OPAL-X> * 18:07:25 Step    393 container[0] at 4.015 [mm], t= 20.194 [ps], E=245.000 [MeV]
OPAL-X> * 18:07:25 Step    393 container[1] at 0.012 [um], t= 20.194 [ps], E=510.999 [keV]
OPAL-X> * 18:07:25 Step    393 container[2] at 0.012 [um], t= 20.194 [ps], E=510.999 [keV]
OPAL-X> * 18:07:25 Step    394 container[0] at 4.016 [mm], t= 20.195 [ps], E=245.000 [MeV]
OPAL-X> * 18:07:25 Step    394 container[1] at 0.012 [um], t= 20.195 [ps], E=510.999 [keV]
OPAL-X> * 18:07:25 Step    394 container[2] at 0.012 [um], t= 20.195 [ps], E=510.999 [keV]
OPAL-X> * 18:07:25 Step    395 container[0] at 4.016 [mm], t= 20.196 [ps], E=245.000 [MeV]
OPAL-X> * 18:07:25 Step    395 container[1] at 0.012 [um], t= 20.196 [ps], E=510.999 [keV]
OPAL-X> * 18:07:25 Step    395 container[2] at 0.012 [um], t= 20.196 [ps], E=510.999 [keV]
OPAL-X> * 18:07:26 Step    396 container[0] at 4.016 [mm], t= 20.197 [ps], E=245.000 [MeV]
OPAL-X> * 18:07:26 Step    396 container[1] at 0.012 [um], t= 20.197 [ps], E=510.999 [keV]
OPAL-X> * 18:07:26 Step    396 container[2] at 0.012 [um], t= 20.197 [ps], E=510.999 [keV]
OPAL-X> * 18:07:26 Step    397 container[0] at 4.017 [mm], t= 20.198 [ps], E=245.000 [MeV]
OPAL-X> * 18:07:26 Step    397 container[1] at 0.012 [um], t= 20.198 [ps], E=510.999 [keV]
OPAL-X> * 18:07:26 Step    397 container[2] at 0.012 [um], t= 20.198 [ps], E=510.999 [keV]
OPAL-X> * 18:07:26 Step    398 container[0] at 4.017 [mm], t= 20.199 [ps], E=245.000 [MeV]
OPAL-X> * 18:07:26 Step    398 container[1] at 0.012 [um], t= 20.199 [ps], E=510.999 [keV]
OPAL-X> * 18:07:26 Step    398 container[2] at 0.012 [um], t= 20.199 [ps], E=510.999 [keV]
OPAL-X> * 18:07:27 Step    399 container[0] at 4.017 [mm], t= 20.200 [ps], E=245.000 [MeV]
OPAL-X> * 18:07:27 Step    399 container[1] at 0.012 [um], t= 20.200 [ps], E=510.999 [keV]
OPAL-X> * 18:07:27 Step    399 container[2] at 0.012 [um], t= 20.200 [ps], E=510.999 [keV]
OPAL-X> * 18:07:27 Step    400 container[0] at 4.018 [mm], t= 20.201 [ps], E=245.000 [MeV]
OPAL-X> * 18:07:27 Step    400 container[1] at 0.012 [um], t= 20.201 [ps], E=510.999 [keV]
OPAL-X> * 18:07:27 Step    400 container[2] at 0.012 [um], t= 20.201 [ps], E=510.999 [keV]
OPAL-X> * 18:07:27 Step    401 container[0] at 4.018 [mm], t= 20.202 [ps], E=245.000 [MeV]
OPAL-X> * 18:07:27 Step    401 container[1] at 0.012 [um], t= 20.202 [ps], E=510.999 [keV]
OPAL-X> * 18:07:27 Step    401 container[2] at 0.012 [um], t= 20.202 [ps], E=510.999 [keV]
OPAL-X> * 18:07:27 Step    402 container[0] at 4.018 [mm], t= 20.203 [ps], E=245.000 [MeV]
OPAL-X> * 18:07:27 Step    402 container[1] at 0.012 [um], t= 20.203 [ps], E=510.999 [keV]
OPAL-X> * 18:07:27 Step    402 container[2] at 0.012 [um], t= 20.203 [ps], E=510.999 [keV]
OPAL-X> * 18:07:28 Step    403 container[0] at 4.018 [mm], t= 20.204 [ps], E=245.000 [MeV]
OPAL-X> * 18:07:28 Step    403 container[1] at 0.012 [um], t= 20.204 [ps], E=510.999 [keV]
OPAL-X> * 18:07:28 Step    403 container[2] at 0.012 [um], t= 20.204 [ps], E=510.999 [keV]
OPAL-X> * 18:07:28 Step    404 container[0] at 4.019 [mm], t= 20.205 [ps], E=245.000 [MeV]
OPAL-X> * 18:07:28 Step    404 container[1] at 0.012 [um], t= 20.205 [ps], E=510.999 [keV]
OPAL-X> * 18:07:28 Step    404 container[2] at 0.012 [um], t= 20.205 [ps], E=510.999 [keV]
OPAL-X> * 18:07:28 Step    405 container[0] at 4.019 [mm], t= 20.206 [ps], E=245.000 [MeV]
OPAL-X> * 18:07:28 Step    405 container[1] at 0.012 [um], t= 20.206 [ps], E=510.999 [keV]
OPAL-X> * 18:07:28 Step    405 container[2] at 0.012 [um], t= 20.206 [ps], E=510.999 [keV]
OPAL-X> * 18:07:28 Step    406 container[0] at 4.019 [mm], t= 20.207 [ps], E=245.000 [MeV]
OPAL-X> * 18:07:28 Step    406 container[1] at 0.012 [um], t= 20.207 [ps], E=510.999 [keV]
OPAL-X> * 18:07:28 Step    406 container[2] at 0.012 [um], t= 20.207 [ps], E=510.999 [keV]
OPAL-X> * 18:07:29 Step    407 container[0] at 4.020 [mm], t= 20.208 [ps], E=245.000 [MeV]
OPAL-X> * 18:07:29 Step    407 container[1] at 0.012 [um], t= 20.208 [ps], E=510.999 [keV]
OPAL-X> * 18:07:29 Step    407 container[2] at 0.012 [um], t= 20.208 [ps], E=510.999 [keV]
OPAL-X> * 18:07:29 Step    408 container[0] at 4.020 [mm], t= 20.209 [ps], E=245.000 [MeV]
OPAL-X> * 18:07:29 Step    408 container[1] at 0.012 [um], t= 20.209 [ps], E=510.999 [keV]
OPAL-X> * 18:07:29 Step    408 container[2] at 0.012 [um], t= 20.209 [ps], E=510.999 [keV]
OPAL-X> * 18:07:29 Step    409 container[0] at 4.020 [mm], t= 20.210 [ps], E=245.000 [MeV]
OPAL-X> * 18:07:29 Step    409 container[1] at 0.012 [um], t= 20.210 [ps], E=510.999 [keV]
OPAL-X> * 18:07:29 Step    409 container[2] at 0.012 [um], t= 20.210 [ps], E=510.999 [keV]
OPAL-X> * 18:07:29 Step    410 container[0] at 4.021 [mm], t= 20.211 [ps], E=245.000 [MeV]
OPAL-X> * 18:07:29 Step    410 container[1] at 0.012 [um], t= 20.211 [ps], E=510.999 [keV]
OPAL-X> * 18:07:29 Step    410 container[2] at 0.012 [um], t= 20.211 [ps], E=510.999 [keV]
OPAL-X> * 18:07:30 Step    411 container[0] at 4.021 [mm], t= 20.212 [ps], E=245.000 [MeV]
OPAL-X> * 18:07:30 Step    411 container[1] at 0.012 [um], t= 20.212 [ps], E=510.999 [keV]
OPAL-X> * 18:07:30 Step    411 container[2] at 0.012 [um], t= 20.212 [ps], E=510.999 [keV]
OPAL-X> * 18:07:30 Step    412 container[0] at 4.021 [mm], t= 20.213 [ps], E=245.000 [MeV]
OPAL-X> * 18:07:30 Step    412 container[1] at 0.012 [um], t= 20.213 [ps], E=510.999 [keV]
OPAL-X> * 18:07:30 Step    412 container[2] at 0.012 [um], t= 20.213 [ps], E=510.999 [keV]
OPAL-X> * 18:07:30 Step    413 container[0] at 4.021 [mm], t= 20.214 [ps], E=245.000 [MeV]
OPAL-X> * 18:07:30 Step    413 container[1] at 0.012 [um], t= 20.214 [ps], E=510.999 [keV]
OPAL-X> * 18:07:30 Step    413 container[2] at 0.012 [um], t= 20.214 [ps], E=510.999 [keV]
OPAL-X> * 18:07:31 Step    414 container[0] at 4.022 [mm], t= 20.215 [ps], E=245.000 [MeV]
OPAL-X> * 18:07:31 Step    414 container[1] at 0.012 [um], t= 20.215 [ps], E=510.999 [keV]
OPAL-X> * 18:07:31 Step    414 container[2] at 0.012 [um], t= 20.215 [ps], E=510.999 [keV]
OPAL-X> * 18:07:31 Step    415 container[0] at 4.022 [mm], t= 20.216 [ps], E=245.000 [MeV]
OPAL-X> * 18:07:31 Step    415 container[1] at 0.012 [um], t= 20.216 [ps], E=510.999 [keV]
OPAL-X> * 18:07:31 Step    415 container[2] at 0.012 [um], t= 20.216 [ps], E=510.999 [keV]
OPAL-X> * 18:07:31 Step    416 container[0] at 4.022 [mm], t= 20.217 [ps], E=245.000 [MeV]
OPAL-X> * 18:07:31 Step    416 container[1] at 0.012 [um], t= 20.217 [ps], E=510.999 [keV]
OPAL-X> * 18:07:31 Step    416 container[2] at 0.012 [um], t= 20.217 [ps], E=510.999 [keV]
OPAL-X> * 18:07:31 Step    417 container[0] at 4.023 [mm], t= 20.218 [ps], E=245.000 [MeV]
OPAL-X> * 18:07:31 Step    417 container[1] at 0.012 [um], t= 20.218 [ps], E=510.999 [keV]
OPAL-X> * 18:07:31 Step    417 container[2] at 0.012 [um], t= 20.218 [ps], E=510.999 [keV]
OPAL-X> * 18:07:32 Step    418 container[0] at 4.023 [mm], t= 20.219 [ps], E=245.000 [MeV]
OPAL-X> * 18:07:32 Step    418 container[1] at 0.012 [um], t= 20.219 [ps], E=510.999 [keV]
OPAL-X> * 18:07:32 Step    418 container[2] at 0.012 [um], t= 20.219 [ps], E=510.999 [keV]
OPAL-X> * 18:07:32 Step    419 container[0] at 4.023 [mm], t= 20.220 [ps], E=245.000 [MeV]
OPAL-X> * 18:07:32 Step    419 container[1] at 0.012 [um], t= 20.220 [ps], E=510.999 [keV]
OPAL-X> * 18:07:32 Step    419 container[2] at 0.012 [um], t= 20.220 [ps], E=510.999 [keV]
OPAL-X> * 18:07:32 Step    420 container[0] at 4.024 [mm], t= 20.221 [ps], E=245.000 [MeV]
OPAL-X> * 18:07:32 Step    420 container[1] at 0.012 [um], t= 20.221 [ps], E=510.999 [keV]
OPAL-X> * 18:07:32 Step    420 container[2] at 0.012 [um], t= 20.221 [ps], E=510.999 [keV]
OPAL-X> * 18:07:32 Step    421 container[0] at 4.024 [mm], t= 20.222 [ps], E=245.000 [MeV]
OPAL-X> * 18:07:32 Step    421 container[1] at 0.012 [um], t= 20.222 [ps], E=510.999 [keV]
OPAL-X> * 18:07:32 Step    421 container[2] at 0.012 [um], t= 20.222 [ps], E=510.999 [keV]
OPAL-X> * 18:07:33 Step    422 container[0] at 4.024 [mm], t= 20.223 [ps], E=245.000 [MeV]
OPAL-X> * 18:07:33 Step    422 container[1] at 0.012 [um], t= 20.223 [ps], E=510.999 [keV]
OPAL-X> * 18:07:33 Step    422 container[2] at 0.012 [um], t= 20.223 [ps], E=510.999 [keV]
OPAL-X> * 18:07:33 Step    423 container[0] at 4.024 [mm], t= 20.224 [ps], E=245.000 [MeV]
OPAL-X> * 18:07:33 Step    423 container[1] at 0.012 [um], t= 20.224 [ps], E=510.999 [keV]
OPAL-X> * 18:07:33 Step    423 container[2] at 0.012 [um], t= 20.224 [ps], E=510.999 [keV]
OPAL-X> * 18:07:33 Step    424 container[0] at 4.025 [mm], t= 20.225 [ps], E=245.000 [MeV]
OPAL-X> * 18:07:33 Step    424 container[1] at 0.012 [um], t= 20.225 [ps], E=510.999 [keV]
OPAL-X> * 18:07:33 Step    424 container[2] at 0.012 [um], t= 20.225 [ps], E=510.999 [keV]
OPAL-X> * 18:07:33 Step    425 container[0] at 4.025 [mm], t= 20.226 [ps], E=245.000 [MeV]
OPAL-X> * 18:07:33 Step    425 container[1] at 0.012 [um], t= 20.226 [ps], E=510.999 [keV]
OPAL-X> * 18:07:33 Step    425 container[2] at 0.012 [um], t= 20.226 [ps], E=510.999 [keV]
OPAL-X> * 18:07:34 Step    426 container[0] at 4.025 [mm], t= 20.227 [ps], E=245.000 [MeV]
OPAL-X> * 18:07:34 Step    426 container[1] at 0.012 [um], t= 20.227 [ps], E=510.999 [keV]
OPAL-X> * 18:07:34 Step    426 container[2] at 0.012 [um], t= 20.227 [ps], E=510.999 [keV]
OPAL-X> * 18:07:34 Step    427 container[0] at 4.026 [mm], t= 20.228 [ps], E=245.000 [MeV]
OPAL-X> * 18:07:34 Step    427 container[1] at 0.012 [um], t= 20.228 [ps], E=510.999 [keV]
OPAL-X> * 18:07:34 Step    427 container[2] at 0.012 [um], t= 20.228 [ps], E=510.999 [keV]
OPAL-X> * 18:07:34 Step    428 container[0] at 4.026 [mm], t= 20.229 [ps], E=245.000 [MeV]
OPAL-X> * 18:07:34 Step    428 container[1] at 0.012 [um], t= 20.229 [ps], E=510.999 [keV]
OPAL-X> * 18:07:34 Step    428 container[2] at 0.012 [um], t= 20.229 [ps], E=510.999 [keV]
OPAL-X> * 18:07:34 Step    429 container[0] at 4.026 [mm], t= 20.230 [ps], E=245.000 [MeV]
OPAL-X> * 18:07:34 Step    429 container[1] at 0.012 [um], t= 20.230 [ps], E=510.999 [keV]
OPAL-X> * 18:07:34 Step    429 container[2] at 0.012 [um], t= 20.230 [ps], E=510.999 [keV]
OPAL-X> * 18:07:35 Step    430 container[0] at 4.027 [mm], t= 20.231 [ps], E=245.000 [MeV]
OPAL-X> * 18:07:35 Step    430 container[1] at 0.012 [um], t= 20.231 [ps], E=510.999 [keV]
OPAL-X> * 18:07:35 Step    430 container[2] at 0.012 [um], t= 20.231 [ps], E=510.999 [keV]
OPAL-X> * 18:07:35 Step    431 container[0] at 4.027 [mm], t= 20.232 [ps], E=245.000 [MeV]
OPAL-X> * 18:07:35 Step    431 container[1] at 0.012 [um], t= 20.232 [ps], E=510.999 [keV]
OPAL-X> * 18:07:35 Step    431 container[2] at 0.012 [um], t= 20.232 [ps], E=510.999 [keV]
OPAL-X> * 18:07:35 Step    432 container[0] at 4.027 [mm], t= 20.233 [ps], E=245.000 [MeV]
OPAL-X> * 18:07:35 Step    432 container[1] at 0.012 [um], t= 20.233 [ps], E=510.999 [keV]
OPAL-X> * 18:07:35 Step    432 container[2] at 0.012 [um], t= 20.233 [ps], E=510.999 [keV]
OPAL-X> * 18:07:35 Step    433 container[0] at 4.027 [mm], t= 20.234 [ps], E=245.000 [MeV]
OPAL-X> * 18:07:35 Step    433 container[1] at 0.012 [um], t= 20.234 [ps], E=510.999 [keV]
OPAL-X> * 18:07:35 Step    433 container[2] at 0.012 [um], t= 20.234 [ps], E=510.999 [keV]
OPAL-X> * 18:07:36 Step    434 container[0] at 4.028 [mm], t= 20.235 [ps], E=245.000 [MeV]
OPAL-X> * 18:07:36 Step    434 container[1] at 0.012 [um], t= 20.235 [ps], E=510.999 [keV]
OPAL-X> * 18:07:36 Step    434 container[2] at 0.012 [um], t= 20.235 [ps], E=510.999 [keV]
OPAL-X> * 18:07:36 Step    435 container[0] at 4.028 [mm], t= 20.236 [ps], E=245.000 [MeV]
OPAL-X> * 18:07:36 Step    435 container[1] at 0.012 [um], t= 20.236 [ps], E=510.999 [keV]
OPAL-X> * 18:07:36 Step    435 container[2] at 0.012 [um], t= 20.236 [ps], E=510.999 [keV]
OPAL-X> * 18:07:36 Step    436 container[0] at 4.028 [mm], t= 20.237 [ps], E=245.000 [MeV]
OPAL-X> * 18:07:36 Step    436 container[1] at 0.012 [um], t= 20.237 [ps], E=510.999 [keV]
OPAL-X> * 18:07:36 Step    436 container[2] at 0.012 [um], t= 20.237 [ps], E=510.999 [keV]
OPAL-X> * 18:07:37 Step    437 container[0] at 4.029 [mm], t= 20.238 [ps], E=245.000 [MeV]
OPAL-X> * 18:07:37 Step    437 container[1] at 0.012 [um], t= 20.238 [ps], E=510.999 [keV]
OPAL-X> * 18:07:37 Step    437 container[2] at 0.012 [um], t= 20.238 [ps], E=510.999 [keV]
OPAL-X> * 18:07:37 Step    438 container[0] at 4.029 [mm], t= 20.239 [ps], E=245.000 [MeV]
OPAL-X> * 18:07:37 Step    438 container[1] at 0.012 [um], t= 20.239 [ps], E=510.999 [keV]
OPAL-X> * 18:07:37 Step    438 container[2] at 0.012 [um], t= 20.239 [ps], E=510.999 [keV]
OPAL-X> * 18:07:37 Step    439 container[0] at 4.029 [mm], t= 20.240 [ps], E=245.000 [MeV]
OPAL-X> * 18:07:37 Step    439 container[1] at 0.012 [um], t= 20.240 [ps], E=510.999 [keV]
OPAL-X> * 18:07:37 Step    439 container[2] at 0.012 [um], t= 20.240 [ps], E=510.999 [keV]
OPAL-X> * 18:07:37 Step    440 container[0] at 4.030 [mm], t= 20.241 [ps], E=245.000 [MeV]
OPAL-X> * 18:07:37 Step    440 container[1] at 0.012 [um], t= 20.241 [ps], E=510.999 [keV]
OPAL-X> * 18:07:37 Step    440 container[2] at 0.012 [um], t= 20.241 [ps], E=510.999 [keV]
OPAL-X> * 18:07:38 Step    441 container[0] at 4.030 [mm], t= 20.242 [ps], E=245.000 [MeV]
OPAL-X> * 18:07:38 Step    441 container[1] at 0.012 [um], t= 20.242 [ps], E=510.999 [keV]
OPAL-X> * 18:07:38 Step    441 container[2] at 0.012 [um], t= 20.242 [ps], E=510.999 [keV]
OPAL-X> * 18:07:38 Step    442 container[0] at 4.030 [mm], t= 20.243 [ps], E=245.000 [MeV]
OPAL-X> * 18:07:38 Step    442 container[1] at 0.012 [um], t= 20.243 [ps], E=510.999 [keV]
OPAL-X> * 18:07:38 Step    442 container[2] at 0.012 [um], t= 20.243 [ps], E=510.999 [keV]
OPAL-X> * 18:07:38 Step    443 container[0] at 4.030 [mm], t= 20.244 [ps], E=245.000 [MeV]
OPAL-X> * 18:07:38 Step    443 container[1] at 0.012 [um], t= 20.244 [ps], E=510.999 [keV]
OPAL-X> * 18:07:38 Step    443 container[2] at 0.012 [um], t= 20.244 [ps], E=510.999 [keV]
OPAL-X> * 18:07:38 Step    444 container[0] at 4.031 [mm], t= 20.245 [ps], E=245.000 [MeV]
OPAL-X> * 18:07:38 Step    444 container[1] at 0.012 [um], t= 20.245 [ps], E=510.999 [keV]
OPAL-X> * 18:07:38 Step    444 container[2] at 0.012 [um], t= 20.245 [ps], E=510.999 [keV]
OPAL-X> * 18:07:39 Step    445 container[0] at 4.031 [mm], t= 20.246 [ps], E=245.000 [MeV]
OPAL-X> * 18:07:39 Step    445 container[1] at 0.012 [um], t= 20.246 [ps], E=510.999 [keV]
OPAL-X> * 18:07:39 Step    445 container[2] at 0.012 [um], t= 20.246 [ps], E=510.999 [keV]
OPAL-X> * 18:07:39 Step    446 container[0] at 4.031 [mm], t= 20.247 [ps], E=245.000 [MeV]
OPAL-X> * 18:07:39 Step    446 container[1] at 0.012 [um], t= 20.247 [ps], E=510.999 [keV]
OPAL-X> * 18:07:39 Step    446 container[2] at 0.012 [um], t= 20.247 [ps], E=510.999 [keV]
OPAL-X> * 18:07:39 Step    447 container[0] at 4.032 [mm], t= 20.248 [ps], E=245.000 [MeV]
OPAL-X> * 18:07:39 Step    447 container[1] at 0.012 [um], t= 20.248 [ps], E=510.999 [keV]
OPAL-X> * 18:07:39 Step    447 container[2] at 0.012 [um], t= 20.248 [ps], E=510.999 [keV]
OPAL-X> * 18:07:39 Step    448 container[0] at 4.032 [mm], t= 20.249 [ps], E=245.000 [MeV]
OPAL-X> * 18:07:39 Step    448 container[1] at 0.012 [um], t= 20.249 [ps], E=510.999 [keV]
OPAL-X> * 18:07:39 Step    448 container[2] at 0.012 [um], t= 20.249 [ps], E=510.999 [keV]
OPAL-X> * 18:07:40 Step    449 container[0] at 4.032 [mm], t= 20.250 [ps], E=245.000 [MeV]
OPAL-X> * 18:07:40 Step    449 container[1] at 0.012 [um], t= 20.250 [ps], E=510.999 [keV]
OPAL-X> * 18:07:40 Step    449 container[2] at 0.012 [um], t= 20.250 [ps], E=510.999 [keV]
OPAL-X> * 18:07:40 Step    450 container[0] at 4.032 [mm], t= 20.251 [ps], E=245.000 [MeV]
OPAL-X> * 18:07:40 Step    450 container[1] at 0.012 [um], t= 20.251 [ps], E=510.999 [keV]
OPAL-X> * 18:07:40 Step    450 container[2] at 0.012 [um], t= 20.251 [ps], E=510.999 [keV]
OPAL-X> * 18:07:40 Step    451 container[0] at 4.033 [mm], t= 20.252 [ps], E=245.000 [MeV]
OPAL-X> * 18:07:40 Step    451 container[1] at 0.012 [um], t= 20.252 [ps], E=510.999 [keV]
OPAL-X> * 18:07:40 Step    451 container[2] at 0.012 [um], t= 20.252 [ps], E=510.999 [keV]
OPAL-X> * 18:07:41 Step    452 container[0] at 4.033 [mm], t= 20.253 [ps], E=245.000 [MeV]
OPAL-X> * 18:07:41 Step    452 container[1] at 0.012 [um], t= 20.253 [ps], E=510.999 [keV]
OPAL-X> * 18:07:41 Step    452 container[2] at 0.012 [um], t= 20.253 [ps], E=510.999 [keV]
OPAL-X> * 18:07:41 Step    453 container[0] at 4.033 [mm], t= 20.254 [ps], E=245.000 [MeV]
OPAL-X> * 18:07:41 Step    453 container[1] at 0.012 [um], t= 20.254 [ps], E=510.999 [keV]
OPAL-X> * 18:07:41 Step    453 container[2] at 0.012 [um], t= 20.254 [ps], E=510.999 [keV]
OPAL-X> * 18:07:41 Step    454 container[0] at 4.034 [mm], t= 20.255 [ps], E=245.000 [MeV]
OPAL-X> * 18:07:41 Step    454 container[1] at 0.012 [um], t= 20.255 [ps], E=510.999 [keV]
OPAL-X> * 18:07:41 Step    454 container[2] at 0.012 [um], t= 20.255 [ps], E=510.999 [keV]
OPAL-X> * 18:07:41 Step    455 container[0] at 4.034 [mm], t= 20.256 [ps], E=245.000 [MeV]
OPAL-X> * 18:07:41 Step    455 container[1] at 0.012 [um], t= 20.256 [ps], E=510.999 [keV]
OPAL-X> * 18:07:41 Step    455 container[2] at 0.012 [um], t= 20.256 [ps], E=510.999 [keV]
OPAL-X> * 18:07:42 Step    456 container[0] at 4.034 [mm], t= 20.257 [ps], E=245.000 [MeV]
OPAL-X> * 18:07:42 Step    456 container[1] at 0.012 [um], t= 20.257 [ps], E=510.999 [keV]
OPAL-X> * 18:07:42 Step    456 container[2] at 0.012 [um], t= 20.257 [ps], E=510.999 [keV]
OPAL-X> * 18:07:42 Step    457 container[0] at 4.035 [mm], t= 20.258 [ps], E=245.000 [MeV]
OPAL-X> * 18:07:42 Step    457 container[1] at 0.012 [um], t= 20.258 [ps], E=510.999 [keV]
OPAL-X> * 18:07:42 Step    457 container[2] at 0.012 [um], t= 20.258 [ps], E=510.999 [keV]
OPAL-X> * 18:07:42 Step    458 container[0] at 4.035 [mm], t= 20.259 [ps], E=245.000 [MeV]
OPAL-X> * 18:07:42 Step    458 container[1] at 0.012 [um], t= 20.259 [ps], E=510.999 [keV]
OPAL-X> * 18:07:42 Step    458 container[2] at 0.012 [um], t= 20.259 [ps], E=510.999 [keV]
OPAL-X> * 18:07:42 Step    459 container[0] at 4.035 [mm], t= 20.260 [ps], E=245.000 [MeV]
OPAL-X> * 18:07:42 Step    459 container[1] at 0.012 [um], t= 20.260 [ps], E=510.999 [keV]
OPAL-X> * 18:07:42 Step    459 container[2] at 0.012 [um], t= 20.260 [ps], E=510.999 [keV]
OPAL-X> * 18:07:43 Step    460 container[0] at 4.035 [mm], t= 20.261 [ps], E=245.000 [MeV]
OPAL-X> * 18:07:43 Step    460 container[1] at 0.012 [um], t= 20.261 [ps], E=510.999 [keV]
OPAL-X> * 18:07:43 Step    460 container[2] at 0.012 [um], t= 20.261 [ps], E=510.999 [keV]
OPAL-X> * 18:07:43 Step    461 container[0] at 4.036 [mm], t= 20.262 [ps], E=245.000 [MeV]
OPAL-X> * 18:07:43 Step    461 container[1] at 0.012 [um], t= 20.262 [ps], E=510.999 [keV]
OPAL-X> * 18:07:43 Step    461 container[2] at 0.012 [um], t= 20.262 [ps], E=510.999 [keV]
OPAL-X> * 18:07:43 Step    462 container[0] at 4.036 [mm], t= 20.263 [ps], E=245.000 [MeV]
OPAL-X> * 18:07:43 Step    462 container[1] at 0.012 [um], t= 20.263 [ps], E=510.999 [keV]
OPAL-X> * 18:07:43 Step    462 container[2] at 0.012 [um], t= 20.263 [ps], E=510.999 [keV]
OPAL-X> * 18:07:43 Step    463 container[0] at 4.036 [mm], t= 20.264 [ps], E=245.000 [MeV]
OPAL-X> * 18:07:43 Step    463 container[1] at 0.012 [um], t= 20.264 [ps], E=510.999 [keV]
OPAL-X> * 18:07:43 Step    463 container[2] at 0.012 [um], t= 20.264 [ps], E=510.999 [keV]
OPAL-X> * 18:07:44 Step    464 container[0] at 4.037 [mm], t= 20.265 [ps], E=245.000 [MeV]
OPAL-X> * 18:07:44 Step    464 container[1] at 0.012 [um], t= 20.265 [ps], E=510.999 [keV]
OPAL-X> * 18:07:44 Step    464 container[2] at 0.012 [um], t= 20.265 [ps], E=510.999 [keV]
OPAL-X> * 18:07:44 Step    465 container[0] at 4.037 [mm], t= 20.266 [ps], E=245.000 [MeV]
OPAL-X> * 18:07:44 Step    465 container[1] at 0.012 [um], t= 20.266 [ps], E=510.999 [keV]
OPAL-X> * 18:07:44 Step    465 container[2] at 0.012 [um], t= 20.266 [ps], E=510.999 [keV]
OPAL-X> * 18:07:44 Step    466 container[0] at 4.037 [mm], t= 20.267 [ps], E=245.000 [MeV]
OPAL-X> * 18:07:44 Step    466 container[1] at 0.012 [um], t= 20.267 [ps], E=510.999 [keV]
OPAL-X> * 18:07:44 Step    466 container[2] at 0.012 [um], t= 20.267 [ps], E=510.999 [keV]
