dt_s,status_before,reason_before,full_matrix_error_before,R16_before,R26_before,abs_R16_before,abs_R26_before,dispersion_error_before,determinant_error_before,canonical_J_error_before,epsilon,richardson_levels,ranks,finest_epsilon_before,rays_per_segment_before,elapsed_s_before,integration_method_before,path_before,scaled_max_error_before,relative_frobenius_error_before,worst_entry_before,orbit_threader_wall_s_before,R11_before,R12_before,R13_before,R14_before,R15_before,R21_before,R22_before,R23_before,R24_before,R25_before,R31_before,R32_before,R33_before,R34_before,R35_before,R36_before,R41_before,R42_before,R43_before,R44_before,R45_before,R46_before,R51_before,R52_before,R53_before,R54_before,R55_before,R56_before,R61_before,R62_before,R63_before,R64_before,R65_before,R66_before,difference_from_finest_dt_before,R16_difference_from_finest_dt_before,R26_difference_from_finest_dt_before,mpi_matrix_max_difference_before,mpi_diagnostics_max_difference_before,status_after,reason_after,full_matrix_error_after,R16_after,R26_after,abs_R16_after,abs_R26_after,dispersion_error_after,determinant_error_after,canonical_J_error_after,finest_epsilon_after,rays_per_segment_after,elapsed_s_after,integration_method_after,path_after,scaled_max_error_after,relative_frobenius_error_after,worst_entry_after,orbit_threader_wall_s_after,R11_after,R12_after,R13_after,R14_after,R15_after,R21_after,R22_after,R23_after,R24_after,R25_after,R31_after,R32_after,R33_after,R34_after,R35_after,R36_after,R41_after,R42_after,R43_after,R44_after,R45_after,R46_after,R51_after,R52_after,R53_after,R54_after,R55_after,R56_after,R61_after,R62_after,R63_after,R64_after,R65_after,R66_after,difference_from_finest_dt_after,R16_difference_from_finest_dt_after,R26_difference_from_finest_dt_after,mpi_matrix_max_difference_after,mpi_diagnostics_max_difference_after,scaled_max_error_gain,abs_R16_gain,abs_R26_gain
1.000000000000e-13,OK,,7.989188119014e-06,-7.989188119347e-06,-7.976135776964e-07,7.989188119347e-06,7.976135776964e-07,7.989188119347e-06,1.983597400000e-08,1.747449400000e-05,1.000000000000e-06,0,1,1.000000000000e-06,12,1.372947758390e+01,BORIS,L0/dt-1e-13/eps-1e-06/ranks-1,7.989188119014e-06,1.004825357044e-06,R16,1.350960000000e+01,-1.386354983009e+00,-1.278841559085e+00,0.000000000000e+00,0.000000000000e+00,0.000000000000e+00,-7.209433050073e-01,-1.386349319912e+00,0.000000000000e+00,0.000000000000e+00,0.000000000000e+00,0.000000000000e+00,0.000000000000e+00,3.851352100264e+00,1.040676316124e+01,0.000000000000e+00,0.000000000000e+00,0.000000000000e+00,0.000000000000e+00,1.329223389161e+00,3.851352100051e+00,0.000000000000e+00,0.000000000000e+00,-2.402580669384e-06,-7.418617015363e-06,0.000000000000e+00,0.000000000000e+00,9.999999999809e-01,-9.437454482248e-02,-3.214460605827e-09,-9.868790319225e-10,0.000000000000e+00,0.000000000000e+00,0.000000000000e+00,9.999999921928e-01,0.000000000000e+00,0.000000000000e+00,0.000000000000e+00,0.000000000000e+00,0.000000000000e+00,OK,,1.019748441244e-08,-2.797886592956e-09,5.022466324323e-09,2.797886592956e-09,5.022466324323e-09,5.022466324323e-09,1.938879100000e-09,6.835432200000e-09,1.000000000000e-06,12,1.342747524986e+01,BORIS,L0/dt-1e-13/eps-1e-06/ranks-1,1.019748441244e-08,1.293675004642e-09,R12,1.320790000000e+01,-1.386352257094e+00,-1.278842329577e+00,0.000000000000e+00,0.000000000000e+00,0.000000000000e+00,-7.209431197156e-01,-1.386352254726e+00,0.000000000000e+00,0.000000000000e+00,0.000000000000e+00,0.000000000000e+00,0.000000000000e+00,3.851352100165e+00,1.040676316098e+01,0.000000000000e+00,0.000000000000e+00,0.000000000000e+00,0.000000000000e+00,1.329223389157e+00,3.851352100048e+00,0.000000000000e+00,0.000000000000e+00,2.251119796922e-09,7.200976435365e-09,0.000000000000e+00,0.000000000000e+00,1.000000000000e+00,-9.437723032309e-02,-1.128740701364e-09,-3.075279638144e-09,0.000000000000e+00,0.000000000000e+00,0.000000000000e+00,9.999999993050e-01,0.000000000000e+00,0.000000000000e+00,0.000000000000e+00,0.000000000000e+00,0.000000000000e+00,7.834469557284e+02,2.855436721224e+03,1.588091439924e+02
1.000000000000e-13,OK,,2.319478943205e-06,1.344110231349e-07,9.734743395646e-07,1.344110231349e-07,9.734743395646e-07,9.734743395646e-07,9.177546200000e-09,1.008673100000e-06,3.000000000000e-06,0,1,3.000000000000e-06,12,1.380552150006e+01,BORIS,L0/dt-1e-13/eps-3e-06/ranks-1,2.319478943205e-06,3.579752990636e-07,R56,1.358490000000e+01,-1.386350924494e+00,-1.278840254813e+00,0.000000000000e+00,0.000000000000e+00,0.000000000000e+00,-7.209435035910e-01,-1.386352860533e+00,0.000000000000e+00,0.000000000000e+00,0.000000000000e+00,0.000000000000e+00,0.000000000000e+00,3.851352100275e+00,1.040676316130e+01,0.000000000000e+00,0.000000000000e+00,0.000000000000e+00,0.000000000000e+00,1.329223389171e+00,3.851352100083e+00,0.000000000000e+00,0.000000000000e+00,1.329725940664e-06,2.067393175630e-06,0.000000000000e+00,0.000000000000e+00,9.999999999603e-01,-9.437955335896e-02,-1.085055634082e-09,-1.514636448012e-09,0.000000000000e+00,0.000000000000e+00,0.000000000000e+00,9.999999948242e-01,0.000000000000e+00,0.000000000000e+00,0.000000000000e+00,0.000000000000e+00,0.000000000000e+00,OK,,9.296484471122e-09,-7.034692544205e-09,-1.909257614266e-09,7.034692544205e-09,1.909257614266e-09,7.034692544205e-09,2.822108800000e-09,3.175949800000e-09,3.000000000000e-06,12,1.328869708301e+01,BORIS,L0/dt-1e-13/eps-3e-06/ranks-1,9.296484471122e-09,1.295089291207e-09,R12,1.306500000000e+01,-1.386352257698e+00,-1.278842328676e+00,0.000000000000e+00,0.000000000000e+00,0.000000000000e+00,-7.209431226633e-01,-1.386352257524e+00,0.000000000000e+00,0.000000000000e+00,0.000000000000e+00,0.000000000000e+00,0.000000000000e+00,3.851352100185e+00,1.040676316102e+01,0.000000000000e+00,0.000000000000e+00,0.000000000000e+00,0.000000000000e+00,1.329223389167e+00,3.851352100069e+00,0.000000000000e+00,0.000000000000e+00,2.144116055699e-09,6.616455889299e-09,0.000000000000e+00,0.000000000000e+00,1.000000000000e+00,-9.437722965582e-02,1.120654320233e-09,2.704857325084e-09,0.000000000000e+00,0.000000000000e+00,0.000000000000e+00,9.999999968241e-01,0.000000000000e+00,0.000000000000e+00,0.000000000000e+00,0.000000000000e+00,0.000000000000e+00,2.495006526833e+02,1.910687955306e+01,5.098706074501e+02
1.000000000000e-13,OK,,4.252702123786e-07,-1.081297823455e-07,1.318701673318e-07,1.081297823455e-07,1.318701673318e-07,1.318701673318e-07,6.645471100000e-09,7.375885800000e-07,1.000000000000e-05,0,1,1.000000000000e-05,12,1.377828629198e+01,BORIS,L0/dt-1e-13/eps-1e-05/ranks-1,4.252702123786e-07,6.253406237535e-08,R11,1.355730000000e+01,-1.386352680667e+00,-1.278842592378e+00,0.000000000000e+00,0.000000000000e+00,0.000000000000e+00,-7.209430783405e-01,-1.386351935075e+00,0.000000000000e+00,0.000000000000e+00,0.000000000000e+00,0.000000000000e+00,0.000000000000e+00,3.851352100508e+00,1.040676316178e+01,0.000000000000e+00,0.000000000000e+00,0.000000000000e+00,0.000000000000e+00,1.329223389278e+00,3.851352100310e+00,0.000000000000e+00,0.000000000000e+00,-8.663093640066e-08,-4.189610100062e-07,0.000000000000e+00,0.000000000000e+00,9.999999999995e-01,-9.437730865128e-02,-7.095677027005e-11,-8.524739314682e-10,0.000000000000e+00,0.000000000000e+00,0.000000000000e+00,1.000000000364e+00,0.000000000000e+00,0.000000000000e+00,0.000000000000e+00,0.000000000000e+00,0.000000000000e+00,OK,,1.085748446705e-08,-7.315886433419e-09,-2.180226583325e-09,7.315886433419e-09,2.180226583325e-09,7.315886433419e-09,2.816147300000e-11,1.270067800000e-09,1.000000000000e-05,12,1.333512858301e+01,BORIS,L0/dt-1e-13/eps-1e-05/ranks-1,1.085748446705e-08,1.389687271568e-09,R12,1.311390000000e+01,-1.386352258065e+00,-1.278842330237e+00,0.000000000000e+00,0.000000000000e+00,0.000000000000e+00,-7.209431231966e-01,-1.386352258671e+00,0.000000000000e+00,0.000000000000e+00,0.000000000000e+00,0.000000000000e+00,0.000000000000e+00,3.851352100409e+00,1.040676316151e+01,0.000000000000e+00,0.000000000000e+00,0.000000000000e+00,0.000000000000e+00,1.329223389275e+00,3.851352100308e+00,0.000000000000e+00,0.000000000000e+00,2.147703576221e-09,7.145149008592e-09,0.000000000000e+00,0.000000000000e+00,1.000000000000e+00,-9.437722989189e-02,-8.332165544163e-11,-1.270067757854e-09,0.000000000000e+00,0.000000000000e+00,0.000000000000e+00,9.999999993775e-01,0.000000000000e+00,0.000000000000e+00,0.000000000000e+00,0.000000000000e+00,0.000000000000e+00,3.916839242729e+01,1.478013407255e+01,6.048461583781e+01
1.000000000000e-13,OK,,3.766173568009e-07,-3.889041989023e-08,-2.530252635138e-08,3.889041989023e-08,2.530252635138e-08,3.889041989023e-08,2.910611000000e-09,2.011723800000e-07,3.000000000000e-05,0,1,3.000000000000e-05,12,1.377209312515e+01,BORIS,L0/dt-1e-13/eps-3e-05/ranks-1,3.766173568009e-07,3.967961858174e-08,R56,1.355230000000e+01,-1.386352331647e+00,-1.278842363470e+00,0.000000000000e+00,0.000000000000e+00,0.000000000000e+00,-7.209431165675e-01,-1.386352193812e+00,0.000000000000e+00,0.000000000000e+00,0.000000000000e+00,0.000000000000e+00,0.000000000000e+00,3.851352102462e+00,1.040676316608e+01,0.000000000000e+00,0.000000000000e+00,0.000000000000e+00,0.000000000000e+00,1.329223390229e+00,3.851352102419e+00,0.000000000000e+00,0.000000000000e+00,1.653303417807e-07,2.227002342090e-07,0.000000000000e+00,0.000000000000e+00,1.000000000004e+00,-9.437685726266e-02,1.009529773501e-10,3.180585063383e-10,0.000000000000e+00,0.000000000000e+00,0.000000000000e+00,9.999999997808e-01,0.000000000000e+00,0.000000000000e+00,0.000000000000e+00,0.000000000000e+00,0.000000000000e+00,OK,,1.297948437617e-08,-7.911369944573e-09,-2.233425806330e-09,7.911369944573e-09,2.233425806330e-09,7.911369944573e-09,1.285345200000e-10,2.114795000000e-10,3.000000000000e-05,12,1.327262612502e+01,BORIS,L0/dt-1e-13/eps-3e-05/ranks-1,1.297948437617e-08,1.726557555773e-09,R12,1.305510000000e+01,-1.386352258975e+00,-1.278842332359e+00,0.000000000000e+00,0.000000000000e+00,0.000000000000e+00,-7.209431237764e-01,-1.386352258952e+00,0.000000000000e+00,0.000000000000e+00,0.000000000000e+00,0.000000000000e+00,0.000000000000e+00,3.851352102375e+00,1.040676316583e+01,0.000000000000e+00,0.000000000000e+00,0.000000000000e+00,0.000000000000e+00,1.329223390226e+00,3.851352102410e+00,0.000000000000e+00,0.000000000000e+00,2.412293939063e-09,8.012341644088e-09,0.000000000000e+00,0.000000000000e+00,1.000000000000e+00,-9.437722955082e-02,-1.742008319488e-10,-1.369041059914e-10,0.000000000000e+00,0.000000000000e+00,0.000000000000e+00,9.999999997987e-01,0.000000000000e+00,0.000000000000e+00,0.000000000000e+00,0.000000000000e+00,0.000000000000e+00,2.901635734408e+01,4.915763030006e+00,1.132902032370e+01
1.000000000000e-13,OK,,9.610313632852e-08,-8.487746075898e-09,1.875594965601e-08,8.487746075898e-09,1.875594965601e-08,1.875594965601e-08,1.864152600000e-09,6.034380800000e-08,1.000000000000e-04,0,1,1.000000000000e-04,12,1.379112075013e+01,BORIS,L0/dt-1e-13/eps-0.0001/ranks-1,9.610313632852e-08,1.483114217894e-08,R52,1.357110000000e+01,-1.386352176032e+00,-1.278842251546e+00,0.000000000000e+00,0.000000000000e+00,0.000000000000e+00,-7.209431454899e-01,-1.386352318146e+00,0.000000000000e+00,0.000000000000e+00,0.000000000000e+00,0.000000000000e+00,0.000000000000e+00,3.851352124847e+00,1.040676321519e+01,0.000000000000e+00,0.000000000000e+00,0.000000000000e+00,0.000000000000e+00,1.329223401043e+00,3.851352126331e+00,0.000000000000e+00,0.000000000000e+00,8.598308252036e-11,9.610313666159e-08,0.000000000000e+00,0.000000000000e+00,1.000000000003e+00,-9.437728534277e-02,-3.125240556951e-11,-6.804186853608e-11,0.000000000000e+00,0.000000000000e+00,0.000000000000e+00,1.000000000009e+00,0.000000000000e+00,0.000000000000e+00,0.000000000000e+00,0.000000000000e+00,0.000000000000e+00,OK,,5.690659143909e-08,-2.085184931854e-08,-5.655819951803e-09,2.085184931854e-08,5.655819951803e-09,2.085184931854e-08,1.660818000000e-09,2.254781600000e-09,1.000000000000e-04,12,1.339089104184e+01,BORIS,L0/dt-1e-13/eps-0.0001/ranks-1,5.690659143909e-08,7.343991102375e-09,R34,1.316130000000e+01,-1.386352267199e+00,-1.278842362247e+00,0.000000000000e+00,0.000000000000e+00,0.000000000000e+00,-7.209431253763e-01,-1.386352266102e+00,0.000000000000e+00,0.000000000000e+00,0.000000000000e+00,0.000000000000e+00,0.000000000000e+00,3.851352124745e+00,1.040676321489e+01,0.000000000000e+00,0.000000000000e+00,0.000000000000e+00,0.000000000000e+00,1.329223401040e+00,3.851352126321e+00,0.000000000000e+00,0.000000000000e+00,5.938544033348e-09,2.100731631053e-08,0.000000000000e+00,0.000000000000e+00,1.000000000000e+00,-9.437722355836e-02,2.352062340995e-11,2.662051502867e-11,0.000000000000e+00,0.000000000000e+00,0.000000000000e+00,1.000000000063e+00,0.000000000000e+00,0.000000000000e+00,0.000000000000e+00,0.000000000000e+00,0.000000000000e+00,1.688787430387e+00,4.070500388832e-01,3.316221134308e+00
1.000000000000e-13,OK,,4.884965907337e-07,-1.325578283915e-07,-3.087521416309e-08,1.325578283915e-07,3.087521416309e-08,1.325578283915e-07,1.610260600000e-08,2.088142400000e-08,3.000000000000e-04,0,1,3.000000000000e-04,12,1.384289895813e+01,BORIS,L0/dt-1e-13/eps-0.0003/ranks-1,4.884965907337e-07,5.902467081117e-08,R34,1.362110000000e+01,-1.386352355498e+00,-1.278842641085e+00,0.000000000000e+00,0.000000000000e+00,0.000000000000e+00,-7.209431381392e-01,-1.386352321144e+00,0.000000000000e+00,0.000000000000e+00,0.000000000000e+00,0.000000000000e+00,0.000000000000e+00,3.851352321495e+00,1.040676364648e+01,0.000000000000e+00,0.000000000000e+00,0.000000000000e+00,0.000000000000e+00,1.329223496112e+00,3.851352336524e+00,0.000000000000e+00,0.000000000000e+00,4.080570772588e-08,1.326068722236e-07,0.000000000000e+00,0.000000000000e+00,1.000000000004e+00,-9.437718287723e-02,2.792531724289e-11,4.850383821815e-11,0.000000000000e+00,0.000000000000e+00,0.000000000000e+00,9.999999999977e-01,0.000000000000e+00,0.000000000000e+00,0.000000000000e+00,0.000000000000e+00,0.000000000000e+00,OK,,4.882665916028e-07,-1.338671188451e-07,-3.459487094224e-08,1.338671188451e-07,3.459487094224e-08,1.338671188451e-07,1.592236500000e-08,2.066213900000e-08,3.000000000000e-04,12,1.348021170800e+01,BORIS,L0/dt-1e-13/eps-0.0003/ranks-1,4.882665916028e-07,5.852715475563e-08,R34,1.326220000000e+01,-1.386352340479e+00,-1.278842625985e+00,0.000000000000e+00,0.000000000000e+00,0.000000000000e+00,-7.209431410731e-01,-1.386352331176e+00,0.000000000000e+00,0.000000000000e+00,0.000000000000e+00,0.000000000000e+00,0.000000000000e+00,3.851352321403e+00,1.040676364625e+01,0.000000000000e+00,0.000000000000e+00,0.000000000000e+00,0.000000000000e+00,1.329223496108e+00,3.851352336525e+00,0.000000000000e+00,0.000000000000e+00,3.709234435954e-08,1.352007419759e-07,0.000000000000e+00,0.000000000000e+00,1.000000000000e+00,-9.437717077056e-02,-4.288686297486e-12,-2.043385014654e-11,0.000000000000e+00,0.000000000000e+00,0.000000000000e+00,9.999999999628e-01,0.000000000000e+00,0.000000000000e+00,0.000000000000e+00,0.000000000000e+00,0.000000000000e+00,1.000471052361e+00,9.902194768596e-01,8.924795301199e-01
1.000000000000e-13,OK,,5.395236589933e-06,-1.416115714456e-06,-3.617474478825e-07,1.416115714456e-06,3.617474478825e-07,1.416115714456e-06,1.765487000000e-07,2.296295100000e-07,1.000000000000e-03,0,1,1.000000000000e-03,12,1.380118995812e+01,BORIS,L0/dt-1e-13/eps-0.001/ranks-1,5.395236589933e-06,6.409942614225e-07,R34,1.357930000000e+01,-1.386353175862e+00,-1.278845624290e+00,0.000000000000e+00,0.000000000000e+00,0.000000000000e+00,-7.209433203495e-01,-1.386353069639e+00,0.000000000000e+00,0.000000000000e+00,0.000000000000e+00,0.000000000000e+00,0.000000000000e+00,3.851354558478e+00,1.040676855322e+01,0.000000000000e+00,0.000000000000e+00,0.000000000000e+00,0.000000000000e+00,1.329224577518e+00,3.851354727626e+00,0.000000000000e+00,0.000000000000e+00,3.890027839355e-07,1.423824394814e-06,0.000000000000e+00,0.000000000000e+00,1.000000000004e+00,-9.437657512085e-02,4.310402024347e-12,2.379261848602e-12,0.000000000000e+00,0.000000000000e+00,0.000000000000e+00,9.999999999999e-01,0.000000000000e+00,0.000000000000e+00,0.000000000000e+00,0.000000000000e+00,0.000000000000e+00,OK,,5.394936589909e-06,-1.419357437473e-06,-3.638221748574e-07,1.419357437473e-06,3.638221748574e-07,1.419357437473e-06,1.764493400000e-07,2.295272800000e-07,1.000000000000e-03,12,1.345505954209e+01,BORIS,L0/dt-1e-13/eps-0.001/ranks-1,5.394936589909e-06,6.413126300967e-07,R34,1.323330000000e+01,-1.386353174585e+00,-1.278845626415e+00,0.000000000000e+00,0.000000000000e+00,0.000000000000e+00,-7.209433201073e-01,-1.386353071872e+00,0.000000000000e+00,0.000000000000e+00,0.000000000000e+00,0.000000000000e+00,0.000000000000e+00,3.851354558388e+00,1.040676855292e+01,0.000000000000e+00,0.000000000000e+00,0.000000000000e+00,0.000000000000e+00,1.329224577515e+00,3.851354727603e+00,0.000000000000e+00,0.000000000000e+00,3.916062251848e-07,1.434242428619e-06,0.000000000000e+00,0.000000000000e+00,1.000000000000e+00,-9.437657030311e-02,1.635826389414e-12,2.280644172828e-12,0.000000000000e+00,0.000000000000e+00,0.000000000000e+00,1.000000000001e+00,0.000000000000e+00,0.000000000000e+00,0.000000000000e+00,0.000000000000e+00,0.000000000000e+00,1.000055607702e+00,9.977160629652e-01,9.942974147309e-01
1.000000000000e-13,OK,,4.853128659121e-05,-1.272049897295e-05,-3.258179551293e-06,1.272049897295e-05,3.258179551293e-06,1.272049897295e-05,1.588190200000e-06,2.065884900000e-06,3.000000000000e-03,0,1,3.000000000000e-03,12,1.381319087488e+01,BORIS,L0/dt-1e-13/eps-0.003/ranks-1,4.853128659121e-05,5.764884187045e-06,R34,1.359160000000e+01,-1.386360508355e+00,-1.278872005746e+00,0.000000000000e+00,0.000000000000e+00,0.000000000000e+00,-7.209448935924e-01,-1.386359582975e+00,0.000000000000e+00,0.000000000000e+00,0.000000000000e+00,0.000000000000e+00,0.000000000000e+00,3.851374224525e+00,1.040681168927e+01,0.000000000000e+00,0.000000000000e+00,0.000000000000e+00,0.000000000000e+00,1.329234084507e+00,3.851375748337e+00,0.000000000000e+00,0.000000000000e+00,3.507557142356e-06,1.285426316711e-05,0.000000000000e+00,0.000000000000e+00,1.000000000004e+00,-9.437129200402e-02,8.294830248837e-13,3.602207881853e-12,0.000000000000e+00,0.000000000000e+00,0.000000000000e+00,1.000000000008e+00,0.000000000000e+00,0.000000000000e+00,0.000000000000e+00,0.000000000000e+00,0.000000000000e+00,OK,,4.853097659030e-05,-1.272071381588e-05,-3.258220421687e-06,1.272071381588e-05,3.258220421687e-06,1.272071381588e-05,1.588019900000e-06,2.065699600000e-06,3.000000000000e-03,12,1.343896962516e+01,BORIS,L0/dt-1e-13/eps-0.003/ranks-1,4.853097659030e-05,5.764825544235e-06,R34,1.321500000000e+01,-1.386360507502e+00,-1.278872004250e+00,0.000000000000e+00,0.000000000000e+00,0.000000000000e+00,-7.209448940316e-01,-1.386359583589e+00,0.000000000000e+00,0.000000000000e+00,0.000000000000e+00,0.000000000000e+00,0.000000000000e+00,3.851374224427e+00,1.040681168896e+01,0.000000000000e+00,0.000000000000e+00,0.000000000000e+00,0.000000000000e+00,1.329234084503e+00,3.851375748320e+00,0.000000000000e+00,0.000000000000e+00,3.508278415819e-06,1.285460100803e-05,0.000000000000e+00,0.000000000000e+00,1.000000000000e+00,-9.437129130656e-02,1.827764524432e-12,3.359239047697e-12,0.000000000000e+00,0.000000000000e+00,0.000000000000e+00,9.999999999968e-01,0.000000000000e+00,0.000000000000e+00,0.000000000000e+00,0.000000000000e+00,0.000000000000e+00,1.000006387692e+00,9.999831107803e-01,9.999874562219e-01
1.000000000000e-13,OK,,5.392694265911e-04,-1.412988364426e-04,-3.618793152907e-05,1.412988364426e-04,3.618793152907e-05,1.412988364426e-04,1.764256900000e-05,2.294920700000e-05,1.000000000000e-02,0,1,1.000000000000e-02,12,1.377110583405e+01,BORIS,L0/dt-1e-13/eps-0.01/ranks-1,5.392694265911e-04,6.405221951400e-05,R34,1.354510000000e+01,-1.386443929640e+00,-1.279172079567e+00,0.000000000000e+00,0.000000000000e+00,0.000000000000e+00,-7.209628008778e-01,-1.386433663121e+00,0.000000000000e+00,0.000000000000e+00,0.000000000000e+00,0.000000000000e+00,0.000000000000e+00,3.851597955691e+00,1.040730242741e+01,0.000000000000e+00,0.000000000000e+00,0.000000000000e+00,0.000000000000e+00,1.329342241310e+00,3.851614891342e+00,0.000000000000e+00,0.000000000000e+00,3.896419621970e-05,1.427721507028e-04,0.000000000000e+00,0.000000000000e+00,1.000000000004e+00,-9.431123072207e-02,5.794514270309e-13,1.775123145574e-13,0.000000000000e+00,0.000000000000e+00,0.000000000000e+00,1.000000000001e+00,0.000000000000e+00,0.000000000000e+00,0.000000000000e+00,0.000000000000e+00,0.000000000000e+00,OK,,5.392691265911e-04,-1.412991060029e-04,-3.618823047157e-05,1.412991060029e-04,3.618823047157e-05,1.412991060029e-04,1.764248300000e-05,2.294911400000e-05,1.000000000000e-02,12,1.332898600004e+01,BORIS,L0/dt-1e-13/eps-0.01/ranks-1,5.392691265911e-04,6.405219171754e-05,R34,1.310840000000e+01,-1.386443929285e+00,-1.279172079097e+00,0.000000000000e+00,0.000000000000e+00,0.000000000000e+00,-7.209628010556e-01,-1.386433663463e+00,0.000000000000e+00,0.000000000000e+00,0.000000000000e+00,0.000000000000e+00,0.000000000000e+00,3.851597955592e+00,1.040730242711e+01,0.000000000000e+00,0.000000000000e+00,0.000000000000e+00,0.000000000000e+00,1.329342241307e+00,3.851614891330e+00,0.000000000000e+00,0.000000000000e+00,3.896412742897e-05,1.427722410617e-04,0.000000000000e+00,0.000000000000e+00,1.000000000000e+00,-9.431123036372e-02,-7.472578387647e-13,-1.308585951254e-12,0.000000000000e+00,0.000000000000e+00,0.000000000000e+00,9.999999999976e-01,0.000000000000e+00,0.000000000000e+00,0.000000000000e+00,0.000000000000e+00,0.000000000000e+00,1.000000556309e+00,9.999980922717e-01,9.999917392341e-01
1.000000000000e-13,OK,,4.858648106591e-03,-1.273674897781e-03,-3.261749263163e-04,1.273674897781e-03,3.261749263163e-04,1.273674897781e-03,1.586126000000e-04,2.062964900000e-04,3.000000000000e-02,0,1,3.000000000000e-02,12,1.388243470923e+01,BORIS,L0/dt-1e-13/eps-0.03/ranks-1,4.858648106591e-03,5.770545814240e-04,R34,1.365830000000e+01,-1.387178088695e+00,-1.281812238862e+00,0.000000000000e+00,0.000000000000e+00,0.000000000000e+00,-7.211205117653e-01,-1.387085635842e+00,0.000000000000e+00,0.000000000000e+00,0.000000000000e+00,0.000000000000e+00,0.000000000000e+00,3.853567197354e+00,1.041162180609e+01,0.000000000000e+00,0.000000000000e+00,0.000000000000e+00,0.000000000000e+00,1.330294243771e+00,3.853719810796e+00,0.000000000000e+00,0.000000000000e+00,3.509584390398e-04,1.285783076153e-03,0.000000000000e+00,0.000000000000e+00,1.000000000004e+00,-9.378224231860e-02,2.574894711601e-13,3.188017557169e-13,0.000000000000e+00,0.000000000000e+00,0.000000000000e+00,9.999999999991e-01,0.000000000000e+00,0.000000000000e+00,0.000000000000e+00,0.000000000000e+00,0.000000000000e+00,OK,,4.858647806591e-03,-1.273674896519e-03,-3.261749228834e-04,1.273674896519e-03,3.261749228834e-04,1.273674896519e-03,1.586126200000e-04,2.062965100000e-04,3.000000000000e-02,12,1.323660883401e+01,BORIS,L0/dt-1e-13/eps-0.03/ranks-1,4.858647806591e-03,5.770545293989e-04,R34,1.301740000000e+01,-1.387178088372e+00,-1.281812238256e+00,0.000000000000e+00,0.000000000000e+00,0.000000000000e+00,-7.211205117405e-01,-1.387085635817e+00,0.000000000000e+00,0.000000000000e+00,0.000000000000e+00,0.000000000000e+00,0.000000000000e+00,3.853567197256e+00,1.041162180579e+01,0.000000000000e+00,0.000000000000e+00,0.000000000000e+00,0.000000000000e+00,1.330294243767e+00,3.853719810782e+00,0.000000000000e+00,0.000000000000e+00,3.509583112331e-04,1.285782815481e-03,0.000000000000e+00,0.000000000000e+00,1.000000000000e+00,-9.378224274094e-02,-1.079674445107e-13,-1.053918435822e-13,0.000000000000e+00,0.000000000000e+00,0.000000000000e+00,9.999999999998e-01,0.000000000000e+00,0.000000000000e+00,0.000000000000e+00,0.000000000000e+00,0.000000000000e+00,1.000000061746e+00,1.000000000991e+00,1.000000010525e+00
1.000000000000e-13,OK,,5.465773311659e-02,-1.441403319337e-02,-3.688071943917e-03,1.441403319337e-02,3.688071943917e-03,1.441403319337e-02,1.741138000000e-03,2.261020600000e-03,1.000000000000e-01,0,1,1.000000000000e-01,12,1.395320599992e+01,BORIS,L0/dt-1e-13/eps-0.1/ranks-1,5.465773311659e-02,6.487595950037e-03,R34,1.369850000000e+01,-1.395629074577e+00,-1.312117995026e+00,0.000000000000e+00,0.000000000000e+00,0.000000000000e+00,-7.229510346851e-01,-1.394594077296e+00,0.000000000000e+00,0.000000000000e+00,0.000000000000e+00,0.000000000000e+00,0.000000000000e+00,3.876271938773e+00,1.046142089110e+01,0.000000000000e+00,0.000000000000e+00,0.000000000000e+00,0.000000000000e+00,1.341273796457e+00,3.877991795505e+00,0.000000000000e+00,0.000000000000e+00,3.937635331637e-03,1.439990078189e-02,0.000000000000e+00,0.000000000000e+00,1.000000000004e+00,-8.763892629138e-02,-3.217006663507e-14,-4.769319495233e-14,0.000000000000e+00,0.000000000000e+00,0.000000000000e+00,1.000000000000e+00,0.000000000000e+00,0.000000000000e+00,0.000000000000e+00,0.000000000000e+00,0.000000000000e+00,OK,,5.465773287659e-02,-1.441403307912e-02,-3.688071931069e-03,1.441403307912e-02,3.688071931069e-03,1.441403307912e-02,1.741137900000e-03,2.261020600000e-03,1.000000000000e-01,12,1.333495187503e+01,BORIS,L0/dt-1e-13/eps-0.1/ranks-1,5.465773287659e-02,6.487595918215e-03,R34,1.311740000000e+01,-1.395629074461e+00,-1.312117994734e+00,0.000000000000e+00,0.000000000000e+00,0.000000000000e+00,-7.229510346721e-01,-1.394594077274e+00,0.000000000000e+00,0.000000000000e+00,0.000000000000e+00,0.000000000000e+00,0.000000000000e+00,3.876271938694e+00,1.046142089086e+01,0.000000000000e+00,0.000000000000e+00,0.000000000000e+00,0.000000000000e+00,1.341273796453e+00,3.877991795495e+00,0.000000000000e+00,0.000000000000e+00,3.937635242832e-03,1.439990065550e-02,0.000000000000e+00,0.000000000000e+00,1.000000000000e+00,-8.763892632632e-02,-4.002047648861e-14,7.537091363218e-14,0.000000000000e+00,0.000000000000e+00,0.000000000000e+00,1.000000000000e+00,0.000000000000e+00,0.000000000000e+00,0.000000000000e+00,0.000000000000e+00,0.000000000000e+00,1.000000004391e+00,1.000000007926e+00,1.000000003484e+00
3.000000000000e-13,OK,,4.921596638109e-06,-1.152741427485e-06,-1.987357859630e-07,1.152741427485e-06,1.987357859630e-07,1.152741427485e-06,5.561820300000e-08,3.577451400000e-06,1.000000000000e-06,0,1,1.000000000000e-06,12,5.264098541811e+00,BORIS,L0/dt-3e-13/eps-1e-06/ranks-1,4.921596638109e-06,5.035794607918e-07,R52,5.041750000000e+00,-1.386351007657e+00,-1.278840781427e+00,0.000000000000e+00,0.000000000000e+00,0.000000000000e+00,-7.209434556238e-01,-1.386353051030e+00,0.000000000000e+00,0.000000000000e+00,0.000000000000e+00,0.000000000000e+00,0.000000000000e+00,3.851352078928e+00,1.040676311824e+01,0.000000000000e+00,0.000000000000e+00,0.000000000000e+00,0.000000000000e+00,1.329223378796e+00,3.851352078537e+00,0.000000000000e+00,0.000000000000e+00,2.623484466241e-06,4.921596638442e-06,0.000000000000e+00,0.000000000000e+00,9.999999999809e-01,-9.437780390896e-02,5.012175175504e-10,-2.013476339824e-09,0.000000000000e+00,0.000000000000e+00,0.000000000000e+00,9.999999985279e-01,1.234021365380e-05,6.836446691862e-06,5.988777917334e-07,0.000000000000e+00,0.000000000000e+00,OK,,4.172340872799e-08,-1.856124152414e-08,-5.097628981491e-09,1.856124152414e-08,5.097628981491e-09,1.856124152414e-08,6.034651900000e-09,5.079999800000e-09,1.000000000000e-06,12,4.889507667162e+00,BORIS,L0/dt-3e-13/eps-1e-06/ranks-1,4.172340872799e-08,6.182896368434e-09,R34,4.666520000000e+00,-1.386352267695e+00,-1.278842359715e+00,0.000000000000e+00,0.000000000000e+00,0.000000000000e+00,-7.209431278115e-01,-1.386352269782e+00,0.000000000000e+00,0.000000000000e+00,0.000000000000e+00,0.000000000000e+00,0.000000000000e+00,3.851352078244e+00,1.040676311626e+01,0.000000000000e+00,0.000000000000e+00,0.000000000000e+00,0.000000000000e+00,1.329223378799e+00,3.851352078545e+00,0.000000000000e+00,0.000000000000e+00,3.130878354180e-09,2.082081063451e-08,0.000000000000e+00,0.000000000000e+00,1.000000000000e+00,-9.437722298183e-02,3.038788696105e-10,5.079999825942e-09,0.000000000000e+00,0.000000000000e+00,0.000000000000e+00,1.000000003789e+00,4.472000014744e-08,-1.576335493118e-08,-1.012009530581e-08,0.000000000000e+00,0.000000000000e+00,1.179576834241e+02,6.210475877844e+01,3.898592594412e+01
3.000000000000e-13,OK,,8.918676970060e-07,-8.918676973391e-07,4.009579082767e-07,8.918676973391e-07,4.009579082767e-07,8.918676973391e-07,4.066301100000e-09,1.508723600000e-06,3.000000000000e-06,0,1,3.000000000000e-06,12,5.214887542184e+00,BORIS,L0/dt-3e-13/eps-3e-06/ranks-1,8.918676970060e-07,9.567287907147e-08,R16,4.997090000000e+00,-1.386352513357e+00,-1.278842651888e+00,0.000000000000e+00,0.000000000000e+00,0.000000000000e+00,-7.209430580173e-01,-1.386352107851e+00,0.000000000000e+00,0.000000000000e+00,0.000000000000e+00,0.000000000000e+00,0.000000000000e+00,3.851352078951e+00,1.040676311829e+01,0.000000000000e+00,0.000000000000e+00,0.000000000000e+00,0.000000000000e+00,1.329223378804e+00,3.851352078551e+00,0.000000000000e+00,0.000000000000e+00,1.080950603173e-07,2.402806876302e-07,0.000000000000e+00,0.000000000000e+00,1.000000000002e+00,-9.437758184191e-02,7.299840783962e-10,2.123999481372e-09,0.000000000000e+00,0.000000000000e+00,0.000000000000e+00,9.999999989883e-01,2.397075000049e-06,-1.026278720474e-06,-5.725164312879e-07,0.000000000000e+00,0.000000000000e+00,OK,,4.326348457262e-08,-2.191837272275e-08,-7.760061591534e-09,2.191837272275e-08,7.760061591534e-09,2.191837272275e-08,2.924134300000e-10,3.694087800000e-09,3.000000000000e-06,12,4.916960916948e+00,BORIS,L0/dt-3e-13/eps-3e-06/ranks-1,4.326348457262e-08,6.396675301524e-09,R12,4.652340000000e+00,-1.386352268253e+00,-1.278842362643e+00,0.000000000000e+00,0.000000000000e+00,0.000000000000e+00,-7.209431260346e-01,-1.386352267833e+00,0.000000000000e+00,0.000000000000e+00,0.000000000000e+00,0.000000000000e+00,0.000000000000e+00,3.851352078264e+00,1.040676311630e+01,0.000000000000e+00,0.000000000000e+00,0.000000000000e+00,0.000000000000e+00,1.329223378809e+00,3.851352078566e+00,0.000000000000e+00,0.000000000000e+00,5.573018662531e-09,2.155428369331e-08,0.000000000000e+00,0.000000000000e+00,1.000000000000e+00,-9.437722254009e-02,1.515595899054e-09,3.694087830031e-09,0.000000000000e+00,0.000000000000e+00,0.000000000000e+00,9.999999992291e-01,4.472000014744e-08,-1.488368017854e-08,-5.850803977268e-09,0.000000000000e+00,0.000000000000e+00,2.061479110655e+01,4.069041569009e+01,5.166942343784e+01
3.000000000000e-13,OK,,4.426869708213e-07,1.553259859955e-08,1.066849795425e-07,1.553259859955e-08,1.066849795425e-07,1.066849795425e-07,3.566330900000e-09,3.278477300000e-07,1.000000000000e-05,0,1,1.000000000000e-05,12,5.251338707982e+00,BORIS,L0/dt-3e-13/eps-1e-05/ranks-1,4.426869708213e-07,4.473226525661e-08,R52,5.027740000000e+00,-1.386352248422e+00,-1.278842293457e+00,0.000000000000e+00,0.000000000000e+00,0.000000000000e+00,-7.209431378161e-01,-1.386352259348e+00,0.000000000000e+00,0.000000000000e+00,0.000000000000e+00,0.000000000000e+00,0.000000000000e+00,3.851352079174e+00,1.040676311878e+01,0.000000000000e+00,0.000000000000e+00,0.000000000000e+00,0.000000000000e+00,1.329223378914e+00,3.851352078796e+00,0.000000000000e+00,0.000000000000e+00,2.815209756433e-07,4.426869711544e-07,0.000000000000e+00,0.000000000000e+00,9.999999999871e-01,-9.437716028513e-02,4.451461394970e-10,6.396140101299e-10,0.000000000000e+00,0.000000000000e+00,0.000000000000e+00,1.000000000406e+00,8.616479811606e-07,1.236623809450e-07,-2.518518778930e-08,0.000000000000e+00,0.000000000000e+00,OK,,4.369148443040e-08,-2.079654724760e-08,-6.157132137300e-09,2.079654724760e-08,6.157132137300e-09,2.079654724760e-08,5.995244300000e-10,4.527856600000e-10,1.000000000000e-05,12,4.920673417160e+00,BORIS,L0/dt-3e-13/eps-1e-05/ranks-1,4.369148443040e-08,6.333956229432e-09,R12,4.699550000000e+00,-1.386352268042e+00,-1.278842363071e+00,0.000000000000e+00,0.000000000000e+00,0.000000000000e+00,-7.209431266587e-01,-1.386352268727e+00,0.000000000000e+00,0.000000000000e+00,0.000000000000e+00,0.000000000000e+00,0.000000000000e+00,3.851352078483e+00,1.040676311678e+01,0.000000000000e+00,0.000000000000e+00,0.000000000000e+00,0.000000000000e+00,1.329223378915e+00,3.851352078801e+00,0.000000000000e+00,0.000000000000e+00,6.021426667386e-09,2.117219682825e-08,0.000000000000e+00,0.000000000000e+00,1.000000000000e+00,-9.437722339709e-02,-1.756693172427e-10,-4.527856611605e-10,0.000000000000e+00,0.000000000000e+00,0.000000000000e+00,1.000000000276e+00,4.472999926008e-08,-1.348066081418e-08,-3.976905553975e-09,0.000000000000e+00,0.000000000000e+00,1.013211101872e+01,7.468835290119e-01,1.732705700698e+01
3.000000000000e-13,OK,,7.561348436269e-08,-3.993445516444e-08,-1.635848387608e-08,3.993445516444e-08,1.635848387608e-08,3.993445516444e-08,2.509165100000e-10,5.311191200000e-08,3.000000000000e-05,0,1,3.000000000000e-05,12,5.198615750065e+00,BORIS,L0/dt-3e-13/eps-3e-05/ranks-1,7.561348436269e-08,1.152517274497e-08,R12,4.978300000000e+00,-1.386352287840e+00,-1.278842394993e+00,0.000000000000e+00,0.000000000000e+00,0.000000000000e+00,-7.209431201977e-01,-1.386352259021e+00,0.000000000000e+00,0.000000000000e+00,0.000000000000e+00,0.000000000000e+00,0.000000000000e+00,3.851352081145e+00,1.040676312311e+01,0.000000000000e+00,0.000000000000e+00,0.000000000000e+00,0.000000000000e+00,1.329223379865e+00,3.851352080900e+00,0.000000000000e+00,0.000000000000e+00,5.921926469127e-08,7.438266559182e-08,0.000000000000e+00,0.000000000000e+00,9.999999999995e-01,-9.437723186508e-02,4.764443047289e-11,1.485870611061e-10,0.000000000000e+00,0.000000000000e+00,0.000000000000e+00,1.000000000143e+00,3.746024200002e-07,-1.044035274210e-09,8.944042475300e-09,0.000000000000e+00,0.000000000000e+00,OK,,4.621348437261e-08,-2.214913916429e-08,-6.721186052095e-09,2.214913916429e-08,6.721186052095e-09,2.214913916429e-08,7.518641300000e-11,2.188038600000e-10,3.000000000000e-05,12,4.936745624989e+00,BORIS,L0/dt-3e-13/eps-3e-05/ranks-1,4.621348437261e-08,6.264520804525e-09,R12,4.716810000000e+00,-1.386352268895e+00,-1.278842365593e+00,0.000000000000e+00,0.000000000000e+00,0.000000000000e+00,-7.209431269269e-01,-1.386352269046e+00,0.000000000000e+00,0.000000000000e+00,0.000000000000e+00,0.000000000000e+00,0.000000000000e+00,3.851352080454e+00,1.040676312110e+01,0.000000000000e+00,0.000000000000e+00,0.000000000000e+00,0.000000000000e+00,1.329223379868e+00,3.851352080907e+00,0.000000000000e+00,0.000000000000e+00,6.482427873122e-09,2.212379576689e-08,0.000000000000e+00,0.000000000000e+00,1.000000000000e+00,-9.437722292139e-02,3.209939361043e-11,1.219472911884e-10,0.000000000000e+00,0.000000000000e+00,0.000000000000e+00,1.000000000096e+00,4.473000103644e-08,-1.423776921972e-08,-4.487760245765e-09,0.000000000000e+00,0.000000000000e+00,1.636177955184e+00,1.802980010565e+00,2.433868628139e+00
3.000000000000e-13,OK,,6.165532526751e-08,-1.594706350553e-08,-2.065981430606e-08,1.594706350553e-08,2.065981430606e-08,2.065981430606e-08,1.113417700000e-09,6.597095900000e-08,1.000000000000e-04,0,1,1.000000000000e-04,12,5.183621833101e+00,BORIS,L0/dt-3e-13/eps-0.0001/ranks-1,6.165532526751e-08,8.841175102548e-09,R52,4.962820000000e+00,-1.386352271084e+00,-1.278842380689e+00,0.000000000000e+00,0.000000000000e+00,0.000000000000e+00,-7.209431316972e-01,-1.386352278025e+00,0.000000000000e+00,0.000000000000e+00,0.000000000000e+00,0.000000000000e+00,0.000000000000e+00,3.851352103508e+00,1.040676317216e+01,0.000000000000e+00,0.000000000000e+00,0.000000000000e+00,0.000000000000e+00,1.329223390679e+00,3.851352104811e+00,0.000000000000e+00,0.000000000000e+00,2.703820181483e-08,6.165532560058e-08,0.000000000000e+00,0.000000000000e+00,9.999999999989e-01,-9.437719534122e-02,2.290725228632e-12,3.427951991551e-11,0.000000000000e+00,0.000000000000e+00,0.000000000000e+00,1.000000000075e+00,1.291429998496e-07,-7.459317429632e-09,-3.941576396207e-08,0.000000000000e+00,0.000000000000e+00,OK,,7.624548437057e-08,-3.498803995650e-08,-1.003789629190e-08,3.498803995650e-08,1.003789629190e-08,3.498803995650e-08,1.746577500000e-09,2.256576700000e-09,1.000000000000e-04,12,4.916735917097e+00,BORIS,L0/dt-3e-13/eps-0.0001/ranks-1,7.624548437057e-08,8.191948196673e-09,R12,4.697570000000e+00,-1.386352277316e+00,-1.278842395625e+00,0.000000000000e+00,0.000000000000e+00,0.000000000000e+00,-7.209431287962e-01,-1.386352276497e+00,0.000000000000e+00,0.000000000000e+00,0.000000000000e+00,0.000000000000e+00,0.000000000000e+00,3.851352102824e+00,1.040676317017e+01,0.000000000000e+00,0.000000000000e+00,0.000000000000e+00,0.000000000000e+00,1.329223390682e+00,3.851352104818e+00,0.000000000000e+00,0.000000000000e+00,1.003760530109e-08,3.507053795981e-08,0.000000000000e+00,0.000000000000e+00,1.000000000000e+00,-9.437721698265e-02,-2.754592946405e-11,-6.904604385360e-11,0.000000000000e+00,0.000000000000e+00,0.000000000000e+00,9.999999999792e-01,4.472000014744e-08,-1.413619063796e-08,-4.382076340097e-09,0.000000000000e+00,0.000000000000e+00,8.086423186434e-01,4.557861350723e-01,2.058181685213e+00
3.000000000000e-13,OK,,4.455265916192e-07,-1.425937062581e-07,-4.122467464909e-08,1.425937062581e-07,4.122467464909e-08,1.425937062581e-07,1.586519400000e-08,2.065165800000e-08,3.000000000000e-04,0,1,3.000000000000e-04,12,5.164110416081e+00,BORIS,L0/dt-3e-13/eps-0.0003/ranks-1,4.455265916192e-07,5.680868804768e-08,R34,4.941060000000e+00,-1.386352351339e+00,-1.278842656877e+00,0.000000000000e+00,0.000000000000e+00,0.000000000000e+00,-7.209431449884e-01,-1.386352339999e+00,0.000000000000e+00,0.000000000000e+00,0.000000000000e+00,0.000000000000e+00,0.000000000000e+00,3.851352300167e+00,1.040676360351e+01,0.000000000000e+00,0.000000000000e+00,0.000000000000e+00,0.000000000000e+00,1.329223485747e+00,3.851352315013e+00,0.000000000000e+00,0.000000000000e+00,4.155328201913e-08,1.466890578696e-07,0.000000000000e+00,0.000000000000e+00,9.999999999985e-01,-9.437715930077e-02,-2.687657777379e-12,3.555691683113e-12,0.000000000000e+00,0.000000000000e+00,0.000000000000e+00,1.000000000011e+00,4.296999911446e-08,-1.003587786660e-08,-1.034946048600e-08,0.000000000000e+00,0.000000000000e+00,OK,,4.435365905664e-07,-1.479803925662e-07,-3.897324585269e-08,1.479803925662e-07,3.897324585269e-08,1.479803925662e-07,1.588502100000e-08,2.066238800000e-08,3.000000000000e-04,12,4.863146791933e+00,BORIS,L0/dt-3e-13/eps-0.0003/ranks-1,4.435365905664e-07,5.687525018187e-08,R34,4.641480000000e+00,-1.386352350600e+00,-1.278842659336e+00,0.000000000000e+00,0.000000000000e+00,0.000000000000e+00,-7.209431445219e-01,-1.386352341579e+00,0.000000000000e+00,0.000000000000e+00,0.000000000000e+00,0.000000000000e+00,0.000000000000e+00,3.851352299482e+00,1.040676360152e+01,0.000000000000e+00,0.000000000000e+00,0.000000000000e+00,0.000000000000e+00,1.329223485750e+00,3.851352315022e+00,0.000000000000e+00,0.000000000000e+00,4.119801812624e-08,1.491878587914e-07,0.000000000000e+00,0.000000000000e+00,1.000000000000e+00,-9.437716423039e-02,2.286006955191e-12,1.160043440670e-11,0.000000000000e+00,0.000000000000e+00,0.000000000000e+00,1.000000000001e+00,4.473000103644e-08,-1.411327372110e-08,-4.378374910450e-09,0.000000000000e+00,0.000000000000e+00,1.004486667155e+00,9.635986483433e-01,1.057768572957e+00
3.000000000000e-13,OK,,5.352206590814e-06,-1.434668348096e-06,-3.681338561514e-07,1.434668348096e-06,3.681338561514e-07,1.434668348096e-06,1.764677000000e-07,2.295455200000e-07,1.000000000000e-03,0,1,1.000000000000e-03,12,5.174363541882e+00,BORIS,L0/dt-3e-13/eps-0.001/ranks-1,5.352206590814e-06,6.395844327755e-07,R34,4.955160000000e+00,-1.386353186659e+00,-1.278845661990e+00,0.000000000000e+00,0.000000000000e+00,0.000000000000e+00,-7.209433231285e-01,-1.386353081071e+00,0.000000000000e+00,0.000000000000e+00,0.000000000000e+00,0.000000000000e+00,0.000000000000e+00,3.851354537157e+00,1.040676851019e+01,0.000000000000e+00,0.000000000000e+00,0.000000000000e+00,0.000000000000e+00,1.329224567154e+00,3.851354706093e+00,0.000000000000e+00,0.000000000000e+00,3.954516324093e-07,1.447394243630e-06,0.000000000000e+00,0.000000000000e+00,9.999999999988e-01,-9.437656255896e-02,2.214757902797e-12,1.934580300966e-12,0.000000000000e+00,0.000000000000e+00,0.000000000000e+00,1.000000000002e+00,4.302999911943e-08,-1.855263364000e-08,-6.386408268900e-09,0.000000000000e+00,0.000000000000e+00,OK,,5.350206590649e-06,-1.433495757403e-06,-3.682045486273e-07,1.433495757403e-06,3.682045486273e-07,1.433495757403e-06,1.764529100000e-07,2.295318800000e-07,1.000000000000e-03,12,4.855404749978e+00,BORIS,L0/dt-3e-13/eps-0.001/ranks-1,5.350206590649e-06,6.393567323986e-07,R34,4.633170000000e+00,-1.386353184703e+00,-1.278845659808e+00,0.000000000000e+00,0.000000000000e+00,0.000000000000e+00,-7.209433235448e-01,-1.386353082287e+00,0.000000000000e+00,0.000000000000e+00,0.000000000000e+00,0.000000000000e+00,0.000000000000e+00,3.851354536467e+00,1.040676850819e+01,0.000000000000e+00,0.000000000000e+00,0.000000000000e+00,0.000000000000e+00,1.329224567157e+00,3.851354706100e+00,0.000000000000e+00,0.000000000000e+00,3.957193679295e-07,1.448243906329e-06,0.000000000000e+00,0.000000000000e+00,1.000000000000e+00,-9.437656376232e-02,2.905437950134e-12,3.285555555257e-12,0.000000000000e+00,0.000000000000e+00,0.000000000000e+00,1.000000000002e+00,4.472999926008e-08,-1.413831993000e-08,-4.382373769900e-09,0.000000000000e+00,0.000000000000e+00,1.000373817372e+00,1.000817993836e+00,9.998080075975e-01
3.000000000000e-13,OK,,4.848826659121e-05,-1.273465202674e-05,-3.262171804775e-06,1.273465202674e-05,3.262171804775e-06,1.273465202674e-05,1.587780100000e-06,2.065460900000e-06,3.000000000000e-03,0,1,3.000000000000e-03,12,5.162362833042e+00,BORIS,L0/dt-3e-13/eps-0.003/ranks-1,4.848826659121e-05,5.763027783292e-06,R34,4.943060000000e+00,-1.386360518466e+00,-1.278872038929e+00,0.000000000000e+00,0.000000000000e+00,0.000000000000e+00,-7.209448975441e-01,-1.386359594071e+00,0.000000000000e+00,0.000000000000e+00,0.000000000000e+00,0.000000000000e+00,0.000000000000e+00,3.851374203198e+00,1.040681164625e+01,0.000000000000e+00,0.000000000000e+00,0.000000000000e+00,0.000000000000e+00,1.329234074142e+00,3.851375726809e+00,0.000000000000e+00,0.000000000000e+00,3.512752576006e-06,1.286918685863e-05,0.000000000000e+00,0.000000000000e+00,9.999999999989e-01,-9.437128585702e-02,-9.998308456439e-13,-3.447107816958e-12,0.000000000000e+00,0.000000000000e+00,0.000000000000e+00,9.999999999987e-01,4.302000000678e-08,-1.415305379000e-08,-3.992253482000e-09,0.000000000000e+00,0.000000000000e+00,OK,,4.848625659015e-05,-1.273485230982e-05,-3.262603301740e-06,1.273485230982e-05,3.262603301740e-06,1.273485230982e-05,1.588019700000e-06,2.065703700000e-06,3.000000000000e-03,12,4.843127459055e+00,BORIS,L0/dt-3e-13/eps-0.003/ranks-1,4.848625659015e-05,5.762843523552e-06,R34,4.623070000000e+00,-1.386360517622e+00,-1.278872037639e+00,0.000000000000e+00,0.000000000000e+00,0.000000000000e+00,-7.209448974732e-01,-1.386359594004e+00,0.000000000000e+00,0.000000000000e+00,0.000000000000e+00,0.000000000000e+00,0.000000000000e+00,3.851374202506e+00,1.040681164424e+01,0.000000000000e+00,0.000000000000e+00,0.000000000000e+00,0.000000000000e+00,1.329234074145e+00,3.851375726816e+00,0.000000000000e+00,0.000000000000e+00,3.512392923205e-06,1.286859826277e-05,0.000000000000e+00,0.000000000000e+00,1.000000000000e+00,-9.437128476719e-02,6.955022690591e-14,1.195308969825e-12,0.000000000000e+00,0.000000000000e+00,0.000000000000e+00,1.000000000002e+00,4.472000014744e-08,-1.413849394000e-08,-4.382880053000e-09,0.000000000000e+00,0.000000000000e+00,1.000041455068e+00,9.999842728384e-01,9.998677445815e-01
3.000000000000e-13,OK,,5.392263965902e-04,-1.413134434226e-04,-3.619259592333e-05,1.413134434226e-04,3.619259592333e-05,1.413134434226e-04,1.764242000000e-05,2.294905300000e-05,1.000000000000e-02,0,1,1.000000000000e-02,12,5.143820749829e+00,BORIS,L0/dt-3e-13/eps-0.01/ranks-1,5.392263965902e-04,6.405037264648e-05,R34,4.924770000000e+00,-1.386443939799e+00,-1.279172113123e+00,0.000000000000e+00,0.000000000000e+00,0.000000000000e+00,-7.209628044742e-01,-1.386433673840e+00,0.000000000000e+00,0.000000000000e+00,0.000000000000e+00,0.000000000000e+00,0.000000000000e+00,3.851597934357e+00,1.040730238438e+01,0.000000000000e+00,0.000000000000e+00,0.000000000000e+00,0.000000000000e+00,1.329342230944e+00,3.851614869815e+00,0.000000000000e+00,0.000000000000e+00,3.896855911467e-05,1.427865168627e-04,0.000000000000e+00,0.000000000000e+00,9.999999999989e-01,-9.431122366568e-02,-6.900548240189e-14,3.623040449451e-13,0.000000000000e+00,0.000000000000e+00,0.000000000000e+00,1.000000000000e+00,4.303000089578e-08,-1.460697999998e-08,-4.664394260001e-09,0.000000000000e+00,0.000000000000e+00,OK,,5.392243765900e-04,-1.413132472428e-04,-3.619261415416e-05,1.413132472428e-04,3.619261415416e-05,1.413132472428e-04,1.764248100000e-05,2.294911400000e-05,1.000000000000e-02,12,4.872305332916e+00,BORIS,L0/dt-3e-13/eps-0.01/ranks-1,5.392243765900e-04,6.405020471950e-05,R34,4.652020000000e+00,-1.386443939407e+00,-1.279172112492e+00,0.000000000000e+00,0.000000000000e+00,0.000000000000e+00,-7.209628044989e-01,-1.386433673883e+00,0.000000000000e+00,0.000000000000e+00,0.000000000000e+00,0.000000000000e+00,0.000000000000e+00,3.851597933661e+00,1.040730238236e+01,0.000000000000e+00,0.000000000000e+00,0.000000000000e+00,0.000000000000e+00,1.329342230945e+00,3.851614869817e+00,0.000000000000e+00,0.000000000000e+00,3.896824378784e-05,1.427862398884e-04,0.000000000000e+00,0.000000000000e+00,1.000000000000e+00,-9.431122382367e-02,1.762589347557e-13,6.002221871555e-13,0.000000000000e+00,0.000000000000e+00,0.000000000000e+00,9.999999999995e-01,4.475000103810e-08,-1.414123989999e-08,-4.383682590001e-09,0.000000000000e+00,0.000000000000e+00,1.000003746122e+00,1.000001388262e+00,9.999994962831e-01
3.000000000000e-13,OK,,4.858604986591e-03,-1.273689058254e-03,-3.261792207382e-04,1.273689058254e-03,3.261792207382e-04,1.273689058254e-03,1.586126200000e-04,2.062965000000e-04,3.000000000000e-02,0,1,3.000000000000e-02,12,5.878422083799e+00,BORIS,L0/dt-3e-13/eps-0.03/ranks-1,4.858604986591e-03,5.770526993327e-04,R34,5.619240000000e+00,-1.387178098847e+00,-1.281812272342e+00,0.000000000000e+00,0.000000000000e+00,0.000000000000e+00,-7.211205151185e-01,-1.387085646185e+00,0.000000000000e+00,0.000000000000e+00,0.000000000000e+00,0.000000000000e+00,0.000000000000e+00,3.853567175981e+00,1.041162176297e+01,0.000000000000e+00,0.000000000000e+00,0.000000000000e+00,0.000000000000e+00,1.330294233384e+00,3.853719789225e+00,0.000000000000e+00,0.000000000000e+00,3.509626443078e-04,1.285797057292e-03,0.000000000000e+00,0.000000000000e+00,9.999999999989e-01,-9.378223610092e-02,-3.854182937656e-14,-7.761383551116e-14,0.000000000000e+00,0.000000000000e+00,0.000000000000e+00,1.000000000000e+00,4.312000001505e-08,-1.416047300013e-08,-4.294421900009e-09,0.000000000000e+00,0.000000000000e+00,OK,,4.858602986591e-03,-1.273689071444e-03,-3.261793181297e-04,1.273689071444e-03,3.261793181297e-04,1.273689071444e-03,1.586126100000e-04,2.062965000000e-04,3.000000000000e-02,12,4.875484166900e+00,BORIS,L0/dt-3e-13/eps-0.03/ranks-1,4.858602986591e-03,5.770525383276e-04,R34,4.654090000000e+00,-1.387178098510e+00,-1.281812271694e+00,0.000000000000e+00,0.000000000000e+00,0.000000000000e+00,-7.211205151882e-01,-1.387085646250e+00,0.000000000000e+00,0.000000000000e+00,0.000000000000e+00,0.000000000000e+00,0.000000000000e+00,3.853567175290e+00,1.041162176097e+01,0.000000000000e+00,0.000000000000e+00,0.000000000000e+00,0.000000000000e+00,1.330294233388e+00,3.853719789236e+00,0.000000000000e+00,0.000000000000e+00,3.509624341233e-04,1.285796831784e-03,0.000000000000e+00,0.000000000000e+00,1.000000000000e+00,-9.378223618657e-02,-2.335262992089e-14,2.070745133234e-13,0.000000000000e+00,0.000000000000e+00,0.000000000000e+00,1.000000000000e+00,4.482000015571e-08,-1.417492500005e-08,-4.395246299999e-09,0.000000000000e+00,0.000000000000e+00,1.000000411641e+00,9.999999896443e-01,9.999997014173e-01
3.000000000000e-13,OK,,5.465768921659e-02,-1.441404758818e-02,-3.688076309109e-03,1.441404758818e-02,3.688076309109e-03,1.441404758818e-02,1.741137900000e-03,2.261020600000e-03,1.000000000000e-01,0,1,1.000000000000e-01,12,5.883259417024e+00,BORIS,L0/dt-3e-13/eps-0.1/ranks-1,5.465768921659e-02,6.487594037022e-03,R34,5.623940000000e+00,-1.395629085123e+00,-1.312118029313e+00,0.000000000000e+00,0.000000000000e+00,0.000000000000e+00,-7.229510380949e-01,-1.394594087767e+00,0.000000000000e+00,0.000000000000e+00,0.000000000000e+00,0.000000000000e+00,0.000000000000e+00,3.876271916997e+00,1.046142084720e+01,0.000000000000e+00,0.000000000000e+00,0.000000000000e+00,0.000000000000e+00,1.341273785867e+00,3.877991773529e+00,0.000000000000e+00,0.000000000000e+00,3.937639582405e-03,1.439991498124e-02,0.000000000000e+00,0.000000000000e+00,9.999999999989e-01,-8.763891963117e-02,-1.812266634769e-14,-7.196511379523e-14,0.000000000000e+00,0.000000000000e+00,0.000000000000e+00,9.999999999999e-01,4.390000007959e-08,-1.439481000023e-08,-4.365191999967e-09,0.000000000000e+00,0.000000000000e+00,OK,,5.465768722659e-02,-1.441404759407e-02,-3.688076428404e-03,1.441404759407e-02,3.688076428404e-03,1.441404759407e-02,1.741137900000e-03,2.261020600000e-03,1.000000000000e-01,12,4.886774917133e+00,BORIS,L0/dt-3e-13/eps-0.1/ranks-1,5.465768722659e-02,6.487593877751e-03,R34,4.668770000000e+00,-1.395629084762e+00,-1.312118028630e+00,0.000000000000e+00,0.000000000000e+00,0.000000000000e+00,-7.229510381688e-01,-1.394594087841e+00,0.000000000000e+00,0.000000000000e+00,0.000000000000e+00,0.000000000000e+00,0.000000000000e+00,3.876271916307e+00,1.046142084521e+01,0.000000000000e+00,0.000000000000e+00,0.000000000000e+00,0.000000000000e+00,1.341273785870e+00,3.877991773539e+00,0.000000000000e+00,0.000000000000e+00,3.937639433721e-03,1.439991486290e-02,0.000000000000e+00,0.000000000000e+00,1.000000000000e+00,-8.763891961863e-02,5.523179246455e-14,3.397051483294e-14,0.000000000000e+00,0.000000000000e+00,0.000000000000e+00,1.000000000000e+00,4.564999933621e-08,-1.451495000061e-08,-4.497335000068e-09,0.000000000000e+00,0.000000000000e+00,1.000000036408e+00,9.999999995914e-01,9.999999676539e-01
1.000000000000e-12,OK,,8.865104843547e-07,-1.046434826173e-07,-3.225749450841e-08,1.046434826173e-07,3.225749450841e-08,1.046434826173e-07,8.700387500000e-09,3.018758300000e-07,1.000000000000e-06,0,1,1.000000000000e-06,12,2.241290207952e+00,BORIS,L0/dt-1e-12/eps-1e-06/ranks-1,8.865104843547e-07,9.796583538082e-08,R12,1.971820000000e+00,-1.386352541979e+00,-1.278843205890e+00,0.000000000000e+00,0.000000000000e+00,0.000000000000e+00,-7.209430821754e-01,-1.386352398277e+00,0.000000000000e+00,0.000000000000e+00,0.000000000000e+00,0.000000000000e+00,0.000000000000e+00,3.851351837072e+00,1.040676263086e+01,0.000000000000e+00,0.000000000000e+00,0.000000000000e+00,0.000000000000e+00,1.329223261136e+00,3.851351834252e+00,0.000000000000e+00,0.000000000000e+00,-2.712143805754e-07,9.775420800287e-08,0.000000000000e+00,0.000000000000e+00,9.999999999809e-01,-9.437724206598e-02,6.387243863307e-10,2.195936881549e-09,0.000000000000e+00,0.000000000000e+00,0.000000000000e+00,9.999999997631e-01,7.884544636730e-06,7.884544636730e-06,7.653560831880e-07,0.000000000000e+00,0.000000000000e+00,OK,,5.497934090215e-07,-1.828018576227e-07,-5.614300413627e-08,1.828018576227e-07,5.614300413627e-08,1.828018576227e-07,7.780096600000e-10,1.168377200000e-07,1.000000000000e-06,12,1.940739916870e+00,BORIS,L0/dt-1e-12/eps-1e-06/ranks-1,5.497934090215e-07,7.387841273338e-08,R34,1.722750000000e+00,-1.386352385362e+00,-1.278842747145e+00,0.000000000000e+00,0.000000000000e+00,0.000000000000e+00,-7.209431695426e-01,-1.386352391847e+00,0.000000000000e+00,0.000000000000e+00,0.000000000000e+00,0.000000000000e+00,0.000000000000e+00,3.851351829249e+00,1.040676260819e+01,0.000000000000e+00,0.000000000000e+00,0.000000000000e+00,0.000000000000e+00,1.329223261135e+00,3.851351834251e+00,0.000000000000e+00,0.000000000000e+00,-6.269492399260e-08,2.479879154484e-07,0.000000000000e+00,0.000000000000e+00,1.000000000000e+00,-9.437708367595e-02,-1.981766153219e-09,-3.262544230424e-09,0.000000000000e+00,0.000000000000e+00,0.000000000000e+00,9.999999973048e-01,5.527900004410e-07,-1.800039710297e-07,-6.116547046059e-08,0.000000000000e+00,0.000000000000e+00,1.612442910024e+00,5.724421183579e-01,5.745594665742e-01
1.000000000000e-12,OK,,5.270834098070e-07,-2.338054720934e-07,-4.923380571413e-08,2.338054720934e-07,4.923380571413e-08,2.338054720934e-07,6.110150500000e-09,5.563828500000e-08,3.000000000000e-06,0,1,3.000000000000e-06,12,2.250328916823e+00,BORIS,L0/dt-1e-12/eps-3e-06/ranks-1,5.270834098070e-07,7.104040510411e-08,R34,2.031020000000e+00,-1.386352398661e+00,-1.278842727632e+00,0.000000000000e+00,0.000000000000e+00,0.000000000000e+00,-7.209431654667e-01,-1.386352359803e+00,0.000000000000e+00,0.000000000000e+00,0.000000000000e+00,0.000000000000e+00,0.000000000000e+00,3.851351837093e+00,1.040676263090e+01,0.000000000000e+00,0.000000000000e+00,0.000000000000e+00,0.000000000000e+00,1.329223261146e+00,3.851351834274e+00,0.000000000000e+00,0.000000000000e+00,4.486235318817e-08,2.055579947305e-07,0.000000000000e+00,0.000000000000e+00,1.000000000002e+00,-9.437712499929e-02,2.546420173919e-10,-2.310503739097e-10,0.000000000000e+00,0.000000000000e+00,0.000000000000e+00,9.999999986783e-01,2.472819000010e-06,-3.682164952283e-07,-1.022708145279e-06,0.000000000000e+00,0.000000000000e+00,OK,,5.497534090182e-07,-1.823802322560e-07,-5.737366581707e-08,1.823802322560e-07,5.737366581707e-08,1.823802322560e-07,1.604532300000e-09,3.809034400000e-08,3.000000000000e-06,12,1.944968125084e+00,BORIS,L0/dt-1e-12/eps-3e-06/ranks-1,5.497534090182e-07,7.194421133047e-08,R34,1.725060000000e+00,-1.386352383249e+00,-1.278842742811e+00,0.000000000000e+00,0.000000000000e+00,0.000000000000e+00,-7.209431661990e-01,-1.386352386892e+00,0.000000000000e+00,0.000000000000e+00,0.000000000000e+00,0.000000000000e+00,0.000000000000e+00,3.851351829268e+00,1.040676260823e+01,0.000000000000e+00,0.000000000000e+00,0.000000000000e+00,0.000000000000e+00,1.329223261145e+00,3.851351834271e+00,0.000000000000e+00,0.000000000000e+00,1.386534281805e-08,2.018501446691e-07,0.000000000000e+00,0.000000000000e+00,1.000000000000e+00,-9.437712736764e-02,-1.062024730182e-10,1.480509460299e-10,0.000000000000e+00,0.000000000000e+00,0.000000000000e+00,9.999999988769e-01,5.527900004410e-07,-1.753455397118e-07,-5.546440820280e-08,0.000000000000e+00,0.000000000000e+00,9.587633312694e-01,1.281967180331e+00,8.581255008370e-01
1.000000000000e-12,OK,,5.265934088783e-07,-2.012710992412e-07,-7.124191588006e-08,2.012710992412e-07,7.124191588006e-08,2.012710992412e-07,1.206323500000e-09,1.577396300000e-08,1.000000000000e-05,0,1,1.000000000000e-05,12,2.238592708018e+00,BORIS,L0/dt-1e-12/eps-1e-05/ranks-1,5.265934088783e-07,7.174230809980e-08,R34,2.017470000000e+00,-1.386352407726e+00,-1.278842757840e+00,0.000000000000e+00,0.000000000000e+00,0.000000000000e+00,-7.209431642985e-01,-1.386352369765e+00,0.000000000000e+00,0.000000000000e+00,0.000000000000e+00,0.000000000000e+00,0.000000000000e+00,3.851351837316e+00,1.040676263139e+01,0.000000000000e+00,0.000000000000e+00,0.000000000000e+00,0.000000000000e+00,1.329223261254e+00,3.851351834514e+00,0.000000000000e+00,0.000000000000e+00,3.698108545997e-08,1.721564165060e-07,0.000000000000e+00,0.000000000000e+00,9.999999999995e-01,-9.437708597420e-02,3.888569990705e-11,-5.215139937409e-11,0.000000000000e+00,0.000000000000e+00,0.000000000000e+00,9.999999998982e-01,5.911174265122e-07,-9.314131689570e-08,-2.031120832119e-07,0.000000000000e+00,0.000000000000e+00,OK,,5.492634098658e-07,-1.819123981428e-07,-5.677533515542e-08,1.819123981428e-07,5.677533515542e-08,1.819123981428e-07,7.657807700000e-11,1.164893800000e-08,1.000000000000e-05,12,1.954001458129e+00,BORIS,L0/dt-1e-12/eps-1e-05/ranks-1,5.492634098658e-07,7.154861183357e-08,R34,1.733260000000e+00,-1.386352383258e+00,-1.278842742984e+00,0.000000000000e+00,0.000000000000e+00,0.000000000000e+00,-7.209431662037e-01,-1.386352387214e+00,0.000000000000e+00,0.000000000000e+00,0.000000000000e+00,0.000000000000e+00,0.000000000000e+00,3.851351829491e+00,1.040676260872e+01,0.000000000000e+00,0.000000000000e+00,0.000000000000e+00,0.000000000000e+00,1.329223261253e+00,3.851351834510e+00,0.000000000000e+00,0.000000000000e+00,4.080365440129e-08,1.862713751212e-07,0.000000000000e+00,0.000000000000e+00,1.000000000000e+00,-9.437714249940e-02,-1.559014438046e-10,-3.188719305897e-10,0.000000000000e+00,0.000000000000e+00,0.000000000000e+00,1.000000000225e+00,5.527900004410e-07,-1.745965117094e-07,-5.459510857210e-08,0.000000000000e+00,0.000000000000e+00,9.587265407083e-01,1.106417711470e+00,1.254803968749e+00
1.000000000000e-12,OK,,5.222834094099e-07,-1.593148765137e-07,-5.696204492775e-08,1.593148765137e-07,5.696204492775e-08,1.593148765137e-07,2.539239900000e-10,7.078428500000e-08,3.000000000000e-05,0,1,3.000000000000e-05,12,2.180569667136e+00,BORIS,L0/dt-1e-12/eps-3e-05/ranks-1,5.222834094099e-07,7.085435183648e-08,R34,1.962390000000e+00,-1.386352385601e+00,-1.278842757540e+00,0.000000000000e+00,0.000000000000e+00,0.000000000000e+00,-7.209431644839e-01,-1.386352390790e+00,0.000000000000e+00,0.000000000000e+00,0.000000000000e+00,0.000000000000e+00,0.000000000000e+00,3.851351839282e+00,1.040676263570e+01,0.000000000000e+00,0.000000000000e+00,0.000000000000e+00,0.000000000000e+00,1.329223262204e+00,3.851351836615e+00,0.000000000000e+00,0.000000000000e+00,7.049325047124e-08,2.188091427995e-07,0.000000000000e+00,0.000000000000e+00,9.999999999995e-01,-9.437715371015e-02,1.857129850019e-11,-4.022127846624e-11,0.000000000000e+00,0.000000000000e+00,0.000000000000e+00,9.999999999416e-01,5.303799994749e-07,-1.204244566235e-07,-3.165951857637e-08,0.000000000000e+00,0.000000000000e+00,OK,,5.449434095084e-07,-1.829200805793e-07,-5.711689199386e-08,1.829200805793e-07,5.711689199386e-08,1.829200805793e-07,4.858091700000e-11,3.927718800000e-09,3.000000000000e-05,12,1.945670333924e+00,BORIS,L0/dt-1e-12/eps-3e-05/ranks-1,5.449434095084e-07,7.127710087159e-08,R34,1.727000000000e+00,-1.386352384008e+00,-1.278842745208e+00,0.000000000000e+00,0.000000000000e+00,0.000000000000e+00,-7.209431665134e-01,-1.386352387889e+00,0.000000000000e+00,0.000000000000e+00,0.000000000000e+00,0.000000000000e+00,0.000000000000e+00,3.851351831459e+00,1.040676261304e+01,0.000000000000e+00,0.000000000000e+00,0.000000000000e+00,0.000000000000e+00,1.329223262204e+00,3.851351836613e+00,0.000000000000e+00,0.000000000000e+00,4.876309569806e-08,1.827124822640e-07,0.000000000000e+00,0.000000000000e+00,1.000000000000e+00,-9.437714635738e-02,2.993851242905e-13,1.003557461847e-10,0.000000000000e+00,0.000000000000e+00,0.000000000000e+00,1.000000000081e+00,5.527900004410e-07,-1.750087106347e-07,-5.488346618753e-08,0.000000000000e+00,0.000000000000e+00,9.584177004380e-01,8.709534568821e-01,9.972889444663e-01
1.000000000000e-12,OK,,4.732134097907e-07,-2.006354174593e-07,-5.858576200447e-08,2.006354174593e-07,5.858576200447e-08,2.006354174593e-07,1.724790000000e-09,8.776997600000e-09,1.000000000000e-04,0,1,1.000000000000e-04,12,2.175224957988e+00,BORIS,L0/dt-1e-12/eps-0.0001/ranks-1,4.732134097907e-07,6.898428864221e-08,R34,1.954010000000e+00,-1.386352398243e+00,-1.278842787453e+00,0.000000000000e+00,0.000000000000e+00,0.000000000000e+00,-7.209431660919e-01,-1.386352393706e+00,0.000000000000e+00,0.000000000000e+00,0.000000000000e+00,0.000000000000e+00,0.000000000000e+00,3.851351861651e+00,1.040676268477e+01,0.000000000000e+00,0.000000000000e+00,0.000000000000e+00,0.000000000000e+00,1.329223273019e+00,3.851351860526e+00,0.000000000000e+00,0.000000000000e+00,5.480114778769e-08,1.944516087935e-07,0.000000000000e+00,0.000000000000e+00,1.000000000000e+00,-9.437714548844e-02,1.452682932270e-11,8.536434453249e-12,0.000000000000e+00,0.000000000000e+00,0.000000000000e+00,1.000000000041e+00,5.359069998878e-07,-1.921476713834e-07,-7.734171166048e-08,0.000000000000e+00,0.000000000000e+00,OK,,4.958734098892e-07,-1.957440239479e-07,-6.037139055327e-08,1.957440239479e-07,6.037139055327e-08,1.957440239479e-07,1.757577900000e-09,2.708449000000e-09,1.000000000000e-04,12,1.943917790893e+00,BORIS,L0/dt-1e-12/eps-0.0001/ranks-1,4.958734098892e-07,6.957615479465e-08,R34,1.723800000000e+00,-1.386352392305e+00,-1.278842775226e+00,0.000000000000e+00,0.000000000000e+00,0.000000000000e+00,-7.209431682537e-01,-1.386352395277e+00,0.000000000000e+00,0.000000000000e+00,0.000000000000e+00,0.000000000000e+00,0.000000000000e+00,3.851351853829e+00,1.040676266211e+01,0.000000000000e+00,0.000000000000e+00,0.000000000000e+00,0.000000000000e+00,1.329223273018e+00,3.851351860523e+00,0.000000000000e+00,0.000000000000e+00,5.471928352839e-08,1.939971289744e-07,0.000000000000e+00,0.000000000000e+00,1.000000000000e+00,-9.437714200914e-02,-3.642267065168e-11,-3.783467806449e-11,0.000000000000e+00,0.000000000000e+00,0.000000000000e+00,1.000000000011e+00,5.527800013283e-07,-1.748921746294e-07,-5.471557060147e-08,0.000000000000e+00,0.000000000000e+00,9.543028530133e-01,1.024988724625e+00,9.704226036135e-01
1.000000000000e-12,OK,,7.259894845291e-07,-3.070234783529e-07,-8.609911701611e-08,3.070234783529e-07,8.609911701611e-08,3.070234783529e-07,1.602243100000e-08,2.079017600000e-08,3.000000000000e-04,0,1,3.000000000000e-04,12,2.191211707890e+00,BORIS,L0/dt-1e-12/eps-0.0003/ranks-1,7.259894845291e-07,7.580529990279e-08,R12,1.972060000000e+00,-1.386352468810e+00,-1.278843045369e+00,0.000000000000e+00,0.000000000000e+00,0.000000000000e+00,-7.209431828926e-01,-1.386352459421e+00,0.000000000000e+00,0.000000000000e+00,0.000000000000e+00,0.000000000000e+00,0.000000000000e+00,3.851352058309e+00,1.040676311612e+01,0.000000000000e+00,0.000000000000e+00,0.000000000000e+00,0.000000000000e+00,1.329223368087e+00,3.851352070729e+00,0.000000000000e+00,0.000000000000e+00,9.151528401424e-08,3.113652619497e-07,0.000000000000e+00,0.000000000000e+00,9.999999999995e-01,-9.437709383459e-02,-5.581230597287e-14,3.188313101957e-12,0.000000000000e+00,0.000000000000e+00,0.000000000000e+00,9.999999999914e-01,5.303599994733e-07,-1.744656499614e-07,-5.522390285302e-08,0.000000000000e+00,0.000000000000e+00,OK,,7.196444844482e-07,-3.087754955687e-07,-8.933017814337e-08,3.087754955687e-07,8.933017814337e-08,3.087754955687e-07,1.587154300000e-08,2.065522100000e-08,3.000000000000e-04,12,1.950930875028e+00,BORIS,L0/dt-1e-12/eps-0.0003/ranks-1,7.196444844482e-07,7.549541612353e-08,R12,1.728970000000e+00,-1.386352465658e+00,-1.278843039024e+00,0.000000000000e+00,0.000000000000e+00,0.000000000000e+00,-7.209431840017e-01,-1.386352460393e+00,0.000000000000e+00,0.000000000000e+00,0.000000000000e+00,0.000000000000e+00,0.000000000000e+00,3.851352050486e+00,1.040676309346e+01,0.000000000000e+00,0.000000000000e+00,0.000000000000e+00,0.000000000000e+00,1.329223368086e+00,3.851352070728e+00,0.000000000000e+00,0.000000000000e+00,8.704451084542e-08,3.079234669470e-07,0.000000000000e+00,0.000000000000e+00,1.000000000000e+00,-9.437708951499e-02,4.224558291767e-12,1.235605605446e-11,0.000000000000e+00,0.000000000000e+00,0.000000000000e+00,1.000000000007e+00,5.527900004410e-07,-1.749083767236e-07,-5.473530720113e-08,0.000000000000e+00,0.000000000000e+00,1.008816853624e+00,9.943259188603e-01,9.638301277976e-01
1.000000000000e-12,OK,,4.864806591343e-06,-1.594085260378e-06,-4.164607770445e-07,1.594085260378e-06,4.164607770445e-07,1.594085260378e-06,1.764935900000e-07,2.295651900000e-07,1.000000000000e-03,0,1,1.000000000000e-03,12,2.178437917028e+00,BORIS,L0/dt-1e-12/eps-0.001/ranks-1,4.864806591343e-06,6.222136504310e-07,R34,1.959080000000e+00,-1.386353304286e+00,-1.278846047429e+00,0.000000000000e+00,0.000000000000e+00,0.000000000000e+00,-7.209433617109e-01,-1.386353199460e+00,0.000000000000e+00,0.000000000000e+00,0.000000000000e+00,0.000000000000e+00,0.000000000000e+00,3.851354295293e+00,1.040676802279e+01,0.000000000000e+00,0.000000000000e+00,0.000000000000e+00,0.000000000000e+00,1.329224449494e+00,3.851354461807e+00,0.000000000000e+00,0.000000000000e+00,4.441424572332e-07,1.608206571635e-06,0.000000000000e+00,0.000000000000e+00,9.999999999993e-01,-9.437649011058e-02,-1.799226636164e-12,-9.501149561353e-13,0.000000000000e+00,0.000000000000e+00,0.000000000000e+00,9.999999999956e-01,5.304299985909e-07,-1.779695459220e-07,-5.471332916200e-08,0.000000000000e+00,0.000000000000e+00,OK,,4.842146591244e-06,-1.594287688194e-06,-4.185719897364e-07,1.594287688194e-06,4.185719897364e-07,1.594287688194e-06,1.764515100000e-07,2.295265500000e-07,1.000000000000e-03,12,1.958686332917e+00,BORIS,L0/dt-1e-12/eps-0.001/ranks-1,4.842146591244e-06,6.204639606913e-07,R34,1.735980000000e+00,-1.386353299772e+00,-1.278846039488e+00,0.000000000000e+00,0.000000000000e+00,0.000000000000e+00,-7.209433630341e-01,-1.386353201093e+00,0.000000000000e+00,0.000000000000e+00,0.000000000000e+00,0.000000000000e+00,0.000000000000e+00,3.851354287471e+00,1.040676800013e+01,0.000000000000e+00,0.000000000000e+00,0.000000000000e+00,0.000000000000e+00,1.329224449493e+00,3.851354461805e+00,0.000000000000e+00,0.000000000000e+00,4.418418088387e-07,1.607055200669e-06,0.000000000000e+00,0.000000000000e+00,1.000000000000e+00,-9.437648927356e-02,1.612742227662e-12,1.486562811900e-12,0.000000000000e+00,0.000000000000e+00,0.000000000000e+00,9.999999999983e-01,5.527899986646e-07,-1.749302507210e-07,-5.474981487900e-08,0.000000000000e+00,0.000000000000e+00,1.004679742687e+00,9.998730293049e-01,9.949561539146e-01
1.000000000000e-12,OK,,4.800084658996e-05,-1.289567816831e-05,-3.311062323967e-06,1.289567816831e-05,3.311062323967e-06,1.289567816831e-05,1.588051500000e-06,2.065734800000e-06,3.000000000000e-03,0,1,3.000000000000e-03,12,2.147508000024e+00,BORIS,L0/dt-1e-12/eps-0.003/ranks-1,4.800084658996e-05,5.742539527381e-06,R34,1.929500000000e+00,-1.386360636901e+00,-1.278872425547e+00,0.000000000000e+00,0.000000000000e+00,0.000000000000e+00,-7.209449355861e-01,-1.386359711583e+00,0.000000000000e+00,0.000000000000e+00,0.000000000000e+00,0.000000000000e+00,0.000000000000e+00,3.851373961329e+00,1.040681115883e+01,0.000000000000e+00,0.000000000000e+00,0.000000000000e+00,0.000000000000e+00,1.329233956480e+00,3.851375482520e+00,0.000000000000e+00,0.000000000000e+00,3.560933800097e-06,1.302959748346e-05,0.000000000000e+00,0.000000000000e+00,9.999999999995e-01,-9.437121039492e-02,3.154709470441e-13,9.343583379546e-13,0.000000000000e+00,0.000000000000e+00,0.000000000000e+00,1.000000000000e+00,5.304400012562e-07,-1.751791953600e-07,-5.288277267400e-08,0.000000000000e+00,0.000000000000e+00,OK,,4.797818659164e-05,-1.289564700369e-05,-3.312970974330e-06,1.289564700369e-05,3.312970974330e-06,1.289564700369e-05,1.588015000000e-06,2.065699100000e-06,3.000000000000e-03,12,1.943998750066e+00,BORIS,L0/dt-1e-12/eps-0.003/ranks-1,4.797818659164e-05,5.740695634816e-06,R34,1.722280000000e+00,-1.386360632692e+00,-1.278872417324e+00,0.000000000000e+00,0.000000000000e+00,0.000000000000e+00,-7.209449369631e-01,-1.386359712812e+00,0.000000000000e+00,0.000000000000e+00,0.000000000000e+00,0.000000000000e+00,0.000000000000e+00,3.851373953506e+00,1.040681113617e+01,0.000000000000e+00,0.000000000000e+00,0.000000000000e+00,0.000000000000e+00,1.329233956479e+00,3.851375482518e+00,0.000000000000e+00,0.000000000000e+00,3.558456963203e-06,1.302716442887e-05,0.000000000000e+00,0.000000000000e+00,1.000000000000e+00,-9.437121037744e-02,-5.198210321757e-13,-3.241727880065e-13,0.000000000000e+00,0.000000000000e+00,0.000000000000e+00,1.000000000001e+00,5.527899986646e-07,-1.749331878100e-07,-5.475055264300e-08,0.000000000000e+00,0.000000000000e+00,1.000472297932e+00,1.000002416678e+00,9.994238855765e-01
1.000000000000e-12,OK,,5.387389065916e-04,-1.414741119182e-04,-3.624109934325e-05,1.414741119182e-04,3.624109934325e-05,1.414741119182e-04,1.764246700000e-05,2.294910400000e-05,1.000000000000e-02,0,1,1.000000000000e-02,12,2.180659958860e+00,BORIS,L0/dt-1e-12/eps-0.01/ranks-1,5.387389065916e-04,6.402954658715e-05,R34,1.958580000000e+00,-1.386444058798e+00,-1.279172500485e+00,0.000000000000e+00,0.000000000000e+00,0.000000000000e+00,-7.209628426815e-01,-1.386433791488e+00,0.000000000000e+00,0.000000000000e+00,0.000000000000e+00,0.000000000000e+00,0.000000000000e+00,3.851597692451e+00,1.040730189689e+01,0.000000000000e+00,0.000000000000e+00,0.000000000000e+00,0.000000000000e+00,1.329342113263e+00,3.851614625489e+00,0.000000000000e+00,0.000000000000e+00,3.901696538597e-05,1.429471787057e-04,0.000000000000e+00,0.000000000000e+00,9.999999999995e-01,-9.431114946153e-02,-3.167769162317e-15,-3.204310339550e-14,0.000000000000e+00,0.000000000000e+00,0.000000000000e+00,9.999999999999e-01,5.305199994865e-07,-1.752754756000e-07,-5.316781418000e-08,0.000000000000e+00,0.000000000000e+00,OK,,5.387162365906e-04,-1.414740741777e-04,-3.624299001225e-05,1.414740741777e-04,3.624299001225e-05,1.414740741777e-04,1.764247300000e-05,2.294911100000e-05,1.000000000000e-02,12,1.952159250155e+00,BORIS,L0/dt-1e-12/eps-0.01/ranks-1,5.387162365906e-04,6.402769454406e-05,R34,1.733500000000e+00,-1.386444054490e+00,-1.279172492214e+00,0.000000000000e+00,0.000000000000e+00,0.000000000000e+00,-7.209628439905e-01,-1.386433792697e+00,0.000000000000e+00,0.000000000000e+00,0.000000000000e+00,0.000000000000e+00,0.000000000000e+00,3.851597684626e+00,1.040730187422e+01,0.000000000000e+00,0.000000000000e+00,0.000000000000e+00,0.000000000000e+00,1.329342113262e+00,3.851614625486e+00,0.000000000000e+00,0.000000000000e+00,3.901434896292e-05,1.429447680943e-04,0.000000000000e+00,0.000000000000e+00,1.000000000000e+00,-9.431114944134e-02,3.379021949310e-13,4.541156170199e-13,0.000000000000e+00,0.000000000000e+00,0.000000000000e+00,1.000000000000e+00,5.528900004492e-07,-1.749681748000e-07,-5.475954068000e-08,0.000000000000e+00,0.000000000000e+00,1.000042081525e+00,1.000000266766e+00,9.999478335259e-01
1.000000000000e-12,OK,,4.858116836591e-03,-1.273850198984e-03,-3.262278870638e-04,1.273850198984e-03,3.262278870638e-04,1.273850198984e-03,1.586125600000e-04,2.062964800000e-04,3.000000000000e-02,0,1,3.000000000000e-02,12,2.522570958128e+00,BORIS,L0/dt-1e-12/eps-0.03/ranks-1,4.858116836591e-03,5.770318043484e-04,R34,2.246350000000e+00,-1.387178217977e+00,-1.281812659964e+00,0.000000000000e+00,0.000000000000e+00,0.000000000000e+00,-7.211205533978e-01,-1.387085763958e+00,0.000000000000e+00,0.000000000000e+00,0.000000000000e+00,0.000000000000e+00,0.000000000000e+00,3.853566933726e+00,1.041162127482e+01,0.000000000000e+00,0.000000000000e+00,0.000000000000e+00,0.000000000000e+00,1.330294115534e+00,3.853719544572e+00,0.000000000000e+00,0.000000000000e+00,3.510112199725e-04,1.285957972096e-03,0.000000000000e+00,0.000000000000e+00,9.999999999995e-01,-9.378216164565e-02,2.487479880549e-14,4.727888772440e-14,0.000000000000e+00,0.000000000000e+00,0.000000000000e+00,1.000000000000e+00,5.312700004367e-07,-1.753012030001e-07,-5.296074750001e-08,0.000000000000e+00,0.000000000000e+00,OK,,4.858094166591e-03,-1.273850195280e-03,-3.262297832288e-04,1.273850195280e-03,3.262297832288e-04,1.273850195280e-03,1.586125500000e-04,2.062964800000e-04,3.000000000000e-02,12,1.946307000006e+00,BORIS,L0/dt-1e-12/eps-0.03/ranks-1,4.858094166591e-03,5.770299556351e-04,R34,1.728400000000e+00,-1.387178213735e+00,-1.281812651784e+00,0.000000000000e+00,0.000000000000e+00,0.000000000000e+00,-7.211205547216e-01,-1.387085765169e+00,0.000000000000e+00,0.000000000000e+00,0.000000000000e+00,0.000000000000e+00,0.000000000000e+00,3.853566925905e+00,1.041162125215e+01,0.000000000000e+00,0.000000000000e+00,0.000000000000e+00,0.000000000000e+00,1.330294115538e+00,3.853719544581e+00,0.000000000000e+00,0.000000000000e+00,3.510085928383e-04,1.285955507057e-03,0.000000000000e+00,0.000000000000e+00,1.000000000000e+00,-9.378216167818e-02,-3.348660843643e-14,4.574517166369e-15,0.000000000000e+00,0.000000000000e+00,0.000000000000e+00,1.000000000000e+00,5.536399996231e-07,-1.752987610001e-07,-5.486034539999e-08,0.000000000000e+00,0.000000000000e+00,1.000004666439e+00,1.000000002908e+00,9.999941876398e-01
1.000000000000e-12,OK,,5.465719153659e-02,-1.441421257673e-02,-3.688126115202e-03,1.441421257673e-02,3.688126115202e-03,1.441421257673e-02,1.741137300000e-03,2.261020400000e-03,1.000000000000e-01,0,1,1.000000000000e-01,12,2.442720667226e+00,BORIS,L0/dt-1e-12/eps-0.1/ranks-1,5.465719153659e-02,6.487572568100e-03,R34,2.194070000000e+00,-1.395629206062e+00,-1.312118422042e+00,0.000000000000e+00,0.000000000000e+00,0.000000000000e+00,-7.229510769216e-01,-1.394594207012e+00,0.000000000000e+00,0.000000000000e+00,0.000000000000e+00,0.000000000000e+00,0.000000000000e+00,3.876271669960e+00,1.046142034952e+01,0.000000000000e+00,0.000000000000e+00,0.000000000000e+00,0.000000000000e+00,1.341273665674e+00,3.877991524181e+00,0.000000000000e+00,0.000000000000e+00,3.937689001742e-03,1.440007815444e-02,0.000000000000e+00,0.000000000000e+00,9.999999999995e-01,-8.763884335345e-02,3.026814527610e-15,-1.081995176628e-14,0.000000000000e+00,0.000000000000e+00,0.000000000000e+00,1.000000000000e+00,5.415799986253e-07,-1.793833599995e-07,-5.417128500027e-08,0.000000000000e+00,0.000000000000e+00,OK,,5.465716869659e-02,-1.441421255250e-02,-3.688128053461e-03,1.441421255250e-02,3.688128053461e-03,1.441421255250e-02,1.741137300000e-03,2.261020300000e-03,1.000000000000e-01,12,1.934014792088e+00,BORIS,L0/dt-1e-12/eps-0.1/ranks-1,5.465716869659e-02,6.487570706109e-03,R34,1.710580000000e+00,-1.395629201815e+00,-1.312118413840e+00,0.000000000000e+00,0.000000000000e+00,0.000000000000e+00,-7.229510782538e-01,-1.394594208267e+00,0.000000000000e+00,0.000000000000e+00,0.000000000000e+00,0.000000000000e+00,0.000000000000e+00,3.876271662068e+00,1.046142032668e+01,0.000000000000e+00,0.000000000000e+00,0.000000000000e+00,0.000000000000e+00,1.341273665673e+00,3.877991524163e+00,0.000000000000e+00,0.000000000000e+00,3.937686352311e-03,1.440007565840e-02,0.000000000000e+00,0.000000000000e+00,1.000000000000e+00,-8.763884339388e-02,-1.123911104030e-14,-2.304650870139e-14,0.000000000000e+00,0.000000000000e+00,0.000000000000e+00,1.000000000000e+00,5.641799987188e-07,-1.794733799996e-07,-5.612239200019e-08,0.000000000000e+00,0.000000000000e+00,1.000000417877e+00,1.000000001681e+00,9.999994744600e-01
3.000000000000e-12,OK,,4.792633408357e-06,-1.620979968495e-06,-5.338244534997e-07,1.620979968495e-06,5.338244534997e-07,1.620979968495e-06,6.445701100000e-09,3.163721300000e-06,1.000000000000e-06,0,1,1.000000000000e-06,12,1.293901582947e+00,BORIS,L0/dt-3e-12/eps-1e-06/ranks-1,4.792633408357e-06,7.457420235103e-07,R34,1.071930000000e+00,-1.386353432746e+00,-1.278846200080e+00,0.000000000000e+00,0.000000000000e+00,0.000000000000e+00,-7.209435015745e-01,-1.386353448925e+00,0.000000000000e+00,0.000000000000e+00,0.000000000000e+00,0.000000000000e+00,0.000000000000e+00,3.851349720456e+00,1.040675836535e+01,0.000000000000e+00,0.000000000000e+00,0.000000000000e+00,0.000000000000e+00,1.329222231334e+00,3.851349696092e+00,0.000000000000e+00,0.000000000000e+00,-2.735143343446e-06,3.364406200809e-06,0.000000000000e+00,0.000000000000e+00,9.999999999809e-01,-9.437464561612e-02,-1.309645141265e-10,5.683366403940e-10,0.000000000000e+00,0.000000000000e+00,0.000000000000e+00,1.000000000930e+00,1.078302321617e-05,6.368208150852e-06,2.637891241967e-07,0.000000000000e+00,0.000000000000e+00,OK,,5.016963410043e-06,-1.591236024245e-06,-4.992387526786e-07,1.591236024245e-06,4.992387526786e-07,1.591236024245e-06,2.091885900000e-09,3.114771400000e-06,1.000000000000e-06,12,1.138793000020e+00,BORIS,L0/dt-3e-12/eps-1e-06/ranks-1,5.016963410043e-06,7.482108562133e-07,R34,9.171460000000e-01,-1.386353391714e+00,-1.278846071429e+00,0.000000000000e+00,0.000000000000e+00,0.000000000000e+00,-7.209435125451e-01,-1.386353428083e+00,0.000000000000e+00,0.000000000000e+00,0.000000000000e+00,0.000000000000e+00,0.000000000000e+00,3.851349639500e+00,1.040675814102e+01,0.000000000000e+00,0.000000000000e+00,0.000000000000e+00,0.000000000000e+00,1.329222226569e+00,3.851349686727e+00,0.000000000000e+00,0.000000000000e+00,-2.659789063415e-06,3.381064745378e-06,0.000000000000e+00,0.000000000000e+00,1.000000000000e+00,-9.437475620187e-02,9.282505729518e-10,1.840247404163e-10,0.000000000000e+00,0.000000000000e+00,0.000000000000e+00,9.999999995122e-01,5.019960001462e-06,-1.588438137652e-06,-5.042612190029e-07,0.000000000000e+00,0.000000000000e+00,9.552857010603e-01,1.018692352232e+00,1.069276875314e+00
3.000000000000e-12,OK,,4.792593408354e-06,-1.598898548994e-06,-4.423415579645e-07,1.598898548994e-06,4.423415579645e-07,1.598898548994e-06,4.415717100000e-09,1.103920200000e-06,3.000000000000e-06,0,1,3.000000000000e-06,12,1.267742333002e+00,BORIS,L0/dt-3e-12/eps-3e-06/ranks-1,4.792593408354e-06,6.496431674189e-07,R34,1.048650000000e+00,-1.386353446321e+00,-1.278846136726e+00,0.000000000000e+00,0.000000000000e+00,0.000000000000e+00,-7.209434995332e-01,-1.386353393218e+00,0.000000000000e+00,0.000000000000e+00,0.000000000000e+00,0.000000000000e+00,0.000000000000e+00,3.851349720476e+00,1.040675836539e+01,0.000000000000e+00,0.000000000000e+00,0.000000000000e+00,0.000000000000e+00,1.329222231343e+00,3.851349696112e+00,0.000000000000e+00,0.000000000000e+00,-5.644089474506e-07,2.186907267409e-06,0.000000000000e+00,0.000000000000e+00,1.000000000002e+00,-9.437607853778e-02,-3.971960633492e-10,9.515825689911e-11,0.000000000000e+00,0.000000000000e+00,0.000000000000e+00,1.000000000173e+00,5.881912999994e-06,-1.733309572129e-06,-1.415815897529e-06,0.000000000000e+00,0.000000000000e+00,OK,,5.015833409061e-06,-1.591447186725e-06,-4.980301540633e-07,1.591447186725e-06,4.980301540633e-07,1.591447186725e-06,3.406047700000e-10,1.038437500000e-06,3.000000000000e-06,12,1.133611290948e+00,BORIS,L0/dt-3e-12/eps-3e-06/ranks-1,5.015833409061e-06,6.624965054010e-07,R34,9.131760000000e-01,-1.386353391877e+00,-1.278846070886e+00,0.000000000000e+00,0.000000000000e+00,0.000000000000e+00,-7.209435123926e-01,-1.386353428664e+00,0.000000000000e+00,0.000000000000e+00,0.000000000000e+00,0.000000000000e+00,0.000000000000e+00,3.851349640017e+00,1.040675814215e+01,0.000000000000e+00,0.000000000000e+00,0.000000000000e+00,0.000000000000e+00,1.329222226833e+00,3.851349687316e+00,0.000000000000e+00,0.000000000000e+00,-5.815207421691e-07,2.173295705729e-06,0.000000000000e+00,0.000000000000e+00,1.000000000000e+00,-9.437591504156e-02,-2.012316762502e-10,-2.268331860418e-10,0.000000000000e+00,0.000000000000e+00,0.000000000000e+00,9.999999996444e-01,5.018870000484e-06,-1.584412494181e-06,-4.961208964490e-07,0.000000000000e+00,0.000000000000e+00,9.554929395574e-01,1.004682129782e+00,8.881822804414e-01
3.000000000000e-12,OK,,4.792103409201e-06,-1.616765430918e-06,-4.761120175036e-07,1.616765430918e-06,4.761120175036e-07,1.616765430918e-06,1.312585600000e-10,3.484576800000e-07,1.000000000000e-05,0,1,1.000000000000e-05,12,1.290950417053e+00,BORIS,L0/dt-3e-12/eps-1e-05/ranks-1,4.792103409201e-06,6.379920257698e-07,R34,1.070250000000e+00,-1.386353446476e+00,-1.278846162936e+00,0.000000000000e+00,0.000000000000e+00,0.000000000000e+00,-7.209434964585e-01,-1.386353407238e+00,0.000000000000e+00,0.000000000000e+00,0.000000000000e+00,0.000000000000e+00,0.000000000000e+00,3.851349720699e+00,1.040675836588e+01,0.000000000000e+00,0.000000000000e+00,0.000000000000e+00,0.000000000000e+00,1.329222231452e+00,3.851349696352e+00,0.000000000000e+00,0.000000000000e+00,1.570879292317e-07,1.742160898174e-06,0.000000000000e+00,0.000000000000e+00,9.999999999995e-01,-9.437631334221e-02,-9.138067344519e-11,-5.985962868873e-11,0.000000000000e+00,0.000000000000e+00,0.000000000000e+00,1.000000000028e+00,4.795900000687e-06,-1.508635648573e-06,-6.079821848354e-07,0.000000000000e+00,0.000000000000e+00,OK,,5.015343409909e-06,-1.591367386551e-06,-4.983122381943e-07,1.591367386551e-06,4.983122381943e-07,1.591367386551e-06,1.367913600000e-10,3.112369500000e-07,1.000000000000e-05,12,1.142763459124e+00,BORIS,L0/dt-3e-12/eps-1e-05/ranks-1,5.015343409909e-06,6.475532037753e-07,R34,9.230700000000e-01,-1.386353391895e+00,-1.278846070935e+00,0.000000000000e+00,0.000000000000e+00,0.000000000000e+00,-7.209435122845e-01,-1.386353428440e+00,0.000000000000e+00,0.000000000000e+00,0.000000000000e+00,0.000000000000e+00,0.000000000000e+00,3.851349640241e+00,1.040675814264e+01,0.000000000000e+00,0.000000000000e+00,0.000000000000e+00,0.000000000000e+00,1.329222226941e+00,3.851349687555e+00,0.000000000000e+00,0.000000000000e+00,1.452049761668e-07,1.750367602703e-06,0.000000000000e+00,0.000000000000e+00,1.000000000000e+00,-9.437632218738e-02,7.630932852287e-11,-3.549163717006e-13,0.000000000000e+00,0.000000000000e+00,0.000000000000e+00,1.000000000027e+00,5.018870000484e-06,-1.584051500118e-06,-4.961320116110e-07,0.000000000000e+00,0.000000000000e+00,9.554885912165e-01,1.015959887441e+00,9.554491762612e-01
3.000000000000e-12,OK,,4.786763408759e-06,-1.593368472705e-06,-4.804419153327e-07,1.593368472705e-06,4.804419153327e-07,1.593368472705e-06,6.798582800000e-10,1.028756500000e-07,3.000000000000e-05,0,1,3.000000000000e-05,12,1.277760541998e+00,BORIS,L0/dt-3e-12/eps-3e-05/ranks-1,4.786763408759e-06,6.343161459601e-07,R34,1.059190000000e+00,-1.386353427654e+00,-1.278846145414e+00,0.000000000000e+00,0.000000000000e+00,0.000000000000e+00,-7.209435002885e-01,-1.386353419945e+00,0.000000000000e+00,0.000000000000e+00,0.000000000000e+00,0.000000000000e+00,0.000000000000e+00,3.851349723164e+00,1.040675837122e+01,0.000000000000e+00,0.000000000000e+00,0.000000000000e+00,0.000000000000e+00,1.329222232657e+00,3.851349698976e+00,0.000000000000e+00,0.000000000000e+00,3.797926258905e-07,1.659456571416e-06,0.000000000000e+00,0.000000000000e+00,9.999999999995e-01,-9.437645031545e-02,-2.042248112082e-11,-6.048032987178e-12,0.000000000000e+00,0.000000000000e+00,0.000000000000e+00,9.999999999978e-01,4.794859998825e-06,-1.554478052815e-06,-4.551393889813e-07,0.000000000000e+00,0.000000000000e+00,OK,,5.011103409558e-06,-1.592367743296e-06,-4.985368499692e-07,1.592367743296e-06,4.985368499692e-07,1.592367743296e-06,2.012940900000e-10,1.036636400000e-07,3.000000000000e-05,12,1.137683375040e+00,BORIS,L0/dt-3e-12/eps-3e-05/ranks-1,5.011103409558e-06,6.447499788967e-07,R34,9.214750000000e-01,-1.386353392891e+00,-1.278846073516e+00,0.000000000000e+00,0.000000000000e+00,0.000000000000e+00,-7.209435127426e-01,-1.386353429193e+00,0.000000000000e+00,0.000000000000e+00,0.000000000000e+00,0.000000000000e+00,0.000000000000e+00,3.851349642207e+00,1.040675814688e+01,0.000000000000e+00,0.000000000000e+00,0.000000000000e+00,0.000000000000e+00,1.329222227891e+00,3.851349689610e+00,0.000000000000e+00,0.000000000000e+00,3.531968152808e-07,1.630712089244e-06,0.000000000000e+00,0.000000000000e+00,1.000000000000e+00,-9.437643764367e-02,-1.605922485590e-11,-1.085356976818e-10,0.000000000000e+00,0.000000000000e+00,0.000000000000e+00,1.000000000020e+00,5.018950000490e-06,-1.584456373351e-06,-4.963034241629e-07,0.000000000000e+00,0.000000000000e+00,9.552314166235e-01,1.000628453706e+00,9.637039174985e-01
3.000000000000e-12,OK,,4.737783410036e-06,-1.604238463349e-06,-4.852085537500e-07,1.604238463349e-06,4.852085537500e-07,1.604238463349e-06,1.921538400000e-09,2.799860900000e-08,1.000000000000e-04,0,1,1.000000000000e-04,12,1.255176333012e+00,BORIS,L0/dt-3e-12/eps-0.0001/ranks-1,4.737783410036e-06,6.318690014040e-07,R34,1.034560000000e+00,-1.386353438872e+00,-1.278846177111e+00,0.000000000000e+00,0.000000000000e+00,0.000000000000e+00,-7.209435021424e-01,-1.386353425729e+00,0.000000000000e+00,0.000000000000e+00,0.000000000000e+00,0.000000000000e+00,0.000000000000e+00,3.851349745532e+00,1.040675842020e+01,0.000000000000e+00,0.000000000000e+00,0.000000000000e+00,0.000000000000e+00,1.329222243471e+00,3.851349722839e+00,0.000000000000e+00,0.000000000000e+00,4.558974535186e-07,1.627546197574e-06,0.000000000000e+00,0.000000000000e+00,1.000000000000e+00,-9.437646943764e-02,-1.391860451041e-11,-1.376163054342e-11,0.000000000000e+00,0.000000000000e+00,0.000000000000e+00,1.000000000003e+00,4.794990001500e-06,-1.595750717273e-06,-5.039645034060e-07,0.000000000000e+00,0.000000000000e+00,OK,,4.963053410023e-06,-1.605215452866e-06,-5.018562433957e-07,1.605215452866e-06,5.018562433957e-07,1.605215452866e-06,1.770432900000e-09,3.212720200000e-08,1.000000000000e-04,12,1.129521084018e+00,BORIS,L0/dt-3e-12/eps-0.0001/ranks-1,4.963053410023e-06,6.420990081912e-07,R34,9.102150000000e-01,-1.386353401175e+00,-1.278846103457e+00,0.000000000000e+00,0.000000000000e+00,0.000000000000e+00,-7.209435145351e-01,-1.386353436610e+00,0.000000000000e+00,0.000000000000e+00,0.000000000000e+00,0.000000000000e+00,0.000000000000e+00,3.851349664079e+00,1.040675819493e+01,0.000000000000e+00,0.000000000000e+00,0.000000000000e+00,0.000000000000e+00,1.329222238451e+00,3.851349713000e+00,0.000000000000e+00,0.000000000000e+00,4.293915062598e-07,1.601395220641e-06,0.000000000000e+00,0.000000000000e+00,1.000000000000e+00,-9.437647228437e-02,9.031349815692e-12,-1.595970505310e-11,0.000000000000e+00,0.000000000000e+00,0.000000000000e+00,9.999999999999e-01,5.019960001462e-06,-1.584363603547e-06,-4.962004234439e-07,0.000000000000e+00,0.000000000000e+00,9.546106033169e-01,9.993913654922e-01,9.668277721663e-01
3.000000000000e-12,OK,,4.307443409957e-06,-1.718150563664e-06,-5.137244662704e-07,1.718150563664e-06,5.137244662704e-07,1.718150563664e-06,1.597523100000e-08,2.135964100000e-08,3.000000000000e-04,0,1,3.000000000000e-04,12,1.212992165936e+00,BORIS,L0/dt-3e-12/eps-0.0003/ranks-1,4.307443409957e-06,6.175692252522e-07,R34,9.951310000000e-01,-1.386353512042e+00,-1.278846440820e+00,0.000000000000e+00,0.000000000000e+00,0.000000000000e+00,-7.209435179175e-01,-1.386353490999e+00,0.000000000000e+00,0.000000000000e+00,0.000000000000e+00,0.000000000000e+00,0.000000000000e+00,3.851349941693e+00,1.040675885054e+01,0.000000000000e+00,0.000000000000e+00,0.000000000000e+00,0.000000000000e+00,1.329222338285e+00,3.851349932522e+00,0.000000000000e+00,0.000000000000e+00,5.051262799628e-07,1.726004376796e-06,0.000000000000e+00,0.000000000000e+00,1.000000000000e+00,-9.437643001310e-02,-1.350956958118e-12,1.152963264722e-12,0.000000000000e+00,0.000000000000e+00,0.000000000000e+00,9.999999999918e-01,4.795940000690e-06,-1.585592735272e-06,-4.828492521073e-07,0.000000000000e+00,0.000000000000e+00,OK,,4.531703408972e-06,-1.718257242372e-06,-5.308133886885e-07,1.718257242372e-06,5.308133886885e-07,1.718257242372e-06,1.587550300000e-08,2.163027500000e-08,3.000000000000e-04,12,1.106834208826e+00,BORIS,L0/dt-3e-12/eps-0.0003/ranks-1,4.531703408972e-06,6.265294433848e-07,R34,8.872140000000e-01,-1.386353474508e+00,-1.278846367266e+00,0.000000000000e+00,0.000000000000e+00,0.000000000000e+00,-7.209435302800e-01,-1.386353501754e+00,0.000000000000e+00,0.000000000000e+00,0.000000000000e+00,0.000000000000e+00,0.000000000000e+00,3.851349860737e+00,1.040675862628e+01,0.000000000000e+00,0.000000000000e+00,0.000000000000e+00,0.000000000000e+00,1.329222333519e+00,3.851349923204e+00,0.000000000000e+00,0.000000000000e+00,4.812413065548e-07,1.703468430811e-06,0.000000000000e+00,0.000000000000e+00,1.000000000000e+00,-9.437643113624e-02,-1.329554070606e-12,-1.578387365961e-12,0.000000000000e+00,0.000000000000e+00,0.000000000000e+00,9.999999999964e-01,5.019970000575e-06,-1.584390123527e-06,-4.962185177463e-07,0.000000000000e+00,0.000000000000e+00,9.505130899407e-01,9.999379145885e-01,9.678061579036e-01
3.000000000000e-12,OK,,7.121815484457e-06,-3.004058664807e-06,-8.427249115620e-07,3.004058664807e-06,8.427249115620e-07,3.004058664807e-06,1.764976300000e-07,2.295741000000e-07,1.000000000000e-03,0,1,1.000000000000e-03,12,1.278479625005e+00,BORIS,L0/dt-3e-12/eps-0.001/ranks-1,7.121815484457e-06,7.418032138249e-07,R12,1.056690000000e+00,-1.386354346398e+00,-1.278849441195e+00,0.000000000000e+00,0.000000000000e+00,0.000000000000e+00,-7.209436970440e-01,-1.386354231526e+00,0.000000000000e+00,0.000000000000e+00,0.000000000000e+00,0.000000000000e+00,0.000000000000e+00,3.851352179172e+00,1.040676375830e+01,0.000000000000e+00,0.000000000000e+00,0.000000000000e+00,0.000000000000e+00,1.329223419944e+00,3.851352324164e+00,0.000000000000e+00,0.000000000000e+00,8.644871770975e-07,3.019353111681e-06,0.000000000000e+00,0.000000000000e+00,1.000000000000e+00,-9.437583593029e-02,-1.046699409585e-12,-2.662380687774e-12,0.000000000000e+00,0.000000000000e+00,0.000000000000e+00,9.999999999993e-01,4.794919998830e-06,-1.587942950351e-06,-4.809774636795e-07,0.000000000000e+00,0.000000000000e+00,OK,,7.048341484461e-06,-3.003762200058e-06,-8.600417340520e-07,3.003762200058e-06,8.600417340520e-07,3.003762200058e-06,1.764501200000e-07,2.295271700000e-07,1.000000000000e-03,12,1.139759541024e+00,BORIS,L0/dt-3e-12/eps-0.001/ranks-1,7.048341484461e-06,7.348326702143e-07,R12,9.176340000000e-01,-1.386354308610e+00,-1.278849367721e+00,0.000000000000e+00,0.000000000000e+00,0.000000000000e+00,-7.209437093043e-01,-1.386354242449e+00,0.000000000000e+00,0.000000000000e+00,0.000000000000e+00,0.000000000000e+00,0.000000000000e+00,3.851352097717e+00,1.040676353294e+01,0.000000000000e+00,0.000000000000e+00,0.000000000000e+00,0.000000000000e+00,1.329223414924e+00,3.851352314277e+00,0.000000000000e+00,0.000000000000e+00,8.402950835852e-07,2.996836803017e-06,0.000000000000e+00,0.000000000000e+00,1.000000000000e+00,-9.437583613468e-02,-8.610805121300e-13,-3.683235263315e-12,0.000000000000e+00,0.000000000000e+00,0.000000000000e+00,1.000000000000e+00,5.019979999688e-06,-1.584404762585e-06,-4.962195591946e-07,0.000000000000e+00,0.000000000000e+00,1.010424296291e+00,1.000098697809e+00,9.798651369993e-01
3.000000000000e-12,OK,,4.373526659052e-05,-1.430549048668e-05,-3.736974209714e-06,1.430549048668e-05,3.736974209714e-06,1.430549048668e-05,1.587918200000e-06,2.065685100000e-06,3.000000000000e-03,0,1,3.000000000000e-03,12,1.240783458110e+00,BORIS,L0/dt-3e-12/eps-0.003/ranks-1,4.373526659052e-05,5.592237883066e-06,R34,1.022810000000e+00,-1.386361679619e+00,-1.278875819477e+00,0.000000000000e+00,0.000000000000e+00,0.000000000000e+00,-7.209452709602e-01,-1.386360743208e+00,0.000000000000e+00,0.000000000000e+00,0.000000000000e+00,0.000000000000e+00,0.000000000000e+00,3.851371844676e+00,1.040680689325e+01,0.000000000000e+00,0.000000000000e+00,0.000000000000e+00,0.000000000000e+00,1.329232926660e+00,3.851373344324e+00,0.000000000000e+00,0.000000000000e+00,3.985768748888e-06,1.443980096967e-05,0.000000000000e+00,0.000000000000e+00,1.000000000000e+00,-9.437055683944e-02,-4.152484365487e-14,1.463165918963e-13,0.000000000000e+00,0.000000000000e+00,0.000000000000e+00,1.000000000000e+00,4.796020000697e-06,-1.584991513730e-06,-4.787946584210e-07,0.000000000000e+00,0.000000000000e+00,OK,,4.351195659069e-05,-1.430515182656e-05,-3.754450609625e-06,1.430515182656e-05,3.754450609625e-06,1.430515182656e-05,1.588093500000e-06,2.065699700000e-06,3.000000000000e-03,12,1.120602667099e+00,BORIS,L0/dt-3e-12/eps-0.003/ranks-1,4.351195659069e-05,5.574499266795e-06,R34,9.006440000000e-01,-1.386361641542e+00,-1.278875745592e+00,0.000000000000e+00,0.000000000000e+00,0.000000000000e+00,-7.209452832345e-01,-1.386360754175e+00,0.000000000000e+00,0.000000000000e+00,0.000000000000e+00,0.000000000000e+00,0.000000000000e+00,3.851371764219e+00,1.040680666994e+01,0.000000000000e+00,0.000000000000e+00,0.000000000000e+00,0.000000000000e+00,1.329232922150e+00,3.851373335482e+00,0.000000000000e+00,0.000000000000e+00,3.961444135584e-06,1.441713886752e-05,0.000000000000e+00,0.000000000000e+00,1.000000000000e+00,-9.437055693587e-02,-4.316297426947e-13,-2.418495543733e-13,0.000000000000e+00,0.000000000000e+00,0.000000000000e+00,9.999999999999e-01,5.019019999608e-06,-1.584438010680e-06,-4.962301879380e-07,0.000000000000e+00,0.000000000000e+00,1.005132152570e+00,1.000023673997e+00,9.953451512010e-01
3.000000000000e-12,OK,,5.344725965912e-04,-1.428841514501e-04,-3.666715143974e-05,1.428841514501e-04,3.666715143974e-05,1.428841514501e-04,1.764235700000e-05,2.294911400000e-05,1.000000000000e-02,0,1,1.000000000000e-02,12,1.231467082864e+00,BORIS,L0/dt-3e-12/eps-0.01/ranks-1,5.344725965912e-04,6.385008669643e-05,R34,1.010870000000e+00,-1.386445101504e+00,-1.279175894674e+00,0.000000000000e+00,0.000000000000e+00,0.000000000000e+00,-7.209631780405e-01,-1.386434823202e+00,0.000000000000e+00,0.000000000000e+00,0.000000000000e+00,0.000000000000e+00,0.000000000000e+00,3.851595575423e+00,1.040729763058e+01,0.000000000000e+00,0.000000000000e+00,0.000000000000e+00,0.000000000000e+00,1.329341083261e+00,3.851612486938e+00,0.000000000000e+00,0.000000000000e+00,3.944276875641e-05,1.443571628446e-04,0.000000000000e+00,0.000000000000e+00,1.000000000000e+00,-9.431049711969e-02,-3.052809418781e-14,-9.249474017864e-14,0.000000000000e+00,0.000000000000e+00,0.000000000000e+00,9.999999999999e-01,4.796829999876e-06,-1.585315007500e-06,-4.792199106700e-07,0.000000000000e+00,0.000000000000e+00,OK,,5.342482365904e-04,-1.428838865913e-04,-3.668456207012e-05,1.428838865913e-04,3.668456207012e-05,1.428838865913e-04,1.764242000000e-05,2.294908900000e-05,1.000000000000e-02,12,1.114587209187e+00,BORIS,L0/dt-3e-12/eps-0.01/ranks-1,5.342482365904e-04,6.383172174960e-05,R34,8.912390000000e-01,-1.386445063491e+00,-1.279175820876e+00,0.000000000000e+00,0.000000000000e+00,0.000000000000e+00,-7.209631903072e-01,-1.386434834175e+00,0.000000000000e+00,0.000000000000e+00,0.000000000000e+00,0.000000000000e+00,0.000000000000e+00,3.851595494458e+00,1.040729740622e+01,0.000000000000e+00,0.000000000000e+00,0.000000000000e+00,0.000000000000e+00,1.329341078494e+00,3.851612477565e+00,0.000000000000e+00,0.000000000000e+00,3.941846286175e-05,1.443345707709e-04,0.000000000000e+00,0.000000000000e+00,1.000000000000e+00,-9.431049722401e-02,-3.309366464006e-14,-1.801195685052e-13,0.000000000000e+00,0.000000000000e+00,0.000000000000e+00,9.999999999997e-01,5.020890000651e-06,-1.584780588400e-06,-4.963315985500e-07,0.000000000000e+00,0.000000000000e+00,1.000419954593e+00,1.000001853665e+00,9.995253962594e-01
3.000000000000e-12,OK,,4.853844046592e-03,-1.275262981596e-03,-3.266547200081e-04,1.275262981596e-03,3.266547200081e-04,1.275262981596e-03,1.586119100000e-04,2.062962800000e-04,3.000000000000e-02,0,1,3.000000000000e-02,12,1.428282541921e+00,BORIS,L0/dt-3e-12/eps-0.03/ranks-1,4.853844046592e-03,5.768494778282e-04,R34,1.166020000000e+00,-1.387179262072e+00,-1.281816057743e+00,0.000000000000e+00,0.000000000000e+00,0.000000000000e+00,-7.211208891505e-01,-1.387086796652e+00,0.000000000000e+00,0.000000000000e+00,0.000000000000e+00,0.000000000000e+00,0.000000000000e+00,3.853564813379e+00,1.041161700203e+01,0.000000000000e+00,0.000000000000e+00,0.000000000000e+00,0.000000000000e+00,1.330293083914e+00,3.853717402859e+00,0.000000000000e+00,0.000000000000e+00,3.514374513229e-04,1.287369300930e-03,0.000000000000e+00,0.000000000000e+00,1.000000000000e+00,-9.378150827084e-02,1.720893709650e-14,5.158652681218e-14,0.000000000000e+00,0.000000000000e+00,0.000000000000e+00,1.000000000000e+00,4.804059999586e-06,-1.588083815000e-06,-4.797936918000e-07,0.000000000000e+00,0.000000000000e+00,OK,,4.853619466591e-03,-1.275262712669e-03,-3.266721667373e-04,1.275262712669e-03,3.266721667373e-04,1.275262712669e-03,1.586120700000e-04,2.062962600000e-04,3.000000000000e-02,12,1.100363375153e+00,BORIS,L0/dt-3e-12/eps-0.03/ranks-1,4.853619466591e-03,5.768310565127e-04,R34,8.797140000000e-01,-1.387179224048e+00,-1.281815983924e+00,0.000000000000e+00,0.000000000000e+00,0.000000000000e+00,-7.211209014255e-01,-1.387086807651e+00,0.000000000000e+00,0.000000000000e+00,0.000000000000e+00,0.000000000000e+00,0.000000000000e+00,3.853564732345e+00,1.041161677745e+01,0.000000000000e+00,0.000000000000e+00,0.000000000000e+00,0.000000000000e+00,1.330293079137e+00,3.853717393417e+00,0.000000000000e+00,0.000000000000e+00,3.514131194995e-04,1.287346644902e-03,0.000000000000e+00,0.000000000000e+00,1.000000000000e+00,-9.378150838326e-02,4.186433000241e-14,9.230458486956e-15,0.000000000000e+00,0.000000000000e+00,0.000000000000e+00,1.000000000000e+00,5.028340000379e-06,-1.587816150000e-06,-4.972438539000e-07,0.000000000000e+00,0.000000000000e+00,1.000046270624e+00,1.000000210880e+00,9.999465925445e-01
3.000000000000e-12,OK,,5.465282916659e-02,-1.441565919962e-02,-3.688562817919e-03,1.441565919962e-02,3.688562817919e-03,1.441565919962e-02,1.741132000000e-03,2.261018400000e-03,1.000000000000e-01,0,1,1.000000000000e-01,12,1.434666584013e+00,BORIS,L0/dt-3e-12/eps-0.1/ranks-1,5.465282916659e-02,6.487384442663e-03,R34,1.192290000000e+00,-1.395630266290e+00,-1.312121865135e+00,0.000000000000e+00,0.000000000000e+00,0.000000000000e+00,-7.229514174001e-01,-1.394595252640e+00,0.000000000000e+00,0.000000000000e+00,0.000000000000e+00,0.000000000000e+00,0.000000000000e+00,3.876269504894e+00,1.046141598715e+01,0.000000000000e+00,0.000000000000e+00,0.000000000000e+00,0.000000000000e+00,1.341272612115e+00,3.877989338224e+00,0.000000000000e+00,0.000000000000e+00,3.938122109003e-03,1.440150833347e-02,0.000000000000e+00,0.000000000000e+00,1.000000000000e+00,-8.763817462901e-02,-2.327579706535e-15,-6.515640916974e-15,0.000000000000e+00,0.000000000000e+00,0.000000000000e+00,1.000000000000e+00,4.903949999857e-06,-1.626006250000e-06,-4.908740020002e-07,0.000000000000e+00,0.000000000000e+00,OK,,5.465260333659e-02,-1.441565871824e-02,-3.688580619035e-03,1.441565871824e-02,3.688580619035e-03,1.441565871824e-02,1.741131600000e-03,2.261018300000e-03,1.000000000000e-01,12,1.103757750010e+00,BORIS,L0/dt-3e-12/eps-0.1/ranks-1,5.465260333659e-02,6.487365903608e-03,R34,8.843210000000e-01,-1.395630228194e+00,-1.312121790957e+00,0.000000000000e+00,0.000000000000e+00,0.000000000000e+00,-7.229514298051e-01,-1.394595263980e+00,0.000000000000e+00,0.000000000000e+00,0.000000000000e+00,0.000000000000e+00,0.000000000000e+00,3.876269423055e+00,1.046141576132e+01,0.000000000000e+00,0.000000000000e+00,0.000000000000e+00,0.000000000000e+00,1.341272607217e+00,3.877989328822e+00,0.000000000000e+00,0.000000000000e+00,3.938097636810e-03,1.440148515321e-02,0.000000000000e+00,0.000000000000e+00,1.000000000000e+00,-8.763817504159e-02,5.708716035393e-15,1.453696769606e-14,0.000000000000e+00,0.000000000000e+00,0.000000000000e+00,1.000000000000e+00,5.129539999871e-06,-1.625639120000e-06,-5.086879659999e-07,0.000000000000e+00,0.000000000000e+00,1.000004132100e+00,1.000000033393e+00,9.999951739930e-01
1.000000000000e-11,OK,,5.334340341001e-05,-1.753355522152e-05,-5.324623422467e-06,1.753355522152e-05,5.324623422467e-06,1.753355522152e-05,5.374036700000e-09,3.083197700000e-08,1.000000000000e-06,0,1,1.000000000000e-06,12,1.063188415952e+00,BORIS,L0/dt-1e-11/eps-1e-06/ranks-1,5.334340341001e-05,7.030909677380e-06,R34,8.454450000000e-01,-1.386365268282e+00,-1.278884638251e+00,0.000000000000e+00,0.000000000000e+00,0.000000000000e+00,-7.209472809347e-01,-1.386365080418e+00,0.000000000000e+00,0.000000000000e+00,0.000000000000e+00,0.000000000000e+00,0.000000000000e+00,3.851325615070e+00,1.040670981458e+01,0.000000000000e+00,0.000000000000e+00,0.000000000000e+00,0.000000000000e+00,1.329210510676e+00,3.851325374580e+00,0.000000000000e+00,0.000000000000e+00,5.228037658612e-06,1.748639544229e-05,0.000000000000e+00,0.000000000000e+00,9.999999999809e-01,-9.436913450768e-02,2.791586551042e-10,3.716482702851e-10,0.000000000000e+00,0.000000000000e+00,0.000000000000e+00,1.000000000570e+00,5.334666000145e-05,-9.544367102173e-06,-4.527009844771e-06,0.000000000000e+00,0.000000000000e+00,OK,,5.534830340892e-05,-1.752417481475e-05,-5.481644647625e-06,1.752417481475e-05,5.481644647625e-06,1.752417481475e-05,2.706149000000e-08,1.989743700000e-08,1.000000000000e-06,12,8.589831669815e-01,BORIS,L0/dt-1e-11/eps-1e-06/ranks-1,5.534830340892e-05,7.103020223718e-06,R34,6.414740000000e-01,-1.386364807112e+00,-1.278883699459e+00,0.000000000000e+00,0.000000000000e+00,0.000000000000e+00,-7.209474254928e-01,-1.386365185030e+00,0.000000000000e+00,0.000000000000e+00,0.000000000000e+00,0.000000000000e+00,0.000000000000e+00,3.851324959800e+00,1.040670780968e+01,0.000000000000e+00,0.000000000000e+00,0.000000000000e+00,0.000000000000e+00,1.329210574573e+00,3.851325505390e+00,0.000000000000e+00,0.000000000000e+00,5.029414809183e-06,1.727940393137e-05,0.000000000000e+00,0.000000000000e+00,1.000000000000e+00,-9.436910643059e-02,1.049520521772e-10,2.148110193306e-10,0.000000000000e+00,0.000000000000e+00,0.000000000000e+00,1.000000001134e+00,5.535130000034e-05,-1.752137692816e-05,-5.486667113949e-06,0.000000000000e+00,0.000000000000e+00,9.637766674780e-01,1.000535283793e+00,9.713550886182e-01
1.000000000000e-11,OK,,5.308746340837e-05,-1.744037953829e-05,-5.279623870489e-06,1.744037953829e-05,5.279623870489e-06,1.744037953829e-05,2.510076200000e-08,2.912225300000e-08,3.000000000000e-06,0,1,3.000000000000e-06,12,1.064142832998e+00,BORIS,L0/dt-1e-11/eps-3e-06/ranks-1,5.308746340837e-05,6.994609659796e-06,R34,8.478150000000e-01,-1.386365172647e+00,-1.278884347231e+00,0.000000000000e+00,0.000000000000e+00,0.000000000000e+00,-7.209472760219e-01,-1.386365020736e+00,0.000000000000e+00,0.000000000000e+00,0.000000000000e+00,0.000000000000e+00,0.000000000000e+00,3.851325740088e+00,1.040671007052e+01,0.000000000000e+00,0.000000000000e+00,0.000000000000e+00,0.000000000000e+00,1.329210574582e+00,3.851325505411e+00,0.000000000000e+00,0.000000000000e+00,5.269007755943e-06,1.745585556198e-05,0.000000000000e+00,0.000000000000e+00,1.000000000002e+00,-9.436912142794e-02,-6.281827918210e-11,-3.125494688098e-10,0.000000000000e+00,0.000000000000e+00,0.000000000000e+00,9.999999999531e-01,5.309077999982e-05,-1.757479056142e-05,-6.253098210054e-06,0.000000000000e+00,0.000000000000e+00,OK,,5.532927341001e-05,-1.741080655994e-05,-5.451454337721e-06,1.741080655994e-05,5.451454337721e-06,1.741080655994e-05,4.857114700000e-11,6.796064300000e-10,3.000000000000e-06,12,8.611534170341e-01,BORIS,L0/dt-1e-11/eps-3e-06/ranks-1,5.532927341001e-05,7.084545017604e-06,R34,6.429400000000e-01,-1.386364723765e+00,-1.278883427031e+00,0.000000000000e+00,0.000000000000e+00,0.000000000000e+00,-7.209474024073e-01,-1.386365111186e+00,0.000000000000e+00,0.000000000000e+00,0.000000000000e+00,0.000000000000e+00,0.000000000000e+00,3.851324959820e+00,1.040670782871e+01,0.000000000000e+00,0.000000000000e+00,0.000000000000e+00,0.000000000000e+00,1.329210574582e+00,3.851325517130e+00,0.000000000000e+00,0.000000000000e+00,4.995156109053e-06,1.716665030889e-05,0.000000000000e+00,0.000000000000e+00,1.000000000000e+00,-9.436915681632e-02,3.572695646941e-11,-1.117075200083e-10,0.000000000000e+00,0.000000000000e+00,0.000000000000e+00,1.000000000342e+00,5.533231000143e-05,-1.740377186740e-05,-5.449545080107e-06,0.000000000000e+00,0.000000000000e+00,9.594823885536e-01,1.001698541549e+00,9.684798850752e-01
1.000000000000e-11,OK,,5.334287340908e-05,-1.745642898273e-05,-5.268590049410e-06,1.745642898273e-05,5.268590049410e-06,1.745642898273e-05,7.974403600000e-09,1.154425200000e-05,1.000000000000e-05,0,1,1.000000000000e-05,12,1.074457417009e+00,BORIS,L0/dt-1e-11/eps-1e-05/ranks-1,5.334287340908e-05,7.222234426620e-06,R34,8.550050000000e-01,-1.386365165968e+00,-1.278884338536e+00,0.000000000000e+00,0.000000000000e+00,0.000000000000e+00,-7.209472774370e-01,-1.386365022178e+00,0.000000000000e+00,0.000000000000e+00,0.000000000000e+00,0.000000000000e+00,0.000000000000e+00,3.851325615313e+00,1.040670981511e+01,0.000000000000e+00,0.000000000000e+00,0.000000000000e+00,0.000000000000e+00,1.329210510793e+00,3.851325374840e+00,0.000000000000e+00,0.000000000000e+00,-6.263267503965e-06,2.416554049323e-05,0.000000000000e+00,0.000000000000e+00,9.999999999995e-01,-9.436270047150e-02,-9.363021301559e-11,-1.362069763120e-10,0.000000000000e+00,0.000000000000e+00,0.000000000000e+00,9.999999999820e-01,5.334667000056e-05,-1.734829920038e-05,-5.400460216742e-06,0.000000000000e+00,0.000000000000e+00,OK,,5.532878340908e-05,-1.744499796226e-05,-5.463879231454e-06,1.744499796226e-05,5.463879231454e-06,1.744499796226e-05,6.770100700000e-09,1.153583900000e-05,1.000000000000e-05,12,8.718510421459e-01,BORIS,L0/dt-1e-11/eps-1e-05/ranks-1,5.532878340908e-05,7.296459105841e-06,R34,6.563660000000e-01,-1.386364750928e+00,-1.278883509467e+00,0.000000000000e+00,0.000000000000e+00,0.000000000000e+00,-7.209474125908e-01,-1.386365141403e+00,0.000000000000e+00,0.000000000000e+00,0.000000000000e+00,0.000000000000e+00,0.000000000000e+00,3.851324960043e+00,1.040670782920e+01,0.000000000000e+00,0.000000000000e+00,0.000000000000e+00,0.000000000000e+00,1.329210574690e+00,3.851325517369e+00,0.000000000000e+00,0.000000000000e+00,-6.533846796604e-06,2.390706994904e-05,0.000000000000e+00,0.000000000000e+00,1.000000000000e+00,-9.436269703959e-02,5.125237009350e-11,-1.160338123553e-11,0.000000000000e+00,0.000000000000e+00,0.000000000000e+00,9.999999999638e-01,5.533230999966e-05,-1.743768207583e-05,-5.461699004871e-06,0.000000000000e+00,0.000000000000e+00,9.641071088566e-01,1.000655260637e+00,9.642581444846e-01
1.000000000000e-11,OK,,5.333855340872e-05,-1.745263799618e-05,-5.269408218109e-06,1.745263799618e-05,5.269408218109e-06,1.745263799618e-05,2.853977100000e-10,3.846717700000e-06,3.000000000000e-05,0,1,3.000000000000e-05,12,1.103340000147e+00,BORIS,L0/dt-1e-11/eps-3e-05/ranks-1,5.333855340872e-05,7.060827894915e-06,R34,8.828130000000e-01,-1.386365171812e+00,-1.278884336141e+00,0.000000000000e+00,0.000000000000e+00,0.000000000000e+00,-7.209472772624e-01,-1.386365020847e+00,0.000000000000e+00,0.000000000000e+00,0.000000000000e+00,0.000000000000e+00,0.000000000000e+00,3.851325617280e+00,1.040670981943e+01,0.000000000000e+00,0.000000000000e+00,0.000000000000e+00,0.000000000000e+00,1.329210511744e+00,3.851325376942e+00,0.000000000000e+00,0.000000000000e+00,1.430391740621e-06,1.969391852859e-05,0.000000000000e+00,0.000000000000e+00,9.999999999995e-01,-9.436699490155e-02,-1.706000786014e-11,-1.786333021421e-11,0.000000000000e+00,0.000000000000e+00,0.000000000000e+00,9.999999999919e-01,5.334664999879e-05,-1.741374757629e-05,-5.244105691758e-06,0.000000000000e+00,0.000000000000e+00,OK,,5.532446340872e-05,-1.745202781573e-05,-5.465589124011e-06,1.745202781573e-05,5.465589124011e-06,1.745202781573e-05,3.670070900000e-10,3.846560900000e-06,3.000000000000e-05,12,8.934204170946e-01,BORIS,L0/dt-1e-11/eps-3e-05/ranks-1,5.532446340872e-05,7.136675115466e-06,R34,6.732720000000e-01,-1.386364748875e+00,-1.278883522367e+00,0.000000000000e+00,0.000000000000e+00,0.000000000000e+00,-7.209474121996e-01,-1.386365144598e+00,0.000000000000e+00,0.000000000000e+00,0.000000000000e+00,0.000000000000e+00,0.000000000000e+00,3.851324962010e+00,1.040670783352e+01,0.000000000000e+00,0.000000000000e+00,0.000000000000e+00,0.000000000000e+00,1.329210575641e+00,3.851325519471e+00,0.000000000000e+00,0.000000000000e+00,1.158131135744e-06,1.944122481835e-05,0.000000000000e+00,0.000000000000e+00,1.000000000000e+00,-9.436699162327e-02,2.256442632272e-11,-9.191118864036e-12,0.000000000000e+00,0.000000000000e+00,0.000000000000e+00,1.000000000000e+00,5.533230999966e-05,-1.744411644579e-05,-5.463355698205e-06,0.000000000000e+00,0.000000000000e+00,9.641043061669e-01,1.000034963298e+00,9.641061738358e-01
1.000000000000e-11,OK,,5.328949340999e-05,-1.746474639019e-05,-5.273241336043e-06,1.746474639019e-05,5.273241336043e-06,1.746474639019e-05,1.566358000000e-09,1.154987200000e-06,1.000000000000e-04,0,1,1.000000000000e-04,12,1.080829791958e+00,BORIS,L0/dt-1e-11/eps-0.0001/ranks-1,5.328949340999e-05,7.023956294219e-06,R34,8.629370000000e-01,-1.386365181353e+00,-1.278884367045e+00,0.000000000000e+00,0.000000000000e+00,0.000000000000e+00,-7.209472786051e-01,-1.386365026928e+00,0.000000000000e+00,0.000000000000e+00,0.000000000000e+00,0.000000000000e+00,0.000000000000e+00,3.851325639649e+00,1.040670986849e+01,0.000000000000e+00,0.000000000000e+00,0.000000000000e+00,0.000000000000e+00,1.329210522558e+00,3.851325400852e+00,0.000000000000e+00,0.000000000000e+00,4.125536282774e-06,1.813906429245e-05,0.000000000000e+00,0.000000000000e+00,1.000000000000e+00,-9.436848985366e-02,-3.255115546784e-12,-1.203394955866e-11,0.000000000000e+00,0.000000000000e+00,0.000000000000e+00,9.999999999955e-01,5.334670000146e-05,-1.745625864411e-05,-5.291997285699e-06,0.000000000000e+00,0.000000000000e+00,OK,,5.527540340999e-05,-1.746484538918e-05,-5.468871327519e-06,1.746484538918e-05,5.468871327519e-06,1.746484538918e-05,1.926198000000e-09,1.155032900000e-06,1.000000000000e-04,12,8.811938329600e-01,BORIS,L0/dt-1e-11/eps-0.0001/ranks-1,5.527540340999e-05,7.099737753624e-06,R34,6.635850000000e-01,-1.386364757272e+00,-1.278883552359e+00,0.000000000000e+00,0.000000000000e+00,0.000000000000e+00,-7.209474140056e-01,-1.386365151992e+00,0.000000000000e+00,0.000000000000e+00,0.000000000000e+00,0.000000000000e+00,0.000000000000e+00,3.851324984379e+00,1.040670788258e+01,0.000000000000e+00,0.000000000000e+00,0.000000000000e+00,0.000000000000e+00,1.329210586455e+00,3.851325543382e+00,0.000000000000e+00,0.000000000000e+00,3.854351638238e-06,1.788897172892e-05,0.000000000000e+00,0.000000000000e+00,1.000000000000e+00,-9.436848976700e-02,8.154556459853e-13,-2.893649648640e-12,0.000000000000e+00,0.000000000000e+00,0.000000000000e+00,9.999999999997e-01,5.533231000143e-05,-1.744399353986e-05,-5.463215507567e-06,0.000000000000e+00,0.000000000000e+00,9.640724467396e-01,9.999943315278e-01,9.642284523149e-01
1.000000000000e-11,OK,,5.283916340915e-05,-1.757790445977e-05,-5.302220196133e-06,1.757790445977e-05,5.302220196133e-06,1.757790445977e-05,3.940775500000e-09,3.959470900000e-07,3.000000000000e-04,0,1,3.000000000000e-04,12,1.081924000056e+00,BORIS,L0/dt-1e-11/eps-0.0003/ranks-1,5.283916340915e-05,6.998160656346e-06,R34,8.624130000000e-01,-1.386365253909e+00,-1.278884629909e+00,0.000000000000e+00,0.000000000000e+00,0.000000000000e+00,-7.209472942497e-01,-1.386365092052e+00,0.000000000000e+00,0.000000000000e+00,0.000000000000e+00,0.000000000000e+00,0.000000000000e+00,3.851325836302e+00,1.040671031882e+01,0.000000000000e+00,0.000000000000e+00,0.000000000000e+00,0.000000000000e+00,1.329210617624e+00,3.851325622771e+00,0.000000000000e+00,0.000000000000e+00,4.925981700515e-06,1.780618075331e-05,0.000000000000e+00,0.000000000000e+00,1.000000000000e+00,-9.436886658169e-02,2.376115935812e-13,2.454037507222e-12,0.000000000000e+00,0.000000000000e+00,0.000000000000e+00,1.000000000002e+00,5.332765999988e-05,-1.744534663138e-05,-5.271344981970e-06,0.000000000000e+00,0.000000000000e+00,OK,,5.484405340894e-05,-1.757785616753e-05,-5.497796617127e-06,1.757785616753e-05,5.497796617127e-06,1.757785616753e-05,1.604509000000e-08,3.960132400000e-07,3.000000000000e-04,12,8.805033329409e-01,BORIS,L0/dt-1e-11/eps-0.0003/ranks-1,5.484405340894e-05,7.074258025082e-06,R34,6.569400000000e-01,-1.386364830632e+00,-1.278883816139e+00,0.000000000000e+00,0.000000000000e+00,0.000000000000e+00,-7.209474297597e-01,-1.386365217092e+00,0.000000000000e+00,0.000000000000e+00,0.000000000000e+00,0.000000000000e+00,0.000000000000e+00,3.851325181033e+00,1.040670831393e+01,0.000000000000e+00,0.000000000000e+00,0.000000000000e+00,0.000000000000e+00,1.329210681522e+00,3.851325753582e+00,0.000000000000e+00,0.000000000000e+00,4.654745094881e-06,1.755593930211e-05,0.000000000000e+00,0.000000000000e+00,1.000000000000e+00,-9.436886676700e-02,1.163367357517e-13,-4.299756074531e-12,0.000000000000e+00,0.000000000000e+00,0.000000000000e+00,9.999999999965e-01,5.533232000055e-05,-1.744398904868e-05,-5.463201746185e-06,0.000000000000e+00,0.000000000000e+00,9.634438033812e-01,1.000002747334e+00,9.644263994079e-01
1.000000000000e-11,OK,,4.795159340887e-05,-1.886340311405e-05,-5.631438646469e-06,1.886340311405e-05,5.631438646469e-06,1.886340311405e-05,1.765608400000e-07,2.434575100000e-07,1.000000000000e-03,0,1,1.000000000000e-03,12,1.048751458991e+00,BORIS,L0/dt-1e-11/eps-0.001/ranks-1,4.795159340887e-05,6.832331998396e-06,R34,8.314010000000e-01,-1.386366087990e+00,-1.278887630471e+00,0.000000000000e+00,0.000000000000e+00,0.000000000000e+00,-7.209474732395e-01,-1.386365832772e+00,0.000000000000e+00,0.000000000000e+00,0.000000000000e+00,0.000000000000e+00,0.000000000000e+00,3.851328073233e+00,1.040671520639e+01,0.000000000000e+00,0.000000000000e+00,0.000000000000e+00,0.000000000000e+00,1.329211699004e+00,3.851328002075e+00,0.000000000000e+00,0.000000000000e+00,5.548829756239e-06,1.894813661280e-05,0.000000000000e+00,0.000000000000e+00,9.999999999999e-01,-9.436841712829e-02,-2.177164335402e-13,-8.481009643084e-14,0.000000000000e+00,0.000000000000e+00,0.000000000000e+00,1.000000000001e+00,5.334682999880e-05,-1.744728739959e-05,-5.269691198587e-06,0.000000000000e+00,0.000000000000e+00,OK,,5.021238340852e-05,-1.886341447987e-05,-5.827049796569e-06,1.886341447987e-05,5.827049796569e-06,1.886341447987e-05,1.766089500000e-07,2.434753600000e-07,1.000000000000e-03,12,8.465346668381e-01,BORIS,L0/dt-1e-11/eps-0.001/ranks-1,5.021238340852e-05,6.915981126963e-06,R34,6.263930000000e-01,-1.386365664754e+00,-1.278886816641e+00,0.000000000000e+00,0.000000000000e+00,0.000000000000e+00,-7.209476087929e-01,-1.386365957805e+00,0.000000000000e+00,0.000000000000e+00,0.000000000000e+00,0.000000000000e+00,0.000000000000e+00,3.851327292964e+00,1.040671294560e+01,0.000000000000e+00,0.000000000000e+00,0.000000000000e+00,0.000000000000e+00,1.329211699004e+00,3.851328002075e+00,0.000000000000e+00,0.000000000000e+00,5.277636378088e-06,1.869797979786e-05,0.000000000000e+00,0.000000000000e+00,1.000000000000e+00,-9.436841715177e-02,6.330451923846e-13,-3.130636435838e-13,0.000000000000e+00,0.000000000000e+00,0.000000000000e+00,1.000000000000e+00,5.560731999843e-05,-1.744405704240e-05,-5.463227621712e-06,0.000000000000e+00,0.000000000000e+00,9.549754493576e-01,9.999993974675e-01,9.664304996647e-01
1.000000000000e-11,OK,,7.168941248437e-05,-3.016513076410e-05,-8.525944914196e-06,3.016513076410e-05,8.525944914196e-06,3.016513076410e-05,1.588153600000e-06,2.065861600000e-06,3.000000000000e-03,0,1,3.000000000000e-03,12,1.048799416982e+00,BORIS,L0/dt-1e-11/eps-0.003/ranks-1,7.168941248437e-05,7.475650551715e-06,R12,8.300680000000e-01,-1.386373421016e+00,-1.278914008792e+00,0.000000000000e+00,0.000000000000e+00,0.000000000000e+00,-7.209490471493e-01,-1.386372344584e+00,0.000000000000e+00,0.000000000000e+00,0.000000000000e+00,0.000000000000e+00,0.000000000000e+00,3.851347738795e+00,1.040675834147e+01,0.000000000000e+00,0.000000000000e+00,0.000000000000e+00,0.000000000000e+00,1.329221205759e+00,3.851349022315e+00,0.000000000000e+00,0.000000000000e+00,8.712173447624e-06,3.030758295582e-05,0.000000000000e+00,0.000000000000e+00,1.000000000000e+00,-9.436319666618e-02,1.064674242285e-14,-1.284259411221e-13,0.000000000000e+00,0.000000000000e+00,0.000000000000e+00,9.999999999996e-01,5.334779999977e-05,-1.744463179115e-05,-5.267765362903e-06,0.000000000000e+00,0.000000000000e+00,OK,,7.087563748454e-05,-3.016512328235e-05,-8.721553538871e-06,3.016512328235e-05,8.721553538871e-06,3.016512328235e-05,1.608031700000e-06,2.065828900000e-06,3.000000000000e-03,12,8.533564168029e-01,BORIS,L0/dt-1e-11/eps-0.003/ranks-1,7.087563748454e-05,7.423382005227e-06,R12,6.317130000000e-01,-1.386372997849e+00,-1.278913195017e+00,0.000000000000e+00,0.000000000000e+00,0.000000000000e+00,-7.209491827749e-01,-1.386372469704e+00,0.000000000000e+00,0.000000000000e+00,0.000000000000e+00,0.000000000000e+00,0.000000000000e+00,3.851347083609e+00,1.040675633675e+01,0.000000000000e+00,0.000000000000e+00,0.000000000000e+00,0.000000000000e+00,1.329221269702e+00,3.851349153219e+00,0.000000000000e+00,0.000000000000e+00,8.440982202899e-06,3.005739630148e-05,0.000000000000e+00,0.000000000000e+00,1.000000000000e+00,-9.436319667794e-02,1.433920848443e-13,-1.690116911986e-13,0.000000000000e+00,0.000000000000e+00,0.000000000000e+00,1.000000000000e+00,5.535220999953e-05,-1.744440946647e-05,-5.463333117184e-06,0.000000000000e+00,0.000000000000e+00,1.011481730940e+00,1.000000248027e+00,9.775718140348e-01
1.000000000000e-11,OK,,4.861685865905e-04,-1.587476157733e-04,-4.145713726766e-05,1.587476157733e-04,4.145713726766e-05,1.587476157733e-04,1.766221000000e-05,2.294907400000e-05,1.000000000000e-02,0,1,1.000000000000e-02,12,1.064166875090e+00,BORIS,L0/dt-1e-11/eps-0.01/ranks-1,4.861685865905e-04,6.212410634995e-05,R34,8.447440000000e-01,-1.386456844757e+00,-1.279214089177e+00,0.000000000000e+00,0.000000000000e+00,0.000000000000e+00,-7.209669547348e-01,-1.386446426027e+00,0.000000000000e+00,0.000000000000e+00,0.000000000000e+00,0.000000000000e+00,0.000000000000e+00,3.851571590528e+00,1.040724932657e+01,0.000000000000e+00,0.000000000000e+00,0.000000000000e+00,0.000000000000e+00,1.329329424311e+00,3.851588291756e+00,0.000000000000e+00,0.000000000000e+00,4.422578241785e-05,1.602272866980e-04,0.000000000000e+00,0.000000000000e+00,1.000000000000e+00,-9.430313396365e-02,-5.014637517929e-14,-6.614097856714e-14,0.000000000000e+00,0.000000000000e+00,0.000000000000e+00,1.000000000000e+00,5.310084000065e-05,-1.744877933070e-05,-5.269205738590e-06,0.000000000000e+00,0.000000000000e+00,OK,,4.839076565908e-04,-1.587475943591e-04,-4.165280137658e-05,1.587475943591e-04,4.165280137658e-05,1.587475943591e-04,1.766214900000e-05,2.294901300000e-05,1.000000000000e-02,12,8.620409171563e-01,BORIS,L0/dt-1e-11/eps-0.01/ranks-1,4.839076565908e-04,6.194485081622e-05,R34,6.367870000000e-01,-1.386456421608e+00,-1.279213275274e+00,0.000000000000e+00,0.000000000000e+00,0.000000000000e+00,-7.209670903950e-01,-1.386446551148e+00,0.000000000000e+00,0.000000000000e+00,0.000000000000e+00,0.000000000000e+00,0.000000000000e+00,3.851570810193e+00,1.040724706564e+01,0.000000000000e+00,0.000000000000e+00,0.000000000000e+00,0.000000000000e+00,1.329329424311e+00,3.851588291756e+00,0.000000000000e+00,0.000000000000e+00,4.395460720544e-05,1.599770747720e-04,0.000000000000e+00,0.000000000000e+00,1.000000000000e+00,-9.430313399238e-02,-7.640505547382e-14,-1.426604487375e-13,0.000000000000e+00,0.000000000000e+00,0.000000000000e+00,1.000000000000e+00,5.536147000029e-05,-1.744848835620e-05,-5.464570905010e-06,0.000000000000e+00,0.000000000000e+00,1.004672234400e+00,1.000000134895e+00,9.953024982125e-01
1.000000000000e-11,OK,,4.805191886591e-03,-1.291159407111e-03,-3.314543594189e-04,1.291159407111e-03,3.314543594189e-04,1.291159407111e-03,1.586080100000e-04,2.062943400000e-04,3.000000000000e-02,0,1,3.000000000000e-02,12,1.249650459038e+00,BORIS,L0/dt-1e-11/eps-0.03/ranks-1,4.805191886591e-03,5.747831682563e-04,R34,9.600590000000e-01,-1.387191021505e+00,-1.281854297187e+00,0.000000000000e+00,0.000000000000e+00,0.000000000000e+00,-7.211246706037e-01,-1.387098412299e+00,0.000000000000e+00,0.000000000000e+00,0.000000000000e+00,0.000000000000e+00,0.000000000000e+00,3.853540658095e+00,1.041156834987e+01,0.000000000000e+00,0.000000000000e+00,0.000000000000e+00,0.000000000000e+00,1.330281338813e+00,3.853693031258e+00,0.000000000000e+00,0.000000000000e+00,3.562368265506e-04,1.303253053486e-03,0.000000000000e+00,0.000000000000e+00,1.000000000000e+00,-9.377414498149e-02,1.364307704295e-15,6.793058122777e-15,0.000000000000e+00,0.000000000000e+00,0.000000000000e+00,1.000000000000e+00,5.345621999986e-05,-1.748450933000e-05,-5.279433102600e-06,0.000000000000e+00,0.000000000000e+00,OK,,4.802929796591e-03,-1.291159262301e-03,-3.316503549373e-04,1.291159262301e-03,3.316503549373e-04,1.291159262301e-03,1.586079800000e-04,2.062943100000e-04,3.000000000000e-02,12,8.626732081175e-01,BORIS,L0/dt-1e-11/eps-0.03/ranks-1,4.802929796591e-03,5.745991536507e-04,R34,6.438140000000e-01,-1.387190598123e+00,-1.281853482827e+00,0.000000000000e+00,0.000000000000e+00,0.000000000000e+00,-7.211248063384e-01,-1.387098537760e+00,0.000000000000e+00,0.000000000000e+00,0.000000000000e+00,0.000000000000e+00,0.000000000000e+00,3.853539877229e+00,1.041156608778e+01,0.000000000000e+00,0.000000000000e+00,0.000000000000e+00,0.000000000000e+00,1.330281338813e+00,3.853693031258e+00,0.000000000000e+00,0.000000000000e+00,3.559654914699e-04,1.303002335225e-03,0.000000000000e+00,0.000000000000e+00,1.000000000000e+00,-9.377414531251e-02,-3.273599006269e-15,-1.286620622065e-14,0.000000000000e+00,0.000000000000e+00,0.000000000000e+00,1.000000000000e+00,5.571800999959e-05,-1.748436578200e-05,-5.475432053900e-06,0.000000000000e+00,0.000000000000e+00,1.000470981275e+00,1.000000112155e+00,9.994090296739e-01
1.000000000000e-11,OK,,5.460360992659e-02,-1.443203035091e-02,-3.693505225933e-03,1.443203035091e-02,3.693505225933e-03,1.443203035091e-02,1.741130200000e-03,2.261002900000e-03,1.000000000000e-01,0,1,1.000000000000e-01,12,1.207557207905e+00,BORIS,L0/dt-1e-11/eps-0.1/ranks-1,5.460360992659e-02,6.485271598266e-03,R34,9.234370000000e-01,-1.395642258227e+00,-1.312160827219e+00,0.000000000000e+00,0.000000000000e+00,0.000000000000e+00,-7.229552716411e-01,-1.394607087074e+00,0.000000000000e+00,0.000000000000e+00,0.000000000000e+00,0.000000000000e+00,0.000000000000e+00,3.876245067868e+00,1.046136676791e+01,0.000000000000e+00,0.000000000000e+00,0.000000000000e+00,0.000000000000e+00,1.341260732916e+00,3.877964691612e+00,0.000000000000e+00,0.000000000000e+00,3.943016241013e-03,1.441768602173e-02,0.000000000000e+00,0.000000000000e+00,1.000000000000e+00,-8.763060656681e-02,6.569861273175e-16,-1.540313233989e-16,0.000000000000e+00,0.000000000000e+00,0.000000000000e+00,1.000000000000e+00,5.412318999909e-05,-1.799715754000e-05,-5.433282016000e-06,0.000000000000e+00,0.000000000000e+00,OK,,5.460133452659e-02,-1.443202773198e-02,-3.693705145963e-03,1.443202773198e-02,3.693705145963e-03,1.443202773198e-02,1.741129600000e-03,2.261002300000e-03,1.000000000000e-01,12,8.269212080631e-01,BORIS,L0/dt-1e-11/eps-0.1/ranks-1,5.460133452659e-02,6.485086042245e-03,R34,6.094670000000e-01,-1.395641834202e+00,-1.312160009023e+00,0.000000000000e+00,0.000000000000e+00,0.000000000000e+00,-7.229554088898e-01,-1.394607216419e+00,0.000000000000e+00,0.000000000000e+00,0.000000000000e+00,0.000000000000e+00,0.000000000000e+00,3.876244280876e+00,1.046136449251e+01,0.000000000000e+00,0.000000000000e+00,0.000000000000e+00,0.000000000000e+00,1.341260732913e+00,3.877964691618e+00,0.000000000000e+00,0.000000000000e+00,3.942743357225e-03,1.441742954294e-02,0.000000000000e+00,0.000000000000e+00,1.000000000000e+00,-8.763061028163e-02,-7.016991036377e-15,-2.543627009510e-14,0.000000000000e+00,0.000000000000e+00,0.000000000000e+00,1.000000000000e+00,5.639834999904e-05,-1.799465286000e-05,-5.633214894000e-06,0.000000000000e+00,0.000000000000e+00,1.000041672974e+00,1.000000181467e+00,9.999458754768e-01
3.000000000000e-11,OK,,4.572924234090e-04,-1.519181259146e-04,-4.607290525608e-05,1.519181259146e-04,4.607290525608e-05,1.519181259146e-04,2.407226500000e-08,2.345110000000e-08,1.000000000000e-06,0,1,1.000000000000e-06,12,1.006082166918e+00,BORIS,L0/dt-3e-11/eps-1e-06/ranks-1,4.572924234090e-04,6.049807881023e-05,R34,7.860550000000e-01,-1.386464157787e+00,-1.279207844620e+00,0.000000000000e+00,0.000000000000e+00,0.000000000000e+00,-7.209792444961e-01,-1.386463740242e+00,0.000000000000e+00,0.000000000000e+00,0.000000000000e+00,0.000000000000e+00,0.000000000000e+00,3.851125408031e+00,1.040630586556e+01,0.000000000000e+00,0.000000000000e+00,0.000000000000e+00,0.000000000000e+00,1.329112813518e+00,3.851122177527e+00,0.000000000000e+00,0.000000000000e+00,4.566634981020e-05,1.517025296201e-04,0.000000000000e+00,0.000000000000e+00,1.000000000043e+00,-9.430669910058e-02,2.610744127038e-10,7.207993885065e-10,0.000000000000e+00,0.000000000000e+00,0.000000000000e+00,9.999999993359e-01,4.572956800004e-04,-1.439289377953e-04,-4.527529167838e-05,0.000000000000e+00,0.000000000000e+00,OK,,4.978550334087e-04,-1.575527099519e-04,-4.927895785700e-05,1.575527099519e-04,4.927895785700e-05,1.575527099519e-04,1.776819200000e-08,1.758836300000e-08,1.000000000000e-06,12,7.791508329101e-01,BORIS,L0/dt-3e-11/eps-1e-06/ranks-1,4.978550334087e-04,6.388790984070e-05,R34,5.468600000000e-01,-1.386465194703e+00,-1.279214441196e+00,0.000000000000e+00,0.000000000000e+00,0.000000000000e+00,-7.209818301645e-01,-1.386468523510e+00,0.000000000000e+00,0.000000000000e+00,0.000000000000e+00,0.000000000000e+00,0.000000000000e+00,3.851107898109e+00,1.040626530295e+01,0.000000000000e+00,0.000000000000e+00,0.000000000000e+00,0.000000000000e+00,1.329108079425e+00,3.851112896129e+00,0.000000000000e+00,0.000000000000e+00,4.526215171470e-05,1.553967500804e-04,0.000000000000e+00,0.000000000000e+00,9.999999999995e-01,-9.430423542330e-02,-7.197027216862e-11,3.202322837462e-10,0.000000000000e+00,0.000000000000e+00,0.000000000000e+00,9.999999998206e-01,4.978580300001e-04,-1.575499120653e-04,-4.928398032332e-05,0.000000000000e+00,0.000000000000e+00,9.185252588048e-01,9.642368319845e-01,9.349407385963e-01
3.000000000000e-11,OK,,4.572733834092e-04,-1.519470415785e-04,-4.608184780079e-05,1.519470415785e-04,4.608184780079e-05,1.519470415785e-04,9.668699200000e-09,1.989780100000e-08,3.000000000000e-06,0,1,3.000000000000e-06,12,1.005901250057e+00,BORIS,L0/dt-3e-11/eps-3e-06/ranks-1,4.572733834092e-04,6.050399933735e-05,R34,7.871000000000e-01,-1.386464195003e+00,-1.279207968442e+00,0.000000000000e+00,0.000000000000e+00,0.000000000000e+00,-7.209792500409e-01,-1.386463782006e+00,0.000000000000e+00,0.000000000000e+00,0.000000000000e+00,0.000000000000e+00,0.000000000000e+00,3.851125408051e+00,1.040630588460e+01,0.000000000000e+00,0.000000000000e+00,0.000000000000e+00,0.000000000000e+00,1.329112813527e+00,3.851122189268e+00,0.000000000000e+00,0.000000000000e+00,4.565576650089e-05,1.517319855383e-04,0.000000000000e+00,0.000000000000e+00,1.000000000002e+00,-9.430668136535e-02,2.258030863828e-10,3.173152450700e-10,0.000000000000e+00,0.000000000000e+00,0.000000000000e+00,1.000000000085e+00,4.572767000006e-04,-1.520814526016e-04,-4.705532214035e-05,0.000000000000e+00,0.000000000000e+00,OK,,4.978549934087e-04,-1.575867185843e-04,-4.929372388401e-05,1.575867185843e-04,4.929372388401e-05,1.575867185843e-04,7.845632300000e-09,7.725196800000e-09,3.000000000000e-06,12,7.878484579269e-01,BORIS,L0/dt-3e-11/eps-3e-06/ranks-1,4.978549934087e-04,6.389313854489e-05,R34,5.521480000000e-01,-1.386465222609e+00,-1.279214523076e+00,0.000000000000e+00,0.000000000000e+00,0.000000000000e+00,-7.209818370925e-01,-1.386468551689e+00,0.000000000000e+00,0.000000000000e+00,0.000000000000e+00,0.000000000000e+00,0.000000000000e+00,3.851107898129e+00,1.040626530299e+01,0.000000000000e+00,0.000000000000e+00,0.000000000000e+00,0.000000000000e+00,1.329108079435e+00,3.851112896150e+00,0.000000000000e+00,0.000000000000e+00,4.527221940559e-05,1.554303634246e-04,0.000000000000e+00,0.000000000000e+00,1.000000000000e+00,-9.430422925489e-02,-7.152763369581e-11,-2.531295959064e-10,0.000000000000e+00,0.000000000000e+00,0.000000000000e+00,9.999999998791e-01,4.978580300001e-04,-1.575796838918e-04,-4.929181462640e-05,0.000000000000e+00,0.000000000000e+00,9.184870885363e-01,9.642122314846e-01,9.348420888067e-01
3.000000000000e-11,OK,,4.572728934100e-04,-1.548853357325e-04,-4.688995484104e-05,1.548853357325e-04,4.688995484104e-05,1.548853357325e-04,2.514714200000e-08,3.116023800000e-04,1.000000000000e-05,0,1,1.000000000000e-05,12,1.044223415898e+00,BORIS,L0/dt-3e-11/eps-1e-05/ranks-1,4.572728934100e-04,7.178567189307e-05,R34,8.310860000000e-01,-1.386466545186e+00,-1.279215080619e+00,0.000000000000e+00,0.000000000000e+00,0.000000000000e+00,-7.209799001075e-01,-1.386465741303e+00,0.000000000000e+00,0.000000000000e+00,0.000000000000e+00,0.000000000000e+00,0.000000000000e+00,3.851125408274e+00,1.040630588509e+01,0.000000000000e+00,0.000000000000e+00,0.000000000000e+00,0.000000000000e+00,1.329112813635e+00,3.851122189507e+00,0.000000000000e+00,0.000000000000e+00,-2.649445204863e-04,3.357474300731e-04,0.000000000000e+00,0.000000000000e+00,1.000000000006e+00,-9.413144612172e-02,5.130451272019e-11,-1.552326720277e-11,0.000000000000e+00,0.000000000000e+00,0.000000000000e+00,9.999999999174e-01,4.572766900015e-04,-1.547772059502e-04,-4.702182500837e-05,0.000000000000e+00,0.000000000000e+00,OK,,4.978545034096e-04,-1.546570555545e-04,-4.848742673706e-05,1.546570555545e-04,4.848742673706e-05,1.546570555545e-04,2.023940600000e-08,3.116158500000e-04,1.000000000000e-05,12,8.148405419197e-01,BORIS,L0/dt-3e-11/eps-1e-05/ranks-1,4.978545034096e-04,7.392171684315e-05,R34,5.908490000000e-01,-1.386462872480e+00,-1.279207403536e+00,0.000000000000e+00,0.000000000000e+00,0.000000000000e+00,-7.209811918913e-01,-1.386466595235e+00,0.000000000000e+00,0.000000000000e+00,0.000000000000e+00,0.000000000000e+00,0.000000000000e+00,3.851107898353e+00,1.040626530348e+01,0.000000000000e+00,0.000000000000e+00,0.000000000000e+00,0.000000000000e+00,1.329108079543e+00,3.851112896389e+00,0.000000000000e+00,0.000000000000e+00,-2.673370370521e-04,3.333798041157e-04,0.000000000000e+00,0.000000000000e+00,1.000000000000e+00,-9.413149438806e-02,2.285145073371e-11,6.815909426434e-11,0.000000000000e+00,0.000000000000e+00,0.000000000000e+00,1.000000000006e+00,4.978580300001e-04,-1.546497396681e-04,-4.848524651048e-05,0.000000000000e+00,0.000000000000e+00,9.184870083093e-01,1.001476041149e+00,9.670538941016e-01
3.000000000000e-11,OK,,4.572875734095e-04,-1.548797542503e-04,-4.688868014162e-05,1.548797542503e-04,4.688868014162e-05,1.548797542503e-04,1.297237300000e-08,1.038611800000e-04,3.000000000000e-05,0,1,3.000000000000e-05,12,1.020010334207e+00,BORIS,L0/dt-3e-11/eps-3e-05/ranks-1,4.572875734095e-04,6.289325668676e-05,R34,8.047100000000e-01,-1.386466551213e+00,-1.279215077719e+00,0.000000000000e+00,0.000000000000e+00,0.000000000000e+00,-7.209799009157e-01,-1.386465739997e+00,0.000000000000e+00,0.000000000000e+00,0.000000000000e+00,0.000000000000e+00,0.000000000000e+00,3.851125410240e+00,1.040630587041e+01,0.000000000000e+00,0.000000000000e+00,0.000000000000e+00,0.000000000000e+00,1.329112814586e+00,3.851122179889e+00,0.000000000000e+00,0.000000000000e+00,-5.720557860944e-05,2.150874499852e-04,0.000000000000e+00,0.000000000000e+00,1.000000000002e+00,-9.424744034964e-02,-5.591913015396e-12,-2.867377401421e-13,0.000000000000e+00,0.000000000000e+00,0.000000000000e+00,9.999999999980e-01,4.572956699995e-04,-1.548408638304e-04,-4.686337761527e-05,0.000000000000e+00,0.000000000000e+00,OK,,4.978501834092e-04,-1.546519670153e-04,-4.848622421277e-05,1.546519670153e-04,4.848622421277e-05,1.546519670153e-04,1.340831800000e-08,1.038758100000e-04,3.000000000000e-05,12,7.914643331897e-01,BORIS,L0/dt-3e-11/eps-3e-05/ranks-1,4.978501834092e-04,6.529805334052e-05,R34,5.752380000000e-01,-1.386462876172e+00,-1.279207396104e+00,0.000000000000e+00,0.000000000000e+00,0.000000000000e+00,-7.209811926387e-01,-1.386466593271e+00,0.000000000000e+00,0.000000000000e+00,0.000000000000e+00,0.000000000000e+00,0.000000000000e+00,3.851107900319e+00,1.040626530780e+01,0.000000000000e+00,0.000000000000e+00,0.000000000000e+00,0.000000000000e+00,1.329108080493e+00,3.851112898491e+00,0.000000000000e+00,0.000000000000e+00,-5.959900391364e-05,2.127203230533e-04,0.000000000000e+00,0.000000000000e+00,1.000000000000e+00,-9.424748711797e-02,1.737874368556e-12,9.059688765623e-12,0.000000000000e+00,0.000000000000e+00,0.000000000000e+00,9.999999999967e-01,4.978580300001e-04,-1.546440556454e-04,-4.848399078696e-05,0.000000000000e+00,0.000000000000e+00,9.185244650872e-01,1.001472902281e+00,9.670515884236e-01
3.000000000000e-11,OK,,4.572385134090e-04,-1.548930436698e-04,-4.689164947702e-05,1.548930436698e-04,4.689164947702e-05,1.548930436698e-04,1.139953300000e-08,3.115529400000e-05,1.000000000000e-04,0,1,1.000000000000e-04,12,1.031833916903e+00,BORIS,L0/dt-3e-11/eps-0.0001/ranks-1,4.572385134090e-04,6.134943343432e-05,R34,8.122600000000e-01,-1.386466559948e+00,-1.279215107332e+00,0.000000000000e+00,0.000000000000e+00,0.000000000000e+00,-7.209799025421e-01,-1.386465746676e+00,0.000000000000e+00,0.000000000000e+00,0.000000000000e+00,0.000000000000e+00,0.000000000000e+00,3.851125432606e+00,1.040630591947e+01,0.000000000000e+00,0.000000000000e+00,0.000000000000e+00,0.000000000000e+00,1.329112825398e+00,3.851122203796e+00,0.000000000000e+00,0.000000000000e+00,1.550577356695e-05,1.728704067234e-04,0.000000000000e+00,0.000000000000e+00,9.999999999995e-01,-9.428803170197e-02,4.204994766148e-12,1.401418634698e-12,0.000000000000e+00,0.000000000000e+00,0.000000000000e+00,1.000000000004e+00,4.572957200004e-04,-1.548845559237e-04,-4.691040542668e-05,0.000000000000e+00,0.000000000000e+00,OK,,4.978011334096e-04,-1.546649514169e-04,-4.848959425019e-05,1.546649514169e-04,4.848959425019e-05,1.546649514169e-04,1.489550600000e-08,3.116894000000e-05,1.000000000000e-04,12,7.867216248997e-01,BORIS,L0/dt-3e-11/eps-0.0001/ranks-1,4.978011334096e-04,6.380449658967e-05,R34,5.633290000000e-01,-1.386462884496e+00,-1.279207426302e+00,0.000000000000e+00,0.000000000000e+00,0.000000000000e+00,-7.209811942863e-01,-1.386466600749e+00,0.000000000000e+00,0.000000000000e+00,0.000000000000e+00,0.000000000000e+00,0.000000000000e+00,3.851107922684e+00,1.040626535685e+01,0.000000000000e+00,0.000000000000e+00,0.000000000000e+00,0.000000000000e+00,1.329108091305e+00,3.851112922398e+00,0.000000000000e+00,0.000000000000e+00,1.311255845312e-05,1.705033648940e-04,0.000000000000e+00,0.000000000000e+00,1.000000000000e+00,-9.428807847778e-02,1.577980162373e-12,1.817655959424e-12,0.000000000000e+00,0.000000000000e+00,0.000000000000e+00,9.999999999958e-01,4.978580400010e-04,-1.546440995676e-04,-4.848393843024e-05,0.000000000000e+00,0.000000000000e+00,9.185164169419e-01,1.001474750749e+00,9.670456146751e-01
3.000000000000e-11,OK,,4.565323334091e-04,-1.550053264241e-04,-4.692053061136e-05,1.550053264241e-04,4.692053061136e-05,1.550053264241e-04,2.485602100000e-09,1.039147000000e-05,3.000000000000e-04,0,1,3.000000000000e-04,12,1.016877625138e+00,BORIS,L0/dt-3e-11/eps-0.0003/ranks-1,4.565323334091e-04,6.104204308290e-05,R34,7.988540000000e-01,-1.386466633351e+00,-1.279215371982e+00,0.000000000000e+00,0.000000000000e+00,0.000000000000e+00,-7.209799183732e-01,-1.386465812422e+00,0.000000000000e+00,0.000000000000e+00,0.000000000000e+00,0.000000000000e+00,0.000000000000e+00,3.851125754230e+00,1.040630662565e+01,0.000000000000e+00,0.000000000000e+00,0.000000000000e+00,0.000000000000e+00,1.329112984348e+00,3.851122556499e+00,0.000000000000e+00,0.000000000000e+00,3.631050753149e-05,1.609187416764e-04,0.000000000000e+00,0.000000000000e+00,9.999999999999e-01,-9.429957821916e-02,-1.804126667765e-12,-3.101633597748e-12,0.000000000000e+00,0.000000000000e+00,0.000000000000e+00,1.000000000001e+00,4.570208299999e-04,-1.548727685957e-04,-4.688965539720e-05,0.000000000000e+00,0.000000000000e+00,OK,,4.973698434085e-04,-1.547780151397e-04,-4.851852246018e-05,1.547780151397e-04,4.851852246018e-05,1.547780151397e-04,2.905857600000e-08,1.040570400000e-05,3.000000000000e-04,12,7.797740411479e-01,BORIS,L0/dt-3e-11/eps-0.0003/ranks-1,4.973698434085e-04,6.352464132073e-05,R34,5.525120000000e-01,-1.386462957846e+00,-1.279207690207e+00,0.000000000000e+00,0.000000000000e+00,0.000000000000e+00,-7.209812100169e-01,-1.386466665865e+00,0.000000000000e+00,0.000000000000e+00,0.000000000000e+00,0.000000000000e+00,0.000000000000e+00,3.851108119306e+00,1.040626578814e+01,0.000000000000e+00,0.000000000000e+00,0.000000000000e+00,0.000000000000e+00,1.329108186357e+00,3.851113132568e+00,0.000000000000e+00,0.000000000000e+00,3.391720255400e-05,1.585515686164e-04,0.000000000000e+00,0.000000000000e+00,1.000000000000e+00,-9.429962486237e-02,-8.546622763087e-13,-3.174342739832e-12,0.000000000000e+00,0.000000000000e+00,0.000000000000e+00,9.999999999988e-01,4.978581100001e-04,-1.546441480209e-04,-4.848392758924e-05,0.000000000000e+00,0.000000000000e+00,9.178930718446e-01,1.001468627726e+00,9.670642928145e-01
3.000000000000e-11,OK,,4.519013034088e-04,-1.562913062635e-04,-4.725007976438e-05,1.562913062635e-04,4.725007976438e-05,1.562913062635e-04,1.629758700000e-07,3.237680400000e-06,1.000000000000e-03,0,1,1.000000000000e-03,12,1.010169666959e+00,BORIS,L0/dt-3e-11/eps-0.001/ranks-1,4.519013034088e-04,6.080855303895e-05,R34,7.859090000000e-01,-1.386467467418e+00,-1.279218372291e+00,0.000000000000e+00,0.000000000000e+00,0.000000000000e+00,-7.209800976160e-01,-1.386466553317e+00,0.000000000000e+00,0.000000000000e+00,0.000000000000e+00,0.000000000000e+00,0.000000000000e+00,3.851127865836e+00,1.040631125668e+01,0.000000000000e+00,0.000000000000e+00,0.000000000000e+00,0.000000000000e+00,1.329114001673e+00,3.851124804685e+00,0.000000000000e+00,0.000000000000e+00,4.393454240835e-05,1.579928092123e-04,0.000000000000e+00,0.000000000000e+00,1.000000000000e+00,-9.430303826140e-02,2.460975918622e-13,2.429261414324e-13,0.000000000000e+00,0.000000000000e+00,0.000000000000e+00,9.999999999995e-01,4.572965399987e-04,-1.548751905490e-04,-4.688833231650e-05,0.000000000000e+00,0.000000000000e+00,OK,,4.922080634095e-04,-1.560638703114e-04,-4.884786398940e-05,1.560638703114e-04,4.884786398940e-05,1.560638703114e-04,2.095781600000e-07,3.252275300000e-06,1.000000000000e-03,12,7.857575421222e-01,BORIS,L0/dt-3e-11/eps-0.001/ranks-1,4.922080634095e-04,6.322654516420e-05,R34,5.645410000000e-01,-1.386463791841e+00,-1.279210691208e+00,0.000000000000e+00,0.000000000000e+00,0.000000000000e+00,-7.209813889136e-01,-1.386467406778e+00,0.000000000000e+00,0.000000000000e+00,0.000000000000e+00,0.000000000000e+00,0.000000000000e+00,3.851110480890e+00,1.040627094992e+01,0.000000000000e+00,0.000000000000e+00,0.000000000000e+00,0.000000000000e+00,1.329109331469e+00,3.851115654082e+00,0.000000000000e+00,0.000000000000e+00,4.154107595733e-05,1.556257878767e-04,0.000000000000e+00,0.000000000000e+00,1.000000000000e+00,-9.430308504925e-02,-2.701209329243e-13,-5.928675367288e-13,0.000000000000e+00,0.000000000000e+00,0.000000000000e+00,1.000000000000e+00,4.976029999995e-04,-1.546445128739e-04,-4.848404181454e-05,0.000000000000e+00,0.000000000000e+00,9.181103216361e-01,1.001457326104e+00,9.672906019930e-01
3.000000000000e-11,OK,,4.087717734098e-04,-1.675961352171e-04,-5.014534891103e-05,1.675961352171e-04,5.014534891103e-05,1.675961352171e-04,1.573691700000e-06,2.188125600000e-06,3.000000000000e-03,0,1,3.000000000000e-03,12,1.015030416194e+00,BORIS,L0/dt-3e-11/eps-0.003/ranks-1,4.087717734098e-04,5.943863675751e-05,R34,7.893090000000e-01,-1.386474802766e+00,-1.279244755782e+00,0.000000000000e+00,0.000000000000e+00,0.000000000000e+00,-7.209816719428e-01,-1.386473066303e+00,0.000000000000e+00,0.000000000000e+00,0.000000000000e+00,0.000000000000e+00,0.000000000000e+00,3.851147528541e+00,1.040635438621e+01,0.000000000000e+00,0.000000000000e+00,0.000000000000e+00,0.000000000000e+00,1.329123507041e+00,3.851145822231e+00,0.000000000000e+00,0.000000000000e+00,4.912035344697e-05,1.681995360102e-04,0.000000000000e+00,0.000000000000e+00,1.000000000000e+00,-9.429892356565e-02,-6.777054755220e-14,-2.768766142832e-13,0.000000000000e+00,0.000000000000e+00,0.000000000000e+00,1.000000000000e+00,4.573030600010e-04,-1.548756362441e-04,-4.688716935974e-05,0.000000000000e+00,0.000000000000e+00,OK,,4.493159634098e-04,-1.673681459499e-04,-5.174314680712e-05,1.673681459499e-04,5.174314680712e-05,1.673681459499e-04,1.580772600000e-06,2.202244800000e-06,3.000000000000e-03,12,7.786157079972e-01,BORIS,L0/dt-3e-11/eps-0.003/ranks-1,4.493159634098e-04,6.164629443537e-05,R34,5.616070000000e-01,-1.386471126450e+00,-1.279237071810e+00,0.000000000000e+00,0.000000000000e+00,0.000000000000e+00,-7.209829634355e-01,-1.386473918979e+00,0.000000000000e+00,0.000000000000e+00,0.000000000000e+00,0.000000000000e+00,0.000000000000e+00,3.851130018324e+00,1.040631384202e+01,0.000000000000e+00,0.000000000000e+00,0.000000000000e+00,0.000000000000e+00,1.329118772834e+00,3.851136552342e+00,0.000000000000e+00,0.000000000000e+00,4.672695797168e-05,1.658320282844e-04,0.000000000000e+00,0.000000000000e+00,1.000000000000e+00,-9.429897038434e-02,-1.915100742810e-14,-2.950917393965e-13,0.000000000000e+00,0.000000000000e+00,0.000000000000e+00,9.999999999999e-01,4.978469400001e-04,-1.546474321340e-04,-4.848492638543e-05,0.000000000000e+00,0.000000000000e+00,9.097646349079e-01,1.001362202263e+00,9.691205890116e-01
3.000000000000e-11,OK,,7.025536714844e-04,-2.962080072910e-04,-8.308461968145e-05,2.962080072910e-04,8.308461968145e-05,2.962080072910e-04,1.762224000000e-05,2.293255200000e-05,1.000000000000e-02,0,1,1.000000000000e-02,12,1.023785874946e+00,BORIS,L0/dt-3e-11/eps-0.01/ranks-1,7.025536714844e-04,7.334862799857e-05,R12,8.012770000000e-01,-1.386558241747e+00,-1.279544873051e+00,0.000000000000e+00,0.000000000000e+00,0.000000000000e+00,-7.209995835124e-01,-1.386547156924e+00,0.000000000000e+00,0.000000000000e+00,0.000000000000e+00,0.000000000000e+00,0.000000000000e+00,3.851371221758e+00,1.040684505018e+01,0.000000000000e+00,0.000000000000e+00,0.000000000000e+00,0.000000000000e+00,1.329231645415e+00,3.851384929156e+00,0.000000000000e+00,0.000000000000e+00,8.509774616981e-05,2.975844452695e-04,0.000000000000e+00,0.000000000000e+00,1.000000000000e+00,-9.423936712017e-02,-3.328158911452e-14,-8.109298883873e-14,0.000000000000e+00,0.000000000000e+00,0.000000000000e+00,1.000000000000e+00,4.573772300009e-04,-1.549091708484e-04,-4.689668815238e-05,0.000000000000e+00,0.000000000000e+00,OK,,6.948686714845e-04,-2.959789684800e-04,-8.468273353157e-05,2.959789684800e-04,8.468273353157e-05,2.959789684800e-04,1.764894200000e-05,2.295961600000e-05,1.000000000000e-02,12,7.922667090315e-01,BORIS,L0/dt-3e-11/eps-0.01/ranks-1,6.948686714845e-04,7.245005074747e-05,R12,5.672220000000e-01,-1.386554564195e+00,-1.279537188051e+00,0.000000000000e+00,0.000000000000e+00,0.000000000000e+00,-7.210008751372e-01,-1.386548010720e+00,0.000000000000e+00,0.000000000000e+00,0.000000000000e+00,0.000000000000e+00,0.000000000000e+00,3.851353834568e+00,1.040680475823e+01,0.000000000000e+00,0.000000000000e+00,0.000000000000e+00,0.000000000000e+00,1.329226974455e+00,3.851375788998e+00,0.000000000000e+00,0.000000000000e+00,8.270454202166e-05,2.952166203903e-04,0.000000000000e+00,0.000000000000e+00,1.000000000000e+00,-9.423941443860e-02,1.470993814105e-14,-2.661042228070e-14,0.000000000000e+00,0.000000000000e+00,0.000000000000e+00,1.000000000000e+00,4.976688799996e-04,-1.546798624771e-04,-4.849450306000e-05,0.000000000000e+00,0.000000000000e+00,1.011059643808e+00,1.000773834750e+00,9.811282207898e-01
3.000000000000e-11,OK,,4.400892086590e-03,-1.428875135318e-03,-3.731554533910e-04,1.428875135318e-03,3.731554533910e-04,1.428875135318e-03,1.585631000000e-04,2.062587400000e-04,3.000000000000e-02,0,1,3.000000000000e-02,12,1.140254042111e+00,BORIS,L0/dt-3e-11/eps-0.03/ranks-1,4.400892086590e-03,5.609843198742e-04,R34,8.941090000000e-01,-1.387292539659e+00,-1.282185397647e+00,0.000000000000e+00,0.000000000000e+00,0.000000000000e+00,-7.211573342219e-01,-1.387199231300e+00,0.000000000000e+00,0.000000000000e+00,0.000000000000e+00,0.000000000000e+00,0.000000000000e+00,3.853340263292e+00,1.041116405007e+01,0.000000000000e+00,0.000000000000e+00,0.000000000000e+00,0.000000000000e+00,1.330183554041e+00,3.853489670963e+00,0.000000000000e+00,0.000000000000e+00,3.975446618609e-04,1.440690359756e-03,0.000000000000e+00,0.000000000000e+00,1.000000000000e+00,-9.371027911115e-02,1.118659322013e-15,1.461690542928e-15,0.000000000000e+00,0.000000000000e+00,0.000000000000e+00,1.000000000000e+00,4.577560200012e-04,-1.552002375370e-04,-4.698052707470e-05,0.000000000000e+00,0.000000000000e+00,OK,,4.360291906591e-03,-1.428644536835e-03,-3.747564093560e-04,1.428644536835e-03,3.747564093560e-04,1.428644536835e-03,1.585644800000e-04,2.062847700000e-04,3.000000000000e-02,12,7.835602920968e-01,BORIS,L0/dt-3e-11/eps-0.03/ranks-1,4.360291906591e-03,5.577271850626e-04,R34,5.600760000000e-01,-1.387288863855e+00,-1.282177711976e+00,0.000000000000e+00,0.000000000000e+00,0.000000000000e+00,-7.211586270359e-01,-1.387200087708e+00,0.000000000000e+00,0.000000000000e+00,0.000000000000e+00,0.000000000000e+00,0.000000000000e+00,3.853322723840e+00,1.041112344989e+01,0.000000000000e+00,0.000000000000e+00,0.000000000000e+00,0.000000000000e+00,1.330178808427e+00,3.853480380253e+00,0.000000000000e+00,0.000000000000e+00,3.951509906065e-04,1.438318345626e-03,0.000000000000e+00,0.000000000000e+00,1.000000000000e+00,-9.371032902531e-02,-3.964954210897e-15,-3.723926337302e-15,0.000000000000e+00,0.000000000000e+00,0.000000000000e+00,1.000000000000e+00,4.983558999996e-04,-1.549696403160e-04,-4.858148647260e-05,0.000000000000e+00,0.000000000000e+00,1.009311344485e+00,1.000161410678e+00,9.957280091146e-01
3.000000000000e-11,OK,,5.419207837659e-02,-1.457270634964e-02,-3.736060118558e-03,1.457270634964e-02,3.736060118558e-03,1.457270634964e-02,1.740480400000e-03,2.260722300000e-03,1.000000000000e-01,0,1,1.000000000000e-01,12,1.108463624958e+00,BORIS,L0/dt-3e-11/eps-0.1/ranks-1,5.419207837659e-02,6.468317169036e-03,R34,8.583550000000e-01,-1.395745213229e+00,-1.312495616718e+00,0.000000000000e+00,0.000000000000e+00,0.000000000000e+00,-7.229883414911e-01,-1.394708925670e+00,0.000000000000e+00,0.000000000000e+00,0.000000000000e+00,0.000000000000e+00,0.000000000000e+00,3.876040962746e+00,1.046095523636e+01,0.000000000000e+00,0.000000000000e+00,0.000000000000e+00,0.000000000000e+00,1.341161133425e+00,3.877757780840e+00,0.000000000000e+00,0.000000000000e+00,3.984952585773e-03,1.455649023266e-02,0.000000000000e+00,0.000000000000e+00,1.000000000000e+00,-8.756554140722e-02,3.933339321977e-15,6.814226973055e-15,0.000000000000e+00,0.000000000000e+00,0.000000000000e+00,1.000000000000e+00,4.656547399993e-04,-1.586731562700e-04,-4.798817464100e-05,0.000000000000e+00,0.000000000000e+00,OK,,5.415084405659e-02,-1.457243714510e-02,-3.737690484922e-03,1.457243714510e-02,3.737690484922e-03,1.457243714510e-02,1.740463300000e-03,2.260726700000e-03,1.000000000000e-01,12,7.648128750734e-01,BORIS,L0/dt-3e-11/eps-0.1/ranks-1,5.415084405659e-02,6.464849226259e-03,R34,5.439510000000e-01,-1.395741537033e+00,-1.312487856086e+00,0.000000000000e+00,0.000000000000e+00,0.000000000000e+00,-7.229896481049e-01,-1.394709804697e+00,0.000000000000e+00,0.000000000000e+00,0.000000000000e+00,0.000000000000e+00,0.000000000000e+00,3.876023118355e+00,1.046091400204e+01,0.000000000000e+00,0.000000000000e+00,0.000000000000e+00,0.000000000000e+00,1.341156268597e+00,3.877748241524e+00,0.000000000000e+00,0.000000000000e+00,3.982547946235e-03,1.455404991695e-02,0.000000000000e+00,0.000000000000e+00,1.000000000000e+00,-8.756563017423e-02,2.309480687414e-15,4.630462109568e-15,0.000000000000e+00,0.000000000000e+00,0.000000000000e+00,1.000000000000e+00,5.068888199986e-04,-1.584040659800e-04,-4.961855385300e-05,0.000000000000e+00,0.000000000000e+00,1.000761471418e+00,1.000018473543e+00,9.995638038060e-01
1.000000000000e-10,INVALID,time step too long for QACH field extent,,,,,,,,,1.000000000000e-06,0,1,1.000000000000e-06,12,2.255677080248e-01,BORIS,L0/dt-1e-10/eps-1e-06/ranks-1,,,,,,,,,,,,,,,,,,,,,,,,,,,,,,,,,,,,,,,,,,,,INVALID,time step too long for QACH field extent,,,,,,,,,1.000000000000e-06,12,2.234402499162e-01,BORIS,L0/dt-1e-10/eps-1e-06/ranks-1,,,,,,,,,,,,,,,,,,,,,,,,,,,,,,,,,,,,,,,,,,,,,,
1.000000000000e-10,INVALID,time step too long for QACH field extent,,,,,,,,,3.000000000000e-06,0,1,3.000000000000e-06,12,2.212243750691e-01,BORIS,L0/dt-1e-10/eps-3e-06/ranks-1,,,,,,,,,,,,,,,,,,,,,,,,,,,,,,,,,,,,,,,,,,,,INVALID,time step too long for QACH field extent,,,,,,,,,3.000000000000e-06,12,2.233860830311e-01,BORIS,L0/dt-1e-10/eps-3e-06/ranks-1,,,,,,,,,,,,,,,,,,,,,,,,,,,,,,,,,,,,,,,,,,,,,,
1.000000000000e-10,INVALID,time step too long for QACH field extent,,,,,,,,,1.000000000000e-05,0,1,1.000000000000e-05,12,2.209730409086e-01,BORIS,L0/dt-1e-10/eps-1e-05/ranks-1,,,,,,,,,,,,,,,,,,,,,,,,,,,,,,,,,,,,,,,,,,,,INVALID,time step too long for QACH field extent,,,,,,,,,1.000000000000e-05,12,2.215465409681e-01,BORIS,L0/dt-1e-10/eps-1e-05/ranks-1,,,,,,,,,,,,,,,,,,,,,,,,,,,,,,,,,,,,,,,,,,,,,,
1.000000000000e-10,INVALID,time step too long for QACH field extent,,,,,,,,,3.000000000000e-05,0,1,3.000000000000e-05,12,2.212457919959e-01,BORIS,L0/dt-1e-10/eps-3e-05/ranks-1,,,,,,,,,,,,,,,,,,,,,,,,,,,,,,,,,,,,,,,,,,,,INVALID,time step too long for QACH field extent,,,,,,,,,3.000000000000e-05,12,2.268202500418e-01,BORIS,L0/dt-1e-10/eps-3e-05/ranks-1,,,,,,,,,,,,,,,,,,,,,,,,,,,,,,,,,,,,,,,,,,,,,,
1.000000000000e-10,INVALID,time step too long for QACH field extent,,,,,,,,,1.000000000000e-04,0,1,1.000000000000e-04,12,2.210990828462e-01,BORIS,L0/dt-1e-10/eps-0.0001/ranks-1,,,,,,,,,,,,,,,,,,,,,,,,,,,,,,,,,,,,,,,,,,,,INVALID,time step too long for QACH field extent,,,,,,,,,1.000000000000e-04,12,2.270856669638e-01,BORIS,L0/dt-1e-10/eps-0.0001/ranks-1,,,,,,,,,,,,,,,,,,,,,,,,,,,,,,,,,,,,,,,,,,,,,,
1.000000000000e-10,INVALID,time step too long for QACH field extent,,,,,,,,,3.000000000000e-04,0,1,3.000000000000e-04,12,9.466367501300e-01,BORIS,L0/dt-1e-10/eps-0.0003/ranks-1,,,,,,,,,,,,,,,,,,,,,,,,,,,,,,,,,,,,,,,,,,,,INVALID,time step too long for QACH field extent,,,,,,,,,3.000000000000e-04,12,2.271050000563e-01,BORIS,L0/dt-1e-10/eps-0.0003/ranks-1,,,,,,,,,,,,,,,,,,,,,,,,,,,,,,,,,,,,,,,,,,,,,,
1.000000000000e-10,INVALID,time step too long for QACH field extent,,,,,,,,,1.000000000000e-03,0,1,1.000000000000e-03,12,9.470560830086e-01,BORIS,L0/dt-1e-10/eps-0.001/ranks-1,,,,,,,,,,,,,,,,,,,,,,,,,,,,,,,,,,,,,,,,,,,,INVALID,time step too long for QACH field extent,,,,,,,,,1.000000000000e-03,12,2.207646251190e-01,BORIS,L0/dt-1e-10/eps-0.001/ranks-1,,,,,,,,,,,,,,,,,,,,,,,,,,,,,,,,,,,,,,,,,,,,,,
1.000000000000e-10,INVALID,time step too long for QACH field extent,,,,,,,,,3.000000000000e-03,0,1,3.000000000000e-03,12,9.468237911351e-01,BORIS,L0/dt-1e-10/eps-0.003/ranks-1,,,,,,,,,,,,,,,,,,,,,,,,,,,,,,,,,,,,,,,,,,,,INVALID,time step too long for QACH field extent,,,,,,,,,3.000000000000e-03,12,2.200560830534e-01,BORIS,L0/dt-1e-10/eps-0.003/ranks-1,,,,,,,,,,,,,,,,,,,,,,,,,,,,,,,,,,,,,,,,,,,,,,
1.000000000000e-10,INVALID,time step too long for QACH field extent,,,,,,,,,1.000000000000e-02,0,1,1.000000000000e-02,12,9.466867500450e-01,BORIS,L0/dt-1e-10/eps-0.01/ranks-1,,,,,,,,,,,,,,,,,,,,,,,,,,,,,,,,,,,,,,,,,,,,INVALID,time step too long for QACH field extent,,,,,,,,,1.000000000000e-02,12,2.200314998627e-01,BORIS,L0/dt-1e-10/eps-0.01/ranks-1,,,,,,,,,,,,,,,,,,,,,,,,,,,,,,,,,,,,,,,,,,,,,,
1.000000000000e-10,INVALID,time step too long for QACH field extent,,,,,,,,,3.000000000000e-02,0,1,3.000000000000e-02,12,2.648440839257e-01,BORIS,L0/dt-1e-10/eps-0.03/ranks-1,,,,,,,,,,,,,,,,,,,,,,,,,,,,,,,,,,,,,,,,,,,,INVALID,time step too long for QACH field extent,,,,,,,,,3.000000000000e-02,12,2.201564998832e-01,BORIS,L0/dt-1e-10/eps-0.03/ranks-1,,,,,,,,,,,,,,,,,,,,,,,,,,,,,,,,,,,,,,,,,,,,,,
1.000000000000e-10,INVALID,time step too long for QACH field extent,,,,,,,,,1.000000000000e-01,0,1,1.000000000000e-01,12,2.511315420270e-01,BORIS,L0/dt-1e-10/eps-0.1/ranks-1,,,,,,,,,,,,,,,,,,,,,,,,,,,,,,,,,,,,,,,,,,,,INVALID,time step too long for QACH field extent,,,,,,,,,1.000000000000e-01,12,2.200452079996e-01,BORIS,L0/dt-1e-10/eps-0.1/ranks-1,,,,,,,,,,,,,,,,,,,,,,,,,,,,,,,,,,,,,,,,,,,,,,
1.000000000000e-13,OK,,1.721531662320e-05,1.532490182691e-07,1.843849481732e-06,1.532490182691e-07,1.843849481732e-06,1.843849481732e-06,3.318041000000e-08,9.039075600000e-06,1.000000000000e-06,1,1,5.000000000000e-07,24,2.552064170782e+01,BORIS,L1/dt-1e-13/eps-1e-06/ranks-1,1.721531662320e-05,1.802864644999e-06,R56,2.529960000000e+01,-1.386358360818e+00,-1.278851120475e+00,0.000000000000e+00,0.000000000000e+00,0.000000000000e+00,-7.209414606604e-01,-1.386349173569e+00,0.000000000000e+00,0.000000000000e+00,0.000000000000e+00,0.000000000000e+00,0.000000000000e+00,3.851352100262e+00,1.040676316124e+01,0.000000000000e+00,0.000000000000e+00,0.000000000000e+00,0.000000000000e+00,1.329223389160e+00,3.851352100049e+00,0.000000000000e+00,0.000000000000e+00,2.431238979211e-06,-6.892591821672e-06,0.000000000000e+00,0.000000000000e+00,1.000000000064e+00,-9.439444919664e-02,4.666262742078e-09,-9.868247433758e-09,0.000000000000e+00,0.000000000000e+00,0.000000000000e+00,9.999999937280e-01,0.000000000000e+00,0.000000000000e+00,0.000000000000e+00,0.000000000000e+00,0.000000000000e+00,OK,,2.139090005127e-08,-1.016952508212e-08,-3.900199737761e-09,1.016952508212e-08,3.900199737761e-09,1.016952508212e-08,3.121954000000e-08,2.139093800000e-08,5.000000000000e-07,24,2.475924445805e+01,BORIS,L1/dt-1e-13/eps-1e-06/ranks-1,2.139090005127e-08,3.056661897746e-09,R66,2.454190000000e+01,-1.386352249576e+00,-1.278842308073e+00,0.000000000000e+00,0.000000000000e+00,0.000000000000e+00,-7.209431115539e-01,-1.386352237339e+00,0.000000000000e+00,0.000000000000e+00,0.000000000000e+00,0.000000000000e+00,0.000000000000e+00,3.851352100163e+00,1.040676316098e+01,0.000000000000e+00,0.000000000000e+00,0.000000000000e+00,0.000000000000e+00,1.329223389156e+00,3.851352100046e+00,0.000000000000e+00,0.000000000000e+00,8.002334685132e-10,6.843186518236e-10,0.000000000000e+00,0.000000000000e+00,1.000000000000e+00,-9.437722948883e-02,-1.212546687097e-09,1.191621813322e-08,0.000000000000e+00,0.000000000000e+00,0.000000000000e+00,9.999999786091e-01,0.000000000000e+00,0.000000000000e+00,0.000000000000e+00,0.000000000000e+00,0.000000000000e+00,8.047962723372e+02,1.506943707121e+01,4.727577061965e+02
1.000000000000e-13,OK,,7.190825059753e-06,-6.278718681804e-06,2.041487751171e-07,6.278718681804e-06,2.041487751171e-07,6.278718681804e-06,8.304465000000e-08,1.615737900000e-05,3.000000000000e-06,1,1,1.500000000000e-06,24,2.551883270801e+01,BORIS,L1/dt-1e-13/eps-3e-06/ranks-1,7.190825059753e-06,1.033099633150e-06,R52,2.530060000000e+01,-1.386355577643e+00,-1.278847329433e+00,0.000000000000e+00,0.000000000000e+00,0.000000000000e+00,-7.209422548377e-01,-1.386350789307e+00,0.000000000000e+00,0.000000000000e+00,0.000000000000e+00,0.000000000000e+00,0.000000000000e+00,3.851352100265e+00,1.040676316124e+01,0.000000000000e+00,0.000000000000e+00,0.000000000000e+00,0.000000000000e+00,1.329223389160e+00,3.851352100046e+00,0.000000000000e+00,0.000000000000e+00,-5.207304993670e-06,-7.190825059420e-06,0.000000000000e+00,0.000000000000e+00,1.000000000015e+00,-9.437663918096e-02,-6.540863233965e-09,-1.029607024935e-08,0.000000000000e+00,0.000000000000e+00,0.000000000000e+00,1.000000010979e+00,0.000000000000e+00,0.000000000000e+00,0.000000000000e+00,0.000000000000e+00,0.000000000000e+00,OK,,1.585078734934e-08,-2.813498633160e-09,-3.685902240742e-10,2.813498633160e-09,3.685902240742e-10,2.813498633160e-09,3.926165600000e-09,1.355424400000e-08,1.500000000000e-06,24,2.481470008288e+01,BORIS,L1/dt-1e-13/eps-3e-06/ranks-1,1.585078734934e-08,2.140607221646e-09,R22,2.459270000000e+01,-1.386352253226e+00,-1.278842317823e+00,0.000000000000e+00,0.000000000000e+00,0.000000000000e+00,-7.209431142509e-01,-1.386352239546e+00,0.000000000000e+00,0.000000000000e+00,0.000000000000e+00,0.000000000000e+00,0.000000000000e+00,3.851352100163e+00,1.040676316098e+01,0.000000000000e+00,0.000000000000e+00,0.000000000000e+00,0.000000000000e+00,1.329223389156e+00,3.851352100046e+00,0.000000000000e+00,0.000000000000e+00,1.019471368467e-09,4.365679118639e-09,0.000000000000e+00,0.000000000000e+00,1.000000000000e+00,-9.437723189755e-02,6.209508967575e-09,1.355424421549e-08,0.000000000000e+00,0.000000000000e+00,0.000000000000e+00,1.000000008261e+00,0.000000000000e+00,0.000000000000e+00,0.000000000000e+00,0.000000000000e+00,0.000000000000e+00,4.536572790532e+02,2.231640921308e+03,5.538637809233e+02
1.000000000000e-13,OK,,4.235746392865e-06,2.652656843436e-06,-9.753782822624e-07,2.652656843436e-06,9.753782822624e-07,2.652656843436e-06,8.709064800000e-09,2.050192900000e-06,1.000000000000e-05,1,1,5.000000000000e-06,24,2.548534770799e+01,BORIS,L1/dt-1e-13/eps-1e-05/ranks-1,4.235746392865e-06,4.677994365280e-07,R52,2.526510000000e+01,-1.386351741865e+00,-1.278840579435e+00,0.000000000000e+00,0.000000000000e+00,0.000000000000e+00,-7.209434565887e-01,-1.386352166089e+00,0.000000000000e+00,0.000000000000e+00,0.000000000000e+00,0.000000000000e+00,0.000000000000e+00,3.851352100234e+00,1.040676316117e+01,0.000000000000e+00,0.000000000000e+00,0.000000000000e+00,0.000000000000e+00,1.329223389160e+00,3.851352100054e+00,0.000000000000e+00,0.000000000000e+00,-1.214157877223e-06,-4.235746392532e-06,0.000000000000e+00,0.000000000000e+00,1.000000000008e+00,-9.437600207487e-02,-2.990614796505e-09,-4.156916680507e-09,0.000000000000e+00,0.000000000000e+00,0.000000000000e+00,9.999999987509e-01,0.000000000000e+00,0.000000000000e+00,0.000000000000e+00,0.000000000000e+00,0.000000000000e+00,OK,,8.366484394173e-09,-5.338758153958e-09,-2.974797943206e-10,5.338758153958e-09,2.974797943206e-10,5.338758153958e-09,2.903116900000e-09,2.900192000000e-09,5.000000000000e-06,24,2.477510862495e+01,BORIS,L1/dt-1e-13/eps-1e-05/ranks-1,8.366484394173e-09,1.142202754841e-09,R12,2.455490000000e+01,-1.386352256079e+00,-1.278842327746e+00,0.000000000000e+00,0.000000000000e+00,0.000000000000e+00,-7.209431198866e-01,-1.386352253751e+00,0.000000000000e+00,0.000000000000e+00,0.000000000000e+00,0.000000000000e+00,0.000000000000e+00,3.851352100163e+00,1.040676316097e+01,0.000000000000e+00,0.000000000000e+00,0.000000000000e+00,0.000000000000e+00,1.329223389156e+00,3.851352100046e+00,0.000000000000e+00,0.000000000000e+00,1.741527627822e-09,6.709704164278e-09,0.000000000000e+00,0.000000000000e+00,1.000000000000e+00,-9.437723037062e-02,1.663741609167e-09,1.744650848195e-09,0.000000000000e+00,0.000000000000e+00,0.000000000000e+00,9.999999999971e-01,0.000000000000e+00,0.000000000000e+00,0.000000000000e+00,0.000000000000e+00,0.000000000000e+00,5.062755386020e+02,4.968677671734e+02,3.278805152095e+03
1.000000000000e-13,OK,,3.358609547688e-07,-1.929076885233e-07,7.958705710056e-08,1.929076885233e-07,7.958705710056e-08,1.929076885233e-07,4.426559500000e-09,2.014162100000e-07,3.000000000000e-05,1,1,1.500000000000e-05,24,2.554094629199e+01,BORIS,L1/dt-1e-13/eps-3e-05/ranks-1,3.358609547688e-07,4.243494536346e-08,R52,2.531690000000e+01,-1.386352299476e+00,-1.278842618072e+00,0.000000000000e+00,0.000000000000e+00,0.000000000000e+00,-7.209430652112e-01,-1.386352308978e+00,0.000000000000e+00,0.000000000000e+00,0.000000000000e+00,0.000000000000e+00,0.000000000000e+00,3.851352100235e+00,1.040676316119e+01,0.000000000000e+00,0.000000000000e+00,0.000000000000e+00,0.000000000000e+00,1.329223389159e+00,3.851352100055e+00,0.000000000000e+00,0.000000000000e+00,4.793876139027e-08,3.358609551019e-07,0.000000000000e+00,0.000000000000e+00,1.000000000006e+00,-9.437713408059e-02,5.953499739265e-10,1.728831265606e-09,0.000000000000e+00,0.000000000000e+00,0.000000000000e+00,1.000000001128e+00,0.000000000000e+00,0.000000000000e+00,0.000000000000e+00,0.000000000000e+00,0.000000000000e+00,OK,,1.006748440169e-08,-6.793864927934e-09,-2.233320223577e-09,6.793864927934e-09,2.233320223577e-09,6.793864927934e-09,4.627980200000e-10,3.000502100000e-10,1.500000000000e-05,24,2.466207466694e+01,BORIS,L1/dt-1e-13/eps-3e-05/ranks-1,1.006748440169e-08,1.279325438760e-09,R12,2.443810000000e+01,-1.386352257833e+00,-1.278842329447e+00,0.000000000000e+00,0.000000000000e+00,0.000000000000e+00,-7.209431234059e-01,-1.386352258337e+00,0.000000000000e+00,0.000000000000e+00,0.000000000000e+00,0.000000000000e+00,0.000000000000e+00,3.851352100163e+00,1.040676316098e+01,0.000000000000e+00,0.000000000000e+00,0.000000000000e+00,0.000000000000e+00,1.329223389156e+00,3.851352100046e+00,0.000000000000e+00,0.000000000000e+00,1.921035240850e-09,6.683469837478e-09,0.000000000000e+00,0.000000000000e+00,1.000000000000e+00,-9.437723020050e-02,-1.213003310729e-10,2.480259860990e-10,0.000000000000e+00,0.000000000000e+00,0.000000000000e+00,1.000000000300e+00,0.000000000000e+00,0.000000000000e+00,0.000000000000e+00,0.000000000000e+00,0.000000000000e+00,3.336096102741e+01,2.839439561569e+01,3.563620490262e+01
1.000000000000e-13,OK,,2.830558731005e-07,-2.830558734336e-07,-6.363003807703e-08,2.830558734336e-07,6.363003807703e-08,2.830558734336e-07,6.345606300000e-10,8.129904500000e-08,1.000000000000e-04,1,1,5.000000000000e-05,24,2.569110562513e+01,BORIS,L1/dt-1e-13/eps-0.0001/ranks-1,2.830558731005e-07,3.596852004575e-08,R16,2.544390000000e+01,-1.386352221852e+00,-1.278842334989e+00,0.000000000000e+00,0.000000000000e+00,0.000000000000e+00,-7.209431232513e-01,-1.386352296416e+00,0.000000000000e+00,0.000000000000e+00,0.000000000000e+00,0.000000000000e+00,0.000000000000e+00,3.851352100249e+00,1.040676316124e+01,0.000000000000e+00,0.000000000000e+00,0.000000000000e+00,0.000000000000e+00,1.329223389161e+00,3.851352100062e+00,0.000000000000e+00,0.000000000000e+00,9.923098633111e-08,2.296999219728e-07,0.000000000000e+00,0.000000000000e+00,1.000000000007e+00,-9.437703067169e-02,7.671544019876e-11,4.599244847645e-10,0.000000000000e+00,0.000000000000e+00,0.000000000000e+00,1.000000000087e+00,0.000000000000e+00,0.000000000000e+00,0.000000000000e+00,0.000000000000e+00,0.000000000000e+00,OK,,9.863484473627e-09,-6.734776867833e-09,-2.140610828115e-09,6.734776867833e-09,2.140610828115e-09,6.734776867833e-09,8.806289000000e-11,1.393846700000e-10,5.000000000000e-05,24,2.465985500021e+01,BORIS,L1/dt-1e-13/eps-0.0001/ranks-1,9.863484473627e-09,1.266493440397e-09,R12,2.443760000000e+01,-1.386352258012e+00,-1.278842329243e+00,0.000000000000e+00,0.000000000000e+00,0.000000000000e+00,-7.209431234913e-01,-1.386352258108e+00,0.000000000000e+00,0.000000000000e+00,0.000000000000e+00,0.000000000000e+00,0.000000000000e+00,3.851352100163e+00,1.040676316098e+01,0.000000000000e+00,0.000000000000e+00,0.000000000000e+00,0.000000000000e+00,1.329223389156e+00,3.851352100046e+00,0.000000000000e+00,0.000000000000e+00,2.037119686500e-09,6.708360383661e-09,0.000000000000e+00,0.000000000000e+00,1.000000000000e+00,-9.437723017573e-02,-1.057945788303e-10,1.195313489875e-11,0.000000000000e+00,0.000000000000e+00,0.000000000000e+00,9.999999999575e-01,0.000000000000e+00,0.000000000000e+00,0.000000000000e+00,0.000000000000e+00,0.000000000000e+00,2.869735070373e+01,4.202899056471e+01,2.972517808530e+01
1.000000000000e-13,OK,,1.580529968015e-07,2.336677992588e-08,-2.503784435244e-08,2.336677992588e-08,2.503784435244e-08,2.503784435244e-08,1.545414900000e-10,6.929130000000e-08,3.000000000000e-04,1,1,1.500000000000e-04,24,2.566897379188e+01,BORIS,L1/dt-1e-13/eps-0.0003/ranks-1,1.580529968015e-07,1.367941054563e-08,R56,2.545000000000e+01,-1.386352239588e+00,-1.278842286143e+00,0.000000000000e+00,0.000000000000e+00,0.000000000000e+00,-7.209431312665e-01,-1.386352261316e+00,0.000000000000e+00,0.000000000000e+00,0.000000000000e+00,0.000000000000e+00,0.000000000000e+00,3.851352100258e+00,1.040676316125e+01,0.000000000000e+00,0.000000000000e+00,0.000000000000e+00,0.000000000000e+00,1.329223389160e+00,3.851352100056e+00,0.000000000000e+00,0.000000000000e+00,-1.514796073457e-09,4.886457427503e-09,0.000000000000e+00,0.000000000000e+00,1.000000000004e+00,-9.437707582702e-02,-5.813491807565e-11,-9.747314517287e-11,0.000000000000e+00,0.000000000000e+00,0.000000000000e+00,9.999999999847e-01,0.000000000000e+00,0.000000000000e+00,0.000000000000e+00,0.000000000000e+00,0.000000000000e+00,OK,,9.834484560045e-09,-6.709341311257e-09,-2.017680939638e-09,6.709341311257e-09,2.017680939638e-09,6.709341311257e-09,6.824540900000e-12,6.499223400000e-11,1.500000000000e-04,24,2.469333033310e+01,BORIS,L1/dt-1e-13/eps-0.0003/ranks-1,9.834484560045e-09,1.259802216702e-09,R12,2.446710000000e+01,-1.386352257991e+00,-1.278842329214e+00,0.000000000000e+00,0.000000000000e+00,0.000000000000e+00,-7.209431233613e-01,-1.386352257858e+00,0.000000000000e+00,0.000000000000e+00,0.000000000000e+00,0.000000000000e+00,0.000000000000e+00,3.851352100163e+00,1.040676316098e+01,0.000000000000e+00,0.000000000000e+00,0.000000000000e+00,0.000000000000e+00,1.329223389156e+00,3.851352100046e+00,0.000000000000e+00,0.000000000000e+00,2.033863381588e-09,6.727984533394e-09,0.000000000000e+00,0.000000000000e+00,1.000000000000e+00,-9.437723016256e-02,3.443012524558e-11,3.330207564723e-11,0.000000000000e+00,0.000000000000e+00,0.000000000000e+00,1.000000000065e+00,0.000000000000e+00,0.000000000000e+00,0.000000000000e+00,0.000000000000e+00,0.000000000000e+00,1.607130458505e+01,3.482723391442e+00,1.240921885149e+01
1.000000000000e-13,OK,,2.015959254660e-08,1.894119960935e-08,4.242136020002e-09,1.894119960935e-08,4.242136020002e-09,1.894119960935e-08,1.891266000000e-10,4.099300600000e-08,1.000000000000e-03,1,1,5.000000000000e-04,24,2.565744479094e+01,BORIS,L1/dt-1e-13/eps-0.001/ranks-1,2.015959254660e-08,2.644540152186e-09,R52,2.543720000000e+01,-1.386352247911e+00,-1.278842308849e+00,0.000000000000e+00,0.000000000000e+00,0.000000000000e+00,-7.209431268584e-01,-1.386352260457e+00,0.000000000000e+00,0.000000000000e+00,0.000000000000e+00,0.000000000000e+00,0.000000000000e+00,3.851352100280e+00,1.040676316128e+01,0.000000000000e+00,0.000000000000e+00,0.000000000000e+00,0.000000000000e+00,1.329223389160e+00,3.851352100042e+00,0.000000000000e+00,0.000000000000e+00,5.427261536962e-09,2.015959287967e-08,0.000000000000e+00,0.000000000000e+00,1.000000000005e+00,-9.437723493103e-02,-3.912641938304e-12,-7.829275681796e-12,0.000000000000e+00,0.000000000000e+00,0.000000000000e+00,1.000000000027e+00,0.000000000000e+00,0.000000000000e+00,0.000000000000e+00,0.000000000000e+00,0.000000000000e+00,OK,,9.824484559218e-09,-6.701703860115e-09,-2.014729855802e-09,6.701703860115e-09,2.014729855802e-09,6.701703860115e-09,3.508304800000e-14,3.502294000000e-11,5.000000000000e-04,24,2.469002195820e+01,BORIS,L1/dt-1e-13/eps-0.001/ranks-1,9.824484559218e-09,1.258260015185e-09,R12,2.444460000000e+01,-1.386352257974e+00,-1.278842329204e+00,0.000000000000e+00,0.000000000000e+00,0.000000000000e+00,-7.209431233585e-01,-1.386352257897e+00,0.000000000000e+00,0.000000000000e+00,0.000000000000e+00,0.000000000000e+00,0.000000000000e+00,3.851352100162e+00,1.040676316097e+01,0.000000000000e+00,0.000000000000e+00,0.000000000000e+00,0.000000000000e+00,1.329223389156e+00,3.851352100045e+00,0.000000000000e+00,0.000000000000e+00,2.026384763126e-09,6.711000706962e-09,0.000000000000e+00,0.000000000000e+00,1.000000000000e+00,-9.437723016797e-02,-1.838868081255e-11,-3.502293972084e-11,0.000000000000e+00,0.000000000000e+00,0.000000000000e+00,1.000000000016e+00,0.000000000000e+00,0.000000000000e+00,0.000000000000e+00,0.000000000000e+00,0.000000000000e+00,2.051974576894e+00,2.826325961981e+00,2.105560707201e+00
1.000000000000e-13,OK,,7.478656759042e-09,-7.478657092109e-09,7.614869324729e-10,7.478657092109e-09,7.614869324729e-10,7.478657092109e-09,1.370226200000e-10,7.254840900000e-09,3.000000000000e-03,1,1,1.500000000000e-03,24,2.573575187498e+01,BORIS,L1/dt-1e-13/eps-0.003/ranks-1,7.478656759042e-09,9.865179122533e-10,R16,2.551730000000e+01,-1.386352258696e+00,-1.278842323723e+00,0.000000000000e+00,0.000000000000e+00,0.000000000000e+00,-7.209431241822e-01,-1.386352254990e+00,0.000000000000e+00,0.000000000000e+00,0.000000000000e+00,0.000000000000e+00,0.000000000000e+00,3.851352100199e+00,1.040676316113e+01,0.000000000000e+00,0.000000000000e+00,0.000000000000e+00,0.000000000000e+00,1.329223389126e+00,3.851352099983e+00,0.000000000000e+00,0.000000000000e+00,5.091538236957e-09,4.086406121979e-09,0.000000000000e+00,0.000000000000e+00,1.000000000004e+00,-9.437723465194e-02,6.396655705795e-12,6.652189282497e-12,0.000000000000e+00,0.000000000000e+00,0.000000000000e+00,1.000000000005e+00,0.000000000000e+00,0.000000000000e+00,0.000000000000e+00,0.000000000000e+00,0.000000000000e+00,OK,,9.762484376452e-09,-6.681321432576e-09,-2.019995273052e-09,6.681321432576e-09,2.019995273052e-09,6.681321432576e-09,1.105982000000e-11,6.826428300000e-12,1.500000000000e-03,24,2.434761329112e+01,BORIS,L1/dt-1e-13/eps-0.003/ranks-1,9.762484376452e-09,1.249214630047e-09,R12,2.342700000000e+01,-1.386352257957e+00,-1.278842329142e+00,0.000000000000e+00,0.000000000000e+00,0.000000000000e+00,-7.209431233595e-01,-1.386352257890e+00,0.000000000000e+00,0.000000000000e+00,0.000000000000e+00,0.000000000000e+00,0.000000000000e+00,3.851352100095e+00,1.040676316083e+01,0.000000000000e+00,0.000000000000e+00,0.000000000000e+00,0.000000000000e+00,1.329223389123e+00,3.851352099972e+00,0.000000000000e+00,0.000000000000e+00,2.017721051143e-09,6.679635562991e-09,0.000000000000e+00,0.000000000000e+00,1.000000000000e+00,-9.437723018162e-02,-4.300116563857e-12,-6.666702959926e-12,0.000000000000e+00,0.000000000000e+00,0.000000000000e+00,9.999999999940e-01,0.000000000000e+00,0.000000000000e+00,0.000000000000e+00,0.000000000000e+00,0.000000000000e+00,7.660608171708e-01,1.119338018322e+00,3.769746110952e-01
1.000000000000e-13,OK,,1.539340921397e-08,-4.962839802946e-09,-1.382137358298e-09,4.962839802946e-09,1.382137358298e-09,4.962839802946e-09,6.227620600000e-10,3.960629500000e-09,1.000000000000e-02,1,1,5.000000000000e-03,24,2.546346779214e+01,BORIS,L1/dt-1e-13/eps-0.01/ranks-1,1.539340921397e-08,1.636644232078e-09,R34,2.524440000000e+01,-1.386352255449e+00,-1.278842320197e+00,0.000000000000e+00,0.000000000000e+00,0.000000000000e+00,-7.209431222887e-01,-1.386352254150e+00,0.000000000000e+00,0.000000000000e+00,0.000000000000e+00,0.000000000000e+00,0.000000000000e+00,3.851352091826e+00,1.040676314259e+01,0.000000000000e+00,0.000000000000e+00,0.000000000000e+00,0.000000000000e+00,1.329223385049e+00,3.851352090997e+00,0.000000000000e+00,0.000000000000e+00,4.739640906252e-10,1.152333754327e-09,0.000000000000e+00,0.000000000000e+00,1.000000000004e+00,-9.437723165781e-02,-1.253535372779e-12,-2.699951088383e-12,0.000000000000e+00,0.000000000000e+00,0.000000000000e+00,1.000000000002e+00,0.000000000000e+00,0.000000000000e+00,0.000000000000e+00,0.000000000000e+00,0.000000000000e+00,OK,,1.551340922390e-08,-3.363236715591e-09,-1.186131132623e-09,3.363236715591e-09,1.186131132623e-09,3.363236715591e-09,6.046676500000e-10,8.252378800000e-10,5.000000000000e-03,24,2.477526683314e+01,BORIS,L1/dt-1e-13/eps-0.01/ranks-1,1.551340922390e-08,1.635021025041e-09,R34,2.455940000000e+01,-1.386352255121e+00,-1.278842320609e+00,0.000000000000e+00,0.000000000000e+00,0.000000000000e+00,-7.209431222048e-01,-1.386352254633e+00,0.000000000000e+00,0.000000000000e+00,0.000000000000e+00,0.000000000000e+00,0.000000000000e+00,3.851352091776e+00,1.040676314247e+01,0.000000000000e+00,0.000000000000e+00,0.000000000000e+00,0.000000000000e+00,1.329223385046e+00,3.851352090996e+00,0.000000000000e+00,0.000000000000e+00,9.646045337309e-10,3.243883727165e-09,0.000000000000e+00,0.000000000000e+00,1.000000000000e+00,-9.437723201124e-02,8.064790450168e-13,9.016838124882e-13,0.000000000000e+00,0.000000000000e+00,0.000000000000e+00,9.999999999985e-01,0.000000000000e+00,0.000000000000e+00,0.000000000000e+00,0.000000000000e+00,0.000000000000e+00,9.922647557221e-01,1.475614184378e+00,1.165248361066e+00
1.000000000000e-13,OK,,1.497933409311e-06,2.650252801016e-07,6.599090055068e-08,2.650252801016e-07,6.599090055068e-08,2.650252801016e-07,4.822714500000e-08,6.630944700000e-08,3.000000000000e-02,1,1,1.500000000000e-02,24,2.723884162493e+01,BORIS,L1/dt-1e-13/eps-0.03/ranks-1,1.497933409311e-06,1.673165021822e-07,R34,2.701970000000e+01,-1.386352026012e+00,-1.278841630187e+00,0.000000000000e+00,0.000000000000e+00,0.000000000000e+00,-7.209430294703e-01,-1.386351991925e+00,0.000000000000e+00,0.000000000000e+00,0.000000000000e+00,0.000000000000e+00,0.000000000000e+00,3.851351419942e+00,1.040676166005e+01,0.000000000000e+00,0.000000000000e+00,0.000000000000e+00,0.000000000000e+00,1.329223055754e+00,3.851351366058e+00,0.000000000000e+00,0.000000000000e+00,-8.315362333794e-08,-2.738053573166e-07,0.000000000000e+00,0.000000000000e+00,1.000000000004e+00,-9.437737984817e-02,8.018591369010e-13,3.059923358221e-13,0.000000000000e+00,0.000000000000e+00,0.000000000000e+00,1.000000000001e+00,0.000000000000e+00,0.000000000000e+00,0.000000000000e+00,0.000000000000e+00,0.000000000000e+00,OK,,1.498163408442e-06,2.649461513777e-07,6.615598005615e-08,2.649461513777e-07,6.615598005615e-08,2.649461513777e-07,4.862290500000e-08,6.669896900000e-08,1.500000000000e-02,24,2.477223287500e+01,BORIS,L1/dt-1e-13/eps-0.03/ranks-1,1.498163408442e-06,1.673338994867e-07,R34,2.455070000000e+01,-1.386352025997e+00,-1.278841630827e+00,0.000000000000e+00,0.000000000000e+00,0.000000000000e+00,-7.209430289664e-01,-1.386351991526e+00,0.000000000000e+00,0.000000000000e+00,0.000000000000e+00,0.000000000000e+00,0.000000000000e+00,3.851351419851e+00,1.040676165982e+01,0.000000000000e+00,0.000000000000e+00,0.000000000000e+00,0.000000000000e+00,1.329223055751e+00,3.851351366059e+00,0.000000000000e+00,0.000000000000e+00,-8.416490547617e-08,-2.745980208301e-07,0.000000000000e+00,0.000000000000e+00,1.000000000000e+00,-9.437737996029e-02,-1.004348715213e-12,-1.767631068909e-12,0.000000000000e+00,0.000000000000e+00,0.000000000000e+00,9.999999999994e-01,0.000000000000e+00,0.000000000000e+00,0.000000000000e+00,0.000000000000e+00,0.000000000000e+00,9.998464792761e-01,1.000298659646e+00,9.975046926169e-01
1.000000000000e-13,OK,,1.882548534091e-04,3.395972857178e-05,8.445181360505e-06,3.395972857178e-05,8.445181360505e-06,3.395972857178e-05,5.940015600000e-06,8.293236200000e-06,1.000000000000e-01,1,1,5.000000000000e-02,24,2.705204854091e+01,BORIS,L1/dt-1e-13/eps-0.1/ranks-1,1.882548534091e-04,2.107620367172e-05,R34,2.683040000000e+01,-1.386323208361e+00,-1.278754881715e+00,0.000000000000e+00,0.000000000000e+00,0.000000000000e+00,-7.209313426472e-01,-1.386318983166e+00,0.000000000000e+00,0.000000000000e+00,0.000000000000e+00,0.000000000000e+00,0.000000000000e+00,3.851266672686e+00,1.040657490313e+01,0.000000000000e+00,0.000000000000e+00,0.000000000000e+00,0.000000000000e+00,1.329181537469e+00,3.851260077095e+00,0.000000000000e+00,0.000000000000e+00,-1.081856609689e-05,-3.523235044007e-05,0.000000000000e+00,0.000000000000e+00,1.000000000004e+00,-9.439601715447e-02,9.779368265612e-14,1.656506512456e-13,0.000000000000e+00,0.000000000000e+00,0.000000000000e+00,1.000000000000e+00,0.000000000000e+00,0.000000000000e+00,0.000000000000e+00,0.000000000000e+00,0.000000000000e+00,OK,,1.882550734091e-04,3.395973216686e-05,8.445232253542e-06,3.395973216686e-05,8.445232253542e-06,3.395973216686e-05,5.940054900000e-06,8.293270500000e-06,5.000000000000e-02,24,2.487926004105e+01,BORIS,L1/dt-1e-13/eps-0.1/ranks-1,1.882550734091e-04,2.107622933752e-05,R34,2.465500000000e+01,-1.386323208357e+00,-1.278754881627e+00,0.000000000000e+00,0.000000000000e+00,0.000000000000e+00,-7.209313426206e-01,-1.386318983076e+00,0.000000000000e+00,0.000000000000e+00,0.000000000000e+00,0.000000000000e+00,0.000000000000e+00,3.851266672598e+00,1.040657490291e+01,0.000000000000e+00,0.000000000000e+00,0.000000000000e+00,0.000000000000e+00,1.329181537466e+00,3.851260077098e+00,0.000000000000e+00,0.000000000000e+00,-1.081873805063e-05,-3.523282925997e-05,0.000000000000e+00,0.000000000000e+00,1.000000000000e+00,-9.439601719360e-02,-1.133722715544e-15,2.645784205304e-13,0.000000000000e+00,0.000000000000e+00,0.000000000000e+00,9.999999999995e-01,0.000000000000e+00,0.000000000000e+00,0.000000000000e+00,0.000000000000e+00,0.000000000000e+00,9.999988313728e-01,9.999998941370e-01,9.999939737552e-01
3.000000000000e-13,OK,,1.468440360330e-05,-3.107857670329e-06,-1.329473702946e-06,3.107857670329e-06,1.329473702946e-06,3.107857670329e-06,3.534970900000e-08,1.729080100000e-05,1.000000000000e-06,1,1,5.000000000000e-07,24,9.629884500057e+00,BORIS,L1/dt-3e-13/eps-1e-06/ranks-1,1.468440360330e-05,1.541625258669e-06,R52,9.408800000000e+00,-1.386354405461e+00,-1.278844848410e+00,0.000000000000e+00,0.000000000000e+00,0.000000000000e+00,-7.209427319198e-01,-1.386351040468e+00,0.000000000000e+00,0.000000000000e+00,0.000000000000e+00,0.000000000000e+00,0.000000000000e+00,3.851352078927e+00,1.040676311823e+01,0.000000000000e+00,0.000000000000e+00,0.000000000000e+00,0.000000000000e+00,1.329223378795e+00,3.851352078533e+00,0.000000000000e+00,0.000000000000e+00,-7.743438980096e-06,-1.468440360297e-05,0.000000000000e+00,0.000000000000e+00,1.000000000064e+00,-9.438440699296e-02,8.040394027436e-09,2.112126231999e-08,0.000000000000e+00,0.000000000000e+00,0.000000000000e+00,9.999999908324e-01,1.017467795931e-05,-3.261106688598e-06,-3.173323184678e-06,0.000000000000e+00,0.000000000000e+00,OK,,4.991248436781e-08,-2.359375881427e-08,-9.965151337572e-09,2.359375881427e-08,9.965151337572e-09,2.359375881427e-08,1.271268800000e-08,1.332705900000e-08,5.000000000000e-07,24,8.955610417062e+00,BORIS,L1/dt-3e-13/eps-1e-06/ranks-1,4.991248436781e-08,7.182495488224e-09,R12,8.734340000000e+00,-1.386352268854e+00,-1.278842369292e+00,0.000000000000e+00,0.000000000000e+00,0.000000000000e+00,-7.209431240637e-01,-1.386352268282e+00,0.000000000000e+00,0.000000000000e+00,0.000000000000e+00,0.000000000000e+00,0.000000000000e+00,3.851352078242e+00,1.040676311625e+01,0.000000000000e+00,0.000000000000e+00,0.000000000000e+00,0.000000000000e+00,1.329223378798e+00,3.851352078543e+00,0.000000000000e+00,0.000000000000e+00,5.001614174265e-11,2.843762798857e-08,0.000000000000e+00,0.000000000000e+00,1.000000000000e+00,-9.437721747645e-02,-6.864812749644e-09,-1.332705913335e-08,0.000000000000e+00,0.000000000000e+00,0.000000000000e+00,9.999999876270e-01,6.121899986944e-08,-1.342423373215e-08,-6.064951599811e-09,0.000000000000e+00,0.000000000000e+00,2.942030193306e+02,1.317237195986e+02,1.334122942954e+02
3.000000000000e-13,OK,,1.679438198933e-06,1.679438198600e-06,4.711006459420e-07,1.679438198600e-06,4.711006459420e-07,1.679438198600e-06,3.843011400000e-08,1.089418700000e-06,3.000000000000e-06,1,1,1.500000000000e-06,24,9.519990582950e+00,BORIS,L1/dt-3e-13/eps-3e-06/ranks-1,1.679438198933e-06,2.368485170695e-07,R16,9.298340000000e+00,-1.386351402206e+00,-1.278840689347e+00,0.000000000000e+00,0.000000000000e+00,0.000000000000e+00,-7.209433961541e-01,-1.386352484404e+00,0.000000000000e+00,0.000000000000e+00,0.000000000000e+00,0.000000000000e+00,0.000000000000e+00,3.851352078926e+00,1.040676311824e+01,0.000000000000e+00,0.000000000000e+00,0.000000000000e+00,0.000000000000e+00,1.329223378796e+00,3.851352078538e+00,0.000000000000e+00,0.000000000000e+00,-7.373389204685e-07,-6.361891465750e-07,0.000000000000e+00,0.000000000000e+00,1.000000000002e+00,-9.437634914866e-02,-1.345765288461e-09,-2.361190563363e-09,0.000000000000e+00,0.000000000000e+00,0.000000000000e+00,1.000000000581e+00,7.958156880404e-06,7.958156880404e-06,2.669518708249e-07,0.000000000000e+00,0.000000000000e+00,OK,,4.301848455235e-08,-2.095754242021e-08,-6.863145220972e-09,2.095754242021e-08,6.863145220972e-09,2.095754242021e-08,1.069014100000e-09,2.449006700000e-09,1.500000000000e-06,24,8.945709625026e+00,BORIS,L1/dt-3e-13/eps-3e-06/ranks-1,4.301848455235e-08,6.364827777199e-09,R12,8.721280000000e+00,-1.386352267197e+00,-1.278842362398e+00,0.000000000000e+00,0.000000000000e+00,0.000000000000e+00,-7.209431261338e-01,-1.386352268383e+00,0.000000000000e+00,0.000000000000e+00,0.000000000000e+00,0.000000000000e+00,0.000000000000e+00,3.851352078242e+00,1.040676311625e+01,0.000000000000e+00,0.000000000000e+00,0.000000000000e+00,0.000000000000e+00,1.329223378798e+00,3.851352078542e+00,0.000000000000e+00,0.000000000000e+00,3.681641369312e-09,2.234109820831e-08,0.000000000000e+00,0.000000000000e+00,1.000000000000e+00,-9.437722196981e-02,3.267789826888e-10,-2.449006737154e-09,0.000000000000e+00,0.000000000000e+00,0.000000000000e+00,9.999999991045e-01,4.473000103644e-08,-1.814404378705e-08,-6.494554996898e-09,0.000000000000e+00,0.000000000000e+00,3.903992008108e+01,8.013526418921e+01,6.864209204002e+01
3.000000000000e-13,OK,,2.844362327829e-07,-2.844362331160e-07,1.884030808149e-07,2.844362331160e-07,1.884030808149e-07,2.844362331160e-07,5.956006400000e-09,4.219777000000e-07,1.000000000000e-05,1,1,5.000000000000e-06,24,9.488342708908e+00,BORIS,L1/dt-3e-13/eps-1e-05/ranks-1,2.844362327829e-07,4.304273659210e-08,R16,9.270070000000e+00,-1.386352131855e+00,-1.278842180659e+00,0.000000000000e+00,0.000000000000e+00,0.000000000000e+00,-7.209431539201e-01,-1.386352331312e+00,0.000000000000e+00,0.000000000000e+00,0.000000000000e+00,0.000000000000e+00,0.000000000000e+00,3.851352078924e+00,1.040676311823e+01,0.000000000000e+00,0.000000000000e+00,0.000000000000e+00,0.000000000000e+00,1.329223378795e+00,3.851352078534e+00,0.000000000000e+00,0.000000000000e+00,9.931528458388e-08,2.134443357983e-07,0.000000000000e+00,0.000000000000e+00,9.999999999789e-01,-9.437747513892e-02,-1.262231958429e-09,-1.646521230021e-09,0.000000000000e+00,0.000000000000e+00,0.000000000000e+00,9.999999991391e-01,4.449190728330e-06,-2.937093076552e-06,1.163781363077e-06,0.000000000000e+00,0.000000000000e+00,OK,,4.241148454653e-08,-2.107305072071e-08,-7.374672372763e-09,2.107305072071e-08,7.374672372763e-09,2.107305072071e-08,6.139244700000e-11,1.400900100000e-09,5.000000000000e-06,24,8.942452125018e+00,BORIS,L1/dt-3e-13/eps-1e-05/ranks-1,4.241148454653e-08,6.327913025500e-09,R12,8.722430000000e+00,-1.386352267715e+00,-1.278842361791e+00,0.000000000000e+00,0.000000000000e+00,0.000000000000e+00,-7.209431270882e-01,-1.386352268953e+00,0.000000000000e+00,0.000000000000e+00,0.000000000000e+00,0.000000000000e+00,0.000000000000e+00,3.851352078238e+00,1.040676311624e+01,0.000000000000e+00,0.000000000000e+00,0.000000000000e+00,0.000000000000e+00,1.329223378796e+00,3.851352078538e+00,0.000000000000e+00,0.000000000000e+00,5.681974045394e-09,2.118407048924e-08,0.000000000000e+00,0.000000000000e+00,1.000000000000e+00,-9.437722312857e-02,-2.358427389514e-10,4.851361733036e-12,0.000000000000e+00,0.000000000000e+00,0.000000000000e+00,9.999999995073e-01,4.472999926008e-08,-1.573429256675e-08,-7.077192578442e-09,0.000000000000e+00,0.000000000000e+00,6.706585157868e+00,1.349762959743e+01,2.554731536424e+01
3.000000000000e-13,OK,,3.074599032038e-07,-9.824087340216e-08,6.603285321002e-08,9.824087340216e-08,6.603285321002e-08,9.824087340216e-08,5.971300100000e-09,1.142134200000e-07,3.000000000000e-05,1,1,1.500000000000e-05,24,9.529331500176e+00,BORIS,L1/dt-3e-13/eps-3e-05/ranks-1,3.074599032038e-07,2.931793472738e-08,R56,9.312200000000e+00,-1.386352280723e+00,-1.278842344891e+00,0.000000000000e+00,0.000000000000e+00,0.000000000000e+00,-7.209431279773e-01,-1.386352243500e+00,0.000000000000e+00,0.000000000000e+00,0.000000000000e+00,0.000000000000e+00,0.000000000000e+00,3.851352078925e+00,1.040676311823e+01,0.000000000000e+00,0.000000000000e+00,0.000000000000e+00,0.000000000000e+00,1.329223378795e+00,3.851352078533e+00,0.000000000000e+00,0.000000000000e+00,5.646912634036e-08,1.063953262003e-07,0.000000000000e+00,0.000000000000e+00,9.999999999968e-01,-9.437754133992e-02,3.117020925633e-11,3.530100292949e-10,0.000000000000e+00,0.000000000000e+00,0.000000000000e+00,9.999999996856e-01,4.072593300097e-07,9.466681512114e-08,-1.355420389054e-08,0.000000000000e+00,0.000000000000e+00,OK,,4.413348442256e-08,-2.140437587070e-08,-7.042419869561e-09,2.140437587070e-08,7.042419869561e-09,2.140437587070e-08,8.376444000000e-11,6.057415100000e-10,1.500000000000e-05,24,8.946400500135e+00,BORIS,L1/dt-3e-13/eps-3e-05/ranks-1,4.413348442256e-08,6.420618667591e-09,R12,8.727340000000e+00,-1.386352268033e+00,-1.278842363513e+00,0.000000000000e+00,0.000000000000e+00,0.000000000000e+00,-7.209431270028e-01,-1.386352269147e+00,0.000000000000e+00,0.000000000000e+00,0.000000000000e+00,0.000000000000e+00,0.000000000000e+00,3.851352078242e+00,1.040676311625e+01,0.000000000000e+00,0.000000000000e+00,0.000000000000e+00,0.000000000000e+00,1.329223378798e+00,3.851352078542e+00,0.000000000000e+00,0.000000000000e+00,6.003489658740e-09,2.126950570353e-08,0.000000000000e+00,0.000000000000e+00,1.000000000000e+00,-9.437722323359e-02,6.327033529155e-11,4.340029955280e-11,0.000000000000e+00,0.000000000000e+00,0.000000000000e+00,9.999999997879e-01,4.473000103644e-08,-1.461051094277e-08,-4.809099645984e-09,0.000000000000e+00,0.000000000000e+00,6.966590271006e+00,4.589756505661e+00,9.376443670368e+00
3.000000000000e-13,OK,,5.018133886849e-08,2.800460914148e-08,4.628025755599e-09,2.800460914148e-08,4.628025755599e-09,2.800460914148e-08,6.998295300000e-10,8.309316500000e-08,1.000000000000e-04,1,1,5.000000000000e-05,24,9.508808250073e+00,BORIS,L1/dt-3e-13/eps-0.0001/ranks-1,5.018133886849e-08,8.139860384030e-09,R52,9.289150000000e+00,-1.386352273842e+00,-1.278842355802e+00,0.000000000000e+00,0.000000000000e+00,0.000000000000e+00,-7.209431281348e-01,-1.386352259755e+00,0.000000000000e+00,0.000000000000e+00,0.000000000000e+00,0.000000000000e+00,0.000000000000e+00,3.851352078931e+00,1.040676311824e+01,0.000000000000e+00,0.000000000000e+00,0.000000000000e+00,0.000000000000e+00,1.329223378795e+00,3.851352078531e+00,0.000000000000e+00,0.000000000000e+00,4.753119141016e-08,5.018133920156e-08,0.000000000000e+00,0.000000000000e+00,9.999999999981e-01,-9.437722992678e-02,4.008666176287e-11,6.450736853196e-11,0.000000000000e+00,0.000000000000e+00,0.000000000000e+00,1.000000000027e+00,3.110604825751e-07,3.110604825751e-07,6.825806383263e-08,0.000000000000e+00,0.000000000000e+00,OK,,4.318748447751e-08,-2.080446509575e-08,-6.380729777905e-09,2.080446509575e-08,6.380729777905e-09,2.080446509575e-08,1.232143300000e-10,1.393147200000e-10,5.000000000000e-05,24,8.934009707998e+00,BORIS,L1/dt-3e-13/eps-0.0001/ranks-1,4.318748447751e-08,6.333396357451e-09,R12,8.712140000000e+00,-1.386352268116e+00,-1.278842362567e+00,0.000000000000e+00,0.000000000000e+00,0.000000000000e+00,-7.209431267461e-01,-1.386352268203e+00,0.000000000000e+00,0.000000000000e+00,0.000000000000e+00,0.000000000000e+00,0.000000000000e+00,3.851352078236e+00,1.040676311624e+01,0.000000000000e+00,0.000000000000e+00,0.000000000000e+00,0.000000000000e+00,1.329223378795e+00,3.851352078537e+00,0.000000000000e+00,0.000000000000e+00,6.200061072147e-09,2.080917560974e-08,0.000000000000e+00,0.000000000000e+00,1.000000000000e+00,-9.437722357436e-02,1.083046596470e-10,1.325419411511e-10,0.000000000000e+00,0.000000000000e+00,0.000000000000e+00,9.999999999293e-01,4.474000014909e-08,-1.406968822792e-08,-4.240118949790e-09,0.000000000000e+00,0.000000000000e+00,1.161941693886e+00,1.346086477715e+00,7.253129213565e-01
3.000000000000e-13,OK,,5.301048444650e-08,-3.988202778216e-08,-1.019955539805e-09,3.988202778216e-08,1.019955539805e-09,3.988202778216e-08,3.927962400000e-10,3.846649700000e-08,3.000000000000e-04,1,1,1.500000000000e-04,24,9.467625458026e+00,BORIS,L1/dt-3e-13/eps-0.0003/ranks-1,5.301048444650e-08,7.398056293807e-09,R12,9.247720000000e+00,-1.386352279435e+00,-1.278842372390e+00,0.000000000000e+00,0.000000000000e+00,0.000000000000e+00,-7.209431247281e-01,-1.386352259869e+00,0.000000000000e+00,0.000000000000e+00,0.000000000000e+00,0.000000000000e+00,0.000000000000e+00,3.851352078927e+00,1.040676311824e+01,0.000000000000e+00,0.000000000000e+00,0.000000000000e+00,0.000000000000e+00,1.329223378795e+00,3.851352078535e+00,0.000000000000e+00,0.000000000000e+00,8.830469684270e-09,1.551740785070e-08,0.000000000000e+00,0.000000000000e+00,9.999999999988e-01,-9.437721702503e-02,2.389286180255e-11,2.407687948698e-11,0.000000000000e+00,0.000000000000e+00,0.000000000000e+00,1.000000000024e+00,1.411980100063e-07,-6.324880770804e-08,2.401788881263e-08,0.000000000000e+00,0.000000000000e+00,OK,,4.321048452383e-08,-2.085280470451e-08,-6.432115173823e-09,2.085280470451e-08,6.432115173823e-09,2.085280470451e-08,1.637356900000e-12,6.623753800000e-11,1.500000000000e-04,24,8.899468749994e+00,BORIS,L1/dt-3e-13/eps-0.0003/ranks-1,4.321048452383e-08,6.333991394346e-09,R12,8.677810000000e+00,-1.386352268076e+00,-1.278842362590e+00,0.000000000000e+00,0.000000000000e+00,0.000000000000e+00,-7.209431267927e-01,-1.386352268349e+00,0.000000000000e+00,0.000000000000e+00,0.000000000000e+00,0.000000000000e+00,0.000000000000e+00,3.851352078242e+00,1.040676311625e+01,0.000000000000e+00,0.000000000000e+00,0.000000000000e+00,0.000000000000e+00,1.329223378798e+00,3.851352078542e+00,0.000000000000e+00,0.000000000000e+00,6.123607041199e-09,2.071796277214e-08,0.000000000000e+00,0.000000000000e+00,1.000000000000e+00,-9.437722359884e-02,-1.333076723066e-11,-6.623753764063e-11,0.000000000000e+00,0.000000000000e+00,0.000000000000e+00,9.999999999812e-01,4.473000103644e-08,-1.414346339325e-08,-4.414434234185e-09,0.000000000000e+00,0.000000000000e+00,1.226796807087e+00,1.912549815111e+00,1.585723377523e-01
3.000000000000e-13,OK,,4.787448437682e-08,-2.766861921015e-08,-8.812385629897e-09,2.766861921015e-08,8.812385629897e-09,2.766861921015e-08,9.953682300000e-11,7.996984800000e-09,1.000000000000e-03,1,1,5.000000000000e-04,24,9.466234790860e+00,BORIS,L1/dt-3e-13/eps-0.001/ranks-1,4.787448437682e-08,7.171978887022e-09,R12,9.245040000000e+00,-1.386352265665e+00,-1.278842367254e+00,0.000000000000e+00,0.000000000000e+00,0.000000000000e+00,-7.209431258074e-01,-1.386352272196e+00,0.000000000000e+00,0.000000000000e+00,0.000000000000e+00,0.000000000000e+00,0.000000000000e+00,3.851352078925e+00,1.040676311823e+01,0.000000000000e+00,0.000000000000e+00,0.000000000000e+00,0.000000000000e+00,1.329223378795e+00,3.851352078534e+00,0.000000000000e+00,0.000000000000e+00,8.803000851159e-09,3.508837595642e-08,0.000000000000e+00,0.000000000000e+00,9.999999999991e-01,-9.437721716879e-02,-1.027833911678e-11,-2.744411482646e-11,0.000000000000e+00,0.000000000000e+00,0.000000000000e+00,9.999999999943e-01,5.840499994747e-08,-4.660981881950e-08,-1.305452164990e-08,0.000000000000e+00,0.000000000000e+00,OK,,4.322848456972e-08,-2.085161215971e-08,-6.406301156231e-09,2.085161215971e-08,6.406301156231e-09,2.085161215971e-08,1.755862100000e-11,1.222831900000e-11,5.000000000000e-04,24,8.869032749906e+00,BORIS,L1/dt-3e-13/eps-0.001/ranks-1,4.322848456972e-08,6.334526451896e-09,R12,8.650060000000e+00,-1.386352268104e+00,-1.278842362608e+00,0.000000000000e+00,0.000000000000e+00,0.000000000000e+00,-7.209431268050e-01,-1.386352268325e+00,0.000000000000e+00,0.000000000000e+00,0.000000000000e+00,0.000000000000e+00,0.000000000000e+00,3.851352078241e+00,1.040676311625e+01,0.000000000000e+00,0.000000000000e+00,0.000000000000e+00,0.000000000000e+00,1.329223378798e+00,3.851352078542e+00,0.000000000000e+00,0.000000000000e+00,6.138799913973e-09,2.071215862017e-08,0.000000000000e+00,0.000000000000e+00,1.000000000000e+00,-9.437722361487e-02,4.324116659031e-12,-5.994015667968e-12,0.000000000000e+00,0.000000000000e+00,0.000000000000e+00,9.999999999883e-01,4.472000014744e-08,-1.414990829959e-08,-4.391571300429e-09,0.000000000000e+00,0.000000000000e+00,1.107475426292e+00,1.326929495822e+00,1.375580918691e+00
3.000000000000e-13,OK,,4.398048436549e-08,-2.205497508207e-08,-7.169092961283e-09,2.205497508207e-08,7.169092961283e-09,2.205497508207e-08,2.662607900000e-10,1.172607700000e-09,3.000000000000e-03,1,1,1.500000000000e-03,24,9.533858791925e+00,BORIS,L1/dt-3e-13/eps-0.003/ranks-1,4.398048436549e-08,6.398566273065e-09,R12,9.314730000000e+00,-1.386352267770e+00,-1.278842363360e+00,0.000000000000e+00,0.000000000000e+00,0.000000000000e+00,-7.209431264381e-01,-1.386352268522e+00,0.000000000000e+00,0.000000000000e+00,0.000000000000e+00,0.000000000000e+00,0.000000000000e+00,3.851352078852e+00,1.040676311806e+01,0.000000000000e+00,0.000000000000e+00,0.000000000000e+00,0.000000000000e+00,1.329223378762e+00,3.851352078459e+00,0.000000000000e+00,0.000000000000e+00,6.193365938846e-09,2.258032076714e-08,0.000000000000e+00,0.000000000000e+00,9.999999999989e-01,-9.437722006571e-02,-2.324810641289e-12,1.185510886512e-12,0.000000000000e+00,0.000000000000e+00,0.000000000000e+00,1.000000000000e+00,4.306999912274e-08,-1.457631798996e-08,-7.930579893756e-09,0.000000000000e+00,0.000000000000e+00,OK,,4.317448443203e-08,-2.082746057548e-08,-6.407609831616e-09,2.082746057548e-08,6.407609831616e-09,2.082746057548e-08,1.448841000000e-12,6.061942500000e-12,1.500000000000e-03,24,8.930905167013e+00,BORIS,L1/dt-3e-13/eps-0.003/ranks-1,4.317448443203e-08,6.340470033327e-09,R12,8.710180000000e+00,-1.386352268085e+00,-1.278842362554e+00,0.000000000000e+00,0.000000000000e+00,0.000000000000e+00,-7.209431268089e-01,-1.386352268324e+00,0.000000000000e+00,0.000000000000e+00,0.000000000000e+00,0.000000000000e+00,0.000000000000e+00,3.851352078174e+00,1.040676311610e+01,0.000000000000e+00,0.000000000000e+00,0.000000000000e+00,0.000000000000e+00,1.329223378765e+00,3.851352078469e+00,0.000000000000e+00,0.000000000000e+00,6.138119131022e-09,2.068447126288e-08,0.000000000000e+00,0.000000000000e+00,1.000000000000e+00,-9.437722363890e-02,1.620509243709e-12,4.610920937413e-12,0.000000000000e+00,0.000000000000e+00,0.000000000000e+00,9.999999999996e-01,4.472999926008e-08,-1.414613914290e-08,-4.387614558564e-09,0.000000000000e+00,0.000000000000e+00,1.018668432155e+00,1.058937310295e+00,1.118840433434e+00
3.000000000000e-13,OK,,5.826341009652e-08,-1.704740357801e-08,-5.393981125981e-09,1.704740357801e-08,5.393981125981e-09,1.704740357801e-08,4.840683400000e-10,7.051471600000e-10,1.000000000000e-02,1,1,5.000000000000e-03,24,9.570019874955e+00,BORIS,L1/dt-3e-13/eps-0.01/ranks-1,5.826341009652e-08,7.068680752207e-09,R34,9.349570000000e+00,-1.386352265569e+00,-1.278842354252e+00,0.000000000000e+00,0.000000000000e+00,0.000000000000e+00,-7.209431257724e-01,-1.386352265058e+00,0.000000000000e+00,0.000000000000e+00,0.000000000000e+00,0.000000000000e+00,0.000000000000e+00,3.851352070539e+00,1.040676309972e+01,0.000000000000e+00,0.000000000000e+00,0.000000000000e+00,0.000000000000e+00,1.329223374685e+00,3.851352069484e+00,0.000000000000e+00,0.000000000000e+00,5.286027261803e-09,1.729216078495e-08,0.000000000000e+00,0.000000000000e+00,9.999999999989e-01,-9.437722553534e-02,7.495656684079e-13,-3.109302932892e-13,0.000000000000e+00,0.000000000000e+00,0.000000000000e+00,9.999999999998e-01,4.287000088254e-08,-1.208456377506e-08,-4.011843767683e-09,0.000000000000e+00,0.000000000000e+00,OK,,6.025340937299e-08,-1.750188233597e-08,-5.570895578177e-09,1.750188233597e-08,5.570895578177e-09,1.750188233597e-08,6.014888600000e-10,8.241795000000e-10,5.000000000000e-03,24,8.881452665897e+00,BORIS,L1/dt-3e-13/eps-0.01/ranks-1,6.025340937299e-08,7.194319554463e-09,R34,8.660520000000e+00,-1.386352265243e+00,-1.278842353997e+00,0.000000000000e+00,0.000000000000e+00,0.000000000000e+00,-7.209431256483e-01,-1.386352265051e+00,0.000000000000e+00,0.000000000000e+00,0.000000000000e+00,0.000000000000e+00,0.000000000000e+00,3.851352069851e+00,1.040676309773e+01,0.000000000000e+00,0.000000000000e+00,0.000000000000e+00,0.000000000000e+00,1.329223374686e+00,3.851352069488e+00,0.000000000000e+00,0.000000000000e+00,5.079799386747e-09,1.723977073545e-08,0.000000000000e+00,0.000000000000e+00,1.000000000000e+00,-9.437722547247e-02,3.781471578954e-13,-4.633473998079e-13,0.000000000000e+00,0.000000000000e+00,0.000000000000e+00,1.000000000001e+00,4.474000014909e-08,-1.413864562038e-08,-4.384764445554e-09,0.000000000000e+00,0.000000000000e+00,9.669728352772e-01,9.740325783687e-01,9.682430859252e-01
3.000000000000e-13,OK,,1.540893409313e-06,2.508956265629e-07,6.197465979624e-08,2.508956265629e-07,6.197465979624e-08,2.508956265629e-07,4.856059500000e-08,6.663449300000e-08,3.000000000000e-02,1,1,1.500000000000e-02,24,9.527991209179e+00,BORIS,L1/dt-3e-13/eps-0.03/ranks-1,1.540893409313e-06,1.698179764181e-07,R34,9.270400000000e+00,-1.386352036513e+00,-1.278841664935e+00,0.000000000000e+00,0.000000000000e+00,0.000000000000e+00,-7.209430323457e-01,-1.386352001912e+00,0.000000000000e+00,0.000000000000e+00,0.000000000000e+00,0.000000000000e+00,0.000000000000e+00,3.851351398620e+00,1.040676161709e+01,0.000000000000e+00,0.000000000000e+00,0.000000000000e+00,0.000000000000e+00,1.329223045391e+00,3.851351344548e+00,0.000000000000e+00,0.000000000000e+00,-7.990171242291e-08,-2.604547859655e-07,0.000000000000e+00,0.000000000000e+00,9.999999999989e-01,-9.437737357814e-02,2.546680249129e-13,1.270899612959e-13,0.000000000000e+00,0.000000000000e+00,0.000000000000e+00,1.000000000000e+00,4.296000000181e-08,-1.412965353870e-08,-4.016240754440e-09,0.000000000000e+00,0.000000000000e+00,OK,,1.542903408591e-06,2.508072130516e-07,6.177214617596e-08,2.508072130516e-07,6.177214617596e-08,2.508072130516e-07,4.862344700000e-08,6.670001300000e-08,1.500000000000e-02,24,8.906260624994e+00,BORIS,L1/dt-3e-13/eps-0.03/ranks-1,1.542903408591e-06,1.699823216613e-07,R34,8.683680000000e+00,-1.386352036117e+00,-1.278841664216e+00,0.000000000000e+00,0.000000000000e+00,0.000000000000e+00,-7.209430324087e-01,-1.386352001944e+00,0.000000000000e+00,0.000000000000e+00,0.000000000000e+00,0.000000000000e+00,0.000000000000e+00,3.851351397923e+00,1.040676161508e+01,0.000000000000e+00,0.000000000000e+00,0.000000000000e+00,0.000000000000e+00,1.329223045390e+00,3.851351344548e+00,0.000000000000e+00,0.000000000000e+00,-8.004943181387e-08,-2.606022820295e-07,0.000000000000e+00,0.000000000000e+00,1.000000000000e+00,-9.437737342197e-02,-1.451816974251e-13,-3.647618772750e-13,0.000000000000e+00,0.000000000000e+00,0.000000000000e+00,1.000000000000e+00,4.474000014909e-08,-1.413893832610e-08,-4.383833880190e-09,0.000000000000e+00,0.000000000000e+00,9.986972617555e-01,1.000352515824e+00,1.003278397025e+00
3.000000000000e-13,OK,,1.882978134091e-04,3.394566367958e-05,8.440960893800e-06,3.394566367958e-05,8.440960893800e-06,3.394566367958e-05,5.940052600000e-06,8.293268000000e-06,1.000000000000e-01,1,1,5.000000000000e-02,24,9.980784625048e+00,BORIS,L1/dt-3e-13/eps-0.1/ranks-1,1.882978134091e-04,2.107861306931e-05,R34,9.736080000000e+00,-1.386323218875e+00,-1.278754915761e+00,0.000000000000e+00,0.000000000000e+00,0.000000000000e+00,-7.209313459910e-01,-1.386318993419e+00,0.000000000000e+00,0.000000000000e+00,0.000000000000e+00,0.000000000000e+00,0.000000000000e+00,3.851266651360e+00,1.040657486017e+01,0.000000000000e+00,0.000000000000e+00,0.000000000000e+00,0.000000000000e+00,1.329181527105e+00,3.851260055589e+00,0.000000000000e+00,0.000000000000e+00,-1.081445320425e-05,-3.521872068054e-05,0.000000000000e+00,0.000000000000e+00,9.999999999989e-01,-9.439601073142e-02,1.173057256843e-13,3.378254386092e-14,0.000000000000e+00,0.000000000000e+00,0.000000000000e+00,9.999999999999e-01,4.296000000181e-08,-1.406489220000e-08,-4.220466705000e-09,0.000000000000e+00,0.000000000000e+00,OK,,1.882998034084e-04,3.394559172204e-05,8.440847774017e-06,3.394559172204e-05,8.440847774017e-06,3.394559172204e-05,5.940054000000e-06,8.293270000000e-06,5.000000000000e-02,24,8.887504916871e+00,BORIS,L1/dt-3e-13/eps-0.1/ranks-1,1.882998034084e-04,2.107877563879e-05,R34,8.665090000000e+00,-1.386323218479e+00,-1.278754915021e+00,0.000000000000e+00,0.000000000000e+00,0.000000000000e+00,-7.209313460635e-01,-1.386318993496e+00,0.000000000000e+00,0.000000000000e+00,0.000000000000e+00,0.000000000000e+00,0.000000000000e+00,3.851266650676e+00,1.040657485818e+01,0.000000000000e+00,0.000000000000e+00,0.000000000000e+00,0.000000000000e+00,1.329181527107e+00,3.851260055594e+00,0.000000000000e+00,0.000000000000e+00,-1.081462197856e-05,-3.521883157270e-05,0.000000000000e+00,0.000000000000e+00,1.000000000000e+00,-9.439601065477e-02,1.117340118522e-13,1.034169267543e-13,0.000000000000e+00,0.000000000000e+00,0.000000000000e+00,1.000000000000e+00,4.472999926008e-08,-1.414044482000e-08,-4.384479525000e-09,0.000000000000e+00,0.000000000000e+00,9.999894317505e-01,1.000002119790e+00,1.000013401472e+00
1.000000000000e-12,OK,,1.809798439242e-06,-4.471042355396e-07,-3.146962851735e-07,4.471042355396e-07,3.146962851735e-07,4.471042355396e-07,3.938071100000e-08,1.593077800000e-06,1.000000000000e-06,1,1,5.000000000000e-07,24,3.941466375021e+00,BORIS,L1/dt-1e-12/eps-1e-06/ranks-1,1.809798439242e-06,1.880965426564e-07,R52,3.719330000000e+00,-1.386352052469e+00,-1.278842688661e+00,0.000000000000e+00,0.000000000000e+00,0.000000000000e+00,-7.209431918022e-01,-1.386352742847e+00,0.000000000000e+00,0.000000000000e+00,0.000000000000e+00,0.000000000000e+00,0.000000000000e+00,3.851351837070e+00,1.040676263085e+01,0.000000000000e+00,0.000000000000e+00,0.000000000000e+00,0.000000000000e+00,1.329223261135e+00,3.851351834250e+00,0.000000000000e+00,0.000000000000e+00,5.843829058452e-07,1.809798439575e-06,0.000000000000e+00,0.000000000000e+00,1.000000000064e+00,-9.437655652555e-02,3.746356392999e-09,7.168641533007e-09,0.000000000000e+00,0.000000000000e+00,0.000000000000e+00,9.999999986015e-01,1.789267108999e-05,-6.003532538087e-07,-2.158545766906e-06,0.000000000000e+00,0.000000000000e+00,OK,,5.497934090215e-07,-1.817932465384e-07,-5.730017267183e-08,1.817932465384e-07,5.730017267183e-08,1.817932465384e-07,7.049643100000e-10,3.907006100000e-08,5.000000000000e-07,24,3.512069625081e+00,BORIS,L1/dt-1e-12/eps-1e-06/ranks-1,5.497934090215e-07,7.100431684584e-08,R34,3.289540000000e+00,-1.386352382604e+00,-1.278842739573e+00,0.000000000000e+00,0.000000000000e+00,0.000000000000e+00,-7.209431630849e-01,-1.386352382911e+00,0.000000000000e+00,0.000000000000e+00,0.000000000000e+00,0.000000000000e+00,0.000000000000e+00,3.851351829246e+00,1.040676260819e+01,0.000000000000e+00,0.000000000000e+00,0.000000000000e+00,0.000000000000e+00,1.329223261134e+00,3.851351834248e+00,0.000000000000e+00,0.000000000000e+00,9.090949785698e-08,1.556718448222e-07,0.000000000000e+00,0.000000000000e+00,1.000000000000e+00,-9.437716863086e-02,-2.278833817090e-09,-2.232190359050e-09,0.000000000000e+00,0.000000000000e+00,0.000000000000e+00,1.000000001284e+00,5.527900004410e-07,-1.716237214563e-07,-5.339997293407e-08,0.000000000000e+00,0.000000000000e+00,3.291779074731e+00,2.459410588969e+00,5.492065215507e+00
1.000000000000e-12,OK,,5.753518268065e-07,-1.904188208138e-08,-2.179082510791e-08,1.904188208138e-08,2.179082510791e-08,2.179082510791e-08,1.692444900000e-08,3.703296700000e-07,3.000000000000e-06,1,1,1.500000000000e-06,24,3.941283333115e+00,BORIS,L1/dt-1e-12/eps-3e-06/ranks-1,5.753518268065e-07,8.554404270572e-08,R56,3.720140000000e+00,-1.386352200766e+00,-1.278842628476e+00,0.000000000000e+00,0.000000000000e+00,0.000000000000e+00,-7.209431865992e-01,-1.386352514795e+00,0.000000000000e+00,0.000000000000e+00,0.000000000000e+00,0.000000000000e+00,0.000000000000e+00,3.851351837069e+00,1.040676263085e+01,0.000000000000e+00,0.000000000000e+00,0.000000000000e+00,0.000000000000e+00,1.329223261135e+00,3.851351834249e+00,0.000000000000e+00,0.000000000000e+00,-1.043148612426e-07,3.687201267832e-07,0.000000000000e+00,0.000000000000e+00,1.000000000002e+00,-9.437665852819e-02,1.460185331430e-09,1.496880124446e-09,0.000000000000e+00,0.000000000000e+00,0.000000000000e+00,1.000000002883e+00,7.559545186203e-06,6.259676799723e-06,-2.259396002250e-07,0.000000000000e+00,0.000000000000e+00,OK,,5.497934090215e-07,-1.830164518072e-07,-5.800750269371e-08,1.830164518072e-07,5.800750269371e-08,1.830164518072e-07,1.842446000000e-09,8.840731800000e-08,1.500000000000e-06,24,3.508552999934e+00,BORIS,L1/dt-1e-12/eps-3e-06/ranks-1,5.497934090215e-07,7.306434700774e-08,R34,3.287010000000e+00,-1.386352384936e+00,-1.278842744267e+00,0.000000000000e+00,0.000000000000e+00,0.000000000000e+00,-7.209431681863e-01,-1.386352387829e+00,0.000000000000e+00,0.000000000000e+00,0.000000000000e+00,0.000000000000e+00,0.000000000000e+00,3.851351829246e+00,1.040676260819e+01,0.000000000000e+00,0.000000000000e+00,0.000000000000e+00,0.000000000000e+00,1.329223261134e+00,3.851351834248e+00,0.000000000000e+00,0.000000000000e+00,-3.697165928971e-08,2.323924825872e-07,0.000000000000e+00,0.000000000000e+00,1.000000000000e+00,-9.437709814670e-02,9.532195709010e-10,3.066683229868e-09,0.000000000000e+00,0.000000000000e+00,0.000000000000e+00,1.000000002279e+00,5.527900004410e-07,-1.802029531740e-07,-5.763891246964e-08,0.000000000000e+00,0.000000000000e+00,1.046487312081e+00,1.040446467700e-01,3.756552876094e-01
1.000000000000e-12,OK,,7.050644845741e-07,-3.382702850702e-07,-7.380466977792e-08,3.382702850702e-07,7.380466977792e-08,3.382702850702e-07,2.328572900000e-09,1.254414900000e-07,1.000000000000e-05,1,1,5.000000000000e-06,24,3.925657958025e+00,BORIS,L1/dt-1e-12/eps-1e-05/ranks-1,7.050644845741e-07,9.681032931158e-08,R12,3.706440000000e+00,-1.386352438018e+00,-1.278843024444e+00,0.000000000000e+00,0.000000000000e+00,0.000000000000e+00,-7.209431107387e-01,-1.386352426024e+00,0.000000000000e+00,0.000000000000e+00,0.000000000000e+00,0.000000000000e+00,0.000000000000e+00,3.851351837071e+00,1.040676263086e+01,0.000000000000e+00,0.000000000000e+00,0.000000000000e+00,0.000000000000e+00,1.329223261135e+00,3.851351834251e+00,0.000000000000e+00,0.000000000000e+00,1.608562880487e-08,4.022375992321e-07,0.000000000000e+00,0.000000000000e+00,9.999999999913e-01,-9.437690161733e-02,2.885462000848e-10,-1.953639127378e-10,0.000000000000e+00,0.000000000000e+00,0.000000000000e+00,1.000000000098e+00,4.637983991764e-06,-2.990927128506e-06,9.015736124845e-07,0.000000000000e+00,0.000000000000e+00,OK,,5.497934090215e-07,-1.815064454785e-07,-5.650191708936e-08,1.815064454785e-07,5.650191708936e-08,1.815064454785e-07,3.672742100000e-10,2.704091000000e-08,5.000000000000e-06,24,3.480207541026e+00,BORIS,L1/dt-1e-12/eps-1e-05/ranks-1,5.497934090215e-07,7.173805408691e-08,R34,3.259440000000e+00,-1.386352383332e+00,-1.278842742279e+00,0.000000000000e+00,0.000000000000e+00,0.000000000000e+00,-7.209431662505e-01,-1.386352386854e+00,0.000000000000e+00,0.000000000000e+00,0.000000000000e+00,0.000000000000e+00,0.000000000000e+00,3.851351829247e+00,1.040676260819e+01,0.000000000000e+00,0.000000000000e+00,0.000000000000e+00,0.000000000000e+00,1.329223261134e+00,3.851351834248e+00,0.000000000000e+00,0.000000000000e+00,2.550962117608e-08,1.950583608739e-07,0.000000000000e+00,0.000000000000e+00,1.000000000000e+00,-9.437713394066e-02,-2.783228202785e-10,-8.145416419357e-10,0.000000000000e+00,0.000000000000e+00,0.000000000000e+00,9.999999997347e-01,5.527799995519e-07,-1.761676873245e-07,-5.620443729504e-08,0.000000000000e+00,0.000000000000e+00,1.282417127970e+00,1.863681943517e+00,1.306233019690e+00
1.000000000000e-12,OK,,5.271334089230e-07,-2.369637735199e-07,-7.150183513294e-08,2.369637735199e-07,7.150183513294e-08,2.369637735199e-07,4.981687300000e-10,3.908796900000e-08,3.000000000000e-05,1,1,1.500000000000e-05,24,3.969217333011e+00,BORIS,L1/dt-1e-12/eps-3e-05/ranks-1,5.271334089230e-07,7.704552293506e-08,R34,3.745150000000e+00,-1.386352393562e+00,-1.278842823622e+00,0.000000000000e+00,0.000000000000e+00,0.000000000000e+00,-7.209431516593e-01,-1.386352405388e+00,0.000000000000e+00,0.000000000000e+00,0.000000000000e+00,0.000000000000e+00,0.000000000000e+00,3.851351837071e+00,1.040676263085e+01,0.000000000000e+00,0.000000000000e+00,0.000000000000e+00,0.000000000000e+00,1.329223261135e+00,3.851351834250e+00,0.000000000000e+00,0.000000000000e+00,3.263215671010e-08,2.473512392309e-07,0.000000000000e+00,0.000000000000e+00,1.000000000002e+00,-9.437707824313e-02,-1.001985790617e-10,-2.854847216108e-10,0.000000000000e+00,0.000000000000e+00,0.000000000000e+00,9.999999997088e-01,5.303399994716e-07,-4.405608499660e-08,-1.510888922335e-07,0.000000000000e+00,0.000000000000e+00,OK,,5.497934090215e-07,-1.815671704680e-07,-5.657709295502e-08,1.815671704680e-07,5.657709295502e-08,1.815671704680e-07,2.145721400000e-10,9.227363900000e-09,1.500000000000e-05,24,3.519797374960e+00,BORIS,L1/dt-1e-12/eps-3e-05/ranks-1,5.497934090215e-07,7.149358631906e-08,R34,3.299170000000e+00,-1.386352382914e+00,-1.278842741962e+00,0.000000000000e+00,0.000000000000e+00,0.000000000000e+00,-7.209431659529e-01,-1.386352386736e+00,0.000000000000e+00,0.000000000000e+00,0.000000000000e+00,0.000000000000e+00,0.000000000000e+00,3.851351829246e+00,1.040676260819e+01,0.000000000000e+00,0.000000000000e+00,0.000000000000e+00,0.000000000000e+00,1.329223261134e+00,3.851351834248e+00,0.000000000000e+00,0.000000000000e+00,4.323913659601e-08,1.843323184543e-07,0.000000000000e+00,0.000000000000e+00,1.000000000000e+00,-9.437714406877e-02,-2.836907450097e-11,8.816805624918e-11,0.000000000000e+00,0.000000000000e+00,0.000000000000e+00,1.000000000022e+00,5.527900004410e-07,-1.747733055401e-07,-5.434377273144e-08,0.000000000000e+00,0.000000000000e+00,9.587845184633e-01,1.305102529874e+00,1.263794786872e+00
1.000000000000e-12,OK,,5.271334089230e-07,-1.829780214375e-07,-5.610362349215e-08,1.829780214375e-07,5.610362349215e-08,1.829780214375e-07,6.059647200000e-10,9.462161900000e-09,1.000000000000e-04,1,1,5.000000000000e-05,24,3.945811499842e+00,BORIS,L1/dt-1e-12/eps-0.0001/ranks-1,5.271334089230e-07,7.038656782180e-08,R34,3.723840000000e+00,-1.386352386152e+00,-1.278842752844e+00,0.000000000000e+00,0.000000000000e+00,0.000000000000e+00,-7.209431645612e-01,-1.386352387694e+00,0.000000000000e+00,0.000000000000e+00,0.000000000000e+00,0.000000000000e+00,0.000000000000e+00,3.851351837069e+00,1.040676263085e+01,0.000000000000e+00,0.000000000000e+00,0.000000000000e+00,0.000000000000e+00,1.329223261135e+00,3.851351834251e+00,0.000000000000e+00,0.000000000000e+00,4.467889148321e-08,1.742827898519e-07,0.000000000000e+00,0.000000000000e+00,9.999999999944e-01,-9.437715545047e-02,-3.911801964112e-11,-6.187646314426e-11,0.000000000000e+00,0.000000000000e+00,0.000000000000e+00,9.999999998845e-01,5.303900003639e-07,1.000778519961e-07,7.526414584880e-09,0.000000000000e+00,0.000000000000e+00,OK,,5.497934090215e-07,-1.815887711151e-07,-5.675953129725e-08,1.815887711151e-07,5.675953129725e-08,1.815887711151e-07,1.047733000000e-10,2.564315300000e-09,5.000000000000e-05,24,3.469881166937e+00,BORIS,L1/dt-1e-12/eps-0.0001/ranks-1,5.497934090215e-07,7.145582052080e-08,R34,3.248340000000e+00,-1.386352383233e+00,-1.278842742247e+00,0.000000000000e+00,0.000000000000e+00,0.000000000000e+00,-7.209431664249e-01,-1.386352387175e+00,0.000000000000e+00,0.000000000000e+00,0.000000000000e+00,0.000000000000e+00,0.000000000000e+00,3.851351829246e+00,1.040676260819e+01,0.000000000000e+00,0.000000000000e+00,0.000000000000e+00,0.000000000000e+00,1.329223261134e+00,3.851351834248e+00,0.000000000000e+00,0.000000000000e+00,4.965845854319e-08,1.808176070732e-07,0.000000000000e+00,0.000000000000e+00,1.000000000000e+00,-9.437714757446e-02,3.918647335900e-11,1.284601040008e-10,0.000000000000e+00,0.000000000000e+00,0.000000000000e+00,1.000000000099e+00,5.527900004410e-07,-1.748539942473e-07,-5.461892046913e-08,0.000000000000e+00,0.000000000000e+00,9.587845184633e-01,1.007650529897e+00,9.884440940559e-01
1.000000000000e-12,OK,,5.271234098103e-07,-1.840631231507e-07,-5.259098257945e-08,1.840631231507e-07,5.259098257945e-08,1.840631231507e-07,1.873180500000e-10,7.876136400000e-09,3.000000000000e-04,1,1,1.500000000000e-04,24,3.958884417079e+00,BORIS,L1/dt-1e-12/eps-0.0003/ranks-1,5.271234098103e-07,7.079737147666e-08,R34,3.739290000000e+00,-1.386352391323e+00,-1.278842757893e+00,0.000000000000e+00,0.000000000000e+00,0.000000000000e+00,-7.209431634086e-01,-1.386352384290e+00,0.000000000000e+00,0.000000000000e+00,0.000000000000e+00,0.000000000000e+00,0.000000000000e+00,3.851351837071e+00,1.040676263086e+01,0.000000000000e+00,0.000000000000e+00,0.000000000000e+00,0.000000000000e+00,1.329223261135e+00,3.851351834251e+00,0.000000000000e+00,0.000000000000e+00,5.191221688834e-08,1.821309193485e-07,0.000000000000e+00,0.000000000000e+00,1.000000000001e+00,-9.437715375275e-02,1.125799659004e-11,4.486579028049e-13,0.000000000000e+00,0.000000000000e+00,0.000000000000e+00,1.000000000012e+00,5.303900003639e-07,-2.074299030766e-07,-2.755313822701e-08,0.000000000000e+00,0.000000000000e+00,OK,,5.498034099105e-07,-1.816120371005e-07,-5.675285025265e-08,1.816120371005e-07,5.675285025265e-08,1.816120371005e-07,1.077393700000e-11,1.095026800000e-09,1.500000000000e-04,24,3.482416833052e+00,BORIS,L1/dt-1e-12/eps-0.0003/ranks-1,5.498034099105e-07,7.143290218348e-08,R34,3.260740000000e+00,-1.386352383150e+00,-1.278842742262e+00,0.000000000000e+00,0.000000000000e+00,0.000000000000e+00,-7.209431662994e-01,-1.386352387127e+00,0.000000000000e+00,0.000000000000e+00,0.000000000000e+00,0.000000000000e+00,0.000000000000e+00,3.851351829245e+00,1.040676260818e+01,0.000000000000e+00,0.000000000000e+00,0.000000000000e+00,0.000000000000e+00,1.329223261134e+00,3.851351834247e+00,0.000000000000e+00,0.000000000000e+00,5.115658184771e-08,1.796310506945e-07,0.000000000000e+00,0.000000000000e+00,1.000000000000e+00,-9.437714871122e-02,9.527553753332e-12,1.931526508600e-13,0.000000000000e+00,0.000000000000e+00,0.000000000000e+00,1.000000000016e+00,5.528000013300e-07,-1.749026957892e-07,-5.473516931301e-08,0.000000000000e+00,0.000000000000e+00,9.587488915285e-01,1.013496275298e+00,9.266668078401e-01
1.000000000000e-12,OK,,5.271334089230e-07,-1.822358906337e-07,-5.510497054456e-08,1.822358906337e-07,5.510497054456e-08,1.822358906337e-07,1.780213800000e-10,2.275159800000e-09,1.000000000000e-03,1,1,5.000000000000e-04,24,3.928230667021e+00,BORIS,L1/dt-1e-12/eps-0.001/ranks-1,5.271334089230e-07,7.052863063629e-08,R34,3.707210000000e+00,-1.386352386698e+00,-1.278842750181e+00,0.000000000000e+00,0.000000000000e+00,0.000000000000e+00,-7.209431648411e-01,-1.386352386241e+00,0.000000000000e+00,0.000000000000e+00,0.000000000000e+00,0.000000000000e+00,0.000000000000e+00,3.851351837068e+00,1.040676263085e+01,0.000000000000e+00,0.000000000000e+00,0.000000000000e+00,0.000000000000e+00,1.329223261135e+00,3.851351834249e+00,0.000000000000e+00,0.000000000000e+00,5.609476600894e-08,1.844484526988e-07,0.000000000000e+00,0.000000000000e+00,9.999999999994e-01,-9.437714896922e-02,-3.268125861276e-12,-7.661710055177e-12,0.000000000000e+00,0.000000000000e+00,0.000000000000e+00,1.000000000002e+00,5.304300003672e-07,-2.011770902431e-07,-5.934710656456e-08,0.000000000000e+00,0.000000000000e+00,OK,,5.498034099105e-07,-1.816385027437e-07,-5.676981573721e-08,1.816385027437e-07,5.676981573721e-08,1.816385027437e-07,5.869416100000e-12,1.468364400000e-10,5.000000000000e-04,24,3.524689000100e+00,BORIS,L1/dt-1e-12/eps-0.001/ranks-1,5.498034099105e-07,7.143379816054e-08,R34,3.303340000000e+00,-1.386352383167e+00,-1.278842742283e+00,0.000000000000e+00,0.000000000000e+00,0.000000000000e+00,-7.209431662995e-01,-1.386352387136e+00,0.000000000000e+00,0.000000000000e+00,0.000000000000e+00,0.000000000000e+00,0.000000000000e+00,3.851351829244e+00,1.040676260818e+01,0.000000000000e+00,0.000000000000e+00,0.000000000000e+00,0.000000000000e+00,1.329223261133e+00,3.851351834246e+00,0.000000000000e+00,0.000000000000e+00,5.227791900829e-08,1.793620801740e-07,0.000000000000e+00,0.000000000000e+00,1.000000000000e+00,-9.437714893379e-02,-8.090181405175e-13,6.495353898612e-13,0.000000000000e+00,0.000000000000e+00,0.000000000000e+00,1.000000000000e+00,5.527900004410e-07,-1.749367988836e-07,-5.475508588141e-08,0.000000000000e+00,0.000000000000e+00,9.587670782340e-01,1.003288883585e+00,9.706737608528e-01
1.000000000000e-12,OK,,5.272834098236e-07,-1.814271905813e-07,-5.481624571432e-08,1.814271905813e-07,5.481624571432e-08,1.814271905813e-07,8.020628600000e-11,9.947833000000e-10,3.000000000000e-03,1,1,1.500000000000e-03,24,3.920741166919e+00,BORIS,L1/dt-1e-12/eps-0.003/ranks-1,5.272834098236e-07,7.045876841511e-08,R34,3.697120000000e+00,-1.386352387662e+00,-1.278842750531e+00,0.000000000000e+00,0.000000000000e+00,0.000000000000e+00,-7.209431648620e-01,-1.386352385551e+00,0.000000000000e+00,0.000000000000e+00,0.000000000000e+00,0.000000000000e+00,0.000000000000e+00,3.851351837002e+00,1.040676263070e+01,0.000000000000e+00,0.000000000000e+00,0.000000000000e+00,0.000000000000e+00,1.329223261102e+00,3.851351834177e+00,0.000000000000e+00,0.000000000000e+00,5.440359619358e-08,1.804256331969e-07,0.000000000000e+00,0.000000000000e+00,9.999999999995e-01,-9.437714950868e-02,-6.215823344581e-13,2.580392410058e-12,0.000000000000e+00,0.000000000000e+00,0.000000000000e+00,9.999999999985e-01,5.304300003672e-07,-1.739485334892e-07,-5.557773264679e-08,0.000000000000e+00,0.000000000000e+00,OK,,5.499434099221e-07,-1.816169782588e-07,-5.677078240840e-08,1.816169782588e-07,5.677078240840e-08,1.816169782588e-07,9.650280600000e-12,5.339287000000e-11,1.500000000000e-03,24,4.134253249969e+00,BORIS,L1/dt-1e-12/eps-0.003/ranks-1,5.499434099221e-07,7.143636908233e-08,R34,3.213010000000e+00,-1.386352383143e+00,-1.278842742217e+00,0.000000000000e+00,0.000000000000e+00,0.000000000000e+00,-7.209431662876e-01,-1.386352387111e+00,0.000000000000e+00,0.000000000000e+00,0.000000000000e+00,0.000000000000e+00,0.000000000000e+00,3.851351829178e+00,1.040676260804e+01,0.000000000000e+00,0.000000000000e+00,0.000000000000e+00,0.000000000000e+00,1.329223261101e+00,3.851351834175e+00,0.000000000000e+00,0.000000000000e+00,5.217767474578e-08,1.792352550739e-07,0.000000000000e+00,0.000000000000e+00,1.000000000000e+00,-9.437714921560e-02,1.507321188997e-12,4.113152119814e-12,0.000000000000e+00,0.000000000000e+00,0.000000000000e+00,9.999999999977e-01,5.527900004410e-07,-1.749356568262e-07,-5.475078713535e-08,0.000000000000e+00,0.000000000000e+00,9.587957602734e-01,9.989550113689e-01,9.655714328540e-01
1.000000000000e-12,OK,,5.456434095663e-07,-1.781322573023e-07,-5.406793877524e-08,1.781322573023e-07,5.406793877524e-08,1.781322573023e-07,6.544951200000e-10,8.756583200000e-10,1.000000000000e-02,1,1,5.000000000000e-03,24,3.988743207883e+00,BORIS,L1/dt-1e-12/eps-0.01/ranks-1,5.456434095663e-07,7.133128515530e-08,R34,3.722720000000e+00,-1.386352384434e+00,-1.278842741710e+00,0.000000000000e+00,0.000000000000e+00,0.000000000000e+00,-7.209431637668e-01,-1.386352382607e+00,0.000000000000e+00,0.000000000000e+00,0.000000000000e+00,0.000000000000e+00,0.000000000000e+00,3.851351828680e+00,1.040676261234e+01,0.000000000000e+00,0.000000000000e+00,0.000000000000e+00,0.000000000000e+00,1.329223257025e+00,3.851351825200e+00,0.000000000000e+00,0.000000000000e+00,5.363093577622e-08,1.779709040063e-07,0.000000000000e+00,0.000000000000e+00,9.999999999995e-01,-9.437715122771e-02,-1.580189718886e-13,-3.854244217295e-13,0.000000000000e+00,0.000000000000e+00,0.000000000000e+00,9.999999999996e-01,5.302500003523e-07,-1.731694174994e-07,-5.268580141694e-08,0.000000000000e+00,0.000000000000e+00,OK,,5.683034096648e-07,-1.782910032592e-07,-5.593463814346e-08,1.782910032592e-07,5.593463814346e-08,1.782910032592e-07,6.026135100000e-10,8.248926000000e-10,5.000000000000e-03,24,3.547034791904e+00,BORIS,L1/dt-1e-12/eps-0.01/ranks-1,5.683034096648e-07,7.234112937474e-08,R34,3.324840000000e+00,-1.386352380307e+00,-1.278842733672e+00,0.000000000000e+00,0.000000000000e+00,0.000000000000e+00,-7.209431651351e-01,-1.386352383853e+00,0.000000000000e+00,0.000000000000e+00,0.000000000000e+00,0.000000000000e+00,0.000000000000e+00,3.851351820860e+00,1.040676258968e+01,0.000000000000e+00,0.000000000000e+00,0.000000000000e+00,0.000000000000e+00,1.329223257024e+00,3.851351825199e+00,0.000000000000e+00,0.000000000000e+00,5.114990661166e-08,1.757692723515e-07,0.000000000000e+00,0.000000000000e+00,1.000000000000e+00,-9.437715107552e-02,1.741897427759e-13,5.824398333800e-13,0.000000000000e+00,0.000000000000e+00,0.000000000000e+00,1.000000000000e+00,5.527900004410e-07,-1.749277665436e-07,-5.474850701084e-08,0.000000000000e+00,0.000000000000e+00,9.601269327033e-01,9.991096244118e-01,9.666271306979e-01
1.000000000000e-12,OK,,2.028283409672e-06,9.002320521959e-08,1.332561526987e-08,9.002320521959e-08,1.332561526987e-08,9.002320521959e-08,4.864262400000e-08,6.671967000000e-08,3.000000000000e-02,1,1,1.500000000000e-02,24,4.350056000054e+00,BORIS,L1/dt-1e-12/eps-0.03/ranks-1,2.028283409672e-06,2.071059516710e-07,R34,4.108220000000e+00,-1.386352155388e+00,-1.278842052009e+00,0.000000000000e+00,0.000000000000e+00,0.000000000000e+00,-7.209430705736e-01,-1.386352119528e+00,0.000000000000e+00,0.000000000000e+00,0.000000000000e+00,0.000000000000e+00,0.000000000000e+00,3.851351156759e+00,1.040676112970e+01,0.000000000000e+00,0.000000000000e+00,0.000000000000e+00,0.000000000000e+00,1.329222927731e+00,3.851351100266e+00,0.000000000000e+00,0.000000000000e+00,-3.132805668925e-08,-9.964675747096e-08,0.000000000000e+00,0.000000000000e+00,9.999999999995e-01,-9.437729908984e-02,7.519760572344e-14,5.669397932566e-14,0.000000000000e+00,0.000000000000e+00,0.000000000000e+00,9.999999999998e-01,5.303500003606e-07,-1.750020748820e-07,-5.266528528081e-08,0.000000000000e+00,0.000000000000e+00,OK,,2.050963409772e-06,9.001704585493e-08,1.140650218722e-08,9.001704585493e-08,1.140650218722e-08,9.001704585493e-08,4.862154500000e-08,6.669886800000e-08,1.500000000000e-02,24,3.512720291968e+00,BORIS,L1/dt-1e-12/eps-0.03/ranks-1,2.050963409772e-06,2.089403063691e-07,R34,3.290120000000e+00,-1.386352151183e+00,-1.278842043891e+00,0.000000000000e+00,0.000000000000e+00,0.000000000000e+00,-7.209430718957e-01,-1.386352120746e+00,0.000000000000e+00,0.000000000000e+00,0.000000000000e+00,0.000000000000e+00,0.000000000000e+00,3.851351148932e+00,1.040676110702e+01,0.000000000000e+00,0.000000000000e+00,0.000000000000e+00,0.000000000000e+00,1.329222927728e+00,3.851351100259e+00,0.000000000000e+00,0.000000000000e+00,-3.396595624438e-08,-1.020842679451e-07,0.000000000000e+00,0.000000000000e+00,1.000000000000e+00,-9.437729906577e-02,-4.594335211988e-14,-1.944470655650e-13,0.000000000000e+00,0.000000000000e+00,0.000000000000e+00,1.000000000000e+00,5.528000013300e-07,-1.749291055228e-07,-5.474947786893e-08,0.000000000000e+00,0.000000000000e+00,9.889417821927e-01,1.000068424426e+00,1.168247290111e+00
1.000000000000e-12,OK,,1.887848634095e-04,3.378488664177e-05,8.392417372516e-06,3.378488664177e-05,8.392417372516e-06,3.378488664177e-05,5.940097800000e-06,8.293266800000e-06,1.000000000000e-01,1,1,5.000000000000e-02,24,4.437300791964e+00,BORIS,L1/dt-1e-12/eps-0.1/ranks-1,1.887848634095e-04,2.110588227693e-05,R34,4.156730000000e+00,-1.386323337745e+00,-1.278755302660e+00,0.000000000000e+00,0.000000000000e+00,0.000000000000e+00,-7.209313842138e-01,-1.386319111007e+00,0.000000000000e+00,0.000000000000e+00,0.000000000000e+00,0.000000000000e+00,0.000000000000e+00,3.851266409681e+00,1.040657437312e+01,0.000000000000e+00,0.000000000000e+00,0.000000000000e+00,0.000000000000e+00,1.329181409535e+00,3.851259811474e+00,0.000000000000e+00,0.000000000000e+00,-1.076589999636e-05,-3.505795023447e-05,0.000000000000e+00,0.000000000000e+00,9.999999999995e-01,-9.439593633644e-02,-2.352709868924e-14,-8.791526862005e-14,0.000000000000e+00,0.000000000000e+00,0.000000000000e+00,9.999999999999e-01,5.300100003325e-07,-1.748419300100e-07,-5.276398798900e-08,0.000000000000e+00,0.000000000000e+00,OK,,1.888075134087e-04,3.378490698248e-05,8.390518059454e-06,3.378490698248e-05,8.390518059454e-06,3.378490698248e-05,5.940087300000e-06,8.293265100000e-06,5.000000000000e-02,24,3.498664291110e+00,BORIS,L1/dt-1e-12/eps-0.1/ranks-1,1.888075134087e-04,2.110775078033e-05,R34,3.279800000000e+00,-1.386323333487e+00,-1.278755294468e+00,0.000000000000e+00,0.000000000000e+00,0.000000000000e+00,-7.209313855289e-01,-1.386319112219e+00,0.000000000000e+00,0.000000000000e+00,0.000000000000e+00,0.000000000000e+00,0.000000000000e+00,3.851266401858e+00,1.040657435047e+01,0.000000000000e+00,0.000000000000e+00,0.000000000000e+00,0.000000000000e+00,1.329181409534e+00,3.851259811477e+00,0.000000000000e+00,0.000000000000e+00,-1.076854999103e-05,-3.506041740022e-05,0.000000000000e+00,0.000000000000e+00,1.000000000000e+00,-9.439593634115e-02,8.025234064986e-14,1.425741322007e-13,0.000000000000e+00,0.000000000000e+00,0.000000000000e+00,1.000000000000e+00,5.524399995238e-07,-1.748251843800e-07,-5.471419408800e-08,0.000000000000e+00,0.000000000000e+00,9.998800365579e-01,9.999993979350e-01,1.000226364218e+00
3.000000000000e-12,OK,,7.123700839090e-06,-2.251366072884e-06,-6.289415391468e-07,2.251366072884e-06,6.289415391468e-07,2.251366072884e-06,2.619182600000e-08,7.875428000000e-06,1.000000000000e-06,1,1,5.000000000000e-07,24,2.274864332983e+00,BORIS,L1/dt-3e-12/eps-1e-06/ranks-1,7.123700839090e-06,1.098931117151e-06,R51,2.054060000000e+00,-1.386353506204e+00,-1.278846720403e+00,0.000000000000e+00,0.000000000000e+00,0.000000000000e+00,-7.209434064142e-01,-1.386353573917e+00,0.000000000000e+00,0.000000000000e+00,0.000000000000e+00,0.000000000000e+00,0.000000000000e+00,3.851349721118e+00,1.040675836660e+01,0.000000000000e+00,0.000000000000e+00,0.000000000000e+00,0.000000000000e+00,1.329222231672e+00,3.851349696722e+00,0.000000000000e+00,0.000000000000e+00,-7.123700839034e-06,6.044524070258e-06,0.000000000000e+00,0.000000000000e+00,1.000000000064e+00,-9.437201843918e-02,-5.880668523557e-09,-5.843220796536e-09,0.000000000000e+00,0.000000000000e+00,0.000000000000e+00,9.999999991114e-01,2.243075746000e-05,-2.404615091153e-06,-2.472791020879e-06,0.000000000000e+00,0.000000000000e+00,OK,,5.016973409155e-06,-1.594903518729e-06,-5.010260527022e-07,1.594903518729e-06,5.010260527022e-07,1.594903518729e-06,8.521013900000e-09,1.044464700000e-06,5.000000000000e-07,24,1.986153292004e+00,BORIS,L1/dt-3e-12/eps-1e-06/ranks-1,5.016973409155e-06,6.448759311298e-07,R34,1.763770000000e+00,-1.386353398043e+00,-1.278846084596e+00,0.000000000000e+00,0.000000000000e+00,0.000000000000e+00,-7.209435177371e-01,-1.386353439737e+00,0.000000000000e+00,0.000000000000e+00,0.000000000000e+00,0.000000000000e+00,0.000000000000e+00,3.851349639497e+00,1.040675814101e+01,0.000000000000e+00,0.000000000000e+00,0.000000000000e+00,0.000000000000e+00,1.329222226567e+00,3.851349686724e+00,0.000000000000e+00,0.000000000000e+00,1.499816035635e-06,9.715761720700e-07,0.000000000000e+00,0.000000000000e+00,1.000000000000e+00,-9.437707591578e-02,-1.219673466385e-09,-2.960134887210e-09,0.000000000000e+00,0.000000000000e+00,0.000000000000e+00,1.000000001326e+00,5.019970000575e-06,-1.584733993647e-06,-4.971258529644e-07,0.000000000000e+00,0.000000000000e+00,1.419919991222e+00,1.411600166685e+00,1.255307055900e+00
3.000000000000e-12,OK,,4.791293410022e-06,-1.384507986169e-06,-3.628052625806e-07,1.384507986169e-06,3.628052625806e-07,1.384507986169e-06,1.212077400000e-08,2.431449600000e-06,3.000000000000e-06,1,1,1.500000000000e-06,24,2.238096999936e+00,BORIS,L1/dt-3e-12/eps-3e-06/ranks-1,4.791293410022e-06,6.963249444838e-07,R34,2.021030000000e+00,-1.386353352235e+00,-1.278846095073e+00,0.000000000000e+00,0.000000000000e+00,0.000000000000e+00,-7.209435127745e-01,-1.386353490747e+00,0.000000000000e+00,0.000000000000e+00,0.000000000000e+00,0.000000000000e+00,0.000000000000e+00,3.851349721115e+00,1.040675836669e+01,0.000000000000e+00,0.000000000000e+00,0.000000000000e+00,0.000000000000e+00,1.329222231671e+00,3.851349696776e+00,0.000000000000e+00,0.000000000000e+00,-1.936204501507e-06,3.003031533847e-06,0.000000000000e+00,0.000000000000e+00,1.000000000002e+00,-9.437524270073e-02,-7.348490401814e-10,5.528148827833e-11,0.000000000000e+00,0.000000000000e+00,0.000000000000e+00,9.999999989581e-01,1.019385659327e-05,4.894210695635e-06,-5.669540376977e-07,0.000000000000e+00,0.000000000000e+00,OK,,5.015983409962e-06,-1.590838443728e-06,-4.976612952878e-07,1.590838443728e-06,4.976612952878e-07,1.590838443728e-06,6.408127400000e-10,2.424038200000e-06,1.500000000000e-06,24,1.970359583152e+00,BORIS,L1/dt-3e-12/eps-3e-06/ranks-1,5.015983409962e-06,7.132006518381e-07,R34,1.749580000000e+00,-1.386353391170e+00,-1.278846070174e+00,0.000000000000e+00,0.000000000000e+00,0.000000000000e+00,-7.209435122924e-01,-1.386353428585e+00,0.000000000000e+00,0.000000000000e+00,0.000000000000e+00,0.000000000000e+00,0.000000000000e+00,3.851349639995e+00,1.040675814200e+01,0.000000000000e+00,0.000000000000e+00,0.000000000000e+00,0.000000000000e+00,1.329222226822e+00,3.851349687229e+00,0.000000000000e+00,0.000000000000e+00,-1.967113309443e-06,2.977187113144e-06,0.000000000000e+00,0.000000000000e+00,1.000000000000e+00,-9.437514091935e-02,4.806052585181e-10,4.046374854213e-10,0.000000000000e+00,0.000000000000e+00,0.000000000000e+00,9.999999998991e-01,5.018980001381e-06,-1.588024945095e-06,-4.972927050637e-07,0.000000000000e+00,0.000000000000e+00,9.552051947593e-01,8.703008100084e-01,7.290204522953e-01
3.000000000000e-12,OK,,4.791283409133e-06,-1.608076448204e-06,-4.597560304390e-07,1.608076448204e-06,4.597560304390e-07,1.608076448204e-06,2.207073600000e-09,7.546212500000e-07,1.000000000000e-05,1,1,5.000000000000e-06,24,2.234581500059e+00,BORIS,L1/dt-3e-12/eps-1e-05/ranks-1,4.791283409133e-06,6.463161293674e-07,R34,2.016130000000e+00,-1.386353478230e+00,-1.278846202873e+00,0.000000000000e+00,0.000000000000e+00,0.000000000000e+00,-7.209434908487e-01,-1.386353392632e+00,0.000000000000e+00,0.000000000000e+00,0.000000000000e+00,0.000000000000e+00,0.000000000000e+00,3.851349721116e+00,1.040675836670e+01,0.000000000000e+00,0.000000000000e+00,0.000000000000e+00,0.000000000000e+00,1.329222231672e+00,3.851349696784e+00,0.000000000000e+00,0.000000000000e+00,-2.326600467253e-07,1.996523886300e-06,0.000000000000e+00,0.000000000000e+00,1.000000000008e+00,-9.437615939880e-02,-1.412208364616e-10,-2.274439590557e-10,0.000000000000e+00,0.000000000000e+00,0.000000000000e+00,1.000000000054e+00,6.232270278832e-06,-4.260733291640e-06,5.156222518234e-07,0.000000000000e+00,0.000000000000e+00,OK,,5.017333409185e-06,-1.591250124186e-06,-4.983417934962e-07,1.591250124186e-06,4.983417934962e-07,1.591250124186e-06,6.631316600000e-10,7.264293100000e-07,5.000000000000e-06,24,1.963057208108e+00,BORIS,L1/dt-3e-12/eps-1e-05/ranks-1,5.017333409185e-06,6.551534444034e-07,R34,1.741720000000e+00,-1.386353391830e+00,-1.278846070842e+00,0.000000000000e+00,0.000000000000e+00,0.000000000000e+00,-7.209435121073e-01,-1.386353428235e+00,0.000000000000e+00,0.000000000000e+00,0.000000000000e+00,0.000000000000e+00,0.000000000000e+00,3.851349639331e+00,1.040675814065e+01,0.000000000000e+00,0.000000000000e+00,0.000000000000e+00,0.000000000000e+00,1.329222226483e+00,3.851349686535e+00,0.000000000000e+00,0.000000000000e+00,-2.701233582412e-07,1.992170098963e-06,0.000000000000e+00,0.000000000000e+00,1.000000000000e+00,-9.437608998317e-02,1.871461688710e-10,-4.030759609262e-10,0.000000000000e+00,0.000000000000e+00,0.000000000000e+00,9.999999995850e-01,5.020319999716e-06,-1.585911366032e-06,-4.980443137019e-07,0.000000000000e+00,0.000000000000e+00,9.549461872240e-01,1.010574279783e+00,9.225716896299e-01
3.000000000000e-12,OK,,4.792983409274e-06,-1.590682006187e-06,-4.745875790947e-07,1.590682006187e-06,4.745875790947e-07,1.590682006187e-06,4.119417000000e-10,2.710392500000e-07,3.000000000000e-05,1,1,1.500000000000e-05,24,2.251528208144e+00,BORIS,L1/dt-3e-12/eps-3e-05/ranks-1,4.792983409274e-06,6.361642051790e-07,R34,2.032890000000e+00,-1.386353442526e+00,-1.278846162591e+00,0.000000000000e+00,0.000000000000e+00,0.000000000000e+00,-7.209434965131e-01,-1.386353410719e+00,0.000000000000e+00,0.000000000000e+00,0.000000000000e+00,0.000000000000e+00,0.000000000000e+00,3.851349720288e+00,1.040675836500e+01,0.000000000000e+00,0.000000000000e+00,0.000000000000e+00,0.000000000000e+00,1.329222231248e+00,3.851349695916e+00,0.000000000000e+00,0.000000000000e+00,2.178176282457e-07,1.692849659659e-06,0.000000000000e+00,0.000000000000e+00,9.999999999968e-01,-9.437638179170e-02,-1.182439142708e-10,-9.670526449368e-11,0.000000000000e+00,0.000000000000e+00,0.000000000000e+00,9.999999999380e-01,4.796189999823e-06,-1.397774317664e-06,-5.541746361953e-07,0.000000000000e+00,0.000000000000e+00,OK,,5.017313409184e-06,-1.591194563829e-06,-4.983461698305e-07,1.591194563829e-06,4.983461698305e-07,1.591194563829e-06,1.597144600000e-11,2.420159100000e-07,1.500000000000e-05,24,1.983515917091e+00,BORIS,L1/dt-3e-12/eps-3e-05/ranks-1,5.017313409184e-06,6.467332325159e-07,R34,1.763570000000e+00,-1.386353391722e+00,-1.278846070551e+00,0.000000000000e+00,0.000000000000e+00,0.000000000000e+00,-7.209435124335e-01,-1.386353428594e+00,0.000000000000e+00,0.000000000000e+00,0.000000000000e+00,0.000000000000e+00,0.000000000000e+00,3.851349639331e+00,1.040675814067e+01,0.000000000000e+00,0.000000000000e+00,0.000000000000e+00,0.000000000000e+00,1.329222226483e+00,3.851349686550e+00,0.000000000000e+00,0.000000000000e+00,2.142464239748e-07,1.710027189100e-06,0.000000000000e+00,0.000000000000e+00,1.000000000000e+00,-9.437636076667e-02,1.605985071276e-10,3.222006576572e-10,0.000000000000e+00,0.000000000000e+00,0.000000000000e+00,1.000000000065e+00,5.020310000603e-06,-1.584400698901e-06,-4.961128496069e-07,0.000000000000e+00,0.000000000000e+00,9.552888206068e-01,9.996778787122e-01,9.523251262393e-01
3.000000000000e-12,OK,,4.793053408392e-06,-1.592890686322e-06,-4.840576408295e-07,1.592890686322e-06,4.840576408295e-07,1.592890686322e-06,3.200961700000e-10,7.091520800000e-08,1.000000000000e-04,1,1,5.000000000000e-05,24,2.267170915846e+00,BORIS,L1/dt-3e-12/eps-0.0001/ranks-1,4.793053408392e-06,6.343946963461e-07,R34,2.047850000000e+00,-1.386353428999e+00,-1.278846143388e+00,0.000000000000e+00,0.000000000000e+00,0.000000000000e+00,-7.209435002599e-01,-1.386353417765e+00,0.000000000000e+00,0.000000000000e+00,0.000000000000e+00,0.000000000000e+00,0.000000000000e+00,3.851349720288e+00,1.040675836493e+01,0.000000000000e+00,0.000000000000e+00,0.000000000000e+00,0.000000000000e+00,1.329222231248e+00,3.851349695869e+00,0.000000000000e+00,0.000000000000e+00,4.063944602167e-07,1.630287905383e-06,0.000000000000e+00,0.000000000000e+00,9.999999999993e-01,-9.437644198241e-02,-4.786669806904e-12,2.016117946564e-11,0.000000000000e+00,0.000000000000e+00,0.000000000000e+00,1.000000000039e+00,4.796309999833e-06,-1.309834812888e-06,-4.204276027525e-07,0.000000000000e+00,0.000000000000e+00,OK,,5.015613409043e-06,-1.591114449472e-06,-4.982480575906e-07,1.591114449472e-06,4.982480575906e-07,1.591114449472e-06,4.200995100000e-11,7.243511300000e-08,5.000000000000e-05,24,1.970631500008e+00,BORIS,L1/dt-3e-12/eps-0.0001/ranks-1,5.015613409043e-06,6.445839557415e-07,R34,1.751560000000e+00,-1.386353391926e+00,-1.278846070497e+00,0.000000000000e+00,0.000000000000e+00,0.000000000000e+00,-7.209435125293e-01,-1.386353428510e+00,0.000000000000e+00,0.000000000000e+00,0.000000000000e+00,0.000000000000e+00,0.000000000000e+00,3.851349640161e+00,1.040675814237e+01,0.000000000000e+00,0.000000000000e+00,0.000000000000e+00,0.000000000000e+00,1.329222226907e+00,3.851349687419e+00,0.000000000000e+00,0.000000000000e+00,3.839181773771e-07,1.611250918320e-06,0.000000000000e+00,0.000000000000e+00,1.000000000000e+00,-9.437645568378e-02,2.612042139852e-11,3.842521602382e-11,0.000000000000e+00,0.000000000000e+00,0.000000000000e+00,1.000000000090e+00,5.018610000462e-06,-1.584379672604e-06,-4.961074467625e-07,0.000000000000e+00,0.000000000000e+00,9.556265639912e-01,1.001116347633e+00,9.715193736435e-01
3.000000000000e-12,OK,,4.792613408355e-06,-1.590022074246e-06,-4.810948548130e-07,1.590022074246e-06,4.810948548130e-07,1.590022074246e-06,7.968981000000e-11,2.172985300000e-08,3.000000000000e-04,1,1,1.500000000000e-04,24,2.164091625018e+00,BORIS,L1/dt-3e-12/eps-0.0003/ranks-1,4.792613408355e-06,6.338535429061e-07,R34,1.941980000000e+00,-1.386353428975e+00,-1.278846144162e+00,0.000000000000e+00,0.000000000000e+00,0.000000000000e+00,-7.209435000704e-01,-1.386353418154e+00,0.000000000000e+00,0.000000000000e+00,0.000000000000e+00,0.000000000000e+00,0.000000000000e+00,3.851349720453e+00,1.040675836537e+01,0.000000000000e+00,0.000000000000e+00,0.000000000000e+00,0.000000000000e+00,1.329222231333e+00,3.851349696105e+00,0.000000000000e+00,0.000000000000e+00,4.576188648541e-07,1.608150231042e-06,0.000000000000e+00,0.000000000000e+00,9.999999999999e-01,-9.437648232474e-02,-1.482809950944e-12,9.718636672725e-12,0.000000000000e+00,0.000000000000e+00,0.000000000000e+00,1.000000000009e+00,4.795879998909e-06,-1.613388854172e-06,-4.560570104606e-07,0.000000000000e+00,0.000000000000e+00,OK,,5.016973409155e-06,-1.591123018644e-06,-4.982588887038e-07,1.591123018644e-06,4.982588887038e-07,1.591123018644e-06,7.017053600000e-12,2.393780000000e-08,1.500000000000e-04,24,1.941712667001e+00,BORIS,L1/dt-3e-12/eps-0.0003/ranks-1,5.016973409155e-06,6.442143950135e-07,R34,1.722420000000e+00,-1.386353391996e+00,-1.278846070515e+00,0.000000000000e+00,0.000000000000e+00,0.000000000000e+00,-7.209435125678e-01,-1.386353428506e+00,0.000000000000e+00,0.000000000000e+00,0.000000000000e+00,0.000000000000e+00,0.000000000000e+00,3.851349639497e+00,1.040675814101e+01,0.000000000000e+00,0.000000000000e+00,0.000000000000e+00,0.000000000000e+00,1.329222226567e+00,3.851349686724e+00,0.000000000000e+00,0.000000000000e+00,4.324081467214e-07,1.583081704170e-06,0.000000000000e+00,0.000000000000e+00,1.000000000000e+00,-9.437648273761e-02,1.028506440703e-11,1.463243981989e-12,0.000000000000e+00,0.000000000000e+00,0.000000000000e+00,1.000000000004e+00,5.019970000575e-06,-1.584413677333e-06,-4.962412077642e-07,0.000000000000e+00,0.000000000000e+00,9.552798106543e-01,9.993080708499e-01,9.655519765328e-01
3.000000000000e-12,OK,,4.791623409162e-06,-1.591462798420e-06,-4.809194873280e-07,1.591462798420e-06,4.809194873280e-07,1.591462798420e-06,1.082436400000e-10,6.718165100000e-09,1.000000000000e-03,1,1,5.000000000000e-04,24,2.220343458001e+00,BORIS,L1/dt-3e-12/eps-0.001/ranks-1,4.791623409162e-06,6.335906366469e-07,R34,1.999740000000e+00,-1.386353430022e+00,-1.278846144131e+00,0.000000000000e+00,0.000000000000e+00,0.000000000000e+00,-7.209435004343e-01,-1.386353417643e+00,0.000000000000e+00,0.000000000000e+00,0.000000000000e+00,0.000000000000e+00,0.000000000000e+00,3.851349720950e+00,1.040675836636e+01,0.000000000000e+00,0.000000000000e+00,0.000000000000e+00,0.000000000000e+00,1.329222231587e+00,3.851349696610e+00,0.000000000000e+00,0.000000000000e+00,4.739123885145e-07,1.595488461922e-06,0.000000000000e+00,0.000000000000e+00,1.000000000000e+00,-9.437649216927e-02,-1.841263818101e-12,-2.215569230036e-12,0.000000000000e+00,0.000000000000e+00,0.000000000000e+00,1.000000000002e+00,4.794920000606e-06,-1.610403998029e-06,-4.851616233480e-07,0.000000000000e+00,0.000000000000e+00,OK,,5.016973409155e-06,-1.591111086727e-06,-4.982437880608e-07,1.591111086727e-06,4.982437880608e-07,1.591111086727e-06,5.617728500000e-12,6.359839000000e-09,5.000000000000e-04,24,1.958999166964e+00,BORIS,L1/dt-3e-12/eps-0.001/ranks-1,5.016973409155e-06,6.440652604291e-07,R34,1.741670000000e+00,-1.386353392005e+00,-1.278846070504e+00,0.000000000000e+00,0.000000000000e+00,0.000000000000e+00,-7.209435125674e-01,-1.386353428484e+00,0.000000000000e+00,0.000000000000e+00,0.000000000000e+00,0.000000000000e+00,0.000000000000e+00,3.851349639496e+00,1.040675814101e+01,0.000000000000e+00,0.000000000000e+00,0.000000000000e+00,0.000000000000e+00,1.329222226567e+00,3.851349686723e+00,0.000000000000e+00,0.000000000000e+00,4.499988422848e-07,1.573557437365e-06,0.000000000000e+00,0.000000000000e+00,1.000000000000e+00,-9.437649190321e-02,6.027151292129e-12,7.507393660628e-12,0.000000000000e+00,0.000000000000e+00,0.000000000000e+00,9.999999999998e-01,5.019959999686e-06,-1.584409382867e-06,-4.962290582050e-07,0.000000000000e+00,0.000000000000e+00,9.550824806881e-01,1.000221047855e+00,9.652292689885e-01
3.000000000000e-12,OK,,4.792893408379e-06,-1.591356611299e-06,-4.807788702411e-07,1.591356611299e-06,4.807788702411e-07,1.591356611299e-06,6.347999900000e-11,4.357406000000e-09,3.000000000000e-03,1,1,1.500000000000e-03,24,2.198378582951e+00,BORIS,L1/dt-3e-12/eps-0.003/ranks-1,4.792893408379e-06,6.336147818109e-07,R34,1.977650000000e+00,-1.386353430072e+00,-1.278846144379e+00,0.000000000000e+00,0.000000000000e+00,0.000000000000e+00,-7.209435002225e-01,-1.386353417423e+00,0.000000000000e+00,0.000000000000e+00,0.000000000000e+00,0.000000000000e+00,0.000000000000e+00,3.851349720385e+00,1.040675836509e+01,0.000000000000e+00,0.000000000000e+00,0.000000000000e+00,0.000000000000e+00,1.329222231299e+00,3.851349695954e+00,0.000000000000e+00,0.000000000000e+00,4.763914744091e-07,1.591713891713e-06,0.000000000000e+00,0.000000000000e+00,1.000000000000e+00,-9.437649578717e-02,-1.174720809376e-12,2.678658642948e-13,0.000000000000e+00,0.000000000000e+00,0.000000000000e+00,1.000000000001e+00,4.796039998922e-06,-1.583877954207e-06,-4.815403571736e-07,0.000000000000e+00,0.000000000000e+00,OK,,5.017363410076e-06,-1.591087081974e-06,-4.982404497311e-07,1.591087081974e-06,4.982404497311e-07,1.591087081974e-06,1.278044300000e-10,3.869540400000e-09,1.500000000000e-03,24,1.957736582961e+00,BORIS,L1/dt-3e-12/eps-0.003/ranks-1,5.017363410076e-06,6.440128090368e-07,R34,1.736320000000e+00,-1.386353391984e+00,-1.278846070445e+00,0.000000000000e+00,0.000000000000e+00,0.000000000000e+00,-7.209435125596e-01,-1.386353428466e+00,0.000000000000e+00,0.000000000000e+00,0.000000000000e+00,0.000000000000e+00,0.000000000000e+00,3.851349639263e+00,1.040675814062e+01,0.000000000000e+00,0.000000000000e+00,0.000000000000e+00,0.000000000000e+00,1.329222226449e+00,3.851349686539e+00,0.000000000000e+00,0.000000000000e+00,4.524770035085e-07,1.569681905442e-06,0.000000000000e+00,0.000000000000e+00,1.000000000000e+00,-9.437649571327e-02,2.998501834941e-13,-4.668868338256e-13,0.000000000000e+00,0.000000000000e+00,0.000000000000e+00,9.999999999997e-01,5.020210000595e-06,-1.584405760541e-06,-4.962204544580e-07,0.000000000000e+00,0.000000000000e+00,9.552613627217e-01,1.000169399480e+00,9.649535088943e-01
3.000000000000e-12,OK,,4.811143409000e-06,-1.588045169989e-06,-4.799806752764e-07,1.588045169989e-06,4.799806752764e-07,1.588045169989e-06,5.238703900000e-10,1.119294400000e-09,1.000000000000e-02,1,1,5.000000000000e-03,24,2.171072874917e+00,BORIS,L1/dt-3e-12/eps-0.01/ranks-1,4.811143409000e-06,6.344860817571e-07,R34,1.947610000000e+00,-1.386353427183e+00,-1.278846135725e+00,0.000000000000e+00,0.000000000000e+00,0.000000000000e+00,-7.209434991041e-01,-1.386353414212e+00,0.000000000000e+00,0.000000000000e+00,0.000000000000e+00,0.000000000000e+00,0.000000000000e+00,3.851349712067e+00,1.040675834684e+01,0.000000000000e+00,0.000000000000e+00,0.000000000000e+00,0.000000000000e+00,1.329222227223e+00,3.851349687040e+00,0.000000000000e+00,0.000000000000e+00,4.783486702474e-07,1.588344361207e-06,0.000000000000e+00,0.000000000000e+00,1.000000000000e+00,-9.437649761632e-02,2.417284605088e-13,5.123131031989e-13,0.000000000000e+00,0.000000000000e+00,0.000000000000e+00,1.000000000000e+00,4.795749999786e-06,-1.583082330186e-06,-4.785985379181e-07,0.000000000000e+00,0.000000000000e+00,OK,,5.034103409685e-06,-1.587764752965e-06,-4.974046518003e-07,1.587764752965e-06,4.974046518003e-07,1.587764752965e-06,7.105739300000e-10,9.356032300000e-10,5.000000000000e-03,24,1.934308750089e+00,BORIS,L1/dt-3e-12/eps-0.01/ranks-1,5.034103409685e-06,6.447976142865e-07,R34,1.713130000000e+00,-1.386353389146e+00,-1.278846061904e+00,0.000000000000e+00,0.000000000000e+00,0.000000000000e+00,-7.209435114037e-01,-1.386353425206e+00,0.000000000000e+00,0.000000000000e+00,0.000000000000e+00,0.000000000000e+00,0.000000000000e+00,3.851349631783e+00,1.040675812388e+01,0.000000000000e+00,0.000000000000e+00,0.000000000000e+00,0.000000000000e+00,1.329222222801e+00,3.851349678378e+00,0.000000000000e+00,0.000000000000e+00,4.541744546289e-07,1.565889831476e-06,0.000000000000e+00,0.000000000000e+00,1.000000000000e+00,-9.437649766811e-02,1.443384802010e-13,4.683895095247e-14,0.000000000000e+00,0.000000000000e+00,0.000000000000e+00,9.999999999997e-01,5.018590000461e-06,-1.584401516249e-06,-4.962185206677e-07,0.000000000000e+00,0.000000000000e+00,9.557100872707e-01,1.000176611191e+00,9.649702179888e-01
3.000000000000e-12,OK,,6.293903409116e-06,-1.319695877403e-06,-4.126478867404e-07,1.319695877403e-06,4.126478867404e-07,1.319695877403e-06,4.868921000000e-08,6.671373300000e-08,3.000000000000e-02,1,1,1.500000000000e-02,24,2.448440083070e+00,BORIS,L1/dt-3e-12/eps-0.03/ranks-1,6.293903409116e-06,7.205443086574e-07,R34,2.207300000000e+00,-1.386353198029e+00,-1.278845445898e+00,0.000000000000e+00,0.000000000000e+00,0.000000000000e+00,-7.209434058982e-01,-1.386353151132e+00,0.000000000000e+00,0.000000000000e+00,0.000000000000e+00,0.000000000000e+00,0.000000000000e+00,3.851349040152e+00,1.040675686408e+01,0.000000000000e+00,0.000000000000e+00,0.000000000000e+00,0.000000000000e+00,1.329221897934e+00,3.851348962037e+00,0.000000000000e+00,0.000000000000e+00,3.945116280272e-07,1.310527629077e-06,0.000000000000e+00,0.000000000000e+00,1.000000000000e+00,-9.437664721844e-02,-9.857085569154e-14,-5.440716302866e-14,0.000000000000e+00,0.000000000000e+00,0.000000000000e+00,1.000000000000e+00,4.795969999805e-06,-1.584721157505e-06,-4.786387872911e-07,0.000000000000e+00,0.000000000000e+00,OK,,6.518113409015e-06,-1.319452257239e-06,-4.300613275499e-07,1.319452257239e-06,4.300613275499e-07,1.319452257239e-06,4.861759900000e-08,6.669880300000e-08,1.500000000000e-02,24,1.915908124996e+00,BORIS,L1/dt-3e-12/eps-0.03/ranks-1,6.518113409015e-06,7.339665419279e-07,R34,1.695480000000e+00,-1.386353160020e+00,-1.278845372115e+00,0.000000000000e+00,0.000000000000e+00,0.000000000000e+00,-7.209434181635e-01,-1.386353162097e+00,0.000000000000e+00,0.000000000000e+00,0.000000000000e+00,0.000000000000e+00,0.000000000000e+00,3.851348959195e+00,1.040675663987e+01,0.000000000000e+00,0.000000000000e+00,0.000000000000e+00,0.000000000000e+00,1.329221893169e+00,3.851348952752e+00,0.000000000000e+00,0.000000000000e+00,3.702119203662e-07,1.287937359307e-06,0.000000000000e+00,0.000000000000e+00,1.000000000000e+00,-9.437664728149e-02,-8.553302601540e-16,-2.274483829694e-13,0.000000000000e+00,0.000000000000e+00,0.000000000000e+00,9.999999999998e-01,5.019950000573e-06,-1.584398408617e-06,-4.962173076060e-07,0.000000000000e+00,0.000000000000e+00,9.656020099943e-01,1.000184637347e+00,9.595094008831e-01
3.000000000000e-12,OK,,1.930455834085e-04,3.237594608467e-05,7.966707337108e-06,3.237594608467e-05,7.966707337108e-06,3.237594608467e-05,5.939600600000e-06,8.293162100000e-06,1.000000000000e-01,1,1,5.000000000000e-02,24,2.511876666918e+00,BORIS,L1/dt-3e-12/eps-0.1/ranks-1,1.930455834085e-04,2.135090099112e-05,R34,2.268170000000e+00,-1.386324379994e+00,-1.278758694880e+00,0.000000000000e+00,0.000000000000e+00,0.000000000000e+00,-7.209317194025e-01,-1.386320142078e+00,0.000000000000e+00,0.000000000000e+00,0.000000000000e+00,0.000000000000e+00,0.000000000000e+00,3.851264295114e+00,1.040657011240e+01,0.000000000000e+00,0.000000000000e+00,0.000000000000e+00,0.000000000000e+00,1.329180380776e+00,3.851257675815e+00,0.000000000000e+00,0.000000000000e+00,-1.034040728162e-05,-3.364900579945e-05,0.000000000000e+00,0.000000000000e+00,1.000000000000e+00,-9.439528466031e-02,-1.264994478530e-14,-4.488932047104e-14,0.000000000000e+00,0.000000000000e+00,0.000000000000e+00,1.000000000000e+00,4.790729999371e-06,-1.583782487110e-06,-4.784740233970e-07,0.000000000000e+00,0.000000000000e+00,OK,,1.932666234090e-04,3.237619187372e-05,7.949299687448e-06,3.237619187372e-05,7.949299687448e-06,3.237619187372e-05,5.940625900000e-06,8.293163700000e-06,5.000000000000e-02,24,1.925684750080e+00,BORIS,L1/dt-3e-12/eps-0.1/ranks-1,1.932666234090e-04,2.136933019299e-05,R34,1.707830000000e+00,-1.386324341982e+00,-1.278758621104e+00,0.000000000000e+00,0.000000000000e+00,0.000000000000e+00,-7.209317316637e-01,-1.386320153032e+00,0.000000000000e+00,0.000000000000e+00,0.000000000000e+00,0.000000000000e+00,0.000000000000e+00,3.851264216068e+00,1.040656989136e+01,0.000000000000e+00,0.000000000000e+00,0.000000000000e+00,0.000000000000e+00,1.329180376986e+00,3.851257668067e+00,0.000000000000e+00,0.000000000000e+00,-1.036472114391e-05,-3.367161878920e-05,0.000000000000e+00,0.000000000000e+00,1.000000000000e+00,-9.439528474489e-02,-4.487901788164e-16,-2.470266899802e-14,0.000000000000e+00,0.000000000000e+00,0.000000000000e+00,1.000000000000e+00,5.011549999878e-06,-1.583540293140e-06,-4.959325660940e-07,0.000000000000e+00,0.000000000000e+00,9.988562950157e-01,9.999924083397e-01,1.002189834368e+00
1.000000000000e-11,OK,,5.334341340912e-05,-1.755450880024e-05,-5.241303665091e-06,1.755450880024e-05,5.241303665091e-06,1.755450880024e-05,6.449536700000e-09,1.037453000000e-07,1.000000000000e-06,1,1,5.000000000000e-07,24,1.878326666076e+00,BORIS,L1/dt-1e-11/eps-1e-06/ranks-1,5.334341340912e-05,7.038550115645e-06,R34,1.643930000000e+00,-1.386365335104e+00,-1.278884769160e+00,0.000000000000e+00,0.000000000000e+00,0.000000000000e+00,-7.209473033833e-01,-1.386365110647e+00,0.000000000000e+00,0.000000000000e+00,0.000000000000e+00,0.000000000000e+00,0.000000000000e+00,3.851325615067e+00,1.040670981457e+01,0.000000000000e+00,0.000000000000e+00,0.000000000000e+00,0.000000000000e+00,1.329210510674e+00,3.851325374577e+00,0.000000000000e+00,0.000000000000e+00,5.285780070161e-06,1.755500355364e-05,0.000000000000e+00,0.000000000000e+00,1.000000000064e+00,-9.436918341117e-02,-1.198165342277e-10,9.773036998224e-10,0.000000000000e+00,0.000000000000e+00,0.000000000000e+00,1.000000000852e+00,5.334667000056e-05,-1.770775781851e-05,-7.085153146823e-06,0.000000000000e+00,0.000000000000e+00,OK,,5.534830340892e-05,-1.751901339046e-05,-5.480744192444e-06,1.751901339046e-05,5.480744192444e-06,1.751901339046e-05,1.955192500000e-08,1.989748400000e-08,5.000000000000e-07,24,1.461973082973e+00,BORIS,L1/dt-1e-11/eps-1e-06/ranks-1,5.534830340892e-05,7.102496391312e-06,R34,1.240690000000e+00,-1.386364812165e+00,-1.278883686891e+00,0.000000000000e+00,0.000000000000e+00,0.000000000000e+00,-7.209474249706e-01,-1.386365180113e+00,0.000000000000e+00,0.000000000000e+00,0.000000000000e+00,0.000000000000e+00,0.000000000000e+00,3.851324959797e+00,1.040670780968e+01,0.000000000000e+00,0.000000000000e+00,0.000000000000e+00,0.000000000000e+00,1.329210574572e+00,3.851325505387e+00,0.000000000000e+00,0.000000000000e+00,5.034891168336e-06,1.728239341560e-05,0.000000000000e+00,0.000000000000e+00,9.999999999994e-01,-9.436910783124e-02,2.578909973988e-09,6.647676032961e-09,0.000000000000e+00,0.000000000000e+00,0.000000000000e+00,9.999999987285e-01,5.535130000034e-05,-1.750884386538e-05,-5.476843992706e-06,0.000000000000e+00,0.000000000000e+00,9.637768481359e-01,1.002026107806e+00,9.563124059534e-01
1.000000000000e-11,OK,,5.342871340908e-05,-1.744021886333e-05,-5.289446063159e-06,1.744021886333e-05,5.289446063159e-06,1.744021886333e-05,1.614266700000e-08,9.193327900000e-09,3.000000000000e-06,1,1,1.500000000000e-06,24,1.890938375145e+00,BORIS,L1/dt-1e-11/eps-3e-06/ranks-1,5.342871340908e-05,7.024098107821e-06,R34,1.670890000000e+00,-1.386365176727e+00,-1.278884399527e+00,0.000000000000e+00,0.000000000000e+00,0.000000000000e+00,-7.209472971922e-01,-1.386365073732e+00,0.000000000000e+00,0.000000000000e+00,0.000000000000e+00,0.000000000000e+00,0.000000000000e+00,3.851325573401e+00,1.040670972927e+01,0.000000000000e+00,0.000000000000e+00,0.000000000000e+00,0.000000000000e+00,1.329210489375e+00,3.851325330974e+00,0.000000000000e+00,0.000000000000e+00,5.242594393410e-06,1.741576232196e-05,0.000000000000e+00,0.000000000000e+00,1.000000000002e+00,-9.436912429601e-02,1.890025934100e-10,2.013350751076e-10,0.000000000000e+00,0.000000000000e+00,0.000000000000e+00,1.000000000315e+00,5.343197000052e-05,-1.116150018153e-05,-5.493594838276e-06,0.000000000000e+00,0.000000000000e+00,OK,,5.535463340856e-05,-1.761665357902e-05,-5.510007411644e-06,1.761665357902e-05,5.510007411644e-06,1.761665357902e-05,3.558258700000e-08,2.652998300000e-08,1.500000000000e-06,24,1.472546666861e+00,BORIS,L1/dt-1e-11/eps-3e-06/ranks-1,5.535463340856e-05,7.117267083553e-06,R34,1.253740000000e+00,-1.386364867887e+00,-1.278883914470e+00,0.000000000000e+00,0.000000000000e+00,0.000000000000e+00,-7.209474456262e-01,-1.386365254258e+00,0.000000000000e+00,0.000000000000e+00,0.000000000000e+00,0.000000000000e+00,0.000000000000e+00,3.851324959797e+00,1.040670780335e+01,0.000000000000e+00,0.000000000000e+00,0.000000000000e+00,0.000000000000e+00,1.329210574572e+00,3.851325501481e+00,0.000000000000e+00,0.000000000000e+00,5.056455630350e-06,1.737443332527e-05,0.000000000000e+00,0.000000000000e+00,1.000000000000e+00,-9.436907224876e-02,6.051936415441e-10,2.428222349714e-10,0.000000000000e+00,0.000000000000e+00,0.000000000000e+00,9.999999997742e-01,5.535762999997e-05,-1.761384008039e-05,-5.509638821420e-06,0.000000000000e+00,0.000000000000e+00,9.652076098984e-01,9.899847769102e-01,9.599707709977e-01
1.000000000000e-11,OK,,5.300755340976e-05,-1.745644235762e-05,-5.260217647360e-06,1.745644235762e-05,5.260217647360e-06,1.745644235762e-05,2.404406700000e-08,2.694441600000e-05,1.000000000000e-05,1,1,5.000000000000e-06,24,1.878958624788e+00,BORIS,L1/dt-1e-11/eps-1e-05/ranks-1,5.300755340976e-05,7.767628063242e-06,R34,1.658420000000e+00,-1.386365184212e+00,-1.278884339475e+00,0.000000000000e+00,0.000000000000e+00,0.000000000000e+00,-7.209472723111e-01,-1.386365006772e+00,0.000000000000e+00,0.000000000000e+00,0.000000000000e+00,0.000000000000e+00,0.000000000000e+00,3.851325779126e+00,1.040671015043e+01,0.000000000000e+00,0.000000000000e+00,0.000000000000e+00,0.000000000000e+00,1.329210594538e+00,3.851325546262e+00,0.000000000000e+00,0.000000000000e+00,-2.165182321094e-05,3.308964643801e-05,0.000000000000e+00,0.000000000000e+00,1.000000000008e+00,-9.435412318257e-02,-7.265545603541e-12,2.040482713088e-10,0.000000000000e+00,0.000000000000e+00,0.000000000000e+00,1.000000000210e+00,5.301074000030e-05,-2.010909920106e-05,-4.284839365098e-06,0.000000000000e+00,0.000000000000e+00,OK,,5.532932340913e-05,-1.744491433938e-05,-5.463670427866e-06,1.744491433938e-05,5.463670427866e-06,1.744491433938e-05,6.462283400000e-09,2.692177900000e-05,5.000000000000e-06,24,1.487924459158e+00,BORIS,L1/dt-1e-11/eps-1e-05/ranks-1,5.532932340913e-05,7.863203210241e-06,R34,1.266480000000e+00,-1.386364750923e+00,-1.278883509464e+00,0.000000000000e+00,0.000000000000e+00,0.000000000000e+00,-7.209474125091e-01,-1.386365141231e+00,0.000000000000e+00,0.000000000000e+00,0.000000000000e+00,0.000000000000e+00,0.000000000000e+00,3.851324959797e+00,1.040670782866e+01,0.000000000000e+00,0.000000000000e+00,0.000000000000e+00,0.000000000000e+00,1.329210574572e+00,3.851325517107e+00,0.000000000000e+00,0.000000000000e+00,-2.191957766388e-05,3.285151686494e-05,0.000000000000e+00,0.000000000000e+00,1.000000000000e+00,-9.435410095946e-02,2.616008028434e-10,2.039318748431e-10,0.000000000000e+00,0.000000000000e+00,0.000000000000e+00,9.999999998006e-01,5.533230999966e-05,-1.743957558123e-05,-5.463372948072e-06,0.000000000000e+00,0.000000000000e+00,9.580372602390e-01,1.000660824010e+00,9.627626184280e-01
1.000000000000e-11,OK,,5.331849340884e-05,-1.745087026633e-05,-5.272411494736e-06,1.745087026633e-05,5.272411494736e-06,1.745087026633e-05,2.550680500000e-08,8.978917500000e-06,3.000000000000e-05,1,1,1.500000000000e-05,24,1.925893582869e+00,BORIS,L1/dt-1e-11/eps-3e-05/ranks-1,5.331849340884e-05,7.157074189273e-06,R34,1.701520000000e+00,-1.386365172250e+00,-1.278884339706e+00,0.000000000000e+00,0.000000000000e+00,0.000000000000e+00,-7.209472748757e-01,-1.386365019483e+00,0.000000000000e+00,0.000000000000e+00,0.000000000000e+00,0.000000000000e+00,0.000000000000e+00,3.851325615068e+00,1.040670983949e+01,0.000000000000e+00,0.000000000000e+00,0.000000000000e+00,0.000000000000e+00,1.329210510674e+00,3.851325389957e+00,0.000000000000e+00,0.000000000000e+00,-3.707249541613e-06,2.266574611987e-05,0.000000000000e+00,0.000000000000e+00,9.999999999968e-01,-9.436412320623e-02,1.794040454294e-11,4.425234992056e-11,0.000000000000e+00,0.000000000000e+00,0.000000000000e+00,9.999999999519e-01,5.332169999939e-05,-1.725796257781e-05,-5.351998551837e-06,0.000000000000e+00,0.000000000000e+00,OK,,5.535463340856e-05,-1.745083660488e-05,-5.465409691599e-06,1.745083660488e-05,5.465409691599e-06,1.745083660488e-05,2.665435600000e-08,8.974819000000e-06,1.500000000000e-05,24,1.524943459081e+00,BORIS,L1/dt-1e-11/eps-3e-05/ranks-1,5.535463340856e-05,7.235647438467e-06,R34,1.299930000000e+00,-1.386364747914e+00,-1.278883519443e+00,0.000000000000e+00,0.000000000000e+00,0.000000000000e+00,-7.209474118641e-01,-1.386365143963e+00,0.000000000000e+00,0.000000000000e+00,0.000000000000e+00,0.000000000000e+00,0.000000000000e+00,3.851324959797e+00,1.040670780335e+01,0.000000000000e+00,0.000000000000e+00,0.000000000000e+00,0.000000000000e+00,1.329210574572e+00,3.851325501481e+00,0.000000000000e+00,0.000000000000e+00,-3.970733031812e-06,2.242088985869e-05,0.000000000000e+00,0.000000000000e+00,1.000000000000e+00,-9.436412722980e-02,-1.888309032388e-11,-9.432201346842e-11,0.000000000000e+00,0.000000000000e+00,0.000000000000e+00,9.999999999665e-01,5.535762999997e-05,-1.744404273995e-05,-5.463176371375e-06,0.000000000000e+00,0.000000000000e+00,9.632164486631e-01,1.000001928930e+00,9.646873321940e-01
1.000000000000e-11,OK,,5.334341340912e-05,-1.745056912177e-05,-5.269321614052e-06,1.745056912177e-05,5.269321614052e-06,1.745056912177e-05,2.203428600000e-10,2.694368000000e-06,1.000000000000e-04,1,1,5.000000000000e-05,24,1.921642290894e+00,BORIS,L1/dt-1e-11/eps-0.0001/ranks-1,5.334341340912e-05,7.044460146702e-06,R34,1.699050000000e+00,-1.386365170740e+00,-1.278884331989e+00,0.000000000000e+00,0.000000000000e+00,0.000000000000e+00,-7.209472768747e-01,-1.386365019067e+00,0.000000000000e+00,0.000000000000e+00,0.000000000000e+00,0.000000000000e+00,0.000000000000e+00,3.851325615068e+00,1.040670981457e+01,0.000000000000e+00,0.000000000000e+00,0.000000000000e+00,0.000000000000e+00,1.329210510674e+00,3.851325374577e+00,0.000000000000e+00,0.000000000000e+00,2.581367609418e-06,1.901635177201e-05,0.000000000000e+00,0.000000000000e+00,9.999999999993e-01,-9.436763974222e-02,7.927059811041e-12,5.034471332050e-11,0.000000000000e+00,0.000000000000e+00,0.000000000000e+00,9.999999999980e-01,5.334667000056e-05,-1.716751324834e-05,-5.205691575975e-06,0.000000000000e+00,0.000000000000e+00,OK,,5.532932340913e-05,-1.745068962759e-05,-5.465220719811e-06,1.745068962759e-05,5.465220719811e-06,1.745068962759e-05,2.174940200000e-10,2.692256600000e-06,5.000000000000e-05,24,1.525745999999e+00,BORIS,L1/dt-1e-11/eps-0.0001/ranks-1,5.532932340913e-05,7.120528751046e-06,R34,1.303120000000e+00,-1.386364748113e+00,-1.278883519328e+00,0.000000000000e+00,0.000000000000e+00,0.000000000000e+00,-7.209474120354e-01,-1.386365143772e+00,0.000000000000e+00,0.000000000000e+00,0.000000000000e+00,0.000000000000e+00,0.000000000000e+00,3.851324959797e+00,1.040670782866e+01,0.000000000000e+00,0.000000000000e+00,0.000000000000e+00,0.000000000000e+00,1.329210574572e+00,3.851325517107e+00,0.000000000000e+00,0.000000000000e+00,2.311982705190e-06,1.876913747280e-05,0.000000000000e+00,0.000000000000e+00,1.000000000000e+00,-9.436763689651e-02,9.083631467132e-12,1.454129059870e-11,0.000000000000e+00,0.000000000000e+00,0.000000000000e+00,9.999999999992e-01,5.533232000055e-05,-1.744395485072e-05,-5.463080108983e-06,0.000000000000e+00,0.000000000000e+00,9.641074591618e-01,9.999930944953e-01,9.641553167196e-01
1.000000000000e-11,OK,,5.332442340844e-05,-1.745021165599e-05,-5.269634980274e-06,1.745021165599e-05,5.269634980274e-06,1.745021165599e-05,1.967597400000e-08,8.971322600000e-07,3.000000000000e-04,1,1,1.500000000000e-04,24,1.906469915994e+00,BORIS,L1/dt-1e-11/eps-0.0003/ranks-1,5.332442340844e-05,7.021958801440e-06,R34,1.687460000000e+00,-1.386365171342e+00,-1.278884333127e+00,0.000000000000e+00,0.000000000000e+00,0.000000000000e+00,-7.209472766535e-01,-1.386365018846e+00,0.000000000000e+00,0.000000000000e+00,0.000000000000e+00,0.000000000000e+00,0.000000000000e+00,3.851325615068e+00,1.040670983356e+01,0.000000000000e+00,0.000000000000e+00,0.000000000000e+00,0.000000000000e+00,1.329210510674e+00,3.851325386296e+00,0.000000000000e+00,0.000000000000e+00,4.377911993778e-06,1.797513094327e-05,0.000000000000e+00,0.000000000000e+00,1.000000000000e+00,-9.436863991001e-02,-9.426989577430e-13,2.579335368934e-12,0.000000000000e+00,0.000000000000e+00,0.000000000000e+00,1.000000000004e+00,5.332768999899e-05,-1.747357843592e-05,-5.244597135922e-06,0.000000000000e+00,0.000000000000e+00,OK,,5.567051340982e-05,-1.745073176371e-05,-5.465241507740e-06,1.745073176371e-05,5.465241507740e-06,1.745073176371e-05,2.637158100000e-08,8.973467500000e-07,1.500000000000e-04,24,1.512442125008e+00,BORIS,L1/dt-1e-11/eps-0.0003/ranks-1,5.567051340982e-05,7.127011218900e-06,R34,1.294320000000e+00,-1.386364748114e+00,-1.278883519384e+00,0.000000000000e+00,0.000000000000e+00,0.000000000000e+00,-7.209474120228e-01,-1.386365143837e+00,0.000000000000e+00,0.000000000000e+00,0.000000000000e+00,0.000000000000e+00,0.000000000000e+00,3.851324793133e+00,1.040670748747e+01,0.000000000000e+00,0.000000000000e+00,0.000000000000e+00,0.000000000000e+00,1.329210489375e+00,3.851325342693e+00,0.000000000000e+00,0.000000000000e+00,4.106895370640e-06,1.772563061141e-05,0.000000000000e+00,0.000000000000e+00,1.000000000000e+00,-9.436863963021e-02,-4.044498111159e-12,-1.010759822869e-11,0.000000000000e+00,0.000000000000e+00,0.000000000000e+00,9.999999999903e-01,5.567351000124e-05,-1.744402242240e-05,-5.463223826800e-06,0.000000000000e+00,0.000000000000e+00,9.578575828085e-01,9.999701956498e-01,9.642089874365e-01
1.000000000000e-11,OK,,5.334341340912e-05,-1.745069390487e-05,-5.269664784691e-06,1.745069390487e-05,5.269664784691e-06,1.745069390487e-05,1.246655000000e-10,2.688477900000e-07,1.000000000000e-03,1,1,5.000000000000e-04,24,1.856251332909e+00,BORIS,L1/dt-1e-11/eps-0.001/ranks-1,5.334341340912e-05,7.016998021107e-06,R34,1.640190000000e+00,-1.386365171386e+00,-1.278884333241e+00,0.000000000000e+00,0.000000000000e+00,0.000000000000e+00,-7.209472764893e-01,-1.386365018786e+00,0.000000000000e+00,0.000000000000e+00,0.000000000000e+00,0.000000000000e+00,0.000000000000e+00,3.851325615067e+00,1.040670981457e+01,0.000000000000e+00,0.000000000000e+00,0.000000000000e+00,0.000000000000e+00,1.329210510674e+00,3.851325374576e+00,0.000000000000e+00,0.000000000000e+00,5.006502710804e-06,1.761088362649e-05,0.000000000000e+00,0.000000000000e+00,9.999999999999e-01,-9.436899050542e-02,2.600490397812e-13,-9.180965219892e-13,0.000000000000e+00,0.000000000000e+00,0.000000000000e+00,9.999999999973e-01,5.334671000057e-05,-1.746963510448e-05,-5.273906920711e-06,0.000000000000e+00,0.000000000000e+00,OK,,5.557888340846e-05,-1.745071920523e-05,-5.465234948099e-06,1.745071920523e-05,5.465234948099e-06,1.745071920523e-05,2.637359300000e-08,2.690889200000e-07,5.000000000000e-04,24,1.463358958019e+00,BORIS,L1/dt-1e-11/eps-0.001/ranks-1,5.557888340846e-05,7.113357596830e-06,R34,1.240950000000e+00,-1.386364748139e+00,-1.278883519372e+00,0.000000000000e+00,0.000000000000e+00,0.000000000000e+00,-7.209474120619e-01,-1.386365143834e+00,0.000000000000e+00,0.000000000000e+00,0.000000000000e+00,0.000000000000e+00,0.000000000000e+00,3.851324834798e+00,1.040670757910e+01,0.000000000000e+00,0.000000000000e+00,0.000000000000e+00,0.000000000000e+00,1.329210510674e+00,3.851325390203e+00,0.000000000000e+00,0.000000000000e+00,4.735152760187e-06,1.736040043164e-05,0.000000000000e+00,0.000000000000e+00,1.000000000000e+00,-9.436899058253e-02,1.044696153119e-12,1.337554042764e-12,0.000000000000e+00,0.000000000000e+00,0.000000000000e+00,1.000000000002e+00,5.558186999899e-05,-1.744401750137e-05,-5.463220218243e-06,0.000000000000e+00,0.000000000000e+00,9.597784291039e-01,9.999985501824e-01,9.642155981828e-01
1.000000000000e-11,OK,,5.300230340843e-05,-1.745065944994e-05,-5.269642578587e-06,1.745065944994e-05,5.269642578587e-06,1.745065944994e-05,2.670266500000e-08,8.196546300000e-08,3.000000000000e-03,1,1,1.500000000000e-03,24,1.848270582967e+00,BORIS,L1/dt-1e-11/eps-0.003/ranks-1,5.300230340843e-05,6.988110134586e-06,R34,1.626050000000e+00,-1.386365171343e+00,-1.278884333157e+00,0.000000000000e+00,0.000000000000e+00,0.000000000000e+00,-7.209472764553e-01,-1.386365018719e+00,0.000000000000e+00,0.000000000000e+00,0.000000000000e+00,0.000000000000e+00,0.000000000000e+00,3.851325781694e+00,1.040671015568e+01,0.000000000000e+00,0.000000000000e+00,0.000000000000e+00,0.000000000000e+00,1.329210595852e+00,3.851325548948e+00,0.000000000000e+00,0.000000000000e+00,5.193390997970e-06,1.751017344565e-05,0.000000000000e+00,0.000000000000e+00,1.000000000000e+00,-9.436908695277e-02,6.087239761679e-14,-2.081043254171e-13,0.000000000000e+00,0.000000000000e+00,0.000000000000e+00,9.999999999997e-01,5.300544999898e-05,-1.744318079285e-05,-5.270404065519e-06,0.000000000000e+00,0.000000000000e+00,OK,,5.534845340982e-05,-1.745070108278e-05,-5.465236673830e-06,1.745070108278e-05,5.465236673830e-06,1.745070108278e-05,2.008085300000e-08,8.205643900000e-08,1.500000000000e-03,24,1.451165332925e+00,BORIS,L1/dt-1e-11/eps-0.003/ranks-1,5.534845340982e-05,7.092682580469e-06,R34,1.227260000000e+00,-1.386364748087e+00,-1.278883519288e+00,0.000000000000e+00,0.000000000000e+00,0.000000000000e+00,-7.209474120303e-01,-1.386365143795e+00,0.000000000000e+00,0.000000000000e+00,0.000000000000e+00,0.000000000000e+00,0.000000000000e+00,3.851324959730e+00,1.040670780953e+01,0.000000000000e+00,0.000000000000e+00,0.000000000000e+00,0.000000000000e+00,1.329210574538e+00,3.851325505314e+00,0.000000000000e+00,0.000000000000e+00,4.922169937928e-06,1.726003003067e-05,0.000000000000e+00,0.000000000000e+00,1.000000000000e+00,-9.436908699002e-02,-6.120705675194e-13,-1.418028093585e-12,0.000000000000e+00,0.000000000000e+00,0.000000000000e+00,1.000000000000e+00,5.535130000034e-05,-1.744401976135e-05,-5.463216678557e-06,0.000000000000e+00,0.000000000000e+00,9.576112816736e-01,9.999976142597e-01,9.642112305621e-01
1.000000000000e-11,OK,,5.344790340978e-05,-1.744733512609e-05,-5.268787467959e-06,1.744733512609e-05,5.268787467959e-06,1.744733512609e-05,5.965292000000e-09,4.297047100000e-08,1.000000000000e-02,1,1,5.000000000000e-03,24,1.868153166957e+00,BORIS,L1/dt-1e-11/eps-0.01/ranks-1,5.344790340978e-05,7.022232054160e-06,R34,1.649010000000e+00,-1.386365168500e+00,-1.278884324755e+00,0.000000000000e+00,0.000000000000e+00,0.000000000000e+00,-7.209472753205e-01,-1.386365015590e+00,0.000000000000e+00,0.000000000000e+00,0.000000000000e+00,0.000000000000e+00,0.000000000000e+00,3.851325564680e+00,1.040670971008e+01,0.000000000000e+00,0.000000000000e+00,0.000000000000e+00,0.000000000000e+00,1.329210485095e+00,3.851325321576e+00,0.000000000000e+00,0.000000000000e+00,5.231174808529e-06,1.745739443161e-05,0.000000000000e+00,0.000000000000e+00,1.000000000000e+00,-9.436913621336e-02,1.675135923182e-13,6.453284151224e-13,0.000000000000e+00,0.000000000000e+00,0.000000000000e+00,1.000000000000e+00,5.343251000056e-05,-1.744237228629e-05,-5.267405330601e-06,0.000000000000e+00,0.000000000000e+00,OK,,5.536681340956e-05,-1.744737754834e-05,-5.464401171051e-06,1.744737754834e-05,5.464401171051e-06,1.744737754834e-05,2.063303400000e-08,4.300223100000e-08,5.000000000000e-03,24,1.470943124965e+00,BORIS,L1/dt-1e-11/eps-0.01/ranks-1,5.536681340956e-05,7.092609847795e-06,R34,1.247440000000e+00,-1.386364745271e+00,-1.278883510951e+00,0.000000000000e+00,0.000000000000e+00,0.000000000000e+00,-7.209474108880e-01,-1.386365140664e+00,0.000000000000e+00,0.000000000000e+00,0.000000000000e+00,0.000000000000e+00,0.000000000000e+00,3.851324951411e+00,1.040670779117e+01,0.000000000000e+00,0.000000000000e+00,0.000000000000e+00,0.000000000000e+00,1.329210570462e+00,3.851325496339e+00,0.000000000000e+00,0.000000000000e+00,4.959986303201e-06,1.720723482805e-05,0.000000000000e+00,0.000000000000e+00,1.000000000000e+00,-9.436913622647e-02,-1.808220569458e-14,5.487834404976e-14,0.000000000000e+00,0.000000000000e+00,0.000000000000e+00,1.000000000000e+00,5.535130000034e-05,-1.744401431162e-05,-5.463215039918e-06,0.000000000000e+00,0.000000000000e+00,9.653418739203e-01,9.999975685601e-01,9.642021701978e-01
1.000000000000e-11,OK,,5.481818340947e-05,-1.717909540997e-05,-5.201434258990e-06,1.717909540997e-05,5.201434258990e-06,1.717909540997e-05,2.140351300000e-08,6.695365000000e-08,3.000000000000e-02,1,1,1.500000000000e-02,24,2.112835082924e+00,BORIS,L1/dt-1e-11/eps-0.03/ranks-1,5.481818340947e-05,7.085824789434e-06,R34,1.864860000000e+00,-1.386364939288e+00,-1.278883634829e+00,0.000000000000e+00,0.000000000000e+00,0.000000000000e+00,-7.209471820127e-01,-1.386364752332e+00,0.000000000000e+00,0.000000000000e+00,0.000000000000e+00,0.000000000000e+00,0.000000000000e+00,3.851324934838e+00,1.040670833980e+01,0.000000000000e+00,0.000000000000e+00,0.000000000000e+00,0.000000000000e+00,1.329210177313e+00,3.851324656865e+00,0.000000000000e+00,0.000000000000e+00,5.170880358441e-06,1.717214242155e-05,0.000000000000e+00,0.000000000000e+00,1.000000000000e+00,-9.436928820380e-02,-8.687606094749e-14,-1.086712217765e-13,0.000000000000e+00,0.000000000000e+00,0.000000000000e+00,1.000000000000e+00,5.332025000016e-05,-1.744412069007e-05,-5.267425159541e-06,0.000000000000e+00,0.000000000000e+00,OK,,5.710517340951e-05,-1.717905853545e-05,-5.397064476609e-06,1.717905853545e-05,5.397064476609e-06,1.717905853545e-05,4.875604900000e-08,6.685752200000e-08,1.500000000000e-02,24,1.467368000187e+00,BORIS,L1/dt-1e-11/eps-0.03/ranks-1,5.710517340951e-05,7.189086490171e-06,R34,1.248970000000e+00,-1.386364516134e+00,-1.278882820903e+00,0.000000000000e+00,0.000000000000e+00,0.000000000000e+00,-7.209473176449e-01,-1.386364877409e+00,0.000000000000e+00,0.000000000000e+00,0.000000000000e+00,0.000000000000e+00,0.000000000000e+00,3.851324154570e+00,1.040670605281e+01,0.000000000000e+00,0.000000000000e+00,0.000000000000e+00,0.000000000000e+00,1.329210177313e+00,3.851324640698e+00,0.000000000000e+00,0.000000000000e+00,4.899704835344e-06,1.692195669868e-05,0.000000000000e+00,0.000000000000e+00,1.000000000000e+00,-9.436928820369e-02,6.030491126212e-14,3.724666885572e-14,0.000000000000e+00,0.000000000000e+00,0.000000000000e+00,9.999999999999e-01,5.560701000107e-05,-1.744400468683e-05,-5.463220456665e-06,0.000000000000e+00,0.000000000000e+00,9.599512642464e-01,1.000002146481e+00,9.637524772093e-01
1.000000000000e-11,OK,,2.413382734101e-04,1.649388940552e-05,3.168892593270e-06,1.649388940552e-05,3.168892593270e-06,1.649388940552e-05,5.946914900000e-06,8.279812800000e-06,1.000000000000e-01,1,1,5.000000000000e-02,24,2.078570999904e+00,BORIS,L1/dt-1e-11/eps-0.1/ranks-1,2.413382734101e-04,2.486385938514e-05,R34,1.828760000000e+00,-1.386336147868e+00,-1.278796944664e+00,0.000000000000e+00,0.000000000000e+00,0.000000000000e+00,-7.209355048570e-01,-1.386331766689e+00,0.000000000000e+00,0.000000000000e+00,0.000000000000e+00,0.000000000000e+00,0.000000000000e+00,3.851240316243e+00,1.040652181971e+01,0.000000000000e+00,0.000000000000e+00,0.000000000000e+00,0.000000000000e+00,1.329168724872e+00,3.851233486475e+00,0.000000000000e+00,0.000000000000e+00,-5.536453379355e-06,-1.776326322779e-05,0.000000000000e+00,0.000000000000e+00,1.000000000000e+00,-9.438793511014e-02,-1.786101428474e-14,1.494109217132e-15,0.000000000000e+00,0.000000000000e+00,0.000000000000e+00,1.000000000000e+00,5.308342000099e-05,-1.746583916626e-05,-5.276288767235e-06,0.000000000000e+00,0.000000000000e+00,OK,,2.439774434091e-04,1.649385371706e-05,2.973280714136e-06,1.649385371706e-05,2.973280714136e-06,1.649385371706e-05,5.876939600000e-06,8.279727600000e-06,5.000000000000e-02,24,1.435845333152e+00,BORIS,L1/dt-1e-11/eps-0.1/ranks-1,2.439774434091e-04,2.508741224608e-05,R34,1.217970000000e+00,-1.386335724715e+00,-1.278796130837e+00,0.000000000000e+00,0.000000000000e+00,0.000000000000e+00,-7.209356404497e-01,-1.386331891763e+00,0.000000000000e+00,0.000000000000e+00,0.000000000000e+00,0.000000000000e+00,0.000000000000e+00,3.851239333434e+00,1.040651918054e+01,0.000000000000e+00,0.000000000000e+00,0.000000000000e+00,0.000000000000e+00,1.329168621440e+00,3.851233297095e+00,0.000000000000e+00,0.000000000000e+00,-5.807631481148e-06,-1.801340740046e-05,0.000000000000e+00,0.000000000000e+00,1.000000000000e+00,-9.438793509518e-02,-2.645194958563e-15,1.487391866559e-14,0.000000000000e+00,0.000000000000e+00,0.000000000000e+00,1.000000000000e+00,5.572236999996e-05,-1.746587844980e-05,-5.471951539406e-06,0.000000000000e+00,0.000000000000e+00,9.891827295092e-01,1.000002163743e+00,1.065789912874e+00
3.000000000000e-11,OK,,4.572924234090e-04,-1.520682298494e-04,-4.614418852459e-05,1.520682298494e-04,4.614418852459e-05,1.520682298494e-04,1.304262900000e-08,8.016773000000e-08,1.000000000000e-06,1,1,5.000000000000e-07,24,1.783220250160e+00,BORIS,L1/dt-3e-11/eps-1e-06/ranks-1,4.572924234090e-04,6.052049906045e-05,R34,1.559410000000e+00,-1.386464257747e+00,-1.279208152663e+00,0.000000000000e+00,0.000000000000e+00,0.000000000000e+00,-7.209792701648e-01,-1.386463850668e+00,0.000000000000e+00,0.000000000000e+00,0.000000000000e+00,0.000000000000e+00,0.000000000000e+00,3.851125408028e+00,1.040630586556e+01,0.000000000000e+00,0.000000000000e+00,0.000000000000e+00,0.000000000000e+00,1.329112813516e+00,3.851122177524e+00,0.000000000000e+00,0.000000000000e+00,4.574086829691e-05,1.518522502522e-04,0.000000000000e+00,0.000000000000e+00,9.999999998776e-01,-9.430654165585e-02,7.711057601779e-10,7.431839383148e-10,0.000000000000e+00,0.000000000000e+00,0.000000000000e+00,9.999999998514e-01,4.572956800004e-04,-1.522214788677e-04,-4.798803800632e-05,0.000000000000e+00,0.000000000000e+00,OK,,4.978550434096e-04,-1.576446277435e-04,-4.931428229475e-05,1.576446277435e-04,4.931428229475e-05,1.576446277435e-04,1.120721900000e-08,2.244643900000e-08,5.000000000000e-07,24,1.309829707956e+00,BORIS,L1/dt-3e-11/eps-1e-06/ranks-1,4.978550434096e-04,6.390238220597e-05,R34,1.091890000000e+00,-1.386465268783e+00,-1.279214660222e+00,0.000000000000e+00,0.000000000000e+00,0.000000000000e+00,-7.209818474188e-01,-1.386468600828e+00,0.000000000000e+00,0.000000000000e+00,0.000000000000e+00,0.000000000000e+00,0.000000000000e+00,3.851107898107e+00,1.040626530294e+01,0.000000000000e+00,0.000000000000e+00,0.000000000000e+00,0.000000000000e+00,1.329108079424e+00,3.851112896126e+00,0.000000000000e+00,0.000000000000e+00,4.530844550675e-05,1.555084929710e-04,0.000000000000e+00,0.000000000000e+00,9.999999999983e-01,-9.430421680399e-02,-1.454684938706e-09,-2.892465826891e-09,0.000000000000e+00,0.000000000000e+00,0.000000000000e+00,9.999999988755e-01,4.978580400010e-04,-1.576344582184e-04,-4.931038209501e-05,0.000000000000e+00,0.000000000000e+00,9.185252403535e-01,9.646267812997e-01,9.357165181638e-01
3.000000000000e-11,OK,,4.569322434094e-04,-1.519032654347e-04,-4.606554005216e-05,1.519032654347e-04,4.606554005216e-05,1.519032654347e-04,3.623944400000e-08,2.952925200000e-08,3.000000000000e-06,1,1,1.500000000000e-06,24,1.793991915882e+00,BORIS,L1/dt-3e-11/eps-3e-06/ranks-1,4.569322434094e-04,6.046822546387e-05,R34,1.575300000000e+00,-1.386464152536e+00,-1.279207835746e+00,0.000000000000e+00,0.000000000000e+00,0.000000000000e+00,-7.209792380761e-01,-1.386463730571e+00,0.000000000000e+00,0.000000000000e+00,0.000000000000e+00,0.000000000000e+00,0.000000000000e+00,3.851125574693e+00,1.040630622574e+01,0.000000000000e+00,0.000000000000e+00,0.000000000000e+00,0.000000000000e+00,1.329112898712e+00,3.851122363657e+00,0.000000000000e+00,0.000000000000e+00,4.565528345182e-05,1.516736511138e-04,0.000000000000e+00,0.000000000000e+00,1.000000000002e+00,-9.430669254419e-02,-3.509491707641e-10,-8.615381580944e-11,0.000000000000e+00,0.000000000000e+00,0.000000000000e+00,9.999999999207e-01,4.569355000008e-04,-1.456245467529e-04,-4.626968882728e-05,0.000000000000e+00,0.000000000000e+00,OK,,4.978550434096e-04,-1.575871157615e-04,-4.929313321863e-05,1.575871157615e-04,4.929313321863e-05,1.575871157615e-04,3.280488700000e-09,1.141266100000e-08,1.500000000000e-06,24,1.322188667022e+00,BORIS,L1/dt-3e-11/eps-3e-06/ranks-1,4.978550434096e-04,6.389323830278e-05,R34,1.103200000000e+00,-1.386465223041e+00,-1.279214522467e+00,0.000000000000e+00,0.000000000000e+00,0.000000000000e+00,-7.209818396542e-01,-1.386468556746e+00,0.000000000000e+00,0.000000000000e+00,0.000000000000e+00,0.000000000000e+00,0.000000000000e+00,3.851107898107e+00,1.040626530294e+01,0.000000000000e+00,0.000000000000e+00,0.000000000000e+00,0.000000000000e+00,1.329108079424e+00,3.851112896126e+00,0.000000000000e+00,0.000000000000e+00,4.526283113106e-05,1.554326470700e-04,0.000000000000e+00,0.000000000000e+00,1.000000000000e+00,-9.430422334404e-02,-1.070141187175e-10,2.644777671257e-10,0.000000000000e+00,0.000000000000e+00,0.000000000000e+00,9.999999996720e-01,4.978580400010e-04,-1.575843022629e-04,-4.929276462841e-05,0.000000000000e+00,0.000000000000e+00,9.178017767583e-01,9.639320111969e-01,9.345224586931e-01
3.000000000000e-11,OK,,4.569575534088e-04,-1.548767291274e-04,-4.688692172736e-05,1.548767291274e-04,4.688692172736e-05,1.548767291274e-04,1.917199400000e-08,1.038802700000e-04,1.000000000000e-05,1,1,5.000000000000e-06,24,1.824297584128e+00,BORIS,L1/dt-3e-11/eps-1e-05/ranks-1,4.569575534088e-04,6.097562021612e-05,R34,1.606200000000e+00,-1.386466547627e+00,-1.279215067881e+00,0.000000000000e+00,0.000000000000e+00,0.000000000000e+00,-7.209798997531e-01,-1.386465738193e+00,0.000000000000e+00,0.000000000000e+00,0.000000000000e+00,0.000000000000e+00,0.000000000000e+00,3.851125574693e+00,1.040630620043e+01,0.000000000000e+00,0.000000000000e+00,0.000000000000e+00,0.000000000000e+00,1.329112898712e+00,3.851122348031e+00,0.000000000000e+00,0.000000000000e+00,1.505361246914e-04,9.443452774065e-05,0.000000000000e+00,0.000000000000e+00,9.999999999892e-01,-9.436343157440e-02,9.417973248220e-11,9.443314052927e-11,0.000000000000e+00,0.000000000000e+00,0.000000000000e+00,9.999999999683e-01,4.569607399993e-04,-1.575293859708e-04,-4.591154344510e-05,0.000000000000e+00,0.000000000000e+00,OK,,6.828088748416e-04,-1.546567853373e-04,-4.848866150782e-05,1.546567853373e-04,4.848866150782e-05,1.546567853373e-04,4.487027800000e-08,7.270857800000e-04,5.000000000000e-06,24,1.352550749900e+00,BORIS,L1/dt-3e-11/eps-1e-05/ranks-1,6.828088748416e-04,1.036919077829e-04,R51,1.132630000000e+00,-1.386462872836e+00,-1.279207404355e+00,0.000000000000e+00,0.000000000000e+00,0.000000000000e+00,-7.209811919500e-01,-1.386466596829e+00,0.000000000000e+00,0.000000000000e+00,0.000000000000e+00,0.000000000000e+00,0.000000000000e+00,3.851108064771e+00,1.040626564414e+01,0.000000000000e+00,0.000000000000e+00,0.000000000000e+00,0.000000000000e+00,1.329108164620e+00,3.851113070539e+00,0.000000000000e+00,0.000000000000e+00,-6.828088748415e-04,5.746934827914e-04,0.000000000000e+00,0.000000000000e+00,9.999999999999e-01,-9.389951325034e-02,-6.158690395278e-12,-1.483046399242e-10,0.000000000000e+00,0.000000000000e+00,0.000000000000e+00,9.999999998728e-01,6.828106163691e-04,-1.546514465791e-04,-4.848836402803e-05,0.000000000000e+00,0.000000000000e+00,6.692320065623e-01,1.001422141225e+00,9.669667148844e-01
3.000000000000e-11,OK,,4.569512234092e-04,-1.548722585523e-04,-4.688839450767e-05,1.548722585523e-04,4.688839450767e-05,1.548722585523e-04,2.413980100000e-09,2.423467300000e-04,3.000000000000e-05,1,1,1.500000000000e-05,24,1.823164917063e+00,BORIS,L1/dt-3e-11/eps-3e-05/ranks-1,4.569512234092e-04,6.814383713667e-05,R34,1.607130000000e+00,-1.386466555651e+00,-1.279215060918e+00,0.000000000000e+00,0.000000000000e+00,0.000000000000e+00,-7.209799024247e-01,-1.386465736297e+00,0.000000000000e+00,0.000000000000e+00,0.000000000000e+00,0.000000000000e+00,0.000000000000e+00,3.851125574693e+00,1.040630620676e+01,0.000000000000e+00,0.000000000000e+00,0.000000000000e+00,0.000000000000e+00,1.329112898712e+00,3.851122351937e+00,0.000000000000e+00,0.000000000000e+00,-1.956961380429e-04,2.955166905241e-04,0.000000000000e+00,0.000000000000e+00,1.000000000002e+00,-9.417011594267e-02,5.189758110152e-12,7.166786947430e-11,0.000000000000e+00,0.000000000000e+00,0.000000000000e+00,9.999999999836e-01,4.569544299997e-04,-1.546793508638e-04,-4.696798156477e-05,0.000000000000e+00,0.000000000000e+00,OK,,4.975138434098e-04,-1.546423885516e-04,-4.848364088970e-05,1.546423885516e-04,4.848364088970e-05,1.546423885516e-04,3.059185200000e-08,2.423618700000e-04,1.500000000000e-05,24,1.352031624876e+00,BORIS,L1/dt-3e-11/eps-3e-05/ranks-1,4.975138434098e-04,7.038077107150e-05,R34,1.134830000000e+00,-1.386462878786e+00,-1.279207379412e+00,0.000000000000e+00,0.000000000000e+00,0.000000000000e+00,-7.209811929531e-01,-1.386466589018e+00,0.000000000000e+00,0.000000000000e+00,0.000000000000e+00,0.000000000000e+00,0.000000000000e+00,3.851108064771e+00,1.040626564414e+01,0.000000000000e+00,0.000000000000e+00,0.000000000000e+00,0.000000000000e+00,1.329108164620e+00,3.851113070539e+00,0.000000000000e+00,0.000000000000e+00,-1.980883829765e-04,2.931494821208e-04,0.000000000000e+00,0.000000000000e+00,9.999999999999e-01,-9.417016356991e-02,4.125791387482e-12,6.171263164777e-11,0.000000000000e+00,0.000000000000e+00,0.000000000000e+00,1.000000000031e+00,4.975168400012e-04,-1.546355946867e-04,-4.848140756948e-05,0.000000000000e+00,0.000000000000e+00,9.184693641435e-01,1.001486461784e+00,9.670972238727e-01
3.000000000000e-11,OK,,4.569259134097e-04,-1.548875953520e-04,-4.689023562771e-05,1.548875953520e-04,4.689023562771e-05,1.548875953520e-04,4.416940100000e-09,7.270634400000e-05,1.000000000000e-04,1,1,5.000000000000e-05,24,1.831495792139e+00,BORIS,L1/dt-3e-11/eps-0.0001/ranks-1,4.569259134097e-04,6.209375218219e-05,R34,1.608320000000e+00,-1.386466547351e+00,-1.279215088978e+00,0.000000000000e+00,0.000000000000e+00,0.000000000000e+00,-7.209799003013e-01,-1.386465743008e+00,0.000000000000e+00,0.000000000000e+00,0.000000000000e+00,0.000000000000e+00,0.000000000000e+00,3.851125574693e+00,1.040630623207e+01,0.000000000000e+00,0.000000000000e+00,0.000000000000e+00,0.000000000000e+00,1.329112898712e+00,3.851122367563e+00,0.000000000000e+00,0.000000000000e+00,-2.604724368285e-05,1.969920700507e-04,0.000000000000e+00,0.000000000000e+00,1.000000000001e+00,-9.426483743116e-02,-3.145615875034e-12,7.004799235082e-12,0.000000000000e+00,0.000000000000e+00,0.000000000000e+00,1.000000000001e+00,4.569291700012e-04,-1.546045394786e-04,-4.682660558963e-05,0.000000000000e+00,0.000000000000e+00,OK,,4.974885234095e-04,-1.546502207690e-04,-4.848564001892e-05,1.546502207690e-04,4.848564001892e-05,1.546502207690e-04,1.322587300000e-08,7.271494700000e-05,5.000000000000e-05,24,1.330363207962e+00,BORIS,L1/dt-3e-11/eps-0.0001/ranks-1,4.974885234095e-04,6.452219843302e-05,R34,1.108480000000e+00,-1.386462875258e+00,-1.279207393259e+00,0.000000000000e+00,0.000000000000e+00,0.000000000000e+00,-7.209811922866e-01,-1.386466592541e+00,0.000000000000e+00,0.000000000000e+00,0.000000000000e+00,0.000000000000e+00,0.000000000000e+00,3.851108064771e+00,1.040626566946e+01,0.000000000000e+00,0.000000000000e+00,0.000000000000e+00,0.000000000000e+00,1.329108164620e+00,3.851113086165e+00,0.000000000000e+00,0.000000000000e+00,-2.843858592704e-05,1.946208101221e-04,0.000000000000e+00,0.000000000000e+00,1.000000000000e+00,-9.426488665606e-02,-6.292562944217e-12,-9.724305788390e-12,0.000000000000e+00,0.000000000000e+00,0.000000000000e+00,1.000000000004e+00,4.974915200009e-04,-1.546434859921e-04,-4.848349940809e-05,0.000000000000e+00,0.000000000000e+00,9.184652346916e-01,1.001534912668e+00,9.670953216130e-01
3.000000000000e-11,OK,,4.570175434093e-04,-1.548791976064e-04,-4.688817457968e-05,1.548791976064e-04,4.688817457968e-05,1.548791976064e-04,1.335871300000e-08,2.422916100000e-05,3.000000000000e-04,1,1,1.500000000000e-04,24,1.801919166930e+00,BORIS,L1/dt-3e-11/eps-0.0003/ranks-1,4.570175434093e-04,6.123140259912e-05,R34,1.583200000000e+00,-1.386466551105e+00,-1.279215074947e+00,0.000000000000e+00,0.000000000000e+00,0.000000000000e+00,-7.209799007473e-01,-1.386465738818e+00,0.000000000000e+00,0.000000000000e+00,0.000000000000e+00,0.000000000000e+00,0.000000000000e+00,3.851125533027e+00,1.040630614044e+01,0.000000000000e+00,0.000000000000e+00,0.000000000000e+00,0.000000000000e+00,1.329112877413e+00,3.851122320054e+00,0.000000000000e+00,0.000000000000e+00,2.242674104080e-05,1.688346579856e-04,0.000000000000e+00,0.000000000000e+00,9.999999999999e-01,-9.429190429406e-02,5.388072081490e-12,9.063035245410e-12,0.000000000000e+00,0.000000000000e+00,0.000000000000e+00,1.000000000004e+00,4.570208099999e-04,-1.549025643863e-04,-4.686313673533e-05,0.000000000000e+00,0.000000000000e+00,OK,,4.978550434096e-04,-1.546508270817e-04,-4.848596461732e-05,1.546508270817e-04,4.848596461732e-05,1.546508270817e-04,1.348734200000e-08,2.424323900000e-05,1.500000000000e-04,24,1.315391625045e+00,BORIS,L1/dt-3e-11/eps-0.0003/ranks-1,4.978550434096e-04,6.371112356089e-05,R34,1.096070000000e+00,-1.386462875041e+00,-1.279207392375e+00,0.000000000000e+00,0.000000000000e+00,0.000000000000e+00,-7.209811921151e-01,-1.386466591953e+00,0.000000000000e+00,0.000000000000e+00,0.000000000000e+00,0.000000000000e+00,0.000000000000e+00,3.851107898107e+00,1.040626530294e+01,0.000000000000e+00,0.000000000000e+00,0.000000000000e+00,0.000000000000e+00,1.329108079424e+00,3.851112896127e+00,0.000000000000e+00,0.000000000000e+00,2.003310866531e-05,1.664670775864e-04,0.000000000000e+00,0.000000000000e+00,1.000000000000e+00,-9.429195141303e-02,1.064568855946e-12,2.128174417659e-12,0.000000000000e+00,0.000000000000e+00,0.000000000000e+00,1.000000000002e+00,4.978580400010e-04,-1.546441177404e-04,-4.848394693638e-05,0.000000000000e+00,0.000000000000e+00,9.179731117704e-01,1.001476684794e+00,9.670463390746e-01
3.000000000000e-11,OK,,4.572924234090e-04,-1.548787924179e-04,-4.688784981552e-05,1.548787924179e-04,4.688784981552e-05,1.548787924179e-04,1.335838900000e-08,7.264560800000e-06,1.000000000000e-03,1,1,5.000000000000e-04,24,1.787485582987e+00,BORIS,L1/dt-3e-11/eps-0.001/ranks-1,4.572924234090e-04,6.104763292402e-05,R34,1.569460000000e+00,-1.386466551401e+00,-1.279215076412e+00,0.000000000000e+00,0.000000000000e+00,0.000000000000e+00,-7.209799006611e-01,-1.386465739206e+00,0.000000000000e+00,0.000000000000e+00,0.000000000000e+00,0.000000000000e+00,0.000000000000e+00,3.851125408027e+00,1.040630586556e+01,0.000000000000e+00,0.000000000000e+00,0.000000000000e+00,0.000000000000e+00,1.329112813516e+00,3.851122177523e+00,0.000000000000e+00,0.000000000000e+00,3.939149996790e-05,1.589802489218e-04,0.000000000000e+00,0.000000000000e+00,1.000000000000e+00,-9.430137751322e-02,1.272591488096e-12,1.818772598045e-12,0.000000000000e+00,0.000000000000e+00,0.000000000000e+00,1.000000000002e+00,4.572957200004e-04,-1.548977336175e-04,-4.689209195154e-05,0.000000000000e+00,0.000000000000e+00,OK,,4.975991434097e-04,-1.546508594647e-04,-4.848594868762e-05,1.546508594647e-04,4.848594868762e-05,1.546508594647e-04,3.315441800000e-08,7.278135500000e-06,5.000000000000e-04,24,1.319036333123e+00,BORIS,L1/dt-3e-11/eps-0.001/ranks-1,4.975991434097e-04,6.349109310889e-05,R34,1.099210000000e+00,-1.386462875447e+00,-1.279207392401e+00,0.000000000000e+00,0.000000000000e+00,0.000000000000e+00,-7.209811923697e-01,-1.386466591962e+00,0.000000000000e+00,0.000000000000e+00,0.000000000000e+00,0.000000000000e+00,0.000000000000e+00,3.851108023104e+00,1.040626555884e+01,0.000000000000e+00,0.000000000000e+00,0.000000000000e+00,0.000000000000e+00,1.329108143320e+00,3.851113026935e+00,0.000000000000e+00,0.000000000000e+00,3.699825777183e-05,1.566129133405e-04,0.000000000000e+00,0.000000000000e+00,1.000000000000e+00,-9.430142411096e-02,-1.684037997246e-13,5.243273871796e-13,0.000000000000e+00,0.000000000000e+00,0.000000000000e+00,1.000000000001e+00,4.976021300003e-04,-1.546441577608e-04,-4.848393395776e-05,0.000000000000e+00,0.000000000000e+00,9.189976097537e-01,1.001473855069e+00,9.670399586817e-01
3.000000000000e-11,OK,,4.572925734099e-04,-1.548789268713e-04,-4.688819023903e-05,1.548789268713e-04,4.688819023903e-05,1.548789268713e-04,1.270710200000e-08,2.417575700000e-06,3.000000000000e-03,1,1,1.500000000000e-03,24,1.781909750076e+00,BORIS,L1/dt-3e-11/eps-0.003/ranks-1,4.572925734099e-04,6.099840662402e-05,R34,1.560290000000e+00,-1.386466549602e+00,-1.279215074090e+00,0.000000000000e+00,0.000000000000e+00,0.000000000000e+00,-7.209799005211e-01,-1.386465739199e+00,0.000000000000e+00,0.000000000000e+00,0.000000000000e+00,0.000000000000e+00,0.000000000000e+00,3.851125407960e+00,1.040630586541e+01,0.000000000000e+00,0.000000000000e+00,0.000000000000e+00,0.000000000000e+00,1.329112813483e+00,3.851122177451e+00,0.000000000000e+00,0.000000000000e+00,4.423811030730e-05,1.561634067334e-04,0.000000000000e+00,0.000000000000e+00,1.000000000000e+00,-9.430408445201e-02,-6.630410710568e-13,-9.731136544168e-13,0.000000000000e+00,0.000000000000e+00,0.000000000000e+00,9.999999999998e-01,4.572957200004e-04,-1.548714482142e-04,-4.688895172596e-05,0.000000000000e+00,0.000000000000e+00,OK,,4.978615234084e-04,-1.546502595738e-04,-4.848558396592e-05,1.546502595738e-04,4.848558396592e-05,1.546502595738e-04,1.993066800000e-08,2.431594800000e-06,1.500000000000e-03,24,1.322647457942e+00,BORIS,L1/dt-3e-11/eps-0.003/ranks-1,4.978615234084e-04,6.346475492579e-05,R34,1.100650000000e+00,-1.386462875325e+00,-1.279207392607e+00,0.000000000000e+00,0.000000000000e+00,0.000000000000e+00,-7.209811923003e-01,-1.386466592103e+00,0.000000000000e+00,0.000000000000e+00,0.000000000000e+00,0.000000000000e+00,0.000000000000e+00,3.851107898039e+00,1.040626529646e+01,0.000000000000e+00,0.000000000000e+00,0.000000000000e+00,0.000000000000e+00,1.329108079391e+00,3.851112892141e+00,0.000000000000e+00,0.000000000000e+00,4.184487156781e-05,1.537960561341e-04,0.000000000000e+00,0.000000000000e+00,1.000000000000e+00,-9.430413143185e-02,1.027295366064e-13,2.786767230005e-13,0.000000000000e+00,0.000000000000e+00,0.000000000000e+00,1.000000000001e+00,4.978643699989e-04,-1.546435782524e-04,-4.848356397065e-05,0.000000000000e+00,0.000000000000e+00,9.185135864271e-01,1.001478609206e+00,9.670542541467e-01
3.000000000000e-11,OK,,4.569690434089e-04,-1.548755690430e-04,-4.688708271644e-05,1.548755690430e-04,4.688708271644e-05,1.548755690430e-04,1.371137200000e-08,6.814417400000e-07,1.000000000000e-02,1,1,5.000000000000e-03,24,1.815724791959e+00,BORIS,L1/dt-3e-11/eps-0.01/ranks-1,4.569690434089e-04,6.095669770476e-05,R34,1.600390000000e+00,-1.386466548513e+00,-1.279215066307e+00,0.000000000000e+00,0.000000000000e+00,0.000000000000e+00,-7.209798996666e-01,-1.386465735409e+00,0.000000000000e+00,0.000000000000e+00,0.000000000000e+00,0.000000000000e+00,0.000000000000e+00,3.851125566645e+00,1.040630618894e+01,0.000000000000e+00,0.000000000000e+00,0.000000000000e+00,0.000000000000e+00,1.329112894774e+00,3.851122343241e+00,0.000000000000e+00,0.000000000000e+00,4.597335875484e-05,1.551908448739e-04,0.000000000000e+00,0.000000000000e+00,1.000000000000e+00,-9.430501465404e-02,-5.455969881204e-14,4.006870479485e-15,0.000000000000e+00,0.000000000000e+00,0.000000000000e+00,9.999999999997e-01,4.569536499996e-04,-1.548706062032e-04,-4.688570057908e-05,0.000000000000e+00,0.000000000000e+00,OK,,4.975986634097e-04,-1.546477311973e-04,-4.848525611667e-05,1.546477311973e-04,4.848525611667e-05,1.546477311973e-04,1.418673900000e-08,6.956236000000e-07,5.000000000000e-03,24,1.345249958104e+00,BORIS,L1/dt-3e-11/eps-0.01/ranks-1,4.975986634097e-04,6.342796291963e-05,R34,1.122760000000e+00,-1.386462871290e+00,-1.279207386368e+00,0.000000000000e+00,0.000000000000e+00,0.000000000000e+00,-7.209811903786e-01,-1.386466590315e+00,0.000000000000e+00,0.000000000000e+00,0.000000000000e+00,0.000000000000e+00,0.000000000000e+00,3.851108014721e+00,1.040626555932e+01,0.000000000000e+00,0.000000000000e+00,0.000000000000e+00,0.000000000000e+00,1.329108139212e+00,3.851113029609e+00,0.000000000000e+00,0.000000000000e+00,4.357947430626e-05,1.528246201003e-04,0.000000000000e+00,0.000000000000e+00,1.000000000000e+00,-9.430506117460e-02,1.123901434766e-13,1.478839987237e-13,0.000000000000e+00,0.000000000000e+00,0.000000000000e+00,9.999999999998e-01,4.975831500005e-04,-1.546443679606e-04,-4.848406998554e-05,0.000000000000e+00,0.000000000000e+00,9.183486150819e-01,1.001473269889e+00,9.670379507456e-01
3.000000000000e-11,OK,,4.588585834089e-04,-1.546061712616e-04,-4.681969271737e-05,1.546061712616e-04,4.681969271737e-05,1.546061712616e-04,1.273134900000e-10,3.848745900000e-07,3.000000000000e-02,1,1,1.500000000000e-02,24,2.092301290948e+00,BORIS,L1/dt-3e-11/eps-0.03/ranks-1,4.588585834089e-04,6.104945751819e-05,R34,1.850020000000e+00,-1.386466318359e+00,-1.279214383264e+00,0.000000000000e+00,0.000000000000e+00,0.000000000000e+00,-7.209798064038e-01,-1.386465477328e+00,0.000000000000e+00,0.000000000000e+00,0.000000000000e+00,0.000000000000e+00,0.000000000000e+00,3.851124683186e+00,1.040630429940e+01,0.000000000000e+00,0.000000000000e+00,0.000000000000e+00,0.000000000000e+00,1.329112457362e+00,3.851121413136e+00,0.000000000000e+00,0.000000000000e+00,4.616912584413e-05,1.545114751684e-04,0.000000000000e+00,0.000000000000e+00,1.000000000000e+00,-9.430554216518e-02,2.397132515353e-15,-3.319018849291e-14,0.000000000000e+00,0.000000000000e+00,0.000000000000e+00,1.000000000000e+00,4.573606499996e-04,-1.548711965417e-04,-4.688568361792e-05,0.000000000000e+00,0.000000000000e+00,OK,,4.991071934093e-04,-1.543786325975e-04,-4.841745416412e-05,1.543786325975e-04,4.841745416412e-05,1.543786325975e-04,8.805939800000e-08,3.990477100000e-07,1.500000000000e-02,24,1.340398665983e+00,BORIS,L1/dt-3e-11/eps-0.03/ranks-1,4.991071934093e-04,6.349680121911e-05,R34,1.116060000000e+00,-1.386462643234e+00,-1.279206702203e+00,0.000000000000e+00,0.000000000000e+00,0.000000000000e+00,-7.209810978412e-01,-1.386466330864e+00,0.000000000000e+00,0.000000000000e+00,0.000000000000e+00,0.000000000000e+00,0.000000000000e+00,3.851107342980e+00,1.040626405079e+01,0.000000000000e+00,0.000000000000e+00,0.000000000000e+00,0.000000000000e+00,1.329107810016e+00,3.851112288689e+00,0.000000000000e+00,0.000000000000e+00,4.377603681482e-05,1.521439094701e-04,0.000000000000e+00,0.000000000000e+00,1.000000000000e+00,-9.430558933062e-02,6.787222805945e-14,2.404162605657e-14,0.000000000000e+00,0.000000000000e+00,0.000000000000e+00,1.000000000000e+00,4.976090300008e-04,-1.546435787489e-04,-4.848361014418e-05,0.000000000000e+00,0.000000000000e+00,9.193587859845e-01,1.001473899984e+00,9.670003003187e-01
3.000000000000e-11,OK,,6.454616534093e-04,-1.209259424790e-04,-3.844605872978e-05,1.209259424790e-04,3.844605872978e-05,1.209259424790e-04,5.880218700000e-06,8.273516400000e-06,1.000000000000e-01,1,1,5.000000000000e-02,24,2.044318000088e+00,BORIS,L1/dt-3e-11/eps-0.1/ranks-1,6.454616534093e-04,7.224380499038e-05,R34,1.802930000000e+00,-1.386437517858e+00,-1.279127670198e+00,0.000000000000e+00,0.000000000000e+00,0.000000000000e+00,-7.209681263008e-01,-1.386432479940e+00,0.000000000000e+00,0.000000000000e+00,0.000000000000e+00,0.000000000000e+00,0.000000000000e+00,3.851040009473e+00,1.040611769633e+01,0.000000000000e+00,0.000000000000e+00,0.000000000000e+00,0.000000000000e+00,1.329070977691e+00,3.851030209363e+00,0.000000000000e+00,0.000000000000e+00,3.573935539545e-05,1.194913681038e-04,0.000000000000e+00,0.000000000000e+00,1.000000000000e+00,-9.432420299336e-02,-2.143514453989e-15,-2.385001354080e-14,0.000000000000e+00,0.000000000000e+00,0.000000000000e+00,1.000000000000e+00,4.572068000002e-04,-1.548856710508e-04,-4.689124009029e-05,0.000000000000e+00,0.000000000000e+00,OK,,6.856058834099e-04,-1.207018860348e-04,-4.004486463399e-05,1.207018860348e-04,4.004486463399e-05,1.207018860348e-04,5.943970000000e-06,8.305188200000e-06,5.000000000000e-02,24,1.325777749997e+00,BORIS,L1/dt-3e-11/eps-0.1/ranks-1,6.856058834099e-04,7.529478111479e-05,R34,1.098260000000e+00,-1.386433840955e+00,-1.279120000368e+00,0.000000000000e+00,0.000000000000e+00,0.000000000000e+00,-7.209694176893e-01,-1.386433336991e+00,0.000000000000e+00,0.000000000000e+00,0.000000000000e+00,0.000000000000e+00,0.000000000000e+00,3.851022703914e+00,1.040607755210e+01,0.000000000000e+00,0.000000000000e+00,0.000000000000e+00,0.000000000000e+00,1.329066347797e+00,3.851021141274e+00,0.000000000000e+00,0.000000000000e+00,3.334612153566e-05,1.171296143274e-04,0.000000000000e+00,0.000000000000e+00,1.000000000000e+00,-9.432424744893e-02,-1.017418254062e-14,-1.910617804955e-14,0.000000000000e+00,0.000000000000e+00,0.000000000000e+00,1.000000000000e+00,4.973508100008e-04,-1.546616182017e-04,-4.849009688753e-05,0.000000000000e+00,0.000000000000e+00,9.414470748108e-01,1.001856279562e+00,9.600746333188e-01
1.000000000000e-10,INVALID,time step too long for QACH field extent,,,,,,,,,1.000000000000e-06,1,1,5.000000000000e-07,24,2.211369159631e-01,BORIS,L1/dt-1e-10/eps-1e-06/ranks-1,,,,,,,,,,,,,,,,,,,,,,,,,,,,,,,,,,,,,,,,,,,,INVALID,time step too long for QACH field extent,,,,,,,,,5.000000000000e-07,24,2.188641249668e-01,BORIS,L1/dt-1e-10/eps-1e-06/ranks-1,,,,,,,,,,,,,,,,,,,,,,,,,,,,,,,,,,,,,,,,,,,,,,
1.000000000000e-10,INVALID,time step too long for QACH field extent,,,,,,,,,3.000000000000e-06,1,1,1.500000000000e-06,24,2.216109579895e-01,BORIS,L1/dt-1e-10/eps-3e-06/ranks-1,,,,,,,,,,,,,,,,,,,,,,,,,,,,,,,,,,,,,,,,,,,,INVALID,time step too long for QACH field extent,,,,,,,,,1.500000000000e-06,24,2.188918339089e-01,BORIS,L1/dt-1e-10/eps-3e-06/ranks-1,,,,,,,,,,,,,,,,,,,,,,,,,,,,,,,,,,,,,,,,,,,,,,
1.000000000000e-10,INVALID,time step too long for QACH field extent,,,,,,,,,1.000000000000e-05,1,1,5.000000000000e-06,24,2.234200830571e-01,BORIS,L1/dt-1e-10/eps-1e-05/ranks-1,,,,,,,,,,,,,,,,,,,,,,,,,,,,,,,,,,,,,,,,,,,,INVALID,time step too long for QACH field extent,,,,,,,,,5.000000000000e-06,24,2.135953339748e-01,BORIS,L1/dt-1e-10/eps-1e-05/ranks-1,,,,,,,,,,,,,,,,,,,,,,,,,,,,,,,,,,,,,,,,,,,,,,
1.000000000000e-10,INVALID,time step too long for QACH field extent,,,,,,,,,3.000000000000e-05,1,1,1.500000000000e-05,24,2.234637499787e-01,BORIS,L1/dt-1e-10/eps-3e-05/ranks-1,,,,,,,,,,,,,,,,,,,,,,,,,,,,,,,,,,,,,,,,,,,,INVALID,time step too long for QACH field extent,,,,,,,,,1.500000000000e-05,24,2.206351249479e-01,BORIS,L1/dt-1e-10/eps-3e-05/ranks-1,,,,,,,,,,,,,,,,,,,,,,,,,,,,,,,,,,,,,,,,,,,,,,
1.000000000000e-10,INVALID,time step too long for QACH field extent,,,,,,,,,1.000000000000e-04,1,1,5.000000000000e-05,24,2.233189579565e-01,BORIS,L1/dt-1e-10/eps-0.0001/ranks-1,,,,,,,,,,,,,,,,,,,,,,,,,,,,,,,,,,,,,,,,,,,,INVALID,time step too long for QACH field extent,,,,,,,,,5.000000000000e-05,24,2.182475409936e-01,BORIS,L1/dt-1e-10/eps-0.0001/ranks-1,,,,,,,,,,,,,,,,,,,,,,,,,,,,,,,,,,,,,,,,,,,,,,
1.000000000000e-10,INVALID,time step too long for QACH field extent,,,,,,,,,3.000000000000e-04,1,1,1.500000000000e-04,24,2.235363749787e-01,BORIS,L1/dt-1e-10/eps-0.0003/ranks-1,,,,,,,,,,,,,,,,,,,,,,,,,,,,,,,,,,,,,,,,,,,,INVALID,time step too long for QACH field extent,,,,,,,,,1.500000000000e-04,24,2.237394999247e-01,BORIS,L1/dt-1e-10/eps-0.0003/ranks-1,,,,,,,,,,,,,,,,,,,,,,,,,,,,,,,,,,,,,,,,,,,,,,
1.000000000000e-10,INVALID,time step too long for QACH field extent,,,,,,,,,1.000000000000e-03,1,1,5.000000000000e-04,24,2.250738339499e-01,BORIS,L1/dt-1e-10/eps-0.001/ranks-1,,,,,,,,,,,,,,,,,,,,,,,,,,,,,,,,,,,,,,,,,,,,INVALID,time step too long for QACH field extent,,,,,,,,,5.000000000000e-04,24,2.890005419031e-01,BORIS,L1/dt-1e-10/eps-0.001/ranks-1,,,,,,,,,,,,,,,,,,,,,,,,,,,,,,,,,,,,,,,,,,,,,,
1.000000000000e-10,INVALID,time step too long for QACH field extent,,,,,,,,,3.000000000000e-03,1,1,1.500000000000e-03,24,2.251300839707e-01,BORIS,L1/dt-1e-10/eps-0.003/ranks-1,,,,,,,,,,,,,,,,,,,,,,,,,,,,,,,,,,,,,,,,,,,,INVALID,time step too long for QACH field extent,,,,,,,,,1.500000000000e-03,24,3.019538749941e-01,BORIS,L1/dt-1e-10/eps-0.003/ranks-1,,,,,,,,,,,,,,,,,,,,,,,,,,,,,,,,,,,,,,,,,,,,,,
1.000000000000e-10,INVALID,time step too long for QACH field extent,,,,,,,,,1.000000000000e-02,1,1,5.000000000000e-03,24,2.250842920039e-01,BORIS,L1/dt-1e-10/eps-0.01/ranks-1,,,,,,,,,,,,,,,,,,,,,,,,,,,,,,,,,,,,,,,,,,,,INVALID,time step too long for QACH field extent,,,,,,,,,5.000000000000e-03,24,2.899791658856e-01,BORIS,L1/dt-1e-10/eps-0.01/ranks-1,,,,,,,,,,,,,,,,,,,,,,,,,,,,,,,,,,,,,,,,,,,,,,
1.000000000000e-10,INVALID,time step too long for QACH field extent,,,,,,,,,3.000000000000e-02,1,1,1.500000000000e-02,24,2.385772918351e-01,BORIS,L1/dt-1e-10/eps-0.03/ranks-1,,,,,,,,,,,,,,,,,,,,,,,,,,,,,,,,,,,,,,,,,,,,INVALID,time step too long for QACH field extent,,,,,,,,,1.500000000000e-02,24,2.891551251523e-01,BORIS,L1/dt-1e-10/eps-0.03/ranks-1,,,,,,,,,,,,,,,,,,,,,,,,,,,,,,,,,,,,,,,,,,,,,,
1.000000000000e-10,INVALID,time step too long for QACH field extent,,,,,,,,,1.000000000000e-01,1,1,5.000000000000e-02,24,2.445617921185e-01,BORIS,L1/dt-1e-10/eps-0.1/ranks-1,,,,,,,,,,,,,,,,,,,,,,,,,,,,,,,,,,,,,,,,,,,,INVALID,time step too long for QACH field extent,,,,,,,,,5.000000000000e-02,24,2.161649579648e-01,BORIS,L1/dt-1e-10/eps-0.1/ranks-1,,,,,,,,,,,,,,,,,,,,,,,,,,,,,,,,,,,,,,,,,,,,,,
1.000000000000e-13,OK,,4.723577699556e-05,-1.058438399449e-05,-2.637132012791e-06,1.058438399449e-05,2.637132012791e-06,1.058438399449e-05,2.352898700000e-07,3.594275200000e-05,1.000000000000e-06,2,1,2.500000000000e-07,36,3.959141941601e+01,BORIS,L2/dt-1e-13/eps-1e-06/ranks-1,4.723577699556e-05,4.712001848860e-06,R52,3.936310000000e+01,-1.386357894945e+00,-1.278866709833e+00,0.000000000000e+00,0.000000000000e+00,0.000000000000e+00,-7.209386667854e-01,-1.386355007659e+00,0.000000000000e+00,0.000000000000e+00,0.000000000000e+00,0.000000000000e+00,0.000000000000e+00,3.851352100262e+00,1.040676316124e+01,0.000000000000e+00,0.000000000000e+00,0.000000000000e+00,0.000000000000e+00,1.329223389160e+00,3.851352100048e+00,0.000000000000e+00,0.000000000000e+00,1.070969142496e-05,4.723577699589e-05,0.000000000000e+00,0.000000000000e+00,9.999999998652e-01,-9.436453533464e-02,4.253173408181e-08,8.634601043539e-08,0.000000000000e+00,0.000000000000e+00,0.000000000000e+00,1.000000015564e+00,0.000000000000e+00,0.000000000000e+00,0.000000000000e+00,0.000000000000e+00,0.000000000000e+00,OK,,1.363334845017e-07,-3.096298487981e-08,-1.389455236174e-09,3.096298487981e-08,1.389455236174e-09,3.096298487981e-08,2.891390800000e-08,9.256941600000e-08,2.500000000000e-07,36,3.588717633323e+01,BORIS,L2/dt-1e-13/eps-1e-06/ranks-1,1.363334845017e-07,1.719153465819e-08,R12,3.566850000000e+01,-1.386352290604e+00,-1.278842455713e+00,0.000000000000e+00,0.000000000000e+00,0.000000000000e+00,-7.209431519475e-01,-1.386352348061e+00,0.000000000000e+00,0.000000000000e+00,0.000000000000e+00,0.000000000000e+00,0.000000000000e+00,3.851352100163e+00,1.040676316098e+01,0.000000000000e+00,0.000000000000e+00,0.000000000000e+00,0.000000000000e+00,1.329223389156e+00,3.851352100046e+00,0.000000000000e+00,0.000000000000e+00,1.105117381612e-08,4.728623191518e-08,0.000000000000e+00,0.000000000000e+00,1.000000000000e+00,-9.437721718938e-02,-4.553337882050e-08,-9.256941567881e-08,0.000000000000e+00,0.000000000000e+00,0.000000000000e+00,9.999999864612e-01,0.000000000000e+00,0.000000000000e+00,0.000000000000e+00,0.000000000000e+00,0.000000000000e+00,3.464723077255e+02,3.418399109639e+02,1.897961117519e+03
1.000000000000e-13,OK,,1.524897468781e-05,-1.524897468814e-05,-2.676825409444e-06,1.524897468814e-05,2.676825409444e-06,1.524897468814e-05,2.496936900000e-08,2.138368900000e-05,3.000000000000e-06,2,1,7.500000000000e-07,36,3.943287779111e+01,BORIS,L2/dt-1e-13/eps-3e-06/ranks-1,1.524897468781e-05,1.701132560327e-06,R16,3.920250000000e+01,-1.386356205893e+00,-1.278843553318e+00,0.000000000000e+00,0.000000000000e+00,0.000000000000e+00,-7.209427359665e-01,-1.386348577607e+00,0.000000000000e+00,0.000000000000e+00,0.000000000000e+00,0.000000000000e+00,0.000000000000e+00,3.851352100260e+00,1.040676316124e+01,0.000000000000e+00,0.000000000000e+00,0.000000000000e+00,0.000000000000e+00,1.329223389160e+00,3.851352100048e+00,0.000000000000e+00,0.000000000000e+00,2.271766951326e-06,-3.667718187183e-06,0.000000000000e+00,0.000000000000e+00,1.000000000001e+00,-9.436546839773e-02,6.947575989536e-09,1.253222325025e-08,0.000000000000e+00,0.000000000000e+00,0.000000000000e+00,9.999999911368e-01,0.000000000000e+00,0.000000000000e+00,0.000000000000e+00,0.000000000000e+00,0.000000000000e+00,OK,,1.994422474366e-08,-7.768953446434e-09,-2.576322572282e-09,7.768953446434e-09,2.576322572282e-09,7.768953446434e-09,2.730503200000e-09,1.994422500000e-08,7.500000000000e-07,36,3.597115604091e+01,BORIS,L2/dt-1e-13/eps-3e-06/ranks-1,1.994422474366e-08,2.372261652381e-09,R62,3.573530000000e+01,-1.386352256845e+00,-1.278842327900e+00,0.000000000000e+00,0.000000000000e+00,0.000000000000e+00,-7.209431219936e-01,-1.386352260448e+00,0.000000000000e+00,0.000000000000e+00,0.000000000000e+00,0.000000000000e+00,0.000000000000e+00,3.851352100163e+00,1.040676316098e+01,0.000000000000e+00,0.000000000000e+00,0.000000000000e+00,0.000000000000e+00,1.329223389156e+00,3.851352100046e+00,0.000000000000e+00,0.000000000000e+00,1.785649879996e-09,5.531050440023e-09,0.000000000000e+00,0.000000000000e+00,1.000000000000e+00,-9.437722945818e-02,-1.200837796093e-08,-1.994422474366e-08,0.000000000000e+00,0.000000000000e+00,0.000000000000e+00,9.999999926285e-01,0.000000000000e+00,0.000000000000e+00,0.000000000000e+00,0.000000000000e+00,0.000000000000e+00,7.645809693685e+02,1.962809378802e+03,1.039010191598e+03
1.000000000000e-13,OK,,3.105529719084e-06,-2.953708620930e-06,8.432793706644e-07,2.953708620930e-06,8.432793706644e-07,2.953708620930e-06,4.640477300000e-09,4.246403400000e-06,1.000000000000e-05,2,1,2.500000000000e-06,36,3.945710900007e+01,BORIS,L2/dt-1e-13/eps-1e-05/ranks-1,3.105529719084e-06,4.726413967038e-07,R52,3.916300000000e+01,-1.386350240662e+00,-1.278842738434e+00,0.000000000000e+00,0.000000000000e+00,0.000000000000e+00,-7.209430656907e-01,-1.386354437760e+00,0.000000000000e+00,0.000000000000e+00,0.000000000000e+00,0.000000000000e+00,0.000000000000e+00,3.851352100259e+00,1.040676316127e+01,0.000000000000e+00,0.000000000000e+00,0.000000000000e+00,0.000000000000e+00,1.329223389160e+00,3.851352100062e+00,0.000000000000e+00,0.000000000000e+00,-9.479847768100e-07,3.105529719417e-06,0.000000000000e+00,0.000000000000e+00,9.999999999879e-01,-9.437924002367e-02,1.246414624258e-09,2.769447890957e-09,0.000000000000e+00,0.000000000000e+00,0.000000000000e+00,1.000000000603e+00,0.000000000000e+00,0.000000000000e+00,0.000000000000e+00,0.000000000000e+00,0.000000000000e+00,OK,,1.394948445643e-08,-8.060064654455e-09,-3.265089228678e-09,8.060064654455e-09,3.265089228678e-09,8.060064654455e-09,4.608629400000e-09,5.840183700000e-09,2.500000000000e-06,36,3.620196654089e+01,BORIS,L2/dt-1e-13/eps-1e-05/ranks-1,1.394948445643e-08,1.737076482837e-09,R12,3.597670000000e+01,-1.386352259861e+00,-1.278842333329e+00,0.000000000000e+00,0.000000000000e+00,0.000000000000e+00,-7.209431233207e-01,-1.386352259020e+00,0.000000000000e+00,0.000000000000e+00,0.000000000000e+00,0.000000000000e+00,0.000000000000e+00,3.851352100163e+00,1.040676316098e+01,0.000000000000e+00,0.000000000000e+00,0.000000000000e+00,0.000000000000e+00,1.329223389156e+00,3.851352100046e+00,0.000000000000e+00,0.000000000000e+00,2.725611761731e-09,8.119551031980e-09,0.000000000000e+00,0.000000000000e+00,1.000000000000e+00,-9.437722953105e-02,-3.334955058833e-10,-1.837500656827e-09,0.000000000000e+00,0.000000000000e+00,0.000000000000e+00,9.999999941598e-01,0.000000000000e+00,0.000000000000e+00,0.000000000000e+00,0.000000000000e+00,0.000000000000e+00,2.226268453708e+02,3.664621498163e+02,2.582714626166e+02
1.000000000000e-13,OK,,1.506054484457e-06,9.304755695133e-07,3.740654894029e-07,9.304755695133e-07,3.740654894029e-07,9.304755695133e-07,1.081416100000e-08,4.885312100000e-07,3.000000000000e-05,2,1,7.500000000000e-06,36,3.959053604212e+01,BORIS,L2/dt-1e-13/eps-3e-05/ranks-1,1.506054484457e-06,2.445781787100e-07,R12,3.932880000000e+01,-1.386353674186e+00,-1.278843825434e+00,0.000000000000e+00,0.000000000000e+00,0.000000000000e+00,-7.209428611773e-01,-1.386351385992e+00,0.000000000000e+00,0.000000000000e+00,0.000000000000e+00,0.000000000000e+00,0.000000000000e+00,3.851352100287e+00,1.040676316133e+01,0.000000000000e+00,0.000000000000e+00,0.000000000000e+00,0.000000000000e+00,1.329223389159e+00,3.851352100051e+00,0.000000000000e+00,0.000000000000e+00,-6.407433624677e-07,-1.167935905302e-06,0.000000000000e+00,0.000000000000e+00,9.999999999763e-01,-9.437820934821e-02,-2.172668578745e-10,-1.015582665720e-09,0.000000000000e+00,0.000000000000e+00,0.000000000000e+00,9.999999996617e-01,0.000000000000e+00,0.000000000000e+00,0.000000000000e+00,0.000000000000e+00,0.000000000000e+00,OK,,9.375484388841e-09,-7.155505021138e-09,-1.898388030594e-09,7.155505021138e-09,1.898388030594e-09,7.155505021138e-09,1.418528800000e-09,2.953917900000e-09,7.500000000000e-06,36,3.649779954203e+01,BORIS,L2/dt-1e-13/eps-3e-05/ranks-1,9.375484388841e-09,1.287775578814e-09,R12,3.628000000000e+01,-1.386352257517e+00,-1.278842328755e+00,0.000000000000e+00,0.000000000000e+00,0.000000000000e+00,-7.209431226291e-01,-1.386352256728e+00,0.000000000000e+00,0.000000000000e+00,0.000000000000e+00,0.000000000000e+00,0.000000000000e+00,3.851352100163e+00,1.040676316098e+01,0.000000000000e+00,0.000000000000e+00,0.000000000000e+00,0.000000000000e+00,1.329223389156e+00,3.851352100046e+00,0.000000000000e+00,0.000000000000e+00,2.022447675146e-09,6.831603846237e-09,0.000000000000e+00,0.000000000000e+00,1.000000000000e+00,-9.437722996401e-02,1.439141369558e-09,2.953917906711e-09,0.000000000000e+00,0.000000000000e+00,0.000000000000e+00,1.000000002433e+00,0.000000000000e+00,0.000000000000e+00,0.000000000000e+00,0.000000000000e+00,0.000000000000e+00,1.606375118335e+02,1.300363240281e+02,1.970437462597e+02
1.000000000000e-13,OK,,9.695161252178e-07,-2.485507366159e-07,-3.236192124824e-07,2.485507366159e-07,3.236192124824e-07,3.236192124824e-07,2.968650900000e-09,1.038747000000e-06,1.000000000000e-04,2,1,2.500000000000e-05,36,3.991731437505e+01,BORIS,L2/dt-1e-13/eps-0.0001/ranks-1,9.695161252178e-07,1.060793100586e-07,R52,3.968370000000e+01,-1.386352034990e+00,-1.278842328954e+00,0.000000000000e+00,0.000000000000e+00,0.000000000000e+00,-7.209431259608e-01,-1.386352485511e+00,0.000000000000e+00,0.000000000000e+00,0.000000000000e+00,0.000000000000e+00,0.000000000000e+00,3.851352100238e+00,1.040676316117e+01,0.000000000000e+00,0.000000000000e+00,0.000000000000e+00,0.000000000000e+00,1.329223389162e+00,3.851352100054e+00,0.000000000000e+00,0.000000000000e+00,3.890445373884e-07,9.695161255509e-07,0.000000000000e+00,0.000000000000e+00,1.000000000006e+00,-9.437668339022e-02,-4.600910723820e-10,-5.100714938270e-10,0.000000000000e+00,0.000000000000e+00,0.000000000000e+00,9.999999997086e-01,0.000000000000e+00,0.000000000000e+00,0.000000000000e+00,0.000000000000e+00,0.000000000000e+00,OK,,9.152484548025e-09,-6.485070243029e-09,-1.959308355155e-09,6.485070243029e-09,1.959308355155e-09,6.485070243029e-09,1.062141500000e-10,3.399280900000e-10,2.500000000000e-05,36,3.635747099994e+01,BORIS,L2/dt-1e-13/eps-0.0001/ranks-1,9.152484548025e-09,1.197763350074e-09,R12,3.614110000000e+01,-1.386352257809e+00,-1.278842328532e+00,0.000000000000e+00,0.000000000000e+00,0.000000000000e+00,-7.209431231828e-01,-1.386352257394e+00,0.000000000000e+00,0.000000000000e+00,0.000000000000e+00,0.000000000000e+00,0.000000000000e+00,3.851352100163e+00,1.040676316098e+01,0.000000000000e+00,0.000000000000e+00,0.000000000000e+00,0.000000000000e+00,1.329223389156e+00,3.851352100046e+00,0.000000000000e+00,0.000000000000e+00,1.975442325572e-09,6.493420110513e-09,0.000000000000e+00,0.000000000000e+00,1.000000000000e+00,-9.437723020913e-02,2.017555120653e-10,2.936728743239e-10,0.000000000000e+00,0.000000000000e+00,0.000000000000e+00,1.000000000340e+00,0.000000000000e+00,0.000000000000e+00,0.000000000000e+00,0.000000000000e+00,0.000000000000e+00,1.059292829319e+02,3.832660669837e+01,1.651701283419e+02
1.000000000000e-13,OK,,2.185049931963e-07,-9.738277189123e-09,3.815484916226e-08,9.738277189123e-09,3.815484916226e-08,3.815484916226e-08,5.735656400000e-10,1.786268800000e-07,3.000000000000e-04,2,1,7.500000000000e-05,36,3.954341512499e+01,BORIS,L2/dt-1e-13/eps-0.0003/ranks-1,2.185049931963e-07,2.150406578346e-08,R56,3.930850000000e+01,-1.386352262697e+00,-1.278842297518e+00,0.000000000000e+00,0.000000000000e+00,0.000000000000e+00,-7.209431293801e-01,-1.386352242595e+00,0.000000000000e+00,0.000000000000e+00,0.000000000000e+00,0.000000000000e+00,0.000000000000e+00,3.851352100260e+00,1.040676316127e+01,0.000000000000e+00,0.000000000000e+00,0.000000000000e+00,0.000000000000e+00,1.329223389161e+00,3.851352100061e+00,0.000000000000e+00,0.000000000000e+00,-6.887863288529e-08,-1.163359940418e-07,0.000000000000e+00,0.000000000000e+00,1.000000000009e+00,-9.437745238501e-02,-2.699333841699e-11,4.060622310581e-11,0.000000000000e+00,0.000000000000e+00,0.000000000000e+00,1.000000000104e+00,0.000000000000e+00,0.000000000000e+00,0.000000000000e+00,0.000000000000e+00,0.000000000000e+00,OK,,9.694484548461e-09,-6.634453869411e-09,-1.947237177679e-09,6.634453869411e-09,1.947237177679e-09,6.634453869411e-09,8.494893700000e-11,1.554188500000e-10,7.500000000000e-05,36,3.634023862495e+01,BORIS,L2/dt-1e-13/eps-0.0003/ranks-1,9.694484548461e-09,1.245690889882e-09,R12,3.611530000000e+01,-1.386352257987e+00,-1.278842329074e+00,0.000000000000e+00,0.000000000000e+00,0.000000000000e+00,-7.209431233993e-01,-1.386352257872e+00,0.000000000000e+00,0.000000000000e+00,0.000000000000e+00,0.000000000000e+00,0.000000000000e+00,3.851352100163e+00,1.040676316098e+01,0.000000000000e+00,0.000000000000e+00,0.000000000000e+00,0.000000000000e+00,1.329223389156e+00,3.851352100046e+00,0.000000000000e+00,0.000000000000e+00,2.019062809764e-09,6.648286144325e-09,0.000000000000e+00,0.000000000000e+00,1.000000000000e+00,-9.437723018385e-02,3.219494300906e-11,1.554188536047e-10,0.000000000000e+00,0.000000000000e+00,0.000000000000e+00,1.000000000077e+00,0.000000000000e+00,0.000000000000e+00,0.000000000000e+00,0.000000000000e+00,0.000000000000e+00,2.253910376607e+01,1.467834034392e+00,1.959435121701e+01
1.000000000000e-13,OK,,2.616851557669e-08,-9.641420926260e-09,-1.567655020110e-08,9.641420926260e-09,1.567655020110e-08,1.567655020110e-08,3.545351800000e-10,2.555440800000e-08,1.000000000000e-03,2,1,2.500000000000e-04,36,3.843680895795e+01,BORIS,L2/dt-1e-13/eps-0.001/ranks-1,2.616851557669e-08,3.752533140494e-09,R12,3.821500000000e+01,-1.386352235903e+00,-1.278842293211e+00,0.000000000000e+00,0.000000000000e+00,0.000000000000e+00,-7.209431301109e-01,-1.386352267246e+00,0.000000000000e+00,0.000000000000e+00,0.000000000000e+00,0.000000000000e+00,0.000000000000e+00,3.851352100241e+00,1.040676316119e+01,0.000000000000e+00,0.000000000000e+00,0.000000000000e+00,0.000000000000e+00,1.329223389159e+00,3.851352100049e+00,0.000000000000e+00,0.000000000000e+00,1.011284188111e-08,1.887426635385e-08,0.000000000000e+00,0.000000000000e+00,1.000000000004e+00,-9.437723818118e-02,-2.513750015729e-11,-1.365153584873e-11,0.000000000000e+00,0.000000000000e+00,0.000000000000e+00,9.999999999818e-01,0.000000000000e+00,0.000000000000e+00,0.000000000000e+00,0.000000000000e+00,0.000000000000e+00,OK,,9.807484380175e-09,-6.737844320348e-09,-2.054038911841e-09,6.737844320348e-09,2.054038911841e-09,6.737844320348e-09,1.115318900000e-11,2.981825700000e-11,2.500000000000e-04,36,3.598230629088e+01,BORIS,L2/dt-1e-13/eps-0.001/ranks-1,9.807484380175e-09,1.258967332474e-09,R12,3.576280000000e+01,-1.386352257958e+00,-1.278842329187e+00,0.000000000000e+00,0.000000000000e+00,0.000000000000e+00,-7.209431233655e-01,-1.386352257920e+00,0.000000000000e+00,0.000000000000e+00,0.000000000000e+00,0.000000000000e+00,0.000000000000e+00,3.851352100163e+00,1.040676316098e+01,0.000000000000e+00,0.000000000000e+00,0.000000000000e+00,0.000000000000e+00,1.329223389156e+00,3.851352100046e+00,0.000000000000e+00,0.000000000000e+00,2.019215815678e-09,6.697333524476e-09,0.000000000000e+00,0.000000000000e+00,1.000000000000e+00,-9.437723015907e-02,7.603368609525e-12,2.981825682402e-11,0.000000000000e+00,0.000000000000e+00,0.000000000000e+00,9.999999999936e-01,0.000000000000e+00,0.000000000000e+00,0.000000000000e+00,0.000000000000e+00,0.000000000000e+00,2.668218939975e+00,1.430935543753e+00,7.632060965705e+00
1.000000000000e-13,OK,,3.051809117495e-08,5.346163153611e-09,1.773831237618e-10,5.346163153611e-09,1.773831237618e-10,5.346163153611e-09,1.682002300000e-10,3.770405200000e-08,3.000000000000e-03,2,1,7.500000000000e-04,36,3.802494737483e+01,BORIS,L2/dt-1e-13/eps-0.003/ranks-1,3.051809117495e-08,3.160555379075e-09,R52,3.780550000000e+01,-1.386352248486e+00,-1.278842318377e+00,0.000000000000e+00,0.000000000000e+00,0.000000000000e+00,-7.209431253176e-01,-1.386352263449e+00,0.000000000000e+00,0.000000000000e+00,0.000000000000e+00,0.000000000000e+00,0.000000000000e+00,3.851352100238e+00,1.040676316117e+01,0.000000000000e+00,0.000000000000e+00,0.000000000000e+00,0.000000000000e+00,1.329223389160e+00,3.851352100047e+00,0.000000000000e+00,0.000000000000e+00,1.412164443164e-08,3.051809150802e-08,0.000000000000e+00,0.000000000000e+00,1.000000000004e+00,-9.437722027821e-02,-1.499723061476e-12,1.208087425654e-11,0.000000000000e+00,0.000000000000e+00,0.000000000000e+00,1.000000000001e+00,0.000000000000e+00,0.000000000000e+00,0.000000000000e+00,0.000000000000e+00,0.000000000000e+00,OK,,9.820484425660e-09,-6.702398861847e-09,-2.015357968798e-09,6.702398861847e-09,2.015357968798e-09,6.702398861847e-09,1.605804400000e-11,1.972599900000e-11,7.500000000000e-04,36,3.589265029202e+01,BORIS,L2/dt-1e-13/eps-0.003/ranks-1,9.820484425660e-09,1.258141900766e-09,R12,3.567430000000e+01,-1.386352257980e+00,-1.278842329200e+00,0.000000000000e+00,0.000000000000e+00,0.000000000000e+00,-7.209431233639e-01,-1.386352257903e+00,0.000000000000e+00,0.000000000000e+00,0.000000000000e+00,0.000000000000e+00,0.000000000000e+00,3.851352100163e+00,1.040676316098e+01,0.000000000000e+00,0.000000000000e+00,0.000000000000e+00,0.000000000000e+00,1.329223389156e+00,3.851352100046e+00,0.000000000000e+00,0.000000000000e+00,2.026936773103e-09,6.704000034121e-09,0.000000000000e+00,0.000000000000e+00,1.000000000000e+00,-9.437723016935e-02,4.239140433965e-12,1.837592418712e-11,0.000000000000e+00,0.000000000000e+00,0.000000000000e+00,1.000000000020e+00,0.000000000000e+00,0.000000000000e+00,0.000000000000e+00,0.000000000000e+00,0.000000000000e+00,3.107595292877e+00,7.976492094560e-01,8.801569076465e-02
1.000000000000e-13,OK,,1.200648447330e-08,-6.222284440676e-09,-3.449818669872e-09,6.222284440676e-09,3.449818669872e-09,6.222284440676e-09,2.591598000000e-10,3.283173900000e-09,1.000000000000e-02,2,1,2.500000000000e-03,36,3.763228120911e+01,BORIS,L2/dt-1e-13/eps-0.01/ranks-1,1.200648447330e-08,1.397458099670e-09,R12,3.741230000000e+01,-1.386352257624e+00,-1.278842331386e+00,0.000000000000e+00,0.000000000000e+00,0.000000000000e+00,-7.209431227178e-01,-1.386352258609e+00,0.000000000000e+00,0.000000000000e+00,0.000000000000e+00,0.000000000000e+00,0.000000000000e+00,3.851352100252e+00,1.040676316129e+01,0.000000000000e+00,0.000000000000e+00,0.000000000000e+00,0.000000000000e+00,1.329223389160e+00,3.851352100076e+00,0.000000000000e+00,0.000000000000e+00,2.003934015347e-10,7.497840386867e-09,0.000000000000e+00,0.000000000000e+00,1.000000000004e+00,-9.437723126642e-02,7.941470550056e-13,-1.722052360835e-12,0.000000000000e+00,0.000000000000e+00,0.000000000000e+00,1.000000000005e+00,0.000000000000e+00,0.000000000000e+00,0.000000000000e+00,0.000000000000e+00,0.000000000000e+00,OK,,9.838484471558e-09,-6.712547709210e-09,-2.029590902163e-09,6.712547709210e-09,2.029590902163e-09,6.712547709210e-09,1.847300100000e-12,3.690147400000e-12,2.500000000000e-03,36,3.595311712497e+01,BORIS,L2/dt-1e-13/eps-0.01/ranks-1,9.838484471558e-09,1.260150525248e-09,R12,3.569680000000e+01,-1.386352257980e+00,-1.278842329218e+00,0.000000000000e+00,0.000000000000e+00,0.000000000000e+00,-7.209431233687e-01,-1.386352257919e+00,0.000000000000e+00,0.000000000000e+00,0.000000000000e+00,0.000000000000e+00,0.000000000000e+00,3.851352100163e+00,1.040676316098e+01,0.000000000000e+00,0.000000000000e+00,0.000000000000e+00,0.000000000000e+00,1.329223389156e+00,3.851352100046e+00,0.000000000000e+00,0.000000000000e+00,2.026801085188e-09,6.710994328892e-09,0.000000000000e+00,0.000000000000e+00,1.000000000000e+00,-9.437723016573e-02,-1.092997431082e-13,-3.690147404884e-12,0.000000000000e+00,0.000000000000e+00,0.000000000000e+00,9.999999999986e-01,0.000000000000e+00,0.000000000000e+00,0.000000000000e+00,0.000000000000e+00,0.000000000000e+00,1.220359142509e+00,9.269631606698e-01,1.699760609981e+00
1.000000000000e-13,OK,,1.141348437983e-08,-8.072299378133e-09,-1.570483287548e-09,8.072299378133e-09,1.570483287548e-09,8.072299378133e-09,2.470341700000e-10,2.842386200000e-09,3.000000000000e-02,2,1,7.500000000000e-03,36,3.873438541684e+01,BORIS,L2/dt-1e-13/eps-0.03/ranks-1,1.141348437983e-08,1.386381191188e-09,R12,3.850000000000e+01,-1.386352258734e+00,-1.278842330793e+00,0.000000000000e+00,0.000000000000e+00,0.000000000000e+00,-7.209431228525e-01,-1.386352257329e+00,0.000000000000e+00,0.000000000000e+00,0.000000000000e+00,0.000000000000e+00,0.000000000000e+00,3.851352100322e+00,1.040676316143e+01,0.000000000000e+00,0.000000000000e+00,0.000000000000e+00,0.000000000000e+00,1.329223389187e+00,3.851352100124e+00,0.000000000000e+00,0.000000000000e+00,1.632233028656e-09,6.340387344880e-09,0.000000000000e+00,0.000000000000e+00,1.000000000004e+00,-9.437723044393e-02,-1.654394625503e-12,-1.309853568482e-12,0.000000000000e+00,0.000000000000e+00,0.000000000000e+00,1.000000000002e+00,0.000000000000e+00,0.000000000000e+00,0.000000000000e+00,0.000000000000e+00,0.000000000000e+00,OK,,9.892484387208e-09,-6.734091558335e-09,-2.031535916118e-09,6.734091558335e-09,2.031535916118e-09,6.734091558335e-09,3.709921300000e-12,4.765077200000e-12,7.500000000000e-03,36,3.591497200006e+01,BORIS,L2/dt-1e-13/eps-0.03/ranks-1,9.892484387208e-09,1.268134788919e-09,R12,3.568820000000e+01,-1.386352257998e+00,-1.278842329272e+00,0.000000000000e+00,0.000000000000e+00,0.000000000000e+00,-7.209431233759e-01,-1.386352257938e+00,0.000000000000e+00,0.000000000000e+00,0.000000000000e+00,0.000000000000e+00,0.000000000000e+00,3.851352100220e+00,1.040676316109e+01,0.000000000000e+00,0.000000000000e+00,0.000000000000e+00,0.000000000000e+00,1.329223389183e+00,3.851352100101e+00,0.000000000000e+00,0.000000000000e+00,2.034359841532e-09,6.732986784245e-09,0.000000000000e+00,0.000000000000e+00,1.000000000000e+00,-9.437723015172e-02,-6.740002354559e-14,1.283792151452e-12,0.000000000000e+00,0.000000000000e+00,0.000000000000e+00,9.999999999977e-01,0.000000000000e+00,0.000000000000e+00,0.000000000000e+00,0.000000000000e+00,0.000000000000e+00,1.153753084977e+00,1.198721358064e+00,7.730521892761e-01
1.000000000000e-13,OK,,1.646865914751e-07,-3.068007403831e-08,-3.637550653868e-09,3.068007403831e-08,3.637550653868e-09,3.068007403831e-08,3.460393200000e-09,6.696668700000e-09,1.000000000000e-01,2,1,2.500000000000e-02,36,3.882299812511e+01,BORIS,L2/dt-1e-13/eps-0.1/ranks-1,1.646865914751e-07,1.866235817943e-08,R34,3.859020000000e+01,-1.386352280977e+00,-1.278842397470e+00,0.000000000000e+00,0.000000000000e+00,0.000000000000e+00,-7.209431303931e-01,-1.386352279226e+00,0.000000000000e+00,0.000000000000e+00,0.000000000000e+00,0.000000000000e+00,0.000000000000e+00,3.851352179499e+00,1.040676332267e+01,0.000000000000e+00,0.000000000000e+00,0.000000000000e+00,0.000000000000e+00,1.329223427207e+00,3.851352177593e+00,0.000000000000e+00,0.000000000000e+00,1.235163021607e-08,3.540895230751e-08,0.000000000000e+00,0.000000000000e+00,1.000000000004e+00,-9.437721400747e-02,-2.614952823933e-13,-5.727522172702e-13,0.000000000000e+00,0.000000000000e+00,0.000000000000e+00,9.999999999997e-01,0.000000000000e+00,0.000000000000e+00,0.000000000000e+00,0.000000000000e+00,0.000000000000e+00,OK,,1.644265914535e-07,-3.034550164739e-08,-3.663058712628e-09,3.034550164739e-08,3.663058712628e-09,3.034550164739e-08,3.448879400000e-09,6.696372000000e-09,2.500000000000e-02,36,3.613718475006e+01,BORIS,L2/dt-1e-13/eps-0.1/ranks-1,1.644265914535e-07,1.860427075562e-08,R34,3.591380000000e+01,-1.386352280527e+00,-1.278842396701e+00,0.000000000000e+00,0.000000000000e+00,0.000000000000e+00,-7.209431303107e-01,-1.386352279211e+00,0.000000000000e+00,0.000000000000e+00,0.000000000000e+00,0.000000000000e+00,0.000000000000e+00,3.851352179409e+00,1.040676332241e+01,0.000000000000e+00,0.000000000000e+00,0.000000000000e+00,0.000000000000e+00,1.329223427203e+00,3.851352177585e+00,0.000000000000e+00,0.000000000000e+00,1.191877382913e-08,3.477051930138e-08,0.000000000000e+00,0.000000000000e+00,1.000000000000e+00,-9.437721396795e-02,3.620334415505e-13,4.016561757189e-13,0.000000000000e+00,0.000000000000e+00,0.000000000000e+00,1.000000000002e+00,0.000000000000e+00,0.000000000000e+00,0.000000000000e+00,0.000000000000e+00,0.000000000000e+00,1.001581252882e+00,1.011025436152e+00,9.930364046112e-01
3.000000000000e-13,OK,,8.356378010267e-06,-3.864219467008e-06,-5.979608138963e-08,3.864219467008e-06,5.979608138963e-08,3.864219467008e-06,2.991239300000e-08,3.073743700000e-06,1.000000000000e-06,2,1,2.500000000000e-07,36,1.390711233299e+01,BORIS,L2/dt-3e-13/eps-1e-06/ranks-1,8.356378010267e-06,1.090671456875e-06,R52,1.368580000000e+01,-1.386358079377e+00,-1.278847305650e+00,0.000000000000e+00,0.000000000000e+00,0.000000000000e+00,-7.209421390309e-01,-1.386348124475e+00,0.000000000000e+00,0.000000000000e+00,0.000000000000e+00,0.000000000000e+00,0.000000000000e+00,3.851352078927e+00,1.040676311824e+01,0.000000000000e+00,0.000000000000e+00,0.000000000000e+00,0.000000000000e+00,1.329223378795e+00,3.851352078534e+00,0.000000000000e+00,0.000000000000e+00,3.756296810660e-06,8.356378010600e-06,0.000000000000e+00,0.000000000000e+00,9.999999998652e-01,-9.437746763165e-02,-1.816504960729e-08,-2.067365573842e-08,0.000000000000e+00,0.000000000000e+00,0.000000000000e+00,1.000000018881e+00,3.887939898529e-05,6.720164527482e-06,2.577335931401e-06,0.000000000000e+00,0.000000000000e+00,OK,,5.020448456960e-08,-2.746212144912e-08,-1.392029430237e-08,2.746212144912e-08,1.392029430237e-08,2.746212144912e-08,1.989599100000e-08,2.200659800000e-08,2.500000000000e-07,36,1.305912850006e+01,BORIS,L2/dt-3e-13/eps-1e-06/ranks-1,5.020448456960e-08,7.326633775235e-09,R12,1.277820000000e+01,-1.386352270087e+00,-1.278842369584e+00,0.000000000000e+00,0.000000000000e+00,0.000000000000e+00,-7.209431272240e-01,-1.386352271883e+00,0.000000000000e+00,0.000000000000e+00,0.000000000000e+00,0.000000000000e+00,0.000000000000e+00,3.851352078242e+00,1.040676311625e+01,0.000000000000e+00,0.000000000000e+00,0.000000000000e+00,0.000000000000e+00,1.329223378798e+00,3.851352078542e+00,0.000000000000e+00,0.000000000000e+00,9.777132727799e-09,2.160784991780e-08,0.000000000000e+00,0.000000000000e+00,1.000000000000e+00,-9.437722176395e-02,-7.917007604811e-09,-5.682443793243e-09,0.000000000000e+00,0.000000000000e+00,0.000000000000e+00,9.999999779934e-01,8.688697188557e-08,3.500863430690e-09,-1.253083906620e-08,0.000000000000e+00,0.000000000000e+00,1.664468439803e+02,1.407108869636e+02,4.295604682686e+00
3.000000000000e-13,OK,,3.929749553197e-06,-2.030447534589e-06,1.066989478871e-06,2.030447534589e-06,1.066989478871e-06,2.030447534589e-06,3.215920600000e-09,5.558804100000e-06,3.000000000000e-06,2,1,7.500000000000e-07,36,1.386690170900e+01,BORIS,L2/dt-3e-13/eps-3e-06/ranks-1,3.929749553197e-06,4.059847806923e-07,R56,1.364600000000e+01,-1.386352932345e+00,-1.278841647634e+00,0.000000000000e+00,0.000000000000e+00,0.000000000000e+00,-7.209432604819e-01,-1.386351357262e+00,0.000000000000e+00,0.000000000000e+00,0.000000000000e+00,0.000000000000e+00,0.000000000000e+00,3.851352078927e+00,1.040676311823e+01,0.000000000000e+00,0.000000000000e+00,0.000000000000e+00,0.000000000000e+00,1.329223378795e+00,3.851352078532e+00,0.000000000000e+00,0.000000000000e+00,8.784699485553e-08,-1.379133242160e-06,0.000000000000e+00,0.000000000000e+00,1.000000000002e+00,-9.438116362957e-02,-2.276435628486e-09,-2.612761826096e-09,0.000000000000e+00,0.000000000000e+00,0.000000000000e+00,1.000000000898e+00,1.569523184000e-05,1.321852715355e-05,3.743814888315e-06,0.000000000000e+00,0.000000000000e+00,OK,,4.555548449581e-08,-2.011252727948e-08,-5.346683432419e-09,2.011252727948e-08,5.346683432419e-09,2.011252727948e-08,1.019197700000e-08,7.723304100000e-09,7.500000000000e-07,36,1.308241483290e+01,BORIS,L2/dt-3e-13/eps-3e-06/ranks-1,4.555548449581e-08,6.568399983698e-09,R12,1.286010000000e+01,-1.386352267511e+00,-1.278842364935e+00,0.000000000000e+00,0.000000000000e+00,0.000000000000e+00,-7.209431267548e-01,-1.386352268305e+00,0.000000000000e+00,0.000000000000e+00,0.000000000000e+00,0.000000000000e+00,0.000000000000e+00,3.851352078242e+00,1.040676311625e+01,0.000000000000e+00,0.000000000000e+00,0.000000000000e+00,0.000000000000e+00,1.329223378798e+00,3.851352078543e+00,0.000000000000e+00,0.000000000000e+00,1.430033232605e-09,2.531182440345e-08,0.000000000000e+00,0.000000000000e+00,1.000000000000e+00,-9.437722097523e-02,-2.123950901750e-10,8.431894583046e-10,0.000000000000e+00,0.000000000000e+00,0.000000000000e+00,9.999999922767e-01,4.473000103644e-08,-1.234357383305e-08,-2.770360860137e-09,0.000000000000e+00,0.000000000000e+00,8.626292962724e+01,1.009543706952e+02,1.995609974590e+02
3.000000000000e-13,OK,,2.515393668323e-06,-7.035515152644e-07,-9.552645844372e-08,7.035515152644e-07,9.552645844372e-08,7.035515152644e-07,2.569677000000e-08,3.368635000000e-06,1.000000000000e-05,2,1,2.500000000000e-06,36,1.385594916693e+01,BORIS,L2/dt-3e-13/eps-1e-05/ranks-1,2.515393668323e-06,2.614072641844e-07,R52,1.363410000000e+01,-1.386351900245e+00,-1.278841910778e+00,0.000000000000e+00,0.000000000000e+00,0.000000000000e+00,-7.209432060506e-01,-1.386352455259e+00,0.000000000000e+00,0.000000000000e+00,0.000000000000e+00,0.000000000000e+00,0.000000000000e+00,3.851352078925e+00,1.040676311823e+01,0.000000000000e+00,0.000000000000e+00,0.000000000000e+00,0.000000000000e+00,1.329223378795e+00,3.851352078533e+00,0.000000000000e+00,0.000000000000e+00,-1.385307533590e-06,-2.515393667990e-06,0.000000000000e+00,0.000000000000e+00,9.999999999282e-01,-9.437823537028e-02,1.025213026115e-09,-3.618508181292e-10,0.000000000000e+00,0.000000000000e+00,0.000000000000e+00,1.000000000805e+00,5.620923387407e-06,2.250157105666e-06,-9.388058291081e-07,0.000000000000e+00,0.000000000000e+00,OK,,4.229248440346e-08,-1.987023159744e-08,-4.817903630995e-09,1.987023159744e-08,4.817903630995e-09,1.987023159744e-08,3.415163300000e-09,2.776689800000e-09,2.500000000000e-06,36,1.305191537482e+01,BORIS,L2/dt-3e-13/eps-1e-05/ranks-1,4.229248440346e-08,6.314915923987e-09,R12,1.283140000000e+01,-1.386352269048e+00,-1.278842361672e+00,0.000000000000e+00,0.000000000000e+00,0.000000000000e+00,-7.209431279680e-01,-1.386352269974e+00,0.000000000000e+00,0.000000000000e+00,0.000000000000e+00,0.000000000000e+00,0.000000000000e+00,3.851352078244e+00,1.040676311625e+01,0.000000000000e+00,0.000000000000e+00,0.000000000000e+00,0.000000000000e+00,1.329223378799e+00,3.851352078544e+00,0.000000000000e+00,0.000000000000e+00,5.101731907646e-09,2.102190573762e-08,0.000000000000e+00,0.000000000000e+00,1.000000000000e+00,-9.437722288060e-02,-1.320677109270e-09,-1.679394762405e-09,0.000000000000e+00,0.000000000000e+00,0.000000000000e+00,1.000000000639e+00,4.473000103644e-08,-1.181016694299e-08,-1.552814402317e-09,0.000000000000e+00,0.000000000000e+00,5.947613869941e+01,3.540731328743e+01,1.982739086543e+01
3.000000000000e-13,OK,,3.784017569027e-07,3.784017565696e-07,-1.334475730254e-07,3.784017565696e-07,1.334475730254e-07,3.784017565696e-07,8.348839200000e-09,9.454021900000e-07,3.000000000000e-05,2,1,7.500000000000e-06,36,1.382942887489e+01,BORIS,L2/dt-3e-13/eps-3e-05/ranks-1,3.784017569027e-07,5.114249870055e-08,R16,1.360720000000e+01,-1.386352414051e+00,-1.278842524534e+00,0.000000000000e+00,0.000000000000e+00,0.000000000000e+00,-7.209430893888e-01,-1.386352165505e+00,0.000000000000e+00,0.000000000000e+00,0.000000000000e+00,0.000000000000e+00,0.000000000000e+00,3.851352078922e+00,1.040676311822e+01,0.000000000000e+00,0.000000000000e+00,0.000000000000e+00,0.000000000000e+00,1.329223378795e+00,3.851352078533e+00,0.000000000000e+00,0.000000000000e+00,2.676395266621e-07,2.501081854378e-07,0.000000000000e+00,0.000000000000e+00,1.000000000003e+00,-9.437712313351e-02,1.917740500312e-10,3.970689800078e-10,0.000000000000e+00,0.000000000000e+00,0.000000000000e+00,1.000000000753e+00,1.418044090740e-06,-5.520738129437e-07,-5.075130624283e-07,0.000000000000e+00,0.000000000000e+00,OK,,4.327248448455e-08,-2.042958336903e-08,-6.154202480662e-09,2.042958336903e-08,6.154202480662e-09,2.042958336903e-08,8.793295000000e-10,8.620479400000e-10,7.500000000000e-06,36,1.306561875017e+01,BORIS,L2/dt-3e-13/eps-3e-05/ranks-1,4.327248448455e-08,6.344480283742e-09,R12,1.284660000000e+01,-1.386352268066e+00,-1.278842362652e+00,0.000000000000e+00,0.000000000000e+00,0.000000000000e+00,-7.209431267779e-01,-1.386352268575e+00,0.000000000000e+00,0.000000000000e+00,0.000000000000e+00,0.000000000000e+00,0.000000000000e+00,3.851352078242e+00,1.040676311625e+01,0.000000000000e+00,0.000000000000e+00,0.000000000000e+00,0.000000000000e+00,1.329223378798e+00,3.851352078542e+00,0.000000000000e+00,0.000000000000e+00,5.977162123577e-09,2.133462030184e-08,0.000000000000e+00,0.000000000000e+00,1.000000000000e+00,-9.437722335257e-02,-1.794839255893e-10,-2.143310556620e-10,0.000000000000e+00,0.000000000000e+00,0.000000000000e+00,1.000000000588e+00,4.473000103644e-08,-1.327407834789e-08,-4.255814450068e-09,0.000000000000e+00,0.000000000000e+00,8.744627478873e+00,1.852224539945e+01,2.168397504709e+01
3.000000000000e-13,OK,,1.959624932046e-07,-1.123760913151e-07,-2.986184611305e-09,1.123760913151e-07,2.986184611305e-09,1.123760913151e-07,2.992344200000e-10,3.063004300000e-07,1.000000000000e-04,2,1,2.500000000000e-05,36,1.385937008308e+01,BORIS,L2/dt-3e-13/eps-0.0001/ranks-1,1.959624932046e-07,2.457003026092e-08,R56,1.364010000000e+01,-1.386352309057e+00,-1.278842397907e+00,0.000000000000e+00,0.000000000000e+00,0.000000000000e+00,-7.209431222033e-01,-1.386352241385e+00,0.000000000000e+00,0.000000000000e+00,0.000000000000e+00,0.000000000000e+00,0.000000000000e+00,3.851352078926e+00,1.040676311824e+01,0.000000000000e+00,0.000000000000e+00,0.000000000000e+00,0.000000000000e+00,1.329223378796e+00,3.851352078539e+00,0.000000000000e+00,0.000000000000e+00,-5.114179068841e-08,-1.543045431788e-07,0.000000000000e+00,0.000000000000e+00,1.000000000002e+00,-9.437742984251e-02,-2.179069066257e-10,-2.320577980591e-10,0.000000000000e+00,0.000000000000e+00,0.000000000000e+00,9.999999998413e-01,1.123820668730e-06,1.361746453008e-07,3.206330278711e-07,0.000000000000e+00,0.000000000000e+00,OK,,4.331048453210e-08,-2.098767258190e-08,-6.502905158805e-09,2.098767258190e-08,6.502905158805e-09,2.098767258190e-08,1.722608700000e-10,2.158658100000e-10,2.500000000000e-05,36,1.297820333298e+01,BORIS,L2/dt-3e-13/eps-0.0001/ranks-1,4.331048453210e-08,6.343602545488e-09,R12,1.275660000000e+01,-1.386352267838e+00,-1.278842362690e+00,0.000000000000e+00,0.000000000000e+00,0.000000000000e+00,-7.209431265702e-01,-1.386352268337e+00,0.000000000000e+00,0.000000000000e+00,0.000000000000e+00,0.000000000000e+00,0.000000000000e+00,3.851352078244e+00,1.040676311625e+01,0.000000000000e+00,0.000000000000e+00,0.000000000000e+00,0.000000000000e+00,1.329223378799e+00,3.851352078545e+00,0.000000000000e+00,0.000000000000e+00,6.034280789719e-09,2.091997352064e-08,0.000000000000e+00,0.000000000000e+00,1.000000000000e+00,-9.437722343660e-02,-2.019403607423e-10,-2.158658084292e-10,0.000000000000e+00,0.000000000000e+00,0.000000000000e+00,9.999999999453e-01,4.473000103644e-08,-1.450260233887e-08,-4.543596803650e-09,0.000000000000e+00,0.000000000000e+00,4.524597111338e+00,5.354385574512e+00,4.592077753528e-01
3.000000000000e-13,OK,,3.972340856251e-08,-1.217169321892e-08,1.150485953449e-09,1.217169321892e-08,1.150485953449e-09,1.217169321892e-08,3.978807300000e-10,8.650734900000e-09,3.000000000000e-04,2,1,7.500000000000e-05,36,1.378324445896e+01,BORIS,L2/dt-3e-13/eps-0.0003/ranks-1,3.972340856251e-08,5.121459030773e-09,R34,1.356330000000e+01,-1.386352265190e+00,-1.278842347602e+00,0.000000000000e+00,0.000000000000e+00,0.000000000000e+00,-7.209431297145e-01,-1.386352265774e+00,0.000000000000e+00,0.000000000000e+00,0.000000000000e+00,0.000000000000e+00,0.000000000000e+00,3.851352078937e+00,1.040676311826e+01,0.000000000000e+00,0.000000000000e+00,0.000000000000e+00,0.000000000000e+00,1.329223378795e+00,3.851352078530e+00,0.000000000000e+00,0.000000000000e+00,4.003790496721e-09,9.705644296287e-09,0.000000000000e+00,0.000000000000e+00,9.999999999993e-01,-9.437724363449e-02,-1.038152386220e-10,-1.148009256743e-10,0.000000000000e+00,0.000000000000e+00,0.000000000000e+00,1.000000000086e+00,2.087505199949e-07,-2.433416029797e-09,-3.700436320881e-08,0.000000000000e+00,0.000000000000e+00,OK,,4.324548452672e-08,-2.085998009396e-08,-6.432579802108e-09,2.085998009396e-08,6.432579802108e-09,2.085998009396e-08,9.717715500000e-11,1.730339400000e-10,7.500000000000e-05,36,1.297429912491e+01,BORIS,L2/dt-3e-13/eps-0.0003/ranks-1,4.324548452672e-08,6.337437105872e-09,R12,1.275570000000e+01,-1.386352268064e+00,-1.278842362625e+00,0.000000000000e+00,0.000000000000e+00,0.000000000000e+00,-7.209431267754e-01,-1.386352268359e+00,0.000000000000e+00,0.000000000000e+00,0.000000000000e+00,0.000000000000e+00,0.000000000000e+00,3.851352078242e+00,1.040676311625e+01,0.000000000000e+00,0.000000000000e+00,0.000000000000e+00,0.000000000000e+00,1.329223378798e+00,3.851352078543e+00,0.000000000000e+00,0.000000000000e+00,6.078727149463e-09,2.080102733133e-08,0.000000000000e+00,0.000000000000e+00,1.000000000000e+00,-9.437722358018e-02,7.346108305849e-11,1.730339374958e-10,0.000000000000e+00,0.000000000000e+00,0.000000000000e+00,1.000000000085e+00,4.473000103644e-08,-1.422552622455e-08,-4.485342624429e-09,0.000000000000e+00,0.000000000000e+00,9.185562145330e-01,5.834949584849e-01,1.788529623950e-01
3.000000000000e-13,OK,,3.973340945151e-08,-1.540375747546e-08,-1.240218597577e-08,1.540375747546e-08,1.240218597577e-08,1.540375747546e-08,2.050260000000e-10,3.274162600000e-08,1.000000000000e-03,2,1,2.500000000000e-04,36,1.381757137505e+01,BORIS,L2/dt-3e-13/eps-0.001/ranks-1,3.973340945151e-08,6.885733236800e-09,R34,1.359620000000e+01,-1.386352259251e+00,-1.278842347056e+00,0.000000000000e+00,0.000000000000e+00,0.000000000000e+00,-7.209431296134e-01,-1.386352271561e+00,0.000000000000e+00,0.000000000000e+00,0.000000000000e+00,0.000000000000e+00,0.000000000000e+00,3.851352078936e+00,1.040676311825e+01,0.000000000000e+00,0.000000000000e+00,0.000000000000e+00,0.000000000000e+00,1.329223378795e+00,3.851352078532e+00,0.000000000000e+00,0.000000000000e+00,2.114882134154e-08,3.823911653979e-08,0.000000000000e+00,0.000000000000e+00,9.999999999990e-01,-9.437720007859e-02,-1.257014829608e-11,-3.069880565827e-11,0.000000000000e+00,0.000000000000e+00,0.000000000000e+00,9.999999999684e-01,5.384500001426e-08,-5.762336549200e-09,3.274364225330e-09,0.000000000000e+00,0.000000000000e+00,OK,,4.321548452424e-08,-2.082864426297e-08,-6.389987983200e-09,2.082864426297e-08,6.389987983200e-09,2.082864426297e-08,2.918954000000e-11,2.666155400000e-11,2.500000000000e-04,36,1.294974387507e+01,BORIS,L2/dt-3e-13/eps-0.001/ranks-1,4.321548452424e-08,6.333800138229e-09,R12,1.272600000000e+01,-1.386352268100e+00,-1.278842362595e+00,0.000000000000e+00,0.000000000000e+00,0.000000000000e+00,-7.209431268009e-01,-1.386352268314e+00,0.000000000000e+00,0.000000000000e+00,0.000000000000e+00,0.000000000000e+00,0.000000000000e+00,3.851352078236e+00,1.040676311624e+01,0.000000000000e+00,0.000000000000e+00,0.000000000000e+00,0.000000000000e+00,1.329223378795e+00,3.851352078536e+00,0.000000000000e+00,0.000000000000e+00,6.154445702064e-09,2.070946126296e-08,0.000000000000e+00,0.000000000000e+00,1.000000000000e+00,-9.437722361874e-02,-3.154806389278e-12,-2.666155360534e-11,0.000000000000e+00,0.000000000000e+00,0.000000000000e+00,9.999999999814e-01,4.474000014909e-08,-1.409079994262e-08,-4.335949071359e-09,0.000000000000e+00,0.000000000000e+00,9.194252913958e-01,7.395468126001e-01,1.940877824556e+00
3.000000000000e-13,OK,,4.096048455970e-08,-1.710804216728e-08,-5.690777768804e-09,1.710804216728e-08,5.690777768804e-09,1.710804216728e-08,2.348662400000e-10,2.340961900000e-09,3.000000000000e-03,2,1,7.500000000000e-04,36,1.390851645917e+01,BORIS,L2/dt-3e-13/eps-0.003/ranks-1,4.096048455970e-08,5.872782620914e-09,R12,1.368830000000e+01,-1.386352269385e+00,-1.278842360340e+00,0.000000000000e+00,0.000000000000e+00,0.000000000000e+00,-7.209431270059e-01,-1.386352265885e+00,0.000000000000e+00,0.000000000000e+00,0.000000000000e+00,0.000000000000e+00,0.000000000000e+00,3.851352078934e+00,1.040676311825e+01,0.000000000000e+00,0.000000000000e+00,0.000000000000e+00,0.000000000000e+00,1.329223378795e+00,3.851352078534e+00,0.000000000000e+00,0.000000000000e+00,5.635806473378e-09,1.409867369921e-08,0.000000000000e+00,0.000000000000e+00,9.999999999991e-01,-9.437722597087e-02,3.778731264633e-12,5.612979648614e-12,0.000000000000e+00,0.000000000000e+00,0.000000000000e+00,1.000000000001e+00,4.291999999850e-08,-2.245420532089e-08,-5.868160892566e-09,0.000000000000e+00,0.000000000000e+00,OK,,4.322948443658e-08,-2.085463276597e-08,-6.413544528798e-09,2.085463276597e-08,6.413544528798e-09,2.085463276597e-08,9.606648800000e-12,9.362066700000e-12,7.500000000000e-04,36,1.298273120797e+01,BORIS,L2/dt-3e-13/eps-0.003/ranks-1,4.322948443658e-08,6.335713294130e-09,R12,1.276410000000e+01,-1.386352268107e+00,-1.278842362609e+00,0.000000000000e+00,0.000000000000e+00,0.000000000000e+00,-7.209431268173e-01,-1.386352268338e+00,0.000000000000e+00,0.000000000000e+00,0.000000000000e+00,0.000000000000e+00,0.000000000000e+00,3.851352078236e+00,1.040676311624e+01,0.000000000000e+00,0.000000000000e+00,0.000000000000e+00,0.000000000000e+00,1.329223378795e+00,3.851352078536e+00,0.000000000000e+00,0.000000000000e+00,6.144064161931e-09,2.071865934724e-08,0.000000000000e+00,0.000000000000e+00,1.000000000000e+00,-9.437722362739e-02,3.530260332974e-12,-1.898305996062e-12,0.000000000000e+00,0.000000000000e+00,0.000000000000e+00,9.999999999906e-01,4.474000014909e-08,-1.415223390412e-08,-4.398186560000e-09,0.000000000000e+00,0.000000000000e+00,9.475126778297e-01,8.203473232670e-01,8.873061913348e-01
3.000000000000e-13,OK,,4.475248438496e-08,-1.984041028779e-08,-6.382293890943e-09,1.984041028779e-08,6.382293890943e-09,1.984041028779e-08,3.884845800000e-10,3.894051700000e-10,1.000000000000e-02,2,1,2.500000000000e-03,36,1.381381629198e+01,BORIS,L2/dt-3e-13/eps-0.01/ranks-1,4.475248438496e-08,6.264657673504e-09,R12,1.359380000000e+01,-1.386352269284e+00,-1.278842364132e+00,0.000000000000e+00,0.000000000000e+00,0.000000000000e+00,-7.209431270131e-01,-1.386352268414e+00,0.000000000000e+00,0.000000000000e+00,0.000000000000e+00,0.000000000000e+00,0.000000000000e+00,3.851352078937e+00,1.040676311827e+01,0.000000000000e+00,0.000000000000e+00,0.000000000000e+00,0.000000000000e+00,1.329223378795e+00,3.851352078537e+00,0.000000000000e+00,0.000000000000e+00,5.676687370259e-09,1.905946834046e-08,0.000000000000e+00,0.000000000000e+00,9.999999999990e-01,-9.437722333812e-02,3.302490098119e-13,-6.023739762679e-13,0.000000000000e+00,0.000000000000e+00,0.000000000000e+00,9.999999999998e-01,4.302000000678e-08,-1.361812584711e-08,-2.932475221071e-09,0.000000000000e+00,0.000000000000e+00,OK,,4.323148439234e-08,-2.085027976101e-08,-6.409769992555e-09,2.085027976101e-08,6.409769992555e-09,2.085027976101e-08,5.817568600000e-14,3.212351100000e-12,2.500000000000e-03,36,1.305849920912e+01,BORIS,L2/dt-3e-13/eps-0.01/ranks-1,4.323148439234e-08,6.334563255300e-09,R12,1.283650000000e+01,-1.386352268103e+00,-1.278842362611e+00,0.000000000000e+00,0.000000000000e+00,0.000000000000e+00,-7.209431268127e-01,-1.386352268338e+00,0.000000000000e+00,0.000000000000e+00,0.000000000000e+00,0.000000000000e+00,0.000000000000e+00,3.851352078244e+00,1.040676311625e+01,0.000000000000e+00,0.000000000000e+00,0.000000000000e+00,0.000000000000e+00,1.329223378799e+00,3.851352078545e+00,0.000000000000e+00,0.000000000000e+00,6.142442766836e-09,2.070908667201e-08,0.000000000000e+00,0.000000000000e+00,1.000000000000e+00,-9.437722362441e-02,1.229179046357e-13,-9.965457295205e-13,0.000000000000e+00,0.000000000000e+00,0.000000000000e+00,1.000000000001e+00,4.473000103644e-08,-1.413773205180e-08,-4.380179090392e-09,0.000000000000e+00,0.000000000000e+00,1.035182691827e+00,9.515656631568e-01,9.957134028766e-01
3.000000000000e-13,OK,,4.400548436756e-08,-2.067159105525e-08,-6.216197019925e-09,2.067159105525e-08,6.216197019925e-09,2.067159105525e-08,3.260236500000e-11,7.030650100000e-10,3.000000000000e-02,2,1,7.500000000000e-03,36,1.385233254195e+01,BORIS,L2/dt-3e-13/eps-0.03/ranks-1,4.400548436756e-08,6.282884042347e-09,R12,1.363120000000e+01,-1.386352268640e+00,-1.278842363385e+00,0.000000000000e+00,0.000000000000e+00,0.000000000000e+00,-7.209431267630e-01,-1.386352268185e+00,0.000000000000e+00,0.000000000000e+00,0.000000000000e+00,0.000000000000e+00,0.000000000000e+00,3.851352078990e+00,1.040676311838e+01,0.000000000000e+00,0.000000000000e+00,0.000000000000e+00,0.000000000000e+00,1.329223378819e+00,3.851352078584e+00,0.000000000000e+00,0.000000000000e+00,6.713243260520e-09,2.141167851735e-08,0.000000000000e+00,0.000000000000e+00,9.999999999989e-01,-9.437722339480e-02,2.719156339516e-14,-4.497758305652e-13,0.000000000000e+00,0.000000000000e+00,0.000000000000e+00,1.000000000001e+00,4.304999912108e-08,-1.259929167712e-08,-4.645713732377e-09,0.000000000000e+00,0.000000000000e+00,OK,,4.328048452962e-08,-2.087013918689e-08,-6.413991671117e-09,2.087013918689e-08,6.413991671117e-09,2.087013918689e-08,2.259636900000e-12,4.606537400000e-12,7.500000000000e-03,36,1.302993904194e+01,BORIS,L2/dt-3e-13/eps-0.03/ranks-1,4.328048452962e-08,6.330248873689e-09,R12,1.278070000000e+01,-1.386352268119e+00,-1.278842362660e+00,0.000000000000e+00,0.000000000000e+00,0.000000000000e+00,-7.209431268166e-01,-1.386352268353e+00,0.000000000000e+00,0.000000000000e+00,0.000000000000e+00,0.000000000000e+00,0.000000000000e+00,3.851352078301e+00,1.040676311637e+01,0.000000000000e+00,0.000000000000e+00,0.000000000000e+00,0.000000000000e+00,1.329223378827e+00,3.851352078601e+00,0.000000000000e+00,0.000000000000e+00,6.149928310568e-09,2.072922515832e-08,0.000000000000e+00,0.000000000000e+00,1.000000000000e+00,-9.437722361400e-02,4.279524724025e-13,7.965970600984e-13,0.000000000000e+00,0.000000000000e+00,0.000000000000e+00,1.000000000001e+00,4.472000014744e-08,-1.413604762855e-08,-4.382455754999e-09,0.000000000000e+00,0.000000000000e+00,1.016751195044e+00,9.904864970060e-01,9.691620037359e-01
3.000000000000e-13,OK,,1.216865914699e-07,-4.455449781434e-08,-7.964998093863e-09,4.455449781434e-08,7.964998093863e-09,4.455449781434e-08,3.463544600000e-09,6.695601300000e-09,1.000000000000e-01,2,1,2.500000000000e-02,36,1.384962720796e+01,BORIS,L2/dt-3e-13/eps-0.1/ranks-1,1.216865914699e-07,1.702445876623e-08,R34,1.362530000000e+01,-1.386352291028e+00,-1.278842430893e+00,0.000000000000e+00,0.000000000000e+00,0.000000000000e+00,-7.209431336749e-01,-1.386352289585e+00,0.000000000000e+00,0.000000000000e+00,0.000000000000e+00,0.000000000000e+00,0.000000000000e+00,3.851352158169e+00,1.040676327967e+01,0.000000000000e+00,0.000000000000e+00,0.000000000000e+00,0.000000000000e+00,1.329223416839e+00,3.851352156066e+00,0.000000000000e+00,0.000000000000e+00,1.622476302198e-08,4.913842344994e-08,0.000000000000e+00,0.000000000000e+00,9.999999999989e-01,-9.437720729726e-02,1.185081870881e-13,2.631697466733e-14,0.000000000000e+00,0.000000000000e+00,0.000000000000e+00,1.000000000000e+00,4.300000000512e-08,-1.387442377603e-08,-4.327447439995e-09,0.000000000000e+00,0.000000000000e+00,OK,,1.196865913045e-07,-4.449010886819e-08,-8.049408473098e-09,4.449010886819e-08,8.049408473098e-09,4.449010886819e-08,3.450128600000e-09,6.695812500000e-09,2.500000000000e-02,36,1.297141433414e+01,BORIS,L2/dt-3e-13/eps-0.1/ranks-1,1.196865913045e-07,1.686165475144e-08,R34,1.275060000000e+01,-1.386352290649e+00,-1.278842430098e+00,0.000000000000e+00,0.000000000000e+00,0.000000000000e+00,-7.209431337531e-01,-1.386352289631e+00,0.000000000000e+00,0.000000000000e+00,0.000000000000e+00,0.000000000000e+00,0.000000000000e+00,3.851352157481e+00,1.040676327767e+01,0.000000000000e+00,0.000000000000e+00,0.000000000000e+00,0.000000000000e+00,1.329223416842e+00,3.851352156075e+00,0.000000000000e+00,0.000000000000e+00,1.603511838733e-08,4.876928995265e-08,0.000000000000e+00,0.000000000000e+00,1.000000000000e+00,-9.437720742725e-02,-8.549063347089e-14,-1.406323175752e-13,0.000000000000e+00,0.000000000000e+00,0.000000000000e+00,1.000000000000e+00,4.474000014909e-08,-1.414460722080e-08,-4.386349760470e-09,0.000000000000e+00,0.000000000000e+00,1.016710311018e+00,1.001447264297e+00,9.895134680372e-01
1.000000000000e-12,OK,,3.184749303206e-06,-3.601587592261e-08,7.694982445606e-08,3.601587592261e-08,7.694982445606e-08,7.694982445606e-08,1.556384400000e-07,1.086338200000e-06,1.000000000000e-06,2,1,2.500000000000e-07,36,5.727637625067e+00,BORIS,L2/dt-1e-12/eps-1e-06/ranks-1,3.184749303206e-06,3.714432522259e-07,R56,5.507700000000e+00,-1.386351455422e+00,-1.278839823776e+00,0.000000000000e+00,0.000000000000e+00,0.000000000000e+00,-7.209435393507e-01,-1.386352032827e+00,0.000000000000e+00,0.000000000000e+00,0.000000000000e+00,0.000000000000e+00,0.000000000000e+00,3.851351837072e+00,1.040676263086e+01,0.000000000000e+00,0.000000000000e+00,0.000000000000e+00,0.000000000000e+00,1.329223261135e+00,3.851351834252e+00,0.000000000000e+00,0.000000000000e+00,1.218050252650e-06,1.107645242173e-06,0.000000000000e+00,0.000000000000e+00,9.999999998652e-01,-9.438041862932e-02,9.884421326945e-09,1.538954950252e-08,0.000000000000e+00,0.000000000000e+00,0.000000000000e+00,9.999999948762e-01,4.612813175372e-05,1.054836811857e-05,2.714081837247e-06,0.000000000000e+00,0.000000000000e+00,OK,,5.497934090215e-07,-1.905193090513e-07,-7.300371640244e-08,1.905193090513e-07,7.300371640244e-08,1.905193090513e-07,2.940313500000e-08,1.669526900000e-08,2.500000000000e-07,36,5.029488041066e+00,BORIS,L2/dt-1e-12/eps-1e-06/ranks-1,5.497934090215e-07,7.086211768701e-08,R34,4.807410000000e+00,-1.386352375674e+00,-1.278842731795e+00,0.000000000000e+00,0.000000000000e+00,0.000000000000e+00,-7.209431517650e-01,-1.386352363729e+00,0.000000000000e+00,0.000000000000e+00,0.000000000000e+00,0.000000000000e+00,0.000000000000e+00,3.851351829246e+00,1.040676260819e+01,0.000000000000e+00,0.000000000000e+00,0.000000000000e+00,0.000000000000e+00,1.329223261134e+00,3.851351834248e+00,0.000000000000e+00,0.000000000000e+00,4.838387344113e-08,1.789860529370e-07,0.000000000000e+00,0.000000000000e+00,1.000000000000e+00,-9.437714807653e-02,-6.718089845402e-10,-8.760433129528e-09,0.000000000000e+00,0.000000000000e+00,0.000000000000e+00,9.999999872921e-01,5.527900004410e-07,-1.595563241715e-07,-7.161426116627e-08,0.000000000000e+00,0.000000000000e+00,5.792629105675e+00,1.890405550070e-01,1.054053522863e+00
1.000000000000e-12,OK,,1.445187313998e-06,2.007779345347e-07,-5.818985441910e-07,2.007779345347e-07,5.818985441910e-07,5.818985441910e-07,1.855932700000e-08,4.229586100000e-07,3.000000000000e-06,2,1,7.500000000000e-07,36,5.821223417064e+00,BORIS,L2/dt-1e-12/eps-3e-06/ranks-1,1.445187313998e-06,1.706354416741e-07,R52,5.507140000000e+00,-1.386351873188e+00,-1.278842344937e+00,0.000000000000e+00,0.000000000000e+00,0.000000000000e+00,-7.209432643574e-01,-1.386352794236e+00,0.000000000000e+00,0.000000000000e+00,0.000000000000e+00,0.000000000000e+00,0.000000000000e+00,3.851351837070e+00,1.040676263086e+01,0.000000000000e+00,0.000000000000e+00,0.000000000000e+00,0.000000000000e+00,1.329223261135e+00,3.851351834250e+00,0.000000000000e+00,0.000000000000e+00,-9.710451518973e-07,-1.445187313665e-06,0.000000000000e+00,0.000000000000e+00,1.000000000002e+00,-9.437719244053e-02,-2.424977425411e-09,-2.933369521589e-09,0.000000000000e+00,0.000000000000e+00,0.000000000000e+00,1.000000000127e+00,1.544975262267e-05,1.544975262267e-05,2.094926865253e-06,0.000000000000e+00,0.000000000000e+00,OK,,5.498034099105e-07,-1.794147034530e-07,-5.227618293645e-08,1.794147034530e-07,5.227618293645e-08,1.794147034530e-07,8.197655900000e-10,1.893766300000e-07,7.500000000000e-07,36,5.016254958231e+00,BORIS,L2/dt-1e-12/eps-3e-06/ranks-1,5.498034099105e-07,7.572974106487e-08,R34,4.794180000000e+00,-1.386352386113e+00,-1.278842743662e+00,0.000000000000e+00,0.000000000000e+00,0.000000000000e+00,-7.209431678879e-01,-1.386352387360e+00,0.000000000000e+00,0.000000000000e+00,0.000000000000e+00,0.000000000000e+00,0.000000000000e+00,3.851351829245e+00,1.040676260818e+01,0.000000000000e+00,0.000000000000e+00,0.000000000000e+00,0.000000000000e+00,1.329223261134e+00,3.851351834247e+00,0.000000000000e+00,0.000000000000e+00,-1.324633683414e-07,2.869223140685e-07,0.000000000000e+00,0.000000000000e+00,1.000000000000e+00,-9.437704728581e-02,-4.096970515060e-10,-5.971371393295e-10,0.000000000000e+00,0.000000000000e+00,0.000000000000e+00,9.999999994569e-01,5.528000013300e-07,-1.716457500066e-07,-4.969986036417e-08,0.000000000000e+00,0.000000000000e+00,2.628552838974e+00,1.119071796628e+00,1.113123628208e+01
1.000000000000e-12,OK,,5.548149247470e-07,-3.785035478940e-07,-2.948546045306e-07,3.785035478940e-07,2.948546045306e-07,3.785035478940e-07,1.287441000000e-08,4.071261800000e-07,1.000000000000e-05,2,1,2.500000000000e-06,36,5.747277499875e+00,BORIS,L2/dt-1e-12/eps-1e-05/ranks-1,5.548149247470e-07,9.126686823931e-08,R52,5.525140000000e+00,-1.386352134221e+00,-1.278842420364e+00,0.000000000000e+00,0.000000000000e+00,0.000000000000e+00,-7.209432357719e-01,-1.386352543546e+00,0.000000000000e+00,0.000000000000e+00,0.000000000000e+00,0.000000000000e+00,0.000000000000e+00,3.851351837070e+00,1.040676263085e+01,0.000000000000e+00,0.000000000000e+00,0.000000000000e+00,0.000000000000e+00,1.329223261135e+00,3.851351834249e+00,0.000000000000e+00,0.000000000000e+00,9.589390809323e-08,5.548149250801e-07,0.000000000000e+00,0.000000000000e+00,9.999999999935e-01,-9.437687297565e-02,1.614996740249e-10,-2.327404729507e-10,0.000000000000e+00,0.000000000000e+00,0.000000000000e+00,9.999999979330e-01,2.575205073036e-06,2.575205073036e-06,-1.138133975195e-06,0.000000000000e+00,0.000000000000e+00,OK,,5.498034099105e-07,-1.823767482367e-07,-5.853714740258e-08,1.823767482367e-07,5.853714740258e-08,1.823767482367e-07,8.007698900000e-10,5.340223500000e-08,2.500000000000e-06,36,5.007630000124e+00,BORIS,L2/dt-1e-12/eps-1e-05/ranks-1,5.498034099105e-07,7.229039702962e-08,R34,4.785300000000e+00,-1.386352384035e+00,-1.278842742983e+00,0.000000000000e+00,0.000000000000e+00,0.000000000000e+00,-7.209431677973e-01,-1.386352389074e+00,0.000000000000e+00,0.000000000000e+00,0.000000000000e+00,0.000000000000e+00,0.000000000000e+00,3.851351829245e+00,1.040676260818e+01,0.000000000000e+00,0.000000000000e+00,0.000000000000e+00,0.000000000000e+00,1.329223261134e+00,3.851351834247e+00,0.000000000000e+00,0.000000000000e+00,-2.993375800112e-09,2.117641655205e-07,0.000000000000e+00,0.000000000000e+00,1.000000000000e+00,-9.437711761242e-02,-8.339098974840e-10,3.553505360060e-10,0.000000000000e+00,0.000000000000e+00,0.000000000000e+00,9.999999977344e-01,5.528000013300e-07,-1.743166835822e-07,-5.527205817390e-08,0.000000000000e+00,0.000000000000e+00,1.009115103228e+00,2.075393664782e+00,5.037051131016e+00
1.000000000000e-12,OK,,5.271234098103e-07,-2.184811643305e-07,-7.492021304718e-08,2.184811643305e-07,7.492021304718e-08,2.184811643305e-07,1.719720800000e-09,3.194504500000e-08,3.000000000000e-05,2,1,7.500000000000e-06,36,5.760483124992e+00,BORIS,L2/dt-1e-12/eps-3e-05/ranks-1,5.271234098103e-07,7.600497505576e-08,R34,5.543360000000e+00,-1.386352413139e+00,-1.278842825942e+00,0.000000000000e+00,0.000000000000e+00,0.000000000000e+00,-7.209431550946e-01,-1.386352391843e+00,0.000000000000e+00,0.000000000000e+00,0.000000000000e+00,0.000000000000e+00,0.000000000000e+00,3.851351837070e+00,1.040676263086e+01,0.000000000000e+00,0.000000000000e+00,0.000000000000e+00,0.000000000000e+00,1.329223261135e+00,3.851351834250e+00,0.000000000000e+00,0.000000000000e+00,8.561045180036e-08,2.255654753174e-07,0.000000000000e+00,0.000000000000e+00,1.000000000002e+00,-9.437714335336e-02,-1.984023566688e-10,-7.167898981507e-10,0.000000000000e+00,0.000000000000e+00,0.000000000000e+00,9.999999996298e-01,1.393501380619e-06,-1.148956733844e-06,-4.489857024501e-07,0.000000000000e+00,0.000000000000e+00,OK,,5.498034099105e-07,-1.813722217739e-07,-5.623875465321e-08,1.813722217739e-07,5.623875465321e-08,1.813722217739e-07,1.018538600000e-10,1.917971100000e-08,7.500000000000e-06,36,5.050623082789e+00,BORIS,L2/dt-1e-12/eps-3e-05/ranks-1,5.498034099105e-07,7.160762328353e-08,R34,4.829860000000e+00,-1.386352382982e+00,-1.278842742096e+00,0.000000000000e+00,0.000000000000e+00,0.000000000000e+00,-7.209431660745e-01,-1.386352386916e+00,0.000000000000e+00,0.000000000000e+00,0.000000000000e+00,0.000000000000e+00,0.000000000000e+00,3.851351829245e+00,1.040676260818e+01,0.000000000000e+00,0.000000000000e+00,0.000000000000e+00,0.000000000000e+00,1.329223261134e+00,3.851351834247e+00,0.000000000000e+00,0.000000000000e+00,3.360250127763e-08,1.899210263748e-07,0.000000000000e+00,0.000000000000e+00,1.000000000000e+00,-9.437713883109e-02,1.072330414346e-10,3.562430679135e-10,0.000000000000e+00,0.000000000000e+00,0.000000000000e+00,1.000000000246e+00,5.528000013300e-07,-1.742167167528e-07,-5.434036662262e-08,0.000000000000e+00,0.000000000000e+00,9.587488915285e-01,1.204601025414e+00,1.332181224658e+00
1.000000000000e-12,OK,,5.271334089230e-07,-1.580306136363e-07,-4.924997838989e-08,1.580306136363e-07,4.924997838989e-08,1.580306136363e-07,1.917329400000e-09,2.658692400000e-08,1.000000000000e-04,2,1,2.500000000000e-05,36,5.739429750014e+00,BORIS,L2/dt-1e-12/eps-0.0001/ranks-1,5.271334089230e-07,6.991574559539e-08,R34,5.519830000000e+00,-1.386352374250e+00,-1.278842739969e+00,0.000000000000e+00,0.000000000000e+00,0.000000000000e+00,-7.209431660839e-01,-1.386352393276e+00,0.000000000000e+00,0.000000000000e+00,0.000000000000e+00,0.000000000000e+00,0.000000000000e+00,3.851351837069e+00,1.040676263085e+01,0.000000000000e+00,0.000000000000e+00,0.000000000000e+00,0.000000000000e+00,1.329223261136e+00,3.851351834251e+00,0.000000000000e+00,0.000000000000e+00,4.118335227859e-08,1.826787775974e-07,0.000000000000e+00,0.000000000000e+00,1.000000000003e+00,-9.437711036739e-02,1.305652940488e-10,1.196061717439e-10,0.000000000000e+00,0.000000000000e+00,0.000000000000e+00,9.999999999913e-01,7.868373479535e-07,9.052012297960e-08,2.743692340925e-07,0.000000000000e+00,0.000000000000e+00,OK,,5.497934090215e-07,-1.817600565771e-07,-5.678609238382e-08,1.817600565771e-07,5.678609238382e-08,1.817600565771e-07,2.716872300000e-10,5.712536900000e-09,2.500000000000e-05,36,5.014476249926e+00,BORIS,L2/dt-1e-12/eps-0.0001/ranks-1,5.497934090215e-07,7.149433255480e-08,R34,4.786630000000e+00,-1.386352382933e+00,-1.278842742503e+00,0.000000000000e+00,0.000000000000e+00,0.000000000000e+00,-7.209431661235e-01,-1.386352387233e+00,0.000000000000e+00,0.000000000000e+00,0.000000000000e+00,0.000000000000e+00,0.000000000000e+00,3.851351829246e+00,1.040676260819e+01,0.000000000000e+00,0.000000000000e+00,0.000000000000e+00,0.000000000000e+00,1.329223261134e+00,3.851351834248e+00,0.000000000000e+00,0.000000000000e+00,4.661461540700e-08,1.825367817291e-07,0.000000000000e+00,0.000000000000e+00,1.000000000000e+00,-9.437714592737e-02,-1.485124376746e-10,-2.255473314876e-10,0.000000000000e+00,0.000000000000e+00,0.000000000000e+00,9.999999998574e-01,5.527900004410e-07,-1.752749863341e-07,-5.482678402867e-08,0.000000000000e+00,0.000000000000e+00,9.587845184633e-01,8.694463272752e-01,8.672894422283e-01
1.000000000000e-12,OK,,5.271334089230e-07,-2.011491630053e-07,-5.893997692123e-08,2.011491630053e-07,5.893997692123e-08,2.011491630053e-07,2.376745500000e-10,1.805711600000e-08,3.000000000000e-04,2,1,7.500000000000e-05,36,5.705453417031e+00,BORIS,L2/dt-1e-12/eps-0.0003/ranks-1,5.271334089230e-07,7.071882843993e-08,R34,5.483040000000e+00,-1.386352382939e+00,-1.278842745128e+00,0.000000000000e+00,0.000000000000e+00,0.000000000000e+00,-7.209431659645e-01,-1.386352388374e+00,0.000000000000e+00,0.000000000000e+00,0.000000000000e+00,0.000000000000e+00,0.000000000000e+00,3.851351837069e+00,1.040676263085e+01,0.000000000000e+00,0.000000000000e+00,0.000000000000e+00,0.000000000000e+00,1.329223261135e+00,3.851351834250e+00,0.000000000000e+00,0.000000000000e+00,5.712945504869e-08,1.854412326933e-07,0.000000000000e+00,0.000000000000e+00,9.999999999950e-01,-9.437714640920e-02,-3.876252899211e-12,-1.026499704474e-10,0.000000000000e+00,0.000000000000e+00,0.000000000000e+00,9.999999999955e-01,5.304199994782e-07,-1.914108858162e-07,-9.709482608349e-08,0.000000000000e+00,0.000000000000e+00,OK,,5.498034099105e-07,-1.816091755436e-07,-5.671872665980e-08,1.816091755436e-07,5.671872665980e-08,1.816091755436e-07,8.538059100000e-12,2.185948400000e-09,7.500000000000e-05,36,5.083680333104e+00,BORIS,L2/dt-1e-12/eps-0.0003/ranks-1,5.498034099105e-07,7.143947235007e-08,R34,4.862450000000e+00,-1.386352383128e+00,-1.278842742265e+00,0.000000000000e+00,0.000000000000e+00,0.000000000000e+00,-7.209431662383e-01,-1.386352387092e+00,0.000000000000e+00,0.000000000000e+00,0.000000000000e+00,0.000000000000e+00,0.000000000000e+00,3.851351829246e+00,1.040676260818e+01,0.000000000000e+00,0.000000000000e+00,0.000000000000e+00,0.000000000000e+00,1.329223261134e+00,3.851351834247e+00,0.000000000000e+00,0.000000000000e+00,5.011220403442e-08,1.801364743394e-07,0.000000000000e+00,0.000000000000e+00,1.000000000000e+00,-9.437714821013e-02,-4.240697562678e-12,-3.446132924853e-11,0.000000000000e+00,0.000000000000e+00,0.000000000000e+00,1.000000000022e+00,5.528000013300e-07,-1.749747216742e-07,-5.477148948212e-08,0.000000000000e+00,0.000000000000e+00,9.587670782340e-01,1.107593613611e+00,1.039162555160e+00
1.000000000000e-12,OK,,5.271334089230e-07,-1.802879734248e-07,-5.478734928193e-08,1.802879734248e-07,5.478734928193e-08,1.802879734248e-07,2.111547600000e-10,2.922694100000e-09,1.000000000000e-03,2,1,2.500000000000e-04,36,5.666107791010e+00,BORIS,L2/dt-1e-12/eps-0.001/ranks-1,5.271334089230e-07,7.047452449096e-08,R34,5.447510000000e+00,-1.386352386892e+00,-1.278842752260e+00,0.000000000000e+00,0.000000000000e+00,0.000000000000e+00,-7.209431644490e-01,-1.386352386742e+00,0.000000000000e+00,0.000000000000e+00,0.000000000000e+00,0.000000000000e+00,0.000000000000e+00,3.851351837070e+00,1.040676263085e+01,0.000000000000e+00,0.000000000000e+00,0.000000000000e+00,0.000000000000e+00,1.329223261135e+00,3.851351834250e+00,0.000000000000e+00,0.000000000000e+00,5.109946592538e-08,1.795582920932e-07,0.000000000000e+00,0.000000000000e+00,9.999999999992e-01,-9.437714905493e-02,6.883513754769e-12,5.352447413271e-12,0.000000000000e+00,0.000000000000e+00,0.000000000000e+00,1.000000000003e+00,5.303399994716e-07,-1.706465524985e-07,-3.911079908083e-08,0.000000000000e+00,0.000000000000e+00,OK,,5.497934090215e-07,-1.816368330318e-07,-5.677960512874e-08,1.816368330318e-07,5.677960512874e-08,1.816368330318e-07,2.012612300000e-12,5.659786400000e-10,2.500000000000e-04,36,5.027116833953e+00,BORIS,L2/dt-1e-12/eps-0.001/ranks-1,5.497934090215e-07,7.143461625936e-08,R34,4.805830000000e+00,-1.386352383194e+00,-1.278842742291e+00,0.000000000000e+00,0.000000000000e+00,0.000000000000e+00,-7.209431663321e-01,-1.386352387151e+00,0.000000000000e+00,0.000000000000e+00,0.000000000000e+00,0.000000000000e+00,0.000000000000e+00,3.851351829247e+00,1.040676260819e+01,0.000000000000e+00,0.000000000000e+00,0.000000000000e+00,0.000000000000e+00,1.329223261134e+00,3.851351834248e+00,0.000000000000e+00,0.000000000000e+00,5.166863432115e-08,1.795155240639e-07,0.000000000000e+00,0.000000000000e+00,1.000000000000e+00,-9.437714882475e-02,-1.398985944568e-11,-1.942873522550e-11,0.000000000000e+00,0.000000000000e+00,0.000000000000e+00,9.999999999920e-01,5.527900004410e-07,-1.748989887115e-07,-5.472556621690e-08,0.000000000000e+00,0.000000000000e+00,9.587845184633e-01,9.925738651986e-01,9.649124744300e-01
1.000000000000e-12,OK,,5.271234098103e-07,-1.812422487627e-07,-5.479254602183e-08,1.812422487627e-07,5.479254602183e-08,1.812422487627e-07,9.971468100000e-12,1.359835500000e-09,3.000000000000e-03,2,1,7.500000000000e-04,36,5.680887457915e+00,BORIS,L2/dt-1e-12/eps-0.003/ranks-1,5.271234098103e-07,7.047438077129e-08,R34,5.461080000000e+00,-1.386352387240e+00,-1.278842750267e+00,0.000000000000e+00,0.000000000000e+00,0.000000000000e+00,-7.209431650361e-01,-1.386352386044e+00,0.000000000000e+00,0.000000000000e+00,0.000000000000e+00,0.000000000000e+00,0.000000000000e+00,3.851351837072e+00,1.040676263086e+01,0.000000000000e+00,0.000000000000e+00,0.000000000000e+00,0.000000000000e+00,1.329223261136e+00,3.851351834251e+00,0.000000000000e+00,0.000000000000e+00,5.508149040499e-08,1.825543969872e-07,0.000000000000e+00,0.000000000000e+00,9.999999999998e-01,-9.437714952651e-02,1.565070219317e-12,1.304389237652e-13,0.000000000000e+00,0.000000000000e+00,0.000000000000e+00,1.000000000004e+00,5.303100003573e-07,-1.865884119163e-07,-5.496992914559e-08,0.000000000000e+00,0.000000000000e+00,OK,,5.498034099105e-07,-1.816350990548e-07,-5.677164649498e-08,1.816350990548e-07,5.677164649498e-08,1.816350990548e-07,1.842637200000e-12,3.107893100000e-10,7.500000000000e-04,36,5.089245666983e+00,BORIS,L2/dt-1e-12/eps-0.003/ranks-1,5.498034099105e-07,7.143454442700e-08,R34,4.865040000000e+00,-1.386352383170e+00,-1.278842742281e+00,0.000000000000e+00,0.000000000000e+00,0.000000000000e+00,-7.209431663015e-01,-1.386352387136e+00,0.000000000000e+00,0.000000000000e+00,0.000000000000e+00,0.000000000000e+00,0.000000000000e+00,3.851351829245e+00,1.040676260818e+01,0.000000000000e+00,0.000000000000e+00,0.000000000000e+00,0.000000000000e+00,1.329223261134e+00,3.851351834247e+00,0.000000000000e+00,0.000000000000e+00,5.207885360775e-08,1.795199758831e-07,0.000000000000e+00,0.000000000000e+00,1.000000000000e+00,-9.437714903412e-02,-5.397710639156e-12,-9.975931594337e-12,0.000000000000e+00,0.000000000000e+00,0.000000000000e+00,9.999999999999e-01,5.528000013300e-07,-1.749327001930e-07,-5.475628852618e-08,0.000000000000e+00,0.000000000000e+00,9.587488915285e-01,9.978371454959e-01,9.651392799868e-01
1.000000000000e-12,OK,,5.271334089230e-07,-1.818600909685e-07,-5.463377791446e-08,1.818600909685e-07,5.463377791446e-08,1.818600909685e-07,6.342415500000e-11,1.067225600000e-09,1.000000000000e-02,2,1,2.500000000000e-03,36,5.653616334079e+00,BORIS,L2/dt-1e-12/eps-0.01/ranks-1,5.271334089230e-07,7.046261574540e-08,R34,5.432320000000e+00,-1.386352387484e+00,-1.278842750422e+00,0.000000000000e+00,0.000000000000e+00,0.000000000000e+00,-7.209431649078e-01,-1.386352385725e+00,0.000000000000e+00,0.000000000000e+00,0.000000000000e+00,0.000000000000e+00,0.000000000000e+00,3.851351837071e+00,1.040676263085e+01,0.000000000000e+00,0.000000000000e+00,0.000000000000e+00,0.000000000000e+00,1.329223261135e+00,3.851351834249e+00,0.000000000000e+00,0.000000000000e+00,5.466775492838e-08,1.811866637574e-07,0.000000000000e+00,0.000000000000e+00,9.999999999995e-01,-9.437714967771e-02,1.217681498741e-12,2.869070997493e-12,0.000000000000e+00,0.000000000000e+00,0.000000000000e+00,1.000000000001e+00,5.304399994799e-07,-1.756378065278e-07,-5.118395924459e-08,0.000000000000e+00,0.000000000000e+00,OK,,5.497934090215e-07,-1.816423916979e-07,-5.677860420716e-08,1.816423916979e-07,5.677860420716e-08,1.816423916979e-07,2.315925200000e-13,5.754779500000e-11,2.500000000000e-03,36,5.083312999923e+00,BORIS,L2/dt-1e-12/eps-0.01/ranks-1,5.497934090215e-07,7.142835798687e-08,R34,4.859770000000e+00,-1.386352383167e+00,-1.278842742284e+00,0.000000000000e+00,0.000000000000e+00,0.000000000000e+00,-7.209431662973e-01,-1.386352387140e+00,0.000000000000e+00,0.000000000000e+00,0.000000000000e+00,0.000000000000e+00,0.000000000000e+00,3.851351829246e+00,1.040676260819e+01,0.000000000000e+00,0.000000000000e+00,0.000000000000e+00,0.000000000000e+00,1.329223261134e+00,3.851351834248e+00,0.000000000000e+00,0.000000000000e+00,5.218134329268e-08,1.792403911542e-07,0.000000000000e+00,0.000000000000e+00,1.000000000000e+00,-9.437714923942e-02,-2.154530622651e-12,-9.052147062528e-13,0.000000000000e+00,0.000000000000e+00,0.000000000000e+00,9.999999999991e-01,5.527900004410e-07,-1.749298439887e-07,-5.474901330500e-08,0.000000000000e+00,0.000000000000e+00,9.587845184633e-01,1.001198504757e+00,9.622247442915e-01
1.000000000000e-12,OK,,5.270134089130e-07,-1.817253205888e-07,-5.489730365356e-08,1.817253205888e-07,5.489730365356e-08,1.817253205888e-07,9.760303700000e-12,1.653245200000e-10,3.000000000000e-02,2,1,7.500000000000e-03,36,6.264392999932e+00,BORIS,L2/dt-1e-12/eps-0.03/ranks-1,5.270134089130e-07,7.047684678917e-08,R34,6.012640000000e+00,-1.386352387410e+00,-1.278842750520e+00,0.000000000000e+00,0.000000000000e+00,0.000000000000e+00,-7.209431650209e-01,-1.386352385998e+00,0.000000000000e+00,0.000000000000e+00,0.000000000000e+00,0.000000000000e+00,0.000000000000e+00,3.851351837126e+00,1.040676263097e+01,0.000000000000e+00,0.000000000000e+00,0.000000000000e+00,0.000000000000e+00,1.329223261162e+00,3.851351834305e+00,0.000000000000e+00,0.000000000000e+00,5.495593524340e-08,1.818956443542e-07,0.000000000000e+00,0.000000000000e+00,9.999999999995e-01,-9.437714924145e-02,3.203420381104e-14,-7.250082673904e-14,0.000000000000e+00,0.000000000000e+00,0.000000000000e+00,1.000000000000e+00,5.304599994815e-07,-1.736530212107e-07,-5.332682036601e-08,0.000000000000e+00,0.000000000000e+00,OK,,5.496834099006e-07,-1.816607750319e-07,-5.677962422457e-08,1.816607750319e-07,5.677962422457e-08,1.816607750319e-07,3.177125200000e-12,4.002960400000e-11,7.500000000000e-03,36,4.992145875003e+00,BORIS,L2/dt-1e-12/eps-0.03/ranks-1,5.496834099006e-07,7.142321583855e-08,R34,4.772330000000e+00,-1.386352383185e+00,-1.278842742337e+00,0.000000000000e+00,0.000000000000e+00,0.000000000000e+00,-7.209431663051e-01,-1.386352387157e+00,0.000000000000e+00,0.000000000000e+00,0.000000000000e+00,0.000000000000e+00,0.000000000000e+00,3.851351829304e+00,1.040676260830e+01,0.000000000000e+00,0.000000000000e+00,0.000000000000e+00,0.000000000000e+00,1.329223261162e+00,3.851351834304e+00,0.000000000000e+00,0.000000000000e+00,5.224736502062e-08,1.792737433375e-07,0.000000000000e+00,0.000000000000e+00,1.000000000000e+00,-9.437714923812e-02,-2.891175586896e-13,-7.943361087241e-13,0.000000000000e+00,0.000000000000e+00,0.000000000000e+00,9.999999999996e-01,5.527900004410e-07,-1.749266834736e-07,-5.474808830845e-08,0.000000000000e+00,0.000000000000e+00,9.587580767779e-01,1.000355308166e+00,9.668486609991e-01
1.000000000000e-12,OK,,4.985394843615e-07,-2.052923343431e-07,-5.651956796002e-08,2.052923343431e-07,5.651956796002e-08,2.052923343431e-07,3.433575800000e-09,6.678453600000e-09,1.000000000000e-01,2,1,2.500000000000e-02,36,6.219190040836e+00,BORIS,L2/dt-1e-12/eps-0.1/ranks-1,4.985394843615e-07,6.433387775851e-08,R12,5.977080000000e+00,-1.386352409950e+00,-1.278842817919e+00,0.000000000000e+00,0.000000000000e+00,0.000000000000e+00,-7.209431719080e-01,-1.386352407205e+00,0.000000000000e+00,0.000000000000e+00,0.000000000000e+00,0.000000000000e+00,0.000000000000e+00,3.851351916328e+00,1.040676279234e+01,0.000000000000e+00,0.000000000000e+00,0.000000000000e+00,0.000000000000e+00,1.329223299189e+00,3.851351911818e+00,0.000000000000e+00,0.000000000000e+00,6.476685251983e-08,2.097555619530e-07,0.000000000000e+00,0.000000000000e+00,9.999999999995e-01,-9.437713305378e-02,-3.265002817200e-14,-7.958647848024e-14,0.000000000000e+00,0.000000000000e+00,0.000000000000e+00,1.000000000000e+00,5.303300003590e-07,-1.746122603048e-07,-5.288201730615e-08,0.000000000000e+00,0.000000000000e+00,OK,,4.903804844414e-07,-2.052735408928e-07,-5.841271810691e-08,2.052735408928e-07,5.841271810691e-08,2.052735408928e-07,3.427163100000e-09,6.676538100000e-09,2.500000000000e-02,36,4.973668708932e+00,BORIS,L2/dt-1e-12/eps-0.1/ranks-1,4.903804844414e-07,6.485591154817e-08,R12,4.747530000000e+00,-1.386352405714e+00,-1.278842809760e+00,0.000000000000e+00,0.000000000000e+00,0.000000000000e+00,-7.209431732400e-01,-1.386352408429e+00,0.000000000000e+00,0.000000000000e+00,0.000000000000e+00,0.000000000000e+00,0.000000000000e+00,3.851351908512e+00,1.040676276969e+01,0.000000000000e+00,0.000000000000e+00,0.000000000000e+00,0.000000000000e+00,1.329223299192e+00,3.851351911823e+00,0.000000000000e+00,0.000000000000e+00,6.212989027945e-08,2.072664940172e-07,0.000000000000e+00,0.000000000000e+00,1.000000000000e+00,-9.437713308075e-02,6.771690226940e-14,4.610421089860e-14,0.000000000000e+00,0.000000000000e+00,0.000000000000e+00,1.000000000000e+00,5.527200013233e-07,-1.749280392454e-07,-5.474965939428e-08,0.000000000000e+00,0.000000000000e+00,1.016638100779e+00,1.000091553204e+00,9.675901035212e-01
3.000000000000e-12,OK,,1.405182994698e-05,-1.518638710471e-06,-1.027869416204e-06,1.518638710471e-06,1.027869416204e-06,1.518638710471e-06,1.389519500000e-08,1.372159500000e-05,1.000000000000e-06,2,1,2.500000000000e-07,36,3.240875707939e+00,BORIS,L2/dt-3e-12/eps-1e-06/ranks-1,1.405182994698e-05,1.750869543820e-06,R51,3.020350000000e+00,-1.386353607299e+00,-1.278845928171e+00,0.000000000000e+00,0.000000000000e+00,0.000000000000e+00,-7.209435158168e-01,-1.386353144560e+00,0.000000000000e+00,0.000000000000e+00,0.000000000000e+00,0.000000000000e+00,0.000000000000e+00,3.851349720939e+00,1.040675836626e+01,0.000000000000e+00,0.000000000000e+00,0.000000000000e+00,0.000000000000e+00,1.329222231582e+00,3.851349696553e+00,0.000000000000e+00,0.000000000000e+00,-1.405182994692e-05,1.047612070488e-05,0.000000000000e+00,0.000000000000e+00,9.999999998652e-01,-9.436770383138e-02,1.026459697309e-09,1.024503350232e-08,0.000000000000e+00,0.000000000000e+00,0.000000000000e+00,1.000000010799e+00,3.675965629101e-05,9.065745284019e-06,1.609262596587e-06,0.000000000000e+00,0.000000000000e+00,OK,,5.015413409026e-06,-1.593261444910e-06,-4.993894938755e-07,1.593261444910e-06,4.993894938755e-07,1.593261444910e-06,1.867173100000e-09,7.060580300000e-08,2.500000000000e-07,36,2.821496000048e+00,BORIS,L2/dt-3e-12/eps-1e-06/ranks-1,5.015413409026e-06,6.446370479848e-07,R34,2.601280000000e+00,-1.386353393449e+00,-1.278846070769e+00,0.000000000000e+00,0.000000000000e+00,0.000000000000e+00,-7.209435117638e-01,-1.386353424239e+00,0.000000000000e+00,0.000000000000e+00,0.000000000000e+00,0.000000000000e+00,0.000000000000e+00,3.851349640205e+00,1.040675814257e+01,0.000000000000e+00,0.000000000000e+00,0.000000000000e+00,0.000000000000e+00,1.329222226929e+00,3.851349687532e+00,0.000000000000e+00,0.000000000000e+00,3.861772009378e-07,1.613302812132e-06,0.000000000000e+00,0.000000000000e+00,1.000000000000e+00,-9.437645462831e-02,-4.893426264822e-09,5.994680177455e-10,0.000000000000e+00,0.000000000000e+00,0.000000000000e+00,1.000000004919e+00,5.018410000446e-06,-1.562298460030e-06,-4.980000386393e-07,0.000000000000e+00,0.000000000000e+00,2.801729149922e+00,9.531635346619e-01,2.058251983291e+00
3.000000000000e-12,OK,,4.793083409282e-06,-1.585262230900e-06,-5.098005640542e-07,1.585262230900e-06,5.098005640542e-07,1.585262230900e-06,1.894970900000e-08,4.878012400000e-06,3.000000000000e-06,2,1,7.500000000000e-07,36,3.219593791990e+00,BORIS,L2/dt-3e-12/eps-3e-06/ranks-1,4.793083409282e-06,8.709264922242e-07,R34,3.001340000000e+00,-1.386353488717e+00,-1.278846272800e+00,0.000000000000e+00,0.000000000000e+00,0.000000000000e+00,-7.209435005229e-01,-1.386353437688e+00,0.000000000000e+00,0.000000000000e+00,0.000000000000e+00,0.000000000000e+00,0.000000000000e+00,3.851349720233e+00,1.040675836490e+01,0.000000000000e+00,0.000000000000e+00,0.000000000000e+00,0.000000000000e+00,1.329222231220e+00,3.851349695861e+00,0.000000000000e+00,0.000000000000e+00,-4.441885496806e-06,4.701816509501e-06,0.000000000000e+00,0.000000000000e+00,1.000000000002e+00,-9.437362586082e-02,-6.601932583357e-11,5.249437578524e-10,0.000000000000e+00,0.000000000000e+00,0.000000000000e+00,1.000000002437e+00,1.366371245724e-05,1.366371245724e-05,2.167024845390e-06,0.000000000000e+00,0.000000000000e+00,OK,,5.017403410079e-06,-1.590209170048e-06,-4.981507871753e-07,1.590209170048e-06,4.981507871753e-07,1.590209170048e-06,1.668750500000e-09,8.989093300000e-07,7.500000000000e-07,36,2.804600208066e+00,BORIS,L2/dt-3e-12/eps-3e-06/ranks-1,5.017403410079e-06,6.427285079314e-07,R34,2.583440000000e+00,-1.386353390881e+00,-1.278846069368e+00,0.000000000000e+00,0.000000000000e+00,0.000000000000e+00,-7.209435129474e-01,-1.386353429604e+00,0.000000000000e+00,0.000000000000e+00,0.000000000000e+00,0.000000000000e+00,0.000000000000e+00,3.851349639287e+00,1.040675814058e+01,0.000000000000e+00,0.000000000000e+00,0.000000000000e+00,0.000000000000e+00,1.329222226460e+00,3.851349686505e+00,0.000000000000e+00,0.000000000000e+00,1.354683784815e-06,1.043858422966e-06,0.000000000000e+00,0.000000000000e+00,1.000000000000e+00,-9.437700013895e-02,6.727525788495e-10,-1.072555992044e-09,0.000000000000e+00,0.000000000000e+00,0.000000000000e+00,1.000000001312e+00,5.020400001499e-06,-1.582440216602e-06,-4.955744646030e-07,0.000000000000e+00,0.000000000000e+00,9.552916155104e-01,9.968891267632e-01,1.023386045308e+00
3.000000000000e-12,OK,,4.793203409292e-06,-1.550147392606e-06,-3.827750462975e-07,1.550147392606e-06,3.827750462975e-07,1.550147392606e-06,4.549413200000e-09,1.598084700000e-06,1.000000000000e-05,2,1,2.500000000000e-06,36,3.200743916910e+00,BORIS,L2/dt-3e-12/eps-1e-05/ranks-1,4.793203409292e-06,6.559660462132e-07,R34,2.983650000000e+00,-1.386353339620e+00,-1.278845953855e+00,0.000000000000e+00,0.000000000000e+00,0.000000000000e+00,-7.209435289614e-01,-1.386353432041e+00,0.000000000000e+00,0.000000000000e+00,0.000000000000e+00,0.000000000000e+00,0.000000000000e+00,3.851349720231e+00,1.040675836478e+01,0.000000000000e+00,0.000000000000e+00,0.000000000000e+00,0.000000000000e+00,1.329222231220e+00,3.851349695792e+00,0.000000000000e+00,0.000000000000e+00,-1.011117555632e-06,2.526845529163e-06,0.000000000000e+00,0.000000000000e+00,9.999999999879e-01,-9.437584293717e-02,-6.346696888802e-10,-6.064659172003e-10,0.000000000000e+00,0.000000000000e+00,0.000000000000e+00,1.000000000026e+00,4.796489999848e-06,1.403561228324e-06,-1.226054416962e-06,0.000000000000e+00,0.000000000000e+00,OK,,5.016843410033e-06,-1.592115570759e-06,-4.990169115066e-07,1.592115570759e-06,4.990169115066e-07,1.592115570759e-06,2.485270900000e-10,1.501878900000e-06,2.500000000000e-06,36,2.799202707829e+00,BORIS,L2/dt-3e-12/eps-1e-05/ranks-1,5.016843410033e-06,6.765366813813e-07,R34,2.578830000000e+00,-1.386353391903e+00,-1.278846071770e+00,0.000000000000e+00,0.000000000000e+00,0.000000000000e+00,-7.209435124251e-01,-1.386353429061e+00,0.000000000000e+00,0.000000000000e+00,0.000000000000e+00,0.000000000000e+00,0.000000000000e+00,3.851349639508e+00,1.040675814114e+01,0.000000000000e+00,0.000000000000e+00,0.000000000000e+00,0.000000000000e+00,1.329222226573e+00,3.851349686804e+00,0.000000000000e+00,0.000000000000e+00,-1.045949695790e-06,2.443343672708e-06,0.000000000000e+00,0.000000000000e+00,1.000000000000e+00,-9.437565657830e-02,8.726705825800e-10,1.096944526168e-09,0.000000000000e+00,0.000000000000e+00,0.000000000000e+00,9.999999997163e-01,5.019840001452e-06,-1.584055506105e-06,-4.957518222779e-07,0.000000000000e+00,0.000000000000e+00,9.554221683910e-01,9.736399926464e-01,7.670582649030e-01
3.000000000000e-12,OK,,4.791283409133e-06,-1.612436821683e-06,-4.792507576044e-07,1.612436821683e-06,4.792507576044e-07,1.612436821683e-06,1.172132600000e-09,4.961147400000e-07,3.000000000000e-05,2,1,7.500000000000e-06,36,3.215408500051e+00,BORIS,L2/dt-3e-12/eps-3e-05/ranks-1,4.791283409133e-06,6.421147704677e-07,R34,2.996710000000e+00,-1.386353423032e+00,-1.278846155643e+00,0.000000000000e+00,0.000000000000e+00,0.000000000000e+00,-7.209434951490e-01,-1.386353424503e+00,0.000000000000e+00,0.000000000000e+00,0.000000000000e+00,0.000000000000e+00,0.000000000000e+00,3.851349721171e+00,1.040675836670e+01,0.000000000000e+00,0.000000000000e+00,0.000000000000e+00,0.000000000000e+00,1.329222231700e+00,3.851349696775e+00,0.000000000000e+00,0.000000000000e+00,1.936659154263e-09,1.924304946518e-06,0.000000000000e+00,0.000000000000e+00,1.000000000003e+00,-9.437619472164e-02,1.431722507301e-10,1.912115856525e-10,0.000000000000e+00,0.000000000000e+00,0.000000000000e+00,1.000000000589e+00,4.794629999694e-06,-2.542912391196e-06,-8.533162470073e-07,0.000000000000e+00,0.000000000000e+00,OK,,5.016953409154e-06,-1.591085183371e-06,-4.982748844131e-07,1.591085183371e-06,4.982748844131e-07,1.591085183371e-06,2.025248900000e-10,5.003702500000e-07,7.500000000000e-06,36,2.818735291017e+00,BORIS,L2/dt-3e-12/eps-3e-05/ranks-1,5.016953409154e-06,6.506975549848e-07,R34,2.596270000000e+00,-1.386353391904e+00,-1.278846070789e+00,0.000000000000e+00,0.000000000000e+00,0.000000000000e+00,-7.209435121841e-01,-1.386353428160e+00,0.000000000000e+00,0.000000000000e+00,0.000000000000e+00,0.000000000000e+00,0.000000000000e+00,3.851349639508e+00,1.040675814103e+01,0.000000000000e+00,0.000000000000e+00,0.000000000000e+00,0.000000000000e+00,1.329222226573e+00,3.851349686736e+00,0.000000000000e+00,0.000000000000e+00,-4.406618843689e-08,1.860249511671e-06,0.000000000000e+00,0.000000000000e+00,1.000000000000e+00,-9.437621659387e-02,-6.989899296006e-11,-3.475367206992e-10,0.000000000000e+00,0.000000000000e+00,0.000000000000e+00,1.000000000109e+00,5.019950000573e-06,-1.583929678350e-06,-4.963764963825e-07,0.000000000000e+00,0.000000000000e+00,9.550185178899e-01,1.013419544431e+00,9.618200166137e-01
3.000000000000e-12,OK,,4.792583409241e-06,-1.592285596512e-06,-4.766897313247e-07,1.592285596512e-06,4.766897313247e-07,1.592285596512e-06,5.265690100000e-10,1.650045000000e-07,1.000000000000e-04,2,1,2.500000000000e-05,36,3.224570166087e+00,BORIS,L2/dt-3e-12/eps-0.0001/ranks-1,4.792583409241e-06,6.353771574861e-07,R34,3.006240000000e+00,-1.386353436127e+00,-1.278846155570e+00,0.000000000000e+00,0.000000000000e+00,0.000000000000e+00,-7.209434992422e-01,-1.386353416606e+00,0.000000000000e+00,0.000000000000e+00,0.000000000000e+00,0.000000000000e+00,0.000000000000e+00,3.851349720464e+00,1.040675836540e+01,0.000000000000e+00,0.000000000000e+00,0.000000000000e+00,0.000000000000e+00,1.329222231338e+00,3.851349696121e+00,0.000000000000e+00,0.000000000000e+00,3.220892711193e-07,1.665390809500e-06,0.000000000000e+00,0.000000000000e+00,1.000000000001e+00,-9.437641762932e-02,-6.646861123885e-11,-5.762395798863e-11,0.000000000000e+00,0.000000000000e+00,0.000000000000e+00,1.000000000006e+00,4.795769999788e-06,-1.343734859896e-06,-1.530705188423e-07,0.000000000000e+00,0.000000000000e+00,OK,,5.017313409184e-06,-1.591079854715e-06,-4.982227316276e-07,1.591079854715e-06,4.982227316276e-07,1.591079854715e-06,1.519091500000e-10,1.499130100000e-07,2.500000000000e-05,36,2.821326458128e+00,BORIS,L2/dt-3e-12/eps-0.0001/ranks-1,5.017313409184e-06,6.455813535727e-07,R34,2.598450000000e+00,-1.386353392136e+00,-1.278846070508e+00,0.000000000000e+00,0.000000000000e+00,0.000000000000e+00,-7.209435126669e-01,-1.386353428394e+00,0.000000000000e+00,0.000000000000e+00,0.000000000000e+00,0.000000000000e+00,0.000000000000e+00,3.851349639276e+00,1.040675814067e+01,0.000000000000e+00,0.000000000000e+00,0.000000000000e+00,0.000000000000e+00,1.329222226454e+00,3.851349686559e+00,0.000000000000e+00,0.000000000000e+00,3.064455999559e-07,1.656374774150e-06,0.000000000000e+00,0.000000000000e+00,1.000000000000e+00,-9.437641237439e-02,7.754048010088e-11,1.968106174934e-11,0.000000000000e+00,0.000000000000e+00,0.000000000000e+00,1.000000000082e+00,5.020310000603e-06,-1.584594784472e-06,-4.962634232724e-07,0.000000000000e+00,0.000000000000e+00,9.552090966589e-01,1.000757813502e+00,9.567803736442e-01
3.000000000000e-12,OK,,4.791193410014e-06,-1.594804590950e-06,-4.828324992858e-07,1.594804590950e-06,4.828324992858e-07,1.594804590950e-06,5.994860200000e-11,5.232582100000e-08,3.000000000000e-04,2,1,7.500000000000e-05,36,3.145609750180e+00,BORIS,L2/dt-3e-12/eps-0.0003/ranks-1,4.791193410014e-06,6.343760495820e-07,R34,2.917940000000e+00,-1.386353435001e+00,-1.278846152306e+00,0.000000000000e+00,0.000000000000e+00,0.000000000000e+00,-7.209434986594e-01,-1.386353415187e+00,0.000000000000e+00,0.000000000000e+00,0.000000000000e+00,0.000000000000e+00,0.000000000000e+00,3.851349721160e+00,1.040675836679e+01,0.000000000000e+00,0.000000000000e+00,0.000000000000e+00,0.000000000000e+00,1.329222231695e+00,3.851349696829e+00,0.000000000000e+00,0.000000000000e+00,4.280622706355e-07,1.618211538216e-06,0.000000000000e+00,0.000000000000e+00,9.999999999999e-01,-9.437646430711e-02,-6.189976545989e-12,-1.172272755552e-11,0.000000000000e+00,0.000000000000e+00,0.000000000000e+00,9.999999999965e-01,4.794480000569e-06,-1.585066313761e-06,-5.209873484481e-07,0.000000000000e+00,0.000000000000e+00,OK,,5.016863410034e-06,-1.591115124253e-06,-4.982651618523e-07,1.591115124253e-06,4.982651618523e-07,1.591115124253e-06,9.811373900000e-11,4.974612500000e-08,7.500000000000e-05,36,2.783889333950e+00,BORIS,L2/dt-3e-12/eps-0.0003/ranks-1,5.016863410034e-06,6.444612534825e-07,R34,2.560070000000e+00,-1.386353392004e+00,-1.278846070539e+00,0.000000000000e+00,0.000000000000e+00,0.000000000000e+00,-7.209435125870e-01,-1.386353428530e+00,0.000000000000e+00,0.000000000000e+00,0.000000000000e+00,0.000000000000e+00,0.000000000000e+00,3.851349639497e+00,1.040675814112e+01,0.000000000000e+00,0.000000000000e+00,0.000000000000e+00,0.000000000000e+00,1.329222226567e+00,3.851349686791e+00,0.000000000000e+00,0.000000000000e+00,4.065889100863e-07,1.598152037351e-06,0.000000000000e+00,0.000000000000e+00,1.000000000000e+00,-9.437646830128e-02,-2.655152596358e-11,-6.649333531124e-11,0.000000000000e+00,0.000000000000e+00,0.000000000000e+00,9.999999999778e-01,5.019860001454e-06,-1.584480670384e-06,-4.963179246746e-07,0.000000000000e+00,0.000000000000e+00,9.550177109529e-01,1.002318793053e+00,9.690272093093e-01
3.000000000000e-12,OK,,4.791733410059e-06,-1.591889357659e-06,-4.809058403636e-07,1.591889357659e-06,4.809058403636e-07,1.591889357659e-06,3.719280400000e-10,1.529559200000e-08,1.000000000000e-03,2,1,2.500000000000e-04,36,3.177869834006e+00,BORIS,L2/dt-3e-12/eps-0.001/ranks-1,4.791733410059e-06,6.336843509791e-07,R34,2.959040000000e+00,-1.386353429522e+00,-1.278846144244e+00,0.000000000000e+00,0.000000000000e+00,0.000000000000e+00,-7.209435000154e-01,-1.386353417553e+00,0.000000000000e+00,0.000000000000e+00,0.000000000000e+00,0.000000000000e+00,0.000000000000e+00,3.851349720951e+00,1.040675836625e+01,0.000000000000e+00,0.000000000000e+00,0.000000000000e+00,0.000000000000e+00,1.329222231587e+00,3.851349696544e+00,0.000000000000e+00,0.000000000000e+00,4.656616856967e-07,1.600482540991e-06,0.000000000000e+00,0.000000000000e+00,1.000000000000e+00,-9.437648715671e-02,-4.802629500340e-12,-3.442942616137e-12,0.000000000000e+00,0.000000000000e+00,0.000000000000e+00,9.999999999993e-01,4.794940000608e-06,-1.582247936733e-06,-4.652292901625e-07,0.000000000000e+00,0.000000000000e+00,OK,,5.016973409155e-06,-1.591126038047e-06,-4.982552715416e-07,1.591126038047e-06,4.982552715416e-07,1.591126038047e-06,4.430900100000e-13,1.477664200000e-08,2.500000000000e-04,36,2.766951208934e+00,BORIS,L2/dt-3e-12/eps-0.001/ranks-1,5.016973409155e-06,6.441279088594e-07,R34,2.544820000000e+00,-1.386353391998e+00,-1.278846070537e+00,0.000000000000e+00,0.000000000000e+00,0.000000000000e+00,-7.209435125675e-01,-1.386353428514e+00,0.000000000000e+00,0.000000000000e+00,0.000000000000e+00,0.000000000000e+00,0.000000000000e+00,3.851349639497e+00,1.040675814101e+01,0.000000000000e+00,0.000000000000e+00,0.000000000000e+00,0.000000000000e+00,1.329222226567e+00,3.851349686724e+00,0.000000000000e+00,0.000000000000e+00,4.415783752299e-07,1.577723069189e-06,0.000000000000e+00,0.000000000000e+00,1.000000000000e+00,-9.437648790293e-02,-9.624613200737e-12,-1.614445417166e-11,0.000000000000e+00,0.000000000000e+00,0.000000000000e+00,9.999999999973e-01,5.019970000575e-06,-1.584388193727e-06,-4.962012326298e-07,0.000000000000e+00,0.000000000000e+00,9.551044064366e-01,1.000479735479e+00,9.651796334752e-01
3.000000000000e-12,OK,,4.791153410011e-06,-1.591655501907e-06,-4.808373829914e-07,1.591655501907e-06,4.808373829914e-07,1.591655501907e-06,2.533373500000e-11,6.502573900000e-09,3.000000000000e-03,2,1,7.500000000000e-04,36,3.171097790822e+00,BORIS,L2/dt-3e-12/eps-0.003/ranks-1,4.791153410011e-06,6.335391448836e-07,R34,2.953510000000e+00,-1.386353430164e+00,-1.278846144827e+00,0.000000000000e+00,0.000000000000e+00,0.000000000000e+00,-7.209435002164e-01,-1.386353417603e+00,0.000000000000e+00,0.000000000000e+00,0.000000000000e+00,0.000000000000e+00,0.000000000000e+00,3.851349721161e+00,1.040675836683e+01,0.000000000000e+00,0.000000000000e+00,0.000000000000e+00,0.000000000000e+00,1.329222231695e+00,3.851349696852e+00,0.000000000000e+00,0.000000000000e+00,4.743803451515e-07,1.593507619773e-06,0.000000000000e+00,0.000000000000e+00,1.000000000000e+00,-9.437649404706e-02,2.271232910838e-12,3.200255437398e-12,0.000000000000e+00,0.000000000000e+00,0.000000000000e+00,9.999999999992e-01,4.794340000558e-06,-1.597001665061e-06,-4.810147661152e-07,0.000000000000e+00,0.000000000000e+00,OK,,5.016983410044e-06,-1.591117685412e-06,-4.982513800988e-07,1.591117685412e-06,4.982513800988e-07,1.591117685412e-06,4.171907300000e-11,6.052583400000e-09,7.500000000000e-04,36,2.793344083009e+00,BORIS,L2/dt-3e-12/eps-0.003/ranks-1,5.016983410044e-06,6.440095165767e-07,R34,2.571930000000e+00,-1.386353392001e+00,-1.278846070516e+00,0.000000000000e+00,0.000000000000e+00,0.000000000000e+00,-7.209435125640e-01,-1.386353428495e+00,0.000000000000e+00,0.000000000000e+00,0.000000000000e+00,0.000000000000e+00,0.000000000000e+00,3.851349639508e+00,1.040675814100e+01,0.000000000000e+00,0.000000000000e+00,0.000000000000e+00,0.000000000000e+00,1.329222226573e+00,3.851349686715e+00,0.000000000000e+00,0.000000000000e+00,4.503009072246e-07,1.571130289635e-06,0.000000000000e+00,0.000000000000e+00,1.000000000000e+00,-9.437649422912e-02,-8.931228874243e-14,-3.078834301604e-12,0.000000000000e+00,0.000000000000e+00,0.000000000000e+00,9.999999999956e-01,5.019980001464e-06,-1.584415286550e-06,-4.962360221300e-07,0.000000000000e+00,0.000000000000e+00,9.549868951966e-01,1.000338011764e+00,9.650497764724e-01
3.000000000000e-12,OK,,4.791183409125e-06,-1.591171395633e-06,-4.808407497065e-07,1.591171395633e-06,4.808407497065e-07,1.591171395633e-06,3.116484800000e-11,1.919718000000e-09,1.000000000000e-02,2,1,2.500000000000e-03,36,3.123444333905e+00,BORIS,L2/dt-3e-12/eps-0.01/ranks-1,4.791183409125e-06,6.335337694202e-07,R34,2.904700000000e+00,-1.386353429995e+00,-1.278846144344e+00,0.000000000000e+00,0.000000000000e+00,0.000000000000e+00,-7.209435003042e-01,-1.386353417587e+00,0.000000000000e+00,0.000000000000e+00,0.000000000000e+00,0.000000000000e+00,0.000000000000e+00,3.851349721164e+00,1.040675836680e+01,0.000000000000e+00,0.000000000000e+00,0.000000000000e+00,0.000000000000e+00,1.329222231696e+00,3.851349696833e+00,0.000000000000e+00,0.000000000000e+00,4.813356453967e-07,1.592924377807e-06,0.000000000000e+00,0.000000000000e+00,1.000000000000e+00,-9.437649442324e-02,-7.044679979042e-13,-1.020546583840e-12,0.000000000000e+00,0.000000000000e+00,0.000000000000e+00,9.999999999996e-01,4.794489999682e-06,-1.584949111192e-06,-4.773909310366e-07,0.000000000000e+00,0.000000000000e+00,OK,,5.017323410073e-06,-1.591114210200e-06,-4.982462916137e-07,1.591114210200e-06,4.982462916137e-07,1.591114210200e-06,1.503779300000e-10,1.722718700000e-09,2.500000000000e-03,36,2.749877833063e+00,BORIS,L2/dt-3e-12/eps-0.01/ranks-1,5.017323410073e-06,6.440572559282e-07,R34,2.527350000000e+00,-1.386353392007e+00,-1.278846070517e+00,0.000000000000e+00,0.000000000000e+00,0.000000000000e+00,-7.209435125687e-01,-1.386353428493e+00,0.000000000000e+00,0.000000000000e+00,0.000000000000e+00,0.000000000000e+00,0.000000000000e+00,3.851349639273e+00,1.040675814066e+01,0.000000000000e+00,0.000000000000e+00,0.000000000000e+00,0.000000000000e+00,1.329222226453e+00,3.851349686557e+00,0.000000000000e+00,0.000000000000e+00,4.571358382876e-07,1.570389037286e-06,0.000000000000e+00,0.000000000000e+00,1.000000000000e+00,-9.437649450057e-02,6.675436087052e-13,1.024975985519e-13,0.000000000000e+00,0.000000000000e+00,0.000000000000e+00,1.000000000001e+00,5.020320001492e-06,-1.584401662491e-06,-4.962167007115e-07,0.000000000000e+00,0.000000000000e+00,9.549281594059e-01,1.000035940495e+00,9.650663894540e-01
3.000000000000e-12,OK,,4.791103409119e-06,-1.591395296290e-06,-4.808354573286e-07,1.591395296290e-06,4.808354573286e-07,1.591395296290e-06,1.737290300000e-10,6.774648300000e-10,3.000000000000e-02,2,1,7.500000000000e-03,36,3.456078374991e+00,BORIS,L2/dt-3e-12/eps-0.03/ranks-1,4.791103409119e-06,6.334883987713e-07,R34,3.216320000000e+00,-1.386353430042e+00,-1.278846144406e+00,0.000000000000e+00,0.000000000000e+00,0.000000000000e+00,-7.209435003004e-01,-1.386353417526e+00,0.000000000000e+00,0.000000000000e+00,0.000000000000e+00,0.000000000000e+00,0.000000000000e+00,3.851349721238e+00,1.040675836688e+01,0.000000000000e+00,0.000000000000e+00,0.000000000000e+00,0.000000000000e+00,1.329222231732e+00,3.851349696863e+00,0.000000000000e+00,0.000000000000e+00,4.800207528402e-07,1.591486260883e-06,0.000000000000e+00,0.000000000000e+00,1.000000000000e+00,-9.437649608243e-02,-8.423626303962e-14,-1.547524409009e-13,0.000000000000e+00,0.000000000000e+00,0.000000000000e+00,1.000000000000e+00,4.794549999687e-06,-1.583322996912e-06,-4.792649740411e-07,0.000000000000e+00,0.000000000000e+00,OK,,5.015363409910e-06,-1.591133431286e-06,-4.982482342264e-07,1.591133431286e-06,4.982482342264e-07,1.591133431286e-06,1.208287900000e-10,5.869845200000e-10,7.500000000000e-03,36,2.713472582866e+00,BORIS,L2/dt-3e-12/eps-0.03/ranks-1,5.015363409910e-06,6.438574077343e-07,R34,2.491390000000e+00,-1.386353392022e+00,-1.278846070569e+00,0.000000000000e+00,0.000000000000e+00,0.000000000000e+00,-7.209435125728e-01,-1.386353428509e+00,0.000000000000e+00,0.000000000000e+00,0.000000000000e+00,0.000000000000e+00,0.000000000000e+00,3.851349640282e+00,1.040675814262e+01,0.000000000000e+00,0.000000000000e+00,0.000000000000e+00,0.000000000000e+00,1.329222226967e+00,3.851349687542e+00,0.000000000000e+00,0.000000000000e+00,4.557821923589e-07,1.569018696151e-06,0.000000000000e+00,0.000000000000e+00,1.000000000000e+00,-9.437649615586e-02,1.955346189387e-13,2.199590731099e-13,0.000000000000e+00,0.000000000000e+00,0.000000000000e+00,1.000000000000e+00,5.018470000451e-06,-1.584399339728e-06,-4.962166983103e-07,0.000000000000e+00,0.000000000000e+00,9.552853936072e-01,1.000164577652e+00,9.650520048007e-01
3.000000000000e-12,OK,,4.631493409235e-06,-1.615013683064e-06,-4.824774611451e-07,1.615013683064e-06,4.824774611451e-07,1.615013683064e-06,3.589930000000e-09,6.838085100000e-09,1.000000000000e-01,2,1,2.500000000000e-02,36,3.520233375020e+00,BORIS,L2/dt-3e-12/eps-0.1/ranks-1,4.631493409235e-06,6.254810162333e-07,R34,3.275980000000e+00,-1.386353452585e+00,-1.278846211814e+00,0.000000000000e+00,0.000000000000e+00,0.000000000000e+00,-7.209435072481e-01,-1.386353438830e+00,0.000000000000e+00,0.000000000000e+00,0.000000000000e+00,0.000000000000e+00,0.000000000000e+00,3.851349799663e+00,1.040675852649e+01,0.000000000000e+00,0.000000000000e+00,0.000000000000e+00,0.000000000000e+00,1.329222269362e+00,3.851349773458e+00,0.000000000000e+00,0.000000000000e+00,4.904425219265e-07,1.619388366120e-06,0.000000000000e+00,0.000000000000e+00,1.000000000000e+00,-9.437648058938e-02,7.137454186339e-15,1.169330153759e-13,0.000000000000e+00,0.000000000000e+00,0.000000000000e+00,1.000000000000e+00,4.796180000710e-06,-1.584333609026e-06,-4.788399104912e-07,0.000000000000e+00,0.000000000000e+00,OK,,4.856663409214e-06,-1.614758838768e-06,-4.998857760508e-07,1.614758838768e-06,4.998857760508e-07,1.614758838768e-06,3.079142700000e-09,6.327445800000e-09,2.500000000000e-02,36,2.720672624884e+00,BORIS,L2/dt-3e-12/eps-0.1/ranks-1,4.856663409214e-06,6.355308250534e-07,R34,2.499270000000e+00,-1.386353414560e+00,-1.278846138021e+00,0.000000000000e+00,0.000000000000e+00,0.000000000000e+00,-7.209435195113e-01,-1.386353449792e+00,0.000000000000e+00,0.000000000000e+00,0.000000000000e+00,0.000000000000e+00,0.000000000000e+00,3.851349718071e+00,1.040675830132e+01,0.000000000000e+00,0.000000000000e+00,0.000000000000e+00,0.000000000000e+00,1.329222264272e+00,3.851349763716e+00,0.000000000000e+00,0.000000000000e+00,4.661246679137e-07,1.596783904047e-06,0.000000000000e+00,0.000000000000e+00,1.000000000000e+00,-9.437648066835e-02,-2.392904765402e-14,-7.042597106743e-14,0.000000000000e+00,0.000000000000e+00,0.000000000000e+00,9.999999999998e-01,5.021090000668e-06,-1.584413337121e-06,-4.962227173382e-07,0.000000000000e+00,0.000000000000e+00,9.536368940965e-01,1.000157821893e+00,9.651754145852e-01
1.000000000000e-11,OK,,5.334341340912e-05,-1.768549750970e-05,-5.234843119735e-06,1.768549750970e-05,5.234843119735e-06,1.768549750970e-05,1.306232600000e-09,8.259435400000e-07,1.000000000000e-06,2,1,2.500000000000e-07,36,2.673813250149e+00,BORIS,L2/dt-1e-11/eps-1e-06/ranks-1,5.334341340912e-05,7.041261664424e-06,R34,2.453630000000e+00,-1.386365612075e+00,-1.278885024207e+00,0.000000000000e+00,0.000000000000e+00,0.000000000000e+00,-7.209472744664e-01,-1.386364936009e+00,0.000000000000e+00,0.000000000000e+00,0.000000000000e+00,0.000000000000e+00,0.000000000000e+00,3.851325615068e+00,1.040670981457e+01,0.000000000000e+00,0.000000000000e+00,0.000000000000e+00,0.000000000000e+00,1.329210510674e+00,3.851325374577e+00,0.000000000000e+00,0.000000000000e+00,5.015028741797e-06,1.699717680868e-05,0.000000000000e+00,0.000000000000e+00,9.999999998652e-01,-9.436925734260e-02,3.973909727181e-09,7.108641507170e-09,0.000000000000e+00,0.000000000000e+00,0.000000000000e+00,9.999999983177e-01,5.334667000056e-05,-7.101113515210e-06,-2.597711106944e-06,0.000000000000e+00,0.000000000000e+00,OK,,5.532130340846e-05,-1.751610102827e-05,-5.479669663882e-06,1.751610102827e-05,5.479669663882e-06,1.751610102827e-05,8.887326400000e-10,1.021005200000e-08,2.500000000000e-07,36,2.068969583139e+00,BORIS,L2/dt-1e-11/eps-1e-06/ranks-1,5.532130340846e-05,7.099717623323e-06,R34,1.851340000000e+00,-1.386364805105e+00,-1.278883676448e+00,0.000000000000e+00,0.000000000000e+00,0.000000000000e+00,-7.209474271063e-01,-1.386365178820e+00,0.000000000000e+00,0.000000000000e+00,0.000000000000e+00,0.000000000000e+00,0.000000000000e+00,3.851324959797e+00,1.040670783668e+01,0.000000000000e+00,0.000000000000e+00,0.000000000000e+00,0.000000000000e+00,1.329210574572e+00,3.851325522055e+00,0.000000000000e+00,0.000000000000e+00,5.021159079554e-06,1.726825124987e-05,0.000000000000e+00,0.000000000000e+00,1.000000000001e+00,-9.436911765126e-02,-2.454073335094e-11,3.608769283243e-09,0.000000000000e+00,0.000000000000e+00,0.000000000000e+00,9.999999976501e-01,5.532429999988e-05,-1.748513804339e-05,-5.478280208646e-06,0.000000000000e+00,0.000000000000e+00,9.642472270630e-01,1.009670901142e+00,9.553209300625e-01
1.000000000000e-11,OK,,5.333772340954e-05,-1.770973652700e-05,-5.315933634415e-06,1.770973652700e-05,5.315933634415e-06,1.770973652700e-05,1.027329200000e-08,6.426886200000e-08,3.000000000000e-06,2,1,7.500000000000e-07,36,2.684828749858e+00,BORIS,L2/dt-1e-11/eps-3e-06/ranks-1,5.333772340954e-05,7.048229283878e-06,R34,2.464820000000e+00,-1.386365343142e+00,-1.278884818946e+00,0.000000000000e+00,0.000000000000e+00,0.000000000000e+00,-7.209473270892e-01,-1.386365155677e+00,0.000000000000e+00,0.000000000000e+00,0.000000000000e+00,0.000000000000e+00,0.000000000000e+00,3.851325617846e+00,1.040670982026e+01,0.000000000000e+00,0.000000000000e+00,0.000000000000e+00,0.000000000000e+00,1.329210512094e+00,3.851325377484e+00,0.000000000000e+00,0.000000000000e+00,5.333681387080e-06,1.770025510070e-05,0.000000000000e+00,0.000000000000e+00,1.000000000002e+00,-9.436897489088e-02,1.146357422696e-10,-8.532212283095e-10,0.000000000000e+00,0.000000000000e+00,0.000000000000e+00,9.999999978182e-01,5.334098000098e-05,-2.460761838860e-06,-2.639108224971e-06,0.000000000000e+00,0.000000000000e+00,OK,,5.568482340834e-05,-1.749587528456e-05,-5.476281782237e-06,1.749587528456e-05,5.476281782237e-06,1.749587528456e-05,4.015103900000e-08,3.714197700000e-08,7.500000000000e-07,36,2.077895832947e+00,BORIS,L2/dt-1e-11/eps-3e-06/ranks-1,5.568482340834e-05,7.127095041269e-06,R34,1.857610000000e+00,-1.386364799615e+00,-1.278883638381e+00,0.000000000000e+00,0.000000000000e+00,0.000000000000e+00,-7.209474213279e-01,-1.386365165614e+00,0.000000000000e+00,0.000000000000e+00,0.000000000000e+00,0.000000000000e+00,0.000000000000e+00,3.851324782022e+00,1.040670747316e+01,0.000000000000e+00,0.000000000000e+00,0.000000000000e+00,0.000000000000e+00,1.329210483696e+00,3.851325336274e+00,0.000000000000e+00,0.000000000000e+00,5.027868223837e-06,1.725625425152e-05,0.000000000000e+00,0.000000000000e+00,9.999999999998e-01,-9.436911569659e-02,2.393526591899e-11,3.749832746131e-10,0.000000000000e+00,0.000000000000e+00,0.000000000000e+00,9.999999992592e-01,5.568781999976e-05,-1.748810633111e-05,-5.473705459665e-06,0.000000000000e+00,0.000000000000e+00,9.578502749019e-01,1.012223523485e+00,9.707195220775e-01
1.000000000000e-11,OK,,5.345536340862e-05,-1.748346400281e-05,-5.279566801306e-06,1.748346400281e-05,5.279566801306e-06,1.748346400281e-05,1.076234600000e-08,9.975086600000e-06,1.000000000000e-05,2,1,2.500000000000e-06,36,2.692307374906e+00,BORIS,L2/dt-1e-11/eps-1e-05/ranks-1,5.345536340862e-05,7.014933991879e-06,R34,2.473220000000e+00,-1.386365176789e+00,-1.278884370470e+00,0.000000000000e+00,0.000000000000e+00,0.000000000000e+00,-7.209472722190e-01,-1.386365030592e+00,0.000000000000e+00,0.000000000000e+00,0.000000000000e+00,0.000000000000e+00,0.000000000000e+00,3.851325560382e+00,1.040670970262e+01,0.000000000000e+00,0.000000000000e+00,0.000000000000e+00,0.000000000000e+00,1.329210482720e+00,3.851325317349e+00,0.000000000000e+00,0.000000000000e+00,1.526033860144e-05,1.166150669231e-05,0.000000000000e+00,0.000000000000e+00,9.999999999879e-01,-9.437466659076e-02,-4.106659897242e-11,-4.983013039438e-11,0.000000000000e+00,0.000000000000e+00,0.000000000000e+00,9.999999997128e-01,5.345864999917e-05,-1.452975538188e-05,-6.122846171970e-06,0.000000000000e+00,0.000000000000e+00,OK,,5.532932340913e-05,-1.739673696172e-05,-5.447112377875e-06,1.739673696172e-05,5.447112377875e-06,1.739673696172e-05,3.346510200000e-09,1.000072500000e-05,2.500000000000e-06,36,2.088632958941e+00,BORIS,L2/dt-1e-11/eps-1e-05/ranks-1,5.532932340913e-05,7.070478929978e-06,R34,1.866780000000e+00,-1.386364712428e+00,-1.278883392558e+00,0.000000000000e+00,0.000000000000e+00,0.000000000000e+00,-7.209473987137e-01,-1.386365099049e+00,0.000000000000e+00,0.000000000000e+00,0.000000000000e+00,0.000000000000e+00,0.000000000000e+00,3.851324959797e+00,1.040670782866e+01,0.000000000000e+00,0.000000000000e+00,0.000000000000e+00,0.000000000000e+00,1.329210574572e+00,3.851325517107e+00,0.000000000000e+00,0.000000000000e+00,1.499116006975e-05,1.133849586249e-05,0.000000000000e+00,0.000000000000e+00,1.000000000000e+00,-9.437475198984e-02,1.320428336717e-10,5.525770647013e-11,0.000000000000e+00,0.000000000000e+00,0.000000000000e+00,9.999999999129e-01,5.533232000055e-05,-1.738867689707e-05,-5.443847288646e-06,0.000000000000e+00,0.000000000000e+00,9.661307985523e-01,1.004985247594e+00,9.692413952667e-01
1.000000000000e-11,OK,,5.335171340981e-05,-1.744034704282e-05,-5.268492647934e-06,1.744034704282e-05,5.268492647934e-06,1.744034704282e-05,7.521475300000e-09,1.852873600000e-05,3.000000000000e-05,2,1,7.500000000000e-06,36,2.740134374937e+00,BORIS,L2/dt-1e-11/eps-3e-05/ranks-1,5.335171340981e-05,7.443616347821e-06,R34,2.520860000000e+00,-1.386365172397e+00,-1.278884323645e+00,0.000000000000e+00,0.000000000000e+00,0.000000000000e+00,-7.209472770357e-01,-1.386365014048e+00,0.000000000000e+00,0.000000000000e+00,0.000000000000e+00,0.000000000000e+00,0.000000000000e+00,3.851325615068e+00,1.040670980627e+01,0.000000000000e+00,0.000000000000e+00,0.000000000000e+00,0.000000000000e+00,1.329210510675e+00,3.851325369451e+00,0.000000000000e+00,0.000000000000e+00,-1.325921401792e-05,2.825467147890e-05,0.000000000000e+00,0.000000000000e+00,9.999999999916e-01,-9.435877907840e-02,-6.237470382187e-11,1.310266499135e-10,0.000000000000e+00,0.000000000000e+00,0.000000000000e+00,1.000000000262e+00,5.335506000037e-05,-1.837082261233e-05,-5.642558137337e-06,0.000000000000e+00,0.000000000000e+00,OK,,5.532088340843e-05,-1.744214461498e-05,-5.463364065058e-06,1.744214461498e-05,5.463364065058e-06,1.744214461498e-05,1.849752900000e-08,1.854288400000e-05,7.500000000000e-06,36,2.142071875045e+00,BORIS,L2/dt-1e-11/eps-3e-05/ranks-1,5.532088340843e-05,7.515574746367e-06,R34,1.914330000000e+00,-1.386364751950e+00,-1.278883504618e+00,0.000000000000e+00,0.000000000000e+00,0.000000000000e+00,-7.209474124795e-01,-1.386365139791e+00,0.000000000000e+00,0.000000000000e+00,0.000000000000e+00,0.000000000000e+00,0.000000000000e+00,3.851324959797e+00,1.040670783710e+01,0.000000000000e+00,0.000000000000e+00,0.000000000000e+00,0.000000000000e+00,1.329210574572e+00,3.851325522315e+00,0.000000000000e+00,0.000000000000e+00,-1.354224509857e-05,2.798035767362e-05,0.000000000000e+00,0.000000000000e+00,1.000000000000e+00,-9.435878367017e-02,1.572554599346e-10,5.142781828269e-11,0.000000000000e+00,0.000000000000e+00,0.000000000000e+00,1.000000000032e+00,5.532387999985e-05,-1.743498910996e-05,-5.461465677027e-06,0.000000000000e+00,0.000000000000e+00,9.644045814655e-01,9.998969408751e-01,9.643312408246e-01
1.000000000000e-11,OK,,5.334341340912e-05,-1.745188290906e-05,-5.270695287116e-06,1.745188290906e-05,5.270695287116e-06,1.745188290906e-05,2.744213700000e-10,5.565042700000e-06,1.000000000000e-04,2,1,2.500000000000e-05,36,2.740141791990e+00,BORIS,L2/dt-1e-11/eps-0.0001/ranks-1,5.334341340912e-05,7.089087379889e-06,R34,2.514780000000e+00,-1.386365171498e+00,-1.278884333397e+00,0.000000000000e+00,0.000000000000e+00,0.000000000000e+00,-7.209472768057e-01,-1.386365019340e+00,0.000000000000e+00,0.000000000000e+00,0.000000000000e+00,0.000000000000e+00,0.000000000000e+00,3.851325615068e+00,1.040670981457e+01,0.000000000000e+00,0.000000000000e+00,0.000000000000e+00,0.000000000000e+00,1.329210510674e+00,3.851325374577e+00,0.000000000000e+00,0.000000000000e+00,-2.902570449316e-07,2.068454236095e-05,0.000000000000e+00,0.000000000000e+00,1.000000000001e+00,-9.436603655856e-02,-6.957391760332e-11,-2.443291775433e-11,0.000000000000e+00,0.000000000000e+00,0.000000000000e+00,9.999999999895e-01,5.334659999967e-05,-1.720333217244e-05,-4.947076074634e-06,0.000000000000e+00,0.000000000000e+00,OK,,5.535632340958e-05,-1.744238146912e-05,-5.463216943444e-06,1.744238146912e-05,5.463216943444e-06,1.744238146912e-05,1.830353300000e-08,5.559354500000e-06,2.500000000000e-05,36,2.153358167037e+00,BORIS,L2/dt-1e-11/eps-0.0001/ranks-1,5.535632340958e-05,7.165937229074e-06,R34,1.929580000000e+00,-1.386364752253e+00,-1.278883504911e+00,0.000000000000e+00,0.000000000000e+00,0.000000000000e+00,-7.209474128974e-01,-1.386365140316e+00,0.000000000000e+00,0.000000000000e+00,0.000000000000e+00,0.000000000000e+00,0.000000000000e+00,3.851324959797e+00,1.040670780166e+01,0.000000000000e+00,0.000000000000e+00,0.000000000000e+00,0.000000000000e+00,1.329210574572e+00,3.851325500439e+00,0.000000000000e+00,0.000000000000e+00,-5.583276301808e-07,2.043223793340e-05,0.000000000000e+00,0.000000000000e+00,1.000000000000e+00,-9.436603627056e-02,1.623786090679e-11,1.929712177994e-11,0.000000000000e+00,0.000000000000e+00,0.000000000000e+00,9.999999999723e-01,5.535932000100e-05,-1.743589639888e-05,-5.461257635089e-06,0.000000000000e+00,0.000000000000e+00,9.636372165549e-01,1.000544732952e+00,9.647603859922e-01
1.000000000000e-11,OK,,5.335142340890e-05,-1.745118542754e-05,-5.269055255172e-06,1.745118542754e-05,5.269055255172e-06,1.745118542754e-05,8.420251300000e-09,1.856453900000e-06,3.000000000000e-04,2,1,7.500000000000e-05,36,2.833228833973e+00,BORIS,L2/dt-1e-11/eps-0.0003/ranks-1,5.335142340890e-05,7.034553714550e-06,R34,2.604480000000e+00,-1.386365172380e+00,-1.278884333955e+00,0.000000000000e+00,0.000000000000e+00,0.000000000000e+00,-7.209472763615e-01,-1.386365018116e+00,0.000000000000e+00,0.000000000000e+00,0.000000000000e+00,0.000000000000e+00,0.000000000000e+00,3.851325615068e+00,1.040670980656e+01,0.000000000000e+00,0.000000000000e+00,0.000000000000e+00,0.000000000000e+00,1.329210510674e+00,3.851325369629e+00,0.000000000000e+00,0.000000000000e+00,3.420096839721e-06,1.853073172506e-05,0.000000000000e+00,0.000000000000e+00,9.999999999998e-01,-9.436810564128e-02,-8.882177656870e-12,-1.922635855054e-11,0.000000000000e+00,0.000000000000e+00,0.000000000000e+00,1.000000000005e+00,5.335470999945e-05,-1.744144715035e-05,-5.307210104334e-06,0.000000000000e+00,0.000000000000e+00,OK,,5.521558340860e-05,-1.745072060019e-05,-5.465230425216e-06,1.745072060019e-05,5.465230425216e-06,1.745072060019e-05,9.026863300000e-09,1.854599100000e-06,7.500000000000e-05,36,2.147313833004e+00,BORIS,L2/dt-1e-11/eps-0.0003/ranks-1,5.521558340860e-05,7.100719989214e-06,R34,1.919870000000e+00,-1.386364748098e+00,-1.278883519360e+00,0.000000000000e+00,0.000000000000e+00,0.000000000000e+00,-7.209474120356e-01,-1.386365143826e+00,0.000000000000e+00,0.000000000000e+00,0.000000000000e+00,0.000000000000e+00,0.000000000000e+00,3.851325015352e+00,1.040670794240e+01,0.000000000000e+00,0.000000000000e+00,0.000000000000e+00,0.000000000000e+00,1.329210602970e+00,3.851325575244e+00,0.000000000000e+00,0.000000000000e+00,3.149648656519e-06,1.828227158501e-05,0.000000000000e+00,0.000000000000e+00,1.000000000000e+00,-9.436810470630e-02,1.366490270773e-11,4.228086722590e-12,0.000000000000e+00,0.000000000000e+00,0.000000000000e+00,1.000000000002e+00,5.521858000002e-05,-1.744408614632e-05,-5.463283188038e-06,0.000000000000e+00,0.000000000000e+00,9.662385166538e-01,1.000026636571e+00,9.641048675388e-01
1.000000000000e-11,OK,,5.334341340912e-05,-1.745042476185e-05,-5.269620270264e-06,1.745042476185e-05,5.269620270264e-06,1.745042476185e-05,1.206949000000e-10,5.559393200000e-07,1.000000000000e-03,2,1,2.500000000000e-04,36,2.756654000143e+00,BORIS,L2/dt-1e-11/eps-0.001/ranks-1,5.334341340912e-05,7.019793911510e-06,R34,2.536120000000e+00,-1.386365171794e+00,-1.278884333636e+00,0.000000000000e+00,0.000000000000e+00,0.000000000000e+00,-7.209472764632e-01,-1.386365018561e+00,0.000000000000e+00,0.000000000000e+00,0.000000000000e+00,0.000000000000e+00,0.000000000000e+00,3.851325615068e+00,1.040670981457e+01,0.000000000000e+00,0.000000000000e+00,0.000000000000e+00,0.000000000000e+00,1.329210510674e+00,3.851325374577e+00,0.000000000000e+00,0.000000000000e+00,4.719279174156e-06,1.777740038608e-05,0.000000000000e+00,0.000000000000e+00,1.000000000000e+00,-9.436883005257e-02,-3.138609688575e-12,-4.467678410624e-12,0.000000000000e+00,0.000000000000e+00,0.000000000000e+00,9.999999999992e-01,5.334661999967e-05,-1.744078334092e-05,-5.253943720063e-06,0.000000000000e+00,0.000000000000e+00,OK,,5.561264340948e-05,-1.745071024784e-05,-5.465230422275e-06,1.745071024784e-05,5.465230422275e-06,1.745071024784e-05,9.015720400000e-09,5.562815100000e-07,2.500000000000e-04,36,2.093679500045e+00,BORIS,L2/dt-1e-11/eps-0.001/ranks-1,5.561264340948e-05,7.118459104335e-06,R34,1.864300000000e+00,-1.386364748134e+00,-1.278883519378e+00,0.000000000000e+00,0.000000000000e+00,0.000000000000e+00,-7.209474120452e-01,-1.386365143820e+00,0.000000000000e+00,0.000000000000e+00,0.000000000000e+00,0.000000000000e+00,0.000000000000e+00,3.851324834799e+00,1.040670754534e+01,0.000000000000e+00,0.000000000000e+00,0.000000000000e+00,0.000000000000e+00,1.329210510675e+00,3.851325369369e+00,0.000000000000e+00,0.000000000000e+00,4.447959434652e-06,1.752740954545e-05,0.000000000000e+00,0.000000000000e+00,1.000000000000e+00,-9.436883014872e-02,6.872632862091e-12,5.579151882150e-12,0.000000000000e+00,0.000000000000e+00,0.000000000000e+00,9.999999999977e-01,5.561564000089e-05,-1.744397240352e-05,-5.463176383363e-06,0.000000000000e+00,0.000000000000e+00,9.591957896399e-01,9.999836404372e-01,9.642082516386e-01
1.000000000000e-11,OK,,5.343015340920e-05,-1.745084958909e-05,-5.269627137772e-06,1.745084958909e-05,5.269627137772e-06,1.745084958909e-05,3.701010800000e-08,1.860436500000e-07,3.000000000000e-03,2,1,7.500000000000e-04,36,2.747100915993e+00,BORIS,L2/dt-1e-11/eps-0.003/ranks-1,5.343015340920e-05,7.023497443573e-06,R34,2.530590000000e+00,-1.386365171426e+00,-1.278884333249e+00,0.000000000000e+00,0.000000000000e+00,0.000000000000e+00,-7.209472764839e-01,-1.386365018736e+00,0.000000000000e+00,0.000000000000e+00,0.000000000000e+00,0.000000000000e+00,0.000000000000e+00,3.851325559503e+00,1.040670972783e+01,0.000000000000e+00,0.000000000000e+00,0.000000000000e+00,0.000000000000e+00,1.329210482271e+00,3.851325333098e+00,0.000000000000e+00,0.000000000000e+00,5.089471348577e-06,1.756132258317e-05,0.000000000000e+00,0.000000000000e+00,9.999999999998e-01,-9.436903773648e-02,-4.306856429096e-13,4.027940878040e-13,0.000000000000e+00,0.000000000000e+00,0.000000000000e+00,9.999999999987e-01,5.343333999974e-05,-1.745619575224e-05,-5.269804520896e-06,0.000000000000e+00,0.000000000000e+00,OK,,5.532130340846e-05,-1.745071526181e-05,-5.465232731649e-06,1.745071526181e-05,5.465232731649e-06,1.745071526181e-05,8.230045300000e-09,1.858254200000e-07,7.500000000000e-04,36,2.095161249861e+00,BORIS,L2/dt-1e-11/eps-0.003/ranks-1,5.532130340846e-05,7.091577984633e-06,R34,1.871510000000e+00,-1.386364748126e+00,-1.278883519385e+00,0.000000000000e+00,0.000000000000e+00,0.000000000000e+00,-7.209474120470e-01,-1.386365143832e+00,0.000000000000e+00,0.000000000000e+00,0.000000000000e+00,0.000000000000e+00,0.000000000000e+00,3.851324959797e+00,1.040670783668e+01,0.000000000000e+00,0.000000000000e+00,0.000000000000e+00,0.000000000000e+00,1.329210574572e+00,3.851325522056e+00,0.000000000000e+00,0.000000000000e+00,4.818416735329e-06,1.731145470501e-05,0.000000000000e+00,0.000000000000e+00,1.000000000000e+00,-9.436903762084e-02,-1.577242390031e-12,-2.862557417518e-12,0.000000000000e+00,0.000000000000e+00,0.000000000000e+00,9.999999999986e-01,5.532429999988e-05,-1.744401286295e-05,-5.463217373680e-06,0.000000000000e+00,0.000000000000e+00,9.658151583072e-01,1.000007697523e+00,9.642091007865e-01
1.000000000000e-11,OK,,5.297355340872e-05,-1.745077175261e-05,-5.269629508132e-06,1.745077175261e-05,5.269629508132e-06,1.745077175261e-05,2.888827700000e-08,8.255022000000e-08,1.000000000000e-02,2,1,2.500000000000e-03,36,2.793704541866e+00,BORIS,L2/dt-1e-11/eps-0.01/ranks-1,5.297355340872e-05,6.984873323222e-06,R34,2.573000000000e+00,-1.386365171383e+00,-1.278884333269e+00,0.000000000000e+00,0.000000000000e+00,0.000000000000e+00,-7.209472764709e-01,-1.386365018781e+00,0.000000000000e+00,0.000000000000e+00,0.000000000000e+00,0.000000000000e+00,0.000000000000e+00,3.851325795733e+00,1.040671018443e+01,0.000000000000e+00,0.000000000000e+00,0.000000000000e+00,0.000000000000e+00,1.329210603027e+00,3.851325563641e+00,0.000000000000e+00,0.000000000000e+00,5.192905333592e-06,1.747178547014e-05,0.000000000000e+00,0.000000000000e+00,1.000000000000e+00,-9.436912392175e-02,-2.437181856977e-14,3.996678396968e-13,0.000000000000e+00,0.000000000000e+00,0.000000000000e+00,1.000000000000e+00,5.297685999928e-05,-1.744454946817e-05,-5.266179689462e-06,0.000000000000e+00,0.000000000000e+00,OK,,5.532127340935e-05,-1.745072524427e-05,-5.465241690705e-06,1.745072524427e-05,5.465241690705e-06,1.745072524427e-05,8.227518400000e-09,8.256862200000e-08,2.500000000000e-03,36,2.105134417070e+00,BORIS,L2/dt-1e-11/eps-0.01/ranks-1,5.532127340935e-05,7.089899172310e-06,R34,1.885220000000e+00,-1.386364748084e+00,-1.278883519317e+00,0.000000000000e+00,0.000000000000e+00,0.000000000000e+00,-7.209474120226e-01,-1.386365143795e+00,0.000000000000e+00,0.000000000000e+00,0.000000000000e+00,0.000000000000e+00,0.000000000000e+00,3.851324959797e+00,1.040670783671e+01,0.000000000000e+00,0.000000000000e+00,0.000000000000e+00,0.000000000000e+00,1.329210574572e+00,3.851325522070e+00,0.000000000000e+00,0.000000000000e+00,4.921668165639e-06,1.722155663778e-05,0.000000000000e+00,0.000000000000e+00,1.000000000000e+00,-9.436912392091e-02,-4.490219189205e-14,-1.741971759259e-13,0.000000000000e+00,0.000000000000e+00,0.000000000000e+00,9.999999999996e-01,5.532427000077e-05,-1.744401269656e-05,-5.463212099803e-06,0.000000000000e+00,0.000000000000e+00,9.575620759259e-01,1.000002665124e+00,9.642079538942e-01
1.000000000000e-11,OK,,5.298643340979e-05,-1.745093779711e-05,-5.269640570556e-06,1.745093779711e-05,5.269640570556e-06,1.745093779711e-05,3.755894800000e-08,3.757542400000e-08,3.000000000000e-02,2,1,7.500000000000e-03,36,3.044293957995e+00,BORIS,L2/dt-1e-11/eps-0.03/ranks-1,5.298643340979e-05,6.986538475895e-06,R34,2.780090000000e+00,-1.386365171707e+00,-1.278884334204e+00,0.000000000000e+00,0.000000000000e+00,0.000000000000e+00,-7.209472764680e-01,-1.386365019046e+00,0.000000000000e+00,0.000000000000e+00,0.000000000000e+00,0.000000000000e+00,0.000000000000e+00,3.851325793705e+00,1.040671017155e+01,0.000000000000e+00,0.000000000000e+00,0.000000000000e+00,0.000000000000e+00,1.329210601987e+00,3.851325556122e+00,0.000000000000e+00,0.000000000000e+00,5.287150794048e-06,1.748077846622e-05,0.000000000000e+00,0.000000000000e+00,1.000000000000e+00,-9.436911539481e-02,-1.769951654224e-13,6.550428893121e-15,0.000000000000e+00,0.000000000000e+00,0.000000000000e+00,1.000000000000e+00,5.298988000035e-05,-1.744286549773e-05,-5.268070087268e-06,0.000000000000e+00,0.000000000000e+00,OK,,5.521126341002e-05,-1.745074417594e-05,-5.465243291425e-06,1.745074417594e-05,5.465243291425e-06,1.745074417594e-05,2.364575200000e-11,2.690601300000e-08,7.500000000000e-03,36,2.080060375156e+00,BORIS,L2/dt-1e-11/eps-0.03/ranks-1,5.521126341002e-05,7.081629514854e-06,R34,1.859480000000e+00,-1.386364748149e+00,-1.278883519862e+00,0.000000000000e+00,0.000000000000e+00,0.000000000000e+00,-7.209474120581e-01,-1.386365144124e+00,0.000000000000e+00,0.000000000000e+00,0.000000000000e+00,0.000000000000e+00,0.000000000000e+00,3.851325013437e+00,1.040670794672e+01,0.000000000000e+00,0.000000000000e+00,0.000000000000e+00,0.000000000000e+00,1.329210601987e+00,3.851325578323e+00,0.000000000000e+00,0.000000000000e+00,5.015946864336e-06,1.723059988824e-05,0.000000000000e+00,0.000000000000e+00,1.000000000000e+00,-9.436911540647e-02,5.394825414643e-14,1.297444169917e-13,0.000000000000e+00,0.000000000000e+00,0.000000000000e+00,1.000000000000e+00,5.521437000056e-05,-1.744401008438e-05,-5.463211755509e-06,0.000000000000e+00,0.000000000000e+00,9.597033311173e-01,1.000011095296e+00,9.642096956277e-01
1.000000000000e-11,OK,,5.330860340891e-05,-1.745836842340e-05,-5.265427132714e-06,1.745836842340e-05,5.265427132714e-06,1.745836842340e-05,2.668014000000e-09,1.453237300000e-08,1.000000000000e-01,2,1,2.500000000000e-02,36,3.080172042130e+00,BORIS,L2/dt-1e-11/eps-0.1/ranks-1,5.330860340891e-05,7.013564987139e-06,R34,2.798620000000e+00,-1.386365180620e+00,-1.278884361514e+00,0.000000000000e+00,0.000000000000e+00,0.000000000000e+00,-7.209472785776e-01,-1.386365025747e+00,0.000000000000e+00,0.000000000000e+00,0.000000000000e+00,0.000000000000e+00,0.000000000000e+00,3.851325632392e+00,1.040670984938e+01,0.000000000000e+00,0.000000000000e+00,0.000000000000e+00,0.000000000000e+00,1.329210517115e+00,3.851325387549e+00,0.000000000000e+00,0.000000000000e+00,5.272225992781e-06,1.746710264606e-05,0.000000000000e+00,0.000000000000e+00,1.000000000000e+00,-9.436913421008e-02,3.022430258374e-16,4.479561266949e-14,0.000000000000e+00,0.000000000000e+00,0.000000000000e+00,1.000000000000e+00,5.347329000038e-05,-1.742768834936e-05,-5.261789582060e-06,0.000000000000e+00,0.000000000000e+00,OK,,5.506070340999e-05,-1.745832383783e-05,-5.461036455989e-06,1.745832383783e-05,5.461036455989e-06,1.745832383783e-05,5.036282000000e-08,4.958642900000e-08,2.500000000000e-02,36,2.035112334182e+00,BORIS,L2/dt-1e-11/eps-0.1/ranks-1,5.506070340999e-05,7.069967053490e-06,R34,1.816220000000e+00,-1.386364757310e+00,-1.278883547582e+00,0.000000000000e+00,0.000000000000e+00,0.000000000000e+00,-7.209474141638e-01,-1.386365150827e+00,0.000000000000e+00,0.000000000000e+00,0.000000000000e+00,0.000000000000e+00,0.000000000000e+00,3.851325106514e+00,1.040670809728e+01,0.000000000000e+00,0.000000000000e+00,0.000000000000e+00,0.000000000000e+00,1.329210647091e+00,3.851325646179e+00,0.000000000000e+00,0.000000000000e+00,5.001034592189e-06,1.721693639496e-05,0.000000000000e+00,0.000000000000e+00,1.000000000000e+00,-9.436913421813e-02,-6.438150187173e-14,-1.071572023178e-13,0.000000000000e+00,0.000000000000e+00,0.000000000000e+00,1.000000000000e+00,5.522513000145e-05,-1.742797833618e-05,-5.457373397276e-06,0.000000000000e+00,0.000000000000e+00,9.681787573974e-01,1.000002553829e+00,9.641809160493e-01
3.000000000000e-11,OK,,4.569284834091e-04,-1.519304388854e-04,-4.601223462791e-05,1.519304388854e-04,4.601223462791e-05,1.519304388854e-04,8.177781700000e-08,4.472493100000e-07,1.000000000000e-06,2,1,2.500000000000e-07,36,2.565514917020e+00,BORIS,L2/dt-3e-11/eps-1e-06/ranks-1,4.569284834091e-04,6.046385070288e-05,R34,2.347640000000e+00,-1.386464228698e+00,-1.279207919095e+00,0.000000000000e+00,0.000000000000e+00,0.000000000000e+00,-7.209792185129e-01,-1.386463662074e+00,0.000000000000e+00,0.000000000000e+00,0.000000000000e+00,0.000000000000e+00,0.000000000000e+00,3.851125585804e+00,1.040630622950e+01,0.000000000000e+00,0.000000000000e+00,0.000000000000e+00,0.000000000000e+00,1.329112904392e+00,3.851122363565e+00,0.000000000000e+00,0.000000000000e+00,4.552728160675e-05,1.513396015092e-04,0.000000000000e+00,0.000000000000e+00,1.000000000274e+00,-9.430683617767e-02,4.251962252707e-10,-3.508525651678e-10,0.000000000000e+00,0.000000000000e+00,0.000000000000e+00,1.000000000216e+00,4.569317400005e-04,-1.413460548909e-04,-4.337510261512e-05,0.000000000000e+00,0.000000000000e+00,OK,,4.974910934088e-04,-1.575212591322e-04,-4.928086443317e-05,1.575212591322e-04,4.928086443317e-05,1.575212591322e-04,3.561104600000e-08,3.712431100000e-08,2.500000000000e-07,36,1.861369332997e+00,BORIS,L2/dt-3e-11/eps-1e-06/ranks-1,4.974910934088e-04,6.385351327727e-05,R34,1.632950000000e+00,-1.386465174608e+00,-1.279214366611e+00,0.000000000000e+00,0.000000000000e+00,0.000000000000e+00,-7.209817973043e-01,-1.386468481510e+00,0.000000000000e+00,0.000000000000e+00,0.000000000000e+00,0.000000000000e+00,0.000000000000e+00,3.851108075882e+00,1.040626566689e+01,0.000000000000e+00,0.000000000000e+00,0.000000000000e+00,0.000000000000e+00,1.329108170300e+00,3.851113082167e+00,0.000000000000e+00,0.000000000000e+00,4.524383777405e-05,1.553946382435e-04,0.000000000000e+00,0.000000000000e+00,1.000000000000e+00,-9.430427526637e-02,1.117371277897e-09,-4.543513859020e-10,0.000000000000e+00,0.000000000000e+00,0.000000000000e+00,1.000000000560e+00,4.974940900002e-04,-1.574902961473e-04,-4.927947497793e-05,0.000000000000e+00,0.000000000000e+00,9.184656558939e-01,9.645075193177e-01,9.336734482470e-01
3.000000000000e-11,OK,,4.570502334094e-04,-1.519787291039e-04,-4.610572138200e-05,1.519787291039e-04,4.610572138200e-05,1.519787291039e-04,2.163716000000e-08,4.982670200000e-08,3.000000000000e-06,2,1,7.500000000000e-07,36,2.571215792093e+00,BORIS,L2/dt-3e-11/eps-3e-06/ranks-1,4.570502334094e-04,6.049258289946e-05,R34,2.352200000000e+00,-1.386464234068e+00,-1.279208065457e+00,0.000000000000e+00,0.000000000000e+00,0.000000000000e+00,-7.209792679965e-01,-1.386463822020e+00,0.000000000000e+00,0.000000000000e+00,0.000000000000e+00,0.000000000000e+00,0.000000000000e+00,3.851125530249e+00,1.040630610775e+01,0.000000000000e+00,0.000000000000e+00,0.000000000000e+00,0.000000000000e+00,1.329112875993e+00,3.851122300479e+00,0.000000000000e+00,0.000000000000e+00,4.567100113761e-05,1.517840871588e-04,0.000000000000e+00,0.000000000000e+00,1.000000000002e+00,-9.430667210756e-02,7.243818894754e-11,-6.517378240952e-10,0.000000000000e+00,0.000000000000e+00,0.000000000000e+00,9.999999998046e-01,4.570534900008e-04,-1.367297544158e-04,-4.342889597256e-05,0.000000000000e+00,0.000000000000e+00,OK,,4.978550434096e-04,-1.576188330309e-04,-4.930574545469e-05,1.576188330309e-04,4.930574545469e-05,1.576188330309e-04,2.064835000000e-08,2.099713200000e-08,7.500000000000e-07,36,1.875143124955e+00,BORIS,L2/dt-3e-11/eps-3e-06/ranks-1,4.978550434096e-04,6.389893106651e-05,R34,1.648060000000e+00,-1.386465268360e+00,-1.279214612314e+00,0.000000000000e+00,0.000000000000e+00,0.000000000000e+00,-7.209818508108e-01,-1.386468585717e+00,0.000000000000e+00,0.000000000000e+00,0.000000000000e+00,0.000000000000e+00,0.000000000000e+00,3.851107898107e+00,1.040626530294e+01,0.000000000000e+00,0.000000000000e+00,0.000000000000e+00,0.000000000000e+00,1.329108079424e+00,3.851112896126e+00,0.000000000000e+00,0.000000000000e+00,4.528992892723e-05,1.554550220280e-04,0.000000000000e+00,0.000000000000e+00,1.000000000001e+00,-9.430420900457e-02,-6.227207845189e-10,-1.094905892839e-09,0.000000000000e+00,0.000000000000e+00,0.000000000000e+00,9.999999996501e-01,4.978580400010e-04,-1.576110640775e-04,-4.930316913212e-05,0.000000000000e+00,0.000000000000e+00,9.180387734535e-01,9.642168145865e-01,9.350983532816e-01
3.000000000000e-11,OK,,4.574057334086e-04,-1.507464876606e-04,-4.575797024400e-05,1.507464876606e-04,4.575797024400e-05,1.507464876606e-04,2.418796500000e-08,6.894372400000e-06,1.000000000000e-05,2,1,2.500000000000e-06,36,2.594703666167e+00,BORIS,L2/dt-3e-11/eps-1e-05/ranks-1,4.574057334086e-04,6.039076339273e-05,R34,2.374890000000e+00,-1.386463244078e+00,-1.279205039908e+00,0.000000000000e+00,0.000000000000e+00,0.000000000000e+00,-7.209789952812e-01,-1.386462993329e+00,0.000000000000e+00,0.000000000000e+00,0.000000000000e+00,0.000000000000e+00,0.000000000000e+00,3.851125352473e+00,1.040630575225e+01,0.000000000000e+00,0.000000000000e+00,0.000000000000e+00,0.000000000000e+00,1.329112785118e+00,3.851122119647e+00,0.000000000000e+00,0.000000000000e+00,3.834891949055e-05,1.545207645017e-04,0.000000000000e+00,0.000000000000e+00,1.000000000029e+00,-9.430332762500e-02,1.638057808589e-10,4.559433841100e-10,0.000000000000e+00,0.000000000000e+00,0.000000000000e+00,9.999999997811e-01,4.574090199991e-04,-1.477927790397e-04,-4.660124961466e-05,0.000000000000e+00,0.000000000000e+00,OK,,4.979687734092e-04,-1.588571558949e-04,-4.964791709663e-05,1.588571558949e-04,4.964791709663e-05,1.588571558949e-04,4.009646800000e-08,2.700727900000e-04,2.500000000000e-06,36,1.983360250015e+00,BORIS,L2/dt-3e-11/eps-1e-05/ranks-1,4.979687734092e-04,6.787569978701e-05,R34,1.683120000000e+00,-1.386466265138e+00,-1.279217622626e+00,0.000000000000e+00,0.000000000000e+00,0.000000000000e+00,-7.209821296643e-01,-1.386469419298e+00,0.000000000000e+00,0.000000000000e+00,0.000000000000e+00,0.000000000000e+00,0.000000000000e+00,3.851107842552e+00,1.040626518921e+01,0.000000000000e+00,0.000000000000e+00,0.000000000000e+00,0.000000000000e+00,1.329108051025e+00,3.851112837989e+00,0.000000000000e+00,0.000000000000e+00,3.157708018693e-04,-1.028881656937e-07,0.000000000000e+00,0.000000000000e+00,9.999999999997e-01,-9.445448189144e-02,-8.372663562862e-11,1.902206799028e-10,0.000000000000e+00,0.000000000000e+00,0.000000000000e+00,9.999999996167e-01,4.979717700007e-04,-1.588490958302e-04,-4.964465200740e-05,0.000000000000e+00,0.000000000000e+00,9.185430047694e-01,9.489436394060e-01,9.216493444215e-01
3.000000000000e-11,OK,,4.570422134087e-04,-1.548336248244e-04,-4.686961319500e-05,1.548336248244e-04,4.686961319500e-05,1.548336248244e-04,9.617630900000e-09,9.001964200000e-05,3.000000000000e-05,2,1,7.500000000000e-06,36,2.597553250147e+00,BORIS,L2/dt-3e-11/eps-3e-05/ranks-1,4.570422134087e-04,6.085765254142e-05,R34,2.379090000000e+00,-1.386466521920e+00,-1.279214964078e+00,0.000000000000e+00,0.000000000000e+00,0.000000000000e+00,-7.209798878767e-01,-1.386465695906e+00,0.000000000000e+00,0.000000000000e+00,0.000000000000e+00,0.000000000000e+00,0.000000000000e+00,3.851125530249e+00,1.040630611577e+01,0.000000000000e+00,0.000000000000e+00,0.000000000000e+00,0.000000000000e+00,1.329112875993e+00,3.851122305427e+00,0.000000000000e+00,0.000000000000e+00,1.366684244599e-04,1.024293388662e-04,0.000000000000e+00,0.000000000000e+00,1.000000000002e+00,-9.435572436157e-02,-3.269599887354e-11,6.116590956358e-11,0.000000000000e+00,0.000000000000e+00,0.000000000000e+00,1.000000000043e+00,4.570455599993e-04,-1.557641003939e-04,-4.724367868440e-05,0.000000000000e+00,0.000000000000e+00,OK,,4.976048334093e-04,-1.547019006606e-04,-4.850522852923e-05,1.547019006606e-04,4.850522852923e-05,1.547019006606e-04,2.489662900000e-08,5.008781300000e-04,7.500000000000e-06,36,1.985338083934e+00,BORIS,L2/dt-3e-11/eps-3e-05/ranks-1,4.976048334093e-04,8.599635962377e-05,R34,1.762060000000e+00,-1.386462912850e+00,-1.279207515527e+00,0.000000000000e+00,0.000000000000e+00,0.000000000000e+00,-7.209812066486e-01,-1.386466637440e+00,0.000000000000e+00,0.000000000000e+00,0.000000000000e+00,0.000000000000e+00,0.000000000000e+00,3.851108020327e+00,1.040626555315e+01,0.000000000000e+00,0.000000000000e+00,0.000000000000e+00,0.000000000000e+00,1.329108141901e+00,3.851113024029e+00,0.000000000000e+00,0.000000000000e+00,-4.565916715000e-04,4.433548600108e-04,0.000000000000e+00,0.000000000000e+00,9.999999999999e-01,-9.402579701297e-02,2.650772048429e-11,6.733962150035e-11,0.000000000000e+00,0.000000000000e+00,0.000000000000e+00,9.999999999426e-01,4.976078300007e-04,-1.546947451556e-04,-4.850333014120e-05,0.000000000000e+00,0.000000000000e+00,9.184842725046e-01,1.000851470882e+00,9.662796077078e-01
3.000000000000e-11,OK,,4.570237034098e-04,-1.549316835778e-04,-4.690627831591e-05,1.549316835778e-04,4.690627831591e-05,1.549316835778e-04,1.659436800000e-08,1.502540200000e-04,1.000000000000e-04,2,1,2.500000000000e-05,36,2.614970332943e+00,BORIS,L2/dt-3e-11/eps-0.0001/ranks-1,4.570237034098e-04,6.432748268651e-05,R34,2.394430000000e+00,-1.386466587321e+00,-1.279215200421e+00,0.000000000000e+00,0.000000000000e+00,0.000000000000e+00,-7.209799141089e-01,-1.386465782537e+00,0.000000000000e+00,0.000000000000e+00,0.000000000000e+00,0.000000000000e+00,0.000000000000e+00,3.851125530249e+00,1.040630613428e+01,0.000000000000e+00,0.000000000000e+00,0.000000000000e+00,0.000000000000e+00,1.329112875993e+00,3.851122316853e+00,0.000000000000e+00,0.000000000000e+00,-1.035853766240e-04,2.420835112636e-04,0.000000000000e+00,0.000000000000e+00,9.999999999972e-01,-9.422151438732e-02,1.517515450836e-11,4.242102783250e-11,0.000000000000e+00,0.000000000000e+00,0.000000000000e+00,1.000000000027e+00,4.570268900004e-04,-1.546831328412e-04,-4.658265910343e-05,0.000000000000e+00,0.000000000000e+00,OK,,4.975862634087e-04,-1.546593655066e-04,-4.848815423880e-05,1.546593655066e-04,4.848815423880e-05,1.546593655066e-04,2.332104000000e-08,1.502750200000e-04,2.500000000000e-05,36,1.971183208982e+00,BORIS,L2/dt-3e-11/eps-0.0001/ranks-1,4.975862634087e-04,6.667652390964e-05,R34,1.746410000000e+00,-1.386462870815e+00,-1.279207406657e+00,0.000000000000e+00,0.000000000000e+00,0.000000000000e+00,-7.209811912588e-01,-1.386466595720e+00,0.000000000000e+00,0.000000000000e+00,0.000000000000e+00,0.000000000000e+00,0.000000000000e+00,3.851108020327e+00,1.040626557172e+01,0.000000000000e+00,0.000000000000e+00,0.000000000000e+00,0.000000000000e+00,1.329108141901e+00,3.851113035488e+00,0.000000000000e+00,0.000000000000e+00,-1.059955508453e-04,2.396708335062e-04,0.000000000000e+00,0.000000000000e+00,1.000000000000e+00,-9.422157993992e-02,-2.721473682128e-12,1.613554696228e-11,0.000000000000e+00,0.000000000000e+00,0.000000000000e+00,1.000000000007e+00,4.975892600001e-04,-1.546528804364e-04,-4.848619493044e-05,0.000000000000e+00,0.000000000000e+00,9.184813509098e-01,1.001760760303e+00,9.673760334308e-01
3.000000000000e-11,OK,,4.570445434098e-04,-1.548788614263e-04,-4.688823053689e-05,1.548788614263e-04,4.688823053689e-05,1.548788614263e-04,1.479770100000e-08,5.008094600000e-05,3.000000000000e-04,2,1,7.500000000000e-05,36,2.587206959026e+00,BORIS,L2/dt-3e-11/eps-0.0003/ranks-1,4.570445434098e-04,6.164498497693e-05,R34,2.369090000000e+00,-1.386466551101e+00,-1.279215075248e+00,0.000000000000e+00,0.000000000000e+00,0.000000000000e+00,-7.209799008520e-01,-1.386465739171e+00,0.000000000000e+00,0.000000000000e+00,0.000000000000e+00,0.000000000000e+00,0.000000000000e+00,3.851125533027e+00,1.040630611344e+01,0.000000000000e+00,0.000000000000e+00,0.000000000000e+00,0.000000000000e+00,1.329112877413e+00,3.851122303386e+00,0.000000000000e+00,0.000000000000e+00,-3.425363866617e-06,1.838485267913e-04,0.000000000000e+00,0.000000000000e+00,9.999999999999e-01,-9.427747006237e-02,9.092586478716e-12,1.627720557672e-11,0.000000000000e+00,0.000000000000e+00,0.000000000000e+00,1.000000000013e+00,4.570478300003e-04,-1.548691231491e-04,-4.692638538605e-05,0.000000000000e+00,0.000000000000e+00,OK,,4.978550434096e-04,-1.546502361773e-04,-4.848561880093e-05,1.546502361773e-04,4.848561880093e-05,1.546502361773e-04,1.340369100000e-08,5.009485900000e-05,7.500000000000e-05,36,1.958877708996e+00,BORIS,L2/dt-3e-11/eps-0.0003/ranks-1,4.978550434096e-04,6.410972561291e-05,R34,1.721910000000e+00,-1.386462875046e+00,-1.279207392598e+00,0.000000000000e+00,0.000000000000e+00,0.000000000000e+00,-7.209811921393e-01,-1.386466592153e+00,0.000000000000e+00,0.000000000000e+00,0.000000000000e+00,0.000000000000e+00,0.000000000000e+00,3.851107898107e+00,1.040626530294e+01,0.000000000000e+00,0.000000000000e+00,0.000000000000e+00,0.000000000000e+00,1.329108079424e+00,3.851112896126e+00,0.000000000000e+00,0.000000000000e+00,-5.818458038398e-06,1.814822105444e-04,0.000000000000e+00,0.000000000000e+00,1.000000000000e+00,-9.427751706012e-02,3.298745215523e-12,-6.592925369695e-12,0.000000000000e+00,0.000000000000e+00,0.000000000000e+00,9.999999999937e-01,4.978580400010e-04,-1.546436017234e-04,-4.848367156375e-05,0.000000000000e+00,0.000000000000e+00,9.180273444248e-01,1.001478337535e+00,9.670543904864e-01
3.000000000000e-11,OK,,4.569284834091e-04,-1.548789231573e-04,-4.688827180716e-05,1.548789231573e-04,4.688827180716e-05,1.548789231573e-04,1.493078500000e-08,1.501947300000e-05,1.000000000000e-03,2,1,2.500000000000e-04,36,2.537953500170e+00,BORIS,L2/dt-3e-11/eps-0.001/ranks-1,4.569284834091e-04,6.110617531153e-05,R34,2.319300000000e+00,-1.386466551066e+00,-1.279215073938e+00,0.000000000000e+00,0.000000000000e+00,0.000000000000e+00,-7.209799008151e-01,-1.386465738403e+00,0.000000000000e+00,0.000000000000e+00,0.000000000000e+00,0.000000000000e+00,0.000000000000e+00,3.851125585804e+00,1.040630622950e+01,0.000000000000e+00,0.000000000000e+00,0.000000000000e+00,0.000000000000e+00,1.329112904392e+00,3.851122363565e+00,0.000000000000e+00,0.000000000000e+00,3.163609751666e-05,1.634846744137e-04,0.000000000000e+00,0.000000000000e+00,9.999999999997e-01,-9.429704691932e-02,-5.975710280798e-13,1.039124973620e-12,0.000000000000e+00,0.000000000000e+00,0.000000000000e+00,1.000000000002e+00,4.569316899996e-04,-1.548692817364e-04,-4.687259525696e-05,0.000000000000e+00,0.000000000000e+00,OK,,4.979630834097e-04,-1.546508331564e-04,-4.848594521740e-05,1.546508331564e-04,4.848594521740e-05,1.546508331564e-04,4.712596100000e-09,1.503352400000e-05,2.500000000000e-04,36,1.863548290916e+00,BORIS,L2/dt-3e-11/eps-0.001/ranks-1,4.979630834097e-04,6.360576707275e-05,R34,1.640780000000e+00,-1.386462875331e+00,-1.279207393719e+00,0.000000000000e+00,0.000000000000e+00,0.000000000000e+00,-7.209811922880e-01,-1.386466592789e+00,0.000000000000e+00,0.000000000000e+00,0.000000000000e+00,0.000000000000e+00,0.000000000000e+00,3.851107845329e+00,1.040626519490e+01,0.000000000000e+00,0.000000000000e+00,0.000000000000e+00,0.000000000000e+00,1.329108052445e+00,3.851112840895e+00,0.000000000000e+00,0.000000000000e+00,2.924285497438e-05,1.611182591065e-04,0.000000000000e+00,0.000000000000e+00,1.000000000000e+00,-9.429709366144e-02,1.069702740764e-12,3.104044981462e-12,0.000000000000e+00,0.000000000000e+00,0.000000000000e+00,1.000000000004e+00,4.979660800011e-04,-1.546440953121e-04,-4.848389117849e-05,0.000000000000e+00,0.000000000000e+00,9.175950961673e-01,1.001474870819e+00,9.670487312751e-01
3.000000000000e-11,OK,,4.569284634091e-04,-1.548774343851e-04,-4.688781649098e-05,1.548774343851e-04,4.688781649098e-05,1.548774343851e-04,1.469191100000e-08,5.001513200000e-06,3.000000000000e-03,2,1,7.500000000000e-04,36,2.564837000100e+00,BORIS,L2/dt-3e-11/eps-0.003/ranks-1,4.569284634091e-04,6.099529645881e-05,R34,2.345970000000e+00,-1.386466550858e+00,-1.279215074507e+00,0.000000000000e+00,0.000000000000e+00,0.000000000000e+00,-7.209799009363e-01,-1.386465739193e+00,0.000000000000e+00,0.000000000000e+00,0.000000000000e+00,0.000000000000e+00,0.000000000000e+00,3.851125585812e+00,1.040630622952e+01,0.000000000000e+00,0.000000000000e+00,0.000000000000e+00,0.000000000000e+00,1.329112904396e+00,3.851122363573e+00,0.000000000000e+00,0.000000000000e+00,4.165361491069e-05,1.576661853911e-04,0.000000000000e+00,0.000000000000e+00,1.000000000000e+00,-9.430264063080e-02,2.796705107600e-13,1.666570403732e-13,0.000000000000e+00,0.000000000000e+00,0.000000000000e+00,1.000000000001e+00,4.569316499996e-04,-1.548827805483e-04,-4.688799387410e-05,0.000000000000e+00,0.000000000000e+00,OK,,4.974636534101e-04,-1.546510472645e-04,-4.848607192648e-05,1.546510472645e-04,4.848607192648e-05,1.546510472645e-04,1.305037000000e-08,5.016338300000e-06,7.500000000000e-04,36,1.905291709118e+00,BORIS,L2/dt-3e-11/eps-0.003/ranks-1,4.974636534101e-04,6.345758762915e-05,R34,1.681440000000e+00,-1.386462874959e+00,-1.279207392673e+00,0.000000000000e+00,0.000000000000e+00,0.000000000000e+00,-7.209811920524e-01,-1.386466592129e+00,0.000000000000e+00,0.000000000000e+00,0.000000000000e+00,0.000000000000e+00,0.000000000000e+00,3.851108075890e+00,1.040626569433e+01,0.000000000000e+00,0.000000000000e+00,0.000000000000e+00,0.000000000000e+00,1.329108170304e+00,3.851113099105e+00,0.000000000000e+00,0.000000000000e+00,3.926001955788e-05,1.552989194044e-04,0.000000000000e+00,0.000000000000e+00,1.000000000000e+00,-9.430268717668e-02,-9.825040138376e-13,-7.073453369534e-13,0.000000000000e+00,0.000000000000e+00,0.000000000000e+00,9.999999999992e-01,4.974666500015e-04,-1.546443448656e-04,-4.848405656851e-05,0.000000000000e+00,0.000000000000e+00,9.185162780775e-01,1.001463857663e+00,9.670368134188e-01
3.000000000000e-11,OK,,4.570422634096e-04,-1.548793342684e-04,-4.688832241444e-05,1.548793342684e-04,4.688832241444e-05,1.548793342684e-04,6.399374500000e-09,1.500009700000e-06,1.000000000000e-02,2,1,2.500000000000e-03,36,2.611491834046e+00,BORIS,L2/dt-3e-11/eps-0.01/ranks-1,4.570422634096e-04,6.096970471307e-05,R34,2.386790000000e+00,-1.386466550568e+00,-1.279215074693e+00,0.000000000000e+00,0.000000000000e+00,0.000000000000e+00,-7.209799004004e-01,-1.386465738685e+00,0.000000000000e+00,0.000000000000e+00,0.000000000000e+00,0.000000000000e+00,0.000000000000e+00,3.851125530226e+00,1.040630611572e+01,0.000000000000e+00,0.000000000000e+00,0.000000000000e+00,0.000000000000e+00,1.329112875982e+00,3.851122305404e+00,0.000000000000e+00,0.000000000000e+00,4.515578667381e-05,1.556253781028e-04,0.000000000000e+00,0.000000000000e+00,1.000000000000e+00,-9.430460058195e-02,1.917200348296e-13,1.074213134378e-13,0.000000000000e+00,0.000000000000e+00,0.000000000000e+00,9.999999999998e-01,4.570455700001e-04,-1.548731119840e-04,-4.688487259577e-05,0.000000000000e+00,0.000000000000e+00,OK,,4.979713134095e-04,-1.546502252815e-04,-4.848555429054e-05,1.546502252815e-04,4.848555429054e-05,1.546502252815e-04,1.292573800000e-08,1.513711000000e-06,2.500000000000e-03,36,1.915769875050e+00,BORIS,L2/dt-3e-11/eps-0.01/ranks-1,4.979713134095e-04,6.346510814109e-05,R34,1.693040000000e+00,-1.386462875750e+00,-1.279207393537e+00,0.000000000000e+00,0.000000000000e+00,0.000000000000e+00,-7.209811925653e-01,-1.386466592680e+00,0.000000000000e+00,0.000000000000e+00,0.000000000000e+00,0.000000000000e+00,0.000000000000e+00,3.851107845240e+00,1.040626518667e+01,0.000000000000e+00,0.000000000000e+00,0.000000000000e+00,0.000000000000e+00,1.329108052400e+00,3.851112835838e+00,0.000000000000e+00,0.000000000000e+00,4.276277184161e-05,1.532586054929e-04,0.000000000000e+00,0.000000000000e+00,1.000000000000e+00,-9.430464766691e-02,-1.696858723944e-13,-3.235015455880e-13,0.000000000000e+00,0.000000000000e+00,0.000000000000e+00,9.999999999997e-01,4.979743100009e-04,-1.546435127338e-04,-4.848352469964e-05,0.000000000000e+00,0.000000000000e+00,9.178084180800e-01,1.001481465588e+00,9.670575721063e-01
3.000000000000e-11,OK,,4.569021034087e-04,-1.548786209533e-04,-4.688792508900e-05,1.548786209533e-04,4.688792508900e-05,1.548786209533e-04,3.487177200000e-09,5.164655900000e-07,3.000000000000e-02,2,1,7.500000000000e-03,36,2.931785208173e+00,BORIS,L2/dt-3e-11/eps-0.03/ranks-1,4.569021034087e-04,6.094874396306e-05,R34,2.688280000000e+00,-1.386466550806e+00,-1.279215071182e+00,0.000000000000e+00,0.000000000000e+00,0.000000000000e+00,-7.209799008349e-01,-1.386465736980e+00,0.000000000000e+00,0.000000000000e+00,0.000000000000e+00,0.000000000000e+00,0.000000000000e+00,3.851125589651e+00,1.040630625588e+01,0.000000000000e+00,0.000000000000e+00,0.000000000000e+00,0.000000000000e+00,1.329112906354e+00,3.851122379003e+00,0.000000000000e+00,0.000000000000e+00,4.613936740905e-05,1.550265694618e-04,0.000000000000e+00,0.000000000000e+00,1.000000000000e+00,-9.430517142082e-02,6.309070155373e-14,1.884754951356e-13,0.000000000000e+00,0.000000000000e+00,0.000000000000e+00,1.000000000000e+00,4.569055499992e-04,-1.548705486539e-04,-4.688635460571e-05,0.000000000000e+00,0.000000000000e+00,OK,,4.979369034093e-04,-1.546511984455e-04,-4.848616092290e-05,1.546511984455e-04,4.848616092290e-05,1.546511984455e-04,2.443182200000e-08,5.305421100000e-07,7.500000000000e-03,36,1.878253249917e+00,BORIS,L2/dt-3e-11/eps-0.03/ranks-1,4.979369034093e-04,6.345315614946e-05,R34,1.655680000000e+00,-1.386462875389e+00,-1.279207393550e+00,0.000000000000e+00,0.000000000000e+00,0.000000000000e+00,-7.209811923282e-01,-1.386466592669e+00,0.000000000000e+00,0.000000000000e+00,0.000000000000e+00,0.000000000000e+00,0.000000000000e+00,3.851107844580e+00,1.040626522108e+01,0.000000000000e+00,0.000000000000e+00,0.000000000000e+00,0.000000000000e+00,1.329108052063e+00,3.851112857221e+00,0.000000000000e+00,0.000000000000e+00,4.374580125315e-05,1.526608293512e-04,0.000000000000e+00,0.000000000000e+00,1.000000000000e+00,-9.430521785117e-02,-9.724297415229e-15,9.378244888659e-14,0.000000000000e+00,0.000000000000e+00,0.000000000000e+00,1.000000000000e+00,4.979400099998e-04,-1.546444643539e-04,-4.848412938698e-05,0.000000000000e+00,0.000000000000e+00,9.175903619120e-01,1.001470551215e+00,9.670372781949e-01
3.000000000000e-11,OK,,4.571429934099e-04,-1.548866422651e-04,-4.688435729240e-05,1.548866422651e-04,4.688435729240e-05,1.548866422651e-04,6.276111900000e-09,1.086042300000e-07,1.000000000000e-01,2,1,2.500000000000e-02,36,2.925469709095e+00,BORIS,L2/dt-3e-11/eps-0.1/ranks-1,4.571429934099e-04,6.096803250617e-05,R34,2.673240000000e+00,-1.386466560066e+00,-1.279215101571e+00,0.000000000000e+00,0.000000000000e+00,0.000000000000e+00,-7.209799029828e-01,-1.386465745583e+00,0.000000000000e+00,0.000000000000e+00,0.000000000000e+00,0.000000000000e+00,0.000000000000e+00,3.851125487244e+00,1.040630601499e+01,0.000000000000e+00,0.000000000000e+00,0.000000000000e+00,0.000000000000e+00,1.329112851522e+00,3.851122247548e+00,0.000000000000e+00,0.000000000000e+00,4.661467186237e-05,1.548784503034e-04,0.000000000000e+00,0.000000000000e+00,1.000000000000e+00,-9.430530273084e-02,2.124907348472e-14,1.831584319296e-14,0.000000000000e+00,0.000000000000e+00,0.000000000000e+00,1.000000000000e+00,4.573076800014e-04,-1.548559621911e-04,-4.688071974175e-05,0.000000000000e+00,0.000000000000e+00,OK,,4.974612834090e-04,-1.546585043551e-04,-4.848203997182e-05,1.546585043551e-04,4.848203997182e-05,1.546585043551e-04,5.154813900000e-08,1.017571900000e-07,2.500000000000e-02,36,1.871102124918e+00,BORIS,L2/dt-3e-11/eps-0.1/ranks-1,4.974612834090e-04,6.341392249820e-05,R34,1.651570000000e+00,-1.386462884812e+00,-1.279207419628e+00,0.000000000000e+00,0.000000000000e+00,0.000000000000e+00,-7.209811944670e-01,-1.386466598776e+00,0.000000000000e+00,0.000000000000e+00,0.000000000000e+00,0.000000000000e+00,0.000000000000e+00,3.851108096664e+00,1.040626569670e+01,0.000000000000e+00,0.000000000000e+00,0.000000000000e+00,0.000000000000e+00,1.329108178447e+00,3.851113091065e+00,0.000000000000e+00,0.000000000000e+00,4.422225997274e-05,1.525120224434e-04,0.000000000000e+00,0.000000000000e+00,1.000000000000e+00,-9.430534945634e-02,1.633355532220e-14,3.026184125881e-14,0.000000000000e+00,0.000000000000e+00,0.000000000000e+00,1.000000000000e+00,4.976257100004e-04,-1.546281588535e-04,-4.847837691311e-05,0.000000000000e+00,0.000000000000e+00,9.189519037084e-01,1.001475107437e+00,9.670458858507e-01
1.000000000000e-10,INVALID,time step too long for QACH field extent,,,,,,,,,1.000000000000e-06,2,1,2.500000000000e-07,36,2.226560839918e-01,BORIS,L2/dt-1e-10/eps-1e-06/ranks-1,,,,,,,,,,,,,,,,,,,,,,,,,,,,,,,,,,,,,,,,,,,,INVALID,time step too long for QACH field extent,,,,,,,,,2.500000000000e-07,36,2.220601250883e-01,BORIS,L2/dt-1e-10/eps-1e-06/ranks-1,,,,,,,,,,,,,,,,,,,,,,,,,,,,,,,,,,,,,,,,,,,,,,
1.000000000000e-10,INVALID,time step too long for QACH field extent,,,,,,,,,3.000000000000e-06,2,1,7.500000000000e-07,36,2.227057910059e-01,BORIS,L2/dt-1e-10/eps-3e-06/ranks-1,,,,,,,,,,,,,,,,,,,,,,,,,,,,,,,,,,,,,,,,,,,,INVALID,time step too long for QACH field extent,,,,,,,,,7.500000000000e-07,36,2.229233749676e-01,BORIS,L2/dt-1e-10/eps-3e-06/ranks-1,,,,,,,,,,,,,,,,,,,,,,,,,,,,,,,,,,,,,,,,,,,,,,
1.000000000000e-10,INVALID,time step too long for QACH field extent,,,,,,,,,1.000000000000e-05,2,1,2.500000000000e-06,36,2.229095830116e-01,BORIS,L2/dt-1e-10/eps-1e-05/ranks-1,,,,,,,,,,,,,,,,,,,,,,,,,,,,,,,,,,,,,,,,,,,,INVALID,time step too long for QACH field extent,,,,,,,,,2.500000000000e-06,36,2.249276658986e-01,BORIS,L2/dt-1e-10/eps-1e-05/ranks-1,,,,,,,,,,,,,,,,,,,,,,,,,,,,,,,,,,,,,,,,,,,,,,
1.000000000000e-10,INVALID,time step too long for QACH field extent,,,,,,,,,3.000000000000e-05,2,1,7.500000000000e-06,36,2.207663329318e-01,BORIS,L2/dt-1e-10/eps-3e-05/ranks-1,,,,,,,,,,,,,,,,,,,,,,,,,,,,,,,,,,,,,,,,,,,,INVALID,time step too long for QACH field extent,,,,,,,,,7.500000000000e-06,36,2.238817501348e-01,BORIS,L2/dt-1e-10/eps-3e-05/ranks-1,,,,,,,,,,,,,,,,,,,,,,,,,,,,,,,,,,,,,,,,,,,,,,
1.000000000000e-10,INVALID,time step too long for QACH field extent,,,,,,,,,1.000000000000e-04,2,1,2.500000000000e-05,36,2.212568749674e-01,BORIS,L2/dt-1e-10/eps-0.0001/ranks-1,,,,,,,,,,,,,,,,,,,,,,,,,,,,,,,,,,,,,,,,,,,,INVALID,time step too long for QACH field extent,,,,,,,,,2.500000000000e-05,36,2.238892079331e-01,BORIS,L2/dt-1e-10/eps-0.0001/ranks-1,,,,,,,,,,,,,,,,,,,,,,,,,,,,,,,,,,,,,,,,,,,,,,
1.000000000000e-10,INVALID,time step too long for QACH field extent,,,,,,,,,3.000000000000e-04,2,1,7.500000000000e-05,36,2.213526249398e-01,BORIS,L2/dt-1e-10/eps-0.0003/ranks-1,,,,,,,,,,,,,,,,,,,,,,,,,,,,,,,,,,,,,,,,,,,,INVALID,time step too long for QACH field extent,,,,,,,,,7.500000000000e-05,36,2.161782919429e-01,BORIS,L2/dt-1e-10/eps-0.0003/ranks-1,,,,,,,,,,,,,,,,,,,,,,,,,,,,,,,,,,,,,,,,,,,,,,
1.000000000000e-10,INVALID,time step too long for QACH field extent,,,,,,,,,1.000000000000e-03,2,1,2.500000000000e-04,36,2.223129579797e-01,BORIS,L2/dt-1e-10/eps-0.001/ranks-1,,,,,,,,,,,,,,,,,,,,,,,,,,,,,,,,,,,,,,,,,,,,INVALID,time step too long for QACH field extent,,,,,,,,,2.500000000000e-04,36,2.175435000099e-01,BORIS,L2/dt-1e-10/eps-0.001/ranks-1,,,,,,,,,,,,,,,,,,,,,,,,,,,,,,,,,,,,,,,,,,,,,,
1.000000000000e-10,INVALID,time step too long for QACH field extent,,,,,,,,,3.000000000000e-03,2,1,7.500000000000e-04,36,2.195752919652e-01,BORIS,L2/dt-1e-10/eps-0.003/ranks-1,,,,,,,,,,,,,,,,,,,,,,,,,,,,,,,,,,,,,,,,,,,,INVALID,time step too long for QACH field extent,,,,,,,,,7.500000000000e-04,36,2.223566249013e-01,BORIS,L2/dt-1e-10/eps-0.003/ranks-1,,,,,,,,,,,,,,,,,,,,,,,,,,,,,,,,,,,,,,,,,,,,,,
1.000000000000e-10,INVALID,time step too long for QACH field extent,,,,,,,,,1.000000000000e-02,2,1,2.500000000000e-03,36,2.203723748680e-01,BORIS,L2/dt-1e-10/eps-0.01/ranks-1,,,,,,,,,,,,,,,,,,,,,,,,,,,,,,,,,,,,,,,,,,,,INVALID,time step too long for QACH field extent,,,,,,,,,2.500000000000e-03,36,2.224509580992e-01,BORIS,L2/dt-1e-10/eps-0.01/ranks-1,,,,,,,,,,,,,,,,,,,,,,,,,,,,,,,,,,,,,,,,,,,,,,
1.000000000000e-10,INVALID,time step too long for QACH field extent,,,,,,,,,3.000000000000e-02,2,1,7.500000000000e-03,36,2.382660419680e-01,BORIS,L2/dt-1e-10/eps-0.03/ranks-1,,,,,,,,,,,,,,,,,,,,,,,,,,,,,,,,,,,,,,,,,,,,INVALID,time step too long for QACH field extent,,,,,,,,,7.500000000000e-03,36,2.179217080120e-01,BORIS,L2/dt-1e-10/eps-0.03/ranks-1,,,,,,,,,,,,,,,,,,,,,,,,,,,,,,,,,,,,,,,,,,,,,,
1.000000000000e-10,INVALID,time step too long for QACH field extent,,,,,,,,,1.000000000000e-01,2,1,2.500000000000e-02,36,2.463353329804e-01,BORIS,L2/dt-1e-10/eps-0.1/ranks-1,,,,,,,,,,,,,,,,,,,,,,,,,,,,,,,,,,,,,,,,,,,,INVALID,time step too long for QACH field extent,,,,,,,,,2.500000000000e-02,36,2.192185830791e-01,BORIS,L2/dt-1e-10/eps-0.1/ranks-1,,,,,,,,,,,,,,,,,,,,,,,,,,,,,,,,,,,,,,,,,,,,,,
1.000000000000e-13,OK,,4.701483532365e-05,-6.486541146619e-06,8.338149909985e-06,6.486541146619e-06,8.338149909985e-06,8.338149909985e-06,5.804386200000e-07,2.734588700000e-05,1.000000000000e-06,3,1,1.250000000000e-07,48,5.279737462499e+01,BORIS,L3/dt-1e-13/eps-1e-06/ranks-1,4.701483532365e-05,6.189584228028e-06,R52,5.252190000000e+01,-1.386382370809e+00,-1.278870285065e+00,0.000000000000e+00,0.000000000000e+00,0.000000000000e+00,-7.209381448111e-01,-1.386332444921e+00,0.000000000000e+00,0.000000000000e+00,0.000000000000e+00,0.000000000000e+00,0.000000000000e+00,3.851352100262e+00,1.040676316124e+01,0.000000000000e+00,0.000000000000e+00,0.000000000000e+00,0.000000000000e+00,1.329223389160e+00,3.851352100048e+00,0.000000000000e+00,0.000000000000e+00,3.476923965489e-05,4.701483532398e-05,0.000000000000e+00,0.000000000000e+00,1.000000000281e+00,-9.437244490129e-02,-1.072482582862e-08,-1.381566083063e-07,0.000000000000e+00,0.000000000000e+00,0.000000000000e+00,1.000000089210e+00,0.000000000000e+00,0.000000000000e+00,0.000000000000e+00,0.000000000000e+00,0.000000000000e+00,OK,,2.433790000644e-07,6.453186348873e-08,9.976143226064e-08,6.453186348873e-08,9.976143226064e-08,9.976143226064e-08,2.106586500000e-07,2.433790100000e-07,1.250000000000e-07,48,4.715480350005e+01,BORIS,L3/dt-1e-13/eps-1e-06/ranks-1,2.433790000644e-07,2.615406677238e-08,R66,4.693350000000e+01,-1.386352251466e+00,-1.278842272887e+00,0.000000000000e+00,0.000000000000e+00,0.000000000000e+00,-7.209431198628e-01,-1.386352208304e+00,0.000000000000e+00,0.000000000000e+00,0.000000000000e+00,0.000000000000e+00,0.000000000000e+00,3.851352100163e+00,1.040676316098e+01,0.000000000000e+00,0.000000000000e+00,0.000000000000e+00,0.000000000000e+00,1.329223389156e+00,3.851352100046e+00,0.000000000000e+00,0.000000000000e+00,3.257942719001e-09,-4.647403060334e-10,0.000000000000e+00,0.000000000000e+00,1.000000000000e+00,-9.437725251623e-02,-7.485835569393e-08,-1.316382109321e-07,0.000000000000e+00,0.000000000000e+00,0.000000000000e+00,1.000000243379e+00,0.000000000000e+00,0.000000000000e+00,0.000000000000e+00,0.000000000000e+00,0.000000000000e+00,1.931753984987e+02,1.005168733079e+02,8.358089615434e+01
1.000000000000e-13,OK,,3.396860009533e-05,1.891786475669e-05,5.104745066733e-06,1.891786475669e-05,5.104745066733e-06,1.891786475669e-05,1.200716000000e-07,4.401058300000e-05,3.000000000000e-06,3,1,3.750000000000e-07,48,5.444892320805e+01,BORIS,L3/dt-1e-13/eps-3e-06/ranks-1,3.396860009533e-05,4.706636701678e-06,R51,5.420740000000e+01,-1.386346174488e+00,-1.278812836051e+00,0.000000000000e+00,0.000000000000e+00,0.000000000000e+00,-7.209487194906e-01,-1.386348214693e+00,0.000000000000e+00,0.000000000000e+00,0.000000000000e+00,0.000000000000e+00,0.000000000000e+00,3.851352100266e+00,1.040676316126e+01,0.000000000000e+00,0.000000000000e+00,0.000000000000e+00,0.000000000000e+00,1.329223389160e+00,3.851352100052e+00,0.000000000000e+00,0.000000000000e+00,3.396860009539e-05,2.431412654162e-05,0.000000000000e+00,0.000000000000e+00,1.000000000002e+00,-9.439101624605e-02,-1.028378704224e-08,-2.414551773798e-08,0.000000000000e+00,0.000000000000e+00,0.000000000000e+00,1.000000052741e+00,0.000000000000e+00,0.000000000000e+00,0.000000000000e+00,0.000000000000e+00,0.000000000000e+00,OK,,2.975083650691e-08,-2.975083683998e-08,-2.181433061406e-08,2.975083683998e-08,2.181433061406e-08,2.975083683998e-08,7.174896500000e-09,2.121325800000e-08,3.750000000000e-07,48,4.711752650002e+01,BORIS,L3/dt-1e-13/eps-3e-06/ranks-1,2.975083650691e-08,4.581988073701e-09,R16,4.688410000000e+01,-1.386352251960e+00,-1.278842346872e+00,0.000000000000e+00,0.000000000000e+00,0.000000000000e+00,-7.209431160980e-01,-1.386352259680e+00,0.000000000000e+00,0.000000000000e+00,0.000000000000e+00,0.000000000000e+00,0.000000000000e+00,3.851352100163e+00,1.040676316098e+01,0.000000000000e+00,0.000000000000e+00,0.000000000000e+00,0.000000000000e+00,1.329223389156e+00,3.851352100046e+00,0.000000000000e+00,0.000000000000e+00,9.528004785273e-10,1.801988040686e-08,0.000000000000e+00,0.000000000000e+00,1.000000000000e+00,-9.437722348885e-02,2.121325838212e-08,-9.213265090654e-10,0.000000000000e+00,0.000000000000e+00,0.000000000000e+00,1.000000002160e+00,0.000000000000e+00,0.000000000000e+00,0.000000000000e+00,0.000000000000e+00,0.000000000000e+00,1.141769579737e+03,6.358767270461e+02,2.340087879407e+02
1.000000000000e-13,OK,,1.468462052344e-05,-8.368698813471e-06,-2.541946773392e-06,8.368698813471e-06,2.541946773392e-06,8.368698813471e-06,1.050340000000e-08,2.303589200000e-05,1.000000000000e-05,3,1,1.250000000000e-06,48,5.522221854096e+01,BORIS,L3/dt-1e-13/eps-1e-05/ranks-1,1.468462052344e-05,1.542595565320e-06,R52,5.497270000000e+01,-1.386351323038e+00,-1.278841238963e+00,0.000000000000e+00,0.000000000000e+00,0.000000000000e+00,-7.209432986936e-01,-1.386352790425e+00,0.000000000000e+00,0.000000000000e+00,0.000000000000e+00,0.000000000000e+00,0.000000000000e+00,3.851352100252e+00,1.040676316116e+01,0.000000000000e+00,0.000000000000e+00,0.000000000000e+00,0.000000000000e+00,1.329223389160e+00,3.851352100031e+00,0.000000000000e+00,0.000000000000e+00,-7.553271601249e-06,-1.468462052311e-05,0.000000000000e+00,0.000000000000e+00,1.000000000030e+00,-9.437707497027e-02,-1.353122624160e-09,-5.229574249474e-10,0.000000000000e+00,0.000000000000e+00,0.000000000000e+00,9.999999855888e-01,0.000000000000e+00,0.000000000000e+00,0.000000000000e+00,0.000000000000e+00,0.000000000000e+00,OK,,1.123577456801e-08,-6.725714571136e-09,1.532860055437e-09,6.725714571136e-09,1.532860055437e-09,6.725714571136e-09,1.399909200000e-08,1.123577500000e-08,1.250000000000e-06,48,4.731624237518e+01,BORIS,L3/dt-1e-13/eps-1e-05/ranks-1,1.123577456801e-08,1.698205602198e-09,R62,4.709650000000e+01,-1.386352254498e+00,-1.278842324073e+00,0.000000000000e+00,0.000000000000e+00,0.000000000000e+00,-7.209431211090e-01,-1.386352254622e+00,0.000000000000e+00,0.000000000000e+00,0.000000000000e+00,0.000000000000e+00,0.000000000000e+00,3.851352100163e+00,1.040676316098e+01,0.000000000000e+00,0.000000000000e+00,0.000000000000e+00,0.000000000000e+00,1.329223389156e+00,3.851352100046e+00,0.000000000000e+00,0.000000000000e+00,1.163584351418e-09,5.485041385852e-09,0.000000000000e+00,0.000000000000e+00,1.000000000000e+00,-9.437722881626e-02,5.335587808303e-09,1.123577456801e-08,0.000000000000e+00,0.000000000000e+00,0.000000000000e+00,9.999999888000e-01,0.000000000000e+00,0.000000000000e+00,0.000000000000e+00,0.000000000000e+00,0.000000000000e+00,1.306952220744e+03,1.244283967890e+03,1.658303224992e+03
1.000000000000e-13,OK,,1.974444606798e-06,-5.453113482879e-07,-1.319824030723e-06,5.453113482879e-07,1.319824030723e-06,1.319824030723e-06,1.242367100000e-08,1.558897300000e-06,3.000000000000e-05,3,1,3.750000000000e-06,48,5.551271012495e+01,BORIS,L3/dt-1e-13/eps-3e-05/ranks-1,1.974444606798e-06,2.987893629554e-07,R56,5.528960000000e+01,-1.386351764111e+00,-1.278844279502e+00,0.000000000000e+00,0.000000000000e+00,0.000000000000e+00,-7.209427596324e-01,-1.386353420636e+00,0.000000000000e+00,0.000000000000e+00,0.000000000000e+00,0.000000000000e+00,0.000000000000e+00,3.851352100238e+00,1.040676316120e+01,0.000000000000e+00,0.000000000000e+00,0.000000000000e+00,0.000000000000e+00,1.329223389161e+00,3.851352100058e+00,0.000000000000e+00,0.000000000000e+00,-1.133745699510e-06,6.268627945023e-07,0.000000000000e+00,0.000000000000e+00,9.999999999618e-01,-9.437525943541e-02,2.187944630551e-09,1.899883698195e-09,0.000000000000e+00,0.000000000000e+00,0.000000000000e+00,1.000000001238e+00,0.000000000000e+00,0.000000000000e+00,0.000000000000e+00,0.000000000000e+00,0.000000000000e+00,OK,,9.393484434739e-09,-6.957775625223e-09,-3.291113077045e-09,6.957775625223e-09,3.291113077045e-09,6.957775625223e-09,3.524011100000e-10,1.813928000000e-09,3.750000000000e-06,48,4.723507670895e+01,BORIS,L3/dt-1e-13/eps-3e-05/ranks-1,9.393484434739e-09,1.279683342695e-09,R12,4.700950000000e+01,-1.386352257402e+00,-1.278842328773e+00,0.000000000000e+00,0.000000000000e+00,0.000000000000e+00,-7.209431232941e-01,-1.386352259252e+00,0.000000000000e+00,0.000000000000e+00,0.000000000000e+00,0.000000000000e+00,0.000000000000e+00,3.851352100163e+00,1.040676316098e+01,0.000000000000e+00,0.000000000000e+00,0.000000000000e+00,0.000000000000e+00,1.329223389156e+00,3.851352100046e+00,0.000000000000e+00,0.000000000000e+00,1.758525635489e-09,6.308453713587e-09,0.000000000000e+00,0.000000000000e+00,1.000000000000e+00,-9.437722999172e-02,1.043274999082e-09,-7.223185406650e-10,0.000000000000e+00,0.000000000000e+00,0.000000000000e+00,9.999999981861e-01,0.000000000000e+00,0.000000000000e+00,0.000000000000e+00,0.000000000000e+00,0.000000000000e+00,2.101929928681e+02,7.837437963809e+01,4.010266435172e+02
1.000000000000e-13,OK,,1.027232803194e-06,1.774253504110e-07,1.449124252881e-08,1.774253504110e-07,1.449124252881e-08,1.774253504110e-07,1.010323200000e-09,3.022669700000e-07,1.000000000000e-04,3,1,1.250000000000e-05,48,5.473821187508e+01,BORIS,L3/dt-1e-13/eps-0.0001/ranks-1,1.027232803194e-06,9.347862970315e-08,R56,5.451310000000e+01,-1.386352232257e+00,-1.278842604435e+00,0.000000000000e+00,0.000000000000e+00,0.000000000000e+00,-7.209430801941e-01,-1.386352388459e+00,0.000000000000e+00,0.000000000000e+00,0.000000000000e+00,0.000000000000e+00,0.000000000000e+00,3.851352100235e+00,1.040676316121e+01,0.000000000000e+00,0.000000000000e+00,0.000000000000e+00,0.000000000000e+00,1.329223389158e+00,3.851352100057e+00,0.000000000000e+00,0.000000000000e+00,-3.116450417856e-07,7.486126825664e-08,0.000000000000e+00,0.000000000000e+00,1.000000000002e+00,-9.437826111282e-02,-1.359873350029e-10,-3.850550697274e-10,0.000000000000e+00,0.000000000000e+00,0.000000000000e+00,9.999999988982e-01,0.000000000000e+00,0.000000000000e+00,0.000000000000e+00,0.000000000000e+00,0.000000000000e+00,OK,,1.018248441120e-08,-6.763207887178e-09,-1.532453914512e-09,6.763207887178e-09,1.532453914512e-09,6.763207887178e-09,1.242805000000e-09,1.317337800000e-09,1.250000000000e-05,48,4.713704137504e+01,BORIS,L3/dt-1e-13/eps-0.0001/ranks-1,1.018248441120e-08,1.289575314781e-09,R12,4.691350000000e+01,-1.386352257675e+00,-1.278842329562e+00,0.000000000000e+00,0.000000000000e+00,0.000000000000e+00,-7.209431236272e-01,-1.386352258589e+00,0.000000000000e+00,0.000000000000e+00,0.000000000000e+00,0.000000000000e+00,0.000000000000e+00,3.851352100163e+00,1.040676316098e+01,0.000000000000e+00,0.000000000000e+00,0.000000000000e+00,0.000000000000e+00,1.329223389156e+00,3.851352100046e+00,0.000000000000e+00,0.000000000000e+00,1.796117974179e-09,6.718654331035e-09,0.000000000000e+00,0.000000000000e+00,1.000000000000e+00,-9.437723004057e-02,3.482991487972e-10,9.252276266015e-10,0.000000000000e+00,0.000000000000e+00,0.000000000000e+00,1.000000001317e+00,0.000000000000e+00,0.000000000000e+00,0.000000000000e+00,0.000000000000e+00,0.000000000000e+00,1.008823349697e+02,2.623390458652e+01,9.456233816613e+00
1.000000000000e-13,OK,,3.120051884197e-07,-1.460238727432e-07,9.079758620408e-09,1.460238727432e-07,9.079758620408e-09,1.460238727432e-07,7.857137200000e-10,5.260775200000e-07,3.000000000000e-04,3,1,3.750000000000e-05,48,5.333701349981e+01,BORIS,L3/dt-1e-13/eps-0.0003/ranks-1,3.120051884197e-07,4.920928699472e-08,R52,5.311720000000e+01,-1.386352474121e+00,-1.278842572808e+00,0.000000000000e+00,0.000000000000e+00,0.000000000000e+00,-7.209430778579e-01,-1.386352126903e+00,0.000000000000e+00,0.000000000000e+00,0.000000000000e+00,0.000000000000e+00,0.000000000000e+00,3.851352100255e+00,1.040676316122e+01,0.000000000000e+00,0.000000000000e+00,0.000000000000e+00,0.000000000000e+00,1.329223389158e+00,3.851352100042e+00,0.000000000000e+00,0.000000000000e+00,-1.344315085199e-07,-3.120051880866e-07,0.000000000000e+00,0.000000000000e+00,1.000000000001e+00,-9.437693342088e-02,-1.583709193670e-11,-2.144882547354e-10,0.000000000000e+00,0.000000000000e+00,0.000000000000e+00,1.000000000185e+00,0.000000000000e+00,0.000000000000e+00,0.000000000000e+00,0.000000000000e+00,0.000000000000e+00,OK,,9.819484558804e-09,-6.764234940356e-09,-2.332678190090e-09,6.764234940356e-09,2.332678190090e-09,6.764234940356e-09,3.722566700000e-10,4.565168200000e-10,3.750000000000e-05,48,4.734906545794e+01,BORIS,L3/dt-1e-13/eps-0.0003/ranks-1,9.819484558804e-09,1.265180619318e-09,R12,4.713060000000e+01,-1.386352257995e+00,-1.278842329199e+00,0.000000000000e+00,0.000000000000e+00,0.000000000000e+00,-7.209431233782e-01,-1.386352257843e+00,0.000000000000e+00,0.000000000000e+00,0.000000000000e+00,0.000000000000e+00,0.000000000000e+00,3.851352100163e+00,1.040676316098e+01,0.000000000000e+00,0.000000000000e+00,0.000000000000e+00,0.000000000000e+00,1.329223389156e+00,3.851352100045e+00,0.000000000000e+00,0.000000000000e+00,2.028843828692e-09,6.741479284741e-09,0.000000000000e+00,0.000000000000e+00,1.000000000000e+00,-9.437723018441e-02,1.804752468204e-10,1.121520268781e-10,0.000000000000e+00,0.000000000000e+00,0.000000000000e+00,1.000000000457e+00,0.000000000000e+00,0.000000000000e+00,0.000000000000e+00,0.000000000000e+00,0.000000000000e+00,3.177409023368e+01,2.158764058770e+01,3.892418019332e+00
1.000000000000e-13,OK,,1.206864843617e-07,-8.786759054391e-09,-4.047139342747e-09,8.786759054391e-09,4.047139342747e-09,8.786759054391e-09,2.437732200000e-10,1.165985200000e-07,1.000000000000e-03,3,1,1.250000000000e-04,48,5.192053504218e+01,BORIS,L3/dt-1e-13/eps-0.001/ranks-1,1.206864843617e-07,1.671365677645e-08,R12,5.168190000000e+01,-1.386352305190e+00,-1.278842440066e+00,0.000000000000e+00,0.000000000000e+00,0.000000000000e+00,-7.209431028973e-01,-1.386352249215e+00,0.000000000000e+00,0.000000000000e+00,0.000000000000e+00,0.000000000000e+00,0.000000000000e+00,3.851352100283e+00,1.040676316132e+01,0.000000000000e+00,0.000000000000e+00,0.000000000000e+00,0.000000000000e+00,1.329223389160e+00,3.851352100056e+00,0.000000000000e+00,0.000000000000e+00,-9.940120094689e-08,-1.095816162550e-07,0.000000000000e+00,0.000000000000e+00,1.000000000003e+00,-9.437727596519e-02,-5.878681280010e-12,-1.167196561311e-10,0.000000000000e+00,0.000000000000e+00,0.000000000000e+00,1.000000000107e+00,0.000000000000e+00,0.000000000000e+00,0.000000000000e+00,0.000000000000e+00,0.000000000000e+00,OK,,9.789484556322e-09,-6.695591812363e-09,-2.047125608516e-09,6.695591812363e-09,2.047125608516e-09,6.695591812363e-09,1.887157100000e-12,1.184746100000e-10,1.250000000000e-04,48,4.711582608405e+01,BORIS,L3/dt-1e-13/eps-0.001/ranks-1,9.789484556322e-09,1.255895228699e-09,R12,4.687930000000e+01,-1.386352257974e+00,-1.278842329169e+00,0.000000000000e+00,0.000000000000e+00,0.000000000000e+00,-7.209431233768e-01,-1.386352257865e+00,0.000000000000e+00,0.000000000000e+00,0.000000000000e+00,0.000000000000e+00,0.000000000000e+00,3.851352100163e+00,1.040676316098e+01,0.000000000000e+00,0.000000000000e+00,0.000000000000e+00,0.000000000000e+00,1.329223389156e+00,3.851352100046e+00,0.000000000000e+00,0.000000000000e+00,2.023308824116e-09,6.710037715650e-09,0.000000000000e+00,0.000000000000e+00,1.000000000000e+00,-9.437723018808e-02,1.056664197340e-10,1.184746141166e-10,0.000000000000e+00,0.000000000000e+00,0.000000000000e+00,1.000000000061e+00,0.000000000000e+00,0.000000000000e+00,0.000000000000e+00,0.000000000000e+00,0.000000000000e+00,1.232817557118e+01,1.312320001074e+00,1.976986329471e+00
1.000000000000e-13,OK,,3.141952846124e-08,3.141952812817e-08,5.997218999248e-10,3.141952812817e-08,5.997218999248e-10,3.141952812817e-08,3.581747100000e-10,2.836224400000e-08,3.000000000000e-03,3,1,3.750000000000e-04,48,5.137806162494e+01,BORIS,L3/dt-1e-13/eps-0.003/ranks-1,3.141952846124e-08,3.845345510928e-09,R16,5.115760000000e+01,-1.386352245774e+00,-1.278842302773e+00,0.000000000000e+00,0.000000000000e+00,0.000000000000e+00,-7.209431279330e-01,-1.386352260359e+00,0.000000000000e+00,0.000000000000e+00,0.000000000000e+00,0.000000000000e+00,0.000000000000e+00,3.851352100239e+00,1.040676316120e+01,0.000000000000e+00,0.000000000000e+00,0.000000000000e+00,0.000000000000e+00,1.329223389160e+00,3.851352100057e+00,0.000000000000e+00,0.000000000000e+00,-8.529555032934e-09,-1.442663488440e-08,0.000000000000e+00,0.000000000000e+00,1.000000000005e+00,-9.437725597465e-02,-3.322912791373e-11,-2.866851609288e-11,0.000000000000e+00,0.000000000000e+00,0.000000000000e+00,9.999999999477e-01,0.000000000000e+00,0.000000000000e+00,0.000000000000e+00,0.000000000000e+00,0.000000000000e+00,OK,,9.841484516215e-09,-6.720773569938e-09,-2.029719017472e-09,6.720773569938e-09,2.029719017472e-09,6.720773569938e-09,9.094058800000e-12,4.674480300000e-11,3.750000000000e-04,48,4.721758479206e+01,BORIS,L3/dt-1e-13/eps-0.003/ranks-1,9.841484516215e-09,1.260643476751e-09,R12,4.699650000000e+01,-1.386352257980e+00,-1.278842329221e+00,0.000000000000e+00,0.000000000000e+00,0.000000000000e+00,-7.209431233631e-01,-1.386352257921e+00,0.000000000000e+00,0.000000000000e+00,0.000000000000e+00,0.000000000000e+00,0.000000000000e+00,3.851352100163e+00,1.040676316098e+01,0.000000000000e+00,0.000000000000e+00,0.000000000000e+00,0.000000000000e+00,1.329223389156e+00,3.851352100046e+00,0.000000000000e+00,0.000000000000e+00,2.026612701821e-09,6.708471991364e-09,0.000000000000e+00,0.000000000000e+00,1.000000000000e+00,-9.437723016095e-02,1.359609772725e-11,4.674480342527e-11,0.000000000000e+00,0.000000000000e+00,0.000000000000e+00,1.000000000002e+00,0.000000000000e+00,0.000000000000e+00,0.000000000000e+00,0.000000000000e+00,0.000000000000e+00,3.192559863248e+00,4.674986859952e+00,2.954704048996e-01
1.000000000000e-13,OK,,1.624005909783e-08,-1.624005943090e-08,2.512651801866e-09,1.624005943090e-08,2.512651801866e-09,1.624005943090e-08,1.586003600000e-10,1.835753500000e-08,1.000000000000e-02,3,1,1.250000000000e-03,48,5.146732333279e+01,BORIS,L3/dt-1e-13/eps-0.01/ranks-1,1.624005909783e-08,1.973342295440e-09,R16,5.124660000000e+01,-1.386352261625e+00,-1.278842332757e+00,0.000000000000e+00,0.000000000000e+00,0.000000000000e+00,-7.209431225289e-01,-1.386352255216e+00,0.000000000000e+00,0.000000000000e+00,0.000000000000e+00,0.000000000000e+00,0.000000000000e+00,3.851352100244e+00,1.040676316123e+01,0.000000000000e+00,0.000000000000e+00,0.000000000000e+00,0.000000000000e+00,1.329223389159e+00,3.851352100062e+00,0.000000000000e+00,0.000000000000e+00,3.885651375558e-09,7.368308423041e-09,0.000000000000e+00,0.000000000000e+00,1.000000000005e+00,-9.437723218351e-02,4.803047281381e-12,1.997686714144e-11,0.000000000000e+00,0.000000000000e+00,0.000000000000e+00,1.000000000009e+00,0.000000000000e+00,0.000000000000e+00,0.000000000000e+00,0.000000000000e+00,0.000000000000e+00,OK,,9.824484559218e-09,-6.705847031581e-09,-2.021414462159e-09,6.705847031581e-09,2.021414462159e-09,6.705847031581e-09,8.400835600000e-12,1.184696200000e-11,1.250000000000e-03,48,4.718711066688e+01,BORIS,L3/dt-1e-13/eps-0.01/ranks-1,9.824484559218e-09,1.258769394599e-09,R12,4.696660000000e+01,-1.386352257977e+00,-1.278842329204e+00,0.000000000000e+00,0.000000000000e+00,0.000000000000e+00,-7.209431233680e-01,-1.386352257909e+00,0.000000000000e+00,0.000000000000e+00,0.000000000000e+00,0.000000000000e+00,0.000000000000e+00,3.851352100163e+00,1.040676316098e+01,0.000000000000e+00,0.000000000000e+00,0.000000000000e+00,0.000000000000e+00,1.329223389156e+00,3.851352100046e+00,0.000000000000e+00,0.000000000000e+00,2.026322540849e-09,6.707220374910e-09,0.000000000000e+00,0.000000000000e+00,1.000000000000e+00,-9.437723016538e-02,1.179569696036e-12,1.184696230544e-11,0.000000000000e+00,0.000000000000e+00,0.000000000000e+00,9.999999999993e-01,0.000000000000e+00,0.000000000000e+00,0.000000000000e+00,0.000000000000e+00,0.000000000000e+00,1.653018944652e+00,2.421776004495e+00,1.243016634591e+00
1.000000000000e-13,OK,,9.118535296244e-09,-5.625266258005e-09,-2.407758203606e-09,5.625266258005e-09,2.407758203606e-09,5.625266258005e-09,1.966965500000e-10,4.398596900000e-09,3.000000000000e-02,3,1,3.750000000000e-03,48,4.876164833293e+01,BORIS,L3/dt-1e-13/eps-0.03/ranks-1,9.118535296244e-09,1.253171302130e-09,R52,4.853820000000e+01,-1.386352254787e+00,-1.278842325042e+00,0.000000000000e+00,0.000000000000e+00,0.000000000000e+00,-7.209431239460e-01,-1.386352259327e+00,0.000000000000e+00,0.000000000000e+00,0.000000000000e+00,0.000000000000e+00,0.000000000000e+00,3.851352100245e+00,1.040676316125e+01,0.000000000000e+00,0.000000000000e+00,0.000000000000e+00,0.000000000000e+00,1.329223389160e+00,3.851352100068e+00,0.000000000000e+00,0.000000000000e+00,3.268215938765e-09,9.118535629311e-09,0.000000000000e+00,0.000000000000e+00,1.000000000004e+00,-9.437722772321e-02,-3.152732544427e-12,-5.098679612853e-12,0.000000000000e+00,0.000000000000e+00,0.000000000000e+00,1.000000000003e+00,0.000000000000e+00,0.000000000000e+00,0.000000000000e+00,0.000000000000e+00,0.000000000000e+00,OK,,9.837484382658e-09,-6.710636143228e-09,-2.029062961171e-09,6.710636143228e-09,2.029062961171e-09,6.710636143228e-09,4.578559800000e-12,4.461320200000e-12,3.750000000000e-03,48,4.714224674995e+01,BORIS,L3/dt-1e-13/eps-0.03/ranks-1,9.837484382658e-09,1.260023844126e-09,R12,4.691850000000e+01,-1.386352257982e+00,-1.278842329217e+00,0.000000000000e+00,0.000000000000e+00,0.000000000000e+00,-7.209431233687e-01,-1.386352257917e+00,0.000000000000e+00,0.000000000000e+00,0.000000000000e+00,0.000000000000e+00,0.000000000000e+00,3.851352100163e+00,1.040676316098e+01,0.000000000000e+00,0.000000000000e+00,0.000000000000e+00,0.000000000000e+00,1.329223389156e+00,3.851352100046e+00,0.000000000000e+00,0.000000000000e+00,2.027654130281e-09,6.710829273187e-09,0.000000000000e+00,0.000000000000e+00,1.000000000000e+00,-9.437723016589e-02,3.579244615359e-13,7.040810906830e-13,0.000000000000e+00,0.000000000000e+00,0.000000000000e+00,9.999999999955e-01,0.000000000000e+00,0.000000000000e+00,0.000000000000e+00,0.000000000000e+00,0.000000000000e+00,9.269173847248e-01,8.382612524271e-01,1.186635530628e+00
1.000000000000e-13,OK,,1.080848455182e-08,-8.019948440466e-09,-2.470232022780e-09,8.019948440466e-09,2.470232022780e-09,8.019948440466e-09,5.449978200000e-10,5.381568500000e-10,1.000000000000e-01,3,1,1.250000000000e-02,48,4.888810187508e+01,BORIS,L3/dt-1e-13/eps-0.1/ranks-1,1.080848455182e-08,1.479901911132e-09,R12,4.863560000000e+01,-1.386352258563e+00,-1.278842330188e+00,0.000000000000e+00,0.000000000000e+00,0.000000000000e+00,-7.209431237105e-01,-1.386352258545e+00,0.000000000000e+00,0.000000000000e+00,0.000000000000e+00,0.000000000000e+00,0.000000000000e+00,3.851352100248e+00,1.040676316123e+01,0.000000000000e+00,0.000000000000e+00,0.000000000000e+00,0.000000000000e+00,1.329223389150e+00,3.851352100030e+00,0.000000000000e+00,0.000000000000e+00,2.725218817410e-09,8.229287894243e-09,0.000000000000e+00,0.000000000000e+00,1.000000000004e+00,-9.437722871100e-02,8.392094557103e-14,-3.632003685341e-13,0.000000000000e+00,0.000000000000e+00,0.000000000000e+00,1.000000000001e+00,0.000000000000e+00,0.000000000000e+00,0.000000000000e+00,0.000000000000e+00,0.000000000000e+00,OK,,9.834484560045e-09,-6.714994740616e-09,-2.032159697794e-09,6.714994740616e-09,2.032159697794e-09,6.714994740616e-09,1.422861800000e-12,2.122524400000e-12,1.250000000000e-02,48,4.720049587497e+01,BORIS,L3/dt-1e-13/eps-0.1/ranks-1,9.834484560045e-09,1.258840894896e-09,R12,4.697870000000e+01,-1.386352257978e+00,-1.278842329214e+00,0.000000000000e+00,0.000000000000e+00,0.000000000000e+00,-7.209431233687e-01,-1.386352257918e+00,0.000000000000e+00,0.000000000000e+00,0.000000000000e+00,0.000000000000e+00,0.000000000000e+00,3.851352100144e+00,1.040676316093e+01,0.000000000000e+00,0.000000000000e+00,0.000000000000e+00,0.000000000000e+00,1.329223389147e+00,3.851352100026e+00,0.000000000000e+00,0.000000000000e+00,2.025858940960e-09,6.709169599949e-09,0.000000000000e+00,0.000000000000e+00,1.000000000000e+00,-9.437723016585e-02,-7.587208565855e-13,-1.013694651962e-12,0.000000000000e+00,0.000000000000e+00,0.000000000000e+00,9.999999999979e-01,0.000000000000e+00,0.000000000000e+00,0.000000000000e+00,0.000000000000e+00,0.000000000000e+00,1.099039251709e+00,1.194334284725e+00,1.215569832165e+00
3.000000000000e-13,OK,,2.676197774233e-05,-5.808322387851e-06,-8.972008280862e-06,5.808322387851e-06,8.972008280862e-06,8.972008280862e-06,1.801602200000e-07,2.334883800000e-05,1.000000000000e-06,3,1,1.250000000000e-07,48,1.830834362516e+01,BORIS,L3/dt-3e-13/eps-1e-06/ranks-1,2.676197774233e-05,3.186808828990e-06,R52,1.808820000000e+01,-1.386340171184e+00,-1.278830665537e+00,0.000000000000e+00,0.000000000000e+00,0.000000000000e+00,-7.209455531502e-01,-1.386360649648e+00,0.000000000000e+00,0.000000000000e+00,0.000000000000e+00,0.000000000000e+00,0.000000000000e+00,3.851352078927e+00,1.040676311823e+01,0.000000000000e+00,0.000000000000e+00,0.000000000000e+00,0.000000000000e+00,1.329223378795e+00,3.851352078533e+00,0.000000000000e+00,0.000000000000e+00,-1.702320952189e-05,-2.676197774200e-05,0.000000000000e+00,0.000000000000e+00,1.000000000281e+00,-9.438192213477e-02,-3.681884510537e-08,-8.592937818252e-08,0.000000000000e+00,0.000000000000e+00,0.000000000000e+00,1.000000001073e+00,7.377681306598e-05,6.782187587680e-07,-1.731015819085e-05,0.000000000000e+00,0.000000000000e+00,OK,,5.054348450884e-08,-3.532110913210e-08,-7.328480461488e-10,3.532110913210e-08,7.328480461488e-10,3.532110913210e-08,4.581249100000e-08,5.488408900000e-08,1.250000000000e-07,48,1.703969183308e+01,BORIS,L3/dt-3e-13/eps-1e-06/ranks-1,5.054348450884e-08,8.998412463104e-09,R12,1.681910000000e+01,-1.386352254569e+00,-1.278842369923e+00,0.000000000000e+00,0.000000000000e+00,0.000000000000e+00,-7.209430851604e-01,-1.386352207663e+00,0.000000000000e+00,0.000000000000e+00,0.000000000000e+00,0.000000000000e+00,0.000000000000e+00,3.851352078236e+00,1.040676311624e+01,0.000000000000e+00,0.000000000000e+00,0.000000000000e+00,0.000000000000e+00,1.329223378795e+00,3.851352078536e+00,0.000000000000e+00,0.000000000000e+00,5.985415240285e-09,3.563281911027e-08,0.000000000000e+00,0.000000000000e+00,1.000000000000e+00,-9.437721697367e-02,7.512822800643e-09,-4.166003323789e-09,0.000000000000e+00,0.000000000000e+00,0.000000000000e+00,1.000000009071e+00,2.343080001133e-07,-9.985297262083e-08,-1.004942803068e-07,0.000000000000e+00,0.000000000000e+00,5.294842253634e+02,1.644433748139e+02,1.224265839011e+04
3.000000000000e-13,OK,,1.224441031121e-05,1.187743039843e-06,1.014216194458e-06,1.187743039843e-06,1.014216194458e-06,1.187743039843e-06,9.288971800000e-08,1.189558000000e-05,3.000000000000e-06,3,1,3.750000000000e-07,48,1.820257745800e+01,BORIS,L3/dt-3e-13/eps-3e-06/ranks-1,1.224441031121e-05,1.446349633527e-06,R52,1.798070000000e+01,-1.386354682995e+00,-1.278844299650e+00,0.000000000000e+00,0.000000000000e+00,0.000000000000e+00,-7.209427351925e-01,-1.386350427544e+00,0.000000000000e+00,0.000000000000e+00,0.000000000000e+00,0.000000000000e+00,0.000000000000e+00,3.851352078928e+00,1.040676311824e+01,0.000000000000e+00,0.000000000000e+00,0.000000000000e+00,0.000000000000e+00,1.329223378795e+00,3.851352078534e+00,0.000000000000e+00,0.000000000000e+00,-5.450603842419e-06,-1.224441031088e-05,0.000000000000e+00,0.000000000000e+00,1.000000000002e+00,-9.438789601373e-02,-1.257205903667e-08,-8.190514242642e-09,0.000000000000e+00,0.000000000000e+00,0.000000000000e+00,1.000000006886e+00,3.941920393781e-05,-1.773012171685e-05,-4.090528872275e-06,0.000000000000e+00,0.000000000000e+00,OK,,4.173340961700e-08,-1.964300231165e-08,-1.035312572820e-08,1.964300231165e-08,1.035312572820e-08,1.964300231165e-08,3.816722600000e-08,2.505384300000e-08,3.750000000000e-07,48,1.703833445907e+01,BORIS,L3/dt-3e-13/eps-3e-06/ranks-1,4.173340961700e-08,6.982974023575e-09,R34,1.682030000000e+01,-1.386352274155e+00,-1.278842355253e+00,0.000000000000e+00,0.000000000000e+00,0.000000000000e+00,-7.209431402692e-01,-1.386352288945e+00,0.000000000000e+00,0.000000000000e+00,0.000000000000e+00,0.000000000000e+00,0.000000000000e+00,3.851352078242e+00,1.040676311625e+01,0.000000000000e+00,0.000000000000e+00,0.000000000000e+00,0.000000000000e+00,1.329223378798e+00,3.851352078543e+00,0.000000000000e+00,0.000000000000e+00,-3.137001954549e-09,1.804613514441e-08,0.000000000000e+00,0.000000000000e+00,1.000000000000e+00,-9.437722029605e-02,-4.689483532925e-09,1.662361174391e-08,0.000000000000e+00,0.000000000000e+00,0.000000000000e+00,1.000000013113e+00,4.473000103644e-08,1.010783452833e-08,1.146120488586e-08,0.000000000000e+00,0.000000000000e+00,2.933958769145e+02,6.046647151991e+01,9.796231795925e+01
3.000000000000e-13,OK,,4.360734546807e-06,-3.699951075287e-07,-3.529601476144e-07,3.699951075287e-07,3.529601476144e-07,3.699951075287e-07,2.015887700000e-08,2.322038200000e-06,1.000000000000e-05,3,1,1.250000000000e-06,48,1.812719704187e+01,BORIS,L3/dt-3e-13/eps-1e-05/ranks-1,4.360734546807e-06,4.255374487374e-07,R56,1.790780000000e+01,-1.386352035021e+00,-1.278842862632e+00,0.000000000000e+00,0.000000000000e+00,0.000000000000e+00,-7.209430061810e-01,-1.386352638738e+00,0.000000000000e+00,0.000000000000e+00,0.000000000000e+00,0.000000000000e+00,0.000000000000e+00,3.851352078927e+00,1.040676311824e+01,0.000000000000e+00,0.000000000000e+00,0.000000000000e+00,0.000000000000e+00,1.329223378795e+00,3.851352078537e+00,0.000000000000e+00,0.000000000000e+00,1.134961694188e-06,2.383449452535e-06,0.000000000000e+00,0.000000000000e+00,1.000000000052e+00,-9.437287314547e-02,8.260218102823e-10,1.609494802982e-09,0.000000000000e+00,0.000000000000e+00,0.000000000000e+00,9.999999956364e-01,1.706806997565e-05,7.998703705942e-06,2.188986625778e-06,0.000000000000e+00,0.000000000000e+00,OK,,4.282348453621e-08,-2.148034205278e-08,-6.808910159052e-09,2.148034205278e-08,6.808910159052e-09,2.148034205278e-08,2.537075400000e-09,2.746861400000e-09,1.250000000000e-06,48,1.710481191706e+01,BORIS,L3/dt-3e-13/eps-1e-05/ranks-1,4.282348453621e-08,6.363596166595e-09,R12,1.687010000000e+01,-1.386352267909e+00,-1.278842362203e+00,0.000000000000e+00,0.000000000000e+00,0.000000000000e+00,-7.209431259997e-01,-1.386352265590e+00,0.000000000000e+00,0.000000000000e+00,0.000000000000e+00,0.000000000000e+00,0.000000000000e+00,3.851352078242e+00,1.040676311625e+01,0.000000000000e+00,0.000000000000e+00,0.000000000000e+00,0.000000000000e+00,1.329223378798e+00,3.851352078542e+00,0.000000000000e+00,0.000000000000e+00,3.425360212904e-09,2.313637559777e-08,0.000000000000e+00,0.000000000000e+00,1.000000000000e+00,-9.437722153019e-02,-4.998373372858e-10,1.652221863101e-09,0.000000000000e+00,0.000000000000e+00,0.000000000000e+00,1.000000000210e+00,4.473000103644e-08,-1.475462748164e-08,-8.341770214489e-09,0.000000000000e+00,0.000000000000e+00,1.018304464019e+02,1.722482382355e+01,5.183797984838e+01
3.000000000000e-13,OK,,1.367540766059e-06,2.665567068310e-07,-7.191678356772e-08,2.665567068310e-07,7.191678356772e-08,2.665567068310e-07,1.101302700000e-08,9.056568900000e-07,3.000000000000e-05,3,1,3.750000000000e-06,48,1.823148816708e+01,BORIS,L3/dt-3e-13/eps-3e-05/ranks-1,1.367540766059e-06,1.433142715325e-07,R52,1.799050000000e+01,-1.386352163665e+00,-1.278841703203e+00,0.000000000000e+00,0.000000000000e+00,0.000000000000e+00,-7.209432497455e-01,-1.386352150242e+00,0.000000000000e+00,0.000000000000e+00,0.000000000000e+00,0.000000000000e+00,0.000000000000e+00,3.851352078932e+00,1.040676311826e+01,0.000000000000e+00,0.000000000000e+00,0.000000000000e+00,0.000000000000e+00,1.329223378795e+00,3.851352078537e+00,0.000000000000e+00,0.000000000000e+00,-6.418010774178e-07,-1.367540765726e-06,0.000000000000e+00,0.000000000000e+00,1.000000000001e+00,-9.437774235238e-02,1.400455777253e-09,3.944084634901e-09,0.000000000000e+00,0.000000000000e+00,0.000000000000e+00,1.000000001339e+00,2.576299000134e-06,8.118680551189e-07,1.247907247155e-06,0.000000000000e+00,0.000000000000e+00,OK,,4.617148441355e-08,-2.135836411749e-08,-5.340502371374e-09,2.135836411749e-08,5.340502371374e-09,2.135836411749e-08,2.395885000000e-09,2.391665200000e-09,3.750000000000e-06,48,1.708041699999e+01,BORIS,L3/dt-3e-13/eps-3e-05/ranks-1,4.617148441355e-08,6.562118261704e-09,R12,1.686000000000e+01,-1.386352268705e+00,-1.278842365551e+00,0.000000000000e+00,0.000000000000e+00,0.000000000000e+00,-7.209431271326e-01,-1.386352269681e+00,0.000000000000e+00,0.000000000000e+00,0.000000000000e+00,0.000000000000e+00,0.000000000000e+00,3.851352078242e+00,1.040676311625e+01,0.000000000000e+00,0.000000000000e+00,0.000000000000e+00,0.000000000000e+00,1.329223378798e+00,3.851352078543e+00,0.000000000000e+00,0.000000000000e+00,5.641504921609e-09,2.269313047139e-08,0.000000000000e+00,0.000000000000e+00,1.000000000000e+00,-9.437722261211e-02,-4.113484365606e-10,7.780951751736e-11,0.000000000000e+00,0.000000000000e+00,0.000000000000e+00,1.000000002230e+00,4.473000103644e-08,-1.440058849227e-08,-2.049389294329e-09,0.000000000000e+00,0.000000000000e+00,2.961873076919e+01,1.248020238651e+01,1.346629559669e+01
3.000000000000e-13,OK,,2.458408982564e-07,-5.415875558850e-08,-1.586155927235e-08,5.415875558850e-08,1.586155927235e-08,5.415875558850e-08,4.901408200000e-09,1.911487900000e-07,1.000000000000e-04,3,1,1.250000000000e-05,48,1.820846262504e+01,BORIS,L3/dt-3e-13/eps-0.0001/ranks-1,2.458408982564e-07,2.552992917306e-08,R52,1.798960000000e+01,-1.386352215873e+00,-1.278842219581e+00,0.000000000000e+00,0.000000000000e+00,0.000000000000e+00,-7.209431561177e-01,-1.386352276410e+00,0.000000000000e+00,0.000000000000e+00,0.000000000000e+00,0.000000000000e+00,0.000000000000e+00,3.851352078926e+00,1.040676311823e+01,0.000000000000e+00,0.000000000000e+00,0.000000000000e+00,0.000000000000e+00,1.329223378795e+00,3.851352078531e+00,0.000000000000e+00,0.000000000000e+00,1.113614944370e-07,2.458408985895e-07,0.000000000000e+00,0.000000000000e+00,9.999999999899e-01,-9.437716495473e-02,6.174559693963e-10,1.129198073128e-09,0.000000000000e+00,0.000000000000e+00,0.000000000000e+00,1.000000000492e+00,1.096158089992e-06,-2.315841059995e-07,-3.035280180116e-08,0.000000000000e+00,0.000000000000e+00,OK,,4.455348445731e-08,-2.122102225684e-08,-6.245329698027e-09,2.122102225684e-08,6.245329698027e-09,2.122102225684e-08,1.072768800000e-09,7.569347400000e-10,1.250000000000e-05,48,1.696615900006e+01,BORIS,L3/dt-3e-13/eps-0.0001/ranks-1,4.455348445731e-08,6.452711904064e-09,R12,1.674370000000e+01,-1.386352268457e+00,-1.278842363933e+00,0.000000000000e+00,0.000000000000e+00,0.000000000000e+00,-7.209431275161e-01,-1.386352269867e+00,0.000000000000e+00,0.000000000000e+00,0.000000000000e+00,0.000000000000e+00,0.000000000000e+00,3.851352078236e+00,1.040676311624e+01,0.000000000000e+00,0.000000000000e+00,0.000000000000e+00,0.000000000000e+00,1.329223378795e+00,3.851352078536e+00,0.000000000000e+00,0.000000000000e+00,6.067538660361e-09,2.137735870752e-08,0.000000000000e+00,0.000000000000e+00,1.000000000000e+00,-9.437722322579e-02,-1.088042467526e-10,-1.341671346844e-10,0.000000000000e+00,0.000000000000e+00,0.000000000000e+00,1.000000000315e+00,4.474000014909e-08,-1.445781436966e-08,-4.712875783515e-09,0.000000000000e+00,0.000000000000e+00,5.517882635913e+00,2.552127552246e+00,2.539747305472e+00
3.000000000000e-13,OK,,1.830080867959e-07,2.788361036773e-08,-3.691137970584e-08,2.788361036773e-08,3.691137970584e-08,3.691137970584e-08,1.709035100000e-10,2.065596000000e-07,3.000000000000e-04,3,1,3.750000000000e-05,48,1.815653729090e+01,BORIS,L3/dt-3e-13/eps-0.0003/ranks-1,1.830080867959e-07,2.009785547699e-08,R56,1.793600000000e+01,-1.386352270752e+00,-1.278842355868e+00,0.000000000000e+00,0.000000000000e+00,0.000000000000e+00,-7.209431279112e-01,-1.386352263355e+00,0.000000000000e+00,0.000000000000e+00,0.000000000000e+00,0.000000000000e+00,0.000000000000e+00,3.851352078930e+00,1.040676311823e+01,0.000000000000e+00,0.000000000000e+00,0.000000000000e+00,0.000000000000e+00,1.329223378795e+00,3.851352078531e+00,0.000000000000e+00,0.000000000000e+00,7.302792198482e-08,1.207367848274e-07,0.000000000000e+00,0.000000000000e+00,1.000000000000e+00,-9.437705087193e-02,-1.945863417217e-10,-3.976185383659e-10,0.000000000000e+00,0.000000000000e+00,0.000000000000e+00,9.999999999503e-01,4.327419729140e-07,1.739074831109e-07,-4.599113832625e-08,0.000000000000e+00,0.000000000000e+00,OK,,4.296348454780e-08,-2.068001114711e-08,-6.247764083853e-09,2.068001114711e-08,6.247764083853e-09,2.068001114711e-08,3.150173500000e-10,3.064964100000e-10,3.750000000000e-05,48,1.698914808407e+01,BORIS,L3/dt-3e-13/eps-0.0003/ranks-1,4.296348454780e-08,6.315408949894e-09,R12,1.676870000000e+01,-1.386352268103e+00,-1.278842362343e+00,0.000000000000e+00,0.000000000000e+00,0.000000000000e+00,-7.209431267848e-01,-1.386352267990e+00,0.000000000000e+00,0.000000000000e+00,0.000000000000e+00,0.000000000000e+00,0.000000000000e+00,3.851352078242e+00,1.040676311625e+01,0.000000000000e+00,0.000000000000e+00,0.000000000000e+00,0.000000000000e+00,1.329223378798e+00,3.851352078543e+00,0.000000000000e+00,0.000000000000e+00,6.184178614588e-09,2.080193411826e-08,0.000000000000e+00,0.000000000000e+00,1.000000000000e+00,-9.437722358376e-02,-1.280105278146e-10,-3.064964056906e-10,0.000000000000e+00,0.000000000000e+00,0.000000000000e+00,9.999999999400e-01,4.473000103644e-08,-1.391577620675e-08,-3.915085893763e-09,0.000000000000e+00,0.000000000000e+00,4.259619272554e+00,1.348336331609e+00,5.907934296245e+00
3.000000000000e-13,OK,,5.686648441028e-08,-2.107186407461e-08,1.822213682348e-09,2.107186407461e-08,1.822213682348e-09,2.107186407461e-08,2.825697500000e-10,6.407900300000e-08,1.000000000000e-03,3,1,1.250000000000e-04,48,1.812585304189e+01,BORIS,L3/dt-3e-13/eps-0.001/ranks-1,5.686648441028e-08,7.483467459646e-09,R12,1.790680000000e+01,-1.386352279898e+00,-1.278842376246e+00,0.000000000000e+00,0.000000000000e+00,0.000000000000e+00,-7.209431244161e-01,-1.386352261624e+00,0.000000000000e+00,0.000000000000e+00,0.000000000000e+00,0.000000000000e+00,0.000000000000e+00,3.851352078931e+00,1.040676311825e+01,0.000000000000e+00,0.000000000000e+00,0.000000000000e+00,0.000000000000e+00,1.329223378795e+00,3.851352078536e+00,0.000000000000e+00,0.000000000000e+00,-1.466844573674e-08,-3.254417310801e-08,0.000000000000e+00,0.000000000000e+00,9.999999999980e-01,-9.437724793081e-02,1.929065188415e-11,9.028689422685e-11,0.000000000000e+00,0.000000000000e+00,0.000000000000e+00,1.000000000007e+00,8.473275521015e-08,-1.228510502022e-08,5.869353025095e-09,0.000000000000e+00,0.000000000000e+00,OK,,4.327048452879e-08,-2.091368943728e-08,-6.495095128426e-09,2.091368943728e-08,6.495095128426e-09,2.091368943728e-08,8.667899700000e-11,1.302813300000e-10,1.250000000000e-04,48,1.696156324982e+01,BORIS,L3/dt-3e-13/eps-0.001/ranks-1,4.327048452879e-08,6.341776023917e-09,R12,1.673430000000e+01,-1.386352268092e+00,-1.278842362650e+00,0.000000000000e+00,0.000000000000e+00,0.000000000000e+00,-7.209431268190e-01,-1.386352268386e+00,0.000000000000e+00,0.000000000000e+00,0.000000000000e+00,0.000000000000e+00,0.000000000000e+00,3.851352078244e+00,1.040676311625e+01,0.000000000000e+00,0.000000000000e+00,0.000000000000e+00,0.000000000000e+00,1.329223378799e+00,3.851352078545e+00,0.000000000000e+00,0.000000000000e+00,6.120168759255e-09,2.081595785043e-08,0.000000000000e+00,0.000000000000e+00,1.000000000000e+00,-9.437722356600e-02,-9.964690936684e-12,1.972380255293e-11,0.000000000000e+00,0.000000000000e+00,0.000000000000e+00,9.999999998995e-01,4.473000103644e-08,-1.421809762492e-08,-4.447969519910e-09,0.000000000000e+00,0.000000000000e+00,1.314209559462e+00,1.007563210585e+00,2.805522700311e-01
3.000000000000e-13,OK,,3.975340945317e-08,-2.031905995158e-08,-7.907696750524e-09,2.031905995158e-08,7.907696750524e-09,2.031905995158e-08,1.563570400000e-10,1.197971600000e-08,3.000000000000e-03,3,1,3.750000000000e-04,48,1.811238758289e+01,BORIS,L3/dt-3e-13/eps-0.003/ranks-1,3.975340945317e-08,6.486341674902e-09,R34,1.789250000000e+01,-1.386352265118e+00,-1.278842356499e+00,0.000000000000e+00,0.000000000000e+00,0.000000000000e+00,-7.209431278393e-01,-1.386352268987e+00,0.000000000000e+00,0.000000000000e+00,0.000000000000e+00,0.000000000000e+00,0.000000000000e+00,3.851352078923e+00,1.040676311823e+01,0.000000000000e+00,0.000000000000e+00,0.000000000000e+00,0.000000000000e+00,1.329223378792e+00,3.851352078528e+00,0.000000000000e+00,0.000000000000e+00,1.046929087855e-08,3.003533922287e-08,0.000000000000e+00,0.000000000000e+00,9.999999999984e-01,-9.437721003298e-02,-3.618903939130e-12,1.116547569745e-11,0.000000000000e+00,0.000000000000e+00,0.000000000000e+00,9.999999999906e-01,5.372599987119e-08,-5.173858807975e-08,-8.507418650449e-09,0.000000000000e+00,0.000000000000e+00,OK,,4.319448443368e-08,-2.084199662734e-08,-6.406264629886e-09,2.084199662734e-08,6.406264629886e-09,2.084199662734e-08,2.579592100000e-11,3.421913900000e-11,3.750000000000e-04,48,1.698946499988e+01,BORIS,L3/dt-3e-13/eps-0.003/ranks-1,4.319448443368e-08,6.332564850444e-09,R12,1.676800000000e+01,-1.386352268079e+00,-1.278842362574e+00,0.000000000000e+00,0.000000000000e+00,0.000000000000e+00,-7.209431267897e-01,-1.386352268305e+00,0.000000000000e+00,0.000000000000e+00,0.000000000000e+00,0.000000000000e+00,0.000000000000e+00,3.851352078238e+00,1.040676311624e+01,0.000000000000e+00,0.000000000000e+00,0.000000000000e+00,0.000000000000e+00,1.329223378796e+00,3.851352078538e+00,0.000000000000e+00,0.000000000000e+00,6.132855752562e-09,2.070761983785e-08,0.000000000000e+00,0.000000000000e+00,1.000000000000e+00,-9.437722361364e-02,5.865137629125e-12,3.421913865728e-11,0.000000000000e+00,0.000000000000e+00,0.000000000000e+00,9.999999999967e-01,4.474000014909e-08,-1.412122305740e-08,-4.376545612414e-09,0.000000000000e+00,0.000000000000e+00,9.203353153620e-01,9.749094731608e-01,1.234369356775e+00
3.000000000000e-13,OK,,4.450748436469e-08,-2.025962738050e-08,-5.808235774900e-09,2.025962738050e-08,5.808235774900e-09,2.025962738050e-08,2.658557800000e-10,2.415833000000e-09,1.000000000000e-02,3,1,1.250000000000e-03,48,1.814867416699e+01,BORIS,L3/dt-3e-13/eps-0.01/ranks-1,4.450748436469e-08,6.189556491488e-09,R12,1.792700000000e+01,-1.386352269643e+00,-1.278842363887e+00,0.000000000000e+00,0.000000000000e+00,0.000000000000e+00,-7.209431262918e-01,-1.386352266790e+00,0.000000000000e+00,0.000000000000e+00,0.000000000000e+00,0.000000000000e+00,0.000000000000e+00,3.851352078922e+00,1.040676311822e+01,0.000000000000e+00,0.000000000000e+00,0.000000000000e+00,0.000000000000e+00,1.329223378795e+00,3.851352078533e+00,0.000000000000e+00,0.000000000000e+00,5.393058753448e-09,1.824300709083e-08,0.000000000000e+00,0.000000000000e+00,9.999999999990e-01,-9.437722694256e-02,-2.291605781850e-12,3.415001018955e-12,0.000000000000e+00,0.000000000000e+00,0.000000000000e+00,1.000000000001e+00,4.300999911777e-08,-4.019567949600e-09,-8.320887576766e-09,0.000000000000e+00,0.000000000000e+00,OK,,4.323148439234e-08,-2.085965786263e-08,-6.423213794184e-09,2.085965786263e-08,6.423213794184e-09,2.085965786263e-08,3.549272000000e-12,5.552003300000e-12,1.250000000000e-03,48,1.700644445815e+01,BORIS,L3/dt-3e-13/eps-0.01/ranks-1,4.323148439234e-08,6.335744687823e-09,R12,1.678410000000e+01,-1.386352268100e+00,-1.278842362611e+00,0.000000000000e+00,0.000000000000e+00,0.000000000000e+00,-7.209431268135e-01,-1.386352268343e+00,0.000000000000e+00,0.000000000000e+00,0.000000000000e+00,0.000000000000e+00,0.000000000000e+00,3.851352078236e+00,1.040676311624e+01,0.000000000000e+00,0.000000000000e+00,0.000000000000e+00,0.000000000000e+00,1.329223378795e+00,3.851352078536e+00,0.000000000000e+00,0.000000000000e+00,6.138811718519e-09,2.070842429559e-08,0.000000000000e+00,0.000000000000e+00,1.000000000000e+00,-9.437722362177e-02,-1.617521428281e-12,-1.576552543659e-12,0.000000000000e+00,0.000000000000e+00,0.000000000000e+00,9.999999999944e-01,4.474000014909e-08,-1.415381083105e-08,-4.401799332025e-09,0.000000000000e+00,0.000000000000e+00,1.029515525323e+00,9.712348838087e-01,9.042569593681e-01
3.000000000000e-13,OK,,4.448748436303e-08,-2.071724725490e-08,-6.275633709574e-09,2.071724725490e-08,6.275633709574e-09,2.071724725490e-08,2.178732700000e-10,7.619771600000e-10,3.000000000000e-02,3,1,3.750000000000e-03,48,1.818011566694e+01,BORIS,L3/dt-3e-13/eps-0.03/ranks-1,4.448748436303e-08,6.322239653291e-09,R12,1.794090000000e+01,-1.386352268868e+00,-1.278842363867e+00,0.000000000000e+00,0.000000000000e+00,0.000000000000e+00,-7.209431268714e-01,-1.386352268441e+00,0.000000000000e+00,0.000000000000e+00,0.000000000000e+00,0.000000000000e+00,0.000000000000e+00,3.851352078920e+00,1.040676311821e+01,0.000000000000e+00,0.000000000000e+00,0.000000000000e+00,0.000000000000e+00,1.329223378793e+00,3.851352078527e+00,0.000000000000e+00,0.000000000000e+00,6.517045818100e-09,2.145782259548e-08,0.000000000000e+00,0.000000000000e+00,9.999999999989e-01,-9.437722358328e-02,1.170293543868e-13,1.170669596816e-13,0.000000000000e+00,0.000000000000e+00,0.000000000000e+00,9.999999999969e-01,4.304000000843e-08,-1.509198099689e-08,-3.867875505968e-09,0.000000000000e+00,0.000000000000e+00,OK,,4.323248448124e-08,-2.085357388993e-08,-6.414827391500e-09,2.085357388993e-08,6.414827391500e-09,2.085357388993e-08,7.727152300000e-14,3.315119800000e-12,3.750000000000e-03,48,1.698887866596e+01,BORIS,L3/dt-3e-13/eps-0.03/ranks-1,4.323248448124e-08,6.335675765932e-09,R12,1.676540000000e+01,-1.386352268103e+00,-1.278842362612e+00,0.000000000000e+00,0.000000000000e+00,0.000000000000e+00,-7.209431268134e-01,-1.386352268342e+00,0.000000000000e+00,0.000000000000e+00,0.000000000000e+00,0.000000000000e+00,0.000000000000e+00,3.851352078235e+00,1.040676311624e+01,0.000000000000e+00,0.000000000000e+00,0.000000000000e+00,0.000000000000e+00,1.329223378795e+00,3.851352078536e+00,0.000000000000e+00,0.000000000000e+00,6.142734517967e-09,2.071032184108e-08,0.000000000000e+00,0.000000000000e+00,1.000000000000e+00,-9.437722362526e-02,-1.771138788111e-12,-1.698216299309e-12,0.000000000000e+00,0.000000000000e+00,0.000000000000e+00,9.999999999968e-01,4.474000014909e-08,-1.414293774670e-08,-4.385764430329e-09,0.000000000000e+00,0.000000000000e+00,1.029029094600e+00,9.934626728373e-01,9.783012584079e-01
3.000000000000e-13,OK,,4.378748452716e-08,-2.095855570418e-08,-6.246703018876e-09,2.095855570418e-08,6.246703018876e-09,2.095855570418e-08,4.677303000000e-11,1.517331400000e-10,1.000000000000e-01,3,1,1.250000000000e-02,48,1.811779525015e+01,BORIS,L3/dt-3e-13/eps-0.1/ranks-1,4.378748452716e-08,6.278225735413e-09,R12,1.789520000000e+01,-1.386352268515e+00,-1.278842363167e+00,0.000000000000e+00,0.000000000000e+00,0.000000000000e+00,-7.209431267512e-01,-1.386352268193e+00,0.000000000000e+00,0.000000000000e+00,0.000000000000e+00,0.000000000000e+00,0.000000000000e+00,3.851352078913e+00,1.040676311822e+01,0.000000000000e+00,0.000000000000e+00,0.000000000000e+00,0.000000000000e+00,1.329223378788e+00,3.851352078521e+00,0.000000000000e+00,0.000000000000e+00,6.601581495380e-09,2.115178899739e-08,0.000000000000e+00,0.000000000000e+00,9.999999999989e-01,-9.437722363746e-02,-5.570981491940e-13,-1.342044286789e-12,0.000000000000e+00,0.000000000000e+00,0.000000000000e+00,9.999999999995e-01,4.300999911777e-08,-1.293860726371e-08,-3.776470996096e-09,0.000000000000e+00,0.000000000000e+00,OK,,4.321948443575e-08,-2.084926200497e-08,-6.412929853816e-09,2.084926200497e-08,6.412929853816e-09,2.084926200497e-08,2.764122300000e-12,2.864375400000e-12,1.250000000000e-02,48,1.701012670901e+01,BORIS,L3/dt-3e-13/eps-0.1/ranks-1,4.321948443575e-08,6.335913510842e-09,R12,1.678670000000e+01,-1.386352268098e+00,-1.278842362599e+00,0.000000000000e+00,0.000000000000e+00,0.000000000000e+00,-7.209431268101e-01,-1.386352268333e+00,0.000000000000e+00,0.000000000000e+00,0.000000000000e+00,0.000000000000e+00,0.000000000000e+00,3.851352078226e+00,1.040676311622e+01,0.000000000000e+00,0.000000000000e+00,0.000000000000e+00,0.000000000000e+00,1.329223378791e+00,3.851352078526e+00,0.000000000000e+00,0.000000000000e+00,6.140706128330e-09,2.070385615089e-08,0.000000000000e+00,0.000000000000e+00,1.000000000000e+00,-9.437722362897e-02,-1.846864189606e-14,2.685094041305e-13,0.000000000000e+00,0.000000000000e+00,0.000000000000e+00,1.000000000000e+00,4.470999925843e-08,-1.413426726435e-08,-4.380770156022e-09,0.000000000000e+00,0.000000000000e+00,1.013142222746e+00,1.005242089585e+00,9.740794241120e-01
1.000000000000e-12,OK,,7.601295484383e-06,-1.646513375214e-06,6.779498452624e-07,1.646513375214e-06,6.779498452624e-07,1.646513375214e-06,2.225277300000e-07,2.151055800000e-06,1.000000000000e-06,3,1,1.250000000000e-07,48,7.501897375099e+00,BORIS,L3/dt-1e-12/eps-1e-06/ranks-1,7.601295484383e-06,7.742606792328e-07,R12,7.281810000000e+00,-1.386353052926e+00,-1.278849920675e+00,0.000000000000e+00,0.000000000000e+00,0.000000000000e+00,-7.209419533451e-01,-1.386354471594e+00,0.000000000000e+00,0.000000000000e+00,0.000000000000e+00,0.000000000000e+00,0.000000000000e+00,3.851351837071e+00,1.040676263086e+01,0.000000000000e+00,0.000000000000e+00,0.000000000000e+00,0.000000000000e+00,1.329223261135e+00,3.851351834250e+00,0.000000000000e+00,0.000000000000e+00,-2.251932604660e-08,4.420737231401e-06,0.000000000000e+00,0.000000000000e+00,1.000000000281e+00,-9.437808453292e-02,-1.714451412221e-08,-1.949012126006e-08,0.000000000000e+00,0.000000000000e+00,0.000000000000e+00,1.000000027961e+00,4.259409809258e-05,4.840027771405e-06,-7.660200064723e-06,0.000000000000e+00,0.000000000000e+00,OK,,5.498034099105e-07,-1.662689891762e-07,-4.394304824982e-08,1.662689891762e-07,4.394304824982e-08,1.662689891762e-07,6.652869100000e-08,3.635594400000e-08,1.250000000000e-07,48,6.559762499994e+00,BORIS,L3/dt-1e-12/eps-1e-06/ranks-1,5.498034099105e-07,7.204180008912e-08,R34,6.338680000000e+00,-1.386352395111e+00,-1.278842746371e+00,0.000000000000e+00,0.000000000000e+00,0.000000000000e+00,-7.209431958688e-01,-1.386352426362e+00,0.000000000000e+00,0.000000000000e+00,0.000000000000e+00,0.000000000000e+00,0.000000000000e+00,3.851351829245e+00,1.040676260818e+01,0.000000000000e+00,0.000000000000e+00,0.000000000000e+00,0.000000000000e+00,1.329223261134e+00,3.851351834247e+00,0.000000000000e+00,0.000000000000e+00,5.243498590606e-08,1.747130497491e-07,0.000000000000e+00,0.000000000000e+00,1.000000000000e+00,-9.437716293713e-02,-6.013531950133e-09,-5.231652180957e-09,0.000000000000e+00,0.000000000000e+00,0.000000000000e+00,1.000000036356e+00,5.528000013300e-07,-2.308008526649e-07,-1.437044805105e-07,0.000000000000e+00,0.000000000000e+00,1.382547897551e+01,9.902708757489e+00,1.542792028009e+01
1.000000000000e-12,OK,,3.108280506800e-06,-2.105987207483e-06,-9.713310821714e-07,2.105987207483e-06,9.713310821714e-07,2.105987207483e-06,2.338124500000e-08,1.217414200000e-06,3.000000000000e-06,3,1,3.750000000000e-07,48,7.478121666005e+00,BORIS,L3/dt-1e-12/eps-3e-06/ranks-1,3.108280506800e-06,4.379367418565e-07,R56,7.260970000000e+00,-1.386351230867e+00,-1.278841538160e+00,0.000000000000e+00,0.000000000000e+00,0.000000000000e+00,-7.209434478279e-01,-1.386353184793e+00,0.000000000000e+00,0.000000000000e+00,0.000000000000e+00,0.000000000000e+00,0.000000000000e+00,3.851351837071e+00,1.040676263085e+01,0.000000000000e+00,0.000000000000e+00,0.000000000000e+00,0.000000000000e+00,1.329223261135e+00,3.851351834250e+00,0.000000000000e+00,0.000000000000e+00,1.358567431375e-06,2.896114368310e-06,0.000000000000e+00,0.000000000000e+00,1.000000000002e+00,-9.437412559951e-02,-4.497108659149e-09,-1.310340498735e-08,0.000000000000e+00,0.000000000000e+00,0.000000000000e+00,1.000000006972e+00,3.261003266402e-05,-2.102385196417e-05,-6.076076148904e-06,0.000000000000e+00,0.000000000000e+00,OK,,5.497934090215e-07,-1.765985102163e-07,-5.278712699045e-08,1.765985102163e-07,5.278712699045e-08,1.765985102163e-07,9.029655200000e-09,3.770356400000e-07,3.750000000000e-07,48,6.576506999787e+00,BORIS,L3/dt-1e-12/eps-3e-06/ranks-1,5.497934090215e-07,8.430927818737e-08,R34,6.355610000000e+00,-1.386352382771e+00,-1.278842736796e+00,0.000000000000e+00,0.000000000000e+00,0.000000000000e+00,-7.209431696460e-01,-1.386352387561e+00,0.000000000000e+00,0.000000000000e+00,0.000000000000e+00,0.000000000000e+00,0.000000000000e+00,3.851351829247e+00,1.040676260819e+01,0.000000000000e+00,0.000000000000e+00,0.000000000000e+00,0.000000000000e+00,1.329223261134e+00,3.851351834248e+00,0.000000000000e+00,0.000000000000e+00,-3.229486466627e-07,3.930358158562e-07,0.000000000000e+00,0.000000000000e+00,9.999999999999e-01,-9.437694050040e-02,5.185966041457e-10,2.433533395094e-09,0.000000000000e+00,0.000000000000e+00,0.000000000000e+00,1.000000009319e+00,5.527900004410e-07,-1.468476733763e-07,-3.097279637639e-08,0.000000000000e+00,0.000000000000e+00,5.653542686756e+00,1.192528297608e+01,1.840090828105e+01
1.000000000000e-12,OK,,5.271234098103e-07,-2.542478264115e-07,1.653493122300e-07,2.542478264115e-07,1.653493122300e-07,2.542478264115e-07,9.418904800000e-09,7.429111900000e-07,1.000000000000e-05,3,1,1.250000000000e-06,48,7.458833290963e+00,BORIS,L3/dt-1e-12/eps-1e-05/ranks-1,5.271234098103e-07,7.586489971900e-08,R34,7.240370000000e+00,-1.386352560952e+00,-1.278842602746e+00,0.000000000000e+00,0.000000000000e+00,0.000000000000e+00,-7.209432006685e-01,-1.386352162418e+00,0.000000000000e+00,0.000000000000e+00,0.000000000000e+00,0.000000000000e+00,0.000000000000e+00,3.851351837071e+00,1.040676263086e+01,0.000000000000e+00,0.000000000000e+00,0.000000000000e+00,0.000000000000e+00,1.329223261135e+00,3.851351834252e+00,0.000000000000e+00,0.000000000000e+00,1.740555618789e-07,-1.785656389528e-07,0.000000000000e+00,0.000000000000e+00,9.999999999575e-01,-9.437750821435e-02,2.554005478425e-10,-4.373707194769e-09,0.000000000000e+00,0.000000000000e+00,0.000000000000e+00,9.999999990486e-01,1.450605488416e-05,8.114450987059e-06,2.707296085622e-06,0.000000000000e+00,0.000000000000e+00,OK,,5.497934090215e-07,-1.807987318593e-07,-5.426048183060e-08,1.807987318593e-07,5.426048183060e-08,1.807987318593e-07,6.904210500000e-10,1.149987500000e-07,1.250000000000e-06,48,6.594343291130e+00,BORIS,L3/dt-1e-12/eps-1e-05/ranks-1,5.497934090215e-07,7.328843539765e-08,R34,6.372940000000e+00,-1.386352382348e+00,-1.278842740921e+00,0.000000000000e+00,0.000000000000e+00,0.000000000000e+00,-7.209431640669e-01,-1.386352383654e+00,0.000000000000e+00,0.000000000000e+00,0.000000000000e+00,0.000000000000e+00,0.000000000000e+00,3.851351829247e+00,1.040676260819e+01,0.000000000000e+00,0.000000000000e+00,0.000000000000e+00,0.000000000000e+00,1.329223261134e+00,3.851351834248e+00,0.000000000000e+00,0.000000000000e+00,-6.015086100158e-08,2.442795861811e-07,0.000000000000e+00,0.000000000000e+00,1.000000000000e+00,-9.437708720037e-02,2.898748469404e-09,4.110841138890e-10,0.000000000000e+00,0.000000000000e+00,0.000000000000e+00,1.000000002821e+00,5.527900004410e-07,-1.740730172882e-07,-5.579334188604e-08,0.000000000000e+00,0.000000000000e+00,9.587663314270e-01,1.406247841436e+00,3.047324805302e+00
1.000000000000e-12,OK,,5.794464845721e-07,-7.683065565420e-08,-1.060254543742e-07,7.683065565420e-08,1.060254543742e-07,1.060254543742e-07,9.031115900000e-10,7.382713200000e-08,3.000000000000e-05,3,1,3.750000000000e-06,48,7.455674333964e+00,BORIS,L3/dt-1e-12/eps-3e-05/ranks-1,5.794464845721e-07,7.727160767365e-08,R12,7.235920000000e+00,-1.386352470750e+00,-1.278842898826e+00,0.000000000000e+00,0.000000000000e+00,0.000000000000e+00,-7.209431387004e-01,-1.386352355645e+00,0.000000000000e+00,0.000000000000e+00,0.000000000000e+00,0.000000000000e+00,0.000000000000e+00,3.851351837069e+00,1.040676263085e+01,0.000000000000e+00,0.000000000000e+00,0.000000000000e+00,0.000000000000e+00,1.329223261135e+00,3.851351834250e+00,0.000000000000e+00,0.000000000000e+00,-8.650678543097e-08,4.464461467684e-08,0.000000000000e+00,0.000000000000e+00,1.000000000002e+00,-9.437705925897e-02,8.085116043663e-10,1.133522054075e-09,0.000000000000e+00,0.000000000000e+00,0.000000000000e+00,1.000000000708e+00,1.799823559995e-06,4.684806926337e-07,1.213798576349e-06,0.000000000000e+00,0.000000000000e+00,OK,,5.498034099105e-07,-1.822299727762e-07,-5.749779474679e-08,1.822299727762e-07,5.749779474679e-08,1.822299727762e-07,5.624426500000e-10,3.670916700000e-08,3.750000000000e-06,48,6.571855625138e+00,BORIS,L3/dt-1e-12/eps-3e-05/ranks-1,5.498034099105e-07,7.195756752213e-08,R34,6.352700000000e+00,-1.386352383473e+00,-1.278842743116e+00,0.000000000000e+00,0.000000000000e+00,0.000000000000e+00,-7.209431667230e-01,-1.386352387758e+00,0.000000000000e+00,0.000000000000e+00,0.000000000000e+00,0.000000000000e+00,0.000000000000e+00,3.851351829246e+00,1.040676260818e+01,0.000000000000e+00,0.000000000000e+00,0.000000000000e+00,0.000000000000e+00,1.329223261134e+00,3.851351834247e+00,0.000000000000e+00,0.000000000000e+00,1.502401943400e-08,2.012422180738e-07,0.000000000000e+00,0.000000000000e+00,1.000000000000e+00,-9.437712801032e-02,-7.198543721979e-10,-1.065055481324e-09,0.000000000000e+00,0.000000000000e+00,0.000000000000e+00,9.999999992986e-01,5.528000013300e-07,-1.752721971510e-07,-5.420668166975e-08,0.000000000000e+00,0.000000000000e+00,1.053915770851e+00,4.216137141641e-01,1.843991666830e+00
1.000000000000e-12,OK,,5.271334089230e-07,-2.497620260107e-07,-9.954183640694e-08,2.497620260107e-07,9.954183640694e-08,2.497620260107e-07,9.678191600000e-10,7.872593600000e-08,1.000000000000e-04,3,1,1.250000000000e-05,48,7.453119500075e+00,BORIS,L3/dt-1e-12/eps-0.0001/ranks-1,5.271334089230e-07,7.370385269228e-08,R34,7.232740000000e+00,-1.386352403056e+00,-1.278842793647e+00,0.000000000000e+00,0.000000000000e+00,0.000000000000e+00,-7.209431572343e-01,-1.386352386416e+00,0.000000000000e+00,0.000000000000e+00,0.000000000000e+00,0.000000000000e+00,0.000000000000e+00,3.851351837069e+00,1.040676263085e+01,0.000000000000e+00,0.000000000000e+00,0.000000000000e+00,0.000000000000e+00,1.329223261135e+00,3.851351834249e+00,0.000000000000e+00,0.000000000000e+00,-3.089238417796e-08,1.402475523526e-07,0.000000000000e+00,0.000000000000e+00,9.999999999970e-01,-9.437712435118e-02,-1.160816353691e-10,-1.448234988362e-10,0.000000000000e+00,0.000000000000e+00,0.000000000000e+00,9.999999998380e-01,1.136761640000e-06,-4.271873764217e-07,-1.140330789358e-07,0.000000000000e+00,0.000000000000e+00,OK,,5.498034099105e-07,-1.817535031393e-07,-5.689586124461e-08,1.817535031393e-07,5.689586124461e-08,1.817535031393e-07,1.459570200000e-10,1.115278900000e-08,1.250000000000e-05,48,6.537504000124e+00,BORIS,L3/dt-1e-12/eps-0.0001/ranks-1,5.498034099105e-07,7.152415883944e-08,R34,6.315630000000e+00,-1.386352382906e+00,-1.278842741955e+00,0.000000000000e+00,0.000000000000e+00,0.000000000000e+00,-7.209431658749e-01,-1.386352386780e+00,0.000000000000e+00,0.000000000000e+00,0.000000000000e+00,0.000000000000e+00,0.000000000000e+00,3.851351829245e+00,1.040676260818e+01,0.000000000000e+00,0.000000000000e+00,0.000000000000e+00,0.000000000000e+00,1.329223261134e+00,3.851351834247e+00,0.000000000000e+00,0.000000000000e+00,4.096863467383e-08,1.856558700474e-07,0.000000000000e+00,0.000000000000e+00,1.000000000000e+00,-9.437714277679e-02,3.688354773902e-10,8.137418027052e-10,0.000000000000e+00,0.000000000000e+00,0.000000000000e+00,1.000000000227e+00,5.528000013300e-07,-1.749902952521e-07,-5.536340733010e-08,0.000000000000e+00,0.000000000000e+00,9.587670782340e-01,1.374179983861e+00,1.749544417282e+00
1.000000000000e-12,OK,,5.271334089230e-07,-1.468688529555e-07,-4.668815318034e-08,1.468688529555e-07,4.668815318034e-08,1.468688529555e-07,3.282569800000e-10,5.291618400000e-08,3.000000000000e-04,3,1,3.750000000000e-05,48,7.493652875070e+00,BORIS,L3/dt-1e-12/eps-0.0003/ranks-1,5.271334089230e-07,6.969672729076e-08,R34,7.274220000000e+00,-1.386352390620e+00,-1.278842744208e+00,0.000000000000e+00,0.000000000000e+00,0.000000000000e+00,-7.209431659950e-01,-1.386352380627e+00,0.000000000000e+00,0.000000000000e+00,0.000000000000e+00,0.000000000000e+00,0.000000000000e+00,3.851351837068e+00,1.040676263085e+01,0.000000000000e+00,0.000000000000e+00,0.000000000000e+00,0.000000000000e+00,1.329223261135e+00,3.851351834251e+00,0.000000000000e+00,0.000000000000e+00,5.764929337078e-08,1.968147571385e-07,0.000000000000e+00,0.000000000000e+00,1.000000000002e+00,-9.437717922812e-02,1.337898041231e-11,6.998509331774e-11,0.000000000000e+00,0.000000000000e+00,0.000000000000e+00,1.000000000021e+00,5.303700003623e-07,-8.449802123000e-10,-5.576791180075e-08,0.000000000000e+00,0.000000000000e+00,OK,,5.498034099105e-07,-1.814601347830e-07,-5.674823289060e-08,1.814601347830e-07,5.674823289060e-08,1.814601347830e-07,8.993095200000e-11,3.513858400000e-09,3.750000000000e-05,48,6.586921333103e+00,BORIS,L3/dt-1e-12/eps-0.0003/ranks-1,5.498034099105e-07,7.145402724733e-08,R34,6.364850000000e+00,-1.386352383253e+00,-1.278842742067e+00,0.000000000000e+00,0.000000000000e+00,0.000000000000e+00,-7.209431663970e-01,-1.386352386976e+00,0.000000000000e+00,0.000000000000e+00,0.000000000000e+00,0.000000000000e+00,0.000000000000e+00,3.851351829246e+00,1.040676260818e+01,0.000000000000e+00,0.000000000000e+00,0.000000000000e+00,0.000000000000e+00,1.329223261134e+00,3.851351834247e+00,0.000000000000e+00,0.000000000000e+00,4.864158289161e-08,1.813806583702e-07,0.000000000000e+00,0.000000000000e+00,1.000000000000e+00,-9.437714701699e-02,-6.405264765626e-11,-1.169003824767e-11,0.000000000000e+00,0.000000000000e+00,0.000000000000e+00,9.999999999870e-01,5.528000013300e-07,-1.746958998426e-07,-5.441555470051e-08,0.000000000000e+00,0.000000000000e+00,9.587670782340e-01,8.093725551958e-01,8.227243528507e-01
1.000000000000e-12,OK,,5.271234098103e-07,-1.847593994684e-07,-5.750826005643e-08,1.847593994684e-07,5.750826005643e-08,1.847593994684e-07,4.115288100000e-10,8.693105500000e-09,1.000000000000e-03,3,1,1.250000000000e-04,48,7.407301665982e+00,BORIS,L3/dt-1e-12/eps-0.001/ranks-1,5.271234098103e-07,7.037198602315e-08,R34,7.186800000000e+00,-1.386352389490e+00,-1.278842748757e+00,0.000000000000e+00,0.000000000000e+00,0.000000000000e+00,-7.209431649687e-01,-1.386352382647e+00,0.000000000000e+00,0.000000000000e+00,0.000000000000e+00,0.000000000000e+00,0.000000000000e+00,3.851351837071e+00,1.040676263086e+01,0.000000000000e+00,0.000000000000e+00,0.000000000000e+00,0.000000000000e+00,1.329223261135e+00,3.851351834249e+00,0.000000000000e+00,0.000000000000e+00,5.193775744939e-08,1.739083175935e-07,0.000000000000e+00,0.000000000000e+00,9.999999999986e-01,-9.437714227502e-02,-3.363478974611e-12,-4.037846818970e-11,0.000000000000e+00,0.000000000000e+00,0.000000000000e+00,1.000000000019e+00,5.304600012579e-07,-1.759726404140e-07,-5.346112071368e-08,0.000000000000e+00,0.000000000000e+00,OK,,5.497934090215e-07,-1.816250956137e-07,-5.676785391763e-08,1.816250956137e-07,5.676785391763e-08,1.816250956137e-07,4.956946000000e-11,1.389111700000e-09,1.250000000000e-04,48,6.509699999820e+00,BORIS,L3/dt-1e-12/eps-0.001/ranks-1,5.497934090215e-07,7.143498012522e-08,R34,6.288470000000e+00,-1.386352383156e+00,-1.278842742291e+00,0.000000000000e+00,0.000000000000e+00,0.000000000000e+00,-7.209431662948e-01,-1.386352387156e+00,0.000000000000e+00,0.000000000000e+00,0.000000000000e+00,0.000000000000e+00,0.000000000000e+00,3.851351829246e+00,1.040676260819e+01,0.000000000000e+00,0.000000000000e+00,0.000000000000e+00,0.000000000000e+00,1.329223261134e+00,3.851351834248e+00,0.000000000000e+00,0.000000000000e+00,5.085221649656e-08,1.797247500131e-07,0.000000000000e+00,0.000000000000e+00,1.000000000000e+00,-9.437714863173e-02,-2.185030622216e-12,-2.685436578152e-12,0.000000000000e+00,0.000000000000e+00,0.000000000000e+00,1.000000000042e+00,5.527900004410e-07,-1.749295038013e-07,-5.472072830911e-08,0.000000000000e+00,0.000000000000e+00,9.587663314270e-01,1.017256997686e+00,1.013042700890e+00
1.000000000000e-12,OK,,5.271234098103e-07,-1.821249457272e-07,-5.395631543250e-08,1.821249457272e-07,5.395631543250e-08,1.821249457272e-07,2.204212400000e-10,2.242550800000e-09,3.000000000000e-03,3,1,3.750000000000e-04,48,7.432188082952e+00,BORIS,L3/dt-1e-12/eps-0.003/ranks-1,5.271234098103e-07,7.034253900351e-08,R34,7.213780000000e+00,-1.386352386806e+00,-1.278842747805e+00,0.000000000000e+00,0.000000000000e+00,0.000000000000e+00,-7.209431652012e-01,-1.386352385210e+00,0.000000000000e+00,0.000000000000e+00,0.000000000000e+00,0.000000000000e+00,0.000000000000e+00,3.851351837070e+00,1.040676263086e+01,0.000000000000e+00,0.000000000000e+00,0.000000000000e+00,0.000000000000e+00,1.329223261135e+00,3.851351834250e+00,0.000000000000e+00,0.000000000000e+00,5.562676846508e-08,1.812437456636e-07,0.000000000000e+00,0.000000000000e+00,1.000000000000e+00,-9.437715026934e-02,6.449100511265e-12,1.498039737285e-11,0.000000000000e+00,0.000000000000e+00,0.000000000000e+00,9.999999999864e-01,5.303400012480e-07,-2.135444738554e-07,-5.455603733242e-08,0.000000000000e+00,0.000000000000e+00,OK,,5.497934090215e-07,-1.816342656781e-07,-5.676388520336e-08,1.816342656781e-07,5.676388520336e-08,1.816342656781e-07,2.962496900000e-11,1.979097900000e-10,3.750000000000e-04,48,6.540303167189e+00,BORIS,L3/dt-1e-12/eps-0.003/ranks-1,5.497934090215e-07,7.143342097401e-08,R34,6.317240000000e+00,-1.386352383171e+00,-1.278842742277e+00,0.000000000000e+00,0.000000000000e+00,0.000000000000e+00,-7.209431663051e-01,-1.386352387120e+00,0.000000000000e+00,0.000000000000e+00,0.000000000000e+00,0.000000000000e+00,0.000000000000e+00,3.851351829247e+00,1.040676260819e+01,0.000000000000e+00,0.000000000000e+00,0.000000000000e+00,0.000000000000e+00,1.329223261134e+00,3.851351834248e+00,0.000000000000e+00,0.000000000000e+00,5.216280193827e-08,1.794127069352e-07,0.000000000000e+00,0.000000000000e+00,1.000000000000e+00,-9.437714887598e-02,7.325330669580e-12,2.350192662733e-11,0.000000000000e+00,0.000000000000e+00,0.000000000000e+00,9.999999999953e-01,5.527900004410e-07,-1.749134921082e-07,-5.473416618589e-08,0.000000000000e+00,0.000000000000e+00,9.587663314270e-01,1.002701472915e+00,9.505395065753e-01
1.000000000000e-12,OK,,5.271234098103e-07,-1.816583242031e-07,-5.530115999374e-08,1.816583242031e-07,5.530115999374e-08,1.816583242031e-07,5.199307700000e-11,1.596625700000e-09,1.000000000000e-02,3,1,1.250000000000e-03,48,7.402487082873e+00,BORIS,L3/dt-1e-12/eps-0.01/ranks-1,5.271234098103e-07,7.050964088660e-08,R34,7.180160000000e+00,-1.386352387234e+00,-1.278842750662e+00,0.000000000000e+00,0.000000000000e+00,0.000000000000e+00,-7.209431648502e-01,-1.386352386056e+00,0.000000000000e+00,0.000000000000e+00,0.000000000000e+00,0.000000000000e+00,0.000000000000e+00,3.851351837072e+00,1.040676263086e+01,0.000000000000e+00,0.000000000000e+00,0.000000000000e+00,0.000000000000e+00,1.329223261135e+00,3.851351834252e+00,0.000000000000e+00,0.000000000000e+00,5.501167833807e-08,1.827173008062e-07,0.000000000000e+00,0.000000000000e+00,9.999999999995e-01,-9.437714864644e-02,6.346327561559e-13,3.056897240180e-12,0.000000000000e+00,0.000000000000e+00,0.000000000000e+00,1.000000000001e+00,5.303700003623e-07,-1.654182647722e-07,-5.781381179561e-08,0.000000000000e+00,0.000000000000e+00,OK,,5.497934090215e-07,-1.816420634507e-07,-5.677873493592e-08,1.816420634507e-07,5.677873493592e-08,1.816420634507e-07,5.617728500000e-12,1.242294400000e-10,1.250000000000e-03,48,6.555146249942e+00,BORIS,L3/dt-1e-12/eps-0.01/ranks-1,5.497934090215e-07,7.142905130093e-08,R34,6.334850000000e+00,-1.386352383170e+00,-1.278842742284e+00,0.000000000000e+00,0.000000000000e+00,0.000000000000e+00,-7.209431663020e-01,-1.386352387139e+00,0.000000000000e+00,0.000000000000e+00,0.000000000000e+00,0.000000000000e+00,0.000000000000e+00,3.851351829246e+00,1.040676260819e+01,0.000000000000e+00,0.000000000000e+00,0.000000000000e+00,0.000000000000e+00,1.329223261134e+00,3.851351834248e+00,0.000000000000e+00,0.000000000000e+00,5.211398110502e-08,1.792677780809e-07,0.000000000000e+00,0.000000000000e+00,1.000000000000e+00,-9.437714917424e-02,6.285635277021e-13,-2.748338154113e-13,0.000000000000e+00,0.000000000000e+00,0.000000000000e+00,9.999999999954e-01,5.527900004410e-07,-1.749362164191e-07,-5.475732047376e-08,0.000000000000e+00,0.000000000000e+00,9.587663314270e-01,1.000089520853e+00,9.739766138881e-01
1.000000000000e-12,OK,,5.271334089230e-07,-1.813548231202e-07,-5.487921982366e-08,1.813548231202e-07,5.487921982366e-08,1.813548231202e-07,5.405231800000e-12,3.397938700000e-10,3.000000000000e-02,3,1,3.750000000000e-03,48,8.275499749929e+00,BORIS,L3/dt-1e-12/eps-0.03/ranks-1,5.271334089230e-07,7.046528640442e-08,R34,8.036760000000e+00,-1.386352387364e+00,-1.278842750382e+00,0.000000000000e+00,0.000000000000e+00,0.000000000000e+00,-7.209431649653e-01,-1.386352385920e+00,0.000000000000e+00,0.000000000000e+00,0.000000000000e+00,0.000000000000e+00,0.000000000000e+00,3.851351837071e+00,1.040676263085e+01,0.000000000000e+00,0.000000000000e+00,0.000000000000e+00,0.000000000000e+00,1.329223261135e+00,3.851351834250e+00,0.000000000000e+00,0.000000000000e+00,5.478213664013e-08,1.815796159327e-07,0.000000000000e+00,0.000000000000e+00,9.999999999994e-01,-9.437714927352e-02,-5.444268288351e-13,-2.410579268710e-13,0.000000000000e+00,0.000000000000e+00,0.000000000000e+00,1.000000000000e+00,5.303999994766e-07,-1.757295568622e-07,-5.247146162005e-08,0.000000000000e+00,0.000000000000e+00,OK,,5.498034099105e-07,-1.816409031738e-07,-5.677742004329e-08,1.816409031738e-07,5.677742004329e-08,1.816409031738e-07,1.514122200000e-12,4.144971700000e-11,3.750000000000e-03,48,6.521675374825e+00,BORIS,L3/dt-1e-12/eps-0.03/ranks-1,5.498034099105e-07,7.142881379607e-08,R34,6.299650000000e+00,-1.386352383168e+00,-1.278842742284e+00,0.000000000000e+00,0.000000000000e+00,0.000000000000e+00,-7.209431662999e-01,-1.386352387138e+00,0.000000000000e+00,0.000000000000e+00,0.000000000000e+00,0.000000000000e+00,0.000000000000e+00,3.851351829245e+00,1.040676260818e+01,0.000000000000e+00,0.000000000000e+00,0.000000000000e+00,0.000000000000e+00,1.329223261134e+00,3.851351834247e+00,0.000000000000e+00,0.000000000000e+00,5.219775157133e-08,1.792275901721e-07,0.000000000000e+00,0.000000000000e+00,1.000000000000e+00,-9.437714923260e-02,5.826450132555e-13,1.142804937956e-12,0.000000000000e+00,0.000000000000e+00,0.000000000000e+00,1.000000000000e+00,5.528000013300e-07,-1.749302670306e-07,-5.474835708212e-08,0.000000000000e+00,0.000000000000e+00,9.587670782340e-01,9.984250240524e-01,9.665676915544e-01
1.000000000000e-12,OK,,5.271734089263e-07,-1.816680596765e-07,-5.490182864755e-08,1.816680596765e-07,5.490182864755e-08,1.816680596765e-07,3.878564100000e-12,1.747954900000e-11,1.000000000000e-01,3,1,1.250000000000e-02,48,8.179679875029e+00,BORIS,L3/dt-1e-12/eps-0.1/ranks-1,5.271734089263e-07,7.047879865355e-08,R34,7.932330000000e+00,-1.386352387404e+00,-1.278842750438e+00,0.000000000000e+00,0.000000000000e+00,0.000000000000e+00,-7.209431649824e-01,-1.386352385925e+00,0.000000000000e+00,0.000000000000e+00,0.000000000000e+00,0.000000000000e+00,0.000000000000e+00,3.851351837049e+00,1.040676263081e+01,0.000000000000e+00,0.000000000000e+00,0.000000000000e+00,0.000000000000e+00,1.329223261125e+00,3.851351834228e+00,0.000000000000e+00,0.000000000000e+00,5.487652849673e-08,1.816553142386e-07,0.000000000000e+00,0.000000000000e+00,9.999999999995e-01,-9.437714928601e-02,1.669190772365e-13,4.186517865157e-13,0.000000000000e+00,0.000000000000e+00,0.000000000000e+00,1.000000000000e+00,5.304199994782e-07,-1.736481112360e-07,-5.243159662477e-08,0.000000000000e+00,0.000000000000e+00,OK,,5.498434099138e-07,-1.816411343219e-07,-5.677895775769e-08,1.816411343219e-07,5.677895775769e-08,1.816411343219e-07,3.037792200000e-12,5.186243200000e-12,1.250000000000e-02,48,6.473865959095e+00,BORIS,L3/dt-1e-12/eps-0.1/ranks-1,5.498434099138e-07,7.143139022148e-08,R34,6.253460000000e+00,-1.386352383164e+00,-1.278842742278e+00,0.000000000000e+00,0.000000000000e+00,0.000000000000e+00,-7.209431662976e-01,-1.386352387136e+00,0.000000000000e+00,0.000000000000e+00,0.000000000000e+00,0.000000000000e+00,0.000000000000e+00,3.851351829224e+00,1.040676260814e+01,0.000000000000e+00,0.000000000000e+00,0.000000000000e+00,0.000000000000e+00,1.329223261124e+00,3.851351834225e+00,0.000000000000e+00,0.000000000000e+00,5.223871433946e-08,1.792124458326e-07,0.000000000000e+00,0.000000000000e+00,1.000000000000e+00,-9.437714927636e-02,-2.508459291726e-13,2.688647436655e-14,0.000000000000e+00,0.000000000000e+00,0.000000000000e+00,9.999999999997e-01,5.527900004410e-07,-1.749261395813e-07,-5.474679805990e-08,0.000000000000e+00,0.000000000000e+00,9.587700778462e-01,1.000148233795e+00,9.669397047027e-01
3.000000000000e-12,OK,,5.830736484524e-06,-2.432491497049e-06,-3.103443241223e-07,2.432491497049e-06,3.103443241223e-07,2.432491497049e-06,2.313135800000e-08,6.789948100000e-06,1.000000000000e-06,3,1,1.250000000000e-07,48,4.226021625102e+00,BORIS,L3/dt-3e-12/eps-1e-06/ranks-1,5.830736484524e-06,9.721313052213e-07,R12,4.006390000000e+00,-1.386354951182e+00,-1.278848150116e+00,0.000000000000e+00,0.000000000000e+00,0.000000000000e+00,-7.209431112158e-01,-1.386352561530e+00,0.000000000000e+00,0.000000000000e+00,0.000000000000e+00,0.000000000000e+00,0.000000000000e+00,3.851349720232e+00,1.040675836481e+01,0.000000000000e+00,0.000000000000e+00,0.000000000000e+00,0.000000000000e+00,1.329222231220e+00,3.851349695811e+00,0.000000000000e+00,0.000000000000e+00,5.373215852588e-06,-3.812391821885e-06,0.000000000000e+00,0.000000000000e+00,1.000000000281e+00,-9.438085287905e-02,-2.276374496300e-09,-2.276620054969e-08,0.000000000000e+00,0.000000000000e+00,0.000000000000e+00,1.000000002908e+00,5.082722714586e-05,4.054049649570e-06,-8.648494234107e-06,0.000000000000e+00,0.000000000000e+00,OK,,5.017383410078e-06,-1.601629280225e-06,-5.079386342751e-07,1.601629280225e-06,5.079386342751e-07,1.601629280225e-06,5.275865300000e-09,1.077537500000e-08,1.250000000000e-07,48,3.657718459144e+00,BORIS,L3/dt-3e-12/eps-1e-06/ranks-1,5.017383410078e-06,6.453957064727e-07,R34,3.436280000000e+00,-1.386353394979e+00,-1.278846093811e+00,0.000000000000e+00,0.000000000000e+00,0.000000000000e+00,-7.209435170286e-01,-1.386353445634e+00,0.000000000000e+00,0.000000000000e+00,0.000000000000e+00,0.000000000000e+00,0.000000000000e+00,3.851349639261e+00,1.040675814060e+01,0.000000000000e+00,0.000000000000e+00,0.000000000000e+00,0.000000000000e+00,1.329222226447e+00,3.851349686523e+00,0.000000000000e+00,0.000000000000e+00,4.524331704521e-07,1.569204066443e-06,0.000000000000e+00,0.000000000000e+00,1.000000000000e+00,-9.437649954606e-02,7.896821177548e-09,2.682373398745e-09,0.000000000000e+00,0.000000000000e+00,0.000000000000e+00,9.999999892246e-01,5.020380001497e-06,-1.666161143714e-06,-6.077000665357e-07,0.000000000000e+00,0.000000000000e+00,1.162107020327e+00,1.518760631491e+00,6.109878303807e-01
3.000000000000e-12,OK,,4.792613408355e-06,-1.329825235067e-06,-5.772628700775e-07,1.329825235067e-06,5.772628700775e-07,1.329825235067e-06,2.079654500000e-08,1.653497600000e-06,3.000000000000e-06,3,1,3.750000000000e-07,48,4.185394082917e+00,BORIS,L3/dt-3e-12/eps-3e-06/ranks-1,4.792613408355e-06,6.246397457575e-07,R34,3.965480000000e+00,-1.386352933308e+00,-1.278845934848e+00,0.000000000000e+00,0.000000000000e+00,0.000000000000e+00,-7.209435365348e-01,-1.386353848904e+00,0.000000000000e+00,0.000000000000e+00,0.000000000000e+00,0.000000000000e+00,0.000000000000e+00,3.851349720467e+00,1.040675836537e+01,0.000000000000e+00,0.000000000000e+00,0.000000000000e+00,0.000000000000e+00,1.329222231340e+00,3.851349696105e+00,0.000000000000e+00,0.000000000000e+00,1.811506169747e-06,2.799365137264e-08,0.000000000000e+00,0.000000000000e+00,1.000000000002e+00,-9.437776479979e-02,4.559308367847e-09,5.387071840016e-09,0.000000000000e+00,0.000000000000e+00,0.000000000000e+00,1.000000006639e+00,3.309879699986e-05,-2.024768999176e-05,-5.682007936810e-06,0.000000000000e+00,0.000000000000e+00,OK,,5.016833409144e-06,-1.597237960015e-06,-4.992592215082e-07,1.597237960015e-06,4.992592215082e-07,1.597237960015e-06,1.055874900000e-09,6.323289400000e-08,3.750000000000e-07,48,3.671092499979e+00,BORIS,L3/dt-3e-12/eps-3e-06/ranks-1,5.016833409144e-06,6.450512726782e-07,R34,3.420620000000e+00,-1.386353395012e+00,-1.278846078669e+00,0.000000000000e+00,0.000000000000e+00,0.000000000000e+00,-7.209435124067e-01,-1.386353430574e+00,0.000000000000e+00,0.000000000000e+00,0.000000000000e+00,0.000000000000e+00,0.000000000000e+00,3.851349639512e+00,1.040675814115e+01,0.000000000000e+00,0.000000000000e+00,0.000000000000e+00,0.000000000000e+00,1.329222226575e+00,3.851349686807e+00,0.000000000000e+00,0.000000000000e+00,3.957222177223e-07,1.604332637940e-06,0.000000000000e+00,0.000000000000e+00,9.999999999998e-01,-9.437646265427e-02,4.381564290515e-09,5.038021057246e-09,0.000000000000e+00,0.000000000000e+00,0.000000000000e+00,9.999999995645e-01,5.019830000563e-06,-1.567487123175e-06,-4.774448908941e-07,0.000000000000e+00,0.000000000000e+00,9.553064687418e-01,8.325780305488e-01,1.156238773785e+00
3.000000000000e-12,OK,,4.792573408352e-06,-1.598779921729e-06,-6.107773964616e-07,1.598779921729e-06,6.107773964616e-07,1.598779921729e-06,1.197609400000e-08,2.762111900000e-06,1.000000000000e-05,3,1,1.250000000000e-06,48,4.194663875038e+00,BORIS,L3/dt-3e-12/eps-1e-05/ranks-1,4.792573408352e-06,7.573943016588e-07,R34,3.974250000000e+00,-1.386353405464e+00,-1.278846250456e+00,0.000000000000e+00,0.000000000000e+00,0.000000000000e+00,-7.209434818392e-01,-1.386353489668e+00,0.000000000000e+00,0.000000000000e+00,0.000000000000e+00,0.000000000000e+00,0.000000000000e+00,3.851349720469e+00,1.040675836541e+01,0.000000000000e+00,0.000000000000e+00,0.000000000000e+00,0.000000000000e+00,1.329222231340e+00,3.851349696127e+00,0.000000000000e+00,0.000000000000e+00,-2.456072575525e-06,3.769795085910e-06,0.000000000000e+00,0.000000000000e+00,1.000000000030e+00,-9.437451116312e-02,-1.723960447951e-09,-2.429676738470e-09,0.000000000000e+00,0.000000000000e+00,0.000000000000e+00,9.999999987945e-01,1.845441560902e-05,6.769918891742e-06,1.931169376930e-06,0.000000000000e+00,0.000000000000e+00,OK,,5.015423409915e-06,-1.589725900523e-06,-4.971330782049e-07,1.589725900523e-06,4.971330782049e-07,1.589725900523e-06,3.465652900000e-09,3.028879200000e-06,1.250000000000e-06,48,3.649779750034e+00,BORIS,L3/dt-3e-12/eps-1e-05/ranks-1,5.015423409915e-06,7.432317493003e-07,R34,3.428270000000e+00,-1.386353390994e+00,-1.278846068536e+00,0.000000000000e+00,0.000000000000e+00,0.000000000000e+00,-7.209435119297e-01,-1.386353425728e+00,0.000000000000e+00,0.000000000000e+00,0.000000000000e+00,0.000000000000e+00,0.000000000000e+00,3.851349640216e+00,1.040675814256e+01,0.000000000000e+00,0.000000000000e+00,0.000000000000e+00,0.000000000000e+00,1.329222226935e+00,3.851349687522e+00,0.000000000000e+00,0.000000000000e+00,-2.571997349492e-06,3.330462137387e-06,0.000000000000e+00,0.000000000000e+00,1.000000000000e+00,-9.437480477042e-02,1.973749883790e-10,-4.135048753671e-10,0.000000000000e+00,0.000000000000e+00,0.000000000000e+00,9.999999995660e-01,5.018420001335e-06,-1.583000185952e-06,-4.986659382603e-07,0.000000000000e+00,0.000000000000e+00,9.555670611733e-01,1.005695334776e+00,1.228599389659e+00
3.000000000000e-12,OK,,4.793083409282e-06,-1.649566839263e-06,-4.996478478425e-07,1.649566839263e-06,4.996478478425e-07,1.649566839263e-06,1.813238400000e-10,1.097650800000e-06,3.000000000000e-05,3,1,3.750000000000e-06,48,4.197407208849e+00,BORIS,L3/dt-3e-12/eps-3e-05/ranks-1,4.793083409282e-06,6.481378346174e-07,R34,3.979870000000e+00,-1.386353409218e+00,-1.278846118314e+00,0.000000000000e+00,0.000000000000e+00,0.000000000000e+00,-7.209435046664e-01,-1.386353428316e+00,0.000000000000e+00,0.000000000000e+00,0.000000000000e+00,0.000000000000e+00,0.000000000000e+00,3.851349720217e+00,1.040675836490e+01,0.000000000000e+00,0.000000000000e+00,0.000000000000e+00,0.000000000000e+00,1.329222231212e+00,3.851349695865e+00,0.000000000000e+00,0.000000000000e+00,-6.010974658017e-07,2.064467151500e-06,0.000000000000e+00,0.000000000000e+00,1.000000000001e+00,-9.437603379292e-02,2.844948394177e-11,2.420136960889e-10,0.000000000000e+00,0.000000000000e+00,0.000000000000e+00,1.000000000764e+00,4.796300000720e-06,-1.104255490975e-06,8.201761828805e-07,0.000000000000e+00,0.000000000000e+00,OK,,5.016973409155e-06,-1.591451590955e-06,-4.984514229209e-07,1.591451590955e-06,4.984514229209e-07,1.591451590955e-06,7.444143100000e-10,1.009224800000e-06,3.750000000000e-06,48,3.651870625094e+00,BORIS,L3/dt-3e-12/eps-3e-05/ranks-1,5.016973409155e-06,6.618217444323e-07,R34,3.429330000000e+00,-1.386353391923e+00,-1.278846071096e+00,0.000000000000e+00,0.000000000000e+00,0.000000000000e+00,-7.209435124215e-01,-1.386353429012e+00,0.000000000000e+00,0.000000000000e+00,0.000000000000e+00,0.000000000000e+00,0.000000000000e+00,3.851349639497e+00,1.040675814101e+01,0.000000000000e+00,0.000000000000e+00,0.000000000000e+00,0.000000000000e+00,1.329222226567e+00,3.851349686724e+00,0.000000000000e+00,0.000000000000e+00,-5.529059662456e-07,2.156194936258e-06,0.000000000000e+00,0.000000000000e+00,1.000000000000e+00,-9.437593257664e-02,-2.037286721161e-11,-4.885042753966e-10,0.000000000000e+00,0.000000000000e+00,0.000000000000e+00,1.000000000372e+00,5.019970000575e-06,-1.584493815330e-06,-4.951603098439e-07,0.000000000000e+00,0.000000000000e+00,9.553734928185e-01,1.036517132308e+00,1.002400283892e+00
3.000000000000e-12,OK,,4.792643409246e-06,-1.581154321334e-06,-4.813829584650e-07,1.581154321334e-06,4.813829584650e-07,1.581154321334e-06,4.885658500000e-11,2.917082300000e-07,1.000000000000e-04,3,1,1.250000000000e-05,48,4.218509125058e+00,BORIS,L3/dt-3e-12/eps-0.0001/ranks-1,4.792643409246e-06,6.359855224049e-07,R34,3.996970000000e+00,-1.386353436666e+00,-1.278846128398e+00,0.000000000000e+00,0.000000000000e+00,0.000000000000e+00,-7.209435019372e-01,-1.386353403875e+00,0.000000000000e+00,0.000000000000e+00,0.000000000000e+00,0.000000000000e+00,0.000000000000e+00,3.851349720453e+00,1.040675836534e+01,0.000000000000e+00,0.000000000000e+00,0.000000000000e+00,0.000000000000e+00,1.329222231333e+00,3.851349696088e+00,0.000000000000e+00,0.000000000000e+00,1.808440626842e-07,1.759827567425e-06,0.000000000000e+00,0.000000000000e+00,1.000000000004e+00,-9.437634395256e-02,3.943481900013e-11,1.308774816638e-10,0.000000000000e+00,0.000000000000e+00,0.000000000000e+00,1.000000000220e+00,4.795869999796e-06,-1.758579671745e-06,-4.958742009938e-07,0.000000000000e+00,0.000000000000e+00,OK,,5.016983410044e-06,-1.591188810356e-06,-4.982694521431e-07,1.591188810356e-06,4.982694521431e-07,1.591188810356e-06,1.786960600000e-10,3.026743600000e-07,1.250000000000e-05,48,3.680573875085e+00,BORIS,L3/dt-3e-12/eps-0.0001/ranks-1,5.016983410044e-06,6.475365565494e-07,R34,3.458750000000e+00,-1.386353391603e+00,-1.278846070521e+00,0.000000000000e+00,0.000000000000e+00,0.000000000000e+00,-7.209435122642e-01,-1.386353428593e+00,0.000000000000e+00,0.000000000000e+00,0.000000000000e+00,0.000000000000e+00,0.000000000000e+00,3.851349639512e+00,1.040675814100e+01,0.000000000000e+00,0.000000000000e+00,0.000000000000e+00,0.000000000000e+00,1.329222226575e+00,3.851349686717e+00,0.000000000000e+00,0.000000000000e+00,1.536934502666e-07,1.745219761903e-06,0.000000000000e+00,0.000000000000e+00,1.000000000000e+00,-9.437632692760e-02,1.260787921707e-10,5.504140889565e-11,0.000000000000e+00,0.000000000000e+00,0.000000000000e+00,9.999999998978e-01,5.019980001464e-06,-1.584425602469e-06,-4.967369982286e-07,0.000000000000e+00,0.000000000000e+00,9.552838862594e-01,9.936937156944e-01,9.661097151241e-01
3.000000000000e-12,OK,,4.793233408407e-06,-1.598215759004e-06,-4.851020986830e-07,1.598215759004e-06,4.851020986830e-07,1.598215759004e-06,8.243084000000e-11,9.889041400000e-08,3.000000000000e-04,3,1,3.750000000000e-05,48,4.122430624906e+00,BORIS,L3/dt-3e-12/eps-0.0003/ranks-1,4.793233408407e-06,6.347240505723e-07,R34,3.902920000000e+00,-1.386353426466e+00,-1.278846141165e+00,0.000000000000e+00,0.000000000000e+00,0.000000000000e+00,-7.209435006575e-01,-1.386353419712e+00,0.000000000000e+00,0.000000000000e+00,0.000000000000e+00,0.000000000000e+00,0.000000000000e+00,3.851349720217e+00,1.040675836475e+01,0.000000000000e+00,0.000000000000e+00,0.000000000000e+00,0.000000000000e+00,1.329222231212e+00,3.851349695775e+00,0.000000000000e+00,0.000000000000e+00,3.808154317591e-07,1.653083124568e-06,0.000000000000e+00,0.000000000000e+00,9.999999999999e-01,-9.437643911631e-02,-5.868226263415e-11,-6.918388339656e-11,0.000000000000e+00,0.000000000000e+00,0.000000000000e+00,1.000000000018e+00,4.796469999846e-06,-1.452191886261e-06,-4.941818573034e-07,0.000000000000e+00,0.000000000000e+00,OK,,5.017013409159e-06,-1.591132287098e-06,-4.982751793951e-07,1.591132287098e-06,4.982751793951e-07,1.591132287098e-06,1.147748600000e-11,1.006363800000e-07,3.750000000000e-05,48,3.614853000036e+00,BORIS,L3/dt-3e-12/eps-0.0003/ranks-1,5.017013409159e-06,6.449997145257e-07,R34,3.394950000000e+00,-1.386353392008e+00,-1.278846070532e+00,0.000000000000e+00,0.000000000000e+00,0.000000000000e+00,-7.209435125463e-01,-1.386353428494e+00,0.000000000000e+00,0.000000000000e+00,0.000000000000e+00,0.000000000000e+00,0.000000000000e+00,3.851349639497e+00,1.040675814097e+01,0.000000000000e+00,0.000000000000e+00,0.000000000000e+00,0.000000000000e+00,1.329222226567e+00,3.851349686702e+00,0.000000000000e+00,0.000000000000e+00,3.556899333544e-07,1.627670685103e-06,0.000000000000e+00,0.000000000000e+00,1.000000000000e+00,-9.437643988434e-02,4.982606747558e-11,1.111107037807e-11,0.000000000000e+00,0.000000000000e+00,0.000000000000e+00,1.000000000029e+00,5.020010000578e-06,-1.584368052158e-06,-4.959425012050e-07,0.000000000000e+00,0.000000000000e+00,9.553957738396e-01,1.004451843485e+00,9.735626391664e-01
3.000000000000e-12,OK,,4.791693410056e-06,-1.593674452749e-06,-4.807131803534e-07,1.593674452749e-06,4.807131803534e-07,1.593674452749e-06,1.957345400000e-10,3.477272700000e-08,1.000000000000e-03,3,1,1.250000000000e-04,48,4.138672666857e+00,BORIS,L3/dt-3e-12/eps-0.001/ranks-1,4.791693410056e-06,6.339396101456e-07,R34,3.915710000000e+00,-1.386353433531e+00,-1.278846148430e+00,0.000000000000e+00,0.000000000000e+00,0.000000000000e+00,-7.209434993777e-01,-1.386353415209e+00,0.000000000000e+00,0.000000000000e+00,0.000000000000e+00,0.000000000000e+00,0.000000000000e+00,3.851349720950e+00,1.040675836629e+01,0.000000000000e+00,0.000000000000e+00,0.000000000000e+00,0.000000000000e+00,1.329222231587e+00,3.851349696565e+00,0.000000000000e+00,0.000000000000e+00,4.477378784269e-07,1.603671014147e-06,0.000000000000e+00,0.000000000000e+00,9.999999999997e-01,-9.437647824295e-02,2.785880050611e-12,1.035114806950e-11,0.000000000000e+00,0.000000000000e+00,0.000000000000e+00,1.000000000034e+00,4.795030001503e-06,-1.584887693695e-06,-4.766660410107e-07,0.000000000000e+00,0.000000000000e+00,OK,,5.016973409155e-06,-1.591104338202e-06,-4.982477333496e-07,1.591104338202e-06,4.982477333496e-07,1.591104338202e-06,2.956746000000e-11,2.997662400000e-08,1.250000000000e-04,48,3.589982165955e+00,BORIS,L3/dt-3e-12/eps-0.001/ranks-1,5.016973409155e-06,6.442724442066e-07,R34,3.368220000000e+00,-1.386353392018e+00,-1.278846070517e+00,0.000000000000e+00,0.000000000000e+00,0.000000000000e+00,-7.209435125730e-01,-1.386353428495e+00,0.000000000000e+00,0.000000000000e+00,0.000000000000e+00,0.000000000000e+00,0.000000000000e+00,3.851349639497e+00,1.040675814101e+01,0.000000000000e+00,0.000000000000e+00,0.000000000000e+00,0.000000000000e+00,1.329222226567e+00,3.851349686724e+00,0.000000000000e+00,0.000000000000e+00,4.263713546476e-07,1.586620911943e-06,0.000000000000e+00,0.000000000000e+00,1.000000000000e+00,-9.437647938769e-02,9.924102664422e-12,-8.746075366117e-12,0.000000000000e+00,0.000000000000e+00,0.000000000000e+00,1.000000000019e+00,5.019970000575e-06,-1.584408746390e-06,-4.962006077411e-07,0.000000000000e+00,0.000000000000e+00,9.550964335015e-01,1.001615302331e+00,9.648075609330e-01
3.000000000000e-12,OK,,4.791763409173e-06,-1.590718528616e-06,-4.810149587233e-07,1.590718528616e-06,4.810149587233e-07,1.590718528616e-06,2.839436500000e-10,9.025494700000e-09,3.000000000000e-03,3,1,3.750000000000e-04,48,4.119281374849e+00,BORIS,L3/dt-3e-12/eps-0.003/ranks-1,4.791763409173e-06,6.335631101986e-07,R34,3.902140000000e+00,-1.386353429401e+00,-1.278846143064e+00,0.000000000000e+00,0.000000000000e+00,0.000000000000e+00,-7.209435003464e-01,-1.386353417429e+00,0.000000000000e+00,0.000000000000e+00,0.000000000000e+00,0.000000000000e+00,0.000000000000e+00,3.851349720936e+00,1.040675836622e+01,0.000000000000e+00,0.000000000000e+00,0.000000000000e+00,0.000000000000e+00,1.329222231580e+00,3.851349696526e+00,0.000000000000e+00,0.000000000000e+00,4.709356859328e-07,1.597011870523e-06,0.000000000000e+00,0.000000000000e+00,1.000000000000e+00,-9.437648986240e-02,2.816835791567e-12,7.899516123118e-12,0.000000000000e+00,0.000000000000e+00,0.000000000000e+00,1.000000000002e+00,4.794980000611e-06,-1.622138056744e-06,-4.816146806232e-07,0.000000000000e+00,0.000000000000e+00,OK,,5.015503409922e-06,-1.591112237557e-06,-4.982403506993e-07,1.591112237557e-06,4.982403506993e-07,1.591112237557e-06,1.117834700000e-10,9.388735700000e-09,3.750000000000e-04,48,3.617359125055e+00,BORIS,L3/dt-3e-12/eps-0.003/ranks-1,5.015503409922e-06,6.439690126539e-07,R34,3.396730000000e+00,-1.386353392014e+00,-1.278846070517e+00,0.000000000000e+00,0.000000000000e+00,0.000000000000e+00,-7.209435125700e-01,-1.386353428487e+00,0.000000000000e+00,0.000000000000e+00,0.000000000000e+00,0.000000000000e+00,0.000000000000e+00,3.851349640216e+00,1.040675814248e+01,0.000000000000e+00,0.000000000000e+00,0.000000000000e+00,0.000000000000e+00,1.329222226935e+00,3.851349687478e+00,0.000000000000e+00,0.000000000000e+00,4.469759113147e-07,1.575102014000e-06,0.000000000000e+00,0.000000000000e+00,1.000000000000e+00,-9.437649042841e-02,2.100308105677e-12,6.927816133810e-12,0.000000000000e+00,0.000000000000e+00,0.000000000000e+00,1.000000000002e+00,5.018500001341e-06,-1.584391463987e-06,-4.962106316818e-07,0.000000000000e+00,0.000000000000e+00,9.553903202804e-01,9.997525574050e-01,9.654275452564e-01
3.000000000000e-12,OK,,4.791763409173e-06,-1.591321368851e-06,-4.808105701513e-07,1.591321368851e-06,4.808105701513e-07,1.591321368851e-06,1.835420700000e-10,7.790278800000e-09,1.000000000000e-02,3,1,1.250000000000e-03,48,4.071998375002e+00,BORIS,L3/dt-3e-12/eps-0.01/ranks-1,4.791763409173e-06,6.334747125443e-07,R34,3.851000000000e+00,-1.386353430077e+00,-1.278846144196e+00,0.000000000000e+00,0.000000000000e+00,0.000000000000e+00,-7.209435002424e-01,-1.386353417317e+00,0.000000000000e+00,0.000000000000e+00,0.000000000000e+00,0.000000000000e+00,0.000000000000e+00,3.851349720936e+00,1.040675836622e+01,0.000000000000e+00,0.000000000000e+00,0.000000000000e+00,0.000000000000e+00,1.329222231580e+00,3.851349696528e+00,0.000000000000e+00,0.000000000000e+00,4.728892526966e-07,1.590973617452e-06,0.000000000000e+00,0.000000000000e+00,1.000000000000e+00,-9.437649712935e-02,-1.239951216149e-12,-2.769250017928e-12,0.000000000000e+00,0.000000000000e+00,0.000000000000e+00,1.000000000001e+00,4.795009999725e-06,-1.575081309420e-06,-4.833232219532e-07,0.000000000000e+00,0.000000000000e+00,OK,,5.015393409025e-06,-1.591116503830e-06,-4.982476233817e-07,1.591116503830e-06,4.982476233817e-07,1.591116503830e-06,4.660838400000e-11,7.896098600000e-09,1.250000000000e-03,48,3.579126750119e+00,BORIS,L3/dt-3e-12/eps-0.01/ranks-1,5.015393409025e-06,6.438058340791e-07,R34,3.356640000000e+00,-1.386353392003e+00,-1.278846070516e+00,0.000000000000e+00,0.000000000000e+00,0.000000000000e+00,-7.209435125647e-01,-1.386353428491e+00,0.000000000000e+00,0.000000000000e+00,0.000000000000e+00,0.000000000000e+00,0.000000000000e+00,3.851349640232e+00,1.040675814259e+01,0.000000000000e+00,0.000000000000e+00,0.000000000000e+00,0.000000000000e+00,1.329222226943e+00,3.851349687539e+00,0.000000000000e+00,0.000000000000e+00,4.484618166924e-07,1.568387046625e-06,0.000000000000e+00,0.000000000000e+00,1.000000000000e+00,-9.437649702625e-02,-8.142966787228e-13,-2.943644079158e-12,0.000000000000e+00,0.000000000000e+00,0.000000000000e+00,9.999999999973e-01,5.018390000444e-06,-1.584410656798e-06,-4.962262089195e-07,0.000000000000e+00,0.000000000000e+00,9.554112745274e-01,1.000128755513e+00,9.650032385262e-01
3.000000000000e-12,OK,,4.793103409284e-06,-1.591343172118e-06,-4.808355865384e-07,1.591343172118e-06,4.808355865384e-07,1.591343172118e-06,1.639926000000e-10,1.054887400000e-09,3.000000000000e-02,3,1,3.750000000000e-03,48,4.533155916957e+00,BORIS,L3/dt-3e-12/eps-0.03/ranks-1,4.793103409284e-06,6.336542562471e-07,R34,4.289950000000e+00,-1.386353430003e+00,-1.278846144321e+00,0.000000000000e+00,0.000000000000e+00,0.000000000000e+00,-7.209435002826e-01,-1.386353417551e+00,0.000000000000e+00,0.000000000000e+00,0.000000000000e+00,0.000000000000e+00,0.000000000000e+00,3.851349720210e+00,1.040675836488e+01,0.000000000000e+00,0.000000000000e+00,0.000000000000e+00,0.000000000000e+00,1.329222231209e+00,3.851349695857e+00,0.000000000000e+00,0.000000000000e+00,4.796055544038e-07,1.591975239682e-06,0.000000000000e+00,0.000000000000e+00,1.000000000000e+00,-9.437649564003e-02,1.075429721350e-13,-6.096431755412e-14,0.000000000000e+00,0.000000000000e+00,0.000000000000e+00,9.999999999999e-01,4.796369999838e-06,-1.585717905860e-06,-4.784278283348e-07,0.000000000000e+00,0.000000000000e+00,OK,,5.015873409064e-06,-1.591114415495e-06,-4.982459614333e-07,1.591114415495e-06,4.982459614333e-07,1.591114415495e-06,3.732614200000e-11,1.019409500000e-09,3.750000000000e-03,48,3.539348750142e+00,BORIS,L3/dt-3e-12/eps-0.03/ranks-1,5.015873409064e-06,6.439040682447e-07,R34,3.316590000000e+00,-1.386353392007e+00,-1.278846070516e+00,0.000000000000e+00,0.000000000000e+00,0.000000000000e+00,-7.209435125678e-01,-1.386353428492e+00,0.000000000000e+00,0.000000000000e+00,0.000000000000e+00,0.000000000000e+00,0.000000000000e+00,3.851349639979e+00,1.040675814211e+01,0.000000000000e+00,0.000000000000e+00,0.000000000000e+00,0.000000000000e+00,1.329222226814e+00,3.851349687297e+00,0.000000000000e+00,0.000000000000e+00,4.553392375542e-07,1.569351707876e-06,0.000000000000e+00,0.000000000000e+00,1.000000000000e+00,-9.437649572816e-02,-1.078311806333e-13,-6.731191531533e-13,0.000000000000e+00,0.000000000000e+00,0.000000000000e+00,9.999999999995e-01,5.018870000484e-06,-1.584403779352e-06,-4.962168984721e-07,0.000000000000e+00,0.000000000000e+00,9.555869971963e-01,1.000143771322e+00,9.650566663003e-01
3.000000000000e-12,OK,,4.791033410001e-06,-1.591397539596e-06,-4.808375864024e-07,1.591397539596e-06,4.808375864024e-07,1.591397539596e-06,1.629929500000e-11,2.117954500000e-10,1.000000000000e-01,3,1,1.250000000000e-02,48,4.581935750088e+00,BORIS,L3/dt-3e-12/eps-0.1/ranks-1,4.791033410001e-06,6.334690563263e-07,R34,4.340070000000e+00,-1.386353430017e+00,-1.278846144315e+00,0.000000000000e+00,0.000000000000e+00,0.000000000000e+00,-7.209435003027e-01,-1.386353417518e+00,0.000000000000e+00,0.000000000000e+00,0.000000000000e+00,0.000000000000e+00,0.000000000000e+00,3.851349721210e+00,1.040675836695e+01,0.000000000000e+00,0.000000000000e+00,0.000000000000e+00,0.000000000000e+00,1.329222231721e+00,3.851349696921e+00,0.000000000000e+00,0.000000000000e+00,4.804850639497e-07,1.591471155735e-06,0.000000000000e+00,0.000000000000e+00,1.000000000000e+00,-9.437649775493e-02,1.692909457296e-13,2.735417476121e-13,0.000000000000e+00,0.000000000000e+00,0.000000000000e+00,1.000000000000e+00,4.794280000553e-06,-1.583377591156e-06,-4.783673543796e-07,0.000000000000e+00,0.000000000000e+00,OK,,5.015273409015e-06,-1.591115336053e-06,-4.982488634453e-07,1.591115336053e-06,4.982488634453e-07,1.591115336053e-06,6.624312200000e-11,2.252098100000e-10,1.250000000000e-02,48,3.551984000020e+00,BORIS,L3/dt-3e-12/eps-0.1/ranks-1,5.015273409015e-06,6.438344834699e-07,R34,3.330760000000e+00,-1.386353392002e+00,-1.278846070512e+00,0.000000000000e+00,0.000000000000e+00,0.000000000000e+00,-7.209435125666e-01,-1.386353428492e+00,0.000000000000e+00,0.000000000000e+00,0.000000000000e+00,0.000000000000e+00,0.000000000000e+00,3.851349640296e+00,1.040675814271e+01,0.000000000000e+00,0.000000000000e+00,0.000000000000e+00,0.000000000000e+00,1.329222226977e+00,3.851349687601e+00,0.000000000000e+00,0.000000000000e+00,4.561856385701e-07,1.568889817823e-06,0.000000000000e+00,0.000000000000e+00,1.000000000000e+00,-9.437649783226e-02,-2.087749063335e-14,-8.379526155929e-14,0.000000000000e+00,0.000000000000e+00,0.000000000000e+00,9.999999999999e-01,5.018219999542e-06,-1.584400341312e-06,-4.962167037475e-07,0.000000000000e+00,0.000000000000e+00,9.552885793602e-01,1.000177362091e+00,9.650550591877e-01
1.000000000000e-11,OK,,5.334341340912e-05,-1.731876440726e-05,-5.530036010169e-06,1.731876440726e-05,5.530036010169e-06,1.731876440726e-05,8.241724100000e-08,1.857254700000e-06,1.000000000000e-06,3,1,1.250000000000e-07,48,3.474510708125e+00,BORIS,L3/dt-1e-11/eps-1e-06/ranks-1,5.334341340912e-05,7.026657213011e-06,R34,3.254910000000e+00,-1.386364730209e+00,-1.278883960638e+00,0.000000000000e+00,0.000000000000e+00,0.000000000000e+00,-7.209473560327e-01,-1.386365390950e+00,0.000000000000e+00,0.000000000000e+00,0.000000000000e+00,0.000000000000e+00,0.000000000000e+00,3.851325615068e+00,1.040670981457e+01,0.000000000000e+00,0.000000000000e+00,0.000000000000e+00,0.000000000000e+00,1.329210510674e+00,3.851325374577e+00,0.000000000000e+00,0.000000000000e+00,5.950753108474e-06,1.879516199806e-05,0.000000000000e+00,0.000000000000e+00,1.000000000281e+00,-9.436896498800e-02,-3.535798566076e-09,-4.900812182731e-10,0.000000000000e+00,0.000000000000e+00,0.000000000000e+00,1.000000011036e+00,5.334667000056e-05,-1.083222326064e-05,-1.386818592015e-05,0.000000000000e+00,0.000000000000e+00,OK,,5.532987341006e-05,-1.750905627270e-05,-5.478856043726e-06,1.750905627270e-05,5.478856043726e-06,1.750905627270e-05,5.509399600000e-08,6.273830500000e-08,1.250000000000e-07,48,2.674417666858e+00,BORIS,L3/dt-1e-11/eps-1e-06/ranks-1,5.532987341006e-05,7.101280011463e-06,R34,2.454560000000e+00,-1.386364799384e+00,-1.278883692609e+00,0.000000000000e+00,0.000000000000e+00,0.000000000000e+00,-7.209474232745e-01,-1.386365147882e+00,0.000000000000e+00,0.000000000000e+00,0.000000000000e+00,0.000000000000e+00,0.000000000000e+00,3.851324959797e+00,1.040670782811e+01,0.000000000000e+00,0.000000000000e+00,0.000000000000e+00,0.000000000000e+00,1.329210574572e+00,3.851325516764e+00,0.000000000000e+00,0.000000000000e+00,5.033250584789e-06,1.728885075444e-05,0.000000000000e+00,0.000000000000e+00,1.000000000000e+00,-9.436904962917e-02,5.074099618069e-09,6.425022450657e-09,0.000000000000e+00,0.000000000000e+00,0.000000000000e+00,1.000000008226e+00,5.533287000148e-05,-1.757358813619e-05,-5.578617475987e-06,0.000000000000e+00,0.000000000000e+00,9.640978755506e-01,9.891318034235e-01,1.009341359954e+00
1.000000000000e-11,OK,,5.331607340864e-05,-1.774253626270e-05,-5.325336959142e-06,1.774253626270e-05,5.325336959142e-06,1.774253626270e-05,5.633418800000e-08,1.835082700000e-07,3.000000000000e-06,3,1,3.750000000000e-07,48,3.494561499916e+00,BORIS,L3/dt-1e-11/eps-3e-06/ranks-1,5.331607340864e-05,7.038798949592e-06,R34,3.273160000000e+00,-1.386365299028e+00,-1.278884692418e+00,0.000000000000e+00,0.000000000000e+00,0.000000000000e+00,-7.209473147161e-01,-1.386365133642e+00,0.000000000000e+00,0.000000000000e+00,0.000000000000e+00,0.000000000000e+00,0.000000000000e+00,3.851325615024e+00,1.040670984191e+01,0.000000000000e+00,0.000000000000e+00,0.000000000000e+00,0.000000000000e+00,1.329210510652e+00,3.851325391463e+00,0.000000000000e+00,0.000000000000e+00,5.327971449191e-06,1.760366010255e-05,0.000000000000e+00,0.000000000000e+00,1.000000000002e+00,-9.436909600178e-02,-8.193909103673e-10,-2.821470500678e-10,0.000000000000e+00,0.000000000000e+00,0.000000000000e+00,9.999999993444e-01,7.185636699991e-05,-3.666040101939e-05,-1.043008202588e-05,0.000000000000e+00,0.000000000000e+00,OK,,5.520857340890e-05,-1.751891612278e-05,-5.475642966759e-06,1.751891612278e-05,5.475642966759e-06,1.751891612278e-05,4.163587100000e-09,1.426693100000e-08,3.750000000000e-07,48,2.685986125143e+00,BORIS,L3/dt-1e-11/eps-3e-06/ranks-1,5.520857340890e-05,7.091238746021e-06,R34,2.465800000000e+00,-1.386364809742e+00,-1.278883685782e+00,0.000000000000e+00,0.000000000000e+00,0.000000000000e+00,-7.209474275362e-01,-1.386365186450e+00,0.000000000000e+00,0.000000000000e+00,0.000000000000e+00,0.000000000000e+00,0.000000000000e+00,3.851325019056e+00,1.040670794941e+01,0.000000000000e+00,0.000000000000e+00,0.000000000000e+00,0.000000000000e+00,1.329210604864e+00,3.851325578773e+00,0.000000000000e+00,0.000000000000e+00,5.031635770003e-06,1.727030018243e-05,0.000000000000e+00,0.000000000000e+00,1.000000000001e+00,-9.436909531520e-02,1.640688538246e-09,3.579796401337e-09,0.000000000000e+00,0.000000000000e+00,0.000000000000e+00,1.000000001294e+00,5.521157000032e-05,-1.748916528594e-05,-5.453828636145e-06,0.000000000000e+00,0.000000000000e+00,9.657209037762e-01,1.012764496294e+00,9.725500715570e-01
1.000000000000e-11,OK,,5.333594340939e-05,-1.739688178652e-05,-5.331311984665e-06,1.739688178652e-05,5.331311984665e-06,1.739688178652e-05,1.442435800000e-08,6.797069700000e-07,1.000000000000e-05,3,1,1.250000000000e-06,48,3.499474334065e+00,BORIS,L3/dt-1e-11/eps-1e-05/ranks-1,5.333594340939e-05,7.023063225713e-06,R34,3.278980000000e+00,-1.386365130098e+00,-1.278884312495e+00,0.000000000000e+00,0.000000000000e+00,0.000000000000e+00,-7.209473142438e-01,-1.386365093627e+00,0.000000000000e+00,0.000000000000e+00,0.000000000000e+00,0.000000000000e+00,0.000000000000e+00,3.851325618713e+00,1.040670982204e+01,0.000000000000e+00,0.000000000000e+00,0.000000000000e+00,0.000000000000e+00,1.329210512538e+00,3.851325378392e+00,0.000000000000e+00,0.000000000000e+00,4.666746442733e-06,1.797987229608e-05,0.000000000000e+00,0.000000000000e+00,1.000000000030e+00,-9.436864735225e-02,1.160156420613e-09,1.409588276786e-09,0.000000000000e+00,0.000000000000e+00,0.000000000000e+00,1.000000001908e+00,5.333912000083e-05,-9.028182973049e-06,-2.789365211273e-06,0.000000000000e+00,0.000000000000e+00,OK,,5.532932340913e-05,-1.756718159218e-05,-5.495382046128e-06,1.756718159218e-05,5.495382046128e-06,1.756718159218e-05,7.534745100000e-10,6.788522300000e-07,1.250000000000e-06,48,2.704023000086e+00,BORIS,L3/dt-1e-11/eps-1e-05/ranks-1,5.532932340913e-05,7.115326049907e-06,R34,2.483760000000e+00,-1.386364849415e+00,-1.278883808695e+00,0.000000000000e+00,0.000000000000e+00,0.000000000000e+00,-7.209474376812e-01,-1.386365216160e+00,0.000000000000e+00,0.000000000000e+00,0.000000000000e+00,0.000000000000e+00,0.000000000000e+00,3.851324959797e+00,1.040670782866e+01,0.000000000000e+00,0.000000000000e+00,0.000000000000e+00,0.000000000000e+00,1.329210574572e+00,3.851325517107e+00,0.000000000000e+00,0.000000000000e+00,4.367565545875e-06,1.772525610546e-05,0.000000000000e+00,0.000000000000e+00,9.999999999998e-01,-9.436871598556e-02,-8.188901932089e-11,-7.446764875952e-10,0.000000000000e+00,0.000000000000e+00,0.000000000000e+00,1.000000000082e+00,5.533232000055e-05,-1.756045587761e-05,-5.496914906183e-06,0.000000000000e+00,0.000000000000e+00,9.639724493828e-01,9.903057980720e-01,9.701440118110e-01
1.000000000000e-11,OK,,5.297313340868e-05,-1.746054935173e-05,-5.260601860133e-06,1.746054935173e-05,5.260601860133e-06,1.746054935173e-05,3.161962500000e-08,7.033977700000e-06,3.000000000000e-05,3,1,3.750000000000e-06,48,3.547762000002e+00,BORIS,L3/dt-1e-11/eps-3e-05/ranks-1,5.297313340868e-05,6.959704170599e-06,R34,3.328300000000e+00,-1.386365162265e+00,-1.278884330761e+00,0.000000000000e+00,0.000000000000e+00,0.000000000000e+00,-7.209472751720e-01,-1.386365023059e+00,0.000000000000e+00,0.000000000000e+00,0.000000000000e+00,0.000000000000e+00,0.000000000000e+00,3.851325795665e+00,1.040671018485e+01,0.000000000000e+00,0.000000000000e+00,0.000000000000e+00,0.000000000000e+00,1.329210602993e+00,3.851325563913e+00,0.000000000000e+00,0.000000000000e+00,1.232895069483e-05,1.332074610615e-05,0.000000000000e+00,0.000000000000e+00,1.000000000005e+00,-9.437312798849e-02,5.011612985326e-10,8.639596347383e-10,0.000000000000e+00,0.000000000000e+00,0.000000000000e+00,9.999999999128e-01,5.297635000012e-05,-1.691523800344e-05,-3.940777829410e-06,0.000000000000e+00,0.000000000000e+00,OK,,5.572703340917e-05,-1.745342984984e-05,-5.465523262353e-06,1.745342984984e-05,5.465523262353e-06,1.745342984984e-05,3.097993300000e-09,7.065432600000e-06,3.750000000000e-06,48,2.729819874978e+00,BORIS,L3/dt-1e-11/eps-3e-05/ranks-1,5.572703340917e-05,7.097993267455e-06,R34,2.510500000000e+00,-1.386364746578e+00,-1.278883524051e+00,0.000000000000e+00,0.000000000000e+00,0.000000000000e+00,-7.209474117456e-01,-1.386365145552e+00,0.000000000000e+00,0.000000000000e+00,0.000000000000e+00,0.000000000000e+00,0.000000000000e+00,3.851324779200e+00,1.040670743095e+01,0.000000000000e+00,0.000000000000e+00,0.000000000000e+00,0.000000000000e+00,1.329210482253e+00,3.851325310834e+00,0.000000000000e+00,0.000000000000e+00,1.207122685802e-05,1.309896239429e-05,0.000000000000e+00,0.000000000000e+00,9.999999999999e-01,-9.437308522237e-02,2.207061174159e-11,5.074037620910e-10,0.000000000000e+00,0.000000000000e+00,0.000000000000e+00,1.000000000402e+00,5.573003000059e-05,-1.744647207421e-05,-5.462232149276e-06,0.000000000000e+00,0.000000000000e+00,9.505823326307e-01,1.000407914201e+00,9.625065355349e-01
1.000000000000e-11,OK,,5.334341340912e-05,-1.745740398908e-05,-5.272473944227e-06,1.745740398908e-05,5.272473944227e-06,1.745740398908e-05,2.139604900000e-09,1.122069900000e-05,1.000000000000e-04,3,1,1.250000000000e-05,48,3.549856500002e+00,BORIS,L3/dt-1e-11/eps-0.0001/ranks-1,5.334341340912e-05,7.213827508482e-06,R34,3.330730000000e+00,-1.386365170135e+00,-1.278884336216e+00,0.000000000000e+00,0.000000000000e+00,0.000000000000e+00,-7.209472747450e-01,-1.386365018505e+00,0.000000000000e+00,0.000000000000e+00,0.000000000000e+00,0.000000000000e+00,0.000000000000e+00,3.851325615068e+00,1.040670981457e+01,0.000000000000e+00,0.000000000000e+00,0.000000000000e+00,0.000000000000e+00,1.329210510674e+00,3.851325374577e+00,0.000000000000e+00,0.000000000000e+00,-5.944400980254e-06,2.397769368841e-05,0.000000000000e+00,0.000000000000e+00,1.000000000004e+00,-9.436287189518e-02,-4.407022130520e-11,3.700002097692e-11,0.000000000000e+00,0.000000000000e+00,0.000000000000e+00,1.000000000015e+00,5.334663999967e-05,-1.763482933949e-05,-5.286965186756e-06,0.000000000000e+00,0.000000000000e+00,OK,,5.532032340838e-05,-1.745360410989e-05,-5.465951269888e-06,1.745360410989e-05,5.465951269888e-06,1.745360410989e-05,5.797832000000e-09,1.121898400000e-05,1.250000000000e-05,48,2.743427250069e+00,BORIS,L3/dt-1e-11/eps-0.0001/ranks-1,5.532032340838e-05,7.288351081194e-06,R34,2.523640000000e+00,-1.386364746465e+00,-1.278883524258e+00,0.000000000000e+00,0.000000000000e+00,0.000000000000e+00,-7.209474115154e-01,-1.386365144916e+00,0.000000000000e+00,0.000000000000e+00,0.000000000000e+00,0.000000000000e+00,0.000000000000e+00,3.851324959797e+00,1.040670783766e+01,0.000000000000e+00,0.000000000000e+00,0.000000000000e+00,0.000000000000e+00,1.329210574572e+00,3.851325522662e+00,0.000000000000e+00,0.000000000000e+00,-6.213668010217e-06,2.372678886386e-05,0.000000000000e+00,0.000000000000e+00,1.000000000000e+00,-9.436287396161e-02,1.342580190200e-10,1.679913418591e-10,0.000000000000e+00,0.000000000000e+00,0.000000000000e+00,1.000000000169e+00,5.532331999980e-05,-1.744684090200e-05,-5.464418815973e-06,0.000000000000e+00,0.000000000000e+00,9.642643087123e-01,1.000217713153e+00,9.646031740665e-01
1.000000000000e-11,OK,,5.334285340908e-05,-1.745158595614e-05,-5.271048926789e-06,1.745158595614e-05,5.271048926789e-06,1.745158595614e-05,9.676188700000e-10,3.735604800000e-06,3.000000000000e-04,3,1,3.750000000000e-05,48,3.574606999988e+00,BORIS,L3/dt-1e-11/eps-0.0003/ranks-1,5.334285340908e-05,7.059333060682e-06,R34,3.355170000000e+00,-1.386365169093e+00,-1.278884330239e+00,0.000000000000e+00,0.000000000000e+00,0.000000000000e+00,-7.209472775602e-01,-1.386365020866e+00,0.000000000000e+00,0.000000000000e+00,0.000000000000e+00,0.000000000000e+00,0.000000000000e+00,3.851325615068e+00,1.040670981513e+01,0.000000000000e+00,0.000000000000e+00,0.000000000000e+00,0.000000000000e+00,1.329210510674e+00,3.851325374920e+00,0.000000000000e+00,0.000000000000e+00,1.538470531952e-06,1.963216793369e-05,0.000000000000e+00,0.000000000000e+00,9.999999999999e-01,-9.436705071194e-02,-6.475460542273e-12,2.875704124473e-11,0.000000000000e+00,0.000000000000e+00,0.000000000000e+00,1.000000000009e+00,5.334609000052e-05,-1.730556208340e-05,-5.280128685409e-06,0.000000000000e+00,0.000000000000e+00,OK,,5.533690340975e-05,-1.745071880154e-05,-5.465186955322e-06,1.745071880154e-05,5.465186955322e-06,1.745071880154e-05,3.574178700000e-10,3.739126200000e-06,3.750000000000e-05,48,2.756269291975e+00,BORIS,L3/dt-1e-11/eps-0.0003/ranks-1,5.533690340975e-05,7.135874412723e-06,R34,2.536740000000e+00,-1.386364748239e+00,-1.278883519367e+00,0.000000000000e+00,0.000000000000e+00,0.000000000000e+00,-7.209474121123e-01,-1.386365143740e+00,0.000000000000e+00,0.000000000000e+00,0.000000000000e+00,0.000000000000e+00,0.000000000000e+00,3.851324956094e+00,1.040670782108e+01,0.000000000000e+00,0.000000000000e+00,0.000000000000e+00,0.000000000000e+00,1.329210572678e+00,3.851325513231e+00,0.000000000000e+00,0.000000000000e+00,1.265182403904e-06,1.937745205487e-05,0.000000000000e+00,0.000000000000e+00,1.000000000000e+00,-9.436705241660e-02,-6.434916513660e-12,-1.620511540169e-11,0.000000000000e+00,0.000000000000e+00,0.000000000000e+00,9.999999999796e-01,5.533990000117e-05,-1.744395456660e-05,-5.462854277132e-06,0.000000000000e+00,0.000000000000e+00,9.639652767358e-01,1.000049691626e+00,9.644773307629e-01
1.000000000000e-11,OK,,5.331598340952e-05,-1.745125030786e-05,-5.269717023257e-06,1.745125030786e-05,5.269717023257e-06,1.745125030786e-05,2.851671800000e-08,1.121202700000e-06,1.000000000000e-03,3,1,1.250000000000e-04,48,3.489032333950e+00,BORIS,L3/dt-1e-11/eps-0.001/ranks-1,5.331598340952e-05,7.023833424546e-06,R34,3.267940000000e+00,-1.386365171343e+00,-1.278884332949e+00,0.000000000000e+00,0.000000000000e+00,0.000000000000e+00,-7.209472764415e-01,-1.386365018559e+00,0.000000000000e+00,0.000000000000e+00,0.000000000000e+00,0.000000000000e+00,0.000000000000e+00,3.851325615068e+00,1.040670984200e+01,0.000000000000e+00,0.000000000000e+00,0.000000000000e+00,0.000000000000e+00,1.329210510674e+00,3.851325391509e+00,0.000000000000e+00,0.000000000000e+00,4.154477245987e-06,1.810734257030e-05,0.000000000000e+00,0.000000000000e+00,9.999999999997e-01,-9.436851334270e-02,-7.596333719897e-12,-1.090822906134e-11,0.000000000000e+00,0.000000000000e+00,0.000000000000e+00,9.999999999933e-01,5.331932000097e-05,-1.744246354881e-05,-5.265669883914e-06,0.000000000000e+00,0.000000000000e+00,OK,,5.523392341011e-05,-1.745072988877e-05,-5.465231312062e-06,1.745072988877e-05,5.465231312062e-06,1.745072988877e-05,2.831545500000e-08,1.121603200000e-06,1.250000000000e-04,48,2.679998083971e+00,BORIS,L3/dt-1e-11/eps-0.001/ranks-1,5.523392341011e-05,7.093597908351e-06,R34,2.460760000000e+00,-1.386364748114e+00,-1.278883519377e+00,0.000000000000e+00,0.000000000000e+00,0.000000000000e+00,-7.209474120390e-01,-1.386365143840e+00,0.000000000000e+00,0.000000000000e+00,0.000000000000e+00,0.000000000000e+00,0.000000000000e+00,3.851325015396e+00,1.040670792406e+01,0.000000000000e+00,0.000000000000e+00,0.000000000000e+00,0.000000000000e+00,1.329210602993e+00,3.851325563919e+00,0.000000000000e+00,0.000000000000e+00,3.882650543271e-06,1.785599664388e-05,0.000000000000e+00,0.000000000000e+00,1.000000000000e+00,-9.436851434780e-02,8.056445930491e-12,5.669638024220e-12,0.000000000000e+00,0.000000000000e+00,0.000000000000e+00,1.000000000003e+00,5.523692000153e-05,-1.744403429696e-05,-5.463184186453e-06,0.000000000000e+00,0.000000000000e+00,9.652760498951e-01,1.000029822196e+00,9.642257980237e-01
1.000000000000e-11,OK,,5.334483340924e-05,-1.745073961210e-05,-5.269647821643e-06,1.745073961210e-05,5.269647821643e-06,1.745073961210e-05,1.016617200000e-08,3.735251500000e-07,3.000000000000e-03,3,1,3.750000000000e-04,48,3.466062917141e+00,BORIS,L3/dt-1e-11/eps-0.003/ranks-1,5.334483340924e-05,7.017992531328e-06,R34,3.247240000000e+00,-1.386365171296e+00,-1.278884333112e+00,0.000000000000e+00,0.000000000000e+00,0.000000000000e+00,-7.209472764928e-01,-1.386365018799e+00,0.000000000000e+00,0.000000000000e+00,0.000000000000e+00,0.000000000000e+00,0.000000000000e+00,3.851325618772e+00,1.040670981315e+01,0.000000000000e+00,0.000000000000e+00,0.000000000000e+00,0.000000000000e+00,1.329210512568e+00,3.851325372897e+00,0.000000000000e+00,0.000000000000e+00,4.901881787290e-06,1.767172180183e-05,0.000000000000e+00,0.000000000000e+00,1.000000000000e+00,-9.436893203434e-02,5.518754563287e-13,5.295675337374e-13,0.000000000000e+00,0.000000000000e+00,0.000000000000e+00,9.999999999961e-01,5.334805000068e-05,-1.748215914023e-05,-5.270247543543e-06,0.000000000000e+00,0.000000000000e+00,OK,,5.569959340868e-05,-1.745072462726e-05,-5.465240178470e-06,1.745072462726e-05,5.465240178470e-06,1.745072462726e-05,2.800563100000e-08,3.737314300000e-07,3.750000000000e-04,48,2.651560249971e+00,BORIS,L3/dt-1e-11/eps-0.003/ranks-1,5.569959340868e-05,7.124122860449e-06,R34,2.433950000000e+00,-1.386364748129e+00,-1.278883519368e+00,0.000000000000e+00,0.000000000000e+00,0.000000000000e+00,-7.209474120522e-01,-1.386365143834e+00,0.000000000000e+00,0.000000000000e+00,0.000000000000e+00,0.000000000000e+00,0.000000000000e+00,3.851324779198e+00,1.040670745839e+01,0.000000000000e+00,0.000000000000e+00,0.000000000000e+00,0.000000000000e+00,1.329210482252e+00,3.851325327767e+00,0.000000000000e+00,0.000000000000e+00,4.630506789242e-06,1.742129255576e-05,0.000000000000e+00,0.000000000000e+00,1.000000000000e+00,-9.436893209044e-02,2.261583477955e-12,3.056234653089e-12,0.000000000000e+00,0.000000000000e+00,0.000000000000e+00,9.999999999997e-01,5.570259000010e-05,-1.744400385369e-05,-5.463210459453e-06,0.000000000000e+00,0.000000000000e+00,9.577239283928e-01,1.000000858694e+00,9.642115715980e-01
1.000000000000e-11,OK,,5.343744340891e-05,-1.745071951114e-05,-5.269644426495e-06,1.745071951114e-05,5.269644426495e-06,1.745071951114e-05,3.803230900000e-08,1.036085500000e-07,1.000000000000e-02,3,1,1.250000000000e-03,48,3.480924417032e+00,BORIS,L3/dt-1e-11/eps-0.01/ranks-1,5.343744340891e-05,7.023566342745e-06,R34,3.262310000000e+00,-1.386365171330e+00,-1.278884333149e+00,0.000000000000e+00,0.000000000000e+00,0.000000000000e+00,-7.209472764667e-01,-1.386365018742e+00,0.000000000000e+00,0.000000000000e+00,0.000000000000e+00,0.000000000000e+00,0.000000000000e+00,3.851325555735e+00,1.040670972054e+01,0.000000000000e+00,0.000000000000e+00,0.000000000000e+00,0.000000000000e+00,1.329210480345e+00,3.851325329422e+00,0.000000000000e+00,0.000000000000e+00,5.171788708953e-06,1.752375516965e-05,0.000000000000e+00,0.000000000000e+00,1.000000000000e+00,-9.436907405340e-02,-5.290199601601e-13,-1.076823815345e-12,0.000000000000e+00,0.000000000000e+00,0.000000000000e+00,9.999999999991e-01,5.344068999946e-05,-1.743447945171e-05,-5.272157078297e-06,0.000000000000e+00,0.000000000000e+00,OK,,5.532987341006e-05,-1.745071649548e-05,-5.465236964097e-06,1.745071649548e-05,5.465236964097e-06,1.745071649548e-05,7.393782300000e-10,1.036640200000e-07,1.250000000000e-03,48,2.678510250058e+00,BORIS,L3/dt-1e-11/eps-0.01/ranks-1,5.532987341006e-05,7.091636761484e-06,R34,2.456630000000e+00,-1.386364748146e+00,-1.278883519385e+00,0.000000000000e+00,0.000000000000e+00,0.000000000000e+00,-7.209474120615e-01,-1.386365143837e+00,0.000000000000e+00,0.000000000000e+00,0.000000000000e+00,0.000000000000e+00,0.000000000000e+00,3.851324959798e+00,1.040670782811e+01,0.000000000000e+00,0.000000000000e+00,0.000000000000e+00,0.000000000000e+00,1.329210574572e+00,3.851325516762e+00,0.000000000000e+00,0.000000000000e+00,4.900572974735e-06,1.727356683174e-05,0.000000000000e+00,0.000000000000e+00,1.000000000000e+00,-9.436907402621e-02,3.856408933707e-13,-5.832903172907e-13,0.000000000000e+00,0.000000000000e+00,0.000000000000e+00,9.999999999996e-01,5.533287000148e-05,-1.744401064845e-05,-5.463215549635e-06,0.000000000000e+00,0.000000000000e+00,9.657973191602e-01,1.000000172810e+00,9.642115174718e-01
1.000000000000e-11,OK,,5.306706340846e-05,-1.745072422993e-05,-5.269623156179e-06,1.745072422993e-05,5.269623156179e-06,1.745072422993e-05,9.795286100000e-09,9.492523800000e-08,3.000000000000e-02,3,1,3.750000000000e-03,48,3.942719541024e+00,BORIS,L3/dt-1e-11/eps-0.03/ranks-1,5.306706340846e-05,6.991981331906e-06,R34,3.696460000000e+00,-1.386365171196e+00,-1.278884333042e+00,0.000000000000e+00,0.000000000000e+00,0.000000000000e+00,-7.209472763991e-01,-1.386365018648e+00,0.000000000000e+00,0.000000000000e+00,0.000000000000e+00,0.000000000000e+00,0.000000000000e+00,3.851325736343e+00,1.040671009092e+01,0.000000000000e+00,0.000000000000e+00,0.000000000000e+00,0.000000000000e+00,1.329210572668e+00,3.851325518818e+00,0.000000000000e+00,0.000000000000e+00,5.180504836739e-06,1.744469422325e-05,0.000000000000e+00,0.000000000000e+00,1.000000000000e+00,-9.436914984096e-02,2.190207147934e-13,7.360018375824e-13,0.000000000000e+00,0.000000000000e+00,0.000000000000e+00,1.000000000000e+00,5.307032999902e-05,-1.744509896367e-05,-5.267215397975e-06,0.000000000000e+00,0.000000000000e+00,OK,,5.536500340853e-05,-1.745072553411e-05,-5.465241473213e-06,1.745072553411e-05,5.465241473213e-06,1.745072553411e-05,2.900826600000e-08,9.486475600000e-08,3.750000000000e-03,48,2.642759624869e+00,BORIS,L3/dt-1e-11/eps-0.03/ranks-1,5.536500340853e-05,7.092289277695e-06,R34,2.421540000000e+00,-1.386364748132e+00,-1.278883519233e+00,0.000000000000e+00,0.000000000000e+00,0.000000000000e+00,-7.209474120530e-01,-1.386365143739e+00,0.000000000000e+00,0.000000000000e+00,0.000000000000e+00,0.000000000000e+00,0.000000000000e+00,3.851324956073e+00,1.040670779298e+01,0.000000000000e+00,0.000000000000e+00,0.000000000000e+00,0.000000000000e+00,1.329210572668e+00,3.851325495887e+00,0.000000000000e+00,0.000000000000e+00,4.909372544605e-06,1.719457755712e-05,0.000000000000e+00,0.000000000000e+00,1.000000000000e+00,-9.436914981854e-02,-7.758263312865e-14,8.651219549458e-14,0.000000000000e+00,0.000000000000e+00,0.000000000000e+00,9.999999999999e-01,5.536799999994e-05,-1.744401489797e-05,-5.463212410252e-06,0.000000000000e+00,0.000000000000e+00,9.584947194329e-01,9.999999252650e-01,9.642068300197e-01
1.000000000000e-11,OK,,5.296003340938e-05,-1.745184712969e-05,-5.270034097846e-06,1.745184712969e-05,5.270034097846e-06,1.745184712969e-05,2.972103200000e-08,2.979440600000e-08,1.000000000000e-01,3,1,1.250000000000e-02,48,3.915976625169e+00,BORIS,L3/dt-1e-11/eps-0.1/ranks-1,5.296003340938e-05,6.984019012617e-06,R34,3.661820000000e+00,-1.386365172257e+00,-1.278884335951e+00,0.000000000000e+00,0.000000000000e+00,0.000000000000e+00,-7.209472768029e-01,-1.386365019755e+00,0.000000000000e+00,0.000000000000e+00,0.000000000000e+00,0.000000000000e+00,0.000000000000e+00,3.851325802337e+00,1.040671019795e+01,0.000000000000e+00,0.000000000000e+00,0.000000000000e+00,0.000000000000e+00,1.329210606395e+00,3.851325570533e+00,0.000000000000e+00,0.000000000000e+00,5.262195555356e-06,1.745973482241e-05,0.000000000000e+00,0.000000000000e+00,1.000000000000e+00,-9.436913333254e-02,-5.874647642309e-15,-8.131803430249e-14,0.000000000000e+00,0.000000000000e+00,0.000000000000e+00,9.999999999999e-01,5.296327999993e-05,-1.744382718125e-05,-5.267563865823e-06,0.000000000000e+00,0.000000000000e+00,OK,,5.573113340951e-05,-1.745185635089e-05,-5.465645312064e-06,1.745185635089e-05,5.465645312064e-06,1.745185635089e-05,1.082921000000e-08,1.348651000000e-08,1.250000000000e-02,48,2.625502332812e+00,BORIS,L3/dt-1e-11/eps-0.1/ranks-1,5.573113340951e-05,7.123222487959e-06,R34,2.408260000000e+00,-1.386364749063e+00,-1.278883522209e+00,0.000000000000e+00,0.000000000000e+00,0.000000000000e+00,-7.209474123887e-01,-1.386365144862e+00,0.000000000000e+00,0.000000000000e+00,0.000000000000e+00,0.000000000000e+00,0.000000000000e+00,3.851324772401e+00,1.040670742685e+01,0.000000000000e+00,0.000000000000e+00,0.000000000000e+00,0.000000000000e+00,1.329210478786e+00,3.851325309791e+00,0.000000000000e+00,0.000000000000e+00,4.991006180672e-06,1.720957885322e-05,0.000000000000e+00,0.000000000000e+00,1.000000000000e+00,-9.436913333752e-02,-4.600439469104e-14,-1.459916405928e-13,0.000000000000e+00,0.000000000000e+00,0.000000000000e+00,1.000000000000e+00,5.573408000004e-05,-1.744514135615e-05,-5.463613152366e-06,0.000000000000e+00,0.000000000000e+00,9.502773435493e-01,9.999994716207e-01,9.642107741997e-01
3.000000000000e-11,OK,,4.570165834092e-04,-1.516384731243e-04,-4.606023847169e-05,1.516384731243e-04,4.606023847169e-05,1.516384731243e-04,2.254968900000e-08,4.222038400000e-07,1.000000000000e-06,3,1,1.250000000000e-07,48,3.349446708104e+00,BORIS,L3/dt-3e-11/eps-1e-06/ranks-1,4.570165834092e-04,6.044985115926e-05,R34,3.130680000000e+00,-1.386463967376e+00,-1.279207337451e+00,0.000000000000e+00,0.000000000000e+00,0.000000000000e+00,-7.209792100612e-01,-1.386463626882e+00,0.000000000000e+00,0.000000000000e+00,0.000000000000e+00,0.000000000000e+00,0.000000000000e+00,3.851125529367e+00,1.040630614140e+01,0.000000000000e+00,0.000000000000e+00,0.000000000000e+00,0.000000000000e+00,1.329112875543e+00,3.851122321437e+00,0.000000000000e+00,0.000000000000e+00,4.581259178687e-05,1.517424843357e-04,0.000000000000e+00,0.000000000000e+00,9.999999994430e-01,-9.430651023053e-02,-2.905852171710e-09,3.725931467778e-09,0.000000000000e+00,0.000000000000e+00,0.000000000000e+00,1.000000003485e+00,4.570198400007e-04,-1.451519319777e-04,-5.439838838168e-05,0.000000000000e+00,0.000000000000e+00,OK,,4.975792034099e-04,-1.575319164952e-04,-4.926522849803e-05,1.575319164952e-04,4.926522849803e-05,1.575319164952e-04,1.089776400000e-08,3.887233800000e-08,1.250000000000e-07,48,2.395202917047e+00,BORIS,L3/dt-3e-11/eps-1e-06/ranks-1,4.975792034099e-04,6.386434068359e-05,R34,2.177960000000e+00,-1.386465202583e+00,-1.279214412913e+00,0.000000000000e+00,0.000000000000e+00,0.000000000000e+00,-7.209818621834e-01,-1.386468526962e+00,0.000000000000e+00,0.000000000000e+00,0.000000000000e+00,0.000000000000e+00,0.000000000000e+00,3.851108019445e+00,1.040626557878e+01,0.000000000000e+00,0.000000000000e+00,0.000000000000e+00,0.000000000000e+00,1.329108141450e+00,3.851113040039e+00,0.000000000000e+00,0.000000000000e+00,4.528468226431e-05,1.553530146794e-04,0.000000000000e+00,0.000000000000e+00,9.999999999967e-01,-9.430418384034e-02,2.840455225119e-09,3.886531063568e-09,0.000000000000e+00,0.000000000000e+00,0.000000000000e+00,1.000000002117e+00,4.975822000013e-04,-1.575964483587e-04,-4.936498993029e-05,0.000000000000e+00,0.000000000000e+00,9.184800736793e-01,9.625888930826e-01,9.349441761654e-01
3.000000000000e-11,OK,,4.573781634090e-04,-1.519235334353e-04,-4.606295472436e-05,1.519235334353e-04,4.606295472436e-05,1.519235334353e-04,3.524557200000e-08,4.074040800000e-08,3.000000000000e-06,3,1,3.750000000000e-07,48,3.350132749882e+00,BORIS,L3/dt-3e-11/eps-3e-06/ranks-1,4.573781634090e-04,6.051294223830e-05,R34,3.127290000000e+00,-1.386464233220e+00,-1.279207998449e+00,0.000000000000e+00,0.000000000000e+00,0.000000000000e+00,-7.209792634681e-01,-1.386463775277e+00,0.000000000000e+00,0.000000000000e+00,0.000000000000e+00,0.000000000000e+00,0.000000000000e+00,3.851125352473e+00,1.040630577982e+01,0.000000000000e+00,0.000000000000e+00,0.000000000000e+00,0.000000000000e+00,1.329112785118e+00,3.851122136662e+00,0.000000000000e+00,0.000000000000e+00,4.562831053862e-05,1.516784836813e-04,0.000000000000e+00,0.000000000000e+00,1.000000000002e+00,-9.430663864398e-02,2.860386657667e-10,3.165716046093e-09,0.000000000000e+00,0.000000000000e+00,0.000000000000e+00,1.000000002537e+00,4.573814400004e-04,-1.708413981920e-04,-5.116769979109e-05,0.000000000000e+00,0.000000000000e+00,OK,,4.978550434096e-04,-1.576285008333e-04,-4.928870459874e-05,1.576285008333e-04,4.928870459874e-05,1.576285008333e-04,1.737596000000e-08,2.211184300000e-08,3.750000000000e-07,48,2.397696249885e+00,BORIS,L3/dt-3e-11/eps-3e-06/ranks-1,4.978550434096e-04,6.389933867769e-05,R34,2.177620000000e+00,-1.386465248292e+00,-1.279214613601e+00,0.000000000000e+00,0.000000000000e+00,0.000000000000e+00,-7.209818379605e-01,-1.386468566827e+00,0.000000000000e+00,0.000000000000e+00,0.000000000000e+00,0.000000000000e+00,0.000000000000e+00,3.851107898107e+00,1.040626530294e+01,0.000000000000e+00,0.000000000000e+00,0.000000000000e+00,0.000000000000e+00,1.329108079424e+00,3.851112896127e+00,0.000000000000e+00,0.000000000000e+00,4.528812858166e-05,1.554894327883e-04,0.000000000000e+00,0.000000000000e+00,9.999999999962e-01,-9.430417642564e-02,-3.207066866554e-10,4.705657906674e-10,0.000000000000e+00,0.000000000000e+00,0.000000000000e+00,1.000000000133e+00,4.978580400010e-04,-1.575987499965e-04,-4.926689026813e-05,0.000000000000e+00,0.000000000000e+00,9.186974591572e-01,9.638075134393e-01,9.345539733568e-01
3.000000000000e-11,OK,,4.572848434083e-04,-1.520155603559e-04,-4.610255404853e-05,1.520155603559e-04,4.610255404853e-05,1.520155603559e-04,8.285354700000e-09,1.178883900000e-07,1.000000000000e-05,3,1,1.250000000000e-06,48,3.356594583020e+00,BORIS,L3/dt-3e-11/eps-1e-05/ranks-1,4.572848434083e-04,6.051580616626e-05,R34,3.137550000000e+00,-1.386464241812e+00,-1.279208143636e+00,0.000000000000e+00,0.000000000000e+00,0.000000000000e+00,-7.209792776175e-01,-1.386463852725e+00,0.000000000000e+00,0.000000000000e+00,0.000000000000e+00,0.000000000000e+00,0.000000000000e+00,3.851125411732e+00,1.040630587314e+01,0.000000000000e+00,0.000000000000e+00,0.000000000000e+00,0.000000000000e+00,1.329112815410e+00,3.851122181396e+00,0.000000000000e+00,0.000000000000e+00,4.579834341308e-05,1.517685709269e-04,0.000000000000e+00,0.000000000000e+00,9.999999999457e-01,-9.430671110958e-02,7.546448293810e-10,1.383429908820e-09,0.000000000000e+00,0.000000000000e+00,0.000000000000e+00,1.000000001319e+00,4.572880199998e-04,-1.436468615424e-04,-4.356060727514e-05,0.000000000000e+00,0.000000000000e+00,OK,,4.978474534099e-04,-1.574900208913e-04,-4.926411401200e-05,1.574900208913e-04,4.926411401200e-05,1.574900208913e-04,1.642584400000e-08,1.836524300000e-05,1.250000000000e-06,48,2.410368792014e+00,BORIS,L3/dt-3e-11/eps-1e-05/ranks-1,4.978474534099e-04,6.407312294831e-05,R34,2.188070000000e+00,-1.386465136995e+00,-1.279214282196e+00,0.000000000000e+00,0.000000000000e+00,0.000000000000e+00,-7.209818149364e-01,-1.386468484881e+00,0.000000000000e+00,0.000000000000e+00,0.000000000000e+00,0.000000000000e+00,0.000000000000e+00,3.851107901810e+00,1.040626531053e+01,0.000000000000e+00,0.000000000000e+00,0.000000000000e+00,0.000000000000e+00,1.329108081317e+00,3.851112900002e+00,0.000000000000e+00,0.000000000000e+00,2.687919606170e-05,1.660002439895e-04,0.000000000000e+00,0.000000000000e+00,1.000000000001e+00,-9.429403019512e-02,2.748742542849e-10,1.086633373305e-09,0.000000000000e+00,0.000000000000e+00,0.000000000000e+00,1.000000001202e+00,4.978504500013e-04,-1.574832951767e-04,-4.926564687206e-05,0.000000000000e+00,0.000000000000e+00,9.185240183036e-01,9.652393179935e-01,9.358242804752e-01
3.000000000000e-11,OK,,4.570364334100e-04,-1.506590947335e-04,-4.573371675596e-05,1.506590947335e-04,4.573371675596e-05,1.506590947335e-04,1.460591300000e-08,6.106809800000e-06,3.000000000000e-05,3,1,3.750000000000e-06,48,3.366416709032e+00,BORIS,L3/dt-3e-11/eps-3e-05/ranks-1,4.570364334100e-04,6.033774065652e-05,R34,3.143970000000e+00,-1.386463169240e+00,-1.279204815229e+00,0.000000000000e+00,0.000000000000e+00,0.000000000000e+00,-7.209789704119e-01,-1.386462921298e+00,0.000000000000e+00,0.000000000000e+00,0.000000000000e+00,0.000000000000e+00,0.000000000000e+00,3.851125533071e+00,1.040630612155e+01,0.000000000000e+00,0.000000000000e+00,0.000000000000e+00,0.000000000000e+00,1.329112877436e+00,3.851122308380e+00,0.000000000000e+00,0.000000000000e+00,3.910712269943e-05,1.539341481559e-04,0.000000000000e+00,0.000000000000e+00,1.000000000002e+00,-9.430380907116e-02,-7.822555766926e-11,7.689678139693e-11,0.000000000000e+00,0.000000000000e+00,0.000000000000e+00,1.000000000031e+00,4.570396500014e-04,-1.501137833852e-04,-4.441389272524e-05,0.000000000000e+00,0.000000000000e+00,OK,,4.975990534088e-04,-1.546818316821e-04,-4.849690517135e-05,1.546818316821e-04,4.849690517135e-05,1.546818316821e-04,2.693538700000e-08,1.908459000000e-04,3.750000000000e-06,48,2.422123166034e+00,BORIS,L3/dt-3e-11/eps-3e-05/ranks-1,4.975990534088e-04,6.489669253141e-05,R34,2.198380000000e+00,-1.386462900322e+00,-1.279207470090e+00,0.000000000000e+00,0.000000000000e+00,0.000000000000e+00,-7.209812000232e-01,-1.386466619159e+00,0.000000000000e+00,0.000000000000e+00,0.000000000000e+00,0.000000000000e+00,0.000000000000e+00,3.851108023149e+00,1.040626555893e+01,0.000000000000e+00,0.000000000000e+00,0.000000000000e+00,0.000000000000e+00,1.329108143343e+00,3.851113026982e+00,0.000000000000e+00,0.000000000000e+00,2.351294314465e-04,4.158219062566e-05,0.000000000000e+00,0.000000000000e+00,9.999999999998e-01,-9.441203059617e-02,6.499349474852e-11,7.427571657693e-11,0.000000000000e+00,0.000000000000e+00,0.000000000000e+00,9.999999998347e-01,4.976020500003e-04,-1.546748739065e-04,-4.849361405827e-05,0.000000000000e+00,0.000000000000e+00,9.184833256395e-01,9.739934748325e-01,9.430234072540e-01
3.000000000000e-11,OK,,4.574145734093e-04,-1.549087973345e-04,-4.689863721858e-05,1.549087973345e-04,4.689863721858e-05,1.549087973345e-04,2.457218600000e-08,3.028998100000e-04,1.000000000000e-04,3,1,1.250000000000e-05,48,3.409012540942e+00,BORIS,L3/dt-3e-11/eps-0.0001/ranks-1,4.574145734093e-04,7.131375981636e-05,R34,3.179790000000e+00,-1.386466578467e+00,-1.279215150091e+00,0.000000000000e+00,0.000000000000e+00,0.000000000000e+00,-7.209799111367e-01,-1.386465768257e+00,0.000000000000e+00,0.000000000000e+00,0.000000000000e+00,0.000000000000e+00,0.000000000000e+00,3.851125352473e+00,1.040630574341e+01,0.000000000000e+00,0.000000000000e+00,0.000000000000e+00,0.000000000000e+00,1.329112785118e+00,3.851122114189e+00,0.000000000000e+00,0.000000000000e+00,-2.562370719124e-04,3.307218039096e-04,0.000000000000e+00,0.000000000000e+00,9.999999999984e-01,-9.413629422082e-02,-4.227848123770e-11,-1.187144469453e-10,0.000000000000e+00,0.000000000000e+00,0.000000000000e+00,9.999999999150e-01,4.574177999999e-04,-1.550862226849e-04,-4.691312846111e-05,0.000000000000e+00,0.000000000000e+00,OK,,4.979772134099e-04,-1.546966340544e-04,-4.850296982848e-05,1.546966340544e-04,4.850296982848e-05,1.546966340544e-04,1.075592900000e-10,3.029111300000e-04,1.250000000000e-05,48,2.428032166092e+00,BORIS,L3/dt-3e-11/eps-0.0001/ranks-1,4.979772134099e-04,7.346450572106e-05,R34,2.207310000000e+00,-1.386462915211e+00,-1.279207506018e+00,0.000000000000e+00,0.000000000000e+00,0.000000000000e+00,-7.209812063572e-01,-1.386466633840e+00,0.000000000000e+00,0.000000000000e+00,0.000000000000e+00,0.000000000000e+00,0.000000000000e+00,3.851107842552e+00,1.040626518077e+01,0.000000000000e+00,0.000000000000e+00,0.000000000000e+00,0.000000000000e+00,1.329108051025e+00,3.851112832780e+00,0.000000000000e+00,0.000000000000e+00,-2.586253346554e-04,3.283716325173e-04,0.000000000000e+00,0.000000000000e+00,1.000000000000e+00,-9.413633172181e-02,1.810374690463e-11,-1.738607450588e-11,0.000000000000e+00,0.000000000000e+00,0.000000000000e+00,9.999999999802e-01,4.979802100014e-04,-1.546898708465e-04,-4.850143737457e-05,0.000000000000e+00,0.000000000000e+00,9.185451885984e-01,1.001371479615e+00,9.669230025383e-01
3.000000000000e-11,OK,,4.570085434086e-04,-1.548798549959e-04,-4.688793133509e-05,1.548798549959e-04,4.688793133509e-05,1.548798549959e-04,2.120565400000e-08,1.009637000000e-04,3.000000000000e-04,3,1,3.750000000000e-05,48,3.381412040908e+00,BORIS,L3/dt-3e-11/eps-0.0003/ranks-1,4.570085434086e-04,6.279328371136e-05,R34,3.164030000000e+00,-1.386466550140e+00,-1.279215075365e+00,0.000000000000e+00,0.000000000000e+00,0.000000000000e+00,-7.209799003452e-01,-1.386465738488e+00,0.000000000000e+00,0.000000000000e+00,0.000000000000e+00,0.000000000000e+00,0.000000000000e+00,3.851125533027e+00,1.040630614944e+01,0.000000000000e+00,0.000000000000e+00,0.000000000000e+00,0.000000000000e+00,1.329112877413e+00,3.851122325609e+00,0.000000000000e+00,0.000000000000e+00,-5.430698246668e-05,2.134040713641e-04,0.000000000000e+00,0.000000000000e+00,1.000000000002e+00,-9.424905991730e-02,1.721225401208e-12,2.702298812686e-11,0.000000000000e+00,0.000000000000e+00,0.000000000000e+00,9.999999999993e-01,4.570117800000e-04,-1.547338311232e-04,-4.689701109371e-05,0.000000000000e+00,0.000000000000e+00,OK,,4.974578934096e-04,-1.546509415842e-04,-4.848600916167e-05,1.546509415842e-04,4.848600916167e-05,1.546509415842e-04,1.352939200000e-08,1.009773800000e-04,3.750000000000e-05,48,2.413084959146e+00,BORIS,L3/dt-3e-11/eps-0.0003/ranks-1,4.974578934096e-04,6.519079787391e-05,R34,2.190090000000e+00,-1.386462875122e+00,-1.279207392420e+00,0.000000000000e+00,0.000000000000e+00,0.000000000000e+00,-7.209811920952e-01,-1.386466591863e+00,0.000000000000e+00,0.000000000000e+00,0.000000000000e+00,0.000000000000e+00,0.000000000000e+00,3.851108078704e+00,1.040626570009e+01,0.000000000000e+00,0.000000000000e+00,0.000000000000e+00,0.000000000000e+00,1.329108171742e+00,3.851113102052e+00,0.000000000000e+00,0.000000000000e+00,-5.670101254772e-05,2.110360610784e-04,0.000000000000e+00,0.000000000000e+00,1.000000000000e+00,-9.424910589516e-02,1.330078558955e-12,2.053350857290e-11,0.000000000000e+00,0.000000000000e+00,0.000000000000e+00,9.999999999800e-01,4.974608900010e-04,-1.546441773493e-04,-4.848367648348e-05,0.000000000000e+00,0.000000000000e+00,9.186878919063e-01,1.001480194103e+00,9.670404338445e-01
3.000000000000e-11,OK,,4.573863034096e-04,-1.548784031409e-04,-4.688768560509e-05,1.548784031409e-04,4.688768560509e-05,1.548784031409e-04,5.152862100000e-08,3.028431600000e-05,1.000000000000e-03,3,1,1.250000000000e-04,48,3.315871166997e+00,BORIS,L3/dt-3e-11/eps-0.001/ranks-1,4.573863034096e-04,6.134631648030e-05,R34,3.095940000000e+00,-1.386466550634e+00,-1.279215075208e+00,0.000000000000e+00,0.000000000000e+00,0.000000000000e+00,-7.209799004471e-01,-1.386465739144e+00,0.000000000000e+00,0.000000000000e+00,0.000000000000e+00,0.000000000000e+00,0.000000000000e+00,3.851125348770e+00,1.040630577168e+01,0.000000000000e+00,0.000000000000e+00,0.000000000000e+00,0.000000000000e+00,1.329112783224e+00,3.851122132443e+00,0.000000000000e+00,0.000000000000e+00,1.637169186745e-05,1.723517991390e-04,0.000000000000e+00,0.000000000000e+00,1.000000000000e+00,-9.428852377381e-02,1.376756014611e-12,-1.446066609740e-12,0.000000000000e+00,0.000000000000e+00,0.000000000000e+00,9.999999999981e-01,4.573896400011e-04,-1.548696163818e-04,-4.688363846575e-05,0.000000000000e+00,0.000000000000e+00,OK,,4.974778334095e-04,-1.546508315295e-04,-4.848593427942e-05,1.546508315295e-04,4.848593427942e-05,1.546508315295e-04,4.269315200000e-08,3.029834200000e-05,1.250000000000e-04,48,2.372706291964e+00,BORIS,L3/dt-3e-11/eps-0.001/ranks-1,4.974778334095e-04,6.376353350596e-05,R34,2.152870000000e+00,-1.386462874968e+00,-1.279207393314e+00,0.000000000000e+00,0.000000000000e+00,0.000000000000e+00,-7.209811920147e-01,-1.386466592514e+00,0.000000000000e+00,0.000000000000e+00,0.000000000000e+00,0.000000000000e+00,0.000000000000e+00,3.851108082364e+00,1.040626568015e+01,0.000000000000e+00,0.000000000000e+00,0.000000000000e+00,0.000000000000e+00,1.329108173613e+00,3.851113088950e+00,0.000000000000e+00,0.000000000000e+00,1.397805033078e-05,1.699844080026e-04,0.000000000000e+00,0.000000000000e+00,1.000000000000e+00,-9.428857035371e-02,3.949673250467e-12,1.064713089526e-11,0.000000000000e+00,0.000000000000e+00,0.000000000000e+00,9.999999999979e-01,4.974808300009e-04,-1.546441359377e-04,-4.848388715381e-05,0.000000000000e+00,0.000000000000e+00,9.194104193043e-01,1.001471518835e+00,9.670368592854e-01
3.000000000000e-11,OK,,4.574137434084e-04,-1.548786573817e-04,-4.688789909314e-05,1.548786573817e-04,4.688789909314e-05,1.548786573817e-04,2.278431200000e-08,1.009040800000e-05,3.000000000000e-03,3,1,3.750000000000e-04,48,3.344725708943e+00,BORIS,L3/dt-3e-11/eps-0.003/ranks-1,4.574137434084e-04,6.108771836491e-05,R34,3.124440000000e+00,-1.386466550533e+00,-1.279215074369e+00,0.000000000000e+00,0.000000000000e+00,0.000000000000e+00,-7.209799007801e-01,-1.386465739118e+00,0.000000000000e+00,0.000000000000e+00,0.000000000000e+00,0.000000000000e+00,0.000000000000e+00,3.851125348767e+00,1.040630574424e+01,0.000000000000e+00,0.000000000000e+00,0.000000000000e+00,0.000000000000e+00,1.329112783223e+00,3.851122115508e+00,0.000000000000e+00,0.000000000000e+00,3.656548752076e-05,1.606221453588e-04,0.000000000000e+00,0.000000000000e+00,9.999999999999e-01,-9.429979929343e-02,-1.365916872682e-12,-3.098785292146e-12,0.000000000000e+00,0.000000000000e+00,0.000000000000e+00,9.999999999986e-01,4.574169599998e-04,-1.549100769098e-04,-4.688849881504e-05,0.000000000000e+00,0.000000000000e+00,OK,,4.979579334083e-04,-1.546508290375e-04,-4.848595005291e-05,1.546508290375e-04,4.848595005291e-05,1.546508290375e-04,1.552124700000e-08,1.010438100000e-05,3.750000000000e-04,48,2.432687166845e+00,BORIS,L3/dt-3e-11/eps-0.003/ranks-1,4.979579334083e-04,6.355047104267e-05,R34,2.214740000000e+00,-1.386462875133e+00,-1.279207393768e+00,0.000000000000e+00,0.000000000000e+00,0.000000000000e+00,-7.209811921755e-01,-1.386466592835e+00,0.000000000000e+00,0.000000000000e+00,0.000000000000e+00,0.000000000000e+00,0.000000000000e+00,3.851107838846e+00,1.040626520005e+01,0.000000000000e+00,0.000000000000e+00,0.000000000000e+00,0.000000000000e+00,1.329108049131e+00,3.851112845482e+00,0.000000000000e+00,0.000000000000e+00,3.417198828745e-05,1.582550954456e-04,0.000000000000e+00,0.000000000000e+00,1.000000000000e+00,-9.429984597927e-02,1.014097657643e-12,-1.678432893094e-12,0.000000000000e+00,0.000000000000e+00,0.000000000000e+00,1.000000000002e+00,4.979609299998e-04,-1.546441082639e-04,-4.848392033389e-05,0.000000000000e+00,0.000000000000e+00,9.185790861441e-01,1.001473178939e+00,9.670409477792e-01
3.000000000000e-11,OK,,4.574062034095e-04,-1.548780759585e-04,-4.688779708676e-05,1.548780759585e-04,4.688779708676e-05,1.548780759585e-04,2.180731800000e-08,3.022703800000e-06,1.000000000000e-02,3,1,1.250000000000e-03,48,3.358119708020e+00,BORIS,L3/dt-3e-11/eps-0.01/ranks-1,4.574062034095e-04,6.101325721202e-05,R34,3.139130000000e+00,-1.386466550026e+00,-1.279215073304e+00,0.000000000000e+00,0.000000000000e+00,0.000000000000e+00,-7.209799006812e-01,-1.386465738697e+00,0.000000000000e+00,0.000000000000e+00,0.000000000000e+00,0.000000000000e+00,0.000000000000e+00,3.851125352451e+00,1.040630575178e+01,0.000000000000e+00,0.000000000000e+00,0.000000000000e+00,0.000000000000e+00,1.329112785106e+00,3.851122119364e+00,0.000000000000e+00,0.000000000000e+00,4.363291371810e-05,1.565154697935e-04,0.000000000000e+00,0.000000000000e+00,1.000000000000e+00,-9.430374627113e-02,-8.929596441877e-14,-8.208748546845e-13,0.000000000000e+00,0.000000000000e+00,0.000000000000e+00,1.000000000000e+00,4.574094500001e-04,-1.548618358991e-04,-4.689030973856e-05,0.000000000000e+00,0.000000000000e+00,OK,,4.978469734098e-04,-1.546510689672e-04,-4.848608659819e-05,1.546510689672e-04,4.848608659819e-05,1.546510689672e-04,1.342624900000e-08,3.036908500000e-06,1.250000000000e-03,48,2.453071750002e+00,BORIS,L3/dt-3e-11/eps-0.01/ranks-1,4.978469734098e-04,6.346945805556e-05,R34,2.232860000000e+00,-1.386462874861e+00,-1.279207393499e+00,0.000000000000e+00,0.000000000000e+00,0.000000000000e+00,-7.209811919938e-01,-1.386466592650e+00,0.000000000000e+00,0.000000000000e+00,0.000000000000e+00,0.000000000000e+00,0.000000000000e+00,3.851107901773e+00,1.040626531101e+01,0.000000000000e+00,0.000000000000e+00,0.000000000000e+00,0.000000000000e+00,1.329108081298e+00,3.851112900308e+00,0.000000000000e+00,0.000000000000e+00,4.123944459944e-05,1.541486686358e-04,0.000000000000e+00,0.000000000000e+00,1.000000000000e+00,-9.430379279609e-02,-4.532064153927e-13,-8.575852408260e-13,0.000000000000e+00,0.000000000000e+00,0.000000000000e+00,1.000000000000e+00,4.978499700012e-04,-1.546443631202e-04,-4.848406518373e-05,0.000000000000e+00,0.000000000000e+00,9.187686735880e-01,1.001467865646e+00,9.670361205953e-01
3.000000000000e-11,OK,,4.573953934095e-04,-1.548797287084e-04,-4.688834990091e-05,1.548797287084e-04,4.688834990091e-05,1.548797287084e-04,4.334604400000e-08,1.002801100000e-06,3.000000000000e-02,3,1,3.750000000000e-03,48,3.860567667056e+00,BORIS,L3/dt-3e-11/eps-0.03/ranks-1,4.573953934095e-04,6.099346533788e-05,R34,3.620680000000e+00,-1.386466551913e+00,-1.279215077992e+00,0.000000000000e+00,0.000000000000e+00,0.000000000000e+00,-7.209799008291e-01,-1.386465740105e+00,0.000000000000e+00,0.000000000000e+00,0.000000000000e+00,0.000000000000e+00,0.000000000000e+00,3.851125348454e+00,1.040630576259e+01,0.000000000000e+00,0.000000000000e+00,0.000000000000e+00,0.000000000000e+00,1.329112783064e+00,3.851122126906e+00,0.000000000000e+00,0.000000000000e+00,4.565324157356e-05,1.553406021744e-04,0.000000000000e+00,0.000000000000e+00,9.999999999999e-01,-9.430487403873e-02,-4.147547559421e-14,-3.304576949109e-13,0.000000000000e+00,0.000000000000e+00,0.000000000000e+00,1.000000000000e+00,4.573986600001e-04,-1.548741034421e-04,-4.688594214271e-05,0.000000000000e+00,0.000000000000e+00,OK,,4.978290134101e-04,-1.546501941103e-04,-4.848553119396e-05,1.546501941103e-04,4.848553119396e-05,1.546501941103e-04,5.249672000000e-09,1.016606000000e-06,3.750000000000e-03,48,2.413108082954e+00,BORIS,L3/dt-3e-11/eps-0.03/ranks-1,4.978290134101e-04,6.344919576354e-05,R34,2.190350000000e+00,-1.386462875349e+00,-1.279207391686e+00,0.000000000000e+00,0.000000000000e+00,0.000000000000e+00,-7.209811923087e-01,-1.386466591497e+00,0.000000000000e+00,0.000000000000e+00,0.000000000000e+00,0.000000000000e+00,0.000000000000e+00,3.851107901830e+00,1.040626532897e+01,0.000000000000e+00,0.000000000000e+00,0.000000000000e+00,0.000000000000e+00,1.329108081327e+00,3.851112911383e+00,0.000000000000e+00,0.000000000000e+00,4.325988638667e-05,1.529725337867e-04,0.000000000000e+00,0.000000000000e+00,1.000000000000e+00,-9.430492111105e-02,1.492096682132e-15,-9.217073349554e-14,0.000000000000e+00,0.000000000000e+00,0.000000000000e+00,1.000000000000e+00,4.978320100015e-04,-1.546434834742e-04,-4.848350213100e-05,0.000000000000e+00,0.000000000000e+00,9.187801053948e-01,1.001484217976e+00,9.670585996746e-01
3.000000000000e-11,OK,,4.572916534098e-04,-1.548803522724e-04,-4.688865308156e-05,1.548803522724e-04,4.688865308156e-05,1.548803522724e-04,1.352749100000e-08,6.004685900000e-07,1.000000000000e-01,3,1,1.250000000000e-02,48,3.812154375017e+00,BORIS,L3/dt-3e-11/eps-0.1/ranks-1,4.572916534098e-04,6.097253469553e-05,R34,3.569500000000e+00,-1.386466551081e+00,-1.279215076831e+00,0.000000000000e+00,0.000000000000e+00,0.000000000000e+00,-7.209799011673e-01,-1.386465739725e+00,0.000000000000e+00,0.000000000000e+00,0.000000000000e+00,0.000000000000e+00,0.000000000000e+00,3.851125408009e+00,1.040630586633e+01,0.000000000000e+00,0.000000000000e+00,0.000000000000e+00,0.000000000000e+00,1.329112813507e+00,3.851122178002e+00,0.000000000000e+00,0.000000000000e+00,4.605560336188e-05,1.547565052427e-04,0.000000000000e+00,0.000000000000e+00,1.000000000000e+00,-9.430542833068e-02,-1.426199332262e-14,3.916932121259e-14,0.000000000000e+00,0.000000000000e+00,0.000000000000e+00,1.000000000000e+00,4.572949000003e-04,-1.548723323240e-04,-4.688618284954e-05,0.000000000000e+00,0.000000000000e+00,OK,,4.975701034091e-04,-1.546512191631e-04,-4.848586251621e-05,1.546512191631e-04,4.848586251621e-05,1.546512191631e-04,1.571060600000e-09,6.141079300000e-07,1.250000000000e-02,48,2.410161457956e+00,BORIS,L3/dt-3e-11/eps-0.1/ranks-1,4.975701034091e-04,6.341675733132e-05,R34,2.186160000000e+00,-1.386462876277e+00,-1.279207402253e+00,0.000000000000e+00,0.000000000000e+00,0.000000000000e+00,-7.209811926441e-01,-1.386466597458e+00,0.000000000000e+00,0.000000000000e+00,0.000000000000e+00,0.000000000000e+00,0.000000000000e+00,3.851108023176e+00,1.040626558788e+01,0.000000000000e+00,0.000000000000e+00,0.000000000000e+00,0.000000000000e+00,1.329108143357e+00,3.851113044847e+00,0.000000000000e+00,0.000000000000e+00,4.366266410241e-05,1.523908053892e-04,0.000000000000e+00,0.000000000000e+00,1.000000000000e+00,-9.430547596296e-02,1.965492279906e-14,7.508219556330e-14,0.000000000000e+00,0.000000000000e+00,0.000000000000e+00,1.000000000000e+00,4.975730499996e-04,-1.546445041684e-04,-4.848383035651e-05,0.000000000000e+00,0.000000000000e+00,9.190496982770e-01,1.001481612046e+00,9.670582443673e-01
1.000000000000e-10,INVALID,time step too long for QACH field extent,,,,,,,,,1.000000000000e-06,3,1,1.250000000000e-07,48,2.229523749556e-01,BORIS,L3/dt-1e-10/eps-1e-06/ranks-1,,,,,,,,,,,,,,,,,,,,,,,,,,,,,,,,,,,,,,,,,,,,INVALID,time step too long for QACH field extent,,,,,,,,,1.250000000000e-07,48,2.239381668624e-01,BORIS,L3/dt-1e-10/eps-1e-06/ranks-1,,,,,,,,,,,,,,,,,,,,,,,,,,,,,,,,,,,,,,,,,,,,,,
1.000000000000e-10,INVALID,time step too long for QACH field extent,,,,,,,,,3.000000000000e-06,3,1,3.750000000000e-07,48,2.228473750874e-01,BORIS,L3/dt-1e-10/eps-3e-06/ranks-1,,,,,,,,,,,,,,,,,,,,,,,,,,,,,,,,,,,,,,,,,,,,INVALID,time step too long for QACH field extent,,,,,,,,,3.750000000000e-07,48,2.242359579541e-01,BORIS,L3/dt-1e-10/eps-3e-06/ranks-1,,,,,,,,,,,,,,,,,,,,,,,,,,,,,,,,,,,,,,,,,,,,,,
1.000000000000e-10,INVALID,time step too long for QACH field extent,,,,,,,,,1.000000000000e-05,3,1,1.250000000000e-06,48,2.229330409318e-01,BORIS,L3/dt-1e-10/eps-1e-05/ranks-1,,,,,,,,,,,,,,,,,,,,,,,,,,,,,,,,,,,,,,,,,,,,INVALID,time step too long for QACH field extent,,,,,,,,,1.250000000000e-06,48,2.243698330130e-01,BORIS,L3/dt-1e-10/eps-1e-05/ranks-1,,,,,,,,,,,,,,,,,,,,,,,,,,,,,,,,,,,,,,,,,,,,,,
1.000000000000e-10,INVALID,time step too long for QACH field extent,,,,,,,,,3.000000000000e-05,3,1,3.750000000000e-06,48,2.237224588171e-01,BORIS,L3/dt-1e-10/eps-3e-05/ranks-1,,,,,,,,,,,,,,,,,,,,,,,,,,,,,,,,,,,,,,,,,,,,INVALID,time step too long for QACH field extent,,,,,,,,,3.750000000000e-06,48,2.243722910061e-01,BORIS,L3/dt-1e-10/eps-3e-05/ranks-1,,,,,,,,,,,,,,,,,,,,,,,,,,,,,,,,,,,,,,,,,,,,,,
1.000000000000e-10,INVALID,time step too long for QACH field extent,,,,,,,,,1.000000000000e-04,3,1,1.250000000000e-05,48,2.254359170329e-01,BORIS,L3/dt-1e-10/eps-0.0001/ranks-1,,,,,,,,,,,,,,,,,,,,,,,,,,,,,,,,,,,,,,,,,,,,INVALID,time step too long for QACH field extent,,,,,,,,,1.250000000000e-05,48,2.171261250041e-01,BORIS,L3/dt-1e-10/eps-0.0001/ranks-1,,,,,,,,,,,,,,,,,,,,,,,,,,,,,,,,,,,,,,,,,,,,,,
1.000000000000e-10,INVALID,time step too long for QACH field extent,,,,,,,,,3.000000000000e-04,3,1,3.750000000000e-05,48,2.249464578927e-01,BORIS,L3/dt-1e-10/eps-0.0003/ranks-1,,,,,,,,,,,,,,,,,,,,,,,,,,,,,,,,,,,,,,,,,,,,INVALID,time step too long for QACH field extent,,,,,,,,,3.750000000000e-05,48,2.173079170752e-01,BORIS,L3/dt-1e-10/eps-0.0003/ranks-1,,,,,,,,,,,,,,,,,,,,,,,,,,,,,,,,,,,,,,,,,,,,,,
1.000000000000e-10,INVALID,time step too long for QACH field extent,,,,,,,,,1.000000000000e-03,3,1,1.250000000000e-04,48,2.252672079485e-01,BORIS,L3/dt-1e-10/eps-0.001/ranks-1,,,,,,,,,,,,,,,,,,,,,,,,,,,,,,,,,,,,,,,,,,,,INVALID,time step too long for QACH field extent,,,,,,,,,1.250000000000e-04,48,2.245209591929e-01,BORIS,L3/dt-1e-10/eps-0.001/ranks-1,,,,,,,,,,,,,,,,,,,,,,,,,,,,,,,,,,,,,,,,,,,,,,
1.000000000000e-10,INVALID,time step too long for QACH field extent,,,,,,,,,3.000000000000e-03,3,1,3.750000000000e-04,48,2.253602498677e-01,BORIS,L3/dt-1e-10/eps-0.003/ranks-1,,,,,,,,,,,,,,,,,,,,,,,,,,,,,,,,,,,,,,,,,,,,INVALID,time step too long for QACH field extent,,,,,,,,,3.750000000000e-04,48,2.244647499174e-01,BORIS,L3/dt-1e-10/eps-0.003/ranks-1,,,,,,,,,,,,,,,,,,,,,,,,,,,,,,,,,,,,,,,,,,,,,,
1.000000000000e-10,INVALID,time step too long for QACH field extent,,,,,,,,,1.000000000000e-02,3,1,1.250000000000e-03,48,2.221702090465e-01,BORIS,L3/dt-1e-10/eps-0.01/ranks-1,,,,,,,,,,,,,,,,,,,,,,,,,,,,,,,,,,,,,,,,,,,,INVALID,time step too long for QACH field extent,,,,,,,,,1.250000000000e-03,48,2.214229591191e-01,BORIS,L3/dt-1e-10/eps-0.01/ranks-1,,,,,,,,,,,,,,,,,,,,,,,,,,,,,,,,,,,,,,,,,,,,,,
1.000000000000e-10,INVALID,time step too long for QACH field extent,,,,,,,,,3.000000000000e-02,3,1,3.750000000000e-03,48,2.427808328066e-01,BORIS,L3/dt-1e-10/eps-0.03/ranks-1,,,,,,,,,,,,,,,,,,,,,,,,,,,,,,,,,,,,,,,,,,,,INVALID,time step too long for QACH field extent,,,,,,,,,3.750000000000e-03,48,2.216789999511e-01,BORIS,L3/dt-1e-10/eps-0.03/ranks-1,,,,,,,,,,,,,,,,,,,,,,,,,,,,,,,,,,,,,,,,,,,,,,
1.000000000000e-10,INVALID,time step too long for QACH field extent,,,,,,,,,1.000000000000e-01,3,1,1.250000000000e-02,48,2.379951251205e-01,BORIS,L3/dt-1e-10/eps-0.1/ranks-1,,,,,,,,,,,,,,,,,,,,,,,,,,,,,,,,,,,,,,,,,,,,INVALID,time step too long for QACH field extent,,,,,,,,,1.250000000000e-02,48,2.217212498654e-01,BORIS,L3/dt-1e-10/eps-0.1/ranks-1,,,,,,,,,,,,,,,,,,,,,,,,,,,,,,,,,,,,,,,,,,,,,,
1.000000000000e-13,OK,,2.736750924396e-04,-4.677511661415e-05,1.526013931809e-05,4.677511661415e-05,1.526013931809e-05,4.677511661415e-05,8.056181200000e-07,3.580123400000e-04,1.000000000000e-06,4,1,6.250000000000e-08,60,6.254612091603e+01,BORIS,L4/dt-1e-13/eps-1e-06/ranks-1,2.736750924396e-04,3.226151357688e-05,R52,6.231380000000e+01,-1.386446740365e+00,-1.278982153901e+00,0.000000000000e+00,0.000000000000e+00,0.000000000000e+00,-7.209158147550e-01,-1.386304678773e+00,0.000000000000e+00,0.000000000000e+00,0.000000000000e+00,0.000000000000e+00,0.000000000000e+00,3.851352100262e+00,1.040676316124e+01,0.000000000000e+00,0.000000000000e+00,0.000000000000e+00,0.000000000000e+00,1.329223389160e+00,3.851352100048e+00,0.000000000000e+00,0.000000000000e+00,-1.898768826020e-04,-2.736750924393e-04,0.000000000000e+00,0.000000000000e+00,9.999999994398e-01,-9.447161330075e-02,2.017343100721e-07,2.622104951064e-07,0.000000000000e+00,0.000000000000e+00,0.000000000000e+00,1.000000053444e+00,0.000000000000e+00,0.000000000000e+00,0.000000000000e+00,0.000000000000e+00,0.000000000000e+00,OK,,2.937909000522e-07,-4.723854751222e-09,-1.001163132406e-07,4.723854751222e-09,1.001163132406e-07,1.001163132406e-07,3.210654400000e-07,2.937909500000e-07,6.250000000000e-08,60,5.763682216709e+01,BORIS,L4/dt-1e-13/eps-1e-06/ranks-1,2.937909000522e-07,2.798197534778e-08,R66,5.741780000000e+01,-1.386352220251e+00,-1.278842361529e+00,0.000000000000e+00,0.000000000000e+00,0.000000000000e+00,-7.209431671901e-01,-1.386352333201e+00,0.000000000000e+00,0.000000000000e+00,0.000000000000e+00,0.000000000000e+00,0.000000000000e+00,3.851352100163e+00,1.040676316098e+01,0.000000000000e+00,0.000000000000e+00,0.000000000000e+00,0.000000000000e+00,1.329223389156e+00,3.851352100046e+00,0.000000000000e+00,0.000000000000e+00,-1.556196266516e-08,2.031763698529e-08,0.000000000000e+00,0.000000000000e+00,1.000000000000e+00,-9.437723253558e-02,-2.821999747832e-08,-8.289184277756e-08,0.000000000000e+00,0.000000000000e+00,0.000000000000e+00,9.999997062091e-01,0.000000000000e+00,0.000000000000e+00,0.000000000000e+00,0.000000000000e+00,0.000000000000e+00,9.315301882767e+02,9.901895608041e+03,1.524241037664e+02
1.000000000000e-13,OK,,4.869890651560e-05,1.686345895492e-05,-2.637415044820e-06,1.686345895492e-05,2.637415044820e-06,1.686345895492e-05,6.757076200000e-08,3.757691900000e-05,3.000000000000e-06,4,1,1.875000000000e-07,60,6.379864337505e+01,BORIS,L4/dt-1e-13/eps-3e-06/ranks-1,4.869890651560e-05,5.002318206912e-06,R12,6.356830000000e+01,-1.386325295413e+00,-1.278793620473e+00,0.000000000000e+00,0.000000000000e+00,0.000000000000e+00,-7.209517172350e-01,-1.386361835508e+00,0.000000000000e+00,0.000000000000e+00,0.000000000000e+00,0.000000000000e+00,0.000000000000e+00,3.851352100264e+00,1.040676316125e+01,0.000000000000e+00,0.000000000000e+00,0.000000000000e+00,0.000000000000e+00,1.329223389160e+00,3.851352100051e+00,0.000000000000e+00,0.000000000000e+00,-4.709962212739e-06,1.082089545037e-05,0.000000000000e+00,0.000000000000e+00,1.000000000002e+00,-9.437874786087e-02,2.017387899435e-08,4.722635585095e-08,0.000000000000e+00,0.000000000000e+00,0.000000000000e+00,1.000000043078e+00,0.000000000000e+00,0.000000000000e+00,0.000000000000e+00,0.000000000000e+00,0.000000000000e+00,OK,,1.881420621705e-08,6.712508175285e-09,-1.723377587838e-09,6.712508175285e-09,1.723377587838e-09,6.712508175285e-09,3.003480200000e-09,1.881420600000e-08,1.875000000000e-07,60,5.805410045898e+01,BORIS,L4/dt-1e-13/eps-3e-06/ranks-1,1.881420621705e-08,1.916596868963e-09,R62,5.781220000000e+01,-1.386352250058e+00,-1.278842315627e+00,0.000000000000e+00,0.000000000000e+00,0.000000000000e+00,-7.209431281506e-01,-1.386352256938e+00,0.000000000000e+00,0.000000000000e+00,0.000000000000e+00,0.000000000000e+00,0.000000000000e+00,3.851352100163e+00,1.040676316098e+01,0.000000000000e+00,0.000000000000e+00,0.000000000000e+00,0.000000000000e+00,1.329223389156e+00,3.851352100046e+00,0.000000000000e+00,0.000000000000e+00,-1.637447657511e-09,4.421979126719e-09,0.000000000000e+00,0.000000000000e+00,1.000000000000e+00,-9.437723403075e-02,2.464529547091e-09,1.881420621705e-08,0.000000000000e+00,0.000000000000e+00,0.000000000000e+00,1.000000005656e+00,0.000000000000e+00,0.000000000000e+00,0.000000000000e+00,0.000000000000e+00,0.000000000000e+00,2.588411435156e+03,2.512244084411e+03,1.530375620196e+03
1.000000000000e-13,OK,,2.865094925300e-05,-9.577976129235e-06,-4.441679757457e-06,9.577976129235e-06,4.441679757457e-06,9.577976129235e-06,2.236953500000e-07,2.720563300000e-05,1.000000000000e-05,4,1,6.250000000000e-07,60,6.362247541617e+01,BORIS,L4/dt-1e-13/eps-1e-05/ranks-1,2.865094925300e-05,4.461666802728e-06,R52,6.338540000000e+01,-1.386343346045e+00,-1.278821207164e+00,0.000000000000e+00,0.000000000000e+00,0.000000000000e+00,-7.209471581927e-01,-1.386354058850e+00,0.000000000000e+00,0.000000000000e+00,0.000000000000e+00,0.000000000000e+00,0.000000000000e+00,3.851352100261e+00,1.040676316124e+01,0.000000000000e+00,0.000000000000e+00,0.000000000000e+00,0.000000000000e+00,1.329223389160e+00,3.851352100048e+00,0.000000000000e+00,0.000000000000e+00,2.795505870755e-05,2.865094925333e-05,0.000000000000e+00,0.000000000000e+00,9.999999999454e-01,-9.435110829259e-02,-2.018234649236e-08,-2.802125899702e-08,0.000000000000e+00,0.000000000000e+00,0.000000000000e+00,1.000000014142e+00,0.000000000000e+00,0.000000000000e+00,0.000000000000e+00,0.000000000000e+00,0.000000000000e+00,OK,,2.595400006022e-08,-7.511187865495e-09,-8.911826806891e-09,7.511187865495e-09,8.911826806891e-09,8.911826806891e-09,2.346742300000e-08,2.595447300000e-08,6.250000000000e-07,60,5.834962770785e+01,BORIS,L4/dt-1e-13/eps-1e-05/ranks-1,2.595400006022e-08,2.965151505255e-09,R66,5.812770000000e+01,-1.386352260115e+00,-1.278842330348e+00,0.000000000000e+00,0.000000000000e+00,0.000000000000e+00,-7.209431215090e-01,-1.386352252863e+00,0.000000000000e+00,0.000000000000e+00,0.000000000000e+00,0.000000000000e+00,0.000000000000e+00,3.851352100163e+00,1.040676316098e+01,0.000000000000e+00,0.000000000000e+00,0.000000000000e+00,0.000000000000e+00,1.329223389156e+00,3.851352100046e+00,0.000000000000e+00,0.000000000000e+00,2.745076763341e-09,7.817420517350e-09,0.000000000000e+00,0.000000000000e+00,1.000000000000e+00,-9.437723248748e-02,8.825102728507e-09,1.326245782018e-08,0.000000000000e+00,0.000000000000e+00,0.000000000000e+00,1.000000025954e+00,0.000000000000e+00,0.000000000000e+00,0.000000000000e+00,0.000000000000e+00,0.000000000000e+00,1.103912660342e+03,1.275161306141e+03,4.984028363323e+02
1.000000000000e-13,OK,,6.163595469454e-06,-4.980048158191e-06,-9.005340652847e-08,4.980048158191e-06,9.005340652847e-08,4.980048158191e-06,6.561382600000e-08,6.568469000000e-07,3.000000000000e-05,4,1,1.875000000000e-06,60,6.334131275001e+01,BORIS,L4/dt-1e-13/eps-3e-05/ranks-1,6.163595469454e-06,7.421707445970e-07,R52,6.311610000000e+01,-1.386351833480e+00,-1.278842944260e+00,0.000000000000e+00,0.000000000000e+00,0.000000000000e+00,-7.209430291792e-01,-1.386352960915e+00,0.000000000000e+00,0.000000000000e+00,0.000000000000e+00,0.000000000000e+00,0.000000000000e+00,3.851352100263e+00,1.040676316122e+01,0.000000000000e+00,0.000000000000e+00,0.000000000000e+00,0.000000000000e+00,1.329223389160e+00,3.851352100040e+00,0.000000000000e+00,0.000000000000e+00,4.122869228330e-06,6.163595469787e-06,0.000000000000e+00,0.000000000000e+00,1.000000000017e+00,-9.437652231756e-02,-5.690435605076e-09,-1.047794101456e-08,0.000000000000e+00,0.000000000000e+00,0.000000000000e+00,1.000000002461e+00,0.000000000000e+00,0.000000000000e+00,0.000000000000e+00,0.000000000000e+00,0.000000000000e+00,OK,,1.418448447588e-08,-7.906802093989e-09,-3.632792064440e-09,7.906802093989e-09,3.632792064440e-09,7.906802093989e-09,5.758040900000e-09,5.535808500000e-09,1.875000000000e-06,60,5.867486941605e+01,BORIS,L4/dt-1e-13/eps-3e-05/ranks-1,1.418448447588e-08,1.744375270124e-09,R12,5.845540000000e+01,-1.386352259614e+00,-1.278842333564e+00,0.000000000000e+00,0.000000000000e+00,0.000000000000e+00,-7.209431220366e-01,-1.386352257477e+00,0.000000000000e+00,0.000000000000e+00,0.000000000000e+00,0.000000000000e+00,0.000000000000e+00,3.851352100163e+00,1.040676316098e+01,0.000000000000e+00,0.000000000000e+00,0.000000000000e+00,0.000000000000e+00,1.329223389156e+00,3.851352100046e+00,0.000000000000e+00,0.000000000000e+00,2.964682787984e-09,8.934430634779e-09,0.000000000000e+00,0.000000000000e+00,1.000000000000e+00,-9.437723024738e-02,4.622981500700e-10,-1.841758313658e-09,0.000000000000e+00,0.000000000000e+00,0.000000000000e+00,1.000000005536e+00,0.000000000000e+00,0.000000000000e+00,0.000000000000e+00,0.000000000000e+00,0.000000000000e+00,4.345308058206e+02,6.298435320617e+02,2.478903414538e+01
1.000000000000e-13,OK,,2.488617405252e-06,2.488617404919e-06,6.128368423775e-09,2.488617404919e-06,6.128368423775e-09,2.488617404919e-06,4.502862100000e-09,2.947750300000e-06,1.000000000000e-04,4,1,6.250000000000e-06,60,6.210726879188e+01,BORIS,L4/dt-1e-13/eps-0.0001/ranks-1,2.488617405252e-06,2.441998824572e-07,R16,6.188650000000e+01,-1.386353074822e+00,-1.278842183316e+00,0.000000000000e+00,0.000000000000e+00,0.000000000000e+00,-7.209431506594e-01,-1.386351391520e+00,0.000000000000e+00,0.000000000000e+00,0.000000000000e+00,0.000000000000e+00,0.000000000000e+00,3.851352100291e+00,1.040676316135e+01,0.000000000000e+00,0.000000000000e+00,0.000000000000e+00,0.000000000000e+00,1.329223389160e+00,3.851352100056e+00,0.000000000000e+00,0.000000000000e+00,9.165189287623e-07,-4.946466116524e-07,0.000000000000e+00,0.000000000000e+00,9.999999999961e-01,-9.437692502948e-02,1.189685501375e-09,1.440138268709e-09,0.000000000000e+00,0.000000000000e+00,0.000000000000e+00,1.000000002926e+00,0.000000000000e+00,0.000000000000e+00,0.000000000000e+00,0.000000000000e+00,0.000000000000e+00,OK,,1.045748443396e-08,-6.004446198402e-09,-1.405835252768e-09,6.004446198402e-09,1.405835252768e-09,6.004446198402e-09,9.413054800000e-10,2.633410900000e-09,6.250000000000e-06,60,5.860596033302e+01,BORIS,L4/dt-1e-13/eps-0.0001/ranks-1,1.045748443396e-08,1.302159427721e-09,R12,5.837710000000e+01,-1.386352258206e+00,-1.278842329837e+00,0.000000000000e+00,0.000000000000e+00,0.000000000000e+00,-7.209431233196e-01,-1.386352258244e+00,0.000000000000e+00,0.000000000000e+00,0.000000000000e+00,0.000000000000e+00,0.000000000000e+00,3.851352100163e+00,1.040676316098e+01,0.000000000000e+00,0.000000000000e+00,0.000000000000e+00,0.000000000000e+00,1.329223389156e+00,3.851352100046e+00,0.000000000000e+00,0.000000000000e+00,2.155505946024e-09,7.039462593054e-09,0.000000000000e+00,0.000000000000e+00,1.000000000000e+00,-9.437723037775e-02,-8.629565735731e-10,-2.633410855935e-09,0.000000000000e+00,0.000000000000e+00,0.000000000000e+00,1.000000000562e+00,0.000000000000e+00,0.000000000000e+00,0.000000000000e+00,0.000000000000e+00,0.000000000000e+00,2.379747654388e+02,4.144624371156e+02,4.359236554716e+00
1.000000000000e-13,OK,,8.801654931972e-07,-4.012210493154e-07,1.192572915628e-08,4.012210493154e-07,1.192572915628e-08,4.012210493154e-07,2.395831600000e-09,4.387469600000e-07,3.000000000000e-04,4,1,1.875000000000e-05,60,6.078430099995e+01,BORIS,L4/dt-1e-13/eps-0.0003/ranks-1,8.801654931972e-07,8.980900156186e-08,R56,6.056080000000e+01,-1.386352223401e+00,-1.278842722781e+00,0.000000000000e+00,0.000000000000e+00,0.000000000000e+00,-7.209430475993e-01,-1.386352425951e+00,0.000000000000e+00,0.000000000000e+00,0.000000000000e+00,0.000000000000e+00,0.000000000000e+00,3.851352100231e+00,1.040676316119e+01,0.000000000000e+00,0.000000000000e+00,0.000000000000e+00,0.000000000000e+00,1.329223389160e+00,3.851352100062e+00,0.000000000000e+00,0.000000000000e+00,-1.329845916145e-07,1.988274558637e-07,0.000000000000e+00,0.000000000000e+00,1.000000000011e+00,-9.437811404551e-02,3.010739075822e-10,-1.083831147385e-10,0.000000000000e+00,0.000000000000e+00,0.000000000000e+00,9.999999994206e-01,0.000000000000e+00,0.000000000000e+00,0.000000000000e+00,0.000000000000e+00,0.000000000000e+00,OK,,9.283484425637e-09,-6.745690528875e-09,-1.852470206206e-09,6.745690528875e-09,1.852470206206e-09,6.745690528875e-09,1.306401100000e-09,1.436145400000e-09,1.875000000000e-05,60,5.852067254204e+01,BORIS,L4/dt-1e-13/eps-0.0003/ranks-1,9.283484425637e-09,1.223770697659e-09,R12,5.829360000000e+01,-1.386352257624e+00,-1.278842328663e+00,0.000000000000e+00,0.000000000000e+00,0.000000000000e+00,-7.209431229686e-01,-1.386352257711e+00,0.000000000000e+00,0.000000000000e+00,0.000000000000e+00,0.000000000000e+00,0.000000000000e+00,3.851352100163e+00,1.040676316098e+01,0.000000000000e+00,0.000000000000e+00,0.000000000000e+00,0.000000000000e+00,1.329223389156e+00,3.851352100046e+00,0.000000000000e+00,0.000000000000e+00,1.917211747274e-09,6.502514200509e-09,0.000000000000e+00,0.000000000000e+00,1.000000000000e+00,-9.437723008438e-02,-1.799437995911e-10,-7.310618185606e-10,0.000000000000e+00,0.000000000000e+00,0.000000000000e+00,9.999999985639e-01,0.000000000000e+00,0.000000000000e+00,0.000000000000e+00,0.000000000000e+00,0.000000000000e+00,9.480982062797e+01,5.947812868052e+01,6.437744108557e+00
1.000000000000e-13,OK,,2.504381511887e-07,1.306930785735e-07,-2.647498992707e-08,1.306930785735e-07,2.647498992707e-08,1.306930785735e-07,2.753896000000e-10,4.654557300000e-07,1.000000000000e-03,4,1,6.250000000000e-05,60,6.096746262512e+01,BORIS,L4/dt-1e-13/eps-0.001/ranks-1,2.504381511887e-07,3.036234266387e-08,R52,6.074820000000e+01,-1.386352181876e+00,-1.278842275917e+00,0.000000000000e+00,0.000000000000e+00,0.000000000000e+00,-7.209431324614e-01,-1.386352314490e+00,0.000000000000e+00,0.000000000000e+00,0.000000000000e+00,0.000000000000e+00,0.000000000000e+00,3.851352100244e+00,1.040676316124e+01,0.000000000000e+00,0.000000000000e+00,0.000000000000e+00,0.000000000000e+00,1.329223389160e+00,3.851352100067e+00,0.000000000000e+00,0.000000000000e+00,5.629540873881e-08,2.504381515218e-07,0.000000000000e+00,0.000000000000e+00,1.000000000002e+00,-9.437702980852e-02,-1.243502293563e-10,-2.798502570590e-10,0.000000000000e+00,0.000000000000e+00,0.000000000000e+00,1.000000000004e+00,0.000000000000e+00,0.000000000000e+00,0.000000000000e+00,0.000000000000e+00,0.000000000000e+00,OK,,9.736484507528e-09,-6.657813213496e-09,-1.985742043639e-09,6.657813213496e-09,1.985742043639e-09,6.657813213496e-09,4.719091800000e-11,2.591147600000e-10,6.250000000000e-05,60,5.858003762504e+01,BORIS,L4/dt-1e-13/eps-0.001/ranks-1,9.736484507528e-09,1.251097198104e-09,R12,5.832150000000e+01,-1.386352258079e+00,-1.278842329116e+00,0.000000000000e+00,0.000000000000e+00,0.000000000000e+00,-7.209431233764e-01,-1.386352257846e+00,0.000000000000e+00,0.000000000000e+00,0.000000000000e+00,0.000000000000e+00,0.000000000000e+00,3.851352100163e+00,1.040676316098e+01,0.000000000000e+00,0.000000000000e+00,0.000000000000e+00,0.000000000000e+00,1.329223389156e+00,3.851352100046e+00,0.000000000000e+00,0.000000000000e+00,2.060072899557e-09,6.667448712849e-09,0.000000000000e+00,0.000000000000e+00,1.000000000000e+00,-9.437723019803e-02,-5.538279493491e-11,-2.591147596975e-10,0.000000000000e+00,0.000000000000e+00,0.000000000000e+00,9.999999999484e-01,0.000000000000e+00,0.000000000000e+00,0.000000000000e+00,0.000000000000e+00,0.000000000000e+00,2.572161964568e+01,1.963003081982e+01,1.333254236716e+01
1.000000000000e-13,OK,,6.474414319946e-08,-2.558999183801e-08,-2.682507755609e-10,2.558999183801e-08,2.682507755609e-10,2.558999183801e-08,1.613702500000e-10,3.543743300000e-08,3.000000000000e-03,4,1,1.875000000000e-04,60,6.234310045908e+01,BORIS,L4/dt-1e-13/eps-0.003/ranks-1,6.474414319946e-08,7.878419296364e-09,R56,6.208270000000e+01,-1.386352266312e+00,-1.278842377348e+00,0.000000000000e+00,0.000000000000e+00,0.000000000000e+00,-7.209431142663e-01,-1.386352266380e+00,0.000000000000e+00,0.000000000000e+00,0.000000000000e+00,0.000000000000e+00,0.000000000000e+00,3.851352100255e+00,1.040676316120e+01,0.000000000000e+00,0.000000000000e+00,0.000000000000e+00,0.000000000000e+00,1.329223389160e+00,3.851352100040e+00,0.000000000000e+00,0.000000000000e+00,-1.735868197962e-08,1.802036643899e-08,0.000000000000e+00,0.000000000000e+00,1.000000000003e+00,-9.437729862416e-02,-1.814558276333e-11,-2.627735503999e-11,0.000000000000e+00,0.000000000000e+00,0.000000000000e+00,9.999999999377e-01,0.000000000000e+00,0.000000000000e+00,0.000000000000e+00,0.000000000000e+00,0.000000000000e+00,OK,,9.875484430211e-09,-6.712585162803e-09,-1.993429514569e-09,6.712585162803e-09,1.993429514569e-09,6.712585162803e-09,2.610067700000e-11,4.270724100000e-11,1.875000000000e-04,60,5.832810170809e+01,BORIS,L4/dt-1e-13/eps-0.003/ranks-1,9.875484430211e-09,1.262983965516e-09,R12,5.810200000000e+01,-1.386352258014e+00,-1.278842329255e+00,0.000000000000e+00,0.000000000000e+00,0.000000000000e+00,-7.209431233620e-01,-1.386352257894e+00,0.000000000000e+00,0.000000000000e+00,0.000000000000e+00,0.000000000000e+00,0.000000000000e+00,3.851352100163e+00,1.040676316098e+01,0.000000000000e+00,0.000000000000e+00,0.000000000000e+00,0.000000000000e+00,1.329223389156e+00,3.851352100046e+00,0.000000000000e+00,0.000000000000e+00,2.042397274994e-09,6.731853509059e-09,0.000000000000e+00,0.000000000000e+00,1.000000000000e+00,-9.437723015576e-02,5.756725146465e-12,-4.270724076373e-11,0.000000000000e+00,0.000000000000e+00,0.000000000000e+00,9.999999999803e-01,0.000000000000e+00,0.000000000000e+00,0.000000000000e+00,0.000000000000e+00,0.000000000000e+00,6.556047316666e+00,3.812240920207e+00,1.345674745961e-01
1.000000000000e-13,OK,,3.412748439402e-08,-1.542316283501e-09,1.399655433765e-10,1.542316283501e-09,1.399655433765e-10,1.542316283501e-09,1.213446000000e-10,9.722661000000e-09,1.000000000000e-02,4,1,6.250000000000e-04,60,6.370916399988e+01,BORIS,L4/dt-1e-13/eps-0.01/ranks-1,3.412748439402e-08,3.417429208385e-09,R12,6.346660000000e+01,-1.386352266199e+00,-1.278842353507e+00,0.000000000000e+00,0.000000000000e+00,0.000000000000e+00,-7.209431186934e-01,-1.386352257919e+00,0.000000000000e+00,0.000000000000e+00,0.000000000000e+00,0.000000000000e+00,0.000000000000e+00,3.851352100264e+00,1.040676316125e+01,0.000000000000e+00,0.000000000000e+00,0.000000000000e+00,0.000000000000e+00,1.329223389160e+00,3.851352100048e+00,0.000000000000e+00,0.000000000000e+00,-4.577876905186e-09,1.204144702150e-08,0.000000000000e+00,0.000000000000e+00,1.000000000005e+00,-9.437721862382e-02,-1.421978710526e-11,-1.693771120472e-11,0.000000000000e+00,0.000000000000e+00,0.000000000000e+00,1.000000000013e+00,0.000000000000e+00,0.000000000000e+00,0.000000000000e+00,0.000000000000e+00,0.000000000000e+00,OK,,9.832484382244e-09,-6.707881154481e-09,-2.025135611586e-09,6.707881154481e-09,2.025135611586e-09,6.707881154481e-09,1.565914100000e-11,1.097710800000e-11,6.250000000000e-04,60,5.834648720897e+01,BORIS,L4/dt-1e-13/eps-0.01/ranks-1,9.832484382244e-09,1.259608101946e-09,R12,5.812250000000e+01,-1.386352257987e+00,-1.278842329212e+00,0.000000000000e+00,0.000000000000e+00,0.000000000000e+00,-7.209431233767e-01,-1.386352257914e+00,0.000000000000e+00,0.000000000000e+00,0.000000000000e+00,0.000000000000e+00,0.000000000000e+00,3.851352100163e+00,1.040676316098e+01,0.000000000000e+00,0.000000000000e+00,0.000000000000e+00,0.000000000000e+00,1.329223389156e+00,3.851352100046e+00,0.000000000000e+00,0.000000000000e+00,2.028227475442e-09,6.709430522147e-09,0.000000000000e+00,0.000000000000e+00,1.000000000000e+00,-9.437723016561e-02,-3.894981378876e-12,8.856967026646e-12,0.000000000000e+00,0.000000000000e+00,0.000000000000e+00,9.999999999890e-01,0.000000000000e+00,0.000000000000e+00,0.000000000000e+00,0.000000000000e+00,0.000000000000e+00,3.470891289250e+00,2.299260001753e-01,6.911415836833e-02
1.000000000000e-13,OK,,9.851484517043e-09,-8.421286037557e-09,-1.543713094643e-09,8.421286037557e-09,1.543713094643e-09,8.421286037557e-09,2.244258100000e-10,4.876322500000e-09,3.000000000000e-02,4,1,1.875000000000e-03,60,5.994132191688e+01,BORIS,L4/dt-1e-13/eps-0.03/ranks-1,9.851484517043e-09,1.275723672683e-09,R12,5.972310000000e+01,-1.386352259646e+00,-1.278842329231e+00,0.000000000000e+00,0.000000000000e+00,0.000000000000e+00,-7.209431231683e-01,-1.386352255909e+00,0.000000000000e+00,0.000000000000e+00,0.000000000000e+00,0.000000000000e+00,0.000000000000e+00,3.851352100257e+00,1.040676316122e+01,0.000000000000e+00,0.000000000000e+00,0.000000000000e+00,0.000000000000e+00,1.329223389160e+00,3.851352100047e+00,0.000000000000e+00,0.000000000000e+00,2.462120671232e-09,4.824397876460e-09,0.000000000000e+00,0.000000000000e+00,1.000000000004e+00,-9.437723105775e-02,-1.344733120191e-13,-1.817000857246e-13,0.000000000000e+00,0.000000000000e+00,0.000000000000e+00,1.000000000003e+00,0.000000000000e+00,0.000000000000e+00,0.000000000000e+00,0.000000000000e+00,0.000000000000e+00,OK,,9.851484517043e-09,-6.717895570796e-09,-2.031116047098e-09,6.717895570796e-09,2.031116047098e-09,6.717895570796e-09,4.839240100000e-12,7.583933500000e-12,1.875000000000e-03,60,5.823724099994e+01,BORIS,L4/dt-1e-13/eps-0.03/ranks-1,9.851484517043e-09,1.261419529257e-09,R12,5.801670000000e+01,-1.386352257985e+00,-1.278842329231e+00,0.000000000000e+00,0.000000000000e+00,0.000000000000e+00,-7.209431233725e-01,-1.386352257927e+00,0.000000000000e+00,0.000000000000e+00,0.000000000000e+00,0.000000000000e+00,0.000000000000e+00,3.851352100163e+00,1.040676316098e+01,0.000000000000e+00,0.000000000000e+00,0.000000000000e+00,0.000000000000e+00,1.329223389156e+00,3.851352100046e+00,0.000000000000e+00,0.000000000000e+00,2.027680455495e-09,6.714707906834e-09,0.000000000000e+00,0.000000000000e+00,1.000000000000e+00,-9.437723016317e-02,-4.456585234318e-12,-7.220596836484e-12,0.000000000000e+00,0.000000000000e+00,0.000000000000e+00,9.999999999924e-01,0.000000000000e+00,0.000000000000e+00,0.000000000000e+00,0.000000000000e+00,0.000000000000e+00,1.000000000000e+00,1.253560128884e+00,7.600319523095e-01
1.000000000000e-13,OK,,9.361484476500e-09,-7.103862181748e-09,-2.120368726172e-09,7.103862181748e-09,2.120368726172e-09,7.103862181748e-09,2.542031000000e-10,1.942983500000e-09,1.000000000000e-01,4,1,6.250000000000e-03,60,5.991323566693e+01,BORIS,L4/dt-1e-13/eps-0.1/ranks-1,9.361484476500e-09,1.429607361935e-09,R12,5.969300000000e+01,-1.386352257122e+00,-1.278842328741e+00,0.000000000000e+00,0.000000000000e+00,0.000000000000e+00,-7.209431231903e-01,-1.386352258177e+00,0.000000000000e+00,0.000000000000e+00,0.000000000000e+00,0.000000000000e+00,0.000000000000e+00,3.851352100275e+00,1.040676316134e+01,0.000000000000e+00,0.000000000000e+00,0.000000000000e+00,0.000000000000e+00,1.329223389160e+00,3.851352100069e+00,0.000000000000e+00,0.000000000000e+00,2.428949600470e-09,9.079894069106e-09,0.000000000000e+00,0.000000000000e+00,1.000000000004e+00,-9.437722717623e-02,-9.669429973784e-13,-7.677825913443e-13,0.000000000000e+00,0.000000000000e+00,0.000000000000e+00,1.000000000002e+00,0.000000000000e+00,0.000000000000e+00,0.000000000000e+00,0.000000000000e+00,0.000000000000e+00,OK,,9.839484560459e-09,-6.714802454453e-09,-2.028137863411e-09,6.714802454453e-09,2.028137863411e-09,6.714802454453e-09,4.016786900000e-12,3.585925400000e-12,6.250000000000e-03,60,5.834951200010e+01,BORIS,L4/dt-1e-13/eps-0.1/ranks-1,9.839484560459e-09,1.260325430175e-09,R12,5.812750000000e+01,-1.386352257981e+00,-1.278842329219e+00,0.000000000000e+00,0.000000000000e+00,0.000000000000e+00,-7.209431233680e-01,-1.386352257917e+00,0.000000000000e+00,0.000000000000e+00,0.000000000000e+00,0.000000000000e+00,0.000000000000e+00,3.851352100163e+00,1.040676316098e+01,0.000000000000e+00,0.000000000000e+00,0.000000000000e+00,0.000000000000e+00,1.329223389156e+00,3.851352100046e+00,0.000000000000e+00,0.000000000000e+00,2.027311328143e-09,6.711757422425e-09,0.000000000000e+00,0.000000000000e+00,1.000000000000e+00,-9.437723016389e-02,-1.023768188920e-12,7.379654460393e-13,0.000000000000e+00,0.000000000000e+00,0.000000000000e+00,9.999999999979e-01,0.000000000000e+00,0.000000000000e+00,0.000000000000e+00,0.000000000000e+00,0.000000000000e+00,9.514202109855e-01,1.057940606583e+00,1.045475637739e+00
3.000000000000e-13,OK,,2.739827566923e-05,1.231513547639e-05,4.481870956289e-06,1.231513547639e-05,4.481870956289e-06,1.231513547639e-05,2.087124500000e-06,2.461810200000e-05,1.000000000000e-06,4,1,6.250000000000e-08,60,2.280396504211e+01,BORIS,L4/dt-3e-13/eps-1e-06/ranks-1,2.739827566923e-05,4.299290865422e-06,R52,2.254690000000e+01,-1.386343830976e+00,-1.278817936154e+00,0.000000000000e+00,0.000000000000e+00,0.000000000000e+00,-7.209472990884e-01,-1.386350373099e+00,0.000000000000e+00,0.000000000000e+00,0.000000000000e+00,0.000000000000e+00,0.000000000000e+00,3.851352078927e+00,1.040676311823e+01,0.000000000000e+00,0.000000000000e+00,0.000000000000e+00,0.000000000000e+00,1.329223378795e+00,3.851352078533e+00,0.000000000000e+00,0.000000000000e+00,-2.728201738826e-05,-2.739827566890e-05,0.000000000000e+00,0.000000000000e+00,9.999999994398e-01,-9.439666602092e-02,-1.308862453964e-08,-1.006499369032e-07,0.000000000000e+00,0.000000000000e+00,0.000000000000e+00,9.999999632143e-01,2.462768167704e-04,5.909025209054e-05,-1.077826836180e-05,0.000000000000e+00,0.000000000000e+00,OK,,1.561489999524e-07,2.825865084470e-08,1.555507600671e-08,2.825865084470e-08,1.555507600671e-08,2.825865084470e-08,1.497129600000e-07,1.561494600000e-07,6.250000000000e-08,60,2.111907158396e+01,BORIS,L4/dt-3e-13/eps-1e-06/ranks-1,1.561489999524e-07,1.738637455656e-08,R66,2.089490000000e+01,-1.386352277940e+00,-1.278842381797e+00,0.000000000000e+00,0.000000000000e+00,0.000000000000e+00,-7.209431537989e-01,-1.386352288730e+00,0.000000000000e+00,0.000000000000e+00,0.000000000000e+00,0.000000000000e+00,0.000000000000e+00,3.851352078238e+00,1.040676311624e+01,0.000000000000e+00,0.000000000000e+00,0.000000000000e+00,0.000000000000e+00,1.329223378796e+00,3.851352078538e+00,0.000000000000e+00,0.000000000000e+00,1.266586712334e-08,4.022973573572e-08,0.000000000000e+00,0.000000000000e+00,1.000000000000e+00,-9.437724374972e-02,7.892684955410e-08,4.492585512067e-08,0.000000000000e+00,0.000000000000e+00,0.000000000000e+00,1.000000156149e+00,4.499399000046e-07,3.298250559592e-08,1.156713892473e-07,0.000000000000e+00,0.000000000000e+00,1.754623832210e+02,4.358005463201e+02,2.881291582475e+02
3.000000000000e-13,OK,,6.490732608431e-06,-5.698596099738e-06,-5.401680244594e-06,5.698596099738e-06,5.401680244594e-06,5.698596099738e-06,1.450670800000e-08,5.506315800000e-06,3.000000000000e-06,4,1,1.875000000000e-07,60,2.265762912505e+01,BORIS,L4/dt-3e-13/eps-3e-06/ranks-1,6.490732608431e-06,1.051056990405e-06,R52,2.243570000000e+01,-1.386347499352e+00,-1.278838890406e+00,0.000000000000e+00,0.000000000000e+00,0.000000000000e+00,-7.209436193732e-01,-1.386355673674e+00,0.000000000000e+00,0.000000000000e+00,0.000000000000e+00,0.000000000000e+00,0.000000000000e+00,3.851352078927e+00,1.040676311823e+01,0.000000000000e+00,0.000000000000e+00,0.000000000000e+00,0.000000000000e+00,1.329223378795e+00,3.851352078533e+00,0.000000000000e+00,0.000000000000e+00,-1.273370052840e-06,6.490732608764e-06,0.000000000000e+00,0.000000000000e+00,1.000000000002e+00,-9.437384437174e-02,5.419623268228e-08,8.461458810724e-08,0.000000000000e+00,0.000000000000e+00,0.000000000000e+00,1.000000002326e+00,4.526993300003e-05,-2.256205505466e-05,-2.764265199774e-06,0.000000000000e+00,0.000000000000e+00,OK,,7.524320000396e-08,-9.748548883830e-09,-1.369073726792e-08,9.748548883830e-09,1.369073726792e-08,1.369073726792e-08,7.012340700000e-08,7.524325700000e-08,1.875000000000e-07,60,2.119944920903e+01,BORIS,L4/dt-3e-13/eps-3e-06/ranks-1,7.524320000396e-08,1.009507234993e-08,R66,2.097800000000e+01,-1.386352262770e+00,-1.278842360695e+00,0.000000000000e+00,0.000000000000e+00,0.000000000000e+00,-7.209431320540e-01,-1.386352281204e+00,0.000000000000e+00,0.000000000000e+00,0.000000000000e+00,0.000000000000e+00,0.000000000000e+00,3.851352078242e+00,1.040676311625e+01,0.000000000000e+00,0.000000000000e+00,0.000000000000e+00,0.000000000000e+00,1.329223378798e+00,3.851352078542e+00,0.000000000000e+00,0.000000000000e+00,6.768216203115e-09,1.577563297963e-08,0.000000000000e+00,0.000000000000e+00,1.000000000000e+00,-9.437722494149e-02,-2.443606456382e-08,-5.446805774011e-08,0.000000000000e+00,0.000000000000e+00,0.000000000000e+00,9.999999247568e-01,8.089919989462e-08,-1.646105705912e-08,-1.196735968008e-08,0.000000000000e+00,0.000000000000e+00,8.626337806060e+01,5.845583960901e+02,3.945499894481e+02
3.000000000000e-13,OK,,1.138681448443e-05,-3.826275298844e-06,9.391158982425e-07,3.826275298844e-06,9.391158982425e-07,3.826275298844e-06,1.256742100000e-07,6.495761400000e-06,1.000000000000e-05,4,1,6.250000000000e-07,60,2.269214695808e+01,BORIS,L4/dt-3e-13/eps-1e-05/ranks-1,1.138681448443e-05,1.269930193564e-06,R12,2.247070000000e+01,-1.386359340579e+00,-1.278853706194e+00,0.000000000000e+00,0.000000000000e+00,0.000000000000e+00,-7.209411654521e-01,-1.386349384840e+00,0.000000000000e+00,0.000000000000e+00,0.000000000000e+00,0.000000000000e+00,0.000000000000e+00,3.851352078926e+00,1.040676311822e+01,0.000000000000e+00,0.000000000000e+00,0.000000000000e+00,0.000000000000e+00,1.329223378795e+00,3.851352078531e+00,0.000000000000e+00,0.000000000000e+00,-2.126383140362e-06,1.126260841954e-08,0.000000000000e+00,0.000000000000e+00,9.999999999438e-01,-9.438236088349e-02,-6.330483071267e-09,-1.565743579959e-08,0.000000000000e+00,0.000000000000e+00,0.000000000000e+00,9.999999881377e-01,3.249903000002e-05,5.751700830391e-06,5.380795655700e-06,0.000000000000e+00,0.000000000000e+00,OK,,4.884348436818e-08,-2.125071074428e-08,-1.355456826614e-08,2.125071074428e-08,1.355456826614e-08,2.125071074428e-08,1.000003400000e-08,2.129069300000e-08,6.250000000000e-07,60,2.114336070814e+01,BORIS,L4/dt-3e-13/eps-1e-05/ranks-1,4.884348436818e-08,7.490137517548e-09,R12,2.092170000000e+01,-1.386352270612e+00,-1.278842368223e+00,0.000000000000e+00,0.000000000000e+00,0.000000000000e+00,-7.209431346598e-01,-1.386352284131e+00,0.000000000000e+00,0.000000000000e+00,0.000000000000e+00,0.000000000000e+00,0.000000000000e+00,3.851352078242e+00,1.040676311625e+01,0.000000000000e+00,0.000000000000e+00,0.000000000000e+00,0.000000000000e+00,1.329223378798e+00,3.851352078543e+00,0.000000000000e+00,0.000000000000e+00,5.418782525558e-10,2.443900310570e-08,0.000000000000e+00,0.000000000000e+00,1.000000000000e+00,-9.437721924498e-02,-6.315837590155e-09,-1.034358981421e-08,0.000000000000e+00,0.000000000000e+00,0.000000000000e+00,9.999999787093e-01,4.724470004103e-08,-1.373952287878e-08,-4.642741459249e-09,0.000000000000e+00,0.000000000000e+00,2.331286277325e+02,1.800539918353e+02,6.928408782952e+01
3.000000000000e-13,OK,,2.733323484438e-06,-1.287845267132e-06,-5.521762426141e-08,1.287845267132e-06,5.521762426141e-08,1.287845267132e-06,1.770625500000e-08,3.698161800000e-07,3.000000000000e-05,4,1,1.875000000000e-06,60,2.297533383407e+01,BORIS,L4/dt-3e-13/eps-3e-05/ranks-1,2.733323484438e-06,3.042415395070e-07,R12,2.273590000000e+01,-1.386353287753e+00,-1.278845052703e+00,0.000000000000e+00,0.000000000000e+00,0.000000000000e+00,-7.209426041316e-01,-1.386352151183e+00,0.000000000000e+00,0.000000000000e+00,0.000000000000e+00,0.000000000000e+00,0.000000000000e+00,3.851352078922e+00,1.040676311821e+01,0.000000000000e+00,0.000000000000e+00,0.000000000000e+00,0.000000000000e+00,1.329223378795e+00,3.851352078532e+00,0.000000000000e+00,0.000000000000e+00,4.822647330359e-07,1.617224337929e-06,0.000000000000e+00,0.000000000000e+00,1.000000000002e+00,-9.437664566733e-02,-1.796300183544e-09,-2.616779832941e-09,0.000000000000e+00,0.000000000000e+00,0.000000000000e+00,1.000000002093e+00,4.546371131858e-06,3.692202891059e-06,3.483578226706e-08,0.000000000000e+00,0.000000000000e+00,OK,,5.064448438397e-08,-2.221807652470e-08,-7.692354419747e-09,2.221807652470e-08,7.692354419747e-09,2.221807652470e-08,1.718653700000e-09,5.159919400000e-09,1.875000000000e-06,60,2.120344412490e+01,BORIS,L4/dt-3e-13/eps-3e-05/ranks-1,5.064448438397e-08,6.959456683892e-09,R12,2.097950000000e+01,-1.386352270777e+00,-1.278842370024e+00,0.000000000000e+00,0.000000000000e+00,0.000000000000e+00,-7.209431280272e-01,-1.386352272118e+00,0.000000000000e+00,0.000000000000e+00,0.000000000000e+00,0.000000000000e+00,0.000000000000e+00,3.851352078242e+00,1.040676311625e+01,0.000000000000e+00,0.000000000000e+00,0.000000000000e+00,0.000000000000e+00,1.329223378798e+00,3.851352078543e+00,0.000000000000e+00,0.000000000000e+00,5.346621791380e-09,2.511550810727e-08,0.000000000000e+00,0.000000000000e+00,1.000000000000e+00,-9.437722199941e-02,-1.316057247907e-09,-5.159919422797e-09,0.000000000000e+00,0.000000000000e+00,0.000000000000e+00,9.999999996686e-01,4.473000103644e-08,-1.431127443071e-08,-4.059562355307e-09,0.000000000000e+00,0.000000000000e+00,5.397080289563e+01,5.796385054756e+01,7.178247549237e+00
3.000000000000e-13,OK,,3.263624843708e-07,-2.775237475422e-07,-2.085539202182e-07,2.775237475422e-07,2.085539202182e-07,2.775237475422e-07,2.832852100000e-09,2.346779900000e-07,1.000000000000e-04,4,1,6.250000000000e-06,60,2.331694954098e+01,BORIS,L4/dt-3e-13/eps-0.0001/ranks-1,3.263624843708e-07,4.896939795270e-08,R12,2.307860000000e+01,-1.386352241091e+00,-1.278842645742e+00,0.000000000000e+00,0.000000000000e+00,0.000000000000e+00,-7.209430667795e-01,-1.386352385306e+00,0.000000000000e+00,0.000000000000e+00,0.000000000000e+00,0.000000000000e+00,0.000000000000e+00,3.851352078927e+00,1.040676311824e+01,0.000000000000e+00,0.000000000000e+00,0.000000000000e+00,0.000000000000e+00,1.329223378795e+00,3.851352078533e+00,0.000000000000e+00,0.000000000000e+00,-2.596333375527e-07,-1.164643623593e-07,0.000000000000e+00,0.000000000000e+00,9.999999999720e-01,-9.437738722241e-02,-4.812238757401e-10,-1.860250386796e-09,0.000000000000e+00,0.000000000000e+00,0.000000000000e+00,9.999999998333e-01,2.766141152461e-06,-2.766141152461e-06,-2.146822886420e-07,0.000000000000e+00,0.000000000000e+00,OK,,4.259348451718e-08,-2.066627419305e-08,-6.519898398887e-09,2.066627419305e-08,6.519898398887e-09,2.066627419305e-08,5.854194900000e-10,1.049604300000e-09,6.250000000000e-06,60,2.108501495793e+01,BORIS,L4/dt-3e-13/eps-0.0001/ranks-1,4.259348451718e-08,6.305881105065e-09,R12,2.086510000000e+01,-1.386352268020e+00,-1.278842361973e+00,0.000000000000e+00,0.000000000000e+00,0.000000000000e+00,-7.209431264004e-01,-1.386352267503e+00,0.000000000000e+00,0.000000000000e+00,0.000000000000e+00,0.000000000000e+00,0.000000000000e+00,3.851352078238e+00,1.040676311624e+01,0.000000000000e+00,0.000000000000e+00,0.000000000000e+00,0.000000000000e+00,1.329223378796e+00,3.851352078538e+00,0.000000000000e+00,0.000000000000e+00,5.949821696157e-09,2.132038686063e-08,0.000000000000e+00,0.000000000000e+00,1.000000000000e+00,-9.437722324375e-02,2.395750794900e-10,4.453543289027e-10,0.000000000000e+00,0.000000000000e+00,0.000000000000e+00,9.999999997015e-01,4.474000014909e-08,-1.466182799465e-08,-5.114063146119e-09,0.000000000000e+00,0.000000000000e+00,7.662263091886e+00,1.342882345167e+01,3.198729603728e+01
3.000000000000e-13,OK,,1.626012404766e-07,-1.182076896655e-07,4.800113364815e-08,1.182076896655e-07,4.800113364815e-08,1.182076896655e-07,8.230922600000e-10,3.878354800000e-07,3.000000000000e-04,4,1,1.875000000000e-05,60,2.375663991715e+01,BORIS,L4/dt-3e-13/eps-0.0003/ranks-1,1.626012404766e-07,2.146742584904e-08,R52,2.353800000000e+01,-1.386352227358e+00,-1.278842299617e+00,0.000000000000e+00,0.000000000000e+00,0.000000000000e+00,-7.209431389465e-01,-1.386352286802e+00,0.000000000000e+00,0.000000000000e+00,0.000000000000e+00,0.000000000000e+00,0.000000000000e+00,3.851352078929e+00,1.040676311826e+01,0.000000000000e+00,0.000000000000e+00,0.000000000000e+00,0.000000000000e+00,1.329223378795e+00,3.851352078539e+00,0.000000000000e+00,0.000000000000e+00,-1.075186682109e-07,-1.626012401435e-07,0.000000000000e+00,0.000000000000e+00,9.999999999975e-01,-9.437732835019e-02,1.466469897858e-10,3.087950170279e-10,0.000000000000e+00,0.000000000000e+00,0.000000000000e+00,1.000000000173e+00,7.856953199992e-07,2.830133596499e-07,3.607540449187e-08,0.000000000000e+00,0.000000000000e+00,OK,,4.338848436092e-08,-2.095137231657e-08,-6.422128828731e-09,2.095137231657e-08,6.422128828731e-09,2.095137231657e-08,8.199474400000e-11,2.173031800000e-10,1.875000000000e-05,60,2.111380504095e+01,BORIS,L4/dt-3e-13/eps-0.0003/ranks-1,4.338848436092e-08,6.348788833564e-09,R12,2.089360000000e+01,-1.386352267750e+00,-1.278842362768e+00,0.000000000000e+00,0.000000000000e+00,0.000000000000e+00,-7.209431264362e-01,-1.386352268525e+00,0.000000000000e+00,0.000000000000e+00,0.000000000000e+00,0.000000000000e+00,0.000000000000e+00,3.851352078242e+00,1.040676311625e+01,0.000000000000e+00,0.000000000000e+00,0.000000000000e+00,0.000000000000e+00,1.329223378798e+00,3.851352078542e+00,0.000000000000e+00,0.000000000000e+00,6.009378821167e-09,2.096981016911e-08,0.000000000000e+00,0.000000000000e+00,1.000000000000e+00,-9.437722335722e-02,-9.069214457220e-12,-1.220530624058e-10,0.000000000000e+00,0.000000000000e+00,0.000000000000e+00,9.999999997827e-01,4.473000103644e-08,-1.420568178769e-08,-4.569658622525e-09,0.000000000000e+00,0.000000000000e+00,3.747566730472e+00,5.642002245935e+00,7.474333656062e+00
3.000000000000e-13,OK,,7.917953039639e-08,1.327814492124e-09,7.935433834726e-09,1.327814492124e-09,7.935433834726e-09,7.935433834726e-09,5.367807300000e-10,7.088686400000e-08,1.000000000000e-03,4,1,6.250000000000e-05,60,2.368376833317e+01,BORIS,L4/dt-3e-13/eps-0.001/ranks-1,7.917953039639e-08,1.128343154190e-08,R52,2.346250000000e+01,-1.386352286436e+00,-1.278842389620e+00,0.000000000000e+00,0.000000000000e+00,0.000000000000e+00,-7.209431213646e-01,-1.386352258642e+00,0.000000000000e+00,0.000000000000e+00,0.000000000000e+00,0.000000000000e+00,0.000000000000e+00,3.851352078926e+00,1.040676311823e+01,0.000000000000e+00,0.000000000000e+00,0.000000000000e+00,0.000000000000e+00,1.329223378795e+00,3.851352078533e+00,0.000000000000e+00,0.000000000000e+00,4.860737489494e-08,7.917953072946e-08,0.000000000000e+00,0.000000000000e+00,1.000000000001e+00,-9.437719242542e-02,9.416691930647e-11,1.555892245614e-10,0.000000000000e+00,0.000000000000e+00,0.000000000000e+00,9.999999999943e-01,1.712586207923e-07,-1.293652640814e-07,3.441042376180e-08,0.000000000000e+00,0.000000000000e+00,OK,,4.325548452755e-08,-2.088119916772e-08,-6.498041549265e-09,2.088119916772e-08,6.498041549265e-09,2.088119916772e-08,7.001188500000e-11,1.574100900000e-10,6.250000000000e-05,60,2.102339166682e+01,BORIS,L4/dt-3e-13/eps-0.001/ranks-1,4.325548452755e-08,6.340235455662e-09,R12,2.079960000000e+01,-1.386352268087e+00,-1.278842362635e+00,0.000000000000e+00,0.000000000000e+00,0.000000000000e+00,-7.209431268266e-01,-1.386352268363e+00,0.000000000000e+00,0.000000000000e+00,0.000000000000e+00,0.000000000000e+00,0.000000000000e+00,3.851352078242e+00,1.040676311625e+01,0.000000000000e+00,0.000000000000e+00,0.000000000000e+00,0.000000000000e+00,1.329223378798e+00,3.851352078542e+00,0.000000000000e+00,0.000000000000e+00,6.191678455616e-09,2.079940835272e-08,0.000000000000e+00,0.000000000000e+00,1.000000000000e+00,-9.437722356627e-02,-1.527212038222e-11,-3.466128348101e-11,0.000000000000e+00,0.000000000000e+00,0.000000000000e+00,9.999999999536e-01,4.473000103644e-08,-1.422338595422e-08,-4.512299505626e-09,0.000000000000e+00,0.000000000000e+00,1.830508460631e+00,6.358899608489e-02,1.221203923453e+00
3.000000000000e-13,OK,,6.959948439800e-08,-2.046835894640e-08,-1.455068030263e-08,2.046835894640e-08,1.455068030263e-08,2.046835894640e-08,3.558249300000e-10,2.128260300000e-09,3.000000000000e-03,4,1,1.875000000000e-04,60,2.347462095879e+01,BORIS,L4/dt-3e-13/eps-0.003/ranks-1,6.959948439800e-08,7.736042932682e-09,R12,2.324990000000e+01,-1.386352278819e+00,-1.278842388979e+00,0.000000000000e+00,0.000000000000e+00,0.000000000000e+00,-7.209431221705e-01,-1.386352267266e+00,0.000000000000e+00,0.000000000000e+00,0.000000000000e+00,0.000000000000e+00,0.000000000000e+00,3.851352078923e+00,1.040676311823e+01,0.000000000000e+00,0.000000000000e+00,0.000000000000e+00,0.000000000000e+00,1.329223378796e+00,3.851352078537e+00,0.000000000000e+00,0.000000000000e+00,-7.546810313701e-09,1.095343084426e-08,0.000000000000e+00,0.000000000000e+00,9.999999999991e-01,-9.437722982319e-02,2.864873296380e-11,6.633112815992e-11,0.000000000000e+00,0.000000000000e+00,0.000000000000e+00,1.000000000061e+00,6.880097000450e-08,5.121632891610e-09,-1.428242952707e-08,0.000000000000e+00,0.000000000000e+00,OK,,4.324848457138e-08,-2.084137745325e-08,-6.383146566866e-09,2.084137745325e-08,6.383146566866e-09,2.084137745325e-08,2.981615000000e-12,4.120122600000e-11,1.875000000000e-04,60,2.106797516695e+01,BORIS,L4/dt-3e-13/eps-0.003/ranks-1,4.324848457138e-08,6.335466457574e-09,R12,2.084750000000e+01,-1.386352268126e+00,-1.278842362628e+00,0.000000000000e+00,0.000000000000e+00,0.000000000000e+00,-7.209431268135e-01,-1.386352268326e+00,0.000000000000e+00,0.000000000000e+00,0.000000000000e+00,0.000000000000e+00,0.000000000000e+00,3.851352078244e+00,1.040676311625e+01,0.000000000000e+00,0.000000000000e+00,0.000000000000e+00,0.000000000000e+00,1.329223378799e+00,3.851352078545e+00,0.000000000000e+00,0.000000000000e+00,6.136435601919e-09,2.072049070901e-08,0.000000000000e+00,0.000000000000e+00,1.000000000000e+00,-9.437722361214e-02,-1.566818826943e-11,-3.772883558101e-11,0.000000000000e+00,0.000000000000e+00,0.000000000000e+00,1.000000000003e+00,4.473000103644e-08,-1.412879229045e-08,-4.389717052297e-09,0.000000000000e+00,0.000000000000e+00,1.609293021195e+00,9.821020223981e-01,2.279546638982e+00
3.000000000000e-13,OK,,3.975340945317e-08,-2.257663624899e-08,-8.457536823862e-09,2.257663624899e-08,8.457536823862e-09,2.257663624899e-08,3.449645000000e-10,5.162388100000e-09,1.000000000000e-02,4,1,6.250000000000e-04,60,2.297220429196e+01,BORIS,L4/dt-3e-13/eps-0.01/ranks-1,3.975340945317e-08,6.235790416871e-09,R34,2.275170000000e+01,-1.386352265733e+00,-1.278842357984e+00,0.000000000000e+00,0.000000000000e+00,0.000000000000e+00,-7.209431274056e-01,-1.386352268600e+00,0.000000000000e+00,0.000000000000e+00,0.000000000000e+00,0.000000000000e+00,0.000000000000e+00,3.851352078925e+00,1.040676311823e+01,0.000000000000e+00,0.000000000000e+00,0.000000000000e+00,0.000000000000e+00,1.329223378795e+00,3.851352078532e+00,0.000000000000e+00,0.000000000000e+00,9.713832623630e-09,2.261113081679e-08,0.000000000000e+00,0.000000000000e+00,9.999999999990e-01,-9.437721692183e-02,-1.050175073490e-12,1.353856349488e-11,0.000000000000e+00,0.000000000000e+00,0.000000000000e+00,1.000000000002e+00,4.302000000678e-08,-2.103431996549e-08,-8.597502367238e-09,0.000000000000e+00,0.000000000000e+00,OK,,4.322848456972e-08,-2.084825353552e-08,-6.412755215734e-09,2.084825353552e-08,6.412755215734e-09,2.084825353552e-08,3.750999500000e-12,7.822631400000e-12,6.250000000000e-04,60,2.109469679184e+01,BORIS,L4/dt-3e-13/eps-0.01/ranks-1,4.322848456972e-08,6.335362820558e-09,R12,2.087400000000e+01,-1.386352268104e+00,-1.278842362608e+00,0.000000000000e+00,0.000000000000e+00,0.000000000000e+00,-7.209431268191e-01,-1.386352268348e+00,0.000000000000e+00,0.000000000000e+00,0.000000000000e+00,0.000000000000e+00,0.000000000000e+00,3.851352078238e+00,1.040676311624e+01,0.000000000000e+00,0.000000000000e+00,0.000000000000e+00,0.000000000000e+00,1.329223378796e+00,3.851352078538e+00,0.000000000000e+00,0.000000000000e+00,6.135452224761e-09,2.070967752827e-08,0.000000000000e+00,0.000000000000e+00,1.000000000000e+00,-9.437722361899e-02,-4.576030887138e-12,-6.094157656326e-12,0.000000000000e+00,0.000000000000e+00,0.000000000000e+00,9.999999999962e-01,4.474000014909e-08,-1.414037238104e-08,-4.387619604148e-09,0.000000000000e+00,0.000000000000e+00,9.196114517745e-01,1.082902997631e+00,1.318861634249e+00
3.000000000000e-13,OK,,4.404748454867e-08,-2.086991705990e-08,-6.924377087049e-09,2.086991705990e-08,6.924377087049e-09,2.086991705990e-08,2.342176500000e-10,2.339349300000e-09,3.000000000000e-02,4,1,1.875000000000e-03,60,2.262205266720e+01,BORIS,L4/dt-3e-13/eps-0.03/ranks-1,4.404748454867e-08,6.313982150066e-09,R12,2.240100000000e+01,-1.386352267612e+00,-1.278842363427e+00,0.000000000000e+00,0.000000000000e+00,0.000000000000e+00,-7.209431264243e-01,-1.386352268731e+00,0.000000000000e+00,0.000000000000e+00,0.000000000000e+00,0.000000000000e+00,0.000000000000e+00,3.851352078938e+00,1.040676311826e+01,0.000000000000e+00,0.000000000000e+00,0.000000000000e+00,0.000000000000e+00,1.329223378796e+00,3.851352078535e+00,0.000000000000e+00,0.000000000000e+00,6.775840296090e-09,2.241711801061e-08,0.000000000000e+00,0.000000000000e+00,9.999999999990e-01,-9.437722379393e-02,2.109909722102e-12,1.074228746504e-12,0.000000000000e+00,0.000000000000e+00,0.000000000000e+00,9.999999999949e-01,4.296000000181e-08,-1.244863102234e-08,-5.380663992406e-09,0.000000000000e+00,0.000000000000e+00,OK,,4.322848456972e-08,-2.085080841340e-08,-6.410616149035e-09,2.085080841340e-08,6.410616149035e-09,2.085080841340e-08,7.453815300000e-12,8.892112600000e-12,1.875000000000e-03,60,2.101191562484e+01,BORIS,L4/dt-3e-13/eps-0.03/ranks-1,4.322848456972e-08,6.334325728916e-09,R12,2.079050000000e+01,-1.386352268102e+00,-1.278842362608e+00,0.000000000000e+00,0.000000000000e+00,0.000000000000e+00,-7.209431268121e-01,-1.386352268336e+00,0.000000000000e+00,0.000000000000e+00,0.000000000000e+00,0.000000000000e+00,0.000000000000e+00,3.851352078244e+00,1.040676311625e+01,0.000000000000e+00,0.000000000000e+00,0.000000000000e+00,0.000000000000e+00,1.329223378799e+00,3.851352078545e+00,0.000000000000e+00,0.000000000000e+00,6.138923008834e-09,2.070733953647e-08,0.000000000000e+00,0.000000000000e+00,1.000000000000e+00,-9.437722362545e-02,-2.619053516296e-12,-8.892112649730e-12,0.000000000000e+00,0.000000000000e+00,0.000000000000e+00,9.999999999955e-01,4.473000103644e-08,-1.413291284260e-08,-4.379500101937e-09,0.000000000000e+00,0.000000000000e+00,1.018945840621e+00,1.000916446313e+00,1.080142208810e+00
3.000000000000e-13,OK,,4.359448446678e-08,-2.038891936121e-08,-6.435557950772e-09,2.038891936121e-08,6.435557950772e-09,2.038891936121e-08,7.770872800000e-11,3.636062100000e-10,1.000000000000e-01,4,1,6.250000000000e-03,60,2.252537804213e+01,BORIS,L4/dt-3e-13/eps-0.1/ranks-1,4.359448446678e-08,6.221339984313e-09,R12,2.230230000000e+01,-1.386352268483e+00,-1.278842362974e+00,0.000000000000e+00,0.000000000000e+00,0.000000000000e+00,-7.209431268769e-01,-1.386352268264e+00,0.000000000000e+00,0.000000000000e+00,0.000000000000e+00,0.000000000000e+00,0.000000000000e+00,3.851352078925e+00,1.040676311823e+01,0.000000000000e+00,0.000000000000e+00,0.000000000000e+00,0.000000000000e+00,1.329223378795e+00,3.851352078533e+00,0.000000000000e+00,0.000000000000e+00,5.858594544495e-09,1.967263388605e-08,0.000000000000e+00,0.000000000000e+00,9.999999999989e-01,-9.437722350821e-02,-1.485854837620e-13,-8.437189792413e-13,0.000000000000e+00,0.000000000000e+00,0.000000000000e+00,9.999999999996e-01,4.311000090240e-08,-1.328505717946e-08,-4.315189224600e-09,0.000000000000e+00,0.000000000000e+00,OK,,4.323148439234e-08,-2.085289337811e-08,-6.412445185955e-09,2.085289337811e-08,6.412445185955e-09,2.085289337811e-08,6.408207300000e-13,1.557890800000e-12,6.250000000000e-03,60,2.101296420791e+01,BORIS,L4/dt-3e-13/eps-0.1/ranks-1,4.323148439234e-08,6.334728842452e-09,R12,2.079100000000e+01,-1.386352268103e+00,-1.278842362611e+00,0.000000000000e+00,0.000000000000e+00,0.000000000000e+00,-7.209431268130e-01,-1.386352268339e+00,0.000000000000e+00,0.000000000000e+00,0.000000000000e+00,0.000000000000e+00,0.000000000000e+00,3.851352078242e+00,1.040676311625e+01,0.000000000000e+00,0.000000000000e+00,0.000000000000e+00,0.000000000000e+00,1.329223378798e+00,3.851352078543e+00,0.000000000000e+00,0.000000000000e+00,6.142335491790e-09,2.070853613888e-08,0.000000000000e+00,0.000000000000e+00,1.000000000000e+00,-9.437722362539e-02,-5.420275933855e-13,-9.738714983004e-13,0.000000000000e+00,0.000000000000e+00,0.000000000000e+00,9.999999999994e-01,4.473000103644e-08,-1.413809092366e-08,-4.384307322544e-09,0.000000000000e+00,0.000000000000e+00,1.008396659970e+00,9.777501371878e-01,1.003604360606e+00
1.000000000000e-12,OK,,6.327950792581e-06,3.978403987607e-06,-6.231353743923e-07,3.978403987607e-06,6.231353743923e-07,3.978403987607e-06,5.613016500000e-08,4.627905900000e-06,1.000000000000e-06,4,1,6.250000000000e-08,60,9.285616000183e+00,BORIS,L4/dt-1e-12/eps-1e-06/ranks-1,6.327950792581e-06,8.694019713975e-07,R51,9.065070000000e+00,-1.386352507355e+00,-1.278847331508e+00,0.000000000000e+00,0.000000000000e+00,0.000000000000e+00,-7.209425404887e-01,-1.386354134014e+00,0.000000000000e+00,0.000000000000e+00,0.000000000000e+00,0.000000000000e+00,0.000000000000e+00,3.851351837071e+00,1.040676263086e+01,0.000000000000e+00,0.000000000000e+00,0.000000000000e+00,0.000000000000e+00,1.329223261135e+00,3.851351834251e+00,0.000000000000e+00,0.000000000000e+00,-6.327950792525e-06,-1.689866895076e-06,0.000000000000e+00,0.000000000000e+00,9.999999994398e-01,-9.438203661948e-02,-1.714294561843e-08,5.722366372778e-08,0.000000000000e+00,0.000000000000e+00,0.000000000000e+00,9.999999709933e-01,2.719852255442e-04,5.075352060176e-05,-1.588327469248e-05,0.000000000000e+00,0.000000000000e+00,OK,,5.497934090215e-07,-1.316031412111e-07,-1.395406527705e-08,1.316031412111e-07,1.395406527705e-08,1.316031412111e-07,5.201601800000e-08,1.106223200000e-07,6.250000000000e-08,60,8.099766250001e+00,BORIS,L4/dt-1e-12/eps-1e-06/ranks-1,5.497934090215e-07,6.665392159016e-08,R34,7.881280000000e+00,-1.386352341722e+00,-1.278842670815e+00,0.000000000000e+00,0.000000000000e+00,0.000000000000e+00,-7.209430887632e-01,-1.386352269205e+00,0.000000000000e+00,0.000000000000e+00,0.000000000000e+00,0.000000000000e+00,0.000000000000e+00,3.851351829247e+00,1.040676260819e+01,0.000000000000e+00,0.000000000000e+00,0.000000000000e+00,0.000000000000e+00,1.329223261134e+00,3.851351834248e+00,0.000000000000e+00,0.000000000000e+00,4.542563963421e-08,1.556091676225e-07,0.000000000000e+00,0.000000000000e+00,9.999999999996e-01,-9.437715893462e-02,2.959563864148e-08,1.106223247007e-07,0.000000000000e+00,0.000000000000e+00,0.000000000000e+00,1.000000018261e+00,5.527900004410e-07,-1.268792864599e-07,8.616224796355e-08,0.000000000000e+00,0.000000000000e+00,1.150968834611e+01,3.023031176152e+01,4.465618886112e+01
1.000000000000e-12,OK,,8.601094063199e-06,-6.959246942088e-08,2.229946650585e-06,6.959246942088e-08,2.229946650585e-06,2.229946650585e-06,1.809817300000e-07,9.784686500000e-06,3.000000000000e-06,4,1,1.875000000000e-07,60,9.243962833891e+00,BORIS,L4/dt-1e-12/eps-3e-06/ranks-1,8.601094063199e-06,1.173768212161e-06,R56,9.021700000000e+00,-1.386355890162e+00,-1.278849213643e+00,0.000000000000e+00,0.000000000000e+00,0.000000000000e+00,-7.209419656553e-01,-1.386351011165e+00,0.000000000000e+00,0.000000000000e+00,0.000000000000e+00,0.000000000000e+00,0.000000000000e+00,3.851351837070e+00,1.040676263085e+01,0.000000000000e+00,0.000000000000e+00,0.000000000000e+00,0.000000000000e+00,1.329223261135e+00,3.851351834250e+00,0.000000000000e+00,0.000000000000e+00,-3.712000538922e-06,-6.837340637462e-06,0.000000000000e+00,0.000000000000e+00,1.000000000002e+00,-9.438583497408e-02,-3.169648007552e-09,9.527363481415e-09,0.000000000000e+00,0.000000000000e+00,0.000000000000e+00,9.999999947161e-01,5.559317000015e-05,-1.693305142434e-05,4.867361695405e-06,0.000000000000e+00,0.000000000000e+00,OK,,5.498034099105e-07,-1.763862535060e-07,-5.418337744760e-08,1.763862535060e-07,5.418337744760e-08,1.763862535060e-07,2.015791700000e-08,1.405408500000e-07,1.875000000000e-07,60,8.093883082969e+00,BORIS,L4/dt-1e-12/eps-3e-06/ranks-1,5.498034099105e-07,7.098346979599e-08,R34,7.872140000000e+00,-1.386352375622e+00,-1.278842733266e+00,0.000000000000e+00,0.000000000000e+00,0.000000000000e+00,-7.209431565773e-01,-1.386352374831e+00,0.000000000000e+00,0.000000000000e+00,0.000000000000e+00,0.000000000000e+00,0.000000000000e+00,3.851351829245e+00,1.040676260818e+01,0.000000000000e+00,0.000000000000e+00,0.000000000000e+00,0.000000000000e+00,1.329223261134e+00,3.851351834247e+00,0.000000000000e+00,0.000000000000e+00,1.910837357538e-07,9.115616029835e-08,0.000000000000e+00,0.000000000000e+00,1.000000000000e+00,-9.437722872196e-02,1.593944025948e-08,5.313418515980e-08,0.000000000000e+00,0.000000000000e+00,0.000000000000e+00,9.999999884317e-01,5.528000013300e-07,-1.830987616813e-07,-5.245999985976e-08,0.000000000000e+00,0.000000000000e+00,1.564394455938e+01,3.945458789311e-01,4.115554909329e+01
1.000000000000e-12,OK,,1.074200200909e-06,6.730779639706e-07,8.189297656660e-07,6.730779639706e-07,8.189297656660e-07,8.189297656660e-07,4.751818400000e-08,4.241096100000e-07,1.000000000000e-05,4,1,6.250000000000e-07,60,9.233793665888e+00,BORIS,L4/dt-1e-12/eps-1e-05/ranks-1,1.074200200909e-06,1.671658262646e-07,R51,9.011360000000e+00,-1.386352901048e+00,-1.278842116396e+00,0.000000000000e+00,0.000000000000e+00,0.000000000000e+00,-7.209433285186e-01,-1.386351727448e+00,0.000000000000e+00,0.000000000000e+00,0.000000000000e+00,0.000000000000e+00,0.000000000000e+00,3.851351837070e+00,1.040676263086e+01,0.000000000000e+00,0.000000000000e+00,0.000000000000e+00,0.000000000000e+00,1.329223261135e+00,3.851351834250e+00,0.000000000000e+00,0.000000000000e+00,1.074200200965e-06,-1.515005991907e-08,0.000000000000e+00,0.000000000000e+00,9.999999999693e-01,-9.437803340121e-02,-1.695127057495e-10,3.901385590028e-09,0.000000000000e+00,0.000000000000e+00,0.000000000000e+00,1.000000000373e+00,2.866609931325e-05,1.025105409321e-05,5.260609523123e-06,0.000000000000e+00,0.000000000000e+00,OK,,5.498034099105e-07,-1.803397431204e-07,-5.354216909175e-08,1.803397431204e-07,5.354216909175e-08,1.803397431204e-07,1.918299700000e-09,2.282181700000e-07,6.250000000000e-07,60,8.092336499831e+00,BORIS,L4/dt-1e-12/eps-1e-05/ranks-1,5.498034099105e-07,7.685902541554e-08,R34,7.872880000000e+00,-1.386352381996e+00,-1.278842737644e+00,0.000000000000e+00,0.000000000000e+00,0.000000000000e+00,-7.209431640486e-01,-1.386352377916e+00,0.000000000000e+00,0.000000000000e+00,0.000000000000e+00,0.000000000000e+00,0.000000000000e+00,3.851351829245e+00,1.040676260818e+01,0.000000000000e+00,0.000000000000e+00,0.000000000000e+00,0.000000000000e+00,1.329223261134e+00,3.851351834247e+00,0.000000000000e+00,0.000000000000e+00,-1.724189685407e-07,3.086138042178e-07,0.000000000000e+00,0.000000000000e+00,1.000000000000e+00,-9.437702549101e-02,-1.357141920263e-10,6.473791990187e-09,0.000000000000e+00,0.000000000000e+00,0.000000000000e+00,1.000000010106e+00,5.528000013300e-07,-1.728285552549e-07,-4.463034228486e-08,0.000000000000e+00,0.000000000000e+00,1.953789630159e+00,3.732277490942e+00,1.529504275896e+01
1.000000000000e-12,OK,,5.999991252529e-07,-4.263936406988e-07,-1.442063000801e-07,4.263936406988e-07,1.442063000801e-07,4.263936406988e-07,2.347503200000e-08,1.931043100000e-07,3.000000000000e-05,4,1,1.875000000000e-06,60,9.236851082882e+00,BORIS,L4/dt-1e-12/eps-3e-05/ranks-1,5.999991252529e-07,9.998611240496e-08,R52,9.016260000000e+00,-1.386352296452e+00,-1.278842704473e+00,0.000000000000e+00,0.000000000000e+00,0.000000000000e+00,-7.209431685998e-01,-1.386352440550e+00,0.000000000000e+00,0.000000000000e+00,0.000000000000e+00,0.000000000000e+00,0.000000000000e+00,3.851351837069e+00,1.040676263086e+01,0.000000000000e+00,0.000000000000e+00,0.000000000000e+00,0.000000000000e+00,1.329223261135e+00,3.851351834252e+00,0.000000000000e+00,0.000000000000e+00,1.463644004830e-07,5.999991255860e-07,0.000000000000e+00,0.000000000000e+00,1.000000000002e+00,-9.437671037502e-02,-5.239994520752e-10,-1.908538349121e-09,0.000000000000e+00,0.000000000000e+00,0.000000000000e+00,9.999999983797e-01,5.563596344201e-06,4.553654517492e-06,-5.415289355163e-08,0.000000000000e+00,0.000000000000e+00,OK,,5.497934090215e-07,-1.803926582135e-07,-5.437881500650e-08,1.803926582135e-07,5.437881500650e-08,1.803926582135e-07,1.483906300000e-10,7.706130500000e-08,1.875000000000e-06,60,8.144970332971e+00,BORIS,L4/dt-1e-12/eps-3e-05/ranks-1,5.497934090215e-07,7.248166440663e-08,R34,7.926210000000e+00,-1.386352382785e+00,-1.278842741781e+00,0.000000000000e+00,0.000000000000e+00,0.000000000000e+00,-7.209431652497e-01,-1.386352385055e+00,0.000000000000e+00,0.000000000000e+00,0.000000000000e+00,0.000000000000e+00,0.000000000000e+00,3.851351829247e+00,1.040676260819e+01,0.000000000000e+00,0.000000000000e+00,0.000000000000e+00,0.000000000000e+00,1.329223261134e+00,3.851351834248e+00,0.000000000000e+00,0.000000000000e+00,-2.257193752453e-08,2.230197437910e-07,0.000000000000e+00,0.000000000000e+00,1.000000000000e+00,-9.437710732614e-02,1.857305958946e-09,3.876303641123e-09,0.000000000000e+00,0.000000000000e+00,0.000000000000e+00,1.000000001864e+00,5.527900004410e-07,-1.724858561195e-07,-5.074602294206e-08,0.000000000000e+00,0.000000000000e+00,1.091317421067e+00,2.363697308535e+00,2.651883827606e+00
1.000000000000e-12,OK,,5.271334089230e-07,-8.072039121192e-08,-1.926450439435e-08,8.072039121192e-08,1.926450439435e-08,8.072039121192e-08,6.026699700000e-09,2.597818600000e-07,1.000000000000e-04,4,1,6.250000000000e-06,60,9.235890666023e+00,BORIS,L4/dt-1e-12/eps-0.0001/ranks-1,5.271334089230e-07,6.833453422489e-08,R34,9.015050000000e+00,-1.386352232036e+00,-1.278842578469e+00,0.000000000000e+00,0.000000000000e+00,0.000000000000e+00,-7.209431941519e-01,-1.386352474405e+00,0.000000000000e+00,0.000000000000e+00,0.000000000000e+00,0.000000000000e+00,0.000000000000e+00,3.851351837070e+00,1.040676263085e+01,0.000000000000e+00,0.000000000000e+00,0.000000000000e+00,0.000000000000e+00,1.329223261136e+00,3.851351834251e+00,0.000000000000e+00,0.000000000000e+00,7.552616368288e-08,3.470032554114e-07,0.000000000000e+00,0.000000000000e+00,9.999999999984e-01,-9.437717360601e-02,9.092367294832e-11,5.218161841614e-10,0.000000000000e+00,0.000000000000e+00,0.000000000000e+00,1.000000000033e+00,2.569337796131e-06,-2.569337796131e-06,-2.539287281812e-08,0.000000000000e+00,0.000000000000e+00,OK,,5.497934090215e-07,-1.818173682998e-07,-5.673276665126e-08,1.818173682998e-07,5.673276665126e-08,1.818173682998e-07,5.257632100000e-10,2.251495200000e-08,6.250000000000e-06,60,8.100330709014e+00,BORIS,L4/dt-1e-12/eps-0.0001/ranks-1,5.497934090215e-07,7.169005486809e-08,R34,7.874630000000e+00,-1.386352383328e+00,-1.278842742586e+00,0.000000000000e+00,0.000000000000e+00,0.000000000000e+00,-7.209431658688e-01,-1.386352386426e+00,0.000000000000e+00,0.000000000000e+00,0.000000000000e+00,0.000000000000e+00,0.000000000000e+00,3.851351829247e+00,1.040676260819e+01,0.000000000000e+00,0.000000000000e+00,0.000000000000e+00,0.000000000000e+00,1.329223261134e+00,3.851351834248e+00,0.000000000000e+00,0.000000000000e+00,2.989457338351e-08,1.924253866106e-07,0.000000000000e+00,0.000000000000e+00,1.000000000000e+00,-9.437713643627e-02,1.998078098507e-10,7.851871531967e-10,0.000000000000e+00,0.000000000000e+00,0.000000000000e+00,9.999999999072e-01,5.527900004410e-07,-1.758129221014e-07,-5.532693139849e-08,0.000000000000e+00,0.000000000000e+00,9.587845184633e-01,4.439641381170e-01,3.395657488867e-01
1.000000000000e-12,OK,,5.271234098103e-07,-1.811063040566e-07,-6.986241879175e-08,1.811063040566e-07,6.986241879175e-08,1.811063040566e-07,1.313535900000e-09,6.055752600000e-09,3.000000000000e-04,4,1,1.875000000000e-05,60,9.285442708060e+00,BORIS,L4/dt-1e-12/eps-0.0003/ranks-1,5.271234098103e-07,6.860422463573e-08,R34,9.066130000000e+00,-1.386352362407e+00,-1.278842710645e+00,0.000000000000e+00,0.000000000000e+00,0.000000000000e+00,-7.209431719372e-01,-1.386352395671e+00,0.000000000000e+00,0.000000000000e+00,0.000000000000e+00,0.000000000000e+00,0.000000000000e+00,3.851351837071e+00,1.040676263086e+01,0.000000000000e+00,0.000000000000e+00,0.000000000000e+00,0.000000000000e+00,1.329223261135e+00,3.851351834251e+00,0.000000000000e+00,0.000000000000e+00,3.978239335824e-08,1.618923640613e-07,0.000000000000e+00,0.000000000000e+00,1.000000000002e+00,-9.437713042804e-02,-1.400422170991e-10,-3.651615852775e-10,0.000000000000e+00,0.000000000000e+00,0.000000000000e+00,1.000000000037e+00,9.836174700018e-07,2.201147452588e-07,-8.178814794803e-08,0.000000000000e+00,0.000000000000e+00,OK,,5.498034099105e-07,-1.816680460058e-07,-5.668776109647e-08,1.816680460058e-07,5.668776109647e-08,1.816680460058e-07,2.526026100000e-10,7.647147900000e-09,1.875000000000e-05,60,8.134265000001e+00,BORIS,L4/dt-1e-12/eps-0.0003/ranks-1,5.498034099105e-07,7.150828996729e-08,R34,7.912560000000e+00,-1.386352382979e+00,-1.278842742419e+00,0.000000000000e+00,0.000000000000e+00,0.000000000000e+00,-7.209431659976e-01,-1.386352387143e+00,0.000000000000e+00,0.000000000000e+00,0.000000000000e+00,0.000000000000e+00,0.000000000000e+00,3.851351829246e+00,1.040676260818e+01,0.000000000000e+00,0.000000000000e+00,0.000000000000e+00,0.000000000000e+00,1.329223261134e+00,3.851351834247e+00,0.000000000000e+00,0.000000000000e+00,4.472775237042e-08,1.836463139229e-07,0.000000000000e+00,0.000000000000e+00,1.000000000000e+00,-9.437714486585e-02,8.713228730685e-11,9.129331386226e-11,0.000000000000e+00,0.000000000000e+00,0.000000000000e+00,1.000000000221e+00,5.528000013300e-07,-1.749223554769e-07,-5.483529089026e-08,0.000000000000e+00,0.000000000000e+00,9.587488915285e-01,9.969078659591e-01,1.232407444578e+00
1.000000000000e-12,OK,,5.271234098103e-07,-1.923882360928e-07,-5.901522530833e-08,1.923882360928e-07,5.901522530833e-08,1.923882360928e-07,2.901150400000e-10,3.353850500000e-10,1.000000000000e-03,4,1,6.250000000000e-05,60,9.176520665875e+00,BORIS,L4/dt-1e-12/eps-0.001/ranks-1,5.271234098103e-07,7.102557503088e-08,R34,8.956050000000e+00,-1.386352385654e+00,-1.278842750893e+00,0.000000000000e+00,0.000000000000e+00,0.000000000000e+00,-7.209431649029e-01,-1.386352387600e+00,0.000000000000e+00,0.000000000000e+00,0.000000000000e+00,0.000000000000e+00,0.000000000000e+00,3.851351837070e+00,1.040676263086e+01,0.000000000000e+00,0.000000000000e+00,0.000000000000e+00,0.000000000000e+00,1.329223261135e+00,3.851351834250e+00,0.000000000000e+00,0.000000000000e+00,5.686018215915e-08,1.913547451421e-07,0.000000000000e+00,0.000000000000e+00,1.000000000004e+00,-9.437713398088e-02,2.542867332061e-11,-2.317331739808e-11,0.000000000000e+00,0.000000000000e+00,0.000000000000e+00,1.000000000042e+00,5.303800012513e-07,-3.230813146663e-07,-3.254023538126e-08,0.000000000000e+00,0.000000000000e+00,OK,,5.497934090215e-07,-1.816269149437e-07,-5.678803677301e-08,1.816269149437e-07,5.678803677301e-08,1.816269149437e-07,8.117473400000e-11,2.333659800000e-09,6.250000000000e-05,60,8.147784583969e+00,BORIS,L4/dt-1e-12/eps-0.001/ranks-1,5.497934090215e-07,7.144833537859e-08,R34,7.926260000000e+00,-1.386352383166e+00,-1.278842742284e+00,0.000000000000e+00,0.000000000000e+00,0.000000000000e+00,-7.209431663070e-01,-1.386352387106e+00,0.000000000000e+00,0.000000000000e+00,0.000000000000e+00,0.000000000000e+00,0.000000000000e+00,3.851351829246e+00,1.040676260819e+01,0.000000000000e+00,0.000000000000e+00,0.000000000000e+00,0.000000000000e+00,1.329223261134e+00,3.851351834248e+00,0.000000000000e+00,0.000000000000e+00,4.988139691315e-08,1.804694012902e-07,0.000000000000e+00,0.000000000000e+00,1.000000000000e+00,-9.437714790730e-02,-6.396249955586e-12,-6.367769841610e-11,0.000000000000e+00,0.000000000000e+00,0.000000000000e+00,9.999999999777e-01,5.527900004410e-07,-1.749691017302e-07,-5.480229472937e-08,0.000000000000e+00,0.000000000000e+00,9.587663314270e-01,1.059249594987e+00,1.039219326145e+00
1.000000000000e-12,OK,,5.271334089230e-07,-1.776024399905e-07,-5.476751032629e-08,1.776024399905e-07,5.476751032629e-08,1.776024399905e-07,2.540949700000e-10,1.420030900000e-08,3.000000000000e-03,4,1,1.875000000000e-04,60,9.213530624984e+00,BORIS,L4/dt-1e-12/eps-0.003/ranks-1,5.271334089230e-07,7.052667642045e-08,R34,8.993780000000e+00,-1.386352385626e+00,-1.278842748847e+00,0.000000000000e+00,0.000000000000e+00,0.000000000000e+00,-7.209431652293e-01,-1.386352386944e+00,0.000000000000e+00,0.000000000000e+00,0.000000000000e+00,0.000000000000e+00,0.000000000000e+00,3.851351837069e+00,1.040676263085e+01,0.000000000000e+00,0.000000000000e+00,0.000000000000e+00,0.000000000000e+00,1.329223261136e+00,3.851351834252e+00,0.000000000000e+00,0.000000000000e+00,5.749436632859e-08,1.903830788326e-07,0.000000000000e+00,0.000000000000e+00,1.000000000001e+00,-9.437714611017e-02,-1.283822948542e-11,-2.370377671975e-11,0.000000000000e+00,0.000000000000e+00,0.000000000000e+00,9.999999999713e-01,5.303500003606e-07,-1.520124481525e-07,-5.449925955073e-08,0.000000000000e+00,0.000000000000e+00,OK,,5.497934090215e-07,-1.816272124460e-07,-5.675906050718e-08,1.816272124460e-07,5.675906050718e-08,1.816272124460e-07,2.825162300000e-11,9.031926700000e-10,1.875000000000e-04,60,8.131553707877e+00,BORIS,L4/dt-1e-12/eps-0.003/ranks-1,5.497934090215e-07,7.143102166081e-08,R34,7.912810000000e+00,-1.386352383186e+00,-1.278842742243e+00,0.000000000000e+00,0.000000000000e+00,0.000000000000e+00,-7.209431662964e-01,-1.386352387081e+00,0.000000000000e+00,0.000000000000e+00,0.000000000000e+00,0.000000000000e+00,0.000000000000e+00,3.851351829246e+00,1.040676260819e+01,0.000000000000e+00,0.000000000000e+00,0.000000000000e+00,0.000000000000e+00,1.329223261134e+00,3.851351834248e+00,0.000000000000e+00,0.000000000000e+00,5.135307680942e-08,1.795608083103e-07,0.000000000000e+00,0.000000000000e+00,1.000000000000e+00,-9.437714876708e-02,-1.515891190039e-11,-9.047525895102e-12,0.000000000000e+00,0.000000000000e+00,0.000000000000e+00,9.999999999951e-01,5.527900004410e-07,-1.749146272832e-07,-5.476563099261e-08,0.000000000000e+00,0.000000000000e+00,9.587845184633e-01,9.778404766483e-01,9.649122067368e-01
1.000000000000e-12,OK,,5.271334089230e-07,-1.815426713552e-07,-5.504537033362e-08,1.815426713552e-07,5.504537033362e-08,1.815426713552e-07,5.800870900000e-11,2.544191100000e-09,1.000000000000e-02,4,1,6.250000000000e-04,60,9.153967250139e+00,BORIS,L4/dt-1e-12/eps-0.01/ranks-1,5.271334089230e-07,7.051007362126e-08,R34,8.931540000000e+00,-1.386352386100e+00,-1.278842750297e+00,0.000000000000e+00,0.000000000000e+00,0.000000000000e+00,-7.209431650871e-01,-1.386352387302e+00,0.000000000000e+00,0.000000000000e+00,0.000000000000e+00,0.000000000000e+00,0.000000000000e+00,3.851351837070e+00,1.040676263085e+01,0.000000000000e+00,0.000000000000e+00,0.000000000000e+00,0.000000000000e+00,1.329223261135e+00,3.851351834249e+00,0.000000000000e+00,0.000000000000e+00,5.433541507945e-08,1.838328240830e-07,0.000000000000e+00,0.000000000000e+00,9.999999999995e-01,-9.437714866588e-02,-2.072732421277e-12,-9.429997508775e-12,0.000000000000e+00,0.000000000000e+00,0.000000000000e+00,9.999999999963e-01,5.303999994766e-07,-1.800003550717e-07,-5.518533587700e-08,0.000000000000e+00,0.000000000000e+00,OK,,5.497934090215e-07,-1.816459820448e-07,-5.678282338773e-08,1.816459820448e-07,5.678282338773e-08,1.816459820448e-07,1.041211600000e-11,3.001752900000e-10,6.250000000000e-04,60,8.145565625047e+00,BORIS,L4/dt-1e-12/eps-0.01/ranks-1,5.497934090215e-07,7.143533887279e-08,R34,7.924950000000e+00,-1.386352383168e+00,-1.278842742296e+00,0.000000000000e+00,0.000000000000e+00,0.000000000000e+00,-7.209431663015e-01,-1.386352387153e+00,0.000000000000e+00,0.000000000000e+00,0.000000000000e+00,0.000000000000e+00,0.000000000000e+00,3.851351829246e+00,1.040676260819e+01,0.000000000000e+00,0.000000000000e+00,0.000000000000e+00,0.000000000000e+00,1.329223261134e+00,3.851351834248e+00,0.000000000000e+00,0.000000000000e+00,5.204998269862e-08,1.795098757429e-07,0.000000000000e+00,0.000000000000e+00,1.000000000000e+00,-9.437714895408e-02,-8.803708706465e-13,-7.005949299483e-12,0.000000000000e+00,0.000000000000e+00,0.000000000000e+00,1.000000000004e+00,5.527900004410e-07,-1.749381008903e-07,-5.475768777614e-08,0.000000000000e+00,0.000000000000e+00,9.587845184633e-01,9.994312525472e-01,9.694017847220e-01
1.000000000000e-12,OK,,5.271234098103e-07,-1.821244838281e-07,-5.474957797082e-08,1.821244838281e-07,5.474957797082e-08,1.821244838281e-07,1.413773500000e-10,1.070264000000e-09,3.000000000000e-02,4,1,1.875000000000e-03,60,1.034556708299e+01,BORIS,L4/dt-1e-12/eps-0.03/ranks-1,5.271234098103e-07,7.045133669060e-08,R34,1.008890000000e+01,-1.386352386993e+00,-1.278842750060e+00,0.000000000000e+00,0.000000000000e+00,0.000000000000e+00,-7.209431648994e-01,-1.386352385965e+00,0.000000000000e+00,0.000000000000e+00,0.000000000000e+00,0.000000000000e+00,0.000000000000e+00,3.851351837069e+00,1.040676263086e+01,0.000000000000e+00,0.000000000000e+00,0.000000000000e+00,0.000000000000e+00,1.329223261135e+00,3.851351834251e+00,0.000000000000e+00,0.000000000000e+00,5.434607498580e-08,1.814020578695e-07,0.000000000000e+00,0.000000000000e+00,9.999999999994e-01,-9.437714965813e-02,1.518760345474e-12,3.072535169269e-12,0.000000000000e+00,0.000000000000e+00,0.000000000000e+00,9.999999999996e-01,5.303600012496e-07,-1.737031977905e-07,-5.320586487618e-08,0.000000000000e+00,0.000000000000e+00,OK,,5.497934090215e-07,-1.816378994093e-07,-5.677453163155e-08,1.816378994093e-07,5.677453163155e-08,1.816378994093e-07,5.960898400000e-12,1.339979100000e-10,1.875000000000e-03,60,8.109397915890e+00,BORIS,L4/dt-1e-12/eps-0.03/ranks-1,5.497934090215e-07,7.142974644901e-08,R34,7.860570000000e+00,-1.386352383164e+00,-1.278842742277e+00,0.000000000000e+00,0.000000000000e+00,0.000000000000e+00,-7.209431662943e-01,-1.386352387131e+00,0.000000000000e+00,0.000000000000e+00,0.000000000000e+00,0.000000000000e+00,0.000000000000e+00,3.851351829247e+00,1.040676260819e+01,0.000000000000e+00,0.000000000000e+00,0.000000000000e+00,0.000000000000e+00,1.329223261134e+00,3.851351834248e+00,0.000000000000e+00,0.000000000000e+00,5.218334611810e-08,1.793419536822e-07,0.000000000000e+00,0.000000000000e+00,1.000000000000e+00,-9.437714921209e-02,1.226579220912e-12,5.106527713395e-12,0.000000000000e+00,0.000000000000e+00,0.000000000000e+00,9.999999999994e-01,5.527900004410e-07,-1.749200038385e-07,-5.474341558445e-08,0.000000000000e+00,0.000000000000e+00,9.587663314270e-01,1.002678870546e+00,9.643334149567e-01
1.000000000000e-12,OK,,5.271434098120e-07,-1.815768606535e-07,-5.485975093648e-08,1.815768606535e-07,5.485975093648e-08,1.815768606535e-07,5.979594600000e-11,8.877248000000e-11,1.000000000000e-01,4,1,6.250000000000e-03,60,1.007184224995e+01,BORIS,L4/dt-1e-12/eps-0.1/ranks-1,5.271434098120e-07,7.047152858496e-08,R34,9.834590000000e+00,-1.386352387402e+00,-1.278842750426e+00,0.000000000000e+00,0.000000000000e+00,0.000000000000e+00,-7.209431650365e-01,-1.386352386018e+00,0.000000000000e+00,0.000000000000e+00,0.000000000000e+00,0.000000000000e+00,0.000000000000e+00,3.851351837067e+00,1.040676263084e+01,0.000000000000e+00,0.000000000000e+00,0.000000000000e+00,0.000000000000e+00,1.329223261135e+00,3.851351834249e+00,0.000000000000e+00,0.000000000000e+00,5.476294174529e-08,1.815040176342e-07,0.000000000000e+00,0.000000000000e+00,9.999999999995e-01,-9.437714934191e-02,-6.812188737102e-13,-1.058262050921e-12,0.000000000000e+00,0.000000000000e+00,0.000000000000e+00,9.999999999998e-01,5.305000012612e-07,-1.744729984718e-07,-5.273938221031e-08,0.000000000000e+00,0.000000000000e+00,OK,,5.497934090215e-07,-1.816439384915e-07,-5.677885023259e-08,1.816439384915e-07,5.677885023259e-08,1.816439384915e-07,1.332267600000e-12,3.685537800000e-11,6.250000000000e-03,60,8.039150333963e+00,BORIS,L4/dt-1e-12/eps-0.1/ranks-1,5.497934090215e-07,7.142885444949e-08,R34,7.810320000000e+00,-1.386352383169e+00,-1.278842742290e+00,0.000000000000e+00,0.000000000000e+00,0.000000000000e+00,-7.209431663002e-01,-1.386352387142e+00,0.000000000000e+00,0.000000000000e+00,0.000000000000e+00,0.000000000000e+00,0.000000000000e+00,3.851351829246e+00,1.040676260819e+01,0.000000000000e+00,0.000000000000e+00,0.000000000000e+00,0.000000000000e+00,1.329223261134e+00,3.851351834248e+00,0.000000000000e+00,0.000000000000e+00,5.222299914699e-08,1.792481351092e-07,0.000000000000e+00,0.000000000000e+00,1.000000000000e+00,-9.437714926068e-02,2.785291655148e-13,7.915517639881e-14,0.000000000000e+00,0.000000000000e+00,0.000000000000e+00,1.000000000000e+00,5.527900004410e-07,-1.749291360370e-07,-5.475071236918e-08,0.000000000000e+00,0.000000000000e+00,9.588027087305e-01,9.996307179939e-01,9.662004551299e-01
3.000000000000e-12,OK,,9.415427366793e-06,-3.553608067870e-06,-3.237487893005e-06,3.553608067870e-06,3.237487893005e-06,3.553608067870e-06,2.283937900000e-07,7.703362200000e-06,1.000000000000e-06,4,1,6.250000000000e-08,60,5.187631541863e+00,BORIS,L4/dt-3e-12/eps-1e-06/ranks-1,9.415427366793e-06,1.314517847885e-06,R56,4.969200000000e+00,-1.386351026434e+00,-1.278846233823e+00,0.000000000000e+00,0.000000000000e+00,0.000000000000e+00,-7.209433231349e-01,-1.386355522210e+00,0.000000000000e+00,0.000000000000e+00,0.000000000000e+00,0.000000000000e+00,0.000000000000e+00,3.851349720468e+00,1.040675836530e+01,0.000000000000e+00,0.000000000000e+00,0.000000000000e+00,0.000000000000e+00,1.329222231341e+00,3.851349696059e+00,0.000000000000e+00,0.000000000000e+00,2.885525672672e-06,8.479888148751e-06,0.000000000000e+00,0.000000000000e+00,9.999999994398e-01,-9.436781845265e-02,3.261810962433e-08,1.037303445094e-07,0.000000000000e+00,0.000000000000e+00,0.000000000000e+00,1.000000024541e+00,2.821549805881e-04,4.322150854628e-05,-1.849762721110e-05,0.000000000000e+00,0.000000000000e+00,OK,,5.015383409912e-06,-1.545665829060e-06,-4.784800165686e-07,1.545665829060e-06,4.784800165686e-07,1.545665829060e-06,1.121386500000e-08,6.228675300000e-08,6.250000000000e-08,60,4.476972874952e+00,BORIS,L4/dt-3e-12/eps-1e-06/ranks-1,5.015383409912e-06,6.393973723077e-07,R34,4.255810000000e+00,-1.386353377704e+00,-1.278846006823e+00,0.000000000000e+00,0.000000000000e+00,0.000000000000e+00,-7.209435048845e-01,-1.386353372139e+00,0.000000000000e+00,0.000000000000e+00,0.000000000000e+00,0.000000000000e+00,0.000000000000e+00,3.851349640235e+00,1.040675814260e+01,0.000000000000e+00,0.000000000000e+00,0.000000000000e+00,0.000000000000e+00,1.329222226945e+00,3.851349687543e+00,0.000000000000e+00,0.000000000000e+00,4.545260913891e-07,1.575150503151e-06,0.000000000000e+00,0.000000000000e+00,9.999999999993e-01,-9.437654354872e-02,1.456046438034e-08,6.228675301853e-08,0.000000000000e+00,0.000000000000e+00,0.000000000000e+00,1.000000053462e+00,5.018380001331e-06,-1.540941974309e-06,-3.783637033280e-07,0.000000000000e+00,0.000000000000e+00,1.877309588771e+00,2.299079141855e+00,6.766192486413e+00
3.000000000000e-12,OK,,4.791163409124e-06,-2.738574107414e-06,-3.409538175513e-07,2.738574107414e-06,3.409538175513e-07,2.738574107414e-06,1.293149000000e-08,2.418289400000e-06,3.000000000000e-06,4,1,1.875000000000e-07,60,5.152512167115e+00,BORIS,L4/dt-3e-12/eps-3e-06/ranks-1,4.791163409124e-06,6.244315270147e-07,R34,4.933260000000e+00,-1.386353107101e+00,-1.278845491188e+00,0.000000000000e+00,0.000000000000e+00,0.000000000000e+00,-7.209437502263e-01,-1.386353649203e+00,0.000000000000e+00,0.000000000000e+00,0.000000000000e+00,0.000000000000e+00,0.000000000000e+00,3.851349721175e+00,1.040675836682e+01,0.000000000000e+00,0.000000000000e+00,0.000000000000e+00,0.000000000000e+00,1.329222231702e+00,3.851349696845e+00,0.000000000000e+00,0.000000000000e+00,-2.394079806740e-07,9.423822424025e-07,0.000000000000e+00,0.000000000000e+00,1.000000000002e+00,-9.437677850565e-02,-1.289764459822e-09,-7.068048439871e-10,0.000000000000e+00,0.000000000000e+00,0.000000000000e+00,9.999999882296e-01,5.187071500012e-05,-1.960203306233e-05,2.296461227269e-06,0.000000000000e+00,0.000000000000e+00,OK,,5.015423409915e-06,-1.591312795690e-06,-4.977453579576e-07,1.591312795690e-06,4.977453579576e-07,1.591312795690e-06,2.268930700000e-08,1.858885400000e-08,1.875000000000e-07,60,4.475860374980e+00,BORIS,L4/dt-3e-12/eps-3e-06/ranks-1,5.015423409915e-06,6.432901512817e-07,R34,4.257550000000e+00,-1.386353385728e+00,-1.278846062018e+00,0.000000000000e+00,0.000000000000e+00,0.000000000000e+00,-7.209434968116e-01,-1.386353402410e+00,0.000000000000e+00,0.000000000000e+00,0.000000000000e+00,0.000000000000e+00,0.000000000000e+00,3.851349640219e+00,1.040675814256e+01,0.000000000000e+00,0.000000000000e+00,0.000000000000e+00,0.000000000000e+00,1.329222226936e+00,3.851349687525e+00,0.000000000000e+00,0.000000000000e+00,4.594881056573e-07,1.582240000320e-06,0.000000000000e+00,0.000000000000e+00,9.999999999999e-01,-9.437649830712e-02,2.783109429945e-09,1.547577460416e-09,0.000000000000e+00,0.000000000000e+00,0.000000000000e+00,9.999999959380e-01,5.018420001335e-06,-1.598025303865e-06,-4.960219803698e-07,0.000000000000e+00,0.000000000000e+00,9.552859285324e-01,1.720952734642e+00,6.849964788227e-01
3.000000000000e-12,OK,,5.532692403076e-06,-1.618068525192e-06,-1.811602781922e-07,1.618068525192e-06,1.811602781922e-07,1.618068525192e-06,1.103109800000e-08,6.448260300000e-06,1.000000000000e-05,4,1,6.250000000000e-07,60,5.162064458942e+00,BORIS,L4/dt-3e-12/eps-1e-05/ranks-1,5.532692403076e-06,9.200469424591e-07,R51,4.938800000000e+00,-1.386353860882e+00,-1.278846404625e+00,0.000000000000e+00,0.000000000000e+00,0.000000000000e+00,-7.209434509302e-01,-1.386353069501e+00,0.000000000000e+00,0.000000000000e+00,0.000000000000e+00,0.000000000000e+00,0.000000000000e+00,3.851349721085e+00,1.040675836664e+01,0.000000000000e+00,0.000000000000e+00,0.000000000000e+00,0.000000000000e+00,1.329222231656e+00,3.851349696749e+00,0.000000000000e+00,0.000000000000e+00,-5.532692403020e-06,4.567879607512e-06,0.000000000000e+00,0.000000000000e+00,9.999999999454e-01,-9.437333797082e-02,-1.952632635595e-09,4.061325499435e-09,0.000000000000e+00,0.000000000000e+00,0.000000000000e+00,9.999999987582e-01,3.348775111057e-05,7.959907604043e-06,4.260519479265e-06,0.000000000000e+00,0.000000000000e+00,OK,,5.017383410078e-06,-1.594446295038e-06,-4.968556722445e-07,1.594446295038e-06,4.968556722445e-07,1.594446295038e-06,4.188853700000e-10,1.159473900000e-06,6.250000000000e-07,60,4.486642000033e+00,BORIS,L4/dt-3e-12/eps-1e-05/ranks-1,5.017383410078e-06,6.456524329080e-07,R34,4.268130000000e+00,-1.386353394540e+00,-1.278846079903e+00,0.000000000000e+00,0.000000000000e+00,0.000000000000e+00,-7.209435101473e-01,-1.386353428510e+00,0.000000000000e+00,0.000000000000e+00,0.000000000000e+00,0.000000000000e+00,0.000000000000e+00,3.851349639257e+00,1.040675814060e+01,0.000000000000e+00,0.000000000000e+00,0.000000000000e+00,0.000000000000e+00,1.329222226445e+00,3.851349686520e+00,0.000000000000e+00,0.000000000000e+00,1.619774804689e-06,8.996346278745e-07,0.000000000000e+00,0.000000000000e+00,1.000000000000e+00,-9.437714395340e-02,4.103729590979e-09,8.502388531673e-09,0.000000000000e+00,0.000000000000e+00,0.000000000000e+00,1.000000000437e+00,5.020380001497e-06,-1.586935107173e-06,-4.879438454376e-07,0.000000000000e+00,0.000000000000e+00,1.102704726923e+00,1.014815318790e+00,3.646134849861e-01
3.000000000000e-12,OK,,4.792723409253e-06,-1.504464959512e-06,-4.984269663381e-07,1.504464959512e-06,4.984269663381e-07,1.504464959512e-06,1.281956100000e-08,1.829209600000e-06,3.000000000000e-05,4,1,1.875000000000e-06,60,5.171443250030e+00,BORIS,L4/dt-3e-12/eps-3e-05/ranks-1,4.792723409253e-06,6.939442938672e-07,R34,4.949950000000e+00,-1.386353457694e+00,-1.278846249031e+00,0.000000000000e+00,0.000000000000e+00,0.000000000000e+00,-7.209434762497e-01,-1.386353412679e+00,0.000000000000e+00,0.000000000000e+00,0.000000000000e+00,0.000000000000e+00,0.000000000000e+00,3.851349720469e+00,1.040675836526e+01,0.000000000000e+00,0.000000000000e+00,0.000000000000e+00,0.000000000000e+00,1.329222231341e+00,3.851349696037e+00,0.000000000000e+00,0.000000000000e+00,-1.435566397799e-06,2.933984192043e-06,0.000000000000e+00,0.000000000000e+00,1.000000000002e+00,-9.437526551263e-02,-5.250689142388e-11,9.022417185721e-10,0.000000000000e+00,0.000000000000e+00,0.000000000000e+00,1.000000000331e+00,5.558435626129e-06,3.475583198679e-06,-4.083735598096e-07,0.000000000000e+00,0.000000000000e+00,OK,,5.016863410034e-06,-1.591501501909e-06,-4.979391162726e-07,1.591501501909e-06,4.979391162726e-07,1.591501501909e-06,5.415772300000e-10,2.023484800000e-06,1.875000000000e-06,60,4.498172834050e+00,BORIS,L4/dt-3e-12/eps-3e-05/ranks-1,5.016863410034e-06,6.958588563789e-07,R34,4.276220000000e+00,-1.386353392698e+00,-1.278846071629e+00,0.000000000000e+00,0.000000000000e+00,0.000000000000e+00,-7.209435132129e-01,-1.386353429545e+00,0.000000000000e+00,0.000000000000e+00,0.000000000000e+00,0.000000000000e+00,0.000000000000e+00,3.851349639497e+00,1.040675814112e+01,0.000000000000e+00,0.000000000000e+00,0.000000000000e+00,0.000000000000e+00,1.329222226567e+00,3.851349686792e+00,0.000000000000e+00,0.000000000000e+00,-1.566440593937e-06,2.744545294712e-06,0.000000000000e+00,0.000000000000e+00,1.000000000000e+00,-9.437536746152e-02,2.002718625611e-10,1.327449058199e-10,0.000000000000e+00,0.000000000000e+00,0.000000000000e+00,9.999999996361e-01,5.019860001454e-06,-1.583594699815e-06,-4.943063242082e-07,0.000000000000e+00,0.000000000000e+00,9.553226822296e-01,9.453116806408e-01,1.000979738385e+00
3.000000000000e-12,OK,,4.791163409124e-06,-1.611567462363e-06,-4.699041032653e-07,1.611567462363e-06,4.699041032653e-07,1.611567462363e-06,6.321300100000e-10,6.645382000000e-07,1.000000000000e-04,4,1,6.250000000000e-06,60,5.185226749862e+00,BORIS,L4/dt-3e-12/eps-0.0001/ranks-1,4.791163409124e-06,6.451109213574e-07,R34,4.963500000000e+00,-1.386353477151e+00,-1.278846227015e+00,0.000000000000e+00,0.000000000000e+00,0.000000000000e+00,-7.209434882067e-01,-1.386353401638e+00,0.000000000000e+00,0.000000000000e+00,0.000000000000e+00,0.000000000000e+00,0.000000000000e+00,3.851349721175e+00,1.040675836682e+01,0.000000000000e+00,0.000000000000e+00,0.000000000000e+00,0.000000000000e+00,1.329222231702e+00,3.851349696845e+00,0.000000000000e+00,0.000000000000e+00,-1.541016280190e-07,1.908614871350e-06,0.000000000000e+00,0.000000000000e+00,9.999999999960e-01,-9.437619692680e-02,-4.311330952532e-10,-6.709943061688e-10,0.000000000000e+00,0.000000000000e+00,0.000000000000e+00,1.000000000270e+00,4.794529999685e-06,-4.100184867282e-06,-4.760324716891e-07,0.000000000000e+00,0.000000000000e+00,OK,,5.015383409912e-06,-1.591396168971e-06,-4.983371784158e-07,1.591396168971e-06,4.983371784158e-07,1.591396168971e-06,1.945577000000e-10,6.064803700000e-07,6.250000000000e-06,60,4.496690124972e+00,BORIS,L4/dt-3e-12/eps-0.0001/ranks-1,5.015383409912e-06,6.525610509703e-07,R34,4.279010000000e+00,-1.386353392038e+00,-1.278846070979e+00,0.000000000000e+00,0.000000000000e+00,0.000000000000e+00,-7.209435123412e-01,-1.386353428425e+00,0.000000000000e+00,0.000000000000e+00,0.000000000000e+00,0.000000000000e+00,0.000000000000e+00,3.851349640219e+00,1.040675814260e+01,0.000000000000e+00,0.000000000000e+00,0.000000000000e+00,0.000000000000e+00,1.329222226936e+00,3.851349687549e+00,0.000000000000e+00,0.000000000000e+00,-1.500731042887e-07,1.921955462725e-06,0.000000000000e+00,0.000000000000e+00,1.000000000000e+00,-9.437615675410e-02,2.970996766575e-10,2.711669030763e-10,0.000000000000e+00,0.000000000000e+00,0.000000000000e+00,9.999999998975e-01,5.018380001331e-06,-1.585391722773e-06,-4.969313431630e-07,0.000000000000e+00,0.000000000000e+00,9.552935473797e-01,1.012675218016e+00,9.429441021421e-01
3.000000000000e-12,OK,,4.792573408352e-06,-1.586387770659e-06,-4.793790087922e-07,1.586387770659e-06,4.793790087922e-07,1.586387770659e-06,5.225087000000e-11,2.157035600000e-07,3.000000000000e-04,4,1,1.875000000000e-05,60,5.113649707986e+00,BORIS,L4/dt-3e-12/eps-0.0003/ranks-1,4.792573408352e-06,6.352409202188e-07,R34,4.893560000000e+00,-1.386353427664e+00,-1.278846142576e+00,0.000000000000e+00,0.000000000000e+00,0.000000000000e+00,-7.209435002667e-01,-1.386353418889e+00,0.000000000000e+00,0.000000000000e+00,0.000000000000e+00,0.000000000000e+00,0.000000000000e+00,3.851349720470e+00,1.040675836541e+01,0.000000000000e+00,0.000000000000e+00,0.000000000000e+00,0.000000000000e+00,1.329222231341e+00,3.851349696128e+00,0.000000000000e+00,0.000000000000e+00,2.633974188573e-07,1.691473475593e-06,0.000000000000e+00,0.000000000000e+00,9.999999999975e-01,-9.437638700354e-02,6.617814148704e-11,1.414963578628e-10,0.000000000000e+00,0.000000000000e+00,0.000000000000e+00,1.000000000041e+00,4.795779998901e-06,-1.185166721344e-06,-4.913047379485e-07,0.000000000000e+00,0.000000000000e+00,OK,,5.016973409155e-06,-1.591294184800e-06,-4.983914282941e-07,1.591294184800e-06,4.983914282941e-07,1.591294184800e-06,5.026079600000e-10,2.017884000000e-07,1.875000000000e-05,60,4.479527291842e+00,BORIS,L4/dt-3e-12/eps-0.0003/ranks-1,5.016973409155e-06,6.462268749612e-07,R34,4.259100000000e+00,-1.386353392432e+00,-1.278846071089e+00,0.000000000000e+00,0.000000000000e+00,0.000000000000e+00,-7.209435129308e-01,-1.386353429071e+00,0.000000000000e+00,0.000000000000e+00,0.000000000000e+00,0.000000000000e+00,0.000000000000e+00,3.851349639497e+00,1.040675814101e+01,0.000000000000e+00,0.000000000000e+00,0.000000000000e+00,0.000000000000e+00,1.329222226567e+00,3.851349686726e+00,0.000000000000e+00,0.000000000000e+00,2.544991720967e-07,1.686734349780e-06,0.000000000000e+00,0.000000000000e+00,1.000000000000e+00,-9.437638322987e-02,-1.056742831172e-11,-1.080128143049e-10,0.000000000000e+00,0.000000000000e+00,0.000000000000e+00,9.999999999853e-01,5.019970000575e-06,-1.584548494271e-06,-4.965389580879e-07,0.000000000000e+00,0.000000000000e+00,9.552718377192e-01,9.969167145913e-01,9.618524348082e-01
3.000000000000e-12,OK,,4.791703409168e-06,-1.594993646801e-06,-4.811970872577e-07,1.594993646801e-06,4.811970872577e-07,1.594993646801e-06,9.219736100000e-11,6.349521700000e-08,1.000000000000e-03,4,1,6.250000000000e-05,60,5.103735666955e+00,BORIS,L4/dt-3e-12/eps-0.001/ranks-1,4.791703409168e-06,6.343527655168e-07,R34,4.884320000000e+00,-1.386353429583e+00,-1.278846146526e+00,0.000000000000e+00,0.000000000000e+00,0.000000000000e+00,-7.209434997186e-01,-1.386353418573e+00,0.000000000000e+00,0.000000000000e+00,0.000000000000e+00,0.000000000000e+00,0.000000000000e+00,3.851349720950e+00,1.040675836628e+01,0.000000000000e+00,0.000000000000e+00,0.000000000000e+00,0.000000000000e+00,1.329222231587e+00,3.851349696563e+00,0.000000000000e+00,0.000000000000e+00,4.192978522062e-07,1.629704065697e-06,0.000000000000e+00,0.000000000000e+00,1.000000000000e+00,-9.437645934530e-02,-2.119309598715e-11,1.544362431028e-11,0.000000000000e+00,0.000000000000e+00,0.000000000000e+00,1.000000000012e+00,4.794960000609e-06,-1.725686725375e-06,-4.547220973306e-07,0.000000000000e+00,0.000000000000e+00,OK,,5.016973409155e-06,-1.591090491029e-06,-4.982434295696e-07,1.591090491029e-06,4.982434295696e-07,1.591090491029e-06,9.943468300000e-11,6.039123500000e-08,6.250000000000e-05,60,4.431737249950e+00,BORIS,L4/dt-3e-12/eps-0.001/ranks-1,5.016973409155e-06,6.445724004382e-07,R34,4.207570000000e+00,-1.386353392023e+00,-1.278846070501e+00,0.000000000000e+00,0.000000000000e+00,0.000000000000e+00,-7.209435126159e-01,-1.386353428474e+00,0.000000000000e+00,0.000000000000e+00,0.000000000000e+00,0.000000000000e+00,0.000000000000e+00,3.851349639497e+00,1.040675814101e+01,0.000000000000e+00,0.000000000000e+00,0.000000000000e+00,0.000000000000e+00,1.329222226567e+00,3.851349686724e+00,0.000000000000e+00,0.000000000000e+00,3.959556356332e-07,1.604287983307e-06,0.000000000000e+00,0.000000000000e+00,1.000000000000e+00,-9.437646239728e-02,-2.089138167895e-11,-6.648498726095e-11,0.000000000000e+00,0.000000000000e+00,0.000000000000e+00,9.999999999538e-01,5.019970000575e-06,-1.584432677816e-06,-4.962576875260e-07,0.000000000000e+00,0.000000000000e+00,9.550984265581e-01,1.002453132486e+00,9.657871207120e-01
3.000000000000e-12,OK,,4.793063409281e-06,-1.592845453475e-06,-4.806155286787e-07,1.592845453475e-06,4.806155286787e-07,1.592845453475e-06,5.098199600000e-11,2.005282900000e-08,3.000000000000e-03,4,1,1.875000000000e-04,60,5.101978208171e+00,BORIS,L4/dt-3e-12/eps-0.003/ranks-1,4.793063409281e-06,6.337631279099e-07,R34,4.881560000000e+00,-1.386353429474e+00,-1.278846142217e+00,0.000000000000e+00,0.000000000000e+00,0.000000000000e+00,-7.209435005333e-01,-1.386353417065e+00,0.000000000000e+00,0.000000000000e+00,0.000000000000e+00,0.000000000000e+00,0.000000000000e+00,3.851349720228e+00,1.040675836492e+01,0.000000000000e+00,0.000000000000e+00,0.000000000000e+00,0.000000000000e+00,1.329222231218e+00,3.851349695877e+00,0.000000000000e+00,0.000000000000e+00,4.619963058083e-07,1.603574108742e-06,0.000000000000e+00,0.000000000000e+00,9.999999999999e-01,-9.437648609100e-02,-5.763805099319e-12,-6.797066287990e-12,0.000000000000e+00,0.000000000000e+00,0.000000000000e+00,9.999999999985e-01,4.796280000718e-06,-1.567255461637e-06,-4.803472779031e-07,0.000000000000e+00,0.000000000000e+00,OK,,5.015983409962e-06,-1.591125717147e-06,-4.982632820228e-07,1.591125717147e-06,4.982632820228e-07,1.591125717147e-06,4.934219700000e-11,1.995716700000e-08,1.875000000000e-04,60,4.450728666969e+00,BORIS,L4/dt-3e-12/eps-0.003/ranks-1,5.015983409962e-06,6.440958416074e-07,R34,4.229450000000e+00,-1.386353391998e+00,-1.278846070521e+00,0.000000000000e+00,0.000000000000e+00,0.000000000000e+00,-7.209435125656e-01,-1.386353428514e+00,0.000000000000e+00,0.000000000000e+00,0.000000000000e+00,0.000000000000e+00,0.000000000000e+00,3.851349639979e+00,1.040675814200e+01,0.000000000000e+00,0.000000000000e+00,0.000000000000e+00,0.000000000000e+00,1.329222226814e+00,3.851349687229e+00,0.000000000000e+00,0.000000000000e+00,4.363841513975e-07,1.580740366511e-06,0.000000000000e+00,0.000000000000e+00,1.000000000000e+00,-9.437648498977e-02,1.540295652187e-11,1.356506476035e-11,0.000000000000e+00,0.000000000000e+00,0.000000000000e+00,1.000000000010e+00,5.018980001381e-06,-1.584413131984e-06,-4.962698525082e-07,0.000000000000e+00,0.000000000000e+00,9.555580665920e-01,1.001080829949e+00,9.645814693139e-01
3.000000000000e-12,OK,,4.791693410056e-06,-1.591384558318e-06,-4.807727706434e-07,1.591384558318e-06,4.807727706434e-07,1.591384558318e-06,3.419287100000e-11,5.058008000000e-09,1.000000000000e-02,4,1,6.250000000000e-04,60,5.020222041989e+00,BORIS,L4/dt-3e-12/eps-0.01/ranks-1,4.791693410056e-06,6.335982168446e-07,R34,4.799340000000e+00,-1.386353430266e+00,-1.278846144337e+00,0.000000000000e+00,0.000000000000e+00,0.000000000000e+00,-7.209435003276e-01,-1.386353417360e+00,0.000000000000e+00,0.000000000000e+00,0.000000000000e+00,0.000000000000e+00,0.000000000000e+00,3.851349720950e+00,1.040675836629e+01,0.000000000000e+00,0.000000000000e+00,0.000000000000e+00,0.000000000000e+00,1.329222231587e+00,3.851349696564e+00,0.000000000000e+00,0.000000000000e+00,4.757194102131e-07,1.594881632421e-06,0.000000000000e+00,0.000000000000e+00,1.000000000000e+00,-9.437649235366e-02,-4.680507395635e-13,3.182280804964e-12,0.000000000000e+00,0.000000000000e+00,0.000000000000e+00,1.000000000003e+00,4.794960000609e-06,-1.589842242034e-06,-4.809127361868e-07,0.000000000000e+00,0.000000000000e+00,OK,,5.016023409965e-06,-1.591117080124e-06,-4.982471654702e-07,1.591117080124e-06,4.982471654702e-07,1.591117080124e-06,1.086447600000e-10,4.765419000000e-09,6.250000000000e-04,60,4.403086208971e+00,BORIS,L4/dt-3e-12/eps-0.01/ranks-1,5.016023409965e-06,6.439820961683e-07,R34,4.185490000000e+00,-1.386353392004e+00,-1.278846070518e+00,0.000000000000e+00,0.000000000000e+00,0.000000000000e+00,-7.209435125652e-01,-1.386353428495e+00,0.000000000000e+00,0.000000000000e+00,0.000000000000e+00,0.000000000000e+00,0.000000000000e+00,3.851349639979e+00,1.040675814196e+01,0.000000000000e+00,0.000000000000e+00,0.000000000000e+00,0.000000000000e+00,1.329222226814e+00,3.851349687207e+00,0.000000000000e+00,0.000000000000e+00,4.515934266408e-07,1.572986251876e-06,0.000000000000e+00,0.000000000000e+00,1.000000000000e+00,-9.437649244267e-02,4.565270048973e-13,3.452849487130e-13,0.000000000000e+00,0.000000000000e+00,0.000000000000e+00,1.000000000003e+00,5.019020001384e-06,-1.584409198970e-06,-4.962220298586e-07,0.000000000000e+00,0.000000000000e+00,9.552773219791e-01,1.000168107173e+00,9.649282604341e-01
3.000000000000e-12,OK,,4.792723409253e-06,-1.591187221056e-06,-4.808004402997e-07,1.591187221056e-06,4.808004402997e-07,1.591187221056e-06,9.876111000000e-11,1.996159300000e-09,3.000000000000e-02,4,1,1.875000000000e-03,60,5.582631082973e+00,BORIS,L4/dt-3e-12/eps-0.03/ranks-1,4.792723409253e-06,6.336331751480e-07,R34,5.338360000000e+00,-1.386353429971e+00,-1.278846144037e+00,0.000000000000e+00,0.000000000000e+00,0.000000000000e+00,-7.209435002997e-01,-1.386353417405e+00,0.000000000000e+00,0.000000000000e+00,0.000000000000e+00,0.000000000000e+00,0.000000000000e+00,3.851349720469e+00,1.040675836526e+01,0.000000000000e+00,0.000000000000e+00,0.000000000000e+00,0.000000000000e+00,1.329222231341e+00,3.851349696037e+00,0.000000000000e+00,0.000000000000e+00,4.798432519778e-07,1.593074151396e-06,0.000000000000e+00,0.000000000000e+00,1.000000000000e+00,-9.437649464221e-02,-1.786050239688e-14,6.406920085235e-13,0.000000000000e+00,0.000000000000e+00,0.000000000000e+00,9.999999999982e-01,4.795960000692e-06,-1.582765935018e-06,-4.792567272051e-07,0.000000000000e+00,0.000000000000e+00,OK,,5.015993409074e-06,-1.591115722091e-06,-4.982472145976e-07,1.591115722091e-06,4.982472145976e-07,1.591115722091e-06,1.211352100000e-10,2.136960400000e-09,1.875000000000e-03,60,4.334580375114e+00,BORIS,L4/dt-3e-12/eps-0.03/ranks-1,5.015993409074e-06,6.439457761951e-07,R34,4.112720000000e+00,-1.386353392005e+00,-1.278846070514e+00,0.000000000000e+00,0.000000000000e+00,0.000000000000e+00,-7.209435125677e-01,-1.386353428492e+00,0.000000000000e+00,0.000000000000e+00,0.000000000000e+00,0.000000000000e+00,0.000000000000e+00,3.851349639995e+00,1.040675814199e+01,0.000000000000e+00,0.000000000000e+00,0.000000000000e+00,0.000000000000e+00,1.329222226822e+00,3.851349687222e+00,0.000000000000e+00,0.000000000000e+00,4.556457255369e-07,1.570804009491e-06,0.000000000000e+00,0.000000000000e+00,1.000000000000e+00,-9.437649461676e-02,6.746809791078e-13,2.064616140027e-12,0.000000000000e+00,0.000000000000e+00,0.000000000000e+00,9.999999999990e-01,5.018990000494e-06,-1.584397826520e-06,-4.962160985505e-07,0.000000000000e+00,0.000000000000e+00,9.554883785499e-01,1.000044936370e+00,9.649836992827e-01
3.000000000000e-12,OK,,4.793293408412e-06,-1.591401054397e-06,-4.808322631773e-07,1.591401054397e-06,4.808322631773e-07,1.591401054397e-06,6.870726200000e-11,4.457950100000e-10,1.000000000000e-01,4,1,6.250000000000e-03,60,5.654203958111e+00,BORIS,L4/dt-3e-12/eps-0.1/ranks-1,4.793293408412e-06,6.336772008890e-07,R34,5.407950000000e+00,-1.386353430036e+00,-1.278846144408e+00,0.000000000000e+00,0.000000000000e+00,0.000000000000e+00,-7.209435002946e-01,-1.386353417521e+00,0.000000000000e+00,0.000000000000e+00,0.000000000000e+00,0.000000000000e+00,0.000000000000e+00,3.851349720194e+00,1.040675836469e+01,0.000000000000e+00,0.000000000000e+00,0.000000000000e+00,0.000000000000e+00,1.329222231200e+00,3.851349695745e+00,0.000000000000e+00,0.000000000000e+00,4.807408777476e-07,1.591779611888e-06,0.000000000000e+00,0.000000000000e+00,1.000000000000e+00,-9.437649529566e-02,-3.820035441724e-13,-1.307642319729e-13,0.000000000000e+00,0.000000000000e+00,0.000000000000e+00,9.999999999999e-01,4.796649999861e-06,-1.584297192215e-06,-4.787118944511e-07,0.000000000000e+00,0.000000000000e+00,OK,,5.017423410081e-06,-1.591114925609e-06,-4.982457452174e-07,1.591114925609e-06,4.982457452174e-07,1.591114925609e-06,1.178637200000e-10,5.089329500000e-10,6.250000000000e-03,60,4.369092500070e+00,BORIS,L4/dt-3e-12/eps-0.1/ranks-1,5.017423410081e-06,6.440350220086e-07,R34,4.149180000000e+00,-1.386353392004e+00,-1.278846070517e+00,0.000000000000e+00,0.000000000000e+00,0.000000000000e+00,-7.209435125659e-01,-1.386353428492e+00,0.000000000000e+00,0.000000000000e+00,0.000000000000e+00,0.000000000000e+00,0.000000000000e+00,3.851349639237e+00,1.040675814056e+01,0.000000000000e+00,0.000000000000e+00,0.000000000000e+00,0.000000000000e+00,1.329222226435e+00,3.851349686499e+00,0.000000000000e+00,0.000000000000e+00,4.564347142795e-07,1.569176917531e-06,0.000000000000e+00,0.000000000000e+00,1.000000000000e+00,-9.437649536516e-02,2.909030038832e-13,3.627929098524e-13,0.000000000000e+00,0.000000000000e+00,0.000000000000e+00,1.000000000000e+00,5.020420001500e-06,-1.584400123155e-06,-4.962176073540e-07,0.000000000000e+00,0.000000000000e+00,9.553296615911e-01,1.000179829114e+00,9.650504149664e-01
1.000000000000e-11,OK,,5.299458340957e-05,-1.751658692272e-05,-5.019062978959e-06,1.751658692272e-05,5.019062978959e-06,1.751658692272e-05,1.734496100000e-07,2.010999600000e-06,1.000000000000e-06,4,1,6.250000000000e-08,60,4.423245125217e+00,BORIS,L4/dt-1e-11/eps-1e-06/ranks-1,5.299458340957e-05,7.027568391472e-06,R34,4.200360000000e+00,-1.386366210305e+00,-1.278885968914e+00,0.000000000000e+00,0.000000000000e+00,0.000000000000e+00,-7.209471065053e-01,-1.386364557639e+00,0.000000000000e+00,0.000000000000e+00,0.000000000000e+00,0.000000000000e+00,0.000000000000e+00,3.851325773698e+00,1.040671016340e+01,0.000000000000e+00,0.000000000000e+00,0.000000000000e+00,0.000000000000e+00,1.329210591760e+00,3.851325555439e+00,0.000000000000e+00,0.000000000000e+00,4.870838461348e-06,1.585431081412e-05,0.000000000000e+00,0.000000000000e+00,9.999999994398e-01,-9.436999652325e-02,1.401650353804e-08,2.711216556276e-09,0.000000000000e+00,0.000000000000e+00,0.000000000000e+00,9.999999880748e-01,2.895294032534e-04,2.925852969143e-05,-2.027920229705e-05,0.000000000000e+00,0.000000000000e+00,OK,,5.532931341001e-05,-1.751786062025e-05,-5.483319033334e-06,1.751786062025e-05,5.483319033334e-06,1.751786062025e-05,1.118276700000e-08,3.825220200000e-08,6.250000000000e-08,60,3.281752791023e+00,BORIS,L4/dt-1e-11/eps-1e-06/ranks-1,5.532931341001e-05,7.100301140455e-06,R34,3.062090000000e+00,-1.386364825093e+00,-1.278883691243e+00,0.000000000000e+00,0.000000000000e+00,0.000000000000e+00,-7.209474003159e-01,-1.386365173129e+00,0.000000000000e+00,0.000000000000e+00,0.000000000000e+00,0.000000000000e+00,0.000000000000e+00,3.851324959797e+00,1.040670782867e+01,0.000000000000e+00,0.000000000000e+00,0.000000000000e+00,0.000000000000e+00,1.329210574572e+00,3.851325517112e+00,0.000000000000e+00,0.000000000000e+00,5.034354569039e-06,1.724882067639e-05,0.000000000000e+00,0.000000000000e+00,1.000000000002e+00,-9.436916957330e-02,-1.779037472896e-08,-3.775930768126e-08,0.000000000000e+00,0.000000000000e+00,0.000000000000e+00,9.999999729193e-01,5.533231000143e-05,-1.751313676550e-05,-5.383202720093e-06,0.000000000000e+00,0.000000000000e+00,9.578030187518e-01,9.999272914908e-01,9.153330215600e-01
1.000000000000e-11,OK,,5.335255340988e-05,-1.759421840318e-05,-5.566826878361e-06,1.759421840318e-05,5.566826878361e-06,1.759421840318e-05,3.778821900000e-08,7.091572500000e-07,3.000000000000e-06,4,1,1.875000000000e-07,60,4.340465459041e+00,BORIS,L4/dt-1e-11/eps-3e-06/ranks-1,5.335255340988e-05,7.044078466449e-06,R34,4.120040000000e+00,-1.386365027689e+00,-1.278884615691e+00,0.000000000000e+00,0.000000000000e+00,0.000000000000e+00,-7.209472631442e-01,-1.386365273942e+00,0.000000000000e+00,0.000000000000e+00,0.000000000000e+00,0.000000000000e+00,0.000000000000e+00,3.851325615068e+00,1.040670980543e+01,0.000000000000e+00,0.000000000000e+00,0.000000000000e+00,0.000000000000e+00,1.329210510675e+00,3.851325368933e+00,0.000000000000e+00,0.000000000000e+00,5.377877526442e-06,1.798138406379e-05,0.000000000000e+00,0.000000000000e+00,1.000000000002e+00,-9.436880475498e-02,3.751797843696e-09,4.845615253452e-09,0.000000000000e+00,0.000000000000e+00,0.000000000000e+00,1.000000003956e+00,9.099521800016e-05,-3.445767735810e-05,-2.929411833541e-06,0.000000000000e+00,0.000000000000e+00,OK,,5.533740340979e-05,-1.752020254103e-05,-5.474244629704e-06,1.752020254103e-05,5.474244629704e-06,1.752020254103e-05,1.873942100000e-08,1.726671900000e-08,1.875000000000e-07,60,3.301214915933e+00,BORIS,L4/dt-1e-11/eps-3e-06/ranks-1,5.533740340979e-05,7.102313791754e-06,R34,3.082600000000e+00,-1.386364806568e+00,-1.278883692399e+00,0.000000000000e+00,0.000000000000e+00,0.000000000000e+00,-7.209474196607e-01,-1.386365170054e+00,0.000000000000e+00,0.000000000000e+00,0.000000000000e+00,0.000000000000e+00,0.000000000000e+00,3.851324955847e+00,1.040670782058e+01,0.000000000000e+00,0.000000000000e+00,0.000000000000e+00,0.000000000000e+00,1.329210572552e+00,3.851325512978e+00,0.000000000000e+00,0.000000000000e+00,5.051893556494e-06,1.729426718594e-05,0.000000000000e+00,0.000000000000e+00,1.000000000000e+00,-9.436908333891e-02,2.143980644686e-09,-7.256746112816e-11,0.000000000000e+00,0.000000000000e+00,0.000000000000e+00,9.999999978891e-01,5.534040000121e-05,-1.752691504921e-05,-5.472521252116e-06,0.000000000000e+00,0.000000000000e+00,9.641318551720e-01,1.004224600827e+00,1.016912333102e+00
1.000000000000e-11,OK,,5.334353340913e-05,-1.759064493312e-05,-5.324508457590e-06,1.759064493312e-05,5.324508457590e-06,1.759064493312e-05,2.415185800000e-08,3.978055800000e-08,1.000000000000e-05,4,1,6.250000000000e-07,60,4.328884499846e+00,BORIS,L4/dt-1e-11/eps-1e-05/ranks-1,5.334353340913e-05,7.039644948487e-06,R34,4.109680000000e+00,-1.386365200923e+00,-1.278884758927e+00,0.000000000000e+00,0.000000000000e+00,0.000000000000e+00,-7.209473079958e-01,-1.386365223036e+00,0.000000000000e+00,0.000000000000e+00,0.000000000000e+00,0.000000000000e+00,0.000000000000e+00,3.851325615010e+00,1.040670981445e+01,0.000000000000e+00,0.000000000000e+00,0.000000000000e+00,0.000000000000e+00,1.329210510645e+00,3.851325374517e+00,0.000000000000e+00,0.000000000000e+00,5.260391884023e-06,1.760267295739e-05,0.000000000000e+00,0.000000000000e+00,9.999999999454e-01,-9.436917595890e-02,4.496805246081e-10,-3.500487437652e-10,0.000000000000e+00,0.000000000000e+00,0.000000000000e+00,9.999999990926e-01,6.355176300010e-05,-8.012668803885e-06,-8.828287001330e-07,0.000000000000e+00,0.000000000000e+00,OK,,5.532932340913e-05,-1.751368200867e-05,-5.476140894652e-06,1.751368200867e-05,5.476140894652e-06,1.751368200867e-05,2.054266500000e-09,1.109729200000e-08,6.250000000000e-07,60,3.320245041978e+00,BORIS,L4/dt-1e-11/eps-1e-05/ranks-1,5.532932340913e-05,7.100652545476e-06,R34,3.099180000000e+00,-1.386364809061e+00,-1.278883681083e+00,0.000000000000e+00,0.000000000000e+00,0.000000000000e+00,-7.209474211117e-01,-1.386365176519e+00,0.000000000000e+00,0.000000000000e+00,0.000000000000e+00,0.000000000000e+00,0.000000000000e+00,3.851324959797e+00,1.040670782866e+01,0.000000000000e+00,0.000000000000e+00,0.000000000000e+00,0.000000000000e+00,1.329210574572e+00,3.851325517107e+00,0.000000000000e+00,0.000000000000e+00,5.045650279102e-06,1.727820120741e-05,0.000000000000e+00,0.000000000000e+00,1.000000000000e+00,-9.436911934829e-02,-4.041295148124e-10,-1.082482388830e-09,0.000000000000e+00,0.000000000000e+00,0.000000000000e+00,1.000000000599e+00,5.533232000055e-05,-1.750617082080e-05,-5.467229067845e-06,0.000000000000e+00,0.000000000000e+00,9.641096279939e-01,1.004394445692e+00,9.723103477469e-01
1.000000000000e-11,OK,,5.346665340866e-05,-1.746812949809e-05,-5.318455707068e-06,1.746812949809e-05,5.318455707068e-06,1.746812949809e-05,6.352403000000e-10,3.948786200000e-07,3.000000000000e-05,4,1,1.875000000000e-06,60,4.449235917069e+00,BORIS,L4/dt-1e-11/eps-3e-05/ranks-1,5.346665340866e-05,7.032593461041e-06,R34,4.193880000000e+00,-1.386365168428e+00,-1.278884370042e+00,0.000000000000e+00,0.000000000000e+00,0.000000000000e+00,-7.209472709799e-01,-1.386365029047e+00,0.000000000000e+00,0.000000000000e+00,0.000000000000e+00,0.000000000000e+00,0.000000000000e+00,3.851325554869e+00,1.040670969133e+01,0.000000000000e+00,0.000000000000e+00,0.000000000000e+00,0.000000000000e+00,1.329210479902e+00,3.851325311574e+00,0.000000000000e+00,0.000000000000e+00,4.825423841489e-06,1.779048309519e-05,0.000000000000e+00,0.000000000000e+00,1.000000000001e+00,-9.436881557812e-02,-2.534480251135e-10,-1.466139410427e-09,0.000000000000e+00,0.000000000000e+00,0.000000000000e+00,1.000000000544e+00,5.346989000010e-05,-1.248808133990e-05,-5.228402300540e-06,0.000000000000e+00,0.000000000000e+00,OK,,5.519692340883e-05,-1.759838753771e-05,-5.506955777719e-06,1.759838753771e-05,5.506955777719e-06,1.759838753771e-05,8.561362700000e-09,4.767134300000e-07,1.875000000000e-06,60,3.387941999827e+00,BORIS,L4/dt-1e-11/eps-3e-05/ranks-1,5.519692340883e-05,7.107734277610e-06,R34,3.163580000000e+00,-1.386364877533e+00,-1.278883885798e+00,0.000000000000e+00,0.000000000000e+00,0.000000000000e+00,-7.209474483552e-01,-1.386365244279e+00,0.000000000000e+00,0.000000000000e+00,0.000000000000e+00,0.000000000000e+00,0.000000000000e+00,3.851325019996e+00,1.040670796106e+01,0.000000000000e+00,0.000000000000e+00,0.000000000000e+00,0.000000000000e+00,1.329210605344e+00,3.851325585754e+00,0.000000000000e+00,0.000000000000e+00,4.576106732178e-06,1.763849142315e-05,0.000000000000e+00,0.000000000000e+00,1.000000000000e+00,-9.436880919038e-02,4.488190093694e-10,-8.840812670238e-11,0.000000000000e+00,0.000000000000e+00,0.000000000000e+00,1.000000000660e+00,5.519992000025e-05,-1.759048073562e-05,-5.503322985655e-06,0.000000000000e+00,0.000000000000e+00,9.686527818343e-01,9.925982968985e-01,9.657705494179e-01
1.000000000000e-11,OK,,5.301866340979e-05,-1.744295801568e-05,-5.268202641582e-06,1.744295801568e-05,5.268202641582e-06,1.744295801568e-05,2.583708300000e-08,2.247110400000e-05,1.000000000000e-04,4,1,6.250000000000e-06,60,4.513218082953e+00,BORIS,L4/dt-1e-11/eps-0.0001/ranks-1,5.301866340979e-05,7.571595257857e-06,R34,4.295440000000e+00,-1.386365162988e+00,-1.278884317961e+00,0.000000000000e+00,0.000000000000e+00,0.000000000000e+00,-7.209472787346e-01,-1.386365021119e+00,0.000000000000e+00,0.000000000000e+00,0.000000000000e+00,0.000000000000e+00,0.000000000000e+00,3.851325773698e+00,1.040671013932e+01,0.000000000000e+00,0.000000000000e+00,0.000000000000e+00,0.000000000000e+00,1.329210591760e+00,3.851325540575e+00,0.000000000000e+00,0.000000000000e+00,-1.719928832045e-05,3.052505799082e-05,0.000000000000e+00,0.000000000000e+00,9.999999999960e-01,-9.435658285493e-02,-1.593653422660e-10,1.918326265690e-10,0.000000000000e+00,0.000000000000e+00,0.000000000000e+00,9.999999997943e-01,5.302203000035e-05,-1.993157542060e-05,-5.274331010006e-06,0.000000000000e+00,0.000000000000e+00,OK,,5.532992340918e-05,-1.739321009114e-05,-5.445397787924e-06,1.739321009114e-05,5.445397787924e-06,1.739321009114e-05,1.021292600000e-09,2.247868300000e-05,6.250000000000e-06,60,3.368415958015e+00,BORIS,L4/dt-1e-11/eps-0.0001/ranks-1,5.532992340918e-05,7.660508760245e-06,R34,3.147570000000e+00,-1.386364713045e+00,-1.278883385169e+00,0.000000000000e+00,0.000000000000e+00,0.000000000000e+00,-7.209473984333e-01,-1.386365096601e+00,0.000000000000e+00,0.000000000000e+00,0.000000000000e+00,0.000000000000e+00,0.000000000000e+00,3.851324959797e+00,1.040670782806e+01,0.000000000000e+00,0.000000000000e+00,0.000000000000e+00,0.000000000000e+00,1.329210574572e+00,3.851325516736e+00,0.000000000000e+00,0.000000000000e+00,-1.748840131949e-05,3.021691742920e-05,0.000000000000e+00,0.000000000000e+00,1.000000000000e+00,-9.435660890959e-02,2.171863339663e-12,5.677003670361e-11,0.000000000000e+00,0.000000000000e+00,0.000000000000e+00,9.999999997201e-01,5.533292000059e-05,-1.738720564494e-05,-5.443991952671e-06,0.000000000000e+00,0.000000000000e+00,9.582276667492e-01,1.002860192240e+00,9.674596506549e-01
1.000000000000e-11,OK,,5.297225340861e-05,-1.744991699419e-05,-5.267159983344e-06,1.744991699419e-05,5.267159983344e-06,1.744991699419e-05,2.990282700000e-08,7.499647900000e-06,3.000000000000e-04,4,1,1.875000000000e-05,60,4.440345417010e+00,BORIS,L4/dt-1e-11/eps-0.0003/ranks-1,5.297225340861e-05,7.096944352051e-06,R34,4.219010000000e+00,-1.386365172712e+00,-1.278884337517e+00,0.000000000000e+00,0.000000000000e+00,0.000000000000e+00,-7.209472756635e-01,-1.386365018352e+00,0.000000000000e+00,0.000000000000e+00,0.000000000000e+00,0.000000000000e+00,0.000000000000e+00,3.851325796373e+00,1.040671018573e+01,0.000000000000e+00,0.000000000000e+00,0.000000000000e+00,0.000000000000e+00,1.329210603355e+00,3.851325564307e+00,0.000000000000e+00,0.000000000000e+00,-2.221379681794e-06,2.180559326606e-05,0.000000000000e+00,0.000000000000e+00,9.999999999975e-01,-9.436496032867e-02,-5.573751521725e-11,-4.491641590509e-11,0.000000000000e+00,0.000000000000e+00,0.000000000000e+00,9.999999998822e-01,5.297545999916e-05,-1.704869594487e-05,-5.279085712500e-06,0.000000000000e+00,0.000000000000e+00,OK,,5.532920340912e-05,-1.745044485347e-05,-5.465046560119e-06,1.745044485347e-05,5.465046560119e-06,1.745044485347e-05,7.971647800000e-10,7.493029800000e-06,1.875000000000e-05,60,3.377825791016e+00,BORIS,L4/dt-1e-11/eps-0.0003/ranks-1,5.532920340912e-05,7.201773842049e-06,R34,3.157150000000e+00,-1.386364747608e+00,-1.278883518590e+00,0.000000000000e+00,0.000000000000e+00,0.000000000000e+00,-7.209474115848e-01,-1.386365143129e+00,0.000000000000e+00,0.000000000000e+00,0.000000000000e+00,0.000000000000e+00,0.000000000000e+00,3.851324959856e+00,1.040670782878e+01,0.000000000000e+00,0.000000000000e+00,0.000000000000e+00,0.000000000000e+00,1.329210574602e+00,3.851325517168e+00,0.000000000000e+00,0.000000000000e+00,-2.488728568194e-06,2.155923821231e-05,0.000000000000e+00,0.000000000000e+00,1.000000000000e+00,-9.436495493186e-02,4.195149672521e-11,4.285006406371e-11,0.000000000000e+00,0.000000000000e+00,0.000000000000e+00,9.999999999124e-01,5.533220000054e-05,-1.744369916294e-05,-5.463194089913e-06,0.000000000000e+00,0.000000000000e+00,9.574013386189e-01,9.999697509557e-01,9.637905048753e-01
1.000000000000e-11,OK,,5.332501340938e-05,-1.745076395413e-05,-5.269110086312e-06,1.745076395413e-05,5.269110086312e-06,1.745076395413e-05,1.933177600000e-08,2.248639700000e-06,1.000000000000e-03,4,1,6.250000000000e-05,60,4.414992917096e+00,BORIS,L4/dt-1e-11/eps-0.001/ranks-1,5.332501340938e-05,7.037569120201e-06,R34,4.195570000000e+00,-1.386365171554e+00,-1.278884333109e+00,0.000000000000e+00,0.000000000000e+00,0.000000000000e+00,-7.209472767543e-01,-1.386365018922e+00,0.000000000000e+00,0.000000000000e+00,0.000000000000e+00,0.000000000000e+00,0.000000000000e+00,3.851325615068e+00,1.040670983297e+01,0.000000000000e+00,0.000000000000e+00,0.000000000000e+00,0.000000000000e+00,1.329210510674e+00,3.851325385931e+00,0.000000000000e+00,0.000000000000e+00,3.027528975078e-06,1.875918201275e-05,0.000000000000e+00,0.000000000000e+00,9.999999999991e-01,-9.436788629338e-02,1.485137630243e-11,3.586192381554e-11,0.000000000000e+00,0.000000000000e+00,0.000000000000e+00,9.999999999996e-01,5.332827000082e-05,-1.758145703270e-05,-5.242635096385e-06,0.000000000000e+00,0.000000000000e+00,OK,,5.535628340958e-05,-1.745070371735e-05,-5.465224916621e-06,1.745070371735e-05,5.465224916621e-06,1.745070371735e-05,1.940775200000e-08,2.247760400000e-06,6.250000000000e-05,60,3.303994665854e+00,BORIS,L4/dt-1e-11/eps-0.001/ranks-1,5.535628340958e-05,7.116725102500e-06,R34,3.083730000000e+00,-1.386364748154e+00,-1.278883519327e+00,0.000000000000e+00,0.000000000000e+00,0.000000000000e+00,-7.209474120675e-01,-1.386365143846e+00,0.000000000000e+00,0.000000000000e+00,0.000000000000e+00,0.000000000000e+00,0.000000000000e+00,3.851324955905e+00,1.040670780170e+01,0.000000000000e+00,0.000000000000e+00,0.000000000000e+00,0.000000000000e+00,1.329210572582e+00,3.851325501309e+00,0.000000000000e+00,0.000000000000e+00,2.756484639144e-06,1.851060694634e-05,0.000000000000e+00,0.000000000000e+00,1.000000000000e+00,-9.436788528422e-02,-5.206122592685e-12,-6.615957972045e-13,0.000000000000e+00,0.000000000000e+00,0.000000000000e+00,9.999999999755e-01,5.535928000100e-05,-1.744404590414e-05,-5.463239174577e-06,0.000000000000e+00,0.000000000000e+00,9.633055206187e-01,1.000003451825e+00,9.641158720270e-01
1.000000000000e-11,OK,,5.334293340908e-05,-1.745072741287e-05,-5.269614305591e-06,1.745072741287e-05,5.269614305591e-06,1.745072741287e-05,6.500406900000e-10,7.492096100000e-07,3.000000000000e-03,4,1,1.875000000000e-04,60,4.307812915882e+00,BORIS,L4/dt-1e-11/eps-0.003/ranks-1,5.334293340908e-05,7.021725348851e-06,R34,4.081470000000e+00,-1.386365171625e+00,-1.278884333722e+00,0.000000000000e+00,0.000000000000e+00,0.000000000000e+00,-7.209472764899e-01,-1.386365018892e+00,0.000000000000e+00,0.000000000000e+00,0.000000000000e+00,0.000000000000e+00,0.000000000000e+00,3.851325615009e+00,1.040670981505e+01,0.000000000000e+00,0.000000000000e+00,0.000000000000e+00,0.000000000000e+00,1.329210510644e+00,3.851325374886e+00,0.000000000000e+00,0.000000000000e+00,4.526235163417e-06,1.788988612304e-05,0.000000000000e+00,0.000000000000e+00,9.999999999999e-01,-9.436872237984e-02,-1.242811722344e-12,-5.809538084967e-12,0.000000000000e+00,0.000000000000e+00,0.000000000000e+00,1.000000000003e+00,5.334615000052e-05,-1.742513742103e-05,-5.269346054815e-06,0.000000000000e+00,0.000000000000e+00,OK,,5.560477340971e-05,-1.745070816731e-05,-5.465235596803e-06,1.745070816731e-05,5.465235596803e-06,1.745070816731e-05,9.719384600000e-09,7.491250300000e-07,1.875000000000e-04,60,3.287230334012e+00,BORIS,L4/dt-1e-11/eps-0.003/ranks-1,5.560477340971e-05,7.119757868310e-06,R34,3.065280000000e+00,-1.386364748128e+00,-1.278883519365e+00,0.000000000000e+00,0.000000000000e+00,0.000000000000e+00,-7.209474120436e-01,-1.386365143829e+00,0.000000000000e+00,0.000000000000e+00,0.000000000000e+00,0.000000000000e+00,0.000000000000e+00,3.851324838691e+00,1.040670755321e+01,0.000000000000e+00,0.000000000000e+00,0.000000000000e+00,0.000000000000e+00,1.329210512664e+00,3.851325373377e+00,0.000000000000e+00,0.000000000000e+00,4.255107639512e-06,1.763949560966e-05,0.000000000000e+00,0.000000000000e+00,1.000000000000e+00,-9.436872239319e-02,2.695061375040e-12,4.731232181780e-12,0.000000000000e+00,0.000000000000e+00,0.000000000000e+00,1.000000000007e+00,5.560777000113e-05,-1.744399558215e-05,-5.463242167288e-06,0.000000000000e+00,0.000000000000e+00,9.593229166862e-01,1.000001102853e+00,9.642062473343e-01
1.000000000000e-11,OK,,5.331692340960e-05,-1.745080246828e-05,-5.269612869538e-06,1.745080246828e-05,5.269612869538e-06,1.745080246828e-05,1.852935600000e-08,2.252100500000e-07,1.000000000000e-02,4,1,6.250000000000e-04,60,4.305055249948e+00,BORIS,L4/dt-1e-11/eps-0.01/ranks-1,5.331692340960e-05,7.014682857793e-06,R34,4.083390000000e+00,-1.386365171462e+00,-1.278884333387e+00,0.000000000000e+00,0.000000000000e+00,0.000000000000e+00,-7.209472764979e-01,-1.386365018797e+00,0.000000000000e+00,0.000000000000e+00,0.000000000000e+00,0.000000000000e+00,0.000000000000e+00,3.851325619020e+00,1.040670984106e+01,0.000000000000e+00,0.000000000000e+00,0.000000000000e+00,0.000000000000e+00,1.329210512695e+00,3.851325390068e+00,0.000000000000e+00,0.000000000000e+00,5.050290825282e-06,1.758443326442e-05,0.000000000000e+00,0.000000000000e+00,9.999999999999e-01,-9.436901553982e-02,-1.220364183612e-12,-1.671375005502e-12,0.000000000000e+00,0.000000000000e+00,0.000000000000e+00,9.999999999993e-01,5.332019000015e-05,-1.744926015200e-05,-5.269752835081e-06,0.000000000000e+00,0.000000000000e+00,OK,,5.535685340874e-05,-1.745072234682e-05,-5.465242021940e-06,1.745072234682e-05,5.465242021940e-06,1.745072234682e-05,2.901908500000e-08,2.251647300000e-07,6.250000000000e-04,60,3.291230208939e+00,BORIS,L4/dt-1e-11/eps-0.01/ranks-1,5.535685340874e-05,7.094380740835e-06,R34,3.066820000000e+00,-1.386364748125e+00,-1.278883519371e+00,0.000000000000e+00,0.000000000000e+00,0.000000000000e+00,-7.209474120495e-01,-1.386365143831e+00,0.000000000000e+00,0.000000000000e+00,0.000000000000e+00,0.000000000000e+00,0.000000000000e+00,3.851324959797e+00,1.040670780113e+01,0.000000000000e+00,0.000000000000e+00,0.000000000000e+00,0.000000000000e+00,1.329210574571e+00,3.851325500113e+00,0.000000000000e+00,0.000000000000e+00,4.779069476056e-06,1.733428585242e-05,0.000000000000e+00,0.000000000000e+00,1.000000000000e+00,-9.436901567854e-02,2.713503641106e-13,-1.350315656004e-12,0.000000000000e+00,0.000000000000e+00,0.000000000000e+00,1.000000000001e+00,5.535985000016e-05,-1.744401446567e-05,-5.463216886328e-06,0.000000000000e+00,0.000000000000e+00,9.631494589463e-01,1.000004591298e+00,9.642048510173e-01
1.000000000000e-11,OK,,5.306901340951e-05,-1.745070546284e-05,-5.269642998972e-06,1.745070546284e-05,5.269642998972e-06,1.745070546284e-05,7.383229600000e-10,6.431170100000e-08,3.000000000000e-02,4,1,1.875000000000e-03,60,4.866890334059e+00,BORIS,L4/dt-1e-11/eps-0.03/ranks-1,5.306901340951e-05,6.993605227360e-06,R34,4.618140000000e+00,-1.386365171374e+00,-1.278884333182e+00,0.000000000000e+00,0.000000000000e+00,0.000000000000e+00,-7.209472765090e-01,-1.386365018806e+00,0.000000000000e+00,0.000000000000e+00,0.000000000000e+00,0.000000000000e+00,0.000000000000e+00,3.851325740126e+00,1.040671008897e+01,0.000000000000e+00,0.000000000000e+00,0.000000000000e+00,0.000000000000e+00,1.329210574602e+00,3.851325516795e+00,0.000000000000e+00,0.000000000000e+00,5.211077375537e-06,1.750309511039e-05,0.000000000000e+00,0.000000000000e+00,9.999999999999e-01,-9.436909373128e-02,-2.019592320392e-13,-2.909363357981e-14,0.000000000000e+00,0.000000000000e+00,0.000000000000e+00,9.999999999997e-01,5.307225000095e-05,-1.744228417680e-05,-5.268099285877e-06,0.000000000000e+00,0.000000000000e+00,OK,,5.571885340849e-05,-1.745071490266e-05,-5.465235342006e-06,1.745071490266e-05,5.465235342006e-06,1.745071490266e-05,9.415497300000e-09,6.438593800000e-08,1.875000000000e-03,60,3.229726459133e+00,BORIS,L4/dt-1e-11/eps-0.03/ranks-1,5.571885340849e-05,7.122832999231e-06,R34,3.010920000000e+00,-1.386364748100e+00,-1.278883519388e+00,0.000000000000e+00,0.000000000000e+00,0.000000000000e+00,-7.209474120324e-01,-1.386365143840e+00,0.000000000000e+00,0.000000000000e+00,0.000000000000e+00,0.000000000000e+00,0.000000000000e+00,3.851324778500e+00,1.040670743913e+01,0.000000000000e+00,0.000000000000e+00,0.000000000000e+00,0.000000000000e+00,1.329210481896e+00,3.851325316035e+00,0.000000000000e+00,0.000000000000e+00,4.939852150039e-06,1.725291688359e-05,0.000000000000e+00,0.000000000000e+00,1.000000000000e+00,-9.436909382989e-02,4.365548583916e-13,2.005305978775e-13,0.000000000000e+00,0.000000000000e+00,0.000000000000e+00,9.999999999999e-01,5.572184999991e-05,-1.744399700709e-05,-5.463204225959e-06,0.000000000000e+00,0.000000000000e+00,9.524426682015e-01,9.999994590583e-01,9.642115424508e-01
1.000000000000e-11,OK,,5.309601340997e-05,-1.745085857989e-05,-5.269622197814e-06,1.745085857989e-05,5.269622197814e-06,1.745085857989e-05,1.930850500000e-08,1.923793800000e-08,1.000000000000e-01,4,1,6.250000000000e-03,60,4.805249915924e+00,BORIS,L4/dt-1e-11/eps-0.1/ranks-1,5.309601340997e-05,6.995066080728e-06,R34,4.557050000000e+00,-1.386365171643e+00,-1.278884333640e+00,0.000000000000e+00,0.000000000000e+00,0.000000000000e+00,-7.209472764663e-01,-1.386365018752e+00,0.000000000000e+00,0.000000000000e+00,0.000000000000e+00,0.000000000000e+00,0.000000000000e+00,3.851325735914e+00,1.040671006197e+01,0.000000000000e+00,0.000000000000e+00,0.000000000000e+00,0.000000000000e+00,1.329210572449e+00,3.851325501043e+00,0.000000000000e+00,0.000000000000e+00,5.263349840797e-06,1.747232597888e-05,0.000000000000e+00,0.000000000000e+00,1.000000000000e+00,-9.436912341755e-02,9.749534282546e-14,1.767218824438e-13,0.000000000000e+00,0.000000000000e+00,0.000000000000e+00,1.000000000001e+00,5.309937000142e-05,-1.744375471771e-05,-5.267501829088e-06,0.000000000000e+00,0.000000000000e+00,OK,,5.559571340896e-05,-1.745072006079e-05,-5.465242873648e-06,1.745072006079e-05,5.465242873648e-06,1.745072006079e-05,8.447962300000e-10,1.847951800000e-08,6.250000000000e-03,60,3.235185207799e+00,BORIS,L4/dt-1e-11/eps-0.1/ranks-1,5.559571340896e-05,7.112279369704e-06,R34,3.014450000000e+00,-1.386364748115e+00,-1.278883519323e+00,0.000000000000e+00,0.000000000000e+00,0.000000000000e+00,-7.209474120463e-01,-1.386365143809e+00,0.000000000000e+00,0.000000000000e+00,0.000000000000e+00,0.000000000000e+00,0.000000000000e+00,3.851324838952e+00,1.040670756227e+01,0.000000000000e+00,0.000000000000e+00,0.000000000000e+00,0.000000000000e+00,1.329210512797e+00,3.851325378914e+00,0.000000000000e+00,0.000000000000e+00,4.992150771323e-06,1.722214050765e-05,0.000000000000e+00,0.000000000000e+00,1.000000000000e+00,-9.436912342063e-02,1.402333282487e-13,-3.740585748565e-14,0.000000000000e+00,0.000000000000e+00,0.000000000000e+00,1.000000000000e+00,5.559871000038e-05,-1.744400525834e-05,-5.463214735785e-06,0.000000000000e+00,0.000000000000e+00,9.550379004834e-01,1.000007937730e+00,9.642064075913e-01
3.000000000000e-11,OK,,4.570180134085e-04,-1.519581303667e-04,-4.587174774132e-05,1.519581303667e-04,4.587174774132e-05,1.519581303667e-04,1.919491600000e-07,7.229017200000e-07,1.000000000000e-06,4,1,6.250000000000e-08,60,4.122720583109e+00,BORIS,L4/dt-3e-11/eps-1e-06/ranks-1,4.570180134085e-04,6.048133820122e-05,R34,3.903700000000e+00,-1.386464161302e+00,-1.279208041064e+00,0.000000000000e+00,0.000000000000e+00,0.000000000000e+00,-7.209790341177e-01,-1.386463529741e+00,0.000000000000e+00,0.000000000000e+00,0.000000000000e+00,0.000000000000e+00,0.000000000000e+00,3.851125533086e+00,1.040630613997e+01,0.000000000000e+00,0.000000000000e+00,0.000000000000e+00,0.000000000000e+00,1.329112877443e+00,3.851122319750e+00,0.000000000000e+00,0.000000000000e+00,4.523506477317e-05,1.516335731221e-04,0.000000000000e+00,0.000000000000e+00,1.000000001125e+00,-9.430619094152e-02,1.193697152576e-08,4.677688661469e-09,0.000000000000e+00,0.000000000000e+00,0.000000000000e+00,9.999999904993e-01,4.570212699999e-04,-1.051830137525e-04,-6.113188705941e-05,0.000000000000e+00,0.000000000000e+00,OK,,4.975806234100e-04,-1.575416504096e-04,-4.925995741064e-05,1.575416504096e-04,4.925995741064e-05,1.575416504096e-04,5.466832900000e-08,2.485507100000e-07,6.250000000000e-08,60,2.939953541849e+00,BORIS,L4/dt-3e-11/eps-1e-06/ranks-1,4.975806234100e-04,6.386008576490e-05,R34,2.722800000000e+00,-1.386465193880e+00,-1.279214414015e+00,0.000000000000e+00,0.000000000000e+00,0.000000000000e+00,-7.209818554840e-01,-1.386468590995e+00,0.000000000000e+00,0.000000000000e+00,0.000000000000e+00,0.000000000000e+00,0.000000000000e+00,3.851108023164e+00,1.040626557736e+01,0.000000000000e+00,0.000000000000e+00,0.000000000000e+00,0.000000000000e+00,1.329108143351e+00,3.851113038352e+00,0.000000000000e+00,0.000000000000e+00,4.503894236534e-05,1.552048753902e-04,0.000000000000e+00,0.000000000000e+00,9.999999999864e-01,-9.430437459419e-02,-4.002027803786e-10,-1.296420604014e-08,0.000000000000e+00,0.000000000000e+00,0.000000000000e+00,9.999999932666e-01,4.975836200014e-04,-1.575369265548e-04,-4.915984109740e-05,0.000000000000e+00,0.000000000000e+00,9.184803264172e-01,9.645584515055e-01,9.312177710371e-01
3.000000000000e-11,OK,,4.568949034098e-04,-1.518309036612e-04,-4.593971843128e-05,1.518309036612e-04,4.593971843128e-05,1.518309036612e-04,5.199381900000e-08,7.131660100000e-08,3.000000000000e-06,4,1,1.875000000000e-07,60,4.141423624940e+00,BORIS,L4/dt-3e-11/eps-3e-06/ranks-1,4.568949034098e-04,6.046602889445e-05,R34,3.921020000000e+00,-1.386464214239e+00,-1.279207828955e+00,0.000000000000e+00,0.000000000000e+00,0.000000000000e+00,-7.209792566324e-01,-1.386463678490e+00,0.000000000000e+00,0.000000000000e+00,0.000000000000e+00,0.000000000000e+00,0.000000000000e+00,3.851125593226e+00,1.040630626308e+01,0.000000000000e+00,0.000000000000e+00,0.000000000000e+00,0.000000000000e+00,1.329112908186e+00,3.851122382681e+00,0.000000000000e+00,0.000000000000e+00,4.570223466784e-05,1.517769370223e-04,0.000000000000e+00,0.000000000000e+00,1.000000000002e+00,-9.430659727796e-02,-4.183395506329e-09,-1.094896046403e-08,0.000000000000e+00,0.000000000000e+00,0.000000000000e+00,9.999999932449e-01,4.568981700004e-04,-1.686943626161e-04,-4.330230338646e-05,0.000000000000e+00,0.000000000000e+00,OK,,4.974563334095e-04,-1.575055173616e-04,-4.927978414119e-05,1.575055173616e-04,4.927978414119e-05,1.575055173616e-04,2.039025100000e-08,2.912559800000e-08,1.875000000000e-07,60,2.951602000045e+00,BORIS,L4/dt-3e-11/eps-3e-06/ranks-1,4.974563334095e-04,6.384886082233e-05,R34,2.731510000000e+00,-1.386465178042e+00,-1.279214341153e+00,0.000000000000e+00,0.000000000000e+00,0.000000000000e+00,-7.209818247062e-01,-1.386468484668e+00,0.000000000000e+00,0.000000000000e+00,0.000000000000e+00,0.000000000000e+00,0.000000000000e+00,3.851108079412e+00,1.040626570165e+01,0.000000000000e+00,0.000000000000e+00,0.000000000000e+00,0.000000000000e+00,1.329108172104e+00,3.851113102860e+00,0.000000000000e+00,0.000000000000e+00,4.525446036182e-05,1.553670764946e-04,0.000000000000e+00,0.000000000000e+00,9.999999999977e-01,-9.430436565636e-02,-3.080538504647e-09,-9.763548435725e-09,0.000000000000e+00,0.000000000000e+00,0.000000000000e+00,9.999999950408e-01,4.974593300009e-04,-1.575122298698e-04,-4.927806076360e-05,0.000000000000e+00,0.000000000000e+00,9.184623307101e-01,9.639719687573e-01,9.322223956919e-01
3.000000000000e-11,OK,,4.572925434090e-04,-1.519128737767e-04,-4.608430550641e-05,1.519128737767e-04,4.608430550641e-05,1.519128737767e-04,1.041637700000e-08,2.973152500000e-08,1.000000000000e-05,4,1,6.250000000000e-07,60,4.137440791121e+00,BORIS,L4/dt-3e-11/eps-1e-05/ranks-1,4.572925434090e-04,6.050161607988e-05,R34,3.919050000000e+00,-1.386464174013e+00,-1.279207938804e+00,0.000000000000e+00,0.000000000000e+00,0.000000000000e+00,-7.209792391727e-01,-1.386463793608e+00,0.000000000000e+00,0.000000000000e+00,0.000000000000e+00,0.000000000000e+00,0.000000000000e+00,3.851125407970e+00,1.040630586544e+01,0.000000000000e+00,0.000000000000e+00,0.000000000000e+00,0.000000000000e+00,1.329112813486e+00,3.851122177463e+00,0.000000000000e+00,0.000000000000e+00,4.560207413126e-05,1.516634342382e-04,0.000000000000e+00,0.000000000000e+00,1.000000000114e+00,-9.430671809223e-02,-1.695929746336e-10,-2.590217174765e-09,0.000000000000e+00,0.000000000000e+00,0.000000000000e+00,9.999999983526e-01,4.572958000004e-04,-1.423348976475e-04,-4.164262574895e-05,0.000000000000e+00,0.000000000000e+00,OK,,4.978551634096e-04,-1.575233380730e-04,-4.927520828967e-05,1.575233380730e-04,4.927520828967e-05,1.575233380730e-04,9.512771000000e-09,2.835281400000e-07,6.250000000000e-07,60,2.945556582883e+00,BORIS,L4/dt-3e-11/eps-1e-05/ranks-1,4.978551634096e-04,6.388072451450e-05,R34,2.724140000000e+00,-1.386465193820e+00,-1.279214380290e+00,0.000000000000e+00,0.000000000000e+00,0.000000000000e+00,-7.209818330953e-01,-1.386468514734e+00,0.000000000000e+00,0.000000000000e+00,0.000000000000e+00,0.000000000000e+00,0.000000000000e+00,3.851107898048e+00,1.040626530282e+01,0.000000000000e+00,0.000000000000e+00,0.000000000000e+00,0.000000000000e+00,1.329108079394e+00,3.851112896065e+00,0.000000000000e+00,0.000000000000e+00,4.553659653057e-05,1.551669163188e-04,0.000000000000e+00,0.000000000000e+00,1.000000000001e+00,-9.430445776184e-02,3.756211170213e-10,-8.244087142532e-10,0.000000000000e+00,0.000000000000e+00,0.000000000000e+00,1.000000000319e+00,4.978581600010e-04,-1.575158268851e-04,-4.926629646286e-05,0.000000000000e+00,0.000000000000e+00,9.185252599917e-01,9.643832820906e-01,9.352432410939e-01
3.000000000000e-11,OK,,4.574076934087e-04,-1.520568470942e-04,-4.610765266299e-05,1.520568470942e-04,4.610765266299e-05,1.520568470942e-04,6.361359200000e-09,8.556442200000e-08,3.000000000000e-05,4,1,1.875000000000e-06,60,4.141358375084e+00,BORIS,L4/dt-3e-11/eps-3e-05/ranks-1,4.574076934087e-04,6.052902461874e-05,R34,3.921460000000e+00,-1.386464270031e+00,-1.279208195401e+00,0.000000000000e+00,0.000000000000e+00,0.000000000000e+00,-7.209792802648e-01,-1.386463849382e+00,0.000000000000e+00,0.000000000000e+00,0.000000000000e+00,0.000000000000e+00,0.000000000000e+00,3.851125351721e+00,1.040630575029e+01,0.000000000000e+00,0.000000000000e+00,0.000000000000e+00,0.000000000000e+00,1.329112784733e+00,3.851122118599e+00,0.000000000000e+00,0.000000000000e+00,4.578874946320e-05,1.517757744372e-04,0.000000000000e+00,0.000000000000e+00,1.000000000002e+00,-9.430668864720e-02,4.045448238312e-10,5.520829002615e-10,0.000000000000e+00,0.000000000000e+00,0.000000000000e+00,9.999999998460e-01,4.574109300002e-04,-1.470767989360e-04,-4.601759925646e-05,0.000000000000e+00,0.000000000000e+00,OK,,4.975991434097e-04,-1.588956275157e-04,-4.965095628004e-05,1.588956275157e-04,4.965095628004e-05,1.588956275157e-04,2.668335100000e-08,1.304477100000e-05,1.875000000000e-06,60,2.973386165919e+00,BORIS,L4/dt-3e-11/eps-3e-05/ranks-1,4.975991434097e-04,6.420869848359e-05,R34,2.742720000000e+00,-1.386466268241e+00,-1.279217698933e+00,0.000000000000e+00,0.000000000000e+00,0.000000000000e+00,-7.209821256168e-01,-1.386469424490e+00,0.000000000000e+00,0.000000000000e+00,0.000000000000e+00,0.000000000000e+00,0.000000000000e+00,3.851108023105e+00,1.040626555884e+01,0.000000000000e+00,0.000000000000e+00,0.000000000000e+00,0.000000000000e+00,1.329108143321e+00,3.851113026936e+00,0.000000000000e+00,0.000000000000e+00,3.267672851573e-05,1.643584149468e-04,0.000000000000e+00,0.000000000000e+00,1.000000000000e+00,-9.429639878924e-02,3.336141900740e-10,7.899203997950e-10,0.000000000000e+00,0.000000000000e+00,0.000000000000e+00,9.999999999139e-01,4.976021400012e-04,-1.588877207136e-04,-4.964732348798e-05,0.000000000000e+00,0.000000000000e+00,9.192292620811e-01,9.569605499634e-01,9.286357427425e-01
3.000000000000e-11,OK,,4.568851534099e-04,-1.548220322930e-04,-4.686518024155e-05,1.548220322930e-04,4.686518024155e-05,1.548220322930e-04,1.350880800000e-08,1.161388000000e-04,1.000000000000e-04,4,1,6.250000000000e-06,60,4.196531584021e+00,BORIS,L4/dt-3e-11/eps-0.0001/ranks-1,4.568851534099e-04,6.109441145475e-05,R34,3.973820000000e+00,-1.386466493859e+00,-1.279214927256e+00,0.000000000000e+00,0.000000000000e+00,0.000000000000e+00,-7.209798793695e-01,-1.386465680155e+00,0.000000000000e+00,0.000000000000e+00,0.000000000000e+00,0.000000000000e+00,0.000000000000e+00,3.851125593226e+00,1.040630627283e+01,0.000000000000e+00,0.000000000000e+00,0.000000000000e+00,0.000000000000e+00,1.329112908186e+00,3.851122388695e+00,0.000000000000e+00,0.000000000000e+00,1.627853648093e-04,8.724070301629e-05,0.000000000000e+00,0.000000000000e+00,1.000000000013e+00,-9.437030898759e-02,6.926963293530e-11,9.167664051003e-11,0.000000000000e+00,0.000000000000e+00,0.000000000000e+00,1.000000000000e+00,4.568885200005e-04,-1.573106496979e-04,-4.687130860997e-05,0.000000000000e+00,0.000000000000e+00,OK,,5.627476620027e-04,-1.546427563363e-04,-4.848259828579e-05,1.546427563363e-04,4.848259828579e-05,1.546427563363e-04,2.632628200000e-08,6.070228500000e-04,6.250000000000e-06,60,2.992486957926e+00,BORIS,L4/dt-3e-11/eps-0.0001/ranks-1,5.627476620027e-04,9.394672339384e-05,R51,2.775500000000e+00,-1.386462856940e+00,-1.279207367533e+00,0.000000000000e+00,0.000000000000e+00,0.000000000000e+00,-7.209811864935e-01,-1.386466582668e+00,0.000000000000e+00,0.000000000000e+00,0.000000000000e+00,0.000000000000e+00,0.000000000000e+00,3.851108083304e+00,1.040626571021e+01,0.000000000000e+00,0.000000000000e+00,0.000000000000e+00,0.000000000000e+00,1.329108174093e+00,3.851113107297e+00,0.000000000000e+00,0.000000000000e+00,-5.627476620026e-04,5.049376866566e-04,0.000000000000e+00,0.000000000000e+00,1.000000000000e+00,-9.396656320068e-02,1.096275362363e-10,2.131385531028e-10,0.000000000000e+00,0.000000000000e+00,0.000000000000e+00,1.000000000031e+00,5.627498175085e-04,-1.546367518901e-04,-4.848119245054e-05,0.000000000000e+00,0.000000000000e+00,8.118828104660e-01,1.001159291007e+00,9.666392045512e-01
3.000000000000e-11,OK,,4.570456834099e-04,-1.548758618734e-04,-4.688800981487e-05,1.548758618734e-04,4.688800981487e-05,1.548758618734e-04,3.721004500000e-09,2.023238600000e-04,3.000000000000e-04,4,1,1.875000000000e-05,60,4.166267791996e+00,BORIS,L4/dt-3e-11/eps-0.0003/ranks-1,4.570456834099e-04,6.633851578164e-05,R34,3.945580000000e+00,-1.386466561866e+00,-1.279215074902e+00,0.000000000000e+00,0.000000000000e+00,0.000000000000e+00,-7.209799040000e-01,-1.386465740021e+00,0.000000000000e+00,0.000000000000e+00,0.000000000000e+00,0.000000000000e+00,0.000000000000e+00,3.851125533027e+00,1.040630611230e+01,0.000000000000e+00,0.000000000000e+00,0.000000000000e+00,0.000000000000e+00,1.329112877413e+00,3.851122302684e+00,0.000000000000e+00,0.000000000000e+00,-1.556701369893e-04,2.722775314276e-04,0.000000000000e+00,0.000000000000e+00,1.000000000002e+00,-9.419246102048e-02,-8.662282164126e-12,-4.162794690065e-11,0.000000000000e+00,0.000000000000e+00,0.000000000000e+00,9.999999999521e-01,4.570488900004e-04,-1.544746408241e-04,-4.689993554403e-05,0.000000000000e+00,0.000000000000e+00,OK,,4.975887134098e-04,-1.546598321026e-04,-4.848853571863e-05,1.546598321026e-04,4.848853571863e-05,1.546598321026e-04,2.331439100000e-08,2.023488700000e-04,1.875000000000e-05,60,2.973225832917e+00,BORIS,L4/dt-3e-11/eps-0.0003/ranks-1,4.975887134098e-04,6.863071929637e-05,R34,2.754220000000e+00,-1.386462870417e+00,-1.279207408078e+00,0.000000000000e+00,0.000000000000e+00,0.000000000000e+00,-7.209811910370e-01,-1.386466596657e+00,0.000000000000e+00,0.000000000000e+00,0.000000000000e+00,0.000000000000e+00,0.000000000000e+00,3.851108019213e+00,1.040626556927e+01,0.000000000000e+00,0.000000000000e+00,0.000000000000e+00,0.000000000000e+00,1.329108141331e+00,3.851113034218e+00,0.000000000000e+00,0.000000000000e+00,-1.580695899549e-04,2.699163599912e-04,0.000000000000e+00,0.000000000000e+00,1.000000000000e+00,-9.419250504277e-02,-3.725316948229e-12,-3.824934048566e-11,0.000000000000e+00,0.000000000000e+00,0.000000000000e+00,1.000000000007e+00,4.975917100012e-04,-1.546530864121e-04,-4.848668324842e-05,0.000000000000e+00,0.000000000000e+00,9.185210015676e-01,1.001396805931e+00,9.669916634924e-01
3.000000000000e-11,OK,,4.569223134094e-04,-1.548789962877e-04,-4.688838623653e-05,1.548789962877e-04,4.688838623653e-05,1.548789962877e-04,2.540236300000e-08,6.069405800000e-05,1.000000000000e-03,4,1,6.250000000000e-05,60,4.105985958129e+00,BORIS,L4/dt-3e-11/eps-0.001/ranks-1,4.569223134094e-04,6.183870916402e-05,R34,3.883210000000e+00,-1.386466551627e+00,-1.279215076222e+00,0.000000000000e+00,0.000000000000e+00,0.000000000000e+00,-7.209799008139e-01,-1.386465739239e+00,0.000000000000e+00,0.000000000000e+00,0.000000000000e+00,0.000000000000e+00,0.000000000000e+00,3.851125593285e+00,1.040630623567e+01,0.000000000000e+00,0.000000000000e+00,0.000000000000e+00,0.000000000000e+00,1.329112908216e+00,3.851122365749e+00,0.000000000000e+00,0.000000000000e+00,-1.403859346149e-05,1.900135467615e-04,0.000000000000e+00,0.000000000000e+00,1.000000000000e+00,-9.427154374035e-02,1.516681601643e-12,-3.390140563827e-12,0.000000000000e+00,0.000000000000e+00,0.000000000000e+00,1.000000000012e+00,4.569255700009e-04,-1.550096893663e-04,-4.686191124660e-05,0.000000000000e+00,0.000000000000e+00,OK,,4.976072334095e-04,-1.546502754536e-04,-4.848561592857e-05,1.546502754536e-04,4.848561592857e-05,1.546502754536e-04,3.260625400000e-08,6.070832300000e-05,6.250000000000e-05,60,2.927856707945e+00,BORIS,L4/dt-3e-11/eps-0.001/ranks-1,4.976072334095e-04,6.428621380889e-05,R34,2.708920000000e+00,-1.386462875172e+00,-1.279207392428e+00,0.000000000000e+00,0.000000000000e+00,0.000000000000e+00,-7.209811922283e-01,-1.386466592062e+00,0.000000000000e+00,0.000000000000e+00,0.000000000000e+00,0.000000000000e+00,0.000000000000e+00,3.851108019154e+00,1.040626555075e+01,0.000000000000e+00,0.000000000000e+00,0.000000000000e+00,0.000000000000e+00,1.329108141301e+00,3.851113022802e+00,0.000000000000e+00,0.000000000000e+00,-1.643188991987e-05,1.876466450258e-04,0.000000000000e+00,0.000000000000e+00,1.000000000000e+00,-9.427159090842e-02,1.059891863697e-12,-6.789043331494e-12,0.000000000000e+00,0.000000000000e+00,0.000000000000e+00,1.000000000003e+00,4.976102300009e-04,-1.546436176404e-04,-4.848363018653e-05,0.000000000000e+00,0.000000000000e+00,9.182388894926e-01,1.001478955233e+00,9.670576590304e-01
3.000000000000e-11,OK,,4.572843334092e-04,-1.548797000480e-04,-4.688830688165e-05,1.548797000480e-04,4.688830688165e-05,1.548797000480e-04,1.286563300000e-08,2.022713400000e-05,3.000000000000e-03,4,1,1.875000000000e-04,60,4.127668334171e+00,BORIS,L4/dt-3e-11/eps-0.003/ranks-1,4.572843334092e-04,6.119918019818e-05,R34,3.907770000000e+00,-1.386466551961e+00,-1.279215076606e+00,0.000000000000e+00,0.000000000000e+00,0.000000000000e+00,-7.209799008501e-01,-1.386465739017e+00,0.000000000000e+00,0.000000000000e+00,0.000000000000e+00,0.000000000000e+00,0.000000000000e+00,3.851125411979e+00,1.040630587365e+01,0.000000000000e+00,0.000000000000e+00,0.000000000000e+00,0.000000000000e+00,1.329112815536e+00,3.851122181659e+00,0.000000000000e+00,0.000000000000e+00,2.642894738668e-05,1.665096368882e-04,0.000000000000e+00,0.000000000000e+00,1.000000000000e+00,-9.429413932894e-02,3.051024087257e-12,5.045574327523e-12,0.000000000000e+00,0.000000000000e+00,0.000000000000e+00,1.000000000004e+00,4.572875500006e-04,-1.548541100562e-04,-4.688803863087e-05,0.000000000000e+00,0.000000000000e+00,OK,,4.978279534100e-04,-1.546502343987e-04,-4.848554972775e-05,1.546502343987e-04,4.848554972775e-05,1.546502343987e-04,6.160969300000e-09,2.024088600000e-05,1.875000000000e-04,60,2.973072124878e+00,BORIS,L4/dt-3e-11/eps-0.003/ranks-1,4.978279534100e-04,6.365774473464e-05,R34,2.754090000000e+00,-1.386462875436e+00,-1.279207393333e+00,0.000000000000e+00,0.000000000000e+00,0.000000000000e+00,-7.209811923677e-01,-1.386466592559e+00,0.000000000000e+00,0.000000000000e+00,0.000000000000e+00,0.000000000000e+00,0.000000000000e+00,3.851107902057e+00,1.040626533003e+01,0.000000000000e+00,0.000000000000e+00,0.000000000000e+00,0.000000000000e+00,1.329108081444e+00,3.851112911986e+00,0.000000000000e+00,0.000000000000e+00,2.403561049157e-05,1.641427768194e-04,0.000000000000e+00,0.000000000000e+00,1.000000000000e+00,-9.429418618305e-02,-3.915283589396e-12,-6.728623553654e-12,0.000000000000e+00,0.000000000000e+00,0.000000000000e+00,9.999999999993e-01,4.978309500014e-04,-1.546435218135e-04,-4.848355629824e-05,0.000000000000e+00,0.000000000000e+00,9.185589725866e-01,1.001483771752e+00,9.670573427533e-01
3.000000000000e-11,OK,,4.572844534092e-04,-1.548777343608e-04,-4.688795779423e-05,1.548777343608e-04,4.688795779423e-05,1.548777343608e-04,1.265822400000e-08,6.063002100000e-06,1.000000000000e-02,4,1,6.250000000000e-04,60,4.136712540872e+00,BORIS,L4/dt-3e-11/eps-0.01/ranks-1,4.572844534092e-04,6.103436456203e-05,R34,3.913110000000e+00,-1.386466550430e+00,-1.279215075102e+00,0.000000000000e+00,0.000000000000e+00,0.000000000000e+00,-7.209799006874e-01,-1.386465739463e+00,0.000000000000e+00,0.000000000000e+00,0.000000000000e+00,0.000000000000e+00,0.000000000000e+00,3.851125411922e+00,1.040630587353e+01,0.000000000000e+00,0.000000000000e+00,0.000000000000e+00,0.000000000000e+00,1.329112815507e+00,3.851122181599e+00,0.000000000000e+00,0.000000000000e+00,4.059214630672e-05,1.582828751804e-04,0.000000000000e+00,0.000000000000e+00,1.000000000000e+00,-9.430204799581e-02,-4.616695442458e-14,1.340998165734e-12,0.000000000000e+00,0.000000000000e+00,0.000000000000e+00,1.000000000001e+00,4.572877199998e-04,-1.548761920445e-04,-4.688809775977e-05,0.000000000000e+00,0.000000000000e+00,OK,,4.978551734087e-04,-1.546508355463e-04,-4.848595047652e-05,1.546508355463e-04,4.848595047652e-05,1.546508355463e-04,1.327142700000e-08,6.077605500000e-06,6.250000000000e-04,60,2.980039542075e+00,BORIS,L4/dt-3e-11/eps-0.01/ranks-1,4.978551734087e-04,6.349990006508e-05,R34,2.761380000000e+00,-1.386462875125e+00,-1.279207393431e+00,0.000000000000e+00,0.000000000000e+00,0.000000000000e+00,-7.209811921780e-01,-1.386466592633e+00,0.000000000000e+00,0.000000000000e+00,0.000000000000e+00,0.000000000000e+00,0.000000000000e+00,3.851107898048e+00,1.040626530281e+01,0.000000000000e+00,0.000000000000e+00,0.000000000000e+00,0.000000000000e+00,1.329108079394e+00,3.851112896059e+00,0.000000000000e+00,0.000000000000e+00,3.819876799687e-05,1.559157001879e-04,0.000000000000e+00,0.000000000000e+00,1.000000000000e+00,-9.430209463347e-02,9.699394225534e-14,1.384663482437e-12,0.000000000000e+00,0.000000000000e+00,0.000000000000e+00,1.000000000000e+00,4.978581700001e-04,-1.546441276651e-04,-4.848392534091e-05,0.000000000000e+00,0.000000000000e+00,9.185089918385e-01,1.001467168371e+00,9.670421500128e-01
3.000000000000e-11,OK,,4.572928634090e-04,-1.548780889998e-04,-4.688778049541e-05,1.548780889998e-04,4.688778049541e-05,1.548780889998e-04,3.609510500000e-09,2.017495100000e-06,3.000000000000e-02,4,1,1.875000000000e-03,60,4.873327207984e+00,BORIS,L4/dt-3e-11/eps-0.03/ranks-1,4.572928634090e-04,6.099449553093e-05,R34,4.620870000000e+00,-1.386466550571e+00,-1.279215075335e+00,0.000000000000e+00,0.000000000000e+00,0.000000000000e+00,-7.209799004684e-01,-1.386465739199e+00,0.000000000000e+00,0.000000000000e+00,0.000000000000e+00,0.000000000000e+00,0.000000000000e+00,3.851125411997e+00,1.040630586512e+01,0.000000000000e+00,0.000000000000e+00,0.000000000000e+00,0.000000000000e+00,1.329112815545e+00,3.851122176389e+00,0.000000000000e+00,0.000000000000e+00,4.463815482454e-05,1.559305836997e-04,0.000000000000e+00,0.000000000000e+00,1.000000000000e+00,-9.430430829678e-02,8.432101491924e-15,-3.643063144248e-13,0.000000000000e+00,0.000000000000e+00,0.000000000000e+00,1.000000000000e+00,4.572961000004e-04,-1.548696677138e-04,-4.688623678232e-05,0.000000000000e+00,0.000000000000e+00,OK,,4.974924434098e-04,-1.546504572778e-04,-4.848570074140e-05,1.546504572778e-04,4.848570074140e-05,1.546504572778e-04,5.084856800000e-08,2.031490700000e-06,1.875000000000e-03,60,2.952313083922e+00,BORIS,L4/dt-3e-11/eps-0.03/ranks-1,4.974924434098e-04,6.343081577081e-05,R34,2.729460000000e+00,-1.386462875354e+00,-1.279207394241e+00,0.000000000000e+00,0.000000000000e+00,0.000000000000e+00,-7.209811923145e-01,-1.386466593132e+00,0.000000000000e+00,0.000000000000e+00,0.000000000000e+00,0.000000000000e+00,0.000000000000e+00,3.851108079404e+00,1.040626566554e+01,0.000000000000e+00,0.000000000000e+00,0.000000000000e+00,0.000000000000e+00,1.329108172100e+00,3.851113080569e+00,0.000000000000e+00,0.000000000000e+00,4.224495628161e-05,1.535637493356e-04,0.000000000000e+00,0.000000000000e+00,1.000000000000e+00,-9.430435500685e-02,-4.859308571277e-14,6.238534189014e-14,0.000000000000e+00,0.000000000000e+00,0.000000000000e+00,1.000000000000e+00,4.974954400012e-04,-1.546437393822e-04,-4.848366962535e-05,0.000000000000e+00,0.000000000000e+00,9.191955967707e-01,1.001471911083e+00,9.670434742294e-01
3.000000000000e-11,OK,,4.569201034084e-04,-1.548791106488e-04,-4.688775055864e-05,1.548791106488e-04,4.688775055864e-05,1.548791106488e-04,1.487721200000e-08,5.650314200000e-07,1.000000000000e-01,4,1,6.250000000000e-03,60,4.825143208960e+00,BORIS,L4/dt-3e-11/eps-0.1/ranks-1,4.569201034084e-04,6.095233777203e-05,R34,4.565510000000e+00,-1.386466552838e+00,-1.279215076859e+00,0.000000000000e+00,0.000000000000e+00,0.000000000000e+00,-7.209799008266e-01,-1.386465738678e+00,0.000000000000e+00,0.000000000000e+00,0.000000000000e+00,0.000000000000e+00,0.000000000000e+00,3.851125589905e+00,1.040630623788e+01,0.000000000000e+00,0.000000000000e+00,0.000000000000e+00,0.000000000000e+00,1.329112906487e+00,3.851122367845e+00,0.000000000000e+00,0.000000000000e+00,4.609139654573e-05,1.551219322329e-04,0.000000000000e+00,0.000000000000e+00,1.000000000000e+00,-9.430508180472e-02,-1.842993653890e-13,-1.246438528467e-13,0.000000000000e+00,0.000000000000e+00,0.000000000000e+00,9.999999999998e-01,4.569234599998e-04,-1.548720067866e-04,-4.688563018991e-05,0.000000000000e+00,0.000000000000e+00,OK,,4.979531534097e-04,-1.546511754404e-04,-4.848616146746e-05,1.546511754404e-04,4.848616146746e-05,1.546511754404e-04,1.510090400000e-08,5.785498400000e-07,6.250000000000e-03,60,2.948932165978e+00,BORIS,L4/dt-3e-11/eps-0.1/ranks-1,4.979531534097e-04,6.345636371023e-05,R34,2.730510000000e+00,-1.386462875340e+00,-1.279207393417e+00,0.000000000000e+00,0.000000000000e+00,0.000000000000e+00,-7.209811923069e-01,-1.386466592614e+00,0.000000000000e+00,0.000000000000e+00,0.000000000000e+00,0.000000000000e+00,0.000000000000e+00,3.851107841229e+00,1.040626520483e+01,0.000000000000e+00,0.000000000000e+00,0.000000000000e+00,0.000000000000e+00,1.329108050351e+00,3.851112847920e+00,0.000000000000e+00,0.000000000000e+00,4.369777617818e-05,1.527553544050e-04,0.000000000000e+00,0.000000000000e+00,1.000000000000e+00,-9.430512810259e-02,-3.902154714063e-14,-5.786200952747e-14,0.000000000000e+00,0.000000000000e+00,0.000000000000e+00,9.999999999998e-01,4.979561500011e-04,-1.546444606379e-04,-4.848413332960e-05,0.000000000000e+00,0.000000000000e+00,9.175965656200e-01,1.001473866641e+00,9.670336677426e-01
1.000000000000e-10,INVALID,time step too long for QACH field extent,,,,,,,,,1.000000000000e-06,4,1,6.250000000000e-08,60,2.226190420333e-01,BORIS,L4/dt-1e-10/eps-1e-06/ranks-1,,,,,,,,,,,,,,,,,,,,,,,,,,,,,,,,,,,,,,,,,,,,INVALID,time step too long for QACH field extent,,,,,,,,,6.250000000000e-08,60,2.225403338671e-01,BORIS,L4/dt-1e-10/eps-1e-06/ranks-1,,,,,,,,,,,,,,,,,,,,,,,,,,,,,,,,,,,,,,,,,,,,,,
1.000000000000e-10,INVALID,time step too long for QACH field extent,,,,,,,,,3.000000000000e-06,4,1,1.875000000000e-07,60,2.203734999057e-01,BORIS,L4/dt-1e-10/eps-3e-06/ranks-1,,,,,,,,,,,,,,,,,,,,,,,,,,,,,,,,,,,,,,,,,,,,INVALID,time step too long for QACH field extent,,,,,,,,,1.875000000000e-07,60,2.165760409553e-01,BORIS,L4/dt-1e-10/eps-3e-06/ranks-1,,,,,,,,,,,,,,,,,,,,,,,,,,,,,,,,,,,,,,,,,,,,,,
1.000000000000e-10,INVALID,time step too long for QACH field extent,,,,,,,,,1.000000000000e-05,4,1,6.250000000000e-07,60,2.205762499943e-01,BORIS,L4/dt-1e-10/eps-1e-05/ranks-1,,,,,,,,,,,,,,,,,,,,,,,,,,,,,,,,,,,,,,,,,,,,INVALID,time step too long for QACH field extent,,,,,,,,,6.250000000000e-07,60,2.167750420049e-01,BORIS,L4/dt-1e-10/eps-1e-05/ranks-1,,,,,,,,,,,,,,,,,,,,,,,,,,,,,,,,,,,,,,,,,,,,,,
1.000000000000e-10,INVALID,time step too long for QACH field extent,,,,,,,,,3.000000000000e-05,4,1,1.875000000000e-06,60,2.202590419911e-01,BORIS,L4/dt-1e-10/eps-3e-05/ranks-1,,,,,,,,,,,,,,,,,,,,,,,,,,,,,,,,,,,,,,,,,,,,INVALID,time step too long for QACH field extent,,,,,,,,,1.875000000000e-06,60,2.295257910155e-01,BORIS,L4/dt-1e-10/eps-3e-05/ranks-1,,,,,,,,,,,,,,,,,,,,,,,,,,,,,,,,,,,,,,,,,,,,,,
1.000000000000e-10,INVALID,time step too long for QACH field extent,,,,,,,,,1.000000000000e-04,4,1,6.250000000000e-06,60,2.206842920277e-01,BORIS,L4/dt-1e-10/eps-0.0001/ranks-1,,,,,,,,,,,,,,,,,,,,,,,,,,,,,,,,,,,,,,,,,,,,INVALID,time step too long for QACH field extent,,,,,,,,,6.250000000000e-06,60,2.295982078649e-01,BORIS,L4/dt-1e-10/eps-0.0001/ranks-1,,,,,,,,,,,,,,,,,,,,,,,,,,,,,,,,,,,,,,,,,,,,,,
1.000000000000e-10,INVALID,time step too long for QACH field extent,,,,,,,,,3.000000000000e-04,4,1,1.875000000000e-05,60,2.225637079682e-01,BORIS,L4/dt-1e-10/eps-0.0003/ranks-1,,,,,,,,,,,,,,,,,,,,,,,,,,,,,,,,,,,,,,,,,,,,INVALID,time step too long for QACH field extent,,,,,,,,,1.875000000000e-05,60,2.293298339937e-01,BORIS,L4/dt-1e-10/eps-0.0003/ranks-1,,,,,,,,,,,,,,,,,,,,,,,,,,,,,,,,,,,,,,,,,,,,,,
1.000000000000e-10,INVALID,time step too long for QACH field extent,,,,,,,,,1.000000000000e-03,4,1,6.250000000000e-05,60,2.226358330809e-01,BORIS,L4/dt-1e-10/eps-0.001/ranks-1,,,,,,,,,,,,,,,,,,,,,,,,,,,,,,,,,,,,,,,,,,,,INVALID,time step too long for QACH field extent,,,,,,,,,6.250000000000e-05,60,2.296371660195e-01,BORIS,L4/dt-1e-10/eps-0.001/ranks-1,,,,,,,,,,,,,,,,,,,,,,,,,,,,,,,,,,,,,,,,,,,,,,
1.000000000000e-10,INVALID,time step too long for QACH field extent,,,,,,,,,3.000000000000e-03,4,1,1.875000000000e-04,60,2.226533750072e-01,BORIS,L4/dt-1e-10/eps-0.003/ranks-1,,,,,,,,,,,,,,,,,,,,,,,,,,,,,,,,,,,,,,,,,,,,INVALID,time step too long for QACH field extent,,,,,,,,,1.875000000000e-04,60,2.253409170080e-01,BORIS,L4/dt-1e-10/eps-0.003/ranks-1,,,,,,,,,,,,,,,,,,,,,,,,,,,,,,,,,,,,,,,,,,,,,,
1.000000000000e-10,INVALID,time step too long for QACH field extent,,,,,,,,,1.000000000000e-02,4,1,6.250000000000e-04,60,2.225292921066e-01,BORIS,L4/dt-1e-10/eps-0.01/ranks-1,,,,,,,,,,,,,,,,,,,,,,,,,,,,,,,,,,,,,,,,,,,,INVALID,time step too long for QACH field extent,,,,,,,,,6.250000000000e-04,60,2.256039159838e-01,BORIS,L4/dt-1e-10/eps-0.01/ranks-1,,,,,,,,,,,,,,,,,,,,,,,,,,,,,,,,,,,,,,,,,,,,,,
1.000000000000e-10,INVALID,time step too long for QACH field extent,,,,,,,,,3.000000000000e-02,4,1,1.875000000000e-03,60,2.395022918936e-01,BORIS,L4/dt-1e-10/eps-0.03/ranks-1,,,,,,,,,,,,,,,,,,,,,,,,,,,,,,,,,,,,,,,,,,,,INVALID,time step too long for QACH field extent,,,,,,,,,1.875000000000e-03,60,2.254123748280e-01,BORIS,L4/dt-1e-10/eps-0.03/ranks-1,,,,,,,,,,,,,,,,,,,,,,,,,,,,,,,,,,,,,,,,,,,,,,
1.000000000000e-10,INVALID,time step too long for QACH field extent,,,,,,,,,1.000000000000e-01,4,1,6.250000000000e-03,60,2.403580830432e-01,BORIS,L4/dt-1e-10/eps-0.1/ranks-1,,,,,,,,,,,,,,,,,,,,,,,,,,,,,,,,,,,,,,,,,,,,INVALID,time step too long for QACH field extent,,,,,,,,,6.250000000000e-03,60,2.254362080712e-01,BORIS,L4/dt-1e-10/eps-0.1/ranks-1,,,,,,,,,,,,,,,,,,,,,,,,,,,,,,,,,,,,,,,,,,,,,,
