OPAL-X>               ____  _____        _       __   __
OPAL-X> [1;32m
OPAL-X> 
OPAL-X>   ██████  ██████   █████  ██      ██   ██
OPAL-X>  ██    ██ ██   ██ ██   ██ ██       ██ ██
OPAL-X>  ██    ██ ██████  ███████ ██        ███
OPAL-X>  ██    ██ ██      ██   ██ ██       ██ ██
OPAL-X>   ██████  ██      ██   ██ ███████ ██   ██
OPAL-X> 
OPAL-X>          This is OPALX (Object Oriented Parallel Accelerator Library for Exascale)
OPAL-X> 
OPAL-X> [0m
OPAL-X> 
OPAL-X> OPALX is the performance portable version of OPAL :: Version 0.9
OPAL-X>             git rev. 1177cfa4a273047f3e436a2f1e19954d1e38a40c
OPAL-X> 
OPAL-X> 
OPAL-X>              (c) PSI, https://github.com/OPALX-project/OPALX
OPAL-X> 
OPAL-X> 
OPAL-X> Please send cookies, goodies or other motivations (wine and beer ... ) 
OPAL-X> to the OPAL developers https://github.com/OPALX-project/OPALX/issues
OPAL-X> 
OPAL-X> Time: 17:41:19 date: 05/07/2026
OPAL-X> 
OPAL-X> * Host:   OpenMP
OPAL-X> * Device: OpenMP
OPAL-X> 
OPAL-X> * Reading input stream 'spacecharge_drift_withness.in'
OPAL-X> * ************* F I E L D S O L V E R ********************************************** 
OPAL-X> * FIELDSOLVER  FS0
OPAL-X> * BINS         SOURCEBINNING
OPAL-X> * TYPE         OPEN
OPAL-X> * RANKS        1
OPAL-X> * NX           16
OPAL-X> * NY           16
OPAL-X> * NZ           32
OPAL-X> * BBOXINCR     1
OPAL-X> * GREENSF      STANDARD
OPAL-X> * XDIM         serial  
OPAL-X> * YDIM         serial  
OPAL-X> * ZDIM         parallel  
OPAL-X> * ********************************************************************************** 
OPAL-X> 
OPAL-X> * ************* B I N N I N G ****************************************************** 
OPAL-X> * BINNING        SOURCEBINNING
OPAL-X> * MAXBINS        1
OPAL-X> * DESIREDWIDTH   0.1
OPAL-X> * BINNINGALPHA   1
OPAL-X> * BINNINGBETA    1
OPAL-X> * ADAPTIVEBINNING FALSE
OPAL-X> * PARAMETER      VELOCITYZ
OPAL-X> * TABLEPRINTFREQ 0
OPAL-X> * ********************************************************************************** 
OPAL-X> 
OPAL-X> * RUN resolved beams: PRIMARY_ELECTRONS, WITNESS_ELECTRONS, WITNESS_POSITRONS
OPAL-X> * ************* B E A M ************************************************************ 
OPAL-X> * BEAM        PRIMARY_ELECTRONS
OPAL-X> * PARTICLE    ELECTRON
OPAL-X> * REST MASS   0.000510999 [GeV]
OPAL-X> * CHARGE      -e * 1 
OPAL-X> * MOMENTUM    2.4551e+08 [eV/c]
OPAL-X> * MOMENTUM    0.24551 [GeV/c]
OPAL-X> * BCHARGE     2.00272e-09 [C]
OPAL-X> * NALLOC      100
OPAL-X> * ********************************************************************************** 
OPAL-X> 
OPAL-X> * ************* B E A M ************************************************************ 
OPAL-X> * BEAM        WITNESS_ELECTRONS
OPAL-X> * PARTICLE    ELECTRON
OPAL-X> * REST MASS   0.000510999 [GeV]
OPAL-X> * CHARGE      -e * 1 
OPAL-X> * MOMENTUM    1 [eV/c]
OPAL-X> * MOMENTUM    0 [GeV/c]
OPAL-X> * BCHARGE     9.61306e-19 [C]
OPAL-X> * NALLOC      6
OPAL-X> * ********************************************************************************** 
OPAL-X> 
OPAL-X> * ************* B E A M ************************************************************ 
OPAL-X> * BEAM        WITNESS_POSITRONS
OPAL-X> * PARTICLE    POSITRON
OPAL-X> * REST MASS   0.000510999 [GeV]
OPAL-X> * CHARGE      +e * 1 
OPAL-X> * MOMENTUM    1 [eV/c]
OPAL-X> * MOMENTUM    0 [GeV/c]
OPAL-X> * BCHARGE     9.61306e-19 [C]
OPAL-X> * NALLOC      6
OPAL-X> * ********************************************************************************** 
OPAL-X> 
OPAL-X[2]> * Beam[0] PRIMARY_ELECTRONS macro charge per particle [C]: -2.00272e-11
OPAL-X[2]> * Beam[0] PRIMARY_ELECTRONS macro mass per particle [GeV/c^2]: 63874.9
OPAL-X[2]> * Beam[0] PRIMARY_ELECTRONS particles per macro particle: 1.25e+08
OPAL-X> 
OPAL-X[2]> * Beam[1] WITNESS_ELECTRONS macro charge per particle [C]: -1.60218e-19
OPAL-X[2]> * Beam[1] WITNESS_ELECTRONS macro mass per particle [GeV/c^2]: 0.000510999
OPAL-X[2]> * Beam[1] WITNESS_ELECTRONS particles per macro particle: 1
OPAL-X> 
OPAL-X[2]> * Beam[2] WITNESS_POSITRONS macro charge per particle [C]: 1.60218e-19
OPAL-X[2]> * Beam[2] WITNESS_POSITRONS macro mass per particle [GeV/c^2]: 0.000510999
OPAL-X[2]> * Beam[2] WITNESS_POSITRONS particles per macro particle: 1
OPAL-X> 
OPAL-X> * Creating new file for data: 'spacecharge_drift_withness_c0.stat'
OPAL-X> * Creating new file for data: 'spacecharge_drift_withness_c1.stat'
OPAL-X> * Creating new file for data: 'spacecharge_drift_withness_c2.stat'
OPAL-X> * Creating new file for data: 'spacecharge_drift_withness.lbal'
PartBunch::setSolver[2]> Initializing solver: OPEN
KOKKOS DEBUG[2]> =====================================
KOKKOS DEBUG[2]>  Kokkos Debug Information (Rank 0)
KOKKOS DEBUG[2]> =====================================
KOKKOS DEBUG[2]> CPU Threads (OpenMP): 8
KOKKOS DEBUG[2]> CUDA/HIP: GPU support disabled.
KOKKOS DEBUG[2]> Default Execution Space Concurrency: 8
KOKKOS DEBUG[2]> Binning cost function parameters: alpha = 1, beta = 1, desiredWidth = 0.1
KOKKOS DEBUG[2]> =====================================
PartBunch::pre_run[2]> Starting pre_run...
OPAL-X[2]> * BCHandler<3>: [OPEN, OPEN, OPEN]
OPAL-X[2]> * Particle sampling / sampler setup for all emission sources done.
OPAL-X[2]> * Configured emitting source of type FROMFILE with NPARTDIST = 6, t0 = 4e-12
OPAL-X[2]> * Particle sampling / sampler setup for all emission sources done.
OPAL-X[2]> * Configured emitting source of type FROMFILE with NPARTDIST = 6, t0 = 4e-12
OPAL-X[2]> * Particle sampling / sampler setup for all emission sources done.
OPAL-X> 
OPAL-X> * ************** B U N C H ********************************************************* 
OPAL-X> * CONTAINER       = 0
OPAL-X> * PARTICLES       = 100
OPAL-X> * CHARGE          = -2.002721e-09 (Cb) 
OPAL-X> * QM STORAGE MODE = SINGLE
OPAL-X> * <EKIN>          = 245.000 [MeV]
OPAL-X> * <dEKIN>         = 0.000 [eV]
OPAL-X> * INTEGRATOR      = LF2
OPAL-X> * MIN R (origin)  = (     -4.44205 ,     -3.81237 ,    750.79720 ) [um]
OPAL-X> * MAX R (max ext) = (      0.00487 ,      0.00555 ,      3.73380 ) [mm]
OPAL-X> * RMS R           = (      2.12475 ,      1.84051 ,    572.98021 ) [um]
OPAL-X> * RMS P           = ( 5.337203e-10 , 4.299399e-10 , 9.568117e-13 ) [beta gamma]
OPAL-X> * Mean R          = ( 0.000000e+00 , 2.541099e-23 , 2.100833e-03 ) [m]
OPAL-X> * Mean P          = ( 6.514437e-12 , -1.572353e-11 , 4.804520e+02 ) [beta gamma]
OPAL-X> * MESH SPACING    = (      0.59386 ,      0.59696 ,     95.08318 ) [um]
OPAL-X> * COMPDOM INCR    = 1.000000e+00 (%) 
OPAL-X> * FIELD LAYOUT    = Domain = {[0:15:1],[0:15:1],[0:31:1]}
OPAL-X> Total number of boxes = 1
OPAL-X>     Box 0 {[0:15:1],[0:15:1],[0:31:1]}
OPAL-X> 
OPAL-X> * Centroid : 
OPAL-X> * 0.000000e+00 6.514437e-10 2.541099e-21 -1.572353e-09 2.100833e-01 4.804520e+04 
OPAL-X> * Cov Matrix : 
OPAL-X> * 4.514563e-12 -4.985681e-17 -7.164598e-13 4.484863e-18 4.686606e-11 -1.652178e-19 
OPAL-X> * -4.985681e-17 2.848573e-19 1.804231e-17 -3.715563e-20 -6.120926e-14 -1.609640e-23 
OPAL-X> * -7.164598e-13 1.804231e-17 3.387470e-12 -3.076314e-17 -2.647923e-10 -1.792814e-19 
OPAL-X> * 4.484863e-18 -3.715563e-20 -3.076314e-17 1.848483e-19 -4.058207e-14 -7.378586e-24 
OPAL-X> * 4.686606e-11 -6.120926e-14 -2.647923e-10 -4.058207e-14 3.283063e-07 1.219670e-16 
OPAL-X> * -1.652178e-19 -1.609640e-23 -1.792814e-19 -7.378586e-24 1.219670e-16 9.154886e-25 
OPAL-X> * * ********************************************************************************** 
OPAL-X> 
OPAL-X> 
OPAL-X> * ************** B U N C H ********************************************************* 
OPAL-X> * CONTAINER       = 1
OPAL-X> * PARTICLES       = 0
OPAL-X> * CHARGE          = -0.000000e+00 (Cb) 
OPAL-X> * QM STORAGE MODE = SINGLE
OPAL-X> * <EKIN>          = 0.000 [eV]
OPAL-X> * <dEKIN>         = 0.000 [eV]
OPAL-X> * INTEGRATOR      = LF2
OPAL-X> * MIN R (origin)  = (      0.00000 ,      0.00000 ,      0.00000 ) [um]
OPAL-X> * MAX R (max ext) = (      0.00000 ,      0.00000 ,      0.00000 ) [um]
OPAL-X> * RMS R           = (      0.00000 ,      0.00000 ,      0.00000 ) [um]
OPAL-X> * RMS P           = ( 0.000000e+00 , 0.000000e+00 , 0.000000e+00 ) [beta gamma]
OPAL-X> * Mean R          = ( 0.000000e+00 , 0.000000e+00 , 0.000000e+00 ) [m]
OPAL-X> * Mean P          = ( 0.000000e+00 , 0.000000e+00 , 0.000000e+00 ) [beta gamma]
OPAL-X> * MESH SPACING    = (      0.59386 ,      0.59696 ,     95.08318 ) [um]
OPAL-X> * COMPDOM INCR    = 1.000000e+00 (%) 
OPAL-X> * FIELD LAYOUT    = Domain = {[0:15:1],[0:15:1],[0:31:1]}
OPAL-X> Total number of boxes = 1
OPAL-X>     Box 0 {[0:15:1],[0:15:1],[0:31:1]}
OPAL-X> 
OPAL-X> * Centroid : 
OPAL-X> * 0.000000e+00 0.000000e+00 0.000000e+00 0.000000e+00 0.000000e+00 0.000000e+00 
OPAL-X> * Cov Matrix : 
OPAL-X> * 0.000000e+00 0.000000e+00 0.000000e+00 0.000000e+00 0.000000e+00 0.000000e+00 
OPAL-X> * 0.000000e+00 0.000000e+00 0.000000e+00 0.000000e+00 0.000000e+00 0.000000e+00 
OPAL-X> * 0.000000e+00 0.000000e+00 0.000000e+00 0.000000e+00 0.000000e+00 0.000000e+00 
OPAL-X> * 0.000000e+00 0.000000e+00 0.000000e+00 0.000000e+00 0.000000e+00 0.000000e+00 
OPAL-X> * 0.000000e+00 0.000000e+00 0.000000e+00 0.000000e+00 0.000000e+00 0.000000e+00 
OPAL-X> * 0.000000e+00 0.000000e+00 0.000000e+00 0.000000e+00 0.000000e+00 0.000000e+00 
OPAL-X> * * ********************************************************************************** 
OPAL-X> 
OPAL-X> 
OPAL-X> * ************** B U N C H ********************************************************* 
OPAL-X> * CONTAINER       = 2
OPAL-X> * PARTICLES       = 0
OPAL-X> * CHARGE          = 0.000000e+00 (Cb) 
OPAL-X> * QM STORAGE MODE = SINGLE
OPAL-X> * <EKIN>          = 0.000 [eV]
OPAL-X> * <dEKIN>         = 0.000 [eV]
OPAL-X> * INTEGRATOR      = LF2
OPAL-X> * MIN R (origin)  = (      0.00000 ,      0.00000 ,      0.00000 ) [um]
OPAL-X> * MAX R (max ext) = (      0.00000 ,      0.00000 ,      0.00000 ) [um]
OPAL-X> * RMS R           = (      0.00000 ,      0.00000 ,      0.00000 ) [um]
OPAL-X> * RMS P           = ( 0.000000e+00 , 0.000000e+00 , 0.000000e+00 ) [beta gamma]
OPAL-X> * Mean R          = ( 0.000000e+00 , 0.000000e+00 , 0.000000e+00 ) [m]
OPAL-X> * Mean P          = ( 0.000000e+00 , 0.000000e+00 , 0.000000e+00 ) [beta gamma]
OPAL-X> * MESH SPACING    = (      0.59386 ,      0.59696 ,     95.08318 ) [um]
OPAL-X> * COMPDOM INCR    = 1.000000e+00 (%) 
OPAL-X> * FIELD LAYOUT    = Domain = {[0:15:1],[0:15:1],[0:31:1]}
OPAL-X> Total number of boxes = 1
OPAL-X>     Box 0 {[0:15:1],[0:15:1],[0:31:1]}
OPAL-X> 
OPAL-X> * Centroid : 
OPAL-X> * 0.000000e+00 0.000000e+00 0.000000e+00 0.000000e+00 0.000000e+00 0.000000e+00 
OPAL-X> * Cov Matrix : 
OPAL-X> * 0.000000e+00 0.000000e+00 0.000000e+00 0.000000e+00 0.000000e+00 0.000000e+00 
OPAL-X> * 0.000000e+00 0.000000e+00 0.000000e+00 0.000000e+00 0.000000e+00 0.000000e+00 
OPAL-X> * 0.000000e+00 0.000000e+00 0.000000e+00 0.000000e+00 0.000000e+00 0.000000e+00 
OPAL-X> * 0.000000e+00 0.000000e+00 0.000000e+00 0.000000e+00 0.000000e+00 0.000000e+00 
OPAL-X> * 0.000000e+00 0.000000e+00 0.000000e+00 0.000000e+00 0.000000e+00 0.000000e+00 
OPAL-X> * 0.000000e+00 0.000000e+00 0.000000e+00 0.000000e+00 0.000000e+00 0.000000e+00 
OPAL-X> * * ********************************************************************************** 
OPAL-X> 
OPAL-X> * DR_UP gone live
OPAL-X> * IP1 gone live
ParallelTracker::execute[2]> Dump initial phase space done.
OPAL-X> * OrbitThreader dt_m= 1e-15
OPAL-X> * OrbitThreader maxDistance= 1
OPAL-X> * OrbitThreader #elements  = 1
OPAL-X> * OrbitThreader maxDistance= 1.79769e+308
OPAL-X> * OrbitThreader #elements  = 1
OPAL-X> 
OPAL-X> * Size of map 2 sections 
OPAL-X> * Key: (0.000000 - 0.001000) number of overlapping elements 1
OPAL-X> *                            DR_UP
OPAL-X> * Key: (0.001000 - 0.011000) number of overlapping elements 1
OPAL-X> *                            IP1
OPAL-X> 
OPAL-X> * Creating new file for data: 'data/spacecharge_drift_withness_ElementPositions.sdds'
OPAL-X> * Track start at: 17:41:19, t= 0.000 [fs]; zstart at: 0.000 [um]
OPAL-X> * Initial dt = 100.000 [fs]
OPAL-X> * Max integration steps = 1820, next step = 0
OPAL-X>                dt [ns]           zStop [m]        num Steps [1]
OPAL-X> ->         1.000000e-13        3.285010e-03                  40
OPAL-X>            1.000000e-15        3.809646e-03                1780
PartBunch::performBunchSanityChecks[2]> ========= Done performing PartBunch sanity checks... =========
ParallelTracker::execute[2]> Starting track with dt = 100.000 [fs], track steps = 0 to 40.
BB-DIAG BB-state=Inactive active_bunches=3 retired_bunches=0 witness_states=c1:active:n=0,c2:active:n=0 BB-active=FALSE source_active=TRUE source_retirement_pending=FALSE
OPAL-X> * 17:41:19 Step      0 container[0] at 29.979 [um], t= 100.000 [fs], E=245.000 [MeV]
OPAL-X> * 17:41:19 Step      1 container[0] at 59.958 [um], t= 200.000 [fs], E=245.000 [MeV]
OPAL-X> * 17:41:19 Step      2 container[0] at 89.938 [um], t= 300.000 [fs], E=245.000 [MeV]
OPAL-X> * 17:41:19 Step      3 container[0] at 119.917 [um], t= 400.000 [fs], E=245.000 [MeV]
OPAL-X> * 17:41:19 Step      4 container[0] at 149.896 [um], t= 500.000 [fs], E=245.000 [MeV]
OPAL-X> * 17:41:19 Step      5 container[0] at 179.875 [um], t= 600.000 [fs], E=245.000 [MeV]
OPAL-X> * 17:41:19 Step      6 container[0] at 209.854 [um], t= 700.000 [fs], E=245.000 [MeV]
OPAL-X> * 17:41:19 Step      7 container[0] at 239.833 [um], t= 800.000 [fs], E=245.000 [MeV]
OPAL-X> * 17:41:19 Step      8 container[0] at 269.813 [um], t= 900.000 [fs], E=245.000 [MeV]
OPAL-X> * 17:41:19 Step      9 container[0] at 299.792 [um], t= 1.000 [ps], E=245.000 [MeV]
OPAL-X> * 17:41:20 Step     10 container[0] at 329.771 [um], t= 1.100 [ps], E=245.000 [MeV]
OPAL-X> * 17:41:20 Step     11 container[0] at 359.750 [um], t= 1.200 [ps], E=245.000 [MeV]
OPAL-X> * 17:41:20 Step     12 container[0] at 389.729 [um], t= 1.300 [ps], E=245.000 [MeV]
OPAL-X> * 17:41:20 Step     13 container[0] at 419.709 [um], t= 1.400 [ps], E=245.000 [MeV]
OPAL-X[2]> Entering BeamBeam window: interaction_point_s=0.006 m, s_range=(0.001, 0.011) m, length=0.010 m, aperture_half_width=(0.001, 0.001) m, witness_containers=(1,2), retire_time=0.000 s, copy_time=NONE
BB-DIAG BB-state=Active active_bunches=3 retired_bunches=0 witness_states=c1:active:n=0,c2:active:n=0 BB-active=TRUE
OPAL-X> * 17:41:20 Step     14 container[0] at 449.688 [um], t= 1.500 [ps], E=245.000 [MeV]
OPAL-X> * 17:41:20 Step     15 container[0] at 479.667 [um], t= 1.600 [ps], E=245.000 [MeV]
OPAL-X> * 17:41:20 Step     16 container[0] at 509.646 [um], t= 1.700 [ps], E=245.000 [MeV]
OPAL-X> * 17:41:20 Step     17 container[0] at 539.625 [um], t= 1.800 [ps], E=245.000 [MeV]
OPAL-X> * 17:41:20 Step     18 container[0] at 569.604 [um], t= 1.900 [ps], E=245.000 [MeV]
OPAL-X> * 17:41:20 Step     19 container[0] at 599.584 [um], t= 2.000 [ps], E=245.000 [MeV]
OPAL-X> * 17:41:20 Step     20 container[0] at 629.563 [um], t= 2.100 [ps], E=245.000 [MeV]
OPAL-X> * 17:41:20 Step     21 container[0] at 659.542 [um], t= 2.200 [ps], E=245.000 [MeV]
OPAL-X> * 17:41:20 Step     22 container[0] at 689.521 [um], t= 2.300 [ps], E=245.000 [MeV]
OPAL-X> * 17:41:20 Step     23 container[0] at 719.500 [um], t= 2.400 [ps], E=245.000 [MeV]
OPAL-X> * 17:41:20 Step     24 container[0] at 749.480 [um], t= 2.500 [ps], E=245.000 [MeV]
OPAL-X> * 17:41:20 Step     25 container[0] at 779.459 [um], t= 2.600 [ps], E=245.000 [MeV]
OPAL-X> * 17:41:20 Step     26 container[0] at 809.438 [um], t= 2.700 [ps], E=245.000 [MeV]
OPAL-X> * 17:41:20 Step     27 container[0] at 839.417 [um], t= 2.800 [ps], E=245.000 [MeV]
OPAL-X> * 17:41:20 Step     28 container[0] at 869.396 [um], t= 2.900 [ps], E=245.000 [MeV]
OPAL-X> * 17:41:20 Step     29 container[0] at 899.375 [um], t= 3.000 [ps], E=245.000 [MeV]
OPAL-X> * 17:41:20 Step     30 container[0] at 929.355 [um], t= 3.100 [ps], E=245.000 [MeV]
OPAL-X> * 17:41:20 Step     31 container[0] at 959.334 [um], t= 3.200 [ps], E=245.000 [MeV]
OPAL-X> * 17:41:20 Step     32 container[0] at 989.313 [um], t= 3.300 [ps], E=245.000 [MeV]
OPAL-X> * 17:41:20 Step     33 container[0] at 1.019 [mm], t= 3.400 [ps], E=245.000 [MeV]
OPAL-X> * 17:41:20 Step     34 container[0] at 1.049 [mm], t= 3.500 [ps], E=245.000 [MeV]
OPAL-X> * 17:41:20 Step     35 container[0] at 1.079 [mm], t= 3.600 [ps], E=245.000 [MeV]
OPAL-X> * 17:41:20 Step     36 container[0] at 1.109 [mm], t= 3.700 [ps], E=245.000 [MeV]
OPAL-X> * 17:41:20 Step     37 container[0] at 1.139 [mm], t= 3.800 [ps], E=245.000 [MeV]
OPAL-X> * 17:41:20 Step     38 container[0] at 1.169 [mm], t= 3.900 [ps], E=245.000 [MeV]
OPAL-X> * 17:41:20 Step     39 container[0] at 1.199 [mm], t= 4.000 [ps], E=245.000 [MeV]
ParallelTracker::execute[2]> Starting track with dt = 1.000 [fs], track steps = 40 to 1820.
FromFile::generateParticles> FromFile: Loaded 6 particles from file 'track12_electrons.fromfile'
FromFile::generateParticles> Rank 0: 6 local particles
FromFile::generateParticles> FromFile: Loaded 6 particles from file 'track12_positrons.fromfile'
FromFile::generateParticles> Rank 0: 6 local particles
BB-DIAG BB-state=Active active_bunches=3 retired_bunches=0 witness_states=c1:active:n=6,c2:active:n=6
OPAL-X> * 17:41:20 Step     40 container[0] at 1.199 [mm], t= 4.001 [ps], E=245.000 [MeV]
OPAL-X> * 17:41:20 Step     40 container[1] at 0.002 [um], t= 4.001 [ps], E=510.999 [keV]
OPAL-X> * 17:41:20 Step     40 container[2] at 0.002 [um], t= 4.001 [ps], E=510.999 [keV]
OPAL-X> * 17:41:20 Step     41 container[0] at 1.200 [mm], t= 4.002 [ps], E=245.000 [MeV]
OPAL-X> * 17:41:20 Step     41 container[1] at 0.002 [um], t= 4.002 [ps], E=510.999 [keV]
OPAL-X> * 17:41:20 Step     41 container[2] at 0.002 [um], t= 4.002 [ps], E=510.999 [keV]
OPAL-X> * 17:41:20 Step     42 container[0] at 1.200 [mm], t= 4.003 [ps], E=245.000 [MeV]
OPAL-X> * 17:41:20 Step     42 container[1] at 0.002 [um], t= 4.003 [ps], E=510.999 [keV]
OPAL-X> * 17:41:20 Step     42 container[2] at 0.002 [um], t= 4.003 [ps], E=510.999 [keV]
OPAL-X> * 17:41:20 Step     43 container[0] at 1.200 [mm], t= 4.004 [ps], E=245.000 [MeV]
OPAL-X> * 17:41:20 Step     43 container[1] at 0.002 [um], t= 4.004 [ps], E=510.999 [keV]
OPAL-X> * 17:41:20 Step     43 container[2] at 0.002 [um], t= 4.004 [ps], E=510.999 [keV]
OPAL-X> * 17:41:20 Step     44 container[0] at 1.201 [mm], t= 4.005 [ps], E=245.000 [MeV]
OPAL-X> * 17:41:20 Step     44 container[1] at 0.002 [um], t= 4.005 [ps], E=510.999 [keV]
OPAL-X> * 17:41:20 Step     44 container[2] at 0.002 [um], t= 4.005 [ps], E=510.999 [keV]
OPAL-X> * 17:41:20 Step     45 container[0] at 1.201 [mm], t= 4.006 [ps], E=245.000 [MeV]
OPAL-X> * 17:41:20 Step     45 container[1] at 0.002 [um], t= 4.006 [ps], E=510.999 [keV]
OPAL-X> * 17:41:20 Step     45 container[2] at 0.002 [um], t= 4.006 [ps], E=510.999 [keV]
OPAL-X> * 17:41:20 Step     46 container[0] at 1.201 [mm], t= 4.007 [ps], E=245.000 [MeV]
OPAL-X> * 17:41:20 Step     46 container[1] at 0.002 [um], t= 4.007 [ps], E=510.999 [keV]
OPAL-X> * 17:41:20 Step     46 container[2] at 0.002 [um], t= 4.007 [ps], E=510.999 [keV]
OPAL-X> * 17:41:20 Step     47 container[0] at 1.202 [mm], t= 4.008 [ps], E=245.000 [MeV]
OPAL-X> * 17:41:20 Step     47 container[1] at 0.002 [um], t= 4.008 [ps], E=510.999 [keV]
OPAL-X> * 17:41:20 Step     47 container[2] at 0.002 [um], t= 4.008 [ps], E=510.999 [keV]
OPAL-X> * 17:41:20 Step     48 container[0] at 1.202 [mm], t= 4.009 [ps], E=245.000 [MeV]
OPAL-X> * 17:41:20 Step     48 container[1] at 0.002 [um], t= 4.009 [ps], E=510.999 [keV]
OPAL-X> * 17:41:20 Step     48 container[2] at 0.002 [um], t= 4.009 [ps], E=510.999 [keV]
OPAL-X> * 17:41:20 Step     49 container[0] at 1.202 [mm], t= 4.010 [ps], E=245.000 [MeV]
OPAL-X> * 17:41:20 Step     49 container[1] at 0.002 [um], t= 4.010 [ps], E=510.999 [keV]
OPAL-X> * 17:41:20 Step     49 container[2] at 0.002 [um], t= 4.010 [ps], E=510.999 [keV]
OPAL-X> * 17:41:20 Step     50 container[0] at 1.202 [mm], t= 4.011 [ps], E=245.000 [MeV]
OPAL-X> * 17:41:20 Step     50 container[1] at 0.002 [um], t= 4.011 [ps], E=510.999 [keV]
OPAL-X> * 17:41:20 Step     50 container[2] at 0.002 [um], t= 4.011 [ps], E=510.999 [keV]
OPAL-X> * 17:41:20 Step     51 container[0] at 1.203 [mm], t= 4.012 [ps], E=245.000 [MeV]
OPAL-X> * 17:41:20 Step     51 container[1] at 0.002 [um], t= 4.012 [ps], E=510.999 [keV]
OPAL-X> * 17:41:20 Step     51 container[2] at 0.002 [um], t= 4.012 [ps], E=510.999 [keV]
OPAL-X> * 17:41:20 Step     52 container[0] at 1.203 [mm], t= 4.013 [ps], E=245.000 [MeV]
OPAL-X> * 17:41:20 Step     52 container[1] at 0.002 [um], t= 4.013 [ps], E=510.999 [keV]
OPAL-X> * 17:41:20 Step     52 container[2] at 0.002 [um], t= 4.013 [ps], E=510.999 [keV]
OPAL-X> * 17:41:20 Step     53 container[0] at 1.203 [mm], t= 4.014 [ps], E=245.000 [MeV]
OPAL-X> * 17:41:20 Step     53 container[1] at 0.002 [um], t= 4.014 [ps], E=510.999 [keV]
OPAL-X> * 17:41:20 Step     53 container[2] at 0.002 [um], t= 4.014 [ps], E=510.999 [keV]
OPAL-X> * 17:41:20 Step     54 container[0] at 1.204 [mm], t= 4.015 [ps], E=245.000 [MeV]
OPAL-X> * 17:41:20 Step     54 container[1] at 0.002 [um], t= 4.015 [ps], E=510.999 [keV]
OPAL-X> * 17:41:20 Step     54 container[2] at 0.002 [um], t= 4.015 [ps], E=510.999 [keV]
OPAL-X> * 17:41:20 Step     55 container[0] at 1.204 [mm], t= 4.016 [ps], E=245.000 [MeV]
OPAL-X> * 17:41:20 Step     55 container[1] at 0.002 [um], t= 4.016 [ps], E=510.999 [keV]
OPAL-X> * 17:41:20 Step     55 container[2] at 0.002 [um], t= 4.016 [ps], E=510.999 [keV]
OPAL-X> * 17:41:20 Step     56 container[0] at 1.204 [mm], t= 4.017 [ps], E=245.000 [MeV]
OPAL-X> * 17:41:20 Step     56 container[1] at 0.002 [um], t= 4.017 [ps], E=510.999 [keV]
OPAL-X> * 17:41:20 Step     56 container[2] at 0.002 [um], t= 4.017 [ps], E=510.999 [keV]
OPAL-X> * 17:41:20 Step     57 container[0] at 1.205 [mm], t= 4.018 [ps], E=245.000 [MeV]
OPAL-X> * 17:41:20 Step     57 container[1] at 0.002 [um], t= 4.018 [ps], E=510.999 [keV]
OPAL-X> * 17:41:20 Step     57 container[2] at 0.002 [um], t= 4.018 [ps], E=510.999 [keV]
OPAL-X> * 17:41:21 Step     58 container[0] at 1.205 [mm], t= 4.019 [ps], E=245.000 [MeV]
OPAL-X> * 17:41:21 Step     58 container[1] at 0.002 [um], t= 4.019 [ps], E=510.999 [keV]
OPAL-X> * 17:41:21 Step     58 container[2] at 0.002 [um], t= 4.019 [ps], E=510.999 [keV]
OPAL-X> * 17:41:21 Step     59 container[0] at 1.205 [mm], t= 4.020 [ps], E=245.000 [MeV]
OPAL-X> * 17:41:21 Step     59 container[1] at 0.002 [um], t= 4.020 [ps], E=510.999 [keV]
OPAL-X> * 17:41:21 Step     59 container[2] at 0.002 [um], t= 4.020 [ps], E=510.999 [keV]
OPAL-X> * 17:41:21 Step     60 container[0] at 1.205 [mm], t= 4.021 [ps], E=245.000 [MeV]
OPAL-X> * 17:41:21 Step     60 container[1] at 0.002 [um], t= 4.021 [ps], E=510.999 [keV]
OPAL-X> * 17:41:21 Step     60 container[2] at 0.002 [um], t= 4.021 [ps], E=510.999 [keV]
OPAL-X> * 17:41:21 Step     61 container[0] at 1.206 [mm], t= 4.022 [ps], E=245.000 [MeV]
OPAL-X> * 17:41:21 Step     61 container[1] at 0.002 [um], t= 4.022 [ps], E=510.999 [keV]
OPAL-X> * 17:41:21 Step     61 container[2] at 0.002 [um], t= 4.022 [ps], E=510.999 [keV]
OPAL-X> * 17:41:21 Step     62 container[0] at 1.206 [mm], t= 4.023 [ps], E=245.000 [MeV]
OPAL-X> * 17:41:21 Step     62 container[1] at 0.002 [um], t= 4.023 [ps], E=510.999 [keV]
OPAL-X> * 17:41:21 Step     62 container[2] at 0.002 [um], t= 4.023 [ps], E=510.999 [keV]
OPAL-X> * 17:41:21 Step     63 container[0] at 1.206 [mm], t= 4.024 [ps], E=245.000 [MeV]
OPAL-X> * 17:41:21 Step     63 container[1] at 0.002 [um], t= 4.024 [ps], E=510.999 [keV]
OPAL-X> * 17:41:21 Step     63 container[2] at 0.002 [um], t= 4.024 [ps], E=510.999 [keV]
OPAL-X> * 17:41:21 Step     64 container[0] at 1.207 [mm], t= 4.025 [ps], E=245.000 [MeV]
OPAL-X> * 17:41:21 Step     64 container[1] at 0.002 [um], t= 4.025 [ps], E=510.999 [keV]
OPAL-X> * 17:41:21 Step     64 container[2] at 0.002 [um], t= 4.025 [ps], E=510.999 [keV]
OPAL-X> * 17:41:21 Step     65 container[0] at 1.207 [mm], t= 4.026 [ps], E=245.000 [MeV]
OPAL-X> * 17:41:21 Step     65 container[1] at 0.002 [um], t= 4.026 [ps], E=510.999 [keV]
OPAL-X> * 17:41:21 Step     65 container[2] at 0.002 [um], t= 4.026 [ps], E=510.999 [keV]
OPAL-X> * 17:41:21 Step     66 container[0] at 1.207 [mm], t= 4.027 [ps], E=245.000 [MeV]
OPAL-X> * 17:41:21 Step     66 container[1] at 0.002 [um], t= 4.027 [ps], E=510.999 [keV]
OPAL-X> * 17:41:21 Step     66 container[2] at 0.002 [um], t= 4.027 [ps], E=510.999 [keV]
OPAL-X> * 17:41:21 Step     67 container[0] at 1.208 [mm], t= 4.028 [ps], E=245.000 [MeV]
OPAL-X> * 17:41:21 Step     67 container[1] at 0.002 [um], t= 4.028 [ps], E=510.999 [keV]
OPAL-X> * 17:41:21 Step     67 container[2] at 0.002 [um], t= 4.028 [ps], E=510.999 [keV]
OPAL-X> * 17:41:21 Step     68 container[0] at 1.208 [mm], t= 4.029 [ps], E=245.000 [MeV]
OPAL-X> * 17:41:21 Step     68 container[1] at 0.002 [um], t= 4.029 [ps], E=510.999 [keV]
OPAL-X> * 17:41:21 Step     68 container[2] at 0.002 [um], t= 4.029 [ps], E=510.999 [keV]
OPAL-X> * 17:41:21 Step     69 container[0] at 1.208 [mm], t= 4.030 [ps], E=245.000 [MeV]
OPAL-X> * 17:41:21 Step     69 container[1] at 0.002 [um], t= 4.030 [ps], E=510.999 [keV]
OPAL-X> * 17:41:21 Step     69 container[2] at 0.002 [um], t= 4.030 [ps], E=510.999 [keV]
OPAL-X> * 17:41:21 Step     70 container[0] at 1.208 [mm], t= 4.031 [ps], E=245.000 [MeV]
OPAL-X> * 17:41:21 Step     70 container[1] at 0.002 [um], t= 4.031 [ps], E=510.999 [keV]
OPAL-X> * 17:41:21 Step     70 container[2] at 0.002 [um], t= 4.031 [ps], E=510.999 [keV]
OPAL-X> * 17:41:21 Step     71 container[0] at 1.209 [mm], t= 4.032 [ps], E=245.000 [MeV]
OPAL-X> * 17:41:21 Step     71 container[1] at 0.002 [um], t= 4.032 [ps], E=510.999 [keV]
OPAL-X> * 17:41:21 Step     71 container[2] at 0.002 [um], t= 4.032 [ps], E=510.999 [keV]
OPAL-X> * 17:41:21 Step     72 container[0] at 1.209 [mm], t= 4.033 [ps], E=245.000 [MeV]
OPAL-X> * 17:41:21 Step     72 container[1] at 0.002 [um], t= 4.033 [ps], E=510.999 [keV]
OPAL-X> * 17:41:21 Step     72 container[2] at 0.002 [um], t= 4.033 [ps], E=510.999 [keV]
OPAL-X> * 17:41:21 Step     73 container[0] at 1.209 [mm], t= 4.034 [ps], E=245.000 [MeV]
OPAL-X> * 17:41:21 Step     73 container[1] at 0.002 [um], t= 4.034 [ps], E=510.999 [keV]
OPAL-X> * 17:41:21 Step     73 container[2] at 0.002 [um], t= 4.034 [ps], E=510.999 [keV]
OPAL-X> * 17:41:21 Step     74 container[0] at 1.210 [mm], t= 4.035 [ps], E=245.000 [MeV]
OPAL-X> * 17:41:21 Step     74 container[1] at 0.002 [um], t= 4.035 [ps], E=510.999 [keV]
OPAL-X> * 17:41:21 Step     74 container[2] at 0.002 [um], t= 4.035 [ps], E=510.999 [keV]
OPAL-X> * 17:41:21 Step     75 container[0] at 1.210 [mm], t= 4.036 [ps], E=245.000 [MeV]
OPAL-X> * 17:41:21 Step     75 container[1] at 0.002 [um], t= 4.036 [ps], E=510.999 [keV]
OPAL-X> * 17:41:21 Step     75 container[2] at 0.002 [um], t= 4.036 [ps], E=510.999 [keV]
OPAL-X> * 17:41:21 Step     76 container[0] at 1.210 [mm], t= 4.037 [ps], E=245.000 [MeV]
OPAL-X> * 17:41:21 Step     76 container[1] at 0.002 [um], t= 4.037 [ps], E=510.999 [keV]
OPAL-X> * 17:41:21 Step     76 container[2] at 0.002 [um], t= 4.037 [ps], E=510.999 [keV]
OPAL-X> * 17:41:21 Step     77 container[0] at 1.211 [mm], t= 4.038 [ps], E=245.000 [MeV]
OPAL-X> * 17:41:21 Step     77 container[1] at 0.002 [um], t= 4.038 [ps], E=510.999 [keV]
OPAL-X> * 17:41:21 Step     77 container[2] at 0.002 [um], t= 4.038 [ps], E=510.999 [keV]
OPAL-X> * 17:41:21 Step     78 container[0] at 1.211 [mm], t= 4.039 [ps], E=245.000 [MeV]
OPAL-X> * 17:41:21 Step     78 container[1] at 0.002 [um], t= 4.039 [ps], E=510.999 [keV]
OPAL-X> * 17:41:21 Step     78 container[2] at 0.002 [um], t= 4.039 [ps], E=510.999 [keV]
OPAL-X> * 17:41:21 Step     79 container[0] at 1.211 [mm], t= 4.040 [ps], E=245.000 [MeV]
OPAL-X> * 17:41:21 Step     79 container[1] at 0.002 [um], t= 4.040 [ps], E=510.999 [keV]
OPAL-X> * 17:41:21 Step     79 container[2] at 0.002 [um], t= 4.040 [ps], E=510.999 [keV]
OPAL-X> * 17:41:21 Step     80 container[0] at 1.211 [mm], t= 4.041 [ps], E=245.000 [MeV]
OPAL-X> * 17:41:21 Step     80 container[1] at 0.002 [um], t= 4.041 [ps], E=510.999 [keV]
OPAL-X> * 17:41:21 Step     80 container[2] at 0.002 [um], t= 4.041 [ps], E=510.999 [keV]
OPAL-X> * 17:41:21 Step     81 container[0] at 1.212 [mm], t= 4.042 [ps], E=245.000 [MeV]
OPAL-X> * 17:41:21 Step     81 container[1] at 0.002 [um], t= 4.042 [ps], E=510.999 [keV]
OPAL-X> * 17:41:21 Step     81 container[2] at 0.002 [um], t= 4.042 [ps], E=510.999 [keV]
OPAL-X> * 17:41:21 Step     82 container[0] at 1.212 [mm], t= 4.043 [ps], E=245.000 [MeV]
OPAL-X> * 17:41:21 Step     82 container[1] at 0.002 [um], t= 4.043 [ps], E=510.999 [keV]
OPAL-X> * 17:41:21 Step     82 container[2] at 0.002 [um], t= 4.043 [ps], E=510.999 [keV]
OPAL-X> * 17:41:21 Step     83 container[0] at 1.212 [mm], t= 4.044 [ps], E=245.000 [MeV]
OPAL-X> * 17:41:21 Step     83 container[1] at 0.002 [um], t= 4.044 [ps], E=510.999 [keV]
OPAL-X> * 17:41:21 Step     83 container[2] at 0.002 [um], t= 4.044 [ps], E=510.999 [keV]
OPAL-X> * 17:41:21 Step     84 container[0] at 1.213 [mm], t= 4.045 [ps], E=245.000 [MeV]
OPAL-X> * 17:41:21 Step     84 container[1] at 0.002 [um], t= 4.045 [ps], E=510.999 [keV]
OPAL-X> * 17:41:21 Step     84 container[2] at 0.002 [um], t= 4.045 [ps], E=510.999 [keV]
OPAL-X> * 17:41:21 Step     85 container[0] at 1.213 [mm], t= 4.046 [ps], E=245.000 [MeV]
OPAL-X> * 17:41:21 Step     85 container[1] at 0.002 [um], t= 4.046 [ps], E=510.999 [keV]
OPAL-X> * 17:41:21 Step     85 container[2] at 0.002 [um], t= 4.046 [ps], E=510.999 [keV]
OPAL-X> * 17:41:21 Step     86 container[0] at 1.213 [mm], t= 4.047 [ps], E=245.000 [MeV]
OPAL-X> * 17:41:21 Step     86 container[1] at 0.002 [um], t= 4.047 [ps], E=510.999 [keV]
OPAL-X> * 17:41:21 Step     86 container[2] at 0.002 [um], t= 4.047 [ps], E=510.999 [keV]
OPAL-X> * 17:41:21 Step     87 container[0] at 1.214 [mm], t= 4.048 [ps], E=245.000 [MeV]
OPAL-X> * 17:41:21 Step     87 container[1] at 0.002 [um], t= 4.048 [ps], E=510.999 [keV]
OPAL-X> * 17:41:21 Step     87 container[2] at 0.002 [um], t= 4.048 [ps], E=510.999 [keV]
OPAL-X> * 17:41:21 Step     88 container[0] at 1.214 [mm], t= 4.049 [ps], E=245.000 [MeV]
OPAL-X> * 17:41:21 Step     88 container[1] at 0.002 [um], t= 4.049 [ps], E=510.999 [keV]
OPAL-X> * 17:41:21 Step     88 container[2] at 0.002 [um], t= 4.049 [ps], E=510.999 [keV]
OPAL-X> * 17:41:21 Step     89 container[0] at 1.214 [mm], t= 4.050 [ps], E=245.000 [MeV]
OPAL-X> * 17:41:21 Step     89 container[1] at 0.002 [um], t= 4.050 [ps], E=510.999 [keV]
OPAL-X> * 17:41:21 Step     89 container[2] at 0.002 [um], t= 4.050 [ps], E=510.999 [keV]
OPAL-X> * 17:41:21 Step     90 container[0] at 1.214 [mm], t= 4.051 [ps], E=245.000 [MeV]
OPAL-X> * 17:41:21 Step     90 container[1] at 0.002 [um], t= 4.051 [ps], E=510.999 [keV]
OPAL-X> * 17:41:21 Step     90 container[2] at 0.002 [um], t= 4.051 [ps], E=510.999 [keV]
OPAL-X> * 17:41:21 Step     91 container[0] at 1.215 [mm], t= 4.052 [ps], E=245.000 [MeV]
OPAL-X> * 17:41:21 Step     91 container[1] at 0.002 [um], t= 4.052 [ps], E=510.999 [keV]
OPAL-X> * 17:41:21 Step     91 container[2] at 0.002 [um], t= 4.052 [ps], E=510.999 [keV]
OPAL-X> * 17:41:21 Step     92 container[0] at 1.215 [mm], t= 4.053 [ps], E=245.000 [MeV]
OPAL-X> * 17:41:21 Step     92 container[1] at 0.002 [um], t= 4.053 [ps], E=510.999 [keV]
OPAL-X> * 17:41:21 Step     92 container[2] at 0.002 [um], t= 4.053 [ps], E=510.999 [keV]
OPAL-X> * 17:41:21 Step     93 container[0] at 1.215 [mm], t= 4.054 [ps], E=245.000 [MeV]
OPAL-X> * 17:41:21 Step     93 container[1] at 0.002 [um], t= 4.054 [ps], E=510.999 [keV]
OPAL-X> * 17:41:21 Step     93 container[2] at 0.002 [um], t= 4.054 [ps], E=510.999 [keV]
OPAL-X> * 17:41:21 Step     94 container[0] at 1.216 [mm], t= 4.055 [ps], E=245.000 [MeV]
OPAL-X> * 17:41:21 Step     94 container[1] at 0.002 [um], t= 4.055 [ps], E=510.999 [keV]
OPAL-X> * 17:41:21 Step     94 container[2] at 0.002 [um], t= 4.055 [ps], E=510.999 [keV]
OPAL-X> * 17:41:21 Step     95 container[0] at 1.216 [mm], t= 4.056 [ps], E=245.000 [MeV]
OPAL-X> * 17:41:21 Step     95 container[1] at 0.002 [um], t= 4.056 [ps], E=510.999 [keV]
OPAL-X> * 17:41:21 Step     95 container[2] at 0.002 [um], t= 4.056 [ps], E=510.999 [keV]
OPAL-X> * 17:41:21 Step     96 container[0] at 1.216 [mm], t= 4.057 [ps], E=245.000 [MeV]
OPAL-X> * 17:41:21 Step     96 container[1] at 0.002 [um], t= 4.057 [ps], E=510.999 [keV]
OPAL-X> * 17:41:21 Step     96 container[2] at 0.002 [um], t= 4.057 [ps], E=510.999 [keV]
OPAL-X> * 17:41:21 Step     97 container[0] at 1.217 [mm], t= 4.058 [ps], E=245.000 [MeV]
OPAL-X> * 17:41:21 Step     97 container[1] at 0.002 [um], t= 4.058 [ps], E=510.999 [keV]
OPAL-X> * 17:41:21 Step     97 container[2] at 0.002 [um], t= 4.058 [ps], E=510.999 [keV]
OPAL-X> * 17:41:21 Step     98 container[0] at 1.217 [mm], t= 4.059 [ps], E=245.000 [MeV]
OPAL-X> * 17:41:21 Step     98 container[1] at 0.002 [um], t= 4.059 [ps], E=510.999 [keV]
OPAL-X> * 17:41:21 Step     98 container[2] at 0.002 [um], t= 4.059 [ps], E=510.999 [keV]
OPAL-X> * 17:41:21 Step     99 container[0] at 1.217 [mm], t= 4.060 [ps], E=245.000 [MeV]
OPAL-X> * 17:41:21 Step     99 container[1] at 0.002 [um], t= 4.060 [ps], E=510.999 [keV]
OPAL-X> * 17:41:21 Step     99 container[2] at 0.002 [um], t= 4.060 [ps], E=510.999 [keV]
OPAL-X> * 17:41:21 Step    100 container[0] at 1.217 [mm], t= 4.061 [ps], E=245.000 [MeV]
OPAL-X> * 17:41:21 Step    100 container[1] at 0.002 [um], t= 4.061 [ps], E=510.999 [keV]
OPAL-X> * 17:41:21 Step    100 container[2] at 0.002 [um], t= 4.061 [ps], E=510.999 [keV]
OPAL-X> * 17:41:21 Step    101 container[0] at 1.218 [mm], t= 4.062 [ps], E=245.000 [MeV]
OPAL-X> * 17:41:21 Step    101 container[1] at 0.002 [um], t= 4.062 [ps], E=510.999 [keV]
OPAL-X> * 17:41:21 Step    101 container[2] at 0.002 [um], t= 4.062 [ps], E=510.999 [keV]
OPAL-X> * 17:41:21 Step    102 container[0] at 1.218 [mm], t= 4.063 [ps], E=245.000 [MeV]
OPAL-X> * 17:41:21 Step    102 container[1] at 0.002 [um], t= 4.063 [ps], E=510.999 [keV]
OPAL-X> * 17:41:21 Step    102 container[2] at 0.002 [um], t= 4.063 [ps], E=510.999 [keV]
OPAL-X> * 17:41:21 Step    103 container[0] at 1.218 [mm], t= 4.064 [ps], E=245.000 [MeV]
OPAL-X> * 17:41:21 Step    103 container[1] at 0.002 [um], t= 4.064 [ps], E=510.999 [keV]
OPAL-X> * 17:41:21 Step    103 container[2] at 0.002 [um], t= 4.064 [ps], E=510.999 [keV]
OPAL-X> * 17:41:21 Step    104 container[0] at 1.219 [mm], t= 4.065 [ps], E=245.000 [MeV]
OPAL-X> * 17:41:21 Step    104 container[1] at 0.002 [um], t= 4.065 [ps], E=510.999 [keV]
OPAL-X> * 17:41:21 Step    104 container[2] at 0.002 [um], t= 4.065 [ps], E=510.999 [keV]
OPAL-X> * 17:41:21 Step    105 container[0] at 1.219 [mm], t= 4.066 [ps], E=245.000 [MeV]
OPAL-X> * 17:41:21 Step    105 container[1] at 0.002 [um], t= 4.066 [ps], E=510.999 [keV]
OPAL-X> * 17:41:21 Step    105 container[2] at 0.002 [um], t= 4.066 [ps], E=510.999 [keV]
OPAL-X> * 17:41:22 Step    106 container[0] at 1.219 [mm], t= 4.067 [ps], E=245.000 [MeV]
OPAL-X> * 17:41:22 Step    106 container[1] at 0.002 [um], t= 4.067 [ps], E=510.999 [keV]
OPAL-X> * 17:41:22 Step    106 container[2] at 0.002 [um], t= 4.067 [ps], E=510.999 [keV]
OPAL-X> * 17:41:22 Step    107 container[0] at 1.220 [mm], t= 4.068 [ps], E=245.000 [MeV]
OPAL-X> * 17:41:22 Step    107 container[1] at 0.002 [um], t= 4.068 [ps], E=510.999 [keV]
OPAL-X> * 17:41:22 Step    107 container[2] at 0.002 [um], t= 4.068 [ps], E=510.999 [keV]
OPAL-X> * 17:41:22 Step    108 container[0] at 1.220 [mm], t= 4.069 [ps], E=245.000 [MeV]
OPAL-X> * 17:41:22 Step    108 container[1] at 0.002 [um], t= 4.069 [ps], E=510.999 [keV]
OPAL-X> * 17:41:22 Step    108 container[2] at 0.002 [um], t= 4.069 [ps], E=510.999 [keV]
OPAL-X> * 17:41:22 Step    109 container[0] at 1.220 [mm], t= 4.070 [ps], E=245.000 [MeV]
OPAL-X> * 17:41:22 Step    109 container[1] at 0.002 [um], t= 4.070 [ps], E=510.999 [keV]
OPAL-X> * 17:41:22 Step    109 container[2] at 0.002 [um], t= 4.070 [ps], E=510.999 [keV]
OPAL-X> * 17:41:22 Step    110 container[0] at 1.220 [mm], t= 4.071 [ps], E=245.000 [MeV]
OPAL-X> * 17:41:22 Step    110 container[1] at 0.002 [um], t= 4.071 [ps], E=510.999 [keV]
OPAL-X> * 17:41:22 Step    110 container[2] at 0.002 [um], t= 4.071 [ps], E=510.999 [keV]
OPAL-X> * 17:41:22 Step    111 container[0] at 1.221 [mm], t= 4.072 [ps], E=245.000 [MeV]
OPAL-X> * 17:41:22 Step    111 container[1] at 0.002 [um], t= 4.072 [ps], E=510.999 [keV]
OPAL-X> * 17:41:22 Step    111 container[2] at 0.002 [um], t= 4.072 [ps], E=510.999 [keV]
OPAL-X> * 17:41:22 Step    112 container[0] at 1.221 [mm], t= 4.073 [ps], E=245.000 [MeV]
OPAL-X> * 17:41:22 Step    112 container[1] at 0.002 [um], t= 4.073 [ps], E=510.999 [keV]
OPAL-X> * 17:41:22 Step    112 container[2] at 0.002 [um], t= 4.073 [ps], E=510.999 [keV]
OPAL-X> * 17:41:22 Step    113 container[0] at 1.221 [mm], t= 4.074 [ps], E=245.000 [MeV]
OPAL-X> * 17:41:22 Step    113 container[1] at 0.002 [um], t= 4.074 [ps], E=510.999 [keV]
OPAL-X> * 17:41:22 Step    113 container[2] at 0.002 [um], t= 4.074 [ps], E=510.999 [keV]
OPAL-X> * 17:41:22 Step    114 container[0] at 1.222 [mm], t= 4.075 [ps], E=245.000 [MeV]
OPAL-X> * 17:41:22 Step    114 container[1] at 0.002 [um], t= 4.075 [ps], E=510.999 [keV]
OPAL-X> * 17:41:22 Step    114 container[2] at 0.002 [um], t= 4.075 [ps], E=510.999 [keV]
OPAL-X> * 17:41:22 Step    115 container[0] at 1.222 [mm], t= 4.076 [ps], E=245.000 [MeV]
OPAL-X> * 17:41:22 Step    115 container[1] at 0.002 [um], t= 4.076 [ps], E=510.999 [keV]
OPAL-X> * 17:41:22 Step    115 container[2] at 0.002 [um], t= 4.076 [ps], E=510.999 [keV]
OPAL-X> * 17:41:22 Step    116 container[0] at 1.222 [mm], t= 4.077 [ps], E=245.000 [MeV]
OPAL-X> * 17:41:22 Step    116 container[1] at 0.002 [um], t= 4.077 [ps], E=510.999 [keV]
OPAL-X> * 17:41:22 Step    116 container[2] at 0.002 [um], t= 4.077 [ps], E=510.999 [keV]
OPAL-X> * 17:41:22 Step    117 container[0] at 1.223 [mm], t= 4.078 [ps], E=245.000 [MeV]
OPAL-X> * 17:41:22 Step    117 container[1] at 0.002 [um], t= 4.078 [ps], E=510.999 [keV]
OPAL-X> * 17:41:22 Step    117 container[2] at 0.002 [um], t= 4.078 [ps], E=510.999 [keV]
OPAL-X> * 17:41:22 Step    118 container[0] at 1.223 [mm], t= 4.079 [ps], E=245.000 [MeV]
OPAL-X> * 17:41:22 Step    118 container[1] at 0.002 [um], t= 4.079 [ps], E=510.999 [keV]
OPAL-X> * 17:41:22 Step    118 container[2] at 0.002 [um], t= 4.079 [ps], E=510.999 [keV]
OPAL-X> * 17:41:22 Step    119 container[0] at 1.223 [mm], t= 4.080 [ps], E=245.000 [MeV]
OPAL-X> * 17:41:22 Step    119 container[1] at 0.002 [um], t= 4.080 [ps], E=510.999 [keV]
OPAL-X> * 17:41:22 Step    119 container[2] at 0.002 [um], t= 4.080 [ps], E=510.999 [keV]
OPAL-X> * 17:41:22 Step    120 container[0] at 1.223 [mm], t= 4.081 [ps], E=245.000 [MeV]
OPAL-X> * 17:41:22 Step    120 container[1] at 0.002 [um], t= 4.081 [ps], E=510.999 [keV]
OPAL-X> * 17:41:22 Step    120 container[2] at 0.002 [um], t= 4.081 [ps], E=510.999 [keV]
OPAL-X> * 17:41:22 Step    121 container[0] at 1.224 [mm], t= 4.082 [ps], E=245.000 [MeV]
OPAL-X> * 17:41:22 Step    121 container[1] at 0.002 [um], t= 4.082 [ps], E=510.999 [keV]
OPAL-X> * 17:41:22 Step    121 container[2] at 0.002 [um], t= 4.082 [ps], E=510.999 [keV]
OPAL-X> * 17:41:22 Step    122 container[0] at 1.224 [mm], t= 4.083 [ps], E=245.000 [MeV]
OPAL-X> * 17:41:22 Step    122 container[1] at 0.002 [um], t= 4.083 [ps], E=510.999 [keV]
OPAL-X> * 17:41:22 Step    122 container[2] at 0.002 [um], t= 4.083 [ps], E=510.999 [keV]
OPAL-X> * 17:41:22 Step    123 container[0] at 1.224 [mm], t= 4.084 [ps], E=245.000 [MeV]
OPAL-X> * 17:41:22 Step    123 container[1] at 0.002 [um], t= 4.084 [ps], E=510.999 [keV]
OPAL-X> * 17:41:22 Step    123 container[2] at 0.002 [um], t= 4.084 [ps], E=510.999 [keV]
OPAL-X> * 17:41:22 Step    124 container[0] at 1.225 [mm], t= 4.085 [ps], E=245.000 [MeV]
OPAL-X> * 17:41:22 Step    124 container[1] at 0.002 [um], t= 4.085 [ps], E=510.999 [keV]
OPAL-X> * 17:41:22 Step    124 container[2] at 0.002 [um], t= 4.085 [ps], E=510.999 [keV]
OPAL-X> * 17:41:22 Step    125 container[0] at 1.225 [mm], t= 4.086 [ps], E=245.000 [MeV]
OPAL-X> * 17:41:22 Step    125 container[1] at 0.002 [um], t= 4.086 [ps], E=510.999 [keV]
OPAL-X> * 17:41:22 Step    125 container[2] at 0.002 [um], t= 4.086 [ps], E=510.999 [keV]
OPAL-X> * 17:41:22 Step    126 container[0] at 1.225 [mm], t= 4.087 [ps], E=245.000 [MeV]
OPAL-X> * 17:41:22 Step    126 container[1] at 0.002 [um], t= 4.087 [ps], E=510.999 [keV]
OPAL-X> * 17:41:22 Step    126 container[2] at 0.002 [um], t= 4.087 [ps], E=510.999 [keV]
OPAL-X> * 17:41:22 Step    127 container[0] at 1.226 [mm], t= 4.088 [ps], E=245.000 [MeV]
OPAL-X> * 17:41:22 Step    127 container[1] at 0.002 [um], t= 4.088 [ps], E=510.999 [keV]
OPAL-X> * 17:41:22 Step    127 container[2] at 0.002 [um], t= 4.088 [ps], E=510.999 [keV]
OPAL-X> * 17:41:22 Step    128 container[0] at 1.226 [mm], t= 4.089 [ps], E=245.000 [MeV]
OPAL-X> * 17:41:22 Step    128 container[1] at 0.002 [um], t= 4.089 [ps], E=510.999 [keV]
OPAL-X> * 17:41:22 Step    128 container[2] at 0.002 [um], t= 4.089 [ps], E=510.999 [keV]
OPAL-X> * 17:41:22 Step    129 container[0] at 1.226 [mm], t= 4.090 [ps], E=245.000 [MeV]
OPAL-X> * 17:41:22 Step    129 container[1] at 0.002 [um], t= 4.090 [ps], E=510.999 [keV]
OPAL-X> * 17:41:22 Step    129 container[2] at 0.002 [um], t= 4.090 [ps], E=510.999 [keV]
OPAL-X> * 17:41:22 Step    130 container[0] at 1.226 [mm], t= 4.091 [ps], E=245.000 [MeV]
OPAL-X> * 17:41:22 Step    130 container[1] at 0.002 [um], t= 4.091 [ps], E=510.999 [keV]
OPAL-X> * 17:41:22 Step    130 container[2] at 0.002 [um], t= 4.091 [ps], E=510.999 [keV]
OPAL-X> * 17:41:22 Step    131 container[0] at 1.227 [mm], t= 4.092 [ps], E=245.000 [MeV]
OPAL-X> * 17:41:22 Step    131 container[1] at 0.002 [um], t= 4.092 [ps], E=510.999 [keV]
OPAL-X> * 17:41:22 Step    131 container[2] at 0.002 [um], t= 4.092 [ps], E=510.999 [keV]
OPAL-X> * 17:41:22 Step    132 container[0] at 1.227 [mm], t= 4.093 [ps], E=245.000 [MeV]
OPAL-X> * 17:41:22 Step    132 container[1] at 0.002 [um], t= 4.093 [ps], E=510.999 [keV]
OPAL-X> * 17:41:22 Step    132 container[2] at 0.002 [um], t= 4.093 [ps], E=510.999 [keV]
OPAL-X> * 17:41:22 Step    133 container[0] at 1.227 [mm], t= 4.094 [ps], E=245.000 [MeV]
OPAL-X> * 17:41:22 Step    133 container[1] at 0.002 [um], t= 4.094 [ps], E=510.999 [keV]
OPAL-X> * 17:41:22 Step    133 container[2] at 0.002 [um], t= 4.094 [ps], E=510.999 [keV]
OPAL-X> * 17:41:22 Step    134 container[0] at 1.228 [mm], t= 4.095 [ps], E=245.000 [MeV]
OPAL-X> * 17:41:22 Step    134 container[1] at 0.002 [um], t= 4.095 [ps], E=510.999 [keV]
OPAL-X> * 17:41:22 Step    134 container[2] at 0.002 [um], t= 4.095 [ps], E=510.999 [keV]
OPAL-X> * 17:41:22 Step    135 container[0] at 1.228 [mm], t= 4.096 [ps], E=245.000 [MeV]
OPAL-X> * 17:41:22 Step    135 container[1] at 0.002 [um], t= 4.096 [ps], E=510.999 [keV]
OPAL-X> * 17:41:22 Step    135 container[2] at 0.002 [um], t= 4.096 [ps], E=510.999 [keV]
OPAL-X> * 17:41:22 Step    136 container[0] at 1.228 [mm], t= 4.097 [ps], E=245.000 [MeV]
OPAL-X> * 17:41:22 Step    136 container[1] at 0.002 [um], t= 4.097 [ps], E=510.999 [keV]
OPAL-X> * 17:41:22 Step    136 container[2] at 0.002 [um], t= 4.097 [ps], E=510.999 [keV]
OPAL-X> * 17:41:22 Step    137 container[0] at 1.229 [mm], t= 4.098 [ps], E=245.000 [MeV]
OPAL-X> * 17:41:22 Step    137 container[1] at 0.002 [um], t= 4.098 [ps], E=510.999 [keV]
OPAL-X> * 17:41:22 Step    137 container[2] at 0.002 [um], t= 4.098 [ps], E=510.999 [keV]
OPAL-X> * 17:41:22 Step    138 container[0] at 1.229 [mm], t= 4.099 [ps], E=245.000 [MeV]
OPAL-X> * 17:41:22 Step    138 container[1] at 0.002 [um], t= 4.099 [ps], E=510.999 [keV]
OPAL-X> * 17:41:22 Step    138 container[2] at 0.002 [um], t= 4.099 [ps], E=510.999 [keV]
OPAL-X> * 17:41:22 Step    139 container[0] at 1.229 [mm], t= 4.100 [ps], E=245.000 [MeV]
OPAL-X> * 17:41:22 Step    139 container[1] at 0.002 [um], t= 4.100 [ps], E=510.999 [keV]
OPAL-X> * 17:41:22 Step    139 container[2] at 0.002 [um], t= 4.100 [ps], E=510.999 [keV]
OPAL-X> * 17:41:22 Step    140 container[0] at 1.229 [mm], t= 4.101 [ps], E=245.000 [MeV]
OPAL-X> * 17:41:22 Step    140 container[1] at 0.002 [um], t= 4.101 [ps], E=510.999 [keV]
OPAL-X> * 17:41:22 Step    140 container[2] at 0.002 [um], t= 4.101 [ps], E=510.999 [keV]
OPAL-X> * 17:41:22 Step    141 container[0] at 1.230 [mm], t= 4.102 [ps], E=245.000 [MeV]
OPAL-X> * 17:41:22 Step    141 container[1] at 0.002 [um], t= 4.102 [ps], E=510.999 [keV]
OPAL-X> * 17:41:22 Step    141 container[2] at 0.002 [um], t= 4.102 [ps], E=510.999 [keV]
OPAL-X> * 17:41:22 Step    142 container[0] at 1.230 [mm], t= 4.103 [ps], E=245.000 [MeV]
OPAL-X> * 17:41:22 Step    142 container[1] at 0.002 [um], t= 4.103 [ps], E=510.999 [keV]
OPAL-X> * 17:41:22 Step    142 container[2] at 0.002 [um], t= 4.103 [ps], E=510.999 [keV]
OPAL-X> * 17:41:22 Step    143 container[0] at 1.230 [mm], t= 4.104 [ps], E=245.000 [MeV]
OPAL-X> * 17:41:22 Step    143 container[1] at 0.002 [um], t= 4.104 [ps], E=510.999 [keV]
OPAL-X> * 17:41:22 Step    143 container[2] at 0.002 [um], t= 4.104 [ps], E=510.999 [keV]
OPAL-X> * 17:41:22 Step    144 container[0] at 1.231 [mm], t= 4.105 [ps], E=245.000 [MeV]
OPAL-X> * 17:41:22 Step    144 container[1] at 0.002 [um], t= 4.105 [ps], E=510.999 [keV]
OPAL-X> * 17:41:22 Step    144 container[2] at 0.002 [um], t= 4.105 [ps], E=510.999 [keV]
OPAL-X> * 17:41:22 Step    145 container[0] at 1.231 [mm], t= 4.106 [ps], E=245.000 [MeV]
OPAL-X> * 17:41:22 Step    145 container[1] at 0.002 [um], t= 4.106 [ps], E=510.999 [keV]
OPAL-X> * 17:41:22 Step    145 container[2] at 0.002 [um], t= 4.106 [ps], E=510.999 [keV]
OPAL-X> * 17:41:22 Step    146 container[0] at 1.231 [mm], t= 4.107 [ps], E=245.000 [MeV]
OPAL-X> * 17:41:22 Step    146 container[1] at 0.002 [um], t= 4.107 [ps], E=510.999 [keV]
OPAL-X> * 17:41:22 Step    146 container[2] at 0.002 [um], t= 4.107 [ps], E=510.999 [keV]
OPAL-X> * 17:41:22 Step    147 container[0] at 1.232 [mm], t= 4.108 [ps], E=245.000 [MeV]
OPAL-X> * 17:41:22 Step    147 container[1] at 0.002 [um], t= 4.108 [ps], E=510.999 [keV]
OPAL-X> * 17:41:22 Step    147 container[2] at 0.002 [um], t= 4.108 [ps], E=510.999 [keV]
OPAL-X> * 17:41:22 Step    148 container[0] at 1.232 [mm], t= 4.109 [ps], E=245.000 [MeV]
OPAL-X> * 17:41:22 Step    148 container[1] at 0.002 [um], t= 4.109 [ps], E=510.999 [keV]
OPAL-X> * 17:41:22 Step    148 container[2] at 0.002 [um], t= 4.109 [ps], E=510.999 [keV]
OPAL-X> * 17:41:22 Step    149 container[0] at 1.232 [mm], t= 4.110 [ps], E=245.000 [MeV]
OPAL-X> * 17:41:22 Step    149 container[1] at 0.002 [um], t= 4.110 [ps], E=510.999 [keV]
OPAL-X> * 17:41:22 Step    149 container[2] at 0.002 [um], t= 4.110 [ps], E=510.999 [keV]
OPAL-X> * 17:41:23 Step    150 container[0] at 1.232 [mm], t= 4.111 [ps], E=245.000 [MeV]
OPAL-X> * 17:41:23 Step    150 container[1] at 0.002 [um], t= 4.111 [ps], E=510.999 [keV]
OPAL-X> * 17:41:23 Step    150 container[2] at 0.002 [um], t= 4.111 [ps], E=510.999 [keV]
OPAL-X> * 17:41:23 Step    151 container[0] at 1.233 [mm], t= 4.112 [ps], E=245.000 [MeV]
OPAL-X> * 17:41:23 Step    151 container[1] at 0.002 [um], t= 4.112 [ps], E=510.999 [keV]
OPAL-X> * 17:41:23 Step    151 container[2] at 0.002 [um], t= 4.112 [ps], E=510.999 [keV]
OPAL-X> * 17:41:23 Step    152 container[0] at 1.233 [mm], t= 4.113 [ps], E=245.000 [MeV]
OPAL-X> * 17:41:23 Step    152 container[1] at 0.002 [um], t= 4.113 [ps], E=510.999 [keV]
OPAL-X> * 17:41:23 Step    152 container[2] at 0.002 [um], t= 4.113 [ps], E=510.999 [keV]
OPAL-X> * 17:41:23 Step    153 container[0] at 1.233 [mm], t= 4.114 [ps], E=245.000 [MeV]
OPAL-X> * 17:41:23 Step    153 container[1] at 0.002 [um], t= 4.114 [ps], E=510.999 [keV]
OPAL-X> * 17:41:23 Step    153 container[2] at 0.002 [um], t= 4.114 [ps], E=510.999 [keV]
OPAL-X> * 17:41:23 Step    154 container[0] at 1.234 [mm], t= 4.115 [ps], E=245.000 [MeV]
OPAL-X> * 17:41:23 Step    154 container[1] at 0.002 [um], t= 4.115 [ps], E=510.999 [keV]
OPAL-X> * 17:41:23 Step    154 container[2] at 0.002 [um], t= 4.115 [ps], E=510.999 [keV]
OPAL-X> * 17:41:23 Step    155 container[0] at 1.234 [mm], t= 4.116 [ps], E=245.000 [MeV]
OPAL-X> * 17:41:23 Step    155 container[1] at 0.002 [um], t= 4.116 [ps], E=510.999 [keV]
OPAL-X> * 17:41:23 Step    155 container[2] at 0.002 [um], t= 4.116 [ps], E=510.999 [keV]
OPAL-X> * 17:41:23 Step    156 container[0] at 1.234 [mm], t= 4.117 [ps], E=245.000 [MeV]
OPAL-X> * 17:41:23 Step    156 container[1] at 0.002 [um], t= 4.117 [ps], E=510.999 [keV]
OPAL-X> * 17:41:23 Step    156 container[2] at 0.002 [um], t= 4.117 [ps], E=510.999 [keV]
OPAL-X> * 17:41:23 Step    157 container[0] at 1.235 [mm], t= 4.118 [ps], E=245.000 [MeV]
OPAL-X> * 17:41:23 Step    157 container[1] at 0.002 [um], t= 4.118 [ps], E=510.999 [keV]
OPAL-X> * 17:41:23 Step    157 container[2] at 0.002 [um], t= 4.118 [ps], E=510.999 [keV]
OPAL-X> * 17:41:23 Step    158 container[0] at 1.235 [mm], t= 4.119 [ps], E=245.000 [MeV]
OPAL-X> * 17:41:23 Step    158 container[1] at 0.002 [um], t= 4.119 [ps], E=510.999 [keV]
OPAL-X> * 17:41:23 Step    158 container[2] at 0.002 [um], t= 4.119 [ps], E=510.999 [keV]
OPAL-X> * 17:41:23 Step    159 container[0] at 1.235 [mm], t= 4.120 [ps], E=245.000 [MeV]
OPAL-X> * 17:41:23 Step    159 container[1] at 0.002 [um], t= 4.120 [ps], E=510.999 [keV]
OPAL-X> * 17:41:23 Step    159 container[2] at 0.002 [um], t= 4.120 [ps], E=510.999 [keV]
OPAL-X> * 17:41:23 Step    160 container[0] at 1.235 [mm], t= 4.121 [ps], E=245.000 [MeV]
OPAL-X> * 17:41:23 Step    160 container[1] at 0.002 [um], t= 4.121 [ps], E=510.999 [keV]
OPAL-X> * 17:41:23 Step    160 container[2] at 0.002 [um], t= 4.121 [ps], E=510.999 [keV]
OPAL-X> * 17:41:23 Step    161 container[0] at 1.236 [mm], t= 4.122 [ps], E=245.000 [MeV]
OPAL-X> * 17:41:23 Step    161 container[1] at 0.002 [um], t= 4.122 [ps], E=510.999 [keV]
OPAL-X> * 17:41:23 Step    161 container[2] at 0.002 [um], t= 4.122 [ps], E=510.999 [keV]
OPAL-X> * 17:41:23 Step    162 container[0] at 1.236 [mm], t= 4.123 [ps], E=245.000 [MeV]
OPAL-X> * 17:41:23 Step    162 container[1] at 0.002 [um], t= 4.123 [ps], E=510.999 [keV]
OPAL-X> * 17:41:23 Step    162 container[2] at 0.002 [um], t= 4.123 [ps], E=510.999 [keV]
OPAL-X> * 17:41:23 Step    163 container[0] at 1.236 [mm], t= 4.124 [ps], E=245.000 [MeV]
OPAL-X> * 17:41:23 Step    163 container[1] at 0.002 [um], t= 4.124 [ps], E=510.999 [keV]
OPAL-X> * 17:41:23 Step    163 container[2] at 0.002 [um], t= 4.124 [ps], E=510.999 [keV]
OPAL-X> * 17:41:23 Step    164 container[0] at 1.237 [mm], t= 4.125 [ps], E=245.000 [MeV]
OPAL-X> * 17:41:23 Step    164 container[1] at 0.002 [um], t= 4.125 [ps], E=510.999 [keV]
OPAL-X> * 17:41:23 Step    164 container[2] at 0.002 [um], t= 4.125 [ps], E=510.999 [keV]
OPAL-X> * 17:41:23 Step    165 container[0] at 1.237 [mm], t= 4.126 [ps], E=245.000 [MeV]
OPAL-X> * 17:41:23 Step    165 container[1] at 0.002 [um], t= 4.126 [ps], E=510.999 [keV]
OPAL-X> * 17:41:23 Step    165 container[2] at 0.002 [um], t= 4.126 [ps], E=510.999 [keV]
OPAL-X> * 17:41:23 Step    166 container[0] at 1.237 [mm], t= 4.127 [ps], E=245.000 [MeV]
OPAL-X> * 17:41:23 Step    166 container[1] at 0.002 [um], t= 4.127 [ps], E=510.999 [keV]
OPAL-X> * 17:41:23 Step    166 container[2] at 0.002 [um], t= 4.127 [ps], E=510.999 [keV]
OPAL-X> * 17:41:23 Step    167 container[0] at 1.238 [mm], t= 4.128 [ps], E=245.000 [MeV]
OPAL-X> * 17:41:23 Step    167 container[1] at 0.002 [um], t= 4.128 [ps], E=510.999 [keV]
OPAL-X> * 17:41:23 Step    167 container[2] at 0.002 [um], t= 4.128 [ps], E=510.999 [keV]
OPAL-X> * 17:41:23 Step    168 container[0] at 1.238 [mm], t= 4.129 [ps], E=245.000 [MeV]
OPAL-X> * 17:41:23 Step    168 container[1] at 0.002 [um], t= 4.129 [ps], E=510.999 [keV]
OPAL-X> * 17:41:23 Step    168 container[2] at 0.002 [um], t= 4.129 [ps], E=510.999 [keV]
OPAL-X> * 17:41:23 Step    169 container[0] at 1.238 [mm], t= 4.130 [ps], E=245.000 [MeV]
OPAL-X> * 17:41:23 Step    169 container[1] at 0.002 [um], t= 4.130 [ps], E=510.999 [keV]
OPAL-X> * 17:41:23 Step    169 container[2] at 0.002 [um], t= 4.130 [ps], E=510.999 [keV]
OPAL-X> * 17:41:23 Step    170 container[0] at 1.238 [mm], t= 4.131 [ps], E=245.000 [MeV]
OPAL-X> * 17:41:23 Step    170 container[1] at 0.002 [um], t= 4.131 [ps], E=510.999 [keV]
OPAL-X> * 17:41:23 Step    170 container[2] at 0.002 [um], t= 4.131 [ps], E=510.999 [keV]
OPAL-X> * 17:41:23 Step    171 container[0] at 1.239 [mm], t= 4.132 [ps], E=245.000 [MeV]
OPAL-X> * 17:41:23 Step    171 container[1] at 0.002 [um], t= 4.132 [ps], E=510.999 [keV]
OPAL-X> * 17:41:23 Step    171 container[2] at 0.002 [um], t= 4.132 [ps], E=510.999 [keV]
OPAL-X> * 17:41:23 Step    172 container[0] at 1.239 [mm], t= 4.133 [ps], E=245.000 [MeV]
OPAL-X> * 17:41:23 Step    172 container[1] at 0.002 [um], t= 4.133 [ps], E=510.999 [keV]
OPAL-X> * 17:41:23 Step    172 container[2] at 0.002 [um], t= 4.133 [ps], E=510.999 [keV]
OPAL-X> * 17:41:23 Step    173 container[0] at 1.239 [mm], t= 4.134 [ps], E=245.000 [MeV]
OPAL-X> * 17:41:23 Step    173 container[1] at 0.002 [um], t= 4.134 [ps], E=510.999 [keV]
OPAL-X> * 17:41:23 Step    173 container[2] at 0.002 [um], t= 4.134 [ps], E=510.999 [keV]
OPAL-X> * 17:41:23 Step    174 container[0] at 1.240 [mm], t= 4.135 [ps], E=245.000 [MeV]
OPAL-X> * 17:41:23 Step    174 container[1] at 0.002 [um], t= 4.135 [ps], E=510.999 [keV]
OPAL-X> * 17:41:23 Step    174 container[2] at 0.002 [um], t= 4.135 [ps], E=510.999 [keV]
OPAL-X> * 17:41:23 Step    175 container[0] at 1.240 [mm], t= 4.136 [ps], E=245.000 [MeV]
OPAL-X> * 17:41:23 Step    175 container[1] at 0.002 [um], t= 4.136 [ps], E=510.999 [keV]
OPAL-X> * 17:41:23 Step    175 container[2] at 0.002 [um], t= 4.136 [ps], E=510.999 [keV]
OPAL-X> * 17:41:23 Step    176 container[0] at 1.240 [mm], t= 4.137 [ps], E=245.000 [MeV]
OPAL-X> * 17:41:23 Step    176 container[1] at 0.002 [um], t= 4.137 [ps], E=510.999 [keV]
OPAL-X> * 17:41:23 Step    176 container[2] at 0.002 [um], t= 4.137 [ps], E=510.999 [keV]
OPAL-X> * 17:41:23 Step    177 container[0] at 1.241 [mm], t= 4.138 [ps], E=245.000 [MeV]
OPAL-X> * 17:41:23 Step    177 container[1] at 0.002 [um], t= 4.138 [ps], E=510.999 [keV]
OPAL-X> * 17:41:23 Step    177 container[2] at 0.002 [um], t= 4.138 [ps], E=510.999 [keV]
OPAL-X> * 17:41:23 Step    178 container[0] at 1.241 [mm], t= 4.139 [ps], E=245.000 [MeV]
OPAL-X> * 17:41:23 Step    178 container[1] at 0.002 [um], t= 4.139 [ps], E=510.999 [keV]
OPAL-X> * 17:41:23 Step    178 container[2] at 0.002 [um], t= 4.139 [ps], E=510.999 [keV]
OPAL-X> * 17:41:23 Step    179 container[0] at 1.241 [mm], t= 4.140 [ps], E=245.000 [MeV]
OPAL-X> * 17:41:23 Step    179 container[1] at 0.002 [um], t= 4.140 [ps], E=510.999 [keV]
OPAL-X> * 17:41:23 Step    179 container[2] at 0.002 [um], t= 4.140 [ps], E=510.999 [keV]
OPAL-X> * 17:41:23 Step    180 container[0] at 1.241 [mm], t= 4.141 [ps], E=245.000 [MeV]
OPAL-X> * 17:41:23 Step    180 container[1] at 0.002 [um], t= 4.141 [ps], E=510.999 [keV]
OPAL-X> * 17:41:23 Step    180 container[2] at 0.002 [um], t= 4.141 [ps], E=510.999 [keV]
OPAL-X> * 17:41:23 Step    181 container[0] at 1.242 [mm], t= 4.142 [ps], E=245.000 [MeV]
OPAL-X> * 17:41:23 Step    181 container[1] at 0.002 [um], t= 4.142 [ps], E=510.999 [keV]
OPAL-X> * 17:41:23 Step    181 container[2] at 0.002 [um], t= 4.142 [ps], E=510.999 [keV]
OPAL-X> * 17:41:23 Step    182 container[0] at 1.242 [mm], t= 4.143 [ps], E=245.000 [MeV]
OPAL-X> * 17:41:23 Step    182 container[1] at 0.002 [um], t= 4.143 [ps], E=510.999 [keV]
OPAL-X> * 17:41:23 Step    182 container[2] at 0.002 [um], t= 4.143 [ps], E=510.999 [keV]
OPAL-X> * 17:41:23 Step    183 container[0] at 1.242 [mm], t= 4.144 [ps], E=245.000 [MeV]
OPAL-X> * 17:41:23 Step    183 container[1] at 0.002 [um], t= 4.144 [ps], E=510.999 [keV]
OPAL-X> * 17:41:23 Step    183 container[2] at 0.002 [um], t= 4.144 [ps], E=510.999 [keV]
OPAL-X> * 17:41:23 Step    184 container[0] at 1.243 [mm], t= 4.145 [ps], E=245.000 [MeV]
OPAL-X> * 17:41:23 Step    184 container[1] at 0.002 [um], t= 4.145 [ps], E=510.999 [keV]
OPAL-X> * 17:41:23 Step    184 container[2] at 0.002 [um], t= 4.145 [ps], E=510.999 [keV]
OPAL-X> * 17:41:23 Step    185 container[0] at 1.243 [mm], t= 4.146 [ps], E=245.000 [MeV]
OPAL-X> * 17:41:23 Step    185 container[1] at 0.002 [um], t= 4.146 [ps], E=510.999 [keV]
OPAL-X> * 17:41:23 Step    185 container[2] at 0.002 [um], t= 4.146 [ps], E=510.999 [keV]
OPAL-X> * 17:41:23 Step    186 container[0] at 1.243 [mm], t= 4.147 [ps], E=245.000 [MeV]
OPAL-X> * 17:41:23 Step    186 container[1] at 0.002 [um], t= 4.147 [ps], E=510.999 [keV]
OPAL-X> * 17:41:23 Step    186 container[2] at 0.002 [um], t= 4.147 [ps], E=510.999 [keV]
OPAL-X> * 17:41:23 Step    187 container[0] at 1.244 [mm], t= 4.148 [ps], E=245.000 [MeV]
OPAL-X> * 17:41:23 Step    187 container[1] at 0.002 [um], t= 4.148 [ps], E=510.999 [keV]
OPAL-X> * 17:41:23 Step    187 container[2] at 0.002 [um], t= 4.148 [ps], E=510.999 [keV]
OPAL-X> * 17:41:23 Step    188 container[0] at 1.244 [mm], t= 4.149 [ps], E=245.000 [MeV]
OPAL-X> * 17:41:23 Step    188 container[1] at 0.002 [um], t= 4.149 [ps], E=510.999 [keV]
OPAL-X> * 17:41:23 Step    188 container[2] at 0.002 [um], t= 4.149 [ps], E=510.999 [keV]
OPAL-X> * 17:41:23 Step    189 container[0] at 1.244 [mm], t= 4.150 [ps], E=245.000 [MeV]
OPAL-X> * 17:41:23 Step    189 container[1] at 0.002 [um], t= 4.150 [ps], E=510.999 [keV]
OPAL-X> * 17:41:23 Step    189 container[2] at 0.002 [um], t= 4.150 [ps], E=510.999 [keV]
OPAL-X> * 17:41:23 Step    190 container[0] at 1.244 [mm], t= 4.151 [ps], E=245.000 [MeV]
OPAL-X> * 17:41:23 Step    190 container[1] at 0.002 [um], t= 4.151 [ps], E=510.999 [keV]
OPAL-X> * 17:41:23 Step    190 container[2] at 0.002 [um], t= 4.151 [ps], E=510.999 [keV]
OPAL-X> * 17:41:23 Step    191 container[0] at 1.245 [mm], t= 4.152 [ps], E=245.000 [MeV]
OPAL-X> * 17:41:23 Step    191 container[1] at 0.002 [um], t= 4.152 [ps], E=510.999 [keV]
OPAL-X> * 17:41:23 Step    191 container[2] at 0.002 [um], t= 4.152 [ps], E=510.999 [keV]
OPAL-X> * 17:41:23 Step    192 container[0] at 1.245 [mm], t= 4.153 [ps], E=245.000 [MeV]
OPAL-X> * 17:41:23 Step    192 container[1] at 0.002 [um], t= 4.153 [ps], E=510.999 [keV]
OPAL-X> * 17:41:23 Step    192 container[2] at 0.002 [um], t= 4.153 [ps], E=510.999 [keV]
OPAL-X> * 17:41:23 Step    193 container[0] at 1.245 [mm], t= 4.154 [ps], E=245.000 [MeV]
OPAL-X> * 17:41:23 Step    193 container[1] at 0.002 [um], t= 4.154 [ps], E=510.999 [keV]
OPAL-X> * 17:41:23 Step    193 container[2] at 0.002 [um], t= 4.154 [ps], E=510.999 [keV]
OPAL-X> * 17:41:23 Step    194 container[0] at 1.246 [mm], t= 4.155 [ps], E=245.000 [MeV]
OPAL-X> * 17:41:23 Step    194 container[1] at 0.002 [um], t= 4.155 [ps], E=510.999 [keV]
OPAL-X> * 17:41:23 Step    194 container[2] at 0.002 [um], t= 4.155 [ps], E=510.999 [keV]
OPAL-X> * 17:41:24 Step    195 container[0] at 1.246 [mm], t= 4.156 [ps], E=245.000 [MeV]
OPAL-X> * 17:41:24 Step    195 container[1] at 0.002 [um], t= 4.156 [ps], E=510.999 [keV]
OPAL-X> * 17:41:24 Step    195 container[2] at 0.002 [um], t= 4.156 [ps], E=510.999 [keV]
OPAL-X> * 17:41:24 Step    196 container[0] at 1.246 [mm], t= 4.157 [ps], E=245.000 [MeV]
OPAL-X> * 17:41:24 Step    196 container[1] at 0.002 [um], t= 4.157 [ps], E=510.999 [keV]
OPAL-X> * 17:41:24 Step    196 container[2] at 0.002 [um], t= 4.157 [ps], E=510.999 [keV]
OPAL-X> * 17:41:24 Step    197 container[0] at 1.247 [mm], t= 4.158 [ps], E=245.000 [MeV]
OPAL-X> * 17:41:24 Step    197 container[1] at 0.002 [um], t= 4.158 [ps], E=510.999 [keV]
OPAL-X> * 17:41:24 Step    197 container[2] at 0.002 [um], t= 4.158 [ps], E=510.999 [keV]
OPAL-X> * 17:41:24 Step    198 container[0] at 1.247 [mm], t= 4.159 [ps], E=245.000 [MeV]
OPAL-X> * 17:41:24 Step    198 container[1] at 0.002 [um], t= 4.159 [ps], E=510.999 [keV]
OPAL-X> * 17:41:24 Step    198 container[2] at 0.002 [um], t= 4.159 [ps], E=510.999 [keV]
OPAL-X> * 17:41:24 Step    199 container[0] at 1.247 [mm], t= 4.160 [ps], E=245.000 [MeV]
OPAL-X> * 17:41:24 Step    199 container[1] at 0.002 [um], t= 4.160 [ps], E=510.999 [keV]
OPAL-X> * 17:41:24 Step    199 container[2] at 0.002 [um], t= 4.160 [ps], E=510.999 [keV]
OPAL-X> * 17:41:24 Step    200 container[0] at 1.247 [mm], t= 4.161 [ps], E=245.000 [MeV]
OPAL-X> * 17:41:24 Step    200 container[1] at 0.002 [um], t= 4.161 [ps], E=510.999 [keV]
OPAL-X> * 17:41:24 Step    200 container[2] at 0.002 [um], t= 4.161 [ps], E=510.999 [keV]
OPAL-X> * 17:41:24 Step    201 container[0] at 1.248 [mm], t= 4.162 [ps], E=245.000 [MeV]
OPAL-X> * 17:41:24 Step    201 container[1] at 0.002 [um], t= 4.162 [ps], E=510.999 [keV]
OPAL-X> * 17:41:24 Step    201 container[2] at 0.002 [um], t= 4.162 [ps], E=510.999 [keV]
OPAL-X> * 17:41:24 Step    202 container[0] at 1.248 [mm], t= 4.163 [ps], E=245.000 [MeV]
OPAL-X> * 17:41:24 Step    202 container[1] at 0.002 [um], t= 4.163 [ps], E=510.999 [keV]
OPAL-X> * 17:41:24 Step    202 container[2] at 0.002 [um], t= 4.163 [ps], E=510.999 [keV]
OPAL-X> * 17:41:24 Step    203 container[0] at 1.248 [mm], t= 4.164 [ps], E=245.000 [MeV]
OPAL-X> * 17:41:24 Step    203 container[1] at 0.002 [um], t= 4.164 [ps], E=510.999 [keV]
OPAL-X> * 17:41:24 Step    203 container[2] at 0.002 [um], t= 4.164 [ps], E=510.999 [keV]
OPAL-X> * 17:41:24 Step    204 container[0] at 1.249 [mm], t= 4.165 [ps], E=245.000 [MeV]
OPAL-X> * 17:41:24 Step    204 container[1] at 0.002 [um], t= 4.165 [ps], E=510.999 [keV]
OPAL-X> * 17:41:24 Step    204 container[2] at 0.002 [um], t= 4.165 [ps], E=510.999 [keV]
OPAL-X> * 17:41:24 Step    205 container[0] at 1.249 [mm], t= 4.166 [ps], E=245.000 [MeV]
OPAL-X> * 17:41:24 Step    205 container[1] at 0.002 [um], t= 4.166 [ps], E=510.999 [keV]
OPAL-X> * 17:41:24 Step    205 container[2] at 0.002 [um], t= 4.166 [ps], E=510.999 [keV]
OPAL-X> * 17:41:24 Step    206 container[0] at 1.249 [mm], t= 4.167 [ps], E=245.000 [MeV]
OPAL-X> * 17:41:24 Step    206 container[1] at 0.002 [um], t= 4.167 [ps], E=510.999 [keV]
OPAL-X> * 17:41:24 Step    206 container[2] at 0.002 [um], t= 4.167 [ps], E=510.999 [keV]
OPAL-X> * 17:41:24 Step    207 container[0] at 1.250 [mm], t= 4.168 [ps], E=245.000 [MeV]
OPAL-X> * 17:41:24 Step    207 container[1] at 0.002 [um], t= 4.168 [ps], E=510.999 [keV]
OPAL-X> * 17:41:24 Step    207 container[2] at 0.002 [um], t= 4.168 [ps], E=510.999 [keV]
OPAL-X> * 17:41:24 Step    208 container[0] at 1.250 [mm], t= 4.169 [ps], E=245.000 [MeV]
OPAL-X> * 17:41:24 Step    208 container[1] at 0.002 [um], t= 4.169 [ps], E=510.999 [keV]
OPAL-X> * 17:41:24 Step    208 container[2] at 0.002 [um], t= 4.169 [ps], E=510.999 [keV]
OPAL-X> * 17:41:24 Step    209 container[0] at 1.250 [mm], t= 4.170 [ps], E=245.000 [MeV]
OPAL-X> * 17:41:24 Step    209 container[1] at 0.002 [um], t= 4.170 [ps], E=510.999 [keV]
OPAL-X> * 17:41:24 Step    209 container[2] at 0.002 [um], t= 4.170 [ps], E=510.999 [keV]
OPAL-X> * 17:41:24 Step    210 container[0] at 1.250 [mm], t= 4.171 [ps], E=245.000 [MeV]
OPAL-X> * 17:41:24 Step    210 container[1] at 0.002 [um], t= 4.171 [ps], E=510.999 [keV]
OPAL-X> * 17:41:24 Step    210 container[2] at 0.002 [um], t= 4.171 [ps], E=510.999 [keV]
OPAL-X> * 17:41:24 Step    211 container[0] at 1.251 [mm], t= 4.172 [ps], E=245.000 [MeV]
OPAL-X> * 17:41:24 Step    211 container[1] at 0.002 [um], t= 4.172 [ps], E=510.999 [keV]
OPAL-X> * 17:41:24 Step    211 container[2] at 0.002 [um], t= 4.172 [ps], E=510.999 [keV]
OPAL-X> * 17:41:24 Step    212 container[0] at 1.251 [mm], t= 4.173 [ps], E=245.000 [MeV]
OPAL-X> * 17:41:24 Step    212 container[1] at 0.002 [um], t= 4.173 [ps], E=510.999 [keV]
OPAL-X> * 17:41:24 Step    212 container[2] at 0.002 [um], t= 4.173 [ps], E=510.999 [keV]
OPAL-X> * 17:41:24 Step    213 container[0] at 1.251 [mm], t= 4.174 [ps], E=245.000 [MeV]
OPAL-X> * 17:41:24 Step    213 container[1] at 0.002 [um], t= 4.174 [ps], E=510.999 [keV]
OPAL-X> * 17:41:24 Step    213 container[2] at 0.002 [um], t= 4.174 [ps], E=510.999 [keV]
OPAL-X> * 17:41:24 Step    214 container[0] at 1.252 [mm], t= 4.175 [ps], E=245.000 [MeV]
OPAL-X> * 17:41:24 Step    214 container[1] at 0.002 [um], t= 4.175 [ps], E=510.999 [keV]
OPAL-X> * 17:41:24 Step    214 container[2] at 0.002 [um], t= 4.175 [ps], E=510.999 [keV]
OPAL-X> * 17:41:24 Step    215 container[0] at 1.252 [mm], t= 4.176 [ps], E=245.000 [MeV]
OPAL-X> * 17:41:24 Step    215 container[1] at 0.002 [um], t= 4.176 [ps], E=510.999 [keV]
OPAL-X> * 17:41:24 Step    215 container[2] at 0.002 [um], t= 4.176 [ps], E=510.999 [keV]
OPAL-X> * 17:41:24 Step    216 container[0] at 1.252 [mm], t= 4.177 [ps], E=245.000 [MeV]
OPAL-X> * 17:41:24 Step    216 container[1] at 0.002 [um], t= 4.177 [ps], E=510.999 [keV]
OPAL-X> * 17:41:24 Step    216 container[2] at 0.002 [um], t= 4.177 [ps], E=510.999 [keV]
OPAL-X> * 17:41:24 Step    217 container[0] at 1.253 [mm], t= 4.178 [ps], E=245.000 [MeV]
OPAL-X> * 17:41:24 Step    217 container[1] at 0.002 [um], t= 4.178 [ps], E=510.999 [keV]
OPAL-X> * 17:41:24 Step    217 container[2] at 0.002 [um], t= 4.178 [ps], E=510.999 [keV]
OPAL-X> * 17:41:24 Step    218 container[0] at 1.253 [mm], t= 4.179 [ps], E=245.000 [MeV]
OPAL-X> * 17:41:24 Step    218 container[1] at 0.002 [um], t= 4.179 [ps], E=510.999 [keV]
OPAL-X> * 17:41:24 Step    218 container[2] at 0.002 [um], t= 4.179 [ps], E=510.999 [keV]
OPAL-X> * 17:41:24 Step    219 container[0] at 1.253 [mm], t= 4.180 [ps], E=245.000 [MeV]
OPAL-X> * 17:41:24 Step    219 container[1] at 0.002 [um], t= 4.180 [ps], E=510.999 [keV]
OPAL-X> * 17:41:24 Step    219 container[2] at 0.002 [um], t= 4.180 [ps], E=510.999 [keV]
OPAL-X> * 17:41:24 Step    220 container[0] at 1.253 [mm], t= 4.181 [ps], E=245.000 [MeV]
OPAL-X> * 17:41:24 Step    220 container[1] at 0.002 [um], t= 4.181 [ps], E=510.999 [keV]
OPAL-X> * 17:41:24 Step    220 container[2] at 0.002 [um], t= 4.181 [ps], E=510.999 [keV]
OPAL-X> * 17:41:24 Step    221 container[0] at 1.254 [mm], t= 4.182 [ps], E=245.000 [MeV]
OPAL-X> * 17:41:24 Step    221 container[1] at 0.002 [um], t= 4.182 [ps], E=510.999 [keV]
OPAL-X> * 17:41:24 Step    221 container[2] at 0.002 [um], t= 4.182 [ps], E=510.999 [keV]
OPAL-X> * 17:41:24 Step    222 container[0] at 1.254 [mm], t= 4.183 [ps], E=245.000 [MeV]
OPAL-X> * 17:41:24 Step    222 container[1] at 0.002 [um], t= 4.183 [ps], E=510.999 [keV]
OPAL-X> * 17:41:24 Step    222 container[2] at 0.002 [um], t= 4.183 [ps], E=510.999 [keV]
OPAL-X> * 17:41:24 Step    223 container[0] at 1.254 [mm], t= 4.184 [ps], E=245.000 [MeV]
OPAL-X> * 17:41:24 Step    223 container[1] at 0.002 [um], t= 4.184 [ps], E=510.999 [keV]
OPAL-X> * 17:41:24 Step    223 container[2] at 0.002 [um], t= 4.184 [ps], E=510.999 [keV]
OPAL-X> * 17:41:24 Step    224 container[0] at 1.255 [mm], t= 4.185 [ps], E=245.000 [MeV]
OPAL-X> * 17:41:24 Step    224 container[1] at 0.002 [um], t= 4.185 [ps], E=510.999 [keV]
OPAL-X> * 17:41:24 Step    224 container[2] at 0.002 [um], t= 4.185 [ps], E=510.999 [keV]
OPAL-X> * 17:41:24 Step    225 container[0] at 1.255 [mm], t= 4.186 [ps], E=245.000 [MeV]
OPAL-X> * 17:41:24 Step    225 container[1] at 0.002 [um], t= 4.186 [ps], E=510.999 [keV]
OPAL-X> * 17:41:24 Step    225 container[2] at 0.002 [um], t= 4.186 [ps], E=510.999 [keV]
OPAL-X> * 17:41:24 Step    226 container[0] at 1.255 [mm], t= 4.187 [ps], E=245.000 [MeV]
OPAL-X> * 17:41:24 Step    226 container[1] at 0.002 [um], t= 4.187 [ps], E=510.999 [keV]
OPAL-X> * 17:41:24 Step    226 container[2] at 0.002 [um], t= 4.187 [ps], E=510.999 [keV]
OPAL-X> * 17:41:24 Step    227 container[0] at 1.256 [mm], t= 4.188 [ps], E=245.000 [MeV]
OPAL-X> * 17:41:24 Step    227 container[1] at 0.002 [um], t= 4.188 [ps], E=510.999 [keV]
OPAL-X> * 17:41:24 Step    227 container[2] at 0.002 [um], t= 4.188 [ps], E=510.999 [keV]
OPAL-X> * 17:41:24 Step    228 container[0] at 1.256 [mm], t= 4.189 [ps], E=245.000 [MeV]
OPAL-X> * 17:41:24 Step    228 container[1] at 0.002 [um], t= 4.189 [ps], E=510.999 [keV]
OPAL-X> * 17:41:24 Step    228 container[2] at 0.002 [um], t= 4.189 [ps], E=510.999 [keV]
OPAL-X> * 17:41:24 Step    229 container[0] at 1.256 [mm], t= 4.190 [ps], E=245.000 [MeV]
OPAL-X> * 17:41:24 Step    229 container[1] at 0.002 [um], t= 4.190 [ps], E=510.999 [keV]
OPAL-X> * 17:41:24 Step    229 container[2] at 0.002 [um], t= 4.190 [ps], E=510.999 [keV]
OPAL-X> * 17:41:24 Step    230 container[0] at 1.256 [mm], t= 4.191 [ps], E=245.000 [MeV]
OPAL-X> * 17:41:24 Step    230 container[1] at 0.002 [um], t= 4.191 [ps], E=510.999 [keV]
OPAL-X> * 17:41:24 Step    230 container[2] at 0.002 [um], t= 4.191 [ps], E=510.999 [keV]
OPAL-X> * 17:41:24 Step    231 container[0] at 1.257 [mm], t= 4.192 [ps], E=245.000 [MeV]
OPAL-X> * 17:41:24 Step    231 container[1] at 0.002 [um], t= 4.192 [ps], E=510.999 [keV]
OPAL-X> * 17:41:24 Step    231 container[2] at 0.002 [um], t= 4.192 [ps], E=510.999 [keV]
OPAL-X> * 17:41:24 Step    232 container[0] at 1.257 [mm], t= 4.193 [ps], E=245.000 [MeV]
OPAL-X> * 17:41:24 Step    232 container[1] at 0.002 [um], t= 4.193 [ps], E=510.999 [keV]
OPAL-X> * 17:41:24 Step    232 container[2] at 0.002 [um], t= 4.193 [ps], E=510.999 [keV]
OPAL-X> * 17:41:24 Step    233 container[0] at 1.257 [mm], t= 4.194 [ps], E=245.000 [MeV]
OPAL-X> * 17:41:24 Step    233 container[1] at 0.002 [um], t= 4.194 [ps], E=510.999 [keV]
OPAL-X> * 17:41:24 Step    233 container[2] at 0.002 [um], t= 4.194 [ps], E=510.999 [keV]
OPAL-X> * 17:41:24 Step    234 container[0] at 1.258 [mm], t= 4.195 [ps], E=245.000 [MeV]
OPAL-X> * 17:41:24 Step    234 container[1] at 0.002 [um], t= 4.195 [ps], E=510.999 [keV]
OPAL-X> * 17:41:24 Step    234 container[2] at 0.002 [um], t= 4.195 [ps], E=510.999 [keV]
OPAL-X> * 17:41:24 Step    235 container[0] at 1.258 [mm], t= 4.196 [ps], E=245.000 [MeV]
OPAL-X> * 17:41:24 Step    235 container[1] at 0.002 [um], t= 4.196 [ps], E=510.999 [keV]
OPAL-X> * 17:41:24 Step    235 container[2] at 0.002 [um], t= 4.196 [ps], E=510.999 [keV]
OPAL-X> * 17:41:24 Step    236 container[0] at 1.258 [mm], t= 4.197 [ps], E=245.000 [MeV]
OPAL-X> * 17:41:24 Step    236 container[1] at 0.002 [um], t= 4.197 [ps], E=510.999 [keV]
OPAL-X> * 17:41:24 Step    236 container[2] at 0.002 [um], t= 4.197 [ps], E=510.999 [keV]
OPAL-X> * 17:41:24 Step    237 container[0] at 1.259 [mm], t= 4.198 [ps], E=245.000 [MeV]
OPAL-X> * 17:41:24 Step    237 container[1] at 0.002 [um], t= 4.198 [ps], E=510.999 [keV]
OPAL-X> * 17:41:24 Step    237 container[2] at 0.002 [um], t= 4.198 [ps], E=510.999 [keV]
OPAL-X> * 17:41:24 Step    238 container[0] at 1.259 [mm], t= 4.199 [ps], E=245.000 [MeV]
OPAL-X> * 17:41:24 Step    238 container[1] at 0.002 [um], t= 4.199 [ps], E=510.999 [keV]
OPAL-X> * 17:41:24 Step    238 container[2] at 0.002 [um], t= 4.199 [ps], E=510.999 [keV]
OPAL-X> * 17:41:24 Step    239 container[0] at 1.259 [mm], t= 4.200 [ps], E=245.000 [MeV]
OPAL-X> * 17:41:24 Step    239 container[1] at 0.002 [um], t= 4.200 [ps], E=510.999 [keV]
OPAL-X> * 17:41:24 Step    239 container[2] at 0.002 [um], t= 4.200 [ps], E=510.999 [keV]
OPAL-X> * 17:41:24 Step    240 container[0] at 1.259 [mm], t= 4.201 [ps], E=245.000 [MeV]
OPAL-X> * 17:41:24 Step    240 container[1] at 0.002 [um], t= 4.201 [ps], E=510.999 [keV]
OPAL-X> * 17:41:24 Step    240 container[2] at 0.002 [um], t= 4.201 [ps], E=510.999 [keV]
OPAL-X> * 17:41:24 Step    241 container[0] at 1.260 [mm], t= 4.202 [ps], E=245.000 [MeV]
OPAL-X> * 17:41:24 Step    241 container[1] at 0.002 [um], t= 4.202 [ps], E=510.999 [keV]
OPAL-X> * 17:41:24 Step    241 container[2] at 0.002 [um], t= 4.202 [ps], E=510.999 [keV]
OPAL-X> * 17:41:25 Step    242 container[0] at 1.260 [mm], t= 4.203 [ps], E=245.000 [MeV]
OPAL-X> * 17:41:25 Step    242 container[1] at 0.002 [um], t= 4.203 [ps], E=510.999 [keV]
OPAL-X> * 17:41:25 Step    242 container[2] at 0.002 [um], t= 4.203 [ps], E=510.999 [keV]
OPAL-X> * 17:41:25 Step    243 container[0] at 1.260 [mm], t= 4.204 [ps], E=245.000 [MeV]
OPAL-X> * 17:41:25 Step    243 container[1] at 0.002 [um], t= 4.204 [ps], E=510.999 [keV]
OPAL-X> * 17:41:25 Step    243 container[2] at 0.002 [um], t= 4.204 [ps], E=510.999 [keV]
OPAL-X> * 17:41:25 Step    244 container[0] at 1.261 [mm], t= 4.205 [ps], E=245.000 [MeV]
OPAL-X> * 17:41:25 Step    244 container[1] at 0.002 [um], t= 4.205 [ps], E=510.999 [keV]
OPAL-X> * 17:41:25 Step    244 container[2] at 0.002 [um], t= 4.205 [ps], E=510.999 [keV]
OPAL-X> * 17:41:25 Step    245 container[0] at 1.261 [mm], t= 4.206 [ps], E=245.000 [MeV]
OPAL-X> * 17:41:25 Step    245 container[1] at 0.002 [um], t= 4.206 [ps], E=510.999 [keV]
OPAL-X> * 17:41:25 Step    245 container[2] at 0.002 [um], t= 4.206 [ps], E=510.999 [keV]
OPAL-X> * 17:41:25 Step    246 container[0] at 1.261 [mm], t= 4.207 [ps], E=245.000 [MeV]
OPAL-X> * 17:41:25 Step    246 container[1] at 0.002 [um], t= 4.207 [ps], E=510.999 [keV]
OPAL-X> * 17:41:25 Step    246 container[2] at 0.002 [um], t= 4.207 [ps], E=510.999 [keV]
OPAL-X> * 17:41:25 Step    247 container[0] at 1.262 [mm], t= 4.208 [ps], E=245.000 [MeV]
OPAL-X> * 17:41:25 Step    247 container[1] at 0.002 [um], t= 4.208 [ps], E=510.999 [keV]
OPAL-X> * 17:41:25 Step    247 container[2] at 0.002 [um], t= 4.208 [ps], E=510.999 [keV]
OPAL-X> * 17:41:25 Step    248 container[0] at 1.262 [mm], t= 4.209 [ps], E=245.000 [MeV]
OPAL-X> * 17:41:25 Step    248 container[1] at 0.002 [um], t= 4.209 [ps], E=510.999 [keV]
OPAL-X> * 17:41:25 Step    248 container[2] at 0.002 [um], t= 4.209 [ps], E=510.999 [keV]
OPAL-X> * 17:41:25 Step    249 container[0] at 1.262 [mm], t= 4.210 [ps], E=245.000 [MeV]
OPAL-X> * 17:41:25 Step    249 container[1] at 0.002 [um], t= 4.210 [ps], E=510.999 [keV]
OPAL-X> * 17:41:25 Step    249 container[2] at 0.002 [um], t= 4.210 [ps], E=510.999 [keV]
OPAL-X> * 17:41:25 Step    250 container[0] at 1.262 [mm], t= 4.211 [ps], E=245.000 [MeV]
OPAL-X> * 17:41:25 Step    250 container[1] at 0.002 [um], t= 4.211 [ps], E=510.999 [keV]
OPAL-X> * 17:41:25 Step    250 container[2] at 0.002 [um], t= 4.211 [ps], E=510.999 [keV]
OPAL-X> * 17:41:25 Step    251 container[0] at 1.263 [mm], t= 4.212 [ps], E=245.000 [MeV]
OPAL-X> * 17:41:25 Step    251 container[1] at 0.002 [um], t= 4.212 [ps], E=510.999 [keV]
OPAL-X> * 17:41:25 Step    251 container[2] at 0.002 [um], t= 4.212 [ps], E=510.999 [keV]
OPAL-X> * 17:41:25 Step    252 container[0] at 1.263 [mm], t= 4.213 [ps], E=245.000 [MeV]
OPAL-X> * 17:41:25 Step    252 container[1] at 0.002 [um], t= 4.213 [ps], E=510.999 [keV]
OPAL-X> * 17:41:25 Step    252 container[2] at 0.002 [um], t= 4.213 [ps], E=510.999 [keV]
OPAL-X> * 17:41:25 Step    253 container[0] at 1.263 [mm], t= 4.214 [ps], E=245.000 [MeV]
OPAL-X> * 17:41:25 Step    253 container[1] at 0.002 [um], t= 4.214 [ps], E=510.999 [keV]
OPAL-X> * 17:41:25 Step    253 container[2] at 0.002 [um], t= 4.214 [ps], E=510.999 [keV]
OPAL-X> * 17:41:25 Step    254 container[0] at 1.264 [mm], t= 4.215 [ps], E=245.000 [MeV]
OPAL-X> * 17:41:25 Step    254 container[1] at 0.002 [um], t= 4.215 [ps], E=510.999 [keV]
OPAL-X> * 17:41:25 Step    254 container[2] at 0.002 [um], t= 4.215 [ps], E=510.999 [keV]
OPAL-X> * 17:41:25 Step    255 container[0] at 1.264 [mm], t= 4.216 [ps], E=245.000 [MeV]
OPAL-X> * 17:41:25 Step    255 container[1] at 0.002 [um], t= 4.216 [ps], E=510.999 [keV]
OPAL-X> * 17:41:25 Step    255 container[2] at 0.002 [um], t= 4.216 [ps], E=510.999 [keV]
OPAL-X> * 17:41:25 Step    256 container[0] at 1.264 [mm], t= 4.217 [ps], E=245.000 [MeV]
OPAL-X> * 17:41:25 Step    256 container[1] at 0.002 [um], t= 4.217 [ps], E=510.999 [keV]
OPAL-X> * 17:41:25 Step    256 container[2] at 0.002 [um], t= 4.217 [ps], E=510.999 [keV]
OPAL-X> * 17:41:25 Step    257 container[0] at 1.265 [mm], t= 4.218 [ps], E=245.000 [MeV]
OPAL-X> * 17:41:25 Step    257 container[1] at 0.002 [um], t= 4.218 [ps], E=510.999 [keV]
OPAL-X> * 17:41:25 Step    257 container[2] at 0.002 [um], t= 4.218 [ps], E=510.999 [keV]
OPAL-X> * 17:41:25 Step    258 container[0] at 1.265 [mm], t= 4.219 [ps], E=245.000 [MeV]
OPAL-X> * 17:41:25 Step    258 container[1] at 0.002 [um], t= 4.219 [ps], E=510.999 [keV]
OPAL-X> * 17:41:25 Step    258 container[2] at 0.002 [um], t= 4.219 [ps], E=510.999 [keV]
OPAL-X> * 17:41:25 Step    259 container[0] at 1.265 [mm], t= 4.220 [ps], E=245.000 [MeV]
OPAL-X> * 17:41:25 Step    259 container[1] at 0.002 [um], t= 4.220 [ps], E=510.999 [keV]
OPAL-X> * 17:41:25 Step    259 container[2] at 0.002 [um], t= 4.220 [ps], E=510.999 [keV]
OPAL-X> * 17:41:25 Step    260 container[0] at 1.265 [mm], t= 4.221 [ps], E=245.000 [MeV]
OPAL-X> * 17:41:25 Step    260 container[1] at 0.002 [um], t= 4.221 [ps], E=510.999 [keV]
OPAL-X> * 17:41:25 Step    260 container[2] at 0.002 [um], t= 4.221 [ps], E=510.999 [keV]
OPAL-X> * 17:41:25 Step    261 container[0] at 1.266 [mm], t= 4.222 [ps], E=245.000 [MeV]
OPAL-X> * 17:41:25 Step    261 container[1] at 0.002 [um], t= 4.222 [ps], E=510.999 [keV]
OPAL-X> * 17:41:25 Step    261 container[2] at 0.002 [um], t= 4.222 [ps], E=510.999 [keV]
OPAL-X> * 17:41:25 Step    262 container[0] at 1.266 [mm], t= 4.223 [ps], E=245.000 [MeV]
OPAL-X> * 17:41:25 Step    262 container[1] at 0.002 [um], t= 4.223 [ps], E=510.999 [keV]
OPAL-X> * 17:41:25 Step    262 container[2] at 0.002 [um], t= 4.223 [ps], E=510.999 [keV]
OPAL-X> * 17:41:25 Step    263 container[0] at 1.266 [mm], t= 4.224 [ps], E=245.000 [MeV]
OPAL-X> * 17:41:25 Step    263 container[1] at 0.002 [um], t= 4.224 [ps], E=510.999 [keV]
OPAL-X> * 17:41:25 Step    263 container[2] at 0.002 [um], t= 4.224 [ps], E=510.999 [keV]
OPAL-X> * 17:41:25 Step    264 container[0] at 1.267 [mm], t= 4.225 [ps], E=245.000 [MeV]
OPAL-X> * 17:41:25 Step    264 container[1] at 0.002 [um], t= 4.225 [ps], E=510.999 [keV]
OPAL-X> * 17:41:25 Step    264 container[2] at 0.002 [um], t= 4.225 [ps], E=510.999 [keV]
OPAL-X> * 17:41:25 Step    265 container[0] at 1.267 [mm], t= 4.226 [ps], E=245.000 [MeV]
OPAL-X> * 17:41:25 Step    265 container[1] at 0.002 [um], t= 4.226 [ps], E=510.999 [keV]
OPAL-X> * 17:41:25 Step    265 container[2] at 0.002 [um], t= 4.226 [ps], E=510.999 [keV]
OPAL-X> * 17:41:25 Step    266 container[0] at 1.267 [mm], t= 4.227 [ps], E=245.000 [MeV]
OPAL-X> * 17:41:25 Step    266 container[1] at 0.002 [um], t= 4.227 [ps], E=510.999 [keV]
OPAL-X> * 17:41:25 Step    266 container[2] at 0.002 [um], t= 4.227 [ps], E=510.999 [keV]
OPAL-X> * 17:41:25 Step    267 container[0] at 1.268 [mm], t= 4.228 [ps], E=245.000 [MeV]
OPAL-X> * 17:41:25 Step    267 container[1] at 0.002 [um], t= 4.228 [ps], E=510.999 [keV]
OPAL-X> * 17:41:25 Step    267 container[2] at 0.002 [um], t= 4.228 [ps], E=510.999 [keV]
OPAL-X> * 17:41:25 Step    268 container[0] at 1.268 [mm], t= 4.229 [ps], E=245.000 [MeV]
OPAL-X> * 17:41:25 Step    268 container[1] at 0.002 [um], t= 4.229 [ps], E=510.999 [keV]
OPAL-X> * 17:41:25 Step    268 container[2] at 0.002 [um], t= 4.229 [ps], E=510.999 [keV]
OPAL-X> * 17:41:25 Step    269 container[0] at 1.268 [mm], t= 4.230 [ps], E=245.000 [MeV]
OPAL-X> * 17:41:25 Step    269 container[1] at 0.002 [um], t= 4.230 [ps], E=510.999 [keV]
OPAL-X> * 17:41:25 Step    269 container[2] at 0.002 [um], t= 4.230 [ps], E=510.999 [keV]
OPAL-X> * 17:41:25 Step    270 container[0] at 1.268 [mm], t= 4.231 [ps], E=245.000 [MeV]
OPAL-X> * 17:41:25 Step    270 container[1] at 0.002 [um], t= 4.231 [ps], E=510.999 [keV]
OPAL-X> * 17:41:25 Step    270 container[2] at 0.002 [um], t= 4.231 [ps], E=510.999 [keV]
OPAL-X> * 17:41:25 Step    271 container[0] at 1.269 [mm], t= 4.232 [ps], E=245.000 [MeV]
OPAL-X> * 17:41:25 Step    271 container[1] at 0.002 [um], t= 4.232 [ps], E=510.999 [keV]
OPAL-X> * 17:41:25 Step    271 container[2] at 0.002 [um], t= 4.232 [ps], E=510.999 [keV]
OPAL-X> * 17:41:25 Step    272 container[0] at 1.269 [mm], t= 4.233 [ps], E=245.000 [MeV]
OPAL-X> * 17:41:25 Step    272 container[1] at 0.002 [um], t= 4.233 [ps], E=510.999 [keV]
OPAL-X> * 17:41:25 Step    272 container[2] at 0.002 [um], t= 4.233 [ps], E=510.999 [keV]
OPAL-X> * 17:41:25 Step    273 container[0] at 1.269 [mm], t= 4.234 [ps], E=245.000 [MeV]
OPAL-X> * 17:41:25 Step    273 container[1] at 0.002 [um], t= 4.234 [ps], E=510.999 [keV]
OPAL-X> * 17:41:25 Step    273 container[2] at 0.002 [um], t= 4.234 [ps], E=510.999 [keV]
OPAL-X> * 17:41:25 Step    274 container[0] at 1.270 [mm], t= 4.235 [ps], E=245.000 [MeV]
OPAL-X> * 17:41:25 Step    274 container[1] at 0.002 [um], t= 4.235 [ps], E=510.999 [keV]
OPAL-X> * 17:41:25 Step    274 container[2] at 0.002 [um], t= 4.235 [ps], E=510.999 [keV]
OPAL-X> * 17:41:25 Step    275 container[0] at 1.270 [mm], t= 4.236 [ps], E=245.000 [MeV]
OPAL-X> * 17:41:25 Step    275 container[1] at 0.002 [um], t= 4.236 [ps], E=510.999 [keV]
OPAL-X> * 17:41:25 Step    275 container[2] at 0.002 [um], t= 4.236 [ps], E=510.999 [keV]
OPAL-X> * 17:41:25 Step    276 container[0] at 1.270 [mm], t= 4.237 [ps], E=245.000 [MeV]
OPAL-X> * 17:41:25 Step    276 container[1] at 0.002 [um], t= 4.237 [ps], E=510.999 [keV]
OPAL-X> * 17:41:25 Step    276 container[2] at 0.002 [um], t= 4.237 [ps], E=510.999 [keV]
OPAL-X> * 17:41:25 Step    277 container[0] at 1.271 [mm], t= 4.238 [ps], E=245.000 [MeV]
OPAL-X> * 17:41:25 Step    277 container[1] at 0.002 [um], t= 4.238 [ps], E=510.999 [keV]
OPAL-X> * 17:41:25 Step    277 container[2] at 0.002 [um], t= 4.238 [ps], E=510.999 [keV]
OPAL-X> * 17:41:25 Step    278 container[0] at 1.271 [mm], t= 4.239 [ps], E=245.000 [MeV]
OPAL-X> * 17:41:25 Step    278 container[1] at 0.002 [um], t= 4.239 [ps], E=510.999 [keV]
OPAL-X> * 17:41:25 Step    278 container[2] at 0.002 [um], t= 4.239 [ps], E=510.999 [keV]
OPAL-X> * 17:41:25 Step    279 container[0] at 1.271 [mm], t= 4.240 [ps], E=245.000 [MeV]
OPAL-X> * 17:41:25 Step    279 container[1] at 0.002 [um], t= 4.240 [ps], E=510.999 [keV]
OPAL-X> * 17:41:25 Step    279 container[2] at 0.002 [um], t= 4.240 [ps], E=510.999 [keV]
OPAL-X> * 17:41:25 Step    280 container[0] at 1.271 [mm], t= 4.241 [ps], E=245.000 [MeV]
OPAL-X> * 17:41:25 Step    280 container[1] at 0.002 [um], t= 4.241 [ps], E=510.999 [keV]
OPAL-X> * 17:41:25 Step    280 container[2] at 0.002 [um], t= 4.241 [ps], E=510.999 [keV]
OPAL-X> * 17:41:25 Step    281 container[0] at 1.272 [mm], t= 4.242 [ps], E=245.000 [MeV]
OPAL-X> * 17:41:25 Step    281 container[1] at 0.002 [um], t= 4.242 [ps], E=510.999 [keV]
OPAL-X> * 17:41:25 Step    281 container[2] at 0.002 [um], t= 4.242 [ps], E=510.999 [keV]
OPAL-X> * 17:41:25 Step    282 container[0] at 1.272 [mm], t= 4.243 [ps], E=245.000 [MeV]
OPAL-X> * 17:41:25 Step    282 container[1] at 0.002 [um], t= 4.243 [ps], E=510.999 [keV]
OPAL-X> * 17:41:25 Step    282 container[2] at 0.002 [um], t= 4.243 [ps], E=510.999 [keV]
OPAL-X> * 17:41:25 Step    283 container[0] at 1.272 [mm], t= 4.244 [ps], E=245.000 [MeV]
OPAL-X> * 17:41:25 Step    283 container[1] at 0.002 [um], t= 4.244 [ps], E=510.999 [keV]
OPAL-X> * 17:41:25 Step    283 container[2] at 0.002 [um], t= 4.244 [ps], E=510.999 [keV]
OPAL-X> * 17:41:25 Step    284 container[0] at 1.273 [mm], t= 4.245 [ps], E=245.000 [MeV]
OPAL-X> * 17:41:25 Step    284 container[1] at 0.002 [um], t= 4.245 [ps], E=510.999 [keV]
OPAL-X> * 17:41:25 Step    284 container[2] at 0.002 [um], t= 4.245 [ps], E=510.999 [keV]
OPAL-X> * 17:41:25 Step    285 container[0] at 1.273 [mm], t= 4.246 [ps], E=245.000 [MeV]
OPAL-X> * 17:41:25 Step    285 container[1] at 0.002 [um], t= 4.246 [ps], E=510.999 [keV]
OPAL-X> * 17:41:25 Step    285 container[2] at 0.002 [um], t= 4.246 [ps], E=510.999 [keV]
OPAL-X> * 17:41:25 Step    286 container[0] at 1.273 [mm], t= 4.247 [ps], E=245.000 [MeV]
OPAL-X> * 17:41:25 Step    286 container[1] at 0.002 [um], t= 4.247 [ps], E=510.999 [keV]
OPAL-X> * 17:41:25 Step    286 container[2] at 0.002 [um], t= 4.247 [ps], E=510.999 [keV]
OPAL-X> * 17:41:25 Step    287 container[0] at 1.274 [mm], t= 4.248 [ps], E=245.000 [MeV]
OPAL-X> * 17:41:25 Step    287 container[1] at 0.002 [um], t= 4.248 [ps], E=510.999 [keV]
OPAL-X> * 17:41:25 Step    287 container[2] at 0.002 [um], t= 4.248 [ps], E=510.999 [keV]
OPAL-X> * 17:41:25 Step    288 container[0] at 1.274 [mm], t= 4.249 [ps], E=245.000 [MeV]
OPAL-X> * 17:41:25 Step    288 container[1] at 0.002 [um], t= 4.249 [ps], E=510.999 [keV]
OPAL-X> * 17:41:25 Step    288 container[2] at 0.002 [um], t= 4.249 [ps], E=510.999 [keV]
OPAL-X> * 17:41:25 Step    289 container[0] at 1.274 [mm], t= 4.250 [ps], E=245.000 [MeV]
OPAL-X> * 17:41:25 Step    289 container[1] at 0.002 [um], t= 4.250 [ps], E=510.999 [keV]
OPAL-X> * 17:41:25 Step    289 container[2] at 0.002 [um], t= 4.250 [ps], E=510.999 [keV]
OPAL-X> * 17:41:26 Step    290 container[0] at 1.274 [mm], t= 4.251 [ps], E=245.000 [MeV]
OPAL-X> * 17:41:26 Step    290 container[1] at 0.002 [um], t= 4.251 [ps], E=510.999 [keV]
OPAL-X> * 17:41:26 Step    290 container[2] at 0.002 [um], t= 4.251 [ps], E=510.999 [keV]
OPAL-X> * 17:41:26 Step    291 container[0] at 1.275 [mm], t= 4.252 [ps], E=245.000 [MeV]
OPAL-X> * 17:41:26 Step    291 container[1] at 0.002 [um], t= 4.252 [ps], E=510.999 [keV]
OPAL-X> * 17:41:26 Step    291 container[2] at 0.002 [um], t= 4.252 [ps], E=510.999 [keV]
OPAL-X> * 17:41:26 Step    292 container[0] at 1.275 [mm], t= 4.253 [ps], E=245.000 [MeV]
OPAL-X> * 17:41:26 Step    292 container[1] at 0.002 [um], t= 4.253 [ps], E=510.999 [keV]
OPAL-X> * 17:41:26 Step    292 container[2] at 0.002 [um], t= 4.253 [ps], E=510.999 [keV]
OPAL-X> * 17:41:26 Step    293 container[0] at 1.275 [mm], t= 4.254 [ps], E=245.000 [MeV]
OPAL-X> * 17:41:26 Step    293 container[1] at 0.002 [um], t= 4.254 [ps], E=510.999 [keV]
OPAL-X> * 17:41:26 Step    293 container[2] at 0.002 [um], t= 4.254 [ps], E=510.999 [keV]
OPAL-X> * 17:41:26 Step    294 container[0] at 1.276 [mm], t= 4.255 [ps], E=245.000 [MeV]
OPAL-X> * 17:41:26 Step    294 container[1] at 0.002 [um], t= 4.255 [ps], E=510.999 [keV]
OPAL-X> * 17:41:26 Step    294 container[2] at 0.002 [um], t= 4.255 [ps], E=510.999 [keV]
OPAL-X> * 17:41:26 Step    295 container[0] at 1.276 [mm], t= 4.256 [ps], E=245.000 [MeV]
OPAL-X> * 17:41:26 Step    295 container[1] at 0.002 [um], t= 4.256 [ps], E=510.999 [keV]
OPAL-X> * 17:41:26 Step    295 container[2] at 0.002 [um], t= 4.256 [ps], E=510.999 [keV]
OPAL-X> * 17:41:26 Step    296 container[0] at 1.276 [mm], t= 4.257 [ps], E=245.000 [MeV]
OPAL-X> * 17:41:26 Step    296 container[1] at 0.002 [um], t= 4.257 [ps], E=510.999 [keV]
OPAL-X> * 17:41:26 Step    296 container[2] at 0.002 [um], t= 4.257 [ps], E=510.999 [keV]
OPAL-X> * 17:41:26 Step    297 container[0] at 1.277 [mm], t= 4.258 [ps], E=245.000 [MeV]
OPAL-X> * 17:41:26 Step    297 container[1] at 0.002 [um], t= 4.258 [ps], E=510.999 [keV]
OPAL-X> * 17:41:26 Step    297 container[2] at 0.002 [um], t= 4.258 [ps], E=510.999 [keV]
OPAL-X> * 17:41:26 Step    298 container[0] at 1.277 [mm], t= 4.259 [ps], E=245.000 [MeV]
OPAL-X> * 17:41:26 Step    298 container[1] at 0.002 [um], t= 4.259 [ps], E=510.999 [keV]
OPAL-X> * 17:41:26 Step    298 container[2] at 0.002 [um], t= 4.259 [ps], E=510.999 [keV]
OPAL-X> * 17:41:26 Step    299 container[0] at 1.277 [mm], t= 4.260 [ps], E=245.000 [MeV]
OPAL-X> * 17:41:26 Step    299 container[1] at 0.002 [um], t= 4.260 [ps], E=510.999 [keV]
OPAL-X> * 17:41:26 Step    299 container[2] at 0.002 [um], t= 4.260 [ps], E=510.999 [keV]
OPAL-X> * 17:41:26 Step    300 container[0] at 1.277 [mm], t= 4.261 [ps], E=245.000 [MeV]
OPAL-X> * 17:41:26 Step    300 container[1] at 0.002 [um], t= 4.261 [ps], E=510.999 [keV]
OPAL-X> * 17:41:26 Step    300 container[2] at 0.002 [um], t= 4.261 [ps], E=510.999 [keV]
OPAL-X> * 17:41:26 Step    301 container[0] at 1.278 [mm], t= 4.262 [ps], E=245.000 [MeV]
OPAL-X> * 17:41:26 Step    301 container[1] at 0.003 [um], t= 4.262 [ps], E=510.999 [keV]
OPAL-X> * 17:41:26 Step    301 container[2] at 0.003 [um], t= 4.262 [ps], E=510.999 [keV]
OPAL-X> * 17:41:26 Step    302 container[0] at 1.278 [mm], t= 4.263 [ps], E=245.000 [MeV]
OPAL-X> * 17:41:26 Step    302 container[1] at 0.003 [um], t= 4.263 [ps], E=510.999 [keV]
OPAL-X> * 17:41:26 Step    302 container[2] at 0.003 [um], t= 4.263 [ps], E=510.999 [keV]
OPAL-X> * 17:41:26 Step    303 container[0] at 1.278 [mm], t= 4.264 [ps], E=245.000 [MeV]
OPAL-X> * 17:41:26 Step    303 container[1] at 0.003 [um], t= 4.264 [ps], E=510.999 [keV]
OPAL-X> * 17:41:26 Step    303 container[2] at 0.003 [um], t= 4.264 [ps], E=510.999 [keV]
OPAL-X> * 17:41:26 Step    304 container[0] at 1.279 [mm], t= 4.265 [ps], E=245.000 [MeV]
OPAL-X> * 17:41:26 Step    304 container[1] at 0.003 [um], t= 4.265 [ps], E=510.999 [keV]
OPAL-X> * 17:41:26 Step    304 container[2] at 0.003 [um], t= 4.265 [ps], E=510.999 [keV]
OPAL-X> * 17:41:26 Step    305 container[0] at 1.279 [mm], t= 4.266 [ps], E=245.000 [MeV]
OPAL-X> * 17:41:26 Step    305 container[1] at 0.003 [um], t= 4.266 [ps], E=510.999 [keV]
OPAL-X> * 17:41:26 Step    305 container[2] at 0.003 [um], t= 4.266 [ps], E=510.999 [keV]
OPAL-X> * 17:41:26 Step    306 container[0] at 1.279 [mm], t= 4.267 [ps], E=245.000 [MeV]
OPAL-X> * 17:41:26 Step    306 container[1] at 0.003 [um], t= 4.267 [ps], E=510.999 [keV]
OPAL-X> * 17:41:26 Step    306 container[2] at 0.003 [um], t= 4.267 [ps], E=510.999 [keV]
OPAL-X> * 17:41:26 Step    307 container[0] at 1.280 [mm], t= 4.268 [ps], E=245.000 [MeV]
OPAL-X> * 17:41:26 Step    307 container[1] at 0.003 [um], t= 4.268 [ps], E=510.999 [keV]
OPAL-X> * 17:41:26 Step    307 container[2] at 0.003 [um], t= 4.268 [ps], E=510.999 [keV]
OPAL-X> * 17:41:26 Step    308 container[0] at 1.280 [mm], t= 4.269 [ps], E=245.000 [MeV]
OPAL-X> * 17:41:26 Step    308 container[1] at 0.003 [um], t= 4.269 [ps], E=510.999 [keV]
OPAL-X> * 17:41:26 Step    308 container[2] at 0.003 [um], t= 4.269 [ps], E=510.999 [keV]
OPAL-X> * 17:41:26 Step    309 container[0] at 1.280 [mm], t= 4.270 [ps], E=245.000 [MeV]
OPAL-X> * 17:41:26 Step    309 container[1] at 0.003 [um], t= 4.270 [ps], E=510.999 [keV]
OPAL-X> * 17:41:26 Step    309 container[2] at 0.003 [um], t= 4.270 [ps], E=510.999 [keV]
OPAL-X> * 17:41:26 Step    310 container[0] at 1.280 [mm], t= 4.271 [ps], E=245.000 [MeV]
OPAL-X> * 17:41:26 Step    310 container[1] at 0.003 [um], t= 4.271 [ps], E=510.999 [keV]
OPAL-X> * 17:41:26 Step    310 container[2] at 0.003 [um], t= 4.271 [ps], E=510.999 [keV]
OPAL-X> * 17:41:26 Step    311 container[0] at 1.281 [mm], t= 4.272 [ps], E=245.000 [MeV]
OPAL-X> * 17:41:26 Step    311 container[1] at 0.003 [um], t= 4.272 [ps], E=510.999 [keV]
OPAL-X> * 17:41:26 Step    311 container[2] at 0.003 [um], t= 4.272 [ps], E=510.999 [keV]
OPAL-X> * 17:41:26 Step    312 container[0] at 1.281 [mm], t= 4.273 [ps], E=245.000 [MeV]
OPAL-X> * 17:41:26 Step    312 container[1] at 0.003 [um], t= 4.273 [ps], E=510.999 [keV]
OPAL-X> * 17:41:26 Step    312 container[2] at 0.003 [um], t= 4.273 [ps], E=510.999 [keV]
OPAL-X> * 17:41:26 Step    313 container[0] at 1.281 [mm], t= 4.274 [ps], E=245.000 [MeV]
OPAL-X> * 17:41:26 Step    313 container[1] at 0.003 [um], t= 4.274 [ps], E=510.999 [keV]
OPAL-X> * 17:41:26 Step    313 container[2] at 0.003 [um], t= 4.274 [ps], E=510.999 [keV]
OPAL-X> * 17:41:26 Step    314 container[0] at 1.282 [mm], t= 4.275 [ps], E=245.000 [MeV]
OPAL-X> * 17:41:26 Step    314 container[1] at 0.003 [um], t= 4.275 [ps], E=510.999 [keV]
OPAL-X> * 17:41:26 Step    314 container[2] at 0.003 [um], t= 4.275 [ps], E=510.999 [keV]
OPAL-X> * 17:41:26 Step    315 container[0] at 1.282 [mm], t= 4.276 [ps], E=245.000 [MeV]
OPAL-X> * 17:41:26 Step    315 container[1] at 0.003 [um], t= 4.276 [ps], E=510.999 [keV]
OPAL-X> * 17:41:26 Step    315 container[2] at 0.003 [um], t= 4.276 [ps], E=510.999 [keV]
OPAL-X> * 17:41:26 Step    316 container[0] at 1.282 [mm], t= 4.277 [ps], E=245.000 [MeV]
OPAL-X> * 17:41:26 Step    316 container[1] at 0.003 [um], t= 4.277 [ps], E=510.999 [keV]
OPAL-X> * 17:41:26 Step    316 container[2] at 0.003 [um], t= 4.277 [ps], E=510.999 [keV]
OPAL-X> * 17:41:26 Step    317 container[0] at 1.283 [mm], t= 4.278 [ps], E=245.000 [MeV]
OPAL-X> * 17:41:26 Step    317 container[1] at 0.003 [um], t= 4.278 [ps], E=510.999 [keV]
OPAL-X> * 17:41:26 Step    317 container[2] at 0.003 [um], t= 4.278 [ps], E=510.999 [keV]
OPAL-X> * 17:41:26 Step    318 container[0] at 1.283 [mm], t= 4.279 [ps], E=245.000 [MeV]
OPAL-X> * 17:41:26 Step    318 container[1] at 0.003 [um], t= 4.279 [ps], E=510.999 [keV]
OPAL-X> * 17:41:26 Step    318 container[2] at 0.003 [um], t= 4.279 [ps], E=510.999 [keV]
OPAL-X> * 17:41:26 Step    319 container[0] at 1.283 [mm], t= 4.280 [ps], E=245.000 [MeV]
OPAL-X> * 17:41:26 Step    319 container[1] at 0.003 [um], t= 4.280 [ps], E=510.999 [keV]
OPAL-X> * 17:41:26 Step    319 container[2] at 0.003 [um], t= 4.280 [ps], E=510.999 [keV]
OPAL-X> * 17:41:26 Step    320 container[0] at 1.283 [mm], t= 4.281 [ps], E=245.000 [MeV]
OPAL-X> * 17:41:26 Step    320 container[1] at 0.003 [um], t= 4.281 [ps], E=510.999 [keV]
OPAL-X> * 17:41:26 Step    320 container[2] at 0.003 [um], t= 4.281 [ps], E=510.999 [keV]
OPAL-X> * 17:41:26 Step    321 container[0] at 1.284 [mm], t= 4.282 [ps], E=245.000 [MeV]
OPAL-X> * 17:41:26 Step    321 container[1] at 0.003 [um], t= 4.282 [ps], E=510.999 [keV]
OPAL-X> * 17:41:26 Step    321 container[2] at 0.003 [um], t= 4.282 [ps], E=510.999 [keV]
OPAL-X> * 17:41:26 Step    322 container[0] at 1.284 [mm], t= 4.283 [ps], E=245.000 [MeV]
OPAL-X> * 17:41:26 Step    322 container[1] at 0.003 [um], t= 4.283 [ps], E=510.999 [keV]
OPAL-X> * 17:41:26 Step    322 container[2] at 0.003 [um], t= 4.283 [ps], E=510.999 [keV]
OPAL-X> * 17:41:26 Step    323 container[0] at 1.284 [mm], t= 4.284 [ps], E=245.000 [MeV]
OPAL-X> * 17:41:26 Step    323 container[1] at 0.003 [um], t= 4.284 [ps], E=510.999 [keV]
OPAL-X> * 17:41:26 Step    323 container[2] at 0.003 [um], t= 4.284 [ps], E=510.999 [keV]
OPAL-X> * 17:41:26 Step    324 container[0] at 1.285 [mm], t= 4.285 [ps], E=245.000 [MeV]
OPAL-X> * 17:41:26 Step    324 container[1] at 0.003 [um], t= 4.285 [ps], E=510.999 [keV]
OPAL-X> * 17:41:26 Step    324 container[2] at 0.003 [um], t= 4.285 [ps], E=510.999 [keV]
OPAL-X> * 17:41:26 Step    325 container[0] at 1.285 [mm], t= 4.286 [ps], E=245.000 [MeV]
OPAL-X> * 17:41:26 Step    325 container[1] at 0.003 [um], t= 4.286 [ps], E=510.999 [keV]
OPAL-X> * 17:41:26 Step    325 container[2] at 0.003 [um], t= 4.286 [ps], E=510.999 [keV]
OPAL-X> * 17:41:26 Step    326 container[0] at 1.285 [mm], t= 4.287 [ps], E=245.000 [MeV]
OPAL-X> * 17:41:26 Step    326 container[1] at 0.003 [um], t= 4.287 [ps], E=510.999 [keV]
OPAL-X> * 17:41:26 Step    326 container[2] at 0.003 [um], t= 4.287 [ps], E=510.999 [keV]
OPAL-X> * 17:41:26 Step    327 container[0] at 1.286 [mm], t= 4.288 [ps], E=245.000 [MeV]
OPAL-X> * 17:41:26 Step    327 container[1] at 0.003 [um], t= 4.288 [ps], E=510.999 [keV]
OPAL-X> * 17:41:26 Step    327 container[2] at 0.003 [um], t= 4.288 [ps], E=510.999 [keV]
OPAL-X> * 17:41:26 Step    328 container[0] at 1.286 [mm], t= 4.289 [ps], E=245.000 [MeV]
OPAL-X> * 17:41:26 Step    328 container[1] at 0.003 [um], t= 4.289 [ps], E=510.999 [keV]
OPAL-X> * 17:41:26 Step    328 container[2] at 0.003 [um], t= 4.289 [ps], E=510.999 [keV]
OPAL-X> * 17:41:26 Step    329 container[0] at 1.286 [mm], t= 4.290 [ps], E=245.000 [MeV]
OPAL-X> * 17:41:26 Step    329 container[1] at 0.003 [um], t= 4.290 [ps], E=510.999 [keV]
OPAL-X> * 17:41:26 Step    329 container[2] at 0.003 [um], t= 4.290 [ps], E=510.999 [keV]
OPAL-X> * 17:41:26 Step    330 container[0] at 1.286 [mm], t= 4.291 [ps], E=245.000 [MeV]
OPAL-X> * 17:41:26 Step    330 container[1] at 0.003 [um], t= 4.291 [ps], E=510.999 [keV]
OPAL-X> * 17:41:26 Step    330 container[2] at 0.003 [um], t= 4.291 [ps], E=510.999 [keV]
OPAL-X> * 17:41:26 Step    331 container[0] at 1.287 [mm], t= 4.292 [ps], E=245.000 [MeV]
OPAL-X> * 17:41:26 Step    331 container[1] at 0.003 [um], t= 4.292 [ps], E=510.999 [keV]
OPAL-X> * 17:41:26 Step    331 container[2] at 0.003 [um], t= 4.292 [ps], E=510.999 [keV]
OPAL-X> * 17:41:26 Step    332 container[0] at 1.287 [mm], t= 4.293 [ps], E=245.000 [MeV]
OPAL-X> * 17:41:26 Step    332 container[1] at 0.003 [um], t= 4.293 [ps], E=510.999 [keV]
OPAL-X> * 17:41:26 Step    332 container[2] at 0.003 [um], t= 4.293 [ps], E=510.999 [keV]
OPAL-X> * 17:41:26 Step    333 container[0] at 1.287 [mm], t= 4.294 [ps], E=245.000 [MeV]
OPAL-X> * 17:41:26 Step    333 container[1] at 0.003 [um], t= 4.294 [ps], E=510.999 [keV]
OPAL-X> * 17:41:26 Step    333 container[2] at 0.003 [um], t= 4.294 [ps], E=510.999 [keV]
OPAL-X> * 17:41:26 Step    334 container[0] at 1.288 [mm], t= 4.295 [ps], E=245.000 [MeV]
OPAL-X> * 17:41:26 Step    334 container[1] at 0.003 [um], t= 4.295 [ps], E=510.999 [keV]
OPAL-X> * 17:41:26 Step    334 container[2] at 0.003 [um], t= 4.295 [ps], E=510.999 [keV]
OPAL-X> * 17:41:26 Step    335 container[0] at 1.288 [mm], t= 4.296 [ps], E=245.000 [MeV]
OPAL-X> * 17:41:26 Step    335 container[1] at 0.003 [um], t= 4.296 [ps], E=510.999 [keV]
OPAL-X> * 17:41:26 Step    335 container[2] at 0.003 [um], t= 4.296 [ps], E=510.999 [keV]
OPAL-X> * 17:41:26 Step    336 container[0] at 1.288 [mm], t= 4.297 [ps], E=245.000 [MeV]
OPAL-X> * 17:41:26 Step    336 container[1] at 0.003 [um], t= 4.297 [ps], E=510.999 [keV]
OPAL-X> * 17:41:26 Step    336 container[2] at 0.003 [um], t= 4.297 [ps], E=510.999 [keV]
OPAL-X> * 17:41:26 Step    337 container[0] at 1.289 [mm], t= 4.298 [ps], E=245.000 [MeV]
OPAL-X> * 17:41:26 Step    337 container[1] at 0.003 [um], t= 4.298 [ps], E=510.999 [keV]
OPAL-X> * 17:41:26 Step    337 container[2] at 0.003 [um], t= 4.298 [ps], E=510.999 [keV]
OPAL-X> * 17:41:27 Step    338 container[0] at 1.289 [mm], t= 4.299 [ps], E=245.000 [MeV]
OPAL-X> * 17:41:27 Step    338 container[1] at 0.003 [um], t= 4.299 [ps], E=510.999 [keV]
OPAL-X> * 17:41:27 Step    338 container[2] at 0.003 [um], t= 4.299 [ps], E=510.999 [keV]
OPAL-X> * 17:41:27 Step    339 container[0] at 1.289 [mm], t= 4.300 [ps], E=245.000 [MeV]
OPAL-X> * 17:41:27 Step    339 container[1] at 0.003 [um], t= 4.300 [ps], E=510.999 [keV]
OPAL-X> * 17:41:27 Step    339 container[2] at 0.003 [um], t= 4.300 [ps], E=510.999 [keV]
OPAL-X> * 17:41:27 Step    340 container[0] at 1.289 [mm], t= 4.301 [ps], E=245.000 [MeV]
OPAL-X> * 17:41:27 Step    340 container[1] at 0.003 [um], t= 4.301 [ps], E=510.999 [keV]
OPAL-X> * 17:41:27 Step    340 container[2] at 0.003 [um], t= 4.301 [ps], E=510.999 [keV]
OPAL-X> * 17:41:27 Step    341 container[0] at 1.290 [mm], t= 4.302 [ps], E=245.000 [MeV]
OPAL-X> * 17:41:27 Step    341 container[1] at 0.003 [um], t= 4.302 [ps], E=510.999 [keV]
OPAL-X> * 17:41:27 Step    341 container[2] at 0.003 [um], t= 4.302 [ps], E=510.999 [keV]
OPAL-X> * 17:41:27 Step    342 container[0] at 1.290 [mm], t= 4.303 [ps], E=245.000 [MeV]
OPAL-X> * 17:41:27 Step    342 container[1] at 0.003 [um], t= 4.303 [ps], E=510.999 [keV]
OPAL-X> * 17:41:27 Step    342 container[2] at 0.003 [um], t= 4.303 [ps], E=510.999 [keV]
OPAL-X> * 17:41:27 Step    343 container[0] at 1.290 [mm], t= 4.304 [ps], E=245.000 [MeV]
OPAL-X> * 17:41:27 Step    343 container[1] at 0.003 [um], t= 4.304 [ps], E=510.999 [keV]
OPAL-X> * 17:41:27 Step    343 container[2] at 0.003 [um], t= 4.304 [ps], E=510.999 [keV]
OPAL-X> * 17:41:27 Step    344 container[0] at 1.291 [mm], t= 4.305 [ps], E=245.000 [MeV]
OPAL-X> * 17:41:27 Step    344 container[1] at 0.003 [um], t= 4.305 [ps], E=510.999 [keV]
OPAL-X> * 17:41:27 Step    344 container[2] at 0.003 [um], t= 4.305 [ps], E=510.999 [keV]
OPAL-X> * 17:41:27 Step    345 container[0] at 1.291 [mm], t= 4.306 [ps], E=245.000 [MeV]
OPAL-X> * 17:41:27 Step    345 container[1] at 0.003 [um], t= 4.306 [ps], E=510.999 [keV]
OPAL-X> * 17:41:27 Step    345 container[2] at 0.003 [um], t= 4.306 [ps], E=510.999 [keV]
OPAL-X> * 17:41:27 Step    346 container[0] at 1.291 [mm], t= 4.307 [ps], E=245.000 [MeV]
OPAL-X> * 17:41:27 Step    346 container[1] at 0.003 [um], t= 4.307 [ps], E=510.999 [keV]
OPAL-X> * 17:41:27 Step    346 container[2] at 0.003 [um], t= 4.307 [ps], E=510.999 [keV]
OPAL-X> * 17:41:27 Step    347 container[0] at 1.292 [mm], t= 4.308 [ps], E=245.000 [MeV]
OPAL-X> * 17:41:27 Step    347 container[1] at 0.003 [um], t= 4.308 [ps], E=510.999 [keV]
OPAL-X> * 17:41:27 Step    347 container[2] at 0.003 [um], t= 4.308 [ps], E=510.999 [keV]
OPAL-X> * 17:41:27 Step    348 container[0] at 1.292 [mm], t= 4.309 [ps], E=245.000 [MeV]
OPAL-X> * 17:41:27 Step    348 container[1] at 0.003 [um], t= 4.309 [ps], E=510.999 [keV]
OPAL-X> * 17:41:27 Step    348 container[2] at 0.003 [um], t= 4.309 [ps], E=510.999 [keV]
OPAL-X> * 17:41:27 Step    349 container[0] at 1.292 [mm], t= 4.310 [ps], E=245.000 [MeV]
OPAL-X> * 17:41:27 Step    349 container[1] at 0.003 [um], t= 4.310 [ps], E=510.999 [keV]
OPAL-X> * 17:41:27 Step    349 container[2] at 0.003 [um], t= 4.310 [ps], E=510.999 [keV]
OPAL-X> * 17:41:27 Step    350 container[0] at 1.292 [mm], t= 4.311 [ps], E=245.000 [MeV]
OPAL-X> * 17:41:27 Step    350 container[1] at 0.003 [um], t= 4.311 [ps], E=510.999 [keV]
OPAL-X> * 17:41:27 Step    350 container[2] at 0.003 [um], t= 4.311 [ps], E=510.999 [keV]
OPAL-X> * 17:41:27 Step    351 container[0] at 1.293 [mm], t= 4.312 [ps], E=245.000 [MeV]
OPAL-X> * 17:41:27 Step    351 container[1] at 0.003 [um], t= 4.312 [ps], E=510.999 [keV]
OPAL-X> * 17:41:27 Step    351 container[2] at 0.003 [um], t= 4.312 [ps], E=510.999 [keV]
OPAL-X> * 17:41:27 Step    352 container[0] at 1.293 [mm], t= 4.313 [ps], E=245.000 [MeV]
OPAL-X> * 17:41:27 Step    352 container[1] at 0.003 [um], t= 4.313 [ps], E=510.999 [keV]
OPAL-X> * 17:41:27 Step    352 container[2] at 0.003 [um], t= 4.313 [ps], E=510.999 [keV]
OPAL-X> * 17:41:27 Step    353 container[0] at 1.293 [mm], t= 4.314 [ps], E=245.000 [MeV]
OPAL-X> * 17:41:27 Step    353 container[1] at 0.003 [um], t= 4.314 [ps], E=510.999 [keV]
OPAL-X> * 17:41:27 Step    353 container[2] at 0.003 [um], t= 4.314 [ps], E=510.999 [keV]
OPAL-X> * 17:41:27 Step    354 container[0] at 1.294 [mm], t= 4.315 [ps], E=245.000 [MeV]
OPAL-X> * 17:41:27 Step    354 container[1] at 0.003 [um], t= 4.315 [ps], E=510.999 [keV]
OPAL-X> * 17:41:27 Step    354 container[2] at 0.003 [um], t= 4.315 [ps], E=510.999 [keV]
OPAL-X> * 17:41:27 Step    355 container[0] at 1.294 [mm], t= 4.316 [ps], E=245.000 [MeV]
OPAL-X> * 17:41:27 Step    355 container[1] at 0.003 [um], t= 4.316 [ps], E=510.999 [keV]
OPAL-X> * 17:41:27 Step    355 container[2] at 0.003 [um], t= 4.316 [ps], E=510.999 [keV]
OPAL-X> * 17:41:27 Step    356 container[0] at 1.294 [mm], t= 4.317 [ps], E=245.000 [MeV]
OPAL-X> * 17:41:27 Step    356 container[1] at 0.003 [um], t= 4.317 [ps], E=510.999 [keV]
OPAL-X> * 17:41:27 Step    356 container[2] at 0.003 [um], t= 4.317 [ps], E=510.999 [keV]
OPAL-X> * 17:41:27 Step    357 container[0] at 1.295 [mm], t= 4.318 [ps], E=245.000 [MeV]
OPAL-X> * 17:41:27 Step    357 container[1] at 0.003 [um], t= 4.318 [ps], E=510.999 [keV]
OPAL-X> * 17:41:27 Step    357 container[2] at 0.003 [um], t= 4.318 [ps], E=510.999 [keV]
OPAL-X> * 17:41:27 Step    358 container[0] at 1.295 [mm], t= 4.319 [ps], E=245.000 [MeV]
OPAL-X> * 17:41:27 Step    358 container[1] at 0.003 [um], t= 4.319 [ps], E=510.999 [keV]
OPAL-X> * 17:41:27 Step    358 container[2] at 0.003 [um], t= 4.319 [ps], E=510.999 [keV]
OPAL-X> * 17:41:27 Step    359 container[0] at 1.295 [mm], t= 4.320 [ps], E=245.000 [MeV]
OPAL-X> * 17:41:27 Step    359 container[1] at 0.003 [um], t= 4.320 [ps], E=510.999 [keV]
OPAL-X> * 17:41:27 Step    359 container[2] at 0.003 [um], t= 4.320 [ps], E=510.999 [keV]
OPAL-X> * 17:41:27 Step    360 container[0] at 1.295 [mm], t= 4.321 [ps], E=245.000 [MeV]
OPAL-X> * 17:41:27 Step    360 container[1] at 0.003 [um], t= 4.321 [ps], E=510.999 [keV]
OPAL-X> * 17:41:27 Step    360 container[2] at 0.003 [um], t= 4.321 [ps], E=510.999 [keV]
OPAL-X> * 17:41:27 Step    361 container[0] at 1.296 [mm], t= 4.322 [ps], E=245.000 [MeV]
OPAL-X> * 17:41:27 Step    361 container[1] at 0.003 [um], t= 4.322 [ps], E=510.999 [keV]
OPAL-X> * 17:41:27 Step    361 container[2] at 0.003 [um], t= 4.322 [ps], E=510.999 [keV]
OPAL-X> * 17:41:27 Step    362 container[0] at 1.296 [mm], t= 4.323 [ps], E=245.000 [MeV]
OPAL-X> * 17:41:27 Step    362 container[1] at 0.003 [um], t= 4.323 [ps], E=510.999 [keV]
OPAL-X> * 17:41:27 Step    362 container[2] at 0.003 [um], t= 4.323 [ps], E=510.999 [keV]
OPAL-X> * 17:41:27 Step    363 container[0] at 1.296 [mm], t= 4.324 [ps], E=245.000 [MeV]
OPAL-X> * 17:41:27 Step    363 container[1] at 0.003 [um], t= 4.324 [ps], E=510.999 [keV]
OPAL-X> * 17:41:27 Step    363 container[2] at 0.003 [um], t= 4.324 [ps], E=510.999 [keV]
OPAL-X> * 17:41:27 Step    364 container[0] at 1.297 [mm], t= 4.325 [ps], E=245.000 [MeV]
OPAL-X> * 17:41:27 Step    364 container[1] at 0.003 [um], t= 4.325 [ps], E=510.999 [keV]
OPAL-X> * 17:41:27 Step    364 container[2] at 0.003 [um], t= 4.325 [ps], E=510.999 [keV]
OPAL-X> * 17:41:27 Step    365 container[0] at 1.297 [mm], t= 4.326 [ps], E=245.000 [MeV]
OPAL-X> * 17:41:27 Step    365 container[1] at 0.003 [um], t= 4.326 [ps], E=510.999 [keV]
OPAL-X> * 17:41:27 Step    365 container[2] at 0.003 [um], t= 4.326 [ps], E=510.999 [keV]
OPAL-X> * 17:41:27 Step    366 container[0] at 1.297 [mm], t= 4.327 [ps], E=245.000 [MeV]
OPAL-X> * 17:41:27 Step    366 container[1] at 0.003 [um], t= 4.327 [ps], E=510.999 [keV]
OPAL-X> * 17:41:27 Step    366 container[2] at 0.003 [um], t= 4.327 [ps], E=510.999 [keV]
OPAL-X> * 17:41:27 Step    367 container[0] at 1.297 [mm], t= 4.328 [ps], E=245.000 [MeV]
OPAL-X> * 17:41:27 Step    367 container[1] at 0.003 [um], t= 4.328 [ps], E=510.999 [keV]
OPAL-X> * 17:41:27 Step    367 container[2] at 0.003 [um], t= 4.328 [ps], E=510.999 [keV]
OPAL-X> * 17:41:27 Step    368 container[0] at 1.298 [mm], t= 4.329 [ps], E=245.000 [MeV]
OPAL-X> * 17:41:27 Step    368 container[1] at 0.003 [um], t= 4.329 [ps], E=510.999 [keV]
OPAL-X> * 17:41:27 Step    368 container[2] at 0.003 [um], t= 4.329 [ps], E=510.999 [keV]
OPAL-X> * 17:41:27 Step    369 container[0] at 1.298 [mm], t= 4.330 [ps], E=245.000 [MeV]
OPAL-X> * 17:41:27 Step    369 container[1] at 0.003 [um], t= 4.330 [ps], E=510.999 [keV]
OPAL-X> * 17:41:27 Step    369 container[2] at 0.003 [um], t= 4.330 [ps], E=510.999 [keV]
OPAL-X> * 17:41:27 Step    370 container[0] at 1.298 [mm], t= 4.331 [ps], E=245.000 [MeV]
OPAL-X> * 17:41:27 Step    370 container[1] at 0.003 [um], t= 4.331 [ps], E=510.999 [keV]
OPAL-X> * 17:41:27 Step    370 container[2] at 0.003 [um], t= 4.331 [ps], E=510.999 [keV]
OPAL-X> * 17:41:27 Step    371 container[0] at 1.299 [mm], t= 4.332 [ps], E=245.000 [MeV]
OPAL-X> * 17:41:27 Step    371 container[1] at 0.003 [um], t= 4.332 [ps], E=510.999 [keV]
OPAL-X> * 17:41:27 Step    371 container[2] at 0.003 [um], t= 4.332 [ps], E=510.999 [keV]
OPAL-X> * 17:41:27 Step    372 container[0] at 1.299 [mm], t= 4.333 [ps], E=245.000 [MeV]
OPAL-X> * 17:41:27 Step    372 container[1] at 0.003 [um], t= 4.333 [ps], E=510.999 [keV]
OPAL-X> * 17:41:27 Step    372 container[2] at 0.003 [um], t= 4.333 [ps], E=510.999 [keV]
OPAL-X> * 17:41:27 Step    373 container[0] at 1.299 [mm], t= 4.334 [ps], E=245.000 [MeV]
OPAL-X> * 17:41:27 Step    373 container[1] at 0.003 [um], t= 4.334 [ps], E=510.999 [keV]
OPAL-X> * 17:41:27 Step    373 container[2] at 0.003 [um], t= 4.334 [ps], E=510.999 [keV]
OPAL-X> * 17:41:27 Step    374 container[0] at 1.300 [mm], t= 4.335 [ps], E=245.000 [MeV]
OPAL-X> * 17:41:27 Step    374 container[1] at 0.003 [um], t= 4.335 [ps], E=510.999 [keV]
OPAL-X> * 17:41:27 Step    374 container[2] at 0.003 [um], t= 4.335 [ps], E=510.999 [keV]
OPAL-X> * 17:41:27 Step    375 container[0] at 1.300 [mm], t= 4.336 [ps], E=245.000 [MeV]
OPAL-X> * 17:41:27 Step    375 container[1] at 0.003 [um], t= 4.336 [ps], E=510.999 [keV]
OPAL-X> * 17:41:27 Step    375 container[2] at 0.003 [um], t= 4.336 [ps], E=510.999 [keV]
OPAL-X> * 17:41:27 Step    376 container[0] at 1.300 [mm], t= 4.337 [ps], E=245.000 [MeV]
OPAL-X> * 17:41:27 Step    376 container[1] at 0.003 [um], t= 4.337 [ps], E=510.999 [keV]
OPAL-X> * 17:41:27 Step    376 container[2] at 0.003 [um], t= 4.337 [ps], E=510.999 [keV]
OPAL-X> * 17:41:27 Step    377 container[0] at 1.300 [mm], t= 4.338 [ps], E=245.000 [MeV]
OPAL-X> * 17:41:27 Step    377 container[1] at 0.003 [um], t= 4.338 [ps], E=510.999 [keV]
OPAL-X> * 17:41:27 Step    377 container[2] at 0.003 [um], t= 4.338 [ps], E=510.999 [keV]
OPAL-X> * 17:41:27 Step    378 container[0] at 1.301 [mm], t= 4.339 [ps], E=245.000 [MeV]
OPAL-X> * 17:41:27 Step    378 container[1] at 0.003 [um], t= 4.339 [ps], E=510.999 [keV]
OPAL-X> * 17:41:27 Step    378 container[2] at 0.003 [um], t= 4.339 [ps], E=510.999 [keV]
OPAL-X> * 17:41:27 Step    379 container[0] at 1.301 [mm], t= 4.340 [ps], E=245.000 [MeV]
OPAL-X> * 17:41:27 Step    379 container[1] at 0.003 [um], t= 4.340 [ps], E=510.999 [keV]
OPAL-X> * 17:41:27 Step    379 container[2] at 0.003 [um], t= 4.340 [ps], E=510.999 [keV]
OPAL-X> * 17:41:27 Step    380 container[0] at 1.301 [mm], t= 4.341 [ps], E=245.000 [MeV]
OPAL-X> * 17:41:27 Step    380 container[1] at 0.003 [um], t= 4.341 [ps], E=510.999 [keV]
OPAL-X> * 17:41:27 Step    380 container[2] at 0.003 [um], t= 4.341 [ps], E=510.999 [keV]
OPAL-X> * 17:41:27 Step    381 container[0] at 1.302 [mm], t= 4.342 [ps], E=245.000 [MeV]
OPAL-X> * 17:41:27 Step    381 container[1] at 0.003 [um], t= 4.342 [ps], E=510.999 [keV]
OPAL-X> * 17:41:27 Step    381 container[2] at 0.003 [um], t= 4.342 [ps], E=510.999 [keV]
OPAL-X> * 17:41:27 Step    382 container[0] at 1.302 [mm], t= 4.343 [ps], E=245.000 [MeV]
OPAL-X> * 17:41:27 Step    382 container[1] at 0.003 [um], t= 4.343 [ps], E=510.999 [keV]
OPAL-X> * 17:41:27 Step    382 container[2] at 0.003 [um], t= 4.343 [ps], E=510.999 [keV]
OPAL-X> * 17:41:27 Step    383 container[0] at 1.302 [mm], t= 4.344 [ps], E=245.000 [MeV]
OPAL-X> * 17:41:27 Step    383 container[1] at 0.003 [um], t= 4.344 [ps], E=510.999 [keV]
OPAL-X> * 17:41:27 Step    383 container[2] at 0.003 [um], t= 4.344 [ps], E=510.999 [keV]
OPAL-X> * 17:41:27 Step    384 container[0] at 1.303 [mm], t= 4.345 [ps], E=245.000 [MeV]
OPAL-X> * 17:41:27 Step    384 container[1] at 0.003 [um], t= 4.345 [ps], E=510.999 [keV]
OPAL-X> * 17:41:27 Step    384 container[2] at 0.003 [um], t= 4.345 [ps], E=510.999 [keV]
OPAL-X> * 17:41:28 Step    385 container[0] at 1.303 [mm], t= 4.346 [ps], E=245.000 [MeV]
OPAL-X> * 17:41:28 Step    385 container[1] at 0.003 [um], t= 4.346 [ps], E=510.999 [keV]
OPAL-X> * 17:41:28 Step    385 container[2] at 0.003 [um], t= 4.346 [ps], E=510.999 [keV]
OPAL-X> * 17:41:28 Step    386 container[0] at 1.303 [mm], t= 4.347 [ps], E=245.000 [MeV]
OPAL-X> * 17:41:28 Step    386 container[1] at 0.003 [um], t= 4.347 [ps], E=510.999 [keV]
OPAL-X> * 17:41:28 Step    386 container[2] at 0.003 [um], t= 4.347 [ps], E=510.999 [keV]
OPAL-X> * 17:41:28 Step    387 container[0] at 1.303 [mm], t= 4.348 [ps], E=245.000 [MeV]
OPAL-X> * 17:41:28 Step    387 container[1] at 0.003 [um], t= 4.348 [ps], E=510.999 [keV]
OPAL-X> * 17:41:28 Step    387 container[2] at 0.003 [um], t= 4.348 [ps], E=510.999 [keV]
OPAL-X> * 17:41:28 Step    388 container[0] at 1.304 [mm], t= 4.349 [ps], E=245.000 [MeV]
OPAL-X> * 17:41:28 Step    388 container[1] at 0.003 [um], t= 4.349 [ps], E=510.999 [keV]
OPAL-X> * 17:41:28 Step    388 container[2] at 0.003 [um], t= 4.349 [ps], E=510.999 [keV]
OPAL-X> * 17:41:28 Step    389 container[0] at 1.304 [mm], t= 4.350 [ps], E=245.000 [MeV]
OPAL-X> * 17:41:28 Step    389 container[1] at 0.003 [um], t= 4.350 [ps], E=510.999 [keV]
OPAL-X> * 17:41:28 Step    389 container[2] at 0.003 [um], t= 4.350 [ps], E=510.999 [keV]
OPAL-X> * 17:41:28 Step    390 container[0] at 1.304 [mm], t= 4.351 [ps], E=245.000 [MeV]
OPAL-X> * 17:41:28 Step    390 container[1] at 0.003 [um], t= 4.351 [ps], E=510.999 [keV]
OPAL-X> * 17:41:28 Step    390 container[2] at 0.003 [um], t= 4.351 [ps], E=510.999 [keV]
OPAL-X> * 17:41:28 Step    391 container[0] at 1.305 [mm], t= 4.352 [ps], E=245.000 [MeV]
OPAL-X> * 17:41:28 Step    391 container[1] at 0.003 [um], t= 4.352 [ps], E=510.999 [keV]
OPAL-X> * 17:41:28 Step    391 container[2] at 0.003 [um], t= 4.352 [ps], E=510.999 [keV]
OPAL-X> * 17:41:28 Step    392 container[0] at 1.305 [mm], t= 4.353 [ps], E=245.000 [MeV]
OPAL-X> * 17:41:28 Step    392 container[1] at 0.003 [um], t= 4.353 [ps], E=510.999 [keV]
OPAL-X> * 17:41:28 Step    392 container[2] at 0.003 [um], t= 4.353 [ps], E=510.999 [keV]
OPAL-X> * 17:41:28 Step    393 container[0] at 1.305 [mm], t= 4.354 [ps], E=245.000 [MeV]
OPAL-X> * 17:41:28 Step    393 container[1] at 0.003 [um], t= 4.354 [ps], E=510.999 [keV]
OPAL-X> * 17:41:28 Step    393 container[2] at 0.003 [um], t= 4.354 [ps], E=510.999 [keV]
OPAL-X> * 17:41:28 Step    394 container[0] at 1.306 [mm], t= 4.355 [ps], E=245.000 [MeV]
OPAL-X> * 17:41:28 Step    394 container[1] at 0.003 [um], t= 4.355 [ps], E=510.999 [keV]
OPAL-X> * 17:41:28 Step    394 container[2] at 0.003 [um], t= 4.355 [ps], E=510.999 [keV]
OPAL-X> * 17:41:28 Step    395 container[0] at 1.306 [mm], t= 4.356 [ps], E=245.000 [MeV]
OPAL-X> * 17:41:28 Step    395 container[1] at 0.003 [um], t= 4.356 [ps], E=510.999 [keV]
OPAL-X> * 17:41:28 Step    395 container[2] at 0.003 [um], t= 4.356 [ps], E=510.999 [keV]
OPAL-X> * 17:41:28 Step    396 container[0] at 1.306 [mm], t= 4.357 [ps], E=245.000 [MeV]
OPAL-X> * 17:41:28 Step    396 container[1] at 0.003 [um], t= 4.357 [ps], E=510.999 [keV]
OPAL-X> * 17:41:28 Step    396 container[2] at 0.003 [um], t= 4.357 [ps], E=510.999 [keV]
OPAL-X> * 17:41:28 Step    397 container[0] at 1.306 [mm], t= 4.358 [ps], E=245.000 [MeV]
OPAL-X> * 17:41:28 Step    397 container[1] at 0.003 [um], t= 4.358 [ps], E=510.999 [keV]
OPAL-X> * 17:41:28 Step    397 container[2] at 0.003 [um], t= 4.358 [ps], E=510.999 [keV]
OPAL-X> * 17:41:28 Step    398 container[0] at 1.307 [mm], t= 4.359 [ps], E=245.000 [MeV]
OPAL-X> * 17:41:28 Step    398 container[1] at 0.003 [um], t= 4.359 [ps], E=510.999 [keV]
OPAL-X> * 17:41:28 Step    398 container[2] at 0.003 [um], t= 4.359 [ps], E=510.999 [keV]
OPAL-X> * 17:41:28 Step    399 container[0] at 1.307 [mm], t= 4.360 [ps], E=245.000 [MeV]
OPAL-X> * 17:41:28 Step    399 container[1] at 0.003 [um], t= 4.360 [ps], E=510.999 [keV]
OPAL-X> * 17:41:28 Step    399 container[2] at 0.003 [um], t= 4.360 [ps], E=510.999 [keV]
OPAL-X> * 17:41:28 Step    400 container[0] at 1.307 [mm], t= 4.361 [ps], E=245.000 [MeV]
OPAL-X> * 17:41:28 Step    400 container[1] at 0.003 [um], t= 4.361 [ps], E=510.999 [keV]
OPAL-X> * 17:41:28 Step    400 container[2] at 0.003 [um], t= 4.361 [ps], E=510.999 [keV]
OPAL-X> * 17:41:28 Step    401 container[0] at 1.308 [mm], t= 4.362 [ps], E=245.000 [MeV]
OPAL-X> * 17:41:28 Step    401 container[1] at 0.003 [um], t= 4.362 [ps], E=510.999 [keV]
OPAL-X> * 17:41:28 Step    401 container[2] at 0.003 [um], t= 4.362 [ps], E=510.999 [keV]
OPAL-X> * 17:41:28 Step    402 container[0] at 1.308 [mm], t= 4.363 [ps], E=245.000 [MeV]
OPAL-X> * 17:41:28 Step    402 container[1] at 0.003 [um], t= 4.363 [ps], E=510.999 [keV]
OPAL-X> * 17:41:28 Step    402 container[2] at 0.003 [um], t= 4.363 [ps], E=510.999 [keV]
OPAL-X> * 17:41:28 Step    403 container[0] at 1.308 [mm], t= 4.364 [ps], E=245.000 [MeV]
OPAL-X> * 17:41:28 Step    403 container[1] at 0.003 [um], t= 4.364 [ps], E=510.999 [keV]
OPAL-X> * 17:41:28 Step    403 container[2] at 0.003 [um], t= 4.364 [ps], E=510.999 [keV]
OPAL-X> * 17:41:28 Step    404 container[0] at 1.309 [mm], t= 4.365 [ps], E=245.000 [MeV]
OPAL-X> * 17:41:28 Step    404 container[1] at 0.003 [um], t= 4.365 [ps], E=510.999 [keV]
OPAL-X> * 17:41:28 Step    404 container[2] at 0.003 [um], t= 4.365 [ps], E=510.999 [keV]
OPAL-X> * 17:41:28 Step    405 container[0] at 1.309 [mm], t= 4.366 [ps], E=245.000 [MeV]
OPAL-X> * 17:41:28 Step    405 container[1] at 0.003 [um], t= 4.366 [ps], E=510.999 [keV]
OPAL-X> * 17:41:28 Step    405 container[2] at 0.003 [um], t= 4.366 [ps], E=510.999 [keV]
OPAL-X> * 17:41:28 Step    406 container[0] at 1.309 [mm], t= 4.367 [ps], E=245.000 [MeV]
OPAL-X> * 17:41:28 Step    406 container[1] at 0.003 [um], t= 4.367 [ps], E=510.999 [keV]
OPAL-X> * 17:41:28 Step    406 container[2] at 0.003 [um], t= 4.367 [ps], E=510.999 [keV]
OPAL-X> * 17:41:28 Step    407 container[0] at 1.309 [mm], t= 4.368 [ps], E=245.000 [MeV]
OPAL-X> * 17:41:28 Step    407 container[1] at 0.003 [um], t= 4.368 [ps], E=510.999 [keV]
OPAL-X> * 17:41:28 Step    407 container[2] at 0.003 [um], t= 4.368 [ps], E=510.999 [keV]
OPAL-X> * 17:41:28 Step    408 container[0] at 1.310 [mm], t= 4.369 [ps], E=245.000 [MeV]
OPAL-X> * 17:41:28 Step    408 container[1] at 0.003 [um], t= 4.369 [ps], E=510.999 [keV]
OPAL-X> * 17:41:28 Step    408 container[2] at 0.003 [um], t= 4.369 [ps], E=510.999 [keV]
OPAL-X> * 17:41:28 Step    409 container[0] at 1.310 [mm], t= 4.370 [ps], E=245.000 [MeV]
OPAL-X> * 17:41:28 Step    409 container[1] at 0.003 [um], t= 4.370 [ps], E=510.999 [keV]
OPAL-X> * 17:41:28 Step    409 container[2] at 0.003 [um], t= 4.370 [ps], E=510.999 [keV]
OPAL-X> * 17:41:28 Step    410 container[0] at 1.310 [mm], t= 4.371 [ps], E=245.000 [MeV]
OPAL-X> * 17:41:28 Step    410 container[1] at 0.003 [um], t= 4.371 [ps], E=510.999 [keV]
OPAL-X> * 17:41:28 Step    410 container[2] at 0.003 [um], t= 4.371 [ps], E=510.999 [keV]
OPAL-X> * 17:41:28 Step    411 container[0] at 1.311 [mm], t= 4.372 [ps], E=245.000 [MeV]
OPAL-X> * 17:41:28 Step    411 container[1] at 0.003 [um], t= 4.372 [ps], E=510.999 [keV]
OPAL-X> * 17:41:28 Step    411 container[2] at 0.003 [um], t= 4.372 [ps], E=510.999 [keV]
OPAL-X> * 17:41:28 Step    412 container[0] at 1.311 [mm], t= 4.373 [ps], E=245.000 [MeV]
OPAL-X> * 17:41:28 Step    412 container[1] at 0.003 [um], t= 4.373 [ps], E=510.999 [keV]
OPAL-X> * 17:41:28 Step    412 container[2] at 0.003 [um], t= 4.373 [ps], E=510.999 [keV]
OPAL-X> * 17:41:28 Step    413 container[0] at 1.311 [mm], t= 4.374 [ps], E=245.000 [MeV]
OPAL-X> * 17:41:28 Step    413 container[1] at 0.003 [um], t= 4.374 [ps], E=510.999 [keV]
OPAL-X> * 17:41:28 Step    413 container[2] at 0.003 [um], t= 4.374 [ps], E=510.999 [keV]
OPAL-X> * 17:41:28 Step    414 container[0] at 1.312 [mm], t= 4.375 [ps], E=245.000 [MeV]
OPAL-X> * 17:41:28 Step    414 container[1] at 0.003 [um], t= 4.375 [ps], E=510.999 [keV]
OPAL-X> * 17:41:28 Step    414 container[2] at 0.003 [um], t= 4.375 [ps], E=510.999 [keV]
OPAL-X> * 17:41:28 Step    415 container[0] at 1.312 [mm], t= 4.376 [ps], E=245.000 [MeV]
OPAL-X> * 17:41:28 Step    415 container[1] at 0.003 [um], t= 4.376 [ps], E=510.999 [keV]
OPAL-X> * 17:41:28 Step    415 container[2] at 0.003 [um], t= 4.376 [ps], E=510.999 [keV]
OPAL-X> * 17:41:28 Step    416 container[0] at 1.312 [mm], t= 4.377 [ps], E=245.000 [MeV]
OPAL-X> * 17:41:28 Step    416 container[1] at 0.003 [um], t= 4.377 [ps], E=510.999 [keV]
OPAL-X> * 17:41:28 Step    416 container[2] at 0.003 [um], t= 4.377 [ps], E=510.999 [keV]
OPAL-X> * 17:41:28 Step    417 container[0] at 1.312 [mm], t= 4.378 [ps], E=245.000 [MeV]
OPAL-X> * 17:41:28 Step    417 container[1] at 0.003 [um], t= 4.378 [ps], E=510.999 [keV]
OPAL-X> * 17:41:28 Step    417 container[2] at 0.003 [um], t= 4.378 [ps], E=510.999 [keV]
OPAL-X> * 17:41:28 Step    418 container[0] at 1.313 [mm], t= 4.379 [ps], E=245.000 [MeV]
OPAL-X> * 17:41:28 Step    418 container[1] at 0.003 [um], t= 4.379 [ps], E=510.999 [keV]
OPAL-X> * 17:41:28 Step    418 container[2] at 0.003 [um], t= 4.379 [ps], E=510.999 [keV]
OPAL-X> * 17:41:28 Step    419 container[0] at 1.313 [mm], t= 4.380 [ps], E=245.000 [MeV]
OPAL-X> * 17:41:28 Step    419 container[1] at 0.003 [um], t= 4.380 [ps], E=510.999 [keV]
OPAL-X> * 17:41:28 Step    419 container[2] at 0.003 [um], t= 4.380 [ps], E=510.999 [keV]
OPAL-X> * 17:41:28 Step    420 container[0] at 1.313 [mm], t= 4.381 [ps], E=245.000 [MeV]
OPAL-X> * 17:41:28 Step    420 container[1] at 0.003 [um], t= 4.381 [ps], E=510.999 [keV]
OPAL-X> * 17:41:28 Step    420 container[2] at 0.003 [um], t= 4.381 [ps], E=510.999 [keV]
OPAL-X> * 17:41:28 Step    421 container[0] at 1.314 [mm], t= 4.382 [ps], E=245.000 [MeV]
OPAL-X> * 17:41:28 Step    421 container[1] at 0.003 [um], t= 4.382 [ps], E=510.999 [keV]
OPAL-X> * 17:41:28 Step    421 container[2] at 0.003 [um], t= 4.382 [ps], E=510.999 [keV]
OPAL-X> * 17:41:28 Step    422 container[0] at 1.314 [mm], t= 4.383 [ps], E=245.000 [MeV]
OPAL-X> * 17:41:28 Step    422 container[1] at 0.003 [um], t= 4.383 [ps], E=510.999 [keV]
OPAL-X> * 17:41:28 Step    422 container[2] at 0.003 [um], t= 4.383 [ps], E=510.999 [keV]
OPAL-X> * 17:41:28 Step    423 container[0] at 1.314 [mm], t= 4.384 [ps], E=245.000 [MeV]
OPAL-X> * 17:41:28 Step    423 container[1] at 0.003 [um], t= 4.384 [ps], E=510.999 [keV]
OPAL-X> * 17:41:28 Step    423 container[2] at 0.003 [um], t= 4.384 [ps], E=510.999 [keV]
OPAL-X> * 17:41:28 Step    424 container[0] at 1.315 [mm], t= 4.385 [ps], E=245.000 [MeV]
OPAL-X> * 17:41:28 Step    424 container[1] at 0.003 [um], t= 4.385 [ps], E=510.999 [keV]
OPAL-X> * 17:41:28 Step    424 container[2] at 0.003 [um], t= 4.385 [ps], E=510.999 [keV]
OPAL-X> * 17:41:28 Step    425 container[0] at 1.315 [mm], t= 4.386 [ps], E=245.000 [MeV]
OPAL-X> * 17:41:28 Step    425 container[1] at 0.003 [um], t= 4.386 [ps], E=510.999 [keV]
OPAL-X> * 17:41:28 Step    425 container[2] at 0.003 [um], t= 4.386 [ps], E=510.999 [keV]
OPAL-X> * 17:41:28 Step    426 container[0] at 1.315 [mm], t= 4.387 [ps], E=245.000 [MeV]
OPAL-X> * 17:41:28 Step    426 container[1] at 0.003 [um], t= 4.387 [ps], E=510.999 [keV]
OPAL-X> * 17:41:28 Step    426 container[2] at 0.003 [um], t= 4.387 [ps], E=510.999 [keV]
OPAL-X> * 17:41:28 Step    427 container[0] at 1.315 [mm], t= 4.388 [ps], E=245.000 [MeV]
OPAL-X> * 17:41:28 Step    427 container[1] at 0.003 [um], t= 4.388 [ps], E=510.999 [keV]
OPAL-X> * 17:41:28 Step    427 container[2] at 0.003 [um], t= 4.388 [ps], E=510.999 [keV]
OPAL-X> * 17:41:28 Step    428 container[0] at 1.316 [mm], t= 4.389 [ps], E=245.000 [MeV]
OPAL-X> * 17:41:28 Step    428 container[1] at 0.003 [um], t= 4.389 [ps], E=510.999 [keV]
OPAL-X> * 17:41:28 Step    428 container[2] at 0.003 [um], t= 4.389 [ps], E=510.999 [keV]
OPAL-X> * 17:41:28 Step    429 container[0] at 1.316 [mm], t= 4.390 [ps], E=245.000 [MeV]
OPAL-X> * 17:41:28 Step    429 container[1] at 0.003 [um], t= 4.390 [ps], E=510.999 [keV]
OPAL-X> * 17:41:28 Step    429 container[2] at 0.003 [um], t= 4.390 [ps], E=510.999 [keV]
OPAL-X> * 17:41:28 Step    430 container[0] at 1.316 [mm], t= 4.391 [ps], E=245.000 [MeV]
OPAL-X> * 17:41:28 Step    430 container[1] at 0.003 [um], t= 4.391 [ps], E=510.999 [keV]
OPAL-X> * 17:41:28 Step    430 container[2] at 0.003 [um], t= 4.391 [ps], E=510.999 [keV]
OPAL-X> * 17:41:28 Step    431 container[0] at 1.317 [mm], t= 4.392 [ps], E=245.000 [MeV]
OPAL-X> * 17:41:28 Step    431 container[1] at 0.003 [um], t= 4.392 [ps], E=510.999 [keV]
OPAL-X> * 17:41:28 Step    431 container[2] at 0.003 [um], t= 4.392 [ps], E=510.999 [keV]
OPAL-X> * 17:41:29 Step    432 container[0] at 1.317 [mm], t= 4.393 [ps], E=245.000 [MeV]
OPAL-X> * 17:41:29 Step    432 container[1] at 0.003 [um], t= 4.393 [ps], E=510.999 [keV]
OPAL-X> * 17:41:29 Step    432 container[2] at 0.003 [um], t= 4.393 [ps], E=510.999 [keV]
OPAL-X> * 17:41:29 Step    433 container[0] at 1.317 [mm], t= 4.394 [ps], E=245.000 [MeV]
OPAL-X> * 17:41:29 Step    433 container[1] at 0.003 [um], t= 4.394 [ps], E=510.999 [keV]
OPAL-X> * 17:41:29 Step    433 container[2] at 0.003 [um], t= 4.394 [ps], E=510.999 [keV]
OPAL-X> * 17:41:29 Step    434 container[0] at 1.318 [mm], t= 4.395 [ps], E=245.000 [MeV]
OPAL-X> * 17:41:29 Step    434 container[1] at 0.003 [um], t= 4.395 [ps], E=510.999 [keV]
OPAL-X> * 17:41:29 Step    434 container[2] at 0.003 [um], t= 4.395 [ps], E=510.999 [keV]
OPAL-X> * 17:41:29 Step    435 container[0] at 1.318 [mm], t= 4.396 [ps], E=245.000 [MeV]
OPAL-X> * 17:41:29 Step    435 container[1] at 0.003 [um], t= 4.396 [ps], E=510.999 [keV]
OPAL-X> * 17:41:29 Step    435 container[2] at 0.003 [um], t= 4.396 [ps], E=510.999 [keV]
OPAL-X> * 17:41:29 Step    436 container[0] at 1.318 [mm], t= 4.397 [ps], E=245.000 [MeV]
OPAL-X> * 17:41:29 Step    436 container[1] at 0.003 [um], t= 4.397 [ps], E=510.999 [keV]
OPAL-X> * 17:41:29 Step    436 container[2] at 0.003 [um], t= 4.397 [ps], E=510.999 [keV]
OPAL-X> * 17:41:29 Step    437 container[0] at 1.318 [mm], t= 4.398 [ps], E=245.000 [MeV]
OPAL-X> * 17:41:29 Step    437 container[1] at 0.003 [um], t= 4.398 [ps], E=510.999 [keV]
OPAL-X> * 17:41:29 Step    437 container[2] at 0.003 [um], t= 4.398 [ps], E=510.999 [keV]
OPAL-X> * 17:41:29 Step    438 container[0] at 1.319 [mm], t= 4.399 [ps], E=245.000 [MeV]
OPAL-X> * 17:41:29 Step    438 container[1] at 0.003 [um], t= 4.399 [ps], E=510.999 [keV]
OPAL-X> * 17:41:29 Step    438 container[2] at 0.003 [um], t= 4.399 [ps], E=510.999 [keV]
OPAL-X> * 17:41:29 Step    439 container[0] at 1.319 [mm], t= 4.400 [ps], E=245.000 [MeV]
OPAL-X> * 17:41:29 Step    439 container[1] at 0.003 [um], t= 4.400 [ps], E=510.999 [keV]
OPAL-X> * 17:41:29 Step    439 container[2] at 0.003 [um], t= 4.400 [ps], E=510.999 [keV]
OPAL-X> * 17:41:29 Step    440 container[0] at 1.319 [mm], t= 4.401 [ps], E=245.000 [MeV]
OPAL-X> * 17:41:29 Step    440 container[1] at 0.003 [um], t= 4.401 [ps], E=510.999 [keV]
OPAL-X> * 17:41:29 Step    440 container[2] at 0.003 [um], t= 4.401 [ps], E=510.999 [keV]
OPAL-X> * 17:41:29 Step    441 container[0] at 1.320 [mm], t= 4.402 [ps], E=245.000 [MeV]
OPAL-X> * 17:41:29 Step    441 container[1] at 0.003 [um], t= 4.402 [ps], E=510.999 [keV]
OPAL-X> * 17:41:29 Step    441 container[2] at 0.003 [um], t= 4.402 [ps], E=510.999 [keV]
OPAL-X> * 17:41:29 Step    442 container[0] at 1.320 [mm], t= 4.403 [ps], E=245.000 [MeV]
OPAL-X> * 17:41:29 Step    442 container[1] at 0.003 [um], t= 4.403 [ps], E=510.999 [keV]
OPAL-X> * 17:41:29 Step    442 container[2] at 0.003 [um], t= 4.403 [ps], E=510.999 [keV]
OPAL-X> * 17:41:29 Step    443 container[0] at 1.320 [mm], t= 4.404 [ps], E=245.000 [MeV]
OPAL-X> * 17:41:29 Step    443 container[1] at 0.003 [um], t= 4.404 [ps], E=510.999 [keV]
OPAL-X> * 17:41:29 Step    443 container[2] at 0.003 [um], t= 4.404 [ps], E=510.999 [keV]
OPAL-X> * 17:41:29 Step    444 container[0] at 1.321 [mm], t= 4.405 [ps], E=245.000 [MeV]
OPAL-X> * 17:41:29 Step    444 container[1] at 0.003 [um], t= 4.405 [ps], E=510.999 [keV]
OPAL-X> * 17:41:29 Step    444 container[2] at 0.003 [um], t= 4.405 [ps], E=510.999 [keV]
OPAL-X> * 17:41:29 Step    445 container[0] at 1.321 [mm], t= 4.406 [ps], E=245.000 [MeV]
OPAL-X> * 17:41:29 Step    445 container[1] at 0.003 [um], t= 4.406 [ps], E=510.999 [keV]
OPAL-X> * 17:41:29 Step    445 container[2] at 0.003 [um], t= 4.406 [ps], E=510.999 [keV]
OPAL-X> * 17:41:29 Step    446 container[0] at 1.321 [mm], t= 4.407 [ps], E=245.000 [MeV]
OPAL-X> * 17:41:29 Step    446 container[1] at 0.003 [um], t= 4.407 [ps], E=510.999 [keV]
OPAL-X> * 17:41:29 Step    446 container[2] at 0.003 [um], t= 4.407 [ps], E=510.999 [keV]
OPAL-X> * 17:41:29 Step    447 container[0] at 1.321 [mm], t= 4.408 [ps], E=245.000 [MeV]
OPAL-X> * 17:41:29 Step    447 container[1] at 0.003 [um], t= 4.408 [ps], E=510.999 [keV]
OPAL-X> * 17:41:29 Step    447 container[2] at 0.003 [um], t= 4.408 [ps], E=510.999 [keV]
OPAL-X> * 17:41:29 Step    448 container[0] at 1.322 [mm], t= 4.409 [ps], E=245.000 [MeV]
OPAL-X> * 17:41:29 Step    448 container[1] at 0.003 [um], t= 4.409 [ps], E=510.999 [keV]
OPAL-X> * 17:41:29 Step    448 container[2] at 0.003 [um], t= 4.409 [ps], E=510.999 [keV]
OPAL-X> * 17:41:29 Step    449 container[0] at 1.322 [mm], t= 4.410 [ps], E=245.000 [MeV]
OPAL-X> * 17:41:29 Step    449 container[1] at 0.003 [um], t= 4.410 [ps], E=510.999 [keV]
OPAL-X> * 17:41:29 Step    449 container[2] at 0.003 [um], t= 4.410 [ps], E=510.999 [keV]
OPAL-X> * 17:41:29 Step    450 container[0] at 1.322 [mm], t= 4.411 [ps], E=245.000 [MeV]
OPAL-X> * 17:41:29 Step    450 container[1] at 0.003 [um], t= 4.411 [ps], E=510.999 [keV]
OPAL-X> * 17:41:29 Step    450 container[2] at 0.003 [um], t= 4.411 [ps], E=510.999 [keV]
OPAL-X> * 17:41:29 Step    451 container[0] at 1.323 [mm], t= 4.412 [ps], E=245.000 [MeV]
OPAL-X> * 17:41:29 Step    451 container[1] at 0.003 [um], t= 4.412 [ps], E=510.999 [keV]
OPAL-X> * 17:41:29 Step    451 container[2] at 0.003 [um], t= 4.412 [ps], E=510.999 [keV]
OPAL-X> * 17:41:29 Step    452 container[0] at 1.323 [mm], t= 4.413 [ps], E=245.000 [MeV]
OPAL-X> * 17:41:29 Step    452 container[1] at 0.003 [um], t= 4.413 [ps], E=510.999 [keV]
OPAL-X> * 17:41:29 Step    452 container[2] at 0.003 [um], t= 4.413 [ps], E=510.999 [keV]
OPAL-X> * 17:41:29 Step    453 container[0] at 1.323 [mm], t= 4.414 [ps], E=245.000 [MeV]
OPAL-X> * 17:41:29 Step    453 container[1] at 0.003 [um], t= 4.414 [ps], E=510.999 [keV]
OPAL-X> * 17:41:29 Step    453 container[2] at 0.003 [um], t= 4.414 [ps], E=510.999 [keV]
OPAL-X> * 17:41:29 Step    454 container[0] at 1.324 [mm], t= 4.415 [ps], E=245.000 [MeV]
OPAL-X> * 17:41:29 Step    454 container[1] at 0.003 [um], t= 4.415 [ps], E=510.999 [keV]
OPAL-X> * 17:41:29 Step    454 container[2] at 0.003 [um], t= 4.415 [ps], E=510.999 [keV]
OPAL-X> * 17:41:29 Step    455 container[0] at 1.324 [mm], t= 4.416 [ps], E=245.000 [MeV]
OPAL-X> * 17:41:29 Step    455 container[1] at 0.003 [um], t= 4.416 [ps], E=510.999 [keV]
OPAL-X> * 17:41:29 Step    455 container[2] at 0.003 [um], t= 4.416 [ps], E=510.999 [keV]
OPAL-X> * 17:41:29 Step    456 container[0] at 1.324 [mm], t= 4.417 [ps], E=245.000 [MeV]
OPAL-X> * 17:41:29 Step    456 container[1] at 0.003 [um], t= 4.417 [ps], E=510.999 [keV]
OPAL-X> * 17:41:29 Step    456 container[2] at 0.003 [um], t= 4.417 [ps], E=510.999 [keV]
OPAL-X> * 17:41:29 Step    457 container[0] at 1.324 [mm], t= 4.418 [ps], E=245.000 [MeV]
OPAL-X> * 17:41:29 Step    457 container[1] at 0.003 [um], t= 4.418 [ps], E=510.999 [keV]
OPAL-X> * 17:41:29 Step    457 container[2] at 0.003 [um], t= 4.418 [ps], E=510.999 [keV]
OPAL-X> * 17:41:29 Step    458 container[0] at 1.325 [mm], t= 4.419 [ps], E=245.000 [MeV]
OPAL-X> * 17:41:29 Step    458 container[1] at 0.003 [um], t= 4.419 [ps], E=510.999 [keV]
OPAL-X> * 17:41:29 Step    458 container[2] at 0.003 [um], t= 4.419 [ps], E=510.999 [keV]
OPAL-X> * 17:41:29 Step    459 container[0] at 1.325 [mm], t= 4.420 [ps], E=245.000 [MeV]
OPAL-X> * 17:41:29 Step    459 container[1] at 0.003 [um], t= 4.420 [ps], E=510.999 [keV]
OPAL-X> * 17:41:29 Step    459 container[2] at 0.003 [um], t= 4.420 [ps], E=510.999 [keV]
OPAL-X> * 17:41:29 Step    460 container[0] at 1.325 [mm], t= 4.421 [ps], E=245.000 [MeV]
OPAL-X> * 17:41:29 Step    460 container[1] at 0.003 [um], t= 4.421 [ps], E=510.999 [keV]
OPAL-X> * 17:41:29 Step    460 container[2] at 0.003 [um], t= 4.421 [ps], E=510.999 [keV]
OPAL-X> * 17:41:29 Step    461 container[0] at 1.326 [mm], t= 4.422 [ps], E=245.000 [MeV]
OPAL-X> * 17:41:29 Step    461 container[1] at 0.003 [um], t= 4.422 [ps], E=510.999 [keV]
OPAL-X> * 17:41:29 Step    461 container[2] at 0.003 [um], t= 4.422 [ps], E=510.999 [keV]
OPAL-X> * 17:41:29 Step    462 container[0] at 1.326 [mm], t= 4.423 [ps], E=245.000 [MeV]
OPAL-X> * 17:41:29 Step    462 container[1] at 0.003 [um], t= 4.423 [ps], E=510.999 [keV]
OPAL-X> * 17:41:29 Step    462 container[2] at 0.003 [um], t= 4.423 [ps], E=510.999 [keV]
OPAL-X> * 17:41:29 Step    463 container[0] at 1.326 [mm], t= 4.424 [ps], E=245.000 [MeV]
OPAL-X> * 17:41:29 Step    463 container[1] at 0.003 [um], t= 4.424 [ps], E=510.999 [keV]
OPAL-X> * 17:41:29 Step    463 container[2] at 0.003 [um], t= 4.424 [ps], E=510.999 [keV]
OPAL-X> * 17:41:29 Step    464 container[0] at 1.327 [mm], t= 4.425 [ps], E=245.000 [MeV]
OPAL-X> * 17:41:29 Step    464 container[1] at 0.003 [um], t= 4.425 [ps], E=510.999 [keV]
OPAL-X> * 17:41:29 Step    464 container[2] at 0.003 [um], t= 4.425 [ps], E=510.999 [keV]
OPAL-X> * 17:41:29 Step    465 container[0] at 1.327 [mm], t= 4.426 [ps], E=245.000 [MeV]
OPAL-X> * 17:41:29 Step    465 container[1] at 0.003 [um], t= 4.426 [ps], E=510.999 [keV]
OPAL-X> * 17:41:29 Step    465 container[2] at 0.003 [um], t= 4.426 [ps], E=510.999 [keV]
OPAL-X> * 17:41:29 Step    466 container[0] at 1.327 [mm], t= 4.427 [ps], E=245.000 [MeV]
OPAL-X> * 17:41:29 Step    466 container[1] at 0.003 [um], t= 4.427 [ps], E=510.999 [keV]
OPAL-X> * 17:41:29 Step    466 container[2] at 0.003 [um], t= 4.427 [ps], E=510.999 [keV]
OPAL-X> * 17:41:29 Step    467 container[0] at 1.327 [mm], t= 4.428 [ps], E=245.000 [MeV]
OPAL-X> * 17:41:29 Step    467 container[1] at 0.003 [um], t= 4.428 [ps], E=510.999 [keV]
OPAL-X> * 17:41:29 Step    467 container[2] at 0.003 [um], t= 4.428 [ps], E=510.999 [keV]
OPAL-X> * 17:41:29 Step    468 container[0] at 1.328 [mm], t= 4.429 [ps], E=245.000 [MeV]
OPAL-X> * 17:41:29 Step    468 container[1] at 0.003 [um], t= 4.429 [ps], E=510.999 [keV]
OPAL-X> * 17:41:29 Step    468 container[2] at 0.003 [um], t= 4.429 [ps], E=510.999 [keV]
OPAL-X> * 17:41:29 Step    469 container[0] at 1.328 [mm], t= 4.430 [ps], E=245.000 [MeV]
OPAL-X> * 17:41:29 Step    469 container[1] at 0.003 [um], t= 4.430 [ps], E=510.999 [keV]
OPAL-X> * 17:41:29 Step    469 container[2] at 0.003 [um], t= 4.430 [ps], E=510.999 [keV]
OPAL-X> * 17:41:29 Step    470 container[0] at 1.328 [mm], t= 4.431 [ps], E=245.000 [MeV]
OPAL-X> * 17:41:29 Step    470 container[1] at 0.003 [um], t= 4.431 [ps], E=510.999 [keV]
OPAL-X> * 17:41:29 Step    470 container[2] at 0.003 [um], t= 4.431 [ps], E=510.999 [keV]
OPAL-X> * 17:41:29 Step    471 container[0] at 1.329 [mm], t= 4.432 [ps], E=245.000 [MeV]
OPAL-X> * 17:41:29 Step    471 container[1] at 0.003 [um], t= 4.432 [ps], E=510.999 [keV]
OPAL-X> * 17:41:29 Step    471 container[2] at 0.003 [um], t= 4.432 [ps], E=510.999 [keV]
OPAL-X> * 17:41:29 Step    472 container[0] at 1.329 [mm], t= 4.433 [ps], E=245.000 [MeV]
OPAL-X> * 17:41:29 Step    472 container[1] at 0.003 [um], t= 4.433 [ps], E=510.999 [keV]
OPAL-X> * 17:41:29 Step    472 container[2] at 0.003 [um], t= 4.433 [ps], E=510.999 [keV]
OPAL-X> * 17:41:29 Step    473 container[0] at 1.329 [mm], t= 4.434 [ps], E=245.000 [MeV]
OPAL-X> * 17:41:29 Step    473 container[1] at 0.003 [um], t= 4.434 [ps], E=510.999 [keV]
OPAL-X> * 17:41:29 Step    473 container[2] at 0.003 [um], t= 4.434 [ps], E=510.999 [keV]
OPAL-X> * 17:41:29 Step    474 container[0] at 1.330 [mm], t= 4.435 [ps], E=245.000 [MeV]
OPAL-X> * 17:41:29 Step    474 container[1] at 0.003 [um], t= 4.435 [ps], E=510.999 [keV]
OPAL-X> * 17:41:29 Step    474 container[2] at 0.003 [um], t= 4.435 [ps], E=510.999 [keV]
OPAL-X> * 17:41:29 Step    475 container[0] at 1.330 [mm], t= 4.436 [ps], E=245.000 [MeV]
OPAL-X> * 17:41:29 Step    475 container[1] at 0.003 [um], t= 4.436 [ps], E=510.999 [keV]
OPAL-X> * 17:41:29 Step    475 container[2] at 0.003 [um], t= 4.436 [ps], E=510.999 [keV]
OPAL-X> * 17:41:29 Step    476 container[0] at 1.330 [mm], t= 4.437 [ps], E=245.000 [MeV]
OPAL-X> * 17:41:29 Step    476 container[1] at 0.003 [um], t= 4.437 [ps], E=510.999 [keV]
OPAL-X> * 17:41:29 Step    476 container[2] at 0.003 [um], t= 4.437 [ps], E=510.999 [keV]
OPAL-X> * 17:41:29 Step    477 container[0] at 1.330 [mm], t= 4.438 [ps], E=245.000 [MeV]
OPAL-X> * 17:41:29 Step    477 container[1] at 0.003 [um], t= 4.438 [ps], E=510.999 [keV]
OPAL-X> * 17:41:29 Step    477 container[2] at 0.003 [um], t= 4.438 [ps], E=510.999 [keV]
OPAL-X> * 17:41:29 Step    478 container[0] at 1.331 [mm], t= 4.439 [ps], E=245.000 [MeV]
OPAL-X> * 17:41:29 Step    478 container[1] at 0.003 [um], t= 4.439 [ps], E=510.999 [keV]
OPAL-X> * 17:41:29 Step    478 container[2] at 0.003 [um], t= 4.439 [ps], E=510.999 [keV]
OPAL-X> * 17:41:29 Step    479 container[0] at 1.331 [mm], t= 4.440 [ps], E=245.000 [MeV]
OPAL-X> * 17:41:29 Step    479 container[1] at 0.003 [um], t= 4.440 [ps], E=510.999 [keV]
OPAL-X> * 17:41:29 Step    479 container[2] at 0.003 [um], t= 4.440 [ps], E=510.999 [keV]
OPAL-X> * 17:41:29 Step    480 container[0] at 1.331 [mm], t= 4.441 [ps], E=245.000 [MeV]
OPAL-X> * 17:41:29 Step    480 container[1] at 0.003 [um], t= 4.441 [ps], E=510.999 [keV]
OPAL-X> * 17:41:29 Step    480 container[2] at 0.003 [um], t= 4.441 [ps], E=510.999 [keV]
OPAL-X> * 17:41:29 Step    481 container[0] at 1.332 [mm], t= 4.442 [ps], E=245.000 [MeV]
OPAL-X> * 17:41:29 Step    481 container[1] at 0.003 [um], t= 4.442 [ps], E=510.999 [keV]
OPAL-X> * 17:41:29 Step    481 container[2] at 0.003 [um], t= 4.442 [ps], E=510.999 [keV]
OPAL-X> * 17:41:30 Step    482 container[0] at 1.332 [mm], t= 4.443 [ps], E=245.000 [MeV]
OPAL-X> * 17:41:30 Step    482 container[1] at 0.003 [um], t= 4.443 [ps], E=510.999 [keV]
OPAL-X> * 17:41:30 Step    482 container[2] at 0.003 [um], t= 4.443 [ps], E=510.999 [keV]
OPAL-X> * 17:41:30 Step    483 container[0] at 1.332 [mm], t= 4.444 [ps], E=245.000 [MeV]
OPAL-X> * 17:41:30 Step    483 container[1] at 0.003 [um], t= 4.444 [ps], E=510.999 [keV]
OPAL-X> * 17:41:30 Step    483 container[2] at 0.003 [um], t= 4.444 [ps], E=510.999 [keV]
OPAL-X> * 17:41:30 Step    484 container[0] at 1.333 [mm], t= 4.445 [ps], E=245.000 [MeV]
OPAL-X> * 17:41:30 Step    484 container[1] at 0.003 [um], t= 4.445 [ps], E=510.999 [keV]
OPAL-X> * 17:41:30 Step    484 container[2] at 0.003 [um], t= 4.445 [ps], E=510.999 [keV]
OPAL-X> * 17:41:30 Step    485 container[0] at 1.333 [mm], t= 4.446 [ps], E=245.000 [MeV]
OPAL-X> * 17:41:30 Step    485 container[1] at 0.003 [um], t= 4.446 [ps], E=510.999 [keV]
OPAL-X> * 17:41:30 Step    485 container[2] at 0.003 [um], t= 4.446 [ps], E=510.999 [keV]
OPAL-X> * 17:41:30 Step    486 container[0] at 1.333 [mm], t= 4.447 [ps], E=245.000 [MeV]
OPAL-X> * 17:41:30 Step    486 container[1] at 0.003 [um], t= 4.447 [ps], E=510.999 [keV]
OPAL-X> * 17:41:30 Step    486 container[2] at 0.003 [um], t= 4.447 [ps], E=510.999 [keV]
OPAL-X> * 17:41:30 Step    487 container[0] at 1.333 [mm], t= 4.448 [ps], E=245.000 [MeV]
OPAL-X> * 17:41:30 Step    487 container[1] at 0.003 [um], t= 4.448 [ps], E=510.999 [keV]
OPAL-X> * 17:41:30 Step    487 container[2] at 0.003 [um], t= 4.448 [ps], E=510.999 [keV]
OPAL-X> * 17:41:30 Step    488 container[0] at 1.334 [mm], t= 4.449 [ps], E=245.000 [MeV]
OPAL-X> * 17:41:30 Step    488 container[1] at 0.003 [um], t= 4.449 [ps], E=510.999 [keV]
OPAL-X> * 17:41:30 Step    488 container[2] at 0.003 [um], t= 4.449 [ps], E=510.999 [keV]
OPAL-X> * 17:41:30 Step    489 container[0] at 1.334 [mm], t= 4.450 [ps], E=245.000 [MeV]
OPAL-X> * 17:41:30 Step    489 container[1] at 0.003 [um], t= 4.450 [ps], E=510.999 [keV]
OPAL-X> * 17:41:30 Step    489 container[2] at 0.003 [um], t= 4.450 [ps], E=510.999 [keV]
OPAL-X> * 17:41:30 Step    490 container[0] at 1.334 [mm], t= 4.451 [ps], E=245.000 [MeV]
OPAL-X> * 17:41:30 Step    490 container[1] at 0.003 [um], t= 4.451 [ps], E=510.999 [keV]
OPAL-X> * 17:41:30 Step    490 container[2] at 0.003 [um], t= 4.451 [ps], E=510.999 [keV]
OPAL-X> * 17:41:30 Step    491 container[0] at 1.335 [mm], t= 4.452 [ps], E=245.000 [MeV]
OPAL-X> * 17:41:30 Step    491 container[1] at 0.003 [um], t= 4.452 [ps], E=510.999 [keV]
OPAL-X> * 17:41:30 Step    491 container[2] at 0.003 [um], t= 4.452 [ps], E=510.999 [keV]
OPAL-X> * 17:41:30 Step    492 container[0] at 1.335 [mm], t= 4.453 [ps], E=245.000 [MeV]
OPAL-X> * 17:41:30 Step    492 container[1] at 0.003 [um], t= 4.453 [ps], E=510.999 [keV]
OPAL-X> * 17:41:30 Step    492 container[2] at 0.003 [um], t= 4.453 [ps], E=510.999 [keV]
OPAL-X> * 17:41:30 Step    493 container[0] at 1.335 [mm], t= 4.454 [ps], E=245.000 [MeV]
OPAL-X> * 17:41:30 Step    493 container[1] at 0.003 [um], t= 4.454 [ps], E=510.999 [keV]
OPAL-X> * 17:41:30 Step    493 container[2] at 0.003 [um], t= 4.454 [ps], E=510.999 [keV]
OPAL-X> * 17:41:30 Step    494 container[0] at 1.336 [mm], t= 4.455 [ps], E=245.000 [MeV]
OPAL-X> * 17:41:30 Step    494 container[1] at 0.003 [um], t= 4.455 [ps], E=510.999 [keV]
OPAL-X> * 17:41:30 Step    494 container[2] at 0.003 [um], t= 4.455 [ps], E=510.999 [keV]
OPAL-X> * 17:41:30 Step    495 container[0] at 1.336 [mm], t= 4.456 [ps], E=245.000 [MeV]
OPAL-X> * 17:41:30 Step    495 container[1] at 0.003 [um], t= 4.456 [ps], E=510.999 [keV]
OPAL-X> * 17:41:30 Step    495 container[2] at 0.003 [um], t= 4.456 [ps], E=510.999 [keV]
OPAL-X> * 17:41:30 Step    496 container[0] at 1.336 [mm], t= 4.457 [ps], E=245.000 [MeV]
OPAL-X> * 17:41:30 Step    496 container[1] at 0.003 [um], t= 4.457 [ps], E=510.999 [keV]
OPAL-X> * 17:41:30 Step    496 container[2] at 0.003 [um], t= 4.457 [ps], E=510.999 [keV]
OPAL-X> * 17:41:30 Step    497 container[0] at 1.336 [mm], t= 4.458 [ps], E=245.000 [MeV]
OPAL-X> * 17:41:30 Step    497 container[1] at 0.003 [um], t= 4.458 [ps], E=510.999 [keV]
OPAL-X> * 17:41:30 Step    497 container[2] at 0.003 [um], t= 4.458 [ps], E=510.999 [keV]
OPAL-X> * 17:41:30 Step    498 container[0] at 1.337 [mm], t= 4.459 [ps], E=245.000 [MeV]
OPAL-X> * 17:41:30 Step    498 container[1] at 0.003 [um], t= 4.459 [ps], E=510.999 [keV]
OPAL-X> * 17:41:30 Step    498 container[2] at 0.003 [um], t= 4.459 [ps], E=510.999 [keV]
OPAL-X> * 17:41:30 Step    499 container[0] at 1.337 [mm], t= 4.460 [ps], E=245.000 [MeV]
OPAL-X> * 17:41:30 Step    499 container[1] at 0.003 [um], t= 4.460 [ps], E=510.999 [keV]
OPAL-X> * 17:41:30 Step    499 container[2] at 0.003 [um], t= 4.460 [ps], E=510.999 [keV]
OPAL-X> * 17:41:30 Step    500 container[0] at 1.337 [mm], t= 4.461 [ps], E=245.000 [MeV]
OPAL-X> * 17:41:30 Step    500 container[1] at 0.003 [um], t= 4.461 [ps], E=510.999 [keV]
OPAL-X> * 17:41:30 Step    500 container[2] at 0.003 [um], t= 4.461 [ps], E=510.999 [keV]
OPAL-X> * 17:41:30 Step    501 container[0] at 1.338 [mm], t= 4.462 [ps], E=245.000 [MeV]
OPAL-X> * 17:41:30 Step    501 container[1] at 0.003 [um], t= 4.462 [ps], E=510.999 [keV]
OPAL-X> * 17:41:30 Step    501 container[2] at 0.003 [um], t= 4.462 [ps], E=510.999 [keV]
OPAL-X> * 17:41:30 Step    502 container[0] at 1.338 [mm], t= 4.463 [ps], E=245.000 [MeV]
OPAL-X> * 17:41:30 Step    502 container[1] at 0.003 [um], t= 4.463 [ps], E=510.999 [keV]
OPAL-X> * 17:41:30 Step    502 container[2] at 0.003 [um], t= 4.463 [ps], E=510.999 [keV]
OPAL-X> * 17:41:30 Step    503 container[0] at 1.338 [mm], t= 4.464 [ps], E=245.000 [MeV]
OPAL-X> * 17:41:30 Step    503 container[1] at 0.003 [um], t= 4.464 [ps], E=510.999 [keV]
OPAL-X> * 17:41:30 Step    503 container[2] at 0.003 [um], t= 4.464 [ps], E=510.999 [keV]
OPAL-X> * 17:41:30 Step    504 container[0] at 1.339 [mm], t= 4.465 [ps], E=245.000 [MeV]
OPAL-X> * 17:41:30 Step    504 container[1] at 0.003 [um], t= 4.465 [ps], E=510.999 [keV]
OPAL-X> * 17:41:30 Step    504 container[2] at 0.003 [um], t= 4.465 [ps], E=510.999 [keV]
OPAL-X> * 17:41:30 Step    505 container[0] at 1.339 [mm], t= 4.466 [ps], E=245.000 [MeV]
OPAL-X> * 17:41:30 Step    505 container[1] at 0.003 [um], t= 4.466 [ps], E=510.999 [keV]
OPAL-X> * 17:41:30 Step    505 container[2] at 0.003 [um], t= 4.466 [ps], E=510.999 [keV]
OPAL-X> * 17:41:30 Step    506 container[0] at 1.339 [mm], t= 4.467 [ps], E=245.000 [MeV]
OPAL-X> * 17:41:30 Step    506 container[1] at 0.003 [um], t= 4.467 [ps], E=510.999 [keV]
OPAL-X> * 17:41:30 Step    506 container[2] at 0.003 [um], t= 4.467 [ps], E=510.999 [keV]
OPAL-X> * 17:41:30 Step    507 container[0] at 1.339 [mm], t= 4.468 [ps], E=245.000 [MeV]
OPAL-X> * 17:41:30 Step    507 container[1] at 0.003 [um], t= 4.468 [ps], E=510.999 [keV]
OPAL-X> * 17:41:30 Step    507 container[2] at 0.003 [um], t= 4.468 [ps], E=510.999 [keV]
OPAL-X> * 17:41:30 Step    508 container[0] at 1.340 [mm], t= 4.469 [ps], E=245.000 [MeV]
OPAL-X> * 17:41:30 Step    508 container[1] at 0.003 [um], t= 4.469 [ps], E=510.999 [keV]
OPAL-X> * 17:41:30 Step    508 container[2] at 0.003 [um], t= 4.469 [ps], E=510.999 [keV]
OPAL-X> * 17:41:30 Step    509 container[0] at 1.340 [mm], t= 4.470 [ps], E=245.000 [MeV]
OPAL-X> * 17:41:30 Step    509 container[1] at 0.003 [um], t= 4.470 [ps], E=510.999 [keV]
OPAL-X> * 17:41:30 Step    509 container[2] at 0.003 [um], t= 4.470 [ps], E=510.999 [keV]
OPAL-X> * 17:41:30 Step    510 container[0] at 1.340 [mm], t= 4.471 [ps], E=245.000 [MeV]
OPAL-X> * 17:41:30 Step    510 container[1] at 0.003 [um], t= 4.471 [ps], E=510.999 [keV]
OPAL-X> * 17:41:30 Step    510 container[2] at 0.003 [um], t= 4.471 [ps], E=510.999 [keV]
OPAL-X> * 17:41:30 Step    511 container[0] at 1.341 [mm], t= 4.472 [ps], E=245.000 [MeV]
OPAL-X> * 17:41:30 Step    511 container[1] at 0.003 [um], t= 4.472 [ps], E=510.999 [keV]
OPAL-X> * 17:41:30 Step    511 container[2] at 0.003 [um], t= 4.472 [ps], E=510.999 [keV]
OPAL-X> * 17:41:30 Step    512 container[0] at 1.341 [mm], t= 4.473 [ps], E=245.000 [MeV]
OPAL-X> * 17:41:30 Step    512 container[1] at 0.003 [um], t= 4.473 [ps], E=510.999 [keV]
OPAL-X> * 17:41:30 Step    512 container[2] at 0.003 [um], t= 4.473 [ps], E=510.999 [keV]
OPAL-X> * 17:41:30 Step    513 container[0] at 1.341 [mm], t= 4.474 [ps], E=245.000 [MeV]
OPAL-X> * 17:41:30 Step    513 container[1] at 0.003 [um], t= 4.474 [ps], E=510.999 [keV]
OPAL-X> * 17:41:30 Step    513 container[2] at 0.003 [um], t= 4.474 [ps], E=510.999 [keV]
OPAL-X> * 17:41:30 Step    514 container[0] at 1.342 [mm], t= 4.475 [ps], E=245.000 [MeV]
OPAL-X> * 17:41:30 Step    514 container[1] at 0.003 [um], t= 4.475 [ps], E=510.999 [keV]
OPAL-X> * 17:41:30 Step    514 container[2] at 0.003 [um], t= 4.475 [ps], E=510.999 [keV]
OPAL-X> * 17:41:30 Step    515 container[0] at 1.342 [mm], t= 4.476 [ps], E=245.000 [MeV]
OPAL-X> * 17:41:30 Step    515 container[1] at 0.003 [um], t= 4.476 [ps], E=510.999 [keV]
OPAL-X> * 17:41:30 Step    515 container[2] at 0.003 [um], t= 4.476 [ps], E=510.999 [keV]
OPAL-X> * 17:41:30 Step    516 container[0] at 1.342 [mm], t= 4.477 [ps], E=245.000 [MeV]
OPAL-X> * 17:41:30 Step    516 container[1] at 0.003 [um], t= 4.477 [ps], E=510.999 [keV]
OPAL-X> * 17:41:30 Step    516 container[2] at 0.003 [um], t= 4.477 [ps], E=510.999 [keV]
OPAL-X> * 17:41:30 Step    517 container[0] at 1.342 [mm], t= 4.478 [ps], E=245.000 [MeV]
OPAL-X> * 17:41:30 Step    517 container[1] at 0.003 [um], t= 4.478 [ps], E=510.999 [keV]
OPAL-X> * 17:41:30 Step    517 container[2] at 0.003 [um], t= 4.478 [ps], E=510.999 [keV]
OPAL-X> * 17:41:30 Step    518 container[0] at 1.343 [mm], t= 4.479 [ps], E=245.000 [MeV]
OPAL-X> * 17:41:30 Step    518 container[1] at 0.003 [um], t= 4.479 [ps], E=510.999 [keV]
OPAL-X> * 17:41:30 Step    518 container[2] at 0.003 [um], t= 4.479 [ps], E=510.999 [keV]
OPAL-X> * 17:41:30 Step    519 container[0] at 1.343 [mm], t= 4.480 [ps], E=245.000 [MeV]
OPAL-X> * 17:41:30 Step    519 container[1] at 0.003 [um], t= 4.480 [ps], E=510.999 [keV]
OPAL-X> * 17:41:30 Step    519 container[2] at 0.003 [um], t= 4.480 [ps], E=510.999 [keV]
OPAL-X> * 17:41:30 Step    520 container[0] at 1.343 [mm], t= 4.481 [ps], E=245.000 [MeV]
OPAL-X> * 17:41:30 Step    520 container[1] at 0.003 [um], t= 4.481 [ps], E=510.999 [keV]
OPAL-X> * 17:41:30 Step    520 container[2] at 0.003 [um], t= 4.481 [ps], E=510.999 [keV]
OPAL-X> * 17:41:30 Step    521 container[0] at 1.344 [mm], t= 4.482 [ps], E=245.000 [MeV]
OPAL-X> * 17:41:30 Step    521 container[1] at 0.003 [um], t= 4.482 [ps], E=510.999 [keV]
OPAL-X> * 17:41:30 Step    521 container[2] at 0.003 [um], t= 4.482 [ps], E=510.999 [keV]
OPAL-X> * 17:41:30 Step    522 container[0] at 1.344 [mm], t= 4.483 [ps], E=245.000 [MeV]
OPAL-X> * 17:41:30 Step    522 container[1] at 0.003 [um], t= 4.483 [ps], E=510.999 [keV]
OPAL-X> * 17:41:30 Step    522 container[2] at 0.003 [um], t= 4.483 [ps], E=510.999 [keV]
OPAL-X> * 17:41:30 Step    523 container[0] at 1.344 [mm], t= 4.484 [ps], E=245.000 [MeV]
OPAL-X> * 17:41:30 Step    523 container[1] at 0.003 [um], t= 4.484 [ps], E=510.999 [keV]
OPAL-X> * 17:41:30 Step    523 container[2] at 0.003 [um], t= 4.484 [ps], E=510.999 [keV]
OPAL-X> * 17:41:30 Step    524 container[0] at 1.345 [mm], t= 4.485 [ps], E=245.000 [MeV]
OPAL-X> * 17:41:30 Step    524 container[1] at 0.003 [um], t= 4.485 [ps], E=510.999 [keV]
OPAL-X> * 17:41:30 Step    524 container[2] at 0.003 [um], t= 4.485 [ps], E=510.999 [keV]
OPAL-X> * 17:41:30 Step    525 container[0] at 1.345 [mm], t= 4.486 [ps], E=245.000 [MeV]
OPAL-X> * 17:41:30 Step    525 container[1] at 0.003 [um], t= 4.486 [ps], E=510.999 [keV]
OPAL-X> * 17:41:30 Step    525 container[2] at 0.003 [um], t= 4.486 [ps], E=510.999 [keV]
OPAL-X> * 17:41:30 Step    526 container[0] at 1.345 [mm], t= 4.487 [ps], E=245.000 [MeV]
OPAL-X> * 17:41:30 Step    526 container[1] at 0.003 [um], t= 4.487 [ps], E=510.999 [keV]
OPAL-X> * 17:41:30 Step    526 container[2] at 0.003 [um], t= 4.487 [ps], E=510.999 [keV]
OPAL-X> * 17:41:30 Step    527 container[0] at 1.345 [mm], t= 4.488 [ps], E=245.000 [MeV]
OPAL-X> * 17:41:30 Step    527 container[1] at 0.003 [um], t= 4.488 [ps], E=510.999 [keV]
OPAL-X> * 17:41:30 Step    527 container[2] at 0.003 [um], t= 4.488 [ps], E=510.999 [keV]
OPAL-X> * 17:41:30 Step    528 container[0] at 1.346 [mm], t= 4.489 [ps], E=245.000 [MeV]
OPAL-X> * 17:41:30 Step    528 container[1] at 0.003 [um], t= 4.489 [ps], E=510.999 [keV]
OPAL-X> * 17:41:30 Step    528 container[2] at 0.003 [um], t= 4.489 [ps], E=510.999 [keV]
OPAL-X> * 17:41:30 Step    529 container[0] at 1.346 [mm], t= 4.490 [ps], E=245.000 [MeV]
OPAL-X> * 17:41:30 Step    529 container[1] at 0.003 [um], t= 4.490 [ps], E=510.999 [keV]
OPAL-X> * 17:41:30 Step    529 container[2] at 0.003 [um], t= 4.490 [ps], E=510.999 [keV]
OPAL-X> * 17:41:30 Step    530 container[0] at 1.346 [mm], t= 4.491 [ps], E=245.000 [MeV]
OPAL-X> * 17:41:30 Step    530 container[1] at 0.003 [um], t= 4.491 [ps], E=510.999 [keV]
OPAL-X> * 17:41:30 Step    530 container[2] at 0.003 [um], t= 4.491 [ps], E=510.999 [keV]
OPAL-X> * 17:41:31 Step    531 container[0] at 1.347 [mm], t= 4.492 [ps], E=245.000 [MeV]
OPAL-X> * 17:41:31 Step    531 container[1] at 0.003 [um], t= 4.492 [ps], E=510.999 [keV]
OPAL-X> * 17:41:31 Step    531 container[2] at 0.003 [um], t= 4.492 [ps], E=510.999 [keV]
OPAL-X> * 17:41:31 Step    532 container[0] at 1.347 [mm], t= 4.493 [ps], E=245.000 [MeV]
OPAL-X> * 17:41:31 Step    532 container[1] at 0.003 [um], t= 4.493 [ps], E=510.999 [keV]
OPAL-X> * 17:41:31 Step    532 container[2] at 0.003 [um], t= 4.493 [ps], E=510.999 [keV]
OPAL-X> * 17:41:31 Step    533 container[0] at 1.347 [mm], t= 4.494 [ps], E=245.000 [MeV]
OPAL-X> * 17:41:31 Step    533 container[1] at 0.003 [um], t= 4.494 [ps], E=510.999 [keV]
OPAL-X> * 17:41:31 Step    533 container[2] at 0.003 [um], t= 4.494 [ps], E=510.999 [keV]
OPAL-X> * 17:41:31 Step    534 container[0] at 1.348 [mm], t= 4.495 [ps], E=245.000 [MeV]
OPAL-X> * 17:41:31 Step    534 container[1] at 0.003 [um], t= 4.495 [ps], E=510.999 [keV]
OPAL-X> * 17:41:31 Step    534 container[2] at 0.003 [um], t= 4.495 [ps], E=510.999 [keV]
OPAL-X> * 17:41:31 Step    535 container[0] at 1.348 [mm], t= 4.496 [ps], E=245.000 [MeV]
OPAL-X> * 17:41:31 Step    535 container[1] at 0.003 [um], t= 4.496 [ps], E=510.999 [keV]
OPAL-X> * 17:41:31 Step    535 container[2] at 0.003 [um], t= 4.496 [ps], E=510.999 [keV]
OPAL-X> * 17:41:31 Step    536 container[0] at 1.348 [mm], t= 4.497 [ps], E=245.000 [MeV]
OPAL-X> * 17:41:31 Step    536 container[1] at 0.003 [um], t= 4.497 [ps], E=510.999 [keV]
OPAL-X> * 17:41:31 Step    536 container[2] at 0.003 [um], t= 4.497 [ps], E=510.999 [keV]
OPAL-X> * 17:41:31 Step    537 container[0] at 1.348 [mm], t= 4.498 [ps], E=245.000 [MeV]
OPAL-X> * 17:41:31 Step    537 container[1] at 0.003 [um], t= 4.498 [ps], E=510.999 [keV]
OPAL-X> * 17:41:31 Step    537 container[2] at 0.003 [um], t= 4.498 [ps], E=510.999 [keV]
OPAL-X> * 17:41:31 Step    538 container[0] at 1.349 [mm], t= 4.499 [ps], E=245.000 [MeV]
OPAL-X> * 17:41:31 Step    538 container[1] at 0.003 [um], t= 4.499 [ps], E=510.999 [keV]
OPAL-X> * 17:41:31 Step    538 container[2] at 0.003 [um], t= 4.499 [ps], E=510.999 [keV]
OPAL-X> * 17:41:31 Step    539 container[0] at 1.349 [mm], t= 4.500 [ps], E=245.000 [MeV]
OPAL-X> * 17:41:31 Step    539 container[1] at 0.003 [um], t= 4.500 [ps], E=510.999 [keV]
OPAL-X> * 17:41:31 Step    539 container[2] at 0.003 [um], t= 4.500 [ps], E=510.999 [keV]
OPAL-X> * 17:41:31 Step    540 container[0] at 1.349 [mm], t= 4.501 [ps], E=245.000 [MeV]
OPAL-X> * 17:41:31 Step    540 container[1] at 0.003 [um], t= 4.501 [ps], E=510.999 [keV]
OPAL-X> * 17:41:31 Step    540 container[2] at 0.003 [um], t= 4.501 [ps], E=510.999 [keV]
OPAL-X> * 17:41:31 Step    541 container[0] at 1.350 [mm], t= 4.502 [ps], E=245.000 [MeV]
OPAL-X> * 17:41:31 Step    541 container[1] at 0.003 [um], t= 4.502 [ps], E=510.999 [keV]
OPAL-X> * 17:41:31 Step    541 container[2] at 0.003 [um], t= 4.502 [ps], E=510.999 [keV]
OPAL-X> * 17:41:31 Step    542 container[0] at 1.350 [mm], t= 4.503 [ps], E=245.000 [MeV]
OPAL-X> * 17:41:31 Step    542 container[1] at 0.003 [um], t= 4.503 [ps], E=510.999 [keV]
OPAL-X> * 17:41:31 Step    542 container[2] at 0.003 [um], t= 4.503 [ps], E=510.999 [keV]
OPAL-X> * 17:41:31 Step    543 container[0] at 1.350 [mm], t= 4.504 [ps], E=245.000 [MeV]
OPAL-X> * 17:41:31 Step    543 container[1] at 0.003 [um], t= 4.504 [ps], E=510.999 [keV]
OPAL-X> * 17:41:31 Step    543 container[2] at 0.003 [um], t= 4.504 [ps], E=510.999 [keV]
OPAL-X> * 17:41:31 Step    544 container[0] at 1.351 [mm], t= 4.505 [ps], E=245.000 [MeV]
OPAL-X> * 17:41:31 Step    544 container[1] at 0.003 [um], t= 4.505 [ps], E=510.999 [keV]
OPAL-X> * 17:41:31 Step    544 container[2] at 0.003 [um], t= 4.505 [ps], E=510.999 [keV]
OPAL-X> * 17:41:31 Step    545 container[0] at 1.351 [mm], t= 4.506 [ps], E=245.000 [MeV]
OPAL-X> * 17:41:31 Step    545 container[1] at 0.003 [um], t= 4.506 [ps], E=510.999 [keV]
OPAL-X> * 17:41:31 Step    545 container[2] at 0.003 [um], t= 4.506 [ps], E=510.999 [keV]
OPAL-X> * 17:41:31 Step    546 container[0] at 1.351 [mm], t= 4.507 [ps], E=245.000 [MeV]
OPAL-X> * 17:41:31 Step    546 container[1] at 0.003 [um], t= 4.507 [ps], E=510.999 [keV]
OPAL-X> * 17:41:31 Step    546 container[2] at 0.003 [um], t= 4.507 [ps], E=510.999 [keV]
OPAL-X> * 17:41:31 Step    547 container[0] at 1.351 [mm], t= 4.508 [ps], E=245.000 [MeV]
OPAL-X> * 17:41:31 Step    547 container[1] at 0.003 [um], t= 4.508 [ps], E=510.999 [keV]
OPAL-X> * 17:41:31 Step    547 container[2] at 0.003 [um], t= 4.508 [ps], E=510.999 [keV]
OPAL-X> * 17:41:31 Step    548 container[0] at 1.352 [mm], t= 4.509 [ps], E=245.000 [MeV]
OPAL-X> * 17:41:31 Step    548 container[1] at 0.003 [um], t= 4.509 [ps], E=510.999 [keV]
OPAL-X> * 17:41:31 Step    548 container[2] at 0.003 [um], t= 4.509 [ps], E=510.999 [keV]
OPAL-X> * 17:41:31 Step    549 container[0] at 1.352 [mm], t= 4.510 [ps], E=245.000 [MeV]
OPAL-X> * 17:41:31 Step    549 container[1] at 0.003 [um], t= 4.510 [ps], E=510.999 [keV]
OPAL-X> * 17:41:31 Step    549 container[2] at 0.003 [um], t= 4.510 [ps], E=510.999 [keV]
OPAL-X> * 17:41:31 Step    550 container[0] at 1.352 [mm], t= 4.511 [ps], E=245.000 [MeV]
OPAL-X> * 17:41:31 Step    550 container[1] at 0.003 [um], t= 4.511 [ps], E=510.999 [keV]
OPAL-X> * 17:41:31 Step    550 container[2] at 0.003 [um], t= 4.511 [ps], E=510.999 [keV]
OPAL-X> * 17:41:31 Step    551 container[0] at 1.353 [mm], t= 4.512 [ps], E=245.000 [MeV]
OPAL-X> * 17:41:31 Step    551 container[1] at 0.003 [um], t= 4.512 [ps], E=510.999 [keV]
OPAL-X> * 17:41:31 Step    551 container[2] at 0.003 [um], t= 4.512 [ps], E=510.999 [keV]
OPAL-X> * 17:41:31 Step    552 container[0] at 1.353 [mm], t= 4.513 [ps], E=245.000 [MeV]
OPAL-X> * 17:41:31 Step    552 container[1] at 0.003 [um], t= 4.513 [ps], E=510.999 [keV]
OPAL-X> * 17:41:31 Step    552 container[2] at 0.003 [um], t= 4.513 [ps], E=510.999 [keV]
OPAL-X> * 17:41:31 Step    553 container[0] at 1.353 [mm], t= 4.514 [ps], E=245.000 [MeV]
OPAL-X> * 17:41:31 Step    553 container[1] at 0.003 [um], t= 4.514 [ps], E=510.999 [keV]
OPAL-X> * 17:41:31 Step    553 container[2] at 0.003 [um], t= 4.514 [ps], E=510.999 [keV]
OPAL-X> * 17:41:31 Step    554 container[0] at 1.354 [mm], t= 4.515 [ps], E=245.000 [MeV]
OPAL-X> * 17:41:31 Step    554 container[1] at 0.003 [um], t= 4.515 [ps], E=510.999 [keV]
OPAL-X> * 17:41:31 Step    554 container[2] at 0.003 [um], t= 4.515 [ps], E=510.999 [keV]
OPAL-X> * 17:41:31 Step    555 container[0] at 1.354 [mm], t= 4.516 [ps], E=245.000 [MeV]
OPAL-X> * 17:41:31 Step    555 container[1] at 0.003 [um], t= 4.516 [ps], E=510.999 [keV]
OPAL-X> * 17:41:31 Step    555 container[2] at 0.003 [um], t= 4.516 [ps], E=510.999 [keV]
OPAL-X> * 17:41:31 Step    556 container[0] at 1.354 [mm], t= 4.517 [ps], E=245.000 [MeV]
OPAL-X> * 17:41:31 Step    556 container[1] at 0.003 [um], t= 4.517 [ps], E=510.999 [keV]
OPAL-X> * 17:41:31 Step    556 container[2] at 0.003 [um], t= 4.517 [ps], E=510.999 [keV]
OPAL-X> * 17:41:31 Step    557 container[0] at 1.354 [mm], t= 4.518 [ps], E=245.000 [MeV]
OPAL-X> * 17:41:31 Step    557 container[1] at 0.003 [um], t= 4.518 [ps], E=510.999 [keV]
OPAL-X> * 17:41:31 Step    557 container[2] at 0.003 [um], t= 4.518 [ps], E=510.999 [keV]
OPAL-X> * 17:41:31 Step    558 container[0] at 1.355 [mm], t= 4.519 [ps], E=245.000 [MeV]
OPAL-X> * 17:41:31 Step    558 container[1] at 0.003 [um], t= 4.519 [ps], E=510.999 [keV]
OPAL-X> * 17:41:31 Step    558 container[2] at 0.003 [um], t= 4.519 [ps], E=510.999 [keV]
OPAL-X> * 17:41:31 Step    559 container[0] at 1.355 [mm], t= 4.520 [ps], E=245.000 [MeV]
OPAL-X> * 17:41:31 Step    559 container[1] at 0.003 [um], t= 4.520 [ps], E=510.999 [keV]
OPAL-X> * 17:41:31 Step    559 container[2] at 0.003 [um], t= 4.520 [ps], E=510.999 [keV]
OPAL-X> * 17:41:31 Step    560 container[0] at 1.355 [mm], t= 4.521 [ps], E=245.000 [MeV]
OPAL-X> * 17:41:31 Step    560 container[1] at 0.003 [um], t= 4.521 [ps], E=510.999 [keV]
OPAL-X> * 17:41:31 Step    560 container[2] at 0.003 [um], t= 4.521 [ps], E=510.999 [keV]
OPAL-X> * 17:41:31 Step    561 container[0] at 1.356 [mm], t= 4.522 [ps], E=245.000 [MeV]
OPAL-X> * 17:41:31 Step    561 container[1] at 0.003 [um], t= 4.522 [ps], E=510.999 [keV]
OPAL-X> * 17:41:31 Step    561 container[2] at 0.003 [um], t= 4.522 [ps], E=510.999 [keV]
OPAL-X> * 17:41:31 Step    562 container[0] at 1.356 [mm], t= 4.523 [ps], E=245.000 [MeV]
OPAL-X> * 17:41:31 Step    562 container[1] at 0.003 [um], t= 4.523 [ps], E=510.999 [keV]
OPAL-X> * 17:41:31 Step    562 container[2] at 0.003 [um], t= 4.523 [ps], E=510.999 [keV]
OPAL-X> * 17:41:31 Step    563 container[0] at 1.356 [mm], t= 4.524 [ps], E=245.000 [MeV]
OPAL-X> * 17:41:31 Step    563 container[1] at 0.003 [um], t= 4.524 [ps], E=510.999 [keV]
OPAL-X> * 17:41:31 Step    563 container[2] at 0.003 [um], t= 4.524 [ps], E=510.999 [keV]
OPAL-X> * 17:41:31 Step    564 container[0] at 1.357 [mm], t= 4.525 [ps], E=245.000 [MeV]
OPAL-X> * 17:41:31 Step    564 container[1] at 0.003 [um], t= 4.525 [ps], E=510.999 [keV]
OPAL-X> * 17:41:31 Step    564 container[2] at 0.003 [um], t= 4.525 [ps], E=510.999 [keV]
OPAL-X> * 17:41:31 Step    565 container[0] at 1.357 [mm], t= 4.526 [ps], E=245.000 [MeV]
OPAL-X> * 17:41:31 Step    565 container[1] at 0.003 [um], t= 4.526 [ps], E=510.999 [keV]
OPAL-X> * 17:41:31 Step    565 container[2] at 0.003 [um], t= 4.526 [ps], E=510.999 [keV]
OPAL-X> * 17:41:31 Step    566 container[0] at 1.357 [mm], t= 4.527 [ps], E=245.000 [MeV]
OPAL-X> * 17:41:31 Step    566 container[1] at 0.003 [um], t= 4.527 [ps], E=510.999 [keV]
OPAL-X> * 17:41:31 Step    566 container[2] at 0.003 [um], t= 4.527 [ps], E=510.999 [keV]
OPAL-X> * 17:41:31 Step    567 container[0] at 1.357 [mm], t= 4.528 [ps], E=245.000 [MeV]
OPAL-X> * 17:41:31 Step    567 container[1] at 0.003 [um], t= 4.528 [ps], E=510.999 [keV]
OPAL-X> * 17:41:31 Step    567 container[2] at 0.003 [um], t= 4.528 [ps], E=510.999 [keV]
OPAL-X> * 17:41:31 Step    568 container[0] at 1.358 [mm], t= 4.529 [ps], E=245.000 [MeV]
OPAL-X> * 17:41:31 Step    568 container[1] at 0.003 [um], t= 4.529 [ps], E=510.999 [keV]
OPAL-X> * 17:41:31 Step    568 container[2] at 0.003 [um], t= 4.529 [ps], E=510.999 [keV]
OPAL-X> * 17:41:31 Step    569 container[0] at 1.358 [mm], t= 4.530 [ps], E=245.000 [MeV]
OPAL-X> * 17:41:31 Step    569 container[1] at 0.003 [um], t= 4.530 [ps], E=510.999 [keV]
OPAL-X> * 17:41:31 Step    569 container[2] at 0.003 [um], t= 4.530 [ps], E=510.999 [keV]
OPAL-X> * 17:41:31 Step    570 container[0] at 1.358 [mm], t= 4.531 [ps], E=245.000 [MeV]
OPAL-X> * 17:41:31 Step    570 container[1] at 0.003 [um], t= 4.531 [ps], E=510.999 [keV]
OPAL-X> * 17:41:31 Step    570 container[2] at 0.003 [um], t= 4.531 [ps], E=510.999 [keV]
OPAL-X> * 17:41:31 Step    571 container[0] at 1.359 [mm], t= 4.532 [ps], E=245.000 [MeV]
OPAL-X> * 17:41:31 Step    571 container[1] at 0.003 [um], t= 4.532 [ps], E=510.999 [keV]
OPAL-X> * 17:41:31 Step    571 container[2] at 0.003 [um], t= 4.532 [ps], E=510.999 [keV]
OPAL-X> * 17:41:31 Step    572 container[0] at 1.359 [mm], t= 4.533 [ps], E=245.000 [MeV]
OPAL-X> * 17:41:31 Step    572 container[1] at 0.003 [um], t= 4.533 [ps], E=510.999 [keV]
OPAL-X> * 17:41:31 Step    572 container[2] at 0.003 [um], t= 4.533 [ps], E=510.999 [keV]
OPAL-X> * 17:41:31 Step    573 container[0] at 1.359 [mm], t= 4.534 [ps], E=245.000 [MeV]
OPAL-X> * 17:41:31 Step    573 container[1] at 0.003 [um], t= 4.534 [ps], E=510.999 [keV]
OPAL-X> * 17:41:31 Step    573 container[2] at 0.003 [um], t= 4.534 [ps], E=510.999 [keV]
OPAL-X> * 17:41:31 Step    574 container[0] at 1.360 [mm], t= 4.535 [ps], E=245.000 [MeV]
OPAL-X> * 17:41:31 Step    574 container[1] at 0.003 [um], t= 4.535 [ps], E=510.999 [keV]
OPAL-X> * 17:41:31 Step    574 container[2] at 0.003 [um], t= 4.535 [ps], E=510.999 [keV]
OPAL-X> * 17:41:31 Step    575 container[0] at 1.360 [mm], t= 4.536 [ps], E=245.000 [MeV]
OPAL-X> * 17:41:31 Step    575 container[1] at 0.003 [um], t= 4.536 [ps], E=510.999 [keV]
OPAL-X> * 17:41:31 Step    575 container[2] at 0.003 [um], t= 4.536 [ps], E=510.999 [keV]
OPAL-X> * 17:41:31 Step    576 container[0] at 1.360 [mm], t= 4.537 [ps], E=245.000 [MeV]
OPAL-X> * 17:41:31 Step    576 container[1] at 0.003 [um], t= 4.537 [ps], E=510.999 [keV]
OPAL-X> * 17:41:31 Step    576 container[2] at 0.003 [um], t= 4.537 [ps], E=510.999 [keV]
OPAL-X> * 17:41:31 Step    577 container[0] at 1.360 [mm], t= 4.538 [ps], E=245.000 [MeV]
OPAL-X> * 17:41:31 Step    577 container[1] at 0.003 [um], t= 4.538 [ps], E=510.999 [keV]
OPAL-X> * 17:41:31 Step    577 container[2] at 0.003 [um], t= 4.538 [ps], E=510.999 [keV]
OPAL-X> * 17:41:31 Step    578 container[0] at 1.361 [mm], t= 4.539 [ps], E=245.000 [MeV]
OPAL-X> * 17:41:31 Step    578 container[1] at 0.003 [um], t= 4.539 [ps], E=510.999 [keV]
OPAL-X> * 17:41:31 Step    578 container[2] at 0.003 [um], t= 4.539 [ps], E=510.999 [keV]
OPAL-X> * 17:41:31 Step    579 container[0] at 1.361 [mm], t= 4.540 [ps], E=245.000 [MeV]
OPAL-X> * 17:41:31 Step    579 container[1] at 0.003 [um], t= 4.540 [ps], E=510.999 [keV]
OPAL-X> * 17:41:31 Step    579 container[2] at 0.003 [um], t= 4.540 [ps], E=510.999 [keV]
OPAL-X> * 17:41:32 Step    580 container[0] at 1.361 [mm], t= 4.541 [ps], E=245.000 [MeV]
OPAL-X> * 17:41:32 Step    580 container[1] at 0.003 [um], t= 4.541 [ps], E=510.999 [keV]
OPAL-X> * 17:41:32 Step    580 container[2] at 0.003 [um], t= 4.541 [ps], E=510.999 [keV]
OPAL-X> * 17:41:32 Step    581 container[0] at 1.362 [mm], t= 4.542 [ps], E=245.000 [MeV]
OPAL-X> * 17:41:32 Step    581 container[1] at 0.003 [um], t= 4.542 [ps], E=510.999 [keV]
OPAL-X> * 17:41:32 Step    581 container[2] at 0.003 [um], t= 4.542 [ps], E=510.999 [keV]
OPAL-X> * 17:41:32 Step    582 container[0] at 1.362 [mm], t= 4.543 [ps], E=245.000 [MeV]
OPAL-X> * 17:41:32 Step    582 container[1] at 0.003 [um], t= 4.543 [ps], E=510.999 [keV]
OPAL-X> * 17:41:32 Step    582 container[2] at 0.003 [um], t= 4.543 [ps], E=510.999 [keV]
OPAL-X> * 17:41:32 Step    583 container[0] at 1.362 [mm], t= 4.544 [ps], E=245.000 [MeV]
OPAL-X> * 17:41:32 Step    583 container[1] at 0.003 [um], t= 4.544 [ps], E=510.999 [keV]
OPAL-X> * 17:41:32 Step    583 container[2] at 0.003 [um], t= 4.544 [ps], E=510.999 [keV]
OPAL-X> * 17:41:32 Step    584 container[0] at 1.363 [mm], t= 4.545 [ps], E=245.000 [MeV]
OPAL-X> * 17:41:32 Step    584 container[1] at 0.003 [um], t= 4.545 [ps], E=510.999 [keV]
OPAL-X> * 17:41:32 Step    584 container[2] at 0.003 [um], t= 4.545 [ps], E=510.999 [keV]
OPAL-X> * 17:41:32 Step    585 container[0] at 1.363 [mm], t= 4.546 [ps], E=245.000 [MeV]
OPAL-X> * 17:41:32 Step    585 container[1] at 0.003 [um], t= 4.546 [ps], E=510.999 [keV]
OPAL-X> * 17:41:32 Step    585 container[2] at 0.003 [um], t= 4.546 [ps], E=510.999 [keV]
OPAL-X> * 17:41:32 Step    586 container[0] at 1.363 [mm], t= 4.547 [ps], E=245.000 [MeV]
OPAL-X> * 17:41:32 Step    586 container[1] at 0.003 [um], t= 4.547 [ps], E=510.999 [keV]
OPAL-X> * 17:41:32 Step    586 container[2] at 0.003 [um], t= 4.547 [ps], E=510.999 [keV]
OPAL-X> * 17:41:32 Step    587 container[0] at 1.363 [mm], t= 4.548 [ps], E=245.000 [MeV]
OPAL-X> * 17:41:32 Step    587 container[1] at 0.003 [um], t= 4.548 [ps], E=510.999 [keV]
OPAL-X> * 17:41:32 Step    587 container[2] at 0.003 [um], t= 4.548 [ps], E=510.999 [keV]
OPAL-X> * 17:41:32 Step    588 container[0] at 1.364 [mm], t= 4.549 [ps], E=245.000 [MeV]
OPAL-X> * 17:41:32 Step    588 container[1] at 0.003 [um], t= 4.549 [ps], E=510.999 [keV]
OPAL-X> * 17:41:32 Step    588 container[2] at 0.003 [um], t= 4.549 [ps], E=510.999 [keV]
OPAL-X> * 17:41:32 Step    589 container[0] at 1.364 [mm], t= 4.550 [ps], E=245.000 [MeV]
OPAL-X> * 17:41:32 Step    589 container[1] at 0.003 [um], t= 4.550 [ps], E=510.999 [keV]
OPAL-X> * 17:41:32 Step    589 container[2] at 0.003 [um], t= 4.550 [ps], E=510.999 [keV]
OPAL-X> * 17:41:32 Step    590 container[0] at 1.364 [mm], t= 4.551 [ps], E=245.000 [MeV]
OPAL-X> * 17:41:32 Step    590 container[1] at 0.003 [um], t= 4.551 [ps], E=510.999 [keV]
OPAL-X> * 17:41:32 Step    590 container[2] at 0.003 [um], t= 4.551 [ps], E=510.999 [keV]
OPAL-X> * 17:41:32 Step    591 container[0] at 1.365 [mm], t= 4.552 [ps], E=245.000 [MeV]
OPAL-X> * 17:41:32 Step    591 container[1] at 0.003 [um], t= 4.552 [ps], E=510.999 [keV]
OPAL-X> * 17:41:32 Step    591 container[2] at 0.003 [um], t= 4.552 [ps], E=510.999 [keV]
OPAL-X> * 17:41:32 Step    592 container[0] at 1.365 [mm], t= 4.553 [ps], E=245.000 [MeV]
OPAL-X> * 17:41:32 Step    592 container[1] at 0.003 [um], t= 4.553 [ps], E=510.999 [keV]
OPAL-X> * 17:41:32 Step    592 container[2] at 0.003 [um], t= 4.553 [ps], E=510.999 [keV]
OPAL-X> * 17:41:32 Step    593 container[0] at 1.365 [mm], t= 4.554 [ps], E=245.000 [MeV]
OPAL-X> * 17:41:32 Step    593 container[1] at 0.003 [um], t= 4.554 [ps], E=510.999 [keV]
OPAL-X> * 17:41:32 Step    593 container[2] at 0.003 [um], t= 4.554 [ps], E=510.999 [keV]
OPAL-X> * 17:41:32 Step    594 container[0] at 1.366 [mm], t= 4.555 [ps], E=245.000 [MeV]
OPAL-X> * 17:41:32 Step    594 container[1] at 0.003 [um], t= 4.555 [ps], E=510.999 [keV]
OPAL-X> * 17:41:32 Step    594 container[2] at 0.003 [um], t= 4.555 [ps], E=510.999 [keV]
OPAL-X> * 17:41:32 Step    595 container[0] at 1.366 [mm], t= 4.556 [ps], E=245.000 [MeV]
OPAL-X> * 17:41:32 Step    595 container[1] at 0.003 [um], t= 4.556 [ps], E=510.999 [keV]
OPAL-X> * 17:41:32 Step    595 container[2] at 0.003 [um], t= 4.556 [ps], E=510.999 [keV]
OPAL-X> * 17:41:32 Step    596 container[0] at 1.366 [mm], t= 4.557 [ps], E=245.000 [MeV]
OPAL-X> * 17:41:32 Step    596 container[1] at 0.003 [um], t= 4.557 [ps], E=510.999 [keV]
OPAL-X> * 17:41:32 Step    596 container[2] at 0.003 [um], t= 4.557 [ps], E=510.999 [keV]
OPAL-X> * 17:41:32 Step    597 container[0] at 1.366 [mm], t= 4.558 [ps], E=245.000 [MeV]
OPAL-X> * 17:41:32 Step    597 container[1] at 0.003 [um], t= 4.558 [ps], E=510.999 [keV]
OPAL-X> * 17:41:32 Step    597 container[2] at 0.003 [um], t= 4.558 [ps], E=510.999 [keV]
OPAL-X> * 17:41:32 Step    598 container[0] at 1.367 [mm], t= 4.559 [ps], E=245.000 [MeV]
OPAL-X> * 17:41:32 Step    598 container[1] at 0.003 [um], t= 4.559 [ps], E=510.999 [keV]
OPAL-X> * 17:41:32 Step    598 container[2] at 0.003 [um], t= 4.559 [ps], E=510.999 [keV]
OPAL-X> * 17:41:32 Step    599 container[0] at 1.367 [mm], t= 4.560 [ps], E=245.000 [MeV]
OPAL-X> * 17:41:32 Step    599 container[1] at 0.003 [um], t= 4.560 [ps], E=510.999 [keV]
OPAL-X> * 17:41:32 Step    599 container[2] at 0.003 [um], t= 4.560 [ps], E=510.999 [keV]
OPAL-X> * 17:41:32 Step    600 container[0] at 1.367 [mm], t= 4.561 [ps], E=245.000 [MeV]
OPAL-X> * 17:41:32 Step    600 container[1] at 0.003 [um], t= 4.561 [ps], E=510.999 [keV]
OPAL-X> * 17:41:32 Step    600 container[2] at 0.003 [um], t= 4.561 [ps], E=510.999 [keV]
OPAL-X> * 17:41:32 Step    601 container[0] at 1.368 [mm], t= 4.562 [ps], E=245.000 [MeV]
OPAL-X> * 17:41:32 Step    601 container[1] at 0.003 [um], t= 4.562 [ps], E=510.999 [keV]
OPAL-X> * 17:41:32 Step    601 container[2] at 0.003 [um], t= 4.562 [ps], E=510.999 [keV]
OPAL-X> * 17:41:32 Step    602 container[0] at 1.368 [mm], t= 4.563 [ps], E=245.000 [MeV]
OPAL-X> * 17:41:32 Step    602 container[1] at 0.003 [um], t= 4.563 [ps], E=510.999 [keV]
OPAL-X> * 17:41:32 Step    602 container[2] at 0.003 [um], t= 4.563 [ps], E=510.999 [keV]
OPAL-X> * 17:41:32 Step    603 container[0] at 1.368 [mm], t= 4.564 [ps], E=245.000 [MeV]
OPAL-X> * 17:41:32 Step    603 container[1] at 0.003 [um], t= 4.564 [ps], E=510.999 [keV]
OPAL-X> * 17:41:32 Step    603 container[2] at 0.003 [um], t= 4.564 [ps], E=510.999 [keV]
OPAL-X> * 17:41:32 Step    604 container[0] at 1.369 [mm], t= 4.565 [ps], E=245.000 [MeV]
OPAL-X> * 17:41:32 Step    604 container[1] at 0.003 [um], t= 4.565 [ps], E=510.999 [keV]
OPAL-X> * 17:41:32 Step    604 container[2] at 0.003 [um], t= 4.565 [ps], E=510.999 [keV]
OPAL-X> * 17:41:32 Step    605 container[0] at 1.369 [mm], t= 4.566 [ps], E=245.000 [MeV]
OPAL-X> * 17:41:32 Step    605 container[1] at 0.003 [um], t= 4.566 [ps], E=510.999 [keV]
OPAL-X> * 17:41:32 Step    605 container[2] at 0.003 [um], t= 4.566 [ps], E=510.999 [keV]
OPAL-X> * 17:41:32 Step    606 container[0] at 1.369 [mm], t= 4.567 [ps], E=245.000 [MeV]
OPAL-X> * 17:41:32 Step    606 container[1] at 0.003 [um], t= 4.567 [ps], E=510.999 [keV]
OPAL-X> * 17:41:32 Step    606 container[2] at 0.003 [um], t= 4.567 [ps], E=510.999 [keV]
OPAL-X> * 17:41:32 Step    607 container[0] at 1.369 [mm], t= 4.568 [ps], E=245.000 [MeV]
OPAL-X> * 17:41:32 Step    607 container[1] at 0.003 [um], t= 4.568 [ps], E=510.999 [keV]
OPAL-X> * 17:41:32 Step    607 container[2] at 0.003 [um], t= 4.568 [ps], E=510.999 [keV]
OPAL-X> * 17:41:32 Step    608 container[0] at 1.370 [mm], t= 4.569 [ps], E=245.000 [MeV]
OPAL-X> * 17:41:32 Step    608 container[1] at 0.003 [um], t= 4.569 [ps], E=510.999 [keV]
OPAL-X> * 17:41:32 Step    608 container[2] at 0.003 [um], t= 4.569 [ps], E=510.999 [keV]
OPAL-X> * 17:41:32 Step    609 container[0] at 1.370 [mm], t= 4.570 [ps], E=245.000 [MeV]
OPAL-X> * 17:41:32 Step    609 container[1] at 0.003 [um], t= 4.570 [ps], E=510.999 [keV]
OPAL-X> * 17:41:32 Step    609 container[2] at 0.003 [um], t= 4.570 [ps], E=510.999 [keV]
OPAL-X> * 17:41:32 Step    610 container[0] at 1.370 [mm], t= 4.571 [ps], E=245.000 [MeV]
OPAL-X> * 17:41:32 Step    610 container[1] at 0.003 [um], t= 4.571 [ps], E=510.999 [keV]
OPAL-X> * 17:41:32 Step    610 container[2] at 0.003 [um], t= 4.571 [ps], E=510.999 [keV]
OPAL-X> * 17:41:32 Step    611 container[0] at 1.371 [mm], t= 4.572 [ps], E=245.000 [MeV]
OPAL-X> * 17:41:32 Step    611 container[1] at 0.003 [um], t= 4.572 [ps], E=510.999 [keV]
OPAL-X> * 17:41:32 Step    611 container[2] at 0.003 [um], t= 4.572 [ps], E=510.999 [keV]
OPAL-X> * 17:41:32 Step    612 container[0] at 1.371 [mm], t= 4.573 [ps], E=245.000 [MeV]
OPAL-X> * 17:41:32 Step    612 container[1] at 0.003 [um], t= 4.573 [ps], E=510.999 [keV]
OPAL-X> * 17:41:32 Step    612 container[2] at 0.003 [um], t= 4.573 [ps], E=510.999 [keV]
OPAL-X> * 17:41:32 Step    613 container[0] at 1.371 [mm], t= 4.574 [ps], E=245.000 [MeV]
OPAL-X> * 17:41:32 Step    613 container[1] at 0.003 [um], t= 4.574 [ps], E=510.999 [keV]
OPAL-X> * 17:41:32 Step    613 container[2] at 0.003 [um], t= 4.574 [ps], E=510.999 [keV]
OPAL-X> * 17:41:32 Step    614 container[0] at 1.372 [mm], t= 4.575 [ps], E=245.000 [MeV]
OPAL-X> * 17:41:32 Step    614 container[1] at 0.003 [um], t= 4.575 [ps], E=510.999 [keV]
OPAL-X> * 17:41:32 Step    614 container[2] at 0.003 [um], t= 4.575 [ps], E=510.999 [keV]
OPAL-X> * 17:41:32 Step    615 container[0] at 1.372 [mm], t= 4.576 [ps], E=245.000 [MeV]
OPAL-X> * 17:41:32 Step    615 container[1] at 0.003 [um], t= 4.576 [ps], E=510.999 [keV]
OPAL-X> * 17:41:32 Step    615 container[2] at 0.003 [um], t= 4.576 [ps], E=510.999 [keV]
OPAL-X> * 17:41:32 Step    616 container[0] at 1.372 [mm], t= 4.577 [ps], E=245.000 [MeV]
OPAL-X> * 17:41:32 Step    616 container[1] at 0.003 [um], t= 4.577 [ps], E=510.999 [keV]
OPAL-X> * 17:41:32 Step    616 container[2] at 0.003 [um], t= 4.577 [ps], E=510.999 [keV]
OPAL-X> * 17:41:32 Step    617 container[0] at 1.372 [mm], t= 4.578 [ps], E=245.000 [MeV]
OPAL-X> * 17:41:32 Step    617 container[1] at 0.003 [um], t= 4.578 [ps], E=510.999 [keV]
OPAL-X> * 17:41:32 Step    617 container[2] at 0.003 [um], t= 4.578 [ps], E=510.999 [keV]
OPAL-X> * 17:41:32 Step    618 container[0] at 1.373 [mm], t= 4.579 [ps], E=245.000 [MeV]
OPAL-X> * 17:41:32 Step    618 container[1] at 0.003 [um], t= 4.579 [ps], E=510.999 [keV]
OPAL-X> * 17:41:32 Step    618 container[2] at 0.003 [um], t= 4.579 [ps], E=510.999 [keV]
OPAL-X> * 17:41:32 Step    619 container[0] at 1.373 [mm], t= 4.580 [ps], E=245.000 [MeV]
OPAL-X> * 17:41:32 Step    619 container[1] at 0.003 [um], t= 4.580 [ps], E=510.999 [keV]
OPAL-X> * 17:41:32 Step    619 container[2] at 0.003 [um], t= 4.580 [ps], E=510.999 [keV]
OPAL-X> * 17:41:32 Step    620 container[0] at 1.373 [mm], t= 4.581 [ps], E=245.000 [MeV]
OPAL-X> * 17:41:32 Step    620 container[1] at 0.003 [um], t= 4.581 [ps], E=510.999 [keV]
OPAL-X> * 17:41:32 Step    620 container[2] at 0.003 [um], t= 4.581 [ps], E=510.999 [keV]
OPAL-X> * 17:41:32 Step    621 container[0] at 1.374 [mm], t= 4.582 [ps], E=245.000 [MeV]
OPAL-X> * 17:41:32 Step    621 container[1] at 0.003 [um], t= 4.582 [ps], E=510.999 [keV]
OPAL-X> * 17:41:32 Step    621 container[2] at 0.003 [um], t= 4.582 [ps], E=510.999 [keV]
OPAL-X> * 17:41:32 Step    622 container[0] at 1.374 [mm], t= 4.583 [ps], E=245.000 [MeV]
OPAL-X> * 17:41:32 Step    622 container[1] at 0.003 [um], t= 4.583 [ps], E=510.999 [keV]
OPAL-X> * 17:41:32 Step    622 container[2] at 0.003 [um], t= 4.583 [ps], E=510.999 [keV]
OPAL-X> * 17:41:32 Step    623 container[0] at 1.374 [mm], t= 4.584 [ps], E=245.000 [MeV]
OPAL-X> * 17:41:32 Step    623 container[1] at 0.003 [um], t= 4.584 [ps], E=510.999 [keV]
OPAL-X> * 17:41:32 Step    623 container[2] at 0.003 [um], t= 4.584 [ps], E=510.999 [keV]
OPAL-X> * 17:41:32 Step    624 container[0] at 1.375 [mm], t= 4.585 [ps], E=245.000 [MeV]
OPAL-X> * 17:41:32 Step    624 container[1] at 0.003 [um], t= 4.585 [ps], E=510.999 [keV]
OPAL-X> * 17:41:32 Step    624 container[2] at 0.003 [um], t= 4.585 [ps], E=510.999 [keV]
OPAL-X> * 17:41:32 Step    625 container[0] at 1.375 [mm], t= 4.586 [ps], E=245.000 [MeV]
OPAL-X> * 17:41:32 Step    625 container[1] at 0.003 [um], t= 4.586 [ps], E=510.999 [keV]
OPAL-X> * 17:41:32 Step    625 container[2] at 0.003 [um], t= 4.586 [ps], E=510.999 [keV]
OPAL-X> * 17:41:32 Step    626 container[0] at 1.375 [mm], t= 4.587 [ps], E=245.000 [MeV]
OPAL-X> * 17:41:32 Step    626 container[1] at 0.003 [um], t= 4.587 [ps], E=510.999 [keV]
OPAL-X> * 17:41:32 Step    626 container[2] at 0.003 [um], t= 4.587 [ps], E=510.999 [keV]
OPAL-X> * 17:41:32 Step    627 container[0] at 1.375 [mm], t= 4.588 [ps], E=245.000 [MeV]
OPAL-X> * 17:41:32 Step    627 container[1] at 0.003 [um], t= 4.588 [ps], E=510.999 [keV]
OPAL-X> * 17:41:32 Step    627 container[2] at 0.003 [um], t= 4.588 [ps], E=510.999 [keV]
OPAL-X> * 17:41:33 Step    628 container[0] at 1.376 [mm], t= 4.589 [ps], E=245.000 [MeV]
OPAL-X> * 17:41:33 Step    628 container[1] at 0.003 [um], t= 4.589 [ps], E=510.999 [keV]
OPAL-X> * 17:41:33 Step    628 container[2] at 0.003 [um], t= 4.589 [ps], E=510.999 [keV]
OPAL-X> * 17:41:33 Step    629 container[0] at 1.376 [mm], t= 4.590 [ps], E=245.000 [MeV]
OPAL-X> * 17:41:33 Step    629 container[1] at 0.003 [um], t= 4.590 [ps], E=510.999 [keV]
OPAL-X> * 17:41:33 Step    629 container[2] at 0.003 [um], t= 4.590 [ps], E=510.999 [keV]
OPAL-X> * 17:41:33 Step    630 container[0] at 1.376 [mm], t= 4.591 [ps], E=245.000 [MeV]
OPAL-X> * 17:41:33 Step    630 container[1] at 0.003 [um], t= 4.591 [ps], E=510.999 [keV]
OPAL-X> * 17:41:33 Step    630 container[2] at 0.003 [um], t= 4.591 [ps], E=510.999 [keV]
OPAL-X> * 17:41:33 Step    631 container[0] at 1.377 [mm], t= 4.592 [ps], E=245.000 [MeV]
OPAL-X> * 17:41:33 Step    631 container[1] at 0.003 [um], t= 4.592 [ps], E=510.999 [keV]
OPAL-X> * 17:41:33 Step    631 container[2] at 0.003 [um], t= 4.592 [ps], E=510.999 [keV]
OPAL-X> * 17:41:33 Step    632 container[0] at 1.377 [mm], t= 4.593 [ps], E=245.000 [MeV]
OPAL-X> * 17:41:33 Step    632 container[1] at 0.003 [um], t= 4.593 [ps], E=510.999 [keV]
OPAL-X> * 17:41:33 Step    632 container[2] at 0.003 [um], t= 4.593 [ps], E=510.999 [keV]
OPAL-X> * 17:41:33 Step    633 container[0] at 1.377 [mm], t= 4.594 [ps], E=245.000 [MeV]
OPAL-X> * 17:41:33 Step    633 container[1] at 0.003 [um], t= 4.594 [ps], E=510.999 [keV]
OPAL-X> * 17:41:33 Step    633 container[2] at 0.003 [um], t= 4.594 [ps], E=510.999 [keV]
OPAL-X> * 17:41:33 Step    634 container[0] at 1.378 [mm], t= 4.595 [ps], E=245.000 [MeV]
OPAL-X> * 17:41:33 Step    634 container[1] at 0.003 [um], t= 4.595 [ps], E=510.999 [keV]
OPAL-X> * 17:41:33 Step    634 container[2] at 0.003 [um], t= 4.595 [ps], E=510.999 [keV]
OPAL-X> * 17:41:33 Step    635 container[0] at 1.378 [mm], t= 4.596 [ps], E=245.000 [MeV]
OPAL-X> * 17:41:33 Step    635 container[1] at 0.003 [um], t= 4.596 [ps], E=510.999 [keV]
OPAL-X> * 17:41:33 Step    635 container[2] at 0.003 [um], t= 4.596 [ps], E=510.999 [keV]
OPAL-X> * 17:41:33 Step    636 container[0] at 1.378 [mm], t= 4.597 [ps], E=245.000 [MeV]
OPAL-X> * 17:41:33 Step    636 container[1] at 0.003 [um], t= 4.597 [ps], E=510.999 [keV]
OPAL-X> * 17:41:33 Step    636 container[2] at 0.003 [um], t= 4.597 [ps], E=510.999 [keV]
OPAL-X> * 17:41:33 Step    637 container[0] at 1.378 [mm], t= 4.598 [ps], E=245.000 [MeV]
OPAL-X> * 17:41:33 Step    637 container[1] at 0.003 [um], t= 4.598 [ps], E=510.999 [keV]
OPAL-X> * 17:41:33 Step    637 container[2] at 0.003 [um], t= 4.598 [ps], E=510.999 [keV]
OPAL-X> * 17:41:33 Step    638 container[0] at 1.379 [mm], t= 4.599 [ps], E=245.000 [MeV]
OPAL-X> * 17:41:33 Step    638 container[1] at 0.003 [um], t= 4.599 [ps], E=510.999 [keV]
OPAL-X> * 17:41:33 Step    638 container[2] at 0.003 [um], t= 4.599 [ps], E=510.999 [keV]
OPAL-X> * 17:41:33 Step    639 container[0] at 1.379 [mm], t= 4.600 [ps], E=245.000 [MeV]
OPAL-X> * 17:41:33 Step    639 container[1] at 0.003 [um], t= 4.600 [ps], E=510.999 [keV]
OPAL-X> * 17:41:33 Step    639 container[2] at 0.003 [um], t= 4.600 [ps], E=510.999 [keV]
OPAL-X> * 17:41:33 Step    640 container[0] at 1.379 [mm], t= 4.601 [ps], E=245.000 [MeV]
OPAL-X> * 17:41:33 Step    640 container[1] at 0.003 [um], t= 4.601 [ps], E=510.999 [keV]
OPAL-X> * 17:41:33 Step    640 container[2] at 0.003 [um], t= 4.601 [ps], E=510.999 [keV]
OPAL-X> * 17:41:33 Step    641 container[0] at 1.380 [mm], t= 4.602 [ps], E=245.000 [MeV]
OPAL-X> * 17:41:33 Step    641 container[1] at 0.003 [um], t= 4.602 [ps], E=510.999 [keV]
OPAL-X> * 17:41:33 Step    641 container[2] at 0.003 [um], t= 4.602 [ps], E=510.999 [keV]
OPAL-X> * 17:41:33 Step    642 container[0] at 1.380 [mm], t= 4.603 [ps], E=245.000 [MeV]
OPAL-X> * 17:41:33 Step    642 container[1] at 0.003 [um], t= 4.603 [ps], E=510.999 [keV]
OPAL-X> * 17:41:33 Step    642 container[2] at 0.003 [um], t= 4.603 [ps], E=510.999 [keV]
OPAL-X> * 17:41:33 Step    643 container[0] at 1.380 [mm], t= 4.604 [ps], E=245.000 [MeV]
OPAL-X> * 17:41:33 Step    643 container[1] at 0.003 [um], t= 4.604 [ps], E=510.999 [keV]
OPAL-X> * 17:41:33 Step    643 container[2] at 0.003 [um], t= 4.604 [ps], E=510.999 [keV]
OPAL-X> * 17:41:33 Step    644 container[0] at 1.381 [mm], t= 4.605 [ps], E=245.000 [MeV]
OPAL-X> * 17:41:33 Step    644 container[1] at 0.003 [um], t= 4.605 [ps], E=510.999 [keV]
OPAL-X> * 17:41:33 Step    644 container[2] at 0.003 [um], t= 4.605 [ps], E=510.999 [keV]
OPAL-X> * 17:41:33 Step    645 container[0] at 1.381 [mm], t= 4.606 [ps], E=245.000 [MeV]
OPAL-X> * 17:41:33 Step    645 container[1] at 0.003 [um], t= 4.606 [ps], E=510.999 [keV]
OPAL-X> * 17:41:33 Step    645 container[2] at 0.003 [um], t= 4.606 [ps], E=510.999 [keV]
OPAL-X> * 17:41:33 Step    646 container[0] at 1.381 [mm], t= 4.607 [ps], E=245.000 [MeV]
OPAL-X> * 17:41:33 Step    646 container[1] at 0.003 [um], t= 4.607 [ps], E=510.999 [keV]
OPAL-X> * 17:41:33 Step    646 container[2] at 0.003 [um], t= 4.607 [ps], E=510.999 [keV]
OPAL-X> * 17:41:33 Step    647 container[0] at 1.381 [mm], t= 4.608 [ps], E=245.000 [MeV]
OPAL-X> * 17:41:33 Step    647 container[1] at 0.003 [um], t= 4.608 [ps], E=510.999 [keV]
OPAL-X> * 17:41:33 Step    647 container[2] at 0.003 [um], t= 4.608 [ps], E=510.999 [keV]
OPAL-X> * 17:41:33 Step    648 container[0] at 1.382 [mm], t= 4.609 [ps], E=245.000 [MeV]
OPAL-X> * 17:41:33 Step    648 container[1] at 0.003 [um], t= 4.609 [ps], E=510.999 [keV]
OPAL-X> * 17:41:33 Step    648 container[2] at 0.003 [um], t= 4.609 [ps], E=510.999 [keV]
OPAL-X> * 17:41:33 Step    649 container[0] at 1.382 [mm], t= 4.610 [ps], E=245.000 [MeV]
OPAL-X> * 17:41:33 Step    649 container[1] at 0.003 [um], t= 4.610 [ps], E=510.999 [keV]
OPAL-X> * 17:41:33 Step    649 container[2] at 0.003 [um], t= 4.610 [ps], E=510.999 [keV]
OPAL-X> * 17:41:33 Step    650 container[0] at 1.382 [mm], t= 4.611 [ps], E=245.000 [MeV]
OPAL-X> * 17:41:33 Step    650 container[1] at 0.003 [um], t= 4.611 [ps], E=510.999 [keV]
OPAL-X> * 17:41:33 Step    650 container[2] at 0.003 [um], t= 4.611 [ps], E=510.999 [keV]
OPAL-X> * 17:41:33 Step    651 container[0] at 1.383 [mm], t= 4.612 [ps], E=245.000 [MeV]
OPAL-X> * 17:41:33 Step    651 container[1] at 0.003 [um], t= 4.612 [ps], E=510.999 [keV]
OPAL-X> * 17:41:33 Step    651 container[2] at 0.003 [um], t= 4.612 [ps], E=510.999 [keV]
OPAL-X> * 17:41:33 Step    652 container[0] at 1.383 [mm], t= 4.613 [ps], E=245.000 [MeV]
OPAL-X> * 17:41:33 Step    652 container[1] at 0.003 [um], t= 4.613 [ps], E=510.999 [keV]
OPAL-X> * 17:41:33 Step    652 container[2] at 0.003 [um], t= 4.613 [ps], E=510.999 [keV]
OPAL-X> * 17:41:33 Step    653 container[0] at 1.383 [mm], t= 4.614 [ps], E=245.000 [MeV]
OPAL-X> * 17:41:33 Step    653 container[1] at 0.003 [um], t= 4.614 [ps], E=510.999 [keV]
OPAL-X> * 17:41:33 Step    653 container[2] at 0.003 [um], t= 4.614 [ps], E=510.999 [keV]
OPAL-X> * 17:41:33 Step    654 container[0] at 1.384 [mm], t= 4.615 [ps], E=245.000 [MeV]
OPAL-X> * 17:41:33 Step    654 container[1] at 0.003 [um], t= 4.615 [ps], E=510.999 [keV]
OPAL-X> * 17:41:33 Step    654 container[2] at 0.003 [um], t= 4.615 [ps], E=510.999 [keV]
OPAL-X> * 17:41:33 Step    655 container[0] at 1.384 [mm], t= 4.616 [ps], E=245.000 [MeV]
OPAL-X> * 17:41:33 Step    655 container[1] at 0.003 [um], t= 4.616 [ps], E=510.999 [keV]
OPAL-X> * 17:41:33 Step    655 container[2] at 0.003 [um], t= 4.616 [ps], E=510.999 [keV]
OPAL-X> * 17:41:33 Step    656 container[0] at 1.384 [mm], t= 4.617 [ps], E=245.000 [MeV]
OPAL-X> * 17:41:33 Step    656 container[1] at 0.003 [um], t= 4.617 [ps], E=510.999 [keV]
OPAL-X> * 17:41:33 Step    656 container[2] at 0.003 [um], t= 4.617 [ps], E=510.999 [keV]
OPAL-X> * 17:41:33 Step    657 container[0] at 1.384 [mm], t= 4.618 [ps], E=245.000 [MeV]
OPAL-X> * 17:41:33 Step    657 container[1] at 0.003 [um], t= 4.618 [ps], E=510.999 [keV]
OPAL-X> * 17:41:33 Step    657 container[2] at 0.003 [um], t= 4.618 [ps], E=510.999 [keV]
OPAL-X> * 17:41:33 Step    658 container[0] at 1.385 [mm], t= 4.619 [ps], E=245.000 [MeV]
OPAL-X> * 17:41:33 Step    658 container[1] at 0.003 [um], t= 4.619 [ps], E=510.999 [keV]
OPAL-X> * 17:41:33 Step    658 container[2] at 0.003 [um], t= 4.619 [ps], E=510.999 [keV]
OPAL-X> * 17:41:33 Step    659 container[0] at 1.385 [mm], t= 4.620 [ps], E=245.000 [MeV]
OPAL-X> * 17:41:33 Step    659 container[1] at 0.003 [um], t= 4.620 [ps], E=510.999 [keV]
OPAL-X> * 17:41:33 Step    659 container[2] at 0.003 [um], t= 4.620 [ps], E=510.999 [keV]
OPAL-X> * 17:41:33 Step    660 container[0] at 1.385 [mm], t= 4.621 [ps], E=245.000 [MeV]
OPAL-X> * 17:41:33 Step    660 container[1] at 0.003 [um], t= 4.621 [ps], E=510.999 [keV]
OPAL-X> * 17:41:33 Step    660 container[2] at 0.003 [um], t= 4.621 [ps], E=510.999 [keV]
OPAL-X> * 17:41:33 Step    661 container[0] at 1.386 [mm], t= 4.622 [ps], E=245.000 [MeV]
OPAL-X> * 17:41:33 Step    661 container[1] at 0.003 [um], t= 4.622 [ps], E=510.999 [keV]
OPAL-X> * 17:41:33 Step    661 container[2] at 0.003 [um], t= 4.622 [ps], E=510.999 [keV]
OPAL-X> * 17:41:33 Step    662 container[0] at 1.386 [mm], t= 4.623 [ps], E=245.000 [MeV]
OPAL-X> * 17:41:33 Step    662 container[1] at 0.003 [um], t= 4.623 [ps], E=510.999 [keV]
OPAL-X> * 17:41:33 Step    662 container[2] at 0.003 [um], t= 4.623 [ps], E=510.999 [keV]
OPAL-X> * 17:41:33 Step    663 container[0] at 1.386 [mm], t= 4.624 [ps], E=245.000 [MeV]
OPAL-X> * 17:41:33 Step    663 container[1] at 0.003 [um], t= 4.624 [ps], E=510.999 [keV]
OPAL-X> * 17:41:33 Step    663 container[2] at 0.003 [um], t= 4.624 [ps], E=510.999 [keV]
OPAL-X> * 17:41:33 Step    664 container[0] at 1.387 [mm], t= 4.625 [ps], E=245.000 [MeV]
OPAL-X> * 17:41:33 Step    664 container[1] at 0.003 [um], t= 4.625 [ps], E=510.999 [keV]
OPAL-X> * 17:41:33 Step    664 container[2] at 0.003 [um], t= 4.625 [ps], E=510.999 [keV]
OPAL-X> * 17:41:33 Step    665 container[0] at 1.387 [mm], t= 4.626 [ps], E=245.000 [MeV]
OPAL-X> * 17:41:33 Step    665 container[1] at 0.003 [um], t= 4.626 [ps], E=510.999 [keV]
OPAL-X> * 17:41:33 Step    665 container[2] at 0.003 [um], t= 4.626 [ps], E=510.999 [keV]
OPAL-X> * 17:41:33 Step    666 container[0] at 1.387 [mm], t= 4.627 [ps], E=245.000 [MeV]
OPAL-X> * 17:41:33 Step    666 container[1] at 0.003 [um], t= 4.627 [ps], E=510.999 [keV]
OPAL-X> * 17:41:33 Step    666 container[2] at 0.003 [um], t= 4.627 [ps], E=510.999 [keV]
OPAL-X> * 17:41:33 Step    667 container[0] at 1.387 [mm], t= 4.628 [ps], E=245.000 [MeV]
OPAL-X> * 17:41:33 Step    667 container[1] at 0.003 [um], t= 4.628 [ps], E=510.999 [keV]
OPAL-X> * 17:41:33 Step    667 container[2] at 0.003 [um], t= 4.628 [ps], E=510.999 [keV]
OPAL-X> * 17:41:33 Step    668 container[0] at 1.388 [mm], t= 4.629 [ps], E=245.000 [MeV]
OPAL-X> * 17:41:33 Step    668 container[1] at 0.003 [um], t= 4.629 [ps], E=510.999 [keV]
OPAL-X> * 17:41:33 Step    668 container[2] at 0.003 [um], t= 4.629 [ps], E=510.999 [keV]
OPAL-X> * 17:41:33 Step    669 container[0] at 1.388 [mm], t= 4.630 [ps], E=245.000 [MeV]
OPAL-X> * 17:41:33 Step    669 container[1] at 0.003 [um], t= 4.630 [ps], E=510.999 [keV]
OPAL-X> * 17:41:33 Step    669 container[2] at 0.003 [um], t= 4.630 [ps], E=510.999 [keV]
OPAL-X> * 17:41:33 Step    670 container[0] at 1.388 [mm], t= 4.631 [ps], E=245.000 [MeV]
OPAL-X> * 17:41:33 Step    670 container[1] at 0.003 [um], t= 4.631 [ps], E=510.999 [keV]
OPAL-X> * 17:41:33 Step    670 container[2] at 0.003 [um], t= 4.631 [ps], E=510.999 [keV]
OPAL-X> * 17:41:33 Step    671 container[0] at 1.389 [mm], t= 4.632 [ps], E=245.000 [MeV]
OPAL-X> * 17:41:33 Step    671 container[1] at 0.003 [um], t= 4.632 [ps], E=510.999 [keV]
OPAL-X> * 17:41:33 Step    671 container[2] at 0.003 [um], t= 4.632 [ps], E=510.999 [keV]
OPAL-X> * 17:41:33 Step    672 container[0] at 1.389 [mm], t= 4.633 [ps], E=245.000 [MeV]
OPAL-X> * 17:41:33 Step    672 container[1] at 0.003 [um], t= 4.633 [ps], E=510.999 [keV]
OPAL-X> * 17:41:33 Step    672 container[2] at 0.003 [um], t= 4.633 [ps], E=510.999 [keV]
OPAL-X> * 17:41:33 Step    673 container[0] at 1.389 [mm], t= 4.634 [ps], E=245.000 [MeV]
OPAL-X> * 17:41:33 Step    673 container[1] at 0.003 [um], t= 4.634 [ps], E=510.999 [keV]
OPAL-X> * 17:41:33 Step    673 container[2] at 0.003 [um], t= 4.634 [ps], E=510.999 [keV]
OPAL-X> * 17:41:33 Step    674 container[0] at 1.390 [mm], t= 4.635 [ps], E=245.000 [MeV]
OPAL-X> * 17:41:33 Step    674 container[1] at 0.003 [um], t= 4.635 [ps], E=510.999 [keV]
OPAL-X> * 17:41:33 Step    674 container[2] at 0.003 [um], t= 4.635 [ps], E=510.999 [keV]
OPAL-X> * 17:41:33 Step    675 container[0] at 1.390 [mm], t= 4.636 [ps], E=245.000 [MeV]
OPAL-X> * 17:41:33 Step    675 container[1] at 0.003 [um], t= 4.636 [ps], E=510.999 [keV]
OPAL-X> * 17:41:33 Step    675 container[2] at 0.003 [um], t= 4.636 [ps], E=510.999 [keV]
OPAL-X> * 17:41:33 Step    676 container[0] at 1.390 [mm], t= 4.637 [ps], E=245.000 [MeV]
OPAL-X> * 17:41:33 Step    676 container[1] at 0.003 [um], t= 4.637 [ps], E=510.999 [keV]
OPAL-X> * 17:41:33 Step    676 container[2] at 0.003 [um], t= 4.637 [ps], E=510.999 [keV]
OPAL-X> * 17:41:33 Step    677 container[0] at 1.390 [mm], t= 4.638 [ps], E=245.000 [MeV]
OPAL-X> * 17:41:33 Step    677 container[1] at 0.003 [um], t= 4.638 [ps], E=510.999 [keV]
OPAL-X> * 17:41:33 Step    677 container[2] at 0.003 [um], t= 4.638 [ps], E=510.999 [keV]
OPAL-X> * 17:41:33 Step    678 container[0] at 1.391 [mm], t= 4.639 [ps], E=245.000 [MeV]
OPAL-X> * 17:41:33 Step    678 container[1] at 0.003 [um], t= 4.639 [ps], E=510.999 [keV]
OPAL-X> * 17:41:33 Step    678 container[2] at 0.003 [um], t= 4.639 [ps], E=510.999 [keV]
OPAL-X> * 17:41:34 Step    679 container[0] at 1.391 [mm], t= 4.640 [ps], E=245.000 [MeV]
OPAL-X> * 17:41:34 Step    679 container[1] at 0.003 [um], t= 4.640 [ps], E=510.999 [keV]
OPAL-X> * 17:41:34 Step    679 container[2] at 0.003 [um], t= 4.640 [ps], E=510.999 [keV]
OPAL-X> * 17:41:34 Step    680 container[0] at 1.391 [mm], t= 4.641 [ps], E=245.000 [MeV]
OPAL-X> * 17:41:34 Step    680 container[1] at 0.003 [um], t= 4.641 [ps], E=510.999 [keV]
OPAL-X> * 17:41:34 Step    680 container[2] at 0.003 [um], t= 4.641 [ps], E=510.999 [keV]
OPAL-X> * 17:41:34 Step    681 container[0] at 1.392 [mm], t= 4.642 [ps], E=245.000 [MeV]
OPAL-X> * 17:41:34 Step    681 container[1] at 0.003 [um], t= 4.642 [ps], E=510.999 [keV]
OPAL-X> * 17:41:34 Step    681 container[2] at 0.003 [um], t= 4.642 [ps], E=510.999 [keV]
OPAL-X> * 17:41:34 Step    682 container[0] at 1.392 [mm], t= 4.643 [ps], E=245.000 [MeV]
OPAL-X> * 17:41:34 Step    682 container[1] at 0.003 [um], t= 4.643 [ps], E=510.999 [keV]
OPAL-X> * 17:41:34 Step    682 container[2] at 0.003 [um], t= 4.643 [ps], E=510.999 [keV]
OPAL-X> * 17:41:34 Step    683 container[0] at 1.392 [mm], t= 4.644 [ps], E=245.000 [MeV]
OPAL-X> * 17:41:34 Step    683 container[1] at 0.003 [um], t= 4.644 [ps], E=510.999 [keV]
OPAL-X> * 17:41:34 Step    683 container[2] at 0.003 [um], t= 4.644 [ps], E=510.999 [keV]
OPAL-X> * 17:41:34 Step    684 container[0] at 1.393 [mm], t= 4.645 [ps], E=245.000 [MeV]
OPAL-X> * 17:41:34 Step    684 container[1] at 0.003 [um], t= 4.645 [ps], E=510.999 [keV]
OPAL-X> * 17:41:34 Step    684 container[2] at 0.003 [um], t= 4.645 [ps], E=510.999 [keV]
OPAL-X> * 17:41:34 Step    685 container[0] at 1.393 [mm], t= 4.646 [ps], E=245.000 [MeV]
OPAL-X> * 17:41:34 Step    685 container[1] at 0.003 [um], t= 4.646 [ps], E=510.999 [keV]
OPAL-X> * 17:41:34 Step    685 container[2] at 0.003 [um], t= 4.646 [ps], E=510.999 [keV]
OPAL-X> * 17:41:34 Step    686 container[0] at 1.393 [mm], t= 4.647 [ps], E=245.000 [MeV]
OPAL-X> * 17:41:34 Step    686 container[1] at 0.003 [um], t= 4.647 [ps], E=510.999 [keV]
OPAL-X> * 17:41:34 Step    686 container[2] at 0.003 [um], t= 4.647 [ps], E=510.999 [keV]
OPAL-X> * 17:41:34 Step    687 container[0] at 1.393 [mm], t= 4.648 [ps], E=245.000 [MeV]
OPAL-X> * 17:41:34 Step    687 container[1] at 0.003 [um], t= 4.648 [ps], E=510.999 [keV]
OPAL-X> * 17:41:34 Step    687 container[2] at 0.003 [um], t= 4.648 [ps], E=510.999 [keV]
OPAL-X> * 17:41:34 Step    688 container[0] at 1.394 [mm], t= 4.649 [ps], E=245.000 [MeV]
OPAL-X> * 17:41:34 Step    688 container[1] at 0.003 [um], t= 4.649 [ps], E=510.999 [keV]
OPAL-X> * 17:41:34 Step    688 container[2] at 0.003 [um], t= 4.649 [ps], E=510.999 [keV]
OPAL-X> * 17:41:34 Step    689 container[0] at 1.394 [mm], t= 4.650 [ps], E=245.000 [MeV]
OPAL-X> * 17:41:34 Step    689 container[1] at 0.003 [um], t= 4.650 [ps], E=510.999 [keV]
OPAL-X> * 17:41:34 Step    689 container[2] at 0.003 [um], t= 4.650 [ps], E=510.999 [keV]
OPAL-X> * 17:41:34 Step    690 container[0] at 1.394 [mm], t= 4.651 [ps], E=245.000 [MeV]
OPAL-X> * 17:41:34 Step    690 container[1] at 0.003 [um], t= 4.651 [ps], E=510.999 [keV]
OPAL-X> * 17:41:34 Step    690 container[2] at 0.003 [um], t= 4.651 [ps], E=510.999 [keV]
OPAL-X> * 17:41:34 Step    691 container[0] at 1.395 [mm], t= 4.652 [ps], E=245.000 [MeV]
OPAL-X> * 17:41:34 Step    691 container[1] at 0.003 [um], t= 4.652 [ps], E=510.999 [keV]
OPAL-X> * 17:41:34 Step    691 container[2] at 0.003 [um], t= 4.652 [ps], E=510.999 [keV]
OPAL-X> * 17:41:34 Step    692 container[0] at 1.395 [mm], t= 4.653 [ps], E=245.000 [MeV]
OPAL-X> * 17:41:34 Step    692 container[1] at 0.003 [um], t= 4.653 [ps], E=510.999 [keV]
OPAL-X> * 17:41:34 Step    692 container[2] at 0.003 [um], t= 4.653 [ps], E=510.999 [keV]
OPAL-X> * 17:41:34 Step    693 container[0] at 1.395 [mm], t= 4.654 [ps], E=245.000 [MeV]
OPAL-X> * 17:41:34 Step    693 container[1] at 0.003 [um], t= 4.654 [ps], E=510.999 [keV]
OPAL-X> * 17:41:34 Step    693 container[2] at 0.003 [um], t= 4.654 [ps], E=510.999 [keV]
OPAL-X> * 17:41:34 Step    694 container[0] at 1.396 [mm], t= 4.655 [ps], E=245.000 [MeV]
OPAL-X> * 17:41:34 Step    694 container[1] at 0.003 [um], t= 4.655 [ps], E=510.999 [keV]
OPAL-X> * 17:41:34 Step    694 container[2] at 0.003 [um], t= 4.655 [ps], E=510.999 [keV]
OPAL-X> * 17:41:34 Step    695 container[0] at 1.396 [mm], t= 4.656 [ps], E=245.000 [MeV]
OPAL-X> * 17:41:34 Step    695 container[1] at 0.003 [um], t= 4.656 [ps], E=510.999 [keV]
OPAL-X> * 17:41:34 Step    695 container[2] at 0.003 [um], t= 4.656 [ps], E=510.999 [keV]
OPAL-X> * 17:41:34 Step    696 container[0] at 1.396 [mm], t= 4.657 [ps], E=245.000 [MeV]
OPAL-X> * 17:41:34 Step    696 container[1] at 0.003 [um], t= 4.657 [ps], E=510.999 [keV]
OPAL-X> * 17:41:34 Step    696 container[2] at 0.003 [um], t= 4.657 [ps], E=510.999 [keV]
OPAL-X> * 17:41:34 Step    697 container[0] at 1.396 [mm], t= 4.658 [ps], E=245.000 [MeV]
OPAL-X> * 17:41:34 Step    697 container[1] at 0.003 [um], t= 4.658 [ps], E=510.999 [keV]
OPAL-X> * 17:41:34 Step    697 container[2] at 0.003 [um], t= 4.658 [ps], E=510.999 [keV]
OPAL-X> * 17:41:34 Step    698 container[0] at 1.397 [mm], t= 4.659 [ps], E=245.000 [MeV]
OPAL-X> * 17:41:34 Step    698 container[1] at 0.003 [um], t= 4.659 [ps], E=510.999 [keV]
OPAL-X> * 17:41:34 Step    698 container[2] at 0.003 [um], t= 4.659 [ps], E=510.999 [keV]
OPAL-X> * 17:41:34 Step    699 container[0] at 1.397 [mm], t= 4.660 [ps], E=245.000 [MeV]
OPAL-X> * 17:41:34 Step    699 container[1] at 0.003 [um], t= 4.660 [ps], E=510.999 [keV]
OPAL-X> * 17:41:34 Step    699 container[2] at 0.003 [um], t= 4.660 [ps], E=510.999 [keV]
OPAL-X> * 17:41:34 Step    700 container[0] at 1.397 [mm], t= 4.661 [ps], E=245.000 [MeV]
OPAL-X> * 17:41:34 Step    700 container[1] at 0.003 [um], t= 4.661 [ps], E=510.999 [keV]
OPAL-X> * 17:41:34 Step    700 container[2] at 0.003 [um], t= 4.661 [ps], E=510.999 [keV]
OPAL-X> * 17:41:34 Step    701 container[0] at 1.398 [mm], t= 4.662 [ps], E=245.000 [MeV]
OPAL-X> * 17:41:34 Step    701 container[1] at 0.003 [um], t= 4.662 [ps], E=510.999 [keV]
OPAL-X> * 17:41:34 Step    701 container[2] at 0.003 [um], t= 4.662 [ps], E=510.999 [keV]
OPAL-X> * 17:41:34 Step    702 container[0] at 1.398 [mm], t= 4.663 [ps], E=245.000 [MeV]
OPAL-X> * 17:41:34 Step    702 container[1] at 0.003 [um], t= 4.663 [ps], E=510.999 [keV]
OPAL-X> * 17:41:34 Step    702 container[2] at 0.003 [um], t= 4.663 [ps], E=510.999 [keV]
OPAL-X> * 17:41:34 Step    703 container[0] at 1.398 [mm], t= 4.664 [ps], E=245.000 [MeV]
OPAL-X> * 17:41:34 Step    703 container[1] at 0.003 [um], t= 4.664 [ps], E=510.999 [keV]
OPAL-X> * 17:41:34 Step    703 container[2] at 0.003 [um], t= 4.664 [ps], E=510.999 [keV]
OPAL-X> * 17:41:34 Step    704 container[0] at 1.399 [mm], t= 4.665 [ps], E=245.000 [MeV]
OPAL-X> * 17:41:34 Step    704 container[1] at 0.003 [um], t= 4.665 [ps], E=510.999 [keV]
OPAL-X> * 17:41:34 Step    704 container[2] at 0.003 [um], t= 4.665 [ps], E=510.999 [keV]
OPAL-X> * 17:41:34 Step    705 container[0] at 1.399 [mm], t= 4.666 [ps], E=245.000 [MeV]
OPAL-X> * 17:41:34 Step    705 container[1] at 0.003 [um], t= 4.666 [ps], E=510.999 [keV]
OPAL-X> * 17:41:34 Step    705 container[2] at 0.003 [um], t= 4.666 [ps], E=510.999 [keV]
OPAL-X> * 17:41:34 Step    706 container[0] at 1.399 [mm], t= 4.667 [ps], E=245.000 [MeV]
OPAL-X> * 17:41:34 Step    706 container[1] at 0.003 [um], t= 4.667 [ps], E=510.999 [keV]
OPAL-X> * 17:41:34 Step    706 container[2] at 0.003 [um], t= 4.667 [ps], E=510.999 [keV]
OPAL-X> * 17:41:34 Step    707 container[0] at 1.399 [mm], t= 4.668 [ps], E=245.000 [MeV]
OPAL-X> * 17:41:34 Step    707 container[1] at 0.003 [um], t= 4.668 [ps], E=511.000 [keV]
OPAL-X> * 17:41:34 Step    707 container[2] at 0.003 [um], t= 4.668 [ps], E=510.999 [keV]
OPAL-X> * 17:41:34 Step    708 container[0] at 1.400 [mm], t= 4.669 [ps], E=245.000 [MeV]
OPAL-X> * 17:41:34 Step    708 container[1] at 0.003 [um], t= 4.669 [ps], E=511.000 [keV]
OPAL-X> * 17:41:34 Step    708 container[2] at 0.003 [um], t= 4.669 [ps], E=510.999 [keV]
OPAL-X> * 17:41:34 Step    709 container[0] at 1.400 [mm], t= 4.670 [ps], E=245.000 [MeV]
OPAL-X> * 17:41:34 Step    709 container[1] at 0.003 [um], t= 4.670 [ps], E=511.000 [keV]
OPAL-X> * 17:41:34 Step    709 container[2] at 0.003 [um], t= 4.670 [ps], E=510.999 [keV]
OPAL-X> * 17:41:34 Step    710 container[0] at 1.400 [mm], t= 4.671 [ps], E=245.000 [MeV]
OPAL-X> * 17:41:34 Step    710 container[1] at 0.003 [um], t= 4.671 [ps], E=511.000 [keV]
OPAL-X> * 17:41:34 Step    710 container[2] at 0.003 [um], t= 4.671 [ps], E=510.999 [keV]
OPAL-X> * 17:41:34 Step    711 container[0] at 1.401 [mm], t= 4.672 [ps], E=245.000 [MeV]
OPAL-X> * 17:41:34 Step    711 container[1] at 0.003 [um], t= 4.672 [ps], E=511.000 [keV]
OPAL-X> * 17:41:34 Step    711 container[2] at 0.003 [um], t= 4.672 [ps], E=510.999 [keV]
OPAL-X> * 17:41:34 Step    712 container[0] at 1.401 [mm], t= 4.673 [ps], E=245.000 [MeV]
OPAL-X> * 17:41:34 Step    712 container[1] at 0.003 [um], t= 4.673 [ps], E=511.000 [keV]
OPAL-X> * 17:41:34 Step    712 container[2] at 0.003 [um], t= 4.673 [ps], E=510.999 [keV]
OPAL-X> * 17:41:34 Step    713 container[0] at 1.401 [mm], t= 4.674 [ps], E=245.000 [MeV]
OPAL-X> * 17:41:34 Step    713 container[1] at 0.003 [um], t= 4.674 [ps], E=511.000 [keV]
OPAL-X> * 17:41:34 Step    713 container[2] at 0.003 [um], t= 4.674 [ps], E=510.999 [keV]
OPAL-X> * 17:41:34 Step    714 container[0] at 1.402 [mm], t= 4.675 [ps], E=245.000 [MeV]
OPAL-X> * 17:41:34 Step    714 container[1] at 0.003 [um], t= 4.675 [ps], E=511.000 [keV]
OPAL-X> * 17:41:34 Step    714 container[2] at 0.003 [um], t= 4.675 [ps], E=510.999 [keV]
OPAL-X> * 17:41:34 Step    715 container[0] at 1.402 [mm], t= 4.676 [ps], E=245.000 [MeV]
OPAL-X> * 17:41:34 Step    715 container[1] at 0.003 [um], t= 4.676 [ps], E=511.000 [keV]
OPAL-X> * 17:41:34 Step    715 container[2] at 0.003 [um], t= 4.676 [ps], E=510.999 [keV]
OPAL-X> * 17:41:34 Step    716 container[0] at 1.402 [mm], t= 4.677 [ps], E=245.000 [MeV]
OPAL-X> * 17:41:34 Step    716 container[1] at 0.003 [um], t= 4.677 [ps], E=511.000 [keV]
OPAL-X> * 17:41:34 Step    716 container[2] at 0.003 [um], t= 4.677 [ps], E=510.999 [keV]
OPAL-X> * 17:41:34 Step    717 container[0] at 1.402 [mm], t= 4.678 [ps], E=245.000 [MeV]
OPAL-X> * 17:41:34 Step    717 container[1] at 0.003 [um], t= 4.678 [ps], E=511.000 [keV]
OPAL-X> * 17:41:34 Step    717 container[2] at 0.003 [um], t= 4.678 [ps], E=510.999 [keV]
OPAL-X> * 17:41:34 Step    718 container[0] at 1.403 [mm], t= 4.679 [ps], E=245.000 [MeV]
OPAL-X> * 17:41:34 Step    718 container[1] at 0.003 [um], t= 4.679 [ps], E=511.000 [keV]
OPAL-X> * 17:41:34 Step    718 container[2] at 0.003 [um], t= 4.679 [ps], E=510.999 [keV]
OPAL-X> * 17:41:34 Step    719 container[0] at 1.403 [mm], t= 4.680 [ps], E=245.000 [MeV]
OPAL-X> * 17:41:34 Step    719 container[1] at 0.003 [um], t= 4.680 [ps], E=511.000 [keV]
OPAL-X> * 17:41:34 Step    719 container[2] at 0.003 [um], t= 4.680 [ps], E=510.999 [keV]
OPAL-X> * 17:41:34 Step    720 container[0] at 1.403 [mm], t= 4.681 [ps], E=245.000 [MeV]
OPAL-X> * 17:41:34 Step    720 container[1] at 0.003 [um], t= 4.681 [ps], E=511.000 [keV]
OPAL-X> * 17:41:34 Step    720 container[2] at 0.003 [um], t= 4.681 [ps], E=510.999 [keV]
OPAL-X> * 17:41:34 Step    721 container[0] at 1.404 [mm], t= 4.682 [ps], E=245.000 [MeV]
OPAL-X> * 17:41:34 Step    721 container[1] at 0.003 [um], t= 4.682 [ps], E=511.000 [keV]
OPAL-X> * 17:41:34 Step    721 container[2] at 0.003 [um], t= 4.682 [ps], E=510.999 [keV]
OPAL-X> * 17:41:34 Step    722 container[0] at 1.404 [mm], t= 4.683 [ps], E=245.000 [MeV]
OPAL-X> * 17:41:34 Step    722 container[1] at 0.003 [um], t= 4.683 [ps], E=511.000 [keV]
OPAL-X> * 17:41:34 Step    722 container[2] at 0.003 [um], t= 4.683 [ps], E=510.999 [keV]
OPAL-X> * 17:41:34 Step    723 container[0] at 1.404 [mm], t= 4.684 [ps], E=245.000 [MeV]
OPAL-X> * 17:41:34 Step    723 container[1] at 0.003 [um], t= 4.684 [ps], E=511.000 [keV]
OPAL-X> * 17:41:34 Step    723 container[2] at 0.003 [um], t= 4.684 [ps], E=510.999 [keV]
OPAL-X> * 17:41:34 Step    724 container[0] at 1.405 [mm], t= 4.685 [ps], E=245.000 [MeV]
OPAL-X> * 17:41:34 Step    724 container[1] at 0.003 [um], t= 4.685 [ps], E=511.000 [keV]
OPAL-X> * 17:41:34 Step    724 container[2] at 0.003 [um], t= 4.685 [ps], E=510.999 [keV]
OPAL-X> * 17:41:34 Step    725 container[0] at 1.405 [mm], t= 4.686 [ps], E=245.000 [MeV]
OPAL-X> * 17:41:34 Step    725 container[1] at 0.003 [um], t= 4.686 [ps], E=511.000 [keV]
OPAL-X> * 17:41:34 Step    725 container[2] at 0.003 [um], t= 4.686 [ps], E=510.999 [keV]
OPAL-X> * 17:41:34 Step    726 container[0] at 1.405 [mm], t= 4.687 [ps], E=245.000 [MeV]
OPAL-X> * 17:41:34 Step    726 container[1] at 0.003 [um], t= 4.687 [ps], E=511.000 [keV]
OPAL-X> * 17:41:34 Step    726 container[2] at 0.003 [um], t= 4.687 [ps], E=510.999 [keV]
OPAL-X> * 17:41:34 Step    727 container[0] at 1.405 [mm], t= 4.688 [ps], E=245.000 [MeV]
OPAL-X> * 17:41:34 Step    727 container[1] at 0.003 [um], t= 4.688 [ps], E=511.000 [keV]
OPAL-X> * 17:41:34 Step    727 container[2] at 0.003 [um], t= 4.688 [ps], E=510.999 [keV]
OPAL-X> * 17:41:34 Step    728 container[0] at 1.406 [mm], t= 4.689 [ps], E=245.000 [MeV]
OPAL-X> * 17:41:34 Step    728 container[1] at 0.003 [um], t= 4.689 [ps], E=511.000 [keV]
OPAL-X> * 17:41:34 Step    728 container[2] at 0.003 [um], t= 4.689 [ps], E=510.999 [keV]
OPAL-X> * 17:41:34 Step    729 container[0] at 1.406 [mm], t= 4.690 [ps], E=245.000 [MeV]
OPAL-X> * 17:41:34 Step    729 container[1] at 0.003 [um], t= 4.690 [ps], E=511.000 [keV]
OPAL-X> * 17:41:34 Step    729 container[2] at 0.003 [um], t= 4.690 [ps], E=510.999 [keV]
OPAL-X> * 17:41:34 Step    730 container[0] at 1.406 [mm], t= 4.691 [ps], E=245.000 [MeV]
OPAL-X> * 17:41:34 Step    730 container[1] at 0.003 [um], t= 4.691 [ps], E=511.000 [keV]
OPAL-X> * 17:41:34 Step    730 container[2] at 0.003 [um], t= 4.691 [ps], E=510.999 [keV]
OPAL-X> * 17:41:34 Step    731 container[0] at 1.407 [mm], t= 4.692 [ps], E=245.000 [MeV]
OPAL-X> * 17:41:34 Step    731 container[1] at 0.003 [um], t= 4.692 [ps], E=511.000 [keV]
OPAL-X> * 17:41:34 Step    731 container[2] at 0.003 [um], t= 4.692 [ps], E=510.999 [keV]
OPAL-X> * 17:41:34 Step    732 container[0] at 1.407 [mm], t= 4.693 [ps], E=245.000 [MeV]
OPAL-X> * 17:41:34 Step    732 container[1] at 0.003 [um], t= 4.693 [ps], E=511.000 [keV]
OPAL-X> * 17:41:34 Step    732 container[2] at 0.003 [um], t= 4.693 [ps], E=510.999 [keV]
OPAL-X> * 17:41:35 Step    733 container[0] at 1.407 [mm], t= 4.694 [ps], E=245.000 [MeV]
OPAL-X> * 17:41:35 Step    733 container[1] at 0.003 [um], t= 4.694 [ps], E=511.000 [keV]
OPAL-X> * 17:41:35 Step    733 container[2] at 0.003 [um], t= 4.694 [ps], E=510.999 [keV]
OPAL-X> * 17:41:35 Step    734 container[0] at 1.408 [mm], t= 4.695 [ps], E=245.000 [MeV]
OPAL-X> * 17:41:35 Step    734 container[1] at 0.003 [um], t= 4.695 [ps], E=511.000 [keV]
OPAL-X> * 17:41:35 Step    734 container[2] at 0.003 [um], t= 4.695 [ps], E=510.999 [keV]
OPAL-X> * 17:41:35 Step    735 container[0] at 1.408 [mm], t= 4.696 [ps], E=245.000 [MeV]
OPAL-X> * 17:41:35 Step    735 container[1] at 0.003 [um], t= 4.696 [ps], E=511.000 [keV]
OPAL-X> * 17:41:35 Step    735 container[2] at 0.003 [um], t= 4.696 [ps], E=510.999 [keV]
OPAL-X> * 17:41:35 Step    736 container[0] at 1.408 [mm], t= 4.697 [ps], E=245.000 [MeV]
OPAL-X> * 17:41:35 Step    736 container[1] at 0.003 [um], t= 4.697 [ps], E=511.000 [keV]
OPAL-X> * 17:41:35 Step    736 container[2] at 0.003 [um], t= 4.697 [ps], E=510.999 [keV]
OPAL-X> * 17:41:35 Step    737 container[0] at 1.408 [mm], t= 4.698 [ps], E=245.000 [MeV]
OPAL-X> * 17:41:35 Step    737 container[1] at 0.003 [um], t= 4.698 [ps], E=511.000 [keV]
OPAL-X> * 17:41:35 Step    737 container[2] at 0.003 [um], t= 4.698 [ps], E=510.999 [keV]
OPAL-X> * 17:41:35 Step    738 container[0] at 1.409 [mm], t= 4.699 [ps], E=245.000 [MeV]
OPAL-X> * 17:41:35 Step    738 container[1] at 0.003 [um], t= 4.699 [ps], E=511.000 [keV]
OPAL-X> * 17:41:35 Step    738 container[2] at 0.003 [um], t= 4.699 [ps], E=510.999 [keV]
OPAL-X> * 17:41:35 Step    739 container[0] at 1.409 [mm], t= 4.700 [ps], E=245.000 [MeV]
OPAL-X> * 17:41:35 Step    739 container[1] at 0.003 [um], t= 4.700 [ps], E=511.000 [keV]
OPAL-X> * 17:41:35 Step    739 container[2] at 0.003 [um], t= 4.700 [ps], E=510.999 [keV]
OPAL-X> * 17:41:35 Step    740 container[0] at 1.409 [mm], t= 4.701 [ps], E=245.000 [MeV]
OPAL-X> * 17:41:35 Step    740 container[1] at 0.003 [um], t= 4.701 [ps], E=511.000 [keV]
OPAL-X> * 17:41:35 Step    740 container[2] at 0.003 [um], t= 4.701 [ps], E=510.999 [keV]
OPAL-X> * 17:41:35 Step    741 container[0] at 1.410 [mm], t= 4.702 [ps], E=245.000 [MeV]
OPAL-X> * 17:41:35 Step    741 container[1] at 0.003 [um], t= 4.702 [ps], E=511.000 [keV]
OPAL-X> * 17:41:35 Step    741 container[2] at 0.003 [um], t= 4.702 [ps], E=510.999 [keV]
OPAL-X> * 17:41:35 Step    742 container[0] at 1.410 [mm], t= 4.703 [ps], E=245.000 [MeV]
OPAL-X> * 17:41:35 Step    742 container[1] at 0.003 [um], t= 4.703 [ps], E=511.000 [keV]
OPAL-X> * 17:41:35 Step    742 container[2] at 0.003 [um], t= 4.703 [ps], E=510.999 [keV]
OPAL-X> * 17:41:35 Step    743 container[0] at 1.410 [mm], t= 4.704 [ps], E=245.000 [MeV]
OPAL-X> * 17:41:35 Step    743 container[1] at 0.003 [um], t= 4.704 [ps], E=511.000 [keV]
OPAL-X> * 17:41:35 Step    743 container[2] at 0.003 [um], t= 4.704 [ps], E=510.999 [keV]
OPAL-X> * 17:41:35 Step    744 container[0] at 1.411 [mm], t= 4.705 [ps], E=245.000 [MeV]
OPAL-X> * 17:41:35 Step    744 container[1] at 0.003 [um], t= 4.705 [ps], E=511.000 [keV]
OPAL-X> * 17:41:35 Step    744 container[2] at 0.003 [um], t= 4.705 [ps], E=510.999 [keV]
OPAL-X> * 17:41:35 Step    745 container[0] at 1.411 [mm], t= 4.706 [ps], E=245.000 [MeV]
OPAL-X> * 17:41:35 Step    745 container[1] at 0.003 [um], t= 4.706 [ps], E=511.000 [keV]
OPAL-X> * 17:41:35 Step    745 container[2] at 0.003 [um], t= 4.706 [ps], E=510.999 [keV]
OPAL-X> * 17:41:35 Step    746 container[0] at 1.411 [mm], t= 4.707 [ps], E=245.000 [MeV]
OPAL-X> * 17:41:35 Step    746 container[1] at 0.003 [um], t= 4.707 [ps], E=511.000 [keV]
OPAL-X> * 17:41:35 Step    746 container[2] at 0.003 [um], t= 4.707 [ps], E=510.999 [keV]
OPAL-X> * 17:41:35 Step    747 container[0] at 1.411 [mm], t= 4.708 [ps], E=245.000 [MeV]
OPAL-X> * 17:41:35 Step    747 container[1] at 0.003 [um], t= 4.708 [ps], E=511.000 [keV]
OPAL-X> * 17:41:35 Step    747 container[2] at 0.003 [um], t= 4.708 [ps], E=510.999 [keV]
OPAL-X> * 17:41:35 Step    748 container[0] at 1.412 [mm], t= 4.709 [ps], E=245.000 [MeV]
OPAL-X> * 17:41:35 Step    748 container[1] at 0.003 [um], t= 4.709 [ps], E=511.000 [keV]
OPAL-X> * 17:41:35 Step    748 container[2] at 0.003 [um], t= 4.709 [ps], E=510.999 [keV]
OPAL-X> * 17:41:35 Step    749 container[0] at 1.412 [mm], t= 4.710 [ps], E=245.000 [MeV]
OPAL-X> * 17:41:35 Step    749 container[1] at 0.003 [um], t= 4.710 [ps], E=511.000 [keV]
OPAL-X> * 17:41:35 Step    749 container[2] at 0.003 [um], t= 4.710 [ps], E=510.999 [keV]
OPAL-X> * 17:41:35 Step    750 container[0] at 1.412 [mm], t= 4.711 [ps], E=245.000 [MeV]
OPAL-X> * 17:41:35 Step    750 container[1] at 0.003 [um], t= 4.711 [ps], E=511.000 [keV]
OPAL-X> * 17:41:35 Step    750 container[2] at 0.003 [um], t= 4.711 [ps], E=510.999 [keV]
OPAL-X> * 17:41:35 Step    751 container[0] at 1.413 [mm], t= 4.712 [ps], E=245.000 [MeV]
OPAL-X> * 17:41:35 Step    751 container[1] at 0.003 [um], t= 4.712 [ps], E=511.000 [keV]
OPAL-X> * 17:41:35 Step    751 container[2] at 0.003 [um], t= 4.712 [ps], E=510.999 [keV]
OPAL-X> * 17:41:35 Step    752 container[0] at 1.413 [mm], t= 4.713 [ps], E=245.000 [MeV]
OPAL-X> * 17:41:35 Step    752 container[1] at 0.003 [um], t= 4.713 [ps], E=511.000 [keV]
OPAL-X> * 17:41:35 Step    752 container[2] at 0.003 [um], t= 4.713 [ps], E=510.999 [keV]
OPAL-X> * 17:41:35 Step    753 container[0] at 1.413 [mm], t= 4.714 [ps], E=245.000 [MeV]
OPAL-X> * 17:41:35 Step    753 container[1] at 0.003 [um], t= 4.714 [ps], E=511.000 [keV]
OPAL-X> * 17:41:35 Step    753 container[2] at 0.003 [um], t= 4.714 [ps], E=510.999 [keV]
OPAL-X> * 17:41:35 Step    754 container[0] at 1.414 [mm], t= 4.715 [ps], E=245.000 [MeV]
OPAL-X> * 17:41:35 Step    754 container[1] at 0.003 [um], t= 4.715 [ps], E=511.000 [keV]
OPAL-X> * 17:41:35 Step    754 container[2] at 0.003 [um], t= 4.715 [ps], E=510.999 [keV]
OPAL-X> * 17:41:35 Step    755 container[0] at 1.414 [mm], t= 4.716 [ps], E=245.000 [MeV]
OPAL-X> * 17:41:35 Step    755 container[1] at 0.003 [um], t= 4.716 [ps], E=511.000 [keV]
OPAL-X> * 17:41:35 Step    755 container[2] at 0.003 [um], t= 4.716 [ps], E=510.999 [keV]
OPAL-X> * 17:41:35 Step    756 container[0] at 1.414 [mm], t= 4.717 [ps], E=245.000 [MeV]
OPAL-X> * 17:41:35 Step    756 container[1] at 0.003 [um], t= 4.717 [ps], E=511.000 [keV]
OPAL-X> * 17:41:35 Step    756 container[2] at 0.003 [um], t= 4.717 [ps], E=510.999 [keV]
OPAL-X> * 17:41:35 Step    757 container[0] at 1.414 [mm], t= 4.718 [ps], E=245.000 [MeV]
OPAL-X> * 17:41:35 Step    757 container[1] at 0.003 [um], t= 4.718 [ps], E=511.000 [keV]
OPAL-X> * 17:41:35 Step    757 container[2] at 0.003 [um], t= 4.718 [ps], E=510.999 [keV]
OPAL-X> * 17:41:35 Step    758 container[0] at 1.415 [mm], t= 4.719 [ps], E=245.000 [MeV]
OPAL-X> * 17:41:35 Step    758 container[1] at 0.003 [um], t= 4.719 [ps], E=511.000 [keV]
OPAL-X> * 17:41:35 Step    758 container[2] at 0.003 [um], t= 4.719 [ps], E=510.999 [keV]
OPAL-X> * 17:41:35 Step    759 container[0] at 1.415 [mm], t= 4.720 [ps], E=245.000 [MeV]
OPAL-X> * 17:41:35 Step    759 container[1] at 0.003 [um], t= 4.720 [ps], E=511.000 [keV]
OPAL-X> * 17:41:35 Step    759 container[2] at 0.003 [um], t= 4.720 [ps], E=510.999 [keV]
OPAL-X> * 17:41:35 Step    760 container[0] at 1.415 [mm], t= 4.721 [ps], E=245.000 [MeV]
OPAL-X> * 17:41:35 Step    760 container[1] at 0.003 [um], t= 4.721 [ps], E=511.000 [keV]
OPAL-X> * 17:41:35 Step    760 container[2] at 0.003 [um], t= 4.721 [ps], E=510.999 [keV]
OPAL-X> * 17:41:35 Step    761 container[0] at 1.416 [mm], t= 4.722 [ps], E=245.000 [MeV]
OPAL-X> * 17:41:35 Step    761 container[1] at 0.003 [um], t= 4.722 [ps], E=511.000 [keV]
OPAL-X> * 17:41:35 Step    761 container[2] at 0.003 [um], t= 4.722 [ps], E=510.999 [keV]
OPAL-X> * 17:41:35 Step    762 container[0] at 1.416 [mm], t= 4.723 [ps], E=245.000 [MeV]
OPAL-X> * 17:41:35 Step    762 container[1] at 0.003 [um], t= 4.723 [ps], E=511.000 [keV]
OPAL-X> * 17:41:35 Step    762 container[2] at 0.003 [um], t= 4.723 [ps], E=510.999 [keV]
OPAL-X> * 17:41:35 Step    763 container[0] at 1.416 [mm], t= 4.724 [ps], E=245.000 [MeV]
OPAL-X> * 17:41:35 Step    763 container[1] at 0.003 [um], t= 4.724 [ps], E=511.000 [keV]
OPAL-X> * 17:41:35 Step    763 container[2] at 0.003 [um], t= 4.724 [ps], E=510.999 [keV]
OPAL-X> * 17:41:35 Step    764 container[0] at 1.417 [mm], t= 4.725 [ps], E=245.000 [MeV]
OPAL-X> * 17:41:35 Step    764 container[1] at 0.003 [um], t= 4.725 [ps], E=511.000 [keV]
OPAL-X> * 17:41:35 Step    764 container[2] at 0.003 [um], t= 4.725 [ps], E=510.999 [keV]
OPAL-X> * 17:41:35 Step    765 container[0] at 1.417 [mm], t= 4.726 [ps], E=245.000 [MeV]
OPAL-X> * 17:41:35 Step    765 container[1] at 0.003 [um], t= 4.726 [ps], E=511.000 [keV]
OPAL-X> * 17:41:35 Step    765 container[2] at 0.003 [um], t= 4.726 [ps], E=510.999 [keV]
OPAL-X> * 17:41:35 Step    766 container[0] at 1.417 [mm], t= 4.727 [ps], E=245.000 [MeV]
OPAL-X> * 17:41:35 Step    766 container[1] at 0.003 [um], t= 4.727 [ps], E=511.000 [keV]
OPAL-X> * 17:41:35 Step    766 container[2] at 0.003 [um], t= 4.727 [ps], E=510.999 [keV]
OPAL-X> * 17:41:35 Step    767 container[0] at 1.417 [mm], t= 4.728 [ps], E=245.000 [MeV]
OPAL-X> * 17:41:35 Step    767 container[1] at 0.003 [um], t= 4.728 [ps], E=511.000 [keV]
OPAL-X> * 17:41:35 Step    767 container[2] at 0.003 [um], t= 4.728 [ps], E=510.999 [keV]
OPAL-X> * 17:41:35 Step    768 container[0] at 1.418 [mm], t= 4.729 [ps], E=245.000 [MeV]
OPAL-X> * 17:41:35 Step    768 container[1] at 0.003 [um], t= 4.729 [ps], E=511.000 [keV]
OPAL-X> * 17:41:35 Step    768 container[2] at 0.003 [um], t= 4.729 [ps], E=510.999 [keV]
OPAL-X> * 17:41:35 Step    769 container[0] at 1.418 [mm], t= 4.730 [ps], E=245.000 [MeV]
OPAL-X> * 17:41:35 Step    769 container[1] at 0.003 [um], t= 4.730 [ps], E=511.000 [keV]
OPAL-X> * 17:41:35 Step    769 container[2] at 0.003 [um], t= 4.730 [ps], E=510.999 [keV]
OPAL-X> * 17:41:35 Step    770 container[0] at 1.418 [mm], t= 4.731 [ps], E=245.000 [MeV]
OPAL-X> * 17:41:35 Step    770 container[1] at 0.003 [um], t= 4.731 [ps], E=511.000 [keV]
OPAL-X> * 17:41:35 Step    770 container[2] at 0.003 [um], t= 4.731 [ps], E=510.999 [keV]
OPAL-X> * 17:41:35 Step    771 container[0] at 1.419 [mm], t= 4.732 [ps], E=245.000 [MeV]
OPAL-X> * 17:41:35 Step    771 container[1] at 0.003 [um], t= 4.732 [ps], E=511.000 [keV]
OPAL-X> * 17:41:35 Step    771 container[2] at 0.003 [um], t= 4.732 [ps], E=510.999 [keV]
OPAL-X> * 17:41:35 Step    772 container[0] at 1.419 [mm], t= 4.733 [ps], E=245.000 [MeV]
OPAL-X> * 17:41:35 Step    772 container[1] at 0.003 [um], t= 4.733 [ps], E=511.000 [keV]
OPAL-X> * 17:41:35 Step    772 container[2] at 0.003 [um], t= 4.733 [ps], E=510.999 [keV]
OPAL-X> * 17:41:35 Step    773 container[0] at 1.419 [mm], t= 4.734 [ps], E=245.000 [MeV]
OPAL-X> * 17:41:35 Step    773 container[1] at 0.003 [um], t= 4.734 [ps], E=511.000 [keV]
OPAL-X> * 17:41:35 Step    773 container[2] at 0.003 [um], t= 4.734 [ps], E=510.999 [keV]
OPAL-X> * 17:41:35 Step    774 container[0] at 1.420 [mm], t= 4.735 [ps], E=245.000 [MeV]
OPAL-X> * 17:41:35 Step    774 container[1] at 0.003 [um], t= 4.735 [ps], E=511.000 [keV]
OPAL-X> * 17:41:35 Step    774 container[2] at 0.003 [um], t= 4.735 [ps], E=510.999 [keV]
OPAL-X> * 17:41:35 Step    775 container[0] at 1.420 [mm], t= 4.736 [ps], E=245.000 [MeV]
OPAL-X> * 17:41:35 Step    775 container[1] at 0.003 [um], t= 4.736 [ps], E=511.000 [keV]
OPAL-X> * 17:41:35 Step    775 container[2] at 0.003 [um], t= 4.736 [ps], E=510.999 [keV]
OPAL-X> * 17:41:35 Step    776 container[0] at 1.420 [mm], t= 4.737 [ps], E=245.000 [MeV]
OPAL-X> * 17:41:35 Step    776 container[1] at 0.003 [um], t= 4.737 [ps], E=511.000 [keV]
OPAL-X> * 17:41:35 Step    776 container[2] at 0.003 [um], t= 4.737 [ps], E=510.999 [keV]
OPAL-X> * 17:41:35 Step    777 container[0] at 1.420 [mm], t= 4.738 [ps], E=245.000 [MeV]
OPAL-X> * 17:41:35 Step    777 container[1] at 0.003 [um], t= 4.738 [ps], E=511.000 [keV]
OPAL-X> * 17:41:35 Step    777 container[2] at 0.003 [um], t= 4.738 [ps], E=510.999 [keV]
OPAL-X> * 17:41:35 Step    778 container[0] at 1.421 [mm], t= 4.739 [ps], E=245.000 [MeV]
OPAL-X> * 17:41:35 Step    778 container[1] at 0.003 [um], t= 4.739 [ps], E=511.000 [keV]
OPAL-X> * 17:41:35 Step    778 container[2] at 0.003 [um], t= 4.739 [ps], E=510.999 [keV]
OPAL-X> * 17:41:35 Step    779 container[0] at 1.421 [mm], t= 4.740 [ps], E=245.000 [MeV]
OPAL-X> * 17:41:35 Step    779 container[1] at 0.003 [um], t= 4.740 [ps], E=511.000 [keV]
OPAL-X> * 17:41:35 Step    779 container[2] at 0.003 [um], t= 4.740 [ps], E=510.999 [keV]
OPAL-X> * 17:41:35 Step    780 container[0] at 1.421 [mm], t= 4.741 [ps], E=245.000 [MeV]
OPAL-X> * 17:41:35 Step    780 container[1] at 0.003 [um], t= 4.741 [ps], E=511.000 [keV]
OPAL-X> * 17:41:35 Step    780 container[2] at 0.003 [um], t= 4.741 [ps], E=510.999 [keV]
OPAL-X> * 17:41:35 Step    781 container[0] at 1.422 [mm], t= 4.742 [ps], E=245.000 [MeV]
OPAL-X> * 17:41:35 Step    781 container[1] at 0.003 [um], t= 4.742 [ps], E=511.000 [keV]
OPAL-X> * 17:41:35 Step    781 container[2] at 0.003 [um], t= 4.742 [ps], E=510.999 [keV]
OPAL-X> * 17:41:35 Step    782 container[0] at 1.422 [mm], t= 4.743 [ps], E=245.000 [MeV]
OPAL-X> * 17:41:35 Step    782 container[1] at 0.003 [um], t= 4.743 [ps], E=511.000 [keV]
OPAL-X> * 17:41:35 Step    782 container[2] at 0.003 [um], t= 4.743 [ps], E=510.999 [keV]
OPAL-X> * 17:41:35 Step    783 container[0] at 1.422 [mm], t= 4.744 [ps], E=245.000 [MeV]
OPAL-X> * 17:41:35 Step    783 container[1] at 0.003 [um], t= 4.744 [ps], E=511.000 [keV]
OPAL-X> * 17:41:35 Step    783 container[2] at 0.003 [um], t= 4.744 [ps], E=510.999 [keV]
OPAL-X> * 17:41:35 Step    784 container[0] at 1.423 [mm], t= 4.745 [ps], E=245.000 [MeV]
OPAL-X> * 17:41:35 Step    784 container[1] at 0.003 [um], t= 4.745 [ps], E=511.000 [keV]
OPAL-X> * 17:41:35 Step    784 container[2] at 0.003 [um], t= 4.745 [ps], E=510.999 [keV]
OPAL-X> * 17:41:35 Step    785 container[0] at 1.423 [mm], t= 4.746 [ps], E=245.000 [MeV]
OPAL-X> * 17:41:35 Step    785 container[1] at 0.003 [um], t= 4.746 [ps], E=511.000 [keV]
OPAL-X> * 17:41:35 Step    785 container[2] at 0.003 [um], t= 4.746 [ps], E=510.999 [keV]
OPAL-X> * 17:41:35 Step    786 container[0] at 1.423 [mm], t= 4.747 [ps], E=245.000 [MeV]
OPAL-X> * 17:41:35 Step    786 container[1] at 0.003 [um], t= 4.747 [ps], E=511.000 [keV]
OPAL-X> * 17:41:35 Step    786 container[2] at 0.003 [um], t= 4.747 [ps], E=510.999 [keV]
OPAL-X> * 17:41:36 Step    787 container[0] at 1.423 [mm], t= 4.748 [ps], E=245.000 [MeV]
OPAL-X> * 17:41:36 Step    787 container[1] at 0.003 [um], t= 4.748 [ps], E=511.000 [keV]
OPAL-X> * 17:41:36 Step    787 container[2] at 0.003 [um], t= 4.748 [ps], E=510.999 [keV]
OPAL-X> * 17:41:36 Step    788 container[0] at 1.424 [mm], t= 4.749 [ps], E=245.000 [MeV]
OPAL-X> * 17:41:36 Step    788 container[1] at 0.003 [um], t= 4.749 [ps], E=511.000 [keV]
OPAL-X> * 17:41:36 Step    788 container[2] at 0.003 [um], t= 4.749 [ps], E=510.999 [keV]
OPAL-X> * 17:41:36 Step    789 container[0] at 1.424 [mm], t= 4.750 [ps], E=245.000 [MeV]
OPAL-X> * 17:41:36 Step    789 container[1] at 0.003 [um], t= 4.750 [ps], E=511.000 [keV]
OPAL-X> * 17:41:36 Step    789 container[2] at 0.003 [um], t= 4.750 [ps], E=510.999 [keV]
OPAL-X> * 17:41:36 Step    790 container[0] at 1.424 [mm], t= 4.751 [ps], E=245.000 [MeV]
OPAL-X> * 17:41:36 Step    790 container[1] at 0.003 [um], t= 4.751 [ps], E=511.000 [keV]
OPAL-X> * 17:41:36 Step    790 container[2] at 0.003 [um], t= 4.751 [ps], E=510.999 [keV]
OPAL-X> * 17:41:36 Step    791 container[0] at 1.425 [mm], t= 4.752 [ps], E=245.000 [MeV]
OPAL-X> * 17:41:36 Step    791 container[1] at 0.003 [um], t= 4.752 [ps], E=511.000 [keV]
OPAL-X> * 17:41:36 Step    791 container[2] at 0.003 [um], t= 4.752 [ps], E=510.999 [keV]
OPAL-X> * 17:41:36 Step    792 container[0] at 1.425 [mm], t= 4.753 [ps], E=245.000 [MeV]
OPAL-X> * 17:41:36 Step    792 container[1] at 0.003 [um], t= 4.753 [ps], E=511.000 [keV]
OPAL-X> * 17:41:36 Step    792 container[2] at 0.003 [um], t= 4.753 [ps], E=510.999 [keV]
OPAL-X> * 17:41:36 Step    793 container[0] at 1.425 [mm], t= 4.754 [ps], E=245.000 [MeV]
OPAL-X> * 17:41:36 Step    793 container[1] at 0.003 [um], t= 4.754 [ps], E=511.000 [keV]
OPAL-X> * 17:41:36 Step    793 container[2] at 0.003 [um], t= 4.754 [ps], E=510.999 [keV]
OPAL-X> * 17:41:36 Step    794 container[0] at 1.426 [mm], t= 4.755 [ps], E=245.000 [MeV]
OPAL-X> * 17:41:36 Step    794 container[1] at 0.003 [um], t= 4.755 [ps], E=511.000 [keV]
OPAL-X> * 17:41:36 Step    794 container[2] at 0.003 [um], t= 4.755 [ps], E=510.999 [keV]
OPAL-X> * 17:41:36 Step    795 container[0] at 1.426 [mm], t= 4.756 [ps], E=245.000 [MeV]
OPAL-X> * 17:41:36 Step    795 container[1] at 0.003 [um], t= 4.756 [ps], E=511.000 [keV]
OPAL-X> * 17:41:36 Step    795 container[2] at 0.003 [um], t= 4.756 [ps], E=510.999 [keV]
OPAL-X> * 17:41:36 Step    796 container[0] at 1.426 [mm], t= 4.757 [ps], E=245.000 [MeV]
OPAL-X> * 17:41:36 Step    796 container[1] at 0.003 [um], t= 4.757 [ps], E=511.000 [keV]
OPAL-X> * 17:41:36 Step    796 container[2] at 0.003 [um], t= 4.757 [ps], E=510.999 [keV]
OPAL-X> * 17:41:36 Step    797 container[0] at 1.426 [mm], t= 4.758 [ps], E=245.000 [MeV]
OPAL-X> * 17:41:36 Step    797 container[1] at 0.003 [um], t= 4.758 [ps], E=511.000 [keV]
OPAL-X> * 17:41:36 Step    797 container[2] at 0.003 [um], t= 4.758 [ps], E=510.999 [keV]
OPAL-X> * 17:41:36 Step    798 container[0] at 1.427 [mm], t= 4.759 [ps], E=245.000 [MeV]
OPAL-X> * 17:41:36 Step    798 container[1] at 0.003 [um], t= 4.759 [ps], E=511.000 [keV]
OPAL-X> * 17:41:36 Step    798 container[2] at 0.003 [um], t= 4.759 [ps], E=510.999 [keV]
OPAL-X> * 17:41:36 Step    799 container[0] at 1.427 [mm], t= 4.760 [ps], E=245.000 [MeV]
OPAL-X> * 17:41:36 Step    799 container[1] at 0.003 [um], t= 4.760 [ps], E=511.000 [keV]
OPAL-X> * 17:41:36 Step    799 container[2] at 0.003 [um], t= 4.760 [ps], E=510.999 [keV]
OPAL-X> * 17:41:36 Step    800 container[0] at 1.427 [mm], t= 4.761 [ps], E=245.000 [MeV]
OPAL-X> * 17:41:36 Step    800 container[1] at 0.003 [um], t= 4.761 [ps], E=511.000 [keV]
OPAL-X> * 17:41:36 Step    800 container[2] at 0.003 [um], t= 4.761 [ps], E=510.999 [keV]
OPAL-X> * 17:41:36 Step    801 container[0] at 1.428 [mm], t= 4.762 [ps], E=245.000 [MeV]
OPAL-X> * 17:41:36 Step    801 container[1] at 0.003 [um], t= 4.762 [ps], E=511.000 [keV]
OPAL-X> * 17:41:36 Step    801 container[2] at 0.003 [um], t= 4.762 [ps], E=510.999 [keV]
OPAL-X> * 17:41:36 Step    802 container[0] at 1.428 [mm], t= 4.763 [ps], E=245.000 [MeV]
OPAL-X> * 17:41:36 Step    802 container[1] at 0.003 [um], t= 4.763 [ps], E=511.000 [keV]
OPAL-X> * 17:41:36 Step    802 container[2] at 0.003 [um], t= 4.763 [ps], E=510.999 [keV]
OPAL-X> * 17:41:36 Step    803 container[0] at 1.428 [mm], t= 4.764 [ps], E=245.000 [MeV]
OPAL-X> * 17:41:36 Step    803 container[1] at 0.003 [um], t= 4.764 [ps], E=511.000 [keV]
OPAL-X> * 17:41:36 Step    803 container[2] at 0.003 [um], t= 4.764 [ps], E=510.999 [keV]
OPAL-X> * 17:41:36 Step    804 container[0] at 1.429 [mm], t= 4.765 [ps], E=245.000 [MeV]
OPAL-X> * 17:41:36 Step    804 container[1] at 0.003 [um], t= 4.765 [ps], E=511.000 [keV]
OPAL-X> * 17:41:36 Step    804 container[2] at 0.003 [um], t= 4.765 [ps], E=510.999 [keV]
OPAL-X> * 17:41:36 Step    805 container[0] at 1.429 [mm], t= 4.766 [ps], E=245.000 [MeV]
OPAL-X> * 17:41:36 Step    805 container[1] at 0.003 [um], t= 4.766 [ps], E=511.000 [keV]
OPAL-X> * 17:41:36 Step    805 container[2] at 0.003 [um], t= 4.766 [ps], E=510.999 [keV]
OPAL-X> * 17:41:36 Step    806 container[0] at 1.429 [mm], t= 4.767 [ps], E=245.000 [MeV]
OPAL-X> * 17:41:36 Step    806 container[1] at 0.003 [um], t= 4.767 [ps], E=511.000 [keV]
OPAL-X> * 17:41:36 Step    806 container[2] at 0.003 [um], t= 4.767 [ps], E=510.999 [keV]
OPAL-X> * 17:41:36 Step    807 container[0] at 1.429 [mm], t= 4.768 [ps], E=245.000 [MeV]
OPAL-X> * 17:41:36 Step    807 container[1] at 0.003 [um], t= 4.768 [ps], E=511.000 [keV]
OPAL-X> * 17:41:36 Step    807 container[2] at 0.003 [um], t= 4.768 [ps], E=510.999 [keV]
OPAL-X> * 17:41:36 Step    808 container[0] at 1.430 [mm], t= 4.769 [ps], E=245.000 [MeV]
OPAL-X> * 17:41:36 Step    808 container[1] at 0.003 [um], t= 4.769 [ps], E=511.000 [keV]
OPAL-X> * 17:41:36 Step    808 container[2] at 0.003 [um], t= 4.769 [ps], E=510.999 [keV]
OPAL-X> * 17:41:36 Step    809 container[0] at 1.430 [mm], t= 4.770 [ps], E=245.000 [MeV]
OPAL-X> * 17:41:36 Step    809 container[1] at 0.003 [um], t= 4.770 [ps], E=511.000 [keV]
OPAL-X> * 17:41:36 Step    809 container[2] at 0.003 [um], t= 4.770 [ps], E=510.999 [keV]
OPAL-X> * 17:41:36 Step    810 container[0] at 1.430 [mm], t= 4.771 [ps], E=245.000 [MeV]
OPAL-X> * 17:41:36 Step    810 container[1] at 0.003 [um], t= 4.771 [ps], E=511.000 [keV]
OPAL-X> * 17:41:36 Step    810 container[2] at 0.003 [um], t= 4.771 [ps], E=510.999 [keV]
OPAL-X> * 17:41:36 Step    811 container[0] at 1.431 [mm], t= 4.772 [ps], E=245.000 [MeV]
OPAL-X> * 17:41:36 Step    811 container[1] at 0.003 [um], t= 4.772 [ps], E=511.000 [keV]
OPAL-X> * 17:41:36 Step    811 container[2] at 0.003 [um], t= 4.772 [ps], E=510.999 [keV]
OPAL-X> * 17:41:36 Step    812 container[0] at 1.431 [mm], t= 4.773 [ps], E=245.000 [MeV]
OPAL-X> * 17:41:36 Step    812 container[1] at 0.003 [um], t= 4.773 [ps], E=511.000 [keV]
OPAL-X> * 17:41:36 Step    812 container[2] at 0.003 [um], t= 4.773 [ps], E=510.999 [keV]
OPAL-X> * 17:41:36 Step    813 container[0] at 1.431 [mm], t= 4.774 [ps], E=245.000 [MeV]
OPAL-X> * 17:41:36 Step    813 container[1] at 0.003 [um], t= 4.774 [ps], E=511.000 [keV]
OPAL-X> * 17:41:36 Step    813 container[2] at 0.003 [um], t= 4.774 [ps], E=510.999 [keV]
OPAL-X> * 17:41:36 Step    814 container[0] at 1.432 [mm], t= 4.775 [ps], E=245.000 [MeV]
OPAL-X> * 17:41:36 Step    814 container[1] at 0.003 [um], t= 4.775 [ps], E=511.000 [keV]
OPAL-X> * 17:41:36 Step    814 container[2] at 0.003 [um], t= 4.775 [ps], E=510.999 [keV]
OPAL-X> * 17:41:36 Step    815 container[0] at 1.432 [mm], t= 4.776 [ps], E=245.000 [MeV]
OPAL-X> * 17:41:36 Step    815 container[1] at 0.003 [um], t= 4.776 [ps], E=511.000 [keV]
OPAL-X> * 17:41:36 Step    815 container[2] at 0.003 [um], t= 4.776 [ps], E=510.999 [keV]
OPAL-X> * 17:41:36 Step    816 container[0] at 1.432 [mm], t= 4.777 [ps], E=245.000 [MeV]
OPAL-X> * 17:41:36 Step    816 container[1] at 0.003 [um], t= 4.777 [ps], E=511.000 [keV]
OPAL-X> * 17:41:36 Step    816 container[2] at 0.003 [um], t= 4.777 [ps], E=510.999 [keV]
OPAL-X> * 17:41:36 Step    817 container[0] at 1.432 [mm], t= 4.778 [ps], E=245.000 [MeV]
OPAL-X> * 17:41:36 Step    817 container[1] at 0.003 [um], t= 4.778 [ps], E=511.000 [keV]
OPAL-X> * 17:41:36 Step    817 container[2] at 0.003 [um], t= 4.778 [ps], E=510.999 [keV]
OPAL-X> * 17:41:36 Step    818 container[0] at 1.433 [mm], t= 4.779 [ps], E=245.000 [MeV]
OPAL-X> * 17:41:36 Step    818 container[1] at 0.003 [um], t= 4.779 [ps], E=511.000 [keV]
OPAL-X> * 17:41:36 Step    818 container[2] at 0.003 [um], t= 4.779 [ps], E=510.999 [keV]
OPAL-X> * 17:41:36 Step    819 container[0] at 1.433 [mm], t= 4.780 [ps], E=245.000 [MeV]
OPAL-X> * 17:41:36 Step    819 container[1] at 0.003 [um], t= 4.780 [ps], E=511.000 [keV]
OPAL-X> * 17:41:36 Step    819 container[2] at 0.003 [um], t= 4.780 [ps], E=510.999 [keV]
OPAL-X> * 17:41:36 Step    820 container[0] at 1.433 [mm], t= 4.781 [ps], E=245.000 [MeV]
OPAL-X> * 17:41:36 Step    820 container[1] at 0.003 [um], t= 4.781 [ps], E=511.000 [keV]
OPAL-X> * 17:41:36 Step    820 container[2] at 0.003 [um], t= 4.781 [ps], E=510.999 [keV]
OPAL-X> * 17:41:36 Step    821 container[0] at 1.434 [mm], t= 4.782 [ps], E=245.000 [MeV]
OPAL-X> * 17:41:36 Step    821 container[1] at 0.003 [um], t= 4.782 [ps], E=511.000 [keV]
OPAL-X> * 17:41:36 Step    821 container[2] at 0.003 [um], t= 4.782 [ps], E=510.999 [keV]
OPAL-X> * 17:41:36 Step    822 container[0] at 1.434 [mm], t= 4.783 [ps], E=245.000 [MeV]
OPAL-X> * 17:41:36 Step    822 container[1] at 0.003 [um], t= 4.783 [ps], E=511.000 [keV]
OPAL-X> * 17:41:36 Step    822 container[2] at 0.003 [um], t= 4.783 [ps], E=510.999 [keV]
OPAL-X> * 17:41:36 Step    823 container[0] at 1.434 [mm], t= 4.784 [ps], E=245.000 [MeV]
OPAL-X> * 17:41:36 Step    823 container[1] at 0.003 [um], t= 4.784 [ps], E=511.000 [keV]
OPAL-X> * 17:41:36 Step    823 container[2] at 0.003 [um], t= 4.784 [ps], E=510.999 [keV]
OPAL-X> * 17:41:36 Step    824 container[0] at 1.435 [mm], t= 4.785 [ps], E=245.000 [MeV]
OPAL-X> * 17:41:36 Step    824 container[1] at 0.003 [um], t= 4.785 [ps], E=511.000 [keV]
OPAL-X> * 17:41:36 Step    824 container[2] at 0.003 [um], t= 4.785 [ps], E=510.999 [keV]
OPAL-X> * 17:41:36 Step    825 container[0] at 1.435 [mm], t= 4.786 [ps], E=245.000 [MeV]
OPAL-X> * 17:41:36 Step    825 container[1] at 0.003 [um], t= 4.786 [ps], E=511.000 [keV]
OPAL-X> * 17:41:36 Step    825 container[2] at 0.003 [um], t= 4.786 [ps], E=510.999 [keV]
OPAL-X> * 17:41:36 Step    826 container[0] at 1.435 [mm], t= 4.787 [ps], E=245.000 [MeV]
OPAL-X> * 17:41:36 Step    826 container[1] at 0.003 [um], t= 4.787 [ps], E=511.000 [keV]
OPAL-X> * 17:41:36 Step    826 container[2] at 0.003 [um], t= 4.787 [ps], E=510.999 [keV]
OPAL-X> * 17:41:36 Step    827 container[0] at 1.435 [mm], t= 4.788 [ps], E=245.000 [MeV]
OPAL-X> * 17:41:36 Step    827 container[1] at 0.003 [um], t= 4.788 [ps], E=511.000 [keV]
OPAL-X> * 17:41:36 Step    827 container[2] at 0.003 [um], t= 4.788 [ps], E=510.999 [keV]
OPAL-X> * 17:41:36 Step    828 container[0] at 1.436 [mm], t= 4.789 [ps], E=245.000 [MeV]
OPAL-X> * 17:41:36 Step    828 container[1] at 0.003 [um], t= 4.789 [ps], E=511.000 [keV]
OPAL-X> * 17:41:36 Step    828 container[2] at 0.003 [um], t= 4.789 [ps], E=510.999 [keV]
OPAL-X> * 17:41:36 Step    829 container[0] at 1.436 [mm], t= 4.790 [ps], E=245.000 [MeV]
OPAL-X> * 17:41:36 Step    829 container[1] at 0.003 [um], t= 4.790 [ps], E=511.000 [keV]
OPAL-X> * 17:41:36 Step    829 container[2] at 0.003 [um], t= 4.790 [ps], E=510.999 [keV]
OPAL-X> * 17:41:36 Step    830 container[0] at 1.436 [mm], t= 4.791 [ps], E=245.000 [MeV]
OPAL-X> * 17:41:36 Step    830 container[1] at 0.003 [um], t= 4.791 [ps], E=511.000 [keV]
OPAL-X> * 17:41:36 Step    830 container[2] at 0.003 [um], t= 4.791 [ps], E=510.999 [keV]
OPAL-X> * 17:41:36 Step    831 container[0] at 1.437 [mm], t= 4.792 [ps], E=245.000 [MeV]
OPAL-X> * 17:41:36 Step    831 container[1] at 0.003 [um], t= 4.792 [ps], E=511.000 [keV]
OPAL-X> * 17:41:36 Step    831 container[2] at 0.003 [um], t= 4.792 [ps], E=510.999 [keV]
OPAL-X> * 17:41:36 Step    832 container[0] at 1.437 [mm], t= 4.793 [ps], E=245.000 [MeV]
OPAL-X> * 17:41:36 Step    832 container[1] at 0.003 [um], t= 4.793 [ps], E=511.000 [keV]
OPAL-X> * 17:41:36 Step    832 container[2] at 0.003 [um], t= 4.793 [ps], E=510.999 [keV]
OPAL-X> * 17:41:36 Step    833 container[0] at 1.437 [mm], t= 4.794 [ps], E=245.000 [MeV]
OPAL-X> * 17:41:36 Step    833 container[1] at 0.003 [um], t= 4.794 [ps], E=511.000 [keV]
OPAL-X> * 17:41:36 Step    833 container[2] at 0.003 [um], t= 4.794 [ps], E=510.999 [keV]
OPAL-X> * 17:41:36 Step    834 container[0] at 1.438 [mm], t= 4.795 [ps], E=245.000 [MeV]
OPAL-X> * 17:41:36 Step    834 container[1] at 0.003 [um], t= 4.795 [ps], E=511.000 [keV]
OPAL-X> * 17:41:36 Step    834 container[2] at 0.003 [um], t= 4.795 [ps], E=510.999 [keV]
OPAL-X> * 17:41:36 Step    835 container[0] at 1.438 [mm], t= 4.796 [ps], E=245.000 [MeV]
OPAL-X> * 17:41:36 Step    835 container[1] at 0.003 [um], t= 4.796 [ps], E=511.000 [keV]
OPAL-X> * 17:41:36 Step    835 container[2] at 0.003 [um], t= 4.796 [ps], E=510.999 [keV]
OPAL-X> * 17:41:36 Step    836 container[0] at 1.438 [mm], t= 4.797 [ps], E=245.000 [MeV]
OPAL-X> * 17:41:36 Step    836 container[1] at 0.003 [um], t= 4.797 [ps], E=511.000 [keV]
OPAL-X> * 17:41:36 Step    836 container[2] at 0.003 [um], t= 4.797 [ps], E=510.999 [keV]
OPAL-X> * 17:41:36 Step    837 container[0] at 1.438 [mm], t= 4.798 [ps], E=245.000 [MeV]
OPAL-X> * 17:41:36 Step    837 container[1] at 0.003 [um], t= 4.798 [ps], E=511.000 [keV]
OPAL-X> * 17:41:36 Step    837 container[2] at 0.003 [um], t= 4.798 [ps], E=510.999 [keV]
OPAL-X> * 17:41:36 Step    838 container[0] at 1.439 [mm], t= 4.799 [ps], E=245.000 [MeV]
OPAL-X> * 17:41:36 Step    838 container[1] at 0.003 [um], t= 4.799 [ps], E=511.000 [keV]
OPAL-X> * 17:41:36 Step    838 container[2] at 0.003 [um], t= 4.799 [ps], E=510.999 [keV]
OPAL-X> * 17:41:36 Step    839 container[0] at 1.439 [mm], t= 4.800 [ps], E=245.000 [MeV]
OPAL-X> * 17:41:36 Step    839 container[1] at 0.003 [um], t= 4.800 [ps], E=511.000 [keV]
OPAL-X> * 17:41:36 Step    839 container[2] at 0.003 [um], t= 4.800 [ps], E=510.999 [keV]
OPAL-X> * 17:41:36 Step    840 container[0] at 1.439 [mm], t= 4.801 [ps], E=245.000 [MeV]
OPAL-X> * 17:41:36 Step    840 container[1] at 0.003 [um], t= 4.801 [ps], E=511.000 [keV]
OPAL-X> * 17:41:36 Step    840 container[2] at 0.003 [um], t= 4.801 [ps], E=510.999 [keV]
OPAL-X> * 17:41:37 Step    841 container[0] at 1.440 [mm], t= 4.802 [ps], E=245.000 [MeV]
OPAL-X> * 17:41:37 Step    841 container[1] at 0.003 [um], t= 4.802 [ps], E=511.000 [keV]
OPAL-X> * 17:41:37 Step    841 container[2] at 0.003 [um], t= 4.802 [ps], E=510.999 [keV]
OPAL-X> * 17:41:37 Step    842 container[0] at 1.440 [mm], t= 4.803 [ps], E=245.000 [MeV]
OPAL-X> * 17:41:37 Step    842 container[1] at 0.003 [um], t= 4.803 [ps], E=511.000 [keV]
OPAL-X> * 17:41:37 Step    842 container[2] at 0.003 [um], t= 4.803 [ps], E=510.999 [keV]
OPAL-X> * 17:41:37 Step    843 container[0] at 1.440 [mm], t= 4.804 [ps], E=245.000 [MeV]
OPAL-X> * 17:41:37 Step    843 container[1] at 0.003 [um], t= 4.804 [ps], E=511.000 [keV]
OPAL-X> * 17:41:37 Step    843 container[2] at 0.003 [um], t= 4.804 [ps], E=510.999 [keV]
OPAL-X> * 17:41:37 Step    844 container[0] at 1.440 [mm], t= 4.805 [ps], E=245.000 [MeV]
OPAL-X> * 17:41:37 Step    844 container[1] at 0.003 [um], t= 4.805 [ps], E=511.000 [keV]
OPAL-X> * 17:41:37 Step    844 container[2] at 0.003 [um], t= 4.805 [ps], E=510.999 [keV]
OPAL-X> * 17:41:37 Step    845 container[0] at 1.441 [mm], t= 4.806 [ps], E=245.000 [MeV]
OPAL-X> * 17:41:37 Step    845 container[1] at 0.003 [um], t= 4.806 [ps], E=511.000 [keV]
OPAL-X> * 17:41:37 Step    845 container[2] at 0.003 [um], t= 4.806 [ps], E=510.999 [keV]
OPAL-X> * 17:41:37 Step    846 container[0] at 1.441 [mm], t= 4.807 [ps], E=245.000 [MeV]
OPAL-X> * 17:41:37 Step    846 container[1] at 0.003 [um], t= 4.807 [ps], E=511.000 [keV]
OPAL-X> * 17:41:37 Step    846 container[2] at 0.003 [um], t= 4.807 [ps], E=510.999 [keV]
OPAL-X> * 17:41:37 Step    847 container[0] at 1.441 [mm], t= 4.808 [ps], E=245.000 [MeV]
OPAL-X> * 17:41:37 Step    847 container[1] at 0.003 [um], t= 4.808 [ps], E=511.000 [keV]
OPAL-X> * 17:41:37 Step    847 container[2] at 0.003 [um], t= 4.808 [ps], E=510.999 [keV]
OPAL-X> * 17:41:37 Step    848 container[0] at 1.442 [mm], t= 4.809 [ps], E=245.000 [MeV]
OPAL-X> * 17:41:37 Step    848 container[1] at 0.003 [um], t= 4.809 [ps], E=511.000 [keV]
OPAL-X> * 17:41:37 Step    848 container[2] at 0.003 [um], t= 4.809 [ps], E=510.999 [keV]
OPAL-X> * 17:41:37 Step    849 container[0] at 1.442 [mm], t= 4.810 [ps], E=245.000 [MeV]
OPAL-X> * 17:41:37 Step    849 container[1] at 0.003 [um], t= 4.810 [ps], E=511.000 [keV]
OPAL-X> * 17:41:37 Step    849 container[2] at 0.003 [um], t= 4.810 [ps], E=510.999 [keV]
OPAL-X> * 17:41:37 Step    850 container[0] at 1.442 [mm], t= 4.811 [ps], E=245.000 [MeV]
OPAL-X> * 17:41:37 Step    850 container[1] at 0.003 [um], t= 4.811 [ps], E=511.000 [keV]
OPAL-X> * 17:41:37 Step    850 container[2] at 0.003 [um], t= 4.811 [ps], E=510.999 [keV]
OPAL-X> * 17:41:37 Step    851 container[0] at 1.443 [mm], t= 4.812 [ps], E=245.000 [MeV]
OPAL-X> * 17:41:37 Step    851 container[1] at 0.003 [um], t= 4.812 [ps], E=511.000 [keV]
OPAL-X> * 17:41:37 Step    851 container[2] at 0.003 [um], t= 4.812 [ps], E=510.999 [keV]
OPAL-X> * 17:41:37 Step    852 container[0] at 1.443 [mm], t= 4.813 [ps], E=245.000 [MeV]
OPAL-X> * 17:41:37 Step    852 container[1] at 0.003 [um], t= 4.813 [ps], E=511.000 [keV]
OPAL-X> * 17:41:37 Step    852 container[2] at 0.003 [um], t= 4.813 [ps], E=510.999 [keV]
OPAL-X> * 17:41:37 Step    853 container[0] at 1.443 [mm], t= 4.814 [ps], E=245.000 [MeV]
OPAL-X> * 17:41:37 Step    853 container[1] at 0.003 [um], t= 4.814 [ps], E=511.000 [keV]
OPAL-X> * 17:41:37 Step    853 container[2] at 0.003 [um], t= 4.814 [ps], E=510.999 [keV]
OPAL-X> * 17:41:37 Step    854 container[0] at 1.443 [mm], t= 4.815 [ps], E=245.000 [MeV]
OPAL-X> * 17:41:37 Step    854 container[1] at 0.003 [um], t= 4.815 [ps], E=511.000 [keV]
OPAL-X> * 17:41:37 Step    854 container[2] at 0.003 [um], t= 4.815 [ps], E=510.999 [keV]
OPAL-X> * 17:41:37 Step    855 container[0] at 1.444 [mm], t= 4.816 [ps], E=245.000 [MeV]
OPAL-X> * 17:41:37 Step    855 container[1] at 0.003 [um], t= 4.816 [ps], E=511.000 [keV]
OPAL-X> * 17:41:37 Step    855 container[2] at 0.003 [um], t= 4.816 [ps], E=510.999 [keV]
OPAL-X> * 17:41:37 Step    856 container[0] at 1.444 [mm], t= 4.817 [ps], E=245.000 [MeV]
OPAL-X> * 17:41:37 Step    856 container[1] at 0.003 [um], t= 4.817 [ps], E=511.000 [keV]
OPAL-X> * 17:41:37 Step    856 container[2] at 0.003 [um], t= 4.817 [ps], E=510.999 [keV]
OPAL-X> * 17:41:37 Step    857 container[0] at 1.444 [mm], t= 4.818 [ps], E=245.000 [MeV]
OPAL-X> * 17:41:37 Step    857 container[1] at 0.003 [um], t= 4.818 [ps], E=511.000 [keV]
OPAL-X> * 17:41:37 Step    857 container[2] at 0.003 [um], t= 4.818 [ps], E=510.999 [keV]
OPAL-X> * 17:41:37 Step    858 container[0] at 1.445 [mm], t= 4.819 [ps], E=245.000 [MeV]
OPAL-X> * 17:41:37 Step    858 container[1] at 0.003 [um], t= 4.819 [ps], E=511.000 [keV]
OPAL-X> * 17:41:37 Step    858 container[2] at 0.003 [um], t= 4.819 [ps], E=510.999 [keV]
OPAL-X> * 17:41:37 Step    859 container[0] at 1.445 [mm], t= 4.820 [ps], E=245.000 [MeV]
OPAL-X> * 17:41:37 Step    859 container[1] at 0.003 [um], t= 4.820 [ps], E=511.000 [keV]
OPAL-X> * 17:41:37 Step    859 container[2] at 0.003 [um], t= 4.820 [ps], E=510.999 [keV]
OPAL-X> * 17:41:37 Step    860 container[0] at 1.445 [mm], t= 4.821 [ps], E=245.000 [MeV]
OPAL-X> * 17:41:37 Step    860 container[1] at 0.003 [um], t= 4.821 [ps], E=511.000 [keV]
OPAL-X> * 17:41:37 Step    860 container[2] at 0.003 [um], t= 4.821 [ps], E=510.999 [keV]
OPAL-X> * 17:41:37 Step    861 container[0] at 1.446 [mm], t= 4.822 [ps], E=245.000 [MeV]
OPAL-X> * 17:41:37 Step    861 container[1] at 0.003 [um], t= 4.822 [ps], E=511.000 [keV]
OPAL-X> * 17:41:37 Step    861 container[2] at 0.003 [um], t= 4.822 [ps], E=510.999 [keV]
OPAL-X> * 17:41:37 Step    862 container[0] at 1.446 [mm], t= 4.823 [ps], E=245.000 [MeV]
OPAL-X> * 17:41:37 Step    862 container[1] at 0.003 [um], t= 4.823 [ps], E=511.000 [keV]
OPAL-X> * 17:41:37 Step    862 container[2] at 0.003 [um], t= 4.823 [ps], E=510.999 [keV]
OPAL-X> * 17:41:37 Step    863 container[0] at 1.446 [mm], t= 4.824 [ps], E=245.000 [MeV]
OPAL-X> * 17:41:37 Step    863 container[1] at 0.003 [um], t= 4.824 [ps], E=511.000 [keV]
OPAL-X> * 17:41:37 Step    863 container[2] at 0.003 [um], t= 4.824 [ps], E=510.999 [keV]
OPAL-X> * 17:41:37 Step    864 container[0] at 1.446 [mm], t= 4.825 [ps], E=245.000 [MeV]
OPAL-X> * 17:41:37 Step    864 container[1] at 0.003 [um], t= 4.825 [ps], E=511.000 [keV]
OPAL-X> * 17:41:37 Step    864 container[2] at 0.003 [um], t= 4.825 [ps], E=510.999 [keV]
OPAL-X> * 17:41:37 Step    865 container[0] at 1.447 [mm], t= 4.826 [ps], E=245.000 [MeV]
OPAL-X> * 17:41:37 Step    865 container[1] at 0.003 [um], t= 4.826 [ps], E=511.000 [keV]
OPAL-X> * 17:41:37 Step    865 container[2] at 0.003 [um], t= 4.826 [ps], E=510.999 [keV]
OPAL-X> * 17:41:37 Step    866 container[0] at 1.447 [mm], t= 4.827 [ps], E=245.000 [MeV]
OPAL-X> * 17:41:37 Step    866 container[1] at 0.003 [um], t= 4.827 [ps], E=511.000 [keV]
OPAL-X> * 17:41:37 Step    866 container[2] at 0.003 [um], t= 4.827 [ps], E=510.999 [keV]
OPAL-X> * 17:41:37 Step    867 container[0] at 1.447 [mm], t= 4.828 [ps], E=245.000 [MeV]
OPAL-X> * 17:41:37 Step    867 container[1] at 0.003 [um], t= 4.828 [ps], E=511.000 [keV]
OPAL-X> * 17:41:37 Step    867 container[2] at 0.003 [um], t= 4.828 [ps], E=510.999 [keV]
OPAL-X> * 17:41:37 Step    868 container[0] at 1.448 [mm], t= 4.829 [ps], E=245.000 [MeV]
OPAL-X> * 17:41:37 Step    868 container[1] at 0.003 [um], t= 4.829 [ps], E=511.000 [keV]
OPAL-X> * 17:41:37 Step    868 container[2] at 0.003 [um], t= 4.829 [ps], E=510.999 [keV]
OPAL-X> * 17:41:37 Step    869 container[0] at 1.448 [mm], t= 4.830 [ps], E=245.000 [MeV]
OPAL-X> * 17:41:37 Step    869 container[1] at 0.003 [um], t= 4.830 [ps], E=511.000 [keV]
OPAL-X> * 17:41:37 Step    869 container[2] at 0.003 [um], t= 4.830 [ps], E=510.999 [keV]
OPAL-X> * 17:41:37 Step    870 container[0] at 1.448 [mm], t= 4.831 [ps], E=245.000 [MeV]
OPAL-X> * 17:41:37 Step    870 container[1] at 0.003 [um], t= 4.831 [ps], E=511.000 [keV]
OPAL-X> * 17:41:37 Step    870 container[2] at 0.003 [um], t= 4.831 [ps], E=510.999 [keV]
OPAL-X> * 17:41:37 Step    871 container[0] at 1.449 [mm], t= 4.832 [ps], E=245.000 [MeV]
OPAL-X> * 17:41:37 Step    871 container[1] at 0.003 [um], t= 4.832 [ps], E=511.000 [keV]
OPAL-X> * 17:41:37 Step    871 container[2] at 0.003 [um], t= 4.832 [ps], E=510.999 [keV]
OPAL-X> * 17:41:37 Step    872 container[0] at 1.449 [mm], t= 4.833 [ps], E=245.000 [MeV]
OPAL-X> * 17:41:37 Step    872 container[1] at 0.003 [um], t= 4.833 [ps], E=511.000 [keV]
OPAL-X> * 17:41:37 Step    872 container[2] at 0.003 [um], t= 4.833 [ps], E=510.999 [keV]
OPAL-X> * 17:41:37 Step    873 container[0] at 1.449 [mm], t= 4.834 [ps], E=245.000 [MeV]
OPAL-X> * 17:41:37 Step    873 container[1] at 0.003 [um], t= 4.834 [ps], E=511.000 [keV]
OPAL-X> * 17:41:37 Step    873 container[2] at 0.003 [um], t= 4.834 [ps], E=510.999 [keV]
OPAL-X> * 17:41:37 Step    874 container[0] at 1.449 [mm], t= 4.835 [ps], E=245.000 [MeV]
OPAL-X> * 17:41:37 Step    874 container[1] at 0.003 [um], t= 4.835 [ps], E=511.000 [keV]
OPAL-X> * 17:41:37 Step    874 container[2] at 0.003 [um], t= 4.835 [ps], E=510.999 [keV]
OPAL-X> * 17:41:37 Step    875 container[0] at 1.450 [mm], t= 4.836 [ps], E=245.000 [MeV]
OPAL-X> * 17:41:37 Step    875 container[1] at 0.003 [um], t= 4.836 [ps], E=511.000 [keV]
OPAL-X> * 17:41:37 Step    875 container[2] at 0.003 [um], t= 4.836 [ps], E=510.999 [keV]
OPAL-X> * 17:41:37 Step    876 container[0] at 1.450 [mm], t= 4.837 [ps], E=245.000 [MeV]
OPAL-X> * 17:41:37 Step    876 container[1] at 0.003 [um], t= 4.837 [ps], E=511.000 [keV]
OPAL-X> * 17:41:37 Step    876 container[2] at 0.003 [um], t= 4.837 [ps], E=510.999 [keV]
OPAL-X> * 17:41:37 Step    877 container[0] at 1.450 [mm], t= 4.838 [ps], E=245.000 [MeV]
OPAL-X> * 17:41:37 Step    877 container[1] at 0.003 [um], t= 4.838 [ps], E=511.000 [keV]
OPAL-X> * 17:41:37 Step    877 container[2] at 0.003 [um], t= 4.838 [ps], E=510.999 [keV]
OPAL-X> * 17:41:37 Step    878 container[0] at 1.451 [mm], t= 4.839 [ps], E=245.000 [MeV]
OPAL-X> * 17:41:37 Step    878 container[1] at 0.003 [um], t= 4.839 [ps], E=511.000 [keV]
OPAL-X> * 17:41:37 Step    878 container[2] at 0.003 [um], t= 4.839 [ps], E=510.999 [keV]
OPAL-X> * 17:41:37 Step    879 container[0] at 1.451 [mm], t= 4.840 [ps], E=245.000 [MeV]
OPAL-X> * 17:41:37 Step    879 container[1] at 0.003 [um], t= 4.840 [ps], E=511.000 [keV]
OPAL-X> * 17:41:37 Step    879 container[2] at 0.003 [um], t= 4.840 [ps], E=510.999 [keV]
OPAL-X> * 17:41:37 Step    880 container[0] at 1.451 [mm], t= 4.841 [ps], E=245.000 [MeV]
OPAL-X> * 17:41:37 Step    880 container[1] at 0.003 [um], t= 4.841 [ps], E=511.000 [keV]
OPAL-X> * 17:41:37 Step    880 container[2] at 0.003 [um], t= 4.841 [ps], E=510.999 [keV]
OPAL-X> * 17:41:37 Step    881 container[0] at 1.452 [mm], t= 4.842 [ps], E=245.000 [MeV]
OPAL-X> * 17:41:37 Step    881 container[1] at 0.003 [um], t= 4.842 [ps], E=511.000 [keV]
OPAL-X> * 17:41:37 Step    881 container[2] at 0.003 [um], t= 4.842 [ps], E=510.999 [keV]
OPAL-X> * 17:41:37 Step    882 container[0] at 1.452 [mm], t= 4.843 [ps], E=245.000 [MeV]
OPAL-X> * 17:41:37 Step    882 container[1] at 0.003 [um], t= 4.843 [ps], E=511.000 [keV]
OPAL-X> * 17:41:37 Step    882 container[2] at 0.003 [um], t= 4.843 [ps], E=510.999 [keV]
OPAL-X> * 17:41:37 Step    883 container[0] at 1.452 [mm], t= 4.844 [ps], E=245.000 [MeV]
OPAL-X> * 17:41:37 Step    883 container[1] at 0.003 [um], t= 4.844 [ps], E=511.000 [keV]
OPAL-X> * 17:41:37 Step    883 container[2] at 0.003 [um], t= 4.844 [ps], E=510.999 [keV]
OPAL-X> * 17:41:37 Step    884 container[0] at 1.452 [mm], t= 4.845 [ps], E=245.000 [MeV]
OPAL-X> * 17:41:37 Step    884 container[1] at 0.003 [um], t= 4.845 [ps], E=511.000 [keV]
OPAL-X> * 17:41:37 Step    884 container[2] at 0.003 [um], t= 4.845 [ps], E=510.999 [keV]
OPAL-X> * 17:41:37 Step    885 container[0] at 1.453 [mm], t= 4.846 [ps], E=245.000 [MeV]
OPAL-X> * 17:41:37 Step    885 container[1] at 0.003 [um], t= 4.846 [ps], E=511.000 [keV]
OPAL-X> * 17:41:37 Step    885 container[2] at 0.003 [um], t= 4.846 [ps], E=510.999 [keV]
OPAL-X> * 17:41:37 Step    886 container[0] at 1.453 [mm], t= 4.847 [ps], E=245.000 [MeV]
OPAL-X> * 17:41:37 Step    886 container[1] at 0.003 [um], t= 4.847 [ps], E=511.000 [keV]
OPAL-X> * 17:41:37 Step    886 container[2] at 0.003 [um], t= 4.847 [ps], E=510.999 [keV]
OPAL-X> * 17:41:37 Step    887 container[0] at 1.453 [mm], t= 4.848 [ps], E=245.000 [MeV]
OPAL-X> * 17:41:37 Step    887 container[1] at 0.003 [um], t= 4.848 [ps], E=511.000 [keV]
OPAL-X> * 17:41:37 Step    887 container[2] at 0.003 [um], t= 4.848 [ps], E=510.999 [keV]
OPAL-X> * 17:41:37 Step    888 container[0] at 1.454 [mm], t= 4.849 [ps], E=245.000 [MeV]
OPAL-X> * 17:41:37 Step    888 container[1] at 0.003 [um], t= 4.849 [ps], E=511.000 [keV]
OPAL-X> * 17:41:37 Step    888 container[2] at 0.003 [um], t= 4.849 [ps], E=510.999 [keV]
OPAL-X> * 17:41:37 Step    889 container[0] at 1.454 [mm], t= 4.850 [ps], E=245.000 [MeV]
OPAL-X> * 17:41:37 Step    889 container[1] at 0.003 [um], t= 4.850 [ps], E=511.000 [keV]
OPAL-X> * 17:41:37 Step    889 container[2] at 0.003 [um], t= 4.850 [ps], E=510.999 [keV]
OPAL-X> * 17:41:37 Step    890 container[0] at 1.454 [mm], t= 4.851 [ps], E=245.000 [MeV]
OPAL-X> * 17:41:37 Step    890 container[1] at 0.003 [um], t= 4.851 [ps], E=511.000 [keV]
OPAL-X> * 17:41:37 Step    890 container[2] at 0.003 [um], t= 4.851 [ps], E=510.999 [keV]
OPAL-X> * 17:41:37 Step    891 container[0] at 1.455 [mm], t= 4.852 [ps], E=245.000 [MeV]
OPAL-X> * 17:41:37 Step    891 container[1] at 0.003 [um], t= 4.852 [ps], E=511.000 [keV]
OPAL-X> * 17:41:37 Step    891 container[2] at 0.003 [um], t= 4.852 [ps], E=510.999 [keV]
OPAL-X> * 17:41:37 Step    892 container[0] at 1.455 [mm], t= 4.853 [ps], E=245.000 [MeV]
OPAL-X> * 17:41:37 Step    892 container[1] at 0.003 [um], t= 4.853 [ps], E=511.000 [keV]
OPAL-X> * 17:41:37 Step    892 container[2] at 0.003 [um], t= 4.853 [ps], E=510.999 [keV]
OPAL-X> * 17:41:37 Step    893 container[0] at 1.455 [mm], t= 4.854 [ps], E=245.000 [MeV]
OPAL-X> * 17:41:37 Step    893 container[1] at 0.003 [um], t= 4.854 [ps], E=511.000 [keV]
OPAL-X> * 17:41:37 Step    893 container[2] at 0.003 [um], t= 4.854 [ps], E=510.999 [keV]
OPAL-X> * 17:41:37 Step    894 container[0] at 1.455 [mm], t= 4.855 [ps], E=245.000 [MeV]
OPAL-X> * 17:41:37 Step    894 container[1] at 0.003 [um], t= 4.855 [ps], E=511.000 [keV]
OPAL-X> * 17:41:37 Step    894 container[2] at 0.003 [um], t= 4.855 [ps], E=510.999 [keV]
OPAL-X> * 17:41:38 Step    895 container[0] at 1.456 [mm], t= 4.856 [ps], E=245.000 [MeV]
OPAL-X> * 17:41:38 Step    895 container[1] at 0.003 [um], t= 4.856 [ps], E=511.000 [keV]
OPAL-X> * 17:41:38 Step    895 container[2] at 0.003 [um], t= 4.856 [ps], E=510.999 [keV]
OPAL-X> * 17:41:38 Step    896 container[0] at 1.456 [mm], t= 4.857 [ps], E=245.000 [MeV]
OPAL-X> * 17:41:38 Step    896 container[1] at 0.003 [um], t= 4.857 [ps], E=511.000 [keV]
OPAL-X> * 17:41:38 Step    896 container[2] at 0.003 [um], t= 4.857 [ps], E=510.999 [keV]
OPAL-X> * 17:41:38 Step    897 container[0] at 1.456 [mm], t= 4.858 [ps], E=245.000 [MeV]
OPAL-X> * 17:41:38 Step    897 container[1] at 0.003 [um], t= 4.858 [ps], E=511.000 [keV]
OPAL-X> * 17:41:38 Step    897 container[2] at 0.003 [um], t= 4.858 [ps], E=510.999 [keV]
OPAL-X> * 17:41:38 Step    898 container[0] at 1.457 [mm], t= 4.859 [ps], E=245.000 [MeV]
OPAL-X> * 17:41:38 Step    898 container[1] at 0.003 [um], t= 4.859 [ps], E=511.000 [keV]
OPAL-X> * 17:41:38 Step    898 container[2] at 0.003 [um], t= 4.859 [ps], E=510.999 [keV]
OPAL-X> * 17:41:38 Step    899 container[0] at 1.457 [mm], t= 4.860 [ps], E=245.000 [MeV]
OPAL-X> * 17:41:38 Step    899 container[1] at 0.003 [um], t= 4.860 [ps], E=511.000 [keV]
OPAL-X> * 17:41:38 Step    899 container[2] at 0.003 [um], t= 4.860 [ps], E=510.999 [keV]
OPAL-X> * 17:41:38 Step    900 container[0] at 1.457 [mm], t= 4.861 [ps], E=245.000 [MeV]
OPAL-X> * 17:41:38 Step    900 container[1] at 0.003 [um], t= 4.861 [ps], E=511.000 [keV]
OPAL-X> * 17:41:38 Step    900 container[2] at 0.003 [um], t= 4.861 [ps], E=510.999 [keV]
OPAL-X> * 17:41:38 Step    901 container[0] at 1.458 [mm], t= 4.862 [ps], E=245.000 [MeV]
OPAL-X> * 17:41:38 Step    901 container[1] at 0.003 [um], t= 4.862 [ps], E=511.000 [keV]
OPAL-X> * 17:41:38 Step    901 container[2] at 0.003 [um], t= 4.862 [ps], E=510.999 [keV]
OPAL-X> * 17:41:38 Step    902 container[0] at 1.458 [mm], t= 4.863 [ps], E=245.000 [MeV]
OPAL-X> * 17:41:38 Step    902 container[1] at 0.003 [um], t= 4.863 [ps], E=511.000 [keV]
OPAL-X> * 17:41:38 Step    902 container[2] at 0.003 [um], t= 4.863 [ps], E=510.999 [keV]
OPAL-X> * 17:41:38 Step    903 container[0] at 1.458 [mm], t= 4.864 [ps], E=245.000 [MeV]
OPAL-X> * 17:41:38 Step    903 container[1] at 0.003 [um], t= 4.864 [ps], E=511.000 [keV]
OPAL-X> * 17:41:38 Step    903 container[2] at 0.003 [um], t= 4.864 [ps], E=510.999 [keV]
OPAL-X> * 17:41:38 Step    904 container[0] at 1.458 [mm], t= 4.865 [ps], E=245.000 [MeV]
OPAL-X> * 17:41:38 Step    904 container[1] at 0.003 [um], t= 4.865 [ps], E=511.000 [keV]
OPAL-X> * 17:41:38 Step    904 container[2] at 0.003 [um], t= 4.865 [ps], E=510.999 [keV]
OPAL-X> * 17:41:38 Step    905 container[0] at 1.459 [mm], t= 4.866 [ps], E=245.000 [MeV]
OPAL-X> * 17:41:38 Step    905 container[1] at 0.003 [um], t= 4.866 [ps], E=511.000 [keV]
OPAL-X> * 17:41:38 Step    905 container[2] at 0.003 [um], t= 4.866 [ps], E=510.999 [keV]
OPAL-X> * 17:41:38 Step    906 container[0] at 1.459 [mm], t= 4.867 [ps], E=245.000 [MeV]
OPAL-X> * 17:41:38 Step    906 container[1] at 0.003 [um], t= 4.867 [ps], E=511.000 [keV]
OPAL-X> * 17:41:38 Step    906 container[2] at 0.003 [um], t= 4.867 [ps], E=510.999 [keV]
OPAL-X> * 17:41:38 Step    907 container[0] at 1.459 [mm], t= 4.868 [ps], E=245.000 [MeV]
OPAL-X> * 17:41:38 Step    907 container[1] at 0.003 [um], t= 4.868 [ps], E=511.000 [keV]
OPAL-X> * 17:41:38 Step    907 container[2] at 0.003 [um], t= 4.868 [ps], E=510.999 [keV]
OPAL-X> * 17:41:38 Step    908 container[0] at 1.460 [mm], t= 4.869 [ps], E=245.000 [MeV]
OPAL-X> * 17:41:38 Step    908 container[1] at 0.003 [um], t= 4.869 [ps], E=511.000 [keV]
OPAL-X> * 17:41:38 Step    908 container[2] at 0.003 [um], t= 4.869 [ps], E=510.999 [keV]
OPAL-X> * 17:41:38 Step    909 container[0] at 1.460 [mm], t= 4.870 [ps], E=245.000 [MeV]
OPAL-X> * 17:41:38 Step    909 container[1] at 0.003 [um], t= 4.870 [ps], E=511.000 [keV]
OPAL-X> * 17:41:38 Step    909 container[2] at 0.003 [um], t= 4.870 [ps], E=510.999 [keV]
OPAL-X> * 17:41:38 Step    910 container[0] at 1.460 [mm], t= 4.871 [ps], E=245.000 [MeV]
OPAL-X> * 17:41:38 Step    910 container[1] at 0.003 [um], t= 4.871 [ps], E=511.000 [keV]
OPAL-X> * 17:41:38 Step    910 container[2] at 0.003 [um], t= 4.871 [ps], E=510.999 [keV]
OPAL-X> * 17:41:38 Step    911 container[0] at 1.461 [mm], t= 4.872 [ps], E=245.000 [MeV]
OPAL-X> * 17:41:38 Step    911 container[1] at 0.003 [um], t= 4.872 [ps], E=511.000 [keV]
OPAL-X> * 17:41:38 Step    911 container[2] at 0.003 [um], t= 4.872 [ps], E=510.999 [keV]
OPAL-X> * 17:41:38 Step    912 container[0] at 1.461 [mm], t= 4.873 [ps], E=245.000 [MeV]
OPAL-X> * 17:41:38 Step    912 container[1] at 0.003 [um], t= 4.873 [ps], E=511.000 [keV]
OPAL-X> * 17:41:38 Step    912 container[2] at 0.003 [um], t= 4.873 [ps], E=510.999 [keV]
OPAL-X> * 17:41:38 Step    913 container[0] at 1.461 [mm], t= 4.874 [ps], E=245.000 [MeV]
OPAL-X> * 17:41:38 Step    913 container[1] at 0.003 [um], t= 4.874 [ps], E=511.000 [keV]
OPAL-X> * 17:41:38 Step    913 container[2] at 0.003 [um], t= 4.874 [ps], E=510.999 [keV]
OPAL-X> * 17:41:38 Step    914 container[0] at 1.461 [mm], t= 4.875 [ps], E=245.000 [MeV]
OPAL-X> * 17:41:38 Step    914 container[1] at 0.003 [um], t= 4.875 [ps], E=511.000 [keV]
OPAL-X> * 17:41:38 Step    914 container[2] at 0.003 [um], t= 4.875 [ps], E=510.999 [keV]
OPAL-X> * 17:41:38 Step    915 container[0] at 1.462 [mm], t= 4.876 [ps], E=245.000 [MeV]
OPAL-X> * 17:41:38 Step    915 container[1] at 0.003 [um], t= 4.876 [ps], E=511.000 [keV]
OPAL-X> * 17:41:38 Step    915 container[2] at 0.003 [um], t= 4.876 [ps], E=510.999 [keV]
OPAL-X> * 17:41:38 Step    916 container[0] at 1.462 [mm], t= 4.877 [ps], E=245.000 [MeV]
OPAL-X> * 17:41:38 Step    916 container[1] at 0.003 [um], t= 4.877 [ps], E=511.000 [keV]
OPAL-X> * 17:41:38 Step    916 container[2] at 0.003 [um], t= 4.877 [ps], E=510.999 [keV]
OPAL-X> * 17:41:38 Step    917 container[0] at 1.462 [mm], t= 4.878 [ps], E=245.000 [MeV]
OPAL-X> * 17:41:38 Step    917 container[1] at 0.003 [um], t= 4.878 [ps], E=511.000 [keV]
OPAL-X> * 17:41:38 Step    917 container[2] at 0.003 [um], t= 4.878 [ps], E=510.999 [keV]
OPAL-X> * 17:41:38 Step    918 container[0] at 1.463 [mm], t= 4.879 [ps], E=245.000 [MeV]
OPAL-X> * 17:41:38 Step    918 container[1] at 0.003 [um], t= 4.879 [ps], E=511.000 [keV]
OPAL-X> * 17:41:38 Step    918 container[2] at 0.003 [um], t= 4.879 [ps], E=510.999 [keV]
OPAL-X> * 17:41:38 Step    919 container[0] at 1.463 [mm], t= 4.880 [ps], E=245.000 [MeV]
OPAL-X> * 17:41:38 Step    919 container[1] at 0.003 [um], t= 4.880 [ps], E=511.000 [keV]
OPAL-X> * 17:41:38 Step    919 container[2] at 0.003 [um], t= 4.880 [ps], E=510.999 [keV]
OPAL-X> * 17:41:38 Step    920 container[0] at 1.463 [mm], t= 4.881 [ps], E=245.000 [MeV]
OPAL-X> * 17:41:38 Step    920 container[1] at 0.003 [um], t= 4.881 [ps], E=511.000 [keV]
OPAL-X> * 17:41:38 Step    920 container[2] at 0.003 [um], t= 4.881 [ps], E=510.999 [keV]
OPAL-X> * 17:41:38 Step    921 container[0] at 1.464 [mm], t= 4.882 [ps], E=245.000 [MeV]
OPAL-X> * 17:41:38 Step    921 container[1] at 0.003 [um], t= 4.882 [ps], E=511.000 [keV]
OPAL-X> * 17:41:38 Step    921 container[2] at 0.003 [um], t= 4.882 [ps], E=510.999 [keV]
OPAL-X> * 17:41:38 Step    922 container[0] at 1.464 [mm], t= 4.883 [ps], E=245.000 [MeV]
OPAL-X> * 17:41:38 Step    922 container[1] at 0.003 [um], t= 4.883 [ps], E=511.000 [keV]
OPAL-X> * 17:41:38 Step    922 container[2] at 0.003 [um], t= 4.883 [ps], E=510.999 [keV]
OPAL-X> * 17:41:38 Step    923 container[0] at 1.464 [mm], t= 4.884 [ps], E=245.000 [MeV]
OPAL-X> * 17:41:38 Step    923 container[1] at 0.003 [um], t= 4.884 [ps], E=511.000 [keV]
OPAL-X> * 17:41:38 Step    923 container[2] at 0.003 [um], t= 4.884 [ps], E=510.999 [keV]
OPAL-X> * 17:41:38 Step    924 container[0] at 1.464 [mm], t= 4.885 [ps], E=245.000 [MeV]
OPAL-X> * 17:41:38 Step    924 container[1] at 0.003 [um], t= 4.885 [ps], E=511.000 [keV]
OPAL-X> * 17:41:38 Step    924 container[2] at 0.003 [um], t= 4.885 [ps], E=510.999 [keV]
OPAL-X> * 17:41:38 Step    925 container[0] at 1.465 [mm], t= 4.886 [ps], E=245.000 [MeV]
OPAL-X> * 17:41:38 Step    925 container[1] at 0.003 [um], t= 4.886 [ps], E=511.000 [keV]
OPAL-X> * 17:41:38 Step    925 container[2] at 0.003 [um], t= 4.886 [ps], E=510.999 [keV]
OPAL-X> * 17:41:38 Step    926 container[0] at 1.465 [mm], t= 4.887 [ps], E=245.000 [MeV]
OPAL-X> * 17:41:38 Step    926 container[1] at 0.003 [um], t= 4.887 [ps], E=511.000 [keV]
OPAL-X> * 17:41:38 Step    926 container[2] at 0.003 [um], t= 4.887 [ps], E=510.999 [keV]
OPAL-X> * 17:41:38 Step    927 container[0] at 1.465 [mm], t= 4.888 [ps], E=245.000 [MeV]
OPAL-X> * 17:41:38 Step    927 container[1] at 0.003 [um], t= 4.888 [ps], E=511.000 [keV]
OPAL-X> * 17:41:38 Step    927 container[2] at 0.003 [um], t= 4.888 [ps], E=510.999 [keV]
OPAL-X> * 17:41:38 Step    928 container[0] at 1.466 [mm], t= 4.889 [ps], E=245.000 [MeV]
OPAL-X> * 17:41:38 Step    928 container[1] at 0.003 [um], t= 4.889 [ps], E=511.000 [keV]
OPAL-X> * 17:41:38 Step    928 container[2] at 0.003 [um], t= 4.889 [ps], E=510.999 [keV]
OPAL-X> * 17:41:38 Step    929 container[0] at 1.466 [mm], t= 4.890 [ps], E=245.000 [MeV]
OPAL-X> * 17:41:38 Step    929 container[1] at 0.003 [um], t= 4.890 [ps], E=511.000 [keV]
OPAL-X> * 17:41:38 Step    929 container[2] at 0.003 [um], t= 4.890 [ps], E=510.999 [keV]
OPAL-X> * 17:41:38 Step    930 container[0] at 1.466 [mm], t= 4.891 [ps], E=245.000 [MeV]
OPAL-X> * 17:41:38 Step    930 container[1] at 0.003 [um], t= 4.891 [ps], E=511.000 [keV]
OPAL-X> * 17:41:38 Step    930 container[2] at 0.003 [um], t= 4.891 [ps], E=510.999 [keV]
OPAL-X> * 17:41:38 Step    931 container[0] at 1.467 [mm], t= 4.892 [ps], E=245.000 [MeV]
OPAL-X> * 17:41:38 Step    931 container[1] at 0.003 [um], t= 4.892 [ps], E=511.000 [keV]
OPAL-X> * 17:41:38 Step    931 container[2] at 0.003 [um], t= 4.892 [ps], E=510.999 [keV]
OPAL-X> * 17:41:38 Step    932 container[0] at 1.467 [mm], t= 4.893 [ps], E=245.000 [MeV]
OPAL-X> * 17:41:38 Step    932 container[1] at 0.003 [um], t= 4.893 [ps], E=511.000 [keV]
OPAL-X> * 17:41:38 Step    932 container[2] at 0.003 [um], t= 4.893 [ps], E=510.999 [keV]
OPAL-X> * 17:41:38 Step    933 container[0] at 1.467 [mm], t= 4.894 [ps], E=245.000 [MeV]
OPAL-X> * 17:41:38 Step    933 container[1] at 0.003 [um], t= 4.894 [ps], E=511.000 [keV]
OPAL-X> * 17:41:38 Step    933 container[2] at 0.003 [um], t= 4.894 [ps], E=510.999 [keV]
OPAL-X> * 17:41:38 Step    934 container[0] at 1.467 [mm], t= 4.895 [ps], E=245.000 [MeV]
OPAL-X> * 17:41:38 Step    934 container[1] at 0.003 [um], t= 4.895 [ps], E=511.000 [keV]
OPAL-X> * 17:41:38 Step    934 container[2] at 0.003 [um], t= 4.895 [ps], E=510.999 [keV]
OPAL-X> * 17:41:38 Step    935 container[0] at 1.468 [mm], t= 4.896 [ps], E=245.000 [MeV]
OPAL-X> * 17:41:38 Step    935 container[1] at 0.003 [um], t= 4.896 [ps], E=511.000 [keV]
OPAL-X> * 17:41:38 Step    935 container[2] at 0.003 [um], t= 4.896 [ps], E=510.999 [keV]
OPAL-X> * 17:41:38 Step    936 container[0] at 1.468 [mm], t= 4.897 [ps], E=245.000 [MeV]
OPAL-X> * 17:41:38 Step    936 container[1] at 0.003 [um], t= 4.897 [ps], E=511.000 [keV]
OPAL-X> * 17:41:38 Step    936 container[2] at 0.003 [um], t= 4.897 [ps], E=510.999 [keV]
OPAL-X> * 17:41:38 Step    937 container[0] at 1.468 [mm], t= 4.898 [ps], E=245.000 [MeV]
OPAL-X> * 17:41:38 Step    937 container[1] at 0.003 [um], t= 4.898 [ps], E=511.000 [keV]
OPAL-X> * 17:41:38 Step    937 container[2] at 0.003 [um], t= 4.898 [ps], E=510.999 [keV]
OPAL-X> * 17:41:38 Step    938 container[0] at 1.469 [mm], t= 4.899 [ps], E=245.000 [MeV]
OPAL-X> * 17:41:38 Step    938 container[1] at 0.003 [um], t= 4.899 [ps], E=511.000 [keV]
OPAL-X> * 17:41:38 Step    938 container[2] at 0.003 [um], t= 4.899 [ps], E=510.999 [keV]
OPAL-X> * 17:41:38 Step    939 container[0] at 1.469 [mm], t= 4.900 [ps], E=245.000 [MeV]
OPAL-X> * 17:41:38 Step    939 container[1] at 0.003 [um], t= 4.900 [ps], E=511.000 [keV]
OPAL-X> * 17:41:38 Step    939 container[2] at 0.003 [um], t= 4.900 [ps], E=510.999 [keV]
OPAL-X> * 17:41:38 Step    940 container[0] at 1.469 [mm], t= 4.901 [ps], E=245.000 [MeV]
OPAL-X> * 17:41:38 Step    940 container[1] at 0.003 [um], t= 4.901 [ps], E=511.000 [keV]
OPAL-X> * 17:41:38 Step    940 container[2] at 0.003 [um], t= 4.901 [ps], E=510.999 [keV]
OPAL-X> * 17:41:38 Step    941 container[0] at 1.470 [mm], t= 4.902 [ps], E=245.000 [MeV]
OPAL-X> * 17:41:38 Step    941 container[1] at 0.003 [um], t= 4.902 [ps], E=511.000 [keV]
OPAL-X> * 17:41:38 Step    941 container[2] at 0.003 [um], t= 4.902 [ps], E=510.999 [keV]
OPAL-X> * 17:41:38 Step    942 container[0] at 1.470 [mm], t= 4.903 [ps], E=245.000 [MeV]
OPAL-X> * 17:41:38 Step    942 container[1] at 0.003 [um], t= 4.903 [ps], E=511.000 [keV]
OPAL-X> * 17:41:38 Step    942 container[2] at 0.003 [um], t= 4.903 [ps], E=510.999 [keV]
OPAL-X> * 17:41:38 Step    943 container[0] at 1.470 [mm], t= 4.904 [ps], E=245.000 [MeV]
OPAL-X> * 17:41:38 Step    943 container[1] at 0.003 [um], t= 4.904 [ps], E=511.000 [keV]
OPAL-X> * 17:41:38 Step    943 container[2] at 0.003 [um], t= 4.904 [ps], E=510.999 [keV]
OPAL-X> * 17:41:38 Step    944 container[0] at 1.470 [mm], t= 4.905 [ps], E=245.000 [MeV]
OPAL-X> * 17:41:38 Step    944 container[1] at 0.003 [um], t= 4.905 [ps], E=511.000 [keV]
OPAL-X> * 17:41:38 Step    944 container[2] at 0.003 [um], t= 4.905 [ps], E=510.999 [keV]
OPAL-X> * 17:41:38 Step    945 container[0] at 1.471 [mm], t= 4.906 [ps], E=245.000 [MeV]
OPAL-X> * 17:41:38 Step    945 container[1] at 0.003 [um], t= 4.906 [ps], E=511.000 [keV]
OPAL-X> * 17:41:38 Step    945 container[2] at 0.003 [um], t= 4.906 [ps], E=510.999 [keV]
OPAL-X> * 17:41:38 Step    946 container[0] at 1.471 [mm], t= 4.907 [ps], E=245.000 [MeV]
OPAL-X> * 17:41:38 Step    946 container[1] at 0.003 [um], t= 4.907 [ps], E=511.000 [keV]
OPAL-X> * 17:41:38 Step    946 container[2] at 0.003 [um], t= 4.907 [ps], E=510.999 [keV]
OPAL-X> * 17:41:38 Step    947 container[0] at 1.471 [mm], t= 4.908 [ps], E=245.000 [MeV]
OPAL-X> * 17:41:38 Step    947 container[1] at 0.003 [um], t= 4.908 [ps], E=511.000 [keV]
OPAL-X> * 17:41:38 Step    947 container[2] at 0.003 [um], t= 4.908 [ps], E=510.999 [keV]
OPAL-X> * 17:41:38 Step    948 container[0] at 1.472 [mm], t= 4.909 [ps], E=245.000 [MeV]
OPAL-X> * 17:41:38 Step    948 container[1] at 0.003 [um], t= 4.909 [ps], E=511.000 [keV]
OPAL-X> * 17:41:38 Step    948 container[2] at 0.003 [um], t= 4.909 [ps], E=510.999 [keV]
OPAL-X> * 17:41:38 Step    949 container[0] at 1.472 [mm], t= 4.910 [ps], E=245.000 [MeV]
OPAL-X> * 17:41:38 Step    949 container[1] at 0.003 [um], t= 4.910 [ps], E=511.000 [keV]
OPAL-X> * 17:41:38 Step    949 container[2] at 0.003 [um], t= 4.910 [ps], E=510.999 [keV]
OPAL-X> * 17:41:39 Step    950 container[0] at 1.472 [mm], t= 4.911 [ps], E=245.000 [MeV]
OPAL-X> * 17:41:39 Step    950 container[1] at 0.003 [um], t= 4.911 [ps], E=511.000 [keV]
OPAL-X> * 17:41:39 Step    950 container[2] at 0.003 [um], t= 4.911 [ps], E=510.999 [keV]
OPAL-X> * 17:41:39 Step    951 container[0] at 1.473 [mm], t= 4.912 [ps], E=245.000 [MeV]
OPAL-X> * 17:41:39 Step    951 container[1] at 0.003 [um], t= 4.912 [ps], E=511.000 [keV]
OPAL-X> * 17:41:39 Step    951 container[2] at 0.003 [um], t= 4.912 [ps], E=510.999 [keV]
OPAL-X> * 17:41:39 Step    952 container[0] at 1.473 [mm], t= 4.913 [ps], E=245.000 [MeV]
OPAL-X> * 17:41:39 Step    952 container[1] at 0.003 [um], t= 4.913 [ps], E=511.000 [keV]
OPAL-X> * 17:41:39 Step    952 container[2] at 0.003 [um], t= 4.913 [ps], E=510.999 [keV]
OPAL-X> * 17:41:39 Step    953 container[0] at 1.473 [mm], t= 4.914 [ps], E=245.000 [MeV]
OPAL-X> * 17:41:39 Step    953 container[1] at 0.003 [um], t= 4.914 [ps], E=511.000 [keV]
OPAL-X> * 17:41:39 Step    953 container[2] at 0.003 [um], t= 4.914 [ps], E=510.999 [keV]
OPAL-X> * 17:41:39 Step    954 container[0] at 1.473 [mm], t= 4.915 [ps], E=245.000 [MeV]
OPAL-X> * 17:41:39 Step    954 container[1] at 0.003 [um], t= 4.915 [ps], E=511.000 [keV]
OPAL-X> * 17:41:39 Step    954 container[2] at 0.003 [um], t= 4.915 [ps], E=510.999 [keV]
OPAL-X> * 17:41:39 Step    955 container[0] at 1.474 [mm], t= 4.916 [ps], E=245.000 [MeV]
OPAL-X> * 17:41:39 Step    955 container[1] at 0.003 [um], t= 4.916 [ps], E=511.000 [keV]
OPAL-X> * 17:41:39 Step    955 container[2] at 0.003 [um], t= 4.916 [ps], E=510.999 [keV]
OPAL-X> * 17:41:39 Step    956 container[0] at 1.474 [mm], t= 4.917 [ps], E=245.000 [MeV]
OPAL-X> * 17:41:39 Step    956 container[1] at 0.003 [um], t= 4.917 [ps], E=511.000 [keV]
OPAL-X> * 17:41:39 Step    956 container[2] at 0.003 [um], t= 4.917 [ps], E=510.999 [keV]
OPAL-X> * 17:41:39 Step    957 container[0] at 1.474 [mm], t= 4.918 [ps], E=245.000 [MeV]
OPAL-X> * 17:41:39 Step    957 container[1] at 0.003 [um], t= 4.918 [ps], E=511.000 [keV]
OPAL-X> * 17:41:39 Step    957 container[2] at 0.003 [um], t= 4.918 [ps], E=510.999 [keV]
OPAL-X> * 17:41:39 Step    958 container[0] at 1.475 [mm], t= 4.919 [ps], E=245.000 [MeV]
OPAL-X> * 17:41:39 Step    958 container[1] at 0.003 [um], t= 4.919 [ps], E=511.000 [keV]
OPAL-X> * 17:41:39 Step    958 container[2] at 0.003 [um], t= 4.919 [ps], E=510.999 [keV]
OPAL-X> * 17:41:39 Step    959 container[0] at 1.475 [mm], t= 4.920 [ps], E=245.000 [MeV]
OPAL-X> * 17:41:39 Step    959 container[1] at 0.003 [um], t= 4.920 [ps], E=511.000 [keV]
OPAL-X> * 17:41:39 Step    959 container[2] at 0.003 [um], t= 4.920 [ps], E=510.999 [keV]
OPAL-X> * 17:41:39 Step    960 container[0] at 1.475 [mm], t= 4.921 [ps], E=245.000 [MeV]
OPAL-X> * 17:41:39 Step    960 container[1] at 0.003 [um], t= 4.921 [ps], E=511.000 [keV]
OPAL-X> * 17:41:39 Step    960 container[2] at 0.003 [um], t= 4.921 [ps], E=510.999 [keV]
OPAL-X> * 17:41:39 Step    961 container[0] at 1.476 [mm], t= 4.922 [ps], E=245.000 [MeV]
OPAL-X> * 17:41:39 Step    961 container[1] at 0.003 [um], t= 4.922 [ps], E=511.000 [keV]
OPAL-X> * 17:41:39 Step    961 container[2] at 0.003 [um], t= 4.922 [ps], E=510.999 [keV]
OPAL-X> * 17:41:39 Step    962 container[0] at 1.476 [mm], t= 4.923 [ps], E=245.000 [MeV]
OPAL-X> * 17:41:39 Step    962 container[1] at 0.003 [um], t= 4.923 [ps], E=511.000 [keV]
OPAL-X> * 17:41:39 Step    962 container[2] at 0.003 [um], t= 4.923 [ps], E=510.999 [keV]
OPAL-X> * 17:41:39 Step    963 container[0] at 1.476 [mm], t= 4.924 [ps], E=245.000 [MeV]
OPAL-X> * 17:41:39 Step    963 container[1] at 0.003 [um], t= 4.924 [ps], E=511.000 [keV]
OPAL-X> * 17:41:39 Step    963 container[2] at 0.003 [um], t= 4.924 [ps], E=510.999 [keV]
OPAL-X> * 17:41:39 Step    964 container[0] at 1.476 [mm], t= 4.925 [ps], E=245.000 [MeV]
OPAL-X> * 17:41:39 Step    964 container[1] at 0.003 [um], t= 4.925 [ps], E=511.000 [keV]
OPAL-X> * 17:41:39 Step    964 container[2] at 0.003 [um], t= 4.925 [ps], E=510.999 [keV]
OPAL-X> * 17:41:39 Step    965 container[0] at 1.477 [mm], t= 4.926 [ps], E=245.000 [MeV]
OPAL-X> * 17:41:39 Step    965 container[1] at 0.003 [um], t= 4.926 [ps], E=511.000 [keV]
OPAL-X> * 17:41:39 Step    965 container[2] at 0.003 [um], t= 4.926 [ps], E=510.999 [keV]
OPAL-X> * 17:41:39 Step    966 container[0] at 1.477 [mm], t= 4.927 [ps], E=245.000 [MeV]
OPAL-X> * 17:41:39 Step    966 container[1] at 0.003 [um], t= 4.927 [ps], E=511.000 [keV]
OPAL-X> * 17:41:39 Step    966 container[2] at 0.003 [um], t= 4.927 [ps], E=510.999 [keV]
OPAL-X> * 17:41:39 Step    967 container[0] at 1.477 [mm], t= 4.928 [ps], E=245.000 [MeV]
OPAL-X> * 17:41:39 Step    967 container[1] at 0.003 [um], t= 4.928 [ps], E=511.000 [keV]
OPAL-X> * 17:41:39 Step    967 container[2] at 0.003 [um], t= 4.928 [ps], E=510.999 [keV]
OPAL-X> * 17:41:39 Step    968 container[0] at 1.478 [mm], t= 4.929 [ps], E=245.000 [MeV]
OPAL-X> * 17:41:39 Step    968 container[1] at 0.003 [um], t= 4.929 [ps], E=511.000 [keV]
OPAL-X> * 17:41:39 Step    968 container[2] at 0.003 [um], t= 4.929 [ps], E=510.999 [keV]
OPAL-X> * 17:41:39 Step    969 container[0] at 1.478 [mm], t= 4.930 [ps], E=245.000 [MeV]
OPAL-X> * 17:41:39 Step    969 container[1] at 0.003 [um], t= 4.930 [ps], E=511.000 [keV]
OPAL-X> * 17:41:39 Step    969 container[2] at 0.003 [um], t= 4.930 [ps], E=510.999 [keV]
OPAL-X> * 17:41:39 Step    970 container[0] at 1.478 [mm], t= 4.931 [ps], E=245.000 [MeV]
OPAL-X> * 17:41:39 Step    970 container[1] at 0.003 [um], t= 4.931 [ps], E=511.000 [keV]
OPAL-X> * 17:41:39 Step    970 container[2] at 0.003 [um], t= 4.931 [ps], E=510.999 [keV]
OPAL-X> * 17:41:39 Step    971 container[0] at 1.479 [mm], t= 4.932 [ps], E=245.000 [MeV]
OPAL-X> * 17:41:39 Step    971 container[1] at 0.003 [um], t= 4.932 [ps], E=511.000 [keV]
OPAL-X> * 17:41:39 Step    971 container[2] at 0.003 [um], t= 4.932 [ps], E=510.999 [keV]
OPAL-X> * 17:41:39 Step    972 container[0] at 1.479 [mm], t= 4.933 [ps], E=245.000 [MeV]
OPAL-X> * 17:41:39 Step    972 container[1] at 0.003 [um], t= 4.933 [ps], E=511.000 [keV]
OPAL-X> * 17:41:39 Step    972 container[2] at 0.003 [um], t= 4.933 [ps], E=510.999 [keV]
OPAL-X> * 17:41:39 Step    973 container[0] at 1.479 [mm], t= 4.934 [ps], E=245.000 [MeV]
OPAL-X> * 17:41:39 Step    973 container[1] at 0.003 [um], t= 4.934 [ps], E=511.000 [keV]
OPAL-X> * 17:41:39 Step    973 container[2] at 0.003 [um], t= 4.934 [ps], E=510.999 [keV]
OPAL-X> * 17:41:39 Step    974 container[0] at 1.479 [mm], t= 4.935 [ps], E=245.000 [MeV]
OPAL-X> * 17:41:39 Step    974 container[1] at 0.003 [um], t= 4.935 [ps], E=511.000 [keV]
OPAL-X> * 17:41:39 Step    974 container[2] at 0.003 [um], t= 4.935 [ps], E=510.999 [keV]
OPAL-X> * 17:41:39 Step    975 container[0] at 1.480 [mm], t= 4.936 [ps], E=245.000 [MeV]
OPAL-X> * 17:41:39 Step    975 container[1] at 0.003 [um], t= 4.936 [ps], E=511.000 [keV]
OPAL-X> * 17:41:39 Step    975 container[2] at 0.003 [um], t= 4.936 [ps], E=510.999 [keV]
OPAL-X> * 17:41:39 Step    976 container[0] at 1.480 [mm], t= 4.937 [ps], E=245.000 [MeV]
OPAL-X> * 17:41:39 Step    976 container[1] at 0.003 [um], t= 4.937 [ps], E=511.000 [keV]
OPAL-X> * 17:41:39 Step    976 container[2] at 0.003 [um], t= 4.937 [ps], E=510.999 [keV]
OPAL-X> * 17:41:39 Step    977 container[0] at 1.480 [mm], t= 4.938 [ps], E=245.000 [MeV]
OPAL-X> * 17:41:39 Step    977 container[1] at 0.003 [um], t= 4.938 [ps], E=511.000 [keV]
OPAL-X> * 17:41:39 Step    977 container[2] at 0.003 [um], t= 4.938 [ps], E=510.999 [keV]
OPAL-X> * 17:41:39 Step    978 container[0] at 1.481 [mm], t= 4.939 [ps], E=245.000 [MeV]
OPAL-X> * 17:41:39 Step    978 container[1] at 0.003 [um], t= 4.939 [ps], E=511.000 [keV]
OPAL-X> * 17:41:39 Step    978 container[2] at 0.003 [um], t= 4.939 [ps], E=510.999 [keV]
OPAL-X> * 17:41:39 Step    979 container[0] at 1.481 [mm], t= 4.940 [ps], E=245.000 [MeV]
OPAL-X> * 17:41:39 Step    979 container[1] at 0.003 [um], t= 4.940 [ps], E=511.000 [keV]
OPAL-X> * 17:41:39 Step    979 container[2] at 0.003 [um], t= 4.940 [ps], E=510.999 [keV]
OPAL-X> * 17:41:39 Step    980 container[0] at 1.481 [mm], t= 4.941 [ps], E=245.000 [MeV]
OPAL-X> * 17:41:39 Step    980 container[1] at 0.003 [um], t= 4.941 [ps], E=511.000 [keV]
OPAL-X> * 17:41:39 Step    980 container[2] at 0.003 [um], t= 4.941 [ps], E=510.999 [keV]
OPAL-X> * 17:41:39 Step    981 container[0] at 1.482 [mm], t= 4.942 [ps], E=245.000 [MeV]
OPAL-X> * 17:41:39 Step    981 container[1] at 0.003 [um], t= 4.942 [ps], E=511.000 [keV]
OPAL-X> * 17:41:39 Step    981 container[2] at 0.003 [um], t= 4.942 [ps], E=510.999 [keV]
OPAL-X> * 17:41:39 Step    982 container[0] at 1.482 [mm], t= 4.943 [ps], E=245.000 [MeV]
OPAL-X> * 17:41:39 Step    982 container[1] at 0.003 [um], t= 4.943 [ps], E=511.000 [keV]
OPAL-X> * 17:41:39 Step    982 container[2] at 0.003 [um], t= 4.943 [ps], E=510.999 [keV]
OPAL-X> * 17:41:39 Step    983 container[0] at 1.482 [mm], t= 4.944 [ps], E=245.000 [MeV]
OPAL-X> * 17:41:39 Step    983 container[1] at 0.003 [um], t= 4.944 [ps], E=511.000 [keV]
OPAL-X> * 17:41:39 Step    983 container[2] at 0.003 [um], t= 4.944 [ps], E=510.999 [keV]
OPAL-X> * 17:41:39 Step    984 container[0] at 1.482 [mm], t= 4.945 [ps], E=245.000 [MeV]
OPAL-X> * 17:41:39 Step    984 container[1] at 0.003 [um], t= 4.945 [ps], E=511.000 [keV]
OPAL-X> * 17:41:39 Step    984 container[2] at 0.003 [um], t= 4.945 [ps], E=510.999 [keV]
OPAL-X> * 17:41:39 Step    985 container[0] at 1.483 [mm], t= 4.946 [ps], E=245.000 [MeV]
OPAL-X> * 17:41:39 Step    985 container[1] at 0.003 [um], t= 4.946 [ps], E=511.000 [keV]
OPAL-X> * 17:41:39 Step    985 container[2] at 0.003 [um], t= 4.946 [ps], E=510.999 [keV]
OPAL-X> * 17:41:39 Step    986 container[0] at 1.483 [mm], t= 4.947 [ps], E=245.000 [MeV]
OPAL-X> * 17:41:39 Step    986 container[1] at 0.003 [um], t= 4.947 [ps], E=511.000 [keV]
OPAL-X> * 17:41:39 Step    986 container[2] at 0.003 [um], t= 4.947 [ps], E=510.999 [keV]
OPAL-X> * 17:41:39 Step    987 container[0] at 1.483 [mm], t= 4.948 [ps], E=245.000 [MeV]
OPAL-X> * 17:41:39 Step    987 container[1] at 0.003 [um], t= 4.948 [ps], E=511.000 [keV]
OPAL-X> * 17:41:39 Step    987 container[2] at 0.003 [um], t= 4.948 [ps], E=510.999 [keV]
OPAL-X> * 17:41:39 Step    988 container[0] at 1.484 [mm], t= 4.949 [ps], E=245.000 [MeV]
OPAL-X> * 17:41:39 Step    988 container[1] at 0.003 [um], t= 4.949 [ps], E=511.000 [keV]
OPAL-X> * 17:41:39 Step    988 container[2] at 0.003 [um], t= 4.949 [ps], E=510.999 [keV]
OPAL-X> * 17:41:39 Step    989 container[0] at 1.484 [mm], t= 4.950 [ps], E=245.000 [MeV]
OPAL-X> * 17:41:39 Step    989 container[1] at 0.003 [um], t= 4.950 [ps], E=511.000 [keV]
OPAL-X> * 17:41:39 Step    989 container[2] at 0.003 [um], t= 4.950 [ps], E=510.999 [keV]
OPAL-X> * 17:41:39 Step    990 container[0] at 1.484 [mm], t= 4.951 [ps], E=245.000 [MeV]
OPAL-X> * 17:41:39 Step    990 container[1] at 0.003 [um], t= 4.951 [ps], E=511.000 [keV]
OPAL-X> * 17:41:39 Step    990 container[2] at 0.003 [um], t= 4.951 [ps], E=510.999 [keV]
OPAL-X> * 17:41:39 Step    991 container[0] at 1.485 [mm], t= 4.952 [ps], E=245.000 [MeV]
OPAL-X> * 17:41:39 Step    991 container[1] at 0.003 [um], t= 4.952 [ps], E=511.000 [keV]
OPAL-X> * 17:41:39 Step    991 container[2] at 0.003 [um], t= 4.952 [ps], E=510.999 [keV]
OPAL-X> * 17:41:39 Step    992 container[0] at 1.485 [mm], t= 4.953 [ps], E=245.000 [MeV]
OPAL-X> * 17:41:39 Step    992 container[1] at 0.003 [um], t= 4.953 [ps], E=511.000 [keV]
OPAL-X> * 17:41:39 Step    992 container[2] at 0.003 [um], t= 4.953 [ps], E=510.999 [keV]
OPAL-X> * 17:41:39 Step    993 container[0] at 1.485 [mm], t= 4.954 [ps], E=245.000 [MeV]
OPAL-X> * 17:41:39 Step    993 container[1] at 0.003 [um], t= 4.954 [ps], E=511.000 [keV]
OPAL-X> * 17:41:39 Step    993 container[2] at 0.003 [um], t= 4.954 [ps], E=510.999 [keV]
OPAL-X> * 17:41:39 Step    994 container[0] at 1.485 [mm], t= 4.955 [ps], E=245.000 [MeV]
OPAL-X> * 17:41:39 Step    994 container[1] at 0.003 [um], t= 4.955 [ps], E=511.000 [keV]
OPAL-X> * 17:41:39 Step    994 container[2] at 0.003 [um], t= 4.955 [ps], E=510.999 [keV]
OPAL-X> * 17:41:39 Step    995 container[0] at 1.486 [mm], t= 4.956 [ps], E=245.000 [MeV]
OPAL-X> * 17:41:39 Step    995 container[1] at 0.003 [um], t= 4.956 [ps], E=511.000 [keV]
OPAL-X> * 17:41:39 Step    995 container[2] at 0.003 [um], t= 4.956 [ps], E=510.999 [keV]
OPAL-X> * 17:41:39 Step    996 container[0] at 1.486 [mm], t= 4.957 [ps], E=245.000 [MeV]
OPAL-X> * 17:41:39 Step    996 container[1] at 0.003 [um], t= 4.957 [ps], E=511.000 [keV]
OPAL-X> * 17:41:39 Step    996 container[2] at 0.003 [um], t= 4.957 [ps], E=510.999 [keV]
OPAL-X> * 17:41:39 Step    997 container[0] at 1.486 [mm], t= 4.958 [ps], E=245.000 [MeV]
OPAL-X> * 17:41:39 Step    997 container[1] at 0.003 [um], t= 4.958 [ps], E=511.000 [keV]
OPAL-X> * 17:41:39 Step    997 container[2] at 0.003 [um], t= 4.958 [ps], E=510.999 [keV]
OPAL-X> * 17:41:39 Step    998 container[0] at 1.487 [mm], t= 4.959 [ps], E=245.000 [MeV]
OPAL-X> * 17:41:39 Step    998 container[1] at 0.003 [um], t= 4.959 [ps], E=511.000 [keV]
OPAL-X> * 17:41:39 Step    998 container[2] at 0.003 [um], t= 4.959 [ps], E=510.999 [keV]
OPAL-X> * 17:41:39 Step    999 container[0] at 1.487 [mm], t= 4.960 [ps], E=245.000 [MeV]
OPAL-X> * 17:41:39 Step    999 container[1] at 0.003 [um], t= 4.960 [ps], E=511.000 [keV]
OPAL-X> * 17:41:39 Step    999 container[2] at 0.003 [um], t= 4.960 [ps], E=510.999 [keV]
OPAL-X> * 17:41:39 Step   1000 container[0] at 1.487 [mm], t= 4.961 [ps], E=245.000 [MeV]
OPAL-X> * 17:41:39 Step   1000 container[1] at 0.003 [um], t= 4.961 [ps], E=511.000 [keV]
OPAL-X> * 17:41:39 Step   1000 container[2] at 0.003 [um], t= 4.961 [ps], E=510.999 [keV]
OPAL-X> * 17:41:39 Step   1001 container[0] at 1.488 [mm], t= 4.962 [ps], E=245.000 [MeV]
OPAL-X> * 17:41:39 Step   1001 container[1] at 0.003 [um], t= 4.962 [ps], E=511.000 [keV]
OPAL-X> * 17:41:39 Step   1001 container[2] at 0.003 [um], t= 4.962 [ps], E=510.999 [keV]
OPAL-X> * 17:41:39 Step   1002 container[0] at 1.488 [mm], t= 4.963 [ps], E=245.000 [MeV]
OPAL-X> * 17:41:39 Step   1002 container[1] at 0.003 [um], t= 4.963 [ps], E=511.000 [keV]
OPAL-X> * 17:41:39 Step   1002 container[2] at 0.003 [um], t= 4.963 [ps], E=510.999 [keV]
OPAL-X> * 17:41:39 Step   1003 container[0] at 1.488 [mm], t= 4.964 [ps], E=245.000 [MeV]
OPAL-X> * 17:41:39 Step   1003 container[1] at 0.003 [um], t= 4.964 [ps], E=511.000 [keV]
OPAL-X> * 17:41:39 Step   1003 container[2] at 0.003 [um], t= 4.964 [ps], E=510.999 [keV]
OPAL-X> * 17:41:40 Step   1004 container[0] at 1.488 [mm], t= 4.965 [ps], E=245.000 [MeV]
OPAL-X> * 17:41:40 Step   1004 container[1] at 0.003 [um], t= 4.965 [ps], E=511.000 [keV]
OPAL-X> * 17:41:40 Step   1004 container[2] at 0.003 [um], t= 4.965 [ps], E=510.999 [keV]
OPAL-X> * 17:41:40 Step   1005 container[0] at 1.489 [mm], t= 4.966 [ps], E=245.000 [MeV]
OPAL-X> * 17:41:40 Step   1005 container[1] at 0.003 [um], t= 4.966 [ps], E=511.000 [keV]
OPAL-X> * 17:41:40 Step   1005 container[2] at 0.003 [um], t= 4.966 [ps], E=510.999 [keV]
OPAL-X> * 17:41:40 Step   1006 container[0] at 1.489 [mm], t= 4.967 [ps], E=245.000 [MeV]
OPAL-X> * 17:41:40 Step   1006 container[1] at 0.003 [um], t= 4.967 [ps], E=511.000 [keV]
OPAL-X> * 17:41:40 Step   1006 container[2] at 0.003 [um], t= 4.967 [ps], E=510.999 [keV]
OPAL-X> * 17:41:40 Step   1007 container[0] at 1.489 [mm], t= 4.968 [ps], E=245.000 [MeV]
OPAL-X> * 17:41:40 Step   1007 container[1] at 0.003 [um], t= 4.968 [ps], E=511.000 [keV]
OPAL-X> * 17:41:40 Step   1007 container[2] at 0.003 [um], t= 4.968 [ps], E=510.999 [keV]
OPAL-X> * 17:41:40 Step   1008 container[0] at 1.490 [mm], t= 4.969 [ps], E=245.000 [MeV]
OPAL-X> * 17:41:40 Step   1008 container[1] at 0.003 [um], t= 4.969 [ps], E=511.000 [keV]
OPAL-X> * 17:41:40 Step   1008 container[2] at 0.003 [um], t= 4.969 [ps], E=510.999 [keV]
OPAL-X> * 17:41:40 Step   1009 container[0] at 1.490 [mm], t= 4.970 [ps], E=245.000 [MeV]
OPAL-X> * 17:41:40 Step   1009 container[1] at 0.003 [um], t= 4.970 [ps], E=511.000 [keV]
OPAL-X> * 17:41:40 Step   1009 container[2] at 0.003 [um], t= 4.970 [ps], E=510.999 [keV]
OPAL-X> * 17:41:40 Step   1010 container[0] at 1.490 [mm], t= 4.971 [ps], E=245.000 [MeV]
OPAL-X> * 17:41:40 Step   1010 container[1] at 0.003 [um], t= 4.971 [ps], E=511.000 [keV]
OPAL-X> * 17:41:40 Step   1010 container[2] at 0.003 [um], t= 4.971 [ps], E=510.999 [keV]
OPAL-X> * 17:41:40 Step   1011 container[0] at 1.491 [mm], t= 4.972 [ps], E=245.000 [MeV]
OPAL-X> * 17:41:40 Step   1011 container[1] at 0.003 [um], t= 4.972 [ps], E=511.000 [keV]
OPAL-X> * 17:41:40 Step   1011 container[2] at 0.003 [um], t= 4.972 [ps], E=510.999 [keV]
OPAL-X> * 17:41:40 Step   1012 container[0] at 1.491 [mm], t= 4.973 [ps], E=245.000 [MeV]
OPAL-X> * 17:41:40 Step   1012 container[1] at 0.003 [um], t= 4.973 [ps], E=511.000 [keV]
OPAL-X> * 17:41:40 Step   1012 container[2] at 0.003 [um], t= 4.973 [ps], E=510.999 [keV]
OPAL-X> * 17:41:40 Step   1013 container[0] at 1.491 [mm], t= 4.974 [ps], E=245.000 [MeV]
OPAL-X> * 17:41:40 Step   1013 container[1] at 0.003 [um], t= 4.974 [ps], E=511.000 [keV]
OPAL-X> * 17:41:40 Step   1013 container[2] at 0.003 [um], t= 4.974 [ps], E=510.999 [keV]
OPAL-X> * 17:41:40 Step   1014 container[0] at 1.491 [mm], t= 4.975 [ps], E=245.000 [MeV]
OPAL-X> * 17:41:40 Step   1014 container[1] at 0.003 [um], t= 4.975 [ps], E=511.000 [keV]
OPAL-X> * 17:41:40 Step   1014 container[2] at 0.003 [um], t= 4.975 [ps], E=511.000 [keV]
OPAL-X> * 17:41:40 Step   1015 container[0] at 1.492 [mm], t= 4.976 [ps], E=245.000 [MeV]
OPAL-X> * 17:41:40 Step   1015 container[1] at 0.003 [um], t= 4.976 [ps], E=511.000 [keV]
OPAL-X> * 17:41:40 Step   1015 container[2] at 0.003 [um], t= 4.976 [ps], E=511.000 [keV]
OPAL-X> * 17:41:40 Step   1016 container[0] at 1.492 [mm], t= 4.977 [ps], E=245.000 [MeV]
OPAL-X> * 17:41:40 Step   1016 container[1] at 0.003 [um], t= 4.977 [ps], E=511.000 [keV]
OPAL-X> * 17:41:40 Step   1016 container[2] at 0.003 [um], t= 4.977 [ps], E=511.000 [keV]
OPAL-X> * 17:41:40 Step   1017 container[0] at 1.492 [mm], t= 4.978 [ps], E=245.000 [MeV]
OPAL-X> * 17:41:40 Step   1017 container[1] at 0.003 [um], t= 4.978 [ps], E=511.000 [keV]
OPAL-X> * 17:41:40 Step   1017 container[2] at 0.003 [um], t= 4.978 [ps], E=511.000 [keV]
OPAL-X> * 17:41:40 Step   1018 container[0] at 1.493 [mm], t= 4.979 [ps], E=245.000 [MeV]
OPAL-X> * 17:41:40 Step   1018 container[1] at 0.003 [um], t= 4.979 [ps], E=511.000 [keV]
OPAL-X> * 17:41:40 Step   1018 container[2] at 0.003 [um], t= 4.979 [ps], E=511.000 [keV]
OPAL-X> * 17:41:40 Step   1019 container[0] at 1.493 [mm], t= 4.980 [ps], E=245.000 [MeV]
OPAL-X> * 17:41:40 Step   1019 container[1] at 0.003 [um], t= 4.980 [ps], E=511.000 [keV]
OPAL-X> * 17:41:40 Step   1019 container[2] at 0.003 [um], t= 4.980 [ps], E=511.000 [keV]
OPAL-X> * 17:41:40 Step   1020 container[0] at 1.493 [mm], t= 4.981 [ps], E=245.000 [MeV]
OPAL-X> * 17:41:40 Step   1020 container[1] at 0.003 [um], t= 4.981 [ps], E=511.000 [keV]
OPAL-X> * 17:41:40 Step   1020 container[2] at 0.003 [um], t= 4.981 [ps], E=511.000 [keV]
OPAL-X> * 17:41:40 Step   1021 container[0] at 1.494 [mm], t= 4.982 [ps], E=245.000 [MeV]
OPAL-X> * 17:41:40 Step   1021 container[1] at 0.003 [um], t= 4.982 [ps], E=511.000 [keV]
OPAL-X> * 17:41:40 Step   1021 container[2] at 0.003 [um], t= 4.982 [ps], E=511.000 [keV]
OPAL-X> * 17:41:40 Step   1022 container[0] at 1.494 [mm], t= 4.983 [ps], E=245.000 [MeV]
OPAL-X> * 17:41:40 Step   1022 container[1] at 0.003 [um], t= 4.983 [ps], E=511.000 [keV]
OPAL-X> * 17:41:40 Step   1022 container[2] at 0.003 [um], t= 4.983 [ps], E=511.000 [keV]
OPAL-X> * 17:41:40 Step   1023 container[0] at 1.494 [mm], t= 4.984 [ps], E=245.000 [MeV]
OPAL-X> * 17:41:40 Step   1023 container[1] at 0.003 [um], t= 4.984 [ps], E=511.000 [keV]
OPAL-X> * 17:41:40 Step   1023 container[2] at 0.003 [um], t= 4.984 [ps], E=511.000 [keV]
OPAL-X> * 17:41:40 Step   1024 container[0] at 1.494 [mm], t= 4.985 [ps], E=245.000 [MeV]
OPAL-X> * 17:41:40 Step   1024 container[1] at 0.003 [um], t= 4.985 [ps], E=511.000 [keV]
OPAL-X> * 17:41:40 Step   1024 container[2] at 0.003 [um], t= 4.985 [ps], E=511.000 [keV]
OPAL-X> * 17:41:40 Step   1025 container[0] at 1.495 [mm], t= 4.986 [ps], E=245.000 [MeV]
OPAL-X> * 17:41:40 Step   1025 container[1] at 0.003 [um], t= 4.986 [ps], E=511.000 [keV]
OPAL-X> * 17:41:40 Step   1025 container[2] at 0.003 [um], t= 4.986 [ps], E=511.000 [keV]
OPAL-X> * 17:41:40 Step   1026 container[0] at 1.495 [mm], t= 4.987 [ps], E=245.000 [MeV]
OPAL-X> * 17:41:40 Step   1026 container[1] at 0.003 [um], t= 4.987 [ps], E=511.000 [keV]
OPAL-X> * 17:41:40 Step   1026 container[2] at 0.003 [um], t= 4.987 [ps], E=511.000 [keV]
OPAL-X> * 17:41:40 Step   1027 container[0] at 1.495 [mm], t= 4.988 [ps], E=245.000 [MeV]
OPAL-X> * 17:41:40 Step   1027 container[1] at 0.003 [um], t= 4.988 [ps], E=511.000 [keV]
OPAL-X> * 17:41:40 Step   1027 container[2] at 0.003 [um], t= 4.988 [ps], E=511.000 [keV]
OPAL-X> * 17:41:40 Step   1028 container[0] at 1.496 [mm], t= 4.989 [ps], E=245.000 [MeV]
OPAL-X> * 17:41:40 Step   1028 container[1] at 0.003 [um], t= 4.989 [ps], E=511.000 [keV]
OPAL-X> * 17:41:40 Step   1028 container[2] at 0.003 [um], t= 4.989 [ps], E=511.000 [keV]
OPAL-X> * 17:41:40 Step   1029 container[0] at 1.496 [mm], t= 4.990 [ps], E=245.000 [MeV]
OPAL-X> * 17:41:40 Step   1029 container[1] at 0.003 [um], t= 4.990 [ps], E=511.000 [keV]
OPAL-X> * 17:41:40 Step   1029 container[2] at 0.003 [um], t= 4.990 [ps], E=511.000 [keV]
OPAL-X> * 17:41:40 Step   1030 container[0] at 1.496 [mm], t= 4.991 [ps], E=245.000 [MeV]
OPAL-X> * 17:41:40 Step   1030 container[1] at 0.003 [um], t= 4.991 [ps], E=511.000 [keV]
OPAL-X> * 17:41:40 Step   1030 container[2] at 0.003 [um], t= 4.991 [ps], E=511.000 [keV]
OPAL-X> * 17:41:40 Step   1031 container[0] at 1.497 [mm], t= 4.992 [ps], E=245.000 [MeV]
OPAL-X> * 17:41:40 Step   1031 container[1] at 0.003 [um], t= 4.992 [ps], E=511.000 [keV]
OPAL-X> * 17:41:40 Step   1031 container[2] at 0.003 [um], t= 4.992 [ps], E=511.000 [keV]
OPAL-X> * 17:41:40 Step   1032 container[0] at 1.497 [mm], t= 4.993 [ps], E=245.000 [MeV]
OPAL-X> * 17:41:40 Step   1032 container[1] at 0.003 [um], t= 4.993 [ps], E=511.000 [keV]
OPAL-X> * 17:41:40 Step   1032 container[2] at 0.003 [um], t= 4.993 [ps], E=511.000 [keV]
OPAL-X> * 17:41:40 Step   1033 container[0] at 1.497 [mm], t= 4.994 [ps], E=245.000 [MeV]
OPAL-X> * 17:41:40 Step   1033 container[1] at 0.003 [um], t= 4.994 [ps], E=511.000 [keV]
OPAL-X> * 17:41:40 Step   1033 container[2] at 0.003 [um], t= 4.994 [ps], E=511.000 [keV]
OPAL-X> * 17:41:40 Step   1034 container[0] at 1.497 [mm], t= 4.995 [ps], E=245.000 [MeV]
OPAL-X> * 17:41:40 Step   1034 container[1] at 0.003 [um], t= 4.995 [ps], E=511.000 [keV]
OPAL-X> * 17:41:40 Step   1034 container[2] at 0.003 [um], t= 4.995 [ps], E=511.000 [keV]
OPAL-X> * 17:41:40 Step   1035 container[0] at 1.498 [mm], t= 4.996 [ps], E=245.000 [MeV]
OPAL-X> * 17:41:40 Step   1035 container[1] at 0.003 [um], t= 4.996 [ps], E=511.000 [keV]
OPAL-X> * 17:41:40 Step   1035 container[2] at 0.003 [um], t= 4.996 [ps], E=511.000 [keV]
OPAL-X> * 17:41:40 Step   1036 container[0] at 1.498 [mm], t= 4.997 [ps], E=245.000 [MeV]
OPAL-X> * 17:41:40 Step   1036 container[1] at 0.003 [um], t= 4.997 [ps], E=511.000 [keV]
OPAL-X> * 17:41:40 Step   1036 container[2] at 0.003 [um], t= 4.997 [ps], E=511.000 [keV]
OPAL-X> * 17:41:40 Step   1037 container[0] at 1.498 [mm], t= 4.998 [ps], E=245.000 [MeV]
OPAL-X> * 17:41:40 Step   1037 container[1] at 0.003 [um], t= 4.998 [ps], E=511.000 [keV]
OPAL-X> * 17:41:40 Step   1037 container[2] at 0.003 [um], t= 4.998 [ps], E=511.000 [keV]
OPAL-X> * 17:41:40 Step   1038 container[0] at 1.499 [mm], t= 4.999 [ps], E=245.000 [MeV]
OPAL-X> * 17:41:40 Step   1038 container[1] at 0.003 [um], t= 4.999 [ps], E=511.000 [keV]
OPAL-X> * 17:41:40 Step   1038 container[2] at 0.003 [um], t= 4.999 [ps], E=511.000 [keV]
OPAL-X> * 17:41:40 Step   1039 container[0] at 1.499 [mm], t= 5.000 [ps], E=245.000 [MeV]
OPAL-X> * 17:41:40 Step   1039 container[1] at 0.003 [um], t= 5.000 [ps], E=511.000 [keV]
OPAL-X> * 17:41:40 Step   1039 container[2] at 0.003 [um], t= 5.000 [ps], E=511.000 [keV]
OPAL-X> * 17:41:40 Step   1040 container[0] at 1.499 [mm], t= 5.001 [ps], E=245.000 [MeV]
OPAL-X> * 17:41:40 Step   1040 container[1] at 0.003 [um], t= 5.001 [ps], E=511.000 [keV]
OPAL-X> * 17:41:40 Step   1040 container[2] at 0.003 [um], t= 5.001 [ps], E=511.000 [keV]
OPAL-X> * 17:41:40 Step   1041 container[0] at 1.500 [mm], t= 5.002 [ps], E=245.000 [MeV]
OPAL-X> * 17:41:40 Step   1041 container[1] at 0.003 [um], t= 5.002 [ps], E=511.000 [keV]
OPAL-X> * 17:41:40 Step   1041 container[2] at 0.003 [um], t= 5.002 [ps], E=511.000 [keV]
OPAL-X> * 17:41:40 Step   1042 container[0] at 1.500 [mm], t= 5.003 [ps], E=245.000 [MeV]
OPAL-X> * 17:41:40 Step   1042 container[1] at 0.003 [um], t= 5.003 [ps], E=511.000 [keV]
OPAL-X> * 17:41:40 Step   1042 container[2] at 0.003 [um], t= 5.003 [ps], E=511.000 [keV]
OPAL-X> * 17:41:40 Step   1043 container[0] at 1.500 [mm], t= 5.004 [ps], E=245.000 [MeV]
OPAL-X> * 17:41:40 Step   1043 container[1] at 0.003 [um], t= 5.004 [ps], E=511.000 [keV]
OPAL-X> * 17:41:40 Step   1043 container[2] at 0.003 [um], t= 5.004 [ps], E=511.000 [keV]
OPAL-X> * 17:41:40 Step   1044 container[0] at 1.500 [mm], t= 5.005 [ps], E=245.000 [MeV]
OPAL-X> * 17:41:40 Step   1044 container[1] at 0.003 [um], t= 5.005 [ps], E=511.000 [keV]
OPAL-X> * 17:41:40 Step   1044 container[2] at 0.003 [um], t= 5.005 [ps], E=511.000 [keV]
OPAL-X> * 17:41:40 Step   1045 container[0] at 1.501 [mm], t= 5.006 [ps], E=245.000 [MeV]
OPAL-X> * 17:41:40 Step   1045 container[1] at 0.003 [um], t= 5.006 [ps], E=511.000 [keV]
OPAL-X> * 17:41:40 Step   1045 container[2] at 0.003 [um], t= 5.006 [ps], E=511.000 [keV]
OPAL-X> * 17:41:40 Step   1046 container[0] at 1.501 [mm], t= 5.007 [ps], E=245.000 [MeV]
OPAL-X> * 17:41:40 Step   1046 container[1] at 0.003 [um], t= 5.007 [ps], E=511.000 [keV]
OPAL-X> * 17:41:40 Step   1046 container[2] at 0.003 [um], t= 5.007 [ps], E=511.000 [keV]
OPAL-X> * 17:41:40 Step   1047 container[0] at 1.501 [mm], t= 5.008 [ps], E=245.000 [MeV]
OPAL-X> * 17:41:40 Step   1047 container[1] at 0.003 [um], t= 5.008 [ps], E=511.000 [keV]
OPAL-X> * 17:41:40 Step   1047 container[2] at 0.003 [um], t= 5.008 [ps], E=511.000 [keV]
OPAL-X> * 17:41:40 Step   1048 container[0] at 1.502 [mm], t= 5.009 [ps], E=245.000 [MeV]
OPAL-X> * 17:41:40 Step   1048 container[1] at 0.003 [um], t= 5.009 [ps], E=511.000 [keV]
OPAL-X> * 17:41:40 Step   1048 container[2] at 0.003 [um], t= 5.009 [ps], E=511.000 [keV]
OPAL-X> * 17:41:40 Step   1049 container[0] at 1.502 [mm], t= 5.010 [ps], E=245.000 [MeV]
OPAL-X> * 17:41:40 Step   1049 container[1] at 0.003 [um], t= 5.010 [ps], E=511.000 [keV]
OPAL-X> * 17:41:40 Step   1049 container[2] at 0.003 [um], t= 5.010 [ps], E=511.000 [keV]
OPAL-X> * 17:41:40 Step   1050 container[0] at 1.502 [mm], t= 5.011 [ps], E=245.000 [MeV]
OPAL-X> * 17:41:40 Step   1050 container[1] at 0.003 [um], t= 5.011 [ps], E=511.000 [keV]
OPAL-X> * 17:41:40 Step   1050 container[2] at 0.003 [um], t= 5.011 [ps], E=511.000 [keV]
OPAL-X> * 17:41:40 Step   1051 container[0] at 1.503 [mm], t= 5.012 [ps], E=245.000 [MeV]
OPAL-X> * 17:41:40 Step   1051 container[1] at 0.003 [um], t= 5.012 [ps], E=511.000 [keV]
OPAL-X> * 17:41:40 Step   1051 container[2] at 0.003 [um], t= 5.012 [ps], E=511.000 [keV]
OPAL-X> * 17:41:40 Step   1052 container[0] at 1.503 [mm], t= 5.013 [ps], E=245.000 [MeV]
OPAL-X> * 17:41:40 Step   1052 container[1] at 0.003 [um], t= 5.013 [ps], E=511.000 [keV]
OPAL-X> * 17:41:40 Step   1052 container[2] at 0.003 [um], t= 5.013 [ps], E=511.000 [keV]
OPAL-X> * 17:41:40 Step   1053 container[0] at 1.503 [mm], t= 5.014 [ps], E=245.000 [MeV]
OPAL-X> * 17:41:40 Step   1053 container[1] at 0.003 [um], t= 5.014 [ps], E=511.000 [keV]
OPAL-X> * 17:41:40 Step   1053 container[2] at 0.003 [um], t= 5.014 [ps], E=511.000 [keV]
OPAL-X> * 17:41:40 Step   1054 container[0] at 1.503 [mm], t= 5.015 [ps], E=245.000 [MeV]
OPAL-X> * 17:41:40 Step   1054 container[1] at 0.003 [um], t= 5.015 [ps], E=511.000 [keV]
OPAL-X> * 17:41:40 Step   1054 container[2] at 0.003 [um], t= 5.015 [ps], E=511.000 [keV]
OPAL-X> * 17:41:40 Step   1055 container[0] at 1.504 [mm], t= 5.016 [ps], E=245.000 [MeV]
OPAL-X> * 17:41:40 Step   1055 container[1] at 0.003 [um], t= 5.016 [ps], E=511.000 [keV]
OPAL-X> * 17:41:40 Step   1055 container[2] at 0.003 [um], t= 5.016 [ps], E=511.000 [keV]
OPAL-X> * 17:41:40 Step   1056 container[0] at 1.504 [mm], t= 5.017 [ps], E=245.000 [MeV]
OPAL-X> * 17:41:40 Step   1056 container[1] at 0.003 [um], t= 5.017 [ps], E=511.000 [keV]
OPAL-X> * 17:41:40 Step   1056 container[2] at 0.003 [um], t= 5.017 [ps], E=511.000 [keV]
OPAL-X> * 17:41:40 Step   1057 container[0] at 1.504 [mm], t= 5.018 [ps], E=245.000 [MeV]
OPAL-X> * 17:41:40 Step   1057 container[1] at 0.003 [um], t= 5.018 [ps], E=511.000 [keV]
OPAL-X> * 17:41:40 Step   1057 container[2] at 0.003 [um], t= 5.018 [ps], E=511.000 [keV]
OPAL-X> * 17:41:41 Step   1058 container[0] at 1.505 [mm], t= 5.019 [ps], E=245.000 [MeV]
OPAL-X> * 17:41:41 Step   1058 container[1] at 0.003 [um], t= 5.019 [ps], E=511.000 [keV]
OPAL-X> * 17:41:41 Step   1058 container[2] at 0.003 [um], t= 5.019 [ps], E=511.000 [keV]
OPAL-X> * 17:41:41 Step   1059 container[0] at 1.505 [mm], t= 5.020 [ps], E=245.000 [MeV]
OPAL-X> * 17:41:41 Step   1059 container[1] at 0.003 [um], t= 5.020 [ps], E=511.000 [keV]
OPAL-X> * 17:41:41 Step   1059 container[2] at 0.003 [um], t= 5.020 [ps], E=511.000 [keV]
OPAL-X> * 17:41:41 Step   1060 container[0] at 1.505 [mm], t= 5.021 [ps], E=245.000 [MeV]
OPAL-X> * 17:41:41 Step   1060 container[1] at 0.003 [um], t= 5.021 [ps], E=511.000 [keV]
OPAL-X> * 17:41:41 Step   1060 container[2] at 0.003 [um], t= 5.021 [ps], E=511.000 [keV]
OPAL-X> * 17:41:41 Step   1061 container[0] at 1.506 [mm], t= 5.022 [ps], E=245.000 [MeV]
OPAL-X> * 17:41:41 Step   1061 container[1] at 0.003 [um], t= 5.022 [ps], E=511.000 [keV]
OPAL-X> * 17:41:41 Step   1061 container[2] at 0.003 [um], t= 5.022 [ps], E=511.000 [keV]
OPAL-X> * 17:41:41 Step   1062 container[0] at 1.506 [mm], t= 5.023 [ps], E=245.000 [MeV]
OPAL-X> * 17:41:41 Step   1062 container[1] at 0.003 [um], t= 5.023 [ps], E=511.000 [keV]
OPAL-X> * 17:41:41 Step   1062 container[2] at 0.003 [um], t= 5.023 [ps], E=511.000 [keV]
OPAL-X> * 17:41:41 Step   1063 container[0] at 1.506 [mm], t= 5.024 [ps], E=245.000 [MeV]
OPAL-X> * 17:41:41 Step   1063 container[1] at 0.003 [um], t= 5.024 [ps], E=511.000 [keV]
OPAL-X> * 17:41:41 Step   1063 container[2] at 0.003 [um], t= 5.024 [ps], E=511.000 [keV]
OPAL-X> * 17:41:41 Step   1064 container[0] at 1.506 [mm], t= 5.025 [ps], E=245.000 [MeV]
OPAL-X> * 17:41:41 Step   1064 container[1] at 0.003 [um], t= 5.025 [ps], E=511.000 [keV]
OPAL-X> * 17:41:41 Step   1064 container[2] at 0.003 [um], t= 5.025 [ps], E=511.000 [keV]
OPAL-X> * 17:41:41 Step   1065 container[0] at 1.507 [mm], t= 5.026 [ps], E=245.000 [MeV]
OPAL-X> * 17:41:41 Step   1065 container[1] at 0.003 [um], t= 5.026 [ps], E=511.000 [keV]
OPAL-X> * 17:41:41 Step   1065 container[2] at 0.003 [um], t= 5.026 [ps], E=511.000 [keV]
OPAL-X> * 17:41:41 Step   1066 container[0] at 1.507 [mm], t= 5.027 [ps], E=245.000 [MeV]
OPAL-X> * 17:41:41 Step   1066 container[1] at 0.003 [um], t= 5.027 [ps], E=511.000 [keV]
OPAL-X> * 17:41:41 Step   1066 container[2] at 0.003 [um], t= 5.027 [ps], E=511.000 [keV]
OPAL-X> * 17:41:41 Step   1067 container[0] at 1.507 [mm], t= 5.028 [ps], E=245.000 [MeV]
OPAL-X> * 17:41:41 Step   1067 container[1] at 0.003 [um], t= 5.028 [ps], E=511.000 [keV]
OPAL-X> * 17:41:41 Step   1067 container[2] at 0.003 [um], t= 5.028 [ps], E=511.000 [keV]
OPAL-X> * 17:41:41 Step   1068 container[0] at 1.508 [mm], t= 5.029 [ps], E=245.000 [MeV]
OPAL-X> * 17:41:41 Step   1068 container[1] at 0.003 [um], t= 5.029 [ps], E=511.000 [keV]
OPAL-X> * 17:41:41 Step   1068 container[2] at 0.003 [um], t= 5.029 [ps], E=511.000 [keV]
OPAL-X> * 17:41:41 Step   1069 container[0] at 1.508 [mm], t= 5.030 [ps], E=245.000 [MeV]
OPAL-X> * 17:41:41 Step   1069 container[1] at 0.003 [um], t= 5.030 [ps], E=511.000 [keV]
OPAL-X> * 17:41:41 Step   1069 container[2] at 0.003 [um], t= 5.030 [ps], E=511.000 [keV]
OPAL-X> * 17:41:41 Step   1070 container[0] at 1.508 [mm], t= 5.031 [ps], E=245.000 [MeV]
OPAL-X> * 17:41:41 Step   1070 container[1] at 0.003 [um], t= 5.031 [ps], E=511.000 [keV]
OPAL-X> * 17:41:41 Step   1070 container[2] at 0.003 [um], t= 5.031 [ps], E=511.000 [keV]
OPAL-X> * 17:41:41 Step   1071 container[0] at 1.509 [mm], t= 5.032 [ps], E=245.000 [MeV]
OPAL-X> * 17:41:41 Step   1071 container[1] at 0.003 [um], t= 5.032 [ps], E=511.000 [keV]
OPAL-X> * 17:41:41 Step   1071 container[2] at 0.003 [um], t= 5.032 [ps], E=511.000 [keV]
OPAL-X> * 17:41:41 Step   1072 container[0] at 1.509 [mm], t= 5.033 [ps], E=245.000 [MeV]
OPAL-X> * 17:41:41 Step   1072 container[1] at 0.003 [um], t= 5.033 [ps], E=511.000 [keV]
OPAL-X> * 17:41:41 Step   1072 container[2] at 0.003 [um], t= 5.033 [ps], E=511.000 [keV]
OPAL-X> * 17:41:41 Step   1073 container[0] at 1.509 [mm], t= 5.034 [ps], E=245.000 [MeV]
OPAL-X> * 17:41:41 Step   1073 container[1] at 0.003 [um], t= 5.034 [ps], E=511.000 [keV]
OPAL-X> * 17:41:41 Step   1073 container[2] at 0.003 [um], t= 5.034 [ps], E=511.000 [keV]
OPAL-X> * 17:41:41 Step   1074 container[0] at 1.509 [mm], t= 5.035 [ps], E=245.000 [MeV]
OPAL-X> * 17:41:41 Step   1074 container[1] at 0.003 [um], t= 5.035 [ps], E=511.000 [keV]
OPAL-X> * 17:41:41 Step   1074 container[2] at 0.003 [um], t= 5.035 [ps], E=511.000 [keV]
OPAL-X> * 17:41:41 Step   1075 container[0] at 1.510 [mm], t= 5.036 [ps], E=245.000 [MeV]
OPAL-X> * 17:41:41 Step   1075 container[1] at 0.003 [um], t= 5.036 [ps], E=511.000 [keV]
OPAL-X> * 17:41:41 Step   1075 container[2] at 0.003 [um], t= 5.036 [ps], E=511.000 [keV]
OPAL-X> * 17:41:41 Step   1076 container[0] at 1.510 [mm], t= 5.037 [ps], E=245.000 [MeV]
OPAL-X> * 17:41:41 Step   1076 container[1] at 0.003 [um], t= 5.037 [ps], E=511.000 [keV]
OPAL-X> * 17:41:41 Step   1076 container[2] at 0.003 [um], t= 5.037 [ps], E=511.000 [keV]
OPAL-X> * 17:41:41 Step   1077 container[0] at 1.510 [mm], t= 5.038 [ps], E=245.000 [MeV]
OPAL-X> * 17:41:41 Step   1077 container[1] at 0.003 [um], t= 5.038 [ps], E=511.000 [keV]
OPAL-X> * 17:41:41 Step   1077 container[2] at 0.003 [um], t= 5.038 [ps], E=511.000 [keV]
OPAL-X> * 17:41:41 Step   1078 container[0] at 1.511 [mm], t= 5.039 [ps], E=245.000 [MeV]
OPAL-X> * 17:41:41 Step   1078 container[1] at 0.003 [um], t= 5.039 [ps], E=511.000 [keV]
OPAL-X> * 17:41:41 Step   1078 container[2] at 0.003 [um], t= 5.039 [ps], E=511.000 [keV]
OPAL-X> * 17:41:41 Step   1079 container[0] at 1.511 [mm], t= 5.040 [ps], E=245.000 [MeV]
OPAL-X> * 17:41:41 Step   1079 container[1] at 0.003 [um], t= 5.040 [ps], E=511.000 [keV]
OPAL-X> * 17:41:41 Step   1079 container[2] at 0.003 [um], t= 5.040 [ps], E=511.000 [keV]
OPAL-X> * 17:41:41 Step   1080 container[0] at 1.511 [mm], t= 5.041 [ps], E=245.000 [MeV]
OPAL-X> * 17:41:41 Step   1080 container[1] at 0.003 [um], t= 5.041 [ps], E=511.000 [keV]
OPAL-X> * 17:41:41 Step   1080 container[2] at 0.003 [um], t= 5.041 [ps], E=511.000 [keV]
OPAL-X> * 17:41:41 Step   1081 container[0] at 1.512 [mm], t= 5.042 [ps], E=245.000 [MeV]
OPAL-X> * 17:41:41 Step   1081 container[1] at 0.003 [um], t= 5.042 [ps], E=511.000 [keV]
OPAL-X> * 17:41:41 Step   1081 container[2] at 0.003 [um], t= 5.042 [ps], E=511.000 [keV]
OPAL-X> * 17:41:41 Step   1082 container[0] at 1.512 [mm], t= 5.043 [ps], E=245.000 [MeV]
OPAL-X> * 17:41:41 Step   1082 container[1] at 0.003 [um], t= 5.043 [ps], E=511.000 [keV]
OPAL-X> * 17:41:41 Step   1082 container[2] at 0.003 [um], t= 5.043 [ps], E=511.000 [keV]
OPAL-X> * 17:41:41 Step   1083 container[0] at 1.512 [mm], t= 5.044 [ps], E=245.000 [MeV]
OPAL-X> * 17:41:41 Step   1083 container[1] at 0.003 [um], t= 5.044 [ps], E=511.000 [keV]
OPAL-X> * 17:41:41 Step   1083 container[2] at 0.003 [um], t= 5.044 [ps], E=511.000 [keV]
OPAL-X> * 17:41:41 Step   1084 container[0] at 1.512 [mm], t= 5.045 [ps], E=245.000 [MeV]
OPAL-X> * 17:41:41 Step   1084 container[1] at 0.003 [um], t= 5.045 [ps], E=511.000 [keV]
OPAL-X> * 17:41:41 Step   1084 container[2] at 0.003 [um], t= 5.045 [ps], E=511.000 [keV]
OPAL-X> * 17:41:41 Step   1085 container[0] at 1.513 [mm], t= 5.046 [ps], E=245.000 [MeV]
OPAL-X> * 17:41:41 Step   1085 container[1] at 0.003 [um], t= 5.046 [ps], E=511.000 [keV]
OPAL-X> * 17:41:41 Step   1085 container[2] at 0.003 [um], t= 5.046 [ps], E=511.000 [keV]
OPAL-X> * 17:41:41 Step   1086 container[0] at 1.513 [mm], t= 5.047 [ps], E=245.000 [MeV]
OPAL-X> * 17:41:41 Step   1086 container[1] at 0.003 [um], t= 5.047 [ps], E=511.000 [keV]
OPAL-X> * 17:41:41 Step   1086 container[2] at 0.003 [um], t= 5.047 [ps], E=511.000 [keV]
OPAL-X> * 17:41:41 Step   1087 container[0] at 1.513 [mm], t= 5.048 [ps], E=245.000 [MeV]
OPAL-X> * 17:41:41 Step   1087 container[1] at 0.003 [um], t= 5.048 [ps], E=511.000 [keV]
OPAL-X> * 17:41:41 Step   1087 container[2] at 0.003 [um], t= 5.048 [ps], E=511.000 [keV]
OPAL-X> * 17:41:41 Step   1088 container[0] at 1.514 [mm], t= 5.049 [ps], E=245.000 [MeV]
OPAL-X> * 17:41:41 Step   1088 container[1] at 0.003 [um], t= 5.049 [ps], E=511.000 [keV]
OPAL-X> * 17:41:41 Step   1088 container[2] at 0.003 [um], t= 5.049 [ps], E=511.000 [keV]
OPAL-X> * 17:41:41 Step   1089 container[0] at 1.514 [mm], t= 5.050 [ps], E=245.000 [MeV]
OPAL-X> * 17:41:41 Step   1089 container[1] at 0.003 [um], t= 5.050 [ps], E=511.000 [keV]
OPAL-X> * 17:41:41 Step   1089 container[2] at 0.003 [um], t= 5.050 [ps], E=511.000 [keV]
OPAL-X> * 17:41:41 Step   1090 container[0] at 1.514 [mm], t= 5.051 [ps], E=245.000 [MeV]
OPAL-X> * 17:41:41 Step   1090 container[1] at 0.003 [um], t= 5.051 [ps], E=511.000 [keV]
OPAL-X> * 17:41:41 Step   1090 container[2] at 0.003 [um], t= 5.051 [ps], E=511.000 [keV]
OPAL-X> * 17:41:41 Step   1091 container[0] at 1.515 [mm], t= 5.052 [ps], E=245.000 [MeV]
OPAL-X> * 17:41:41 Step   1091 container[1] at 0.003 [um], t= 5.052 [ps], E=511.000 [keV]
OPAL-X> * 17:41:41 Step   1091 container[2] at 0.003 [um], t= 5.052 [ps], E=511.000 [keV]
OPAL-X> * 17:41:41 Step   1092 container[0] at 1.515 [mm], t= 5.053 [ps], E=245.000 [MeV]
OPAL-X> * 17:41:41 Step   1092 container[1] at 0.003 [um], t= 5.053 [ps], E=511.000 [keV]
OPAL-X> * 17:41:41 Step   1092 container[2] at 0.003 [um], t= 5.053 [ps], E=511.000 [keV]
OPAL-X> * 17:41:41 Step   1093 container[0] at 1.515 [mm], t= 5.054 [ps], E=245.000 [MeV]
OPAL-X> * 17:41:41 Step   1093 container[1] at 0.003 [um], t= 5.054 [ps], E=511.000 [keV]
OPAL-X> * 17:41:41 Step   1093 container[2] at 0.003 [um], t= 5.054 [ps], E=511.000 [keV]
OPAL-X> * 17:41:41 Step   1094 container[0] at 1.515 [mm], t= 5.055 [ps], E=245.000 [MeV]
OPAL-X> * 17:41:41 Step   1094 container[1] at 0.003 [um], t= 5.055 [ps], E=511.000 [keV]
OPAL-X> * 17:41:41 Step   1094 container[2] at 0.003 [um], t= 5.055 [ps], E=511.000 [keV]
OPAL-X> * 17:41:41 Step   1095 container[0] at 1.516 [mm], t= 5.056 [ps], E=245.000 [MeV]
OPAL-X> * 17:41:41 Step   1095 container[1] at 0.003 [um], t= 5.056 [ps], E=511.000 [keV]
OPAL-X> * 17:41:41 Step   1095 container[2] at 0.003 [um], t= 5.056 [ps], E=511.000 [keV]
OPAL-X> * 17:41:41 Step   1096 container[0] at 1.516 [mm], t= 5.057 [ps], E=245.000 [MeV]
OPAL-X> * 17:41:41 Step   1096 container[1] at 0.003 [um], t= 5.057 [ps], E=511.000 [keV]
OPAL-X> * 17:41:41 Step   1096 container[2] at 0.003 [um], t= 5.057 [ps], E=511.000 [keV]
OPAL-X> * 17:41:41 Step   1097 container[0] at 1.516 [mm], t= 5.058 [ps], E=245.000 [MeV]
OPAL-X> * 17:41:41 Step   1097 container[1] at 0.003 [um], t= 5.058 [ps], E=511.000 [keV]
OPAL-X> * 17:41:41 Step   1097 container[2] at 0.003 [um], t= 5.058 [ps], E=511.000 [keV]
OPAL-X> * 17:41:41 Step   1098 container[0] at 1.517 [mm], t= 5.059 [ps], E=245.000 [MeV]
OPAL-X> * 17:41:41 Step   1098 container[1] at 0.003 [um], t= 5.059 [ps], E=511.000 [keV]
OPAL-X> * 17:41:41 Step   1098 container[2] at 0.003 [um], t= 5.059 [ps], E=511.000 [keV]
OPAL-X> * 17:41:41 Step   1099 container[0] at 1.517 [mm], t= 5.060 [ps], E=245.000 [MeV]
OPAL-X> * 17:41:41 Step   1099 container[1] at 0.003 [um], t= 5.060 [ps], E=511.000 [keV]
OPAL-X> * 17:41:41 Step   1099 container[2] at 0.003 [um], t= 5.060 [ps], E=511.000 [keV]
OPAL-X> * 17:41:41 Step   1100 container[0] at 1.517 [mm], t= 5.061 [ps], E=245.000 [MeV]
OPAL-X> * 17:41:41 Step   1100 container[1] at 0.003 [um], t= 5.061 [ps], E=511.000 [keV]
OPAL-X> * 17:41:41 Step   1100 container[2] at 0.003 [um], t= 5.061 [ps], E=511.000 [keV]
OPAL-X> * 17:41:41 Step   1101 container[0] at 1.518 [mm], t= 5.062 [ps], E=245.000 [MeV]
OPAL-X> * 17:41:41 Step   1101 container[1] at 0.003 [um], t= 5.062 [ps], E=511.000 [keV]
OPAL-X> * 17:41:41 Step   1101 container[2] at 0.003 [um], t= 5.062 [ps], E=511.000 [keV]
OPAL-X> * 17:41:41 Step   1102 container[0] at 1.518 [mm], t= 5.063 [ps], E=245.000 [MeV]
OPAL-X> * 17:41:41 Step   1102 container[1] at 0.003 [um], t= 5.063 [ps], E=511.000 [keV]
OPAL-X> * 17:41:41 Step   1102 container[2] at 0.003 [um], t= 5.063 [ps], E=511.000 [keV]
OPAL-X> * 17:41:41 Step   1103 container[0] at 1.518 [mm], t= 5.064 [ps], E=245.000 [MeV]
OPAL-X> * 17:41:41 Step   1103 container[1] at 0.003 [um], t= 5.064 [ps], E=511.000 [keV]
OPAL-X> * 17:41:41 Step   1103 container[2] at 0.003 [um], t= 5.064 [ps], E=511.000 [keV]
OPAL-X> * 17:41:41 Step   1104 container[0] at 1.518 [mm], t= 5.065 [ps], E=245.000 [MeV]
OPAL-X> * 17:41:41 Step   1104 container[1] at 0.003 [um], t= 5.065 [ps], E=511.000 [keV]
OPAL-X> * 17:41:41 Step   1104 container[2] at 0.003 [um], t= 5.065 [ps], E=511.000 [keV]
OPAL-X> * 17:41:41 Step   1105 container[0] at 1.519 [mm], t= 5.066 [ps], E=245.000 [MeV]
OPAL-X> * 17:41:41 Step   1105 container[1] at 0.003 [um], t= 5.066 [ps], E=511.000 [keV]
OPAL-X> * 17:41:41 Step   1105 container[2] at 0.003 [um], t= 5.066 [ps], E=511.000 [keV]
OPAL-X> * 17:41:41 Step   1106 container[0] at 1.519 [mm], t= 5.067 [ps], E=245.000 [MeV]
OPAL-X> * 17:41:41 Step   1106 container[1] at 0.003 [um], t= 5.067 [ps], E=511.000 [keV]
OPAL-X> * 17:41:41 Step   1106 container[2] at 0.003 [um], t= 5.067 [ps], E=511.000 [keV]
OPAL-X> * 17:41:41 Step   1107 container[0] at 1.519 [mm], t= 5.068 [ps], E=245.000 [MeV]
OPAL-X> * 17:41:41 Step   1107 container[1] at 0.003 [um], t= 5.068 [ps], E=511.000 [keV]
OPAL-X> * 17:41:41 Step   1107 container[2] at 0.003 [um], t= 5.068 [ps], E=511.000 [keV]
OPAL-X> * 17:41:41 Step   1108 container[0] at 1.520 [mm], t= 5.069 [ps], E=245.000 [MeV]
OPAL-X> * 17:41:41 Step   1108 container[1] at 0.003 [um], t= 5.069 [ps], E=511.000 [keV]
OPAL-X> * 17:41:41 Step   1108 container[2] at 0.003 [um], t= 5.069 [ps], E=511.000 [keV]
OPAL-X> * 17:41:41 Step   1109 container[0] at 1.520 [mm], t= 5.070 [ps], E=245.000 [MeV]
OPAL-X> * 17:41:41 Step   1109 container[1] at 0.003 [um], t= 5.070 [ps], E=511.000 [keV]
OPAL-X> * 17:41:41 Step   1109 container[2] at 0.003 [um], t= 5.070 [ps], E=511.000 [keV]
OPAL-X> * 17:41:41 Step   1110 container[0] at 1.520 [mm], t= 5.071 [ps], E=245.000 [MeV]
OPAL-X> * 17:41:41 Step   1110 container[1] at 0.003 [um], t= 5.071 [ps], E=511.000 [keV]
OPAL-X> * 17:41:41 Step   1110 container[2] at 0.003 [um], t= 5.071 [ps], E=511.000 [keV]
OPAL-X> * 17:41:41 Step   1111 container[0] at 1.521 [mm], t= 5.072 [ps], E=245.000 [MeV]
OPAL-X> * 17:41:41 Step   1111 container[1] at 0.003 [um], t= 5.072 [ps], E=511.000 [keV]
OPAL-X> * 17:41:41 Step   1111 container[2] at 0.003 [um], t= 5.072 [ps], E=511.000 [keV]
OPAL-X> * 17:41:42 Step   1112 container[0] at 1.521 [mm], t= 5.073 [ps], E=245.000 [MeV]
OPAL-X> * 17:41:42 Step   1112 container[1] at 0.003 [um], t= 5.073 [ps], E=511.000 [keV]
OPAL-X> * 17:41:42 Step   1112 container[2] at 0.003 [um], t= 5.073 [ps], E=511.000 [keV]
OPAL-X> * 17:41:42 Step   1113 container[0] at 1.521 [mm], t= 5.074 [ps], E=245.000 [MeV]
OPAL-X> * 17:41:42 Step   1113 container[1] at 0.003 [um], t= 5.074 [ps], E=511.000 [keV]
OPAL-X> * 17:41:42 Step   1113 container[2] at 0.003 [um], t= 5.074 [ps], E=511.000 [keV]
OPAL-X> * 17:41:42 Step   1114 container[0] at 1.521 [mm], t= 5.075 [ps], E=245.000 [MeV]
OPAL-X> * 17:41:42 Step   1114 container[1] at 0.003 [um], t= 5.075 [ps], E=511.000 [keV]
OPAL-X> * 17:41:42 Step   1114 container[2] at 0.003 [um], t= 5.075 [ps], E=511.000 [keV]
OPAL-X> * 17:41:42 Step   1115 container[0] at 1.522 [mm], t= 5.076 [ps], E=245.000 [MeV]
OPAL-X> * 17:41:42 Step   1115 container[1] at 0.003 [um], t= 5.076 [ps], E=511.000 [keV]
OPAL-X> * 17:41:42 Step   1115 container[2] at 0.003 [um], t= 5.076 [ps], E=511.000 [keV]
OPAL-X> * 17:41:42 Step   1116 container[0] at 1.522 [mm], t= 5.077 [ps], E=245.000 [MeV]
OPAL-X> * 17:41:42 Step   1116 container[1] at 0.003 [um], t= 5.077 [ps], E=511.000 [keV]
OPAL-X> * 17:41:42 Step   1116 container[2] at 0.003 [um], t= 5.077 [ps], E=511.000 [keV]
OPAL-X> * 17:41:42 Step   1117 container[0] at 1.522 [mm], t= 5.078 [ps], E=245.000 [MeV]
OPAL-X> * 17:41:42 Step   1117 container[1] at 0.003 [um], t= 5.078 [ps], E=511.000 [keV]
OPAL-X> * 17:41:42 Step   1117 container[2] at 0.003 [um], t= 5.078 [ps], E=511.000 [keV]
OPAL-X> * 17:41:42 Step   1118 container[0] at 1.523 [mm], t= 5.079 [ps], E=245.000 [MeV]
OPAL-X> * 17:41:42 Step   1118 container[1] at 0.003 [um], t= 5.079 [ps], E=511.000 [keV]
OPAL-X> * 17:41:42 Step   1118 container[2] at 0.003 [um], t= 5.079 [ps], E=511.000 [keV]
OPAL-X> * 17:41:42 Step   1119 container[0] at 1.523 [mm], t= 5.080 [ps], E=245.000 [MeV]
OPAL-X> * 17:41:42 Step   1119 container[1] at 0.003 [um], t= 5.080 [ps], E=511.000 [keV]
OPAL-X> * 17:41:42 Step   1119 container[2] at 0.003 [um], t= 5.080 [ps], E=511.000 [keV]
OPAL-X> * 17:41:42 Step   1120 container[0] at 1.523 [mm], t= 5.081 [ps], E=245.000 [MeV]
OPAL-X> * 17:41:42 Step   1120 container[1] at 0.003 [um], t= 5.081 [ps], E=511.000 [keV]
OPAL-X> * 17:41:42 Step   1120 container[2] at 0.003 [um], t= 5.081 [ps], E=511.000 [keV]
OPAL-X> * 17:41:42 Step   1121 container[0] at 1.524 [mm], t= 5.082 [ps], E=245.000 [MeV]
OPAL-X> * 17:41:42 Step   1121 container[1] at 0.003 [um], t= 5.082 [ps], E=511.000 [keV]
OPAL-X> * 17:41:42 Step   1121 container[2] at 0.003 [um], t= 5.082 [ps], E=511.000 [keV]
OPAL-X> * 17:41:42 Step   1122 container[0] at 1.524 [mm], t= 5.083 [ps], E=245.000 [MeV]
OPAL-X> * 17:41:42 Step   1122 container[1] at 0.003 [um], t= 5.083 [ps], E=511.000 [keV]
OPAL-X> * 17:41:42 Step   1122 container[2] at 0.003 [um], t= 5.083 [ps], E=511.000 [keV]
OPAL-X> * 17:41:42 Step   1123 container[0] at 1.524 [mm], t= 5.084 [ps], E=245.000 [MeV]
OPAL-X> * 17:41:42 Step   1123 container[1] at 0.003 [um], t= 5.084 [ps], E=511.000 [keV]
OPAL-X> * 17:41:42 Step   1123 container[2] at 0.003 [um], t= 5.084 [ps], E=511.000 [keV]
OPAL-X> * 17:41:42 Step   1124 container[0] at 1.524 [mm], t= 5.085 [ps], E=245.000 [MeV]
OPAL-X> * 17:41:42 Step   1124 container[1] at 0.003 [um], t= 5.085 [ps], E=511.000 [keV]
OPAL-X> * 17:41:42 Step   1124 container[2] at 0.003 [um], t= 5.085 [ps], E=511.000 [keV]
OPAL-X> * 17:41:42 Step   1125 container[0] at 1.525 [mm], t= 5.086 [ps], E=245.000 [MeV]
OPAL-X> * 17:41:42 Step   1125 container[1] at 0.003 [um], t= 5.086 [ps], E=511.000 [keV]
OPAL-X> * 17:41:42 Step   1125 container[2] at 0.003 [um], t= 5.086 [ps], E=511.000 [keV]
OPAL-X> * 17:41:42 Step   1126 container[0] at 1.525 [mm], t= 5.087 [ps], E=245.000 [MeV]
OPAL-X> * 17:41:42 Step   1126 container[1] at 0.003 [um], t= 5.087 [ps], E=511.000 [keV]
OPAL-X> * 17:41:42 Step   1126 container[2] at 0.003 [um], t= 5.087 [ps], E=511.000 [keV]
OPAL-X> * 17:41:42 Step   1127 container[0] at 1.525 [mm], t= 5.088 [ps], E=245.000 [MeV]
OPAL-X> * 17:41:42 Step   1127 container[1] at 0.003 [um], t= 5.088 [ps], E=511.000 [keV]
OPAL-X> * 17:41:42 Step   1127 container[2] at 0.003 [um], t= 5.088 [ps], E=511.000 [keV]
OPAL-X> * 17:41:42 Step   1128 container[0] at 1.526 [mm], t= 5.089 [ps], E=245.000 [MeV]
OPAL-X> * 17:41:42 Step   1128 container[1] at 0.003 [um], t= 5.089 [ps], E=511.000 [keV]
OPAL-X> * 17:41:42 Step   1128 container[2] at 0.003 [um], t= 5.089 [ps], E=511.000 [keV]
OPAL-X> * 17:41:42 Step   1129 container[0] at 1.526 [mm], t= 5.090 [ps], E=245.000 [MeV]
OPAL-X> * 17:41:42 Step   1129 container[1] at 0.003 [um], t= 5.090 [ps], E=511.000 [keV]
OPAL-X> * 17:41:42 Step   1129 container[2] at 0.003 [um], t= 5.090 [ps], E=511.000 [keV]
OPAL-X> * 17:41:42 Step   1130 container[0] at 1.526 [mm], t= 5.091 [ps], E=245.000 [MeV]
OPAL-X> * 17:41:42 Step   1130 container[1] at 0.003 [um], t= 5.091 [ps], E=511.000 [keV]
OPAL-X> * 17:41:42 Step   1130 container[2] at 0.003 [um], t= 5.091 [ps], E=511.000 [keV]
OPAL-X> * 17:41:42 Step   1131 container[0] at 1.527 [mm], t= 5.092 [ps], E=245.000 [MeV]
OPAL-X> * 17:41:42 Step   1131 container[1] at 0.003 [um], t= 5.092 [ps], E=511.000 [keV]
OPAL-X> * 17:41:42 Step   1131 container[2] at 0.003 [um], t= 5.092 [ps], E=511.000 [keV]
OPAL-X> * 17:41:42 Step   1132 container[0] at 1.527 [mm], t= 5.093 [ps], E=245.000 [MeV]
OPAL-X> * 17:41:42 Step   1132 container[1] at 0.003 [um], t= 5.093 [ps], E=511.000 [keV]
OPAL-X> * 17:41:42 Step   1132 container[2] at 0.003 [um], t= 5.093 [ps], E=511.000 [keV]
OPAL-X> * 17:41:42 Step   1133 container[0] at 1.527 [mm], t= 5.094 [ps], E=245.000 [MeV]
OPAL-X> * 17:41:42 Step   1133 container[1] at 0.003 [um], t= 5.094 [ps], E=511.000 [keV]
OPAL-X> * 17:41:42 Step   1133 container[2] at 0.003 [um], t= 5.094 [ps], E=511.000 [keV]
OPAL-X> * 17:41:42 Step   1134 container[0] at 1.527 [mm], t= 5.095 [ps], E=245.000 [MeV]
OPAL-X> * 17:41:42 Step   1134 container[1] at 0.003 [um], t= 5.095 [ps], E=511.000 [keV]
OPAL-X> * 17:41:42 Step   1134 container[2] at 0.003 [um], t= 5.095 [ps], E=511.000 [keV]
OPAL-X> * 17:41:42 Step   1135 container[0] at 1.528 [mm], t= 5.096 [ps], E=245.000 [MeV]
OPAL-X> * 17:41:42 Step   1135 container[1] at 0.003 [um], t= 5.096 [ps], E=511.000 [keV]
OPAL-X> * 17:41:42 Step   1135 container[2] at 0.003 [um], t= 5.096 [ps], E=511.000 [keV]
OPAL-X> * 17:41:42 Step   1136 container[0] at 1.528 [mm], t= 5.097 [ps], E=245.000 [MeV]
OPAL-X> * 17:41:42 Step   1136 container[1] at 0.003 [um], t= 5.097 [ps], E=511.000 [keV]
OPAL-X> * 17:41:42 Step   1136 container[2] at 0.003 [um], t= 5.097 [ps], E=511.000 [keV]
OPAL-X> * 17:41:42 Step   1137 container[0] at 1.528 [mm], t= 5.098 [ps], E=245.000 [MeV]
OPAL-X> * 17:41:42 Step   1137 container[1] at 0.003 [um], t= 5.098 [ps], E=511.000 [keV]
OPAL-X> * 17:41:42 Step   1137 container[2] at 0.003 [um], t= 5.098 [ps], E=511.000 [keV]
OPAL-X> * 17:41:42 Step   1138 container[0] at 1.529 [mm], t= 5.099 [ps], E=245.000 [MeV]
OPAL-X> * 17:41:42 Step   1138 container[1] at 0.003 [um], t= 5.099 [ps], E=511.000 [keV]
OPAL-X> * 17:41:42 Step   1138 container[2] at 0.003 [um], t= 5.099 [ps], E=511.000 [keV]
OPAL-X> * 17:41:42 Step   1139 container[0] at 1.529 [mm], t= 5.100 [ps], E=245.000 [MeV]
OPAL-X> * 17:41:42 Step   1139 container[1] at 0.003 [um], t= 5.100 [ps], E=511.000 [keV]
OPAL-X> * 17:41:42 Step   1139 container[2] at 0.003 [um], t= 5.100 [ps], E=511.000 [keV]
OPAL-X> * 17:41:42 Step   1140 container[0] at 1.529 [mm], t= 5.101 [ps], E=245.000 [MeV]
OPAL-X> * 17:41:42 Step   1140 container[1] at 0.003 [um], t= 5.101 [ps], E=511.000 [keV]
OPAL-X> * 17:41:42 Step   1140 container[2] at 0.003 [um], t= 5.101 [ps], E=511.000 [keV]
OPAL-X> * 17:41:42 Step   1141 container[0] at 1.530 [mm], t= 5.102 [ps], E=245.000 [MeV]
OPAL-X> * 17:41:42 Step   1141 container[1] at 0.003 [um], t= 5.102 [ps], E=511.000 [keV]
OPAL-X> * 17:41:42 Step   1141 container[2] at 0.003 [um], t= 5.102 [ps], E=511.000 [keV]
OPAL-X> * 17:41:42 Step   1142 container[0] at 1.530 [mm], t= 5.103 [ps], E=245.000 [MeV]
OPAL-X> * 17:41:42 Step   1142 container[1] at 0.003 [um], t= 5.103 [ps], E=511.000 [keV]
OPAL-X> * 17:41:42 Step   1142 container[2] at 0.003 [um], t= 5.103 [ps], E=511.000 [keV]
OPAL-X> * 17:41:42 Step   1143 container[0] at 1.530 [mm], t= 5.104 [ps], E=245.000 [MeV]
OPAL-X> * 17:41:42 Step   1143 container[1] at 0.003 [um], t= 5.104 [ps], E=511.000 [keV]
OPAL-X> * 17:41:42 Step   1143 container[2] at 0.003 [um], t= 5.104 [ps], E=511.000 [keV]
OPAL-X> * 17:41:42 Step   1144 container[0] at 1.530 [mm], t= 5.105 [ps], E=245.000 [MeV]
OPAL-X> * 17:41:42 Step   1144 container[1] at 0.003 [um], t= 5.105 [ps], E=511.000 [keV]
OPAL-X> * 17:41:42 Step   1144 container[2] at 0.003 [um], t= 5.105 [ps], E=511.000 [keV]
OPAL-X> * 17:41:42 Step   1145 container[0] at 1.531 [mm], t= 5.106 [ps], E=245.000 [MeV]
OPAL-X> * 17:41:42 Step   1145 container[1] at 0.003 [um], t= 5.106 [ps], E=511.000 [keV]
OPAL-X> * 17:41:42 Step   1145 container[2] at 0.003 [um], t= 5.106 [ps], E=511.000 [keV]
OPAL-X> * 17:41:42 Step   1146 container[0] at 1.531 [mm], t= 5.107 [ps], E=245.000 [MeV]
OPAL-X> * 17:41:42 Step   1146 container[1] at 0.003 [um], t= 5.107 [ps], E=511.000 [keV]
OPAL-X> * 17:41:42 Step   1146 container[2] at 0.003 [um], t= 5.107 [ps], E=511.000 [keV]
OPAL-X> * 17:41:42 Step   1147 container[0] at 1.531 [mm], t= 5.108 [ps], E=245.000 [MeV]
OPAL-X> * 17:41:42 Step   1147 container[1] at 0.003 [um], t= 5.108 [ps], E=511.000 [keV]
OPAL-X> * 17:41:42 Step   1147 container[2] at 0.003 [um], t= 5.108 [ps], E=511.000 [keV]
OPAL-X> * 17:41:42 Step   1148 container[0] at 1.532 [mm], t= 5.109 [ps], E=245.000 [MeV]
OPAL-X> * 17:41:42 Step   1148 container[1] at 0.003 [um], t= 5.109 [ps], E=511.000 [keV]
OPAL-X> * 17:41:42 Step   1148 container[2] at 0.003 [um], t= 5.109 [ps], E=511.000 [keV]
OPAL-X> * 17:41:42 Step   1149 container[0] at 1.532 [mm], t= 5.110 [ps], E=245.000 [MeV]
OPAL-X> * 17:41:42 Step   1149 container[1] at 0.003 [um], t= 5.110 [ps], E=511.000 [keV]
OPAL-X> * 17:41:42 Step   1149 container[2] at 0.003 [um], t= 5.110 [ps], E=511.000 [keV]
OPAL-X> * 17:41:42 Step   1150 container[0] at 1.532 [mm], t= 5.111 [ps], E=245.000 [MeV]
OPAL-X> * 17:41:42 Step   1150 container[1] at 0.003 [um], t= 5.111 [ps], E=511.000 [keV]
OPAL-X> * 17:41:42 Step   1150 container[2] at 0.003 [um], t= 5.111 [ps], E=511.000 [keV]
OPAL-X> * 17:41:42 Step   1151 container[0] at 1.533 [mm], t= 5.112 [ps], E=245.000 [MeV]
OPAL-X> * 17:41:42 Step   1151 container[1] at 0.003 [um], t= 5.112 [ps], E=511.000 [keV]
OPAL-X> * 17:41:42 Step   1151 container[2] at 0.003 [um], t= 5.112 [ps], E=511.000 [keV]
OPAL-X> * 17:41:42 Step   1152 container[0] at 1.533 [mm], t= 5.113 [ps], E=245.000 [MeV]
OPAL-X> * 17:41:42 Step   1152 container[1] at 0.003 [um], t= 5.113 [ps], E=511.000 [keV]
OPAL-X> * 17:41:42 Step   1152 container[2] at 0.003 [um], t= 5.113 [ps], E=511.000 [keV]
OPAL-X> * 17:41:42 Step   1153 container[0] at 1.533 [mm], t= 5.114 [ps], E=245.000 [MeV]
OPAL-X> * 17:41:42 Step   1153 container[1] at 0.003 [um], t= 5.114 [ps], E=511.000 [keV]
OPAL-X> * 17:41:42 Step   1153 container[2] at 0.003 [um], t= 5.114 [ps], E=511.000 [keV]
OPAL-X> * 17:41:42 Step   1154 container[0] at 1.533 [mm], t= 5.115 [ps], E=245.000 [MeV]
OPAL-X> * 17:41:42 Step   1154 container[1] at 0.003 [um], t= 5.115 [ps], E=511.000 [keV]
OPAL-X> * 17:41:42 Step   1154 container[2] at 0.003 [um], t= 5.115 [ps], E=511.000 [keV]
OPAL-X> * 17:41:42 Step   1155 container[0] at 1.534 [mm], t= 5.116 [ps], E=245.000 [MeV]
OPAL-X> * 17:41:42 Step   1155 container[1] at 0.003 [um], t= 5.116 [ps], E=511.000 [keV]
OPAL-X> * 17:41:42 Step   1155 container[2] at 0.003 [um], t= 5.116 [ps], E=511.000 [keV]
OPAL-X> * 17:41:42 Step   1156 container[0] at 1.534 [mm], t= 5.117 [ps], E=245.000 [MeV]
OPAL-X> * 17:41:42 Step   1156 container[1] at 0.003 [um], t= 5.117 [ps], E=511.000 [keV]
OPAL-X> * 17:41:42 Step   1156 container[2] at 0.003 [um], t= 5.117 [ps], E=511.000 [keV]
OPAL-X> * 17:41:42 Step   1157 container[0] at 1.534 [mm], t= 5.118 [ps], E=245.000 [MeV]
OPAL-X> * 17:41:42 Step   1157 container[1] at 0.003 [um], t= 5.118 [ps], E=511.000 [keV]
OPAL-X> * 17:41:42 Step   1157 container[2] at 0.003 [um], t= 5.118 [ps], E=511.000 [keV]
OPAL-X> * 17:41:42 Step   1158 container[0] at 1.535 [mm], t= 5.119 [ps], E=245.000 [MeV]
OPAL-X> * 17:41:42 Step   1158 container[1] at 0.003 [um], t= 5.119 [ps], E=511.000 [keV]
OPAL-X> * 17:41:42 Step   1158 container[2] at 0.003 [um], t= 5.119 [ps], E=511.000 [keV]
OPAL-X> * 17:41:42 Step   1159 container[0] at 1.535 [mm], t= 5.120 [ps], E=245.000 [MeV]
OPAL-X> * 17:41:42 Step   1159 container[1] at 0.003 [um], t= 5.120 [ps], E=511.000 [keV]
OPAL-X> * 17:41:42 Step   1159 container[2] at 0.003 [um], t= 5.120 [ps], E=511.000 [keV]
OPAL-X> * 17:41:42 Step   1160 container[0] at 1.535 [mm], t= 5.121 [ps], E=245.000 [MeV]
OPAL-X> * 17:41:42 Step   1160 container[1] at 0.003 [um], t= 5.121 [ps], E=511.000 [keV]
OPAL-X> * 17:41:42 Step   1160 container[2] at 0.003 [um], t= 5.121 [ps], E=511.000 [keV]
OPAL-X> * 17:41:42 Step   1161 container[0] at 1.536 [mm], t= 5.122 [ps], E=245.000 [MeV]
OPAL-X> * 17:41:42 Step   1161 container[1] at 0.003 [um], t= 5.122 [ps], E=511.000 [keV]
OPAL-X> * 17:41:42 Step   1161 container[2] at 0.003 [um], t= 5.122 [ps], E=511.000 [keV]
OPAL-X> * 17:41:42 Step   1162 container[0] at 1.536 [mm], t= 5.123 [ps], E=245.000 [MeV]
OPAL-X> * 17:41:42 Step   1162 container[1] at 0.003 [um], t= 5.123 [ps], E=511.000 [keV]
OPAL-X> * 17:41:42 Step   1162 container[2] at 0.003 [um], t= 5.123 [ps], E=511.000 [keV]
OPAL-X> * 17:41:42 Step   1163 container[0] at 1.536 [mm], t= 5.124 [ps], E=245.000 [MeV]
OPAL-X> * 17:41:42 Step   1163 container[1] at 0.003 [um], t= 5.124 [ps], E=511.000 [keV]
OPAL-X> * 17:41:42 Step   1163 container[2] at 0.003 [um], t= 5.124 [ps], E=511.000 [keV]
OPAL-X> * 17:41:42 Step   1164 container[0] at 1.536 [mm], t= 5.125 [ps], E=245.000 [MeV]
OPAL-X> * 17:41:42 Step   1164 container[1] at 0.003 [um], t= 5.125 [ps], E=511.000 [keV]
OPAL-X> * 17:41:42 Step   1164 container[2] at 0.003 [um], t= 5.125 [ps], E=511.000 [keV]
OPAL-X> * 17:41:42 Step   1165 container[0] at 1.537 [mm], t= 5.126 [ps], E=245.000 [MeV]
OPAL-X> * 17:41:42 Step   1165 container[1] at 0.003 [um], t= 5.126 [ps], E=511.000 [keV]
OPAL-X> * 17:41:42 Step   1165 container[2] at 0.003 [um], t= 5.126 [ps], E=511.000 [keV]
OPAL-X> * 17:41:42 Step   1166 container[0] at 1.537 [mm], t= 5.127 [ps], E=245.000 [MeV]
OPAL-X> * 17:41:42 Step   1166 container[1] at 0.003 [um], t= 5.127 [ps], E=511.000 [keV]
OPAL-X> * 17:41:42 Step   1166 container[2] at 0.003 [um], t= 5.127 [ps], E=511.000 [keV]
OPAL-X> * 17:41:43 Step   1167 container[0] at 1.537 [mm], t= 5.128 [ps], E=245.000 [MeV]
OPAL-X> * 17:41:43 Step   1167 container[1] at 0.003 [um], t= 5.128 [ps], E=511.000 [keV]
OPAL-X> * 17:41:43 Step   1167 container[2] at 0.003 [um], t= 5.128 [ps], E=511.000 [keV]
OPAL-X> * 17:41:43 Step   1168 container[0] at 1.538 [mm], t= 5.129 [ps], E=245.000 [MeV]
OPAL-X> * 17:41:43 Step   1168 container[1] at 0.003 [um], t= 5.129 [ps], E=511.000 [keV]
OPAL-X> * 17:41:43 Step   1168 container[2] at 0.003 [um], t= 5.129 [ps], E=511.000 [keV]
OPAL-X> * 17:41:43 Step   1169 container[0] at 1.538 [mm], t= 5.130 [ps], E=245.000 [MeV]
OPAL-X> * 17:41:43 Step   1169 container[1] at 0.003 [um], t= 5.130 [ps], E=511.000 [keV]
OPAL-X> * 17:41:43 Step   1169 container[2] at 0.003 [um], t= 5.130 [ps], E=511.000 [keV]
OPAL-X> * 17:41:43 Step   1170 container[0] at 1.538 [mm], t= 5.131 [ps], E=245.000 [MeV]
OPAL-X> * 17:41:43 Step   1170 container[1] at 0.003 [um], t= 5.131 [ps], E=511.000 [keV]
OPAL-X> * 17:41:43 Step   1170 container[2] at 0.003 [um], t= 5.131 [ps], E=511.000 [keV]
OPAL-X> * 17:41:43 Step   1171 container[0] at 1.539 [mm], t= 5.132 [ps], E=245.000 [MeV]
OPAL-X> * 17:41:43 Step   1171 container[1] at 0.003 [um], t= 5.132 [ps], E=511.000 [keV]
OPAL-X> * 17:41:43 Step   1171 container[2] at 0.003 [um], t= 5.132 [ps], E=511.000 [keV]
OPAL-X> * 17:41:43 Step   1172 container[0] at 1.539 [mm], t= 5.133 [ps], E=245.000 [MeV]
OPAL-X> * 17:41:43 Step   1172 container[1] at 0.003 [um], t= 5.133 [ps], E=511.000 [keV]
OPAL-X> * 17:41:43 Step   1172 container[2] at 0.003 [um], t= 5.133 [ps], E=511.000 [keV]
OPAL-X> * 17:41:43 Step   1173 container[0] at 1.539 [mm], t= 5.134 [ps], E=245.000 [MeV]
OPAL-X> * 17:41:43 Step   1173 container[1] at 0.003 [um], t= 5.134 [ps], E=511.000 [keV]
OPAL-X> * 17:41:43 Step   1173 container[2] at 0.003 [um], t= 5.134 [ps], E=511.000 [keV]
OPAL-X> * 17:41:43 Step   1174 container[0] at 1.539 [mm], t= 5.135 [ps], E=245.000 [MeV]
OPAL-X> * 17:41:43 Step   1174 container[1] at 0.003 [um], t= 5.135 [ps], E=511.000 [keV]
OPAL-X> * 17:41:43 Step   1174 container[2] at 0.003 [um], t= 5.135 [ps], E=511.000 [keV]
OPAL-X> * 17:41:43 Step   1175 container[0] at 1.540 [mm], t= 5.136 [ps], E=245.000 [MeV]
OPAL-X> * 17:41:43 Step   1175 container[1] at 0.003 [um], t= 5.136 [ps], E=511.000 [keV]
OPAL-X> * 17:41:43 Step   1175 container[2] at 0.003 [um], t= 5.136 [ps], E=511.000 [keV]
OPAL-X> * 17:41:43 Step   1176 container[0] at 1.540 [mm], t= 5.137 [ps], E=245.000 [MeV]
OPAL-X> * 17:41:43 Step   1176 container[1] at 0.003 [um], t= 5.137 [ps], E=511.000 [keV]
OPAL-X> * 17:41:43 Step   1176 container[2] at 0.003 [um], t= 5.137 [ps], E=511.000 [keV]
OPAL-X> * 17:41:43 Step   1177 container[0] at 1.540 [mm], t= 5.138 [ps], E=245.000 [MeV]
OPAL-X> * 17:41:43 Step   1177 container[1] at 0.003 [um], t= 5.138 [ps], E=511.000 [keV]
OPAL-X> * 17:41:43 Step   1177 container[2] at 0.003 [um], t= 5.138 [ps], E=511.000 [keV]
OPAL-X> * 17:41:43 Step   1178 container[0] at 1.541 [mm], t= 5.139 [ps], E=245.000 [MeV]
OPAL-X> * 17:41:43 Step   1178 container[1] at 0.003 [um], t= 5.139 [ps], E=511.000 [keV]
OPAL-X> * 17:41:43 Step   1178 container[2] at 0.003 [um], t= 5.139 [ps], E=511.000 [keV]
OPAL-X> * 17:41:43 Step   1179 container[0] at 1.541 [mm], t= 5.140 [ps], E=245.000 [MeV]
OPAL-X> * 17:41:43 Step   1179 container[1] at 0.003 [um], t= 5.140 [ps], E=511.000 [keV]
OPAL-X> * 17:41:43 Step   1179 container[2] at 0.003 [um], t= 5.140 [ps], E=511.000 [keV]
OPAL-X> * 17:41:43 Step   1180 container[0] at 1.541 [mm], t= 5.141 [ps], E=245.000 [MeV]
OPAL-X> * 17:41:43 Step   1180 container[1] at 0.003 [um], t= 5.141 [ps], E=511.000 [keV]
OPAL-X> * 17:41:43 Step   1180 container[2] at 0.003 [um], t= 5.141 [ps], E=511.000 [keV]
OPAL-X> * 17:41:43 Step   1181 container[0] at 1.542 [mm], t= 5.142 [ps], E=245.000 [MeV]
OPAL-X> * 17:41:43 Step   1181 container[1] at 0.003 [um], t= 5.142 [ps], E=511.000 [keV]
OPAL-X> * 17:41:43 Step   1181 container[2] at 0.003 [um], t= 5.142 [ps], E=511.000 [keV]
OPAL-X> * 17:41:43 Step   1182 container[0] at 1.542 [mm], t= 5.143 [ps], E=245.000 [MeV]
OPAL-X> * 17:41:43 Step   1182 container[1] at 0.003 [um], t= 5.143 [ps], E=511.000 [keV]
OPAL-X> * 17:41:43 Step   1182 container[2] at 0.003 [um], t= 5.143 [ps], E=511.000 [keV]
OPAL-X> * 17:41:43 Step   1183 container[0] at 1.542 [mm], t= 5.144 [ps], E=245.000 [MeV]
OPAL-X> * 17:41:43 Step   1183 container[1] at 0.003 [um], t= 5.144 [ps], E=511.000 [keV]
OPAL-X> * 17:41:43 Step   1183 container[2] at 0.003 [um], t= 5.144 [ps], E=511.000 [keV]
OPAL-X> * 17:41:43 Step   1184 container[0] at 1.542 [mm], t= 5.145 [ps], E=245.000 [MeV]
OPAL-X> * 17:41:43 Step   1184 container[1] at 0.003 [um], t= 5.145 [ps], E=511.000 [keV]
OPAL-X> * 17:41:43 Step   1184 container[2] at 0.003 [um], t= 5.145 [ps], E=511.000 [keV]
OPAL-X> * 17:41:43 Step   1185 container[0] at 1.543 [mm], t= 5.146 [ps], E=245.000 [MeV]
OPAL-X> * 17:41:43 Step   1185 container[1] at 0.003 [um], t= 5.146 [ps], E=511.000 [keV]
OPAL-X> * 17:41:43 Step   1185 container[2] at 0.003 [um], t= 5.146 [ps], E=511.000 [keV]
OPAL-X> * 17:41:43 Step   1186 container[0] at 1.543 [mm], t= 5.147 [ps], E=245.000 [MeV]
OPAL-X> * 17:41:43 Step   1186 container[1] at 0.003 [um], t= 5.147 [ps], E=511.000 [keV]
OPAL-X> * 17:41:43 Step   1186 container[2] at 0.003 [um], t= 5.147 [ps], E=511.000 [keV]
OPAL-X> * 17:41:43 Step   1187 container[0] at 1.543 [mm], t= 5.148 [ps], E=245.000 [MeV]
OPAL-X> * 17:41:43 Step   1187 container[1] at 0.003 [um], t= 5.148 [ps], E=511.000 [keV]
OPAL-X> * 17:41:43 Step   1187 container[2] at 0.003 [um], t= 5.148 [ps], E=511.000 [keV]
OPAL-X> * 17:41:43 Step   1188 container[0] at 1.544 [mm], t= 5.149 [ps], E=245.000 [MeV]
OPAL-X> * 17:41:43 Step   1188 container[1] at 0.003 [um], t= 5.149 [ps], E=511.000 [keV]
OPAL-X> * 17:41:43 Step   1188 container[2] at 0.003 [um], t= 5.149 [ps], E=511.000 [keV]
OPAL-X> * 17:41:43 Step   1189 container[0] at 1.544 [mm], t= 5.150 [ps], E=245.000 [MeV]
OPAL-X> * 17:41:43 Step   1189 container[1] at 0.003 [um], t= 5.150 [ps], E=511.000 [keV]
OPAL-X> * 17:41:43 Step   1189 container[2] at 0.003 [um], t= 5.150 [ps], E=511.000 [keV]
OPAL-X> * 17:41:43 Step   1190 container[0] at 1.544 [mm], t= 5.151 [ps], E=245.000 [MeV]
OPAL-X> * 17:41:43 Step   1190 container[1] at 0.003 [um], t= 5.151 [ps], E=511.000 [keV]
OPAL-X> * 17:41:43 Step   1190 container[2] at 0.003 [um], t= 5.151 [ps], E=511.000 [keV]
OPAL-X> * 17:41:43 Step   1191 container[0] at 1.545 [mm], t= 5.152 [ps], E=245.000 [MeV]
OPAL-X> * 17:41:43 Step   1191 container[1] at 0.003 [um], t= 5.152 [ps], E=511.000 [keV]
OPAL-X> * 17:41:43 Step   1191 container[2] at 0.003 [um], t= 5.152 [ps], E=511.000 [keV]
OPAL-X> * 17:41:43 Step   1192 container[0] at 1.545 [mm], t= 5.153 [ps], E=245.000 [MeV]
OPAL-X> * 17:41:43 Step   1192 container[1] at 0.003 [um], t= 5.153 [ps], E=511.000 [keV]
OPAL-X> * 17:41:43 Step   1192 container[2] at 0.003 [um], t= 5.153 [ps], E=511.000 [keV]
OPAL-X> * 17:41:43 Step   1193 container[0] at 1.545 [mm], t= 5.154 [ps], E=245.000 [MeV]
OPAL-X> * 17:41:43 Step   1193 container[1] at 0.003 [um], t= 5.154 [ps], E=511.000 [keV]
OPAL-X> * 17:41:43 Step   1193 container[2] at 0.003 [um], t= 5.154 [ps], E=511.000 [keV]
OPAL-X> * 17:41:43 Step   1194 container[0] at 1.545 [mm], t= 5.155 [ps], E=245.000 [MeV]
OPAL-X> * 17:41:43 Step   1194 container[1] at 0.003 [um], t= 5.155 [ps], E=511.000 [keV]
OPAL-X> * 17:41:43 Step   1194 container[2] at 0.003 [um], t= 5.155 [ps], E=511.000 [keV]
OPAL-X> * 17:41:43 Step   1195 container[0] at 1.546 [mm], t= 5.156 [ps], E=245.000 [MeV]
OPAL-X> * 17:41:43 Step   1195 container[1] at 0.003 [um], t= 5.156 [ps], E=511.000 [keV]
OPAL-X> * 17:41:43 Step   1195 container[2] at 0.003 [um], t= 5.156 [ps], E=511.000 [keV]
OPAL-X> * 17:41:43 Step   1196 container[0] at 1.546 [mm], t= 5.157 [ps], E=245.000 [MeV]
OPAL-X> * 17:41:43 Step   1196 container[1] at 0.003 [um], t= 5.157 [ps], E=511.000 [keV]
OPAL-X> * 17:41:43 Step   1196 container[2] at 0.003 [um], t= 5.157 [ps], E=511.000 [keV]
OPAL-X> * 17:41:43 Step   1197 container[0] at 1.546 [mm], t= 5.158 [ps], E=245.000 [MeV]
OPAL-X> * 17:41:43 Step   1197 container[1] at 0.003 [um], t= 5.158 [ps], E=511.000 [keV]
OPAL-X> * 17:41:43 Step   1197 container[2] at 0.003 [um], t= 5.158 [ps], E=511.000 [keV]
OPAL-X> * 17:41:43 Step   1198 container[0] at 1.547 [mm], t= 5.159 [ps], E=245.000 [MeV]
OPAL-X> * 17:41:43 Step   1198 container[1] at 0.003 [um], t= 5.159 [ps], E=511.000 [keV]
OPAL-X> * 17:41:43 Step   1198 container[2] at 0.003 [um], t= 5.159 [ps], E=511.000 [keV]
OPAL-X> * 17:41:43 Step   1199 container[0] at 1.547 [mm], t= 5.160 [ps], E=245.000 [MeV]
OPAL-X> * 17:41:43 Step   1199 container[1] at 0.003 [um], t= 5.160 [ps], E=511.000 [keV]
OPAL-X> * 17:41:43 Step   1199 container[2] at 0.003 [um], t= 5.160 [ps], E=511.000 [keV]
OPAL-X> * 17:41:43 Step   1200 container[0] at 1.547 [mm], t= 5.161 [ps], E=245.000 [MeV]
OPAL-X> * 17:41:43 Step   1200 container[1] at 0.003 [um], t= 5.161 [ps], E=511.000 [keV]
OPAL-X> * 17:41:43 Step   1200 container[2] at 0.003 [um], t= 5.161 [ps], E=511.000 [keV]
OPAL-X> * 17:41:43 Step   1201 container[0] at 1.548 [mm], t= 5.162 [ps], E=245.000 [MeV]
OPAL-X> * 17:41:43 Step   1201 container[1] at 0.003 [um], t= 5.162 [ps], E=511.000 [keV]
OPAL-X> * 17:41:43 Step   1201 container[2] at 0.003 [um], t= 5.162 [ps], E=511.000 [keV]
OPAL-X> * 17:41:43 Step   1202 container[0] at 1.548 [mm], t= 5.163 [ps], E=245.000 [MeV]
OPAL-X> * 17:41:43 Step   1202 container[1] at 0.003 [um], t= 5.163 [ps], E=511.000 [keV]
OPAL-X> * 17:41:43 Step   1202 container[2] at 0.003 [um], t= 5.163 [ps], E=511.000 [keV]
OPAL-X> * 17:41:43 Step   1203 container[0] at 1.548 [mm], t= 5.164 [ps], E=245.000 [MeV]
OPAL-X> * 17:41:43 Step   1203 container[1] at 0.003 [um], t= 5.164 [ps], E=511.000 [keV]
OPAL-X> * 17:41:43 Step   1203 container[2] at 0.003 [um], t= 5.164 [ps], E=511.000 [keV]
OPAL-X> * 17:41:43 Step   1204 container[0] at 1.548 [mm], t= 5.165 [ps], E=245.000 [MeV]
OPAL-X> * 17:41:43 Step   1204 container[1] at 0.003 [um], t= 5.165 [ps], E=511.000 [keV]
OPAL-X> * 17:41:43 Step   1204 container[2] at 0.003 [um], t= 5.165 [ps], E=511.000 [keV]
OPAL-X> * 17:41:43 Step   1205 container[0] at 1.549 [mm], t= 5.166 [ps], E=245.000 [MeV]
OPAL-X> * 17:41:43 Step   1205 container[1] at 0.003 [um], t= 5.166 [ps], E=511.000 [keV]
OPAL-X> * 17:41:43 Step   1205 container[2] at 0.003 [um], t= 5.166 [ps], E=511.000 [keV]
OPAL-X> * 17:41:43 Step   1206 container[0] at 1.549 [mm], t= 5.167 [ps], E=245.000 [MeV]
OPAL-X> * 17:41:43 Step   1206 container[1] at 0.003 [um], t= 5.167 [ps], E=511.000 [keV]
OPAL-X> * 17:41:43 Step   1206 container[2] at 0.003 [um], t= 5.167 [ps], E=511.000 [keV]
OPAL-X> * 17:41:43 Step   1207 container[0] at 1.549 [mm], t= 5.168 [ps], E=245.000 [MeV]
OPAL-X> * 17:41:43 Step   1207 container[1] at 0.003 [um], t= 5.168 [ps], E=511.000 [keV]
OPAL-X> * 17:41:43 Step   1207 container[2] at 0.003 [um], t= 5.168 [ps], E=511.000 [keV]
OPAL-X> * 17:41:43 Step   1208 container[0] at 1.550 [mm], t= 5.169 [ps], E=245.000 [MeV]
OPAL-X> * 17:41:43 Step   1208 container[1] at 0.003 [um], t= 5.169 [ps], E=511.000 [keV]
OPAL-X> * 17:41:43 Step   1208 container[2] at 0.003 [um], t= 5.169 [ps], E=511.000 [keV]
OPAL-X> * 17:41:43 Step   1209 container[0] at 1.550 [mm], t= 5.170 [ps], E=245.000 [MeV]
OPAL-X> * 17:41:43 Step   1209 container[1] at 0.003 [um], t= 5.170 [ps], E=511.000 [keV]
OPAL-X> * 17:41:43 Step   1209 container[2] at 0.003 [um], t= 5.170 [ps], E=511.000 [keV]
OPAL-X> * 17:41:43 Step   1210 container[0] at 1.550 [mm], t= 5.171 [ps], E=245.000 [MeV]
OPAL-X> * 17:41:43 Step   1210 container[1] at 0.003 [um], t= 5.171 [ps], E=511.000 [keV]
OPAL-X> * 17:41:43 Step   1210 container[2] at 0.003 [um], t= 5.171 [ps], E=511.000 [keV]
OPAL-X> * 17:41:43 Step   1211 container[0] at 1.551 [mm], t= 5.172 [ps], E=245.000 [MeV]
OPAL-X> * 17:41:43 Step   1211 container[1] at 0.003 [um], t= 5.172 [ps], E=511.000 [keV]
OPAL-X> * 17:41:43 Step   1211 container[2] at 0.003 [um], t= 5.172 [ps], E=511.000 [keV]
OPAL-X> * 17:41:43 Step   1212 container[0] at 1.551 [mm], t= 5.173 [ps], E=245.000 [MeV]
OPAL-X> * 17:41:43 Step   1212 container[1] at 0.003 [um], t= 5.173 [ps], E=511.000 [keV]
OPAL-X> * 17:41:43 Step   1212 container[2] at 0.003 [um], t= 5.173 [ps], E=511.000 [keV]
OPAL-X> * 17:41:43 Step   1213 container[0] at 1.551 [mm], t= 5.174 [ps], E=245.000 [MeV]
OPAL-X> * 17:41:43 Step   1213 container[1] at 0.003 [um], t= 5.174 [ps], E=511.000 [keV]
OPAL-X> * 17:41:43 Step   1213 container[2] at 0.003 [um], t= 5.174 [ps], E=511.000 [keV]
OPAL-X> * 17:41:43 Step   1214 container[0] at 1.551 [mm], t= 5.175 [ps], E=245.000 [MeV]
OPAL-X> * 17:41:43 Step   1214 container[1] at 0.003 [um], t= 5.175 [ps], E=511.000 [keV]
OPAL-X> * 17:41:43 Step   1214 container[2] at 0.003 [um], t= 5.175 [ps], E=511.000 [keV]
OPAL-X> * 17:41:43 Step   1215 container[0] at 1.552 [mm], t= 5.176 [ps], E=245.000 [MeV]
OPAL-X> * 17:41:43 Step   1215 container[1] at 0.003 [um], t= 5.176 [ps], E=511.000 [keV]
OPAL-X> * 17:41:43 Step   1215 container[2] at 0.003 [um], t= 5.176 [ps], E=511.000 [keV]
OPAL-X> * 17:41:43 Step   1216 container[0] at 1.552 [mm], t= 5.177 [ps], E=245.000 [MeV]
OPAL-X> * 17:41:43 Step   1216 container[1] at 0.003 [um], t= 5.177 [ps], E=511.000 [keV]
OPAL-X> * 17:41:43 Step   1216 container[2] at 0.003 [um], t= 5.177 [ps], E=511.000 [keV]
OPAL-X> * 17:41:43 Step   1217 container[0] at 1.552 [mm], t= 5.178 [ps], E=245.000 [MeV]
OPAL-X> * 17:41:43 Step   1217 container[1] at 0.003 [um], t= 5.178 [ps], E=511.000 [keV]
OPAL-X> * 17:41:43 Step   1217 container[2] at 0.003 [um], t= 5.178 [ps], E=511.000 [keV]
OPAL-X> * 17:41:43 Step   1218 container[0] at 1.553 [mm], t= 5.179 [ps], E=245.000 [MeV]
OPAL-X> * 17:41:43 Step   1218 container[1] at 0.003 [um], t= 5.179 [ps], E=511.000 [keV]
OPAL-X> * 17:41:43 Step   1218 container[2] at 0.003 [um], t= 5.179 [ps], E=511.000 [keV]
OPAL-X> * 17:41:43 Step   1219 container[0] at 1.553 [mm], t= 5.180 [ps], E=245.000 [MeV]
OPAL-X> * 17:41:43 Step   1219 container[1] at 0.003 [um], t= 5.180 [ps], E=511.000 [keV]
OPAL-X> * 17:41:43 Step   1219 container[2] at 0.003 [um], t= 5.180 [ps], E=511.000 [keV]
OPAL-X> * 17:41:43 Step   1220 container[0] at 1.553 [mm], t= 5.181 [ps], E=245.000 [MeV]
OPAL-X> * 17:41:43 Step   1220 container[1] at 0.003 [um], t= 5.181 [ps], E=511.000 [keV]
OPAL-X> * 17:41:43 Step   1220 container[2] at 0.003 [um], t= 5.181 [ps], E=511.000 [keV]
OPAL-X> * 17:41:44 Step   1221 container[0] at 1.554 [mm], t= 5.182 [ps], E=245.000 [MeV]
OPAL-X> * 17:41:44 Step   1221 container[1] at 0.003 [um], t= 5.182 [ps], E=511.000 [keV]
OPAL-X> * 17:41:44 Step   1221 container[2] at 0.003 [um], t= 5.182 [ps], E=511.000 [keV]
OPAL-X> * 17:41:44 Step   1222 container[0] at 1.554 [mm], t= 5.183 [ps], E=245.000 [MeV]
OPAL-X> * 17:41:44 Step   1222 container[1] at 0.003 [um], t= 5.183 [ps], E=511.000 [keV]
OPAL-X> * 17:41:44 Step   1222 container[2] at 0.003 [um], t= 5.183 [ps], E=511.000 [keV]
OPAL-X> * 17:41:44 Step   1223 container[0] at 1.554 [mm], t= 5.184 [ps], E=245.000 [MeV]
OPAL-X> * 17:41:44 Step   1223 container[1] at 0.003 [um], t= 5.184 [ps], E=511.000 [keV]
OPAL-X> * 17:41:44 Step   1223 container[2] at 0.003 [um], t= 5.184 [ps], E=511.000 [keV]
OPAL-X> * 17:41:44 Step   1224 container[0] at 1.554 [mm], t= 5.185 [ps], E=245.000 [MeV]
OPAL-X> * 17:41:44 Step   1224 container[1] at 0.003 [um], t= 5.185 [ps], E=511.000 [keV]
OPAL-X> * 17:41:44 Step   1224 container[2] at 0.003 [um], t= 5.185 [ps], E=511.000 [keV]
OPAL-X> * 17:41:44 Step   1225 container[0] at 1.555 [mm], t= 5.186 [ps], E=245.000 [MeV]
OPAL-X> * 17:41:44 Step   1225 container[1] at 0.003 [um], t= 5.186 [ps], E=511.000 [keV]
OPAL-X> * 17:41:44 Step   1225 container[2] at 0.003 [um], t= 5.186 [ps], E=511.000 [keV]
OPAL-X> * 17:41:44 Step   1226 container[0] at 1.555 [mm], t= 5.187 [ps], E=245.000 [MeV]
OPAL-X> * 17:41:44 Step   1226 container[1] at 0.003 [um], t= 5.187 [ps], E=511.000 [keV]
OPAL-X> * 17:41:44 Step   1226 container[2] at 0.003 [um], t= 5.187 [ps], E=511.000 [keV]
OPAL-X> * 17:41:44 Step   1227 container[0] at 1.555 [mm], t= 5.188 [ps], E=245.000 [MeV]
OPAL-X> * 17:41:44 Step   1227 container[1] at 0.003 [um], t= 5.188 [ps], E=511.000 [keV]
OPAL-X> * 17:41:44 Step   1227 container[2] at 0.003 [um], t= 5.188 [ps], E=511.000 [keV]
OPAL-X> * 17:41:44 Step   1228 container[0] at 1.556 [mm], t= 5.189 [ps], E=245.000 [MeV]
OPAL-X> * 17:41:44 Step   1228 container[1] at 0.003 [um], t= 5.189 [ps], E=511.000 [keV]
OPAL-X> * 17:41:44 Step   1228 container[2] at 0.003 [um], t= 5.189 [ps], E=511.000 [keV]
OPAL-X> * 17:41:44 Step   1229 container[0] at 1.556 [mm], t= 5.190 [ps], E=245.000 [MeV]
OPAL-X> * 17:41:44 Step   1229 container[1] at 0.003 [um], t= 5.190 [ps], E=511.000 [keV]
OPAL-X> * 17:41:44 Step   1229 container[2] at 0.003 [um], t= 5.190 [ps], E=511.000 [keV]
OPAL-X> * 17:41:44 Step   1230 container[0] at 1.556 [mm], t= 5.191 [ps], E=245.000 [MeV]
OPAL-X> * 17:41:44 Step   1230 container[1] at 0.003 [um], t= 5.191 [ps], E=511.000 [keV]
OPAL-X> * 17:41:44 Step   1230 container[2] at 0.003 [um], t= 5.191 [ps], E=511.000 [keV]
OPAL-X> * 17:41:44 Step   1231 container[0] at 1.557 [mm], t= 5.192 [ps], E=245.000 [MeV]
OPAL-X> * 17:41:44 Step   1231 container[1] at 0.003 [um], t= 5.192 [ps], E=511.000 [keV]
OPAL-X> * 17:41:44 Step   1231 container[2] at 0.003 [um], t= 5.192 [ps], E=511.000 [keV]
OPAL-X> * 17:41:44 Step   1232 container[0] at 1.557 [mm], t= 5.193 [ps], E=245.000 [MeV]
OPAL-X> * 17:41:44 Step   1232 container[1] at 0.003 [um], t= 5.193 [ps], E=511.000 [keV]
OPAL-X> * 17:41:44 Step   1232 container[2] at 0.003 [um], t= 5.193 [ps], E=511.000 [keV]
OPAL-X> * 17:41:44 Step   1233 container[0] at 1.557 [mm], t= 5.194 [ps], E=245.000 [MeV]
OPAL-X> * 17:41:44 Step   1233 container[1] at 0.003 [um], t= 5.194 [ps], E=511.000 [keV]
OPAL-X> * 17:41:44 Step   1233 container[2] at 0.003 [um], t= 5.194 [ps], E=511.000 [keV]
OPAL-X> * 17:41:44 Step   1234 container[0] at 1.557 [mm], t= 5.195 [ps], E=245.000 [MeV]
OPAL-X> * 17:41:44 Step   1234 container[1] at 0.003 [um], t= 5.195 [ps], E=511.000 [keV]
OPAL-X> * 17:41:44 Step   1234 container[2] at 0.003 [um], t= 5.195 [ps], E=511.000 [keV]
OPAL-X> * 17:41:44 Step   1235 container[0] at 1.558 [mm], t= 5.196 [ps], E=245.000 [MeV]
OPAL-X> * 17:41:44 Step   1235 container[1] at 0.003 [um], t= 5.196 [ps], E=511.000 [keV]
OPAL-X> * 17:41:44 Step   1235 container[2] at 0.003 [um], t= 5.196 [ps], E=511.000 [keV]
OPAL-X> * 17:41:44 Step   1236 container[0] at 1.558 [mm], t= 5.197 [ps], E=245.000 [MeV]
OPAL-X> * 17:41:44 Step   1236 container[1] at 0.003 [um], t= 5.197 [ps], E=511.000 [keV]
OPAL-X> * 17:41:44 Step   1236 container[2] at 0.003 [um], t= 5.197 [ps], E=511.000 [keV]
OPAL-X> * 17:41:44 Step   1237 container[0] at 1.558 [mm], t= 5.198 [ps], E=245.000 [MeV]
OPAL-X> * 17:41:44 Step   1237 container[1] at 0.003 [um], t= 5.198 [ps], E=511.000 [keV]
OPAL-X> * 17:41:44 Step   1237 container[2] at 0.003 [um], t= 5.198 [ps], E=511.000 [keV]
OPAL-X> * 17:41:44 Step   1238 container[0] at 1.559 [mm], t= 5.199 [ps], E=245.000 [MeV]
OPAL-X> * 17:41:44 Step   1238 container[1] at 0.003 [um], t= 5.199 [ps], E=511.000 [keV]
OPAL-X> * 17:41:44 Step   1238 container[2] at 0.003 [um], t= 5.199 [ps], E=511.000 [keV]
OPAL-X> * 17:41:44 Step   1239 container[0] at 1.559 [mm], t= 5.200 [ps], E=245.000 [MeV]
OPAL-X> * 17:41:44 Step   1239 container[1] at 0.003 [um], t= 5.200 [ps], E=511.000 [keV]
OPAL-X> * 17:41:44 Step   1239 container[2] at 0.003 [um], t= 5.200 [ps], E=511.000 [keV]
OPAL-X> * 17:41:44 Step   1240 container[0] at 1.559 [mm], t= 5.201 [ps], E=245.000 [MeV]
OPAL-X> * 17:41:44 Step   1240 container[1] at 0.003 [um], t= 5.201 [ps], E=511.000 [keV]
OPAL-X> * 17:41:44 Step   1240 container[2] at 0.003 [um], t= 5.201 [ps], E=511.000 [keV]
OPAL-X> * 17:41:44 Step   1241 container[0] at 1.560 [mm], t= 5.202 [ps], E=245.000 [MeV]
OPAL-X> * 17:41:44 Step   1241 container[1] at 0.003 [um], t= 5.202 [ps], E=511.000 [keV]
OPAL-X> * 17:41:44 Step   1241 container[2] at 0.003 [um], t= 5.202 [ps], E=511.000 [keV]
OPAL-X> * 17:41:44 Step   1242 container[0] at 1.560 [mm], t= 5.203 [ps], E=245.000 [MeV]
OPAL-X> * 17:41:44 Step   1242 container[1] at 0.003 [um], t= 5.203 [ps], E=511.000 [keV]
OPAL-X> * 17:41:44 Step   1242 container[2] at 0.003 [um], t= 5.203 [ps], E=511.000 [keV]
OPAL-X> * 17:41:44 Step   1243 container[0] at 1.560 [mm], t= 5.204 [ps], E=245.000 [MeV]
OPAL-X> * 17:41:44 Step   1243 container[1] at 0.003 [um], t= 5.204 [ps], E=511.000 [keV]
OPAL-X> * 17:41:44 Step   1243 container[2] at 0.003 [um], t= 5.204 [ps], E=511.000 [keV]
OPAL-X> * 17:41:44 Step   1244 container[0] at 1.560 [mm], t= 5.205 [ps], E=245.000 [MeV]
OPAL-X> * 17:41:44 Step   1244 container[1] at 0.003 [um], t= 5.205 [ps], E=511.000 [keV]
OPAL-X> * 17:41:44 Step   1244 container[2] at 0.003 [um], t= 5.205 [ps], E=511.000 [keV]
OPAL-X> * 17:41:44 Step   1245 container[0] at 1.561 [mm], t= 5.206 [ps], E=245.000 [MeV]
OPAL-X> * 17:41:44 Step   1245 container[1] at 0.003 [um], t= 5.206 [ps], E=511.000 [keV]
OPAL-X> * 17:41:44 Step   1245 container[2] at 0.003 [um], t= 5.206 [ps], E=511.000 [keV]
OPAL-X> * 17:41:44 Step   1246 container[0] at 1.561 [mm], t= 5.207 [ps], E=245.000 [MeV]
OPAL-X> * 17:41:44 Step   1246 container[1] at 0.003 [um], t= 5.207 [ps], E=511.000 [keV]
OPAL-X> * 17:41:44 Step   1246 container[2] at 0.003 [um], t= 5.207 [ps], E=511.000 [keV]
OPAL-X> * 17:41:44 Step   1247 container[0] at 1.561 [mm], t= 5.208 [ps], E=245.000 [MeV]
OPAL-X> * 17:41:44 Step   1247 container[1] at 0.003 [um], t= 5.208 [ps], E=511.000 [keV]
OPAL-X> * 17:41:44 Step   1247 container[2] at 0.003 [um], t= 5.208 [ps], E=511.000 [keV]
OPAL-X> * 17:41:44 Step   1248 container[0] at 1.562 [mm], t= 5.209 [ps], E=245.000 [MeV]
OPAL-X> * 17:41:44 Step   1248 container[1] at 0.003 [um], t= 5.209 [ps], E=511.000 [keV]
OPAL-X> * 17:41:44 Step   1248 container[2] at 0.003 [um], t= 5.209 [ps], E=511.000 [keV]
OPAL-X> * 17:41:44 Step   1249 container[0] at 1.562 [mm], t= 5.210 [ps], E=245.000 [MeV]
OPAL-X> * 17:41:44 Step   1249 container[1] at 0.003 [um], t= 5.210 [ps], E=511.000 [keV]
OPAL-X> * 17:41:44 Step   1249 container[2] at 0.003 [um], t= 5.210 [ps], E=511.000 [keV]
OPAL-X> * 17:41:44 Step   1250 container[0] at 1.562 [mm], t= 5.211 [ps], E=245.000 [MeV]
OPAL-X> * 17:41:44 Step   1250 container[1] at 0.003 [um], t= 5.211 [ps], E=511.000 [keV]
OPAL-X> * 17:41:44 Step   1250 container[2] at 0.003 [um], t= 5.211 [ps], E=511.000 [keV]
OPAL-X> * 17:41:44 Step   1251 container[0] at 1.563 [mm], t= 5.212 [ps], E=245.000 [MeV]
OPAL-X> * 17:41:44 Step   1251 container[1] at 0.003 [um], t= 5.212 [ps], E=511.000 [keV]
OPAL-X> * 17:41:44 Step   1251 container[2] at 0.003 [um], t= 5.212 [ps], E=511.000 [keV]
OPAL-X> * 17:41:44 Step   1252 container[0] at 1.563 [mm], t= 5.213 [ps], E=245.000 [MeV]
OPAL-X> * 17:41:44 Step   1252 container[1] at 0.003 [um], t= 5.213 [ps], E=511.000 [keV]
OPAL-X> * 17:41:44 Step   1252 container[2] at 0.003 [um], t= 5.213 [ps], E=511.000 [keV]
OPAL-X> * 17:41:44 Step   1253 container[0] at 1.563 [mm], t= 5.214 [ps], E=245.000 [MeV]
OPAL-X> * 17:41:44 Step   1253 container[1] at 0.003 [um], t= 5.214 [ps], E=511.000 [keV]
OPAL-X> * 17:41:44 Step   1253 container[2] at 0.003 [um], t= 5.214 [ps], E=511.000 [keV]
OPAL-X> * 17:41:44 Step   1254 container[0] at 1.563 [mm], t= 5.215 [ps], E=245.000 [MeV]
OPAL-X> * 17:41:44 Step   1254 container[1] at 0.003 [um], t= 5.215 [ps], E=511.000 [keV]
OPAL-X> * 17:41:44 Step   1254 container[2] at 0.003 [um], t= 5.215 [ps], E=511.000 [keV]
OPAL-X> * 17:41:44 Step   1255 container[0] at 1.564 [mm], t= 5.216 [ps], E=245.000 [MeV]
OPAL-X> * 17:41:44 Step   1255 container[1] at 0.003 [um], t= 5.216 [ps], E=511.000 [keV]
OPAL-X> * 17:41:44 Step   1255 container[2] at 0.003 [um], t= 5.216 [ps], E=511.000 [keV]
OPAL-X> * 17:41:44 Step   1256 container[0] at 1.564 [mm], t= 5.217 [ps], E=245.000 [MeV]
OPAL-X> * 17:41:44 Step   1256 container[1] at 0.003 [um], t= 5.217 [ps], E=511.000 [keV]
OPAL-X> * 17:41:44 Step   1256 container[2] at 0.003 [um], t= 5.217 [ps], E=511.000 [keV]
OPAL-X> * 17:41:44 Step   1257 container[0] at 1.564 [mm], t= 5.218 [ps], E=245.000 [MeV]
OPAL-X> * 17:41:44 Step   1257 container[1] at 0.003 [um], t= 5.218 [ps], E=511.000 [keV]
OPAL-X> * 17:41:44 Step   1257 container[2] at 0.003 [um], t= 5.218 [ps], E=511.000 [keV]
OPAL-X> * 17:41:44 Step   1258 container[0] at 1.565 [mm], t= 5.219 [ps], E=245.000 [MeV]
OPAL-X> * 17:41:44 Step   1258 container[1] at 0.003 [um], t= 5.219 [ps], E=511.000 [keV]
OPAL-X> * 17:41:44 Step   1258 container[2] at 0.003 [um], t= 5.219 [ps], E=511.000 [keV]
OPAL-X> * 17:41:44 Step   1259 container[0] at 1.565 [mm], t= 5.220 [ps], E=245.000 [MeV]
OPAL-X> * 17:41:44 Step   1259 container[1] at 0.003 [um], t= 5.220 [ps], E=511.000 [keV]
OPAL-X> * 17:41:44 Step   1259 container[2] at 0.003 [um], t= 5.220 [ps], E=511.000 [keV]
OPAL-X> * 17:41:44 Step   1260 container[0] at 1.565 [mm], t= 5.221 [ps], E=245.000 [MeV]
OPAL-X> * 17:41:44 Step   1260 container[1] at 0.003 [um], t= 5.221 [ps], E=511.000 [keV]
OPAL-X> * 17:41:44 Step   1260 container[2] at 0.003 [um], t= 5.221 [ps], E=511.000 [keV]
OPAL-X> * 17:41:44 Step   1261 container[0] at 1.566 [mm], t= 5.222 [ps], E=245.000 [MeV]
OPAL-X> * 17:41:44 Step   1261 container[1] at 0.003 [um], t= 5.222 [ps], E=511.000 [keV]
OPAL-X> * 17:41:44 Step   1261 container[2] at 0.003 [um], t= 5.222 [ps], E=511.000 [keV]
OPAL-X> * 17:41:44 Step   1262 container[0] at 1.566 [mm], t= 5.223 [ps], E=245.000 [MeV]
OPAL-X> * 17:41:44 Step   1262 container[1] at 0.003 [um], t= 5.223 [ps], E=511.000 [keV]
OPAL-X> * 17:41:44 Step   1262 container[2] at 0.003 [um], t= 5.223 [ps], E=511.000 [keV]
OPAL-X> * 17:41:44 Step   1263 container[0] at 1.566 [mm], t= 5.224 [ps], E=245.000 [MeV]
OPAL-X> * 17:41:44 Step   1263 container[1] at 0.003 [um], t= 5.224 [ps], E=511.000 [keV]
OPAL-X> * 17:41:44 Step   1263 container[2] at 0.003 [um], t= 5.224 [ps], E=511.000 [keV]
OPAL-X> * 17:41:44 Step   1264 container[0] at 1.566 [mm], t= 5.225 [ps], E=245.000 [MeV]
OPAL-X> * 17:41:44 Step   1264 container[1] at 0.003 [um], t= 5.225 [ps], E=511.000 [keV]
OPAL-X> * 17:41:44 Step   1264 container[2] at 0.003 [um], t= 5.225 [ps], E=511.000 [keV]
OPAL-X> * 17:41:44 Step   1265 container[0] at 1.567 [mm], t= 5.226 [ps], E=245.000 [MeV]
OPAL-X> * 17:41:44 Step   1265 container[1] at 0.003 [um], t= 5.226 [ps], E=511.000 [keV]
OPAL-X> * 17:41:44 Step   1265 container[2] at 0.003 [um], t= 5.226 [ps], E=511.000 [keV]
OPAL-X> * 17:41:44 Step   1266 container[0] at 1.567 [mm], t= 5.227 [ps], E=245.000 [MeV]
OPAL-X> * 17:41:44 Step   1266 container[1] at 0.003 [um], t= 5.227 [ps], E=511.000 [keV]
OPAL-X> * 17:41:44 Step   1266 container[2] at 0.003 [um], t= 5.227 [ps], E=511.000 [keV]
OPAL-X> * 17:41:44 Step   1267 container[0] at 1.567 [mm], t= 5.228 [ps], E=245.000 [MeV]
OPAL-X> * 17:41:44 Step   1267 container[1] at 0.003 [um], t= 5.228 [ps], E=511.000 [keV]
OPAL-X> * 17:41:44 Step   1267 container[2] at 0.003 [um], t= 5.228 [ps], E=511.000 [keV]
OPAL-X> * 17:41:44 Step   1268 container[0] at 1.568 [mm], t= 5.229 [ps], E=245.000 [MeV]
OPAL-X> * 17:41:44 Step   1268 container[1] at 0.003 [um], t= 5.229 [ps], E=511.000 [keV]
OPAL-X> * 17:41:44 Step   1268 container[2] at 0.003 [um], t= 5.229 [ps], E=511.000 [keV]
OPAL-X> * 17:41:44 Step   1269 container[0] at 1.568 [mm], t= 5.230 [ps], E=245.000 [MeV]
OPAL-X> * 17:41:44 Step   1269 container[1] at 0.003 [um], t= 5.230 [ps], E=511.000 [keV]
OPAL-X> * 17:41:44 Step   1269 container[2] at 0.003 [um], t= 5.230 [ps], E=511.000 [keV]
OPAL-X> * 17:41:44 Step   1270 container[0] at 1.568 [mm], t= 5.231 [ps], E=245.000 [MeV]
OPAL-X> * 17:41:44 Step   1270 container[1] at 0.003 [um], t= 5.231 [ps], E=511.000 [keV]
OPAL-X> * 17:41:44 Step   1270 container[2] at 0.003 [um], t= 5.231 [ps], E=511.000 [keV]
OPAL-X> * 17:41:44 Step   1271 container[0] at 1.569 [mm], t= 5.232 [ps], E=245.000 [MeV]
OPAL-X> * 17:41:44 Step   1271 container[1] at 0.003 [um], t= 5.232 [ps], E=511.000 [keV]
OPAL-X> * 17:41:44 Step   1271 container[2] at 0.003 [um], t= 5.232 [ps], E=511.000 [keV]
OPAL-X> * 17:41:44 Step   1272 container[0] at 1.569 [mm], t= 5.233 [ps], E=245.000 [MeV]
OPAL-X> * 17:41:44 Step   1272 container[1] at 0.003 [um], t= 5.233 [ps], E=511.000 [keV]
OPAL-X> * 17:41:44 Step   1272 container[2] at 0.003 [um], t= 5.233 [ps], E=511.000 [keV]
OPAL-X> * 17:41:44 Step   1273 container[0] at 1.569 [mm], t= 5.234 [ps], E=245.000 [MeV]
OPAL-X> * 17:41:44 Step   1273 container[1] at 0.003 [um], t= 5.234 [ps], E=511.000 [keV]
OPAL-X> * 17:41:44 Step   1273 container[2] at 0.003 [um], t= 5.234 [ps], E=511.000 [keV]
OPAL-X> * 17:41:45 Step   1274 container[0] at 1.569 [mm], t= 5.235 [ps], E=245.000 [MeV]
OPAL-X> * 17:41:45 Step   1274 container[1] at 0.003 [um], t= 5.235 [ps], E=511.000 [keV]
OPAL-X> * 17:41:45 Step   1274 container[2] at 0.003 [um], t= 5.235 [ps], E=511.000 [keV]
OPAL-X> * 17:41:45 Step   1275 container[0] at 1.570 [mm], t= 5.236 [ps], E=245.000 [MeV]
OPAL-X> * 17:41:45 Step   1275 container[1] at 0.003 [um], t= 5.236 [ps], E=511.000 [keV]
OPAL-X> * 17:41:45 Step   1275 container[2] at 0.003 [um], t= 5.236 [ps], E=511.000 [keV]
OPAL-X> * 17:41:45 Step   1276 container[0] at 1.570 [mm], t= 5.237 [ps], E=245.000 [MeV]
OPAL-X> * 17:41:45 Step   1276 container[1] at 0.003 [um], t= 5.237 [ps], E=511.000 [keV]
OPAL-X> * 17:41:45 Step   1276 container[2] at 0.003 [um], t= 5.237 [ps], E=511.000 [keV]
OPAL-X> * 17:41:45 Step   1277 container[0] at 1.570 [mm], t= 5.238 [ps], E=245.000 [MeV]
OPAL-X> * 17:41:45 Step   1277 container[1] at 0.003 [um], t= 5.238 [ps], E=511.000 [keV]
OPAL-X> * 17:41:45 Step   1277 container[2] at 0.003 [um], t= 5.238 [ps], E=511.000 [keV]
OPAL-X> * 17:41:45 Step   1278 container[0] at 1.571 [mm], t= 5.239 [ps], E=245.000 [MeV]
OPAL-X> * 17:41:45 Step   1278 container[1] at 0.003 [um], t= 5.239 [ps], E=511.000 [keV]
OPAL-X> * 17:41:45 Step   1278 container[2] at 0.003 [um], t= 5.239 [ps], E=511.000 [keV]
OPAL-X> * 17:41:45 Step   1279 container[0] at 1.571 [mm], t= 5.240 [ps], E=245.000 [MeV]
OPAL-X> * 17:41:45 Step   1279 container[1] at 0.003 [um], t= 5.240 [ps], E=511.000 [keV]
OPAL-X> * 17:41:45 Step   1279 container[2] at 0.003 [um], t= 5.240 [ps], E=511.000 [keV]
OPAL-X> * 17:41:45 Step   1280 container[0] at 1.571 [mm], t= 5.241 [ps], E=245.000 [MeV]
OPAL-X> * 17:41:45 Step   1280 container[1] at 0.003 [um], t= 5.241 [ps], E=511.000 [keV]
OPAL-X> * 17:41:45 Step   1280 container[2] at 0.003 [um], t= 5.241 [ps], E=511.000 [keV]
OPAL-X> * 17:41:45 Step   1281 container[0] at 1.572 [mm], t= 5.242 [ps], E=245.000 [MeV]
OPAL-X> * 17:41:45 Step   1281 container[1] at 0.003 [um], t= 5.242 [ps], E=511.000 [keV]
OPAL-X> * 17:41:45 Step   1281 container[2] at 0.003 [um], t= 5.242 [ps], E=511.000 [keV]
OPAL-X> * 17:41:45 Step   1282 container[0] at 1.572 [mm], t= 5.243 [ps], E=245.000 [MeV]
OPAL-X> * 17:41:45 Step   1282 container[1] at 0.003 [um], t= 5.243 [ps], E=511.000 [keV]
OPAL-X> * 17:41:45 Step   1282 container[2] at 0.003 [um], t= 5.243 [ps], E=511.000 [keV]
OPAL-X> * 17:41:45 Step   1283 container[0] at 1.572 [mm], t= 5.244 [ps], E=245.000 [MeV]
OPAL-X> * 17:41:45 Step   1283 container[1] at 0.003 [um], t= 5.244 [ps], E=511.000 [keV]
OPAL-X> * 17:41:45 Step   1283 container[2] at 0.003 [um], t= 5.244 [ps], E=511.000 [keV]
OPAL-X> * 17:41:45 Step   1284 container[0] at 1.572 [mm], t= 5.245 [ps], E=245.000 [MeV]
OPAL-X> * 17:41:45 Step   1284 container[1] at 0.003 [um], t= 5.245 [ps], E=511.000 [keV]
OPAL-X> * 17:41:45 Step   1284 container[2] at 0.003 [um], t= 5.245 [ps], E=511.000 [keV]
OPAL-X> * 17:41:45 Step   1285 container[0] at 1.573 [mm], t= 5.246 [ps], E=245.000 [MeV]
OPAL-X> * 17:41:45 Step   1285 container[1] at 0.003 [um], t= 5.246 [ps], E=511.000 [keV]
OPAL-X> * 17:41:45 Step   1285 container[2] at 0.003 [um], t= 5.246 [ps], E=511.000 [keV]
OPAL-X> * 17:41:45 Step   1286 container[0] at 1.573 [mm], t= 5.247 [ps], E=245.000 [MeV]
OPAL-X> * 17:41:45 Step   1286 container[1] at 0.003 [um], t= 5.247 [ps], E=511.000 [keV]
OPAL-X> * 17:41:45 Step   1286 container[2] at 0.003 [um], t= 5.247 [ps], E=511.000 [keV]
OPAL-X> * 17:41:45 Step   1287 container[0] at 1.573 [mm], t= 5.248 [ps], E=245.000 [MeV]
OPAL-X> * 17:41:45 Step   1287 container[1] at 0.003 [um], t= 5.248 [ps], E=511.000 [keV]
OPAL-X> * 17:41:45 Step   1287 container[2] at 0.003 [um], t= 5.248 [ps], E=511.000 [keV]
OPAL-X> * 17:41:45 Step   1288 container[0] at 1.574 [mm], t= 5.249 [ps], E=245.000 [MeV]
OPAL-X> * 17:41:45 Step   1288 container[1] at 0.003 [um], t= 5.249 [ps], E=511.000 [keV]
OPAL-X> * 17:41:45 Step   1288 container[2] at 0.003 [um], t= 5.249 [ps], E=511.000 [keV]
OPAL-X> * 17:41:45 Step   1289 container[0] at 1.574 [mm], t= 5.250 [ps], E=245.000 [MeV]
OPAL-X> * 17:41:45 Step   1289 container[1] at 0.003 [um], t= 5.250 [ps], E=511.000 [keV]
OPAL-X> * 17:41:45 Step   1289 container[2] at 0.003 [um], t= 5.250 [ps], E=511.000 [keV]
OPAL-X> * 17:41:45 Step   1290 container[0] at 1.574 [mm], t= 5.251 [ps], E=245.000 [MeV]
OPAL-X> * 17:41:45 Step   1290 container[1] at 0.003 [um], t= 5.251 [ps], E=511.000 [keV]
OPAL-X> * 17:41:45 Step   1290 container[2] at 0.003 [um], t= 5.251 [ps], E=511.000 [keV]
OPAL-X> * 17:41:45 Step   1291 container[0] at 1.575 [mm], t= 5.252 [ps], E=245.000 [MeV]
OPAL-X> * 17:41:45 Step   1291 container[1] at 0.003 [um], t= 5.252 [ps], E=511.000 [keV]
OPAL-X> * 17:41:45 Step   1291 container[2] at 0.003 [um], t= 5.252 [ps], E=511.000 [keV]
OPAL-X> * 17:41:45 Step   1292 container[0] at 1.575 [mm], t= 5.253 [ps], E=245.000 [MeV]
OPAL-X> * 17:41:45 Step   1292 container[1] at 0.003 [um], t= 5.253 [ps], E=511.000 [keV]
OPAL-X> * 17:41:45 Step   1292 container[2] at 0.003 [um], t= 5.253 [ps], E=511.000 [keV]
OPAL-X> * 17:41:45 Step   1293 container[0] at 1.575 [mm], t= 5.254 [ps], E=245.000 [MeV]
OPAL-X> * 17:41:45 Step   1293 container[1] at 0.003 [um], t= 5.254 [ps], E=511.000 [keV]
OPAL-X> * 17:41:45 Step   1293 container[2] at 0.003 [um], t= 5.254 [ps], E=511.000 [keV]
OPAL-X> * 17:41:45 Step   1294 container[0] at 1.575 [mm], t= 5.255 [ps], E=245.000 [MeV]
OPAL-X> * 17:41:45 Step   1294 container[1] at 0.003 [um], t= 5.255 [ps], E=511.000 [keV]
OPAL-X> * 17:41:45 Step   1294 container[2] at 0.003 [um], t= 5.255 [ps], E=511.000 [keV]
OPAL-X> * 17:41:45 Step   1295 container[0] at 1.576 [mm], t= 5.256 [ps], E=245.000 [MeV]
OPAL-X> * 17:41:45 Step   1295 container[1] at 0.003 [um], t= 5.256 [ps], E=511.000 [keV]
OPAL-X> * 17:41:45 Step   1295 container[2] at 0.003 [um], t= 5.256 [ps], E=511.000 [keV]
OPAL-X> * 17:41:45 Step   1296 container[0] at 1.576 [mm], t= 5.257 [ps], E=245.000 [MeV]
OPAL-X> * 17:41:45 Step   1296 container[1] at 0.003 [um], t= 5.257 [ps], E=511.000 [keV]
OPAL-X> * 17:41:45 Step   1296 container[2] at 0.003 [um], t= 5.257 [ps], E=511.000 [keV]
OPAL-X> * 17:41:45 Step   1297 container[0] at 1.576 [mm], t= 5.258 [ps], E=245.000 [MeV]
OPAL-X> * 17:41:45 Step   1297 container[1] at 0.003 [um], t= 5.258 [ps], E=511.000 [keV]
OPAL-X> * 17:41:45 Step   1297 container[2] at 0.003 [um], t= 5.258 [ps], E=511.000 [keV]
OPAL-X> * 17:41:45 Step   1298 container[0] at 1.577 [mm], t= 5.259 [ps], E=245.000 [MeV]
OPAL-X> * 17:41:45 Step   1298 container[1] at 0.003 [um], t= 5.259 [ps], E=511.000 [keV]
OPAL-X> * 17:41:45 Step   1298 container[2] at 0.003 [um], t= 5.259 [ps], E=511.000 [keV]
OPAL-X> * 17:41:45 Step   1299 container[0] at 1.577 [mm], t= 5.260 [ps], E=245.000 [MeV]
OPAL-X> * 17:41:45 Step   1299 container[1] at 0.003 [um], t= 5.260 [ps], E=511.000 [keV]
OPAL-X> * 17:41:45 Step   1299 container[2] at 0.003 [um], t= 5.260 [ps], E=511.000 [keV]
OPAL-X> * 17:41:45 Step   1300 container[0] at 1.577 [mm], t= 5.261 [ps], E=245.000 [MeV]
OPAL-X> * 17:41:45 Step   1300 container[1] at 0.003 [um], t= 5.261 [ps], E=511.000 [keV]
OPAL-X> * 17:41:45 Step   1300 container[2] at 0.003 [um], t= 5.261 [ps], E=511.000 [keV]
OPAL-X> * 17:41:45 Step   1301 container[0] at 1.578 [mm], t= 5.262 [ps], E=245.000 [MeV]
OPAL-X> * 17:41:45 Step   1301 container[1] at 0.003 [um], t= 5.262 [ps], E=511.000 [keV]
OPAL-X> * 17:41:45 Step   1301 container[2] at 0.003 [um], t= 5.262 [ps], E=511.000 [keV]
OPAL-X> * 17:41:45 Step   1302 container[0] at 1.578 [mm], t= 5.263 [ps], E=245.000 [MeV]
OPAL-X> * 17:41:45 Step   1302 container[1] at 0.003 [um], t= 5.263 [ps], E=511.000 [keV]
OPAL-X> * 17:41:45 Step   1302 container[2] at 0.003 [um], t= 5.263 [ps], E=511.000 [keV]
OPAL-X> * 17:41:45 Step   1303 container[0] at 1.578 [mm], t= 5.264 [ps], E=245.000 [MeV]
OPAL-X> * 17:41:45 Step   1303 container[1] at 0.003 [um], t= 5.264 [ps], E=511.000 [keV]
OPAL-X> * 17:41:45 Step   1303 container[2] at 0.003 [um], t= 5.264 [ps], E=511.000 [keV]
OPAL-X> * 17:41:45 Step   1304 container[0] at 1.578 [mm], t= 5.265 [ps], E=245.000 [MeV]
OPAL-X> * 17:41:45 Step   1304 container[1] at 0.003 [um], t= 5.265 [ps], E=511.000 [keV]
OPAL-X> * 17:41:45 Step   1304 container[2] at 0.003 [um], t= 5.265 [ps], E=511.000 [keV]
OPAL-X> * 17:41:45 Step   1305 container[0] at 1.579 [mm], t= 5.266 [ps], E=245.000 [MeV]
OPAL-X> * 17:41:45 Step   1305 container[1] at 0.003 [um], t= 5.266 [ps], E=511.000 [keV]
OPAL-X> * 17:41:45 Step   1305 container[2] at 0.003 [um], t= 5.266 [ps], E=511.000 [keV]
OPAL-X> * 17:41:45 Step   1306 container[0] at 1.579 [mm], t= 5.267 [ps], E=245.000 [MeV]
OPAL-X> * 17:41:45 Step   1306 container[1] at 0.003 [um], t= 5.267 [ps], E=511.000 [keV]
OPAL-X> * 17:41:45 Step   1306 container[2] at 0.003 [um], t= 5.267 [ps], E=511.000 [keV]
OPAL-X> * 17:41:45 Step   1307 container[0] at 1.579 [mm], t= 5.268 [ps], E=245.000 [MeV]
OPAL-X> * 17:41:45 Step   1307 container[1] at 0.003 [um], t= 5.268 [ps], E=511.000 [keV]
OPAL-X> * 17:41:45 Step   1307 container[2] at 0.003 [um], t= 5.268 [ps], E=511.000 [keV]
OPAL-X> * 17:41:45 Step   1308 container[0] at 1.580 [mm], t= 5.269 [ps], E=245.000 [MeV]
OPAL-X> * 17:41:45 Step   1308 container[1] at 0.003 [um], t= 5.269 [ps], E=511.000 [keV]
OPAL-X> * 17:41:45 Step   1308 container[2] at 0.003 [um], t= 5.269 [ps], E=511.000 [keV]
OPAL-X> * 17:41:45 Step   1309 container[0] at 1.580 [mm], t= 5.270 [ps], E=245.000 [MeV]
OPAL-X> * 17:41:45 Step   1309 container[1] at 0.003 [um], t= 5.270 [ps], E=511.000 [keV]
OPAL-X> * 17:41:45 Step   1309 container[2] at 0.003 [um], t= 5.270 [ps], E=511.000 [keV]
OPAL-X> * 17:41:45 Step   1310 container[0] at 1.580 [mm], t= 5.271 [ps], E=245.000 [MeV]
OPAL-X> * 17:41:45 Step   1310 container[1] at 0.003 [um], t= 5.271 [ps], E=511.000 [keV]
OPAL-X> * 17:41:45 Step   1310 container[2] at 0.003 [um], t= 5.271 [ps], E=511.000 [keV]
OPAL-X> * 17:41:45 Step   1311 container[0] at 1.581 [mm], t= 5.272 [ps], E=245.000 [MeV]
OPAL-X> * 17:41:45 Step   1311 container[1] at 0.003 [um], t= 5.272 [ps], E=511.000 [keV]
OPAL-X> * 17:41:45 Step   1311 container[2] at 0.003 [um], t= 5.272 [ps], E=511.000 [keV]
OPAL-X> * 17:41:45 Step   1312 container[0] at 1.581 [mm], t= 5.273 [ps], E=245.000 [MeV]
OPAL-X> * 17:41:45 Step   1312 container[1] at 0.003 [um], t= 5.273 [ps], E=511.000 [keV]
OPAL-X> * 17:41:45 Step   1312 container[2] at 0.003 [um], t= 5.273 [ps], E=511.000 [keV]
OPAL-X> * 17:41:45 Step   1313 container[0] at 1.581 [mm], t= 5.274 [ps], E=245.000 [MeV]
OPAL-X> * 17:41:45 Step   1313 container[1] at 0.003 [um], t= 5.274 [ps], E=511.000 [keV]
OPAL-X> * 17:41:45 Step   1313 container[2] at 0.003 [um], t= 5.274 [ps], E=511.000 [keV]
OPAL-X> * 17:41:45 Step   1314 container[0] at 1.581 [mm], t= 5.275 [ps], E=245.000 [MeV]
OPAL-X> * 17:41:45 Step   1314 container[1] at 0.003 [um], t= 5.275 [ps], E=511.000 [keV]
OPAL-X> * 17:41:45 Step   1314 container[2] at 0.003 [um], t= 5.275 [ps], E=511.000 [keV]
OPAL-X> * 17:41:45 Step   1315 container[0] at 1.582 [mm], t= 5.276 [ps], E=245.000 [MeV]
OPAL-X> * 17:41:45 Step   1315 container[1] at 0.003 [um], t= 5.276 [ps], E=511.000 [keV]
OPAL-X> * 17:41:45 Step   1315 container[2] at 0.003 [um], t= 5.276 [ps], E=511.000 [keV]
OPAL-X> * 17:41:45 Step   1316 container[0] at 1.582 [mm], t= 5.277 [ps], E=245.000 [MeV]
OPAL-X> * 17:41:45 Step   1316 container[1] at 0.003 [um], t= 5.277 [ps], E=511.000 [keV]
OPAL-X> * 17:41:45 Step   1316 container[2] at 0.003 [um], t= 5.277 [ps], E=511.000 [keV]
OPAL-X> * 17:41:45 Step   1317 container[0] at 1.582 [mm], t= 5.278 [ps], E=245.000 [MeV]
OPAL-X> * 17:41:45 Step   1317 container[1] at 0.003 [um], t= 5.278 [ps], E=511.000 [keV]
OPAL-X> * 17:41:45 Step   1317 container[2] at 0.003 [um], t= 5.278 [ps], E=511.000 [keV]
OPAL-X> * 17:41:45 Step   1318 container[0] at 1.583 [mm], t= 5.279 [ps], E=245.000 [MeV]
OPAL-X> * 17:41:45 Step   1318 container[1] at 0.003 [um], t= 5.279 [ps], E=511.000 [keV]
OPAL-X> * 17:41:45 Step   1318 container[2] at 0.003 [um], t= 5.279 [ps], E=511.000 [keV]
OPAL-X> * 17:41:45 Step   1319 container[0] at 1.583 [mm], t= 5.280 [ps], E=245.000 [MeV]
OPAL-X> * 17:41:45 Step   1319 container[1] at 0.003 [um], t= 5.280 [ps], E=511.000 [keV]
OPAL-X> * 17:41:45 Step   1319 container[2] at 0.003 [um], t= 5.280 [ps], E=511.000 [keV]
OPAL-X> * 17:41:45 Step   1320 container[0] at 1.583 [mm], t= 5.281 [ps], E=245.000 [MeV]
OPAL-X> * 17:41:45 Step   1320 container[1] at 0.003 [um], t= 5.281 [ps], E=511.000 [keV]
OPAL-X> * 17:41:45 Step   1320 container[2] at 0.003 [um], t= 5.281 [ps], E=511.000 [keV]
OPAL-X> * 17:41:45 Step   1321 container[0] at 1.584 [mm], t= 5.282 [ps], E=245.000 [MeV]
OPAL-X> * 17:41:45 Step   1321 container[1] at 0.003 [um], t= 5.282 [ps], E=511.000 [keV]
OPAL-X> * 17:41:45 Step   1321 container[2] at 0.003 [um], t= 5.282 [ps], E=511.000 [keV]
OPAL-X> * 17:41:45 Step   1322 container[0] at 1.584 [mm], t= 5.283 [ps], E=245.000 [MeV]
OPAL-X> * 17:41:45 Step   1322 container[1] at 0.003 [um], t= 5.283 [ps], E=511.000 [keV]
OPAL-X> * 17:41:45 Step   1322 container[2] at 0.003 [um], t= 5.283 [ps], E=511.000 [keV]
OPAL-X> * 17:41:45 Step   1323 container[0] at 1.584 [mm], t= 5.284 [ps], E=245.000 [MeV]
OPAL-X> * 17:41:45 Step   1323 container[1] at 0.003 [um], t= 5.284 [ps], E=511.000 [keV]
OPAL-X> * 17:41:45 Step   1323 container[2] at 0.003 [um], t= 5.284 [ps], E=511.000 [keV]
OPAL-X> * 17:41:45 Step   1324 container[0] at 1.584 [mm], t= 5.285 [ps], E=245.000 [MeV]
OPAL-X> * 17:41:45 Step   1324 container[1] at 0.003 [um], t= 5.285 [ps], E=511.000 [keV]
OPAL-X> * 17:41:45 Step   1324 container[2] at 0.003 [um], t= 5.285 [ps], E=511.000 [keV]
OPAL-X> * 17:41:45 Step   1325 container[0] at 1.585 [mm], t= 5.286 [ps], E=245.000 [MeV]
OPAL-X> * 17:41:45 Step   1325 container[1] at 0.003 [um], t= 5.286 [ps], E=511.000 [keV]
OPAL-X> * 17:41:45 Step   1325 container[2] at 0.003 [um], t= 5.286 [ps], E=511.000 [keV]
OPAL-X> * 17:41:45 Step   1326 container[0] at 1.585 [mm], t= 5.287 [ps], E=245.000 [MeV]
OPAL-X> * 17:41:45 Step   1326 container[1] at 0.003 [um], t= 5.287 [ps], E=511.000 [keV]
OPAL-X> * 17:41:45 Step   1326 container[2] at 0.003 [um], t= 5.287 [ps], E=511.000 [keV]
OPAL-X> * 17:41:45 Step   1327 container[0] at 1.585 [mm], t= 5.288 [ps], E=245.000 [MeV]
OPAL-X> * 17:41:45 Step   1327 container[1] at 0.003 [um], t= 5.288 [ps], E=511.000 [keV]
OPAL-X> * 17:41:45 Step   1327 container[2] at 0.003 [um], t= 5.288 [ps], E=511.000 [keV]
OPAL-X> * 17:41:46 Step   1328 container[0] at 1.586 [mm], t= 5.289 [ps], E=245.000 [MeV]
OPAL-X> * 17:41:46 Step   1328 container[1] at 0.003 [um], t= 5.289 [ps], E=511.000 [keV]
OPAL-X> * 17:41:46 Step   1328 container[2] at 0.003 [um], t= 5.289 [ps], E=511.000 [keV]
OPAL-X> * 17:41:46 Step   1329 container[0] at 1.586 [mm], t= 5.290 [ps], E=245.000 [MeV]
OPAL-X> * 17:41:46 Step   1329 container[1] at 0.003 [um], t= 5.290 [ps], E=511.000 [keV]
OPAL-X> * 17:41:46 Step   1329 container[2] at 0.003 [um], t= 5.290 [ps], E=511.000 [keV]
OPAL-X> * 17:41:46 Step   1330 container[0] at 1.586 [mm], t= 5.291 [ps], E=245.000 [MeV]
OPAL-X> * 17:41:46 Step   1330 container[1] at 0.003 [um], t= 5.291 [ps], E=511.000 [keV]
OPAL-X> * 17:41:46 Step   1330 container[2] at 0.003 [um], t= 5.291 [ps], E=511.000 [keV]
OPAL-X> * 17:41:46 Step   1331 container[0] at 1.586 [mm], t= 5.292 [ps], E=245.000 [MeV]
OPAL-X> * 17:41:46 Step   1331 container[1] at 0.003 [um], t= 5.292 [ps], E=511.000 [keV]
OPAL-X> * 17:41:46 Step   1331 container[2] at 0.003 [um], t= 5.292 [ps], E=511.000 [keV]
OPAL-X> * 17:41:46 Step   1332 container[0] at 1.587 [mm], t= 5.293 [ps], E=245.000 [MeV]
OPAL-X> * 17:41:46 Step   1332 container[1] at 0.003 [um], t= 5.293 [ps], E=511.000 [keV]
OPAL-X> * 17:41:46 Step   1332 container[2] at 0.003 [um], t= 5.293 [ps], E=511.000 [keV]
OPAL-X> * 17:41:46 Step   1333 container[0] at 1.587 [mm], t= 5.294 [ps], E=245.000 [MeV]
OPAL-X> * 17:41:46 Step   1333 container[1] at 0.003 [um], t= 5.294 [ps], E=511.000 [keV]
OPAL-X> * 17:41:46 Step   1333 container[2] at 0.003 [um], t= 5.294 [ps], E=511.000 [keV]
OPAL-X> * 17:41:46 Step   1334 container[0] at 1.587 [mm], t= 5.295 [ps], E=245.000 [MeV]
OPAL-X> * 17:41:46 Step   1334 container[1] at 0.003 [um], t= 5.295 [ps], E=511.000 [keV]
OPAL-X> * 17:41:46 Step   1334 container[2] at 0.003 [um], t= 5.295 [ps], E=511.000 [keV]
OPAL-X> * 17:41:46 Step   1335 container[0] at 1.588 [mm], t= 5.296 [ps], E=245.000 [MeV]
OPAL-X> * 17:41:46 Step   1335 container[1] at 0.003 [um], t= 5.296 [ps], E=511.000 [keV]
OPAL-X> * 17:41:46 Step   1335 container[2] at 0.003 [um], t= 5.296 [ps], E=511.000 [keV]
OPAL-X> * 17:41:46 Step   1336 container[0] at 1.588 [mm], t= 5.297 [ps], E=245.000 [MeV]
OPAL-X> * 17:41:46 Step   1336 container[1] at 0.003 [um], t= 5.297 [ps], E=511.000 [keV]
OPAL-X> * 17:41:46 Step   1336 container[2] at 0.003 [um], t= 5.297 [ps], E=511.000 [keV]
OPAL-X> * 17:41:46 Step   1337 container[0] at 1.588 [mm], t= 5.298 [ps], E=245.000 [MeV]
OPAL-X> * 17:41:46 Step   1337 container[1] at 0.003 [um], t= 5.298 [ps], E=511.000 [keV]
OPAL-X> * 17:41:46 Step   1337 container[2] at 0.003 [um], t= 5.298 [ps], E=511.000 [keV]
OPAL-X> * 17:41:46 Step   1338 container[0] at 1.589 [mm], t= 5.299 [ps], E=245.000 [MeV]
OPAL-X> * 17:41:46 Step   1338 container[1] at 0.003 [um], t= 5.299 [ps], E=511.000 [keV]
OPAL-X> * 17:41:46 Step   1338 container[2] at 0.003 [um], t= 5.299 [ps], E=511.000 [keV]
OPAL-X> * 17:41:46 Step   1339 container[0] at 1.589 [mm], t= 5.300 [ps], E=245.000 [MeV]
OPAL-X> * 17:41:46 Step   1339 container[1] at 0.003 [um], t= 5.300 [ps], E=511.000 [keV]
OPAL-X> * 17:41:46 Step   1339 container[2] at 0.003 [um], t= 5.300 [ps], E=511.000 [keV]
OPAL-X> * 17:41:46 Step   1340 container[0] at 1.589 [mm], t= 5.301 [ps], E=245.000 [MeV]
OPAL-X> * 17:41:46 Step   1340 container[1] at 0.003 [um], t= 5.301 [ps], E=511.000 [keV]
OPAL-X> * 17:41:46 Step   1340 container[2] at 0.003 [um], t= 5.301 [ps], E=511.000 [keV]
OPAL-X> * 17:41:46 Step   1341 container[0] at 1.589 [mm], t= 5.302 [ps], E=245.000 [MeV]
OPAL-X> * 17:41:46 Step   1341 container[1] at 0.003 [um], t= 5.302 [ps], E=511.000 [keV]
OPAL-X> * 17:41:46 Step   1341 container[2] at 0.003 [um], t= 5.302 [ps], E=511.000 [keV]
OPAL-X> * 17:41:46 Step   1342 container[0] at 1.590 [mm], t= 5.303 [ps], E=245.000 [MeV]
OPAL-X> * 17:41:46 Step   1342 container[1] at 0.003 [um], t= 5.303 [ps], E=511.000 [keV]
OPAL-X> * 17:41:46 Step   1342 container[2] at 0.003 [um], t= 5.303 [ps], E=511.000 [keV]
OPAL-X> * 17:41:46 Step   1343 container[0] at 1.590 [mm], t= 5.304 [ps], E=245.000 [MeV]
OPAL-X> * 17:41:46 Step   1343 container[1] at 0.003 [um], t= 5.304 [ps], E=511.000 [keV]
OPAL-X> * 17:41:46 Step   1343 container[2] at 0.003 [um], t= 5.304 [ps], E=511.000 [keV]
OPAL-X> * 17:41:46 Step   1344 container[0] at 1.590 [mm], t= 5.305 [ps], E=245.000 [MeV]
OPAL-X> * 17:41:46 Step   1344 container[1] at 0.003 [um], t= 5.305 [ps], E=511.000 [keV]
OPAL-X> * 17:41:46 Step   1344 container[2] at 0.003 [um], t= 5.305 [ps], E=511.000 [keV]
OPAL-X> * 17:41:46 Step   1345 container[0] at 1.591 [mm], t= 5.306 [ps], E=245.000 [MeV]
OPAL-X> * 17:41:46 Step   1345 container[1] at 0.003 [um], t= 5.306 [ps], E=511.000 [keV]
OPAL-X> * 17:41:46 Step   1345 container[2] at 0.003 [um], t= 5.306 [ps], E=511.000 [keV]
OPAL-X> * 17:41:46 Step   1346 container[0] at 1.591 [mm], t= 5.307 [ps], E=245.000 [MeV]
OPAL-X> * 17:41:46 Step   1346 container[1] at 0.003 [um], t= 5.307 [ps], E=511.000 [keV]
OPAL-X> * 17:41:46 Step   1346 container[2] at 0.003 [um], t= 5.307 [ps], E=511.000 [keV]
OPAL-X> * 17:41:46 Step   1347 container[0] at 1.591 [mm], t= 5.308 [ps], E=245.000 [MeV]
OPAL-X> * 17:41:46 Step   1347 container[1] at 0.003 [um], t= 5.308 [ps], E=511.000 [keV]
OPAL-X> * 17:41:46 Step   1347 container[2] at 0.003 [um], t= 5.308 [ps], E=511.000 [keV]
OPAL-X> * 17:41:46 Step   1348 container[0] at 1.592 [mm], t= 5.309 [ps], E=245.000 [MeV]
OPAL-X> * 17:41:46 Step   1348 container[1] at 0.003 [um], t= 5.309 [ps], E=511.000 [keV]
OPAL-X> * 17:41:46 Step   1348 container[2] at 0.003 [um], t= 5.309 [ps], E=511.000 [keV]
OPAL-X> * 17:41:46 Step   1349 container[0] at 1.592 [mm], t= 5.310 [ps], E=245.000 [MeV]
OPAL-X> * 17:41:46 Step   1349 container[1] at 0.003 [um], t= 5.310 [ps], E=511.000 [keV]
OPAL-X> * 17:41:46 Step   1349 container[2] at 0.003 [um], t= 5.310 [ps], E=511.000 [keV]
OPAL-X> * 17:41:46 Step   1350 container[0] at 1.592 [mm], t= 5.311 [ps], E=245.000 [MeV]
OPAL-X> * 17:41:46 Step   1350 container[1] at 0.003 [um], t= 5.311 [ps], E=511.000 [keV]
OPAL-X> * 17:41:46 Step   1350 container[2] at 0.003 [um], t= 5.311 [ps], E=511.000 [keV]
OPAL-X> * 17:41:46 Step   1351 container[0] at 1.592 [mm], t= 5.312 [ps], E=245.000 [MeV]
OPAL-X> * 17:41:46 Step   1351 container[1] at 0.003 [um], t= 5.312 [ps], E=511.000 [keV]
OPAL-X> * 17:41:46 Step   1351 container[2] at 0.003 [um], t= 5.312 [ps], E=511.000 [keV]
OPAL-X> * 17:41:46 Step   1352 container[0] at 1.593 [mm], t= 5.313 [ps], E=245.000 [MeV]
OPAL-X> * 17:41:46 Step   1352 container[1] at 0.003 [um], t= 5.313 [ps], E=511.000 [keV]
OPAL-X> * 17:41:46 Step   1352 container[2] at 0.003 [um], t= 5.313 [ps], E=511.000 [keV]
OPAL-X> * 17:41:46 Step   1353 container[0] at 1.593 [mm], t= 5.314 [ps], E=245.000 [MeV]
OPAL-X> * 17:41:46 Step   1353 container[1] at 0.003 [um], t= 5.314 [ps], E=511.000 [keV]
OPAL-X> * 17:41:46 Step   1353 container[2] at 0.003 [um], t= 5.314 [ps], E=511.000 [keV]
OPAL-X> * 17:41:46 Step   1354 container[0] at 1.593 [mm], t= 5.315 [ps], E=245.000 [MeV]
OPAL-X> * 17:41:46 Step   1354 container[1] at 0.003 [um], t= 5.315 [ps], E=511.000 [keV]
OPAL-X> * 17:41:46 Step   1354 container[2] at 0.003 [um], t= 5.315 [ps], E=511.000 [keV]
OPAL-X> * 17:41:46 Step   1355 container[0] at 1.594 [mm], t= 5.316 [ps], E=245.000 [MeV]
OPAL-X> * 17:41:46 Step   1355 container[1] at 0.003 [um], t= 5.316 [ps], E=511.000 [keV]
OPAL-X> * 17:41:46 Step   1355 container[2] at 0.003 [um], t= 5.316 [ps], E=511.000 [keV]
OPAL-X> * 17:41:46 Step   1356 container[0] at 1.594 [mm], t= 5.317 [ps], E=245.000 [MeV]
OPAL-X> * 17:41:46 Step   1356 container[1] at 0.003 [um], t= 5.317 [ps], E=511.000 [keV]
OPAL-X> * 17:41:46 Step   1356 container[2] at 0.003 [um], t= 5.317 [ps], E=511.000 [keV]
OPAL-X> * 17:41:46 Step   1357 container[0] at 1.594 [mm], t= 5.318 [ps], E=245.000 [MeV]
OPAL-X> * 17:41:46 Step   1357 container[1] at 0.003 [um], t= 5.318 [ps], E=511.000 [keV]
OPAL-X> * 17:41:46 Step   1357 container[2] at 0.003 [um], t= 5.318 [ps], E=511.000 [keV]
OPAL-X> * 17:41:46 Step   1358 container[0] at 1.595 [mm], t= 5.319 [ps], E=245.000 [MeV]
OPAL-X> * 17:41:46 Step   1358 container[1] at 0.003 [um], t= 5.319 [ps], E=511.000 [keV]
OPAL-X> * 17:41:46 Step   1358 container[2] at 0.003 [um], t= 5.319 [ps], E=511.000 [keV]
OPAL-X> * 17:41:46 Step   1359 container[0] at 1.595 [mm], t= 5.320 [ps], E=245.000 [MeV]
OPAL-X> * 17:41:46 Step   1359 container[1] at 0.003 [um], t= 5.320 [ps], E=511.000 [keV]
OPAL-X> * 17:41:46 Step   1359 container[2] at 0.003 [um], t= 5.320 [ps], E=511.000 [keV]
OPAL-X> * 17:41:46 Step   1360 container[0] at 1.595 [mm], t= 5.321 [ps], E=245.000 [MeV]
OPAL-X> * 17:41:46 Step   1360 container[1] at 0.003 [um], t= 5.321 [ps], E=511.000 [keV]
OPAL-X> * 17:41:46 Step   1360 container[2] at 0.003 [um], t= 5.321 [ps], E=511.000 [keV]
OPAL-X> * 17:41:46 Step   1361 container[0] at 1.595 [mm], t= 5.322 [ps], E=245.000 [MeV]
OPAL-X> * 17:41:46 Step   1361 container[1] at 0.003 [um], t= 5.322 [ps], E=511.000 [keV]
OPAL-X> * 17:41:46 Step   1361 container[2] at 0.003 [um], t= 5.322 [ps], E=511.000 [keV]
OPAL-X> * 17:41:46 Step   1362 container[0] at 1.596 [mm], t= 5.323 [ps], E=245.000 [MeV]
OPAL-X> * 17:41:46 Step   1362 container[1] at 0.003 [um], t= 5.323 [ps], E=511.000 [keV]
OPAL-X> * 17:41:46 Step   1362 container[2] at 0.003 [um], t= 5.323 [ps], E=511.000 [keV]
OPAL-X> * 17:41:46 Step   1363 container[0] at 1.596 [mm], t= 5.324 [ps], E=245.000 [MeV]
OPAL-X> * 17:41:46 Step   1363 container[1] at 0.003 [um], t= 5.324 [ps], E=511.000 [keV]
OPAL-X> * 17:41:46 Step   1363 container[2] at 0.003 [um], t= 5.324 [ps], E=511.000 [keV]
OPAL-X> * 17:41:46 Step   1364 container[0] at 1.596 [mm], t= 5.325 [ps], E=245.000 [MeV]
OPAL-X> * 17:41:46 Step   1364 container[1] at 0.003 [um], t= 5.325 [ps], E=511.000 [keV]
OPAL-X> * 17:41:46 Step   1364 container[2] at 0.003 [um], t= 5.325 [ps], E=511.000 [keV]
OPAL-X> * 17:41:46 Step   1365 container[0] at 1.597 [mm], t= 5.326 [ps], E=245.000 [MeV]
OPAL-X> * 17:41:46 Step   1365 container[1] at 0.003 [um], t= 5.326 [ps], E=511.000 [keV]
OPAL-X> * 17:41:46 Step   1365 container[2] at 0.003 [um], t= 5.326 [ps], E=511.000 [keV]
OPAL-X> * 17:41:46 Step   1366 container[0] at 1.597 [mm], t= 5.327 [ps], E=245.000 [MeV]
OPAL-X> * 17:41:46 Step   1366 container[1] at 0.003 [um], t= 5.327 [ps], E=511.000 [keV]
OPAL-X> * 17:41:46 Step   1366 container[2] at 0.003 [um], t= 5.327 [ps], E=511.000 [keV]
OPAL-X> * 17:41:46 Step   1367 container[0] at 1.597 [mm], t= 5.328 [ps], E=245.000 [MeV]
OPAL-X> * 17:41:46 Step   1367 container[1] at 0.003 [um], t= 5.328 [ps], E=511.000 [keV]
OPAL-X> * 17:41:46 Step   1367 container[2] at 0.003 [um], t= 5.328 [ps], E=511.000 [keV]
OPAL-X> * 17:41:46 Step   1368 container[0] at 1.598 [mm], t= 5.329 [ps], E=245.000 [MeV]
OPAL-X> * 17:41:46 Step   1368 container[1] at 0.003 [um], t= 5.329 [ps], E=511.000 [keV]
OPAL-X> * 17:41:46 Step   1368 container[2] at 0.003 [um], t= 5.329 [ps], E=511.000 [keV]
OPAL-X> * 17:41:46 Step   1369 container[0] at 1.598 [mm], t= 5.330 [ps], E=245.000 [MeV]
OPAL-X> * 17:41:46 Step   1369 container[1] at 0.003 [um], t= 5.330 [ps], E=511.000 [keV]
OPAL-X> * 17:41:46 Step   1369 container[2] at 0.003 [um], t= 5.330 [ps], E=511.000 [keV]
OPAL-X> * 17:41:46 Step   1370 container[0] at 1.598 [mm], t= 5.331 [ps], E=245.000 [MeV]
OPAL-X> * 17:41:46 Step   1370 container[1] at 0.003 [um], t= 5.331 [ps], E=511.000 [keV]
OPAL-X> * 17:41:46 Step   1370 container[2] at 0.003 [um], t= 5.331 [ps], E=511.000 [keV]
OPAL-X> * 17:41:46 Step   1371 container[0] at 1.598 [mm], t= 5.332 [ps], E=245.000 [MeV]
OPAL-X> * 17:41:46 Step   1371 container[1] at 0.003 [um], t= 5.332 [ps], E=511.000 [keV]
OPAL-X> * 17:41:46 Step   1371 container[2] at 0.003 [um], t= 5.332 [ps], E=511.000 [keV]
OPAL-X> * 17:41:46 Step   1372 container[0] at 1.599 [mm], t= 5.333 [ps], E=245.000 [MeV]
OPAL-X> * 17:41:46 Step   1372 container[1] at 0.003 [um], t= 5.333 [ps], E=511.000 [keV]
OPAL-X> * 17:41:46 Step   1372 container[2] at 0.003 [um], t= 5.333 [ps], E=511.000 [keV]
OPAL-X> * 17:41:46 Step   1373 container[0] at 1.599 [mm], t= 5.334 [ps], E=245.000 [MeV]
OPAL-X> * 17:41:46 Step   1373 container[1] at 0.003 [um], t= 5.334 [ps], E=511.000 [keV]
OPAL-X> * 17:41:46 Step   1373 container[2] at 0.003 [um], t= 5.334 [ps], E=511.000 [keV]
OPAL-X> * 17:41:46 Step   1374 container[0] at 1.599 [mm], t= 5.335 [ps], E=245.000 [MeV]
OPAL-X> * 17:41:46 Step   1374 container[1] at 0.003 [um], t= 5.335 [ps], E=511.000 [keV]
OPAL-X> * 17:41:46 Step   1374 container[2] at 0.003 [um], t= 5.335 [ps], E=511.000 [keV]
OPAL-X> * 17:41:46 Step   1375 container[0] at 1.600 [mm], t= 5.336 [ps], E=245.000 [MeV]
OPAL-X> * 17:41:46 Step   1375 container[1] at 0.003 [um], t= 5.336 [ps], E=511.000 [keV]
OPAL-X> * 17:41:46 Step   1375 container[2] at 0.003 [um], t= 5.336 [ps], E=511.000 [keV]
OPAL-X> * 17:41:46 Step   1376 container[0] at 1.600 [mm], t= 5.337 [ps], E=245.000 [MeV]
OPAL-X> * 17:41:46 Step   1376 container[1] at 0.003 [um], t= 5.337 [ps], E=511.000 [keV]
OPAL-X> * 17:41:46 Step   1376 container[2] at 0.003 [um], t= 5.337 [ps], E=511.000 [keV]
OPAL-X> * 17:41:46 Step   1377 container[0] at 1.600 [mm], t= 5.338 [ps], E=245.000 [MeV]
OPAL-X> * 17:41:46 Step   1377 container[1] at 0.003 [um], t= 5.338 [ps], E=511.000 [keV]
OPAL-X> * 17:41:46 Step   1377 container[2] at 0.003 [um], t= 5.338 [ps], E=511.000 [keV]
OPAL-X> * 17:41:46 Step   1378 container[0] at 1.601 [mm], t= 5.339 [ps], E=245.000 [MeV]
OPAL-X> * 17:41:46 Step   1378 container[1] at 0.003 [um], t= 5.339 [ps], E=511.000 [keV]
OPAL-X> * 17:41:46 Step   1378 container[2] at 0.003 [um], t= 5.339 [ps], E=511.000 [keV]
OPAL-X> * 17:41:46 Step   1379 container[0] at 1.601 [mm], t= 5.340 [ps], E=245.000 [MeV]
OPAL-X> * 17:41:46 Step   1379 container[1] at 0.003 [um], t= 5.340 [ps], E=511.000 [keV]
OPAL-X> * 17:41:46 Step   1379 container[2] at 0.003 [um], t= 5.340 [ps], E=511.000 [keV]
OPAL-X> * 17:41:46 Step   1380 container[0] at 1.601 [mm], t= 5.341 [ps], E=245.000 [MeV]
OPAL-X> * 17:41:46 Step   1380 container[1] at 0.003 [um], t= 5.341 [ps], E=511.000 [keV]
OPAL-X> * 17:41:46 Step   1380 container[2] at 0.003 [um], t= 5.341 [ps], E=511.000 [keV]
OPAL-X> * 17:41:46 Step   1381 container[0] at 1.601 [mm], t= 5.342 [ps], E=245.000 [MeV]
OPAL-X> * 17:41:46 Step   1381 container[1] at 0.003 [um], t= 5.342 [ps], E=511.000 [keV]
OPAL-X> * 17:41:46 Step   1381 container[2] at 0.003 [um], t= 5.342 [ps], E=511.000 [keV]
OPAL-X> * 17:41:47 Step   1382 container[0] at 1.602 [mm], t= 5.343 [ps], E=245.000 [MeV]
OPAL-X> * 17:41:47 Step   1382 container[1] at 0.003 [um], t= 5.343 [ps], E=511.000 [keV]
OPAL-X> * 17:41:47 Step   1382 container[2] at 0.003 [um], t= 5.343 [ps], E=511.000 [keV]
OPAL-X> * 17:41:47 Step   1383 container[0] at 1.602 [mm], t= 5.344 [ps], E=245.000 [MeV]
OPAL-X> * 17:41:47 Step   1383 container[1] at 0.003 [um], t= 5.344 [ps], E=511.000 [keV]
OPAL-X> * 17:41:47 Step   1383 container[2] at 0.003 [um], t= 5.344 [ps], E=511.000 [keV]
OPAL-X> * 17:41:47 Step   1384 container[0] at 1.602 [mm], t= 5.345 [ps], E=245.000 [MeV]
OPAL-X> * 17:41:47 Step   1384 container[1] at 0.003 [um], t= 5.345 [ps], E=511.000 [keV]
OPAL-X> * 17:41:47 Step   1384 container[2] at 0.003 [um], t= 5.345 [ps], E=511.000 [keV]
OPAL-X> * 17:41:47 Step   1385 container[0] at 1.603 [mm], t= 5.346 [ps], E=245.000 [MeV]
OPAL-X> * 17:41:47 Step   1385 container[1] at 0.003 [um], t= 5.346 [ps], E=511.000 [keV]
OPAL-X> * 17:41:47 Step   1385 container[2] at 0.003 [um], t= 5.346 [ps], E=511.000 [keV]
OPAL-X> * 17:41:47 Step   1386 container[0] at 1.603 [mm], t= 5.347 [ps], E=245.000 [MeV]
OPAL-X> * 17:41:47 Step   1386 container[1] at 0.003 [um], t= 5.347 [ps], E=511.000 [keV]
OPAL-X> * 17:41:47 Step   1386 container[2] at 0.003 [um], t= 5.347 [ps], E=511.000 [keV]
OPAL-X> * 17:41:47 Step   1387 container[0] at 1.603 [mm], t= 5.348 [ps], E=245.000 [MeV]
OPAL-X> * 17:41:47 Step   1387 container[1] at 0.003 [um], t= 5.348 [ps], E=511.000 [keV]
OPAL-X> * 17:41:47 Step   1387 container[2] at 0.003 [um], t= 5.348 [ps], E=511.000 [keV]
OPAL-X> * 17:41:47 Step   1388 container[0] at 1.604 [mm], t= 5.349 [ps], E=245.000 [MeV]
OPAL-X> * 17:41:47 Step   1388 container[1] at 0.003 [um], t= 5.349 [ps], E=511.000 [keV]
OPAL-X> * 17:41:47 Step   1388 container[2] at 0.003 [um], t= 5.349 [ps], E=511.000 [keV]
OPAL-X> * 17:41:47 Step   1389 container[0] at 1.604 [mm], t= 5.350 [ps], E=245.000 [MeV]
OPAL-X> * 17:41:47 Step   1389 container[1] at 0.003 [um], t= 5.350 [ps], E=511.000 [keV]
OPAL-X> * 17:41:47 Step   1389 container[2] at 0.003 [um], t= 5.350 [ps], E=511.000 [keV]
OPAL-X> * 17:41:47 Step   1390 container[0] at 1.604 [mm], t= 5.351 [ps], E=245.000 [MeV]
OPAL-X> * 17:41:47 Step   1390 container[1] at 0.003 [um], t= 5.351 [ps], E=511.000 [keV]
OPAL-X> * 17:41:47 Step   1390 container[2] at 0.003 [um], t= 5.351 [ps], E=511.000 [keV]
OPAL-X> * 17:41:47 Step   1391 container[0] at 1.604 [mm], t= 5.352 [ps], E=245.000 [MeV]
OPAL-X> * 17:41:47 Step   1391 container[1] at 0.003 [um], t= 5.352 [ps], E=511.000 [keV]
OPAL-X> * 17:41:47 Step   1391 container[2] at 0.003 [um], t= 5.352 [ps], E=511.000 [keV]
OPAL-X> * 17:41:47 Step   1392 container[0] at 1.605 [mm], t= 5.353 [ps], E=245.000 [MeV]
OPAL-X> * 17:41:47 Step   1392 container[1] at 0.003 [um], t= 5.353 [ps], E=511.000 [keV]
OPAL-X> * 17:41:47 Step   1392 container[2] at 0.003 [um], t= 5.353 [ps], E=511.000 [keV]
OPAL-X> * 17:41:47 Step   1393 container[0] at 1.605 [mm], t= 5.354 [ps], E=245.000 [MeV]
OPAL-X> * 17:41:47 Step   1393 container[1] at 0.003 [um], t= 5.354 [ps], E=511.000 [keV]
OPAL-X> * 17:41:47 Step   1393 container[2] at 0.003 [um], t= 5.354 [ps], E=511.000 [keV]
OPAL-X> * 17:41:47 Step   1394 container[0] at 1.605 [mm], t= 5.355 [ps], E=245.000 [MeV]
OPAL-X> * 17:41:47 Step   1394 container[1] at 0.003 [um], t= 5.355 [ps], E=511.000 [keV]
OPAL-X> * 17:41:47 Step   1394 container[2] at 0.003 [um], t= 5.355 [ps], E=511.000 [keV]
OPAL-X> * 17:41:47 Step   1395 container[0] at 1.606 [mm], t= 5.356 [ps], E=245.000 [MeV]
OPAL-X> * 17:41:47 Step   1395 container[1] at 0.003 [um], t= 5.356 [ps], E=511.000 [keV]
OPAL-X> * 17:41:47 Step   1395 container[2] at 0.003 [um], t= 5.356 [ps], E=511.000 [keV]
OPAL-X> * 17:41:47 Step   1396 container[0] at 1.606 [mm], t= 5.357 [ps], E=245.000 [MeV]
OPAL-X> * 17:41:47 Step   1396 container[1] at 0.003 [um], t= 5.357 [ps], E=511.000 [keV]
OPAL-X> * 17:41:47 Step   1396 container[2] at 0.003 [um], t= 5.357 [ps], E=511.000 [keV]
OPAL-X> * 17:41:47 Step   1397 container[0] at 1.606 [mm], t= 5.358 [ps], E=245.000 [MeV]
OPAL-X> * 17:41:47 Step   1397 container[1] at 0.003 [um], t= 5.358 [ps], E=511.000 [keV]
OPAL-X> * 17:41:47 Step   1397 container[2] at 0.003 [um], t= 5.358 [ps], E=511.000 [keV]
OPAL-X> * 17:41:47 Step   1398 container[0] at 1.607 [mm], t= 5.359 [ps], E=245.000 [MeV]
OPAL-X> * 17:41:47 Step   1398 container[1] at 0.003 [um], t= 5.359 [ps], E=511.000 [keV]
OPAL-X> * 17:41:47 Step   1398 container[2] at 0.003 [um], t= 5.359 [ps], E=511.000 [keV]
OPAL-X> * 17:41:47 Step   1399 container[0] at 1.607 [mm], t= 5.360 [ps], E=245.000 [MeV]
OPAL-X> * 17:41:47 Step   1399 container[1] at 0.003 [um], t= 5.360 [ps], E=511.000 [keV]
OPAL-X> * 17:41:47 Step   1399 container[2] at 0.003 [um], t= 5.360 [ps], E=511.000 [keV]
OPAL-X> * 17:41:47 Step   1400 container[0] at 1.607 [mm], t= 5.361 [ps], E=245.000 [MeV]
OPAL-X> * 17:41:47 Step   1400 container[1] at 0.003 [um], t= 5.361 [ps], E=511.000 [keV]
OPAL-X> * 17:41:47 Step   1400 container[2] at 0.003 [um], t= 5.361 [ps], E=511.000 [keV]
OPAL-X> * 17:41:47 Step   1401 container[0] at 1.607 [mm], t= 5.362 [ps], E=245.000 [MeV]
OPAL-X> * 17:41:47 Step   1401 container[1] at 0.003 [um], t= 5.362 [ps], E=511.000 [keV]
OPAL-X> * 17:41:47 Step   1401 container[2] at 0.003 [um], t= 5.362 [ps], E=511.000 [keV]
OPAL-X> * 17:41:47 Step   1402 container[0] at 1.608 [mm], t= 5.363 [ps], E=245.000 [MeV]
OPAL-X> * 17:41:47 Step   1402 container[1] at 0.003 [um], t= 5.363 [ps], E=511.000 [keV]
OPAL-X> * 17:41:47 Step   1402 container[2] at 0.003 [um], t= 5.363 [ps], E=511.000 [keV]
OPAL-X> * 17:41:47 Step   1403 container[0] at 1.608 [mm], t= 5.364 [ps], E=245.000 [MeV]
OPAL-X> * 17:41:47 Step   1403 container[1] at 0.003 [um], t= 5.364 [ps], E=511.000 [keV]
OPAL-X> * 17:41:47 Step   1403 container[2] at 0.003 [um], t= 5.364 [ps], E=511.000 [keV]
OPAL-X> * 17:41:47 Step   1404 container[0] at 1.608 [mm], t= 5.365 [ps], E=245.000 [MeV]
OPAL-X> * 17:41:47 Step   1404 container[1] at 0.003 [um], t= 5.365 [ps], E=511.000 [keV]
OPAL-X> * 17:41:47 Step   1404 container[2] at 0.003 [um], t= 5.365 [ps], E=511.000 [keV]
OPAL-X> * 17:41:47 Step   1405 container[0] at 1.609 [mm], t= 5.366 [ps], E=245.000 [MeV]
OPAL-X> * 17:41:47 Step   1405 container[1] at 0.003 [um], t= 5.366 [ps], E=511.000 [keV]
OPAL-X> * 17:41:47 Step   1405 container[2] at 0.003 [um], t= 5.366 [ps], E=511.000 [keV]
OPAL-X> * 17:41:47 Step   1406 container[0] at 1.609 [mm], t= 5.367 [ps], E=245.000 [MeV]
OPAL-X> * 17:41:47 Step   1406 container[1] at 0.003 [um], t= 5.367 [ps], E=511.000 [keV]
OPAL-X> * 17:41:47 Step   1406 container[2] at 0.003 [um], t= 5.367 [ps], E=511.000 [keV]
OPAL-X> * 17:41:47 Step   1407 container[0] at 1.609 [mm], t= 5.368 [ps], E=245.000 [MeV]
OPAL-X> * 17:41:47 Step   1407 container[1] at 0.003 [um], t= 5.368 [ps], E=511.000 [keV]
OPAL-X> * 17:41:47 Step   1407 container[2] at 0.003 [um], t= 5.368 [ps], E=511.000 [keV]
OPAL-X> * 17:41:47 Step   1408 container[0] at 1.610 [mm], t= 5.369 [ps], E=245.000 [MeV]
OPAL-X> * 17:41:47 Step   1408 container[1] at 0.003 [um], t= 5.369 [ps], E=511.000 [keV]
OPAL-X> * 17:41:47 Step   1408 container[2] at 0.003 [um], t= 5.369 [ps], E=511.000 [keV]
OPAL-X> * 17:41:47 Step   1409 container[0] at 1.610 [mm], t= 5.370 [ps], E=245.000 [MeV]
OPAL-X> * 17:41:47 Step   1409 container[1] at 0.003 [um], t= 5.370 [ps], E=511.000 [keV]
OPAL-X> * 17:41:47 Step   1409 container[2] at 0.003 [um], t= 5.370 [ps], E=511.000 [keV]
OPAL-X> * 17:41:47 Step   1410 container[0] at 1.610 [mm], t= 5.371 [ps], E=245.000 [MeV]
OPAL-X> * 17:41:47 Step   1410 container[1] at 0.003 [um], t= 5.371 [ps], E=511.000 [keV]
OPAL-X> * 17:41:47 Step   1410 container[2] at 0.003 [um], t= 5.371 [ps], E=511.000 [keV]
OPAL-X> * 17:41:47 Step   1411 container[0] at 1.610 [mm], t= 5.372 [ps], E=245.000 [MeV]
OPAL-X> * 17:41:47 Step   1411 container[1] at 0.003 [um], t= 5.372 [ps], E=511.000 [keV]
OPAL-X> * 17:41:47 Step   1411 container[2] at 0.003 [um], t= 5.372 [ps], E=511.000 [keV]
OPAL-X> * 17:41:47 Step   1412 container[0] at 1.611 [mm], t= 5.373 [ps], E=245.000 [MeV]
OPAL-X> * 17:41:47 Step   1412 container[1] at 0.003 [um], t= 5.373 [ps], E=511.000 [keV]
OPAL-X> * 17:41:47 Step   1412 container[2] at 0.003 [um], t= 5.373 [ps], E=511.000 [keV]
OPAL-X> * 17:41:47 Step   1413 container[0] at 1.611 [mm], t= 5.374 [ps], E=245.000 [MeV]
OPAL-X> * 17:41:47 Step   1413 container[1] at 0.003 [um], t= 5.374 [ps], E=511.000 [keV]
OPAL-X> * 17:41:47 Step   1413 container[2] at 0.003 [um], t= 5.374 [ps], E=511.000 [keV]
OPAL-X> * 17:41:47 Step   1414 container[0] at 1.611 [mm], t= 5.375 [ps], E=245.000 [MeV]
OPAL-X> * 17:41:47 Step   1414 container[1] at 0.003 [um], t= 5.375 [ps], E=511.000 [keV]
OPAL-X> * 17:41:47 Step   1414 container[2] at 0.003 [um], t= 5.375 [ps], E=511.000 [keV]
OPAL-X> * 17:41:47 Step   1415 container[0] at 1.612 [mm], t= 5.376 [ps], E=245.000 [MeV]
OPAL-X> * 17:41:47 Step   1415 container[1] at 0.003 [um], t= 5.376 [ps], E=511.000 [keV]
OPAL-X> * 17:41:47 Step   1415 container[2] at 0.003 [um], t= 5.376 [ps], E=511.000 [keV]
OPAL-X> * 17:41:47 Step   1416 container[0] at 1.612 [mm], t= 5.377 [ps], E=245.000 [MeV]
OPAL-X> * 17:41:47 Step   1416 container[1] at 0.003 [um], t= 5.377 [ps], E=511.000 [keV]
OPAL-X> * 17:41:47 Step   1416 container[2] at 0.003 [um], t= 5.377 [ps], E=511.000 [keV]
OPAL-X> * 17:41:47 Step   1417 container[0] at 1.612 [mm], t= 5.378 [ps], E=245.000 [MeV]
OPAL-X> * 17:41:47 Step   1417 container[1] at 0.003 [um], t= 5.378 [ps], E=511.000 [keV]
OPAL-X> * 17:41:47 Step   1417 container[2] at 0.003 [um], t= 5.378 [ps], E=511.000 [keV]
OPAL-X> * 17:41:47 Step   1418 container[0] at 1.613 [mm], t= 5.379 [ps], E=245.000 [MeV]
OPAL-X> * 17:41:47 Step   1418 container[1] at 0.003 [um], t= 5.379 [ps], E=511.000 [keV]
OPAL-X> * 17:41:47 Step   1418 container[2] at 0.003 [um], t= 5.379 [ps], E=511.000 [keV]
OPAL-X> * 17:41:47 Step   1419 container[0] at 1.613 [mm], t= 5.380 [ps], E=245.000 [MeV]
OPAL-X> * 17:41:47 Step   1419 container[1] at 0.003 [um], t= 5.380 [ps], E=511.000 [keV]
OPAL-X> * 17:41:47 Step   1419 container[2] at 0.003 [um], t= 5.380 [ps], E=511.000 [keV]
OPAL-X> * 17:41:47 Step   1420 container[0] at 1.613 [mm], t= 5.381 [ps], E=245.000 [MeV]
OPAL-X> * 17:41:47 Step   1420 container[1] at 0.003 [um], t= 5.381 [ps], E=511.000 [keV]
OPAL-X> * 17:41:47 Step   1420 container[2] at 0.003 [um], t= 5.381 [ps], E=511.000 [keV]
OPAL-X> * 17:41:47 Step   1421 container[0] at 1.613 [mm], t= 5.382 [ps], E=245.000 [MeV]
OPAL-X> * 17:41:47 Step   1421 container[1] at 0.003 [um], t= 5.382 [ps], E=511.001 [keV]
OPAL-X> * 17:41:47 Step   1421 container[2] at 0.003 [um], t= 5.382 [ps], E=511.000 [keV]
OPAL-X> * 17:41:47 Step   1422 container[0] at 1.614 [mm], t= 5.383 [ps], E=245.000 [MeV]
OPAL-X> * 17:41:47 Step   1422 container[1] at 0.003 [um], t= 5.383 [ps], E=511.001 [keV]
OPAL-X> * 17:41:47 Step   1422 container[2] at 0.003 [um], t= 5.383 [ps], E=511.000 [keV]
OPAL-X> * 17:41:47 Step   1423 container[0] at 1.614 [mm], t= 5.384 [ps], E=245.000 [MeV]
OPAL-X> * 17:41:47 Step   1423 container[1] at 0.003 [um], t= 5.384 [ps], E=511.001 [keV]
OPAL-X> * 17:41:47 Step   1423 container[2] at 0.003 [um], t= 5.384 [ps], E=511.000 [keV]
OPAL-X> * 17:41:47 Step   1424 container[0] at 1.614 [mm], t= 5.385 [ps], E=245.000 [MeV]
OPAL-X> * 17:41:47 Step   1424 container[1] at 0.003 [um], t= 5.385 [ps], E=511.001 [keV]
OPAL-X> * 17:41:47 Step   1424 container[2] at 0.003 [um], t= 5.385 [ps], E=511.000 [keV]
OPAL-X> * 17:41:47 Step   1425 container[0] at 1.615 [mm], t= 5.386 [ps], E=245.000 [MeV]
OPAL-X> * 17:41:47 Step   1425 container[1] at 0.003 [um], t= 5.386 [ps], E=511.001 [keV]
OPAL-X> * 17:41:47 Step   1425 container[2] at 0.003 [um], t= 5.386 [ps], E=511.000 [keV]
OPAL-X> * 17:41:47 Step   1426 container[0] at 1.615 [mm], t= 5.387 [ps], E=245.000 [MeV]
OPAL-X> * 17:41:47 Step   1426 container[1] at 0.003 [um], t= 5.387 [ps], E=511.001 [keV]
OPAL-X> * 17:41:47 Step   1426 container[2] at 0.003 [um], t= 5.387 [ps], E=511.000 [keV]
OPAL-X> * 17:41:47 Step   1427 container[0] at 1.615 [mm], t= 5.388 [ps], E=245.000 [MeV]
OPAL-X> * 17:41:47 Step   1427 container[1] at 0.003 [um], t= 5.388 [ps], E=511.001 [keV]
OPAL-X> * 17:41:47 Step   1427 container[2] at 0.003 [um], t= 5.388 [ps], E=511.000 [keV]
OPAL-X> * 17:41:47 Step   1428 container[0] at 1.616 [mm], t= 5.389 [ps], E=245.000 [MeV]
OPAL-X> * 17:41:47 Step   1428 container[1] at 0.003 [um], t= 5.389 [ps], E=511.001 [keV]
OPAL-X> * 17:41:47 Step   1428 container[2] at 0.003 [um], t= 5.389 [ps], E=511.000 [keV]
OPAL-X> * 17:41:47 Step   1429 container[0] at 1.616 [mm], t= 5.390 [ps], E=245.000 [MeV]
OPAL-X> * 17:41:47 Step   1429 container[1] at 0.003 [um], t= 5.390 [ps], E=511.001 [keV]
OPAL-X> * 17:41:47 Step   1429 container[2] at 0.003 [um], t= 5.390 [ps], E=511.000 [keV]
OPAL-X> * 17:41:47 Step   1430 container[0] at 1.616 [mm], t= 5.391 [ps], E=245.000 [MeV]
OPAL-X> * 17:41:47 Step   1430 container[1] at 0.003 [um], t= 5.391 [ps], E=511.001 [keV]
OPAL-X> * 17:41:47 Step   1430 container[2] at 0.003 [um], t= 5.391 [ps], E=511.000 [keV]
OPAL-X> * 17:41:47 Step   1431 container[0] at 1.616 [mm], t= 5.392 [ps], E=245.000 [MeV]
OPAL-X> * 17:41:47 Step   1431 container[1] at 0.003 [um], t= 5.392 [ps], E=511.001 [keV]
OPAL-X> * 17:41:47 Step   1431 container[2] at 0.003 [um], t= 5.392 [ps], E=511.000 [keV]
OPAL-X> * 17:41:47 Step   1432 container[0] at 1.617 [mm], t= 5.393 [ps], E=245.000 [MeV]
OPAL-X> * 17:41:47 Step   1432 container[1] at 0.003 [um], t= 5.393 [ps], E=511.001 [keV]
OPAL-X> * 17:41:47 Step   1432 container[2] at 0.003 [um], t= 5.393 [ps], E=511.000 [keV]
OPAL-X> * 17:41:47 Step   1433 container[0] at 1.617 [mm], t= 5.394 [ps], E=245.000 [MeV]
OPAL-X> * 17:41:47 Step   1433 container[1] at 0.003 [um], t= 5.394 [ps], E=511.001 [keV]
OPAL-X> * 17:41:47 Step   1433 container[2] at 0.003 [um], t= 5.394 [ps], E=511.000 [keV]
OPAL-X> * 17:41:47 Step   1434 container[0] at 1.617 [mm], t= 5.395 [ps], E=245.000 [MeV]
OPAL-X> * 17:41:47 Step   1434 container[1] at 0.003 [um], t= 5.395 [ps], E=511.001 [keV]
OPAL-X> * 17:41:47 Step   1434 container[2] at 0.003 [um], t= 5.395 [ps], E=511.000 [keV]
OPAL-X> * 17:41:47 Step   1435 container[0] at 1.618 [mm], t= 5.396 [ps], E=245.000 [MeV]
OPAL-X> * 17:41:47 Step   1435 container[1] at 0.003 [um], t= 5.396 [ps], E=511.001 [keV]
OPAL-X> * 17:41:47 Step   1435 container[2] at 0.003 [um], t= 5.396 [ps], E=511.000 [keV]
OPAL-X> * 17:41:47 Step   1436 container[0] at 1.618 [mm], t= 5.397 [ps], E=245.000 [MeV]
OPAL-X> * 17:41:47 Step   1436 container[1] at 0.003 [um], t= 5.397 [ps], E=511.001 [keV]
OPAL-X> * 17:41:47 Step   1436 container[2] at 0.003 [um], t= 5.397 [ps], E=511.000 [keV]
OPAL-X> * 17:41:48 Step   1437 container[0] at 1.618 [mm], t= 5.398 [ps], E=245.000 [MeV]
OPAL-X> * 17:41:48 Step   1437 container[1] at 0.003 [um], t= 5.398 [ps], E=511.001 [keV]
OPAL-X> * 17:41:48 Step   1437 container[2] at 0.003 [um], t= 5.398 [ps], E=511.000 [keV]
OPAL-X> * 17:41:48 Step   1438 container[0] at 1.619 [mm], t= 5.399 [ps], E=245.000 [MeV]
OPAL-X> * 17:41:48 Step   1438 container[1] at 0.003 [um], t= 5.399 [ps], E=511.001 [keV]
OPAL-X> * 17:41:48 Step   1438 container[2] at 0.003 [um], t= 5.399 [ps], E=511.000 [keV]
OPAL-X> * 17:41:48 Step   1439 container[0] at 1.619 [mm], t= 5.400 [ps], E=245.000 [MeV]
OPAL-X> * 17:41:48 Step   1439 container[1] at 0.003 [um], t= 5.400 [ps], E=511.001 [keV]
OPAL-X> * 17:41:48 Step   1439 container[2] at 0.003 [um], t= 5.400 [ps], E=511.000 [keV]
OPAL-X> * 17:41:48 Step   1440 container[0] at 1.619 [mm], t= 5.401 [ps], E=245.000 [MeV]
OPAL-X> * 17:41:48 Step   1440 container[1] at 0.003 [um], t= 5.401 [ps], E=511.001 [keV]
OPAL-X> * 17:41:48 Step   1440 container[2] at 0.003 [um], t= 5.401 [ps], E=511.000 [keV]
OPAL-X> * 17:41:48 Step   1441 container[0] at 1.619 [mm], t= 5.402 [ps], E=245.000 [MeV]
OPAL-X> * 17:41:48 Step   1441 container[1] at 0.003 [um], t= 5.402 [ps], E=511.001 [keV]
OPAL-X> * 17:41:48 Step   1441 container[2] at 0.003 [um], t= 5.402 [ps], E=511.000 [keV]
OPAL-X> * 17:41:48 Step   1442 container[0] at 1.620 [mm], t= 5.403 [ps], E=245.000 [MeV]
OPAL-X> * 17:41:48 Step   1442 container[1] at 0.003 [um], t= 5.403 [ps], E=511.001 [keV]
OPAL-X> * 17:41:48 Step   1442 container[2] at 0.003 [um], t= 5.403 [ps], E=511.000 [keV]
OPAL-X> * 17:41:48 Step   1443 container[0] at 1.620 [mm], t= 5.404 [ps], E=245.000 [MeV]
OPAL-X> * 17:41:48 Step   1443 container[1] at 0.003 [um], t= 5.404 [ps], E=511.001 [keV]
OPAL-X> * 17:41:48 Step   1443 container[2] at 0.003 [um], t= 5.404 [ps], E=511.000 [keV]
OPAL-X> * 17:41:48 Step   1444 container[0] at 1.620 [mm], t= 5.405 [ps], E=245.000 [MeV]
OPAL-X> * 17:41:48 Step   1444 container[1] at 0.003 [um], t= 5.405 [ps], E=511.001 [keV]
OPAL-X> * 17:41:48 Step   1444 container[2] at 0.003 [um], t= 5.405 [ps], E=511.000 [keV]
OPAL-X> * 17:41:48 Step   1445 container[0] at 1.621 [mm], t= 5.406 [ps], E=245.000 [MeV]
OPAL-X> * 17:41:48 Step   1445 container[1] at 0.003 [um], t= 5.406 [ps], E=511.001 [keV]
OPAL-X> * 17:41:48 Step   1445 container[2] at 0.003 [um], t= 5.406 [ps], E=511.000 [keV]
OPAL-X> * 17:41:48 Step   1446 container[0] at 1.621 [mm], t= 5.407 [ps], E=245.000 [MeV]
OPAL-X> * 17:41:48 Step   1446 container[1] at 0.003 [um], t= 5.407 [ps], E=511.001 [keV]
OPAL-X> * 17:41:48 Step   1446 container[2] at 0.003 [um], t= 5.407 [ps], E=511.000 [keV]
OPAL-X> * 17:41:48 Step   1447 container[0] at 1.621 [mm], t= 5.408 [ps], E=245.000 [MeV]
OPAL-X> * 17:41:48 Step   1447 container[1] at 0.003 [um], t= 5.408 [ps], E=511.001 [keV]
OPAL-X> * 17:41:48 Step   1447 container[2] at 0.003 [um], t= 5.408 [ps], E=511.000 [keV]
OPAL-X> * 17:41:48 Step   1448 container[0] at 1.622 [mm], t= 5.409 [ps], E=245.000 [MeV]
OPAL-X> * 17:41:48 Step   1448 container[1] at 0.003 [um], t= 5.409 [ps], E=511.001 [keV]
OPAL-X> * 17:41:48 Step   1448 container[2] at 0.003 [um], t= 5.409 [ps], E=511.000 [keV]
OPAL-X> * 17:41:48 Step   1449 container[0] at 1.622 [mm], t= 5.410 [ps], E=245.000 [MeV]
OPAL-X> * 17:41:48 Step   1449 container[1] at 0.003 [um], t= 5.410 [ps], E=511.001 [keV]
OPAL-X> * 17:41:48 Step   1449 container[2] at 0.003 [um], t= 5.410 [ps], E=511.000 [keV]
OPAL-X> * 17:41:48 Step   1450 container[0] at 1.622 [mm], t= 5.411 [ps], E=245.000 [MeV]
OPAL-X> * 17:41:48 Step   1450 container[1] at 0.003 [um], t= 5.411 [ps], E=511.001 [keV]
OPAL-X> * 17:41:48 Step   1450 container[2] at 0.003 [um], t= 5.411 [ps], E=511.000 [keV]
OPAL-X> * 17:41:48 Step   1451 container[0] at 1.622 [mm], t= 5.412 [ps], E=245.000 [MeV]
OPAL-X> * 17:41:48 Step   1451 container[1] at 0.003 [um], t= 5.412 [ps], E=511.001 [keV]
OPAL-X> * 17:41:48 Step   1451 container[2] at 0.003 [um], t= 5.412 [ps], E=511.000 [keV]
OPAL-X> * 17:41:48 Step   1452 container[0] at 1.623 [mm], t= 5.413 [ps], E=245.000 [MeV]
OPAL-X> * 17:41:48 Step   1452 container[1] at 0.003 [um], t= 5.413 [ps], E=511.001 [keV]
OPAL-X> * 17:41:48 Step   1452 container[2] at 0.003 [um], t= 5.413 [ps], E=511.000 [keV]
OPAL-X> * 17:41:48 Step   1453 container[0] at 1.623 [mm], t= 5.414 [ps], E=245.000 [MeV]
OPAL-X> * 17:41:48 Step   1453 container[1] at 0.003 [um], t= 5.414 [ps], E=511.001 [keV]
OPAL-X> * 17:41:48 Step   1453 container[2] at 0.003 [um], t= 5.414 [ps], E=511.000 [keV]
OPAL-X> * 17:41:48 Step   1454 container[0] at 1.623 [mm], t= 5.415 [ps], E=245.000 [MeV]
OPAL-X> * 17:41:48 Step   1454 container[1] at 0.003 [um], t= 5.415 [ps], E=511.001 [keV]
OPAL-X> * 17:41:48 Step   1454 container[2] at 0.003 [um], t= 5.415 [ps], E=511.000 [keV]
OPAL-X> * 17:41:48 Step   1455 container[0] at 1.624 [mm], t= 5.416 [ps], E=245.000 [MeV]
OPAL-X> * 17:41:48 Step   1455 container[1] at 0.003 [um], t= 5.416 [ps], E=511.001 [keV]
OPAL-X> * 17:41:48 Step   1455 container[2] at 0.003 [um], t= 5.416 [ps], E=511.000 [keV]
OPAL-X> * 17:41:48 Step   1456 container[0] at 1.624 [mm], t= 5.417 [ps], E=245.000 [MeV]
OPAL-X> * 17:41:48 Step   1456 container[1] at 0.003 [um], t= 5.417 [ps], E=511.001 [keV]
OPAL-X> * 17:41:48 Step   1456 container[2] at 0.003 [um], t= 5.417 [ps], E=511.000 [keV]
OPAL-X> * 17:41:48 Step   1457 container[0] at 1.624 [mm], t= 5.418 [ps], E=245.000 [MeV]
OPAL-X> * 17:41:48 Step   1457 container[1] at 0.003 [um], t= 5.418 [ps], E=511.001 [keV]
OPAL-X> * 17:41:48 Step   1457 container[2] at 0.003 [um], t= 5.418 [ps], E=511.000 [keV]
OPAL-X> * 17:41:48 Step   1458 container[0] at 1.625 [mm], t= 5.419 [ps], E=245.000 [MeV]
OPAL-X> * 17:41:48 Step   1458 container[1] at 0.003 [um], t= 5.419 [ps], E=511.001 [keV]
OPAL-X> * 17:41:48 Step   1458 container[2] at 0.003 [um], t= 5.419 [ps], E=511.000 [keV]
OPAL-X> * 17:41:48 Step   1459 container[0] at 1.625 [mm], t= 5.420 [ps], E=245.000 [MeV]
OPAL-X> * 17:41:48 Step   1459 container[1] at 0.003 [um], t= 5.420 [ps], E=511.001 [keV]
OPAL-X> * 17:41:48 Step   1459 container[2] at 0.003 [um], t= 5.420 [ps], E=511.000 [keV]
OPAL-X> * 17:41:48 Step   1460 container[0] at 1.625 [mm], t= 5.421 [ps], E=245.000 [MeV]
OPAL-X> * 17:41:48 Step   1460 container[1] at 0.003 [um], t= 5.421 [ps], E=511.001 [keV]
OPAL-X> * 17:41:48 Step   1460 container[2] at 0.003 [um], t= 5.421 [ps], E=511.000 [keV]
OPAL-X> * 17:41:48 Step   1461 container[0] at 1.625 [mm], t= 5.422 [ps], E=245.000 [MeV]
OPAL-X> * 17:41:48 Step   1461 container[1] at 0.003 [um], t= 5.422 [ps], E=511.001 [keV]
OPAL-X> * 17:41:48 Step   1461 container[2] at 0.003 [um], t= 5.422 [ps], E=511.000 [keV]
OPAL-X> * 17:41:48 Step   1462 container[0] at 1.626 [mm], t= 5.423 [ps], E=245.000 [MeV]
OPAL-X> * 17:41:48 Step   1462 container[1] at 0.003 [um], t= 5.423 [ps], E=511.001 [keV]
OPAL-X> * 17:41:48 Step   1462 container[2] at 0.003 [um], t= 5.423 [ps], E=511.000 [keV]
OPAL-X> * 17:41:48 Step   1463 container[0] at 1.626 [mm], t= 5.424 [ps], E=245.000 [MeV]
OPAL-X> * 17:41:48 Step   1463 container[1] at 0.003 [um], t= 5.424 [ps], E=511.001 [keV]
OPAL-X> * 17:41:48 Step   1463 container[2] at 0.003 [um], t= 5.424 [ps], E=511.000 [keV]
OPAL-X> * 17:41:48 Step   1464 container[0] at 1.626 [mm], t= 5.425 [ps], E=245.000 [MeV]
OPAL-X> * 17:41:48 Step   1464 container[1] at 0.003 [um], t= 5.425 [ps], E=511.001 [keV]
OPAL-X> * 17:41:48 Step   1464 container[2] at 0.003 [um], t= 5.425 [ps], E=511.000 [keV]
OPAL-X> * 17:41:48 Step   1465 container[0] at 1.627 [mm], t= 5.426 [ps], E=245.000 [MeV]
OPAL-X> * 17:41:48 Step   1465 container[1] at 0.003 [um], t= 5.426 [ps], E=511.001 [keV]
OPAL-X> * 17:41:48 Step   1465 container[2] at 0.003 [um], t= 5.426 [ps], E=511.000 [keV]
OPAL-X> * 17:41:48 Step   1466 container[0] at 1.627 [mm], t= 5.427 [ps], E=245.000 [MeV]
OPAL-X> * 17:41:48 Step   1466 container[1] at 0.003 [um], t= 5.427 [ps], E=511.001 [keV]
OPAL-X> * 17:41:48 Step   1466 container[2] at 0.003 [um], t= 5.427 [ps], E=511.000 [keV]
OPAL-X> * 17:41:48 Step   1467 container[0] at 1.627 [mm], t= 5.428 [ps], E=245.000 [MeV]
OPAL-X> * 17:41:48 Step   1467 container[1] at 0.003 [um], t= 5.428 [ps], E=511.001 [keV]
OPAL-X> * 17:41:48 Step   1467 container[2] at 0.003 [um], t= 5.428 [ps], E=511.000 [keV]
OPAL-X> * 17:41:48 Step   1468 container[0] at 1.628 [mm], t= 5.429 [ps], E=245.000 [MeV]
OPAL-X> * 17:41:48 Step   1468 container[1] at 0.003 [um], t= 5.429 [ps], E=511.001 [keV]
OPAL-X> * 17:41:48 Step   1468 container[2] at 0.003 [um], t= 5.429 [ps], E=511.000 [keV]
OPAL-X> * 17:41:48 Step   1469 container[0] at 1.628 [mm], t= 5.430 [ps], E=245.000 [MeV]
OPAL-X> * 17:41:48 Step   1469 container[1] at 0.003 [um], t= 5.430 [ps], E=511.001 [keV]
OPAL-X> * 17:41:48 Step   1469 container[2] at 0.003 [um], t= 5.430 [ps], E=511.000 [keV]
OPAL-X> * 17:41:48 Step   1470 container[0] at 1.628 [mm], t= 5.431 [ps], E=245.000 [MeV]
OPAL-X> * 17:41:48 Step   1470 container[1] at 0.003 [um], t= 5.431 [ps], E=511.001 [keV]
OPAL-X> * 17:41:48 Step   1470 container[2] at 0.003 [um], t= 5.431 [ps], E=511.000 [keV]
OPAL-X> * 17:41:48 Step   1471 container[0] at 1.628 [mm], t= 5.432 [ps], E=245.000 [MeV]
OPAL-X> * 17:41:48 Step   1471 container[1] at 0.003 [um], t= 5.432 [ps], E=511.001 [keV]
OPAL-X> * 17:41:48 Step   1471 container[2] at 0.003 [um], t= 5.432 [ps], E=511.000 [keV]
OPAL-X> * 17:41:48 Step   1472 container[0] at 1.629 [mm], t= 5.433 [ps], E=245.000 [MeV]
OPAL-X> * 17:41:48 Step   1472 container[1] at 0.003 [um], t= 5.433 [ps], E=511.001 [keV]
OPAL-X> * 17:41:48 Step   1472 container[2] at 0.003 [um], t= 5.433 [ps], E=511.000 [keV]
OPAL-X> * 17:41:48 Step   1473 container[0] at 1.629 [mm], t= 5.434 [ps], E=245.000 [MeV]
OPAL-X> * 17:41:48 Step   1473 container[1] at 0.003 [um], t= 5.434 [ps], E=511.001 [keV]
OPAL-X> * 17:41:48 Step   1473 container[2] at 0.003 [um], t= 5.434 [ps], E=511.000 [keV]
OPAL-X> * 17:41:48 Step   1474 container[0] at 1.629 [mm], t= 5.435 [ps], E=245.000 [MeV]
OPAL-X> * 17:41:48 Step   1474 container[1] at 0.003 [um], t= 5.435 [ps], E=511.001 [keV]
OPAL-X> * 17:41:48 Step   1474 container[2] at 0.003 [um], t= 5.435 [ps], E=511.000 [keV]
OPAL-X> * 17:41:48 Step   1475 container[0] at 1.630 [mm], t= 5.436 [ps], E=245.000 [MeV]
OPAL-X> * 17:41:48 Step   1475 container[1] at 0.003 [um], t= 5.436 [ps], E=511.001 [keV]
OPAL-X> * 17:41:48 Step   1475 container[2] at 0.003 [um], t= 5.436 [ps], E=511.000 [keV]
OPAL-X> * 17:41:48 Step   1476 container[0] at 1.630 [mm], t= 5.437 [ps], E=245.000 [MeV]
OPAL-X> * 17:41:48 Step   1476 container[1] at 0.003 [um], t= 5.437 [ps], E=511.001 [keV]
OPAL-X> * 17:41:48 Step   1476 container[2] at 0.003 [um], t= 5.437 [ps], E=511.000 [keV]
OPAL-X> * 17:41:48 Step   1477 container[0] at 1.630 [mm], t= 5.438 [ps], E=245.000 [MeV]
OPAL-X> * 17:41:48 Step   1477 container[1] at 0.003 [um], t= 5.438 [ps], E=511.001 [keV]
OPAL-X> * 17:41:48 Step   1477 container[2] at 0.003 [um], t= 5.438 [ps], E=511.000 [keV]
OPAL-X> * 17:41:48 Step   1478 container[0] at 1.631 [mm], t= 5.439 [ps], E=245.000 [MeV]
OPAL-X> * 17:41:48 Step   1478 container[1] at 0.003 [um], t= 5.439 [ps], E=511.001 [keV]
OPAL-X> * 17:41:48 Step   1478 container[2] at 0.003 [um], t= 5.439 [ps], E=511.000 [keV]
OPAL-X> * 17:41:48 Step   1479 container[0] at 1.631 [mm], t= 5.440 [ps], E=245.000 [MeV]
OPAL-X> * 17:41:48 Step   1479 container[1] at 0.003 [um], t= 5.440 [ps], E=511.001 [keV]
OPAL-X> * 17:41:48 Step   1479 container[2] at 0.003 [um], t= 5.440 [ps], E=511.000 [keV]
OPAL-X> * 17:41:48 Step   1480 container[0] at 1.631 [mm], t= 5.441 [ps], E=245.000 [MeV]
OPAL-X> * 17:41:48 Step   1480 container[1] at 0.003 [um], t= 5.441 [ps], E=511.001 [keV]
OPAL-X> * 17:41:48 Step   1480 container[2] at 0.003 [um], t= 5.441 [ps], E=511.000 [keV]
OPAL-X> * 17:41:48 Step   1481 container[0] at 1.631 [mm], t= 5.442 [ps], E=245.000 [MeV]
OPAL-X> * 17:41:48 Step   1481 container[1] at 0.003 [um], t= 5.442 [ps], E=511.001 [keV]
OPAL-X> * 17:41:48 Step   1481 container[2] at 0.003 [um], t= 5.442 [ps], E=511.000 [keV]
OPAL-X> * 17:41:48 Step   1482 container[0] at 1.632 [mm], t= 5.443 [ps], E=245.000 [MeV]
OPAL-X> * 17:41:48 Step   1482 container[1] at 0.003 [um], t= 5.443 [ps], E=511.001 [keV]
OPAL-X> * 17:41:48 Step   1482 container[2] at 0.003 [um], t= 5.443 [ps], E=511.000 [keV]
OPAL-X> * 17:41:48 Step   1483 container[0] at 1.632 [mm], t= 5.444 [ps], E=245.000 [MeV]
OPAL-X> * 17:41:48 Step   1483 container[1] at 0.003 [um], t= 5.444 [ps], E=511.001 [keV]
OPAL-X> * 17:41:48 Step   1483 container[2] at 0.003 [um], t= 5.444 [ps], E=511.000 [keV]
OPAL-X> * 17:41:48 Step   1484 container[0] at 1.632 [mm], t= 5.445 [ps], E=245.000 [MeV]
OPAL-X> * 17:41:48 Step   1484 container[1] at 0.003 [um], t= 5.445 [ps], E=511.001 [keV]
OPAL-X> * 17:41:48 Step   1484 container[2] at 0.003 [um], t= 5.445 [ps], E=511.000 [keV]
OPAL-X> * 17:41:48 Step   1485 container[0] at 1.633 [mm], t= 5.446 [ps], E=245.000 [MeV]
OPAL-X> * 17:41:48 Step   1485 container[1] at 0.003 [um], t= 5.446 [ps], E=511.001 [keV]
OPAL-X> * 17:41:48 Step   1485 container[2] at 0.003 [um], t= 5.446 [ps], E=511.000 [keV]
OPAL-X> * 17:41:48 Step   1486 container[0] at 1.633 [mm], t= 5.447 [ps], E=245.000 [MeV]
OPAL-X> * 17:41:48 Step   1486 container[1] at 0.003 [um], t= 5.447 [ps], E=511.001 [keV]
OPAL-X> * 17:41:48 Step   1486 container[2] at 0.003 [um], t= 5.447 [ps], E=511.000 [keV]
OPAL-X> * 17:41:48 Step   1487 container[0] at 1.633 [mm], t= 5.448 [ps], E=245.000 [MeV]
OPAL-X> * 17:41:48 Step   1487 container[1] at 0.003 [um], t= 5.448 [ps], E=511.001 [keV]
OPAL-X> * 17:41:48 Step   1487 container[2] at 0.003 [um], t= 5.448 [ps], E=511.000 [keV]
OPAL-X> * 17:41:48 Step   1488 container[0] at 1.634 [mm], t= 5.449 [ps], E=245.000 [MeV]
OPAL-X> * 17:41:48 Step   1488 container[1] at 0.003 [um], t= 5.449 [ps], E=511.001 [keV]
OPAL-X> * 17:41:48 Step   1488 container[2] at 0.003 [um], t= 5.449 [ps], E=511.000 [keV]
OPAL-X> * 17:41:48 Step   1489 container[0] at 1.634 [mm], t= 5.450 [ps], E=245.000 [MeV]
OPAL-X> * 17:41:48 Step   1489 container[1] at 0.003 [um], t= 5.450 [ps], E=511.001 [keV]
OPAL-X> * 17:41:48 Step   1489 container[2] at 0.003 [um], t= 5.450 [ps], E=511.000 [keV]
OPAL-X> * 17:41:48 Step   1490 container[0] at 1.634 [mm], t= 5.451 [ps], E=245.000 [MeV]
OPAL-X> * 17:41:48 Step   1490 container[1] at 0.003 [um], t= 5.451 [ps], E=511.001 [keV]
OPAL-X> * 17:41:48 Step   1490 container[2] at 0.003 [um], t= 5.451 [ps], E=511.000 [keV]
OPAL-X> * 17:41:49 Step   1491 container[0] at 1.634 [mm], t= 5.452 [ps], E=245.000 [MeV]
OPAL-X> * 17:41:49 Step   1491 container[1] at 0.003 [um], t= 5.452 [ps], E=511.001 [keV]
OPAL-X> * 17:41:49 Step   1491 container[2] at 0.003 [um], t= 5.452 [ps], E=511.000 [keV]
OPAL-X> * 17:41:49 Step   1492 container[0] at 1.635 [mm], t= 5.453 [ps], E=245.000 [MeV]
OPAL-X> * 17:41:49 Step   1492 container[1] at 0.003 [um], t= 5.453 [ps], E=511.001 [keV]
OPAL-X> * 17:41:49 Step   1492 container[2] at 0.003 [um], t= 5.453 [ps], E=511.000 [keV]
OPAL-X> * 17:41:49 Step   1493 container[0] at 1.635 [mm], t= 5.454 [ps], E=245.000 [MeV]
OPAL-X> * 17:41:49 Step   1493 container[1] at 0.003 [um], t= 5.454 [ps], E=511.001 [keV]
OPAL-X> * 17:41:49 Step   1493 container[2] at 0.003 [um], t= 5.454 [ps], E=511.000 [keV]
OPAL-X> * 17:41:49 Step   1494 container[0] at 1.635 [mm], t= 5.455 [ps], E=245.000 [MeV]
OPAL-X> * 17:41:49 Step   1494 container[1] at 0.003 [um], t= 5.455 [ps], E=511.001 [keV]
OPAL-X> * 17:41:49 Step   1494 container[2] at 0.003 [um], t= 5.455 [ps], E=511.000 [keV]
OPAL-X> * 17:41:49 Step   1495 container[0] at 1.636 [mm], t= 5.456 [ps], E=245.000 [MeV]
OPAL-X> * 17:41:49 Step   1495 container[1] at 0.003 [um], t= 5.456 [ps], E=511.001 [keV]
OPAL-X> * 17:41:49 Step   1495 container[2] at 0.003 [um], t= 5.456 [ps], E=511.000 [keV]
OPAL-X> * 17:41:49 Step   1496 container[0] at 1.636 [mm], t= 5.457 [ps], E=245.000 [MeV]
OPAL-X> * 17:41:49 Step   1496 container[1] at 0.003 [um], t= 5.457 [ps], E=511.001 [keV]
OPAL-X> * 17:41:49 Step   1496 container[2] at 0.003 [um], t= 5.457 [ps], E=511.000 [keV]
OPAL-X> * 17:41:49 Step   1497 container[0] at 1.636 [mm], t= 5.458 [ps], E=245.000 [MeV]
OPAL-X> * 17:41:49 Step   1497 container[1] at 0.003 [um], t= 5.458 [ps], E=511.001 [keV]
OPAL-X> * 17:41:49 Step   1497 container[2] at 0.003 [um], t= 5.458 [ps], E=511.000 [keV]
OPAL-X> * 17:41:49 Step   1498 container[0] at 1.637 [mm], t= 5.459 [ps], E=245.000 [MeV]
OPAL-X> * 17:41:49 Step   1498 container[1] at 0.003 [um], t= 5.459 [ps], E=511.001 [keV]
OPAL-X> * 17:41:49 Step   1498 container[2] at 0.003 [um], t= 5.459 [ps], E=511.000 [keV]
OPAL-X> * 17:41:49 Step   1499 container[0] at 1.637 [mm], t= 5.460 [ps], E=245.000 [MeV]
OPAL-X> * 17:41:49 Step   1499 container[1] at 0.003 [um], t= 5.460 [ps], E=511.001 [keV]
OPAL-X> * 17:41:49 Step   1499 container[2] at 0.003 [um], t= 5.460 [ps], E=511.000 [keV]
OPAL-X> * 17:41:49 Step   1500 container[0] at 1.637 [mm], t= 5.461 [ps], E=245.000 [MeV]
OPAL-X> * 17:41:49 Step   1500 container[1] at 0.003 [um], t= 5.461 [ps], E=511.001 [keV]
OPAL-X> * 17:41:49 Step   1500 container[2] at 0.003 [um], t= 5.461 [ps], E=511.000 [keV]
OPAL-X> * 17:41:49 Step   1501 container[0] at 1.637 [mm], t= 5.462 [ps], E=245.000 [MeV]
OPAL-X> * 17:41:49 Step   1501 container[1] at 0.003 [um], t= 5.462 [ps], E=511.001 [keV]
OPAL-X> * 17:41:49 Step   1501 container[2] at 0.003 [um], t= 5.462 [ps], E=511.000 [keV]
OPAL-X> * 17:41:49 Step   1502 container[0] at 1.638 [mm], t= 5.463 [ps], E=245.000 [MeV]
OPAL-X> * 17:41:49 Step   1502 container[1] at 0.003 [um], t= 5.463 [ps], E=511.001 [keV]
OPAL-X> * 17:41:49 Step   1502 container[2] at 0.003 [um], t= 5.463 [ps], E=511.000 [keV]
OPAL-X> * 17:41:49 Step   1503 container[0] at 1.638 [mm], t= 5.464 [ps], E=245.000 [MeV]
OPAL-X> * 17:41:49 Step   1503 container[1] at 0.003 [um], t= 5.464 [ps], E=511.001 [keV]
OPAL-X> * 17:41:49 Step   1503 container[2] at 0.003 [um], t= 5.464 [ps], E=511.000 [keV]
OPAL-X> * 17:41:49 Step   1504 container[0] at 1.638 [mm], t= 5.465 [ps], E=245.000 [MeV]
OPAL-X> * 17:41:49 Step   1504 container[1] at 0.003 [um], t= 5.465 [ps], E=511.001 [keV]
OPAL-X> * 17:41:49 Step   1504 container[2] at 0.003 [um], t= 5.465 [ps], E=511.000 [keV]
OPAL-X> * 17:41:49 Step   1505 container[0] at 1.639 [mm], t= 5.466 [ps], E=245.000 [MeV]
OPAL-X> * 17:41:49 Step   1505 container[1] at 0.003 [um], t= 5.466 [ps], E=511.001 [keV]
OPAL-X> * 17:41:49 Step   1505 container[2] at 0.003 [um], t= 5.466 [ps], E=511.000 [keV]
OPAL-X> * 17:41:49 Step   1506 container[0] at 1.639 [mm], t= 5.467 [ps], E=245.000 [MeV]
OPAL-X> * 17:41:49 Step   1506 container[1] at 0.003 [um], t= 5.467 [ps], E=511.001 [keV]
OPAL-X> * 17:41:49 Step   1506 container[2] at 0.003 [um], t= 5.467 [ps], E=511.000 [keV]
OPAL-X> * 17:41:49 Step   1507 container[0] at 1.639 [mm], t= 5.468 [ps], E=245.000 [MeV]
OPAL-X> * 17:41:49 Step   1507 container[1] at 0.003 [um], t= 5.468 [ps], E=511.001 [keV]
OPAL-X> * 17:41:49 Step   1507 container[2] at 0.003 [um], t= 5.468 [ps], E=511.000 [keV]
OPAL-X> * 17:41:49 Step   1508 container[0] at 1.640 [mm], t= 5.469 [ps], E=245.000 [MeV]
OPAL-X> * 17:41:49 Step   1508 container[1] at 0.003 [um], t= 5.469 [ps], E=511.001 [keV]
OPAL-X> * 17:41:49 Step   1508 container[2] at 0.003 [um], t= 5.469 [ps], E=511.000 [keV]
OPAL-X> * 17:41:49 Step   1509 container[0] at 1.640 [mm], t= 5.470 [ps], E=245.000 [MeV]
OPAL-X> * 17:41:49 Step   1509 container[1] at 0.003 [um], t= 5.470 [ps], E=511.001 [keV]
OPAL-X> * 17:41:49 Step   1509 container[2] at 0.003 [um], t= 5.470 [ps], E=511.000 [keV]
OPAL-X> * 17:41:49 Step   1510 container[0] at 1.640 [mm], t= 5.471 [ps], E=245.000 [MeV]
OPAL-X> * 17:41:49 Step   1510 container[1] at 0.003 [um], t= 5.471 [ps], E=511.001 [keV]
OPAL-X> * 17:41:49 Step   1510 container[2] at 0.003 [um], t= 5.471 [ps], E=511.000 [keV]
OPAL-X> * 17:41:49 Step   1511 container[0] at 1.640 [mm], t= 5.472 [ps], E=245.000 [MeV]
OPAL-X> * 17:41:49 Step   1511 container[1] at 0.003 [um], t= 5.472 [ps], E=511.001 [keV]
OPAL-X> * 17:41:49 Step   1511 container[2] at 0.003 [um], t= 5.472 [ps], E=511.000 [keV]
OPAL-X> * 17:41:49 Step   1512 container[0] at 1.641 [mm], t= 5.473 [ps], E=245.000 [MeV]
OPAL-X> * 17:41:49 Step   1512 container[1] at 0.003 [um], t= 5.473 [ps], E=511.001 [keV]
OPAL-X> * 17:41:49 Step   1512 container[2] at 0.003 [um], t= 5.473 [ps], E=511.000 [keV]
OPAL-X> * 17:41:49 Step   1513 container[0] at 1.641 [mm], t= 5.474 [ps], E=245.000 [MeV]
OPAL-X> * 17:41:49 Step   1513 container[1] at 0.003 [um], t= 5.474 [ps], E=511.001 [keV]
OPAL-X> * 17:41:49 Step   1513 container[2] at 0.003 [um], t= 5.474 [ps], E=511.000 [keV]
OPAL-X> * 17:41:49 Step   1514 container[0] at 1.641 [mm], t= 5.475 [ps], E=245.000 [MeV]
OPAL-X> * 17:41:49 Step   1514 container[1] at 0.003 [um], t= 5.475 [ps], E=511.001 [keV]
OPAL-X> * 17:41:49 Step   1514 container[2] at 0.003 [um], t= 5.475 [ps], E=511.000 [keV]
OPAL-X> * 17:41:49 Step   1515 container[0] at 1.642 [mm], t= 5.476 [ps], E=245.000 [MeV]
OPAL-X> * 17:41:49 Step   1515 container[1] at 0.003 [um], t= 5.476 [ps], E=511.001 [keV]
OPAL-X> * 17:41:49 Step   1515 container[2] at 0.003 [um], t= 5.476 [ps], E=511.000 [keV]
OPAL-X> * 17:41:49 Step   1516 container[0] at 1.642 [mm], t= 5.477 [ps], E=245.000 [MeV]
OPAL-X> * 17:41:49 Step   1516 container[1] at 0.003 [um], t= 5.477 [ps], E=511.001 [keV]
OPAL-X> * 17:41:49 Step   1516 container[2] at 0.003 [um], t= 5.477 [ps], E=511.000 [keV]
OPAL-X> * 17:41:49 Step   1517 container[0] at 1.642 [mm], t= 5.478 [ps], E=245.000 [MeV]
OPAL-X> * 17:41:49 Step   1517 container[1] at 0.003 [um], t= 5.478 [ps], E=511.001 [keV]
OPAL-X> * 17:41:49 Step   1517 container[2] at 0.003 [um], t= 5.478 [ps], E=511.000 [keV]
OPAL-X> * 17:41:49 Step   1518 container[0] at 1.643 [mm], t= 5.479 [ps], E=245.000 [MeV]
OPAL-X> * 17:41:49 Step   1518 container[1] at 0.003 [um], t= 5.479 [ps], E=511.001 [keV]
OPAL-X> * 17:41:49 Step   1518 container[2] at 0.003 [um], t= 5.479 [ps], E=511.000 [keV]
OPAL-X> * 17:41:49 Step   1519 container[0] at 1.643 [mm], t= 5.480 [ps], E=245.000 [MeV]
OPAL-X> * 17:41:49 Step   1519 container[1] at 0.003 [um], t= 5.480 [ps], E=511.001 [keV]
OPAL-X> * 17:41:49 Step   1519 container[2] at 0.003 [um], t= 5.480 [ps], E=511.000 [keV]
OPAL-X> * 17:41:49 Step   1520 container[0] at 1.643 [mm], t= 5.481 [ps], E=245.000 [MeV]
OPAL-X> * 17:41:49 Step   1520 container[1] at 0.003 [um], t= 5.481 [ps], E=511.001 [keV]
OPAL-X> * 17:41:49 Step   1520 container[2] at 0.003 [um], t= 5.481 [ps], E=511.000 [keV]
OPAL-X> * 17:41:49 Step   1521 container[0] at 1.643 [mm], t= 5.482 [ps], E=245.000 [MeV]
OPAL-X> * 17:41:49 Step   1521 container[1] at 0.003 [um], t= 5.482 [ps], E=511.001 [keV]
OPAL-X> * 17:41:49 Step   1521 container[2] at 0.003 [um], t= 5.482 [ps], E=511.000 [keV]
OPAL-X> * 17:41:49 Step   1522 container[0] at 1.644 [mm], t= 5.483 [ps], E=245.000 [MeV]
OPAL-X> * 17:41:49 Step   1522 container[1] at 0.003 [um], t= 5.483 [ps], E=511.001 [keV]
OPAL-X> * 17:41:49 Step   1522 container[2] at 0.003 [um], t= 5.483 [ps], E=511.000 [keV]
OPAL-X> * 17:41:49 Step   1523 container[0] at 1.644 [mm], t= 5.484 [ps], E=245.000 [MeV]
OPAL-X> * 17:41:49 Step   1523 container[1] at 0.003 [um], t= 5.484 [ps], E=511.001 [keV]
OPAL-X> * 17:41:49 Step   1523 container[2] at 0.003 [um], t= 5.484 [ps], E=511.000 [keV]
OPAL-X> * 17:41:49 Step   1524 container[0] at 1.644 [mm], t= 5.485 [ps], E=245.000 [MeV]
OPAL-X> * 17:41:49 Step   1524 container[1] at 0.003 [um], t= 5.485 [ps], E=511.001 [keV]
OPAL-X> * 17:41:49 Step   1524 container[2] at 0.003 [um], t= 5.485 [ps], E=511.000 [keV]
OPAL-X> * 17:41:49 Step   1525 container[0] at 1.645 [mm], t= 5.486 [ps], E=245.000 [MeV]
OPAL-X> * 17:41:49 Step   1525 container[1] at 0.003 [um], t= 5.486 [ps], E=511.001 [keV]
OPAL-X> * 17:41:49 Step   1525 container[2] at 0.003 [um], t= 5.486 [ps], E=511.000 [keV]
OPAL-X> * 17:41:49 Step   1526 container[0] at 1.645 [mm], t= 5.487 [ps], E=245.000 [MeV]
OPAL-X> * 17:41:49 Step   1526 container[1] at 0.003 [um], t= 5.487 [ps], E=511.001 [keV]
OPAL-X> * 17:41:49 Step   1526 container[2] at 0.003 [um], t= 5.487 [ps], E=511.000 [keV]
OPAL-X> * 17:41:49 Step   1527 container[0] at 1.645 [mm], t= 5.488 [ps], E=245.000 [MeV]
OPAL-X> * 17:41:49 Step   1527 container[1] at 0.003 [um], t= 5.488 [ps], E=511.001 [keV]
OPAL-X> * 17:41:49 Step   1527 container[2] at 0.003 [um], t= 5.488 [ps], E=511.000 [keV]
OPAL-X> * 17:41:49 Step   1528 container[0] at 1.646 [mm], t= 5.489 [ps], E=245.000 [MeV]
OPAL-X> * 17:41:49 Step   1528 container[1] at 0.003 [um], t= 5.489 [ps], E=511.001 [keV]
OPAL-X> * 17:41:49 Step   1528 container[2] at 0.003 [um], t= 5.489 [ps], E=511.000 [keV]
OPAL-X> * 17:41:49 Step   1529 container[0] at 1.646 [mm], t= 5.490 [ps], E=245.000 [MeV]
OPAL-X> * 17:41:49 Step   1529 container[1] at 0.003 [um], t= 5.490 [ps], E=511.001 [keV]
OPAL-X> * 17:41:49 Step   1529 container[2] at 0.003 [um], t= 5.490 [ps], E=511.000 [keV]
OPAL-X> * 17:41:49 Step   1530 container[0] at 1.646 [mm], t= 5.491 [ps], E=245.000 [MeV]
OPAL-X> * 17:41:49 Step   1530 container[1] at 0.003 [um], t= 5.491 [ps], E=511.001 [keV]
OPAL-X> * 17:41:49 Step   1530 container[2] at 0.003 [um], t= 5.491 [ps], E=511.000 [keV]
OPAL-X> * 17:41:49 Step   1531 container[0] at 1.646 [mm], t= 5.492 [ps], E=245.000 [MeV]
OPAL-X> * 17:41:49 Step   1531 container[1] at 0.003 [um], t= 5.492 [ps], E=511.001 [keV]
OPAL-X> * 17:41:49 Step   1531 container[2] at 0.003 [um], t= 5.492 [ps], E=511.000 [keV]
OPAL-X> * 17:41:49 Step   1532 container[0] at 1.647 [mm], t= 5.493 [ps], E=245.000 [MeV]
OPAL-X> * 17:41:49 Step   1532 container[1] at 0.003 [um], t= 5.493 [ps], E=511.001 [keV]
OPAL-X> * 17:41:49 Step   1532 container[2] at 0.003 [um], t= 5.493 [ps], E=511.000 [keV]
OPAL-X> * 17:41:49 Step   1533 container[0] at 1.647 [mm], t= 5.494 [ps], E=245.000 [MeV]
OPAL-X> * 17:41:49 Step   1533 container[1] at 0.003 [um], t= 5.494 [ps], E=511.001 [keV]
OPAL-X> * 17:41:49 Step   1533 container[2] at 0.003 [um], t= 5.494 [ps], E=511.000 [keV]
OPAL-X> * 17:41:49 Step   1534 container[0] at 1.647 [mm], t= 5.495 [ps], E=245.000 [MeV]
OPAL-X> * 17:41:49 Step   1534 container[1] at 0.003 [um], t= 5.495 [ps], E=511.001 [keV]
OPAL-X> * 17:41:49 Step   1534 container[2] at 0.003 [um], t= 5.495 [ps], E=511.000 [keV]
OPAL-X> * 17:41:49 Step   1535 container[0] at 1.648 [mm], t= 5.496 [ps], E=245.000 [MeV]
OPAL-X> * 17:41:49 Step   1535 container[1] at 0.003 [um], t= 5.496 [ps], E=511.001 [keV]
OPAL-X> * 17:41:49 Step   1535 container[2] at 0.003 [um], t= 5.496 [ps], E=511.000 [keV]
OPAL-X> * 17:41:49 Step   1536 container[0] at 1.648 [mm], t= 5.497 [ps], E=245.000 [MeV]
OPAL-X> * 17:41:49 Step   1536 container[1] at 0.003 [um], t= 5.497 [ps], E=511.001 [keV]
OPAL-X> * 17:41:49 Step   1536 container[2] at 0.003 [um], t= 5.497 [ps], E=511.000 [keV]
OPAL-X> * 17:41:49 Step   1537 container[0] at 1.648 [mm], t= 5.498 [ps], E=245.000 [MeV]
OPAL-X> * 17:41:49 Step   1537 container[1] at 0.003 [um], t= 5.498 [ps], E=511.001 [keV]
OPAL-X> * 17:41:49 Step   1537 container[2] at 0.003 [um], t= 5.498 [ps], E=511.000 [keV]
OPAL-X> * 17:41:49 Step   1538 container[0] at 1.649 [mm], t= 5.499 [ps], E=245.000 [MeV]
OPAL-X> * 17:41:49 Step   1538 container[1] at 0.003 [um], t= 5.499 [ps], E=511.001 [keV]
OPAL-X> * 17:41:49 Step   1538 container[2] at 0.003 [um], t= 5.499 [ps], E=511.000 [keV]
OPAL-X> * 17:41:49 Step   1539 container[0] at 1.649 [mm], t= 5.500 [ps], E=245.000 [MeV]
OPAL-X> * 17:41:49 Step   1539 container[1] at 0.003 [um], t= 5.500 [ps], E=511.001 [keV]
OPAL-X> * 17:41:49 Step   1539 container[2] at 0.003 [um], t= 5.500 [ps], E=511.000 [keV]
OPAL-X> * 17:41:49 Step   1540 container[0] at 1.649 [mm], t= 5.501 [ps], E=245.000 [MeV]
OPAL-X> * 17:41:49 Step   1540 container[1] at 0.003 [um], t= 5.501 [ps], E=511.001 [keV]
OPAL-X> * 17:41:49 Step   1540 container[2] at 0.003 [um], t= 5.501 [ps], E=511.000 [keV]
OPAL-X> * 17:41:49 Step   1541 container[0] at 1.649 [mm], t= 5.502 [ps], E=245.000 [MeV]
OPAL-X> * 17:41:49 Step   1541 container[1] at 0.003 [um], t= 5.502 [ps], E=511.001 [keV]
OPAL-X> * 17:41:49 Step   1541 container[2] at 0.003 [um], t= 5.502 [ps], E=511.000 [keV]
OPAL-X> * 17:41:49 Step   1542 container[0] at 1.650 [mm], t= 5.503 [ps], E=245.000 [MeV]
OPAL-X> * 17:41:49 Step   1542 container[1] at 0.003 [um], t= 5.503 [ps], E=511.001 [keV]
OPAL-X> * 17:41:49 Step   1542 container[2] at 0.003 [um], t= 5.503 [ps], E=511.000 [keV]
OPAL-X> * 17:41:49 Step   1543 container[0] at 1.650 [mm], t= 5.504 [ps], E=245.000 [MeV]
OPAL-X> * 17:41:49 Step   1543 container[1] at 0.003 [um], t= 5.504 [ps], E=511.001 [keV]
OPAL-X> * 17:41:49 Step   1543 container[2] at 0.003 [um], t= 5.504 [ps], E=511.000 [keV]
OPAL-X> * 17:41:50 Step   1544 container[0] at 1.650 [mm], t= 5.505 [ps], E=245.000 [MeV]
OPAL-X> * 17:41:50 Step   1544 container[1] at 0.003 [um], t= 5.505 [ps], E=511.001 [keV]
OPAL-X> * 17:41:50 Step   1544 container[2] at 0.003 [um], t= 5.505 [ps], E=511.000 [keV]
OPAL-X> * 17:41:50 Step   1545 container[0] at 1.651 [mm], t= 5.506 [ps], E=245.000 [MeV]
OPAL-X> * 17:41:50 Step   1545 container[1] at 0.003 [um], t= 5.506 [ps], E=511.001 [keV]
OPAL-X> * 17:41:50 Step   1545 container[2] at 0.003 [um], t= 5.506 [ps], E=511.000 [keV]
OPAL-X> * 17:41:50 Step   1546 container[0] at 1.651 [mm], t= 5.507 [ps], E=245.000 [MeV]
OPAL-X> * 17:41:50 Step   1546 container[1] at 0.003 [um], t= 5.507 [ps], E=511.001 [keV]
OPAL-X> * 17:41:50 Step   1546 container[2] at 0.003 [um], t= 5.507 [ps], E=511.000 [keV]
OPAL-X> * 17:41:50 Step   1547 container[0] at 1.651 [mm], t= 5.508 [ps], E=245.000 [MeV]
OPAL-X> * 17:41:50 Step   1547 container[1] at 0.003 [um], t= 5.508 [ps], E=511.001 [keV]
OPAL-X> * 17:41:50 Step   1547 container[2] at 0.003 [um], t= 5.508 [ps], E=511.000 [keV]
OPAL-X> * 17:41:50 Step   1548 container[0] at 1.652 [mm], t= 5.509 [ps], E=245.000 [MeV]
OPAL-X> * 17:41:50 Step   1548 container[1] at 0.003 [um], t= 5.509 [ps], E=511.001 [keV]
OPAL-X> * 17:41:50 Step   1548 container[2] at 0.003 [um], t= 5.509 [ps], E=511.000 [keV]
OPAL-X> * 17:41:50 Step   1549 container[0] at 1.652 [mm], t= 5.510 [ps], E=245.000 [MeV]
OPAL-X> * 17:41:50 Step   1549 container[1] at 0.003 [um], t= 5.510 [ps], E=511.001 [keV]
OPAL-X> * 17:41:50 Step   1549 container[2] at 0.003 [um], t= 5.510 [ps], E=511.000 [keV]
OPAL-X> * 17:41:50 Step   1550 container[0] at 1.652 [mm], t= 5.511 [ps], E=245.000 [MeV]
OPAL-X> * 17:41:50 Step   1550 container[1] at 0.003 [um], t= 5.511 [ps], E=511.001 [keV]
OPAL-X> * 17:41:50 Step   1550 container[2] at 0.003 [um], t= 5.511 [ps], E=511.000 [keV]
OPAL-X> * 17:41:50 Step   1551 container[0] at 1.652 [mm], t= 5.512 [ps], E=245.000 [MeV]
OPAL-X> * 17:41:50 Step   1551 container[1] at 0.003 [um], t= 5.512 [ps], E=511.001 [keV]
OPAL-X> * 17:41:50 Step   1551 container[2] at 0.003 [um], t= 5.512 [ps], E=511.000 [keV]
OPAL-X> * 17:41:50 Step   1552 container[0] at 1.653 [mm], t= 5.513 [ps], E=245.000 [MeV]
OPAL-X> * 17:41:50 Step   1552 container[1] at 0.003 [um], t= 5.513 [ps], E=511.001 [keV]
OPAL-X> * 17:41:50 Step   1552 container[2] at 0.003 [um], t= 5.513 [ps], E=511.000 [keV]
OPAL-X> * 17:41:50 Step   1553 container[0] at 1.653 [mm], t= 5.514 [ps], E=245.000 [MeV]
OPAL-X> * 17:41:50 Step   1553 container[1] at 0.003 [um], t= 5.514 [ps], E=511.001 [keV]
OPAL-X> * 17:41:50 Step   1553 container[2] at 0.003 [um], t= 5.514 [ps], E=511.000 [keV]
OPAL-X> * 17:41:50 Step   1554 container[0] at 1.653 [mm], t= 5.515 [ps], E=245.000 [MeV]
OPAL-X> * 17:41:50 Step   1554 container[1] at 0.003 [um], t= 5.515 [ps], E=511.001 [keV]
OPAL-X> * 17:41:50 Step   1554 container[2] at 0.003 [um], t= 5.515 [ps], E=511.000 [keV]
OPAL-X> * 17:41:50 Step   1555 container[0] at 1.654 [mm], t= 5.516 [ps], E=245.000 [MeV]
OPAL-X> * 17:41:50 Step   1555 container[1] at 0.003 [um], t= 5.516 [ps], E=511.001 [keV]
OPAL-X> * 17:41:50 Step   1555 container[2] at 0.003 [um], t= 5.516 [ps], E=511.000 [keV]
OPAL-X> * 17:41:50 Step   1556 container[0] at 1.654 [mm], t= 5.517 [ps], E=245.000 [MeV]
OPAL-X> * 17:41:50 Step   1556 container[1] at 0.003 [um], t= 5.517 [ps], E=511.001 [keV]
OPAL-X> * 17:41:50 Step   1556 container[2] at 0.003 [um], t= 5.517 [ps], E=511.000 [keV]
OPAL-X> * 17:41:50 Step   1557 container[0] at 1.654 [mm], t= 5.518 [ps], E=245.000 [MeV]
OPAL-X> * 17:41:50 Step   1557 container[1] at 0.003 [um], t= 5.518 [ps], E=511.001 [keV]
OPAL-X> * 17:41:50 Step   1557 container[2] at 0.003 [um], t= 5.518 [ps], E=511.000 [keV]
OPAL-X> * 17:41:50 Step   1558 container[0] at 1.655 [mm], t= 5.519 [ps], E=245.000 [MeV]
OPAL-X> * 17:41:50 Step   1558 container[1] at 0.003 [um], t= 5.519 [ps], E=511.001 [keV]
OPAL-X> * 17:41:50 Step   1558 container[2] at 0.003 [um], t= 5.519 [ps], E=511.000 [keV]
OPAL-X> * 17:41:50 Step   1559 container[0] at 1.655 [mm], t= 5.520 [ps], E=245.000 [MeV]
OPAL-X> * 17:41:50 Step   1559 container[1] at 0.003 [um], t= 5.520 [ps], E=511.001 [keV]
OPAL-X> * 17:41:50 Step   1559 container[2] at 0.003 [um], t= 5.520 [ps], E=511.000 [keV]
OPAL-X> * 17:41:50 Step   1560 container[0] at 1.655 [mm], t= 5.521 [ps], E=245.000 [MeV]
OPAL-X> * 17:41:50 Step   1560 container[1] at 0.003 [um], t= 5.521 [ps], E=511.001 [keV]
OPAL-X> * 17:41:50 Step   1560 container[2] at 0.003 [um], t= 5.521 [ps], E=511.000 [keV]
OPAL-X> * 17:41:50 Step   1561 container[0] at 1.655 [mm], t= 5.522 [ps], E=245.000 [MeV]
OPAL-X> * 17:41:50 Step   1561 container[1] at 0.003 [um], t= 5.522 [ps], E=511.001 [keV]
OPAL-X> * 17:41:50 Step   1561 container[2] at 0.003 [um], t= 5.522 [ps], E=511.000 [keV]
OPAL-X> * 17:41:50 Step   1562 container[0] at 1.656 [mm], t= 5.523 [ps], E=245.000 [MeV]
OPAL-X> * 17:41:50 Step   1562 container[1] at 0.003 [um], t= 5.523 [ps], E=511.001 [keV]
OPAL-X> * 17:41:50 Step   1562 container[2] at 0.003 [um], t= 5.523 [ps], E=511.000 [keV]
OPAL-X> * 17:41:50 Step   1563 container[0] at 1.656 [mm], t= 5.524 [ps], E=245.000 [MeV]
OPAL-X> * 17:41:50 Step   1563 container[1] at 0.003 [um], t= 5.524 [ps], E=511.001 [keV]
OPAL-X> * 17:41:50 Step   1563 container[2] at 0.003 [um], t= 5.524 [ps], E=511.000 [keV]
OPAL-X> * 17:41:50 Step   1564 container[0] at 1.656 [mm], t= 5.525 [ps], E=245.000 [MeV]
OPAL-X> * 17:41:50 Step   1564 container[1] at 0.003 [um], t= 5.525 [ps], E=511.001 [keV]
OPAL-X> * 17:41:50 Step   1564 container[2] at 0.003 [um], t= 5.525 [ps], E=511.000 [keV]
OPAL-X> * 17:41:50 Step   1565 container[0] at 1.657 [mm], t= 5.526 [ps], E=245.000 [MeV]
OPAL-X> * 17:41:50 Step   1565 container[1] at 0.003 [um], t= 5.526 [ps], E=511.001 [keV]
OPAL-X> * 17:41:50 Step   1565 container[2] at 0.003 [um], t= 5.526 [ps], E=511.000 [keV]
OPAL-X> * 17:41:50 Step   1566 container[0] at 1.657 [mm], t= 5.527 [ps], E=245.000 [MeV]
OPAL-X> * 17:41:50 Step   1566 container[1] at 0.003 [um], t= 5.527 [ps], E=511.001 [keV]
OPAL-X> * 17:41:50 Step   1566 container[2] at 0.003 [um], t= 5.527 [ps], E=511.000 [keV]
OPAL-X> * 17:41:50 Step   1567 container[0] at 1.657 [mm], t= 5.528 [ps], E=245.000 [MeV]
OPAL-X> * 17:41:50 Step   1567 container[1] at 0.003 [um], t= 5.528 [ps], E=511.001 [keV]
OPAL-X> * 17:41:50 Step   1567 container[2] at 0.003 [um], t= 5.528 [ps], E=511.000 [keV]
OPAL-X> * 17:41:50 Step   1568 container[0] at 1.658 [mm], t= 5.529 [ps], E=245.000 [MeV]
OPAL-X> * 17:41:50 Step   1568 container[1] at 0.003 [um], t= 5.529 [ps], E=511.001 [keV]
OPAL-X> * 17:41:50 Step   1568 container[2] at 0.003 [um], t= 5.529 [ps], E=511.000 [keV]
OPAL-X> * 17:41:50 Step   1569 container[0] at 1.658 [mm], t= 5.530 [ps], E=245.000 [MeV]
OPAL-X> * 17:41:50 Step   1569 container[1] at 0.003 [um], t= 5.530 [ps], E=511.001 [keV]
OPAL-X> * 17:41:50 Step   1569 container[2] at 0.003 [um], t= 5.530 [ps], E=511.000 [keV]
OPAL-X> * 17:41:50 Step   1570 container[0] at 1.658 [mm], t= 5.531 [ps], E=245.000 [MeV]
OPAL-X> * 17:41:50 Step   1570 container[1] at 0.003 [um], t= 5.531 [ps], E=511.001 [keV]
OPAL-X> * 17:41:50 Step   1570 container[2] at 0.003 [um], t= 5.531 [ps], E=511.000 [keV]
OPAL-X> * 17:41:50 Step   1571 container[0] at 1.658 [mm], t= 5.532 [ps], E=245.000 [MeV]
OPAL-X> * 17:41:50 Step   1571 container[1] at 0.003 [um], t= 5.532 [ps], E=511.001 [keV]
OPAL-X> * 17:41:50 Step   1571 container[2] at 0.003 [um], t= 5.532 [ps], E=511.000 [keV]
OPAL-X> * 17:41:50 Step   1572 container[0] at 1.659 [mm], t= 5.533 [ps], E=245.000 [MeV]
OPAL-X> * 17:41:50 Step   1572 container[1] at 0.003 [um], t= 5.533 [ps], E=511.001 [keV]
OPAL-X> * 17:41:50 Step   1572 container[2] at 0.003 [um], t= 5.533 [ps], E=511.000 [keV]
OPAL-X> * 17:41:50 Step   1573 container[0] at 1.659 [mm], t= 5.534 [ps], E=245.000 [MeV]
OPAL-X> * 17:41:50 Step   1573 container[1] at 0.003 [um], t= 5.534 [ps], E=511.001 [keV]
OPAL-X> * 17:41:50 Step   1573 container[2] at 0.003 [um], t= 5.534 [ps], E=511.000 [keV]
OPAL-X> * 17:41:50 Step   1574 container[0] at 1.659 [mm], t= 5.535 [ps], E=245.000 [MeV]
OPAL-X> * 17:41:50 Step   1574 container[1] at 0.003 [um], t= 5.535 [ps], E=511.001 [keV]
OPAL-X> * 17:41:50 Step   1574 container[2] at 0.003 [um], t= 5.535 [ps], E=511.000 [keV]
OPAL-X> * 17:41:50 Step   1575 container[0] at 1.660 [mm], t= 5.536 [ps], E=245.000 [MeV]
OPAL-X> * 17:41:50 Step   1575 container[1] at 0.003 [um], t= 5.536 [ps], E=511.001 [keV]
OPAL-X> * 17:41:50 Step   1575 container[2] at 0.003 [um], t= 5.536 [ps], E=511.000 [keV]
OPAL-X> * 17:41:50 Step   1576 container[0] at 1.660 [mm], t= 5.537 [ps], E=245.000 [MeV]
OPAL-X> * 17:41:50 Step   1576 container[1] at 0.003 [um], t= 5.537 [ps], E=511.001 [keV]
OPAL-X> * 17:41:50 Step   1576 container[2] at 0.003 [um], t= 5.537 [ps], E=511.000 [keV]
OPAL-X> * 17:41:50 Step   1577 container[0] at 1.660 [mm], t= 5.538 [ps], E=245.000 [MeV]
OPAL-X> * 17:41:50 Step   1577 container[1] at 0.003 [um], t= 5.538 [ps], E=511.001 [keV]
OPAL-X> * 17:41:50 Step   1577 container[2] at 0.003 [um], t= 5.538 [ps], E=511.000 [keV]
OPAL-X> * 17:41:50 Step   1578 container[0] at 1.661 [mm], t= 5.539 [ps], E=245.000 [MeV]
OPAL-X> * 17:41:50 Step   1578 container[1] at 0.003 [um], t= 5.539 [ps], E=511.001 [keV]
OPAL-X> * 17:41:50 Step   1578 container[2] at 0.003 [um], t= 5.539 [ps], E=511.000 [keV]
OPAL-X> * 17:41:50 Step   1579 container[0] at 1.661 [mm], t= 5.540 [ps], E=245.000 [MeV]
OPAL-X> * 17:41:50 Step   1579 container[1] at 0.003 [um], t= 5.540 [ps], E=511.001 [keV]
OPAL-X> * 17:41:50 Step   1579 container[2] at 0.003 [um], t= 5.540 [ps], E=511.000 [keV]
OPAL-X> * 17:41:50 Step   1580 container[0] at 1.661 [mm], t= 5.541 [ps], E=245.000 [MeV]
OPAL-X> * 17:41:50 Step   1580 container[1] at 0.003 [um], t= 5.541 [ps], E=511.001 [keV]
OPAL-X> * 17:41:50 Step   1580 container[2] at 0.003 [um], t= 5.541 [ps], E=511.000 [keV]
OPAL-X> * 17:41:50 Step   1581 container[0] at 1.661 [mm], t= 5.542 [ps], E=245.000 [MeV]
OPAL-X> * 17:41:50 Step   1581 container[1] at 0.003 [um], t= 5.542 [ps], E=511.001 [keV]
OPAL-X> * 17:41:50 Step   1581 container[2] at 0.003 [um], t= 5.542 [ps], E=511.000 [keV]
OPAL-X> * 17:41:50 Step   1582 container[0] at 1.662 [mm], t= 5.543 [ps], E=245.000 [MeV]
OPAL-X> * 17:41:50 Step   1582 container[1] at 0.003 [um], t= 5.543 [ps], E=511.001 [keV]
OPAL-X> * 17:41:50 Step   1582 container[2] at 0.003 [um], t= 5.543 [ps], E=511.000 [keV]
OPAL-X> * 17:41:50 Step   1583 container[0] at 1.662 [mm], t= 5.544 [ps], E=245.000 [MeV]
OPAL-X> * 17:41:50 Step   1583 container[1] at 0.003 [um], t= 5.544 [ps], E=511.001 [keV]
OPAL-X> * 17:41:50 Step   1583 container[2] at 0.003 [um], t= 5.544 [ps], E=511.000 [keV]
OPAL-X> * 17:41:50 Step   1584 container[0] at 1.662 [mm], t= 5.545 [ps], E=245.000 [MeV]
OPAL-X> * 17:41:50 Step   1584 container[1] at 0.003 [um], t= 5.545 [ps], E=511.001 [keV]
OPAL-X> * 17:41:50 Step   1584 container[2] at 0.003 [um], t= 5.545 [ps], E=511.000 [keV]
OPAL-X> * 17:41:50 Step   1585 container[0] at 1.663 [mm], t= 5.546 [ps], E=245.000 [MeV]
OPAL-X> * 17:41:50 Step   1585 container[1] at 0.003 [um], t= 5.546 [ps], E=511.001 [keV]
OPAL-X> * 17:41:50 Step   1585 container[2] at 0.003 [um], t= 5.546 [ps], E=511.000 [keV]
OPAL-X> * 17:41:50 Step   1586 container[0] at 1.663 [mm], t= 5.547 [ps], E=245.000 [MeV]
OPAL-X> * 17:41:50 Step   1586 container[1] at 0.003 [um], t= 5.547 [ps], E=511.001 [keV]
OPAL-X> * 17:41:50 Step   1586 container[2] at 0.003 [um], t= 5.547 [ps], E=511.000 [keV]
OPAL-X> * 17:41:50 Step   1587 container[0] at 1.663 [mm], t= 5.548 [ps], E=245.000 [MeV]
OPAL-X> * 17:41:50 Step   1587 container[1] at 0.003 [um], t= 5.548 [ps], E=511.001 [keV]
OPAL-X> * 17:41:50 Step   1587 container[2] at 0.003 [um], t= 5.548 [ps], E=511.000 [keV]
OPAL-X> * 17:41:50 Step   1588 container[0] at 1.664 [mm], t= 5.549 [ps], E=245.000 [MeV]
OPAL-X> * 17:41:50 Step   1588 container[1] at 0.003 [um], t= 5.549 [ps], E=511.001 [keV]
OPAL-X> * 17:41:50 Step   1588 container[2] at 0.003 [um], t= 5.549 [ps], E=511.000 [keV]
OPAL-X> * 17:41:50 Step   1589 container[0] at 1.664 [mm], t= 5.550 [ps], E=245.000 [MeV]
OPAL-X> * 17:41:50 Step   1589 container[1] at 0.003 [um], t= 5.550 [ps], E=511.001 [keV]
OPAL-X> * 17:41:50 Step   1589 container[2] at 0.003 [um], t= 5.550 [ps], E=511.000 [keV]
OPAL-X> * 17:41:50 Step   1590 container[0] at 1.664 [mm], t= 5.551 [ps], E=245.000 [MeV]
OPAL-X> * 17:41:50 Step   1590 container[1] at 0.003 [um], t= 5.551 [ps], E=511.001 [keV]
OPAL-X> * 17:41:50 Step   1590 container[2] at 0.003 [um], t= 5.551 [ps], E=511.000 [keV]
OPAL-X> * 17:41:50 Step   1591 container[0] at 1.664 [mm], t= 5.552 [ps], E=245.000 [MeV]
OPAL-X> * 17:41:50 Step   1591 container[1] at 0.003 [um], t= 5.552 [ps], E=511.001 [keV]
OPAL-X> * 17:41:50 Step   1591 container[2] at 0.003 [um], t= 5.552 [ps], E=511.000 [keV]
OPAL-X> * 17:41:50 Step   1592 container[0] at 1.665 [mm], t= 5.553 [ps], E=245.000 [MeV]
OPAL-X> * 17:41:50 Step   1592 container[1] at 0.003 [um], t= 5.553 [ps], E=511.001 [keV]
OPAL-X> * 17:41:50 Step   1592 container[2] at 0.003 [um], t= 5.553 [ps], E=511.000 [keV]
OPAL-X> * 17:41:50 Step   1593 container[0] at 1.665 [mm], t= 5.554 [ps], E=245.000 [MeV]
OPAL-X> * 17:41:50 Step   1593 container[1] at 0.003 [um], t= 5.554 [ps], E=511.001 [keV]
OPAL-X> * 17:41:50 Step   1593 container[2] at 0.003 [um], t= 5.554 [ps], E=511.000 [keV]
OPAL-X> * 17:41:50 Step   1594 container[0] at 1.665 [mm], t= 5.555 [ps], E=245.000 [MeV]
OPAL-X> * 17:41:50 Step   1594 container[1] at 0.003 [um], t= 5.555 [ps], E=511.001 [keV]
OPAL-X> * 17:41:50 Step   1594 container[2] at 0.003 [um], t= 5.555 [ps], E=511.000 [keV]
OPAL-X> * 17:41:50 Step   1595 container[0] at 1.666 [mm], t= 5.556 [ps], E=245.000 [MeV]
OPAL-X> * 17:41:50 Step   1595 container[1] at 0.003 [um], t= 5.556 [ps], E=511.001 [keV]
OPAL-X> * 17:41:50 Step   1595 container[2] at 0.003 [um], t= 5.556 [ps], E=511.000 [keV]
OPAL-X> * 17:41:50 Step   1596 container[0] at 1.666 [mm], t= 5.557 [ps], E=245.000 [MeV]
OPAL-X> * 17:41:50 Step   1596 container[1] at 0.003 [um], t= 5.557 [ps], E=511.001 [keV]
OPAL-X> * 17:41:50 Step   1596 container[2] at 0.003 [um], t= 5.557 [ps], E=511.000 [keV]
OPAL-X> * 17:41:50 Step   1597 container[0] at 1.666 [mm], t= 5.558 [ps], E=245.000 [MeV]
OPAL-X> * 17:41:50 Step   1597 container[1] at 0.003 [um], t= 5.558 [ps], E=511.001 [keV]
OPAL-X> * 17:41:50 Step   1597 container[2] at 0.003 [um], t= 5.558 [ps], E=511.000 [keV]
OPAL-X> * 17:41:51 Step   1598 container[0] at 1.667 [mm], t= 5.559 [ps], E=245.000 [MeV]
OPAL-X> * 17:41:51 Step   1598 container[1] at 0.003 [um], t= 5.559 [ps], E=511.001 [keV]
OPAL-X> * 17:41:51 Step   1598 container[2] at 0.003 [um], t= 5.559 [ps], E=511.000 [keV]
OPAL-X> * 17:41:51 Step   1599 container[0] at 1.667 [mm], t= 5.560 [ps], E=245.000 [MeV]
OPAL-X> * 17:41:51 Step   1599 container[1] at 0.003 [um], t= 5.560 [ps], E=511.001 [keV]
OPAL-X> * 17:41:51 Step   1599 container[2] at 0.003 [um], t= 5.560 [ps], E=511.000 [keV]
OPAL-X> * 17:41:51 Step   1600 container[0] at 1.667 [mm], t= 5.561 [ps], E=245.000 [MeV]
OPAL-X> * 17:41:51 Step   1600 container[1] at 0.003 [um], t= 5.561 [ps], E=511.001 [keV]
OPAL-X> * 17:41:51 Step   1600 container[2] at 0.003 [um], t= 5.561 [ps], E=511.000 [keV]
OPAL-X> * 17:41:51 Step   1601 container[0] at 1.667 [mm], t= 5.562 [ps], E=245.000 [MeV]
OPAL-X> * 17:41:51 Step   1601 container[1] at 0.003 [um], t= 5.562 [ps], E=511.001 [keV]
OPAL-X> * 17:41:51 Step   1601 container[2] at 0.003 [um], t= 5.562 [ps], E=511.000 [keV]
OPAL-X> * 17:41:51 Step   1602 container[0] at 1.668 [mm], t= 5.563 [ps], E=245.000 [MeV]
OPAL-X> * 17:41:51 Step   1602 container[1] at 0.003 [um], t= 5.563 [ps], E=511.001 [keV]
OPAL-X> * 17:41:51 Step   1602 container[2] at 0.003 [um], t= 5.563 [ps], E=511.000 [keV]
OPAL-X> * 17:41:51 Step   1603 container[0] at 1.668 [mm], t= 5.564 [ps], E=245.000 [MeV]
OPAL-X> * 17:41:51 Step   1603 container[1] at 0.003 [um], t= 5.564 [ps], E=511.001 [keV]
OPAL-X> * 17:41:51 Step   1603 container[2] at 0.003 [um], t= 5.564 [ps], E=511.000 [keV]
OPAL-X> * 17:41:51 Step   1604 container[0] at 1.668 [mm], t= 5.565 [ps], E=245.000 [MeV]
OPAL-X> * 17:41:51 Step   1604 container[1] at 0.003 [um], t= 5.565 [ps], E=511.001 [keV]
OPAL-X> * 17:41:51 Step   1604 container[2] at 0.003 [um], t= 5.565 [ps], E=511.000 [keV]
OPAL-X> * 17:41:51 Step   1605 container[0] at 1.669 [mm], t= 5.566 [ps], E=245.000 [MeV]
OPAL-X> * 17:41:51 Step   1605 container[1] at 0.003 [um], t= 5.566 [ps], E=511.001 [keV]
OPAL-X> * 17:41:51 Step   1605 container[2] at 0.003 [um], t= 5.566 [ps], E=511.000 [keV]
OPAL-X> * 17:41:51 Step   1606 container[0] at 1.669 [mm], t= 5.567 [ps], E=245.000 [MeV]
OPAL-X> * 17:41:51 Step   1606 container[1] at 0.003 [um], t= 5.567 [ps], E=511.001 [keV]
OPAL-X> * 17:41:51 Step   1606 container[2] at 0.003 [um], t= 5.567 [ps], E=511.000 [keV]
OPAL-X> * 17:41:51 Step   1607 container[0] at 1.669 [mm], t= 5.568 [ps], E=245.000 [MeV]
OPAL-X> * 17:41:51 Step   1607 container[1] at 0.003 [um], t= 5.568 [ps], E=511.001 [keV]
OPAL-X> * 17:41:51 Step   1607 container[2] at 0.003 [um], t= 5.568 [ps], E=511.000 [keV]
OPAL-X> * 17:41:51 Step   1608 container[0] at 1.670 [mm], t= 5.569 [ps], E=245.000 [MeV]
OPAL-X> * 17:41:51 Step   1608 container[1] at 0.003 [um], t= 5.569 [ps], E=511.001 [keV]
OPAL-X> * 17:41:51 Step   1608 container[2] at 0.003 [um], t= 5.569 [ps], E=511.000 [keV]
OPAL-X> * 17:41:51 Step   1609 container[0] at 1.670 [mm], t= 5.570 [ps], E=245.000 [MeV]
OPAL-X> * 17:41:51 Step   1609 container[1] at 0.003 [um], t= 5.570 [ps], E=511.001 [keV]
OPAL-X> * 17:41:51 Step   1609 container[2] at 0.003 [um], t= 5.570 [ps], E=511.000 [keV]
OPAL-X> * 17:41:51 Step   1610 container[0] at 1.670 [mm], t= 5.571 [ps], E=245.000 [MeV]
OPAL-X> * 17:41:51 Step   1610 container[1] at 0.003 [um], t= 5.571 [ps], E=511.001 [keV]
OPAL-X> * 17:41:51 Step   1610 container[2] at 0.003 [um], t= 5.571 [ps], E=511.000 [keV]
OPAL-X> * 17:41:51 Step   1611 container[0] at 1.670 [mm], t= 5.572 [ps], E=245.000 [MeV]
OPAL-X> * 17:41:51 Step   1611 container[1] at 0.003 [um], t= 5.572 [ps], E=511.001 [keV]
OPAL-X> * 17:41:51 Step   1611 container[2] at 0.003 [um], t= 5.572 [ps], E=511.000 [keV]
OPAL-X> * 17:41:51 Step   1612 container[0] at 1.671 [mm], t= 5.573 [ps], E=245.000 [MeV]
OPAL-X> * 17:41:51 Step   1612 container[1] at 0.003 [um], t= 5.573 [ps], E=511.001 [keV]
OPAL-X> * 17:41:51 Step   1612 container[2] at 0.003 [um], t= 5.573 [ps], E=511.000 [keV]
OPAL-X> * 17:41:51 Step   1613 container[0] at 1.671 [mm], t= 5.574 [ps], E=245.000 [MeV]
OPAL-X> * 17:41:51 Step   1613 container[1] at 0.003 [um], t= 5.574 [ps], E=511.001 [keV]
OPAL-X> * 17:41:51 Step   1613 container[2] at 0.003 [um], t= 5.574 [ps], E=511.000 [keV]
OPAL-X> * 17:41:51 Step   1614 container[0] at 1.671 [mm], t= 5.575 [ps], E=245.000 [MeV]
OPAL-X> * 17:41:51 Step   1614 container[1] at 0.003 [um], t= 5.575 [ps], E=511.001 [keV]
OPAL-X> * 17:41:51 Step   1614 container[2] at 0.003 [um], t= 5.575 [ps], E=511.000 [keV]
OPAL-X> * 17:41:51 Step   1615 container[0] at 1.672 [mm], t= 5.576 [ps], E=245.000 [MeV]
OPAL-X> * 17:41:51 Step   1615 container[1] at 0.003 [um], t= 5.576 [ps], E=511.001 [keV]
OPAL-X> * 17:41:51 Step   1615 container[2] at 0.003 [um], t= 5.576 [ps], E=511.000 [keV]
OPAL-X> * 17:41:51 Step   1616 container[0] at 1.672 [mm], t= 5.577 [ps], E=245.000 [MeV]
OPAL-X> * 17:41:51 Step   1616 container[1] at 0.003 [um], t= 5.577 [ps], E=511.001 [keV]
OPAL-X> * 17:41:51 Step   1616 container[2] at 0.003 [um], t= 5.577 [ps], E=511.000 [keV]
OPAL-X> * 17:41:51 Step   1617 container[0] at 1.672 [mm], t= 5.578 [ps], E=245.000 [MeV]
OPAL-X> * 17:41:51 Step   1617 container[1] at 0.003 [um], t= 5.578 [ps], E=511.001 [keV]
OPAL-X> * 17:41:51 Step   1617 container[2] at 0.003 [um], t= 5.578 [ps], E=511.000 [keV]
OPAL-X> * 17:41:51 Step   1618 container[0] at 1.673 [mm], t= 5.579 [ps], E=245.000 [MeV]
OPAL-X> * 17:41:51 Step   1618 container[1] at 0.003 [um], t= 5.579 [ps], E=511.001 [keV]
OPAL-X> * 17:41:51 Step   1618 container[2] at 0.003 [um], t= 5.579 [ps], E=511.000 [keV]
OPAL-X> * 17:41:51 Step   1619 container[0] at 1.673 [mm], t= 5.580 [ps], E=245.000 [MeV]
OPAL-X> * 17:41:51 Step   1619 container[1] at 0.003 [um], t= 5.580 [ps], E=511.001 [keV]
OPAL-X> * 17:41:51 Step   1619 container[2] at 0.003 [um], t= 5.580 [ps], E=511.000 [keV]
OPAL-X> * 17:41:51 Step   1620 container[0] at 1.673 [mm], t= 5.581 [ps], E=245.000 [MeV]
OPAL-X> * 17:41:51 Step   1620 container[1] at 0.003 [um], t= 5.581 [ps], E=511.001 [keV]
OPAL-X> * 17:41:51 Step   1620 container[2] at 0.003 [um], t= 5.581 [ps], E=511.000 [keV]
OPAL-X> * 17:41:51 Step   1621 container[0] at 1.673 [mm], t= 5.582 [ps], E=245.000 [MeV]
OPAL-X> * 17:41:51 Step   1621 container[1] at 0.003 [um], t= 5.582 [ps], E=511.001 [keV]
OPAL-X> * 17:41:51 Step   1621 container[2] at 0.003 [um], t= 5.582 [ps], E=511.000 [keV]
OPAL-X> * 17:41:51 Step   1622 container[0] at 1.674 [mm], t= 5.583 [ps], E=245.000 [MeV]
OPAL-X> * 17:41:51 Step   1622 container[1] at 0.003 [um], t= 5.583 [ps], E=511.001 [keV]
OPAL-X> * 17:41:51 Step   1622 container[2] at 0.003 [um], t= 5.583 [ps], E=511.001 [keV]
OPAL-X> * 17:41:51 Step   1623 container[0] at 1.674 [mm], t= 5.584 [ps], E=245.000 [MeV]
OPAL-X> * 17:41:51 Step   1623 container[1] at 0.003 [um], t= 5.584 [ps], E=511.001 [keV]
OPAL-X> * 17:41:51 Step   1623 container[2] at 0.003 [um], t= 5.584 [ps], E=511.001 [keV]
OPAL-X> * 17:41:51 Step   1624 container[0] at 1.674 [mm], t= 5.585 [ps], E=245.000 [MeV]
OPAL-X> * 17:41:51 Step   1624 container[1] at 0.003 [um], t= 5.585 [ps], E=511.001 [keV]
OPAL-X> * 17:41:51 Step   1624 container[2] at 0.003 [um], t= 5.585 [ps], E=511.001 [keV]
OPAL-X> * 17:41:51 Step   1625 container[0] at 1.675 [mm], t= 5.586 [ps], E=245.000 [MeV]
OPAL-X> * 17:41:51 Step   1625 container[1] at 0.003 [um], t= 5.586 [ps], E=511.001 [keV]
OPAL-X> * 17:41:51 Step   1625 container[2] at 0.003 [um], t= 5.586 [ps], E=511.001 [keV]
OPAL-X> * 17:41:51 Step   1626 container[0] at 1.675 [mm], t= 5.587 [ps], E=245.000 [MeV]
OPAL-X> * 17:41:51 Step   1626 container[1] at 0.003 [um], t= 5.587 [ps], E=511.001 [keV]
OPAL-X> * 17:41:51 Step   1626 container[2] at 0.003 [um], t= 5.587 [ps], E=511.001 [keV]
OPAL-X> * 17:41:51 Step   1627 container[0] at 1.675 [mm], t= 5.588 [ps], E=245.000 [MeV]
OPAL-X> * 17:41:51 Step   1627 container[1] at 0.003 [um], t= 5.588 [ps], E=511.001 [keV]
OPAL-X> * 17:41:51 Step   1627 container[2] at 0.003 [um], t= 5.588 [ps], E=511.001 [keV]
OPAL-X> * 17:41:51 Step   1628 container[0] at 1.676 [mm], t= 5.589 [ps], E=245.000 [MeV]
OPAL-X> * 17:41:51 Step   1628 container[1] at 0.003 [um], t= 5.589 [ps], E=511.001 [keV]
OPAL-X> * 17:41:51 Step   1628 container[2] at 0.003 [um], t= 5.589 [ps], E=511.001 [keV]
OPAL-X> * 17:41:51 Step   1629 container[0] at 1.676 [mm], t= 5.590 [ps], E=245.000 [MeV]
OPAL-X> * 17:41:51 Step   1629 container[1] at 0.003 [um], t= 5.590 [ps], E=511.001 [keV]
OPAL-X> * 17:41:51 Step   1629 container[2] at 0.003 [um], t= 5.590 [ps], E=511.001 [keV]
OPAL-X> * 17:41:51 Step   1630 container[0] at 1.676 [mm], t= 5.591 [ps], E=245.000 [MeV]
OPAL-X> * 17:41:51 Step   1630 container[1] at 0.003 [um], t= 5.591 [ps], E=511.001 [keV]
OPAL-X> * 17:41:51 Step   1630 container[2] at 0.003 [um], t= 5.591 [ps], E=511.001 [keV]
OPAL-X> * 17:41:51 Step   1631 container[0] at 1.676 [mm], t= 5.592 [ps], E=245.000 [MeV]
OPAL-X> * 17:41:51 Step   1631 container[1] at 0.003 [um], t= 5.592 [ps], E=511.001 [keV]
OPAL-X> * 17:41:51 Step   1631 container[2] at 0.003 [um], t= 5.592 [ps], E=511.001 [keV]
OPAL-X> * 17:41:51 Step   1632 container[0] at 1.677 [mm], t= 5.593 [ps], E=245.000 [MeV]
OPAL-X> * 17:41:51 Step   1632 container[1] at 0.003 [um], t= 5.593 [ps], E=511.001 [keV]
OPAL-X> * 17:41:51 Step   1632 container[2] at 0.003 [um], t= 5.593 [ps], E=511.001 [keV]
OPAL-X> * 17:41:51 Step   1633 container[0] at 1.677 [mm], t= 5.594 [ps], E=245.000 [MeV]
OPAL-X> * 17:41:51 Step   1633 container[1] at 0.003 [um], t= 5.594 [ps], E=511.001 [keV]
OPAL-X> * 17:41:51 Step   1633 container[2] at 0.003 [um], t= 5.594 [ps], E=511.001 [keV]
OPAL-X> * 17:41:51 Step   1634 container[0] at 1.677 [mm], t= 5.595 [ps], E=245.000 [MeV]
OPAL-X> * 17:41:51 Step   1634 container[1] at 0.003 [um], t= 5.595 [ps], E=511.001 [keV]
OPAL-X> * 17:41:51 Step   1634 container[2] at 0.003 [um], t= 5.595 [ps], E=511.001 [keV]
OPAL-X> * 17:41:51 Step   1635 container[0] at 1.678 [mm], t= 5.596 [ps], E=245.000 [MeV]
OPAL-X> * 17:41:51 Step   1635 container[1] at 0.003 [um], t= 5.596 [ps], E=511.001 [keV]
OPAL-X> * 17:41:51 Step   1635 container[2] at 0.003 [um], t= 5.596 [ps], E=511.001 [keV]
OPAL-X> * 17:41:51 Step   1636 container[0] at 1.678 [mm], t= 5.597 [ps], E=245.000 [MeV]
OPAL-X> * 17:41:51 Step   1636 container[1] at 0.003 [um], t= 5.597 [ps], E=511.001 [keV]
OPAL-X> * 17:41:51 Step   1636 container[2] at 0.003 [um], t= 5.597 [ps], E=511.001 [keV]
OPAL-X> * 17:41:51 Step   1637 container[0] at 1.678 [mm], t= 5.598 [ps], E=245.000 [MeV]
OPAL-X> * 17:41:51 Step   1637 container[1] at 0.003 [um], t= 5.598 [ps], E=511.001 [keV]
OPAL-X> * 17:41:51 Step   1637 container[2] at 0.003 [um], t= 5.598 [ps], E=511.001 [keV]
OPAL-X> * 17:41:51 Step   1638 container[0] at 1.679 [mm], t= 5.599 [ps], E=245.000 [MeV]
OPAL-X> * 17:41:51 Step   1638 container[1] at 0.003 [um], t= 5.599 [ps], E=511.001 [keV]
OPAL-X> * 17:41:51 Step   1638 container[2] at 0.003 [um], t= 5.599 [ps], E=511.001 [keV]
OPAL-X> * 17:41:51 Step   1639 container[0] at 1.679 [mm], t= 5.600 [ps], E=245.000 [MeV]
OPAL-X> * 17:41:51 Step   1639 container[1] at 0.003 [um], t= 5.600 [ps], E=511.001 [keV]
OPAL-X> * 17:41:51 Step   1639 container[2] at 0.003 [um], t= 5.600 [ps], E=511.001 [keV]
OPAL-X> * 17:41:51 Step   1640 container[0] at 1.679 [mm], t= 5.601 [ps], E=245.000 [MeV]
OPAL-X> * 17:41:51 Step   1640 container[1] at 0.003 [um], t= 5.601 [ps], E=511.001 [keV]
OPAL-X> * 17:41:51 Step   1640 container[2] at 0.003 [um], t= 5.601 [ps], E=511.001 [keV]
BB-DIAG BB-state=Completed active_bunches=3 retired_bunches=0 witness_states=c1:active:n=6,c2:active:n=6 BB-active=FALSE source_retirement_pending=TRUE
ParticleContainer::deleteInvalidParticles> New total number:               0 (local: 0)
ParallelTracker::computeSpaceChargeFields[2]> Retired BeamBeam source container[0] at RETIRE_TIME: marked 100, deleted 100, remaining 0. Witness containers remain active.
BB-DIAG BB-state=Completed active_bunches=2 retired_bunches=1 witness_states=c1:active:n=6,c2:active:n=6 source_active=FALSE source_retirement_pending=FALSE
OPAL-X> * 17:41:51 Step   1641 container[1] at 0.003 [um], t= 5.602 [ps], E=511.001 [keV]
OPAL-X> * 17:41:51 Step   1641 container[2] at 0.003 [um], t= 5.602 [ps], E=511.001 [keV]
OPAL-X> * 17:41:51 Step   1642 container[1] at 0.003 [um], t= 5.603 [ps], E=511.001 [keV]
OPAL-X> * 17:41:51 Step   1642 container[2] at 0.003 [um], t= 5.603 [ps], E=511.001 [keV]
OPAL-X> * 17:41:51 Step   1643 container[1] at 0.003 [um], t= 5.604 [ps], E=511.001 [keV]
OPAL-X> * 17:41:51 Step   1643 container[2] at 0.003 [um], t= 5.604 [ps], E=511.001 [keV]
OPAL-X> * 17:41:51 Step   1644 container[1] at 0.003 [um], t= 5.605 [ps], E=511.001 [keV]
OPAL-X> * 17:41:51 Step   1644 container[2] at 0.003 [um], t= 5.605 [ps], E=511.001 [keV]
OPAL-X> * 17:41:51 Step   1645 container[1] at 0.003 [um], t= 5.606 [ps], E=511.001 [keV]
OPAL-X> * 17:41:51 Step   1645 container[2] at 0.003 [um], t= 5.606 [ps], E=511.001 [keV]
OPAL-X> * 17:41:51 Step   1646 container[1] at 0.003 [um], t= 5.607 [ps], E=511.001 [keV]
OPAL-X> * 17:41:51 Step   1646 container[2] at 0.003 [um], t= 5.607 [ps], E=511.001 [keV]
OPAL-X> * 17:41:51 Step   1647 container[1] at 0.003 [um], t= 5.608 [ps], E=511.001 [keV]
OPAL-X> * 17:41:51 Step   1647 container[2] at 0.003 [um], t= 5.608 [ps], E=511.001 [keV]
OPAL-X> * 17:41:51 Step   1648 container[1] at 0.003 [um], t= 5.609 [ps], E=511.001 [keV]
OPAL-X> * 17:41:51 Step   1648 container[2] at 0.003 [um], t= 5.609 [ps], E=511.001 [keV]
OPAL-X> * 17:41:51 Step   1649 container[1] at 0.003 [um], t= 5.610 [ps], E=511.001 [keV]
OPAL-X> * 17:41:51 Step   1649 container[2] at 0.003 [um], t= 5.610 [ps], E=511.001 [keV]
OPAL-X> * 17:41:51 Step   1650 container[1] at 0.003 [um], t= 5.611 [ps], E=511.001 [keV]
OPAL-X> * 17:41:51 Step   1650 container[2] at 0.003 [um], t= 5.611 [ps], E=511.001 [keV]
OPAL-X> * 17:41:51 Step   1651 container[1] at 0.003 [um], t= 5.612 [ps], E=511.001 [keV]
OPAL-X> * 17:41:51 Step   1651 container[2] at 0.003 [um], t= 5.612 [ps], E=511.001 [keV]
OPAL-X> * 17:41:51 Step   1652 container[1] at 0.003 [um], t= 5.613 [ps], E=511.001 [keV]
OPAL-X> * 17:41:51 Step   1652 container[2] at 0.003 [um], t= 5.613 [ps], E=511.001 [keV]
OPAL-X> * 17:41:51 Step   1653 container[1] at 0.003 [um], t= 5.614 [ps], E=511.001 [keV]
OPAL-X> * 17:41:51 Step   1653 container[2] at 0.003 [um], t= 5.614 [ps], E=511.001 [keV]
OPAL-X> * 17:41:51 Step   1654 container[1] at 0.003 [um], t= 5.615 [ps], E=511.001 [keV]
OPAL-X> * 17:41:51 Step   1654 container[2] at 0.003 [um], t= 5.615 [ps], E=511.001 [keV]
OPAL-X> * 17:41:51 Step   1655 container[1] at 0.003 [um], t= 5.616 [ps], E=511.001 [keV]
OPAL-X> * 17:41:51 Step   1655 container[2] at 0.003 [um], t= 5.616 [ps], E=511.001 [keV]
OPAL-X> * 17:41:51 Step   1656 container[1] at 0.003 [um], t= 5.617 [ps], E=511.001 [keV]
OPAL-X> * 17:41:51 Step   1656 container[2] at 0.003 [um], t= 5.617 [ps], E=511.001 [keV]
OPAL-X> * 17:41:51 Step   1657 container[1] at 0.003 [um], t= 5.618 [ps], E=511.001 [keV]
OPAL-X> * 17:41:51 Step   1657 container[2] at 0.003 [um], t= 5.618 [ps], E=511.001 [keV]
OPAL-X> * 17:41:51 Step   1658 container[1] at 0.003 [um], t= 5.619 [ps], E=511.001 [keV]
OPAL-X> * 17:41:51 Step   1658 container[2] at 0.003 [um], t= 5.619 [ps], E=511.001 [keV]
OPAL-X> * 17:41:51 Step   1659 container[1] at 0.003 [um], t= 5.620 [ps], E=511.001 [keV]
OPAL-X> * 17:41:51 Step   1659 container[2] at 0.003 [um], t= 5.620 [ps], E=511.001 [keV]
OPAL-X> * 17:41:51 Step   1660 container[1] at 0.003 [um], t= 5.621 [ps], E=511.001 [keV]
OPAL-X> * 17:41:51 Step   1660 container[2] at 0.003 [um], t= 5.621 [ps], E=511.001 [keV]
OPAL-X> * 17:41:51 Step   1661 container[1] at 0.003 [um], t= 5.622 [ps], E=511.001 [keV]
OPAL-X> * 17:41:51 Step   1661 container[2] at 0.003 [um], t= 5.622 [ps], E=511.001 [keV]
OPAL-X> * 17:41:51 Step   1662 container[1] at 0.003 [um], t= 5.623 [ps], E=511.001 [keV]
OPAL-X> * 17:41:51 Step   1662 container[2] at 0.003 [um], t= 5.623 [ps], E=511.001 [keV]
OPAL-X> * 17:41:51 Step   1663 container[1] at 0.003 [um], t= 5.624 [ps], E=511.001 [keV]
OPAL-X> * 17:41:51 Step   1663 container[2] at 0.003 [um], t= 5.624 [ps], E=511.001 [keV]
OPAL-X> * 17:41:51 Step   1664 container[1] at 0.003 [um], t= 5.625 [ps], E=511.001 [keV]
OPAL-X> * 17:41:51 Step   1664 container[2] at 0.003 [um], t= 5.625 [ps], E=511.001 [keV]
OPAL-X> * 17:41:51 Step   1665 container[1] at 0.003 [um], t= 5.626 [ps], E=511.001 [keV]
OPAL-X> * 17:41:51 Step   1665 container[2] at 0.003 [um], t= 5.626 [ps], E=511.001 [keV]
OPAL-X> * 17:41:51 Step   1666 container[1] at 0.003 [um], t= 5.627 [ps], E=511.001 [keV]
OPAL-X> * 17:41:51 Step   1666 container[2] at 0.003 [um], t= 5.627 [ps], E=511.001 [keV]
OPAL-X> * 17:41:51 Step   1667 container[1] at 0.003 [um], t= 5.628 [ps], E=511.001 [keV]
OPAL-X> * 17:41:51 Step   1667 container[2] at 0.003 [um], t= 5.628 [ps], E=511.001 [keV]
OPAL-X> * 17:41:51 Step   1668 container[1] at 0.003 [um], t= 5.629 [ps], E=511.001 [keV]
OPAL-X> * 17:41:51 Step   1668 container[2] at 0.003 [um], t= 5.629 [ps], E=511.001 [keV]
OPAL-X> * 17:41:51 Step   1669 container[1] at 0.003 [um], t= 5.630 [ps], E=511.001 [keV]
OPAL-X> * 17:41:51 Step   1669 container[2] at 0.003 [um], t= 5.630 [ps], E=511.001 [keV]
OPAL-X> * 17:41:51 Step   1670 container[1] at 0.003 [um], t= 5.631 [ps], E=511.001 [keV]
OPAL-X> * 17:41:51 Step   1670 container[2] at 0.003 [um], t= 5.631 [ps], E=511.001 [keV]
OPAL-X> * 17:41:51 Step   1671 container[1] at 0.003 [um], t= 5.632 [ps], E=511.001 [keV]
OPAL-X> * 17:41:51 Step   1671 container[2] at 0.003 [um], t= 5.632 [ps], E=511.001 [keV]
OPAL-X> * 17:41:51 Step   1672 container[1] at 0.003 [um], t= 5.633 [ps], E=511.001 [keV]
OPAL-X> * 17:41:51 Step   1672 container[2] at 0.003 [um], t= 5.633 [ps], E=511.001 [keV]
OPAL-X> * 17:41:51 Step   1673 container[1] at 0.003 [um], t= 5.634 [ps], E=511.001 [keV]
OPAL-X> * 17:41:51 Step   1673 container[2] at 0.003 [um], t= 5.634 [ps], E=511.001 [keV]
OPAL-X> * 17:41:51 Step   1674 container[1] at 0.003 [um], t= 5.635 [ps], E=511.001 [keV]
OPAL-X> * 17:41:51 Step   1674 container[2] at 0.003 [um], t= 5.635 [ps], E=511.001 [keV]
OPAL-X> * 17:41:51 Step   1675 container[1] at 0.003 [um], t= 5.636 [ps], E=511.001 [keV]
OPAL-X> * 17:41:51 Step   1675 container[2] at 0.003 [um], t= 5.636 [ps], E=511.001 [keV]
OPAL-X> * 17:41:51 Step   1676 container[1] at 0.003 [um], t= 5.637 [ps], E=511.001 [keV]
OPAL-X> * 17:41:51 Step   1676 container[2] at 0.003 [um], t= 5.637 [ps], E=511.001 [keV]
OPAL-X> * 17:41:51 Step   1677 container[1] at 0.003 [um], t= 5.638 [ps], E=511.001 [keV]
OPAL-X> * 17:41:51 Step   1677 container[2] at 0.003 [um], t= 5.638 [ps], E=511.001 [keV]
OPAL-X> * 17:41:51 Step   1678 container[1] at 0.003 [um], t= 5.639 [ps], E=511.001 [keV]
OPAL-X> * 17:41:51 Step   1678 container[2] at 0.003 [um], t= 5.639 [ps], E=511.001 [keV]
OPAL-X> * 17:41:51 Step   1679 container[1] at 0.003 [um], t= 5.640 [ps], E=511.001 [keV]
OPAL-X> * 17:41:51 Step   1679 container[2] at 0.003 [um], t= 5.640 [ps], E=511.001 [keV]
OPAL-X> * 17:41:51 Step   1680 container[1] at 0.003 [um], t= 5.641 [ps], E=511.001 [keV]
OPAL-X> * 17:41:51 Step   1680 container[2] at 0.003 [um], t= 5.641 [ps], E=511.001 [keV]
OPAL-X> * 17:41:51 Step   1681 container[1] at 0.003 [um], t= 5.642 [ps], E=511.001 [keV]
OPAL-X> * 17:41:51 Step   1681 container[2] at 0.003 [um], t= 5.642 [ps], E=511.001 [keV]
OPAL-X> * 17:41:51 Step   1682 container[1] at 0.003 [um], t= 5.643 [ps], E=511.001 [keV]
OPAL-X> * 17:41:51 Step   1682 container[2] at 0.003 [um], t= 5.643 [ps], E=511.001 [keV]
OPAL-X> * 17:41:51 Step   1683 container[1] at 0.003 [um], t= 5.644 [ps], E=511.001 [keV]
OPAL-X> * 17:41:51 Step   1683 container[2] at 0.003 [um], t= 5.644 [ps], E=511.001 [keV]
OPAL-X> * 17:41:51 Step   1684 container[1] at 0.003 [um], t= 5.645 [ps], E=511.001 [keV]
OPAL-X> * 17:41:51 Step   1684 container[2] at 0.003 [um], t= 5.645 [ps], E=511.001 [keV]
OPAL-X> * 17:41:51 Step   1685 container[1] at 0.003 [um], t= 5.646 [ps], E=511.001 [keV]
OPAL-X> * 17:41:51 Step   1685 container[2] at 0.003 [um], t= 5.646 [ps], E=511.001 [keV]
OPAL-X> * 17:41:51 Step   1686 container[1] at 0.003 [um], t= 5.647 [ps], E=511.001 [keV]
OPAL-X> * 17:41:51 Step   1686 container[2] at 0.003 [um], t= 5.647 [ps], E=511.001 [keV]
OPAL-X> * 17:41:51 Step   1687 container[1] at 0.003 [um], t= 5.648 [ps], E=511.001 [keV]
OPAL-X> * 17:41:51 Step   1687 container[2] at 0.003 [um], t= 5.648 [ps], E=511.001 [keV]
OPAL-X> * 17:41:51 Step   1688 container[1] at 0.003 [um], t= 5.649 [ps], E=511.001 [keV]
OPAL-X> * 17:41:51 Step   1688 container[2] at 0.003 [um], t= 5.649 [ps], E=511.001 [keV]
OPAL-X> * 17:41:51 Step   1689 container[1] at 0.003 [um], t= 5.650 [ps], E=511.001 [keV]
OPAL-X> * 17:41:51 Step   1689 container[2] at 0.003 [um], t= 5.650 [ps], E=511.001 [keV]
OPAL-X> * 17:41:51 Step   1690 container[1] at 0.003 [um], t= 5.651 [ps], E=511.001 [keV]
OPAL-X> * 17:41:51 Step   1690 container[2] at 0.003 [um], t= 5.651 [ps], E=511.001 [keV]
OPAL-X> * 17:41:51 Step   1691 container[1] at 0.003 [um], t= 5.652 [ps], E=511.001 [keV]
OPAL-X> * 17:41:51 Step   1691 container[2] at 0.003 [um], t= 5.652 [ps], E=511.001 [keV]
OPAL-X> * 17:41:51 Step   1692 container[1] at 0.003 [um], t= 5.653 [ps], E=511.001 [keV]
OPAL-X> * 17:41:51 Step   1692 container[2] at 0.003 [um], t= 5.653 [ps], E=511.001 [keV]
OPAL-X> * 17:41:51 Step   1693 container[1] at 0.003 [um], t= 5.654 [ps], E=511.001 [keV]
OPAL-X> * 17:41:51 Step   1693 container[2] at 0.003 [um], t= 5.654 [ps], E=511.001 [keV]
OPAL-X> * 17:41:51 Step   1694 container[1] at 0.003 [um], t= 5.655 [ps], E=511.001 [keV]
OPAL-X> * 17:41:51 Step   1694 container[2] at 0.003 [um], t= 5.655 [ps], E=511.001 [keV]
OPAL-X> * 17:41:52 Step   1695 container[1] at 0.003 [um], t= 5.656 [ps], E=511.001 [keV]
OPAL-X> * 17:41:52 Step   1695 container[2] at 0.003 [um], t= 5.656 [ps], E=511.001 [keV]
OPAL-X> * 17:41:52 Step   1696 container[1] at 0.003 [um], t= 5.657 [ps], E=511.001 [keV]
OPAL-X> * 17:41:52 Step   1696 container[2] at 0.003 [um], t= 5.657 [ps], E=511.001 [keV]
OPAL-X> * 17:41:52 Step   1697 container[1] at 0.003 [um], t= 5.658 [ps], E=511.001 [keV]
OPAL-X> * 17:41:52 Step   1697 container[2] at 0.003 [um], t= 5.658 [ps], E=511.001 [keV]
OPAL-X> * 17:41:52 Step   1698 container[1] at 0.003 [um], t= 5.659 [ps], E=511.001 [keV]
OPAL-X> * 17:41:52 Step   1698 container[2] at 0.003 [um], t= 5.659 [ps], E=511.001 [keV]
OPAL-X> * 17:41:52 Step   1699 container[1] at 0.003 [um], t= 5.660 [ps], E=511.001 [keV]
OPAL-X> * 17:41:52 Step   1699 container[2] at 0.003 [um], t= 5.660 [ps], E=511.001 [keV]
OPAL-X> * 17:41:52 Step   1700 container[1] at 0.003 [um], t= 5.661 [ps], E=511.001 [keV]
OPAL-X> * 17:41:52 Step   1700 container[2] at 0.003 [um], t= 5.661 [ps], E=511.001 [keV]
OPAL-X> * 17:41:52 Step   1701 container[1] at 0.003 [um], t= 5.662 [ps], E=511.001 [keV]
OPAL-X> * 17:41:52 Step   1701 container[2] at 0.003 [um], t= 5.662 [ps], E=511.001 [keV]
OPAL-X> * 17:41:52 Step   1702 container[1] at 0.003 [um], t= 5.663 [ps], E=511.001 [keV]
OPAL-X> * 17:41:52 Step   1702 container[2] at 0.003 [um], t= 5.663 [ps], E=511.001 [keV]
OPAL-X> * 17:41:52 Step   1703 container[1] at 0.003 [um], t= 5.664 [ps], E=511.001 [keV]
OPAL-X> * 17:41:52 Step   1703 container[2] at 0.003 [um], t= 5.664 [ps], E=511.001 [keV]
OPAL-X> * 17:41:52 Step   1704 container[1] at 0.003 [um], t= 5.665 [ps], E=511.001 [keV]
OPAL-X> * 17:41:52 Step   1704 container[2] at 0.003 [um], t= 5.665 [ps], E=511.001 [keV]
OPAL-X> * 17:41:52 Step   1705 container[1] at 0.003 [um], t= 5.666 [ps], E=511.001 [keV]
OPAL-X> * 17:41:52 Step   1705 container[2] at 0.003 [um], t= 5.666 [ps], E=511.001 [keV]
OPAL-X> * 17:41:52 Step   1706 container[1] at 0.003 [um], t= 5.667 [ps], E=511.001 [keV]
OPAL-X> * 17:41:52 Step   1706 container[2] at 0.003 [um], t= 5.667 [ps], E=511.001 [keV]
OPAL-X> * 17:41:52 Step   1707 container[1] at 0.003 [um], t= 5.668 [ps], E=511.001 [keV]
OPAL-X> * 17:41:52 Step   1707 container[2] at 0.003 [um], t= 5.668 [ps], E=511.001 [keV]
OPAL-X> * 17:41:52 Step   1708 container[1] at 0.003 [um], t= 5.669 [ps], E=511.001 [keV]
OPAL-X> * 17:41:52 Step   1708 container[2] at 0.003 [um], t= 5.669 [ps], E=511.001 [keV]
OPAL-X> * 17:41:52 Step   1709 container[1] at 0.003 [um], t= 5.670 [ps], E=511.001 [keV]
OPAL-X> * 17:41:52 Step   1709 container[2] at 0.003 [um], t= 5.670 [ps], E=511.001 [keV]
OPAL-X> * 17:41:52 Step   1710 container[1] at 0.003 [um], t= 5.671 [ps], E=511.001 [keV]
OPAL-X> * 17:41:52 Step   1710 container[2] at 0.003 [um], t= 5.671 [ps], E=511.001 [keV]
OPAL-X> * 17:41:52 Step   1711 container[1] at 0.003 [um], t= 5.672 [ps], E=511.001 [keV]
OPAL-X> * 17:41:52 Step   1711 container[2] at 0.003 [um], t= 5.672 [ps], E=511.001 [keV]
OPAL-X> * 17:41:52 Step   1712 container[1] at 0.003 [um], t= 5.673 [ps], E=511.001 [keV]
OPAL-X> * 17:41:52 Step   1712 container[2] at 0.003 [um], t= 5.673 [ps], E=511.001 [keV]
OPAL-X> * 17:41:52 Step   1713 container[1] at 0.003 [um], t= 5.674 [ps], E=511.001 [keV]
OPAL-X> * 17:41:52 Step   1713 container[2] at 0.003 [um], t= 5.674 [ps], E=511.001 [keV]
OPAL-X> * 17:41:52 Step   1714 container[1] at 0.003 [um], t= 5.675 [ps], E=511.001 [keV]
OPAL-X> * 17:41:52 Step   1714 container[2] at 0.003 [um], t= 5.675 [ps], E=511.001 [keV]
OPAL-X> * 17:41:52 Step   1715 container[1] at 0.003 [um], t= 5.676 [ps], E=511.001 [keV]
OPAL-X> * 17:41:52 Step   1715 container[2] at 0.003 [um], t= 5.676 [ps], E=511.001 [keV]
OPAL-X> * 17:41:52 Step   1716 container[1] at 0.003 [um], t= 5.677 [ps], E=511.001 [keV]
OPAL-X> * 17:41:52 Step   1716 container[2] at 0.003 [um], t= 5.677 [ps], E=511.001 [keV]
OPAL-X> * 17:41:52 Step   1717 container[1] at 0.003 [um], t= 5.678 [ps], E=511.001 [keV]
OPAL-X> * 17:41:52 Step   1717 container[2] at 0.003 [um], t= 5.678 [ps], E=511.001 [keV]
OPAL-X> * 17:41:52 Step   1718 container[1] at 0.003 [um], t= 5.679 [ps], E=511.001 [keV]
OPAL-X> * 17:41:52 Step   1718 container[2] at 0.003 [um], t= 5.679 [ps], E=511.001 [keV]
OPAL-X> * 17:41:52 Step   1719 container[1] at 0.003 [um], t= 5.680 [ps], E=511.001 [keV]
OPAL-X> * 17:41:52 Step   1719 container[2] at 0.003 [um], t= 5.680 [ps], E=511.001 [keV]
OPAL-X> * 17:41:52 Step   1720 container[1] at 0.003 [um], t= 5.681 [ps], E=511.001 [keV]
OPAL-X> * 17:41:52 Step   1720 container[2] at 0.003 [um], t= 5.681 [ps], E=511.001 [keV]
OPAL-X> * 17:41:52 Step   1721 container[1] at 0.003 [um], t= 5.682 [ps], E=511.001 [keV]
OPAL-X> * 17:41:52 Step   1721 container[2] at 0.003 [um], t= 5.682 [ps], E=511.001 [keV]
OPAL-X> * 17:41:52 Step   1722 container[1] at 0.003 [um], t= 5.683 [ps], E=511.001 [keV]
OPAL-X> * 17:41:52 Step   1722 container[2] at 0.003 [um], t= 5.683 [ps], E=511.001 [keV]
OPAL-X> * 17:41:52 Step   1723 container[1] at 0.003 [um], t= 5.684 [ps], E=511.001 [keV]
OPAL-X> * 17:41:52 Step   1723 container[2] at 0.003 [um], t= 5.684 [ps], E=511.001 [keV]
OPAL-X> * 17:41:52 Step   1724 container[1] at 0.003 [um], t= 5.685 [ps], E=511.001 [keV]
OPAL-X> * 17:41:52 Step   1724 container[2] at 0.003 [um], t= 5.685 [ps], E=511.001 [keV]
OPAL-X> * 17:41:52 Step   1725 container[1] at 0.003 [um], t= 5.686 [ps], E=511.001 [keV]
OPAL-X> * 17:41:52 Step   1725 container[2] at 0.003 [um], t= 5.686 [ps], E=511.001 [keV]
OPAL-X> * 17:41:52 Step   1726 container[1] at 0.003 [um], t= 5.687 [ps], E=511.001 [keV]
OPAL-X> * 17:41:52 Step   1726 container[2] at 0.003 [um], t= 5.687 [ps], E=511.001 [keV]
OPAL-X> * 17:41:52 Step   1727 container[1] at 0.003 [um], t= 5.688 [ps], E=511.001 [keV]
OPAL-X> * 17:41:52 Step   1727 container[2] at 0.003 [um], t= 5.688 [ps], E=511.001 [keV]
OPAL-X> * 17:41:52 Step   1728 container[1] at 0.003 [um], t= 5.689 [ps], E=511.001 [keV]
OPAL-X> * 17:41:52 Step   1728 container[2] at 0.003 [um], t= 5.689 [ps], E=511.001 [keV]
OPAL-X> * 17:41:52 Step   1729 container[1] at 0.003 [um], t= 5.690 [ps], E=511.001 [keV]
OPAL-X> * 17:41:52 Step   1729 container[2] at 0.003 [um], t= 5.690 [ps], E=511.001 [keV]
OPAL-X> * 17:41:52 Step   1730 container[1] at 0.003 [um], t= 5.691 [ps], E=511.001 [keV]
OPAL-X> * 17:41:52 Step   1730 container[2] at 0.003 [um], t= 5.691 [ps], E=511.001 [keV]
OPAL-X> * 17:41:52 Step   1731 container[1] at 0.003 [um], t= 5.692 [ps], E=511.001 [keV]
OPAL-X> * 17:41:52 Step   1731 container[2] at 0.003 [um], t= 5.692 [ps], E=511.001 [keV]
OPAL-X> * 17:41:52 Step   1732 container[1] at 0.003 [um], t= 5.693 [ps], E=511.001 [keV]
OPAL-X> * 17:41:52 Step   1732 container[2] at 0.003 [um], t= 5.693 [ps], E=511.001 [keV]
OPAL-X> * 17:41:52 Step   1733 container[1] at 0.003 [um], t= 5.694 [ps], E=511.001 [keV]
OPAL-X> * 17:41:52 Step   1733 container[2] at 0.003 [um], t= 5.694 [ps], E=511.001 [keV]
OPAL-X> * 17:41:52 Step   1734 container[1] at 0.003 [um], t= 5.695 [ps], E=511.001 [keV]
OPAL-X> * 17:41:52 Step   1734 container[2] at 0.003 [um], t= 5.695 [ps], E=511.001 [keV]
OPAL-X> * 17:41:52 Step   1735 container[1] at 0.003 [um], t= 5.696 [ps], E=511.001 [keV]
OPAL-X> * 17:41:52 Step   1735 container[2] at 0.003 [um], t= 5.696 [ps], E=511.001 [keV]
OPAL-X> * 17:41:52 Step   1736 container[1] at 0.003 [um], t= 5.697 [ps], E=511.001 [keV]
OPAL-X> * 17:41:52 Step   1736 container[2] at 0.003 [um], t= 5.697 [ps], E=511.001 [keV]
OPAL-X> * 17:41:52 Step   1737 container[1] at 0.003 [um], t= 5.698 [ps], E=511.001 [keV]
OPAL-X> * 17:41:52 Step   1737 container[2] at 0.003 [um], t= 5.698 [ps], E=511.001 [keV]
OPAL-X> * 17:41:52 Step   1738 container[1] at 0.003 [um], t= 5.699 [ps], E=511.001 [keV]
OPAL-X> * 17:41:52 Step   1738 container[2] at 0.003 [um], t= 5.699 [ps], E=511.001 [keV]
OPAL-X> * 17:41:52 Step   1739 container[1] at 0.003 [um], t= 5.700 [ps], E=511.001 [keV]
OPAL-X> * 17:41:52 Step   1739 container[2] at 0.003 [um], t= 5.700 [ps], E=511.001 [keV]
OPAL-X> * 17:41:52 Step   1740 container[1] at 0.003 [um], t= 5.701 [ps], E=511.001 [keV]
OPAL-X> * 17:41:52 Step   1740 container[2] at 0.003 [um], t= 5.701 [ps], E=511.001 [keV]
OPAL-X> * 17:41:52 Step   1741 container[1] at 0.003 [um], t= 5.702 [ps], E=511.001 [keV]
OPAL-X> * 17:41:52 Step   1741 container[2] at 0.003 [um], t= 5.702 [ps], E=511.001 [keV]
OPAL-X> * 17:41:52 Step   1742 container[1] at 0.003 [um], t= 5.703 [ps], E=511.001 [keV]
OPAL-X> * 17:41:52 Step   1742 container[2] at 0.003 [um], t= 5.703 [ps], E=511.001 [keV]
OPAL-X> * 17:41:52 Step   1743 container[1] at 0.003 [um], t= 5.704 [ps], E=511.001 [keV]
OPAL-X> * 17:41:52 Step   1743 container[2] at 0.003 [um], t= 5.704 [ps], E=511.001 [keV]
OPAL-X> * 17:41:52 Step   1744 container[1] at 0.003 [um], t= 5.705 [ps], E=511.001 [keV]
OPAL-X> * 17:41:52 Step   1744 container[2] at 0.003 [um], t= 5.705 [ps], E=511.001 [keV]
OPAL-X> * 17:41:52 Step   1745 container[1] at 0.003 [um], t= 5.706 [ps], E=511.001 [keV]
OPAL-X> * 17:41:52 Step   1745 container[2] at 0.003 [um], t= 5.706 [ps], E=511.001 [keV]
OPAL-X> * 17:41:52 Step   1746 container[1] at 0.003 [um], t= 5.707 [ps], E=511.001 [keV]
OPAL-X> * 17:41:52 Step   1746 container[2] at 0.003 [um], t= 5.707 [ps], E=511.001 [keV]
OPAL-X> * 17:41:52 Step   1747 container[1] at 0.003 [um], t= 5.708 [ps], E=511.001 [keV]
OPAL-X> * 17:41:52 Step   1747 container[2] at 0.003 [um], t= 5.708 [ps], E=511.001 [keV]
OPAL-X> * 17:41:52 Step   1748 container[1] at 0.003 [um], t= 5.709 [ps], E=511.001 [keV]
OPAL-X> * 17:41:52 Step   1748 container[2] at 0.003 [um], t= 5.709 [ps], E=511.001 [keV]
OPAL-X> * 17:41:52 Step   1749 container[1] at 0.003 [um], t= 5.710 [ps], E=511.001 [keV]
OPAL-X> * 17:41:52 Step   1749 container[2] at 0.003 [um], t= 5.710 [ps], E=511.001 [keV]
OPAL-X> * 17:41:52 Step   1750 container[1] at 0.003 [um], t= 5.711 [ps], E=511.001 [keV]
OPAL-X> * 17:41:52 Step   1750 container[2] at 0.003 [um], t= 5.711 [ps], E=511.001 [keV]
OPAL-X> * 17:41:52 Step   1751 container[1] at 0.003 [um], t= 5.712 [ps], E=511.001 [keV]
OPAL-X> * 17:41:52 Step   1751 container[2] at 0.003 [um], t= 5.712 [ps], E=511.001 [keV]
OPAL-X> * 17:41:52 Step   1752 container[1] at 0.003 [um], t= 5.713 [ps], E=511.001 [keV]
OPAL-X> * 17:41:52 Step   1752 container[2] at 0.003 [um], t= 5.713 [ps], E=511.001 [keV]
OPAL-X> * 17:41:52 Step   1753 container[1] at 0.003 [um], t= 5.714 [ps], E=511.001 [keV]
OPAL-X> * 17:41:52 Step   1753 container[2] at 0.003 [um], t= 5.714 [ps], E=511.001 [keV]
OPAL-X> * 17:41:52 Step   1754 container[1] at 0.003 [um], t= 5.715 [ps], E=511.001 [keV]
OPAL-X> * 17:41:52 Step   1754 container[2] at 0.003 [um], t= 5.715 [ps], E=511.001 [keV]
OPAL-X> * 17:41:52 Step   1755 container[1] at 0.003 [um], t= 5.716 [ps], E=511.001 [keV]
OPAL-X> * 17:41:52 Step   1755 container[2] at 0.003 [um], t= 5.716 [ps], E=511.001 [keV]
OPAL-X> * 17:41:52 Step   1756 container[1] at 0.003 [um], t= 5.717 [ps], E=511.001 [keV]
OPAL-X> * 17:41:52 Step   1756 container[2] at 0.003 [um], t= 5.717 [ps], E=511.001 [keV]
OPAL-X> * 17:41:52 Step   1757 container[1] at 0.003 [um], t= 5.718 [ps], E=511.001 [keV]
OPAL-X> * 17:41:52 Step   1757 container[2] at 0.003 [um], t= 5.718 [ps], E=511.001 [keV]
OPAL-X> * 17:41:52 Step   1758 container[1] at 0.003 [um], t= 5.719 [ps], E=511.001 [keV]
OPAL-X> * 17:41:52 Step   1758 container[2] at 0.003 [um], t= 5.719 [ps], E=511.001 [keV]
OPAL-X> * 17:41:52 Step   1759 container[1] at 0.003 [um], t= 5.720 [ps], E=511.001 [keV]
OPAL-X> * 17:41:52 Step   1759 container[2] at 0.003 [um], t= 5.720 [ps], E=511.001 [keV]
OPAL-X> * 17:41:52 Step   1760 container[1] at 0.003 [um], t= 5.721 [ps], E=511.001 [keV]
OPAL-X> * 17:41:52 Step   1760 container[2] at 0.003 [um], t= 5.721 [ps], E=511.001 [keV]
OPAL-X> * 17:41:52 Step   1761 container[1] at 0.003 [um], t= 5.722 [ps], E=511.001 [keV]
OPAL-X> * 17:41:52 Step   1761 container[2] at 0.003 [um], t= 5.722 [ps], E=511.001 [keV]
OPAL-X> * 17:41:52 Step   1762 container[1] at 0.003 [um], t= 5.723 [ps], E=511.001 [keV]
OPAL-X> * 17:41:52 Step   1762 container[2] at 0.003 [um], t= 5.723 [ps], E=511.001 [keV]
OPAL-X> * 17:41:52 Step   1763 container[1] at 0.003 [um], t= 5.724 [ps], E=511.001 [keV]
OPAL-X> * 17:41:52 Step   1763 container[2] at 0.003 [um], t= 5.724 [ps], E=511.001 [keV]
OPAL-X> * 17:41:52 Step   1764 container[1] at 0.003 [um], t= 5.725 [ps], E=511.001 [keV]
OPAL-X> * 17:41:52 Step   1764 container[2] at 0.003 [um], t= 5.725 [ps], E=511.001 [keV]
OPAL-X> * 17:41:52 Step   1765 container[1] at 0.003 [um], t= 5.726 [ps], E=511.001 [keV]
OPAL-X> * 17:41:52 Step   1765 container[2] at 0.003 [um], t= 5.726 [ps], E=511.001 [keV]
OPAL-X> * 17:41:52 Step   1766 container[1] at 0.003 [um], t= 5.727 [ps], E=511.001 [keV]
OPAL-X> * 17:41:52 Step   1766 container[2] at 0.003 [um], t= 5.727 [ps], E=511.001 [keV]
OPAL-X> * 17:41:52 Step   1767 container[1] at 0.003 [um], t= 5.728 [ps], E=511.001 [keV]
OPAL-X> * 17:41:52 Step   1767 container[2] at 0.003 [um], t= 5.728 [ps], E=511.001 [keV]
OPAL-X> * 17:41:52 Step   1768 container[1] at 0.003 [um], t= 5.729 [ps], E=511.001 [keV]
OPAL-X> * 17:41:52 Step   1768 container[2] at 0.003 [um], t= 5.729 [ps], E=511.001 [keV]
OPAL-X> * 17:41:52 Step   1769 container[1] at 0.003 [um], t= 5.730 [ps], E=511.001 [keV]
OPAL-X> * 17:41:52 Step   1769 container[2] at 0.003 [um], t= 5.730 [ps], E=511.001 [keV]
OPAL-X> * 17:41:52 Step   1770 container[1] at 0.003 [um], t= 5.731 [ps], E=511.001 [keV]
OPAL-X> * 17:41:52 Step   1770 container[2] at 0.003 [um], t= 5.731 [ps], E=511.001 [keV]
OPAL-X> * 17:41:52 Step   1771 container[1] at 0.003 [um], t= 5.732 [ps], E=511.001 [keV]
OPAL-X> * 17:41:52 Step   1771 container[2] at 0.003 [um], t= 5.732 [ps], E=511.001 [keV]
OPAL-X> * 17:41:52 Step   1772 container[1] at 0.003 [um], t= 5.733 [ps], E=511.001 [keV]
OPAL-X> * 17:41:52 Step   1772 container[2] at 0.003 [um], t= 5.733 [ps], E=511.001 [keV]
OPAL-X> * 17:41:52 Step   1773 container[1] at 0.003 [um], t= 5.734 [ps], E=511.001 [keV]
OPAL-X> * 17:41:52 Step   1773 container[2] at 0.003 [um], t= 5.734 [ps], E=511.001 [keV]
OPAL-X> * 17:41:52 Step   1774 container[1] at 0.003 [um], t= 5.735 [ps], E=511.001 [keV]
OPAL-X> * 17:41:52 Step   1774 container[2] at 0.003 [um], t= 5.735 [ps], E=511.001 [keV]
OPAL-X> * 17:41:52 Step   1775 container[1] at 0.003 [um], t= 5.736 [ps], E=511.001 [keV]
OPAL-X> * 17:41:52 Step   1775 container[2] at 0.003 [um], t= 5.736 [ps], E=511.001 [keV]
OPAL-X> * 17:41:52 Step   1776 container[1] at 0.003 [um], t= 5.737 [ps], E=511.001 [keV]
OPAL-X> * 17:41:52 Step   1776 container[2] at 0.003 [um], t= 5.737 [ps], E=511.001 [keV]
OPAL-X> * 17:41:52 Step   1777 container[1] at 0.003 [um], t= 5.738 [ps], E=511.001 [keV]
OPAL-X> * 17:41:52 Step   1777 container[2] at 0.003 [um], t= 5.738 [ps], E=511.001 [keV]
OPAL-X> * 17:41:52 Step   1778 container[1] at 0.003 [um], t= 5.739 [ps], E=511.001 [keV]
OPAL-X> * 17:41:52 Step   1778 container[2] at 0.003 [um], t= 5.739 [ps], E=511.001 [keV]
OPAL-X> * 17:41:52 Step   1779 container[1] at 0.003 [um], t= 5.740 [ps], E=511.001 [keV]
OPAL-X> * 17:41:52 Step   1779 container[2] at 0.003 [um], t= 5.740 [ps], E=511.001 [keV]
OPAL-X> * 17:41:52 Step   1780 container[1] at 0.003 [um], t= 5.741 [ps], E=511.001 [keV]
OPAL-X> * 17:41:52 Step   1780 container[2] at 0.003 [um], t= 5.741 [ps], E=511.001 [keV]
OPAL-X> * 17:41:52 Step   1781 container[1] at 0.003 [um], t= 5.742 [ps], E=511.001 [keV]
OPAL-X> * 17:41:52 Step   1781 container[2] at 0.003 [um], t= 5.742 [ps], E=511.001 [keV]
OPAL-X> * 17:41:52 Step   1782 container[1] at 0.003 [um], t= 5.743 [ps], E=511.001 [keV]
OPAL-X> * 17:41:52 Step   1782 container[2] at 0.003 [um], t= 5.743 [ps], E=511.001 [keV]
OPAL-X> * 17:41:52 Step   1783 container[1] at 0.003 [um], t= 5.744 [ps], E=511.001 [keV]
OPAL-X> * 17:41:52 Step   1783 container[2] at 0.003 [um], t= 5.744 [ps], E=511.001 [keV]
OPAL-X> * 17:41:52 Step   1784 container[1] at 0.003 [um], t= 5.745 [ps], E=511.001 [keV]
OPAL-X> * 17:41:52 Step   1784 container[2] at 0.003 [um], t= 5.745 [ps], E=511.001 [keV]
OPAL-X> * 17:41:52 Step   1785 container[1] at 0.003 [um], t= 5.746 [ps], E=511.001 [keV]
OPAL-X> * 17:41:52 Step   1785 container[2] at 0.003 [um], t= 5.746 [ps], E=511.001 [keV]
OPAL-X> * 17:41:52 Step   1786 container[1] at 0.003 [um], t= 5.747 [ps], E=511.001 [keV]
OPAL-X> * 17:41:52 Step   1786 container[2] at 0.003 [um], t= 5.747 [ps], E=511.001 [keV]
OPAL-X> * 17:41:52 Step   1787 container[1] at 0.003 [um], t= 5.748 [ps], E=511.001 [keV]
OPAL-X> * 17:41:52 Step   1787 container[2] at 0.003 [um], t= 5.748 [ps], E=511.001 [keV]
OPAL-X> * 17:41:52 Step   1788 container[1] at 0.003 [um], t= 5.749 [ps], E=511.001 [keV]
OPAL-X> * 17:41:52 Step   1788 container[2] at 0.003 [um], t= 5.749 [ps], E=511.001 [keV]
OPAL-X> * 17:41:52 Step   1789 container[1] at 0.003 [um], t= 5.750 [ps], E=511.001 [keV]
OPAL-X> * 17:41:52 Step   1789 container[2] at 0.003 [um], t= 5.750 [ps], E=511.001 [keV]
OPAL-X> * 17:41:52 Step   1790 container[1] at 0.003 [um], t= 5.751 [ps], E=511.001 [keV]
OPAL-X> * 17:41:52 Step   1790 container[2] at 0.003 [um], t= 5.751 [ps], E=511.001 [keV]
OPAL-X> * 17:41:52 Step   1791 container[1] at 0.003 [um], t= 5.752 [ps], E=511.001 [keV]
OPAL-X> * 17:41:52 Step   1791 container[2] at 0.003 [um], t= 5.752 [ps], E=511.001 [keV]
OPAL-X> * 17:41:52 Step   1792 container[1] at 0.003 [um], t= 5.753 [ps], E=511.001 [keV]
OPAL-X> * 17:41:52 Step   1792 container[2] at 0.003 [um], t= 5.753 [ps], E=511.001 [keV]
OPAL-X> * 17:41:52 Step   1793 container[1] at 0.003 [um], t= 5.754 [ps], E=511.001 [keV]
OPAL-X> * 17:41:52 Step   1793 container[2] at 0.003 [um], t= 5.754 [ps], E=511.001 [keV]
OPAL-X> * 17:41:52 Step   1794 container[1] at 0.003 [um], t= 5.755 [ps], E=511.001 [keV]
OPAL-X> * 17:41:52 Step   1794 container[2] at 0.003 [um], t= 5.755 [ps], E=511.001 [keV]
OPAL-X> * 17:41:52 Step   1795 container[1] at 0.003 [um], t= 5.756 [ps], E=511.001 [keV]
OPAL-X> * 17:41:52 Step   1795 container[2] at 0.003 [um], t= 5.756 [ps], E=511.001 [keV]
OPAL-X> * 17:41:52 Step   1796 container[1] at 0.003 [um], t= 5.757 [ps], E=511.001 [keV]
OPAL-X> * 17:41:52 Step   1796 container[2] at 0.003 [um], t= 5.757 [ps], E=511.001 [keV]
OPAL-X> * 17:41:52 Step   1797 container[1] at 0.003 [um], t= 5.758 [ps], E=511.001 [keV]
OPAL-X> * 17:41:52 Step   1797 container[2] at 0.003 [um], t= 5.758 [ps], E=511.001 [keV]
OPAL-X> * 17:41:52 Step   1798 container[1] at 0.003 [um], t= 5.759 [ps], E=511.001 [keV]
OPAL-X> * 17:41:52 Step   1798 container[2] at 0.003 [um], t= 5.759 [ps], E=511.001 [keV]
OPAL-X> * 17:41:52 Step   1799 container[1] at 0.003 [um], t= 5.760 [ps], E=511.001 [keV]
OPAL-X> * 17:41:52 Step   1799 container[2] at 0.003 [um], t= 5.760 [ps], E=511.001 [keV]
OPAL-X> * 17:41:52 Step   1800 container[1] at 0.003 [um], t= 5.761 [ps], E=511.001 [keV]
OPAL-X> * 17:41:52 Step   1800 container[2] at 0.003 [um], t= 5.761 [ps], E=511.001 [keV]
OPAL-X> * 17:41:52 Step   1801 container[1] at 0.003 [um], t= 5.762 [ps], E=511.001 [keV]
OPAL-X> * 17:41:52 Step   1801 container[2] at 0.003 [um], t= 5.762 [ps], E=511.001 [keV]
OPAL-X> * 17:41:52 Step   1802 container[1] at 0.003 [um], t= 5.763 [ps], E=511.001 [keV]
OPAL-X> * 17:41:52 Step   1802 container[2] at 0.003 [um], t= 5.763 [ps], E=511.001 [keV]
OPAL-X> * 17:41:52 Step   1803 container[1] at 0.003 [um], t= 5.764 [ps], E=511.001 [keV]
OPAL-X> * 17:41:52 Step   1803 container[2] at 0.003 [um], t= 5.764 [ps], E=511.001 [keV]
OPAL-X> * 17:41:52 Step   1804 container[1] at 0.003 [um], t= 5.765 [ps], E=511.001 [keV]
OPAL-X> * 17:41:52 Step   1804 container[2] at 0.003 [um], t= 5.765 [ps], E=511.001 [keV]
OPAL-X> * 17:41:52 Step   1805 container[1] at 0.003 [um], t= 5.766 [ps], E=511.001 [keV]
OPAL-X> * 17:41:52 Step   1805 container[2] at 0.003 [um], t= 5.766 [ps], E=511.001 [keV]
OPAL-X> * 17:41:52 Step   1806 container[1] at 0.003 [um], t= 5.767 [ps], E=511.001 [keV]
OPAL-X> * 17:41:52 Step   1806 container[2] at 0.003 [um], t= 5.767 [ps], E=511.001 [keV]
OPAL-X> * 17:41:52 Step   1807 container[1] at 0.003 [um], t= 5.768 [ps], E=511.001 [keV]
OPAL-X> * 17:41:52 Step   1807 container[2] at 0.003 [um], t= 5.768 [ps], E=511.001 [keV]
OPAL-X> * 17:41:52 Step   1808 container[1] at 0.003 [um], t= 5.769 [ps], E=511.001 [keV]
OPAL-X> * 17:41:52 Step   1808 container[2] at 0.003 [um], t= 5.769 [ps], E=511.001 [keV]
OPAL-X> * 17:41:52 Step   1809 container[1] at 0.003 [um], t= 5.770 [ps], E=511.001 [keV]
OPAL-X> * 17:41:52 Step   1809 container[2] at 0.003 [um], t= 5.770 [ps], E=511.001 [keV]
OPAL-X> * 17:41:52 Step   1810 container[1] at 0.003 [um], t= 5.771 [ps], E=511.001 [keV]
OPAL-X> * 17:41:52 Step   1810 container[2] at 0.003 [um], t= 5.771 [ps], E=511.001 [keV]
OPAL-X> * 17:41:52 Step   1811 container[1] at 0.003 [um], t= 5.772 [ps], E=511.001 [keV]
OPAL-X> * 17:41:52 Step   1811 container[2] at 0.003 [um], t= 5.772 [ps], E=511.001 [keV]
OPAL-X> * 17:41:52 Step   1812 container[1] at 0.003 [um], t= 5.773 [ps], E=511.001 [keV]
OPAL-X> * 17:41:52 Step   1812 container[2] at 0.003 [um], t= 5.773 [ps], E=511.001 [keV]
OPAL-X> * 17:41:52 Step   1813 container[1] at 0.003 [um], t= 5.774 [ps], E=511.001 [keV]
OPAL-X> * 17:41:52 Step   1813 container[2] at 0.003 [um], t= 5.774 [ps], E=511.001 [keV]
OPAL-X> * 17:41:52 Step   1814 container[1] at 0.003 [um], t= 5.775 [ps], E=511.001 [keV]
OPAL-X> * 17:41:52 Step   1814 container[2] at 0.003 [um], t= 5.775 [ps], E=511.001 [keV]
OPAL-X> * 17:41:52 Step   1815 container[1] at 0.003 [um], t= 5.776 [ps], E=511.001 [keV]
OPAL-X> * 17:41:52 Step   1815 container[2] at 0.003 [um], t= 5.776 [ps], E=511.001 [keV]
OPAL-X> * 17:41:52 Step   1816 container[1] at 0.003 [um], t= 5.777 [ps], E=511.001 [keV]
OPAL-X> * 17:41:52 Step   1816 container[2] at 0.003 [um], t= 5.777 [ps], E=511.001 [keV]
OPAL-X> * 17:41:52 Step   1817 container[1] at 0.003 [um], t= 5.778 [ps], E=511.001 [keV]
OPAL-X> * 17:41:52 Step   1817 container[2] at 0.003 [um], t= 5.778 [ps], E=511.001 [keV]
OPAL-X> * 17:41:52 Step   1818 container[1] at 0.003 [um], t= 5.779 [ps], E=511.001 [keV]
OPAL-X> * 17:41:52 Step   1818 container[2] at 0.003 [um], t= 5.779 [ps], E=511.001 [keV]
OPAL-X> * 17:41:52 Step   1819 container[1] at 0.003 [um], t= 5.780 [ps], E=511.001 [keV]
OPAL-X> * 17:41:52 Step   1819 container[2] at 0.003 [um], t= 5.780 [ps], E=511.001 [keV]
OPAL-X[2]> * Dump phase space of last step
OPAL-X> * DR_UP gone off
OPAL-X> * IP1 gone off
ParallelTracker::execute[2]> Total FieldSolver calls: 1641
OPAL-X> 
OPAL-X> * Done executing ParallelTracker at 17:41:52
OPAL-X> 
OPAL-X> * End of input stream 'spacecharge_drift_withness.in'
Timings> ---------------------------------------------
Timings>      Timing results for 1 rank(s):
Timings> ---------------------------------------------
Timings> mainTimer........... Wall tot =    32.8662
Timings> 
Timings> Write Stat.......... Wall max =  0.0686828
Timings>                      Wall avg =  0.0686828
Timings>                      Wall min =  0.0686828
Timings> 
Timings> Write H5-File....... Wall max =   0.358305
Timings>                      Wall avg =   0.358305
Timings>                      Wall min =   0.358305
Timings> 
Timings> bInitLimits......... Wall max =  0.0545667
Timings>                      Wall avg =  0.0545667
Timings>                      Wall min =  0.0545667
Timings> 
Timings> bAllReduceLimits.... Wall max = 0.000437435
Timings>                      Wall avg = 0.000437435
Timings>                      Wall min = 0.000437435
Timings> 
Timings> bAllReduceGlobalHis. Wall max = 0.000576506
Timings>                      Wall avg = 0.000576506
Timings>                      Wall min = 0.000576506
Timings> 
Timings> bAssignUniformBins.. Wall max =  0.0527208
Timings>                      Wall avg =  0.0527208
Timings>                      Wall min =  0.0527208
Timings> 
Timings> bExecuteHistoReduct. Wall max =   0.106165
Timings>                      Wall avg =   0.106165
Timings>                      Wall min =   0.106165
Timings> 
Timings> bSortContainerByBin. Wall max =  0.0614408
Timings>                      Wall avg =  0.0614408
Timings>                      Wall min =  0.0614408
Timings> 
Timings> bVerifySorting...... Wall max =          0
Timings>                      Wall avg =          0
Timings>                      Wall min =          0
Timings> 
Timings> Initialize.......... Wall max = 0.00748475
Timings>                      Wall avg = 0.00748475
Timings>                      Wall min = 0.00748475
Timings> 
Timings> Initialize: extra H. Wall max = 0.000344583
Timings>                      Wall avg = 0.000344583
Timings>                      Wall min = 0.000344583
Timings> 
Timings> Warmup.............. Wall max = 0.00372213
Timings>                      Wall avg = 0.00372213
Timings>                      Wall min = 0.00372213
Timings> 
Timings> Green Init.......... Wall max = 0.00213542
Timings>                      Wall avg = 0.00213542
Timings>                      Wall min = 0.00213542
Timings> 
Timings> FFT: Green.......... Wall max =    1.40397
Timings>                      Wall avg =    1.40397
Timings>                      Wall min =    1.40397
Timings> 
Timings> Solve............... Wall max =    18.2678
Timings>                      Wall avg =    18.2678
Timings>                      Wall min =    18.2678
Timings> 
Timings> Solve: Physical to . Wall max =  0.0635357
Timings>                      Wall avg =  0.0635357
Timings>                      Wall min =  0.0635357
Timings> 
Timings> FFT: Rho............ Wall max =    2.87658
Timings>                      Wall avg =    2.87658
Timings>                      Wall min =    2.87658
Timings> 
Timings> FFT: Convolution.... Wall max =    2.89627
Timings>                      Wall avg =    2.89627
Timings>                      Wall min =    2.89627
Timings> 
Timings> Solve: Double to ph. Wall max =  0.0655569
Timings>                      Wall avg =  0.0655569
Timings>                      Wall min =  0.0655569
Timings> 
Timings> Solve: Electric fie. Wall max =      10.17
Timings>                      Wall avg =      10.17
Timings>                      Wall min =      10.17
Timings> 
Timings> FFT: Efield......... Wall max =     8.7081
Timings>                      Wall avg =     8.7081
Timings>                      Wall min =     8.7081
Timings> 
Timings> Efield: double to p. Wall max =   0.214764
Timings>                      Wall avg =   0.214764
Timings>                      Wall min =   0.214764
Timings> 
Timings> samplingTime........ Wall max = 0.000598833
Timings>                      Wall avg = 0.000598833
Timings>                      Wall min = 0.000598833
Timings> 
Timings> Sampling............ Wall max = 0.00039875
Timings>                      Wall avg = 0.00039875
Timings>                      Wall min = 0.00039875
Timings> 
Timings> particleBC.......... Wall max =    0.61623
Timings>                      Wall avg =    0.61623
Timings>                      Wall min =    0.61623
Timings> 
Timings> updateParticle...... Wall max =          0
Timings>                      Wall avg =          0
Timings>                      Wall min =          0
Timings> 
Timings> computeMoments...... Wall max =   0.639132
Timings>                      Wall avg =   0.639132
Timings>                      Wall min =   0.639132
Timings> 
Timings> TIntegration1....... Wall max =   0.504355
Timings>                      Wall avg =   0.504355
Timings>                      Wall min =   0.504355
Timings> 
Timings> TIntegration2....... Wall max =   0.840865
Timings>                      Wall avg =   0.840865
Timings>                      Wall min =   0.840865
Timings> 
Timings> External field eval. Wall max =    1.92672
Timings>                      Wall avg =    1.92672
Timings>                      Wall min =    1.92672
Timings> 
Timings> PluginElements...... Wall max =          0
Timings>                      Wall avg =          0
Timings>                      Wall min =          0
Timings> 
Timings> Binaryrepart........ Wall max =          0
Timings>                      Wall avg =          0
Timings>                      Wall min =          0
Timings> 
Timings> OrbThreader......... Wall max =  0.0440491
Timings>                      Wall avg =  0.0440491
Timings>                      Wall min =  0.0440491
Timings> 
Timings> BB window total..... Wall max =    21.8698
Timings>                      Wall avg =    21.8698
Timings>                      Wall min =    21.8698
Timings> 
Timings> BB entry trans...... Wall max =          0
Timings>                      Wall avg =          0
Timings>                      Wall min =          0
Timings> 
Timings> BB mesh setup....... Wall max =    1.10102
Timings>                      Wall avg =    1.10102
Timings>                      Wall min =    1.10102
Timings> 
Timings> BB self fields...... Wall max =    19.7383
Timings>                      Wall avg =    19.7383
Timings>                      Wall min =    19.7383
Timings> 
Timings> BB transform back... Wall max =   0.272337
Timings>                      Wall avg =   0.272337
Timings>                      Wall min =   0.272337
Timings> 
Timings> BB witness gather... Wall max =   0.620523
Timings>                      Wall avg =   0.620523
Timings>                      Wall min =   0.620523
Timings> 
Timings> BB transition dump.. Wall max =          0
Timings>                      Wall avg =          0
Timings>                      Wall min =          0
Timings> 
Timings> bDeviceSyncronizati. Wall max = 0.00052705
Timings>                      Wall avg = 0.00052705
Timings>                      Wall min = 0.00052705
Timings> 
Timings> bHistogramInit...... Wall max =   0.528916
Timings>                      Wall avg =   0.528916
Timings>                      Wall min =   0.528916
Timings> 
Timings> bMergeBins.......... Wall max =          0
Timings>                      Wall avg =          0
Timings>                      Wall min =          0
Timings> 
Timings> BB CIC scatter...... Wall max =   0.062334
Timings>                      Wall avg =   0.062334
Timings>                      Wall min =   0.062334
Timings> 
Timings> BB halo accum....... Wall max = 0.00134334
Timings>                      Wall avg = 0.00134334
Timings>                      Wall min = 0.00134334
Timings> 
Timings> fillHalo............ Wall max = 0.00069752
Timings>                      Wall avg = 0.00069752
Timings>                      Wall min = 0.00069752
Timings> 
Timings> gather.............. Wall max =   0.326384
Timings>                      Wall avg =   0.326384
Timings>                      Wall min =   0.326384
Timings> 
Timings> ---------------------------------------------
