variable,fixed_variable,fixed_value,richardson_levels,coarse,fine,metric,order
dt_s,epsilon,1.000000000000e-06,0,3.000000000000e-11,1.000000000000e-11,scaled_max_error,1.999488766965e+00
dt_s,epsilon,1.000000000000e-06,0,3.000000000000e-11,1.000000000000e-11,abs_R16,1.999048022361e+00
dt_s,epsilon,1.000000000000e-06,0,3.000000000000e-11,1.000000000000e-11,abs_R26,1.998969081411e+00
dt_s,epsilon,1.000000000000e-06,0,3.000000000000e-11,1.000000000000e-11,difference_from_finest_dt,1.999444966101e+00
dt_s,epsilon,1.000000000000e-06,0,1.000000000000e-11,3.000000000000e-12,scaled_max_error,1.994082545491e+00
dt_s,epsilon,1.000000000000e-06,0,1.000000000000e-11,3.000000000000e-12,abs_R16,1.992628279511e+00
dt_s,epsilon,1.000000000000e-06,0,1.000000000000e-11,3.000000000000e-12,abs_R26,1.990141306248e+00
dt_s,epsilon,1.000000000000e-06,0,1.000000000000e-11,3.000000000000e-12,difference_from_finest_dt,1.993631559888e+00
dt_s,epsilon,1.000000000000e-06,0,3.000000000000e-12,1.000000000000e-12,scaled_max_error,2.012573103693e+00
dt_s,epsilon,1.000000000000e-06,0,3.000000000000e-12,1.000000000000e-12,abs_R16,1.969633480579e+00
dt_s,epsilon,1.000000000000e-06,0,3.000000000000e-12,1.000000000000e-12,abs_R26,1.989038703765e+00
dt_s,epsilon,1.000000000000e-06,0,3.000000000000e-12,1.000000000000e-12,difference_from_finest_dt,2.008168927484e+00
dt_s,epsilon,1.000000000000e-06,0,1.000000000000e-12,3.000000000000e-13,scaled_max_error,2.141643271969e+00
dt_s,epsilon,1.000000000000e-06,0,1.000000000000e-12,3.000000000000e-13,abs_R16,1.899816337391e+00
dt_s,epsilon,1.000000000000e-06,0,1.000000000000e-12,3.000000000000e-13,abs_R26,1.992675039133e+00
dt_s,epsilon,1.000000000000e-06,0,1.000000000000e-12,3.000000000000e-13,difference_from_finest_dt,2.088549959089e+00
dt_s,epsilon,1.000000000000e-06,0,3.000000000000e-13,1.000000000000e-13,scaled_max_error,1.282455405401e+00
dt_s,epsilon,1.000000000000e-06,0,3.000000000000e-13,1.000000000000e-13,abs_R16,1.722364926324e+00
dt_s,epsilon,1.000000000000e-06,0,3.000000000000e-13,1.000000000000e-13,abs_R26,1.352106968945e-02
dt_s,epsilon,3.000000000000e-06,0,3.000000000000e-11,1.000000000000e-11,scaled_max_error,1.999801708486e+00
dt_s,epsilon,3.000000000000e-06,0,3.000000000000e-11,1.000000000000e-11,abs_R16,2.005152175659e+00
dt_s,epsilon,3.000000000000e-06,0,3.000000000000e-11,1.000000000000e-11,abs_R26,2.004268809878e+00
dt_s,epsilon,3.000000000000e-06,0,3.000000000000e-11,1.000000000000e-11,difference_from_finest_dt,1.999757305789e+00
dt_s,epsilon,3.000000000000e-06,0,1.000000000000e-11,3.000000000000e-12,scaled_max_error,1.993984021394e+00
dt_s,epsilon,3.000000000000e-06,0,1.000000000000e-11,3.000000000000e-12,abs_R16,1.987127357783e+00
dt_s,epsilon,3.000000000000e-06,0,1.000000000000e-11,3.000000000000e-12,abs_R26,1.987567384329e+00
dt_s,epsilon,3.000000000000e-06,0,1.000000000000e-11,3.000000000000e-12,difference_from_finest_dt,1.993526920279e+00
dt_s,epsilon,3.000000000000e-06,0,3.000000000000e-12,1.000000000000e-12,scaled_max_error,2.012434288426e+00
dt_s,epsilon,3.000000000000e-06,0,3.000000000000e-12,1.000000000000e-12,abs_R16,1.971856120625e+00
dt_s,epsilon,3.000000000000e-06,0,3.000000000000e-12,1.000000000000e-12,abs_R26,1.967095428872e+00
dt_s,epsilon,3.000000000000e-06,0,3.000000000000e-12,1.000000000000e-12,difference_from_finest_dt,2.007971262686e+00
dt_s,epsilon,3.000000000000e-06,0,1.000000000000e-12,3.000000000000e-13,scaled_max_error,2.111476982292e+00
dt_s,epsilon,3.000000000000e-06,0,1.000000000000e-12,3.000000000000e-13,abs_R16,1.759814230140e+00
dt_s,epsilon,3.000000000000e-06,0,1.000000000000e-12,3.000000000000e-13,abs_R26,1.661661406281e+00
dt_s,epsilon,3.000000000000e-06,0,1.000000000000e-12,3.000000000000e-13,difference_from_finest_dt,2.088549959089e+00
dt_s,epsilon,3.000000000000e-06,0,3.000000000000e-13,1.000000000000e-13,scaled_max_error,1.399649965538e+00
dt_s,epsilon,3.000000000000e-06,0,3.000000000000e-13,1.000000000000e-13,abs_R16,1.034460699259e+00
dt_s,epsilon,3.000000000000e-06,0,3.000000000000e-13,1.000000000000e-13,abs_R26,1.276406429101e+00
dt_s,epsilon,1.000000000000e-05,0,3.000000000000e-11,1.000000000000e-11,scaled_max_error,1.999808873803e+00
dt_s,epsilon,1.000000000000e-05,0,3.000000000000e-11,1.000000000000e-11,abs_R16,1.986285048415e+00
dt_s,epsilon,1.000000000000e-05,0,3.000000000000e-11,1.000000000000e-11,abs_R26,1.987184673686e+00
dt_s,epsilon,1.000000000000e-05,0,3.000000000000e-11,1.000000000000e-11,difference_from_finest_dt,1.999757305818e+00
dt_s,epsilon,1.000000000000e-05,0,1.000000000000e-11,3.000000000000e-12,scaled_max_error,1.994057809706e+00
dt_s,epsilon,1.000000000000e-05,0,1.000000000000e-11,3.000000000000e-12,abs_R16,1.988798510260e+00
dt_s,epsilon,1.000000000000e-05,0,1.000000000000e-11,3.000000000000e-12,abs_R26,1.988987977914e+00
dt_s,epsilon,1.000000000000e-05,0,1.000000000000e-11,3.000000000000e-12,difference_from_finest_dt,1.993526920252e+00
dt_s,epsilon,1.000000000000e-05,0,3.000000000000e-12,1.000000000000e-12,scaled_max_error,2.013157026899e+00
dt_s,epsilon,1.000000000000e-05,0,3.000000000000e-12,1.000000000000e-12,abs_R16,1.974148384494e+00
dt_s,epsilon,1.000000000000e-05,0,3.000000000000e-12,1.000000000000e-12,abs_R26,1.977153265157e+00
dt_s,epsilon,1.000000000000e-05,0,3.000000000000e-12,1.000000000000e-12,difference_from_finest_dt,2.007971262686e+00
dt_s,epsilon,1.000000000000e-05,0,1.000000000000e-12,3.000000000000e-13,scaled_max_error,2.102559873378e+00
dt_s,epsilon,1.000000000000e-05,0,1.000000000000e-12,3.000000000000e-13,abs_R16,1.801318318243e+00
dt_s,epsilon,1.000000000000e-05,0,1.000000000000e-12,3.000000000000e-13,abs_R26,1.845133773955e+00
dt_s,epsilon,1.000000000000e-05,0,1.000000000000e-12,3.000000000000e-13,difference_from_finest_dt,2.088364266556e+00
dt_s,epsilon,1.000000000000e-05,0,3.000000000000e-13,1.000000000000e-13,scaled_max_error,1.267324768141e+00
dt_s,epsilon,1.000000000000e-05,0,3.000000000000e-13,1.000000000000e-13,abs_R16,9.509622080760e-01
dt_s,epsilon,1.000000000000e-05,0,3.000000000000e-13,1.000000000000e-13,abs_R26,9.449942523079e-01
dt_s,epsilon,3.000000000000e-05,0,3.000000000000e-11,1.000000000000e-11,scaled_max_error,1.999872048494e+00
dt_s,epsilon,3.000000000000e-05,0,3.000000000000e-11,1.000000000000e-11,abs_R16,1.985888371716e+00
dt_s,epsilon,3.000000000000e-05,0,3.000000000000e-11,1.000000000000e-11,abs_R26,1.986877288731e+00
dt_s,epsilon,3.000000000000e-05,0,3.000000000000e-11,1.000000000000e-11,difference_from_finest_dt,1.999757305818e+00
dt_s,epsilon,3.000000000000e-05,0,1.000000000000e-11,3.000000000000e-12,scaled_max_error,1.994695433395e+00
dt_s,epsilon,3.000000000000e-05,0,1.000000000000e-11,3.000000000000e-12,abs_R16,1.988611192229e+00
dt_s,epsilon,3.000000000000e-05,0,1.000000000000e-11,3.000000000000e-12,abs_R26,1.988873566975e+00
dt_s,epsilon,3.000000000000e-05,0,1.000000000000e-11,3.000000000000e-12,difference_from_finest_dt,1.993513680986e+00
dt_s,epsilon,3.000000000000e-05,0,3.000000000000e-12,1.000000000000e-12,scaled_max_error,2.019574585717e+00
dt_s,epsilon,3.000000000000e-05,0,3.000000000000e-12,1.000000000000e-12,abs_R16,1.969692144604e+00
dt_s,epsilon,3.000000000000e-05,0,3.000000000000e-12,1.000000000000e-12,abs_R26,1.972103922414e+00
dt_s,epsilon,3.000000000000e-05,0,3.000000000000e-12,1.000000000000e-12,difference_from_finest_dt,2.007985771642e+00
dt_s,epsilon,3.000000000000e-05,0,1.000000000000e-12,3.000000000000e-13,scaled_max_error,2.049390417792e+00
dt_s,epsilon,3.000000000000e-05,0,1.000000000000e-12,3.000000000000e-13,abs_R16,1.753570097181e+00
dt_s,epsilon,3.000000000000e-05,0,1.000000000000e-12,3.000000000000e-13,abs_R26,1.777311964341e+00
dt_s,epsilon,3.000000000000e-05,0,1.000000000000e-12,3.000000000000e-13,difference_from_finest_dt,2.088364233571e+00
dt_s,epsilon,3.000000000000e-05,0,3.000000000000e-13,1.000000000000e-13,scaled_max_error,1.155914285810e+00
dt_s,epsilon,3.000000000000e-05,0,3.000000000000e-13,1.000000000000e-13,abs_R16,9.370891661971e-01
dt_s,epsilon,3.000000000000e-05,0,3.000000000000e-13,1.000000000000e-13,abs_R26,1.002836035499e+00
dt_s,epsilon,1.000000000000e-04,0,3.000000000000e-11,1.000000000000e-11,scaled_max_error,2.000589893710e+00
dt_s,epsilon,1.000000000000e-04,0,3.000000000000e-11,1.000000000000e-11,abs_R16,1.985296514891e+00
dt_s,epsilon,1.000000000000e-04,0,3.000000000000e-11,1.000000000000e-11,abs_R26,1.986394098637e+00
dt_s,epsilon,1.000000000000e-04,0,3.000000000000e-11,1.000000000000e-11,difference_from_finest_dt,1.999757324073e+00
dt_s,epsilon,1.000000000000e-04,0,1.000000000000e-11,3.000000000000e-12,scaled_max_error,2.001961222134e+00
dt_s,epsilon,1.000000000000e-04,0,1.000000000000e-11,3.000000000000e-12,abs_R16,1.982546475232e+00
dt_s,epsilon,1.000000000000e-04,0,1.000000000000e-11,3.000000000000e-12,abs_R26,1.983860279849e+00
dt_s,epsilon,1.000000000000e-04,0,1.000000000000e-11,3.000000000000e-12,difference_from_finest_dt,1.993346553268e+00
dt_s,epsilon,1.000000000000e-04,0,3.000000000000e-12,1.000000000000e-12,scaled_max_error,2.096695794119e+00
dt_s,epsilon,1.000000000000e-04,0,3.000000000000e-12,1.000000000000e-12,abs_R16,1.915330350299e+00
dt_s,epsilon,1.000000000000e-04,0,3.000000000000e-12,1.000000000000e-12,abs_R26,1.927703163708e+00
dt_s,epsilon,1.000000000000e-04,0,3.000000000000e-12,1.000000000000e-12,difference_from_finest_dt,2.008185392447e+00
dt_s,epsilon,1.000000000000e-04,0,1.000000000000e-12,3.000000000000e-13,scaled_max_error,1.555153466142e+00
dt_s,epsilon,1.000000000000e-04,0,1.000000000000e-12,3.000000000000e-13,abs_R16,1.430100008616e+00
dt_s,epsilon,1.000000000000e-04,0,1.000000000000e-12,3.000000000000e-13,abs_R26,1.490189612517e+00
dt_s,epsilon,1.000000000000e-04,0,1.000000000000e-12,3.000000000000e-13,difference_from_finest_dt,2.088534934986e+00
dt_s,epsilon,1.000000000000e-04,0,3.000000000000e-13,1.000000000000e-13,scaled_max_error,2.662877690739e-01
dt_s,epsilon,1.000000000000e-04,0,3.000000000000e-13,1.000000000000e-13,abs_R16,4.711067337012e-01
dt_s,epsilon,1.000000000000e-04,0,3.000000000000e-13,1.000000000000e-13,abs_R26,5.221882829743e-01
dt_s,epsilon,3.000000000000e-04,0,3.000000000000e-11,1.000000000000e-11,scaled_max_error,2.006931980003e+00
dt_s,epsilon,3.000000000000e-04,0,3.000000000000e-11,1.000000000000e-11,abs_R16,1.980090715228e+00
dt_s,epsilon,3.000000000000e-04,0,3.000000000000e-11,1.000000000000e-11,abs_R26,1.982135332901e+00
dt_s,epsilon,3.000000000000e-04,0,3.000000000000e-11,1.000000000000e-11,difference_from_finest_dt,1.999757287564e+00
dt_s,epsilon,3.000000000000e-04,0,1.000000000000e-11,3.000000000000e-12,scaled_max_error,2.070973579373e+00
dt_s,epsilon,3.000000000000e-04,0,1.000000000000e-11,3.000000000000e-12,abs_R16,1.931380329560e+00
dt_s,epsilon,3.000000000000e-04,0,1.000000000000e-11,3.000000000000e-12,abs_R26,1.941648633377e+00
dt_s,epsilon,3.000000000000e-04,0,1.000000000000e-11,3.000000000000e-12,difference_from_finest_dt,1.993345048949e+00
dt_s,epsilon,3.000000000000e-04,0,3.000000000000e-12,1.000000000000e-12,scaled_max_error,1.674927430525e+00
dt_s,epsilon,3.000000000000e-04,0,3.000000000000e-12,1.000000000000e-12,abs_R16,1.562381361827e+00
dt_s,epsilon,3.000000000000e-04,0,3.000000000000e-12,1.000000000000e-12,abs_R26,1.622111068842e+00
dt_s,epsilon,3.000000000000e-04,0,3.000000000000e-12,1.000000000000e-12,difference_from_finest_dt,2.008170740561e+00
dt_s,epsilon,3.000000000000e-04,0,1.000000000000e-12,3.000000000000e-13,scaled_max_error,4.019833457069e-01
dt_s,epsilon,3.000000000000e-04,0,1.000000000000e-12,3.000000000000e-13,abs_R16,6.109230011709e-01
dt_s,epsilon,3.000000000000e-04,0,1.000000000000e-12,3.000000000000e-13,abs_R26,6.889391205548e-01
dt_s,epsilon,3.000000000000e-04,0,1.000000000000e-12,3.000000000000e-13,difference_from_finest_dt,2.088364233571e+00
dt_s,epsilon,3.000000000000e-04,0,3.000000000000e-13,1.000000000000e-13,scaled_max_error,-8.745692134156e-02
dt_s,epsilon,3.000000000000e-04,0,3.000000000000e-13,1.000000000000e-13,abs_R16,9.123521175753e-02
dt_s,epsilon,3.000000000000e-04,0,3.000000000000e-13,1.000000000000e-13,abs_R26,1.084731854556e-01
dt_s,epsilon,1.000000000000e-03,0,3.000000000000e-11,1.000000000000e-11,scaled_max_error,2.077748324892e+00
dt_s,epsilon,1.000000000000e-03,0,3.000000000000e-11,1.000000000000e-11,abs_R16,1.923372845940e+00
dt_s,epsilon,1.000000000000e-03,0,3.000000000000e-11,1.000000000000e-11,abs_R26,1.935350477688e+00
dt_s,epsilon,1.000000000000e-03,0,3.000000000000e-11,1.000000000000e-11,difference_from_finest_dt,1.994778090242e+00
dt_s,epsilon,1.000000000000e-03,0,1.000000000000e-11,3.000000000000e-12,scaled_max_error,1.630825324251e+00
dt_s,epsilon,1.000000000000e-03,0,1.000000000000e-11,3.000000000000e-12,abs_R16,1.526079931390e+00
dt_s,epsilon,1.000000000000e-03,0,1.000000000000e-11,3.000000000000e-12,abs_R26,1.589143201597e+00
dt_s,epsilon,1.000000000000e-03,0,1.000000000000e-11,3.000000000000e-12,difference_from_finest_dt,1.997461146156e+00
dt_s,epsilon,1.000000000000e-03,0,3.000000000000e-12,1.000000000000e-12,scaled_max_error,3.417349410666e-01
dt_s,epsilon,1.000000000000e-03,0,3.000000000000e-12,1.000000000000e-12,abs_R16,5.765805918898e-01
dt_s,epsilon,1.000000000000e-03,0,3.000000000000e-12,1.000000000000e-12,abs_R26,6.554924151527e-01
dt_s,epsilon,1.000000000000e-03,0,3.000000000000e-12,1.000000000000e-12,difference_from_finest_dt,2.008172556560e+00
dt_s,epsilon,1.000000000000e-03,0,1.000000000000e-12,3.000000000000e-13,scaled_max_error,-8.287316946360e-02
dt_s,epsilon,1.000000000000e-03,0,1.000000000000e-12,3.000000000000e-13,abs_R16,8.830016666487e-02
dt_s,epsilon,1.000000000000e-03,0,1.000000000000e-12,3.000000000000e-13,abs_R26,1.064893415802e-01
dt_s,epsilon,1.000000000000e-03,0,1.000000000000e-12,3.000000000000e-13,difference_from_finest_dt,2.088364263887e+00
dt_s,epsilon,1.000000000000e-03,0,3.000000000000e-13,1.000000000000e-13,scaled_max_error,-7.578351341651e-03
dt_s,epsilon,1.000000000000e-03,0,3.000000000000e-13,1.000000000000e-13,abs_R16,9.022096742923e-03
dt_s,epsilon,1.000000000000e-03,0,3.000000000000e-13,1.000000000000e-13,abs_R26,1.089866268313e-02
dt_s,epsilon,3.000000000000e-03,0,3.000000000000e-11,1.000000000000e-11,scaled_max_error,1.681029429134e+00
dt_s,epsilon,3.000000000000e-03,0,3.000000000000e-11,1.000000000000e-11,abs_R16,1.559703520311e+00
dt_s,epsilon,3.000000000000e-03,0,3.000000000000e-11,1.000000000000e-11,abs_R26,1.620676040777e+00
dt_s,epsilon,3.000000000000e-03,0,3.000000000000e-11,1.000000000000e-11,difference_from_finest_dt,1.999409725306e+00
dt_s,epsilon,3.000000000000e-03,0,1.000000000000e-11,3.000000000000e-12,scaled_max_error,4.052342297642e-01
dt_s,epsilon,3.000000000000e-03,0,1.000000000000e-11,3.000000000000e-12,abs_R16,6.196706903682e-01
dt_s,epsilon,3.000000000000e-03,0,1.000000000000e-11,3.000000000000e-12,abs_R26,7.000618383248e-01
dt_s,epsilon,3.000000000000e-03,0,1.000000000000e-11,3.000000000000e-12,difference_from_finest_dt,1.993800758632e+00
dt_s,epsilon,3.000000000000e-03,0,3.000000000000e-12,1.000000000000e-12,scaled_max_error,-8.894010938711e-02
dt_s,epsilon,3.000000000000e-03,0,3.000000000000e-12,1.000000000000e-12,abs_R16,9.441904864859e-02
dt_s,epsilon,3.000000000000e-03,0,3.000000000000e-12,1.000000000000e-12,abs_R26,1.138678354917e-01
dt_s,epsilon,3.000000000000e-03,0,3.000000000000e-12,1.000000000000e-12,difference_from_finest_dt,2.007998469553e+00
dt_s,epsilon,3.000000000000e-03,0,1.000000000000e-12,3.000000000000e-13,scaled_max_error,-8.749306350867e-03
dt_s,epsilon,3.000000000000e-03,0,1.000000000000e-12,3.000000000000e-13,abs_R16,1.042158230237e-02
dt_s,epsilon,3.000000000000e-03,0,1.000000000000e-12,3.000000000000e-13,abs_R26,1.272447896185e-02
dt_s,epsilon,3.000000000000e-03,0,1.000000000000e-12,3.000000000000e-13,difference_from_finest_dt,2.088549956420e+00
dt_s,epsilon,3.000000000000e-03,0,3.000000000000e-13,1.000000000000e-13,scaled_max_error,-8.391478482224e-04
dt_s,epsilon,3.000000000000e-03,0,3.000000000000e-13,1.000000000000e-13,abs_R16,1.011127629174e-03
dt_s,epsilon,3.000000000000e-03,0,3.000000000000e-13,1.000000000000e-13,abs_R26,1.223609200254e-03
dt_s,epsilon,1.000000000000e-02,0,3.000000000000e-11,1.000000000000e-11,scaled_max_error,3.293507392944e-01
dt_s,epsilon,1.000000000000e-02,0,3.000000000000e-11,1.000000000000e-11,abs_R16,5.670543846802e-01
dt_s,epsilon,1.000000000000e-02,0,3.000000000000e-11,1.000000000000e-11,abs_R26,6.458539627618e-01
dt_s,epsilon,1.000000000000e-02,0,3.000000000000e-11,1.000000000000e-11,difference_from_finest_dt,1.998931847480e+00
dt_s,epsilon,1.000000000000e-02,0,1.000000000000e-11,3.000000000000e-12,scaled_max_error,-8.219994402921e-02
dt_s,epsilon,1.000000000000e-02,0,1.000000000000e-11,3.000000000000e-12,abs_R16,8.744646481315e-02
dt_s,epsilon,1.000000000000e-02,0,1.000000000000e-11,3.000000000000e-12,abs_R26,1.054945853554e-01
dt_s,epsilon,1.000000000000e-02,0,1.000000000000e-11,3.000000000000e-12,difference_from_finest_dt,1.993630293683e+00
dt_s,epsilon,1.000000000000e-02,0,3.000000000000e-12,1.000000000000e-12,scaled_max_error,-7.580814600988e-03
dt_s,epsilon,1.000000000000e-02,0,3.000000000000e-12,1.000000000000e-12,abs_R16,9.025786175999e-03
dt_s,epsilon,1.000000000000e-02,0,3.000000000000e-12,1.000000000000e-12,abs_R26,1.102302515462e-02
dt_s,epsilon,1.000000000000e-02,0,3.000000000000e-12,1.000000000000e-12,difference_from_finest_dt,2.008172895165e+00
dt_s,epsilon,1.000000000000e-02,0,1.000000000000e-12,3.000000000000e-13,scaled_max_error,-7.830723663453e-04
dt_s,epsilon,1.000000000000e-02,0,1.000000000000e-12,3.000000000000e-13,abs_R16,9.447398098674e-04
dt_s,epsilon,1.000000000000e-02,0,1.000000000000e-12,3.000000000000e-13,abs_R26,1.155270699434e-03
dt_s,epsilon,1.000000000000e-02,0,1.000000000000e-12,3.000000000000e-13,difference_from_finest_dt,2.088143179470e+00
dt_s,epsilon,1.000000000000e-02,0,3.000000000000e-13,1.000000000000e-13,scaled_max_error,-7.553723084974e-05
dt_s,epsilon,1.000000000000e-02,0,3.000000000000e-13,1.000000000000e-13,abs_R16,9.109234704722e-05
dt_s,epsilon,1.000000000000e-02,0,3.000000000000e-13,1.000000000000e-13,abs_R26,1.102556864598e-04
dt_s,epsilon,3.000000000000e-02,0,3.000000000000e-11,1.000000000000e-11,scaled_max_error,-8.800839097241e-02
dt_s,epsilon,3.000000000000e-02,0,3.000000000000e-11,1.000000000000e-11,abs_R16,9.210314838476e-02
dt_s,epsilon,3.000000000000e-02,0,3.000000000000e-11,1.000000000000e-11,abs_R26,1.112266583283e-01
dt_s,epsilon,3.000000000000e-02,0,3.000000000000e-11,1.000000000000e-11,difference_from_finest_dt,1.994344200434e+00
dt_s,epsilon,3.000000000000e-02,0,1.000000000000e-11,3.000000000000e-12,scaled_max_error,-8.719966391315e-03
dt_s,epsilon,3.000000000000e-02,0,1.000000000000e-11,3.000000000000e-12,abs_R16,1.028948593476e-02
dt_s,epsilon,3.000000000000e-02,0,1.000000000000e-11,3.000000000000e-12,abs_R26,1.256186711814e-02
dt_s,epsilon,3.000000000000e-02,0,1.000000000000e-11,3.000000000000e-12,difference_from_finest_dt,1.997730775563e+00
dt_s,epsilon,3.000000000000e-02,0,3.000000000000e-12,1.000000000000e-12,scaled_max_error,-8.387907448971e-04
dt_s,epsilon,3.000000000000e-02,0,3.000000000000e-12,1.000000000000e-12,abs_R16,1.008765726575e-03
dt_s,epsilon,3.000000000000e-02,0,3.000000000000e-12,1.000000000000e-12,abs_R26,1.233492668516e-03
dt_s,epsilon,3.000000000000e-02,0,3.000000000000e-12,1.000000000000e-12,difference_from_finest_dt,2.008288598471e+00
dt_s,epsilon,3.000000000000e-02,0,1.000000000000e-12,3.000000000000e-13,scaled_max_error,-8.698789572017e-05
dt_s,epsilon,3.000000000000e-02,0,1.000000000000e-12,3.000000000000e-13,abs_R16,1.050635873047e-04
dt_s,epsilon,3.000000000000e-02,0,1.000000000000e-12,3.000000000000e-13,abs_R26,1.284944704473e-04
dt_s,epsilon,3.000000000000e-02,0,1.000000000000e-12,3.000000000000e-13,difference_from_finest_dt,2.087970903054e+00
dt_s,epsilon,3.000000000000e-02,0,3.000000000000e-13,1.000000000000e-13,scaled_max_error,-8.396803406147e-06
dt_s,epsilon,3.000000000000e-02,0,3.000000000000e-13,1.000000000000e-13,abs_R16,1.013013682523e-05
dt_s,epsilon,3.000000000000e-02,0,3.000000000000e-13,1.000000000000e-13,abs_R26,1.226550037232e-05
dt_s,epsilon,1.000000000000e-01,0,3.000000000000e-11,1.000000000000e-11,scaled_max_error,-7.541116835950e-03
dt_s,epsilon,1.000000000000e-01,0,3.000000000000e-11,1.000000000000e-11,abs_R16,8.812929632671e-03
dt_s,epsilon,1.000000000000e-01,0,3.000000000000e-11,1.000000000000e-11,abs_R26,1.077527034057e-02
dt_s,epsilon,1.000000000000e-01,0,3.000000000000e-11,1.000000000000e-11,difference_from_finest_dt,1.998750432259e+00
dt_s,epsilon,1.000000000000e-01,0,1.000000000000e-11,3.000000000000e-12,scaled_max_error,-7.795239955617e-04
dt_s,epsilon,1.000000000000e-01,0,1.000000000000e-11,3.000000000000e-12,abs_R16,9.425944742092e-04
dt_s,epsilon,1.000000000000e-01,0,1.000000000000e-11,3.000000000000e-12,abs_R26,1.153124807650e-03
dt_s,epsilon,1.000000000000e-01,0,1.000000000000e-11,3.000000000000e-12,difference_from_finest_dt,1.991260855399e+00
dt_s,epsilon,1.000000000000e-01,0,3.000000000000e-12,1.000000000000e-12,scaled_max_error,-7.603290505222e-05
dt_s,epsilon,1.000000000000e-01,0,3.000000000000e-12,1.000000000000e-12,abs_R16,9.131894995262e-05
dt_s,epsilon,1.000000000000e-01,0,3.000000000000e-12,1.000000000000e-12,abs_R26,1.116874630358e-04
dt_s,epsilon,1.000000000000e-01,0,3.000000000000e-12,1.000000000000e-12,difference_from_finest_dt,2.009260173972e+00
dt_s,epsilon,1.000000000000e-01,0,1.000000000000e-12,3.000000000000e-13,scaled_max_error,-7.879669812195e-06
dt_s,epsilon,1.000000000000e-01,0,1.000000000000e-12,3.000000000000e-13,abs_R16,9.505378186885e-06
dt_s,epsilon,1.000000000000e-01,0,1.000000000000e-12,3.000000000000e-13,abs_R26,1.162628367044e-05
dt_s,epsilon,1.000000000000e-01,0,1.000000000000e-12,3.000000000000e-13,difference_from_finest_dt,2.088394144545e+00
dt_s,epsilon,1.000000000000e-01,0,3.000000000000e-13,1.000000000000e-13,scaled_max_error,-7.602298020574e-07
dt_s,epsilon,1.000000000000e-01,0,3.000000000000e-13,1.000000000000e-13,abs_R16,9.166116198888e-07
dt_s,epsilon,1.000000000000e-01,0,3.000000000000e-13,1.000000000000e-13,abs_R26,1.109969738398e-06
dt_s,epsilon,1.000000000000e-06,1,3.000000000000e-11,1.000000000000e-11,scaled_max_error,1.999488785250e+00
dt_s,epsilon,1.000000000000e-06,1,3.000000000000e-11,1.000000000000e-11,abs_R16,1.999847043738e+00
dt_s,epsilon,1.000000000000e-06,1,3.000000000000e-11,1.000000000000e-11,abs_R26,1.999770865657e+00
dt_s,epsilon,1.000000000000e-06,1,3.000000000000e-11,1.000000000000e-11,difference_from_finest_dt,1.999444984386e+00
dt_s,epsilon,1.000000000000e-06,1,1.000000000000e-11,3.000000000000e-12,scaled_max_error,1.994080890089e+00
dt_s,epsilon,1.000000000000e-06,1,1.000000000000e-11,3.000000000000e-12,abs_R16,1.990471476930e+00
dt_s,epsilon,1.000000000000e-06,1,1.000000000000e-11,3.000000000000e-12,abs_R26,1.987036636154e+00
dt_s,epsilon,1.000000000000e-06,1,1.000000000000e-11,3.000000000000e-12,difference_from_finest_dt,1.993629905474e+00
dt_s,epsilon,1.000000000000e-06,1,3.000000000000e-12,1.000000000000e-12,scaled_max_error,2.012574917853e+00
dt_s,epsilon,1.000000000000e-06,1,3.000000000000e-12,1.000000000000e-12,abs_R16,1.976765154245e+00
dt_s,epsilon,1.000000000000e-06,1,3.000000000000e-12,1.000000000000e-12,abs_R26,1.973721290317e+00
dt_s,epsilon,1.000000000000e-06,1,3.000000000000e-12,1.000000000000e-12,difference_from_finest_dt,2.008170740561e+00
dt_s,epsilon,1.000000000000e-06,1,1.000000000000e-12,3.000000000000e-13,scaled_max_error,1.992795368703e+00
dt_s,epsilon,1.000000000000e-06,1,1.000000000000e-12,3.000000000000e-13,abs_R16,1.695958418603e+00
dt_s,epsilon,1.000000000000e-06,1,1.000000000000e-12,3.000000000000e-13,abs_R26,1.452864624882e+00
dt_s,epsilon,1.000000000000e-06,1,1.000000000000e-12,3.000000000000e-13,difference_from_finest_dt,1.827716189881e+00
dt_s,epsilon,1.000000000000e-06,1,3.000000000000e-13,1.000000000000e-13,scaled_max_error,7.712507566091e-01
dt_s,epsilon,1.000000000000e-06,1,3.000000000000e-13,1.000000000000e-13,abs_R16,7.660452351281e-01
dt_s,epsilon,1.000000000000e-06,1,3.000000000000e-13,1.000000000000e-13,abs_R26,8.538648106362e-01
dt_s,epsilon,3.000000000000e-06,1,3.000000000000e-11,1.000000000000e-11,scaled_max_error,1.999384690198e+00
dt_s,epsilon,3.000000000000e-06,1,3.000000000000e-11,1.000000000000e-11,abs_R16,1.994455881447e+00
dt_s,epsilon,3.000000000000e-06,1,3.000000000000e-11,1.000000000000e-11,abs_R26,1.994533321749e+00
dt_s,epsilon,3.000000000000e-06,1,3.000000000000e-11,1.000000000000e-11,difference_from_finest_dt,1.999340894969e+00
dt_s,epsilon,3.000000000000e-06,1,1.000000000000e-11,3.000000000000e-12,scaled_max_error,1.994339790905e+00
dt_s,epsilon,3.000000000000e-06,1,1.000000000000e-11,3.000000000000e-12,abs_R16,1.997207471589e+00
dt_s,epsilon,3.000000000000e-06,1,1.000000000000e-11,3.000000000000e-12,abs_R26,1.997056347906e+00
dt_s,epsilon,3.000000000000e-06,1,1.000000000000e-11,3.000000000000e-12,difference_from_finest_dt,1.993888703292e+00
dt_s,epsilon,3.000000000000e-06,1,3.000000000000e-12,1.000000000000e-12,scaled_max_error,2.012395282653e+00
dt_s,epsilon,3.000000000000e-06,1,3.000000000000e-12,1.000000000000e-12,abs_R16,1.968338104576e+00
dt_s,epsilon,3.000000000000e-06,1,3.000000000000e-12,1.000000000000e-12,abs_R26,1.956420275732e+00
dt_s,epsilon,3.000000000000e-06,1,3.000000000000e-12,1.000000000000e-12,difference_from_finest_dt,2.007991212602e+00
dt_s,epsilon,3.000000000000e-06,1,1.000000000000e-12,3.000000000000e-13,scaled_max_error,2.116254355508e+00
dt_s,epsilon,3.000000000000e-06,1,1.000000000000e-12,3.000000000000e-13,abs_R16,1.799938869022e+00
dt_s,epsilon,3.000000000000e-06,1,1.000000000000e-12,3.000000000000e-13,abs_R26,1.772802946722e+00
dt_s,epsilon,3.000000000000e-06,1,1.000000000000e-12,3.000000000000e-13,difference_from_finest_dt,2.088364233571e+00
dt_s,epsilon,3.000000000000e-06,1,3.000000000000e-13,1.000000000000e-13,scaled_max_error,9.087926039120e-01
dt_s,epsilon,3.000000000000e-06,1,3.000000000000e-13,1.000000000000e-13,abs_R16,1.827823926849e+00
dt_s,epsilon,3.000000000000e-06,1,3.000000000000e-13,1.000000000000e-13,abs_R26,2.661753932412e+00
dt_s,epsilon,1.000000000000e-05,1,3.000000000000e-11,1.000000000000e-11,scaled_max_error,2.287351039052e+00
dt_s,epsilon,1.000000000000e-05,1,3.000000000000e-11,1.000000000000e-11,abs_R16,1.986287821298e+00
dt_s,epsilon,1.000000000000e-05,1,3.000000000000e-11,1.000000000000e-11,abs_R26,1.987242639051e+00
dt_s,epsilon,1.000000000000e-05,1,3.000000000000e-11,1.000000000000e-11,difference_from_finest_dt,2.287304228679e+00
dt_s,epsilon,1.000000000000e-05,1,1.000000000000e-11,3.000000000000e-12,scaled_max_error,1.993736420579e+00
dt_s,epsilon,1.000000000000e-05,1,1.000000000000e-11,3.000000000000e-12,abs_R16,1.988855733921e+00
dt_s,epsilon,1.000000000000e-05,1,1.000000000000e-11,3.000000000000e-12,abs_R26,1.988906975217e+00
dt_s,epsilon,1.000000000000e-05,1,1.000000000000e-11,3.000000000000e-12,difference_from_finest_dt,1.993286991431e+00
dt_s,epsilon,1.000000000000e-05,1,3.000000000000e-12,1.000000000000e-12,scaled_max_error,2.012640231015e+00
dt_s,epsilon,1.000000000000e-05,1,3.000000000000e-12,1.000000000000e-12,abs_R16,1.976114854126e+00
dt_s,epsilon,1.000000000000e-05,1,3.000000000000e-12,1.000000000000e-12,abs_R26,1.981601360208e+00
dt_s,epsilon,1.000000000000e-05,1,3.000000000000e-12,1.000000000000e-12,difference_from_finest_dt,2.008250669355e+00
dt_s,epsilon,1.000000000000e-05,1,1.000000000000e-12,3.000000000000e-13,scaled_max_error,2.128057536673e+00
dt_s,epsilon,1.000000000000e-05,1,1.000000000000e-12,3.000000000000e-13,abs_R16,1.788492356720e+00
dt_s,epsilon,1.000000000000e-05,1,1.000000000000e-12,3.000000000000e-13,abs_R26,1.691253393630e+00
dt_s,epsilon,1.000000000000e-05,1,1.000000000000e-12,3.000000000000e-13,difference_from_finest_dt,2.088349239785e+00
dt_s,epsilon,1.000000000000e-05,1,3.000000000000e-13,1.000000000000e-13,scaled_max_error,1.477487037579e+00
dt_s,epsilon,1.000000000000e-05,1,3.000000000000e-13,1.000000000000e-13,abs_R16,1.249760220954e+00
dt_s,epsilon,1.000000000000e-05,1,3.000000000000e-13,1.000000000000e-13,abs_R26,2.922287038726e+00
dt_s,epsilon,3.000000000000e-05,1,3.000000000000e-11,1.000000000000e-11,scaled_max_error,1.998760652939e+00
dt_s,epsilon,3.000000000000e-05,1,3.000000000000e-11,1.000000000000e-11,abs_R16,1.985894125432e+00
dt_s,epsilon,3.000000000000e-05,1,3.000000000000e-11,1.000000000000e-11,abs_R26,1.986858673489e+00
dt_s,epsilon,3.000000000000e-05,1,3.000000000000e-11,1.000000000000e-11,difference_from_finest_dt,1.998716861467e+00
dt_s,epsilon,3.000000000000e-05,1,1.000000000000e-11,3.000000000000e-12,scaled_max_error,1.994119589012e+00
dt_s,epsilon,3.000000000000e-05,1,1.000000000000e-11,3.000000000000e-12,abs_R16,1.989166657015e+00
dt_s,epsilon,3.000000000000e-05,1,1.000000000000e-11,3.000000000000e-12,abs_R26,1.989164040877e+00
dt_s,epsilon,3.000000000000e-05,1,1.000000000000e-11,3.000000000000e-12,difference_from_finest_dt,1.993668632854e+00
dt_s,epsilon,3.000000000000e-05,1,3.000000000000e-12,1.000000000000e-12,scaled_max_error,2.012636602629e+00
dt_s,epsilon,3.000000000000e-05,1,3.000000000000e-12,1.000000000000e-12,abs_R16,1.975778591832e+00
dt_s,epsilon,3.000000000000e-05,1,3.000000000000e-12,1.000000000000e-12,abs_R26,1.980399084321e+00
dt_s,epsilon,3.000000000000e-05,1,3.000000000000e-12,1.000000000000e-12,difference_from_finest_dt,2.008232388516e+00
dt_s,epsilon,3.000000000000e-05,1,1.000000000000e-12,3.000000000000e-13,scaled_max_error,2.095000651459e+00
dt_s,epsilon,3.000000000000e-05,1,1.000000000000e-12,3.000000000000e-13,abs_R16,1.775812777263e+00
dt_s,epsilon,3.000000000000e-05,1,1.000000000000e-12,3.000000000000e-13,abs_R26,1.730647349436e+00
dt_s,epsilon,3.000000000000e-05,1,1.000000000000e-12,3.000000000000e-13,difference_from_finest_dt,2.088364233571e+00
dt_s,epsilon,3.000000000000e-05,1,3.000000000000e-13,1.000000000000e-13,scaled_max_error,1.345249756603e+00
dt_s,epsilon,3.000000000000e-05,1,3.000000000000e-13,1.000000000000e-13,abs_R16,1.044568137860e+00
dt_s,epsilon,3.000000000000e-05,1,3.000000000000e-13,1.000000000000e-13,abs_R26,1.045375594970e+00
dt_s,epsilon,1.000000000000e-04,1,3.000000000000e-11,1.000000000000e-11,scaled_max_error,1.999130614058e+00
dt_s,epsilon,1.000000000000e-04,1,3.000000000000e-11,1.000000000000e-11,abs_R16,1.985947891809e+00
dt_s,epsilon,1.000000000000e-04,1,3.000000000000e-11,1.000000000000e-11,abs_R26,1.986927677610e+00
dt_s,epsilon,1.000000000000e-04,1,3.000000000000e-11,1.000000000000e-11,difference_from_finest_dt,1.999086800325e+00
dt_s,epsilon,1.000000000000e-04,1,1.000000000000e-11,3.000000000000e-12,scaled_max_error,1.994021203078e+00
dt_s,epsilon,1.000000000000e-04,1,1.000000000000e-11,3.000000000000e-12,abs_R16,1.989201481248e+00
dt_s,epsilon,1.000000000000e-04,1,1.000000000000e-11,3.000000000000e-12,abs_R26,1.989298859954e+00
dt_s,epsilon,1.000000000000e-04,1,1.000000000000e-11,3.000000000000e-12,difference_from_finest_dt,1.993570099449e+00
dt_s,epsilon,1.000000000000e-04,1,3.000000000000e-12,1.000000000000e-12,scaled_max_error,2.012328136942e+00
dt_s,epsilon,1.000000000000e-04,1,3.000000000000e-12,1.000000000000e-12,abs_R16,1.975624478724e+00
dt_s,epsilon,1.000000000000e-04,1,3.000000000000e-12,1.000000000000e-12,abs_R26,1.977289429942e+00
dt_s,epsilon,1.000000000000e-04,1,3.000000000000e-12,1.000000000000e-12,difference_from_finest_dt,2.007924106982e+00
dt_s,epsilon,1.000000000000e-04,1,1.000000000000e-12,3.000000000000e-13,scaled_max_error,2.112997765776e+00
dt_s,epsilon,1.000000000000e-04,1,1.000000000000e-12,3.000000000000e-13,abs_R16,1.799523204901e+00
dt_s,epsilon,1.000000000000e-04,1,1.000000000000e-12,3.000000000000e-13,abs_R26,1.815274490183e+00
dt_s,epsilon,1.000000000000e-04,1,1.000000000000e-12,3.000000000000e-13,difference_from_finest_dt,2.088178582552e+00
dt_s,epsilon,1.000000000000e-04,1,3.000000000000e-13,1.000000000000e-13,scaled_max_error,1.344160497987e+00
dt_s,epsilon,1.000000000000e-04,1,3.000000000000e-13,1.000000000000e-13,abs_R16,1.026643306556e+00
dt_s,epsilon,1.000000000000e-04,1,3.000000000000e-13,1.000000000000e-13,abs_R26,9.941553224268e-01
dt_s,epsilon,3.000000000000e-04,1,3.000000000000e-11,1.000000000000e-11,scaled_max_error,1.994205194343e+00
dt_s,epsilon,3.000000000000e-04,1,3.000000000000e-11,1.000000000000e-11,abs_R16,1.985949262589e+00
dt_s,epsilon,3.000000000000e-04,1,3.000000000000e-11,1.000000000000e-11,abs_R26,1.986930309149e+00
dt_s,epsilon,3.000000000000e-04,1,3.000000000000e-11,1.000000000000e-11,difference_from_finest_dt,1.994161678691e+00
dt_s,epsilon,3.000000000000e-04,1,1.000000000000e-11,3.000000000000e-12,scaled_max_error,1.998902110201e+00
dt_s,epsilon,3.000000000000e-04,1,1.000000000000e-11,3.000000000000e-12,abs_R16,1.989199013544e+00
dt_s,epsilon,3.000000000000e-04,1,1.000000000000e-11,3.000000000000e-12,abs_R26,1.989283963862e+00
dt_s,epsilon,3.000000000000e-04,1,1.000000000000e-11,3.000000000000e-12,difference_from_finest_dt,1.998450865333e+00
dt_s,epsilon,3.000000000000e-04,1,3.000000000000e-12,1.000000000000e-12,scaled_max_error,2.012558360509e+00
dt_s,epsilon,3.000000000000e-04,1,3.000000000000e-12,1.000000000000e-12,abs_R16,1.975512764383e+00
dt_s,epsilon,3.000000000000e-04,1,3.000000000000e-12,1.000000000000e-12,abs_R26,1.977416365511e+00
dt_s,epsilon,3.000000000000e-04,1,3.000000000000e-12,1.000000000000e-12,difference_from_finest_dt,2.008154272971e+00
dt_s,epsilon,3.000000000000e-04,1,1.000000000000e-12,3.000000000000e-13,scaled_max_error,2.112570654047e+00
dt_s,epsilon,3.000000000000e-04,1,1.000000000000e-12,3.000000000000e-13,abs_R16,1.797701976645e+00
dt_s,epsilon,3.000000000000e-04,1,1.000000000000e-12,3.000000000000e-13,abs_R26,1.808514639117e+00
dt_s,epsilon,3.000000000000e-04,1,1.000000000000e-12,3.000000000000e-13,difference_from_finest_dt,2.088379260071e+00
dt_s,epsilon,3.000000000000e-04,1,3.000000000000e-13,1.000000000000e-13,scaled_max_error,1.347325290873e+00
dt_s,epsilon,3.000000000000e-04,1,3.000000000000e-13,1.000000000000e-13,abs_R16,1.032200065637e+00
dt_s,epsilon,3.000000000000e-04,1,3.000000000000e-13,1.000000000000e-13,abs_R26,1.055290067149e+00
dt_s,epsilon,1.000000000000e-03,1,3.000000000000e-11,1.000000000000e-11,scaled_max_error,1.995236634694e+00
dt_s,epsilon,1.000000000000e-03,1,3.000000000000e-11,1.000000000000e-11,abs_R16,1.985950108245e+00
dt_s,epsilon,1.000000000000e-03,1,3.000000000000e-11,1.000000000000e-11,abs_R26,1.986931102610e+00
dt_s,epsilon,1.000000000000e-03,1,3.000000000000e-11,1.000000000000e-11,difference_from_finest_dt,1.995193186574e+00
dt_s,epsilon,1.000000000000e-03,1,1.000000000000e-11,3.000000000000e-12,scaled_max_error,1.997533898044e+00
dt_s,epsilon,1.000000000000e-03,1,1.000000000000e-11,3.000000000000e-12,abs_R16,1.989204644426e+00
dt_s,epsilon,1.000000000000e-03,1,1.000000000000e-11,3.000000000000e-12,abs_R26,1.989308139684e+00
dt_s,epsilon,1.000000000000e-03,1,1.000000000000e-11,3.000000000000e-12,difference_from_finest_dt,1.997084232140e+00
dt_s,epsilon,1.000000000000e-03,1,3.000000000000e-12,1.000000000000e-12,scaled_max_error,2.012558360509e+00
dt_s,epsilon,1.000000000000e-03,1,3.000000000000e-12,1.000000000000e-12,abs_R16,1.975373302329e+00
dt_s,epsilon,1.000000000000e-03,1,3.000000000000e-12,1.000000000000e-12,abs_R26,1.977116715792e+00
dt_s,epsilon,1.000000000000e-03,1,3.000000000000e-12,1.000000000000e-12,difference_from_finest_dt,2.008168927162e+00
dt_s,epsilon,1.000000000000e-03,1,1.000000000000e-12,3.000000000000e-13,scaled_max_error,2.112224732704e+00
dt_s,epsilon,1.000000000000e-03,1,1.000000000000e-12,3.000000000000e-13,abs_R16,1.797870507013e+00
dt_s,epsilon,1.000000000000e-03,1,1.000000000000e-12,3.000000000000e-13,abs_R26,1.812102982635e+00
dt_s,epsilon,1.000000000000e-03,1,1.000000000000e-12,3.000000000000e-13,difference_from_finest_dt,2.088549959089e+00
dt_s,epsilon,1.000000000000e-03,1,3.000000000000e-13,1.000000000000e-13,scaled_max_error,1.348630416821e+00
dt_s,epsilon,1.000000000000e-03,1,3.000000000000e-13,1.000000000000e-13,abs_R16,1.033184752461e+00
dt_s,epsilon,1.000000000000e-03,1,3.000000000000e-13,1.000000000000e-13,abs_R26,1.052961953721e+00
dt_s,epsilon,3.000000000000e-03,1,3.000000000000e-11,1.000000000000e-11,scaled_max_error,1.999498165836e+00
dt_s,epsilon,3.000000000000e-03,1,3.000000000000e-11,1.000000000000e-11,abs_R16,1.985947522697e+00
dt_s,epsilon,3.000000000000e-03,1,3.000000000000e-11,1.000000000000e-11,abs_R26,1.986923968147e+00
dt_s,epsilon,3.000000000000e-03,1,3.000000000000e-11,1.000000000000e-11,difference_from_finest_dt,1.999456557515e+00
dt_s,epsilon,3.000000000000e-03,1,1.000000000000e-11,3.000000000000e-12,scaled_max_error,1.994018577095e+00
dt_s,epsilon,3.000000000000e-03,1,1.000000000000e-11,3.000000000000e-12,abs_R16,1.989216312801e+00
dt_s,epsilon,3.000000000000e-03,1,1.000000000000e-11,3.000000000000e-12,abs_R26,1.989313967042e+00
dt_s,epsilon,3.000000000000e-03,1,1.000000000000e-11,3.000000000000e-12,difference_from_finest_dt,1.993590197009e+00
dt_s,epsilon,3.000000000000e-03,1,3.000000000000e-12,1.000000000000e-12,scaled_max_error,2.012397365765e+00
dt_s,epsilon,3.000000000000e-03,1,3.000000000000e-12,1.000000000000e-12,abs_R16,1.975467440996e+00
dt_s,epsilon,3.000000000000e-03,1,3.000000000000e-12,1.000000000000e-12,abs_R26,1.977095117655e+00
dt_s,epsilon,3.000000000000e-03,1,3.000000000000e-12,1.000000000000e-12,difference_from_finest_dt,2.008214257198e+00
dt_s,epsilon,3.000000000000e-03,1,1.000000000000e-12,3.000000000000e-13,scaled_max_error,2.113474399199e+00
dt_s,epsilon,3.000000000000e-03,1,1.000000000000e-12,3.000000000000e-13,abs_R16,1.798734664664e+00
dt_s,epsilon,3.000000000000e-03,1,1.000000000000e-12,3.000000000000e-13,abs_R26,1.811947471830e+00
dt_s,epsilon,3.000000000000e-03,1,1.000000000000e-12,3.000000000000e-13,difference_from_finest_dt,2.088364266556e+00
dt_s,epsilon,3.000000000000e-03,1,3.000000000000e-13,1.000000000000e-13,scaled_max_error,1.353255177592e+00
dt_s,epsilon,3.000000000000e-03,1,3.000000000000e-13,1.000000000000e-13,abs_R16,1.034902449620e+00
dt_s,epsilon,3.000000000000e-03,1,3.000000000000e-13,1.000000000000e-13,abs_R26,1.050772106577e+00
dt_s,epsilon,1.000000000000e-02,1,3.000000000000e-11,1.000000000000e-11,scaled_max_error,1.998715561136e+00
dt_s,epsilon,1.000000000000e-02,1,3.000000000000e-11,1.000000000000e-11,abs_R16,1.986106015174e+00
dt_s,epsilon,1.000000000000e-02,1,3.000000000000e-11,1.000000000000e-11,abs_R26,1.987056977528e+00
dt_s,epsilon,1.000000000000e-02,1,3.000000000000e-11,1.000000000000e-11,difference_from_finest_dt,1.998942261231e+00
dt_s,epsilon,1.000000000000e-02,1,1.000000000000e-11,3.000000000000e-12,scaled_max_error,1.991527492120e+00
dt_s,epsilon,1.000000000000e-02,1,1.000000000000e-11,3.000000000000e-12,abs_R16,1.990794255135e+00
dt_s,epsilon,1.000000000000e-02,1,1.000000000000e-11,3.000000000000e-12,abs_R26,1.990581454290e+00
dt_s,epsilon,1.000000000000e-02,1,1.000000000000e-11,3.000000000000e-12,difference_from_finest_dt,1.993858265995e+00
dt_s,epsilon,1.000000000000e-02,1,3.000000000000e-12,1.000000000000e-12,scaled_max_error,1.985536928893e+00
dt_s,epsilon,1.000000000000e-02,1,3.000000000000e-12,1.000000000000e-12,abs_R16,1.990388645555e+00
dt_s,epsilon,1.000000000000e-02,1,3.000000000000e-12,1.000000000000e-12,abs_R26,1.989073008788e+00
dt_s,epsilon,1.000000000000e-02,1,3.000000000000e-12,1.000000000000e-12,difference_from_finest_dt,2.007920479519e+00
dt_s,epsilon,1.000000000000e-02,1,1.000000000000e-12,3.000000000000e-13,scaled_max_error,1.863909452199e+00
dt_s,epsilon,1.000000000000e-02,1,1.000000000000e-12,3.000000000000e-13,abs_R16,1.927874632725e+00
dt_s,epsilon,1.000000000000e-02,1,1.000000000000e-12,3.000000000000e-13,abs_R26,1.915847266412e+00
dt_s,epsilon,1.000000000000e-02,1,1.000000000000e-12,3.000000000000e-13,difference_from_finest_dt,2.088178582552e+00
dt_s,epsilon,1.000000000000e-02,1,3.000000000000e-13,1.000000000000e-13,scaled_max_error,1.235062096717e+00
dt_s,epsilon,1.000000000000e-02,1,3.000000000000e-13,1.000000000000e-13,abs_R16,1.501352784518e+00
dt_s,epsilon,1.000000000000e-02,1,3.000000000000e-13,1.000000000000e-13,abs_R26,1.408011708406e+00
dt_s,epsilon,3.000000000000e-02,1,3.000000000000e-11,1.000000000000e-11,scaled_max_error,1.973331443967e+00
dt_s,epsilon,3.000000000000e-02,1,3.000000000000e-11,1.000000000000e-11,abs_R16,1.998627856003e+00
dt_s,epsilon,3.000000000000e-02,1,3.000000000000e-11,1.000000000000e-11,abs_R26,1.997069579737e+00
dt_s,epsilon,3.000000000000e-02,1,3.000000000000e-11,1.000000000000e-11,difference_from_finest_dt,1.994794194920e+00
dt_s,epsilon,3.000000000000e-02,1,1.000000000000e-11,3.000000000000e-12,scaled_max_error,1.802623554084e+00
dt_s,epsilon,3.000000000000e-02,1,1.000000000000e-11,3.000000000000e-12,abs_R16,2.131671423107e+00
dt_s,epsilon,3.000000000000e-02,1,1.000000000000e-11,3.000000000000e-12,abs_R26,2.101112782183e+00
dt_s,epsilon,3.000000000000e-02,1,1.000000000000e-11,3.000000000000e-12,difference_from_finest_dt,1.997461479375e+00
dt_s,epsilon,3.000000000000e-02,1,3.000000000000e-12,1.000000000000e-12,scaled_max_error,1.052487172050e+00
dt_s,epsilon,3.000000000000e-02,1,3.000000000000e-12,1.000000000000e-12,abs_R16,2.443967676072e+00
dt_s,epsilon,3.000000000000e-02,1,3.000000000000e-12,1.000000000000e-12,abs_R26,3.303935608644e+00
dt_s,epsilon,3.000000000000e-02,1,3.000000000000e-12,1.000000000000e-12,difference_from_finest_dt,2.008150646491e+00
dt_s,epsilon,3.000000000000e-02,1,1.000000000000e-12,3.000000000000e-13,scaled_max_error,2.364203460777e-01
dt_s,epsilon,3.000000000000e-02,1,1.000000000000e-12,3.000000000000e-13,abs_R16,-8.510869299145e-01
dt_s,epsilon,3.000000000000e-02,1,1.000000000000e-12,3.000000000000e-13,abs_R26,-1.403079029331e+00
dt_s,epsilon,3.000000000000e-02,1,1.000000000000e-12,3.000000000000e-13,difference_from_finest_dt,2.088193609051e+00
dt_s,epsilon,3.000000000000e-02,1,3.000000000000e-13,1.000000000000e-13,scaled_max_error,2.678470687575e-02
dt_s,epsilon,3.000000000000e-02,1,3.000000000000e-13,1.000000000000e-13,abs_R16,-4.991937104305e-02
dt_s,epsilon,3.000000000000e-02,1,3.000000000000e-13,1.000000000000e-13,abs_R26,-6.240849014600e-02
dt_s,epsilon,1.000000000000e-01,1,3.000000000000e-11,1.000000000000e-11,scaled_max_error,9.404839025852e-01
dt_s,epsilon,1.000000000000e-01,1,3.000000000000e-11,1.000000000000e-11,abs_R16,1.811681850643e+00
dt_s,epsilon,1.000000000000e-01,1,3.000000000000e-11,1.000000000000e-11,abs_R26,2.366926446679e+00
dt_s,epsilon,1.000000000000e-01,1,3.000000000000e-11,1.000000000000e-11,difference_from_finest_dt,1.992435341115e+00
dt_s,epsilon,1.000000000000e-01,1,1.000000000000e-11,3.000000000000e-12,scaled_max_error,1.935301787069e-01
dt_s,epsilon,1.000000000000e-01,1,1.000000000000e-11,3.000000000000e-12,abs_R16,-5.601750488358e-01
dt_s,epsilon,1.000000000000e-01,1,1.000000000000e-11,3.000000000000e-12,abs_R26,-8.168107044409e-01
dt_s,epsilon,1.000000000000e-01,1,1.000000000000e-11,3.000000000000e-12,difference_from_finest_dt,2.000573787871e+00
dt_s,epsilon,1.000000000000e-01,1,3.000000000000e-12,1.000000000000e-12,scaled_max_error,2.124740067105e-02
dt_s,epsilon,1.000000000000e-01,1,3.000000000000e-12,1.000000000000e-12,abs_R16,-3.876784398449e-02
dt_s,epsilon,1.000000000000e-01,1,3.000000000000e-12,1.000000000000e-12,abs_R26,-4.916969455579e-02
dt_s,epsilon,1.000000000000e-01,1,3.000000000000e-12,1.000000000000e-12,difference_from_finest_dt,2.007219217227e+00
dt_s,epsilon,1.000000000000e-01,1,1.000000000000e-12,3.000000000000e-13,scaled_max_error,2.236476503509e-03
dt_s,epsilon,1.000000000000e-01,1,1.000000000000e-12,3.000000000000e-13,abs_R16,-3.940982380707e-03
dt_s,epsilon,1.000000000000e-01,1,1.000000000000e-12,3.000000000000e-13,abs_R26,-4.967292346074e-03
dt_s,epsilon,1.000000000000e-01,1,1.000000000000e-12,3.000000000000e-13,difference_from_finest_dt,2.087838213133e+00
dt_s,epsilon,1.000000000000e-01,1,3.000000000000e-13,1.000000000000e-13,scaled_max_error,2.162500216123e-04
dt_s,epsilon,1.000000000000e-01,1,3.000000000000e-13,1.000000000000e-13,abs_R16,-3.790921537823e-04
dt_s,epsilon,1.000000000000e-01,1,3.000000000000e-13,1.000000000000e-13,abs_R26,-4.726881946753e-04
dt_s,epsilon,1.000000000000e-06,2,3.000000000000e-11,1.000000000000e-11,scaled_max_error,1.999267265283e+00
dt_s,epsilon,1.000000000000e-06,2,3.000000000000e-11,1.000000000000e-11,abs_R16,1.999285765995e+00
dt_s,epsilon,1.000000000000e-06,2,3.000000000000e-11,1.000000000000e-11,abs_R26,1.999332306907e+00
dt_s,epsilon,1.000000000000e-06,2,3.000000000000e-11,1.000000000000e-11,difference_from_finest_dt,1.999223444376e+00
dt_s,epsilon,1.000000000000e-06,2,1.000000000000e-11,3.000000000000e-12,scaled_max_error,1.993933921620e+00
dt_s,epsilon,1.000000000000e-06,2,1.000000000000e-11,3.000000000000e-12,abs_R16,1.991188978289e+00
dt_s,epsilon,1.000000000000e-06,2,1.000000000000e-11,3.000000000000e-12,abs_R26,1.989591250794e+00
dt_s,epsilon,1.000000000000e-06,2,1.000000000000e-11,3.000000000000e-12,difference_from_finest_dt,1.993482804735e+00
dt_s,epsilon,1.000000000000e-06,2,3.000000000000e-12,1.000000000000e-12,scaled_max_error,2.012291839988e+00
dt_s,epsilon,1.000000000000e-06,2,3.000000000000e-12,1.000000000000e-12,abs_R16,1.933152296009e+00
dt_s,epsilon,1.000000000000e-06,2,3.000000000000e-12,1.000000000000e-12,abs_R26,1.750277154633e+00
dt_s,epsilon,1.000000000000e-06,2,3.000000000000e-12,1.000000000000e-12,difference_from_finest_dt,2.007887831701e+00
dt_s,epsilon,1.000000000000e-06,2,1.000000000000e-12,3.000000000000e-13,scaled_max_error,1.987950410790e+00
dt_s,epsilon,1.000000000000e-06,2,1.000000000000e-12,3.000000000000e-13,abs_R16,1.608795388889e+00
dt_s,epsilon,1.000000000000e-06,2,1.000000000000e-12,3.000000000000e-13,abs_R26,1.376411947534e+00
dt_s,epsilon,1.000000000000e-06,2,1.000000000000e-12,3.000000000000e-13,difference_from_finest_dt,1.536886943332e+00
dt_s,epsilon,1.000000000000e-06,2,3.000000000000e-13,1.000000000000e-13,scaled_max_error,-9.093286409859e-01
dt_s,epsilon,1.000000000000e-06,2,3.000000000000e-13,1.000000000000e-13,abs_R16,-1.092148730048e-01
dt_s,epsilon,1.000000000000e-06,2,3.000000000000e-13,1.000000000000e-13,abs_R26,2.097588081767e+00
dt_s,epsilon,3.000000000000e-06,2,3.000000000000e-11,1.000000000000e-11,scaled_max_error,1.993971249165e+00
dt_s,epsilon,3.000000000000e-06,2,3.000000000000e-11,1.000000000000e-11,abs_R16,2.000901079264e+00
dt_s,epsilon,3.000000000000e-06,2,3.000000000000e-11,1.000000000000e-11,abs_R26,2.000354696384e+00
dt_s,epsilon,3.000000000000e-06,2,3.000000000000e-11,1.000000000000e-11,difference_from_finest_dt,1.993927746104e+00
dt_s,epsilon,3.000000000000e-06,2,1.000000000000e-11,3.000000000000e-12,scaled_max_error,1.999044397046e+00
dt_s,epsilon,3.000000000000e-06,2,1.000000000000e-11,3.000000000000e-12,abs_R16,1.991822062290e+00
dt_s,epsilon,3.000000000000e-06,2,1.000000000000e-11,3.000000000000e-12,abs_R26,1.991140345912e+00
dt_s,epsilon,3.000000000000e-06,2,1.000000000000e-11,3.000000000000e-12,difference_from_finest_dt,1.998593183180e+00
dt_s,epsilon,3.000000000000e-06,2,3.000000000000e-12,1.000000000000e-12,scaled_max_error,2.012636373069e+00
dt_s,epsilon,3.000000000000e-06,2,3.000000000000e-12,1.000000000000e-12,abs_R16,1.986070024197e+00
dt_s,epsilon,3.000000000000e-06,2,3.000000000000e-12,1.000000000000e-12,abs_R26,2.052008671100e+00
dt_s,epsilon,3.000000000000e-06,2,3.000000000000e-12,1.000000000000e-12,difference_from_finest_dt,2.008232238964e+00
dt_s,epsilon,3.000000000000e-06,2,1.000000000000e-12,3.000000000000e-13,scaled_max_error,2.068676091638e+00
dt_s,epsilon,3.000000000000e-06,2,1.000000000000e-12,3.000000000000e-13,abs_R16,1.817613345408e+00
dt_s,epsilon,3.000000000000e-06,2,1.000000000000e-12,3.000000000000e-13,abs_R26,1.893783992850e+00
dt_s,epsilon,3.000000000000e-06,2,1.000000000000e-12,3.000000000000e-13,difference_from_finest_dt,2.088379260071e+00
dt_s,epsilon,3.000000000000e-06,2,3.000000000000e-13,1.000000000000e-13,scaled_max_error,7.518497800720e-01
dt_s,epsilon,3.000000000000e-06,2,3.000000000000e-13,1.000000000000e-13,abs_R16,8.658262926279e-01
dt_s,epsilon,3.000000000000e-06,2,3.000000000000e-13,1.000000000000e-13,abs_R26,6.645778810904e-01
dt_s,epsilon,1.000000000000e-05,2,3.000000000000e-11,1.000000000000e-11,scaled_max_error,2.000008888643e+00
dt_s,epsilon,1.000000000000e-05,2,3.000000000000e-11,1.000000000000e-11,abs_R16,2.013196805590e+00
dt_s,epsilon,1.000000000000e-05,2,3.000000000000e-11,1.000000000000e-11,abs_R26,2.011511095713e+00
dt_s,epsilon,1.000000000000e-05,2,3.000000000000e-11,1.000000000000e-11,difference_from_finest_dt,1.999965069623e+00
dt_s,epsilon,1.000000000000e-05,2,1.000000000000e-11,3.000000000000e-12,scaled_max_error,1.993817540384e+00
dt_s,epsilon,1.000000000000e-05,2,1.000000000000e-11,3.000000000000e-12,abs_R16,1.986107135993e+00
dt_s,epsilon,1.000000000000e-05,2,1.000000000000e-11,3.000000000000e-12,abs_R26,1.985261555544e+00
dt_s,epsilon,1.000000000000e-05,2,1.000000000000e-11,3.000000000000e-12,difference_from_finest_dt,1.993366558347e+00
dt_s,epsilon,1.000000000000e-05,2,3.000000000000e-12,1.000000000000e-12,scaled_max_error,2.012534774211e+00
dt_s,epsilon,1.000000000000e-05,2,3.000000000000e-12,1.000000000000e-12,abs_R16,1.972255715756e+00
dt_s,epsilon,1.000000000000e-05,2,3.000000000000e-12,1.000000000000e-12,abs_R26,1.950623033285e+00
dt_s,epsilon,1.000000000000e-05,2,3.000000000000e-12,1.000000000000e-12,difference_from_finest_dt,2.008130700752e+00
dt_s,epsilon,1.000000000000e-05,2,1.000000000000e-12,3.000000000000e-13,scaled_max_error,2.130406411174e+00
dt_s,epsilon,1.000000000000e-05,2,1.000000000000e-12,3.000000000000e-13,abs_R16,1.841280693922e+00
dt_s,epsilon,1.000000000000e-05,2,1.000000000000e-12,3.000000000000e-13,abs_R26,2.074235098957e+00
dt_s,epsilon,1.000000000000e-05,2,1.000000000000e-12,3.000000000000e-13,difference_from_finest_dt,2.088379260071e+00
dt_s,epsilon,1.000000000000e-05,2,3.000000000000e-13,1.000000000000e-13,scaled_max_error,1.009607171678e+00
dt_s,epsilon,1.000000000000e-05,2,3.000000000000e-13,1.000000000000e-13,abs_R16,8.213098863953e-01
dt_s,epsilon,1.000000000000e-05,2,3.000000000000e-13,1.000000000000e-13,abs_R26,3.541302194932e-01
dt_s,epsilon,3.000000000000e-05,2,3.000000000000e-11,1.000000000000e-11,scaled_max_error,1.999482257526e+00
dt_s,epsilon,3.000000000000e-05,2,3.000000000000e-11,1.000000000000e-11,abs_R16,1.986697840685e+00
dt_s,epsilon,3.000000000000e-05,2,3.000000000000e-11,1.000000000000e-11,abs_R26,1.987604626513e+00
dt_s,epsilon,3.000000000000e-05,2,3.000000000000e-11,1.000000000000e-11,difference_from_finest_dt,1.999438434991e+00
dt_s,epsilon,3.000000000000e-05,2,1.000000000000e-11,3.000000000000e-12,scaled_max_error,1.993672621376e+00
dt_s,epsilon,3.000000000000e-05,2,1.000000000000e-11,3.000000000000e-12,abs_R16,1.988809950410e+00
dt_s,epsilon,3.000000000000e-05,2,1.000000000000e-11,3.000000000000e-12,abs_R26,1.988971925331e+00
dt_s,epsilon,3.000000000000e-05,2,1.000000000000e-11,3.000000000000e-12,difference_from_finest_dt,1.993221657072e+00
dt_s,epsilon,3.000000000000e-05,2,3.000000000000e-12,1.000000000000e-12,scaled_max_error,2.012554731863e+00
dt_s,epsilon,3.000000000000e-05,2,3.000000000000e-12,1.000000000000e-12,abs_R16,1.976693867865e+00
dt_s,epsilon,3.000000000000e-05,2,3.000000000000e-12,1.000000000000e-12,abs_R26,1.985728559706e+00
dt_s,epsilon,3.000000000000e-05,2,3.000000000000e-12,1.000000000000e-12,difference_from_finest_dt,2.008150646491e+00
dt_s,epsilon,3.000000000000e-05,2,1.000000000000e-12,3.000000000000e-13,scaled_max_error,2.111379757005e+00
dt_s,epsilon,3.000000000000e-05,2,1.000000000000e-12,3.000000000000e-13,abs_R16,1.813635133731e+00
dt_s,epsilon,3.000000000000e-05,2,1.000000000000e-12,3.000000000000e-13,abs_R26,1.837641944427e+00
dt_s,epsilon,3.000000000000e-05,2,1.000000000000e-12,3.000000000000e-13,difference_from_finest_dt,2.088379260071e+00
dt_s,epsilon,3.000000000000e-05,2,3.000000000000e-13,1.000000000000e-13,scaled_max_error,1.392136923897e+00
dt_s,epsilon,3.000000000000e-05,2,3.000000000000e-13,1.000000000000e-13,abs_R16,9.549338131933e-01
dt_s,epsilon,3.000000000000e-05,2,3.000000000000e-13,1.000000000000e-13,abs_R26,1.070559713970e+00
dt_s,epsilon,1.000000000000e-04,2,3.000000000000e-11,1.000000000000e-11,scaled_max_error,1.998865351589e+00
dt_s,epsilon,1.000000000000e-04,2,3.000000000000e-11,1.000000000000e-11,abs_R16,1.986435176350e+00
dt_s,epsilon,1.000000000000e-04,2,3.000000000000e-11,1.000000000000e-11,abs_R26,1.987308669396e+00
dt_s,epsilon,1.000000000000e-04,2,3.000000000000e-11,1.000000000000e-11,difference_from_finest_dt,1.998821560824e+00
dt_s,epsilon,1.000000000000e-04,2,1.000000000000e-11,3.000000000000e-12,scaled_max_error,1.994144946702e+00
dt_s,epsilon,1.000000000000e-04,2,1.000000000000e-11,3.000000000000e-12,abs_R16,1.988824010861e+00
dt_s,epsilon,1.000000000000e-04,2,1.000000000000e-11,3.000000000000e-12,abs_R26,1.989036497430e+00
dt_s,epsilon,1.000000000000e-04,2,1.000000000000e-11,3.000000000000e-12,difference_from_finest_dt,1.993693989171e+00
dt_s,epsilon,1.000000000000e-04,2,3.000000000000e-12,1.000000000000e-12,scaled_max_error,2.012636602629e+00
dt_s,epsilon,1.000000000000e-04,2,3.000000000000e-12,1.000000000000e-12,abs_R16,1.974746499901e+00
dt_s,epsilon,1.000000000000e-04,2,3.000000000000e-12,1.000000000000e-12,abs_R26,1.976817307028e+00
dt_s,epsilon,1.000000000000e-04,2,3.000000000000e-12,1.000000000000e-12,difference_from_finest_dt,2.008232388516e+00
dt_s,epsilon,1.000000000000e-04,2,1.000000000000e-12,3.000000000000e-13,scaled_max_error,2.110635585683e+00
dt_s,epsilon,1.000000000000e-04,2,1.000000000000e-12,3.000000000000e-13,abs_R16,1.793024056357e+00
dt_s,epsilon,1.000000000000e-04,2,1.000000000000e-12,3.000000000000e-13,abs_R26,1.799909774542e+00
dt_s,epsilon,1.000000000000e-04,2,1.000000000000e-12,3.000000000000e-13,difference_from_finest_dt,2.088364233571e+00
dt_s,epsilon,1.000000000000e-04,2,3.000000000000e-13,1.000000000000e-13,scaled_max_error,1.414847968659e+00
dt_s,epsilon,1.000000000000e-04,2,3.000000000000e-13,1.000000000000e-13,abs_R16,1.069014618022e+00
dt_s,epsilon,1.000000000000e-04,2,3.000000000000e-13,1.000000000000e-13,abs_R26,1.091975309206e+00
dt_s,epsilon,3.000000000000e-04,2,3.000000000000e-11,1.000000000000e-11,scaled_max_error,2.001674073990e+00
dt_s,epsilon,3.000000000000e-04,2,3.000000000000e-11,1.000000000000e-11,abs_R16,1.985946366950e+00
dt_s,epsilon,3.000000000000e-04,2,3.000000000000e-11,1.000000000000e-11,abs_R26,1.986925662831e+00
dt_s,epsilon,3.000000000000e-04,2,3.000000000000e-11,1.000000000000e-11,difference_from_finest_dt,2.001630154677e+00
dt_s,epsilon,3.000000000000e-04,2,1.000000000000e-11,3.000000000000e-12,scaled_max_error,1.992105048591e+00
dt_s,epsilon,3.000000000000e-04,2,1.000000000000e-11,3.000000000000e-12,abs_R16,1.989202603175e+00
dt_s,epsilon,3.000000000000e-04,2,1.000000000000e-11,3.000000000000e-12,abs_R26,1.989271822491e+00
dt_s,epsilon,3.000000000000e-04,2,1.000000000000e-11,3.000000000000e-12,difference_from_finest_dt,1.991654161188e+00
dt_s,epsilon,3.000000000000e-04,2,3.000000000000e-12,1.000000000000e-12,scaled_max_error,2.012538402936e+00
dt_s,epsilon,3.000000000000e-04,2,3.000000000000e-12,1.000000000000e-12,abs_R16,1.975522590431e+00
dt_s,epsilon,3.000000000000e-04,2,3.000000000000e-12,1.000000000000e-12,abs_R26,1.977975286516e+00
dt_s,epsilon,3.000000000000e-04,2,3.000000000000e-12,1.000000000000e-12,difference_from_finest_dt,2.008134327312e+00
dt_s,epsilon,3.000000000000e-04,2,1.000000000000e-12,3.000000000000e-13,scaled_max_error,2.111898163104e+00
dt_s,epsilon,3.000000000000e-04,2,1.000000000000e-12,3.000000000000e-13,abs_R16,1.797403137291e+00
dt_s,epsilon,3.000000000000e-04,2,1.000000000000e-12,3.000000000000e-13,abs_R26,1.807955091173e+00
dt_s,epsilon,3.000000000000e-04,2,1.000000000000e-12,3.000000000000e-13,difference_from_finest_dt,2.088379260071e+00
dt_s,epsilon,3.000000000000e-04,2,3.000000000000e-13,1.000000000000e-13,scaled_max_error,1.361113214191e+00
dt_s,epsilon,3.000000000000e-04,2,3.000000000000e-13,1.000000000000e-13,abs_R16,1.042730136270e+00
dt_s,epsilon,3.000000000000e-04,2,3.000000000000e-13,1.000000000000e-13,abs_R26,1.087703230286e+00
dt_s,epsilon,1.000000000000e-03,2,3.000000000000e-11,1.000000000000e-11,scaled_max_error,1.995349398812e+00
dt_s,epsilon,1.000000000000e-03,2,3.000000000000e-11,1.000000000000e-11,abs_R16,1.985950420623e+00
dt_s,epsilon,1.000000000000e-03,2,3.000000000000e-11,1.000000000000e-11,abs_R26,1.986931791242e+00
dt_s,epsilon,1.000000000000e-03,2,3.000000000000e-11,1.000000000000e-11,difference_from_finest_dt,1.995305830990e+00
dt_s,epsilon,1.000000000000e-03,2,1.000000000000e-11,3.000000000000e-12,scaled_max_error,1.998038262055e+00
dt_s,epsilon,1.000000000000e-03,2,1.000000000000e-11,3.000000000000e-12,abs_R16,1.989196413316e+00
dt_s,epsilon,1.000000000000e-03,2,1.000000000000e-11,3.000000000000e-12,abs_R26,1.989288308869e+00
dt_s,epsilon,1.000000000000e-03,2,1.000000000000e-11,3.000000000000e-12,difference_from_finest_dt,1.997587063707e+00
dt_s,epsilon,1.000000000000e-03,2,3.000000000000e-12,1.000000000000e-12,scaled_max_error,2.012574917853e+00
dt_s,epsilon,1.000000000000e-03,2,3.000000000000e-12,1.000000000000e-12,abs_R16,1.975390223018e+00
dt_s,epsilon,1.000000000000e-03,2,3.000000000000e-12,1.000000000000e-12,abs_R26,1.976980746475e+00
dt_s,epsilon,1.000000000000e-03,2,3.000000000000e-12,1.000000000000e-12,difference_from_finest_dt,2.008170740561e+00
dt_s,epsilon,1.000000000000e-03,2,1.000000000000e-12,3.000000000000e-13,scaled_max_error,2.112459442171e+00
dt_s,epsilon,1.000000000000e-03,2,1.000000000000e-12,3.000000000000e-13,abs_R16,1.798778257716e+00
dt_s,epsilon,1.000000000000e-03,2,1.000000000000e-12,3.000000000000e-13,abs_R26,1.814363913321e+00
dt_s,epsilon,1.000000000000e-03,2,1.000000000000e-12,3.000000000000e-13,difference_from_finest_dt,2.088178582552e+00
dt_s,epsilon,1.000000000000e-03,2,3.000000000000e-13,1.000000000000e-13,scaled_max_error,1.349933072773e+00
dt_s,epsilon,1.000000000000e-03,2,3.000000000000e-13,1.000000000000e-13,abs_R16,1.027286094480e+00
dt_s,epsilon,1.000000000000e-03,2,3.000000000000e-13,1.000000000000e-13,abs_R26,1.033052646309e+00
dt_s,epsilon,3.000000000000e-03,2,3.000000000000e-11,1.000000000000e-11,scaled_max_error,1.999217058048e+00
dt_s,epsilon,3.000000000000e-03,2,3.000000000000e-11,1.000000000000e-11,abs_R16,1.985951419282e+00
dt_s,epsilon,3.000000000000e-03,2,3.000000000000e-11,1.000000000000e-11,abs_R26,1.986933785353e+00
dt_s,epsilon,3.000000000000e-03,2,3.000000000000e-11,1.000000000000e-11,difference_from_finest_dt,1.999173237443e+00
dt_s,epsilon,3.000000000000e-03,2,1.000000000000e-11,3.000000000000e-12,scaled_max_error,1.993673960407e+00
dt_s,epsilon,3.000000000000e-03,2,1.000000000000e-11,3.000000000000e-12,abs_R16,1.989201012131e+00
dt_s,epsilon,3.000000000000e-03,2,1.000000000000e-11,3.000000000000e-12,abs_R26,1.989295146836e+00
dt_s,epsilon,3.000000000000e-03,2,1.000000000000e-11,3.000000000000e-12,difference_from_finest_dt,1.993222998726e+00
dt_s,epsilon,3.000000000000e-03,2,3.000000000000e-12,1.000000000000e-12,scaled_max_error,2.012560174988e+00
dt_s,epsilon,3.000000000000e-03,2,3.000000000000e-12,1.000000000000e-12,abs_R16,1.975394134239e+00
dt_s,epsilon,3.000000000000e-03,2,3.000000000000e-12,1.000000000000e-12,abs_R26,1.977101231906e+00
dt_s,epsilon,3.000000000000e-03,2,3.000000000000e-12,1.000000000000e-12,difference_from_finest_dt,2.008156086367e+00
dt_s,epsilon,3.000000000000e-03,2,1.000000000000e-12,3.000000000000e-13,scaled_max_error,2.112205521682e+00
dt_s,epsilon,3.000000000000e-03,2,1.000000000000e-12,3.000000000000e-13,abs_R16,1.797734631442e+00
dt_s,epsilon,3.000000000000e-03,2,1.000000000000e-12,3.000000000000e-13,abs_R26,1.811191187309e+00
dt_s,epsilon,3.000000000000e-03,2,1.000000000000e-12,3.000000000000e-13,difference_from_finest_dt,2.088193609051e+00
dt_s,epsilon,3.000000000000e-03,2,3.000000000000e-13,1.000000000000e-13,scaled_max_error,1.349022158385e+00
dt_s,epsilon,3.000000000000e-03,2,3.000000000000e-13,1.000000000000e-13,abs_R16,1.033222210314e+00
dt_s,epsilon,3.000000000000e-03,2,3.000000000000e-13,1.000000000000e-13,abs_R26,1.053706814519e+00
dt_s,epsilon,1.000000000000e-02,2,3.000000000000e-11,1.000000000000e-11,scaled_max_error,2.000145974094e+00
dt_s,epsilon,1.000000000000e-02,2,3.000000000000e-11,1.000000000000e-11,abs_R16,1.985946060582e+00
dt_s,epsilon,1.000000000000e-02,2,3.000000000000e-11,1.000000000000e-11,abs_R26,1.986922575476e+00
dt_s,epsilon,1.000000000000e-02,2,3.000000000000e-11,1.000000000000e-11,difference_from_finest_dt,2.000102147873e+00
dt_s,epsilon,1.000000000000e-02,2,1.000000000000e-11,3.000000000000e-12,scaled_max_error,1.993617223421e+00
dt_s,epsilon,1.000000000000e-02,2,1.000000000000e-11,3.000000000000e-12,abs_R16,1.989203301362e+00
dt_s,epsilon,1.000000000000e-02,2,1.000000000000e-11,3.000000000000e-12,abs_R26,1.989304990928e+00
dt_s,epsilon,1.000000000000e-02,2,1.000000000000e-11,3.000000000000e-12,difference_from_finest_dt,1.993166295363e+00
dt_s,epsilon,1.000000000000e-02,2,3.000000000000e-12,1.000000000000e-12,scaled_max_error,2.012638416984e+00
dt_s,epsilon,1.000000000000e-02,2,3.000000000000e-12,1.000000000000e-12,abs_R16,1.975355600813e+00
dt_s,epsilon,1.000000000000e-02,2,3.000000000000e-12,1.000000000000e-12,abs_R26,1.976980387327e+00
dt_s,epsilon,1.000000000000e-02,2,3.000000000000e-12,1.000000000000e-12,difference_from_finest_dt,2.008234201789e+00
dt_s,epsilon,1.000000000000e-02,2,1.000000000000e-12,3.000000000000e-13,scaled_max_error,2.112151988307e+00
dt_s,epsilon,1.000000000000e-02,2,1.000000000000e-12,3.000000000000e-13,abs_R16,1.797941365169e+00
dt_s,epsilon,1.000000000000e-02,2,1.000000000000e-12,3.000000000000e-13,abs_R26,1.811781937881e+00
dt_s,epsilon,1.000000000000e-02,2,1.000000000000e-12,3.000000000000e-13,difference_from_finest_dt,2.088364233571e+00
dt_s,epsilon,1.000000000000e-02,2,3.000000000000e-13,1.000000000000e-13,scaled_max_error,1.347397410682e+00
dt_s,epsilon,1.000000000000e-02,2,3.000000000000e-13,1.000000000000e-13,abs_R16,1.031654943525e+00
dt_s,epsilon,1.000000000000e-02,2,3.000000000000e-13,1.000000000000e-13,abs_R26,1.046765226311e+00
dt_s,epsilon,3.000000000000e-02,2,3.000000000000e-11,1.000000000000e-11,scaled_max_error,2.001894946880e+00
dt_s,epsilon,3.000000000000e-02,2,3.000000000000e-11,1.000000000000e-11,abs_R16,1.985950800920e+00
dt_s,epsilon,3.000000000000e-02,2,3.000000000000e-11,1.000000000000e-11,abs_R26,1.986933697362e+00
dt_s,epsilon,3.000000000000e-02,2,3.000000000000e-11,1.000000000000e-11,difference_from_finest_dt,2.001849410483e+00
dt_s,epsilon,3.000000000000e-02,2,1.000000000000e-11,3.000000000000e-12,scaled_max_error,1.992288436878e+00
dt_s,epsilon,3.000000000000e-02,2,1.000000000000e-11,3.000000000000e-12,abs_R16,1.989194168821e+00
dt_s,epsilon,3.000000000000e-02,2,1.000000000000e-11,3.000000000000e-12,abs_R26,1.989301995843e+00
dt_s,epsilon,3.000000000000e-02,2,1.000000000000e-11,3.000000000000e-12,difference_from_finest_dt,1.991820853779e+00
dt_s,epsilon,3.000000000000e-02,2,3.000000000000e-12,1.000000000000e-12,scaled_max_error,2.012464898702e+00
dt_s,epsilon,3.000000000000e-02,2,3.000000000000e-12,1.000000000000e-12,abs_R16,1.975274479500e+00
dt_s,epsilon,3.000000000000e-02,2,3.000000000000e-12,1.000000000000e-12,abs_R26,1.976967584115e+00
dt_s,epsilon,3.000000000000e-02,2,3.000000000000e-12,1.000000000000e-12,difference_from_finest_dt,2.007898714437e+00
dt_s,epsilon,3.000000000000e-02,2,1.000000000000e-12,3.000000000000e-13,scaled_max_error,2.111044913384e+00
dt_s,epsilon,3.000000000000e-02,2,1.000000000000e-12,3.000000000000e-13,abs_R16,1.797234685350e+00
dt_s,epsilon,3.000000000000e-02,2,1.000000000000e-12,3.000000000000e-13,abs_R26,1.811249990340e+00
dt_s,epsilon,3.000000000000e-02,2,1.000000000000e-12,3.000000000000e-13,difference_from_finest_dt,2.088549959089e+00
dt_s,epsilon,3.000000000000e-02,2,3.000000000000e-13,1.000000000000e-13,scaled_max_error,1.343446208367e+00
dt_s,epsilon,3.000000000000e-02,2,3.000000000000e-13,1.000000000000e-13,abs_R16,1.029604788600e+00
dt_s,epsilon,3.000000000000e-02,2,3.000000000000e-13,1.000000000000e-13,abs_R26,1.046492651399e+00
dt_s,epsilon,1.000000000000e-01,2,3.000000000000e-11,1.000000000000e-11,scaled_max_error,2.003510682533e+00
dt_s,epsilon,1.000000000000e-01,2,3.000000000000e-11,1.000000000000e-11,abs_R16,1.985598527726e+00
dt_s,epsilon,1.000000000000e-01,2,3.000000000000e-11,1.000000000000e-11,abs_R26,1.987557251251e+00
dt_s,epsilon,1.000000000000e-01,2,3.000000000000e-11,1.000000000000e-11,difference_from_finest_dt,2.001097318351e+00
dt_s,epsilon,1.000000000000e-01,2,1.000000000000e-11,3.000000000000e-12,scaled_max_error,2.016727126579e+00
dt_s,epsilon,1.000000000000e-01,2,1.000000000000e-11,3.000000000000e-12,abs_R16,1.977312874046e+00
dt_s,epsilon,1.000000000000e-01,2,1.000000000000e-11,3.000000000000e-12,abs_R26,1.985937094934e+00
dt_s,epsilon,1.000000000000e-01,2,1.000000000000e-11,3.000000000000e-12,difference_from_finest_dt,1.991549188636e+00
dt_s,epsilon,1.000000000000e-01,2,3.000000000000e-12,1.000000000000e-12,scaled_max_error,2.087110598351e+00
dt_s,epsilon,1.000000000000e-01,2,3.000000000000e-12,1.000000000000e-12,abs_R16,1.877457119707e+00
dt_s,epsilon,1.000000000000e-01,2,3.000000000000e-12,1.000000000000e-12,abs_R26,1.954143426796e+00
dt_s,epsilon,1.000000000000e-01,2,3.000000000000e-12,1.000000000000e-12,difference_from_finest_dt,2.008489070174e+00
dt_s,epsilon,1.000000000000e-01,2,1.000000000000e-12,3.000000000000e-13,scaled_max_error,1.171376127821e+00
dt_s,epsilon,1.000000000000e-01,2,1.000000000000e-12,3.000000000000e-13,abs_R16,1.270025816342e+00
dt_s,epsilon,1.000000000000e-01,2,1.000000000000e-12,3.000000000000e-13,abs_R26,1.646162627327e+00
dt_s,epsilon,1.000000000000e-01,2,1.000000000000e-12,3.000000000000e-13,difference_from_finest_dt,2.088073400120e+00
dt_s,epsilon,1.000000000000e-01,2,3.000000000000e-13,1.000000000000e-13,scaled_max_error,-2.890807195651e-01
dt_s,epsilon,1.000000000000e-01,2,3.000000000000e-13,1.000000000000e-13,abs_R16,3.482744596694e-01
dt_s,epsilon,1.000000000000e-01,2,3.000000000000e-13,1.000000000000e-13,abs_R26,7.166314295015e-01
dt_s,epsilon,1.000000000000e-06,3,3.000000000000e-11,1.000000000000e-11,scaled_max_error,1.999287465121e+00
dt_s,epsilon,1.000000000000e-06,3,3.000000000000e-11,1.000000000000e-11,abs_R16,1.999713508070e+00
dt_s,epsilon,1.000000000000e-06,3,3.000000000000e-11,1.000000000000e-11,abs_R26,1.999178620643e+00
dt_s,epsilon,1.000000000000e-06,3,3.000000000000e-11,1.000000000000e-11,difference_from_finest_dt,1.999243650879e+00
dt_s,epsilon,1.000000000000e-06,3,1.000000000000e-11,3.000000000000e-12,scaled_max_error,1.993736399703e+00
dt_s,epsilon,1.000000000000e-06,3,1.000000000000e-11,3.000000000000e-12,abs_R16,1.986504037720e+00
dt_s,epsilon,1.000000000000e-06,3,1.000000000000e-11,3.000000000000e-12,abs_R26,1.975369341276e+00
dt_s,epsilon,1.000000000000e-06,3,1.000000000000e-11,3.000000000000e-12,difference_from_finest_dt,1.993285470581e+00
dt_s,epsilon,1.000000000000e-06,3,3.000000000000e-12,1.000000000000e-12,scaled_max_error,2.012632744733e+00
dt_s,epsilon,1.000000000000e-06,3,3.000000000000e-12,1.000000000000e-12,abs_R16,2.061846403864e+00
dt_s,epsilon,1.000000000000e-06,3,3.000000000000e-12,1.000000000000e-12,abs_R26,2.227779744775e+00
dt_s,epsilon,1.000000000000e-06,3,3.000000000000e-12,1.000000000000e-12,difference_from_finest_dt,2.008228612794e+00
dt_s,epsilon,1.000000000000e-06,3,1.000000000000e-12,3.000000000000e-13,scaled_max_error,1.982375950753e+00
dt_s,epsilon,1.000000000000e-06,3,1.000000000000e-12,3.000000000000e-13,abs_R16,1.286678661206e+00
dt_s,epsilon,1.000000000000e-06,3,1.000000000000e-12,3.000000000000e-13,abs_R26,3.400169277460e+00
dt_s,epsilon,1.000000000000e-06,3,1.000000000000e-12,3.000000000000e-13,difference_from_finest_dt,7.129395133357e-01
dt_s,epsilon,1.000000000000e-06,3,3.000000000000e-13,1.000000000000e-13,scaled_max_error,-1.430701140364e+00
dt_s,epsilon,1.000000000000e-06,3,3.000000000000e-13,1.000000000000e-13,abs_R16,-5.485814586183e-01
dt_s,epsilon,1.000000000000e-06,3,3.000000000000e-13,1.000000000000e-13,abs_R26,-4.472550154069e+00
dt_s,epsilon,3.000000000000e-06,3,3.000000000000e-11,1.000000000000e-11,scaled_max_error,2.001789642484e+00
dt_s,epsilon,3.000000000000e-06,3,3.000000000000e-11,1.000000000000e-11,abs_R16,1.999758976055e+00
dt_s,epsilon,3.000000000000e-06,3,3.000000000000e-11,1.000000000000e-11,abs_R26,2.000146235538e+00
dt_s,epsilon,3.000000000000e-06,3,3.000000000000e-11,1.000000000000e-11,difference_from_finest_dt,2.001745716899e+00
dt_s,epsilon,3.000000000000e-06,3,1.000000000000e-11,3.000000000000e-12,scaled_max_error,1.992004560491e+00
dt_s,epsilon,3.000000000000e-06,3,1.000000000000e-11,3.000000000000e-12,abs_R16,1.989252039021e+00
dt_s,epsilon,3.000000000000e-06,3,1.000000000000e-11,3.000000000000e-12,abs_R26,1.989197374881e+00
dt_s,epsilon,3.000000000000e-06,3,1.000000000000e-11,3.000000000000e-12,difference_from_finest_dt,1.991553675846e+00
dt_s,epsilon,3.000000000000e-06,3,3.000000000000e-12,1.000000000000e-12,scaled_max_error,2.012549517025e+00
dt_s,epsilon,3.000000000000e-06,3,3.000000000000e-12,1.000000000000e-12,abs_R16,2.004485396722e+00
dt_s,epsilon,3.000000000000e-06,3,3.000000000000e-12,1.000000000000e-12,abs_R26,2.045178369145e+00
dt_s,epsilon,3.000000000000e-06,3,3.000000000000e-12,1.000000000000e-12,difference_from_finest_dt,2.008145354896e+00
dt_s,epsilon,3.000000000000e-06,3,1.000000000000e-12,3.000000000000e-13,scaled_max_error,2.141444209171e+00
dt_s,epsilon,3.000000000000e-06,3,1.000000000000e-12,3.000000000000e-13,abs_R16,1.824092442858e+00
dt_s,epsilon,3.000000000000e-06,3,1.000000000000e-12,3.000000000000e-13,abs_R26,1.353003050644e+00
dt_s,epsilon,3.000000000000e-06,3,1.000000000000e-12,3.000000000000e-13,difference_from_finest_dt,2.088364233571e+00
dt_s,epsilon,3.000000000000e-06,3,3.000000000000e-13,1.000000000000e-13,scaled_max_error,3.080656860429e-01
dt_s,epsilon,3.000000000000e-06,3,3.000000000000e-13,1.000000000000e-13,abs_R16,-3.778731646439e-01
dt_s,epsilon,3.000000000000e-06,3,3.000000000000e-13,1.000000000000e-13,abs_R26,-6.783818570810e-01
dt_s,epsilon,1.000000000000e-05,3,3.000000000000e-11,1.000000000000e-11,scaled_max_error,1.999787100285e+00
dt_s,epsilon,1.000000000000e-05,3,3.000000000000e-11,1.000000000000e-11,abs_R16,1.996454654990e+00
dt_s,epsilon,1.000000000000e-05,3,3.000000000000e-11,1.000000000000e-11,abs_R26,1.996416585298e+00
dt_s,epsilon,1.000000000000e-05,3,3.000000000000e-11,1.000000000000e-11,difference_from_finest_dt,1.999743282600e+00
dt_s,epsilon,1.000000000000e-05,3,1.000000000000e-11,3.000000000000e-12,scaled_max_error,1.994052667452e+00
dt_s,epsilon,1.000000000000e-05,3,1.000000000000e-11,3.000000000000e-12,abs_R16,1.995452769948e+00
dt_s,epsilon,1.000000000000e-05,3,1.000000000000e-11,3.000000000000e-12,abs_R26,1.995730824387e+00
dt_s,epsilon,1.000000000000e-05,3,1.000000000000e-11,3.000000000000e-12,difference_from_finest_dt,1.993601545036e+00
dt_s,epsilon,1.000000000000e-05,3,3.000000000000e-12,1.000000000000e-12,scaled_max_error,2.012293655031e+00
dt_s,epsilon,1.000000000000e-05,3,3.000000000000e-12,1.000000000000e-12,abs_R16,1.978798598275e+00
dt_s,epsilon,1.000000000000e-05,3,3.000000000000e-12,1.000000000000e-12,abs_R26,2.016235926783e+00
dt_s,epsilon,1.000000000000e-05,3,3.000000000000e-12,1.000000000000e-12,difference_from_finest_dt,2.007889645660e+00
dt_s,epsilon,1.000000000000e-05,3,1.000000000000e-12,3.000000000000e-13,scaled_max_error,2.120027896236e+00
dt_s,epsilon,1.000000000000e-05,3,1.000000000000e-12,3.000000000000e-13,abs_R16,1.769347474019e+00
dt_s,epsilon,1.000000000000e-05,3,1.000000000000e-12,3.000000000000e-13,abs_R26,1.723929400892e+00
dt_s,epsilon,1.000000000000e-05,3,1.000000000000e-12,3.000000000000e-13,difference_from_finest_dt,2.088364233571e+00
dt_s,epsilon,1.000000000000e-05,3,3.000000000000e-13,1.000000000000e-13,scaled_max_error,1.217885348952e+00
dt_s,epsilon,1.000000000000e-05,3,3.000000000000e-13,1.000000000000e-13,abs_R16,1.056969806329e+00
dt_s,epsilon,1.000000000000e-05,3,3.000000000000e-13,1.000000000000e-13,abs_R26,1.357254765552e+00
dt_s,epsilon,3.000000000000e-05,3,3.000000000000e-11,1.000000000000e-11,scaled_max_error,1.992813381951e+00
dt_s,epsilon,3.000000000000e-05,3,3.000000000000e-11,1.000000000000e-11,abs_R16,1.985991007557e+00
dt_s,epsilon,3.000000000000e-05,3,3.000000000000e-11,1.000000000000e-11,abs_R26,1.987088750568e+00
dt_s,epsilon,3.000000000000e-05,3,3.000000000000e-11,1.000000000000e-11,difference_from_finest_dt,1.992769918808e+00
dt_s,epsilon,3.000000000000e-05,3,1.000000000000e-11,3.000000000000e-12,scaled_max_error,1.999744939990e+00
dt_s,epsilon,3.000000000000e-05,3,1.000000000000e-11,3.000000000000e-12,abs_R16,1.989155920878e+00
dt_s,epsilon,3.000000000000e-05,3,1.000000000000e-11,3.000000000000e-12,abs_R26,1.989005895467e+00
dt_s,epsilon,3.000000000000e-05,3,1.000000000000e-11,3.000000000000e-12,difference_from_finest_dt,1.999293649780e+00
dt_s,epsilon,3.000000000000e-05,3,3.000000000000e-12,1.000000000000e-12,scaled_max_error,2.012558360509e+00
dt_s,epsilon,3.000000000000e-05,3,3.000000000000e-12,1.000000000000e-12,abs_R16,1.972608876910e+00
dt_s,epsilon,3.000000000000e-05,3,3.000000000000e-12,1.000000000000e-12,abs_R26,1.965897856410e+00
dt_s,epsilon,3.000000000000e-05,3,3.000000000000e-12,1.000000000000e-12,difference_from_finest_dt,2.008154272971e+00
dt_s,epsilon,3.000000000000e-05,3,1.000000000000e-12,3.000000000000e-13,scaled_max_error,2.057520221272e+00
dt_s,epsilon,3.000000000000e-05,3,1.000000000000e-12,3.000000000000e-13,abs_R16,1.780626641651e+00
dt_s,epsilon,3.000000000000e-05,3,1.000000000000e-12,3.000000000000e-13,abs_R26,1.973821053695e+00
dt_s,epsilon,3.000000000000e-05,3,1.000000000000e-12,3.000000000000e-13,difference_from_finest_dt,2.088379260071e+00
dt_s,epsilon,3.000000000000e-05,3,3.000000000000e-13,1.000000000000e-13,scaled_max_error,1.449415867425e+00
dt_s,epsilon,3.000000000000e-05,3,3.000000000000e-13,1.000000000000e-13,abs_R16,1.020909384757e+00
dt_s,epsilon,3.000000000000e-05,3,3.000000000000e-13,1.000000000000e-13,abs_R26,4.406412541776e-01
dt_s,epsilon,1.000000000000e-04,3,3.000000000000e-11,1.000000000000e-11,scaled_max_error,2.000172389769e+00
dt_s,epsilon,1.000000000000e-04,3,3.000000000000e-11,1.000000000000e-11,abs_R16,1.986069021244e+00
dt_s,epsilon,1.000000000000e-04,3,3.000000000000e-11,1.000000000000e-11,abs_R26,1.987131292659e+00
dt_s,epsilon,1.000000000000e-04,3,3.000000000000e-11,1.000000000000e-11,difference_from_finest_dt,2.000128562636e+00
dt_s,epsilon,1.000000000000e-04,3,1.000000000000e-11,3.000000000000e-12,scaled_max_error,1.993659246741e+00
dt_s,epsilon,1.000000000000e-04,3,1.000000000000e-11,3.000000000000e-12,abs_R16,1.989301370959e+00
dt_s,epsilon,1.000000000000e-04,3,1.000000000000e-11,3.000000000000e-12,abs_R26,1.989374214642e+00
dt_s,epsilon,1.000000000000e-04,3,1.000000000000e-11,3.000000000000e-12,difference_from_finest_dt,1.993208285858e+00
dt_s,epsilon,1.000000000000e-04,3,3.000000000000e-12,1.000000000000e-12,scaled_max_error,2.012560174988e+00
dt_s,epsilon,1.000000000000e-04,3,3.000000000000e-12,1.000000000000e-12,abs_R16,1.974841649750e+00
dt_s,epsilon,1.000000000000e-04,3,3.000000000000e-12,1.000000000000e-12,abs_R26,1.975144844554e+00
dt_s,epsilon,1.000000000000e-04,3,3.000000000000e-12,1.000000000000e-12,difference_from_finest_dt,2.008156086367e+00
dt_s,epsilon,1.000000000000e-04,3,1.000000000000e-12,3.000000000000e-13,scaled_max_error,2.087148815478e+00
dt_s,epsilon,1.000000000000e-04,3,1.000000000000e-12,3.000000000000e-13,abs_R16,1.783810296017e+00
dt_s,epsilon,1.000000000000e-04,3,1.000000000000e-12,3.000000000000e-13,abs_R26,1.835081869866e+00
dt_s,epsilon,1.000000000000e-04,3,1.000000000000e-12,3.000000000000e-13,difference_from_finest_dt,2.088193609051e+00
dt_s,epsilon,1.000000000000e-04,3,3.000000000000e-13,1.000000000000e-13,scaled_max_error,1.343532519173e+00
dt_s,epsilon,1.000000000000e-04,3,3.000000000000e-13,1.000000000000e-13,abs_R16,1.040853994640e+00
dt_s,epsilon,1.000000000000e-04,3,3.000000000000e-13,1.000000000000e-13,abs_R26,1.278852998747e+00
dt_s,epsilon,3.000000000000e-04,3,3.000000000000e-11,1.000000000000e-11,scaled_max_error,1.998949877264e+00
dt_s,epsilon,3.000000000000e-04,3,3.000000000000e-11,1.000000000000e-11,abs_R16,1.985950612638e+00
dt_s,epsilon,3.000000000000e-04,3,3.000000000000e-11,1.000000000000e-11,abs_R26,1.986940231174e+00
dt_s,epsilon,3.000000000000e-04,3,3.000000000000e-11,1.000000000000e-11,difference_from_finest_dt,1.998906070622e+00
dt_s,epsilon,3.000000000000e-04,3,1.000000000000e-11,3.000000000000e-12,scaled_max_error,1.993903176377e+00
dt_s,epsilon,3.000000000000e-04,3,1.000000000000e-11,3.000000000000e-12,abs_R16,1.989193558378e+00
dt_s,epsilon,3.000000000000e-04,3,1.000000000000e-11,3.000000000000e-12,abs_R26,1.989248517502e+00
dt_s,epsilon,3.000000000000e-04,3,1.000000000000e-11,3.000000000000e-12,difference_from_finest_dt,1.993452204979e+00
dt_s,epsilon,3.000000000000e-04,3,3.000000000000e-12,1.000000000000e-12,scaled_max_error,2.012565617759e+00
dt_s,epsilon,3.000000000000e-04,3,3.000000000000e-12,1.000000000000e-12,abs_R16,1.976279719337e+00
dt_s,epsilon,3.000000000000e-04,3,3.000000000000e-12,1.000000000000e-12,abs_R26,1.977520184787e+00
dt_s,epsilon,3.000000000000e-04,3,3.000000000000e-12,1.000000000000e-12,difference_from_finest_dt,2.008161525888e+00
dt_s,epsilon,3.000000000000e-04,3,1.000000000000e-12,3.000000000000e-13,scaled_max_error,2.117332061228e+00
dt_s,epsilon,3.000000000000e-04,3,1.000000000000e-12,3.000000000000e-13,abs_R16,1.803918153333e+00
dt_s,epsilon,3.000000000000e-04,3,1.000000000000e-12,3.000000000000e-13,abs_R26,1.832600251683e+00
dt_s,epsilon,3.000000000000e-04,3,1.000000000000e-12,3.000000000000e-13,difference_from_finest_dt,2.088379260071e+00
dt_s,epsilon,3.000000000000e-04,3,3.000000000000e-13,1.000000000000e-13,scaled_max_error,1.343496647102e+00
dt_s,epsilon,3.000000000000e-04,3,3.000000000000e-13,1.000000000000e-13,abs_R16,1.017209106274e+00
dt_s,epsilon,3.000000000000e-04,3,3.000000000000e-13,1.000000000000e-13,abs_R26,8.967737008167e-01
dt_s,epsilon,1.000000000000e-03,3,3.000000000000e-11,1.000000000000e-11,scaled_max_error,2.000681863169e+00
dt_s,epsilon,1.000000000000e-03,3,3.000000000000e-11,1.000000000000e-11,abs_R16,1.985949386566e+00
dt_s,epsilon,1.000000000000e-03,3,3.000000000000e-11,1.000000000000e-11,abs_R26,1.986931437706e+00
dt_s,epsilon,1.000000000000e-03,3,3.000000000000e-11,1.000000000000e-11,difference_from_finest_dt,2.000637964411e+00
dt_s,epsilon,1.000000000000e-03,3,1.000000000000e-11,3.000000000000e-12,scaled_max_error,1.992362672225e+00
dt_s,epsilon,1.000000000000e-03,3,1.000000000000e-11,3.000000000000e-12,abs_R16,1.989208675756e+00
dt_s,epsilon,1.000000000000e-03,3,1.000000000000e-11,3.000000000000e-12,abs_R26,1.989301010236e+00
dt_s,epsilon,1.000000000000e-03,3,1.000000000000e-11,3.000000000000e-12,difference_from_finest_dt,1.991911780727e+00
dt_s,epsilon,1.000000000000e-03,3,3.000000000000e-12,1.000000000000e-12,scaled_max_error,2.012574917853e+00
dt_s,epsilon,1.000000000000e-03,3,3.000000000000e-12,1.000000000000e-12,abs_R16,1.975436630842e+00
dt_s,epsilon,1.000000000000e-03,3,3.000000000000e-12,1.000000000000e-12,abs_R26,1.977155379476e+00
dt_s,epsilon,1.000000000000e-03,3,3.000000000000e-12,1.000000000000e-12,difference_from_finest_dt,2.008170740561e+00
dt_s,epsilon,1.000000000000e-03,3,1.000000000000e-12,3.000000000000e-13,scaled_max_error,2.111403037174e+00
dt_s,epsilon,1.000000000000e-03,3,1.000000000000e-12,3.000000000000e-13,abs_R16,1.795340143071e+00
dt_s,epsilon,1.000000000000e-03,3,1.000000000000e-12,3.000000000000e-13,abs_R26,1.800641101815e+00
dt_s,epsilon,1.000000000000e-03,3,1.000000000000e-12,3.000000000000e-13,difference_from_finest_dt,2.088364233571e+00
dt_s,epsilon,1.000000000000e-03,3,3.000000000000e-13,1.000000000000e-13,scaled_max_error,1.352762901130e+00
dt_s,epsilon,1.000000000000e-03,3,3.000000000000e-13,1.000000000000e-13,abs_R16,1.036721127093e+00
dt_s,epsilon,1.000000000000e-03,3,3.000000000000e-13,1.000000000000e-13,abs_R26,1.050971886344e+00
dt_s,epsilon,3.000000000000e-03,3,3.000000000000e-11,1.000000000000e-11,scaled_max_error,1.993917943338e+00
dt_s,epsilon,3.000000000000e-03,3,3.000000000000e-11,1.000000000000e-11,abs_R16,1.985949646342e+00
dt_s,epsilon,3.000000000000e-03,3,3.000000000000e-11,1.000000000000e-11,abs_R26,1.986930257118e+00
dt_s,epsilon,3.000000000000e-03,3,3.000000000000e-11,1.000000000000e-11,difference_from_finest_dt,1.993874452133e+00
dt_s,epsilon,3.000000000000e-03,3,1.000000000000e-11,3.000000000000e-12,scaled_max_error,1.999579260739e+00
dt_s,epsilon,3.000000000000e-03,3,1.000000000000e-11,3.000000000000e-12,abs_R16,1.989204301742e+00
dt_s,epsilon,3.000000000000e-03,3,1.000000000000e-11,3.000000000000e-12,abs_R26,1.989314664752e+00
dt_s,epsilon,3.000000000000e-03,3,1.000000000000e-11,3.000000000000e-12,difference_from_finest_dt,1.999127847215e+00
dt_s,epsilon,3.000000000000e-03,3,3.000000000000e-12,1.000000000000e-12,scaled_max_error,2.012308173958e+00
dt_s,epsilon,3.000000000000e-03,3,3.000000000000e-12,1.000000000000e-12,abs_R16,1.975395194012e+00
dt_s,epsilon,3.000000000000e-03,3,3.000000000000e-12,1.000000000000e-12,abs_R26,1.977205530382e+00
dt_s,epsilon,3.000000000000e-03,3,3.000000000000e-12,1.000000000000e-12,difference_from_finest_dt,2.007904155917e+00
dt_s,epsilon,3.000000000000e-03,3,1.000000000000e-12,3.000000000000e-13,scaled_max_error,2.112863153229e+00
dt_s,epsilon,3.000000000000e-03,3,1.000000000000e-12,3.000000000000e-13,abs_R16,1.798234236267e+00
dt_s,epsilon,3.000000000000e-03,3,1.000000000000e-12,3.000000000000e-13,abs_R26,1.812020945786e+00
dt_s,epsilon,3.000000000000e-03,3,1.000000000000e-12,3.000000000000e-13,difference_from_finest_dt,2.088178582552e+00
dt_s,epsilon,3.000000000000e-03,3,3.000000000000e-13,1.000000000000e-13,scaled_max_error,1.346340526185e+00
dt_s,epsilon,3.000000000000e-03,3,3.000000000000e-13,1.000000000000e-13,abs_R16,1.030178497856e+00
dt_s,epsilon,3.000000000000e-03,3,3.000000000000e-13,1.000000000000e-13,abs_R26,1.046209844407e+00
dt_s,epsilon,1.000000000000e-02,3,3.000000000000e-11,1.000000000000e-11,scaled_max_error,1.999777174492e+00
dt_s,epsilon,1.000000000000e-02,3,3.000000000000e-11,1.000000000000e-11,abs_R16,1.985951482670e+00
dt_s,epsilon,1.000000000000e-02,3,3.000000000000e-11,1.000000000000e-11,abs_R26,1.986933355871e+00
dt_s,epsilon,1.000000000000e-02,3,3.000000000000e-11,1.000000000000e-11,difference_from_finest_dt,1.999733357302e+00
dt_s,epsilon,1.000000000000e-02,3,1.000000000000e-11,3.000000000000e-12,scaled_max_error,1.994065892162e+00
dt_s,epsilon,1.000000000000e-02,3,1.000000000000e-11,3.000000000000e-12,abs_R16,1.989201687649e+00
dt_s,epsilon,1.000000000000e-02,3,1.000000000000e-11,3.000000000000e-12,abs_R26,1.989302052526e+00
dt_s,epsilon,1.000000000000e-02,3,1.000000000000e-11,3.000000000000e-12,difference_from_finest_dt,1.993614766332e+00
dt_s,epsilon,1.000000000000e-02,3,3.000000000000e-12,1.000000000000e-12,scaled_max_error,2.012288210213e+00
dt_s,epsilon,1.000000000000e-02,3,3.000000000000e-12,1.000000000000e-12,abs_R16,1.975358557845e+00
dt_s,epsilon,1.000000000000e-02,3,3.000000000000e-12,1.000000000000e-12,abs_R26,1.976980724553e+00
dt_s,epsilon,1.000000000000e-02,3,3.000000000000e-12,1.000000000000e-12,difference_from_finest_dt,2.007884204093e+00
dt_s,epsilon,1.000000000000e-02,3,1.000000000000e-12,3.000000000000e-13,scaled_max_error,2.112151988307e+00
dt_s,epsilon,1.000000000000e-02,3,1.000000000000e-12,3.000000000000e-13,abs_R16,1.797566365837e+00
dt_s,epsilon,1.000000000000e-02,3,1.000000000000e-12,3.000000000000e-13,abs_R26,1.810043615125e+00
dt_s,epsilon,1.000000000000e-02,3,1.000000000000e-12,3.000000000000e-13,difference_from_finest_dt,2.088178582552e+00
dt_s,epsilon,1.000000000000e-02,3,3.000000000000e-13,1.000000000000e-13,scaled_max_error,1.348693580300e+00
dt_s,epsilon,1.000000000000e-02,3,3.000000000000e-13,1.000000000000e-13,abs_R16,1.032973345046e+00
dt_s,epsilon,1.000000000000e-02,3,3.000000000000e-13,1.000000000000e-13,abs_R26,1.052346765286e+00
dt_s,epsilon,3.000000000000e-02,3,3.000000000000e-11,1.000000000000e-11,scaled_max_error,1.999166591746e+00
dt_s,epsilon,3.000000000000e-02,3,3.000000000000e-11,1.000000000000e-11,abs_R16,1.985945861997e+00
dt_s,epsilon,3.000000000000e-02,3,3.000000000000e-11,1.000000000000e-11,abs_R26,1.986922178097e+00
dt_s,epsilon,3.000000000000e-02,3,3.000000000000e-11,1.000000000000e-11,difference_from_finest_dt,1.999122806032e+00
dt_s,epsilon,3.000000000000e-02,3,1.000000000000e-11,3.000000000000e-12,scaled_max_error,1.994513590757e+00
dt_s,epsilon,3.000000000000e-02,3,1.000000000000e-11,3.000000000000e-12,abs_R16,1.989203207990e+00
dt_s,epsilon,3.000000000000e-02,3,1.000000000000e-11,3.000000000000e-12,abs_R26,1.989305508290e+00
dt_s,epsilon,3.000000000000e-02,3,1.000000000000e-11,3.000000000000e-12,difference_from_finest_dt,1.994062483847e+00
dt_s,epsilon,3.000000000000e-02,3,3.000000000000e-12,1.000000000000e-12,scaled_max_error,2.012358763475e+00
dt_s,epsilon,3.000000000000e-02,3,3.000000000000e-12,1.000000000000e-12,abs_R16,1.975363177522e+00
dt_s,epsilon,3.000000000000e-02,3,3.000000000000e-12,1.000000000000e-12,abs_R26,1.976998768101e+00
dt_s,epsilon,3.000000000000e-02,3,3.000000000000e-12,1.000000000000e-12,difference_from_finest_dt,2.007954795096e+00
dt_s,epsilon,3.000000000000e-02,3,1.000000000000e-12,3.000000000000e-13,scaled_max_error,2.112147882751e+00
dt_s,epsilon,3.000000000000e-02,3,1.000000000000e-12,3.000000000000e-13,abs_R16,1.797803345411e+00
dt_s,epsilon,3.000000000000e-02,3,1.000000000000e-12,3.000000000000e-13,abs_R26,1.811109531473e+00
dt_s,epsilon,3.000000000000e-02,3,1.000000000000e-12,3.000000000000e-13,difference_from_finest_dt,2.088193609051e+00
dt_s,epsilon,3.000000000000e-02,3,3.000000000000e-13,1.000000000000e-13,scaled_max_error,1.347510998481e+00
dt_s,epsilon,3.000000000000e-02,3,3.000000000000e-13,1.000000000000e-13,abs_R16,1.032057990885e+00
dt_s,epsilon,3.000000000000e-02,3,3.000000000000e-13,1.000000000000e-13,abs_R26,1.047719938654e+00
dt_s,epsilon,1.000000000000e-01,3,3.000000000000e-11,1.000000000000e-11,scaled_max_error,1.992693456774e+00
dt_s,epsilon,1.000000000000e-01,3,3.000000000000e-11,1.000000000000e-11,abs_R16,1.985892913126e+00
dt_s,epsilon,1.000000000000e-01,3,3.000000000000e-11,1.000000000000e-11,abs_R26,1.986861141011e+00
dt_s,epsilon,1.000000000000e-01,3,3.000000000000e-11,1.000000000000e-11,difference_from_finest_dt,1.992650722687e+00
dt_s,epsilon,1.000000000000e-01,3,1.000000000000e-11,3.000000000000e-12,scaled_max_error,2.000087536909e+00
dt_s,epsilon,1.000000000000e-01,3,1.000000000000e-11,3.000000000000e-12,abs_R16,1.989256547981e+00
dt_s,epsilon,1.000000000000e-01,3,1.000000000000e-11,3.000000000000e-12,abs_R26,1.989362042005e+00
dt_s,epsilon,1.000000000000e-01,3,1.000000000000e-11,3.000000000000e-12,difference_from_finest_dt,1.999643605995e+00
dt_s,epsilon,1.000000000000e-01,3,3.000000000000e-12,1.000000000000e-12,scaled_max_error,2.012183653431e+00
dt_s,epsilon,1.000000000000e-01,3,3.000000000000e-12,1.000000000000e-12,abs_R16,1.975362545822e+00
dt_s,epsilon,1.000000000000e-01,3,3.000000000000e-12,1.000000000000e-12,abs_R26,1.976979417874e+00
dt_s,epsilon,1.000000000000e-01,3,3.000000000000e-12,1.000000000000e-12,difference_from_finest_dt,2.007853368684e+00
dt_s,epsilon,1.000000000000e-01,3,1.000000000000e-12,3.000000000000e-13,scaled_max_error,2.112458102983e+00
dt_s,epsilon,1.000000000000e-01,3,1.000000000000e-12,3.000000000000e-13,abs_R16,1.797976159552e+00
dt_s,epsilon,1.000000000000e-01,3,1.000000000000e-12,3.000000000000e-13,abs_R26,1.811377753100e+00
dt_s,epsilon,1.000000000000e-01,3,1.000000000000e-12,3.000000000000e-13,difference_from_finest_dt,2.088735726145e+00
dt_s,epsilon,1.000000000000e-01,3,3.000000000000e-13,1.000000000000e-13,scaled_max_error,1.347514856437e+00
dt_s,epsilon,1.000000000000e-01,3,3.000000000000e-13,1.000000000000e-13,abs_R16,1.031278747848e+00
dt_s,epsilon,1.000000000000e-01,3,3.000000000000e-13,1.000000000000e-13,abs_R26,1.046062506105e+00
dt_s,epsilon,1.000000000000e-06,4,3.000000000000e-11,1.000000000000e-11,scaled_max_error,1.999299275456e+00
dt_s,epsilon,1.000000000000e-06,4,3.000000000000e-11,1.000000000000e-11,abs_R16,1.999312155590e+00
dt_s,epsilon,1.000000000000e-06,4,3.000000000000e-11,1.000000000000e-11,abs_R26,1.998340060562e+00
dt_s,epsilon,1.000000000000e-06,4,3.000000000000e-11,1.000000000000e-11,difference_from_finest_dt,1.999255460700e+00
dt_s,epsilon,1.000000000000e-06,4,1.000000000000e-11,3.000000000000e-12,scaled_max_error,1.994059141611e+00
dt_s,epsilon,1.000000000000e-06,4,1.000000000000e-11,3.000000000000e-12,abs_R16,2.016462650799e+00
dt_s,epsilon,1.000000000000e-06,4,1.000000000000e-11,3.000000000000e-12,abs_R26,2.025669851921e+00
dt_s,epsilon,1.000000000000e-06,4,1.000000000000e-11,3.000000000000e-12,difference_from_finest_dt,1.993608015247e+00
dt_s,epsilon,1.000000000000e-06,4,3.000000000000e-12,1.000000000000e-12,scaled_max_error,2.012286395481e+00
dt_s,epsilon,1.000000000000e-06,4,3.000000000000e-12,1.000000000000e-12,abs_R16,2.242300756358e+00
dt_s,epsilon,1.000000000000e-06,4,3.000000000000e-12,1.000000000000e-12,abs_R26,3.217553271797e+00
dt_s,epsilon,1.000000000000e-06,4,3.000000000000e-12,1.000000000000e-12,difference_from_finest_dt,2.007882390445e+00
dt_s,epsilon,1.000000000000e-06,4,1.000000000000e-12,3.000000000000e-13,scaled_max_error,1.045482010785e+00
dt_s,epsilon,1.000000000000e-06,4,1.000000000000e-12,3.000000000000e-13,abs_R16,1.277762460379e+00
dt_s,epsilon,1.000000000000e-06,4,1.000000000000e-12,3.000000000000e-13,abs_R26,-9.021477291214e-02
dt_s,epsilon,1.000000000000e-06,4,1.000000000000e-12,3.000000000000e-13,difference_from_finest_dt,1.709873880232e-01
dt_s,epsilon,1.000000000000e-06,4,3.000000000000e-13,1.000000000000e-13,scaled_max_error,-5.753236307301e-01
dt_s,epsilon,1.000000000000e-06,4,3.000000000000e-13,1.000000000000e-13,abs_R16,1.628212703320e+00
dt_s,epsilon,1.000000000000e-06,4,3.000000000000e-13,1.000000000000e-13,abs_R26,-1.694815946469e+00
dt_s,epsilon,3.000000000000e-06,4,3.000000000000e-11,1.000000000000e-11,scaled_max_error,1.998938798314e+00
dt_s,epsilon,3.000000000000e-06,4,3.000000000000e-11,1.000000000000e-11,abs_R16,1.998981683683e+00
dt_s,epsilon,3.000000000000e-06,4,3.000000000000e-11,1.000000000000e-11,abs_R26,2.000213963218e+00
dt_s,epsilon,3.000000000000e-06,4,3.000000000000e-11,1.000000000000e-11,difference_from_finest_dt,1.998894992134e+00
dt_s,epsilon,3.000000000000e-06,4,1.000000000000e-11,3.000000000000e-12,scaled_max_error,1.994173952608e+00
dt_s,epsilon,3.000000000000e-06,4,1.000000000000e-11,3.000000000000e-12,abs_R16,1.992399914809e+00
dt_s,epsilon,3.000000000000e-06,4,1.000000000000e-11,3.000000000000e-12,abs_R26,1.991507576023e+00
dt_s,epsilon,3.000000000000e-06,4,1.000000000000e-11,3.000000000000e-12,difference_from_finest_dt,1.993722823624e+00
dt_s,epsilon,3.000000000000e-06,4,3.000000000000e-12,1.000000000000e-12,scaled_max_error,2.012277097687e+00
dt_s,epsilon,3.000000000000e-06,4,3.000000000000e-12,1.000000000000e-12,abs_R16,2.002197155754e+00
dt_s,epsilon,3.000000000000e-06,4,3.000000000000e-12,1.000000000000e-12,abs_R26,2.018650680932e+00
dt_s,epsilon,3.000000000000e-06,4,3.000000000000e-12,1.000000000000e-12,difference_from_finest_dt,2.007873178070e+00
dt_s,epsilon,3.000000000000e-06,4,1.000000000000e-12,3.000000000000e-13,scaled_max_error,1.651893827260e+00
dt_s,epsilon,3.000000000000e-06,4,1.000000000000e-12,3.000000000000e-13,abs_R16,2.405002638478e+00
dt_s,epsilon,3.000000000000e-06,4,1.000000000000e-12,3.000000000000e-13,abs_R26,1.142596140850e+00
dt_s,epsilon,3.000000000000e-06,4,1.000000000000e-12,3.000000000000e-13,difference_from_finest_dt,1.596209095415e+00
dt_s,epsilon,3.000000000000e-06,4,3.000000000000e-13,1.000000000000e-13,scaled_max_error,1.261694698055e+00
dt_s,epsilon,3.000000000000e-06,4,3.000000000000e-13,1.000000000000e-13,abs_R16,3.396519114164e-01
dt_s,epsilon,3.000000000000e-06,4,3.000000000000e-13,1.000000000000e-13,abs_R26,1.886410187283e+00
dt_s,epsilon,1.000000000000e-05,4,3.000000000000e-11,1.000000000000e-11,scaled_max_error,1.999801196751e+00
dt_s,epsilon,1.000000000000e-05,4,3.000000000000e-11,1.000000000000e-11,abs_R16,1.999423494221e+00
dt_s,epsilon,1.000000000000e-05,4,3.000000000000e-11,1.000000000000e-11,abs_R26,1.999814189409e+00
dt_s,epsilon,1.000000000000e-05,4,3.000000000000e-11,1.000000000000e-11,difference_from_finest_dt,1.999757378981e+00
dt_s,epsilon,1.000000000000e-05,4,1.000000000000e-11,3.000000000000e-12,scaled_max_error,1.993728143332e+00
dt_s,epsilon,1.000000000000e-05,4,1.000000000000e-11,3.000000000000e-12,abs_R16,1.990456819620e+00
dt_s,epsilon,1.000000000000e-05,4,1.000000000000e-11,3.000000000000e-12,abs_R26,1.993281177875e+00
dt_s,epsilon,1.000000000000e-05,4,1.000000000000e-11,3.000000000000e-12,difference_from_finest_dt,1.993277214657e+00
dt_s,epsilon,1.000000000000e-05,4,3.000000000000e-12,1.000000000000e-12,scaled_max_error,2.012632744733e+00
dt_s,epsilon,1.000000000000e-05,4,3.000000000000e-12,1.000000000000e-12,abs_R16,1.983811116378e+00
dt_s,epsilon,1.000000000000e-05,4,3.000000000000e-12,1.000000000000e-12,abs_R26,2.027858288362e+00
dt_s,epsilon,1.000000000000e-05,4,3.000000000000e-12,1.000000000000e-12,difference_from_finest_dt,2.008228612794e+00
dt_s,epsilon,1.000000000000e-05,4,1.000000000000e-12,3.000000000000e-13,scaled_max_error,2.010792752044e+00
dt_s,epsilon,1.000000000000e-05,4,1.000000000000e-12,3.000000000000e-13,abs_R16,1.776163202664e+00
dt_s,epsilon,1.000000000000e-05,4,1.000000000000e-12,3.000000000000e-13,abs_R26,1.141010755307e+00
dt_s,epsilon,1.000000000000e-05,4,1.000000000000e-12,3.000000000000e-13,difference_from_finest_dt,2.042949630438e+00
dt_s,epsilon,1.000000000000e-05,4,3.000000000000e-13,1.000000000000e-13,scaled_max_error,5.755399362396e-01
dt_s,epsilon,1.000000000000e-05,4,3.000000000000e-13,1.000000000000e-13,abs_R16,9.466458075234e-01
dt_s,epsilon,1.000000000000e-05,4,3.000000000000e-13,1.000000000000e-13,abs_R26,3.817037065263e-01
dt_s,epsilon,3.000000000000e-05,4,3.000000000000e-11,1.000000000000e-11,scaled_max_error,2.001513751738e+00
dt_s,epsilon,3.000000000000e-05,4,3.000000000000e-11,1.000000000000e-11,abs_R16,2.002927054414e+00
dt_s,epsilon,3.000000000000e-05,4,3.000000000000e-11,1.000000000000e-11,abs_R26,2.001621221024e+00
dt_s,epsilon,3.000000000000e-05,4,3.000000000000e-11,1.000000000000e-11,difference_from_finest_dt,2.001469818543e+00
dt_s,epsilon,3.000000000000e-05,4,1.000000000000e-11,3.000000000000e-12,scaled_max_error,1.991824307045e+00
dt_s,epsilon,3.000000000000e-05,4,1.000000000000e-11,3.000000000000e-12,abs_R16,1.995999710783e+00
dt_s,epsilon,3.000000000000e-05,4,1.000000000000e-11,3.000000000000e-12,abs_R26,1.996132667890e+00
dt_s,epsilon,3.000000000000e-05,4,1.000000000000e-11,3.000000000000e-12,difference_from_finest_dt,1.991373434880e+00
dt_s,epsilon,3.000000000000e-05,4,3.000000000000e-12,1.000000000000e-12,scaled_max_error,2.012554960281e+00
dt_s,epsilon,3.000000000000e-05,4,3.000000000000e-12,1.000000000000e-12,abs_R16,1.981861393096e+00
dt_s,epsilon,3.000000000000e-05,4,3.000000000000e-12,1.000000000000e-12,abs_R26,2.015727648348e+00
dt_s,epsilon,3.000000000000e-05,4,3.000000000000e-12,1.000000000000e-12,difference_from_finest_dt,2.008150794902e+00
dt_s,epsilon,3.000000000000e-05,4,1.000000000000e-12,3.000000000000e-13,scaled_max_error,1.980702762582e+00
dt_s,epsilon,3.000000000000e-05,4,1.000000000000e-12,3.000000000000e-13,abs_R16,1.739432723556e+00
dt_s,epsilon,3.000000000000e-05,4,1.000000000000e-12,3.000000000000e-13,abs_R26,1.624411895256e+00
dt_s,epsilon,3.000000000000e-05,4,1.000000000000e-12,3.000000000000e-13,difference_from_finest_dt,2.088364233571e+00
dt_s,epsilon,3.000000000000e-05,4,3.000000000000e-13,1.000000000000e-13,scaled_max_error,1.158444718427e+00
dt_s,epsilon,3.000000000000e-05,4,3.000000000000e-13,1.000000000000e-13,abs_R16,9.404435145292e-01
dt_s,epsilon,3.000000000000e-05,4,3.000000000000e-13,1.000000000000e-13,abs_R26,6.828845757817e-01
dt_s,epsilon,1.000000000000e-04,4,3.000000000000e-11,1.000000000000e-11,scaled_max_error,2.111315772139e+00
dt_s,epsilon,1.000000000000e-04,4,3.000000000000e-11,1.000000000000e-11,abs_R16,1.988907074931e+00
dt_s,epsilon,1.000000000000e-04,4,3.000000000000e-11,1.000000000000e-11,abs_R26,1.990178107902e+00
dt_s,epsilon,1.000000000000e-04,4,3.000000000000e-11,1.000000000000e-11,difference_from_finest_dt,2.111269962693e+00
dt_s,epsilon,1.000000000000e-04,4,1.000000000000e-11,3.000000000000e-12,scaled_max_error,1.994068298646e+00
dt_s,epsilon,1.000000000000e-04,4,1.000000000000e-11,3.000000000000e-12,abs_R16,1.986314119553e+00
dt_s,epsilon,1.000000000000e-04,4,1.000000000000e-11,3.000000000000e-12,abs_R26,1.986132217213e+00
dt_s,epsilon,1.000000000000e-04,4,1.000000000000e-11,3.000000000000e-12,difference_from_finest_dt,1.993617171786e+00
dt_s,epsilon,1.000000000000e-04,4,3.000000000000e-12,1.000000000000e-12,scaled_max_error,2.012286395481e+00
dt_s,epsilon,1.000000000000e-04,4,3.000000000000e-12,1.000000000000e-12,abs_R16,1.974640474717e+00
dt_s,epsilon,1.000000000000e-04,4,3.000000000000e-12,1.000000000000e-12,abs_R26,1.977881547953e+00
dt_s,epsilon,1.000000000000e-04,4,3.000000000000e-12,1.000000000000e-12,difference_from_finest_dt,2.007882390445e+00
dt_s,epsilon,1.000000000000e-04,4,1.000000000000e-12,3.000000000000e-13,scaled_max_error,2.124500887844e+00
dt_s,epsilon,1.000000000000e-04,4,1.000000000000e-12,3.000000000000e-13,abs_R16,1.806103592234e+00
dt_s,epsilon,1.000000000000e-04,4,1.000000000000e-12,3.000000000000e-13,abs_R26,1.796961807030e+00
dt_s,epsilon,1.000000000000e-04,4,1.000000000000e-12,3.000000000000e-13,difference_from_finest_dt,2.088178582552e+00
dt_s,epsilon,1.000000000000e-04,4,3.000000000000e-13,1.000000000000e-13,scaled_max_error,1.278324823625e+00
dt_s,epsilon,1.000000000000e-04,4,3.000000000000e-13,1.000000000000e-13,abs_R16,1.125058303481e+00
dt_s,epsilon,1.000000000000e-04,4,3.000000000000e-13,1.000000000000e-13,abs_R26,1.396513762448e+00
dt_s,epsilon,3.000000000000e-04,4,3.000000000000e-11,1.000000000000e-11,scaled_max_error,1.999315884276e+00
dt_s,epsilon,3.000000000000e-04,4,3.000000000000e-11,1.000000000000e-11,abs_R16,1.986017228040e+00
dt_s,epsilon,3.000000000000e-04,4,3.000000000000e-11,1.000000000000e-11,abs_R26,1.987011045023e+00
dt_s,epsilon,3.000000000000e-04,4,3.000000000000e-11,1.000000000000e-11,difference_from_finest_dt,1.999272069333e+00
dt_s,epsilon,3.000000000000e-04,4,1.000000000000e-11,3.000000000000e-12,scaled_max_error,1.993794216741e+00
dt_s,epsilon,3.000000000000e-04,4,1.000000000000e-11,3.000000000000e-12,abs_R16,1.989096011885e+00
dt_s,epsilon,3.000000000000e-04,4,1.000000000000e-11,3.000000000000e-12,abs_R26,1.989033425659e+00
dt_s,epsilon,3.000000000000e-04,4,1.000000000000e-11,3.000000000000e-12,difference_from_finest_dt,1.993343247649e+00
dt_s,epsilon,3.000000000000e-04,4,3.000000000000e-12,1.000000000000e-12,scaled_max_error,2.012558360509e+00
dt_s,epsilon,3.000000000000e-04,4,3.000000000000e-12,1.000000000000e-12,abs_R16,1.975330005466e+00
dt_s,epsilon,3.000000000000e-04,4,3.000000000000e-12,1.000000000000e-12,abs_R26,1.978703003366e+00
dt_s,epsilon,3.000000000000e-04,4,3.000000000000e-12,1.000000000000e-12,difference_from_finest_dt,2.008154272971e+00
dt_s,epsilon,3.000000000000e-04,4,1.000000000000e-12,3.000000000000e-13,scaled_max_error,2.109156203602e+00
dt_s,epsilon,3.000000000000e-04,4,1.000000000000e-12,3.000000000000e-13,abs_R16,1.794041312482e+00
dt_s,epsilon,3.000000000000e-04,4,1.000000000000e-12,3.000000000000e-13,abs_R26,1.808852052085e+00
dt_s,epsilon,3.000000000000e-04,4,1.000000000000e-12,3.000000000000e-13,difference_from_finest_dt,2.088379260071e+00
dt_s,epsilon,3.000000000000e-04,4,3.000000000000e-13,1.000000000000e-13,scaled_max_error,1.403549852184e+00
dt_s,epsilon,3.000000000000e-04,4,3.000000000000e-13,1.000000000000e-13,abs_R16,1.031574377472e+00
dt_s,epsilon,3.000000000000e-04,4,3.000000000000e-13,1.000000000000e-13,abs_R26,1.131636405110e+00
dt_s,epsilon,1.000000000000e-03,4,3.000000000000e-11,1.000000000000e-11,scaled_max_error,1.998904369132e+00
dt_s,epsilon,1.000000000000e-03,4,3.000000000000e-11,1.000000000000e-11,abs_R16,1.985947478741e+00
dt_s,epsilon,1.000000000000e-03,4,3.000000000000e-11,1.000000000000e-11,abs_R26,1.986926526369e+00
dt_s,epsilon,1.000000000000e-03,4,3.000000000000e-11,1.000000000000e-11,difference_from_finest_dt,1.998860578100e+00
dt_s,epsilon,1.000000000000e-03,4,1.000000000000e-11,3.000000000000e-12,scaled_max_error,1.994200633226e+00
dt_s,epsilon,1.000000000000e-03,4,1.000000000000e-11,3.000000000000e-12,abs_R16,1.989214658594e+00
dt_s,epsilon,1.000000000000e-03,4,1.000000000000e-11,3.000000000000e-12,abs_R26,1.989307212754e+00
dt_s,epsilon,1.000000000000e-03,4,1.000000000000e-11,3.000000000000e-12,difference_from_finest_dt,1.993749642129e+00
dt_s,epsilon,1.000000000000e-03,4,3.000000000000e-12,1.000000000000e-12,scaled_max_error,2.012574917853e+00
dt_s,epsilon,1.000000000000e-03,4,3.000000000000e-12,1.000000000000e-12,abs_R16,1.975419591337e+00
dt_s,epsilon,1.000000000000e-03,4,3.000000000000e-12,1.000000000000e-12,abs_R26,1.976823954221e+00
dt_s,epsilon,1.000000000000e-03,4,3.000000000000e-12,1.000000000000e-12,difference_from_finest_dt,2.008170740561e+00
dt_s,epsilon,1.000000000000e-03,4,1.000000000000e-12,3.000000000000e-13,scaled_max_error,2.111691014402e+00
dt_s,epsilon,1.000000000000e-03,4,1.000000000000e-12,3.000000000000e-13,abs_R16,1.796639811702e+00
dt_s,epsilon,1.000000000000e-03,4,1.000000000000e-12,3.000000000000e-13,abs_R26,1.800559650660e+00
dt_s,epsilon,1.000000000000e-03,4,1.000000000000e-12,3.000000000000e-13,difference_from_finest_dt,2.088364233571e+00
dt_s,epsilon,1.000000000000e-03,4,3.000000000000e-13,1.000000000000e-13,scaled_max_error,1.357388709030e+00
dt_s,epsilon,1.000000000000e-03,4,3.000000000000e-13,1.000000000000e-13,abs_R16,1.040456328631e+00
dt_s,epsilon,1.000000000000e-03,4,3.000000000000e-13,1.000000000000e-13,abs_R26,1.079096032169e+00
dt_s,epsilon,3.000000000000e-03,4,3.000000000000e-11,1.000000000000e-11,scaled_max_error,1.995231179006e+00
dt_s,epsilon,3.000000000000e-03,4,3.000000000000e-11,1.000000000000e-11,abs_R16,1.985947004988e+00
dt_s,epsilon,3.000000000000e-03,4,3.000000000000e-11,1.000000000000e-11,abs_R26,1.986923504760e+00
dt_s,epsilon,3.000000000000e-03,4,3.000000000000e-11,1.000000000000e-11,difference_from_finest_dt,1.995187605730e+00
dt_s,epsilon,3.000000000000e-03,4,1.000000000000e-11,3.000000000000e-12,scaled_max_error,1.998084629253e+00
dt_s,epsilon,3.000000000000e-03,4,1.000000000000e-11,3.000000000000e-12,abs_R16,1.989196481805e+00
dt_s,epsilon,3.000000000000e-03,4,1.000000000000e-11,3.000000000000e-12,abs_R26,1.989275742036e+00
dt_s,epsilon,3.000000000000e-03,4,1.000000000000e-11,3.000000000000e-12,difference_from_finest_dt,1.997633339383e+00
dt_s,epsilon,3.000000000000e-03,4,3.000000000000e-12,1.000000000000e-12,scaled_max_error,2.012395282653e+00
dt_s,epsilon,3.000000000000e-03,4,3.000000000000e-12,1.000000000000e-12,abs_R16,1.975438252494e+00
dt_s,epsilon,3.000000000000e-03,4,3.000000000000e-12,1.000000000000e-12,abs_R26,1.977324792703e+00
dt_s,epsilon,3.000000000000e-03,4,3.000000000000e-12,1.000000000000e-12,difference_from_finest_dt,2.007991212602e+00
dt_s,epsilon,3.000000000000e-03,4,1.000000000000e-12,3.000000000000e-13,scaled_max_error,2.111825437099e+00
dt_s,epsilon,3.000000000000e-03,4,1.000000000000e-12,3.000000000000e-13,abs_R16,1.798226657718e+00
dt_s,epsilon,3.000000000000e-03,4,1.000000000000e-12,3.000000000000e-13,abs_R26,1.814953065555e+00
dt_s,epsilon,3.000000000000e-03,4,1.000000000000e-12,3.000000000000e-13,difference_from_finest_dt,2.088364233571e+00
dt_s,epsilon,3.000000000000e-03,4,3.000000000000e-13,1.000000000000e-13,scaled_max_error,1.344338529050e+00
dt_s,epsilon,3.000000000000e-03,4,3.000000000000e-13,1.000000000000e-13,abs_R16,1.031261142845e+00
dt_s,epsilon,3.000000000000e-03,4,3.000000000000e-13,1.000000000000e-13,abs_R26,1.059340634084e+00
dt_s,epsilon,1.000000000000e-02,4,3.000000000000e-11,1.000000000000e-11,scaled_max_error,1.999348423423e+00
dt_s,epsilon,1.000000000000e-02,4,3.000000000000e-11,1.000000000000e-11,abs_R16,1.985949803600e+00
dt_s,epsilon,1.000000000000e-02,4,3.000000000000e-11,1.000000000000e-11,abs_R26,1.986929958040e+00
dt_s,epsilon,1.000000000000e-02,4,3.000000000000e-11,1.000000000000e-11,difference_from_finest_dt,1.999304630168e+00
dt_s,epsilon,1.000000000000e-02,4,1.000000000000e-11,3.000000000000e-12,scaled_max_error,1.994366477360e+00
dt_s,epsilon,1.000000000000e-02,4,1.000000000000e-11,3.000000000000e-12,abs_R16,1.989201665317e+00
dt_s,epsilon,1.000000000000e-02,4,1.000000000000e-11,3.000000000000e-12,abs_R26,1.989303584538e+00
dt_s,epsilon,1.000000000000e-02,4,1.000000000000e-11,3.000000000000e-12,difference_from_finest_dt,1.993915391899e+00
dt_s,epsilon,1.000000000000e-02,4,3.000000000000e-12,1.000000000000e-12,scaled_max_error,2.012402541335e+00
dt_s,epsilon,1.000000000000e-02,4,3.000000000000e-12,1.000000000000e-12,abs_R16,1.975339251000e+00
dt_s,epsilon,1.000000000000e-02,4,3.000000000000e-12,1.000000000000e-12,abs_R26,1.976914346999e+00
dt_s,epsilon,1.000000000000e-02,4,3.000000000000e-12,1.000000000000e-12,difference_from_finest_dt,2.007998466950e+00
dt_s,epsilon,1.000000000000e-02,4,1.000000000000e-12,3.000000000000e-13,scaled_max_error,2.112209624305e+00
dt_s,epsilon,1.000000000000e-02,4,1.000000000000e-12,3.000000000000e-13,abs_R16,1.798038502181e+00
dt_s,epsilon,1.000000000000e-02,4,1.000000000000e-12,3.000000000000e-13,abs_R26,1.811456917949e+00
dt_s,epsilon,1.000000000000e-02,4,1.000000000000e-12,3.000000000000e-13,difference_from_finest_dt,2.088178582552e+00
dt_s,epsilon,1.000000000000e-02,4,3.000000000000e-13,1.000000000000e-13,scaled_max_error,1.347889534221e+00
dt_s,epsilon,1.000000000000e-02,4,3.000000000000e-13,1.000000000000e-13,abs_R16,1.032199499612e+00
dt_s,epsilon,1.000000000000e-02,4,3.000000000000e-13,1.000000000000e-13,abs_R26,1.049189376742e+00
dt_s,epsilon,3.000000000000e-02,4,3.000000000000e-11,1.000000000000e-11,scaled_max_error,1.992751964434e+00
dt_s,epsilon,3.000000000000e-02,4,3.000000000000e-11,1.000000000000e-11,abs_R16,1.985947965487e+00
dt_s,epsilon,3.000000000000e-02,4,3.000000000000e-11,1.000000000000e-11,abs_R26,1.986926382234e+00
dt_s,epsilon,3.000000000000e-02,4,3.000000000000e-11,1.000000000000e-11,difference_from_finest_dt,1.992708495280e+00
dt_s,epsilon,3.000000000000e-02,4,1.000000000000e-11,3.000000000000e-12,scaled_max_error,1.999785271696e+00
dt_s,epsilon,3.000000000000e-02,4,1.000000000000e-11,3.000000000000e-12,abs_R16,1.989202019916e+00
dt_s,epsilon,3.000000000000e-02,4,1.000000000000e-11,3.000000000000e-12,abs_R26,1.989302487455e+00
dt_s,epsilon,3.000000000000e-02,4,1.000000000000e-11,3.000000000000e-12,difference_from_finest_dt,1.999333891175e+00
dt_s,epsilon,3.000000000000e-02,4,3.000000000000e-12,1.000000000000e-12,scaled_max_error,2.012397097168e+00
dt_s,epsilon,3.000000000000e-02,4,3.000000000000e-12,1.000000000000e-12,abs_R16,1.975378977589e+00
dt_s,epsilon,3.000000000000e-02,4,3.000000000000e-12,1.000000000000e-12,abs_R26,1.977047364850e+00
dt_s,epsilon,3.000000000000e-02,4,3.000000000000e-12,1.000000000000e-12,difference_from_finest_dt,2.007993026033e+00
dt_s,epsilon,3.000000000000e-02,4,1.000000000000e-12,3.000000000000e-13,scaled_max_error,2.112209624305e+00
dt_s,epsilon,3.000000000000e-02,4,1.000000000000e-12,3.000000000000e-13,abs_R16,1.797899764417e+00
dt_s,epsilon,3.000000000000e-02,4,1.000000000000e-12,3.000000000000e-13,abs_R26,1.811612721781e+00
dt_s,epsilon,3.000000000000e-02,4,1.000000000000e-12,3.000000000000e-13,difference_from_finest_dt,2.088364233571e+00
dt_s,epsilon,3.000000000000e-02,4,3.000000000000e-13,1.000000000000e-13,scaled_max_error,1.346132299848e+00
dt_s,epsilon,3.000000000000e-02,4,3.000000000000e-13,1.000000000000e-13,abs_R16,1.030953126611e+00
dt_s,epsilon,3.000000000000e-02,4,3.000000000000e-13,1.000000000000e-13,abs_R26,1.046201633083e+00
dt_s,epsilon,1.000000000000e-01,4,3.000000000000e-11,1.000000000000e-11,scaled_max_error,1.995608391088e+00
dt_s,epsilon,1.000000000000e-01,4,3.000000000000e-11,1.000000000000e-11,abs_R16,1.985951923377e+00
dt_s,epsilon,1.000000000000e-01,4,3.000000000000e-11,1.000000000000e-11,abs_R26,1.986933777166e+00
dt_s,epsilon,1.000000000000e-01,4,3.000000000000e-11,1.000000000000e-11,difference_from_finest_dt,1.995564808440e+00
dt_s,epsilon,1.000000000000e-01,4,1.000000000000e-11,3.000000000000e-12,scaled_max_error,1.997710874920e+00
dt_s,epsilon,1.000000000000e-01,4,1.000000000000e-11,3.000000000000e-12,abs_R16,1.989202681196e+00
dt_s,epsilon,1.000000000000e-01,4,1.000000000000e-11,3.000000000000e-12,abs_R26,1.989306081558e+00
dt_s,epsilon,1.000000000000e-01,4,1.000000000000e-11,3.000000000000e-12,difference_from_finest_dt,1.997259734667e+00
dt_s,epsilon,1.000000000000e-01,4,3.000000000000e-12,1.000000000000e-12,scaled_max_error,2.012656558734e+00
dt_s,epsilon,1.000000000000e-01,4,3.000000000000e-12,1.000000000000e-12,abs_R16,1.975348258883e+00
dt_s,epsilon,1.000000000000e-01,4,3.000000000000e-12,1.000000000000e-12,abs_R26,1.976975445005e+00
dt_s,epsilon,1.000000000000e-01,4,3.000000000000e-12,1.000000000000e-12,difference_from_finest_dt,2.008252332709e+00
dt_s,epsilon,1.000000000000e-01,4,1.000000000000e-12,3.000000000000e-13,scaled_max_error,2.112151988307e+00
dt_s,epsilon,1.000000000000e-01,4,1.000000000000e-12,3.000000000000e-13,abs_R16,1.797844329557e+00
dt_s,epsilon,1.000000000000e-01,4,1.000000000000e-12,3.000000000000e-13,abs_R26,1.811438955289e+00
dt_s,epsilon,1.000000000000e-01,4,1.000000000000e-12,3.000000000000e-13,difference_from_finest_dt,2.088364233571e+00
dt_s,epsilon,1.000000000000e-01,4,3.000000000000e-13,1.000000000000e-13,scaled_max_error,1.347304888923e+00
dt_s,epsilon,1.000000000000e-01,4,3.000000000000e-13,1.000000000000e-13,abs_R16,1.031463338289e+00
dt_s,epsilon,1.000000000000e-01,4,3.000000000000e-13,1.000000000000e-13,abs_R26,1.047796944318e+00
epsilon,dt_s,1.000000000000e-13,0,1.000000000000e-01,3.000000000000e-02,scaled_max_error,2.010286714129e+00
epsilon,dt_s,1.000000000000e-13,0,1.000000000000e-01,3.000000000000e-02,abs_R16,2.015241458439e+00
epsilon,dt_s,1.000000000000e-13,0,1.000000000000e-01,3.000000000000e-02,abs_R26,2.014518325607e+00
epsilon,dt_s,1.000000000000e-13,0,3.000000000000e-02,1.000000000000e-02,scaled_max_error,2.000979525028e+00
epsilon,dt_s,1.000000000000e-13,0,3.000000000000e-02,1.000000000000e-02,abs_R16,2.001418225751e+00
epsilon,dt_s,1.000000000000e-13,0,3.000000000000e-02,1.000000000000e-02,abs_R26,2.001342869119e+00
epsilon,dt_s,1.000000000000e-13,0,1.000000000000e-02,3.000000000000e-03,scaled_max_error,2.000055531333e+00
epsilon,dt_s,1.000000000000e-13,0,1.000000000000e-02,3.000000000000e-03,abs_R16,1.999752220431e+00
epsilon,dt_s,1.000000000000e-13,0,1.000000000000e-02,3.000000000000e-03,abs_R26,1.999673720876e+00
epsilon,dt_s,1.000000000000e-13,0,3.000000000000e-03,1.000000000000e-03,scaled_max_error,1.999560230811e+00
epsilon,dt_s,1.000000000000e-13,0,3.000000000000e-03,1.000000000000e-03,abs_R16,1.996179576890e+00
epsilon,dt_s,1.000000000000e-13,0,3.000000000000e-03,1.000000000000e-03,abs_R26,1.995491264163e+00
epsilon,dt_s,1.000000000000e-13,0,1.000000000000e-03,3.000000000000e-04,scaled_max_error,1.995356177932e+00
epsilon,dt_s,1.000000000000e-13,0,1.000000000000e-03,3.000000000000e-04,abs_R16,1.961100677147e+00
epsilon,dt_s,1.000000000000e-13,0,1.000000000000e-03,3.000000000000e-04,abs_R26,1.954329679864e+00
epsilon,dt_s,1.000000000000e-13,0,3.000000000000e-04,1.000000000000e-04,scaled_max_error,1.956514046120e+00
epsilon,dt_s,1.000000000000e-13,0,3.000000000000e-04,1.000000000000e-04,abs_R16,1.692503384557e+00
epsilon,dt_s,1.000000000000e-13,0,3.000000000000e-04,1.000000000000e-04,abs_R26,1.648461751372e+00
epsilon,dt_s,1.000000000000e-13,0,1.000000000000e-04,3.000000000000e-05,scaled_max_error,1.227636692146e+00
epsilon,dt_s,1.000000000000e-13,0,1.000000000000e-04,3.000000000000e-05,abs_R16,8.049531342426e-01
epsilon,dt_s,1.000000000000e-13,0,1.000000000000e-04,3.000000000000e-05,abs_R26,7.717354153895e-01
epsilon,dt_s,1.000000000000e-13,0,3.000000000000e-05,1.000000000000e-05,scaled_max_error,1.624916570074e-01
epsilon,dt_s,1.000000000000e-13,0,3.000000000000e-05,1.000000000000e-05,abs_R16,7.122872345520e-02
epsilon,dt_s,1.000000000000e-13,0,3.000000000000e-05,1.000000000000e-05,abs_R26,2.194389616314e-02
epsilon,dt_s,1.000000000000e-13,0,1.000000000000e-05,3.000000000000e-06,scaled_max_error,1.289217990746e-01
epsilon,dt_s,1.000000000000e-13,0,1.000000000000e-05,3.000000000000e-06,abs_R16,3.255407543339e-02
epsilon,dt_s,1.000000000000e-13,0,1.000000000000e-05,3.000000000000e-06,abs_R26,1.102303352343e-01
epsilon,dt_s,1.000000000000e-13,0,3.000000000000e-06,1.000000000000e-06,scaled_max_error,-8.420145101241e-02
epsilon,dt_s,1.000000000000e-13,0,3.000000000000e-06,1.000000000000e-06,abs_R16,8.392311386178e-01
epsilon,dt_s,1.000000000000e-13,0,3.000000000000e-06,1.000000000000e-06,abs_R26,-8.803894147433e-01
epsilon,dt_s,3.000000000000e-13,0,1.000000000000e-01,3.000000000000e-02,scaled_max_error,2.010293682420e+00
epsilon,dt_s,3.000000000000e-13,0,1.000000000000e-01,3.000000000000e-02,abs_R16,2.015233051196e+00
epsilon,dt_s,3.000000000000e-13,0,1.000000000000e-01,3.000000000000e-02,abs_R26,2.014508146305e+00
epsilon,dt_s,3.000000000000e-13,0,1.000000000000e-01,3.000000000000e-02,difference_from_finest_dt,1.524047768123e-02
epsilon,dt_s,3.000000000000e-13,0,3.000000000000e-02,1.000000000000e-02,scaled_max_error,2.001046665456e+00
epsilon,dt_s,3.000000000000e-13,0,3.000000000000e-02,1.000000000000e-02,abs_R16,2.001337263541e+00
epsilon,dt_s,3.000000000000e-13,0,3.000000000000e-02,1.000000000000e-02,abs_R26,2.001244878933e+00
epsilon,dt_s,3.000000000000e-13,0,3.000000000000e-02,1.000000000000e-02,difference_from_finest_dt,1.422707486953e-03
epsilon,dt_s,3.000000000000e-13,0,1.000000000000e-02,3.000000000000e-03,scaled_max_error,2.000752317842e+00
epsilon,dt_s,3.000000000000e-13,0,1.000000000000e-02,3.000000000000e-03,abs_R16,1.998912698090e+00
epsilon,dt_s,3.000000000000e-13,0,1.000000000000e-02,3.000000000000e-03,abs_R26,1.998657797720e+00
epsilon,dt_s,3.000000000000e-13,0,1.000000000000e-02,3.000000000000e-03,difference_from_finest_dt,5.570190393266e-04
epsilon,dt_s,3.000000000000e-13,0,3.000000000000e-03,1.000000000000e-03,scaled_max_error,2.006299434304e+00
epsilon,dt_s,3.000000000000e-13,0,3.000000000000e-03,1.000000000000e-03,abs_R16,1.988168607776e+00
epsilon,dt_s,3.000000000000e-13,0,3.000000000000e-03,1.000000000000e-03,abs_R26,1.985816210680e+00
epsilon,dt_s,3.000000000000e-13,0,3.000000000000e-03,1.000000000000e-03,difference_from_finest_dt,-2.035010545055e-04
epsilon,dt_s,3.000000000000e-13,0,1.000000000000e-03,3.000000000000e-04,scaled_max_error,2.068244517509e+00
epsilon,dt_s,3.000000000000e-13,0,1.000000000000e-03,3.000000000000e-04,abs_R16,1.886082090248e+00
epsilon,dt_s,3.000000000000e-13,0,1.000000000000e-03,3.000000000000e-04,abs_R26,1.865293972917e+00
epsilon,dt_s,3.000000000000e-13,0,1.000000000000e-03,3.000000000000e-04,difference_from_finest_dt,-3.298485930406e-08
epsilon,dt_s,3.000000000000e-13,0,3.000000000000e-04,1.000000000000e-04,scaled_max_error,1.602769355704e+00
epsilon,dt_s,3.000000000000e-13,0,3.000000000000e-04,1.000000000000e-04,abs_R16,1.312631862613e+00
epsilon,dt_s,3.000000000000e-13,0,3.000000000000e-04,1.000000000000e-04,abs_R26,1.234746653853e+00
epsilon,dt_s,3.000000000000e-13,0,3.000000000000e-04,1.000000000000e-04,difference_from_finest_dt,2.035372027208e-04
epsilon,dt_s,3.000000000000e-13,0,1.000000000000e-04,3.000000000000e-05,scaled_max_error,4.158620240641e-01
epsilon,dt_s,3.000000000000e-13,0,1.000000000000e-04,3.000000000000e-05,abs_R16,3.797491555447e-01
epsilon,dt_s,3.000000000000e-13,0,1.000000000000e-04,3.000000000000e-05,abs_R26,3.331494892402e-01
epsilon,dt_s,3.000000000000e-13,0,1.000000000000e-04,3.000000000000e-05,difference_from_finest_dt,-1.857255174758e-04
epsilon,dt_s,3.000000000000e-13,0,3.000000000000e-05,1.000000000000e-05,scaled_max_error,5.108117467643e-02
epsilon,dt_s,3.000000000000e-13,0,3.000000000000e-05,1.000000000000e-05,abs_R16,5.735568157630e-02
epsilon,dt_s,3.000000000000e-13,0,3.000000000000e-05,1.000000000000e-05,abs_R26,7.978567935384e-02
epsilon,dt_s,3.000000000000e-13,0,3.000000000000e-05,1.000000000000e-05,difference_from_finest_dt,3.614821529254e-08
epsilon,dt_s,3.000000000000e-13,0,1.000000000000e-05,3.000000000000e-06,scaled_max_error,8.176473733311e-03
epsilon,dt_s,3.000000000000e-13,0,1.000000000000e-05,3.000000000000e-06,abs_R16,-4.363740345124e-02
epsilon,dt_s,3.000000000000e-13,0,1.000000000000e-05,3.000000000000e-06,abs_R26,-1.921797264643e-01
epsilon,dt_s,3.000000000000e-13,0,1.000000000000e-05,3.000000000000e-06,difference_from_finest_dt,1.856925326165e-04
epsilon,dt_s,3.000000000000e-13,0,3.000000000000e-06,1.000000000000e-06,scaled_max_error,3.299310912443e-02
epsilon,dt_s,3.000000000000e-13,0,3.000000000000e-06,1.000000000000e-06,abs_R16,1.513269115527e-01
epsilon,dt_s,3.000000000000e-13,0,3.000000000000e-06,1.000000000000e-06,abs_R26,3.824959446688e-01
epsilon,dt_s,3.000000000000e-13,0,3.000000000000e-06,1.000000000000e-06,difference_from_finest_dt,0.000000000000e+00
epsilon,dt_s,1.000000000000e-12,0,1.000000000000e-01,3.000000000000e-02,scaled_max_error,2.010372790646e+00
epsilon,dt_s,1.000000000000e-12,0,1.000000000000e-01,3.000000000000e-02,abs_R16,2.015137492987e+00
epsilon,dt_s,1.000000000000e-12,0,1.000000000000e-01,3.000000000000e-02,abs_R26,2.014391278118e+00
epsilon,dt_s,1.000000000000e-12,0,1.000000000000e-01,3.000000000000e-02,difference_from_finest_dt,1.566371917263e-02
epsilon,dt_s,1.000000000000e-12,0,3.000000000000e-02,1.000000000000e-02,scaled_max_error,2.001809506706e+00
epsilon,dt_s,1.000000000000e-12,0,3.000000000000e-02,1.000000000000e-02,abs_R16,2.000417059619e+00
epsilon,dt_s,1.000000000000e-12,0,3.000000000000e-02,1.000000000000e-02,abs_R26,2.000119631502e+00
epsilon,dt_s,1.000000000000e-12,0,3.000000000000e-02,1.000000000000e-02,difference_from_finest_dt,1.233909198120e-03
epsilon,dt_s,1.000000000000e-12,0,1.000000000000e-02,3.000000000000e-03,scaled_max_error,2.008718551827e+00
epsilon,dt_s,1.000000000000e-12,0,1.000000000000e-02,3.000000000000e-03,abs_R16,1.989435855597e+00
epsilon,dt_s,1.000000000000e-12,0,1.000000000000e-02,3.000000000000e-03,abs_R26,1.987088589457e+00
epsilon,dt_s,1.000000000000e-12,0,1.000000000000e-02,3.000000000000e-03,difference_from_finest_dt,1.502420900917e-04
epsilon,dt_s,1.000000000000e-12,0,3.000000000000e-03,1.000000000000e-03,scaled_max_error,2.087532018593e+00
epsilon,dt_s,1.000000000000e-12,0,3.000000000000e-03,1.000000000000e-03,abs_R16,1.902821212176e+00
epsilon,dt_s,1.000000000000e-12,0,3.000000000000e-03,1.000000000000e-03,abs_R26,1.883058990723e+00
epsilon,dt_s,1.000000000000e-12,0,3.000000000000e-03,1.000000000000e-03,difference_from_finest_dt,0.000000000000e+00
epsilon,dt_s,1.000000000000e-12,0,1.000000000000e-03,3.000000000000e-04,scaled_max_error,1.583388002339e+00
epsilon,dt_s,1.000000000000e-12,0,1.000000000000e-03,3.000000000000e-04,abs_R16,1.363459255742e+00
epsilon,dt_s,1.000000000000e-12,0,1.000000000000e-03,3.000000000000e-04,abs_R26,1.282844193942e+00
epsilon,dt_s,1.000000000000e-12,0,1.000000000000e-03,3.000000000000e-04,difference_from_finest_dt,-2.669029434856e-09
epsilon,dt_s,1.000000000000e-12,0,3.000000000000e-04,1.000000000000e-04,scaled_max_error,3.390064449068e-01
epsilon,dt_s,1.000000000000e-12,0,3.000000000000e-04,1.000000000000e-04,abs_R16,4.148930979310e-01
epsilon,dt_s,1.000000000000e-12,0,3.000000000000e-04,1.000000000000e-04,abs_R26,3.566536161857e-01
epsilon,dt_s,1.000000000000e-12,0,3.000000000000e-04,1.000000000000e-04,difference_from_finest_dt,1.646496296063e-05
epsilon,dt_s,1.000000000000e-12,0,1.000000000000e-04,3.000000000000e-05,scaled_max_error,-7.837492758622e-02
epsilon,dt_s,1.000000000000e-12,0,1.000000000000e-04,3.000000000000e-05,abs_R16,5.627906697998e-02
epsilon,dt_s,1.000000000000e-12,0,1.000000000000e-04,3.000000000000e-05,abs_R26,4.602713741621e-02
epsilon,dt_s,1.000000000000e-12,0,1.000000000000e-04,3.000000000000e-05,difference_from_finest_dt,-1.502410235193e-05
epsilon,dt_s,1.000000000000e-12,0,3.000000000000e-05,1.000000000000e-05,scaled_max_error,-7.187405791695e-03
epsilon,dt_s,1.000000000000e-12,0,3.000000000000e-05,1.000000000000e-05,abs_R16,5.028249773107e-03
epsilon,dt_s,1.000000000000e-12,0,3.000000000000e-05,1.000000000000e-05,abs_R26,5.459536129878e-03
epsilon,dt_s,1.000000000000e-12,0,3.000000000000e-05,1.000000000000e-05,difference_from_finest_dt,0.000000000000e+00
epsilon,dt_s,1.000000000000e-12,0,1.000000000000e-05,3.000000000000e-06,scaled_max_error,-7.406351805224e-04
epsilon,dt_s,1.000000000000e-12,0,1.000000000000e-05,3.000000000000e-06,abs_R16,-2.133315348403e-03
epsilon,dt_s,1.000000000000e-12,0,1.000000000000e-05,3.000000000000e-06,abs_R26,-8.707358790536e-03
epsilon,dt_s,1.000000000000e-12,0,1.000000000000e-05,3.000000000000e-06,difference_from_finest_dt,0.000000000000e+00
epsilon,dt_s,1.000000000000e-12,0,3.000000000000e-06,1.000000000000e-06,scaled_max_error,-6.622650622296e-05
epsilon,dt_s,1.000000000000e-12,0,3.000000000000e-06,1.000000000000e-06,abs_R16,-2.101856191068e-03
epsilon,dt_s,1.000000000000e-12,0,3.000000000000e-06,1.000000000000e-06,abs_R26,1.973702059153e-02
epsilon,dt_s,1.000000000000e-12,0,3.000000000000e-06,1.000000000000e-06,difference_from_finest_dt,0.000000000000e+00
epsilon,dt_s,3.000000000000e-12,0,1.000000000000e-01,3.000000000000e-02,scaled_max_error,2.011068799006e+00
epsilon,dt_s,3.000000000000e-12,0,1.000000000000e-01,3.000000000000e-02,abs_R16,2.014300332629e+00
epsilon,dt_s,3.000000000000e-12,0,1.000000000000e-01,3.000000000000e-02,abs_R26,2.013367642884e+00
epsilon,dt_s,3.000000000000e-12,0,1.000000000000e-01,3.000000000000e-02,difference_from_finest_dt,1.655027141114e-02
epsilon,dt_s,3.000000000000e-12,0,3.000000000000e-02,1.000000000000e-02,scaled_max_error,2.008551530562e+00
epsilon,dt_s,3.000000000000e-12,0,3.000000000000e-02,1.000000000000e-02,abs_R16,1.992400039169e+00
epsilon,dt_s,3.000000000000e-12,0,3.000000000000e-02,1.000000000000e-02,abs_R26,1.990330099015e+00
epsilon,dt_s,3.000000000000e-12,0,3.000000000000e-02,1.000000000000e-02,difference_from_finest_dt,1.349612504170e-03
epsilon,dt_s,3.000000000000e-12,0,1.000000000000e-02,3.000000000000e-03,scaled_max_error,2.082958036912e+00
epsilon,dt_s,3.000000000000e-12,0,1.000000000000e-02,3.000000000000e-03,abs_R16,1.911515418205e+00
epsilon,dt_s,3.000000000000e-12,0,1.000000000000e-02,3.000000000000e-03,abs_R26,1.893243801555e+00
epsilon,dt_s,3.000000000000e-12,0,1.000000000000e-02,3.000000000000e-03,difference_from_finest_dt,3.094035929492e-04
epsilon,dt_s,3.000000000000e-12,0,3.000000000000e-03,1.000000000000e-03,scaled_max_error,1.656856968139e+00
epsilon,dt_s,3.000000000000e-12,0,3.000000000000e-03,1.000000000000e-03,abs_R16,1.420659668935e+00
epsilon,dt_s,3.000000000000e-12,0,3.000000000000e-03,1.000000000000e-03,abs_R26,1.341434411062e+00
epsilon,dt_s,3.000000000000e-12,0,3.000000000000e-03,1.000000000000e-03,difference_from_finest_dt,-1.740870071895e-04
epsilon,dt_s,3.000000000000e-12,0,1.000000000000e-03,3.000000000000e-04,scaled_max_error,3.668641350085e-01
epsilon,dt_s,3.000000000000e-12,0,1.000000000000e-03,3.000000000000e-04,abs_R16,4.639266116990e-01
epsilon,dt_s,3.000000000000e-12,0,1.000000000000e-03,3.000000000000e-04,abs_R26,4.008150255227e-01
epsilon,dt_s,3.000000000000e-12,0,1.000000000000e-03,3.000000000000e-04,difference_from_finest_dt,1.654410317028e-06
epsilon,dt_s,3.000000000000e-12,0,3.000000000000e-04,1.000000000000e-04,scaled_max_error,-8.276191868725e-02
epsilon,dt_s,3.000000000000e-12,0,3.000000000000e-04,1.000000000000e-04,abs_R16,6.194410945875e-02
epsilon,dt_s,3.000000000000e-12,0,3.000000000000e-04,1.000000000000e-04,abs_R26,5.106152131977e-02
epsilon,dt_s,3.000000000000e-12,0,3.000000000000e-04,1.000000000000e-04,difference_from_finest_dt,1.813077294810e-06
epsilon,dt_s,3.000000000000e-12,0,1.000000000000e-04,3.000000000000e-05,scaled_max_error,-8.002650934582e-03
epsilon,dt_s,3.000000000000e-12,0,1.000000000000e-04,3.000000000000e-05,abs_R16,6.674511924179e-03
epsilon,dt_s,3.000000000000e-12,0,1.000000000000e-04,3.000000000000e-05,abs_R26,5.511920656211e-03
epsilon,dt_s,3.000000000000e-12,0,1.000000000000e-04,3.000000000000e-05,difference_from_finest_dt,1.671277440115e-04
epsilon,dt_s,3.000000000000e-12,0,3.000000000000e-05,1.000000000000e-05,scaled_max_error,-7.698469736641e-04
epsilon,dt_s,3.000000000000e-12,0,3.000000000000e-05,1.000000000000e-05,abs_R16,5.720098832023e-04
epsilon,dt_s,3.000000000000e-12,0,3.000000000000e-05,1.000000000000e-05,abs_R26,4.101933866697e-04
epsilon,dt_s,3.000000000000e-12,0,3.000000000000e-05,1.000000000000e-05,difference_from_finest_dt,1.450895595855e-05
epsilon,dt_s,3.000000000000e-12,0,1.000000000000e-05,3.000000000000e-06,scaled_max_error,-8.114406529298e-05
epsilon,dt_s,3.000000000000e-12,0,1.000000000000e-05,3.000000000000e-06,abs_R16,-4.164911898391e-05
epsilon,dt_s,3.000000000000e-12,0,1.000000000000e-05,3.000000000000e-06,abs_R26,4.703090937781e-04
epsilon,dt_s,3.000000000000e-12,0,1.000000000000e-05,3.000000000000e-06,difference_from_finest_dt,0.000000000000e+00
epsilon,dt_s,3.000000000000e-12,0,3.000000000000e-06,1.000000000000e-06,scaled_max_error,-2.050417730055e-04
epsilon,dt_s,3.000000000000e-12,0,3.000000000000e-06,1.000000000000e-06,abs_R16,1.207838543951e-04
epsilon,dt_s,3.000000000000e-12,0,3.000000000000e-06,1.000000000000e-06,abs_R26,-2.206254301209e-03
epsilon,dt_s,3.000000000000e-12,0,3.000000000000e-06,1.000000000000e-06,difference_from_finest_dt,-1.976647978453e-04
epsilon,dt_s,1.000000000000e-11,0,1.000000000000e-01,3.000000000000e-02,scaled_max_error,2.019009241401e+00
epsilon,dt_s,1.000000000000e-11,0,1.000000000000e-01,3.000000000000e-02,abs_R16,2.004953441169e+00
epsilon,dt_s,1.000000000000e-11,0,1.000000000000e-01,3.000000000000e-02,abs_R26,2.001958900573e+00
epsilon,dt_s,1.000000000000e-11,0,1.000000000000e-01,3.000000000000e-02,difference_from_finest_dt,1.008035124672e-02
epsilon,dt_s,1.000000000000e-11,0,3.000000000000e-02,1.000000000000e-02,scaled_max_error,2.089078478651e+00
epsilon,dt_s,1.000000000000e-11,0,3.000000000000e-02,1.000000000000e-02,abs_R16,1.907843453382e+00
epsilon,dt_s,1.000000000000e-11,0,3.000000000000e-02,1.000000000000e-02,abs_R26,1.888484828811e+00
epsilon,dt_s,1.000000000000e-11,0,3.000000000000e-02,1.000000000000e-02,difference_from_finest_dt,5.843344022904e-03
epsilon,dt_s,1.000000000000e-11,0,1.000000000000e-02,3.000000000000e-03,scaled_max_error,1.595523863118e+00
epsilon,dt_s,1.000000000000e-11,0,1.000000000000e-02,3.000000000000e-03,abs_R16,1.379291192650e+00
epsilon,dt_s,1.000000000000e-11,0,1.000000000000e-02,3.000000000000e-03,abs_R26,1.298676548586e+00
epsilon,dt_s,1.000000000000e-11,0,1.000000000000e-02,3.000000000000e-03,difference_from_finest_dt,1.389386439288e-04
epsilon,dt_s,1.000000000000e-11,0,3.000000000000e-03,1.000000000000e-03,scaled_max_error,3.137276747511e-01
epsilon,dt_s,1.000000000000e-11,0,3.000000000000e-03,1.000000000000e-03,abs_R16,4.273228138534e-01
epsilon,dt_s,1.000000000000e-11,0,3.000000000000e-03,1.000000000000e-03,abs_R26,3.670872339427e-01
epsilon,dt_s,1.000000000000e-11,0,3.000000000000e-03,1.000000000000e-03,difference_from_finest_dt,-4.185517679588e-03
epsilon,dt_s,1.000000000000e-11,0,1.000000000000e-03,3.000000000000e-04,scaled_max_error,-7.328412011407e-02
epsilon,dt_s,1.000000000000e-11,0,1.000000000000e-03,3.000000000000e-04,abs_R16,5.862621352849e-02
epsilon,dt_s,1.000000000000e-11,0,1.000000000000e-03,3.000000000000e-04,abs_R26,4.830959374290e-02
epsilon,dt_s,1.000000000000e-11,0,1.000000000000e-03,3.000000000000e-04,difference_from_finest_dt,4.117751616518e-03
epsilon,dt_s,1.000000000000e-11,0,3.000000000000e-04,1.000000000000e-04,scaled_max_error,-7.131050422337e-03
epsilon,dt_s,1.000000000000e-11,0,3.000000000000e-04,1.000000000000e-04,abs_R16,5.870962884288e-03
epsilon,dt_s,1.000000000000e-11,0,3.000000000000e-04,1.000000000000e-04,abs_R26,4.801639737876e-03
epsilon,dt_s,1.000000000000e-11,0,3.000000000000e-04,1.000000000000e-04,difference_from_finest_dt,1.644894953265e-07
epsilon,dt_s,1.000000000000e-11,0,1.000000000000e-04,3.000000000000e-05,scaled_max_error,-7.368621954391e-04
epsilon,dt_s,1.000000000000e-11,0,1.000000000000e-04,3.000000000000e-05,abs_R16,6.097949270074e-04
epsilon,dt_s,1.000000000000e-11,0,1.000000000000e-04,3.000000000000e-05,abs_R26,4.986335300802e-04
epsilon,dt_s,1.000000000000e-11,0,1.000000000000e-04,3.000000000000e-05,difference_from_finest_dt,2.666458154935e-11
epsilon,dt_s,1.000000000000e-11,0,3.000000000000e-05,1.000000000000e-05,scaled_max_error,-7.107308460377e-05
epsilon,dt_s,1.000000000000e-11,0,3.000000000000e-05,1.000000000000e-05,abs_R16,3.667274405042e-04
epsilon,dt_s,1.000000000000e-11,0,3.000000000000e-05,1.000000000000e-05,abs_R26,2.848100640904e-04
epsilon,dt_s,1.000000000000e-11,0,3.000000000000e-05,1.000000000000e-05,difference_from_finest_dt,0.000000000000e+00
epsilon,dt_s,1.000000000000e-11,0,1.000000000000e-05,3.000000000000e-06,scaled_max_error,-7.355753754814e-06
epsilon,dt_s,1.000000000000e-11,0,1.000000000000e-05,3.000000000000e-06,abs_R16,1.629503358101e-03
epsilon,dt_s,1.000000000000e-11,0,1.000000000000e-05,3.000000000000e-06,abs_R26,1.890902678488e-03
epsilon,dt_s,1.000000000000e-11,0,1.000000000000e-05,3.000000000000e-06,difference_from_finest_dt,-2.666458155021e-11
epsilon,dt_s,1.000000000000e-11,0,3.000000000000e-06,1.000000000000e-06,scaled_max_error,-3.130146531776e-04
epsilon,dt_s,1.000000000000e-11,0,3.000000000000e-06,1.000000000000e-06,abs_R16,-5.907694279868e-03
epsilon,dt_s,1.000000000000e-11,0,3.000000000000e-06,1.000000000000e-06,abs_R26,-5.027023760276e-03
epsilon,dt_s,1.000000000000e-11,0,3.000000000000e-06,1.000000000000e-06,difference_from_finest_dt,-3.123396876522e-04
epsilon,dt_s,3.000000000000e-11,0,1.000000000000e-01,3.000000000000e-02,scaled_max_error,2.092434767198e+00
epsilon,dt_s,3.000000000000e-11,0,1.000000000000e-01,3.000000000000e-02,abs_R16,1.928952008646e+00
epsilon,dt_s,3.000000000000e-11,0,1.000000000000e-01,3.000000000000e-02,abs_R26,1.910298084930e+00
epsilon,dt_s,3.000000000000e-11,0,1.000000000000e-01,3.000000000000e-02,difference_from_finest_dt,1.410099059346e-02
epsilon,dt_s,3.000000000000e-11,0,3.000000000000e-02,1.000000000000e-02,scaled_max_error,1.671719348384e+00
epsilon,dt_s,3.000000000000e-11,0,3.000000000000e-02,1.000000000000e-02,abs_R16,1.432892217087e+00
epsilon,dt_s,3.000000000000e-11,0,3.000000000000e-02,1.000000000000e-02,abs_R26,1.353857524377e+00
epsilon,dt_s,3.000000000000e-11,0,3.000000000000e-02,1.000000000000e-02,difference_from_finest_dt,1.255696977044e-03
epsilon,dt_s,3.000000000000e-11,0,1.000000000000e-02,3.000000000000e-03,scaled_max_error,3.621315359390e-01
epsilon,dt_s,3.000000000000e-11,0,1.000000000000e-02,3.000000000000e-03,abs_R16,4.735094882609e-01
epsilon,dt_s,3.000000000000e-11,0,1.000000000000e-02,3.000000000000e-03,abs_R26,4.091618433323e-01
epsilon,dt_s,3.000000000000e-11,0,1.000000000000e-02,3.000000000000e-03,difference_from_finest_dt,-2.971197545571e-04
epsilon,dt_s,3.000000000000e-11,0,3.000000000000e-03,1.000000000000e-03,scaled_max_error,-8.299122100710e-02
epsilon,dt_s,3.000000000000e-11,0,3.000000000000e-03,1.000000000000e-03,abs_R16,6.365348822432e-02
epsilon,dt_s,3.000000000000e-11,0,3.000000000000e-03,1.000000000000e-03,abs_R26,5.241279703232e-02
epsilon,dt_s,3.000000000000e-11,0,3.000000000000e-03,1.000000000000e-03,difference_from_finest_dt,4.461173848163e-04
epsilon,dt_s,3.000000000000e-11,0,1.000000000000e-03,3.000000000000e-04,scaled_max_error,-8.664963889473e-03
epsilon,dt_s,3.000000000000e-11,0,1.000000000000e-03,3.000000000000e-04,abs_R16,6.871765286559e-03
epsilon,dt_s,3.000000000000e-11,0,1.000000000000e-03,3.000000000000e-04,abs_R26,5.618914455029e-03
epsilon,dt_s,3.000000000000e-11,0,1.000000000000e-03,3.000000000000e-04,difference_from_finest_dt,-4.257126094849e-04
epsilon,dt_s,3.000000000000e-11,0,3.000000000000e-04,1.000000000000e-04,scaled_max_error,-7.889641292341e-04
epsilon,dt_s,3.000000000000e-11,0,3.000000000000e-04,1.000000000000e-04,abs_R16,6.651632210354e-04
epsilon,dt_s,3.000000000000e-11,0,3.000000000000e-04,1.000000000000e-04,abs_R26,5.428740019380e-04
epsilon,dt_s,3.000000000000e-11,0,3.000000000000e-04,1.000000000000e-04,difference_from_finest_dt,1.279801330449e-07
epsilon,dt_s,3.000000000000e-11,0,1.000000000000e-04,3.000000000000e-05,scaled_max_error,-8.183612458172e-05
epsilon,dt_s,3.000000000000e-11,0,1.000000000000e-04,3.000000000000e-05,abs_R16,6.973191361595e-05
epsilon,dt_s,3.000000000000e-11,0,1.000000000000e-04,3.000000000000e-05,abs_R26,5.772774435639e-05
epsilon,dt_s,3.000000000000e-11,0,1.000000000000e-04,3.000000000000e-05,difference_from_finest_dt,1.668462352364e-08
epsilon,dt_s,3.000000000000e-11,0,3.000000000000e-05,1.000000000000e-05,scaled_max_error,-7.898393643151e-06
epsilon,dt_s,3.000000000000e-11,0,3.000000000000e-05,1.000000000000e-05,abs_R16,-2.994925882220e-05
epsilon,dt_s,3.000000000000e-11,0,3.000000000000e-05,1.000000000000e-05,abs_R26,-2.257489058239e-05
epsilon,dt_s,3.000000000000e-11,0,3.000000000000e-05,1.000000000000e-05,difference_from_finest_dt,0.000000000000e+00
epsilon,dt_s,3.000000000000e-11,0,1.000000000000e-05,3.000000000000e-06,scaled_max_error,-8.174778574996e-07
epsilon,dt_s,3.000000000000e-11,0,1.000000000000e-05,3.000000000000e-06,abs_R16,-1.558654817370e-02
epsilon,dt_s,3.000000000000e-11,0,1.000000000000e-05,3.000000000000e-06,abs_R26,-1.369818861527e-02
epsilon,dt_s,3.000000000000e-11,0,1.000000000000e-05,3.000000000000e-06,difference_from_finest_dt,0.000000000000e+00
epsilon,dt_s,3.000000000000e-11,0,3.000000000000e-06,1.000000000000e-06,scaled_max_error,-7.313288224199e-08
epsilon,dt_s,3.000000000000e-11,0,3.000000000000e-06,1.000000000000e-06,abs_R16,1.964590182726e-04
epsilon,dt_s,3.000000000000e-11,0,3.000000000000e-06,1.000000000000e-06,abs_R26,2.727047061940e-04
epsilon,dt_s,3.000000000000e-11,0,3.000000000000e-06,1.000000000000e-06,difference_from_finest_dt,0.000000000000e+00
epsilon,dt_s,1.000000000000e-13,1,1.000000000000e-01,3.000000000000e-02,scaled_max_error,4.014673617026e+00
epsilon,dt_s,1.000000000000e-13,1,1.000000000000e-01,3.000000000000e-02,abs_R16,4.031157625191e+00
epsilon,dt_s,1.000000000000e-13,1,1.000000000000e-01,3.000000000000e-02,abs_R26,4.027783705256e+00
epsilon,dt_s,1.000000000000e-13,1,3.000000000000e-02,1.000000000000e-02,scaled_max_error,4.160057673235e+00
epsilon,dt_s,1.000000000000e-13,1,3.000000000000e-02,1.000000000000e-02,abs_R16,3.974671346322e+00
epsilon,dt_s,1.000000000000e-13,1,3.000000000000e-02,1.000000000000e-02,abs_R26,3.660361774402e+00
epsilon,dt_s,1.000000000000e-13,1,1.000000000000e-02,3.000000000000e-03,scaled_max_error,3.846912859545e-01
epsilon,dt_s,1.000000000000e-13,1,1.000000000000e-02,3.000000000000e-03,abs_R16,-5.701224863746e-01
epsilon,dt_s,1.000000000000e-13,1,1.000000000000e-02,3.000000000000e-03,abs_R26,-4.422012754981e-01
epsilon,dt_s,1.000000000000e-13,1,3.000000000000e-03,1.000000000000e-03,scaled_max_error,-5.762523755829e-03
epsilon,dt_s,1.000000000000e-13,1,3.000000000000e-03,1.000000000000e-03,abs_R16,-2.772601712827e-03
epsilon,dt_s,1.000000000000e-13,1,3.000000000000e-03,1.000000000000e-03,abs_R26,2.375771282205e-03
epsilon,dt_s,1.000000000000e-13,1,1.000000000000e-03,3.000000000000e-04,scaled_max_error,-8.449921055413e-04
epsilon,dt_s,1.000000000000e-13,1,1.000000000000e-03,3.000000000000e-04,abs_R16,-9.460175325089e-04
epsilon,dt_s,1.000000000000e-13,1,1.000000000000e-03,3.000000000000e-04,abs_R26,-1.215710519728e-03
epsilon,dt_s,1.000000000000e-13,1,3.000000000000e-04,1.000000000000e-04,scaled_max_error,-2.680162400199e-03
epsilon,dt_s,1.000000000000e-13,1,3.000000000000e-04,1.000000000000e-04,abs_R16,-3.444252521830e-03
epsilon,dt_s,1.000000000000e-13,1,3.000000000000e-04,1.000000000000e-04,abs_R26,-5.383375044941e-02
epsilon,dt_s,1.000000000000e-13,1,1.000000000000e-04,3.000000000000e-05,scaled_max_error,-1.700317749649e-02
epsilon,dt_s,1.000000000000e-13,1,1.000000000000e-04,3.000000000000e-05,abs_R16,-7.255404237294e-03
epsilon,dt_s,1.000000000000e-13,1,1.000000000000e-04,3.000000000000e-05,abs_R26,-3.521520213346e-02
epsilon,dt_s,1.000000000000e-13,1,3.000000000000e-05,1.000000000000e-05,scaled_max_error,1.684644297201e-01
epsilon,dt_s,1.000000000000e-13,1,3.000000000000e-05,1.000000000000e-05,abs_R16,2.193921554104e-01
epsilon,dt_s,1.000000000000e-13,1,3.000000000000e-05,1.000000000000e-05,abs_R26,1.834949747985e+00
epsilon,dt_s,1.000000000000e-13,1,1.000000000000e-05,3.000000000000e-06,scaled_max_error,-5.307307608239e-01
epsilon,dt_s,1.000000000000e-13,1,1.000000000000e-05,3.000000000000e-06,abs_R16,5.320421641672e-01
epsilon,dt_s,1.000000000000e-13,1,1.000000000000e-05,3.000000000000e-06,abs_R26,-1.780266281025e-01
epsilon,dt_s,1.000000000000e-13,1,3.000000000000e-06,1.000000000000e-06,scaled_max_error,-2.728409551826e-01
epsilon,dt_s,1.000000000000e-13,1,3.000000000000e-06,1.000000000000e-06,abs_R16,-1.169627128901e+00
epsilon,dt_s,1.000000000000e-13,1,3.000000000000e-06,1.000000000000e-06,abs_R26,-2.147343104424e+00
epsilon,dt_s,3.000000000000e-13,1,1.000000000000e-01,3.000000000000e-02,scaled_max_error,3.990430184711e+00
epsilon,dt_s,3.000000000000e-13,1,1.000000000000e-01,3.000000000000e-02,abs_R16,4.076362599071e+00
epsilon,dt_s,3.000000000000e-13,1,1.000000000000e-01,3.000000000000e-02,abs_R26,4.084299461166e+00
epsilon,dt_s,3.000000000000e-13,1,1.000000000000e-01,3.000000000000e-02,difference_from_finest_dt,-1.856840043340e-04
epsilon,dt_s,3.000000000000e-13,1,3.000000000000e-02,1.000000000000e-02,scaled_max_error,2.951780283393e+00
epsilon,dt_s,3.000000000000e-13,1,3.000000000000e-02,1.000000000000e-02,abs_R16,2.423399190761e+00
epsilon,dt_s,3.000000000000e-13,1,3.000000000000e-02,1.000000000000e-02,abs_R26,2.189941575850e+00
epsilon,dt_s,3.000000000000e-13,1,3.000000000000e-02,1.000000000000e-02,difference_from_finest_dt,0.000000000000e+00
epsilon,dt_s,3.000000000000e-13,1,1.000000000000e-02,3.000000000000e-03,scaled_max_error,2.768413655762e-01
epsilon,dt_s,3.000000000000e-13,1,1.000000000000e-02,3.000000000000e-03,abs_R16,-1.444915517465e-01
epsilon,dt_s,3.000000000000e-13,1,1.000000000000e-02,3.000000000000e-03,abs_R26,-1.162239650817e-01
epsilon,dt_s,3.000000000000e-13,1,1.000000000000e-02,3.000000000000e-03,difference_from_finest_dt,1.856840043341e-04
epsilon,dt_s,3.000000000000e-13,1,3.000000000000e-03,1.000000000000e-03,scaled_max_error,-1.137762985245e-03
epsilon,dt_s,3.000000000000e-13,1,3.000000000000e-03,1.000000000000e-03,abs_R16,-1.054904553735e-03
epsilon,dt_s,3.000000000000e-13,1,3.000000000000e-03,1.000000000000e-03,abs_R26,1.859241375438e-04
epsilon,dt_s,3.000000000000e-13,1,3.000000000000e-03,1.000000000000e-03,difference_from_finest_dt,2.035010545055e-04
epsilon,dt_s,3.000000000000e-13,1,1.000000000000e-03,3.000000000000e-04,scaled_max_error,3.459213432714e-04
epsilon,dt_s,3.000000000000e-13,1,1.000000000000e-03,3.000000000000e-04,abs_R16,-4.750135177048e-05
epsilon,dt_s,3.000000000000e-13,1,1.000000000000e-03,3.000000000000e-04,abs_R26,-3.340089086868e-03
epsilon,dt_s,3.000000000000e-13,1,1.000000000000e-03,3.000000000000e-04,difference_from_finest_dt,-1.857255174758e-04
epsilon,dt_s,3.000000000000e-13,1,3.000000000000e-04,1.000000000000e-04,scaled_max_error,4.846304862005e-04
epsilon,dt_s,3.000000000000e-13,1,3.000000000000e-04,1.000000000000e-04,abs_R16,2.112506559067e-03
epsilon,dt_s,3.000000000000e-13,1,3.000000000000e-04,1.000000000000e-04,abs_R26,7.300994272742e-03
epsilon,dt_s,3.000000000000e-13,1,3.000000000000e-04,1.000000000000e-04,difference_from_finest_dt,-2.034555601176e-04
epsilon,dt_s,3.000000000000e-13,1,1.000000000000e-04,3.000000000000e-05,scaled_max_error,-1.799711431683e-02
epsilon,dt_s,3.000000000000e-13,1,1.000000000000e-04,3.000000000000e-05,abs_R16,-2.361162081690e-02
epsilon,dt_s,3.000000000000e-13,1,1.000000000000e-04,3.000000000000e-05,abs_R26,-8.195315222924e-02
epsilon,dt_s,3.000000000000e-13,1,1.000000000000e-04,3.000000000000e-05,difference_from_finest_dt,1.856510194748e-04
epsilon,dt_s,3.000000000000e-13,1,3.000000000000e-05,1.000000000000e-05,scaled_max_error,3.622714874333e-02
epsilon,dt_s,3.000000000000e-13,1,3.000000000000e-05,1.000000000000e-05,abs_R16,1.420007231630e-02
epsilon,dt_s,3.000000000000e-13,1,3.000000000000e-05,1.000000000000e-05,abs_R26,-4.196169577104e-02
epsilon,dt_s,3.000000000000e-13,1,3.000000000000e-05,1.000000000000e-05,difference_from_finest_dt,3.614821529254e-08
epsilon,dt_s,3.000000000000e-13,1,1.000000000000e-05,3.000000000000e-06,scaled_max_error,-1.180318116479e-02
epsilon,dt_s,3.000000000000e-13,1,1.000000000000e-05,3.000000000000e-06,abs_R16,4.565223951274e-03
epsilon,dt_s,3.000000000000e-13,1,1.000000000000e-05,3.000000000000e-06,abs_R26,5.970704094128e-02
epsilon,dt_s,3.000000000000e-13,1,1.000000000000e-05,3.000000000000e-06,difference_from_finest_dt,-3.298485930406e-08
epsilon,dt_s,3.000000000000e-13,1,3.000000000000e-06,1.000000000000e-06,scaled_max_error,-1.352991078797e-01
epsilon,dt_s,3.000000000000e-13,1,3.000000000000e-06,1.000000000000e-06,abs_R16,-1.078484371803e-01
epsilon,dt_s,3.000000000000e-13,1,3.000000000000e-06,1.000000000000e-06,abs_R26,-3.394539826476e-01
epsilon,dt_s,3.000000000000e-13,1,3.000000000000e-06,1.000000000000e-06,difference_from_finest_dt,-2.856450445176e-01
epsilon,dt_s,1.000000000000e-12,1,1.000000000000e-01,3.000000000000e-02,scaled_max_error,3.756246315137e+00
epsilon,dt_s,1.000000000000e-12,1,1.000000000000e-01,3.000000000000e-02,abs_R16,4.923508546605e+00
epsilon,dt_s,1.000000000000e-12,1,1.000000000000e-01,3.000000000000e-02,abs_R26,5.482411198151e+00
epsilon,dt_s,1.000000000000e-12,1,1.000000000000e-01,3.000000000000e-02,difference_from_finest_dt,-5.410799224173e-04
epsilon,dt_s,1.000000000000e-12,1,3.000000000000e-02,1.000000000000e-02,scaled_max_error,1.168209643124e+00
epsilon,dt_s,1.000000000000e-12,1,3.000000000000e-02,1.000000000000e-02,abs_R16,-6.220738848593e-01
epsilon,dt_s,1.000000000000e-12,1,3.000000000000e-02,1.000000000000e-02,abs_R26,-1.447280618779e+00
epsilon,dt_s,1.000000000000e-12,1,3.000000000000e-02,1.000000000000e-02,difference_from_finest_dt,1.646759008291e-05
epsilon,dt_s,1.000000000000e-12,1,1.000000000000e-02,3.000000000000e-03,scaled_max_error,2.727641857618e-02
epsilon,dt_s,1.000000000000e-12,1,1.000000000000e-02,3.000000000000e-03,abs_R16,-1.535158368565e-02
epsilon,dt_s,1.000000000000e-12,1,1.000000000000e-02,3.000000000000e-03,abs_R26,-1.232417049977e-02
epsilon,dt_s,1.000000000000e-12,1,1.000000000000e-02,3.000000000000e-03,difference_from_finest_dt,0.000000000000e+00
epsilon,dt_s,1.000000000000e-12,1,3.000000000000e-03,1.000000000000e-03,scaled_max_error,2.317506187095e-04
epsilon,dt_s,1.000000000000e-12,1,3.000000000000e-03,1.000000000000e-03,abs_R16,-1.078713552114e-04
epsilon,dt_s,1.000000000000e-12,1,3.000000000000e-03,1.000000000000e-03,abs_R26,1.549933769558e-05
epsilon,dt_s,1.000000000000e-12,1,3.000000000000e-03,1.000000000000e-03,difference_from_finest_dt,0.000000000000e+00
epsilon,dt_s,1.000000000000e-12,1,1.000000000000e-03,3.000000000000e-04,scaled_max_error,0.000000000000e+00
epsilon,dt_s,1.000000000000e-12,1,1.000000000000e-03,3.000000000000e-04,abs_R16,1.210290165034e-04
epsilon,dt_s,1.000000000000e-12,1,1.000000000000e-03,3.000000000000e-04,abs_R26,2.482544308120e-04
epsilon,dt_s,1.000000000000e-12,1,1.000000000000e-03,3.000000000000e-04,difference_from_finest_dt,-1.502649957283e-05
epsilon,dt_s,1.000000000000e-12,1,3.000000000000e-04,1.000000000000e-04,scaled_max_error,1.655734414237e-05
epsilon,dt_s,1.000000000000e-12,1,3.000000000000e-04,1.000000000000e-04,abs_R16,1.166165498928e-04
epsilon,dt_s,1.000000000000e-12,1,3.000000000000e-04,1.000000000000e-04,abs_R26,-1.071486439409e-04
epsilon,dt_s,1.000000000000e-12,1,3.000000000000e-04,1.000000000000e-04,difference_from_finest_dt,1.646759008291e-05
epsilon,dt_s,1.000000000000e-12,1,1.000000000000e-04,3.000000000000e-05,scaled_max_error,0.000000000000e+00
epsilon,dt_s,1.000000000000e-12,1,1.000000000000e-04,3.000000000000e-05,abs_R16,9.880682104398e-05
epsilon,dt_s,1.000000000000e-12,1,1.000000000000e-04,3.000000000000e-05,abs_R26,2.673988517432e-03
epsilon,dt_s,1.000000000000e-12,1,1.000000000000e-04,3.000000000000e-05,difference_from_finest_dt,0.000000000000e+00
epsilon,dt_s,1.000000000000e-12,1,3.000000000000e-05,1.000000000000e-05,scaled_max_error,0.000000000000e+00
epsilon,dt_s,1.000000000000e-12,1,3.000000000000e-05,1.000000000000e-05,abs_R16,3.044796733615e-04
epsilon,dt_s,1.000000000000e-12,1,3.000000000000e-05,1.000000000000e-05,abs_R26,1.210269383744e-03
epsilon,dt_s,1.000000000000e-12,1,3.000000000000e-05,1.000000000000e-05,difference_from_finest_dt,1.646788801172e-05
epsilon,dt_s,1.000000000000e-12,1,1.000000000000e-05,3.000000000000e-06,scaled_max_error,0.000000000000e+00
epsilon,dt_s,1.000000000000e-12,1,1.000000000000e-05,3.000000000000e-06,abs_R16,-6.881288351393e-03
epsilon,dt_s,1.000000000000e-12,1,1.000000000000e-05,3.000000000000e-06,abs_R26,-2.184251215000e-02
epsilon,dt_s,1.000000000000e-12,1,1.000000000000e-05,3.000000000000e-06,difference_from_finest_dt,-1.502677142965e-05
epsilon,dt_s,1.000000000000e-12,1,3.000000000000e-06,1.000000000000e-06,scaled_max_error,0.000000000000e+00
epsilon,dt_s,1.000000000000e-12,1,3.000000000000e-06,1.000000000000e-06,abs_R16,6.104078896404e-03
epsilon,dt_s,1.000000000000e-12,1,3.000000000000e-06,1.000000000000e-06,abs_R26,1.116747182702e-02
epsilon,dt_s,1.000000000000e-12,1,3.000000000000e-06,1.000000000000e-06,difference_from_finest_dt,0.000000000000e+00
epsilon,dt_s,3.000000000000e-12,1,1.000000000000e-01,3.000000000000e-02,scaled_max_error,2.815251068957e+00
epsilon,dt_s,3.000000000000e-12,1,1.000000000000e-01,3.000000000000e-02,abs_R16,2.658038976157e+00
epsilon,dt_s,3.000000000000e-12,1,1.000000000000e-01,3.000000000000e-02,abs_R26,2.422738522773e+00
epsilon,dt_s,3.000000000000e-12,1,1.000000000000e-01,3.000000000000e-02,difference_from_finest_dt,-1.390999149944e-03
epsilon,dt_s,3.000000000000e-12,1,3.000000000000e-02,1.000000000000e-02,scaled_max_error,2.351598862811e-01
epsilon,dt_s,3.000000000000e-12,1,3.000000000000e-02,1.000000000000e-02,abs_R16,-1.684948543425e-01
epsilon,dt_s,3.000000000000e-12,1,3.000000000000e-02,1.000000000000e-02,abs_R26,-1.324180189237e-01
epsilon,dt_s,3.000000000000e-12,1,3.000000000000e-02,1.000000000000e-02,difference_from_finest_dt,2.466345620150e-04
epsilon,dt_s,3.000000000000e-12,1,1.000000000000e-02,3.000000000000e-03,scaled_max_error,2.766557622674e-03
epsilon,dt_s,3.000000000000e-12,1,1.000000000000e-02,3.000000000000e-03,abs_R16,-1.736144340310e-03
epsilon,dt_s,3.000000000000e-12,1,1.000000000000e-02,3.000000000000e-03,abs_R26,-1.394473131706e-03
epsilon,dt_s,3.000000000000e-12,1,1.000000000000e-02,3.000000000000e-03,difference_from_finest_dt,-2.680689855169e-04
epsilon,dt_s,3.000000000000e-12,1,3.000000000000e-03,1.000000000000e-03,scaled_max_error,7.075587411219e-05
epsilon,dt_s,3.000000000000e-12,1,3.000000000000e-03,1.000000000000e-03,abs_R16,-1.373268831677e-05
epsilon,dt_s,3.000000000000e-12,1,3.000000000000e-03,1.000000000000e-03,abs_R26,-6.098799216474e-06
epsilon,dt_s,3.000000000000e-12,1,3.000000000000e-03,1.000000000000e-03,difference_from_finest_dt,4.533003604139e-05
epsilon,dt_s,3.000000000000e-12,1,1.000000000000e-03,3.000000000000e-04,scaled_max_error,0.000000000000e+00
epsilon,dt_s,3.000000000000e-12,1,1.000000000000e-03,3.000000000000e-04,abs_R16,-6.228613982052e-06
epsilon,dt_s,3.000000000000e-12,1,1.000000000000e-03,3.000000000000e-04,abs_R26,-2.517272836168e-05
epsilon,dt_s,3.000000000000e-12,1,1.000000000000e-03,3.000000000000e-04,difference_from_finest_dt,-1.654707521752e-06
epsilon,dt_s,3.000000000000e-12,1,3.000000000000e-04,1.000000000000e-04,scaled_max_error,2.467809111756e-04
epsilon,dt_s,3.000000000000e-12,1,3.000000000000e-04,1.000000000000e-04,abs_R16,4.902208947119e-06
epsilon,dt_s,3.000000000000e-12,1,3.000000000000e-04,1.000000000000e-04,abs_R26,1.978692499778e-05
epsilon,dt_s,3.000000000000e-12,1,3.000000000000e-04,1.000000000000e-04,difference_from_finest_dt,2.466335792681e-04
epsilon,dt_s,3.000000000000e-12,1,1.000000000000e-04,3.000000000000e-05,scaled_max_error,-2.814716348608e-04
epsilon,dt_s,3.000000000000e-12,1,1.000000000000e-04,3.000000000000e-05,abs_R16,-4.181973930572e-05
epsilon,dt_s,3.000000000000e-12,1,1.000000000000e-04,3.000000000000e-05,abs_R26,-1.635377971358e-04
epsilon,dt_s,3.000000000000e-12,1,1.000000000000e-04,3.000000000000e-05,difference_from_finest_dt,-2.813035977608e-04
epsilon,dt_s,3.000000000000e-12,1,3.000000000000e-05,1.000000000000e-05,scaled_max_error,-3.628386004630e-06
epsilon,dt_s,3.000000000000e-12,1,3.000000000000e-05,1.000000000000e-05,abs_R16,-3.178262081499e-05
epsilon,dt_s,3.000000000000e-12,1,3.000000000000e-05,1.000000000000e-05,abs_R26,7.993497052743e-06
epsilon,dt_s,3.000000000000e-12,1,3.000000000000e-05,1.000000000000e-05,difference_from_finest_dt,-1.812950893397e-06
epsilon,dt_s,3.000000000000e-12,1,1.000000000000e-05,3.000000000000e-06,scaled_max_error,2.235127561321e-04
epsilon,dt_s,3.000000000000e-12,1,1.000000000000e-05,3.000000000000e-06,abs_R16,2.149123186591e-04
epsilon,dt_s,3.000000000000e-12,1,1.000000000000e-05,3.000000000000e-06,abs_R26,1.134957729885e-03
epsilon,dt_s,3.000000000000e-12,1,1.000000000000e-05,3.000000000000e-06,difference_from_finest_dt,2.217247365004e-04
epsilon,dt_s,3.000000000000e-12,1,3.000000000000e-06,1.000000000000e-06,scaled_max_error,-1.796352001982e-04
epsilon,dt_s,3.000000000000e-12,1,3.000000000000e-06,1.000000000000e-06,abs_R16,-2.322970772243e-03
epsilon,dt_s,3.000000000000e-12,1,3.000000000000e-06,1.000000000000e-06,abs_R26,-6.133542758222e-03
epsilon,dt_s,3.000000000000e-12,1,3.000000000000e-06,1.000000000000e-06,difference_from_finest_dt,-1.795279592411e-04
epsilon,dt_s,1.000000000000e-11,1,1.000000000000e-01,3.000000000000e-02,scaled_max_error,1.206157693580e+00
epsilon,dt_s,1.000000000000e-11,1,1.000000000000e-01,3.000000000000e-02,abs_R16,-3.380749578579e-02
epsilon,dt_s,1.000000000000e-11,1,1.000000000000e-01,3.000000000000e-02,abs_R26,-4.951849638506e-01
epsilon,dt_s,1.000000000000e-11,1,1.000000000000e-01,3.000000000000e-02,difference_from_finest_dt,1.721309345807e-03
epsilon,dt_s,1.000000000000e-11,1,3.000000000000e-02,1.000000000000e-02,scaled_max_error,2.813944206159e-02
epsilon,dt_s,1.000000000000e-11,1,3.000000000000e-02,1.000000000000e-02,abs_R16,-1.410710468952e-02
epsilon,dt_s,1.000000000000e-11,1,3.000000000000e-02,1.000000000000e-02,abs_R26,-1.128637477440e-02
epsilon,dt_s,1.000000000000e-11,1,3.000000000000e-02,1.000000000000e-02,difference_from_finest_dt,4.195407903392e-03
epsilon,dt_s,1.000000000000e-11,1,1.000000000000e-02,3.000000000000e-03,scaled_max_error,2.754726471231e-04
epsilon,dt_s,1.000000000000e-11,1,1.000000000000e-02,3.000000000000e-03,abs_R16,-1.582020061850e-04
epsilon,dt_s,1.000000000000e-11,1,1.000000000000e-02,3.000000000000e-03,abs_R26,-1.269858839441e-04
epsilon,dt_s,1.000000000000e-11,1,1.000000000000e-02,3.000000000000e-03,difference_from_finest_dt,0.000000000000e+00
epsilon,dt_s,1.000000000000e-11,1,3.000000000000e-03,1.000000000000e-03,scaled_max_error,-3.781695864478e-03
epsilon,dt_s,1.000000000000e-11,1,3.000000000000e-03,1.000000000000e-03,abs_R16,-9.452775695862e-07
epsilon,dt_s,1.000000000000e-11,1,3.000000000000e-03,1.000000000000e-03,abs_R26,2.874218250428e-07
epsilon,dt_s,1.000000000000e-11,1,3.000000000000e-03,1.000000000000e-03,difference_from_finest_dt,-3.783794503910e-03
epsilon,dt_s,1.000000000000e-11,1,1.000000000000e-03,3.000000000000e-04,scaled_max_error,-1.368212156751e-03
epsilon,dt_s,1.000000000000e-11,1,1.000000000000e-03,3.000000000000e-04,abs_R16,-5.977325613162e-07
epsilon,dt_s,1.000000000000e-11,1,1.000000000000e-03,3.000000000000e-04,abs_R26,-9.969062003429e-07
epsilon,dt_s,1.000000000000e-11,1,1.000000000000e-03,3.000000000000e-04,difference_from_finest_dt,-1.368287900441e-03
epsilon,dt_s,1.000000000000e-11,1,3.000000000000e-04,1.000000000000e-04,scaled_max_error,5.595783009453e-03
epsilon,dt_s,1.000000000000e-11,1,3.000000000000e-04,1.000000000000e-04,abs_R16,2.197844543601e-06
epsilon,dt_s,1.000000000000e-11,1,3.000000000000e-04,1.000000000000e-04,abs_R26,3.462248534696e-06
epsilon,dt_s,1.000000000000e-11,1,3.000000000000e-04,1.000000000000e-04,difference_from_finest_dt,5.595480892330e-03
epsilon,dt_s,1.000000000000e-11,1,1.000000000000e-04,3.000000000000e-05,scaled_max_error,-3.798575696626e-04
epsilon,dt_s,1.000000000000e-11,1,1.000000000000e-04,3.000000000000e-05,abs_R16,-6.995506028201e-06
epsilon,dt_s,1.000000000000e-11,1,1.000000000000e-04,3.000000000000e-05,abs_R26,-2.871872009300e-05
epsilon,dt_s,1.000000000000e-11,1,1.000000000000e-04,3.000000000000e-05,difference_from_finest_dt,-3.798370027011e-04
epsilon,dt_s,1.000000000000e-11,1,3.000000000000e-05,1.000000000000e-05,scaled_max_error,4.162871543570e-04
epsilon,dt_s,1.000000000000e-11,1,3.000000000000e-05,1.000000000000e-05,abs_R16,3.089590150369e-04
epsilon,dt_s,1.000000000000e-11,1,3.000000000000e-05,1.000000000000e-05,abs_R26,2.897125963550e-04
epsilon,dt_s,1.000000000000e-11,1,3.000000000000e-05,1.000000000000e-05,difference_from_finest_dt,4.164291336735e-04
epsilon,dt_s,1.000000000000e-11,1,1.000000000000e-05,3.000000000000e-06,scaled_max_error,-3.798575696626e-04
epsilon,dt_s,1.000000000000e-11,1,1.000000000000e-05,3.000000000000e-06,abs_R16,-8.136825348737e-03
epsilon,dt_s,1.000000000000e-11,1,1.000000000000e-05,3.000000000000e-06,abs_R26,-7.014414959043e-03
epsilon,dt_s,1.000000000000e-11,1,1.000000000000e-05,3.000000000000e-06,difference_from_finest_dt,-3.799871242683e-04
epsilon,dt_s,1.000000000000e-11,1,3.000000000000e-06,1.000000000000e-06,scaled_max_error,1.040950519426e-04
epsilon,dt_s,1.000000000000e-11,1,3.000000000000e-06,1.000000000000e-06,abs_R16,5.059027829686e-03
epsilon,dt_s,1.000000000000e-11,1,3.000000000000e-06,1.000000000000e-06,abs_R26,4.847092158164e-03
epsilon,dt_s,1.000000000000e-11,1,3.000000000000e-06,1.000000000000e-06,difference_from_finest_dt,1.040894167994e-04
epsilon,dt_s,3.000000000000e-11,1,1.000000000000e-01,3.000000000000e-02,scaled_max_error,2.636953744934e-01
epsilon,dt_s,3.000000000000e-11,1,1.000000000000e-01,3.000000000000e-02,abs_R16,-2.043937233712e-01
epsilon,dt_s,3.000000000000e-11,1,1.000000000000e-01,3.000000000000e-02,abs_R26,-1.576945341577e-01
epsilon,dt_s,3.000000000000e-11,1,1.000000000000e-01,3.000000000000e-02,difference_from_finest_dt,-4.311194869268e-04
epsilon,dt_s,3.000000000000e-11,1,3.000000000000e-02,1.000000000000e-02,scaled_max_error,2.755324892005e-03
epsilon,dt_s,3.000000000000e-11,1,3.000000000000e-02,1.000000000000e-02,abs_R16,-1.585263860810e-03
epsilon,dt_s,3.000000000000e-11,1,3.000000000000e-02,1.000000000000e-02,abs_R26,-1.273772565194e-03
epsilon,dt_s,3.000000000000e-11,1,3.000000000000e-02,1.000000000000e-02,difference_from_finest_dt,4.734159290235e-05
epsilon,dt_s,3.000000000000e-11,1,1.000000000000e-02,3.000000000000e-03,scaled_max_error,-4.386457590370e-04
epsilon,dt_s,3.000000000000e-11,1,1.000000000000e-02,3.000000000000e-03,abs_R16,-1.357931819398e-05
epsilon,dt_s,3.000000000000e-11,1,1.000000000000e-02,3.000000000000e-03,abs_R26,-5.616249010263e-06
epsilon,dt_s,3.000000000000e-11,1,1.000000000000e-02,3.000000000000e-03,difference_from_finest_dt,-4.692898515284e-04
epsilon,dt_s,3.000000000000e-11,1,3.000000000000e-03,1.000000000000e-03,scaled_max_error,4.798352773039e-04
epsilon,dt_s,3.000000000000e-11,1,3.000000000000e-03,1.000000000000e-03,abs_R16,-3.530826080320e-06
epsilon,dt_s,3.000000000000e-11,1,3.000000000000e-03,1.000000000000e-03,abs_R26,-6.847040343815e-06
epsilon,dt_s,3.000000000000e-11,1,3.000000000000e-03,1.000000000000e-03,difference_from_finest_dt,4.795764378670e-04
epsilon,dt_s,3.000000000000e-11,1,1.000000000000e-03,3.000000000000e-04,scaled_max_error,-4.270338837570e-04
epsilon,dt_s,3.000000000000e-11,1,1.000000000000e-03,3.000000000000e-04,abs_R16,1.739194328691e-07
epsilon,dt_s,3.000000000000e-11,1,1.000000000000e-03,3.000000000000e-04,abs_R26,-2.728820387120e-07
epsilon,dt_s,3.000000000000e-11,1,1.000000000000e-03,3.000000000000e-04,difference_from_finest_dt,-4.270480059968e-04
epsilon,dt_s,3.000000000000e-11,1,3.000000000000e-04,1.000000000000e-04,scaled_max_error,6.703632949680e-04
epsilon,dt_s,3.000000000000e-11,1,3.000000000000e-04,1.000000000000e-04,abs_R16,3.568624205986e-06
epsilon,dt_s,3.000000000000e-11,1,3.000000000000e-04,1.000000000000e-04,abs_R26,6.093787922647e-06
epsilon,dt_s,3.000000000000e-11,1,3.000000000000e-04,1.000000000000e-04,difference_from_finest_dt,6.703592585869e-04
epsilon,dt_s,3.000000000000e-11,1,1.000000000000e-04,3.000000000000e-05,scaled_max_error,-4.227201126751e-05
epsilon,dt_s,3.000000000000e-11,1,1.000000000000e-04,3.000000000000e-05,abs_R16,4.206573774665e-05
epsilon,dt_s,3.000000000000e-11,1,1.000000000000e-04,3.000000000000e-05,abs_R26,3.424680103429e-05
epsilon,dt_s,3.000000000000e-11,1,1.000000000000e-04,3.000000000000e-05,difference_from_finest_dt,-4.227175665262e-05
epsilon,dt_s,3.000000000000e-11,1,3.000000000000e-05,1.000000000000e-05,scaled_max_error,-2.881740989593e-01
epsilon,dt_s,3.000000000000e-11,1,3.000000000000e-05,1.000000000000e-05,abs_R16,-8.473685154845e-05
epsilon,dt_s,3.000000000000e-11,1,3.000000000000e-05,1.000000000000e-05,abs_R26,-9.425296596721e-05
epsilon,dt_s,3.000000000000e-11,1,3.000000000000e-05,1.000000000000e-05,difference_from_finest_dt,-2.881709380786e-01
epsilon,dt_s,3.000000000000e-11,1,1.000000000000e-05,3.000000000000e-06,scaled_max_error,2.623863514655e-01
epsilon,dt_s,3.000000000000e-11,1,1.000000000000e-05,3.000000000000e-06,abs_R16,-1.559009274977e-02
epsilon,dt_s,3.000000000000e-11,1,1.000000000000e-05,3.000000000000e-06,abs_R26,-1.366708483304e-02
epsilon,dt_s,3.000000000000e-11,1,1.000000000000e-05,3.000000000000e-06,difference_from_finest_dt,2.623834706243e-01
epsilon,dt_s,3.000000000000e-11,1,3.000000000000e-06,1.000000000000e-06,scaled_max_error,0.000000000000e+00
epsilon,dt_s,3.000000000000e-11,1,3.000000000000e-06,1.000000000000e-06,abs_R16,-3.321344609286e-04
epsilon,dt_s,3.000000000000e-11,1,3.000000000000e-06,1.000000000000e-06,abs_R26,-3.904517502319e-04
epsilon,dt_s,3.000000000000e-11,1,3.000000000000e-06,1.000000000000e-06,difference_from_finest_dt,0.000000000000e+00
epsilon,dt_s,1.000000000000e-13,2,1.000000000000e-01,3.000000000000e-02,scaled_max_error,2.334511952357e+00
epsilon,dt_s,1.000000000000e-13,2,1.000000000000e-01,3.000000000000e-02,abs_R16,1.250414766959e+00
epsilon,dt_s,1.000000000000e-13,2,1.000000000000e-01,3.000000000000e-02,abs_R26,4.896343125185e-01
epsilon,dt_s,1.000000000000e-13,2,3.000000000000e-02,1.000000000000e-02,scaled_max_error,4.982316330442e-03
epsilon,dt_s,1.000000000000e-13,2,3.000000000000e-02,1.000000000000e-02,abs_R16,2.916724834416e-03
epsilon,dt_s,1.000000000000e-13,2,3.000000000000e-02,1.000000000000e-02,abs_R26,8.718900998481e-04
epsilon,dt_s,1.000000000000e-13,2,1.000000000000e-02,3.000000000000e-03,scaled_max_error,1.520989853528e-03
epsilon,dt_s,1.000000000000e-13,2,1.000000000000e-02,3.000000000000e-03,abs_R16,1.256727663400e-03
epsilon,dt_s,1.000000000000e-13,2,1.000000000000e-02,3.000000000000e-03,abs_R26,5.845161171335e-03
epsilon,dt_s,1.000000000000e-13,2,3.000000000000e-03,1.000000000000e-03,scaled_max_error,1.205744027343e-03
epsilon,dt_s,1.000000000000e-13,2,3.000000000000e-03,1.000000000000e-03,abs_R16,-4.801091929122e-03
epsilon,dt_s,1.000000000000e-13,2,3.000000000000e-03,1.000000000000e-03,abs_R26,-1.730476193906e-02
epsilon,dt_s,1.000000000000e-13,2,1.000000000000e-03,3.000000000000e-04,scaled_max_error,9.625371832374e-03
epsilon,dt_s,1.000000000000e-13,2,1.000000000000e-03,3.000000000000e-04,abs_R16,1.284388326856e-02
epsilon,dt_s,1.000000000000e-13,2,1.000000000000e-03,3.000000000000e-04,abs_R26,4.435027070005e-02
epsilon,dt_s,1.000000000000e-13,2,3.000000000000e-04,1.000000000000e-04,scaled_max_error,5.236764908198e-02
epsilon,dt_s,1.000000000000e-13,2,3.000000000000e-04,1.000000000000e-04,abs_R16,2.072951917817e-02
epsilon,dt_s,1.000000000000e-13,2,3.000000000000e-04,1.000000000000e-04,abs_R26,-5.625273852934e-03
epsilon,dt_s,1.000000000000e-13,2,1.000000000000e-04,3.000000000000e-05,scaled_max_error,-1.999452217403e-02
epsilon,dt_s,1.000000000000e-13,2,1.000000000000e-04,3.000000000000e-05,abs_R16,-8.171226443547e-02
epsilon,dt_s,1.000000000000e-13,2,1.000000000000e-04,3.000000000000e-05,abs_R26,2.623515224469e-02
epsilon,dt_s,1.000000000000e-13,2,3.000000000000e-05,1.000000000000e-05,scaled_max_error,-3.616783796159e-01
epsilon,dt_s,1.000000000000e-13,2,3.000000000000e-05,1.000000000000e-05,abs_R16,-1.083544994653e-01
epsilon,dt_s,1.000000000000e-13,2,3.000000000000e-05,1.000000000000e-05,abs_R26,-4.936063210566e-01
epsilon,dt_s,1.000000000000e-13,2,1.000000000000e-05,3.000000000000e-06,scaled_max_error,-2.969311786382e-01
epsilon,dt_s,1.000000000000e-13,2,1.000000000000e-05,3.000000000000e-06,abs_R16,3.055394130958e-02
epsilon,dt_s,1.000000000000e-13,2,1.000000000000e-05,3.000000000000e-06,abs_R26,1.967852328448e-01
epsilon,dt_s,1.000000000000e-13,2,3.000000000000e-06,1.000000000000e-06,scaled_max_error,-1.749629401675e+00
epsilon,dt_s,1.000000000000e-13,2,3.000000000000e-06,1.000000000000e-06,abs_R16,-1.258548630353e+00
epsilon,dt_s,1.000000000000e-13,2,3.000000000000e-06,1.000000000000e-06,abs_R26,5.620283652648e-01
epsilon,dt_s,3.000000000000e-13,2,1.000000000000e-01,3.000000000000e-02,scaled_max_error,8.448486159738e-01
epsilon,dt_s,3.000000000000e-13,2,1.000000000000e-01,3.000000000000e-02,abs_R16,6.287081392715e-01
epsilon,dt_s,3.000000000000e-13,2,1.000000000000e-01,3.000000000000e-02,abs_R26,1.886394805506e-01
epsilon,dt_s,3.000000000000e-13,2,1.000000000000e-01,3.000000000000e-02,difference_from_finest_dt,3.713765369505e-04
epsilon,dt_s,3.000000000000e-13,2,3.000000000000e-02,1.000000000000e-02,scaled_max_error,1.031114015520e-03
epsilon,dt_s,3.000000000000e-13,2,3.000000000000e-02,1.000000000000e-02,abs_R16,8.665699087139e-04
epsilon,dt_s,3.000000000000e-13,2,3.000000000000e-02,1.000000000000e-02,abs_R26,5.993151883118e-04
epsilon,dt_s,3.000000000000e-13,2,3.000000000000e-02,1.000000000000e-02,difference_from_finest_dt,-2.035372027209e-04
epsilon,dt_s,3.000000000000e-13,2,1.000000000000e-02,3.000000000000e-03,scaled_max_error,3.842497638151e-05
epsilon,dt_s,3.000000000000e-13,2,1.000000000000e-02,3.000000000000e-03,abs_R16,-1.733864950433e-04
epsilon,dt_s,3.000000000000e-13,2,1.000000000000e-02,3.000000000000e-03,abs_R26,-4.889637198051e-04
epsilon,dt_s,3.000000000000e-13,2,1.000000000000e-02,3.000000000000e-03,difference_from_finest_dt,-1.856510194748e-04
epsilon,dt_s,3.000000000000e-13,2,3.000000000000e-03,1.000000000000e-03,scaled_max_error,2.948296389317e-04
epsilon,dt_s,3.000000000000e-13,2,3.000000000000e-03,1.000000000000e-03,abs_R16,1.135023905182e-03
epsilon,dt_s,3.000000000000e-13,2,3.000000000000e-03,1.000000000000e-03,abs_R26,3.349406270680e-03
epsilon,dt_s,3.000000000000e-13,2,3.000000000000e-03,1.000000000000e-03,difference_from_finest_dt,0.000000000000e+00
epsilon,dt_s,3.000000000000e-13,2,1.000000000000e-03,3.000000000000e-04,scaled_max_error,-5.763874656422e-04
epsilon,dt_s,3.000000000000e-13,2,1.000000000000e-03,3.000000000000e-04,abs_R16,-1.248639449970e-03
epsilon,dt_s,3.000000000000e-13,2,1.000000000000e-03,3.000000000000e-04,abs_R26,-5.517801837711e-03
epsilon,dt_s,3.000000000000e-13,2,1.000000000000e-03,3.000000000000e-04,difference_from_finest_dt,1.856510194748e-04
epsilon,dt_s,3.000000000000e-13,2,3.000000000000e-04,1.000000000000e-04,scaled_max_error,-1.367105386062e-03
epsilon,dt_s,3.000000000000e-13,2,3.000000000000e-04,1.000000000000e-04,abs_R16,-5.554962573683e-03
epsilon,dt_s,3.000000000000e-13,2,3.000000000000e-04,1.000000000000e-04,abs_R26,-9.897352773461e-03
epsilon,dt_s,3.000000000000e-13,2,3.000000000000e-04,1.000000000000e-04,difference_from_finest_dt,0.000000000000e+00
epsilon,dt_s,3.000000000000e-13,2,1.000000000000e-04,3.000000000000e-05,scaled_max_error,7.290629229951e-04
epsilon,dt_s,3.000000000000e-13,2,1.000000000000e-04,3.000000000000e-05,abs_R16,2.238524809592e-02
epsilon,dt_s,3.000000000000e-13,2,1.000000000000e-04,3.000000000000e-05,abs_R26,4.577665352335e-02
epsilon,dt_s,3.000000000000e-13,2,1.000000000000e-04,3.000000000000e-05,difference_from_finest_dt,0.000000000000e+00
epsilon,dt_s,3.000000000000e-13,2,3.000000000000e-05,1.000000000000e-05,scaled_max_error,2.085137260252e-02
epsilon,dt_s,3.000000000000e-13,2,3.000000000000e-05,1.000000000000e-05,abs_R16,2.526942733265e-02
epsilon,dt_s,3.000000000000e-13,2,3.000000000000e-05,1.000000000000e-05,abs_R26,2.228231734207e-01
epsilon,dt_s,3.000000000000e-13,2,3.000000000000e-05,1.000000000000e-05,difference_from_finest_dt,0.000000000000e+00
epsilon,dt_s,3.000000000000e-13,2,1.000000000000e-05,3.000000000000e-06,scaled_max_error,-6.173031953578e-02
epsilon,dt_s,3.000000000000e-13,2,1.000000000000e-05,3.000000000000e-06,abs_R16,-1.006680257991e-02
epsilon,dt_s,3.000000000000e-13,2,1.000000000000e-05,3.000000000000e-06,abs_R26,-8.649493327987e-02
epsilon,dt_s,3.000000000000e-13,2,1.000000000000e-05,3.000000000000e-06,difference_from_finest_dt,0.000000000000e+00
epsilon,dt_s,3.000000000000e-13,2,3.000000000000e-06,1.000000000000e-06,scaled_max_error,-8.845098061713e-02
epsilon,dt_s,3.000000000000e-13,2,3.000000000000e-06,1.000000000000e-06,abs_R16,-2.835074647198e-01
epsilon,dt_s,3.000000000000e-13,2,3.000000000000e-06,1.000000000000e-06,abs_R26,-8.709818354116e-01
epsilon,dt_s,3.000000000000e-13,2,3.000000000000e-06,1.000000000000e-06,difference_from_finest_dt,-6.043657680698e-01
epsilon,dt_s,1.000000000000e-12,2,1.000000000000e-01,3.000000000000e-02,scaled_max_error,-9.482016958898e-02
epsilon,dt_s,1.000000000000e-12,2,1.000000000000e-01,3.000000000000e-02,abs_R16,1.014992702638e-01
epsilon,dt_s,1.000000000000e-12,2,1.000000000000e-01,3.000000000000e-02,abs_R26,2.355211753774e-02
epsilon,dt_s,1.000000000000e-12,2,1.000000000000e-01,3.000000000000e-02,difference_from_finest_dt,-1.051824320809e-04
epsilon,dt_s,1.000000000000e-12,2,3.000000000000e-02,1.000000000000e-02,scaled_max_error,-1.821330170305e-04
epsilon,dt_s,1.000000000000e-12,2,3.000000000000e-02,1.000000000000e-02,abs_R16,9.211718074412e-05
epsilon,dt_s,1.000000000000e-12,2,3.000000000000e-02,1.000000000000e-02,abs_R26,1.635213707151e-05
epsilon,dt_s,1.000000000000e-12,2,3.000000000000e-02,1.000000000000e-02,difference_from_finest_dt,0.000000000000e+00
epsilon,dt_s,1.000000000000e-12,2,1.000000000000e-02,3.000000000000e-03,scaled_max_error,-1.510839919074e-05
epsilon,dt_s,1.000000000000e-12,2,1.000000000000e-02,3.000000000000e-03,abs_R16,3.334723187654e-05
epsilon,dt_s,1.000000000000e-12,2,1.000000000000e-02,3.000000000000e-03,abs_R26,1.017868515415e-04
epsilon,dt_s,1.000000000000e-12,2,1.000000000000e-02,3.000000000000e-03,difference_from_finest_dt,-1.502649957283e-05
epsilon,dt_s,1.000000000000e-12,2,3.000000000000e-03,1.000000000000e-03,scaled_max_error,1.655734414237e-05
epsilon,dt_s,1.000000000000e-12,2,3.000000000000e-03,1.000000000000e-03,abs_R16,-8.689544905984e-06
epsilon,dt_s,1.000000000000e-12,2,3.000000000000e-03,1.000000000000e-03,abs_R26,-1.275945539478e-04
epsilon,dt_s,1.000000000000e-12,2,3.000000000000e-03,1.000000000000e-03,difference_from_finest_dt,1.646759008291e-05
epsilon,dt_s,1.000000000000e-12,2,1.000000000000e-03,3.000000000000e-04,scaled_max_error,-1.510839919074e-05
epsilon,dt_s,1.000000000000e-12,2,1.000000000000e-03,3.000000000000e-04,abs_R16,1.264809748728e-04
epsilon,dt_s,1.000000000000e-12,2,1.000000000000e-03,3.000000000000e-04,abs_R26,8.910203102340e-04
epsilon,dt_s,1.000000000000e-12,2,1.000000000000e-03,3.000000000000e-04,difference_from_finest_dt,-1.502649957283e-05
epsilon,dt_s,1.000000000000e-12,2,3.000000000000e-04,1.000000000000e-04,scaled_max_error,1.655734414237e-05
epsilon,dt_s,1.000000000000e-12,2,3.000000000000e-04,1.000000000000e-04,abs_R16,-7.559134400960e-04
epsilon,dt_s,1.000000000000e-12,2,3.000000000000e-04,1.000000000000e-04,abs_R26,-1.080463935358e-03
epsilon,dt_s,1.000000000000e-12,2,3.000000000000e-04,1.000000000000e-04,difference_from_finest_dt,1.646759008291e-05
epsilon,dt_s,1.000000000000e-12,2,1.000000000000e-04,3.000000000000e-05,scaled_max_error,-1.510839919074e-05
epsilon,dt_s,1.000000000000e-12,2,1.000000000000e-04,3.000000000000e-05,abs_R16,1.774170721993e-03
epsilon,dt_s,1.000000000000e-12,2,1.000000000000e-04,3.000000000000e-05,abs_R26,8.044483638989e-03
epsilon,dt_s,1.000000000000e-12,2,1.000000000000e-04,3.000000000000e-05,difference_from_finest_dt,-1.502649957283e-05
epsilon,dt_s,1.000000000000e-12,2,3.000000000000e-05,1.000000000000e-05,scaled_max_error,0.000000000000e+00
epsilon,dt_s,1.000000000000e-12,2,3.000000000000e-05,1.000000000000e-05,abs_R16,-5.027432600185e-03
epsilon,dt_s,1.000000000000e-12,2,3.000000000000e-05,1.000000000000e-05,abs_R26,-3.646003930358e-02
epsilon,dt_s,1.000000000000e-12,2,3.000000000000e-05,1.000000000000e-05,difference_from_finest_dt,0.000000000000e+00
epsilon,dt_s,1.000000000000e-12,2,1.000000000000e-05,3.000000000000e-06,scaled_max_error,0.000000000000e+00
epsilon,dt_s,1.000000000000e-12,2,1.000000000000e-05,3.000000000000e-06,abs_R16,1.360054593426e-02
epsilon,dt_s,1.000000000000e-12,2,1.000000000000e-05,3.000000000000e-06,abs_R26,9.395617282760e-02
epsilon,dt_s,1.000000000000e-12,2,1.000000000000e-05,3.000000000000e-06,difference_from_finest_dt,0.000000000000e+00
epsilon,dt_s,1.000000000000e-12,2,3.000000000000e-06,1.000000000000e-06,scaled_max_error,1.655734414237e-05
epsilon,dt_s,1.000000000000e-12,2,3.000000000000e-06,1.000000000000e-06,abs_R16,-5.466318244017e-02
epsilon,dt_s,1.000000000000e-12,2,3.000000000000e-06,1.000000000000e-06,abs_R26,-3.039921169246e-01
epsilon,dt_s,1.000000000000e-12,2,3.000000000000e-06,1.000000000000e-06,difference_from_finest_dt,1.646759008291e-05
epsilon,dt_s,3.000000000000e-12,2,1.000000000000e-01,3.000000000000e-02,scaled_max_error,-2.670676815975e-02
epsilon,dt_s,3.000000000000e-12,2,1.000000000000e-01,3.000000000000e-02,abs_R16,1.224197713639e-02
epsilon,dt_s,3.000000000000e-12,2,1.000000000000e-01,3.000000000000e-02,abs_R26,2.725318444246e-03
epsilon,dt_s,3.000000000000e-12,2,1.000000000000e-01,3.000000000000e-02,difference_from_finest_dt,4.335108545252e-04
epsilon,dt_s,3.000000000000e-12,2,3.000000000000e-02,1.000000000000e-02,scaled_max_error,-3.556512998984e-04
epsilon,dt_s,3.000000000000e-12,2,3.000000000000e-02,1.000000000000e-02,abs_R16,1.099586734085e-05
epsilon,dt_s,3.000000000000e-12,2,3.000000000000e-02,1.000000000000e-02,abs_R26,3.548925229282e-06
epsilon,dt_s,3.000000000000e-12,2,3.000000000000e-02,1.000000000000e-02,difference_from_finest_dt,-3.354873517189e-04
epsilon,dt_s,3.000000000000e-12,2,1.000000000000e-02,3.000000000000e-03,scaled_max_error,5.628658438775e-05
epsilon,dt_s,3.000000000000e-12,2,1.000000000000e-02,3.000000000000e-03,abs_R16,-1.814106575277e-06
epsilon,dt_s,3.000000000000e-12,2,1.000000000000e-02,3.000000000000e-03,abs_R26,-8.482532600884e-06
epsilon,dt_s,3.000000000000e-12,2,1.000000000000e-02,3.000000000000e-03,difference_from_finest_dt,5.625298620931e-05
epsilon,dt_s,3.000000000000e-12,2,3.000000000000e-03,1.000000000000e-03,scaled_max_error,1.814478901681e-06
epsilon,dt_s,3.000000000000e-12,2,3.000000000000e-03,1.000000000000e-03,abs_R16,-4.778324153301e-06
epsilon,dt_s,3.000000000000e-12,2,3.000000000000e-03,1.000000000000e-03,abs_R26,-7.109122410487e-06
epsilon,dt_s,3.000000000000e-12,2,3.000000000000e-03,1.000000000000e-03,difference_from_finest_dt,1.813395778289e-06
epsilon,dt_s,3.000000000000e-12,2,1.000000000000e-03,3.000000000000e-04,scaled_max_error,1.821107148985e-05
epsilon,dt_s,3.000000000000e-12,2,1.000000000000e-03,3.000000000000e-04,abs_R16,5.697128060812e-06
epsilon,dt_s,3.000000000000e-12,2,1.000000000000e-03,3.000000000000e-04,abs_R26,-1.648682565491e-05
epsilon,dt_s,3.000000000000e-12,2,1.000000000000e-03,3.000000000000e-04,difference_from_finest_dt,1.820020056066e-05
epsilon,dt_s,3.000000000000e-12,2,3.000000000000e-04,1.000000000000e-04,scaled_max_error,-8.164234796192e-05
epsilon,dt_s,3.000000000000e-12,2,3.000000000000e-04,1.000000000000e-04,abs_R16,2.017708984281e-05
epsilon,dt_s,3.000000000000e-12,2,3.000000000000e-04,1.000000000000e-04,abs_R26,7.751555275809e-05
epsilon,dt_s,3.000000000000e-12,2,3.000000000000e-04,1.000000000000e-04,difference_from_finest_dt,-8.159361397443e-05
epsilon,dt_s,3.000000000000e-12,2,1.000000000000e-04,3.000000000000e-05,scaled_max_error,5.959779752953e-05
epsilon,dt_s,3.000000000000e-12,2,1.000000000000e-04,3.000000000000e-05,abs_R16,-2.781687271451e-06
epsilon,dt_s,3.000000000000e-12,2,1.000000000000e-04,3.000000000000e-05,abs_R26,-8.693898471765e-05
epsilon,dt_s,3.000000000000e-12,2,1.000000000000e-04,3.000000000000e-05,difference_from_finest_dt,5.956222270409e-05
epsilon,dt_s,3.000000000000e-12,2,3.000000000000e-05,1.000000000000e-05,scaled_max_error,1.995765243538e-05
epsilon,dt_s,3.000000000000e-12,2,3.000000000000e-05,1.000000000000e-05,abs_R16,-5.892804911657e-04
epsilon,dt_s,3.000000000000e-12,2,3.000000000000e-05,1.000000000000e-05,abs_R26,-1.354512882036e-03
epsilon,dt_s,3.000000000000e-12,2,3.000000000000e-05,1.000000000000e-05,difference_from_finest_dt,1.994573885349e-05
epsilon,dt_s,3.000000000000e-12,2,1.000000000000e-05,3.000000000000e-06,scaled_max_error,-9.270786986850e-05
epsilon,dt_s,3.000000000000e-12,2,1.000000000000e-05,3.000000000000e-06,abs_R16,9.951374415073e-04
epsilon,dt_s,3.000000000000e-12,2,1.000000000000e-05,3.000000000000e-06,abs_R26,1.442864223211e-03
epsilon,dt_s,3.000000000000e-12,2,1.000000000000e-05,3.000000000000e-06,difference_from_finest_dt,-9.265253103046e-05
epsilon,dt_s,3.000000000000e-12,2,3.000000000000e-06,1.000000000000e-06,scaled_max_error,3.610904246994e-04
epsilon,dt_s,3.000000000000e-12,2,3.000000000000e-06,1.000000000000e-06,abs_R16,-1.745454252429e-03
epsilon,dt_s,3.000000000000e-12,2,3.000000000000e-06,1.000000000000e-06,abs_R26,-2.260600458468e-03
epsilon,dt_s,3.000000000000e-12,2,3.000000000000e-06,1.000000000000e-06,difference_from_finest_dt,3.608748532328e-04
epsilon,dt_s,1.000000000000e-11,2,1.000000000000e-01,3.000000000000e-02,scaled_max_error,-2.268078458743e-03
epsilon,dt_s,1.000000000000e-11,2,1.000000000000e-01,3.000000000000e-02,abs_R16,3.606823613607e-04
epsilon,dt_s,1.000000000000e-11,2,1.000000000000e-01,3.000000000000e-02,abs_R26,-6.395824641952e-04
epsilon,dt_s,1.000000000000e-11,2,1.000000000000e-01,3.000000000000e-02,difference_from_finest_dt,1.618457112295e-04
epsilon,dt_s,1.000000000000e-11,2,3.000000000000e-02,1.000000000000e-02,scaled_max_error,-1.811872823307e-03
epsilon,dt_s,1.000000000000e-11,2,3.000000000000e-02,1.000000000000e-02,abs_R16,9.874855669777e-07
epsilon,dt_s,1.000000000000e-11,2,3.000000000000e-02,1.000000000000e-02,abs_R26,2.666008210108e-07
epsilon,dt_s,1.000000000000e-11,2,3.000000000000e-02,1.000000000000e-02,difference_from_finest_dt,-1.809961189290e-03
epsilon,dt_s,1.000000000000e-11,2,1.000000000000e-02,3.000000000000e-03,scaled_max_error,-4.504011280918e-07
epsilon,dt_s,1.000000000000e-11,2,1.000000000000e-02,3.000000000000e-03,abs_R16,4.751246307922e-07
epsilon,dt_s,1.000000000000e-11,2,1.000000000000e-02,3.000000000000e-03,abs_R26,1.361559289366e-06
epsilon,dt_s,1.000000000000e-11,2,1.000000000000e-02,3.000000000000e-03,difference_from_finest_dt,-4.503767324975e-07
epsilon,dt_s,1.000000000000e-11,2,3.000000000000e-03,1.000000000000e-03,scaled_max_error,-4.781037987056e-03
epsilon,dt_s,1.000000000000e-11,2,3.000000000000e-03,1.000000000000e-03,abs_R16,2.615315626546e-07
epsilon,dt_s,1.000000000000e-11,2,3.000000000000e-03,1.000000000000e-03,abs_R26,3.846283134523e-07
epsilon,dt_s,1.000000000000e-11,2,3.000000000000e-03,1.000000000000e-03,difference_from_finest_dt,-4.780779705263e-03
epsilon,dt_s,1.000000000000e-11,2,1.000000000000e-03,3.000000000000e-04,scaled_max_error,5.951424535577e-03
epsilon,dt_s,1.000000000000e-11,2,1.000000000000e-03,3.000000000000e-04,abs_R16,-4.927300316129e-07
epsilon,dt_s,1.000000000000e-11,2,1.000000000000e-03,3.000000000000e-04,abs_R26,-4.469612652979e-10
epsilon,dt_s,1.000000000000e-11,2,1.000000000000e-03,3.000000000000e-04,difference_from_finest_dt,5.951102719078e-03
epsilon,dt_s,1.000000000000e-11,2,3.000000000000e-04,1.000000000000e-04,scaled_max_error,-2.317173367500e-03
epsilon,dt_s,1.000000000000e-11,2,3.000000000000e-04,1.000000000000e-04,abs_R16,4.350776463115e-04
epsilon,dt_s,1.000000000000e-11,2,3.000000000000e-04,1.000000000000e-04,abs_R26,3.354090567277e-04
epsilon,dt_s,1.000000000000e-11,2,3.000000000000e-04,1.000000000000e-04,difference_from_finest_dt,-2.317047779487e-03
epsilon,dt_s,1.000000000000e-11,2,1.000000000000e-04,3.000000000000e-05,scaled_max_error,5.319231240145e-04
epsilon,dt_s,1.000000000000e-11,2,1.000000000000e-04,3.000000000000e-05,abs_R16,1.127876301358e-05
epsilon,dt_s,1.000000000000e-11,2,1.000000000000e-04,3.000000000000e-05,abs_R26,-2.236688523643e-05
epsilon,dt_s,1.000000000000e-11,2,1.000000000000e-04,3.000000000000e-05,difference_from_finest_dt,5.318943218768e-04
epsilon,dt_s,1.000000000000e-11,2,3.000000000000e-05,1.000000000000e-05,scaled_max_error,-1.388595637411e-04
epsilon,dt_s,1.000000000000e-11,2,3.000000000000e-05,1.000000000000e-05,abs_R16,2.372742678293e-03
epsilon,dt_s,1.000000000000e-11,2,3.000000000000e-05,1.000000000000e-05,abs_R26,2.711693516017e-03
epsilon,dt_s,1.000000000000e-11,2,3.000000000000e-05,1.000000000000e-05,difference_from_finest_dt,-1.388520430531e-04
epsilon,dt_s,1.000000000000e-11,2,1.000000000000e-05,3.000000000000e-06,scaled_max_error,-5.319564531297e-03
epsilon,dt_s,1.000000000000e-11,2,1.000000000000e-05,3.000000000000e-06,abs_R16,-4.719788855726e-03
epsilon,dt_s,1.000000000000e-11,2,1.000000000000e-05,3.000000000000e-06,abs_R26,-4.435926144518e-03
epsilon,dt_s,1.000000000000e-11,2,1.000000000000e-05,3.000000000000e-06,difference_from_finest_dt,-5.319277364114e-03
epsilon,dt_s,1.000000000000e-11,2,3.000000000000e-06,1.000000000000e-06,scaled_max_error,5.961677177436e-03
epsilon,dt_s,1.000000000000e-11,2,3.000000000000e-06,1.000000000000e-06,abs_R16,-1.051655421903e-03
epsilon,dt_s,1.000000000000e-11,2,3.000000000000e-06,1.000000000000e-06,abs_R26,-5.629420469606e-04
epsilon,dt_s,1.000000000000e-11,2,3.000000000000e-06,1.000000000000e-06,difference_from_finest_dt,5.961355323599e-03
epsilon,dt_s,3.000000000000e-11,2,1.000000000000e-01,3.000000000000e-02,scaled_max_error,-7.937369813097e-04
epsilon,dt_s,3.000000000000e-11,2,1.000000000000e-01,3.000000000000e-02,abs_R16,3.923684411982e-05
epsilon,dt_s,3.000000000000e-11,2,1.000000000000e-01,3.000000000000e-02,abs_R26,-7.059621871133e-05
epsilon,dt_s,3.000000000000e-11,2,1.000000000000e-01,3.000000000000e-02,difference_from_finest_dt,-5.244303035273e-04
epsilon,dt_s,3.000000000000e-11,2,3.000000000000e-02,1.000000000000e-02,scaled_max_error,-6.290003724828e-05
epsilon,dt_s,3.000000000000e-11,2,3.000000000000e-02,1.000000000000e-02,abs_R16,5.727823920555e-06
epsilon,dt_s,3.000000000000e-11,2,3.000000000000e-02,1.000000000000e-02,abs_R26,1.138848723065e-05
epsilon,dt_s,3.000000000000e-11,2,3.000000000000e-02,1.000000000000e-02,difference_from_finest_dt,-6.269857923512e-05
epsilon,dt_s,3.000000000000e-11,2,1.000000000000e-02,3.000000000000e-03,scaled_max_error,8.471755415171e-04
epsilon,dt_s,3.000000000000e-11,2,1.000000000000e-02,3.000000000000e-03,abs_R16,-4.414631394922e-06
epsilon,dt_s,3.000000000000e-11,2,1.000000000000e-02,3.000000000000e-03,abs_R26,-8.867333897226e-06
epsilon,dt_s,3.000000000000e-11,2,1.000000000000e-02,3.000000000000e-03,difference_from_finest_dt,8.471704409848e-04
epsilon,dt_s,3.000000000000e-11,2,3.000000000000e-03,1.000000000000e-03,scaled_max_error,-9.133787508426e-04
epsilon,dt_s,3.000000000000e-11,2,3.000000000000e-03,1.000000000000e-03,abs_R16,1.260190148705e-06
epsilon,dt_s,3.000000000000e-11,2,3.000000000000e-03,1.000000000000e-03,abs_R26,2.378739318593e-06
epsilon,dt_s,3.000000000000e-11,2,3.000000000000e-03,1.000000000000e-03,difference_from_finest_dt,-9.133732516797e-04
epsilon,dt_s,3.000000000000e-11,2,1.000000000000e-03,3.000000000000e-04,scaled_max_error,1.802261762340e-04
epsilon,dt_s,3.000000000000e-11,2,1.000000000000e-03,3.000000000000e-04,abs_R16,3.206203058234e-06
epsilon,dt_s,3.000000000000e-11,2,1.000000000000e-03,3.000000000000e-04,abs_R26,5.591662907951e-06
epsilon,dt_s,3.000000000000e-11,2,1.000000000000e-03,3.000000000000e-04,difference_from_finest_dt,1.802250915762e-04
epsilon,dt_s,3.000000000000e-11,2,3.000000000000e-04,1.000000000000e-04,scaled_max_error,4.915490334638e-04
epsilon,dt_s,3.000000000000e-11,2,3.000000000000e-04,1.000000000000e-04,abs_R16,-5.373175354935e-05
epsilon,dt_s,3.000000000000e-11,2,3.000000000000e-04,1.000000000000e-04,abs_R26,-4.759750877245e-05
epsilon,dt_s,3.000000000000e-11,2,3.000000000000e-04,1.000000000000e-04,difference_from_finest_dt,4.915460740470e-04
epsilon,dt_s,3.000000000000e-11,2,1.000000000000e-04,3.000000000000e-05,scaled_max_error,-3.099693520527e-05
epsilon,dt_s,3.000000000000e-11,2,1.000000000000e-04,3.000000000000e-05,abs_R16,-2.283996290828e-04
epsilon,dt_s,3.000000000000e-11,2,1.000000000000e-04,3.000000000000e-05,abs_R26,-2.924245843765e-04
epsilon,dt_s,3.000000000000e-11,2,1.000000000000e-04,3.000000000000e-05,difference_from_finest_dt,-3.099674853839e-05
epsilon,dt_s,3.000000000000e-11,2,3.000000000000e-05,1.000000000000e-05,scaled_max_error,-6.654906810469e-04
epsilon,dt_s,3.000000000000e-11,2,3.000000000000e-05,1.000000000000e-05,abs_R16,-2.412622222713e-02
epsilon,dt_s,3.000000000000e-11,2,3.000000000000e-05,1.000000000000e-05,abs_R26,-2.119477568432e-02
epsilon,dt_s,3.000000000000e-11,2,3.000000000000e-05,1.000000000000e-05,difference_from_finest_dt,-6.654866749306e-04
epsilon,dt_s,3.000000000000e-11,2,1.000000000000e-05,3.000000000000e-06,scaled_max_error,1.897168256043e-04
epsilon,dt_s,3.000000000000e-11,2,1.000000000000e-05,3.000000000000e-06,abs_R16,6.499929722602e-03
epsilon,dt_s,3.000000000000e-11,2,1.000000000000e-05,3.000000000000e-06,abs_R26,5.744168751517e-03
epsilon,dt_s,3.000000000000e-11,2,1.000000000000e-05,3.000000000000e-06,difference_from_finest_dt,1.897156838353e-04
epsilon,dt_s,3.000000000000e-11,2,3.000000000000e-06,1.000000000000e-06,scaled_max_error,6.656610595494e-04
epsilon,dt_s,3.000000000000e-11,2,3.000000000000e-06,1.000000000000e-06,abs_R16,5.636578470237e-04
epsilon,dt_s,3.000000000000e-11,2,3.000000000000e-06,1.000000000000e-06,abs_R26,4.594474298824e-04
epsilon,dt_s,3.000000000000e-11,2,3.000000000000e-06,1.000000000000e-06,difference_from_finest_dt,6.656570514916e-04
epsilon,dt_s,1.000000000000e-13,3,1.000000000000e-01,3.000000000000e-02,scaled_max_error,-2.533150928319e-04
epsilon,dt_s,1.000000000000e-13,3,1.000000000000e-01,3.000000000000e-02,abs_R16,5.392937477005e-04
epsilon,dt_s,1.000000000000e-13,3,1.000000000000e-01,3.000000000000e-02,abs_R26,1.266662380767e-03
epsilon,dt_s,1.000000000000e-13,3,3.000000000000e-02,1.000000000000e-02,scaled_max_error,1.203638454873e-03
epsilon,dt_s,1.000000000000e-13,3,3.000000000000e-02,1.000000000000e-02,abs_R16,6.498331060599e-04
epsilon,dt_s,1.000000000000e-13,3,3.000000000000e-02,1.000000000000e-02,abs_R26,3.437605680813e-03
epsilon,dt_s,1.000000000000e-13,3,1.000000000000e-02,3.000000000000e-03,scaled_max_error,-1.435971755293e-03
epsilon,dt_s,1.000000000000e-13,3,1.000000000000e-02,3.000000000000e-03,abs_R16,-1.846740534314e-03
epsilon,dt_s,1.000000000000e-13,3,1.000000000000e-02,3.000000000000e-03,abs_R26,-3.405287280072e-03
epsilon,dt_s,1.000000000000e-13,3,3.000000000000e-03,1.000000000000e-03,scaled_max_error,4.822228979817e-03
epsilon,dt_s,1.000000000000e-13,3,3.000000000000e-03,1.000000000000e-03,abs_R16,3.416938910626e-03
epsilon,dt_s,1.000000000000e-13,3,3.000000000000e-03,1.000000000000e-03,abs_R26,-7.772804559768e-03
epsilon,dt_s,1.000000000000e-13,3,1.000000000000e-03,3.000000000000e-04,scaled_max_error,-2.541441899245e-03
epsilon,dt_s,1.000000000000e-13,3,1.000000000000e-03,3.000000000000e-04,abs_R16,-8.471780199049e-03
epsilon,dt_s,1.000000000000e-13,3,1.000000000000e-03,3.000000000000e-04,abs_R26,-1.084579134808e-01
epsilon,dt_s,1.000000000000e-13,3,3.000000000000e-04,1.000000000000e-04,scaled_max_error,-3.304204577450e-02
epsilon,dt_s,1.000000000000e-13,3,3.000000000000e-04,1.000000000000e-04,abs_R16,1.382174153923e-04
epsilon,dt_s,1.000000000000e-13,3,3.000000000000e-04,1.000000000000e-04,abs_R26,3.824340336813e-01
epsilon,dt_s,1.000000000000e-13,3,1.000000000000e-04,3.000000000000e-05,scaled_max_error,6.698882699863e-02
epsilon,dt_s,1.000000000000e-13,3,1.000000000000e-04,3.000000000000e-05,abs_R16,-2.355743590405e-02
epsilon,dt_s,1.000000000000e-13,3,1.000000000000e-04,3.000000000000e-05,abs_R26,-6.348611113340e-01
epsilon,dt_s,1.000000000000e-13,3,3.000000000000e-05,1.000000000000e-05,scaled_max_error,-1.630115954663e-01
epsilon,dt_s,1.000000000000e-13,3,3.000000000000e-05,1.000000000000e-05,abs_R16,3.087681956942e-02
epsilon,dt_s,1.000000000000e-13,3,3.000000000000e-05,1.000000000000e-05,abs_R26,6.955051650587e-01
epsilon,dt_s,1.000000000000e-13,3,1.000000000000e-05,3.000000000000e-06,scaled_max_error,-8.087843847495e-01
epsilon,dt_s,1.000000000000e-13,3,1.000000000000e-05,3.000000000000e-06,abs_R16,-1.235010524784e+00
epsilon,dt_s,1.000000000000e-13,3,1.000000000000e-05,3.000000000000e-06,abs_R26,-2.205557969595e+00
epsilon,dt_s,1.000000000000e-13,3,3.000000000000e-06,1.000000000000e-06,scaled_max_error,-1.913106808987e+00
epsilon,dt_s,1.000000000000e-13,3,3.000000000000e-06,1.000000000000e-06,abs_R16,-7.047999159604e-01
epsilon,dt_s,1.000000000000e-13,3,3.000000000000e-06,1.000000000000e-06,abs_R26,-1.383758904367e+00
epsilon,dt_s,3.000000000000e-13,3,1.000000000000e-01,3.000000000000e-02,scaled_max_error,-2.497947491871e-04
epsilon,dt_s,3.000000000000e-13,3,1.000000000000e-01,3.000000000000e-02,abs_R16,-1.717571782338e-04
epsilon,dt_s,3.000000000000e-13,3,1.000000000000e-01,3.000000000000e-02,abs_R26,-2.457270679293e-04
epsilon,dt_s,3.000000000000e-13,3,1.000000000000e-01,3.000000000000e-02,difference_from_finest_dt,-5.571435935143e-04
epsilon,dt_s,3.000000000000e-13,3,3.000000000000e-02,1.000000000000e-02,scaled_max_error,2.105663571365e-05
epsilon,dt_s,3.000000000000e-13,3,3.000000000000e-02,1.000000000000e-02,abs_R16,-2.655210546805e-04
epsilon,dt_s,3.000000000000e-13,3,3.000000000000e-02,1.000000000000e-02,abs_R26,-1.189220951809e-03
epsilon,dt_s,3.000000000000e-13,3,3.000000000000e-02,1.000000000000e-02,difference_from_finest_dt,0.000000000000e+00
epsilon,dt_s,3.000000000000e-13,3,1.000000000000e-02,3.000000000000e-03,scaled_max_error,7.111649223125e-04
epsilon,dt_s,3.000000000000e-13,3,1.000000000000e-02,3.000000000000e-03,abs_R16,7.035275925694e-04
epsilon,dt_s,3.000000000000e-13,3,1.000000000000e-02,3.000000000000e-03,abs_R26,2.194587292420e-03
epsilon,dt_s,3.000000000000e-13,3,1.000000000000e-02,3.000000000000e-03,difference_from_finest_dt,0.000000000000e+00
epsilon,dt_s,3.000000000000e-13,3,3.000000000000e-03,1.000000000000e-03,scaled_max_error,-1.600145965204e-03
epsilon,dt_s,3.000000000000e-13,3,3.000000000000e-03,1.000000000000e-03,abs_R16,-3.125690326294e-03
epsilon,dt_s,3.000000000000e-13,3,3.000000000000e-03,1.000000000000e-03,abs_R26,-1.253484649742e-02
epsilon,dt_s,3.000000000000e-13,3,3.000000000000e-03,1.000000000000e-03,difference_from_finest_dt,2.034555601176e-04
epsilon,dt_s,3.000000000000e-13,3,1.000000000000e-03,3.000000000000e-04,scaled_max_error,5.913915654148e-03
epsilon,dt_s,3.000000000000e-13,3,1.000000000000e-03,3.000000000000e-04,abs_R16,9.332729812427e-03
epsilon,dt_s,3.000000000000e-13,3,1.000000000000e-03,3.000000000000e-04,abs_R26,3.224627925691e-02
epsilon,dt_s,3.000000000000e-13,3,1.000000000000e-03,3.000000000000e-04,difference_from_finest_dt,0.000000000000e+00
epsilon,dt_s,3.000000000000e-13,3,3.000000000000e-04,1.000000000000e-04,scaled_max_error,-3.307791784597e-02
epsilon,dt_s,3.000000000000e-13,3,3.000000000000e-04,1.000000000000e-04,abs_R16,-2.350667095039e-02
epsilon,dt_s,3.000000000000e-13,3,3.000000000000e-04,1.000000000000e-04,abs_R26,3.547357505359e-04
epsilon,dt_s,3.000000000000e-13,3,3.000000000000e-04,1.000000000000e-04,difference_from_finest_dt,-2.034555601176e-04
epsilon,dt_s,3.000000000000e-13,3,1.000000000000e-04,3.000000000000e-05,scaled_max_error,-2.962859420610e-02
epsilon,dt_s,3.000000000000e-13,3,1.000000000000e-04,3.000000000000e-05,abs_R16,-5.358193005455e-03
epsilon,dt_s,3.000000000000e-13,3,1.000000000000e-04,3.000000000000e-05,abs_R26,1.299981278295e-01
epsilon,dt_s,3.000000000000e-13,3,1.000000000000e-04,3.000000000000e-05,difference_from_finest_dt,1.856510194748e-04
epsilon,dt_s,3.000000000000e-13,3,3.000000000000e-05,1.000000000000e-05,scaled_max_error,6.851892300619e-02
epsilon,dt_s,3.000000000000e-13,3,3.000000000000e-05,1.000000000000e-05,abs_R16,-5.183602002461e-03
epsilon,dt_s,3.000000000000e-13,3,3.000000000000e-05,1.000000000000e-05,abs_R26,-2.211083463156e-01
epsilon,dt_s,3.000000000000e-13,3,3.000000000000e-05,1.000000000000e-05,difference_from_finest_dt,0.000000000000e+00
epsilon,dt_s,3.000000000000e-13,3,1.000000000000e-05,3.000000000000e-06,scaled_max_error,2.141631293473e-02
epsilon,dt_s,3.000000000000e-13,3,1.000000000000e-05,3.000000000000e-06,abs_R16,7.426831818974e-02
epsilon,dt_s,3.000000000000e-13,3,1.000000000000e-05,3.000000000000e-06,abs_R26,-3.480613543460e-01
epsilon,dt_s,3.000000000000e-13,3,1.000000000000e-05,3.000000000000e-06,difference_from_finest_dt,0.000000000000e+00
epsilon,dt_s,3.000000000000e-13,3,3.000000000000e-06,1.000000000000e-06,scaled_max_error,-1.743399825800e-01
epsilon,dt_s,3.000000000000e-13,3,3.000000000000e-06,1.000000000000e-06,abs_R16,-5.340916219860e-01
epsilon,dt_s,3.000000000000e-13,3,3.000000000000e-06,1.000000000000e-06,abs_R26,2.410409392621e+00
epsilon,dt_s,3.000000000000e-13,3,3.000000000000e-06,1.000000000000e-06,difference_from_finest_dt,-1.507348922035e+00
epsilon,dt_s,1.000000000000e-12,3,1.000000000000e-01,3.000000000000e-02,scaled_max_error,6.042548201466e-05
epsilon,dt_s,1.000000000000e-12,3,1.000000000000e-01,3.000000000000e-02,abs_R16,1.056962847182e-06
epsilon,dt_s,1.000000000000e-12,3,1.000000000000e-01,3.000000000000e-02,abs_R26,2.249455825357e-05
epsilon,dt_s,1.000000000000e-12,3,1.000000000000e-01,3.000000000000e-02,difference_from_finest_dt,-1.502649957283e-05
epsilon,dt_s,1.000000000000e-12,3,3.000000000000e-02,1.000000000000e-02,scaled_max_error,1.655734414237e-05
epsilon,dt_s,1.000000000000e-12,3,3.000000000000e-02,1.000000000000e-02,abs_R16,-5.814363155845e-06
epsilon,dt_s,1.000000000000e-12,3,3.000000000000e-02,1.000000000000e-02,abs_R26,-2.107973541191e-05
epsilon,dt_s,1.000000000000e-12,3,3.000000000000e-02,1.000000000000e-02,difference_from_finest_dt,1.646759008291e-05
epsilon,dt_s,1.000000000000e-12,3,1.000000000000e-02,3.000000000000e-03,scaled_max_error,0.000000000000e+00
epsilon,dt_s,1.000000000000e-12,3,1.000000000000e-02,3.000000000000e-03,abs_R16,3.565716283471e-05
epsilon,dt_s,1.000000000000e-12,3,1.000000000000e-02,3.000000000000e-03,abs_R26,2.172566313583e-04
epsilon,dt_s,1.000000000000e-12,3,1.000000000000e-02,3.000000000000e-03,difference_from_finest_dt,0.000000000000e+00
epsilon,dt_s,1.000000000000e-12,3,3.000000000000e-03,1.000000000000e-03,scaled_max_error,0.000000000000e+00
epsilon,dt_s,1.000000000000e-12,3,3.000000000000e-03,1.000000000000e-03,abs_R16,4.595588286921e-05
epsilon,dt_s,1.000000000000e-12,3,3.000000000000e-03,1.000000000000e-03,abs_R26,-6.363822904965e-05
epsilon,dt_s,1.000000000000e-12,3,3.000000000000e-03,1.000000000000e-03,difference_from_finest_dt,0.000000000000e+00
epsilon,dt_s,1.000000000000e-12,3,1.000000000000e-03,3.000000000000e-04,scaled_max_error,-1.510839919074e-05
epsilon,dt_s,1.000000000000e-12,3,1.000000000000e-03,3.000000000000e-04,abs_R16,7.547195507796e-04
epsilon,dt_s,1.000000000000e-12,3,1.000000000000e-03,3.000000000000e-04,abs_R26,2.871293894858e-04
epsilon,dt_s,1.000000000000e-12,3,1.000000000000e-03,3.000000000000e-04,difference_from_finest_dt,-1.502649957283e-05
epsilon,dt_s,1.000000000000e-12,3,3.000000000000e-04,1.000000000000e-04,scaled_max_error,0.000000000000e+00
epsilon,dt_s,1.000000000000e-12,3,3.000000000000e-04,1.000000000000e-04,abs_R16,-1.470404279710e-03
epsilon,dt_s,1.000000000000e-12,3,3.000000000000e-04,1.000000000000e-04,abs_R26,-2.364877742084e-03
epsilon,dt_s,1.000000000000e-12,3,3.000000000000e-04,1.000000000000e-04,difference_from_finest_dt,0.000000000000e+00
epsilon,dt_s,1.000000000000e-12,3,1.000000000000e-04,3.000000000000e-05,scaled_max_error,0.000000000000e+00
epsilon,dt_s,1.000000000000e-12,3,1.000000000000e-04,3.000000000000e-05,abs_R16,-2.174538639126e-03
epsilon,dt_s,1.000000000000e-12,3,1.000000000000e-04,3.000000000000e-05,abs_R26,-8.741055999410e-03
epsilon,dt_s,1.000000000000e-12,3,1.000000000000e-04,3.000000000000e-05,difference_from_finest_dt,0.000000000000e+00
epsilon,dt_s,1.000000000000e-12,3,3.000000000000e-05,1.000000000000e-05,scaled_max_error,1.655734414237e-05
epsilon,dt_s,1.000000000000e-12,3,3.000000000000e-05,1.000000000000e-05,abs_R16,7.177274736343e-03
epsilon,dt_s,1.000000000000e-12,3,3.000000000000e-05,1.000000000000e-05,abs_R26,5.274873420888e-02
epsilon,dt_s,1.000000000000e-12,3,3.000000000000e-05,1.000000000000e-05,difference_from_finest_dt,1.646759008291e-05
epsilon,dt_s,1.000000000000e-12,3,1.000000000000e-05,3.000000000000e-06,scaled_max_error,0.000000000000e+00
epsilon,dt_s,1.000000000000e-12,3,1.000000000000e-05,3.000000000000e-06,abs_R16,1.952334935099e-02
epsilon,dt_s,1.000000000000e-12,3,1.000000000000e-05,3.000000000000e-06,abs_R26,2.286499590208e-02
epsilon,dt_s,1.000000000000e-12,3,1.000000000000e-05,3.000000000000e-06,difference_from_finest_dt,0.000000000000e+00
epsilon,dt_s,1.000000000000e-12,3,3.000000000000e-06,1.000000000000e-06,scaled_max_error,-1.655734414240e-05
epsilon,dt_s,1.000000000000e-12,3,3.000000000000e-06,1.000000000000e-06,abs_R16,5.486190097514e-02
epsilon,dt_s,1.000000000000e-12,3,3.000000000000e-06,1.000000000000e-06,abs_R26,1.669132216379e-01
epsilon,dt_s,1.000000000000e-12,3,3.000000000000e-06,1.000000000000e-06,difference_from_finest_dt,-1.646759008297e-05
epsilon,dt_s,3.000000000000e-12,3,1.000000000000e-01,3.000000000000e-02,scaled_max_error,-9.936055725543e-05
epsilon,dt_s,3.000000000000e-12,3,1.000000000000e-01,3.000000000000e-02,abs_R16,4.805437613890e-07
epsilon,dt_s,3.000000000000e-12,3,1.000000000000e-01,3.000000000000e-02,abs_R26,4.837683758287e-06
epsilon,dt_s,3.000000000000e-12,3,1.000000000000e-01,3.000000000000e-02,difference_from_finest_dt,-1.075770143404e-04
epsilon,dt_s,3.000000000000e-12,3,3.000000000000e-02,1.000000000000e-02,scaled_max_error,8.711060590616e-05
epsilon,dt_s,3.000000000000e-12,3,3.000000000000e-02,1.000000000000e-02,abs_R16,-1.194686673300e-06
epsilon,dt_s,3.000000000000e-12,3,3.000000000000e-02,1.000000000000e-02,abs_R26,-3.036187386009e-06
epsilon,dt_s,3.000000000000e-12,3,3.000000000000e-02,1.000000000000e-02,difference_from_finest_dt,8.705859272825e-05
epsilon,dt_s,3.000000000000e-12,3,1.000000000000e-02,3.000000000000e-03,scaled_max_error,-1.821670322763e-05
epsilon,dt_s,3.000000000000e-12,3,1.000000000000e-02,3.000000000000e-03,abs_R16,2.227053075322e-06
epsilon,dt_s,3.000000000000e-12,3,1.000000000000e-02,3.000000000000e-03,abs_R26,1.212371947717e-05
epsilon,dt_s,3.000000000000e-12,3,1.000000000000e-02,3.000000000000e-03,difference_from_finest_dt,-1.820582575126e-05
epsilon,dt_s,3.000000000000e-12,3,3.000000000000e-03,1.000000000000e-03,scaled_max_error,-2.667438956707e-04
epsilon,dt_s,3.000000000000e-12,3,3.000000000000e-03,1.000000000000e-03,abs_R16,4.519053065738e-06
epsilon,dt_s,3.000000000000e-12,3,3.000000000000e-03,1.000000000000e-03,abs_R26,-1.348732214105e-05
epsilon,dt_s,3.000000000000e-12,3,3.000000000000e-03,1.000000000000e-03,difference_from_finest_dt,-2.665846438165e-04
epsilon,dt_s,3.000000000000e-12,3,1.000000000000e-03,3.000000000000e-04,scaled_max_error,-6.622162287839e-06
epsilon,dt_s,3.000000000000e-12,3,1.000000000000e-03,3.000000000000e-04,abs_R16,-1.458967126261e-05
epsilon,dt_s,3.000000000000e-12,3,1.000000000000e-03,3.000000000000e-04,abs_R26,-4.575154968158e-05
epsilon,dt_s,3.000000000000e-12,3,1.000000000000e-03,3.000000000000e-04,difference_from_finest_dt,-6.618209308884e-06
epsilon,dt_s,3.000000000000e-12,3,3.000000000000e-04,1.000000000000e-04,scaled_max_error,5.442770432550e-06
epsilon,dt_s,3.000000000000e-12,3,3.000000000000e-04,1.000000000000e-04,abs_R16,-3.233469224400e-05
epsilon,dt_s,3.000000000000e-12,3,3.000000000000e-04,1.000000000000e-04,abs_R26,1.046249062272e-05
epsilon,dt_s,3.000000000000e-12,3,3.000000000000e-04,1.000000000000e-04,difference_from_finest_dt,5.439521473283e-06
epsilon,dt_s,3.000000000000e-12,3,1.000000000000e-04,3.000000000000e-05,scaled_max_error,1.655692563614e-06
epsilon,dt_s,3.000000000000e-12,3,1.000000000000e-04,3.000000000000e-05,abs_R16,-1.371573376008e-04
epsilon,dt_s,3.000000000000e-12,3,1.000000000000e-04,3.000000000000e-05,abs_R26,-3.032783584394e-04
epsilon,dt_s,3.000000000000e-12,3,1.000000000000e-04,3.000000000000e-05,difference_from_finest_dt,1.654704225120e-06
epsilon,dt_s,3.000000000000e-12,3,3.000000000000e-05,1.000000000000e-05,scaled_max_error,2.812628220798e-04
epsilon,dt_s,3.000000000000e-12,3,3.000000000000e-05,1.000000000000e-05,abs_R16,9.875533713597e-04
epsilon,dt_s,3.000000000000e-12,3,3.000000000000e-05,1.000000000000e-05,abs_R26,2.410663835690e-03
epsilon,dt_s,3.000000000000e-12,3,3.000000000000e-05,1.000000000000e-05,difference_from_finest_dt,2.810949007753e-04
epsilon,dt_s,3.000000000000e-12,3,1.000000000000e-05,3.000000000000e-06,scaled_max_error,-2.334713288530e-04
epsilon,dt_s,3.000000000000e-12,3,1.000000000000e-05,3.000000000000e-06,abs_R16,-3.915579110532e-03
epsilon,dt_s,3.000000000000e-12,3,1.000000000000e-05,3.000000000000e-06,abs_R26,-3.544672761916e-03
epsilon,dt_s,3.000000000000e-12,3,1.000000000000e-05,3.000000000000e-06,difference_from_finest_dt,-2.333319383836e-04
epsilon,dt_s,3.000000000000e-12,3,3.000000000000e-06,1.000000000000e-06,scaled_max_error,-9.978505229511e-05
epsilon,dt_s,3.000000000000e-12,3,3.000000000000e-06,1.000000000000e-06,abs_R16,-2.499106166351e-03
epsilon,dt_s,3.000000000000e-12,3,3.000000000000e-06,1.000000000000e-06,abs_R26,-1.568815399265e-02
epsilon,dt_s,3.000000000000e-12,3,3.000000000000e-06,1.000000000000e-06,difference_from_finest_dt,-9.972548879356e-05
epsilon,dt_s,1.000000000000e-11,3,1.000000000000e-01,3.000000000000e-02,scaled_max_error,5.474585594994e-03
epsilon,dt_s,1.000000000000e-11,3,1.000000000000e-01,3.000000000000e-02,abs_R16,5.382053473270e-05
epsilon,dt_s,1.000000000000e-11,3,1.000000000000e-01,3.000000000000e-02,abs_R26,6.137139854193e-05
epsilon,dt_s,1.000000000000e-11,3,1.000000000000e-01,3.000000000000e-02,difference_from_finest_dt,5.473545133533e-03
epsilon,dt_s,1.000000000000e-11,3,3.000000000000e-02,1.000000000000e-02,scaled_max_error,5.777449621417e-04
epsilon,dt_s,1.000000000000e-11,3,3.000000000000e-02,1.000000000000e-02,abs_R16,4.714599226585e-07
epsilon,dt_s,1.000000000000e-11,3,3.000000000000e-02,1.000000000000e-02,abs_R26,7.509962685508e-07
epsilon,dt_s,1.000000000000e-11,3,3.000000000000e-02,1.000000000000e-02,difference_from_finest_dt,5.777136838743e-04
epsilon,dt_s,1.000000000000e-11,3,1.000000000000e-02,3.000000000000e-03,scaled_max_error,-5.531585280327e-03
epsilon,dt_s,1.000000000000e-11,3,1.000000000000e-02,3.000000000000e-03,abs_R16,-3.870397579363e-07
epsilon,dt_s,1.000000000000e-11,3,1.000000000000e-02,3.000000000000e-03,abs_R26,-4.885066382353e-07
epsilon,dt_s,1.000000000000e-11,3,1.000000000000e-02,3.000000000000e-03,difference_from_finest_dt,-5.531286708618e-03
epsilon,dt_s,1.000000000000e-11,3,3.000000000000e-03,1.000000000000e-03,scaled_max_error,7.641939085961e-03
epsilon,dt_s,1.000000000000e-11,3,3.000000000000e-03,1.000000000000e-03,abs_R16,-2.744431633683e-07
epsilon,dt_s,1.000000000000e-11,3,3.000000000000e-03,1.000000000000e-03,abs_R26,1.476707087743e-06
epsilon,dt_s,1.000000000000e-11,3,3.000000000000e-03,1.000000000000e-03,difference_from_finest_dt,7.641526247683e-03
epsilon,dt_s,1.000000000000e-11,3,1.000000000000e-03,3.000000000000e-04,scaled_max_error,-1.547126314663e-03
epsilon,dt_s,1.000000000000e-11,3,1.000000000000e-03,3.000000000000e-04,abs_R16,5.277070804630e-07
epsilon,dt_s,1.000000000000e-11,3,1.000000000000e-03,3.000000000000e-04,abs_R26,6.741183632159e-06
epsilon,dt_s,1.000000000000e-11,3,1.000000000000e-03,3.000000000000e-04,difference_from_finest_dt,-1.547042461498e-03
epsilon,dt_s,1.000000000000e-11,3,3.000000000000e-04,1.000000000000e-04,scaled_max_error,2.727660573657e-04
epsilon,dt_s,1.000000000000e-11,3,3.000000000000e-04,1.000000000000e-04,abs_R16,-1.504868525155e-04
epsilon,dt_s,1.000000000000e-11,3,3.000000000000e-04,1.000000000000e-04,abs_R26,-1.272894160253e-04
epsilon,dt_s,1.000000000000e-11,3,3.000000000000e-04,1.000000000000e-04,difference_from_finest_dt,2.727512851869e-04
epsilon,dt_s,1.000000000000e-11,3,1.000000000000e-04,3.000000000000e-05,scaled_max_error,-6.084037556541e-03
epsilon,dt_s,1.000000000000e-11,3,1.000000000000e-04,3.000000000000e-05,abs_R16,8.292742961821e-06
epsilon,dt_s,1.000000000000e-11,3,1.000000000000e-04,3.000000000000e-05,abs_R26,6.504081674901e-05
epsilon,dt_s,1.000000000000e-11,3,1.000000000000e-04,3.000000000000e-05,difference_from_finest_dt,-6.083709218174e-03
epsilon,dt_s,1.000000000000e-11,3,3.000000000000e-05,1.000000000000e-05,scaled_max_error,6.519442935162e-03
epsilon,dt_s,1.000000000000e-11,3,3.000000000000e-05,1.000000000000e-05,abs_R16,-5.913184142005e-03
epsilon,dt_s,1.000000000000e-11,3,3.000000000000e-05,1.000000000000e-05,abs_R26,-4.959207787302e-03
epsilon,dt_s,1.000000000000e-11,3,3.000000000000e-05,1.000000000000e-05,difference_from_finest_dt,6.519091127844e-03
epsilon,dt_s,1.000000000000e-11,3,1.000000000000e-05,3.000000000000e-06,scaled_max_error,1.814635632353e-03
epsilon,dt_s,1.000000000000e-11,3,1.000000000000e-05,3.000000000000e-06,abs_R16,2.285151816670e-03
epsilon,dt_s,1.000000000000e-11,3,1.000000000000e-05,3.000000000000e-06,abs_R26,2.988776744303e-03
epsilon,dt_s,1.000000000000e-11,3,1.000000000000e-05,3.000000000000e-06,difference_from_finest_dt,1.814537251051e-03
epsilon,dt_s,1.000000000000e-11,3,3.000000000000e-06,1.000000000000e-06,scaled_max_error,-1.997713315815e-03
epsilon,dt_s,1.000000000000e-11,3,3.000000000000e-06,1.000000000000e-06,abs_R16,5.124374569664e-04
epsilon,dt_s,1.000000000000e-11,3,3.000000000000e-06,1.000000000000e-06,abs_R26,-5.339666879528e-04
epsilon,dt_s,1.000000000000e-11,3,3.000000000000e-06,1.000000000000e-06,difference_from_finest_dt,-1.997605009411e-03
epsilon,dt_s,3.000000000000e-11,3,1.000000000000e-01,3.000000000000e-02,scaled_max_error,-4.320807356550e-04
epsilon,dt_s,3.000000000000e-11,3,1.000000000000e-01,3.000000000000e-02,abs_R16,5.505257667653e-06
epsilon,dt_s,3.000000000000e-11,3,1.000000000000e-01,3.000000000000e-02,abs_R26,5.675711123362e-06
epsilon,dt_s,3.000000000000e-11,3,1.000000000000e-01,3.000000000000e-02,difference_from_finest_dt,-4.321615991257e-04
epsilon,dt_s,3.000000000000e-11,3,3.000000000000e-02,1.000000000000e-02,scaled_max_error,-3.283778350409e-05
epsilon,dt_s,3.000000000000e-11,3,3.000000000000e-02,1.000000000000e-02,abs_R16,-5.149213165964e-06
epsilon,dt_s,3.000000000000e-11,3,3.000000000000e-02,1.000000000000e-02,abs_R26,-1.042677699505e-05
epsilon,dt_s,3.000000000000e-11,3,3.000000000000e-02,1.000000000000e-02,difference_from_finest_dt,-3.283758584774e-05
epsilon,dt_s,3.000000000000e-11,3,1.000000000000e-02,3.000000000000e-03,scaled_max_error,-1.850996087402e-04
epsilon,dt_s,3.000000000000e-11,3,1.000000000000e-02,3.000000000000e-03,abs_R16,1.288589963886e-06
epsilon,dt_s,3.000000000000e-11,3,1.000000000000e-02,3.000000000000e-03,abs_R26,2.339071481737e-06
epsilon,dt_s,3.000000000000e-11,3,1.000000000000e-02,3.000000000000e-03,difference_from_finest_dt,-1.850984947377e-04
epsilon,dt_s,3.000000000000e-11,3,3.000000000000e-03,1.000000000000e-03,scaled_max_error,8.780192557363e-04
epsilon,dt_s,3.000000000000e-11,3,3.000000000000e-03,1.000000000000e-03,abs_R16,-1.466733906016e-08
epsilon,dt_s,3.000000000000e-11,3,3.000000000000e-03,1.000000000000e-03,abs_R26,2.961198380889e-07
epsilon,dt_s,3.000000000000e-11,3,3.000000000000e-03,1.000000000000e-03,difference_from_finest_dt,8.780139695096e-04
epsilon,dt_s,3.000000000000e-11,3,1.000000000000e-03,3.000000000000e-04,scaled_max_error,3.329227273603e-05
epsilon,dt_s,3.000000000000e-11,3,1.000000000000e-03,3.000000000000e-04,abs_R16,-5.910707976556e-07
epsilon,dt_s,3.000000000000e-11,3,1.000000000000e-03,3.000000000000e-04,abs_R26,-1.282762053957e-06
epsilon,dt_s,3.000000000000e-11,3,1.000000000000e-03,3.000000000000e-04,difference_from_finest_dt,3.329207219509e-05
epsilon,dt_s,3.000000000000e-11,3,3.000000000000e-04,1.000000000000e-04,scaled_max_error,-9.497464478100e-04
epsilon,dt_s,3.000000000000e-11,3,3.000000000000e-04,1.000000000000e-04,abs_R16,-2.688954581533e-04
epsilon,dt_s,3.000000000000e-11,3,3.000000000000e-04,1.000000000000e-04,abs_R26,-3.183509004491e-04
epsilon,dt_s,3.000000000000e-11,3,3.000000000000e-04,1.000000000000e-04,difference_from_finest_dt,-9.497407297368e-04
epsilon,dt_s,3.000000000000e-11,3,1.000000000000e-04,3.000000000000e-05,scaled_max_error,6.309782582985e-04
epsilon,dt_s,3.000000000000e-11,3,1.000000000000e-04,3.000000000000e-05,abs_R16,7.947939647763e-05
epsilon,dt_s,3.000000000000e-11,3,1.000000000000e-04,3.000000000000e-05,abs_R26,1.038600188983e-04
epsilon,dt_s,3.000000000000e-11,3,1.000000000000e-04,3.000000000000e-05,difference_from_finest_dt,6.309744599499e-04
epsilon,dt_s,3.000000000000e-11,3,3.000000000000e-05,1.000000000000e-05,scaled_max_error,-4.542753989496e-04
epsilon,dt_s,3.000000000000e-11,3,3.000000000000e-05,1.000000000000e-05,abs_R16,-1.637683157499e-02
epsilon,dt_s,3.000000000000e-11,3,3.000000000000e-05,1.000000000000e-05,abs_R26,-1.428704251766e-02
epsilon,dt_s,3.000000000000e-11,3,3.000000000000e-05,1.000000000000e-05,difference_from_finest_dt,-4.542726639565e-04
epsilon,dt_s,3.000000000000e-11,3,1.000000000000e-05,3.000000000000e-06,scaled_max_error,-1.266267567136e-05
epsilon,dt_s,3.000000000000e-11,3,1.000000000000e-05,3.000000000000e-06,abs_R16,-7.300057636970e-04
epsilon,dt_s,3.000000000000e-11,3,1.000000000000e-05,3.000000000000e-06,abs_R26,-4.144891525572e-04
epsilon,dt_s,3.000000000000e-11,3,1.000000000000e-05,3.000000000000e-06,difference_from_finest_dt,-1.266259945452e-05
epsilon,dt_s,3.000000000000e-11,3,3.000000000000e-06,1.000000000000e-06,scaled_max_error,5.044640472362e-04
epsilon,dt_s,3.000000000000e-11,3,3.000000000000e-06,1.000000000000e-06,abs_R16,5.579054420216e-04
epsilon,dt_s,3.000000000000e-11,3,3.000000000000e-06,1.000000000000e-06,abs_R26,4.336482063617e-04
epsilon,dt_s,3.000000000000e-11,3,3.000000000000e-06,1.000000000000e-06,difference_from_finest_dt,5.044610100419e-04
epsilon,dt_s,1.000000000000e-13,4,1.000000000000e-01,3.000000000000e-02,scaled_max_error,-1.012338973768e-03
epsilon,dt_s,1.000000000000e-13,4,1.000000000000e-01,3.000000000000e-02,abs_R16,-3.825131151016e-04
epsilon,dt_s,1.000000000000e-13,4,1.000000000000e-01,3.000000000000e-02,abs_R26,-1.218761310836e-03
epsilon,dt_s,1.000000000000e-13,4,3.000000000000e-02,1.000000000000e-02,scaled_max_error,1.757234373299e-03
epsilon,dt_s,1.000000000000e-13,4,3.000000000000e-02,1.000000000000e-02,abs_R16,1.357912683754e-03
epsilon,dt_s,1.000000000000e-13,4,3.000000000000e-02,1.000000000000e-02,abs_R26,2.684069627733e-03
epsilon,dt_s,1.000000000000e-13,4,1.000000000000e-02,3.000000000000e-03,scaled_max_error,-3.624441391515e-03
epsilon,dt_s,1.000000000000e-13,4,1.000000000000e-02,3.000000000000e-03,abs_R16,-5.822557839375e-04
epsilon,dt_s,1.000000000000e-13,4,1.000000000000e-02,3.000000000000e-03,abs_R26,1.310672247542e-02
epsilon,dt_s,1.000000000000e-13,4,3.000000000000e-03,1.000000000000e-03,scaled_max_error,1.290286570659e-02
epsilon,dt_s,1.000000000000e-13,4,3.000000000000e-03,1.000000000000e-03,abs_R16,7.457646998917e-03
epsilon,dt_s,1.000000000000e-13,4,3.000000000000e-03,1.000000000000e-03,abs_R26,3.517036748636e-03
epsilon,dt_s,1.000000000000e-13,4,1.000000000000e-03,3.000000000000e-04,scaled_max_error,3.957162951479e-02
epsilon,dt_s,1.000000000000e-13,4,1.000000000000e-03,3.000000000000e-04,abs_R16,-1.089125640382e-02
epsilon,dt_s,1.000000000000e-13,4,1.000000000000e-03,3.000000000000e-04,abs_R26,5.770286048485e-02
epsilon,dt_s,1.000000000000e-13,4,3.000000000000e-04,1.000000000000e-04,scaled_max_error,-1.083921815105e-01
epsilon,dt_s,1.000000000000e-13,4,3.000000000000e-04,1.000000000000e-04,abs_R16,1.059551528443e-01
epsilon,dt_s,1.000000000000e-13,4,3.000000000000e-04,1.000000000000e-04,abs_R26,2.511244283174e-01
epsilon,dt_s,1.000000000000e-13,4,1.000000000000e-04,3.000000000000e-05,scaled_max_error,-2.531874372669e-01
epsilon,dt_s,1.000000000000e-13,4,1.000000000000e-04,3.000000000000e-05,abs_R16,-2.285958492626e-01
epsilon,dt_s,1.000000000000e-13,4,1.000000000000e-04,3.000000000000e-05,abs_R26,-7.885310206871e-01
epsilon,dt_s,1.000000000000e-13,4,3.000000000000e-05,1.000000000000e-05,scaled_max_error,-5.499456215565e-01
epsilon,dt_s,1.000000000000e-13,4,3.000000000000e-05,1.000000000000e-05,abs_R16,4.672238755163e-02
epsilon,dt_s,1.000000000000e-13,4,3.000000000000e-05,1.000000000000e-05,abs_R26,-8.168284136047e-01
epsilon,dt_s,1.000000000000e-13,4,1.000000000000e-05,3.000000000000e-06,scaled_max_error,2.672099462381e-01
epsilon,dt_s,1.000000000000e-13,4,1.000000000000e-05,3.000000000000e-06,abs_R16,9.337498843967e-02
epsilon,dt_s,1.000000000000e-13,4,1.000000000000e-05,3.000000000000e-06,abs_R26,1.364726150189e+00
epsilon,dt_s,1.000000000000e-13,4,3.000000000000e-06,1.000000000000e-06,scaled_max_error,-2.501570466683e+00
epsilon,dt_s,1.000000000000e-13,4,3.000000000000e-06,1.000000000000e-06,abs_R16,3.198103011452e-01
epsilon,dt_s,1.000000000000e-13,4,3.000000000000e-06,1.000000000000e-06,abs_R26,-3.697434122356e+00
epsilon,dt_s,3.000000000000e-13,4,1.000000000000e-01,3.000000000000e-02,scaled_max_error,5.763599804745e-05
epsilon,dt_s,3.000000000000e-13,4,1.000000000000e-01,3.000000000000e-02,abs_R16,8.304957628477e-05
epsilon,dt_s,3.000000000000e-13,4,1.000000000000e-01,3.000000000000e-02,abs_R26,2.369431042582e-04
epsilon,dt_s,3.000000000000e-13,4,1.000000000000e-01,3.000000000000e-02,difference_from_finest_dt,0.000000000000e+00
epsilon,dt_s,3.000000000000e-13,4,3.000000000000e-02,1.000000000000e-02,scaled_max_error,0.000000000000e+00
epsilon,dt_s,3.000000000000e-13,4,3.000000000000e-02,1.000000000000e-02,abs_R16,1.115396826611e-04
epsilon,dt_s,3.000000000000e-13,4,3.000000000000e-02,1.000000000000e-02,abs_R26,-3.036740308730e-04
epsilon,dt_s,3.000000000000e-13,4,3.000000000000e-02,1.000000000000e-02,difference_from_finest_dt,-2.034555601176e-04
epsilon,dt_s,3.000000000000e-13,4,1.000000000000e-02,3.000000000000e-03,scaled_max_error,-3.841872058485e-04
epsilon,dt_s,3.000000000000e-13,4,1.000000000000e-02,3.000000000000e-03,abs_R16,2.739847153564e-04
epsilon,dt_s,3.000000000000e-13,4,1.000000000000e-02,3.000000000000e-03,abs_R26,3.843808877390e-03
epsilon,dt_s,3.000000000000e-13,4,1.000000000000e-02,3.000000000000e-03,difference_from_finest_dt,1.856510194748e-04
epsilon,dt_s,3.000000000000e-13,4,3.000000000000e-03,1.000000000000e-03,scaled_max_error,-1.473142740413e-04
epsilon,dt_s,3.000000000000e-13,4,3.000000000000e-03,1.000000000000e-03,abs_R16,-1.737538787117e-03
epsilon,dt_s,3.000000000000e-13,4,3.000000000000e-03,1.000000000000e-03,abs_R26,-1.623836133678e-02
epsilon,dt_s,3.000000000000e-13,4,3.000000000000e-03,1.000000000000e-03,difference_from_finest_dt,0.000000000000e+00
epsilon,dt_s,3.000000000000e-13,4,1.000000000000e-03,3.000000000000e-04,scaled_max_error,-2.549919198669e-03
epsilon,dt_s,3.000000000000e-13,4,1.000000000000e-03,3.000000000000e-04,abs_R16,-2.786571102042e-03
epsilon,dt_s,3.000000000000e-13,4,1.000000000000e-03,3.000000000000e-04,abs_R26,9.760332915360e-03
epsilon,dt_s,3.000000000000e-13,4,1.000000000000e-03,3.000000000000e-04,difference_from_finest_dt,0.000000000000e+00
epsilon,dt_s,3.000000000000e-13,4,3.000000000000e-04,1.000000000000e-04,scaled_max_error,1.683284704800e-02
epsilon,dt_s,3.000000000000e-13,4,3.000000000000e-04,1.000000000000e-04,abs_R16,1.247122683521e-02
epsilon,dt_s,3.000000000000e-13,4,3.000000000000e-04,1.000000000000e-04,abs_R26,-1.375292902050e-02
epsilon,dt_s,3.000000000000e-13,4,3.000000000000e-04,1.000000000000e-04,difference_from_finest_dt,-2.034555601176e-04
epsilon,dt_s,3.000000000000e-13,4,1.000000000000e-04,3.000000000000e-05,scaled_max_error,-1.437981252624e-01
epsilon,dt_s,3.000000000000e-13,4,1.000000000000e-04,3.000000000000e-05,abs_R16,-6.013683168056e-02
epsilon,dt_s,3.000000000000e-13,4,1.000000000000e-04,3.000000000000e-05,abs_R26,-1.373520312558e-01
epsilon,dt_s,3.000000000000e-13,4,1.000000000000e-04,3.000000000000e-05,difference_from_finest_dt,1.856510194748e-04
epsilon,dt_s,3.000000000000e-13,4,3.000000000000e-05,1.000000000000e-05,scaled_max_error,3.295916063104e-02
epsilon,dt_s,3.000000000000e-13,4,3.000000000000e-05,1.000000000000e-05,abs_R16,4.052009455741e-02
epsilon,dt_s,3.000000000000e-13,4,3.000000000000e-05,1.000000000000e-05,abs_R26,-5.156475443493e-01
epsilon,dt_s,3.000000000000e-13,4,3.000000000000e-05,1.000000000000e-05,difference_from_finest_dt,-4.978647986454e-02
epsilon,dt_s,3.000000000000e-13,4,1.000000000000e-05,3.000000000000e-06,scaled_max_error,-3.588989247845e-01
epsilon,dt_s,3.000000000000e-13,4,1.000000000000e-05,3.000000000000e-06,abs_R16,6.472504173644e-01
epsilon,dt_s,3.000000000000e-13,4,1.000000000000e-05,3.000000000000e-06,abs_R26,-8.302397182035e-03
epsilon,dt_s,3.000000000000e-13,4,1.000000000000e-05,3.000000000000e-06,difference_from_finest_dt,-4.467405350223e-01
epsilon,dt_s,3.000000000000e-13,4,3.000000000000e-06,1.000000000000e-06,scaled_max_error,-6.645521378979e-01
epsilon,dt_s,3.000000000000e-13,4,3.000000000000e-06,1.000000000000e-06,abs_R16,-9.687504907589e-01
epsilon,dt_s,3.000000000000e-13,4,3.000000000000e-06,1.000000000000e-06,abs_R26,-1.162079886034e-01
epsilon,dt_s,3.000000000000e-13,4,3.000000000000e-06,1.000000000000e-06,difference_from_finest_dt,-1.561888668129e+00
epsilon,dt_s,1.000000000000e-12,4,1.000000000000e-01,3.000000000000e-02,scaled_max_error,0.000000000000e+00
epsilon,dt_s,1.000000000000e-12,4,1.000000000000e-01,3.000000000000e-02,abs_R16,2.761471551764e-05
epsilon,dt_s,1.000000000000e-12,4,1.000000000000e-01,3.000000000000e-02,abs_R26,6.317661181803e-05
epsilon,dt_s,1.000000000000e-12,4,1.000000000000e-01,3.000000000000e-02,difference_from_finest_dt,0.000000000000e+00
epsilon,dt_s,1.000000000000e-12,4,3.000000000000e-02,1.000000000000e-02,scaled_max_error,0.000000000000e+00
epsilon,dt_s,1.000000000000e-12,4,3.000000000000e-02,1.000000000000e-02,abs_R16,-4.050348646560e-05
epsilon,dt_s,1.000000000000e-12,4,3.000000000000e-02,1.000000000000e-02,abs_R26,-1.329281004264e-04
epsilon,dt_s,1.000000000000e-12,4,3.000000000000e-02,1.000000000000e-02,difference_from_finest_dt,0.000000000000e+00
epsilon,dt_s,1.000000000000e-12,4,1.000000000000e-02,3.000000000000e-03,scaled_max_error,0.000000000000e+00
epsilon,dt_s,1.000000000000e-12,4,1.000000000000e-02,3.000000000000e-03,abs_R16,8.582917848814e-05
epsilon,dt_s,1.000000000000e-12,4,1.000000000000e-02,3.000000000000e-03,abs_R26,3.476612714129e-04
epsilon,dt_s,1.000000000000e-12,4,1.000000000000e-02,3.000000000000e-03,difference_from_finest_dt,0.000000000000e+00
epsilon,dt_s,1.000000000000e-12,4,3.000000000000e-03,1.000000000000e-03,scaled_max_error,0.000000000000e+00
epsilon,dt_s,1.000000000000e-12,4,3.000000000000e-03,1.000000000000e-03,abs_R16,1.490957668834e-06
epsilon,dt_s,1.000000000000e-12,4,3.000000000000e-03,1.000000000000e-03,abs_R26,-4.645708257445e-04
epsilon,dt_s,1.000000000000e-12,4,3.000000000000e-03,1.000000000000e-03,difference_from_finest_dt,0.000000000000e+00
epsilon,dt_s,1.000000000000e-12,4,1.000000000000e-03,3.000000000000e-04,scaled_max_error,-1.510839919074e-05
epsilon,dt_s,1.000000000000e-12,4,1.000000000000e-03,3.000000000000e-04,abs_R16,-1.880718820251e-04
epsilon,dt_s,1.000000000000e-12,4,1.000000000000e-03,3.000000000000e-04,abs_R26,1.467931491103e-03
epsilon,dt_s,1.000000000000e-12,4,1.000000000000e-03,3.000000000000e-04,difference_from_finest_dt,-1.502649957283e-05
epsilon,dt_s,1.000000000000e-12,4,3.000000000000e-04,1.000000000000e-04,scaled_max_error,1.655734414237e-05
epsilon,dt_s,1.000000000000e-12,4,3.000000000000e-04,1.000000000000e-04,abs_R16,-7.478650405513e-04
epsilon,dt_s,1.000000000000e-12,4,3.000000000000e-04,1.000000000000e-04,abs_R26,-7.223705329097e-04
epsilon,dt_s,1.000000000000e-12,4,3.000000000000e-04,1.000000000000e-04,difference_from_finest_dt,1.646759008291e-05
epsilon,dt_s,1.000000000000e-12,4,1.000000000000e-04,3.000000000000e-05,scaled_max_error,0.000000000000e+00
epsilon,dt_s,1.000000000000e-12,4,1.000000000000e-04,3.000000000000e-05,abs_R16,6.534036996834e-03
epsilon,dt_s,1.000000000000e-12,4,1.000000000000e-04,3.000000000000e-05,abs_R26,3.519788051821e-02
epsilon,dt_s,1.000000000000e-12,4,1.000000000000e-04,3.000000000000e-05,difference_from_finest_dt,0.000000000000e+00
epsilon,dt_s,1.000000000000e-12,4,3.000000000000e-05,1.000000000000e-05,scaled_max_error,-1.655734414240e-05
epsilon,dt_s,1.000000000000e-12,4,3.000000000000e-05,1.000000000000e-05,abs_R16,2.670422373349e-04
epsilon,dt_s,1.000000000000e-12,4,3.000000000000e-05,1.000000000000e-05,abs_R26,1.411334771562e-02
epsilon,dt_s,1.000000000000e-12,4,3.000000000000e-05,1.000000000000e-05,difference_from_finest_dt,-1.646759008297e-05
epsilon,dt_s,1.000000000000e-12,4,1.000000000000e-05,3.000000000000e-06,scaled_max_error,0.000000000000e+00
epsilon,dt_s,1.000000000000e-12,4,1.000000000000e-05,3.000000000000e-06,abs_R16,1.841098154971e-02
epsilon,dt_s,1.000000000000e-12,4,1.000000000000e-05,3.000000000000e-06,abs_R26,-9.887782725062e-03
epsilon,dt_s,1.000000000000e-12,4,1.000000000000e-05,3.000000000000e-06,difference_from_finest_dt,0.000000000000e+00
epsilon,dt_s,1.000000000000e-12,4,3.000000000000e-06,1.000000000000e-06,scaled_max_error,1.655734414237e-05
epsilon,dt_s,1.000000000000e-12,4,3.000000000000e-06,1.000000000000e-06,abs_R16,2.665957113306e-01
epsilon,dt_s,1.000000000000e-12,4,3.000000000000e-06,1.000000000000e-06,abs_R26,1.234833528368e+00
epsilon,dt_s,1.000000000000e-12,4,3.000000000000e-06,1.000000000000e-06,difference_from_finest_dt,1.646759008291e-05
epsilon,dt_s,3.000000000000e-12,4,1.000000000000e-01,3.000000000000e-02,scaled_max_error,2.367558997893e-04
epsilon,dt_s,3.000000000000e-12,4,1.000000000000e-01,3.000000000000e-02,abs_R16,-4.157742894233e-07
epsilon,dt_s,3.000000000000e-12,4,1.000000000000e-01,3.000000000000e-02,abs_R26,-2.449476443453e-06
epsilon,dt_s,3.000000000000e-12,4,1.000000000000e-01,3.000000000000e-02,difference_from_finest_dt,2.366145646496e-04
epsilon,dt_s,3.000000000000e-12,4,3.000000000000e-02,1.000000000000e-02,scaled_max_error,-5.444167011627e-06
epsilon,dt_s,3.000000000000e-12,4,3.000000000000e-02,1.000000000000e-02,abs_R16,-7.768978477597e-07
epsilon,dt_s,3.000000000000e-12,4,3.000000000000e-02,1.000000000000e-02,abs_R26,8.975000245225e-08
epsilon,dt_s,3.000000000000e-12,4,3.000000000000e-02,1.000000000000e-02,difference_from_finest_dt,-5.440916577688e-06
epsilon,dt_s,3.000000000000e-12,4,1.000000000000e-02,3.000000000000e-03,scaled_max_error,6.623469291608e-06
epsilon,dt_s,3.000000000000e-12,4,1.000000000000e-02,3.000000000000e-03,abs_R16,-4.508624664683e-06
epsilon,dt_s,3.000000000000e-12,4,1.000000000000e-02,3.000000000000e-03,abs_R26,-2.686603723586e-05
epsilon,dt_s,3.000000000000e-12,4,1.000000000000e-02,3.000000000000e-03,difference_from_finest_dt,6.619514752548e-06
epsilon,dt_s,3.000000000000e-12,4,3.000000000000e-03,1.000000000000e-03,scaled_max_error,-1.796352001982e-04
epsilon,dt_s,3.000000000000e-12,4,3.000000000000e-03,1.000000000000e-03,abs_R16,2.015211557547e-05
epsilon,dt_s,3.000000000000e-12,4,3.000000000000e-03,1.000000000000e-03,abs_R26,3.626765668437e-05
epsilon,dt_s,3.000000000000e-12,4,3.000000000000e-03,1.000000000000e-03,difference_from_finest_dt,-1.795279592411e-04
epsilon,dt_s,3.000000000000e-12,4,1.000000000000e-03,3.000000000000e-04,scaled_max_error,0.000000000000e+00
epsilon,dt_s,3.000000000000e-12,4,1.000000000000e-03,3.000000000000e-04,abs_R16,-1.063257348769e-04
epsilon,dt_s,3.000000000000e-12,4,1.000000000000e-03,3.000000000000e-04,abs_R26,-2.466807280452e-04
epsilon,dt_s,3.000000000000e-12,4,1.000000000000e-03,3.000000000000e-04,difference_from_finest_dt,0.000000000000e+00
epsilon,dt_s,3.000000000000e-12,4,3.000000000000e-04,1.000000000000e-04,scaled_max_error,2.885223721305e-04
epsilon,dt_s,3.000000000000e-12,4,3.000000000000e-04,1.000000000000e-04,abs_R16,-5.833429121441e-05
epsilon,dt_s,3.000000000000e-12,4,3.000000000000e-04,1.000000000000e-04,abs_R26,9.908488024662e-05
epsilon,dt_s,3.000000000000e-12,4,3.000000000000e-04,1.000000000000e-04,difference_from_finest_dt,2.883501159970e-04
epsilon,dt_s,3.000000000000e-12,4,1.000000000000e-04,3.000000000000e-05,scaled_max_error,-2.450625028295e-04
epsilon,dt_s,3.000000000000e-12,4,1.000000000000e-04,3.000000000000e-05,abs_R16,-5.497368381670e-05
epsilon,dt_s,3.000000000000e-12,4,1.000000000000e-04,3.000000000000e-05,abs_R26,6.637192622539e-04
epsilon,dt_s,3.000000000000e-12,4,1.000000000000e-04,3.000000000000e-05,difference_from_finest_dt,-2.449161918818e-04
epsilon,dt_s,3.000000000000e-12,4,3.000000000000e-05,1.000000000000e-05,scaled_max_error,-9.434179683201e-05
epsilon,dt_s,3.000000000000e-12,4,3.000000000000e-05,1.000000000000e-05,abs_R16,-1.682681044700e-03
epsilon,dt_s,3.000000000000e-12,4,3.000000000000e-05,1.000000000000e-05,abs_R26,1.982707701217e-03
epsilon,dt_s,3.000000000000e-12,4,3.000000000000e-05,1.000000000000e-05,difference_from_finest_dt,-9.428548267635e-05
epsilon,dt_s,3.000000000000e-12,4,1.000000000000e-05,3.000000000000e-06,scaled_max_error,3.245241203139e-04
epsilon,dt_s,3.000000000000e-12,4,1.000000000000e-05,3.000000000000e-06,abs_R16,1.633917545031e-03
epsilon,dt_s,3.000000000000e-12,4,1.000000000000e-05,3.000000000000e-06,abs_R26,-1.485939564209e-03
epsilon,dt_s,3.000000000000e-12,4,1.000000000000e-05,3.000000000000e-06,difference_from_finest_dt,3.243303787873e-04
epsilon,dt_s,3.000000000000e-12,4,3.000000000000e-06,1.000000000000e-06,scaled_max_error,7.259550050573e-06
epsilon,dt_s,3.000000000000e-12,4,3.000000000000e-06,1.000000000000e-06,abs_R16,2.649211072602e-02
epsilon,dt_s,3.000000000000e-12,4,3.000000000000e-06,1.000000000000e-06,abs_R26,3.593093750368e-02
epsilon,dt_s,3.000000000000e-12,4,3.000000000000e-06,1.000000000000e-06,difference_from_finest_dt,7.255215221641e-06
epsilon,dt_s,1.000000000000e-11,4,1.000000000000e-01,3.000000000000e-02,scaled_max_error,-1.837640876604e-03
epsilon,dt_s,1.000000000000e-11,4,1.000000000000e-01,3.000000000000e-02,abs_R16,2.455061177361e-07
epsilon,dt_s,1.000000000000e-11,4,1.000000000000e-01,3.000000000000e-02,abs_R26,1.144626573394e-06
epsilon,dt_s,1.000000000000e-11,4,1.000000000000e-01,3.000000000000e-02,difference_from_finest_dt,-1.837541943157e-03
epsilon,dt_s,1.000000000000e-11,4,3.000000000000e-02,1.000000000000e-02,scaled_max_error,5.933030288327e-03
epsilon,dt_s,1.000000000000e-11,4,3.000000000000e-02,1.000000000000e-02,abs_R16,-3.882915418393e-07
epsilon,dt_s,1.000000000000e-11,4,3.000000000000e-02,1.000000000000e-02,abs_R26,-1.112547559694e-06
epsilon,dt_s,1.000000000000e-11,4,3.000000000000e-02,1.000000000000e-02,difference_from_finest_dt,5.932710181712e-03
epsilon,dt_s,1.000000000000e-11,4,1.000000000000e-02,3.000000000000e-03,scaled_max_error,-3.711528424026e-03
epsilon,dt_s,1.000000000000e-11,4,1.000000000000e-02,3.000000000000e-03,abs_R16,6.748873906086e-07
epsilon,dt_s,1.000000000000e-11,4,1.000000000000e-02,3.000000000000e-03,abs_R26,9.764647535737e-07
epsilon,dt_s,1.000000000000e-11,4,1.000000000000e-02,3.000000000000e-03,difference_from_finest_dt,-3.711327969673e-03
epsilon,dt_s,1.000000000000e-11,4,3.000000000000e-03,1.000000000000e-03,scaled_max_error,4.076848763719e-03
epsilon,dt_s,1.000000000000e-11,4,3.000000000000e-03,1.000000000000e-03,abs_R16,2.321125668660e-07
epsilon,dt_s,1.000000000000e-11,4,3.000000000000e-03,1.000000000000e-03,abs_R26,1.778794331991e-06
epsilon,dt_s,1.000000000000e-11,4,3.000000000000e-03,1.000000000000e-03,difference_from_finest_dt,4.076628577801e-03
epsilon,dt_s,1.000000000000e-11,4,1.000000000000e-03,3.000000000000e-04,scaled_max_error,4.064164847926e-04
epsilon,dt_s,1.000000000000e-11,4,1.000000000000e-03,3.000000000000e-04,abs_R16,1.232097440651e-05
epsilon,dt_s,1.000000000000e-11,4,1.000000000000e-03,3.000000000000e-04,abs_R26,2.710636712867e-05
epsilon,dt_s,1.000000000000e-11,4,1.000000000000e-03,3.000000000000e-04,difference_from_finest_dt,4.063944801325e-04
epsilon,dt_s,1.000000000000e-11,4,3.000000000000e-04,1.000000000000e-04,scaled_max_error,-1.184488466974e-05
epsilon,dt_s,1.000000000000e-11,4,3.000000000000e-04,1.000000000000e-04,abs_R16,2.990350624151e-03
epsilon,dt_s,1.000000000000e-11,4,3.000000000000e-04,1.000000000000e-04,abs_R26,3.278528714681e-03
epsilon,dt_s,1.000000000000e-11,4,3.000000000000e-04,1.000000000000e-04,difference_from_finest_dt,-1.184424319786e-05
epsilon,dt_s,1.000000000000e-11,4,1.000000000000e-04,3.000000000000e-05,scaled_max_error,1.998929097914e-03
epsilon,dt_s,1.000000000000e-11,4,1.000000000000e-04,3.000000000000e-05,abs_R16,-9.740564914245e-03
epsilon,dt_s,1.000000000000e-11,4,1.000000000000e-04,3.000000000000e-05,abs_R26,-9.336731413962e-03
epsilon,dt_s,1.000000000000e-11,4,1.000000000000e-04,3.000000000000e-05,difference_from_finest_dt,1.998820714206e-03
epsilon,dt_s,1.000000000000e-11,4,3.000000000000e-05,1.000000000000e-05,scaled_max_error,-2.180762216956e-03
epsilon,dt_s,1.000000000000e-11,4,3.000000000000e-05,1.000000000000e-05,abs_R16,4.391791530105e-03
epsilon,dt_s,1.000000000000e-11,4,3.000000000000e-05,1.000000000000e-05,abs_R26,5.107664944888e-03
epsilon,dt_s,1.000000000000e-11,4,3.000000000000e-05,1.000000000000e-05,difference_from_finest_dt,-2.180643973453e-03
epsilon,dt_s,1.000000000000e-11,4,1.000000000000e-05,3.000000000000e-06,scaled_max_error,-1.212851559702e-04
epsilon,dt_s,1.000000000000e-11,4,1.000000000000e-05,3.000000000000e-06,abs_R16,-3.091776441888e-04
epsilon,dt_s,1.000000000000e-11,4,1.000000000000e-05,3.000000000000e-06,abs_R26,2.876622882667e-04
epsilon,dt_s,1.000000000000e-11,4,1.000000000000e-05,3.000000000000e-06,difference_from_finest_dt,-1.212785880995e-04
epsilon,dt_s,1.000000000000e-11,4,3.000000000000e-06,1.000000000000e-06,scaled_max_error,1.330812979544e-04
epsilon,dt_s,1.000000000000e-11,4,3.000000000000e-06,1.000000000000e-06,abs_R16,1.216795661889e-04
epsilon,dt_s,1.000000000000e-11,4,3.000000000000e-06,1.000000000000e-06,abs_R26,-1.507612510323e-03
epsilon,dt_s,1.000000000000e-11,4,3.000000000000e-06,1.000000000000e-06,difference_from_finest_dt,1.330740912947e-04
epsilon,dt_s,3.000000000000e-11,4,1.000000000000e-01,3.000000000000e-02,scaled_max_error,7.688178510997e-04
epsilon,dt_s,3.000000000000e-11,4,1.000000000000e-01,3.000000000000e-02,abs_R16,3.857037759633e-06
epsilon,dt_s,3.000000000000e-11,4,1.000000000000e-01,3.000000000000e-02,abs_R26,7.892423132014e-06
epsilon,dt_s,3.000000000000e-11,4,1.000000000000e-01,3.000000000000e-02,difference_from_finest_dt,7.688132223798e-04
epsilon,dt_s,3.000000000000e-11,4,3.000000000000e-02,1.000000000000e-02,scaled_max_error,-6.634287011576e-04
epsilon,dt_s,3.000000000000e-11,4,3.000000000000e-02,1.000000000000e-02,abs_R16,-2.226404058970e-06
epsilon,dt_s,3.000000000000e-11,4,3.000000000000e-02,1.000000000000e-02,abs_R26,-4.688353753590e-06
epsilon,dt_s,3.000000000000e-11,4,3.000000000000e-02,1.000000000000e-02,difference_from_finest_dt,-6.634247065473e-04
epsilon,dt_s,3.000000000000e-11,4,1.000000000000e-02,3.000000000000e-03,scaled_max_error,4.541300824258e-05
epsilon,dt_s,3.000000000000e-11,4,1.000000000000e-02,3.000000000000e-03,abs_R16,3.228590866488e-06
epsilon,dt_s,3.000000000000e-11,4,1.000000000000e-02,3.000000000000e-03,abs_R26,6.865013604449e-06
epsilon,dt_s,3.000000000000e-11,4,1.000000000000e-02,3.000000000000e-03,difference_from_finest_dt,4.541273489563e-05
epsilon,dt_s,3.000000000000e-11,4,3.000000000000e-03,1.000000000000e-03,scaled_max_error,4.036586379665e-04
epsilon,dt_s,3.000000000000e-11,4,3.000000000000e-03,1.000000000000e-03,abs_R16,-2.416406001642e-07
epsilon,dt_s,3.000000000000e-11,4,3.000000000000e-03,1.000000000000e-03,abs_R26,-1.242814455029e-06
epsilon,dt_s,3.000000000000e-11,4,3.000000000000e-03,1.000000000000e-03,difference_from_finest_dt,4.036562076872e-04
epsilon,dt_s,3.000000000000e-11,4,1.000000000000e-03,3.000000000000e-04,scaled_max_error,3.091332335746e-05
epsilon,dt_s,3.000000000000e-11,4,1.000000000000e-03,3.000000000000e-04,abs_R16,-5.132451358138e-05
epsilon,dt_s,3.000000000000e-11,4,1.000000000000e-03,3.000000000000e-04,abs_R26,-5.001599990244e-05
epsilon,dt_s,3.000000000000e-11,4,1.000000000000e-03,3.000000000000e-04,difference_from_finest_dt,3.091313719515e-05
epsilon,dt_s,3.000000000000e-11,4,3.000000000000e-04,1.000000000000e-04,scaled_max_error,-1.120117327476e-01
epsilon,dt_s,3.000000000000e-11,4,3.000000000000e-04,1.000000000000e-04,abs_R16,1.005037326408e-04
epsilon,dt_s,3.000000000000e-11,4,3.000000000000e-04,1.000000000000e-04,abs_R26,1.114658364816e-04
epsilon,dt_s,3.000000000000e-11,4,3.000000000000e-04,1.000000000000e-04,difference_from_finest_dt,-1.120097376028e-01
epsilon,dt_s,3.000000000000e-11,4,1.000000000000e-04,3.000000000000e-05,scaled_max_error,1.021920966677e-01
epsilon,dt_s,3.000000000000e-11,4,1.000000000000e-04,3.000000000000e-05,abs_R16,-2.253364602977e-02
epsilon,dt_s,3.000000000000e-11,4,1.000000000000e-04,3.000000000000e-05,abs_R26,-1.977844957551e-02
epsilon,dt_s,3.000000000000e-11,4,1.000000000000e-04,3.000000000000e-05,difference_from_finest_dt,1.021902762242e-01
epsilon,dt_s,3.000000000000e-11,4,3.000000000000e-05,1.000000000000e-05,scaled_max_error,-4.682072300490e-04
epsilon,dt_s,3.000000000000e-11,4,3.000000000000e-05,1.000000000000e-05,abs_R16,7.895351723452e-03
epsilon,dt_s,3.000000000000e-11,4,3.000000000000e-05,1.000000000000e-05,abs_R26,6.914696560220e-03
epsilon,dt_s,3.000000000000e-11,4,3.000000000000e-05,1.000000000000e-05,difference_from_finest_dt,-4.682044112006e-04
epsilon,dt_s,3.000000000000e-11,4,1.000000000000e-05,3.000000000000e-06,scaled_max_error,6.656441811182e-04
epsilon,dt_s,3.000000000000e-11,4,1.000000000000e-05,3.000000000000e-06,abs_R16,9.396973903168e-05
epsilon,dt_s,3.000000000000e-11,4,1.000000000000e-05,3.000000000000e-06,abs_R26,-7.712703103598e-05
epsilon,dt_s,3.000000000000e-11,4,1.000000000000e-05,3.000000000000e-06,difference_from_finest_dt,6.656401730225e-04
epsilon,dt_s,3.000000000000e-11,4,3.000000000000e-06,1.000000000000e-06,scaled_max_error,-2.273958444623e-04
epsilon,dt_s,3.000000000000e-11,4,3.000000000000e-06,1.000000000000e-06,abs_R16,-2.087923408047e-04
epsilon,dt_s,3.000000000000e-11,4,3.000000000000e-06,1.000000000000e-06,abs_R26,3.662901453098e-04
epsilon,dt_s,3.000000000000e-11,4,3.000000000000e-06,1.000000000000e-06,difference_from_finest_dt,-2.273944748481e-04
