dt_s,status,reason,full_matrix_error,R16,R26,abs_R16,abs_R26,dispersion_error,determinant_error,canonical_J_error,epsilon,richardson_levels,ranks,finest_epsilon,rays_per_segment,elapsed_s,integration_method,path,scaled_max_error,relative_frobenius_error,worst_entry,orbit_threader_wall_s,R11,R12,R13,R14,R15,R21,R22,R23,R24,R25,R31,R32,R33,R34,R35,R36,R41,R42,R43,R44,R45,R46,R51,R52,R53,R54,R55,R56,R61,R62,R63,R64,R65,R66,difference_from_finest_dt,R16_difference_from_finest_dt,R26_difference_from_finest_dt,mpi_matrix_max_difference,mpi_diagnostics_max_difference
1.000000000000e-13,OK,,1.019748441244e-08,-2.797886592956e-09,5.022466324323e-09,2.797886592956e-09,5.022466324323e-09,5.022466324323e-09,1.938879100000e-09,6.835432200000e-09,1.000000000000e-06,0,1,1.000000000000e-06,12,1.342747524986e+01,BORIS,L0/dt-1e-13/eps-1e-06/ranks-1,1.019748441244e-08,1.293675004642e-09,R12,1.320790000000e+01,-1.386352257094e+00,-1.278842329577e+00,0.000000000000e+00,0.000000000000e+00,0.000000000000e+00,-7.209431197156e-01,-1.386352254726e+00,0.000000000000e+00,0.000000000000e+00,0.000000000000e+00,0.000000000000e+00,0.000000000000e+00,3.851352100165e+00,1.040676316098e+01,0.000000000000e+00,0.000000000000e+00,0.000000000000e+00,0.000000000000e+00,1.329223389157e+00,3.851352100048e+00,0.000000000000e+00,0.000000000000e+00,2.251119796922e-09,7.200976435365e-09,0.000000000000e+00,0.000000000000e+00,1.000000000000e+00,-9.437723032309e-02,-1.128740701364e-09,-3.075279638144e-09,0.000000000000e+00,0.000000000000e+00,0.000000000000e+00,9.999999993050e-01,0.000000000000e+00,0.000000000000e+00,0.000000000000e+00,0.000000000000e+00,0.000000000000e+00
1.000000000000e-13,OK,,9.296484471122e-09,-7.034692544205e-09,-1.909257614266e-09,7.034692544205e-09,1.909257614266e-09,7.034692544205e-09,2.822108800000e-09,3.175949800000e-09,3.000000000000e-06,0,1,3.000000000000e-06,12,1.328869708301e+01,BORIS,L0/dt-1e-13/eps-3e-06/ranks-1,9.296484471122e-09,1.295089291207e-09,R12,1.306500000000e+01,-1.386352257698e+00,-1.278842328676e+00,0.000000000000e+00,0.000000000000e+00,0.000000000000e+00,-7.209431226633e-01,-1.386352257524e+00,0.000000000000e+00,0.000000000000e+00,0.000000000000e+00,0.000000000000e+00,0.000000000000e+00,3.851352100185e+00,1.040676316102e+01,0.000000000000e+00,0.000000000000e+00,0.000000000000e+00,0.000000000000e+00,1.329223389167e+00,3.851352100069e+00,0.000000000000e+00,0.000000000000e+00,2.144116055699e-09,6.616455889299e-09,0.000000000000e+00,0.000000000000e+00,1.000000000000e+00,-9.437722965582e-02,1.120654320233e-09,2.704857325084e-09,0.000000000000e+00,0.000000000000e+00,0.000000000000e+00,9.999999968241e-01,0.000000000000e+00,0.000000000000e+00,0.000000000000e+00,0.000000000000e+00,0.000000000000e+00
1.000000000000e-13,OK,,1.085748446705e-08,-7.315886433419e-09,-2.180226583325e-09,7.315886433419e-09,2.180226583325e-09,7.315886433419e-09,2.816147300000e-11,1.270067800000e-09,1.000000000000e-05,0,1,1.000000000000e-05,12,1.333512858301e+01,BORIS,L0/dt-1e-13/eps-1e-05/ranks-1,1.085748446705e-08,1.389687271568e-09,R12,1.311390000000e+01,-1.386352258065e+00,-1.278842330237e+00,0.000000000000e+00,0.000000000000e+00,0.000000000000e+00,-7.209431231966e-01,-1.386352258671e+00,0.000000000000e+00,0.000000000000e+00,0.000000000000e+00,0.000000000000e+00,0.000000000000e+00,3.851352100409e+00,1.040676316151e+01,0.000000000000e+00,0.000000000000e+00,0.000000000000e+00,0.000000000000e+00,1.329223389275e+00,3.851352100308e+00,0.000000000000e+00,0.000000000000e+00,2.147703576221e-09,7.145149008592e-09,0.000000000000e+00,0.000000000000e+00,1.000000000000e+00,-9.437722989189e-02,-8.332165544163e-11,-1.270067757854e-09,0.000000000000e+00,0.000000000000e+00,0.000000000000e+00,9.999999993775e-01,0.000000000000e+00,0.000000000000e+00,0.000000000000e+00,0.000000000000e+00,0.000000000000e+00
1.000000000000e-13,OK,,1.297948437617e-08,-7.911369944573e-09,-2.233425806330e-09,7.911369944573e-09,2.233425806330e-09,7.911369944573e-09,1.285345200000e-10,2.114795000000e-10,3.000000000000e-05,0,1,3.000000000000e-05,12,1.327262612502e+01,BORIS,L0/dt-1e-13/eps-3e-05/ranks-1,1.297948437617e-08,1.726557555773e-09,R12,1.305510000000e+01,-1.386352258975e+00,-1.278842332359e+00,0.000000000000e+00,0.000000000000e+00,0.000000000000e+00,-7.209431237764e-01,-1.386352258952e+00,0.000000000000e+00,0.000000000000e+00,0.000000000000e+00,0.000000000000e+00,0.000000000000e+00,3.851352102375e+00,1.040676316583e+01,0.000000000000e+00,0.000000000000e+00,0.000000000000e+00,0.000000000000e+00,1.329223390226e+00,3.851352102410e+00,0.000000000000e+00,0.000000000000e+00,2.412293939063e-09,8.012341644088e-09,0.000000000000e+00,0.000000000000e+00,1.000000000000e+00,-9.437722955082e-02,-1.742008319488e-10,-1.369041059914e-10,0.000000000000e+00,0.000000000000e+00,0.000000000000e+00,9.999999997987e-01,0.000000000000e+00,0.000000000000e+00,0.000000000000e+00,0.000000000000e+00,0.000000000000e+00
1.000000000000e-13,OK,,5.690659143909e-08,-2.085184931854e-08,-5.655819951803e-09,2.085184931854e-08,5.655819951803e-09,2.085184931854e-08,1.660818000000e-09,2.254781600000e-09,1.000000000000e-04,0,1,1.000000000000e-04,12,1.339089104184e+01,BORIS,L0/dt-1e-13/eps-0.0001/ranks-1,5.690659143909e-08,7.343991102375e-09,R34,1.316130000000e+01,-1.386352267199e+00,-1.278842362247e+00,0.000000000000e+00,0.000000000000e+00,0.000000000000e+00,-7.209431253763e-01,-1.386352266102e+00,0.000000000000e+00,0.000000000000e+00,0.000000000000e+00,0.000000000000e+00,0.000000000000e+00,3.851352124745e+00,1.040676321489e+01,0.000000000000e+00,0.000000000000e+00,0.000000000000e+00,0.000000000000e+00,1.329223401040e+00,3.851352126321e+00,0.000000000000e+00,0.000000000000e+00,5.938544033348e-09,2.100731631053e-08,0.000000000000e+00,0.000000000000e+00,1.000000000000e+00,-9.437722355836e-02,2.352062340995e-11,2.662051502867e-11,0.000000000000e+00,0.000000000000e+00,0.000000000000e+00,1.000000000063e+00,0.000000000000e+00,0.000000000000e+00,0.000000000000e+00,0.000000000000e+00,0.000000000000e+00
1.000000000000e-13,OK,,4.882665916028e-07,-1.338671188451e-07,-3.459487094224e-08,1.338671188451e-07,3.459487094224e-08,1.338671188451e-07,1.592236500000e-08,2.066213900000e-08,3.000000000000e-04,0,1,3.000000000000e-04,12,1.348021170800e+01,BORIS,L0/dt-1e-13/eps-0.0003/ranks-1,4.882665916028e-07,5.852715475563e-08,R34,1.326220000000e+01,-1.386352340479e+00,-1.278842625985e+00,0.000000000000e+00,0.000000000000e+00,0.000000000000e+00,-7.209431410731e-01,-1.386352331176e+00,0.000000000000e+00,0.000000000000e+00,0.000000000000e+00,0.000000000000e+00,0.000000000000e+00,3.851352321403e+00,1.040676364625e+01,0.000000000000e+00,0.000000000000e+00,0.000000000000e+00,0.000000000000e+00,1.329223496108e+00,3.851352336525e+00,0.000000000000e+00,0.000000000000e+00,3.709234435954e-08,1.352007419759e-07,0.000000000000e+00,0.000000000000e+00,1.000000000000e+00,-9.437717077056e-02,-4.288686297486e-12,-2.043385014654e-11,0.000000000000e+00,0.000000000000e+00,0.000000000000e+00,9.999999999628e-01,0.000000000000e+00,0.000000000000e+00,0.000000000000e+00,0.000000000000e+00,0.000000000000e+00
1.000000000000e-13,OK,,5.394936589909e-06,-1.419357437473e-06,-3.638221748574e-07,1.419357437473e-06,3.638221748574e-07,1.419357437473e-06,1.764493400000e-07,2.295272800000e-07,1.000000000000e-03,0,1,1.000000000000e-03,12,1.345505954209e+01,BORIS,L0/dt-1e-13/eps-0.001/ranks-1,5.394936589909e-06,6.413126300967e-07,R34,1.323330000000e+01,-1.386353174585e+00,-1.278845626415e+00,0.000000000000e+00,0.000000000000e+00,0.000000000000e+00,-7.209433201073e-01,-1.386353071872e+00,0.000000000000e+00,0.000000000000e+00,0.000000000000e+00,0.000000000000e+00,0.000000000000e+00,3.851354558388e+00,1.040676855292e+01,0.000000000000e+00,0.000000000000e+00,0.000000000000e+00,0.000000000000e+00,1.329224577515e+00,3.851354727603e+00,0.000000000000e+00,0.000000000000e+00,3.916062251848e-07,1.434242428619e-06,0.000000000000e+00,0.000000000000e+00,1.000000000000e+00,-9.437657030311e-02,1.635826389414e-12,2.280644172828e-12,0.000000000000e+00,0.000000000000e+00,0.000000000000e+00,1.000000000001e+00,0.000000000000e+00,0.000000000000e+00,0.000000000000e+00,0.000000000000e+00,0.000000000000e+00
1.000000000000e-13,OK,,4.853097659030e-05,-1.272071381588e-05,-3.258220421687e-06,1.272071381588e-05,3.258220421687e-06,1.272071381588e-05,1.588019900000e-06,2.065699600000e-06,3.000000000000e-03,0,1,3.000000000000e-03,12,1.343896962516e+01,BORIS,L0/dt-1e-13/eps-0.003/ranks-1,4.853097659030e-05,5.764825544235e-06,R34,1.321500000000e+01,-1.386360507502e+00,-1.278872004250e+00,0.000000000000e+00,0.000000000000e+00,0.000000000000e+00,-7.209448940316e-01,-1.386359583589e+00,0.000000000000e+00,0.000000000000e+00,0.000000000000e+00,0.000000000000e+00,0.000000000000e+00,3.851374224427e+00,1.040681168896e+01,0.000000000000e+00,0.000000000000e+00,0.000000000000e+00,0.000000000000e+00,1.329234084503e+00,3.851375748320e+00,0.000000000000e+00,0.000000000000e+00,3.508278415819e-06,1.285460100803e-05,0.000000000000e+00,0.000000000000e+00,1.000000000000e+00,-9.437129130656e-02,1.827764524432e-12,3.359239047697e-12,0.000000000000e+00,0.000000000000e+00,0.000000000000e+00,9.999999999968e-01,0.000000000000e+00,0.000000000000e+00,0.000000000000e+00,0.000000000000e+00,0.000000000000e+00
1.000000000000e-13,OK,,5.392691265911e-04,-1.412991060029e-04,-3.618823047157e-05,1.412991060029e-04,3.618823047157e-05,1.412991060029e-04,1.764248300000e-05,2.294911400000e-05,1.000000000000e-02,0,1,1.000000000000e-02,12,1.332898600004e+01,BORIS,L0/dt-1e-13/eps-0.01/ranks-1,5.392691265911e-04,6.405219171754e-05,R34,1.310840000000e+01,-1.386443929285e+00,-1.279172079097e+00,0.000000000000e+00,0.000000000000e+00,0.000000000000e+00,-7.209628010556e-01,-1.386433663463e+00,0.000000000000e+00,0.000000000000e+00,0.000000000000e+00,0.000000000000e+00,0.000000000000e+00,3.851597955592e+00,1.040730242711e+01,0.000000000000e+00,0.000000000000e+00,0.000000000000e+00,0.000000000000e+00,1.329342241307e+00,3.851614891330e+00,0.000000000000e+00,0.000000000000e+00,3.896412742897e-05,1.427722410617e-04,0.000000000000e+00,0.000000000000e+00,1.000000000000e+00,-9.431123036372e-02,-7.472578387647e-13,-1.308585951254e-12,0.000000000000e+00,0.000000000000e+00,0.000000000000e+00,9.999999999976e-01,0.000000000000e+00,0.000000000000e+00,0.000000000000e+00,0.000000000000e+00,0.000000000000e+00
1.000000000000e-13,OK,,4.858647806591e-03,-1.273674896519e-03,-3.261749228834e-04,1.273674896519e-03,3.261749228834e-04,1.273674896519e-03,1.586126200000e-04,2.062965100000e-04,3.000000000000e-02,0,1,3.000000000000e-02,12,1.323660883401e+01,BORIS,L0/dt-1e-13/eps-0.03/ranks-1,4.858647806591e-03,5.770545293989e-04,R34,1.301740000000e+01,-1.387178088372e+00,-1.281812238256e+00,0.000000000000e+00,0.000000000000e+00,0.000000000000e+00,-7.211205117405e-01,-1.387085635817e+00,0.000000000000e+00,0.000000000000e+00,0.000000000000e+00,0.000000000000e+00,0.000000000000e+00,3.853567197256e+00,1.041162180579e+01,0.000000000000e+00,0.000000000000e+00,0.000000000000e+00,0.000000000000e+00,1.330294243767e+00,3.853719810782e+00,0.000000000000e+00,0.000000000000e+00,3.509583112331e-04,1.285782815481e-03,0.000000000000e+00,0.000000000000e+00,1.000000000000e+00,-9.378224274094e-02,-1.079674445107e-13,-1.053918435822e-13,0.000000000000e+00,0.000000000000e+00,0.000000000000e+00,9.999999999998e-01,0.000000000000e+00,0.000000000000e+00,0.000000000000e+00,0.000000000000e+00,0.000000000000e+00
1.000000000000e-13,OK,,5.465773287659e-02,-1.441403307912e-02,-3.688071931069e-03,1.441403307912e-02,3.688071931069e-03,1.441403307912e-02,1.741137900000e-03,2.261020600000e-03,1.000000000000e-01,0,1,1.000000000000e-01,12,1.333495187503e+01,BORIS,L0/dt-1e-13/eps-0.1/ranks-1,5.465773287659e-02,6.487595918215e-03,R34,1.311740000000e+01,-1.395629074461e+00,-1.312117994734e+00,0.000000000000e+00,0.000000000000e+00,0.000000000000e+00,-7.229510346721e-01,-1.394594077274e+00,0.000000000000e+00,0.000000000000e+00,0.000000000000e+00,0.000000000000e+00,0.000000000000e+00,3.876271938694e+00,1.046142089086e+01,0.000000000000e+00,0.000000000000e+00,0.000000000000e+00,0.000000000000e+00,1.341273796453e+00,3.877991795495e+00,0.000000000000e+00,0.000000000000e+00,3.937635242832e-03,1.439990065550e-02,0.000000000000e+00,0.000000000000e+00,1.000000000000e+00,-8.763892632632e-02,-4.002047648861e-14,7.537091363218e-14,0.000000000000e+00,0.000000000000e+00,0.000000000000e+00,1.000000000000e+00,0.000000000000e+00,0.000000000000e+00,0.000000000000e+00,0.000000000000e+00,0.000000000000e+00
3.000000000000e-13,OK,,4.172340872799e-08,-1.856124152414e-08,-5.097628981491e-09,1.856124152414e-08,5.097628981491e-09,1.856124152414e-08,6.034651900000e-09,5.079999800000e-09,1.000000000000e-06,0,1,1.000000000000e-06,12,4.889507667162e+00,BORIS,L0/dt-3e-13/eps-1e-06/ranks-1,4.172340872799e-08,6.182896368434e-09,R34,4.666520000000e+00,-1.386352267695e+00,-1.278842359715e+00,0.000000000000e+00,0.000000000000e+00,0.000000000000e+00,-7.209431278115e-01,-1.386352269782e+00,0.000000000000e+00,0.000000000000e+00,0.000000000000e+00,0.000000000000e+00,0.000000000000e+00,3.851352078244e+00,1.040676311626e+01,0.000000000000e+00,0.000000000000e+00,0.000000000000e+00,0.000000000000e+00,1.329223378799e+00,3.851352078545e+00,0.000000000000e+00,0.000000000000e+00,3.130878354180e-09,2.082081063451e-08,0.000000000000e+00,0.000000000000e+00,1.000000000000e+00,-9.437722298183e-02,3.038788696105e-10,5.079999825942e-09,0.000000000000e+00,0.000000000000e+00,0.000000000000e+00,1.000000003789e+00,4.472000014744e-08,-1.576335493118e-08,-1.012009530581e-08,0.000000000000e+00,0.000000000000e+00
3.000000000000e-13,OK,,4.326348457262e-08,-2.191837272275e-08,-7.760061591534e-09,2.191837272275e-08,7.760061591534e-09,2.191837272275e-08,2.924134300000e-10,3.694087800000e-09,3.000000000000e-06,0,1,3.000000000000e-06,12,4.916960916948e+00,BORIS,L0/dt-3e-13/eps-3e-06/ranks-1,4.326348457262e-08,6.396675301524e-09,R12,4.652340000000e+00,-1.386352268253e+00,-1.278842362643e+00,0.000000000000e+00,0.000000000000e+00,0.000000000000e+00,-7.209431260346e-01,-1.386352267833e+00,0.000000000000e+00,0.000000000000e+00,0.000000000000e+00,0.000000000000e+00,0.000000000000e+00,3.851352078264e+00,1.040676311630e+01,0.000000000000e+00,0.000000000000e+00,0.000000000000e+00,0.000000000000e+00,1.329223378809e+00,3.851352078566e+00,0.000000000000e+00,0.000000000000e+00,5.573018662531e-09,2.155428369331e-08,0.000000000000e+00,0.000000000000e+00,1.000000000000e+00,-9.437722254009e-02,1.515595899054e-09,3.694087830031e-09,0.000000000000e+00,0.000000000000e+00,0.000000000000e+00,9.999999992291e-01,4.472000014744e-08,-1.488368017854e-08,-5.850803977268e-09,0.000000000000e+00,0.000000000000e+00
3.000000000000e-13,OK,,4.369148443040e-08,-2.079654724760e-08,-6.157132137300e-09,2.079654724760e-08,6.157132137300e-09,2.079654724760e-08,5.995244300000e-10,4.527856600000e-10,1.000000000000e-05,0,1,1.000000000000e-05,12,4.920673417160e+00,BORIS,L0/dt-3e-13/eps-1e-05/ranks-1,4.369148443040e-08,6.333956229432e-09,R12,4.699550000000e+00,-1.386352268042e+00,-1.278842363071e+00,0.000000000000e+00,0.000000000000e+00,0.000000000000e+00,-7.209431266587e-01,-1.386352268727e+00,0.000000000000e+00,0.000000000000e+00,0.000000000000e+00,0.000000000000e+00,0.000000000000e+00,3.851352078483e+00,1.040676311678e+01,0.000000000000e+00,0.000000000000e+00,0.000000000000e+00,0.000000000000e+00,1.329223378915e+00,3.851352078801e+00,0.000000000000e+00,0.000000000000e+00,6.021426667386e-09,2.117219682825e-08,0.000000000000e+00,0.000000000000e+00,1.000000000000e+00,-9.437722339709e-02,-1.756693172427e-10,-4.527856611605e-10,0.000000000000e+00,0.000000000000e+00,0.000000000000e+00,1.000000000276e+00,4.472999926008e-08,-1.348066081418e-08,-3.976905553975e-09,0.000000000000e+00,0.000000000000e+00
3.000000000000e-13,OK,,4.621348437261e-08,-2.214913916429e-08,-6.721186052095e-09,2.214913916429e-08,6.721186052095e-09,2.214913916429e-08,7.518641300000e-11,2.188038600000e-10,3.000000000000e-05,0,1,3.000000000000e-05,12,4.936745624989e+00,BORIS,L0/dt-3e-13/eps-3e-05/ranks-1,4.621348437261e-08,6.264520804525e-09,R12,4.716810000000e+00,-1.386352268895e+00,-1.278842365593e+00,0.000000000000e+00,0.000000000000e+00,0.000000000000e+00,-7.209431269269e-01,-1.386352269046e+00,0.000000000000e+00,0.000000000000e+00,0.000000000000e+00,0.000000000000e+00,0.000000000000e+00,3.851352080454e+00,1.040676312110e+01,0.000000000000e+00,0.000000000000e+00,0.000000000000e+00,0.000000000000e+00,1.329223379868e+00,3.851352080907e+00,0.000000000000e+00,0.000000000000e+00,6.482427873122e-09,2.212379576689e-08,0.000000000000e+00,0.000000000000e+00,1.000000000000e+00,-9.437722292139e-02,3.209939361043e-11,1.219472911884e-10,0.000000000000e+00,0.000000000000e+00,0.000000000000e+00,1.000000000096e+00,4.473000103644e-08,-1.423776921972e-08,-4.487760245765e-09,0.000000000000e+00,0.000000000000e+00
3.000000000000e-13,OK,,7.624548437057e-08,-3.498803995650e-08,-1.003789629190e-08,3.498803995650e-08,1.003789629190e-08,3.498803995650e-08,1.746577500000e-09,2.256576700000e-09,1.000000000000e-04,0,1,1.000000000000e-04,12,4.916735917097e+00,BORIS,L0/dt-3e-13/eps-0.0001/ranks-1,7.624548437057e-08,8.191948196673e-09,R12,4.697570000000e+00,-1.386352277316e+00,-1.278842395625e+00,0.000000000000e+00,0.000000000000e+00,0.000000000000e+00,-7.209431287962e-01,-1.386352276497e+00,0.000000000000e+00,0.000000000000e+00,0.000000000000e+00,0.000000000000e+00,0.000000000000e+00,3.851352102824e+00,1.040676317017e+01,0.000000000000e+00,0.000000000000e+00,0.000000000000e+00,0.000000000000e+00,1.329223390682e+00,3.851352104818e+00,0.000000000000e+00,0.000000000000e+00,1.003760530109e-08,3.507053795981e-08,0.000000000000e+00,0.000000000000e+00,1.000000000000e+00,-9.437721698265e-02,-2.754592946405e-11,-6.904604385360e-11,0.000000000000e+00,0.000000000000e+00,0.000000000000e+00,9.999999999792e-01,4.472000014744e-08,-1.413619063796e-08,-4.382076340097e-09,0.000000000000e+00,0.000000000000e+00
3.000000000000e-13,OK,,4.435365905664e-07,-1.479803925662e-07,-3.897324585269e-08,1.479803925662e-07,3.897324585269e-08,1.479803925662e-07,1.588502100000e-08,2.066238800000e-08,3.000000000000e-04,0,1,3.000000000000e-04,12,4.863146791933e+00,BORIS,L0/dt-3e-13/eps-0.0003/ranks-1,4.435365905664e-07,5.687525018187e-08,R34,4.641480000000e+00,-1.386352350600e+00,-1.278842659336e+00,0.000000000000e+00,0.000000000000e+00,0.000000000000e+00,-7.209431445219e-01,-1.386352341579e+00,0.000000000000e+00,0.000000000000e+00,0.000000000000e+00,0.000000000000e+00,0.000000000000e+00,3.851352299482e+00,1.040676360152e+01,0.000000000000e+00,0.000000000000e+00,0.000000000000e+00,0.000000000000e+00,1.329223485750e+00,3.851352315022e+00,0.000000000000e+00,0.000000000000e+00,4.119801812624e-08,1.491878587914e-07,0.000000000000e+00,0.000000000000e+00,1.000000000000e+00,-9.437716423039e-02,2.286006955191e-12,1.160043440670e-11,0.000000000000e+00,0.000000000000e+00,0.000000000000e+00,1.000000000001e+00,4.473000103644e-08,-1.411327372110e-08,-4.378374910450e-09,0.000000000000e+00,0.000000000000e+00
3.000000000000e-13,OK,,5.350206590649e-06,-1.433495757403e-06,-3.682045486273e-07,1.433495757403e-06,3.682045486273e-07,1.433495757403e-06,1.764529100000e-07,2.295318800000e-07,1.000000000000e-03,0,1,1.000000000000e-03,12,4.855404749978e+00,BORIS,L0/dt-3e-13/eps-0.001/ranks-1,5.350206590649e-06,6.393567323986e-07,R34,4.633170000000e+00,-1.386353184703e+00,-1.278845659808e+00,0.000000000000e+00,0.000000000000e+00,0.000000000000e+00,-7.209433235448e-01,-1.386353082287e+00,0.000000000000e+00,0.000000000000e+00,0.000000000000e+00,0.000000000000e+00,0.000000000000e+00,3.851354536467e+00,1.040676850819e+01,0.000000000000e+00,0.000000000000e+00,0.000000000000e+00,0.000000000000e+00,1.329224567157e+00,3.851354706100e+00,0.000000000000e+00,0.000000000000e+00,3.957193679295e-07,1.448243906329e-06,0.000000000000e+00,0.000000000000e+00,1.000000000000e+00,-9.437656376232e-02,2.905437950134e-12,3.285555555257e-12,0.000000000000e+00,0.000000000000e+00,0.000000000000e+00,1.000000000002e+00,4.472999926008e-08,-1.413831993000e-08,-4.382373769900e-09,0.000000000000e+00,0.000000000000e+00
3.000000000000e-13,OK,,4.848625659015e-05,-1.273485230982e-05,-3.262603301740e-06,1.273485230982e-05,3.262603301740e-06,1.273485230982e-05,1.588019700000e-06,2.065703700000e-06,3.000000000000e-03,0,1,3.000000000000e-03,12,4.843127459055e+00,BORIS,L0/dt-3e-13/eps-0.003/ranks-1,4.848625659015e-05,5.762843523552e-06,R34,4.623070000000e+00,-1.386360517622e+00,-1.278872037639e+00,0.000000000000e+00,0.000000000000e+00,0.000000000000e+00,-7.209448974732e-01,-1.386359594004e+00,0.000000000000e+00,0.000000000000e+00,0.000000000000e+00,0.000000000000e+00,0.000000000000e+00,3.851374202506e+00,1.040681164424e+01,0.000000000000e+00,0.000000000000e+00,0.000000000000e+00,0.000000000000e+00,1.329234074145e+00,3.851375726816e+00,0.000000000000e+00,0.000000000000e+00,3.512392923205e-06,1.286859826277e-05,0.000000000000e+00,0.000000000000e+00,1.000000000000e+00,-9.437128476719e-02,6.955022690591e-14,1.195308969825e-12,0.000000000000e+00,0.000000000000e+00,0.000000000000e+00,1.000000000002e+00,4.472000014744e-08,-1.413849394000e-08,-4.382880053000e-09,0.000000000000e+00,0.000000000000e+00
3.000000000000e-13,OK,,5.392243765900e-04,-1.413132472428e-04,-3.619261415416e-05,1.413132472428e-04,3.619261415416e-05,1.413132472428e-04,1.764248100000e-05,2.294911400000e-05,1.000000000000e-02,0,1,1.000000000000e-02,12,4.872305332916e+00,BORIS,L0/dt-3e-13/eps-0.01/ranks-1,5.392243765900e-04,6.405020471950e-05,R34,4.652020000000e+00,-1.386443939407e+00,-1.279172112492e+00,0.000000000000e+00,0.000000000000e+00,0.000000000000e+00,-7.209628044989e-01,-1.386433673883e+00,0.000000000000e+00,0.000000000000e+00,0.000000000000e+00,0.000000000000e+00,0.000000000000e+00,3.851597933661e+00,1.040730238236e+01,0.000000000000e+00,0.000000000000e+00,0.000000000000e+00,0.000000000000e+00,1.329342230945e+00,3.851614869817e+00,0.000000000000e+00,0.000000000000e+00,3.896824378784e-05,1.427862398884e-04,0.000000000000e+00,0.000000000000e+00,1.000000000000e+00,-9.431122382367e-02,1.762589347557e-13,6.002221871555e-13,0.000000000000e+00,0.000000000000e+00,0.000000000000e+00,9.999999999995e-01,4.475000103810e-08,-1.414123989999e-08,-4.383682590001e-09,0.000000000000e+00,0.000000000000e+00
3.000000000000e-13,OK,,4.858602986591e-03,-1.273689071444e-03,-3.261793181297e-04,1.273689071444e-03,3.261793181297e-04,1.273689071444e-03,1.586126100000e-04,2.062965000000e-04,3.000000000000e-02,0,1,3.000000000000e-02,12,4.875484166900e+00,BORIS,L0/dt-3e-13/eps-0.03/ranks-1,4.858602986591e-03,5.770525383276e-04,R34,4.654090000000e+00,-1.387178098510e+00,-1.281812271694e+00,0.000000000000e+00,0.000000000000e+00,0.000000000000e+00,-7.211205151882e-01,-1.387085646250e+00,0.000000000000e+00,0.000000000000e+00,0.000000000000e+00,0.000000000000e+00,0.000000000000e+00,3.853567175290e+00,1.041162176097e+01,0.000000000000e+00,0.000000000000e+00,0.000000000000e+00,0.000000000000e+00,1.330294233388e+00,3.853719789236e+00,0.000000000000e+00,0.000000000000e+00,3.509624341233e-04,1.285796831784e-03,0.000000000000e+00,0.000000000000e+00,1.000000000000e+00,-9.378223618657e-02,-2.335262992089e-14,2.070745133234e-13,0.000000000000e+00,0.000000000000e+00,0.000000000000e+00,1.000000000000e+00,4.482000015571e-08,-1.417492500005e-08,-4.395246299999e-09,0.000000000000e+00,0.000000000000e+00
3.000000000000e-13,OK,,5.465768722659e-02,-1.441404759407e-02,-3.688076428404e-03,1.441404759407e-02,3.688076428404e-03,1.441404759407e-02,1.741137900000e-03,2.261020600000e-03,1.000000000000e-01,0,1,1.000000000000e-01,12,4.886774917133e+00,BORIS,L0/dt-3e-13/eps-0.1/ranks-1,5.465768722659e-02,6.487593877751e-03,R34,4.668770000000e+00,-1.395629084762e+00,-1.312118028630e+00,0.000000000000e+00,0.000000000000e+00,0.000000000000e+00,-7.229510381688e-01,-1.394594087841e+00,0.000000000000e+00,0.000000000000e+00,0.000000000000e+00,0.000000000000e+00,0.000000000000e+00,3.876271916307e+00,1.046142084521e+01,0.000000000000e+00,0.000000000000e+00,0.000000000000e+00,0.000000000000e+00,1.341273785870e+00,3.877991773539e+00,0.000000000000e+00,0.000000000000e+00,3.937639433721e-03,1.439991486290e-02,0.000000000000e+00,0.000000000000e+00,1.000000000000e+00,-8.763891961863e-02,5.523179246455e-14,3.397051483294e-14,0.000000000000e+00,0.000000000000e+00,0.000000000000e+00,1.000000000000e+00,4.564999933621e-08,-1.451495000061e-08,-4.497335000068e-09,0.000000000000e+00,0.000000000000e+00
1.000000000000e-12,OK,,5.497934090215e-07,-1.828018576227e-07,-5.614300413627e-08,1.828018576227e-07,5.614300413627e-08,1.828018576227e-07,7.780096600000e-10,1.168377200000e-07,1.000000000000e-06,0,1,1.000000000000e-06,12,1.940739916870e+00,BORIS,L0/dt-1e-12/eps-1e-06/ranks-1,5.497934090215e-07,7.387841273338e-08,R34,1.722750000000e+00,-1.386352385362e+00,-1.278842747145e+00,0.000000000000e+00,0.000000000000e+00,0.000000000000e+00,-7.209431695426e-01,-1.386352391847e+00,0.000000000000e+00,0.000000000000e+00,0.000000000000e+00,0.000000000000e+00,0.000000000000e+00,3.851351829249e+00,1.040676260819e+01,0.000000000000e+00,0.000000000000e+00,0.000000000000e+00,0.000000000000e+00,1.329223261135e+00,3.851351834251e+00,0.000000000000e+00,0.000000000000e+00,-6.269492399260e-08,2.479879154484e-07,0.000000000000e+00,0.000000000000e+00,1.000000000000e+00,-9.437708367595e-02,-1.981766153219e-09,-3.262544230424e-09,0.000000000000e+00,0.000000000000e+00,0.000000000000e+00,9.999999973048e-01,5.527900004410e-07,-1.800039710297e-07,-6.116547046059e-08,0.000000000000e+00,0.000000000000e+00
1.000000000000e-12,OK,,5.497534090182e-07,-1.823802322560e-07,-5.737366581707e-08,1.823802322560e-07,5.737366581707e-08,1.823802322560e-07,1.604532300000e-09,3.809034400000e-08,3.000000000000e-06,0,1,3.000000000000e-06,12,1.944968125084e+00,BORIS,L0/dt-1e-12/eps-3e-06/ranks-1,5.497534090182e-07,7.194421133047e-08,R34,1.725060000000e+00,-1.386352383249e+00,-1.278842742811e+00,0.000000000000e+00,0.000000000000e+00,0.000000000000e+00,-7.209431661990e-01,-1.386352386892e+00,0.000000000000e+00,0.000000000000e+00,0.000000000000e+00,0.000000000000e+00,0.000000000000e+00,3.851351829268e+00,1.040676260823e+01,0.000000000000e+00,0.000000000000e+00,0.000000000000e+00,0.000000000000e+00,1.329223261145e+00,3.851351834271e+00,0.000000000000e+00,0.000000000000e+00,1.386534281805e-08,2.018501446691e-07,0.000000000000e+00,0.000000000000e+00,1.000000000000e+00,-9.437712736764e-02,-1.062024730182e-10,1.480509460299e-10,0.000000000000e+00,0.000000000000e+00,0.000000000000e+00,9.999999988769e-01,5.527900004410e-07,-1.753455397118e-07,-5.546440820280e-08,0.000000000000e+00,0.000000000000e+00
1.000000000000e-12,OK,,5.492634098658e-07,-1.819123981428e-07,-5.677533515542e-08,1.819123981428e-07,5.677533515542e-08,1.819123981428e-07,7.657807700000e-11,1.164893800000e-08,1.000000000000e-05,0,1,1.000000000000e-05,12,1.954001458129e+00,BORIS,L0/dt-1e-12/eps-1e-05/ranks-1,5.492634098658e-07,7.154861183357e-08,R34,1.733260000000e+00,-1.386352383258e+00,-1.278842742984e+00,0.000000000000e+00,0.000000000000e+00,0.000000000000e+00,-7.209431662037e-01,-1.386352387214e+00,0.000000000000e+00,0.000000000000e+00,0.000000000000e+00,0.000000000000e+00,0.000000000000e+00,3.851351829491e+00,1.040676260872e+01,0.000000000000e+00,0.000000000000e+00,0.000000000000e+00,0.000000000000e+00,1.329223261253e+00,3.851351834510e+00,0.000000000000e+00,0.000000000000e+00,4.080365440129e-08,1.862713751212e-07,0.000000000000e+00,0.000000000000e+00,1.000000000000e+00,-9.437714249940e-02,-1.559014438046e-10,-3.188719305897e-10,0.000000000000e+00,0.000000000000e+00,0.000000000000e+00,1.000000000225e+00,5.527900004410e-07,-1.745965117094e-07,-5.459510857210e-08,0.000000000000e+00,0.000000000000e+00
1.000000000000e-12,OK,,5.449434095084e-07,-1.829200805793e-07,-5.711689199386e-08,1.829200805793e-07,5.711689199386e-08,1.829200805793e-07,4.858091700000e-11,3.927718800000e-09,3.000000000000e-05,0,1,3.000000000000e-05,12,1.945670333924e+00,BORIS,L0/dt-1e-12/eps-3e-05/ranks-1,5.449434095084e-07,7.127710087159e-08,R34,1.727000000000e+00,-1.386352384008e+00,-1.278842745208e+00,0.000000000000e+00,0.000000000000e+00,0.000000000000e+00,-7.209431665134e-01,-1.386352387889e+00,0.000000000000e+00,0.000000000000e+00,0.000000000000e+00,0.000000000000e+00,0.000000000000e+00,3.851351831459e+00,1.040676261304e+01,0.000000000000e+00,0.000000000000e+00,0.000000000000e+00,0.000000000000e+00,1.329223262204e+00,3.851351836613e+00,0.000000000000e+00,0.000000000000e+00,4.876309569806e-08,1.827124822640e-07,0.000000000000e+00,0.000000000000e+00,1.000000000000e+00,-9.437714635738e-02,2.993851242905e-13,1.003557461847e-10,0.000000000000e+00,0.000000000000e+00,0.000000000000e+00,1.000000000081e+00,5.527900004410e-07,-1.750087106347e-07,-5.488346618753e-08,0.000000000000e+00,0.000000000000e+00
1.000000000000e-12,OK,,4.958734098892e-07,-1.957440239479e-07,-6.037139055327e-08,1.957440239479e-07,6.037139055327e-08,1.957440239479e-07,1.757577900000e-09,2.708449000000e-09,1.000000000000e-04,0,1,1.000000000000e-04,12,1.943917790893e+00,BORIS,L0/dt-1e-12/eps-0.0001/ranks-1,4.958734098892e-07,6.957615479465e-08,R34,1.723800000000e+00,-1.386352392305e+00,-1.278842775226e+00,0.000000000000e+00,0.000000000000e+00,0.000000000000e+00,-7.209431682537e-01,-1.386352395277e+00,0.000000000000e+00,0.000000000000e+00,0.000000000000e+00,0.000000000000e+00,0.000000000000e+00,3.851351853829e+00,1.040676266211e+01,0.000000000000e+00,0.000000000000e+00,0.000000000000e+00,0.000000000000e+00,1.329223273018e+00,3.851351860523e+00,0.000000000000e+00,0.000000000000e+00,5.471928352839e-08,1.939971289744e-07,0.000000000000e+00,0.000000000000e+00,1.000000000000e+00,-9.437714200914e-02,-3.642267065168e-11,-3.783467806449e-11,0.000000000000e+00,0.000000000000e+00,0.000000000000e+00,1.000000000011e+00,5.527800013283e-07,-1.748921746294e-07,-5.471557060147e-08,0.000000000000e+00,0.000000000000e+00
1.000000000000e-12,OK,,7.196444844482e-07,-3.087754955687e-07,-8.933017814337e-08,3.087754955687e-07,8.933017814337e-08,3.087754955687e-07,1.587154300000e-08,2.065522100000e-08,3.000000000000e-04,0,1,3.000000000000e-04,12,1.950930875028e+00,BORIS,L0/dt-1e-12/eps-0.0003/ranks-1,7.196444844482e-07,7.549541612353e-08,R12,1.728970000000e+00,-1.386352465658e+00,-1.278843039024e+00,0.000000000000e+00,0.000000000000e+00,0.000000000000e+00,-7.209431840017e-01,-1.386352460393e+00,0.000000000000e+00,0.000000000000e+00,0.000000000000e+00,0.000000000000e+00,0.000000000000e+00,3.851352050486e+00,1.040676309346e+01,0.000000000000e+00,0.000000000000e+00,0.000000000000e+00,0.000000000000e+00,1.329223368086e+00,3.851352070728e+00,0.000000000000e+00,0.000000000000e+00,8.704451084542e-08,3.079234669470e-07,0.000000000000e+00,0.000000000000e+00,1.000000000000e+00,-9.437708951499e-02,4.224558291767e-12,1.235605605446e-11,0.000000000000e+00,0.000000000000e+00,0.000000000000e+00,1.000000000007e+00,5.527900004410e-07,-1.749083767236e-07,-5.473530720113e-08,0.000000000000e+00,0.000000000000e+00
1.000000000000e-12,OK,,4.842146591244e-06,-1.594287688194e-06,-4.185719897364e-07,1.594287688194e-06,4.185719897364e-07,1.594287688194e-06,1.764515100000e-07,2.295265500000e-07,1.000000000000e-03,0,1,1.000000000000e-03,12,1.958686332917e+00,BORIS,L0/dt-1e-12/eps-0.001/ranks-1,4.842146591244e-06,6.204639606913e-07,R34,1.735980000000e+00,-1.386353299772e+00,-1.278846039488e+00,0.000000000000e+00,0.000000000000e+00,0.000000000000e+00,-7.209433630341e-01,-1.386353201093e+00,0.000000000000e+00,0.000000000000e+00,0.000000000000e+00,0.000000000000e+00,0.000000000000e+00,3.851354287471e+00,1.040676800013e+01,0.000000000000e+00,0.000000000000e+00,0.000000000000e+00,0.000000000000e+00,1.329224449493e+00,3.851354461805e+00,0.000000000000e+00,0.000000000000e+00,4.418418088387e-07,1.607055200669e-06,0.000000000000e+00,0.000000000000e+00,1.000000000000e+00,-9.437648927356e-02,1.612742227662e-12,1.486562811900e-12,0.000000000000e+00,0.000000000000e+00,0.000000000000e+00,9.999999999983e-01,5.527899986646e-07,-1.749302507210e-07,-5.474981487900e-08,0.000000000000e+00,0.000000000000e+00
1.000000000000e-12,OK,,4.797818659164e-05,-1.289564700369e-05,-3.312970974330e-06,1.289564700369e-05,3.312970974330e-06,1.289564700369e-05,1.588015000000e-06,2.065699100000e-06,3.000000000000e-03,0,1,3.000000000000e-03,12,1.943998750066e+00,BORIS,L0/dt-1e-12/eps-0.003/ranks-1,4.797818659164e-05,5.740695634816e-06,R34,1.722280000000e+00,-1.386360632692e+00,-1.278872417324e+00,0.000000000000e+00,0.000000000000e+00,0.000000000000e+00,-7.209449369631e-01,-1.386359712812e+00,0.000000000000e+00,0.000000000000e+00,0.000000000000e+00,0.000000000000e+00,0.000000000000e+00,3.851373953506e+00,1.040681113617e+01,0.000000000000e+00,0.000000000000e+00,0.000000000000e+00,0.000000000000e+00,1.329233956479e+00,3.851375482518e+00,0.000000000000e+00,0.000000000000e+00,3.558456963203e-06,1.302716442887e-05,0.000000000000e+00,0.000000000000e+00,1.000000000000e+00,-9.437121037744e-02,-5.198210321757e-13,-3.241727880065e-13,0.000000000000e+00,0.000000000000e+00,0.000000000000e+00,1.000000000001e+00,5.527899986646e-07,-1.749331878100e-07,-5.475055264300e-08,0.000000000000e+00,0.000000000000e+00
1.000000000000e-12,OK,,5.387162365906e-04,-1.414740741777e-04,-3.624299001225e-05,1.414740741777e-04,3.624299001225e-05,1.414740741777e-04,1.764247300000e-05,2.294911100000e-05,1.000000000000e-02,0,1,1.000000000000e-02,12,1.952159250155e+00,BORIS,L0/dt-1e-12/eps-0.01/ranks-1,5.387162365906e-04,6.402769454406e-05,R34,1.733500000000e+00,-1.386444054490e+00,-1.279172492214e+00,0.000000000000e+00,0.000000000000e+00,0.000000000000e+00,-7.209628439905e-01,-1.386433792697e+00,0.000000000000e+00,0.000000000000e+00,0.000000000000e+00,0.000000000000e+00,0.000000000000e+00,3.851597684626e+00,1.040730187422e+01,0.000000000000e+00,0.000000000000e+00,0.000000000000e+00,0.000000000000e+00,1.329342113262e+00,3.851614625486e+00,0.000000000000e+00,0.000000000000e+00,3.901434896292e-05,1.429447680943e-04,0.000000000000e+00,0.000000000000e+00,1.000000000000e+00,-9.431114944134e-02,3.379021949310e-13,4.541156170199e-13,0.000000000000e+00,0.000000000000e+00,0.000000000000e+00,1.000000000000e+00,5.528900004492e-07,-1.749681748000e-07,-5.475954068000e-08,0.000000000000e+00,0.000000000000e+00
1.000000000000e-12,OK,,4.858094166591e-03,-1.273850195280e-03,-3.262297832288e-04,1.273850195280e-03,3.262297832288e-04,1.273850195280e-03,1.586125500000e-04,2.062964800000e-04,3.000000000000e-02,0,1,3.000000000000e-02,12,1.946307000006e+00,BORIS,L0/dt-1e-12/eps-0.03/ranks-1,4.858094166591e-03,5.770299556351e-04,R34,1.728400000000e+00,-1.387178213735e+00,-1.281812651784e+00,0.000000000000e+00,0.000000000000e+00,0.000000000000e+00,-7.211205547216e-01,-1.387085765169e+00,0.000000000000e+00,0.000000000000e+00,0.000000000000e+00,0.000000000000e+00,0.000000000000e+00,3.853566925905e+00,1.041162125215e+01,0.000000000000e+00,0.000000000000e+00,0.000000000000e+00,0.000000000000e+00,1.330294115538e+00,3.853719544581e+00,0.000000000000e+00,0.000000000000e+00,3.510085928383e-04,1.285955507057e-03,0.000000000000e+00,0.000000000000e+00,1.000000000000e+00,-9.378216167818e-02,-3.348660843643e-14,4.574517166369e-15,0.000000000000e+00,0.000000000000e+00,0.000000000000e+00,1.000000000000e+00,5.536399996231e-07,-1.752987610001e-07,-5.486034539999e-08,0.000000000000e+00,0.000000000000e+00
1.000000000000e-12,OK,,5.465716869659e-02,-1.441421255250e-02,-3.688128053461e-03,1.441421255250e-02,3.688128053461e-03,1.441421255250e-02,1.741137300000e-03,2.261020300000e-03,1.000000000000e-01,0,1,1.000000000000e-01,12,1.934014792088e+00,BORIS,L0/dt-1e-12/eps-0.1/ranks-1,5.465716869659e-02,6.487570706109e-03,R34,1.710580000000e+00,-1.395629201815e+00,-1.312118413840e+00,0.000000000000e+00,0.000000000000e+00,0.000000000000e+00,-7.229510782538e-01,-1.394594208267e+00,0.000000000000e+00,0.000000000000e+00,0.000000000000e+00,0.000000000000e+00,0.000000000000e+00,3.876271662068e+00,1.046142032668e+01,0.000000000000e+00,0.000000000000e+00,0.000000000000e+00,0.000000000000e+00,1.341273665673e+00,3.877991524163e+00,0.000000000000e+00,0.000000000000e+00,3.937686352311e-03,1.440007565840e-02,0.000000000000e+00,0.000000000000e+00,1.000000000000e+00,-8.763884339388e-02,-1.123911104030e-14,-2.304650870139e-14,0.000000000000e+00,0.000000000000e+00,0.000000000000e+00,1.000000000000e+00,5.641799987188e-07,-1.794733799996e-07,-5.612239200019e-08,0.000000000000e+00,0.000000000000e+00
3.000000000000e-12,OK,,5.016963410043e-06,-1.591236024245e-06,-4.992387526786e-07,1.591236024245e-06,4.992387526786e-07,1.591236024245e-06,2.091885900000e-09,3.114771400000e-06,1.000000000000e-06,0,1,1.000000000000e-06,12,1.138793000020e+00,BORIS,L0/dt-3e-12/eps-1e-06/ranks-1,5.016963410043e-06,7.482108562133e-07,R34,9.171460000000e-01,-1.386353391714e+00,-1.278846071429e+00,0.000000000000e+00,0.000000000000e+00,0.000000000000e+00,-7.209435125451e-01,-1.386353428083e+00,0.000000000000e+00,0.000000000000e+00,0.000000000000e+00,0.000000000000e+00,0.000000000000e+00,3.851349639500e+00,1.040675814102e+01,0.000000000000e+00,0.000000000000e+00,0.000000000000e+00,0.000000000000e+00,1.329222226569e+00,3.851349686727e+00,0.000000000000e+00,0.000000000000e+00,-2.659789063415e-06,3.381064745378e-06,0.000000000000e+00,0.000000000000e+00,1.000000000000e+00,-9.437475620187e-02,9.282505729518e-10,1.840247404163e-10,0.000000000000e+00,0.000000000000e+00,0.000000000000e+00,9.999999995122e-01,5.019960001462e-06,-1.588438137652e-06,-5.042612190029e-07,0.000000000000e+00,0.000000000000e+00
3.000000000000e-12,OK,,5.015833409061e-06,-1.591447186725e-06,-4.980301540633e-07,1.591447186725e-06,4.980301540633e-07,1.591447186725e-06,3.406047700000e-10,1.038437500000e-06,3.000000000000e-06,0,1,3.000000000000e-06,12,1.133611290948e+00,BORIS,L0/dt-3e-12/eps-3e-06/ranks-1,5.015833409061e-06,6.624965054010e-07,R34,9.131760000000e-01,-1.386353391877e+00,-1.278846070886e+00,0.000000000000e+00,0.000000000000e+00,0.000000000000e+00,-7.209435123926e-01,-1.386353428664e+00,0.000000000000e+00,0.000000000000e+00,0.000000000000e+00,0.000000000000e+00,0.000000000000e+00,3.851349640017e+00,1.040675814215e+01,0.000000000000e+00,0.000000000000e+00,0.000000000000e+00,0.000000000000e+00,1.329222226833e+00,3.851349687316e+00,0.000000000000e+00,0.000000000000e+00,-5.815207421691e-07,2.173295705729e-06,0.000000000000e+00,0.000000000000e+00,1.000000000000e+00,-9.437591504156e-02,-2.012316762502e-10,-2.268331860418e-10,0.000000000000e+00,0.000000000000e+00,0.000000000000e+00,9.999999996444e-01,5.018870000484e-06,-1.584412494181e-06,-4.961208964490e-07,0.000000000000e+00,0.000000000000e+00
3.000000000000e-12,OK,,5.015343409909e-06,-1.591367386551e-06,-4.983122381943e-07,1.591367386551e-06,4.983122381943e-07,1.591367386551e-06,1.367913600000e-10,3.112369500000e-07,1.000000000000e-05,0,1,1.000000000000e-05,12,1.142763459124e+00,BORIS,L0/dt-3e-12/eps-1e-05/ranks-1,5.015343409909e-06,6.475532037753e-07,R34,9.230700000000e-01,-1.386353391895e+00,-1.278846070935e+00,0.000000000000e+00,0.000000000000e+00,0.000000000000e+00,-7.209435122845e-01,-1.386353428440e+00,0.000000000000e+00,0.000000000000e+00,0.000000000000e+00,0.000000000000e+00,0.000000000000e+00,3.851349640241e+00,1.040675814264e+01,0.000000000000e+00,0.000000000000e+00,0.000000000000e+00,0.000000000000e+00,1.329222226941e+00,3.851349687555e+00,0.000000000000e+00,0.000000000000e+00,1.452049761668e-07,1.750367602703e-06,0.000000000000e+00,0.000000000000e+00,1.000000000000e+00,-9.437632218738e-02,7.630932852287e-11,-3.549163717006e-13,0.000000000000e+00,0.000000000000e+00,0.000000000000e+00,1.000000000027e+00,5.018870000484e-06,-1.584051500118e-06,-4.961320116110e-07,0.000000000000e+00,0.000000000000e+00
3.000000000000e-12,OK,,5.011103409558e-06,-1.592367743296e-06,-4.985368499692e-07,1.592367743296e-06,4.985368499692e-07,1.592367743296e-06,2.012940900000e-10,1.036636400000e-07,3.000000000000e-05,0,1,3.000000000000e-05,12,1.137683375040e+00,BORIS,L0/dt-3e-12/eps-3e-05/ranks-1,5.011103409558e-06,6.447499788967e-07,R34,9.214750000000e-01,-1.386353392891e+00,-1.278846073516e+00,0.000000000000e+00,0.000000000000e+00,0.000000000000e+00,-7.209435127426e-01,-1.386353429193e+00,0.000000000000e+00,0.000000000000e+00,0.000000000000e+00,0.000000000000e+00,0.000000000000e+00,3.851349642207e+00,1.040675814688e+01,0.000000000000e+00,0.000000000000e+00,0.000000000000e+00,0.000000000000e+00,1.329222227891e+00,3.851349689610e+00,0.000000000000e+00,0.000000000000e+00,3.531968152808e-07,1.630712089244e-06,0.000000000000e+00,0.000000000000e+00,1.000000000000e+00,-9.437643764367e-02,-1.605922485590e-11,-1.085356976818e-10,0.000000000000e+00,0.000000000000e+00,0.000000000000e+00,1.000000000020e+00,5.018950000490e-06,-1.584456373351e-06,-4.963034241629e-07,0.000000000000e+00,0.000000000000e+00
3.000000000000e-12,OK,,4.963053410023e-06,-1.605215452866e-06,-5.018562433957e-07,1.605215452866e-06,5.018562433957e-07,1.605215452866e-06,1.770432900000e-09,3.212720200000e-08,1.000000000000e-04,0,1,1.000000000000e-04,12,1.129521084018e+00,BORIS,L0/dt-3e-12/eps-0.0001/ranks-1,4.963053410023e-06,6.420990081912e-07,R34,9.102150000000e-01,-1.386353401175e+00,-1.278846103457e+00,0.000000000000e+00,0.000000000000e+00,0.000000000000e+00,-7.209435145351e-01,-1.386353436610e+00,0.000000000000e+00,0.000000000000e+00,0.000000000000e+00,0.000000000000e+00,0.000000000000e+00,3.851349664079e+00,1.040675819493e+01,0.000000000000e+00,0.000000000000e+00,0.000000000000e+00,0.000000000000e+00,1.329222238451e+00,3.851349713000e+00,0.000000000000e+00,0.000000000000e+00,4.293915062598e-07,1.601395220641e-06,0.000000000000e+00,0.000000000000e+00,1.000000000000e+00,-9.437647228437e-02,9.031349815692e-12,-1.595970505310e-11,0.000000000000e+00,0.000000000000e+00,0.000000000000e+00,9.999999999999e-01,5.019960001462e-06,-1.584363603547e-06,-4.962004234439e-07,0.000000000000e+00,0.000000000000e+00
3.000000000000e-12,OK,,4.531703408972e-06,-1.718257242372e-06,-5.308133886885e-07,1.718257242372e-06,5.308133886885e-07,1.718257242372e-06,1.587550300000e-08,2.163027500000e-08,3.000000000000e-04,0,1,3.000000000000e-04,12,1.106834208826e+00,BORIS,L0/dt-3e-12/eps-0.0003/ranks-1,4.531703408972e-06,6.265294433848e-07,R34,8.872140000000e-01,-1.386353474508e+00,-1.278846367266e+00,0.000000000000e+00,0.000000000000e+00,0.000000000000e+00,-7.209435302800e-01,-1.386353501754e+00,0.000000000000e+00,0.000000000000e+00,0.000000000000e+00,0.000000000000e+00,0.000000000000e+00,3.851349860737e+00,1.040675862628e+01,0.000000000000e+00,0.000000000000e+00,0.000000000000e+00,0.000000000000e+00,1.329222333519e+00,3.851349923204e+00,0.000000000000e+00,0.000000000000e+00,4.812413065548e-07,1.703468430811e-06,0.000000000000e+00,0.000000000000e+00,1.000000000000e+00,-9.437643113624e-02,-1.329554070606e-12,-1.578387365961e-12,0.000000000000e+00,0.000000000000e+00,0.000000000000e+00,9.999999999964e-01,5.019970000575e-06,-1.584390123527e-06,-4.962185177463e-07,0.000000000000e+00,0.000000000000e+00
3.000000000000e-12,OK,,7.048341484461e-06,-3.003762200058e-06,-8.600417340520e-07,3.003762200058e-06,8.600417340520e-07,3.003762200058e-06,1.764501200000e-07,2.295271700000e-07,1.000000000000e-03,0,1,1.000000000000e-03,12,1.139759541024e+00,BORIS,L0/dt-3e-12/eps-0.001/ranks-1,7.048341484461e-06,7.348326702143e-07,R12,9.176340000000e-01,-1.386354308610e+00,-1.278849367721e+00,0.000000000000e+00,0.000000000000e+00,0.000000000000e+00,-7.209437093043e-01,-1.386354242449e+00,0.000000000000e+00,0.000000000000e+00,0.000000000000e+00,0.000000000000e+00,0.000000000000e+00,3.851352097717e+00,1.040676353294e+01,0.000000000000e+00,0.000000000000e+00,0.000000000000e+00,0.000000000000e+00,1.329223414924e+00,3.851352314277e+00,0.000000000000e+00,0.000000000000e+00,8.402950835852e-07,2.996836803017e-06,0.000000000000e+00,0.000000000000e+00,1.000000000000e+00,-9.437583613468e-02,-8.610805121300e-13,-3.683235263315e-12,0.000000000000e+00,0.000000000000e+00,0.000000000000e+00,1.000000000000e+00,5.019979999688e-06,-1.584404762585e-06,-4.962195591946e-07,0.000000000000e+00,0.000000000000e+00
3.000000000000e-12,OK,,4.351195659069e-05,-1.430515182656e-05,-3.754450609625e-06,1.430515182656e-05,3.754450609625e-06,1.430515182656e-05,1.588093500000e-06,2.065699700000e-06,3.000000000000e-03,0,1,3.000000000000e-03,12,1.120602667099e+00,BORIS,L0/dt-3e-12/eps-0.003/ranks-1,4.351195659069e-05,5.574499266795e-06,R34,9.006440000000e-01,-1.386361641542e+00,-1.278875745592e+00,0.000000000000e+00,0.000000000000e+00,0.000000000000e+00,-7.209452832345e-01,-1.386360754175e+00,0.000000000000e+00,0.000000000000e+00,0.000000000000e+00,0.000000000000e+00,0.000000000000e+00,3.851371764219e+00,1.040680666994e+01,0.000000000000e+00,0.000000000000e+00,0.000000000000e+00,0.000000000000e+00,1.329232922150e+00,3.851373335482e+00,0.000000000000e+00,0.000000000000e+00,3.961444135584e-06,1.441713886752e-05,0.000000000000e+00,0.000000000000e+00,1.000000000000e+00,-9.437055693587e-02,-4.316297426947e-13,-2.418495543733e-13,0.000000000000e+00,0.000000000000e+00,0.000000000000e+00,9.999999999999e-01,5.019019999608e-06,-1.584438010680e-06,-4.962301879380e-07,0.000000000000e+00,0.000000000000e+00
3.000000000000e-12,OK,,5.342482365904e-04,-1.428838865913e-04,-3.668456207012e-05,1.428838865913e-04,3.668456207012e-05,1.428838865913e-04,1.764242000000e-05,2.294908900000e-05,1.000000000000e-02,0,1,1.000000000000e-02,12,1.114587209187e+00,BORIS,L0/dt-3e-12/eps-0.01/ranks-1,5.342482365904e-04,6.383172174960e-05,R34,8.912390000000e-01,-1.386445063491e+00,-1.279175820876e+00,0.000000000000e+00,0.000000000000e+00,0.000000000000e+00,-7.209631903072e-01,-1.386434834175e+00,0.000000000000e+00,0.000000000000e+00,0.000000000000e+00,0.000000000000e+00,0.000000000000e+00,3.851595494458e+00,1.040729740622e+01,0.000000000000e+00,0.000000000000e+00,0.000000000000e+00,0.000000000000e+00,1.329341078494e+00,3.851612477565e+00,0.000000000000e+00,0.000000000000e+00,3.941846286175e-05,1.443345707709e-04,0.000000000000e+00,0.000000000000e+00,1.000000000000e+00,-9.431049722401e-02,-3.309366464006e-14,-1.801195685052e-13,0.000000000000e+00,0.000000000000e+00,0.000000000000e+00,9.999999999997e-01,5.020890000651e-06,-1.584780588400e-06,-4.963315985500e-07,0.000000000000e+00,0.000000000000e+00
3.000000000000e-12,OK,,4.853619466591e-03,-1.275262712669e-03,-3.266721667373e-04,1.275262712669e-03,3.266721667373e-04,1.275262712669e-03,1.586120700000e-04,2.062962600000e-04,3.000000000000e-02,0,1,3.000000000000e-02,12,1.100363375153e+00,BORIS,L0/dt-3e-12/eps-0.03/ranks-1,4.853619466591e-03,5.768310565127e-04,R34,8.797140000000e-01,-1.387179224048e+00,-1.281815983924e+00,0.000000000000e+00,0.000000000000e+00,0.000000000000e+00,-7.211209014255e-01,-1.387086807651e+00,0.000000000000e+00,0.000000000000e+00,0.000000000000e+00,0.000000000000e+00,0.000000000000e+00,3.853564732345e+00,1.041161677745e+01,0.000000000000e+00,0.000000000000e+00,0.000000000000e+00,0.000000000000e+00,1.330293079137e+00,3.853717393417e+00,0.000000000000e+00,0.000000000000e+00,3.514131194995e-04,1.287346644902e-03,0.000000000000e+00,0.000000000000e+00,1.000000000000e+00,-9.378150838326e-02,4.186433000241e-14,9.230458486956e-15,0.000000000000e+00,0.000000000000e+00,0.000000000000e+00,1.000000000000e+00,5.028340000379e-06,-1.587816150000e-06,-4.972438539000e-07,0.000000000000e+00,0.000000000000e+00
3.000000000000e-12,OK,,5.465260333659e-02,-1.441565871824e-02,-3.688580619035e-03,1.441565871824e-02,3.688580619035e-03,1.441565871824e-02,1.741131600000e-03,2.261018300000e-03,1.000000000000e-01,0,1,1.000000000000e-01,12,1.103757750010e+00,BORIS,L0/dt-3e-12/eps-0.1/ranks-1,5.465260333659e-02,6.487365903608e-03,R34,8.843210000000e-01,-1.395630228194e+00,-1.312121790957e+00,0.000000000000e+00,0.000000000000e+00,0.000000000000e+00,-7.229514298051e-01,-1.394595263980e+00,0.000000000000e+00,0.000000000000e+00,0.000000000000e+00,0.000000000000e+00,0.000000000000e+00,3.876269423055e+00,1.046141576132e+01,0.000000000000e+00,0.000000000000e+00,0.000000000000e+00,0.000000000000e+00,1.341272607217e+00,3.877989328822e+00,0.000000000000e+00,0.000000000000e+00,3.938097636810e-03,1.440148515321e-02,0.000000000000e+00,0.000000000000e+00,1.000000000000e+00,-8.763817504159e-02,5.708716035393e-15,1.453696769606e-14,0.000000000000e+00,0.000000000000e+00,0.000000000000e+00,1.000000000000e+00,5.129539999871e-06,-1.625639120000e-06,-5.086879659999e-07,0.000000000000e+00,0.000000000000e+00
1.000000000000e-11,OK,,5.534830340892e-05,-1.752417481475e-05,-5.481644647625e-06,1.752417481475e-05,5.481644647625e-06,1.752417481475e-05,2.706149000000e-08,1.989743700000e-08,1.000000000000e-06,0,1,1.000000000000e-06,12,8.589831669815e-01,BORIS,L0/dt-1e-11/eps-1e-06/ranks-1,5.534830340892e-05,7.103020223718e-06,R34,6.414740000000e-01,-1.386364807112e+00,-1.278883699459e+00,0.000000000000e+00,0.000000000000e+00,0.000000000000e+00,-7.209474254928e-01,-1.386365185030e+00,0.000000000000e+00,0.000000000000e+00,0.000000000000e+00,0.000000000000e+00,0.000000000000e+00,3.851324959800e+00,1.040670780968e+01,0.000000000000e+00,0.000000000000e+00,0.000000000000e+00,0.000000000000e+00,1.329210574573e+00,3.851325505390e+00,0.000000000000e+00,0.000000000000e+00,5.029414809183e-06,1.727940393137e-05,0.000000000000e+00,0.000000000000e+00,1.000000000000e+00,-9.436910643059e-02,1.049520521772e-10,2.148110193306e-10,0.000000000000e+00,0.000000000000e+00,0.000000000000e+00,1.000000001134e+00,5.535130000034e-05,-1.752137692816e-05,-5.486667113949e-06,0.000000000000e+00,0.000000000000e+00
1.000000000000e-11,OK,,5.532927341001e-05,-1.741080655994e-05,-5.451454337721e-06,1.741080655994e-05,5.451454337721e-06,1.741080655994e-05,4.857114700000e-11,6.796064300000e-10,3.000000000000e-06,0,1,3.000000000000e-06,12,8.611534170341e-01,BORIS,L0/dt-1e-11/eps-3e-06/ranks-1,5.532927341001e-05,7.084545017604e-06,R34,6.429400000000e-01,-1.386364723765e+00,-1.278883427031e+00,0.000000000000e+00,0.000000000000e+00,0.000000000000e+00,-7.209474024073e-01,-1.386365111186e+00,0.000000000000e+00,0.000000000000e+00,0.000000000000e+00,0.000000000000e+00,0.000000000000e+00,3.851324959820e+00,1.040670782871e+01,0.000000000000e+00,0.000000000000e+00,0.000000000000e+00,0.000000000000e+00,1.329210574582e+00,3.851325517130e+00,0.000000000000e+00,0.000000000000e+00,4.995156109053e-06,1.716665030889e-05,0.000000000000e+00,0.000000000000e+00,1.000000000000e+00,-9.436915681632e-02,3.572695646941e-11,-1.117075200083e-10,0.000000000000e+00,0.000000000000e+00,0.000000000000e+00,1.000000000342e+00,5.533231000143e-05,-1.740377186740e-05,-5.449545080107e-06,0.000000000000e+00,0.000000000000e+00
1.000000000000e-11,OK,,5.532878340908e-05,-1.744499796226e-05,-5.463879231454e-06,1.744499796226e-05,5.463879231454e-06,1.744499796226e-05,6.770100700000e-09,1.153583900000e-05,1.000000000000e-05,0,1,1.000000000000e-05,12,8.718510421459e-01,BORIS,L0/dt-1e-11/eps-1e-05/ranks-1,5.532878340908e-05,7.296459105841e-06,R34,6.563660000000e-01,-1.386364750928e+00,-1.278883509467e+00,0.000000000000e+00,0.000000000000e+00,0.000000000000e+00,-7.209474125908e-01,-1.386365141403e+00,0.000000000000e+00,0.000000000000e+00,0.000000000000e+00,0.000000000000e+00,0.000000000000e+00,3.851324960043e+00,1.040670782920e+01,0.000000000000e+00,0.000000000000e+00,0.000000000000e+00,0.000000000000e+00,1.329210574690e+00,3.851325517369e+00,0.000000000000e+00,0.000000000000e+00,-6.533846796604e-06,2.390706994904e-05,0.000000000000e+00,0.000000000000e+00,1.000000000000e+00,-9.436269703959e-02,5.125237009350e-11,-1.160338123553e-11,0.000000000000e+00,0.000000000000e+00,0.000000000000e+00,9.999999999638e-01,5.533230999966e-05,-1.743768207583e-05,-5.461699004871e-06,0.000000000000e+00,0.000000000000e+00
1.000000000000e-11,OK,,5.532446340872e-05,-1.745202781573e-05,-5.465589124011e-06,1.745202781573e-05,5.465589124011e-06,1.745202781573e-05,3.670070900000e-10,3.846560900000e-06,3.000000000000e-05,0,1,3.000000000000e-05,12,8.934204170946e-01,BORIS,L0/dt-1e-11/eps-3e-05/ranks-1,5.532446340872e-05,7.136675115466e-06,R34,6.732720000000e-01,-1.386364748875e+00,-1.278883522367e+00,0.000000000000e+00,0.000000000000e+00,0.000000000000e+00,-7.209474121996e-01,-1.386365144598e+00,0.000000000000e+00,0.000000000000e+00,0.000000000000e+00,0.000000000000e+00,0.000000000000e+00,3.851324962010e+00,1.040670783352e+01,0.000000000000e+00,0.000000000000e+00,0.000000000000e+00,0.000000000000e+00,1.329210575641e+00,3.851325519471e+00,0.000000000000e+00,0.000000000000e+00,1.158131135744e-06,1.944122481835e-05,0.000000000000e+00,0.000000000000e+00,1.000000000000e+00,-9.436699162327e-02,2.256442632272e-11,-9.191118864036e-12,0.000000000000e+00,0.000000000000e+00,0.000000000000e+00,1.000000000000e+00,5.533230999966e-05,-1.744411644579e-05,-5.463355698205e-06,0.000000000000e+00,0.000000000000e+00
1.000000000000e-11,OK,,5.527540340999e-05,-1.746484538918e-05,-5.468871327519e-06,1.746484538918e-05,5.468871327519e-06,1.746484538918e-05,1.926198000000e-09,1.155032900000e-06,1.000000000000e-04,0,1,1.000000000000e-04,12,8.811938329600e-01,BORIS,L0/dt-1e-11/eps-0.0001/ranks-1,5.527540340999e-05,7.099737753624e-06,R34,6.635850000000e-01,-1.386364757272e+00,-1.278883552359e+00,0.000000000000e+00,0.000000000000e+00,0.000000000000e+00,-7.209474140056e-01,-1.386365151992e+00,0.000000000000e+00,0.000000000000e+00,0.000000000000e+00,0.000000000000e+00,0.000000000000e+00,3.851324984379e+00,1.040670788258e+01,0.000000000000e+00,0.000000000000e+00,0.000000000000e+00,0.000000000000e+00,1.329210586455e+00,3.851325543382e+00,0.000000000000e+00,0.000000000000e+00,3.854351638238e-06,1.788897172892e-05,0.000000000000e+00,0.000000000000e+00,1.000000000000e+00,-9.436848976700e-02,8.154556459853e-13,-2.893649648640e-12,0.000000000000e+00,0.000000000000e+00,0.000000000000e+00,9.999999999997e-01,5.533231000143e-05,-1.744399353986e-05,-5.463215507567e-06,0.000000000000e+00,0.000000000000e+00
1.000000000000e-11,OK,,5.484405340894e-05,-1.757785616753e-05,-5.497796617127e-06,1.757785616753e-05,5.497796617127e-06,1.757785616753e-05,1.604509000000e-08,3.960132400000e-07,3.000000000000e-04,0,1,3.000000000000e-04,12,8.805033329409e-01,BORIS,L0/dt-1e-11/eps-0.0003/ranks-1,5.484405340894e-05,7.074258025082e-06,R34,6.569400000000e-01,-1.386364830632e+00,-1.278883816139e+00,0.000000000000e+00,0.000000000000e+00,0.000000000000e+00,-7.209474297597e-01,-1.386365217092e+00,0.000000000000e+00,0.000000000000e+00,0.000000000000e+00,0.000000000000e+00,0.000000000000e+00,3.851325181033e+00,1.040670831393e+01,0.000000000000e+00,0.000000000000e+00,0.000000000000e+00,0.000000000000e+00,1.329210681522e+00,3.851325753582e+00,0.000000000000e+00,0.000000000000e+00,4.654745094881e-06,1.755593930211e-05,0.000000000000e+00,0.000000000000e+00,1.000000000000e+00,-9.436886676700e-02,1.163367357517e-13,-4.299756074531e-12,0.000000000000e+00,0.000000000000e+00,0.000000000000e+00,9.999999999965e-01,5.533232000055e-05,-1.744398904868e-05,-5.463201746185e-06,0.000000000000e+00,0.000000000000e+00
1.000000000000e-11,OK,,5.021238340852e-05,-1.886341447987e-05,-5.827049796569e-06,1.886341447987e-05,5.827049796569e-06,1.886341447987e-05,1.766089500000e-07,2.434753600000e-07,1.000000000000e-03,0,1,1.000000000000e-03,12,8.465346668381e-01,BORIS,L0/dt-1e-11/eps-0.001/ranks-1,5.021238340852e-05,6.915981126963e-06,R34,6.263930000000e-01,-1.386365664754e+00,-1.278886816641e+00,0.000000000000e+00,0.000000000000e+00,0.000000000000e+00,-7.209476087929e-01,-1.386365957805e+00,0.000000000000e+00,0.000000000000e+00,0.000000000000e+00,0.000000000000e+00,0.000000000000e+00,3.851327292964e+00,1.040671294560e+01,0.000000000000e+00,0.000000000000e+00,0.000000000000e+00,0.000000000000e+00,1.329211699004e+00,3.851328002075e+00,0.000000000000e+00,0.000000000000e+00,5.277636378088e-06,1.869797979786e-05,0.000000000000e+00,0.000000000000e+00,1.000000000000e+00,-9.436841715177e-02,6.330451923846e-13,-3.130636435838e-13,0.000000000000e+00,0.000000000000e+00,0.000000000000e+00,1.000000000000e+00,5.560731999843e-05,-1.744405704240e-05,-5.463227621712e-06,0.000000000000e+00,0.000000000000e+00
1.000000000000e-11,OK,,7.087563748454e-05,-3.016512328235e-05,-8.721553538871e-06,3.016512328235e-05,8.721553538871e-06,3.016512328235e-05,1.608031700000e-06,2.065828900000e-06,3.000000000000e-03,0,1,3.000000000000e-03,12,8.533564168029e-01,BORIS,L0/dt-1e-11/eps-0.003/ranks-1,7.087563748454e-05,7.423382005227e-06,R12,6.317130000000e-01,-1.386372997849e+00,-1.278913195017e+00,0.000000000000e+00,0.000000000000e+00,0.000000000000e+00,-7.209491827749e-01,-1.386372469704e+00,0.000000000000e+00,0.000000000000e+00,0.000000000000e+00,0.000000000000e+00,0.000000000000e+00,3.851347083609e+00,1.040675633675e+01,0.000000000000e+00,0.000000000000e+00,0.000000000000e+00,0.000000000000e+00,1.329221269702e+00,3.851349153219e+00,0.000000000000e+00,0.000000000000e+00,8.440982202899e-06,3.005739630148e-05,0.000000000000e+00,0.000000000000e+00,1.000000000000e+00,-9.436319667794e-02,1.433920848443e-13,-1.690116911986e-13,0.000000000000e+00,0.000000000000e+00,0.000000000000e+00,1.000000000000e+00,5.535220999953e-05,-1.744440946647e-05,-5.463333117184e-06,0.000000000000e+00,0.000000000000e+00
1.000000000000e-11,OK,,4.839076565908e-04,-1.587475943591e-04,-4.165280137658e-05,1.587475943591e-04,4.165280137658e-05,1.587475943591e-04,1.766214900000e-05,2.294901300000e-05,1.000000000000e-02,0,1,1.000000000000e-02,12,8.620409171563e-01,BORIS,L0/dt-1e-11/eps-0.01/ranks-1,4.839076565908e-04,6.194485081622e-05,R34,6.367870000000e-01,-1.386456421608e+00,-1.279213275274e+00,0.000000000000e+00,0.000000000000e+00,0.000000000000e+00,-7.209670903950e-01,-1.386446551148e+00,0.000000000000e+00,0.000000000000e+00,0.000000000000e+00,0.000000000000e+00,0.000000000000e+00,3.851570810193e+00,1.040724706564e+01,0.000000000000e+00,0.000000000000e+00,0.000000000000e+00,0.000000000000e+00,1.329329424311e+00,3.851588291756e+00,0.000000000000e+00,0.000000000000e+00,4.395460720544e-05,1.599770747720e-04,0.000000000000e+00,0.000000000000e+00,1.000000000000e+00,-9.430313399238e-02,-7.640505547382e-14,-1.426604487375e-13,0.000000000000e+00,0.000000000000e+00,0.000000000000e+00,1.000000000000e+00,5.536147000029e-05,-1.744848835620e-05,-5.464570905010e-06,0.000000000000e+00,0.000000000000e+00
1.000000000000e-11,OK,,4.802929796591e-03,-1.291159262301e-03,-3.316503549373e-04,1.291159262301e-03,3.316503549373e-04,1.291159262301e-03,1.586079800000e-04,2.062943100000e-04,3.000000000000e-02,0,1,3.000000000000e-02,12,8.626732081175e-01,BORIS,L0/dt-1e-11/eps-0.03/ranks-1,4.802929796591e-03,5.745991536507e-04,R34,6.438140000000e-01,-1.387190598123e+00,-1.281853482827e+00,0.000000000000e+00,0.000000000000e+00,0.000000000000e+00,-7.211248063384e-01,-1.387098537760e+00,0.000000000000e+00,0.000000000000e+00,0.000000000000e+00,0.000000000000e+00,0.000000000000e+00,3.853539877229e+00,1.041156608778e+01,0.000000000000e+00,0.000000000000e+00,0.000000000000e+00,0.000000000000e+00,1.330281338813e+00,3.853693031258e+00,0.000000000000e+00,0.000000000000e+00,3.559654914699e-04,1.303002335225e-03,0.000000000000e+00,0.000000000000e+00,1.000000000000e+00,-9.377414531251e-02,-3.273599006269e-15,-1.286620622065e-14,0.000000000000e+00,0.000000000000e+00,0.000000000000e+00,1.000000000000e+00,5.571800999959e-05,-1.748436578200e-05,-5.475432053900e-06,0.000000000000e+00,0.000000000000e+00
1.000000000000e-11,OK,,5.460133452659e-02,-1.443202773198e-02,-3.693705145963e-03,1.443202773198e-02,3.693705145963e-03,1.443202773198e-02,1.741129600000e-03,2.261002300000e-03,1.000000000000e-01,0,1,1.000000000000e-01,12,8.269212080631e-01,BORIS,L0/dt-1e-11/eps-0.1/ranks-1,5.460133452659e-02,6.485086042245e-03,R34,6.094670000000e-01,-1.395641834202e+00,-1.312160009023e+00,0.000000000000e+00,0.000000000000e+00,0.000000000000e+00,-7.229554088898e-01,-1.394607216419e+00,0.000000000000e+00,0.000000000000e+00,0.000000000000e+00,0.000000000000e+00,0.000000000000e+00,3.876244280876e+00,1.046136449251e+01,0.000000000000e+00,0.000000000000e+00,0.000000000000e+00,0.000000000000e+00,1.341260732913e+00,3.877964691618e+00,0.000000000000e+00,0.000000000000e+00,3.942743357225e-03,1.441742954294e-02,0.000000000000e+00,0.000000000000e+00,1.000000000000e+00,-8.763061028163e-02,-7.016991036377e-15,-2.543627009510e-14,0.000000000000e+00,0.000000000000e+00,0.000000000000e+00,1.000000000000e+00,5.639834999904e-05,-1.799465286000e-05,-5.633214894000e-06,0.000000000000e+00,0.000000000000e+00
3.000000000000e-11,OK,,4.978550334087e-04,-1.575527099519e-04,-4.927895785700e-05,1.575527099519e-04,4.927895785700e-05,1.575527099519e-04,1.776819200000e-08,1.758836300000e-08,1.000000000000e-06,0,1,1.000000000000e-06,12,7.791508329101e-01,BORIS,L0/dt-3e-11/eps-1e-06/ranks-1,4.978550334087e-04,6.388790984070e-05,R34,5.468600000000e-01,-1.386465194703e+00,-1.279214441196e+00,0.000000000000e+00,0.000000000000e+00,0.000000000000e+00,-7.209818301645e-01,-1.386468523510e+00,0.000000000000e+00,0.000000000000e+00,0.000000000000e+00,0.000000000000e+00,0.000000000000e+00,3.851107898109e+00,1.040626530295e+01,0.000000000000e+00,0.000000000000e+00,0.000000000000e+00,0.000000000000e+00,1.329108079425e+00,3.851112896129e+00,0.000000000000e+00,0.000000000000e+00,4.526215171470e-05,1.553967500804e-04,0.000000000000e+00,0.000000000000e+00,9.999999999995e-01,-9.430423542330e-02,-7.197027216862e-11,3.202322837462e-10,0.000000000000e+00,0.000000000000e+00,0.000000000000e+00,9.999999998206e-01,4.978580300001e-04,-1.575499120653e-04,-4.928398032332e-05,0.000000000000e+00,0.000000000000e+00
3.000000000000e-11,OK,,4.978549934087e-04,-1.575867185843e-04,-4.929372388401e-05,1.575867185843e-04,4.929372388401e-05,1.575867185843e-04,7.845632300000e-09,7.725196800000e-09,3.000000000000e-06,0,1,3.000000000000e-06,12,7.878484579269e-01,BORIS,L0/dt-3e-11/eps-3e-06/ranks-1,4.978549934087e-04,6.389313854489e-05,R34,5.521480000000e-01,-1.386465222609e+00,-1.279214523076e+00,0.000000000000e+00,0.000000000000e+00,0.000000000000e+00,-7.209818370925e-01,-1.386468551689e+00,0.000000000000e+00,0.000000000000e+00,0.000000000000e+00,0.000000000000e+00,0.000000000000e+00,3.851107898129e+00,1.040626530299e+01,0.000000000000e+00,0.000000000000e+00,0.000000000000e+00,0.000000000000e+00,1.329108079435e+00,3.851112896150e+00,0.000000000000e+00,0.000000000000e+00,4.527221940559e-05,1.554303634246e-04,0.000000000000e+00,0.000000000000e+00,1.000000000000e+00,-9.430422925489e-02,-7.152763369581e-11,-2.531295959064e-10,0.000000000000e+00,0.000000000000e+00,0.000000000000e+00,9.999999998791e-01,4.978580300001e-04,-1.575796838918e-04,-4.929181462640e-05,0.000000000000e+00,0.000000000000e+00
3.000000000000e-11,OK,,4.978545034096e-04,-1.546570555545e-04,-4.848742673706e-05,1.546570555545e-04,4.848742673706e-05,1.546570555545e-04,2.023940600000e-08,3.116158500000e-04,1.000000000000e-05,0,1,1.000000000000e-05,12,8.148405419197e-01,BORIS,L0/dt-3e-11/eps-1e-05/ranks-1,4.978545034096e-04,7.392171684315e-05,R34,5.908490000000e-01,-1.386462872480e+00,-1.279207403536e+00,0.000000000000e+00,0.000000000000e+00,0.000000000000e+00,-7.209811918913e-01,-1.386466595235e+00,0.000000000000e+00,0.000000000000e+00,0.000000000000e+00,0.000000000000e+00,0.000000000000e+00,3.851107898353e+00,1.040626530348e+01,0.000000000000e+00,0.000000000000e+00,0.000000000000e+00,0.000000000000e+00,1.329108079543e+00,3.851112896389e+00,0.000000000000e+00,0.000000000000e+00,-2.673370370521e-04,3.333798041157e-04,0.000000000000e+00,0.000000000000e+00,1.000000000000e+00,-9.413149438806e-02,2.285145073371e-11,6.815909426434e-11,0.000000000000e+00,0.000000000000e+00,0.000000000000e+00,1.000000000006e+00,4.978580300001e-04,-1.546497396681e-04,-4.848524651048e-05,0.000000000000e+00,0.000000000000e+00
3.000000000000e-11,OK,,4.978501834092e-04,-1.546519670153e-04,-4.848622421277e-05,1.546519670153e-04,4.848622421277e-05,1.546519670153e-04,1.340831800000e-08,1.038758100000e-04,3.000000000000e-05,0,1,3.000000000000e-05,12,7.914643331897e-01,BORIS,L0/dt-3e-11/eps-3e-05/ranks-1,4.978501834092e-04,6.529805334052e-05,R34,5.752380000000e-01,-1.386462876172e+00,-1.279207396104e+00,0.000000000000e+00,0.000000000000e+00,0.000000000000e+00,-7.209811926387e-01,-1.386466593271e+00,0.000000000000e+00,0.000000000000e+00,0.000000000000e+00,0.000000000000e+00,0.000000000000e+00,3.851107900319e+00,1.040626530780e+01,0.000000000000e+00,0.000000000000e+00,0.000000000000e+00,0.000000000000e+00,1.329108080493e+00,3.851112898491e+00,0.000000000000e+00,0.000000000000e+00,-5.959900391364e-05,2.127203230533e-04,0.000000000000e+00,0.000000000000e+00,1.000000000000e+00,-9.424748711797e-02,1.737874368556e-12,9.059688765623e-12,0.000000000000e+00,0.000000000000e+00,0.000000000000e+00,9.999999999967e-01,4.978580300001e-04,-1.546440556454e-04,-4.848399078696e-05,0.000000000000e+00,0.000000000000e+00
3.000000000000e-11,OK,,4.978011334096e-04,-1.546649514169e-04,-4.848959425019e-05,1.546649514169e-04,4.848959425019e-05,1.546649514169e-04,1.489550600000e-08,3.116894000000e-05,1.000000000000e-04,0,1,1.000000000000e-04,12,7.867216248997e-01,BORIS,L0/dt-3e-11/eps-0.0001/ranks-1,4.978011334096e-04,6.380449658967e-05,R34,5.633290000000e-01,-1.386462884496e+00,-1.279207426302e+00,0.000000000000e+00,0.000000000000e+00,0.000000000000e+00,-7.209811942863e-01,-1.386466600749e+00,0.000000000000e+00,0.000000000000e+00,0.000000000000e+00,0.000000000000e+00,0.000000000000e+00,3.851107922684e+00,1.040626535685e+01,0.000000000000e+00,0.000000000000e+00,0.000000000000e+00,0.000000000000e+00,1.329108091305e+00,3.851112922398e+00,0.000000000000e+00,0.000000000000e+00,1.311255845312e-05,1.705033648940e-04,0.000000000000e+00,0.000000000000e+00,1.000000000000e+00,-9.428807847778e-02,1.577980162373e-12,1.817655959424e-12,0.000000000000e+00,0.000000000000e+00,0.000000000000e+00,9.999999999958e-01,4.978580400010e-04,-1.546440995676e-04,-4.848393843024e-05,0.000000000000e+00,0.000000000000e+00
3.000000000000e-11,OK,,4.973698434085e-04,-1.547780151397e-04,-4.851852246018e-05,1.547780151397e-04,4.851852246018e-05,1.547780151397e-04,2.905857600000e-08,1.040570400000e-05,3.000000000000e-04,0,1,3.000000000000e-04,12,7.797740411479e-01,BORIS,L0/dt-3e-11/eps-0.0003/ranks-1,4.973698434085e-04,6.352464132073e-05,R34,5.525120000000e-01,-1.386462957846e+00,-1.279207690207e+00,0.000000000000e+00,0.000000000000e+00,0.000000000000e+00,-7.209812100169e-01,-1.386466665865e+00,0.000000000000e+00,0.000000000000e+00,0.000000000000e+00,0.000000000000e+00,0.000000000000e+00,3.851108119306e+00,1.040626578814e+01,0.000000000000e+00,0.000000000000e+00,0.000000000000e+00,0.000000000000e+00,1.329108186357e+00,3.851113132568e+00,0.000000000000e+00,0.000000000000e+00,3.391720255400e-05,1.585515686164e-04,0.000000000000e+00,0.000000000000e+00,1.000000000000e+00,-9.429962486237e-02,-8.546622763087e-13,-3.174342739832e-12,0.000000000000e+00,0.000000000000e+00,0.000000000000e+00,9.999999999988e-01,4.978581100001e-04,-1.546441480209e-04,-4.848392758924e-05,0.000000000000e+00,0.000000000000e+00
3.000000000000e-11,OK,,4.922080634095e-04,-1.560638703114e-04,-4.884786398940e-05,1.560638703114e-04,4.884786398940e-05,1.560638703114e-04,2.095781600000e-07,3.252275300000e-06,1.000000000000e-03,0,1,1.000000000000e-03,12,7.857575421222e-01,BORIS,L0/dt-3e-11/eps-0.001/ranks-1,4.922080634095e-04,6.322654516420e-05,R34,5.645410000000e-01,-1.386463791841e+00,-1.279210691208e+00,0.000000000000e+00,0.000000000000e+00,0.000000000000e+00,-7.209813889136e-01,-1.386467406778e+00,0.000000000000e+00,0.000000000000e+00,0.000000000000e+00,0.000000000000e+00,0.000000000000e+00,3.851110480890e+00,1.040627094992e+01,0.000000000000e+00,0.000000000000e+00,0.000000000000e+00,0.000000000000e+00,1.329109331469e+00,3.851115654082e+00,0.000000000000e+00,0.000000000000e+00,4.154107595733e-05,1.556257878767e-04,0.000000000000e+00,0.000000000000e+00,1.000000000000e+00,-9.430308504925e-02,-2.701209329243e-13,-5.928675367288e-13,0.000000000000e+00,0.000000000000e+00,0.000000000000e+00,1.000000000000e+00,4.976029999995e-04,-1.546445128739e-04,-4.848404181454e-05,0.000000000000e+00,0.000000000000e+00
3.000000000000e-11,OK,,4.493159634098e-04,-1.673681459499e-04,-5.174314680712e-05,1.673681459499e-04,5.174314680712e-05,1.673681459499e-04,1.580772600000e-06,2.202244800000e-06,3.000000000000e-03,0,1,3.000000000000e-03,12,7.786157079972e-01,BORIS,L0/dt-3e-11/eps-0.003/ranks-1,4.493159634098e-04,6.164629443537e-05,R34,5.616070000000e-01,-1.386471126450e+00,-1.279237071810e+00,0.000000000000e+00,0.000000000000e+00,0.000000000000e+00,-7.209829634355e-01,-1.386473918979e+00,0.000000000000e+00,0.000000000000e+00,0.000000000000e+00,0.000000000000e+00,0.000000000000e+00,3.851130018324e+00,1.040631384202e+01,0.000000000000e+00,0.000000000000e+00,0.000000000000e+00,0.000000000000e+00,1.329118772834e+00,3.851136552342e+00,0.000000000000e+00,0.000000000000e+00,4.672695797168e-05,1.658320282844e-04,0.000000000000e+00,0.000000000000e+00,1.000000000000e+00,-9.429897038434e-02,-1.915100742810e-14,-2.950917393965e-13,0.000000000000e+00,0.000000000000e+00,0.000000000000e+00,9.999999999999e-01,4.978469400001e-04,-1.546474321340e-04,-4.848492638543e-05,0.000000000000e+00,0.000000000000e+00
3.000000000000e-11,OK,,6.948686714845e-04,-2.959789684800e-04,-8.468273353157e-05,2.959789684800e-04,8.468273353157e-05,2.959789684800e-04,1.764894200000e-05,2.295961600000e-05,1.000000000000e-02,0,1,1.000000000000e-02,12,7.922667090315e-01,BORIS,L0/dt-3e-11/eps-0.01/ranks-1,6.948686714845e-04,7.245005074747e-05,R12,5.672220000000e-01,-1.386554564195e+00,-1.279537188051e+00,0.000000000000e+00,0.000000000000e+00,0.000000000000e+00,-7.210008751372e-01,-1.386548010720e+00,0.000000000000e+00,0.000000000000e+00,0.000000000000e+00,0.000000000000e+00,0.000000000000e+00,3.851353834568e+00,1.040680475823e+01,0.000000000000e+00,0.000000000000e+00,0.000000000000e+00,0.000000000000e+00,1.329226974455e+00,3.851375788998e+00,0.000000000000e+00,0.000000000000e+00,8.270454202166e-05,2.952166203903e-04,0.000000000000e+00,0.000000000000e+00,1.000000000000e+00,-9.423941443860e-02,1.470993814105e-14,-2.661042228070e-14,0.000000000000e+00,0.000000000000e+00,0.000000000000e+00,1.000000000000e+00,4.976688799996e-04,-1.546798624771e-04,-4.849450306000e-05,0.000000000000e+00,0.000000000000e+00
3.000000000000e-11,OK,,4.360291906591e-03,-1.428644536835e-03,-3.747564093560e-04,1.428644536835e-03,3.747564093560e-04,1.428644536835e-03,1.585644800000e-04,2.062847700000e-04,3.000000000000e-02,0,1,3.000000000000e-02,12,7.835602920968e-01,BORIS,L0/dt-3e-11/eps-0.03/ranks-1,4.360291906591e-03,5.577271850626e-04,R34,5.600760000000e-01,-1.387288863855e+00,-1.282177711976e+00,0.000000000000e+00,0.000000000000e+00,0.000000000000e+00,-7.211586270359e-01,-1.387200087708e+00,0.000000000000e+00,0.000000000000e+00,0.000000000000e+00,0.000000000000e+00,0.000000000000e+00,3.853322723840e+00,1.041112344989e+01,0.000000000000e+00,0.000000000000e+00,0.000000000000e+00,0.000000000000e+00,1.330178808427e+00,3.853480380253e+00,0.000000000000e+00,0.000000000000e+00,3.951509906065e-04,1.438318345626e-03,0.000000000000e+00,0.000000000000e+00,1.000000000000e+00,-9.371032902531e-02,-3.964954210897e-15,-3.723926337302e-15,0.000000000000e+00,0.000000000000e+00,0.000000000000e+00,1.000000000000e+00,4.983558999996e-04,-1.549696403160e-04,-4.858148647260e-05,0.000000000000e+00,0.000000000000e+00
3.000000000000e-11,OK,,5.415084405659e-02,-1.457243714510e-02,-3.737690484922e-03,1.457243714510e-02,3.737690484922e-03,1.457243714510e-02,1.740463300000e-03,2.260726700000e-03,1.000000000000e-01,0,1,1.000000000000e-01,12,7.648128750734e-01,BORIS,L0/dt-3e-11/eps-0.1/ranks-1,5.415084405659e-02,6.464849226259e-03,R34,5.439510000000e-01,-1.395741537033e+00,-1.312487856086e+00,0.000000000000e+00,0.000000000000e+00,0.000000000000e+00,-7.229896481049e-01,-1.394709804697e+00,0.000000000000e+00,0.000000000000e+00,0.000000000000e+00,0.000000000000e+00,0.000000000000e+00,3.876023118355e+00,1.046091400204e+01,0.000000000000e+00,0.000000000000e+00,0.000000000000e+00,0.000000000000e+00,1.341156268597e+00,3.877748241524e+00,0.000000000000e+00,0.000000000000e+00,3.982547946235e-03,1.455404991695e-02,0.000000000000e+00,0.000000000000e+00,1.000000000000e+00,-8.756563017423e-02,2.309480687414e-15,4.630462109568e-15,0.000000000000e+00,0.000000000000e+00,0.000000000000e+00,1.000000000000e+00,5.068888199986e-04,-1.584040659800e-04,-4.961855385300e-05,0.000000000000e+00,0.000000000000e+00
1.000000000000e-10,INVALID,time step too long for QACH field extent,,,,,,,,,1.000000000000e-06,0,1,1.000000000000e-06,12,2.234402499162e-01,BORIS,L0/dt-1e-10/eps-1e-06/ranks-1,,,,,,,,,,,,,,,,,,,,,,,,,,,,,,,,,,,,,,,,,,,
1.000000000000e-10,INVALID,time step too long for QACH field extent,,,,,,,,,3.000000000000e-06,0,1,3.000000000000e-06,12,2.233860830311e-01,BORIS,L0/dt-1e-10/eps-3e-06/ranks-1,,,,,,,,,,,,,,,,,,,,,,,,,,,,,,,,,,,,,,,,,,,
1.000000000000e-10,INVALID,time step too long for QACH field extent,,,,,,,,,1.000000000000e-05,0,1,1.000000000000e-05,12,2.215465409681e-01,BORIS,L0/dt-1e-10/eps-1e-05/ranks-1,,,,,,,,,,,,,,,,,,,,,,,,,,,,,,,,,,,,,,,,,,,
1.000000000000e-10,INVALID,time step too long for QACH field extent,,,,,,,,,3.000000000000e-05,0,1,3.000000000000e-05,12,2.268202500418e-01,BORIS,L0/dt-1e-10/eps-3e-05/ranks-1,,,,,,,,,,,,,,,,,,,,,,,,,,,,,,,,,,,,,,,,,,,
1.000000000000e-10,INVALID,time step too long for QACH field extent,,,,,,,,,1.000000000000e-04,0,1,1.000000000000e-04,12,2.270856669638e-01,BORIS,L0/dt-1e-10/eps-0.0001/ranks-1,,,,,,,,,,,,,,,,,,,,,,,,,,,,,,,,,,,,,,,,,,,
1.000000000000e-10,INVALID,time step too long for QACH field extent,,,,,,,,,3.000000000000e-04,0,1,3.000000000000e-04,12,2.271050000563e-01,BORIS,L0/dt-1e-10/eps-0.0003/ranks-1,,,,,,,,,,,,,,,,,,,,,,,,,,,,,,,,,,,,,,,,,,,
1.000000000000e-10,INVALID,time step too long for QACH field extent,,,,,,,,,1.000000000000e-03,0,1,1.000000000000e-03,12,2.207646251190e-01,BORIS,L0/dt-1e-10/eps-0.001/ranks-1,,,,,,,,,,,,,,,,,,,,,,,,,,,,,,,,,,,,,,,,,,,
1.000000000000e-10,INVALID,time step too long for QACH field extent,,,,,,,,,3.000000000000e-03,0,1,3.000000000000e-03,12,2.200560830534e-01,BORIS,L0/dt-1e-10/eps-0.003/ranks-1,,,,,,,,,,,,,,,,,,,,,,,,,,,,,,,,,,,,,,,,,,,
1.000000000000e-10,INVALID,time step too long for QACH field extent,,,,,,,,,1.000000000000e-02,0,1,1.000000000000e-02,12,2.200314998627e-01,BORIS,L0/dt-1e-10/eps-0.01/ranks-1,,,,,,,,,,,,,,,,,,,,,,,,,,,,,,,,,,,,,,,,,,,
1.000000000000e-10,INVALID,time step too long for QACH field extent,,,,,,,,,3.000000000000e-02,0,1,3.000000000000e-02,12,2.201564998832e-01,BORIS,L0/dt-1e-10/eps-0.03/ranks-1,,,,,,,,,,,,,,,,,,,,,,,,,,,,,,,,,,,,,,,,,,,
1.000000000000e-10,INVALID,time step too long for QACH field extent,,,,,,,,,1.000000000000e-01,0,1,1.000000000000e-01,12,2.200452079996e-01,BORIS,L0/dt-1e-10/eps-0.1/ranks-1,,,,,,,,,,,,,,,,,,,,,,,,,,,,,,,,,,,,,,,,,,,
1.000000000000e-13,OK,,2.139090005127e-08,-1.016952508212e-08,-3.900199737761e-09,1.016952508212e-08,3.900199737761e-09,1.016952508212e-08,3.121954000000e-08,2.139093800000e-08,1.000000000000e-06,1,1,5.000000000000e-07,24,2.475924445805e+01,BORIS,L1/dt-1e-13/eps-1e-06/ranks-1,2.139090005127e-08,3.056661897746e-09,R66,2.454190000000e+01,-1.386352249576e+00,-1.278842308073e+00,0.000000000000e+00,0.000000000000e+00,0.000000000000e+00,-7.209431115539e-01,-1.386352237339e+00,0.000000000000e+00,0.000000000000e+00,0.000000000000e+00,0.000000000000e+00,0.000000000000e+00,3.851352100163e+00,1.040676316098e+01,0.000000000000e+00,0.000000000000e+00,0.000000000000e+00,0.000000000000e+00,1.329223389156e+00,3.851352100046e+00,0.000000000000e+00,0.000000000000e+00,8.002334685132e-10,6.843186518236e-10,0.000000000000e+00,0.000000000000e+00,1.000000000000e+00,-9.437722948883e-02,-1.212546687097e-09,1.191621813322e-08,0.000000000000e+00,0.000000000000e+00,0.000000000000e+00,9.999999786091e-01,0.000000000000e+00,0.000000000000e+00,0.000000000000e+00,0.000000000000e+00,0.000000000000e+00
1.000000000000e-13,OK,,1.585078734934e-08,-2.813498633160e-09,-3.685902240742e-10,2.813498633160e-09,3.685902240742e-10,2.813498633160e-09,3.926165600000e-09,1.355424400000e-08,3.000000000000e-06,1,1,1.500000000000e-06,24,2.481470008288e+01,BORIS,L1/dt-1e-13/eps-3e-06/ranks-1,1.585078734934e-08,2.140607221646e-09,R22,2.459270000000e+01,-1.386352253226e+00,-1.278842317823e+00,0.000000000000e+00,0.000000000000e+00,0.000000000000e+00,-7.209431142509e-01,-1.386352239546e+00,0.000000000000e+00,0.000000000000e+00,0.000000000000e+00,0.000000000000e+00,0.000000000000e+00,3.851352100163e+00,1.040676316098e+01,0.000000000000e+00,0.000000000000e+00,0.000000000000e+00,0.000000000000e+00,1.329223389156e+00,3.851352100046e+00,0.000000000000e+00,0.000000000000e+00,1.019471368467e-09,4.365679118639e-09,0.000000000000e+00,0.000000000000e+00,1.000000000000e+00,-9.437723189755e-02,6.209508967575e-09,1.355424421549e-08,0.000000000000e+00,0.000000000000e+00,0.000000000000e+00,1.000000008261e+00,0.000000000000e+00,0.000000000000e+00,0.000000000000e+00,0.000000000000e+00,0.000000000000e+00
1.000000000000e-13,OK,,8.366484394173e-09,-5.338758153958e-09,-2.974797943206e-10,5.338758153958e-09,2.974797943206e-10,5.338758153958e-09,2.903116900000e-09,2.900192000000e-09,1.000000000000e-05,1,1,5.000000000000e-06,24,2.477510862495e+01,BORIS,L1/dt-1e-13/eps-1e-05/ranks-1,8.366484394173e-09,1.142202754841e-09,R12,2.455490000000e+01,-1.386352256079e+00,-1.278842327746e+00,0.000000000000e+00,0.000000000000e+00,0.000000000000e+00,-7.209431198866e-01,-1.386352253751e+00,0.000000000000e+00,0.000000000000e+00,0.000000000000e+00,0.000000000000e+00,0.000000000000e+00,3.851352100163e+00,1.040676316097e+01,0.000000000000e+00,0.000000000000e+00,0.000000000000e+00,0.000000000000e+00,1.329223389156e+00,3.851352100046e+00,0.000000000000e+00,0.000000000000e+00,1.741527627822e-09,6.709704164278e-09,0.000000000000e+00,0.000000000000e+00,1.000000000000e+00,-9.437723037062e-02,1.663741609167e-09,1.744650848195e-09,0.000000000000e+00,0.000000000000e+00,0.000000000000e+00,9.999999999971e-01,0.000000000000e+00,0.000000000000e+00,0.000000000000e+00,0.000000000000e+00,0.000000000000e+00
1.000000000000e-13,OK,,1.006748440169e-08,-6.793864927934e-09,-2.233320223577e-09,6.793864927934e-09,2.233320223577e-09,6.793864927934e-09,4.627980200000e-10,3.000502100000e-10,3.000000000000e-05,1,1,1.500000000000e-05,24,2.466207466694e+01,BORIS,L1/dt-1e-13/eps-3e-05/ranks-1,1.006748440169e-08,1.279325438760e-09,R12,2.443810000000e+01,-1.386352257833e+00,-1.278842329447e+00,0.000000000000e+00,0.000000000000e+00,0.000000000000e+00,-7.209431234059e-01,-1.386352258337e+00,0.000000000000e+00,0.000000000000e+00,0.000000000000e+00,0.000000000000e+00,0.000000000000e+00,3.851352100163e+00,1.040676316098e+01,0.000000000000e+00,0.000000000000e+00,0.000000000000e+00,0.000000000000e+00,1.329223389156e+00,3.851352100046e+00,0.000000000000e+00,0.000000000000e+00,1.921035240850e-09,6.683469837478e-09,0.000000000000e+00,0.000000000000e+00,1.000000000000e+00,-9.437723020050e-02,-1.213003310729e-10,2.480259860990e-10,0.000000000000e+00,0.000000000000e+00,0.000000000000e+00,1.000000000300e+00,0.000000000000e+00,0.000000000000e+00,0.000000000000e+00,0.000000000000e+00,0.000000000000e+00
1.000000000000e-13,OK,,9.863484473627e-09,-6.734776867833e-09,-2.140610828115e-09,6.734776867833e-09,2.140610828115e-09,6.734776867833e-09,8.806289000000e-11,1.393846700000e-10,1.000000000000e-04,1,1,5.000000000000e-05,24,2.465985500021e+01,BORIS,L1/dt-1e-13/eps-0.0001/ranks-1,9.863484473627e-09,1.266493440397e-09,R12,2.443760000000e+01,-1.386352258012e+00,-1.278842329243e+00,0.000000000000e+00,0.000000000000e+00,0.000000000000e+00,-7.209431234913e-01,-1.386352258108e+00,0.000000000000e+00,0.000000000000e+00,0.000000000000e+00,0.000000000000e+00,0.000000000000e+00,3.851352100163e+00,1.040676316098e+01,0.000000000000e+00,0.000000000000e+00,0.000000000000e+00,0.000000000000e+00,1.329223389156e+00,3.851352100046e+00,0.000000000000e+00,0.000000000000e+00,2.037119686500e-09,6.708360383661e-09,0.000000000000e+00,0.000000000000e+00,1.000000000000e+00,-9.437723017573e-02,-1.057945788303e-10,1.195313489875e-11,0.000000000000e+00,0.000000000000e+00,0.000000000000e+00,9.999999999575e-01,0.000000000000e+00,0.000000000000e+00,0.000000000000e+00,0.000000000000e+00,0.000000000000e+00
1.000000000000e-13,OK,,9.834484560045e-09,-6.709341311257e-09,-2.017680939638e-09,6.709341311257e-09,2.017680939638e-09,6.709341311257e-09,6.824540900000e-12,6.499223400000e-11,3.000000000000e-04,1,1,1.500000000000e-04,24,2.469333033310e+01,BORIS,L1/dt-1e-13/eps-0.0003/ranks-1,9.834484560045e-09,1.259802216702e-09,R12,2.446710000000e+01,-1.386352257991e+00,-1.278842329214e+00,0.000000000000e+00,0.000000000000e+00,0.000000000000e+00,-7.209431233613e-01,-1.386352257858e+00,0.000000000000e+00,0.000000000000e+00,0.000000000000e+00,0.000000000000e+00,0.000000000000e+00,3.851352100163e+00,1.040676316098e+01,0.000000000000e+00,0.000000000000e+00,0.000000000000e+00,0.000000000000e+00,1.329223389156e+00,3.851352100046e+00,0.000000000000e+00,0.000000000000e+00,2.033863381588e-09,6.727984533394e-09,0.000000000000e+00,0.000000000000e+00,1.000000000000e+00,-9.437723016256e-02,3.443012524558e-11,3.330207564723e-11,0.000000000000e+00,0.000000000000e+00,0.000000000000e+00,1.000000000065e+00,0.000000000000e+00,0.000000000000e+00,0.000000000000e+00,0.000000000000e+00,0.000000000000e+00
1.000000000000e-13,OK,,9.824484559218e-09,-6.701703860115e-09,-2.014729855802e-09,6.701703860115e-09,2.014729855802e-09,6.701703860115e-09,3.508304800000e-14,3.502294000000e-11,1.000000000000e-03,1,1,5.000000000000e-04,24,2.469002195820e+01,BORIS,L1/dt-1e-13/eps-0.001/ranks-1,9.824484559218e-09,1.258260015185e-09,R12,2.444460000000e+01,-1.386352257974e+00,-1.278842329204e+00,0.000000000000e+00,0.000000000000e+00,0.000000000000e+00,-7.209431233585e-01,-1.386352257897e+00,0.000000000000e+00,0.000000000000e+00,0.000000000000e+00,0.000000000000e+00,0.000000000000e+00,3.851352100162e+00,1.040676316097e+01,0.000000000000e+00,0.000000000000e+00,0.000000000000e+00,0.000000000000e+00,1.329223389156e+00,3.851352100045e+00,0.000000000000e+00,0.000000000000e+00,2.026384763126e-09,6.711000706962e-09,0.000000000000e+00,0.000000000000e+00,1.000000000000e+00,-9.437723016797e-02,-1.838868081255e-11,-3.502293972084e-11,0.000000000000e+00,0.000000000000e+00,0.000000000000e+00,1.000000000016e+00,0.000000000000e+00,0.000000000000e+00,0.000000000000e+00,0.000000000000e+00,0.000000000000e+00
1.000000000000e-13,OK,,9.762484376452e-09,-6.681321432576e-09,-2.019995273052e-09,6.681321432576e-09,2.019995273052e-09,6.681321432576e-09,1.105982000000e-11,6.826428300000e-12,3.000000000000e-03,1,1,1.500000000000e-03,24,2.434761329112e+01,BORIS,L1/dt-1e-13/eps-0.003/ranks-1,9.762484376452e-09,1.249214630047e-09,R12,2.342700000000e+01,-1.386352257957e+00,-1.278842329142e+00,0.000000000000e+00,0.000000000000e+00,0.000000000000e+00,-7.209431233595e-01,-1.386352257890e+00,0.000000000000e+00,0.000000000000e+00,0.000000000000e+00,0.000000000000e+00,0.000000000000e+00,3.851352100095e+00,1.040676316083e+01,0.000000000000e+00,0.000000000000e+00,0.000000000000e+00,0.000000000000e+00,1.329223389123e+00,3.851352099972e+00,0.000000000000e+00,0.000000000000e+00,2.017721051143e-09,6.679635562991e-09,0.000000000000e+00,0.000000000000e+00,1.000000000000e+00,-9.437723018162e-02,-4.300116563857e-12,-6.666702959926e-12,0.000000000000e+00,0.000000000000e+00,0.000000000000e+00,9.999999999940e-01,0.000000000000e+00,0.000000000000e+00,0.000000000000e+00,0.000000000000e+00,0.000000000000e+00
1.000000000000e-13,OK,,1.551340922390e-08,-3.363236715591e-09,-1.186131132623e-09,3.363236715591e-09,1.186131132623e-09,3.363236715591e-09,6.046676500000e-10,8.252378800000e-10,1.000000000000e-02,1,1,5.000000000000e-03,24,2.477526683314e+01,BORIS,L1/dt-1e-13/eps-0.01/ranks-1,1.551340922390e-08,1.635021025041e-09,R34,2.455940000000e+01,-1.386352255121e+00,-1.278842320609e+00,0.000000000000e+00,0.000000000000e+00,0.000000000000e+00,-7.209431222048e-01,-1.386352254633e+00,0.000000000000e+00,0.000000000000e+00,0.000000000000e+00,0.000000000000e+00,0.000000000000e+00,3.851352091776e+00,1.040676314247e+01,0.000000000000e+00,0.000000000000e+00,0.000000000000e+00,0.000000000000e+00,1.329223385046e+00,3.851352090996e+00,0.000000000000e+00,0.000000000000e+00,9.646045337309e-10,3.243883727165e-09,0.000000000000e+00,0.000000000000e+00,1.000000000000e+00,-9.437723201124e-02,8.064790450168e-13,9.016838124882e-13,0.000000000000e+00,0.000000000000e+00,0.000000000000e+00,9.999999999985e-01,0.000000000000e+00,0.000000000000e+00,0.000000000000e+00,0.000000000000e+00,0.000000000000e+00
1.000000000000e-13,OK,,1.498163408442e-06,2.649461513777e-07,6.615598005615e-08,2.649461513777e-07,6.615598005615e-08,2.649461513777e-07,4.862290500000e-08,6.669896900000e-08,3.000000000000e-02,1,1,1.500000000000e-02,24,2.477223287500e+01,BORIS,L1/dt-1e-13/eps-0.03/ranks-1,1.498163408442e-06,1.673338994867e-07,R34,2.455070000000e+01,-1.386352025997e+00,-1.278841630827e+00,0.000000000000e+00,0.000000000000e+00,0.000000000000e+00,-7.209430289664e-01,-1.386351991526e+00,0.000000000000e+00,0.000000000000e+00,0.000000000000e+00,0.000000000000e+00,0.000000000000e+00,3.851351419851e+00,1.040676165982e+01,0.000000000000e+00,0.000000000000e+00,0.000000000000e+00,0.000000000000e+00,1.329223055751e+00,3.851351366059e+00,0.000000000000e+00,0.000000000000e+00,-8.416490547617e-08,-2.745980208301e-07,0.000000000000e+00,0.000000000000e+00,1.000000000000e+00,-9.437737996029e-02,-1.004348715213e-12,-1.767631068909e-12,0.000000000000e+00,0.000000000000e+00,0.000000000000e+00,9.999999999994e-01,0.000000000000e+00,0.000000000000e+00,0.000000000000e+00,0.000000000000e+00,0.000000000000e+00
1.000000000000e-13,OK,,1.882550734091e-04,3.395973216686e-05,8.445232253542e-06,3.395973216686e-05,8.445232253542e-06,3.395973216686e-05,5.940054900000e-06,8.293270500000e-06,1.000000000000e-01,1,1,5.000000000000e-02,24,2.487926004105e+01,BORIS,L1/dt-1e-13/eps-0.1/ranks-1,1.882550734091e-04,2.107622933752e-05,R34,2.465500000000e+01,-1.386323208357e+00,-1.278754881627e+00,0.000000000000e+00,0.000000000000e+00,0.000000000000e+00,-7.209313426206e-01,-1.386318983076e+00,0.000000000000e+00,0.000000000000e+00,0.000000000000e+00,0.000000000000e+00,0.000000000000e+00,3.851266672598e+00,1.040657490291e+01,0.000000000000e+00,0.000000000000e+00,0.000000000000e+00,0.000000000000e+00,1.329181537466e+00,3.851260077098e+00,0.000000000000e+00,0.000000000000e+00,-1.081873805063e-05,-3.523282925997e-05,0.000000000000e+00,0.000000000000e+00,1.000000000000e+00,-9.439601719360e-02,-1.133722715544e-15,2.645784205304e-13,0.000000000000e+00,0.000000000000e+00,0.000000000000e+00,9.999999999995e-01,0.000000000000e+00,0.000000000000e+00,0.000000000000e+00,0.000000000000e+00,0.000000000000e+00
3.000000000000e-13,OK,,4.991248436781e-08,-2.359375881427e-08,-9.965151337572e-09,2.359375881427e-08,9.965151337572e-09,2.359375881427e-08,1.271268800000e-08,1.332705900000e-08,1.000000000000e-06,1,1,5.000000000000e-07,24,8.955610417062e+00,BORIS,L1/dt-3e-13/eps-1e-06/ranks-1,4.991248436781e-08,7.182495488224e-09,R12,8.734340000000e+00,-1.386352268854e+00,-1.278842369292e+00,0.000000000000e+00,0.000000000000e+00,0.000000000000e+00,-7.209431240637e-01,-1.386352268282e+00,0.000000000000e+00,0.000000000000e+00,0.000000000000e+00,0.000000000000e+00,0.000000000000e+00,3.851352078242e+00,1.040676311625e+01,0.000000000000e+00,0.000000000000e+00,0.000000000000e+00,0.000000000000e+00,1.329223378798e+00,3.851352078543e+00,0.000000000000e+00,0.000000000000e+00,5.001614174265e-11,2.843762798857e-08,0.000000000000e+00,0.000000000000e+00,1.000000000000e+00,-9.437721747645e-02,-6.864812749644e-09,-1.332705913335e-08,0.000000000000e+00,0.000000000000e+00,0.000000000000e+00,9.999999876270e-01,6.121899986944e-08,-1.342423373215e-08,-6.064951599811e-09,0.000000000000e+00,0.000000000000e+00
3.000000000000e-13,OK,,4.301848455235e-08,-2.095754242021e-08,-6.863145220972e-09,2.095754242021e-08,6.863145220972e-09,2.095754242021e-08,1.069014100000e-09,2.449006700000e-09,3.000000000000e-06,1,1,1.500000000000e-06,24,8.945709625026e+00,BORIS,L1/dt-3e-13/eps-3e-06/ranks-1,4.301848455235e-08,6.364827777199e-09,R12,8.721280000000e+00,-1.386352267197e+00,-1.278842362398e+00,0.000000000000e+00,0.000000000000e+00,0.000000000000e+00,-7.209431261338e-01,-1.386352268383e+00,0.000000000000e+00,0.000000000000e+00,0.000000000000e+00,0.000000000000e+00,0.000000000000e+00,3.851352078242e+00,1.040676311625e+01,0.000000000000e+00,0.000000000000e+00,0.000000000000e+00,0.000000000000e+00,1.329223378798e+00,3.851352078542e+00,0.000000000000e+00,0.000000000000e+00,3.681641369312e-09,2.234109820831e-08,0.000000000000e+00,0.000000000000e+00,1.000000000000e+00,-9.437722196981e-02,3.267789826888e-10,-2.449006737154e-09,0.000000000000e+00,0.000000000000e+00,0.000000000000e+00,9.999999991045e-01,4.473000103644e-08,-1.814404378705e-08,-6.494554996898e-09,0.000000000000e+00,0.000000000000e+00
3.000000000000e-13,OK,,4.241148454653e-08,-2.107305072071e-08,-7.374672372763e-09,2.107305072071e-08,7.374672372763e-09,2.107305072071e-08,6.139244700000e-11,1.400900100000e-09,1.000000000000e-05,1,1,5.000000000000e-06,24,8.942452125018e+00,BORIS,L1/dt-3e-13/eps-1e-05/ranks-1,4.241148454653e-08,6.327913025500e-09,R12,8.722430000000e+00,-1.386352267715e+00,-1.278842361791e+00,0.000000000000e+00,0.000000000000e+00,0.000000000000e+00,-7.209431270882e-01,-1.386352268953e+00,0.000000000000e+00,0.000000000000e+00,0.000000000000e+00,0.000000000000e+00,0.000000000000e+00,3.851352078238e+00,1.040676311624e+01,0.000000000000e+00,0.000000000000e+00,0.000000000000e+00,0.000000000000e+00,1.329223378796e+00,3.851352078538e+00,0.000000000000e+00,0.000000000000e+00,5.681974045394e-09,2.118407048924e-08,0.000000000000e+00,0.000000000000e+00,1.000000000000e+00,-9.437722312857e-02,-2.358427389514e-10,4.851361733036e-12,0.000000000000e+00,0.000000000000e+00,0.000000000000e+00,9.999999995073e-01,4.472999926008e-08,-1.573429256675e-08,-7.077192578442e-09,0.000000000000e+00,0.000000000000e+00
3.000000000000e-13,OK,,4.413348442256e-08,-2.140437587070e-08,-7.042419869561e-09,2.140437587070e-08,7.042419869561e-09,2.140437587070e-08,8.376444000000e-11,6.057415100000e-10,3.000000000000e-05,1,1,1.500000000000e-05,24,8.946400500135e+00,BORIS,L1/dt-3e-13/eps-3e-05/ranks-1,4.413348442256e-08,6.420618667591e-09,R12,8.727340000000e+00,-1.386352268033e+00,-1.278842363513e+00,0.000000000000e+00,0.000000000000e+00,0.000000000000e+00,-7.209431270028e-01,-1.386352269147e+00,0.000000000000e+00,0.000000000000e+00,0.000000000000e+00,0.000000000000e+00,0.000000000000e+00,3.851352078242e+00,1.040676311625e+01,0.000000000000e+00,0.000000000000e+00,0.000000000000e+00,0.000000000000e+00,1.329223378798e+00,3.851352078542e+00,0.000000000000e+00,0.000000000000e+00,6.003489658740e-09,2.126950570353e-08,0.000000000000e+00,0.000000000000e+00,1.000000000000e+00,-9.437722323359e-02,6.327033529155e-11,4.340029955280e-11,0.000000000000e+00,0.000000000000e+00,0.000000000000e+00,9.999999997879e-01,4.473000103644e-08,-1.461051094277e-08,-4.809099645984e-09,0.000000000000e+00,0.000000000000e+00
3.000000000000e-13,OK,,4.318748447751e-08,-2.080446509575e-08,-6.380729777905e-09,2.080446509575e-08,6.380729777905e-09,2.080446509575e-08,1.232143300000e-10,1.393147200000e-10,1.000000000000e-04,1,1,5.000000000000e-05,24,8.934009707998e+00,BORIS,L1/dt-3e-13/eps-0.0001/ranks-1,4.318748447751e-08,6.333396357451e-09,R12,8.712140000000e+00,-1.386352268116e+00,-1.278842362567e+00,0.000000000000e+00,0.000000000000e+00,0.000000000000e+00,-7.209431267461e-01,-1.386352268203e+00,0.000000000000e+00,0.000000000000e+00,0.000000000000e+00,0.000000000000e+00,0.000000000000e+00,3.851352078236e+00,1.040676311624e+01,0.000000000000e+00,0.000000000000e+00,0.000000000000e+00,0.000000000000e+00,1.329223378795e+00,3.851352078537e+00,0.000000000000e+00,0.000000000000e+00,6.200061072147e-09,2.080917560974e-08,0.000000000000e+00,0.000000000000e+00,1.000000000000e+00,-9.437722357436e-02,1.083046596470e-10,1.325419411511e-10,0.000000000000e+00,0.000000000000e+00,0.000000000000e+00,9.999999999293e-01,4.474000014909e-08,-1.406968822792e-08,-4.240118949790e-09,0.000000000000e+00,0.000000000000e+00
3.000000000000e-13,OK,,4.321048452383e-08,-2.085280470451e-08,-6.432115173823e-09,2.085280470451e-08,6.432115173823e-09,2.085280470451e-08,1.637356900000e-12,6.623753800000e-11,3.000000000000e-04,1,1,1.500000000000e-04,24,8.899468749994e+00,BORIS,L1/dt-3e-13/eps-0.0003/ranks-1,4.321048452383e-08,6.333991394346e-09,R12,8.677810000000e+00,-1.386352268076e+00,-1.278842362590e+00,0.000000000000e+00,0.000000000000e+00,0.000000000000e+00,-7.209431267927e-01,-1.386352268349e+00,0.000000000000e+00,0.000000000000e+00,0.000000000000e+00,0.000000000000e+00,0.000000000000e+00,3.851352078242e+00,1.040676311625e+01,0.000000000000e+00,0.000000000000e+00,0.000000000000e+00,0.000000000000e+00,1.329223378798e+00,3.851352078542e+00,0.000000000000e+00,0.000000000000e+00,6.123607041199e-09,2.071796277214e-08,0.000000000000e+00,0.000000000000e+00,1.000000000000e+00,-9.437722359884e-02,-1.333076723066e-11,-6.623753764063e-11,0.000000000000e+00,0.000000000000e+00,0.000000000000e+00,9.999999999812e-01,4.473000103644e-08,-1.414346339325e-08,-4.414434234185e-09,0.000000000000e+00,0.000000000000e+00
3.000000000000e-13,OK,,4.322848456972e-08,-2.085161215971e-08,-6.406301156231e-09,2.085161215971e-08,6.406301156231e-09,2.085161215971e-08,1.755862100000e-11,1.222831900000e-11,1.000000000000e-03,1,1,5.000000000000e-04,24,8.869032749906e+00,BORIS,L1/dt-3e-13/eps-0.001/ranks-1,4.322848456972e-08,6.334526451896e-09,R12,8.650060000000e+00,-1.386352268104e+00,-1.278842362608e+00,0.000000000000e+00,0.000000000000e+00,0.000000000000e+00,-7.209431268050e-01,-1.386352268325e+00,0.000000000000e+00,0.000000000000e+00,0.000000000000e+00,0.000000000000e+00,0.000000000000e+00,3.851352078241e+00,1.040676311625e+01,0.000000000000e+00,0.000000000000e+00,0.000000000000e+00,0.000000000000e+00,1.329223378798e+00,3.851352078542e+00,0.000000000000e+00,0.000000000000e+00,6.138799913973e-09,2.071215862017e-08,0.000000000000e+00,0.000000000000e+00,1.000000000000e+00,-9.437722361487e-02,4.324116659031e-12,-5.994015667968e-12,0.000000000000e+00,0.000000000000e+00,0.000000000000e+00,9.999999999883e-01,4.472000014744e-08,-1.414990829959e-08,-4.391571300429e-09,0.000000000000e+00,0.000000000000e+00
3.000000000000e-13,OK,,4.317448443203e-08,-2.082746057548e-08,-6.407609831616e-09,2.082746057548e-08,6.407609831616e-09,2.082746057548e-08,1.448841000000e-12,6.061942500000e-12,3.000000000000e-03,1,1,1.500000000000e-03,24,8.930905167013e+00,BORIS,L1/dt-3e-13/eps-0.003/ranks-1,4.317448443203e-08,6.340470033327e-09,R12,8.710180000000e+00,-1.386352268085e+00,-1.278842362554e+00,0.000000000000e+00,0.000000000000e+00,0.000000000000e+00,-7.209431268089e-01,-1.386352268324e+00,0.000000000000e+00,0.000000000000e+00,0.000000000000e+00,0.000000000000e+00,0.000000000000e+00,3.851352078174e+00,1.040676311610e+01,0.000000000000e+00,0.000000000000e+00,0.000000000000e+00,0.000000000000e+00,1.329223378765e+00,3.851352078469e+00,0.000000000000e+00,0.000000000000e+00,6.138119131022e-09,2.068447126288e-08,0.000000000000e+00,0.000000000000e+00,1.000000000000e+00,-9.437722363890e-02,1.620509243709e-12,4.610920937413e-12,0.000000000000e+00,0.000000000000e+00,0.000000000000e+00,9.999999999996e-01,4.472999926008e-08,-1.414613914290e-08,-4.387614558564e-09,0.000000000000e+00,0.000000000000e+00
3.000000000000e-13,OK,,6.025340937299e-08,-1.750188233597e-08,-5.570895578177e-09,1.750188233597e-08,5.570895578177e-09,1.750188233597e-08,6.014888600000e-10,8.241795000000e-10,1.000000000000e-02,1,1,5.000000000000e-03,24,8.881452665897e+00,BORIS,L1/dt-3e-13/eps-0.01/ranks-1,6.025340937299e-08,7.194319554463e-09,R34,8.660520000000e+00,-1.386352265243e+00,-1.278842353997e+00,0.000000000000e+00,0.000000000000e+00,0.000000000000e+00,-7.209431256483e-01,-1.386352265051e+00,0.000000000000e+00,0.000000000000e+00,0.000000000000e+00,0.000000000000e+00,0.000000000000e+00,3.851352069851e+00,1.040676309773e+01,0.000000000000e+00,0.000000000000e+00,0.000000000000e+00,0.000000000000e+00,1.329223374686e+00,3.851352069488e+00,0.000000000000e+00,0.000000000000e+00,5.079799386747e-09,1.723977073545e-08,0.000000000000e+00,0.000000000000e+00,1.000000000000e+00,-9.437722547247e-02,3.781471578954e-13,-4.633473998079e-13,0.000000000000e+00,0.000000000000e+00,0.000000000000e+00,1.000000000001e+00,4.474000014909e-08,-1.413864562038e-08,-4.384764445554e-09,0.000000000000e+00,0.000000000000e+00
3.000000000000e-13,OK,,1.542903408591e-06,2.508072130516e-07,6.177214617596e-08,2.508072130516e-07,6.177214617596e-08,2.508072130516e-07,4.862344700000e-08,6.670001300000e-08,3.000000000000e-02,1,1,1.500000000000e-02,24,8.906260624994e+00,BORIS,L1/dt-3e-13/eps-0.03/ranks-1,1.542903408591e-06,1.699823216613e-07,R34,8.683680000000e+00,-1.386352036117e+00,-1.278841664216e+00,0.000000000000e+00,0.000000000000e+00,0.000000000000e+00,-7.209430324087e-01,-1.386352001944e+00,0.000000000000e+00,0.000000000000e+00,0.000000000000e+00,0.000000000000e+00,0.000000000000e+00,3.851351397923e+00,1.040676161508e+01,0.000000000000e+00,0.000000000000e+00,0.000000000000e+00,0.000000000000e+00,1.329223045390e+00,3.851351344548e+00,0.000000000000e+00,0.000000000000e+00,-8.004943181387e-08,-2.606022820295e-07,0.000000000000e+00,0.000000000000e+00,1.000000000000e+00,-9.437737342197e-02,-1.451816974251e-13,-3.647618772750e-13,0.000000000000e+00,0.000000000000e+00,0.000000000000e+00,1.000000000000e+00,4.474000014909e-08,-1.413893832610e-08,-4.383833880190e-09,0.000000000000e+00,0.000000000000e+00
3.000000000000e-13,OK,,1.882998034084e-04,3.394559172204e-05,8.440847774017e-06,3.394559172204e-05,8.440847774017e-06,3.394559172204e-05,5.940054000000e-06,8.293270000000e-06,1.000000000000e-01,1,1,5.000000000000e-02,24,8.887504916871e+00,BORIS,L1/dt-3e-13/eps-0.1/ranks-1,1.882998034084e-04,2.107877563879e-05,R34,8.665090000000e+00,-1.386323218479e+00,-1.278754915021e+00,0.000000000000e+00,0.000000000000e+00,0.000000000000e+00,-7.209313460635e-01,-1.386318993496e+00,0.000000000000e+00,0.000000000000e+00,0.000000000000e+00,0.000000000000e+00,0.000000000000e+00,3.851266650676e+00,1.040657485818e+01,0.000000000000e+00,0.000000000000e+00,0.000000000000e+00,0.000000000000e+00,1.329181527107e+00,3.851260055594e+00,0.000000000000e+00,0.000000000000e+00,-1.081462197856e-05,-3.521883157270e-05,0.000000000000e+00,0.000000000000e+00,1.000000000000e+00,-9.439601065477e-02,1.117340118522e-13,1.034169267543e-13,0.000000000000e+00,0.000000000000e+00,0.000000000000e+00,1.000000000000e+00,4.472999926008e-08,-1.414044482000e-08,-4.384479525000e-09,0.000000000000e+00,0.000000000000e+00
1.000000000000e-12,OK,,5.497934090215e-07,-1.817932465384e-07,-5.730017267183e-08,1.817932465384e-07,5.730017267183e-08,1.817932465384e-07,7.049643100000e-10,3.907006100000e-08,1.000000000000e-06,1,1,5.000000000000e-07,24,3.512069625081e+00,BORIS,L1/dt-1e-12/eps-1e-06/ranks-1,5.497934090215e-07,7.100431684584e-08,R34,3.289540000000e+00,-1.386352382604e+00,-1.278842739573e+00,0.000000000000e+00,0.000000000000e+00,0.000000000000e+00,-7.209431630849e-01,-1.386352382911e+00,0.000000000000e+00,0.000000000000e+00,0.000000000000e+00,0.000000000000e+00,0.000000000000e+00,3.851351829246e+00,1.040676260819e+01,0.000000000000e+00,0.000000000000e+00,0.000000000000e+00,0.000000000000e+00,1.329223261134e+00,3.851351834248e+00,0.000000000000e+00,0.000000000000e+00,9.090949785698e-08,1.556718448222e-07,0.000000000000e+00,0.000000000000e+00,1.000000000000e+00,-9.437716863086e-02,-2.278833817090e-09,-2.232190359050e-09,0.000000000000e+00,0.000000000000e+00,0.000000000000e+00,1.000000001284e+00,5.527900004410e-07,-1.716237214563e-07,-5.339997293407e-08,0.000000000000e+00,0.000000000000e+00
1.000000000000e-12,OK,,5.497934090215e-07,-1.830164518072e-07,-5.800750269371e-08,1.830164518072e-07,5.800750269371e-08,1.830164518072e-07,1.842446000000e-09,8.840731800000e-08,3.000000000000e-06,1,1,1.500000000000e-06,24,3.508552999934e+00,BORIS,L1/dt-1e-12/eps-3e-06/ranks-1,5.497934090215e-07,7.306434700774e-08,R34,3.287010000000e+00,-1.386352384936e+00,-1.278842744267e+00,0.000000000000e+00,0.000000000000e+00,0.000000000000e+00,-7.209431681863e-01,-1.386352387829e+00,0.000000000000e+00,0.000000000000e+00,0.000000000000e+00,0.000000000000e+00,0.000000000000e+00,3.851351829246e+00,1.040676260819e+01,0.000000000000e+00,0.000000000000e+00,0.000000000000e+00,0.000000000000e+00,1.329223261134e+00,3.851351834248e+00,0.000000000000e+00,0.000000000000e+00,-3.697165928971e-08,2.323924825872e-07,0.000000000000e+00,0.000000000000e+00,1.000000000000e+00,-9.437709814670e-02,9.532195709010e-10,3.066683229868e-09,0.000000000000e+00,0.000000000000e+00,0.000000000000e+00,1.000000002279e+00,5.527900004410e-07,-1.802029531740e-07,-5.763891246964e-08,0.000000000000e+00,0.000000000000e+00
1.000000000000e-12,OK,,5.497934090215e-07,-1.815064454785e-07,-5.650191708936e-08,1.815064454785e-07,5.650191708936e-08,1.815064454785e-07,3.672742100000e-10,2.704091000000e-08,1.000000000000e-05,1,1,5.000000000000e-06,24,3.480207541026e+00,BORIS,L1/dt-1e-12/eps-1e-05/ranks-1,5.497934090215e-07,7.173805408691e-08,R34,3.259440000000e+00,-1.386352383332e+00,-1.278842742279e+00,0.000000000000e+00,0.000000000000e+00,0.000000000000e+00,-7.209431662505e-01,-1.386352386854e+00,0.000000000000e+00,0.000000000000e+00,0.000000000000e+00,0.000000000000e+00,0.000000000000e+00,3.851351829247e+00,1.040676260819e+01,0.000000000000e+00,0.000000000000e+00,0.000000000000e+00,0.000000000000e+00,1.329223261134e+00,3.851351834248e+00,0.000000000000e+00,0.000000000000e+00,2.550962117608e-08,1.950583608739e-07,0.000000000000e+00,0.000000000000e+00,1.000000000000e+00,-9.437713394066e-02,-2.783228202785e-10,-8.145416419357e-10,0.000000000000e+00,0.000000000000e+00,0.000000000000e+00,9.999999997347e-01,5.527799995519e-07,-1.761676873245e-07,-5.620443729504e-08,0.000000000000e+00,0.000000000000e+00
1.000000000000e-12,OK,,5.497934090215e-07,-1.815671704680e-07,-5.657709295502e-08,1.815671704680e-07,5.657709295502e-08,1.815671704680e-07,2.145721400000e-10,9.227363900000e-09,3.000000000000e-05,1,1,1.500000000000e-05,24,3.519797374960e+00,BORIS,L1/dt-1e-12/eps-3e-05/ranks-1,5.497934090215e-07,7.149358631906e-08,R34,3.299170000000e+00,-1.386352382914e+00,-1.278842741962e+00,0.000000000000e+00,0.000000000000e+00,0.000000000000e+00,-7.209431659529e-01,-1.386352386736e+00,0.000000000000e+00,0.000000000000e+00,0.000000000000e+00,0.000000000000e+00,0.000000000000e+00,3.851351829246e+00,1.040676260819e+01,0.000000000000e+00,0.000000000000e+00,0.000000000000e+00,0.000000000000e+00,1.329223261134e+00,3.851351834248e+00,0.000000000000e+00,0.000000000000e+00,4.323913659601e-08,1.843323184543e-07,0.000000000000e+00,0.000000000000e+00,1.000000000000e+00,-9.437714406877e-02,-2.836907450097e-11,8.816805624918e-11,0.000000000000e+00,0.000000000000e+00,0.000000000000e+00,1.000000000022e+00,5.527900004410e-07,-1.747733055401e-07,-5.434377273144e-08,0.000000000000e+00,0.000000000000e+00
1.000000000000e-12,OK,,5.497934090215e-07,-1.815887711151e-07,-5.675953129725e-08,1.815887711151e-07,5.675953129725e-08,1.815887711151e-07,1.047733000000e-10,2.564315300000e-09,1.000000000000e-04,1,1,5.000000000000e-05,24,3.469881166937e+00,BORIS,L1/dt-1e-12/eps-0.0001/ranks-1,5.497934090215e-07,7.145582052080e-08,R34,3.248340000000e+00,-1.386352383233e+00,-1.278842742247e+00,0.000000000000e+00,0.000000000000e+00,0.000000000000e+00,-7.209431664249e-01,-1.386352387175e+00,0.000000000000e+00,0.000000000000e+00,0.000000000000e+00,0.000000000000e+00,0.000000000000e+00,3.851351829246e+00,1.040676260819e+01,0.000000000000e+00,0.000000000000e+00,0.000000000000e+00,0.000000000000e+00,1.329223261134e+00,3.851351834248e+00,0.000000000000e+00,0.000000000000e+00,4.965845854319e-08,1.808176070732e-07,0.000000000000e+00,0.000000000000e+00,1.000000000000e+00,-9.437714757446e-02,3.918647335900e-11,1.284601040008e-10,0.000000000000e+00,0.000000000000e+00,0.000000000000e+00,1.000000000099e+00,5.527900004410e-07,-1.748539942473e-07,-5.461892046913e-08,0.000000000000e+00,0.000000000000e+00
1.000000000000e-12,OK,,5.498034099105e-07,-1.816120371005e-07,-5.675285025265e-08,1.816120371005e-07,5.675285025265e-08,1.816120371005e-07,1.077393700000e-11,1.095026800000e-09,3.000000000000e-04,1,1,1.500000000000e-04,24,3.482416833052e+00,BORIS,L1/dt-1e-12/eps-0.0003/ranks-1,5.498034099105e-07,7.143290218348e-08,R34,3.260740000000e+00,-1.386352383150e+00,-1.278842742262e+00,0.000000000000e+00,0.000000000000e+00,0.000000000000e+00,-7.209431662994e-01,-1.386352387127e+00,0.000000000000e+00,0.000000000000e+00,0.000000000000e+00,0.000000000000e+00,0.000000000000e+00,3.851351829245e+00,1.040676260818e+01,0.000000000000e+00,0.000000000000e+00,0.000000000000e+00,0.000000000000e+00,1.329223261134e+00,3.851351834247e+00,0.000000000000e+00,0.000000000000e+00,5.115658184771e-08,1.796310506945e-07,0.000000000000e+00,0.000000000000e+00,1.000000000000e+00,-9.437714871122e-02,9.527553753332e-12,1.931526508600e-13,0.000000000000e+00,0.000000000000e+00,0.000000000000e+00,1.000000000016e+00,5.528000013300e-07,-1.749026957892e-07,-5.473516931301e-08,0.000000000000e+00,0.000000000000e+00
1.000000000000e-12,OK,,5.498034099105e-07,-1.816385027437e-07,-5.676981573721e-08,1.816385027437e-07,5.676981573721e-08,1.816385027437e-07,5.869416100000e-12,1.468364400000e-10,1.000000000000e-03,1,1,5.000000000000e-04,24,3.524689000100e+00,BORIS,L1/dt-1e-12/eps-0.001/ranks-1,5.498034099105e-07,7.143379816054e-08,R34,3.303340000000e+00,-1.386352383167e+00,-1.278842742283e+00,0.000000000000e+00,0.000000000000e+00,0.000000000000e+00,-7.209431662995e-01,-1.386352387136e+00,0.000000000000e+00,0.000000000000e+00,0.000000000000e+00,0.000000000000e+00,0.000000000000e+00,3.851351829244e+00,1.040676260818e+01,0.000000000000e+00,0.000000000000e+00,0.000000000000e+00,0.000000000000e+00,1.329223261133e+00,3.851351834246e+00,0.000000000000e+00,0.000000000000e+00,5.227791900829e-08,1.793620801740e-07,0.000000000000e+00,0.000000000000e+00,1.000000000000e+00,-9.437714893379e-02,-8.090181405175e-13,6.495353898612e-13,0.000000000000e+00,0.000000000000e+00,0.000000000000e+00,1.000000000000e+00,5.527900004410e-07,-1.749367988836e-07,-5.475508588141e-08,0.000000000000e+00,0.000000000000e+00
1.000000000000e-12,OK,,5.499434099221e-07,-1.816169782588e-07,-5.677078240840e-08,1.816169782588e-07,5.677078240840e-08,1.816169782588e-07,9.650280600000e-12,5.339287000000e-11,3.000000000000e-03,1,1,1.500000000000e-03,24,4.134253249969e+00,BORIS,L1/dt-1e-12/eps-0.003/ranks-1,5.499434099221e-07,7.143636908233e-08,R34,3.213010000000e+00,-1.386352383143e+00,-1.278842742217e+00,0.000000000000e+00,0.000000000000e+00,0.000000000000e+00,-7.209431662876e-01,-1.386352387111e+00,0.000000000000e+00,0.000000000000e+00,0.000000000000e+00,0.000000000000e+00,0.000000000000e+00,3.851351829178e+00,1.040676260804e+01,0.000000000000e+00,0.000000000000e+00,0.000000000000e+00,0.000000000000e+00,1.329223261101e+00,3.851351834175e+00,0.000000000000e+00,0.000000000000e+00,5.217767474578e-08,1.792352550739e-07,0.000000000000e+00,0.000000000000e+00,1.000000000000e+00,-9.437714921560e-02,1.507321188997e-12,4.113152119814e-12,0.000000000000e+00,0.000000000000e+00,0.000000000000e+00,9.999999999977e-01,5.527900004410e-07,-1.749356568262e-07,-5.475078713535e-08,0.000000000000e+00,0.000000000000e+00
1.000000000000e-12,OK,,5.683034096648e-07,-1.782910032592e-07,-5.593463814346e-08,1.782910032592e-07,5.593463814346e-08,1.782910032592e-07,6.026135100000e-10,8.248926000000e-10,1.000000000000e-02,1,1,5.000000000000e-03,24,3.547034791904e+00,BORIS,L1/dt-1e-12/eps-0.01/ranks-1,5.683034096648e-07,7.234112937474e-08,R34,3.324840000000e+00,-1.386352380307e+00,-1.278842733672e+00,0.000000000000e+00,0.000000000000e+00,0.000000000000e+00,-7.209431651351e-01,-1.386352383853e+00,0.000000000000e+00,0.000000000000e+00,0.000000000000e+00,0.000000000000e+00,0.000000000000e+00,3.851351820860e+00,1.040676258968e+01,0.000000000000e+00,0.000000000000e+00,0.000000000000e+00,0.000000000000e+00,1.329223257024e+00,3.851351825199e+00,0.000000000000e+00,0.000000000000e+00,5.114990661166e-08,1.757692723515e-07,0.000000000000e+00,0.000000000000e+00,1.000000000000e+00,-9.437715107552e-02,1.741897427759e-13,5.824398333800e-13,0.000000000000e+00,0.000000000000e+00,0.000000000000e+00,1.000000000000e+00,5.527900004410e-07,-1.749277665436e-07,-5.474850701084e-08,0.000000000000e+00,0.000000000000e+00
1.000000000000e-12,OK,,2.050963409772e-06,9.001704585493e-08,1.140650218722e-08,9.001704585493e-08,1.140650218722e-08,9.001704585493e-08,4.862154500000e-08,6.669886800000e-08,3.000000000000e-02,1,1,1.500000000000e-02,24,3.512720291968e+00,BORIS,L1/dt-1e-12/eps-0.03/ranks-1,2.050963409772e-06,2.089403063691e-07,R34,3.290120000000e+00,-1.386352151183e+00,-1.278842043891e+00,0.000000000000e+00,0.000000000000e+00,0.000000000000e+00,-7.209430718957e-01,-1.386352120746e+00,0.000000000000e+00,0.000000000000e+00,0.000000000000e+00,0.000000000000e+00,0.000000000000e+00,3.851351148932e+00,1.040676110702e+01,0.000000000000e+00,0.000000000000e+00,0.000000000000e+00,0.000000000000e+00,1.329222927728e+00,3.851351100259e+00,0.000000000000e+00,0.000000000000e+00,-3.396595624438e-08,-1.020842679451e-07,0.000000000000e+00,0.000000000000e+00,1.000000000000e+00,-9.437729906577e-02,-4.594335211988e-14,-1.944470655650e-13,0.000000000000e+00,0.000000000000e+00,0.000000000000e+00,1.000000000000e+00,5.528000013300e-07,-1.749291055228e-07,-5.474947786893e-08,0.000000000000e+00,0.000000000000e+00
1.000000000000e-12,OK,,1.888075134087e-04,3.378490698248e-05,8.390518059454e-06,3.378490698248e-05,8.390518059454e-06,3.378490698248e-05,5.940087300000e-06,8.293265100000e-06,1.000000000000e-01,1,1,5.000000000000e-02,24,3.498664291110e+00,BORIS,L1/dt-1e-12/eps-0.1/ranks-1,1.888075134087e-04,2.110775078033e-05,R34,3.279800000000e+00,-1.386323333487e+00,-1.278755294468e+00,0.000000000000e+00,0.000000000000e+00,0.000000000000e+00,-7.209313855289e-01,-1.386319112219e+00,0.000000000000e+00,0.000000000000e+00,0.000000000000e+00,0.000000000000e+00,0.000000000000e+00,3.851266401858e+00,1.040657435047e+01,0.000000000000e+00,0.000000000000e+00,0.000000000000e+00,0.000000000000e+00,1.329181409534e+00,3.851259811477e+00,0.000000000000e+00,0.000000000000e+00,-1.076854999103e-05,-3.506041740022e-05,0.000000000000e+00,0.000000000000e+00,1.000000000000e+00,-9.439593634115e-02,8.025234064986e-14,1.425741322007e-13,0.000000000000e+00,0.000000000000e+00,0.000000000000e+00,1.000000000000e+00,5.524399995238e-07,-1.748251843800e-07,-5.471419408800e-08,0.000000000000e+00,0.000000000000e+00
3.000000000000e-12,OK,,5.016973409155e-06,-1.594903518729e-06,-5.010260527022e-07,1.594903518729e-06,5.010260527022e-07,1.594903518729e-06,8.521013900000e-09,1.044464700000e-06,1.000000000000e-06,1,1,5.000000000000e-07,24,1.986153292004e+00,BORIS,L1/dt-3e-12/eps-1e-06/ranks-1,5.016973409155e-06,6.448759311298e-07,R34,1.763770000000e+00,-1.386353398043e+00,-1.278846084596e+00,0.000000000000e+00,0.000000000000e+00,0.000000000000e+00,-7.209435177371e-01,-1.386353439737e+00,0.000000000000e+00,0.000000000000e+00,0.000000000000e+00,0.000000000000e+00,0.000000000000e+00,3.851349639497e+00,1.040675814101e+01,0.000000000000e+00,0.000000000000e+00,0.000000000000e+00,0.000000000000e+00,1.329222226567e+00,3.851349686724e+00,0.000000000000e+00,0.000000000000e+00,1.499816035635e-06,9.715761720700e-07,0.000000000000e+00,0.000000000000e+00,1.000000000000e+00,-9.437707591578e-02,-1.219673466385e-09,-2.960134887210e-09,0.000000000000e+00,0.000000000000e+00,0.000000000000e+00,1.000000001326e+00,5.019970000575e-06,-1.584733993647e-06,-4.971258529644e-07,0.000000000000e+00,0.000000000000e+00
3.000000000000e-12,OK,,5.015983409962e-06,-1.590838443728e-06,-4.976612952878e-07,1.590838443728e-06,4.976612952878e-07,1.590838443728e-06,6.408127400000e-10,2.424038200000e-06,3.000000000000e-06,1,1,1.500000000000e-06,24,1.970359583152e+00,BORIS,L1/dt-3e-12/eps-3e-06/ranks-1,5.015983409962e-06,7.132006518381e-07,R34,1.749580000000e+00,-1.386353391170e+00,-1.278846070174e+00,0.000000000000e+00,0.000000000000e+00,0.000000000000e+00,-7.209435122924e-01,-1.386353428585e+00,0.000000000000e+00,0.000000000000e+00,0.000000000000e+00,0.000000000000e+00,0.000000000000e+00,3.851349639995e+00,1.040675814200e+01,0.000000000000e+00,0.000000000000e+00,0.000000000000e+00,0.000000000000e+00,1.329222226822e+00,3.851349687229e+00,0.000000000000e+00,0.000000000000e+00,-1.967113309443e-06,2.977187113144e-06,0.000000000000e+00,0.000000000000e+00,1.000000000000e+00,-9.437514091935e-02,4.806052585181e-10,4.046374854213e-10,0.000000000000e+00,0.000000000000e+00,0.000000000000e+00,9.999999998991e-01,5.018980001381e-06,-1.588024945095e-06,-4.972927050637e-07,0.000000000000e+00,0.000000000000e+00
3.000000000000e-12,OK,,5.017333409185e-06,-1.591250124186e-06,-4.983417934962e-07,1.591250124186e-06,4.983417934962e-07,1.591250124186e-06,6.631316600000e-10,7.264293100000e-07,1.000000000000e-05,1,1,5.000000000000e-06,24,1.963057208108e+00,BORIS,L1/dt-3e-12/eps-1e-05/ranks-1,5.017333409185e-06,6.551534444034e-07,R34,1.741720000000e+00,-1.386353391830e+00,-1.278846070842e+00,0.000000000000e+00,0.000000000000e+00,0.000000000000e+00,-7.209435121073e-01,-1.386353428235e+00,0.000000000000e+00,0.000000000000e+00,0.000000000000e+00,0.000000000000e+00,0.000000000000e+00,3.851349639331e+00,1.040675814065e+01,0.000000000000e+00,0.000000000000e+00,0.000000000000e+00,0.000000000000e+00,1.329222226483e+00,3.851349686535e+00,0.000000000000e+00,0.000000000000e+00,-2.701233582412e-07,1.992170098963e-06,0.000000000000e+00,0.000000000000e+00,1.000000000000e+00,-9.437608998317e-02,1.871461688710e-10,-4.030759609262e-10,0.000000000000e+00,0.000000000000e+00,0.000000000000e+00,9.999999995850e-01,5.020319999716e-06,-1.585911366032e-06,-4.980443137019e-07,0.000000000000e+00,0.000000000000e+00
3.000000000000e-12,OK,,5.017313409184e-06,-1.591194563829e-06,-4.983461698305e-07,1.591194563829e-06,4.983461698305e-07,1.591194563829e-06,1.597144600000e-11,2.420159100000e-07,3.000000000000e-05,1,1,1.500000000000e-05,24,1.983515917091e+00,BORIS,L1/dt-3e-12/eps-3e-05/ranks-1,5.017313409184e-06,6.467332325159e-07,R34,1.763570000000e+00,-1.386353391722e+00,-1.278846070551e+00,0.000000000000e+00,0.000000000000e+00,0.000000000000e+00,-7.209435124335e-01,-1.386353428594e+00,0.000000000000e+00,0.000000000000e+00,0.000000000000e+00,0.000000000000e+00,0.000000000000e+00,3.851349639331e+00,1.040675814067e+01,0.000000000000e+00,0.000000000000e+00,0.000000000000e+00,0.000000000000e+00,1.329222226483e+00,3.851349686550e+00,0.000000000000e+00,0.000000000000e+00,2.142464239748e-07,1.710027189100e-06,0.000000000000e+00,0.000000000000e+00,1.000000000000e+00,-9.437636076667e-02,1.605985071276e-10,3.222006576572e-10,0.000000000000e+00,0.000000000000e+00,0.000000000000e+00,1.000000000065e+00,5.020310000603e-06,-1.584400698901e-06,-4.961128496069e-07,0.000000000000e+00,0.000000000000e+00
3.000000000000e-12,OK,,5.015613409043e-06,-1.591114449472e-06,-4.982480575906e-07,1.591114449472e-06,4.982480575906e-07,1.591114449472e-06,4.200995100000e-11,7.243511300000e-08,1.000000000000e-04,1,1,5.000000000000e-05,24,1.970631500008e+00,BORIS,L1/dt-3e-12/eps-0.0001/ranks-1,5.015613409043e-06,6.445839557415e-07,R34,1.751560000000e+00,-1.386353391926e+00,-1.278846070497e+00,0.000000000000e+00,0.000000000000e+00,0.000000000000e+00,-7.209435125293e-01,-1.386353428510e+00,0.000000000000e+00,0.000000000000e+00,0.000000000000e+00,0.000000000000e+00,0.000000000000e+00,3.851349640161e+00,1.040675814237e+01,0.000000000000e+00,0.000000000000e+00,0.000000000000e+00,0.000000000000e+00,1.329222226907e+00,3.851349687419e+00,0.000000000000e+00,0.000000000000e+00,3.839181773771e-07,1.611250918320e-06,0.000000000000e+00,0.000000000000e+00,1.000000000000e+00,-9.437645568378e-02,2.612042139852e-11,3.842521602382e-11,0.000000000000e+00,0.000000000000e+00,0.000000000000e+00,1.000000000090e+00,5.018610000462e-06,-1.584379672604e-06,-4.961074467625e-07,0.000000000000e+00,0.000000000000e+00
3.000000000000e-12,OK,,5.016973409155e-06,-1.591123018644e-06,-4.982588887038e-07,1.591123018644e-06,4.982588887038e-07,1.591123018644e-06,7.017053600000e-12,2.393780000000e-08,3.000000000000e-04,1,1,1.500000000000e-04,24,1.941712667001e+00,BORIS,L1/dt-3e-12/eps-0.0003/ranks-1,5.016973409155e-06,6.442143950135e-07,R34,1.722420000000e+00,-1.386353391996e+00,-1.278846070515e+00,0.000000000000e+00,0.000000000000e+00,0.000000000000e+00,-7.209435125678e-01,-1.386353428506e+00,0.000000000000e+00,0.000000000000e+00,0.000000000000e+00,0.000000000000e+00,0.000000000000e+00,3.851349639497e+00,1.040675814101e+01,0.000000000000e+00,0.000000000000e+00,0.000000000000e+00,0.000000000000e+00,1.329222226567e+00,3.851349686724e+00,0.000000000000e+00,0.000000000000e+00,4.324081467214e-07,1.583081704170e-06,0.000000000000e+00,0.000000000000e+00,1.000000000000e+00,-9.437648273761e-02,1.028506440703e-11,1.463243981989e-12,0.000000000000e+00,0.000000000000e+00,0.000000000000e+00,1.000000000004e+00,5.019970000575e-06,-1.584413677333e-06,-4.962412077642e-07,0.000000000000e+00,0.000000000000e+00
3.000000000000e-12,OK,,5.016973409155e-06,-1.591111086727e-06,-4.982437880608e-07,1.591111086727e-06,4.982437880608e-07,1.591111086727e-06,5.617728500000e-12,6.359839000000e-09,1.000000000000e-03,1,1,5.000000000000e-04,24,1.958999166964e+00,BORIS,L1/dt-3e-12/eps-0.001/ranks-1,5.016973409155e-06,6.440652604291e-07,R34,1.741670000000e+00,-1.386353392005e+00,-1.278846070504e+00,0.000000000000e+00,0.000000000000e+00,0.000000000000e+00,-7.209435125674e-01,-1.386353428484e+00,0.000000000000e+00,0.000000000000e+00,0.000000000000e+00,0.000000000000e+00,0.000000000000e+00,3.851349639496e+00,1.040675814101e+01,0.000000000000e+00,0.000000000000e+00,0.000000000000e+00,0.000000000000e+00,1.329222226567e+00,3.851349686723e+00,0.000000000000e+00,0.000000000000e+00,4.499988422848e-07,1.573557437365e-06,0.000000000000e+00,0.000000000000e+00,1.000000000000e+00,-9.437649190321e-02,6.027151292129e-12,7.507393660628e-12,0.000000000000e+00,0.000000000000e+00,0.000000000000e+00,9.999999999998e-01,5.019959999686e-06,-1.584409382867e-06,-4.962290582050e-07,0.000000000000e+00,0.000000000000e+00
3.000000000000e-12,OK,,5.017363410076e-06,-1.591087081974e-06,-4.982404497311e-07,1.591087081974e-06,4.982404497311e-07,1.591087081974e-06,1.278044300000e-10,3.869540400000e-09,3.000000000000e-03,1,1,1.500000000000e-03,24,1.957736582961e+00,BORIS,L1/dt-3e-12/eps-0.003/ranks-1,5.017363410076e-06,6.440128090368e-07,R34,1.736320000000e+00,-1.386353391984e+00,-1.278846070445e+00,0.000000000000e+00,0.000000000000e+00,0.000000000000e+00,-7.209435125596e-01,-1.386353428466e+00,0.000000000000e+00,0.000000000000e+00,0.000000000000e+00,0.000000000000e+00,0.000000000000e+00,3.851349639263e+00,1.040675814062e+01,0.000000000000e+00,0.000000000000e+00,0.000000000000e+00,0.000000000000e+00,1.329222226449e+00,3.851349686539e+00,0.000000000000e+00,0.000000000000e+00,4.524770035085e-07,1.569681905442e-06,0.000000000000e+00,0.000000000000e+00,1.000000000000e+00,-9.437649571327e-02,2.998501834941e-13,-4.668868338256e-13,0.000000000000e+00,0.000000000000e+00,0.000000000000e+00,9.999999999997e-01,5.020210000595e-06,-1.584405760541e-06,-4.962204544580e-07,0.000000000000e+00,0.000000000000e+00
3.000000000000e-12,OK,,5.034103409685e-06,-1.587764752965e-06,-4.974046518003e-07,1.587764752965e-06,4.974046518003e-07,1.587764752965e-06,7.105739300000e-10,9.356032300000e-10,1.000000000000e-02,1,1,5.000000000000e-03,24,1.934308750089e+00,BORIS,L1/dt-3e-12/eps-0.01/ranks-1,5.034103409685e-06,6.447976142865e-07,R34,1.713130000000e+00,-1.386353389146e+00,-1.278846061904e+00,0.000000000000e+00,0.000000000000e+00,0.000000000000e+00,-7.209435114037e-01,-1.386353425206e+00,0.000000000000e+00,0.000000000000e+00,0.000000000000e+00,0.000000000000e+00,0.000000000000e+00,3.851349631783e+00,1.040675812388e+01,0.000000000000e+00,0.000000000000e+00,0.000000000000e+00,0.000000000000e+00,1.329222222801e+00,3.851349678378e+00,0.000000000000e+00,0.000000000000e+00,4.541744546289e-07,1.565889831476e-06,0.000000000000e+00,0.000000000000e+00,1.000000000000e+00,-9.437649766811e-02,1.443384802010e-13,4.683895095247e-14,0.000000000000e+00,0.000000000000e+00,0.000000000000e+00,9.999999999997e-01,5.018590000461e-06,-1.584401516249e-06,-4.962185206677e-07,0.000000000000e+00,0.000000000000e+00
3.000000000000e-12,OK,,6.518113409015e-06,-1.319452257239e-06,-4.300613275499e-07,1.319452257239e-06,4.300613275499e-07,1.319452257239e-06,4.861759900000e-08,6.669880300000e-08,3.000000000000e-02,1,1,1.500000000000e-02,24,1.915908124996e+00,BORIS,L1/dt-3e-12/eps-0.03/ranks-1,6.518113409015e-06,7.339665419279e-07,R34,1.695480000000e+00,-1.386353160020e+00,-1.278845372115e+00,0.000000000000e+00,0.000000000000e+00,0.000000000000e+00,-7.209434181635e-01,-1.386353162097e+00,0.000000000000e+00,0.000000000000e+00,0.000000000000e+00,0.000000000000e+00,0.000000000000e+00,3.851348959195e+00,1.040675663987e+01,0.000000000000e+00,0.000000000000e+00,0.000000000000e+00,0.000000000000e+00,1.329221893169e+00,3.851348952752e+00,0.000000000000e+00,0.000000000000e+00,3.702119203662e-07,1.287937359307e-06,0.000000000000e+00,0.000000000000e+00,1.000000000000e+00,-9.437664728149e-02,-8.553302601540e-16,-2.274483829694e-13,0.000000000000e+00,0.000000000000e+00,0.000000000000e+00,9.999999999998e-01,5.019950000573e-06,-1.584398408617e-06,-4.962173076060e-07,0.000000000000e+00,0.000000000000e+00
3.000000000000e-12,OK,,1.932666234090e-04,3.237619187372e-05,7.949299687448e-06,3.237619187372e-05,7.949299687448e-06,3.237619187372e-05,5.940625900000e-06,8.293163700000e-06,1.000000000000e-01,1,1,5.000000000000e-02,24,1.925684750080e+00,BORIS,L1/dt-3e-12/eps-0.1/ranks-1,1.932666234090e-04,2.136933019299e-05,R34,1.707830000000e+00,-1.386324341982e+00,-1.278758621104e+00,0.000000000000e+00,0.000000000000e+00,0.000000000000e+00,-7.209317316637e-01,-1.386320153032e+00,0.000000000000e+00,0.000000000000e+00,0.000000000000e+00,0.000000000000e+00,0.000000000000e+00,3.851264216068e+00,1.040656989136e+01,0.000000000000e+00,0.000000000000e+00,0.000000000000e+00,0.000000000000e+00,1.329180376986e+00,3.851257668067e+00,0.000000000000e+00,0.000000000000e+00,-1.036472114391e-05,-3.367161878920e-05,0.000000000000e+00,0.000000000000e+00,1.000000000000e+00,-9.439528474489e-02,-4.487901788164e-16,-2.470266899802e-14,0.000000000000e+00,0.000000000000e+00,0.000000000000e+00,1.000000000000e+00,5.011549999878e-06,-1.583540293140e-06,-4.959325660940e-07,0.000000000000e+00,0.000000000000e+00
1.000000000000e-11,OK,,5.534830340892e-05,-1.751901339046e-05,-5.480744192444e-06,1.751901339046e-05,5.480744192444e-06,1.751901339046e-05,1.955192500000e-08,1.989748400000e-08,1.000000000000e-06,1,1,5.000000000000e-07,24,1.461973082973e+00,BORIS,L1/dt-1e-11/eps-1e-06/ranks-1,5.534830340892e-05,7.102496391312e-06,R34,1.240690000000e+00,-1.386364812165e+00,-1.278883686891e+00,0.000000000000e+00,0.000000000000e+00,0.000000000000e+00,-7.209474249706e-01,-1.386365180113e+00,0.000000000000e+00,0.000000000000e+00,0.000000000000e+00,0.000000000000e+00,0.000000000000e+00,3.851324959797e+00,1.040670780968e+01,0.000000000000e+00,0.000000000000e+00,0.000000000000e+00,0.000000000000e+00,1.329210574572e+00,3.851325505387e+00,0.000000000000e+00,0.000000000000e+00,5.034891168336e-06,1.728239341560e-05,0.000000000000e+00,0.000000000000e+00,9.999999999994e-01,-9.436910783124e-02,2.578909973988e-09,6.647676032961e-09,0.000000000000e+00,0.000000000000e+00,0.000000000000e+00,9.999999987285e-01,5.535130000034e-05,-1.750884386538e-05,-5.476843992706e-06,0.000000000000e+00,0.000000000000e+00
1.000000000000e-11,OK,,5.535463340856e-05,-1.761665357902e-05,-5.510007411644e-06,1.761665357902e-05,5.510007411644e-06,1.761665357902e-05,3.558258700000e-08,2.652998300000e-08,3.000000000000e-06,1,1,1.500000000000e-06,24,1.472546666861e+00,BORIS,L1/dt-1e-11/eps-3e-06/ranks-1,5.535463340856e-05,7.117267083553e-06,R34,1.253740000000e+00,-1.386364867887e+00,-1.278883914470e+00,0.000000000000e+00,0.000000000000e+00,0.000000000000e+00,-7.209474456262e-01,-1.386365254258e+00,0.000000000000e+00,0.000000000000e+00,0.000000000000e+00,0.000000000000e+00,0.000000000000e+00,3.851324959797e+00,1.040670780335e+01,0.000000000000e+00,0.000000000000e+00,0.000000000000e+00,0.000000000000e+00,1.329210574572e+00,3.851325501481e+00,0.000000000000e+00,0.000000000000e+00,5.056455630350e-06,1.737443332527e-05,0.000000000000e+00,0.000000000000e+00,1.000000000000e+00,-9.436907224876e-02,6.051936415441e-10,2.428222349714e-10,0.000000000000e+00,0.000000000000e+00,0.000000000000e+00,9.999999997742e-01,5.535762999997e-05,-1.761384008039e-05,-5.509638821420e-06,0.000000000000e+00,0.000000000000e+00
1.000000000000e-11,OK,,5.532932340913e-05,-1.744491433938e-05,-5.463670427866e-06,1.744491433938e-05,5.463670427866e-06,1.744491433938e-05,6.462283400000e-09,2.692177900000e-05,1.000000000000e-05,1,1,5.000000000000e-06,24,1.487924459158e+00,BORIS,L1/dt-1e-11/eps-1e-05/ranks-1,5.532932340913e-05,7.863203210241e-06,R34,1.266480000000e+00,-1.386364750923e+00,-1.278883509464e+00,0.000000000000e+00,0.000000000000e+00,0.000000000000e+00,-7.209474125091e-01,-1.386365141231e+00,0.000000000000e+00,0.000000000000e+00,0.000000000000e+00,0.000000000000e+00,0.000000000000e+00,3.851324959797e+00,1.040670782866e+01,0.000000000000e+00,0.000000000000e+00,0.000000000000e+00,0.000000000000e+00,1.329210574572e+00,3.851325517107e+00,0.000000000000e+00,0.000000000000e+00,-2.191957766388e-05,3.285151686494e-05,0.000000000000e+00,0.000000000000e+00,1.000000000000e+00,-9.435410095946e-02,2.616008028434e-10,2.039318748431e-10,0.000000000000e+00,0.000000000000e+00,0.000000000000e+00,9.999999998006e-01,5.533230999966e-05,-1.743957558123e-05,-5.463372948072e-06,0.000000000000e+00,0.000000000000e+00
1.000000000000e-11,OK,,5.535463340856e-05,-1.745083660488e-05,-5.465409691599e-06,1.745083660488e-05,5.465409691599e-06,1.745083660488e-05,2.665435600000e-08,8.974819000000e-06,3.000000000000e-05,1,1,1.500000000000e-05,24,1.524943459081e+00,BORIS,L1/dt-1e-11/eps-3e-05/ranks-1,5.535463340856e-05,7.235647438467e-06,R34,1.299930000000e+00,-1.386364747914e+00,-1.278883519443e+00,0.000000000000e+00,0.000000000000e+00,0.000000000000e+00,-7.209474118641e-01,-1.386365143963e+00,0.000000000000e+00,0.000000000000e+00,0.000000000000e+00,0.000000000000e+00,0.000000000000e+00,3.851324959797e+00,1.040670780335e+01,0.000000000000e+00,0.000000000000e+00,0.000000000000e+00,0.000000000000e+00,1.329210574572e+00,3.851325501481e+00,0.000000000000e+00,0.000000000000e+00,-3.970733031812e-06,2.242088985869e-05,0.000000000000e+00,0.000000000000e+00,1.000000000000e+00,-9.436412722980e-02,-1.888309032388e-11,-9.432201346842e-11,0.000000000000e+00,0.000000000000e+00,0.000000000000e+00,9.999999999665e-01,5.535762999997e-05,-1.744404273995e-05,-5.463176371375e-06,0.000000000000e+00,0.000000000000e+00
1.000000000000e-11,OK,,5.532932340913e-05,-1.745068962759e-05,-5.465220719811e-06,1.745068962759e-05,5.465220719811e-06,1.745068962759e-05,2.174940200000e-10,2.692256600000e-06,1.000000000000e-04,1,1,5.000000000000e-05,24,1.525745999999e+00,BORIS,L1/dt-1e-11/eps-0.0001/ranks-1,5.532932340913e-05,7.120528751046e-06,R34,1.303120000000e+00,-1.386364748113e+00,-1.278883519328e+00,0.000000000000e+00,0.000000000000e+00,0.000000000000e+00,-7.209474120354e-01,-1.386365143772e+00,0.000000000000e+00,0.000000000000e+00,0.000000000000e+00,0.000000000000e+00,0.000000000000e+00,3.851324959797e+00,1.040670782866e+01,0.000000000000e+00,0.000000000000e+00,0.000000000000e+00,0.000000000000e+00,1.329210574572e+00,3.851325517107e+00,0.000000000000e+00,0.000000000000e+00,2.311982705190e-06,1.876913747280e-05,0.000000000000e+00,0.000000000000e+00,1.000000000000e+00,-9.436763689651e-02,9.083631467132e-12,1.454129059870e-11,0.000000000000e+00,0.000000000000e+00,0.000000000000e+00,9.999999999992e-01,5.533232000055e-05,-1.744395485072e-05,-5.463080108983e-06,0.000000000000e+00,0.000000000000e+00
1.000000000000e-11,OK,,5.567051340982e-05,-1.745073176371e-05,-5.465241507740e-06,1.745073176371e-05,5.465241507740e-06,1.745073176371e-05,2.637158100000e-08,8.973467500000e-07,3.000000000000e-04,1,1,1.500000000000e-04,24,1.512442125008e+00,BORIS,L1/dt-1e-11/eps-0.0003/ranks-1,5.567051340982e-05,7.127011218900e-06,R34,1.294320000000e+00,-1.386364748114e+00,-1.278883519384e+00,0.000000000000e+00,0.000000000000e+00,0.000000000000e+00,-7.209474120228e-01,-1.386365143837e+00,0.000000000000e+00,0.000000000000e+00,0.000000000000e+00,0.000000000000e+00,0.000000000000e+00,3.851324793133e+00,1.040670748747e+01,0.000000000000e+00,0.000000000000e+00,0.000000000000e+00,0.000000000000e+00,1.329210489375e+00,3.851325342693e+00,0.000000000000e+00,0.000000000000e+00,4.106895370640e-06,1.772563061141e-05,0.000000000000e+00,0.000000000000e+00,1.000000000000e+00,-9.436863963021e-02,-4.044498111159e-12,-1.010759822869e-11,0.000000000000e+00,0.000000000000e+00,0.000000000000e+00,9.999999999903e-01,5.567351000124e-05,-1.744402242240e-05,-5.463223826800e-06,0.000000000000e+00,0.000000000000e+00
1.000000000000e-11,OK,,5.557888340846e-05,-1.745071920523e-05,-5.465234948099e-06,1.745071920523e-05,5.465234948099e-06,1.745071920523e-05,2.637359300000e-08,2.690889200000e-07,1.000000000000e-03,1,1,5.000000000000e-04,24,1.463358958019e+00,BORIS,L1/dt-1e-11/eps-0.001/ranks-1,5.557888340846e-05,7.113357596830e-06,R34,1.240950000000e+00,-1.386364748139e+00,-1.278883519372e+00,0.000000000000e+00,0.000000000000e+00,0.000000000000e+00,-7.209474120619e-01,-1.386365143834e+00,0.000000000000e+00,0.000000000000e+00,0.000000000000e+00,0.000000000000e+00,0.000000000000e+00,3.851324834798e+00,1.040670757910e+01,0.000000000000e+00,0.000000000000e+00,0.000000000000e+00,0.000000000000e+00,1.329210510674e+00,3.851325390203e+00,0.000000000000e+00,0.000000000000e+00,4.735152760187e-06,1.736040043164e-05,0.000000000000e+00,0.000000000000e+00,1.000000000000e+00,-9.436899058253e-02,1.044696153119e-12,1.337554042764e-12,0.000000000000e+00,0.000000000000e+00,0.000000000000e+00,1.000000000002e+00,5.558186999899e-05,-1.744401750137e-05,-5.463220218243e-06,0.000000000000e+00,0.000000000000e+00
1.000000000000e-11,OK,,5.534845340982e-05,-1.745070108278e-05,-5.465236673830e-06,1.745070108278e-05,5.465236673830e-06,1.745070108278e-05,2.008085300000e-08,8.205643900000e-08,3.000000000000e-03,1,1,1.500000000000e-03,24,1.451165332925e+00,BORIS,L1/dt-1e-11/eps-0.003/ranks-1,5.534845340982e-05,7.092682580469e-06,R34,1.227260000000e+00,-1.386364748087e+00,-1.278883519288e+00,0.000000000000e+00,0.000000000000e+00,0.000000000000e+00,-7.209474120303e-01,-1.386365143795e+00,0.000000000000e+00,0.000000000000e+00,0.000000000000e+00,0.000000000000e+00,0.000000000000e+00,3.851324959730e+00,1.040670780953e+01,0.000000000000e+00,0.000000000000e+00,0.000000000000e+00,0.000000000000e+00,1.329210574538e+00,3.851325505314e+00,0.000000000000e+00,0.000000000000e+00,4.922169937928e-06,1.726003003067e-05,0.000000000000e+00,0.000000000000e+00,1.000000000000e+00,-9.436908699002e-02,-6.120705675194e-13,-1.418028093585e-12,0.000000000000e+00,0.000000000000e+00,0.000000000000e+00,1.000000000000e+00,5.535130000034e-05,-1.744401976135e-05,-5.463216678557e-06,0.000000000000e+00,0.000000000000e+00
1.000000000000e-11,OK,,5.536681340956e-05,-1.744737754834e-05,-5.464401171051e-06,1.744737754834e-05,5.464401171051e-06,1.744737754834e-05,2.063303400000e-08,4.300223100000e-08,1.000000000000e-02,1,1,5.000000000000e-03,24,1.470943124965e+00,BORIS,L1/dt-1e-11/eps-0.01/ranks-1,5.536681340956e-05,7.092609847795e-06,R34,1.247440000000e+00,-1.386364745271e+00,-1.278883510951e+00,0.000000000000e+00,0.000000000000e+00,0.000000000000e+00,-7.209474108880e-01,-1.386365140664e+00,0.000000000000e+00,0.000000000000e+00,0.000000000000e+00,0.000000000000e+00,0.000000000000e+00,3.851324951411e+00,1.040670779117e+01,0.000000000000e+00,0.000000000000e+00,0.000000000000e+00,0.000000000000e+00,1.329210570462e+00,3.851325496339e+00,0.000000000000e+00,0.000000000000e+00,4.959986303201e-06,1.720723482805e-05,0.000000000000e+00,0.000000000000e+00,1.000000000000e+00,-9.436913622647e-02,-1.808220569458e-14,5.487834404976e-14,0.000000000000e+00,0.000000000000e+00,0.000000000000e+00,1.000000000000e+00,5.535130000034e-05,-1.744401431162e-05,-5.463215039918e-06,0.000000000000e+00,0.000000000000e+00
1.000000000000e-11,OK,,5.710517340951e-05,-1.717905853545e-05,-5.397064476609e-06,1.717905853545e-05,5.397064476609e-06,1.717905853545e-05,4.875604900000e-08,6.685752200000e-08,3.000000000000e-02,1,1,1.500000000000e-02,24,1.467368000187e+00,BORIS,L1/dt-1e-11/eps-0.03/ranks-1,5.710517340951e-05,7.189086490171e-06,R34,1.248970000000e+00,-1.386364516134e+00,-1.278882820903e+00,0.000000000000e+00,0.000000000000e+00,0.000000000000e+00,-7.209473176449e-01,-1.386364877409e+00,0.000000000000e+00,0.000000000000e+00,0.000000000000e+00,0.000000000000e+00,0.000000000000e+00,3.851324154570e+00,1.040670605281e+01,0.000000000000e+00,0.000000000000e+00,0.000000000000e+00,0.000000000000e+00,1.329210177313e+00,3.851324640698e+00,0.000000000000e+00,0.000000000000e+00,4.899704835344e-06,1.692195669868e-05,0.000000000000e+00,0.000000000000e+00,1.000000000000e+00,-9.436928820369e-02,6.030491126212e-14,3.724666885572e-14,0.000000000000e+00,0.000000000000e+00,0.000000000000e+00,9.999999999999e-01,5.560701000107e-05,-1.744400468683e-05,-5.463220456665e-06,0.000000000000e+00,0.000000000000e+00
1.000000000000e-11,OK,,2.439774434091e-04,1.649385371706e-05,2.973280714136e-06,1.649385371706e-05,2.973280714136e-06,1.649385371706e-05,5.876939600000e-06,8.279727600000e-06,1.000000000000e-01,1,1,5.000000000000e-02,24,1.435845333152e+00,BORIS,L1/dt-1e-11/eps-0.1/ranks-1,2.439774434091e-04,2.508741224608e-05,R34,1.217970000000e+00,-1.386335724715e+00,-1.278796130837e+00,0.000000000000e+00,0.000000000000e+00,0.000000000000e+00,-7.209356404497e-01,-1.386331891763e+00,0.000000000000e+00,0.000000000000e+00,0.000000000000e+00,0.000000000000e+00,0.000000000000e+00,3.851239333434e+00,1.040651918054e+01,0.000000000000e+00,0.000000000000e+00,0.000000000000e+00,0.000000000000e+00,1.329168621440e+00,3.851233297095e+00,0.000000000000e+00,0.000000000000e+00,-5.807631481148e-06,-1.801340740046e-05,0.000000000000e+00,0.000000000000e+00,1.000000000000e+00,-9.438793509518e-02,-2.645194958563e-15,1.487391866559e-14,0.000000000000e+00,0.000000000000e+00,0.000000000000e+00,1.000000000000e+00,5.572236999996e-05,-1.746587844980e-05,-5.471951539406e-06,0.000000000000e+00,0.000000000000e+00
3.000000000000e-11,OK,,4.978550434096e-04,-1.576446277435e-04,-4.931428229475e-05,1.576446277435e-04,4.931428229475e-05,1.576446277435e-04,1.120721900000e-08,2.244643900000e-08,1.000000000000e-06,1,1,5.000000000000e-07,24,1.309829707956e+00,BORIS,L1/dt-3e-11/eps-1e-06/ranks-1,4.978550434096e-04,6.390238220597e-05,R34,1.091890000000e+00,-1.386465268783e+00,-1.279214660222e+00,0.000000000000e+00,0.000000000000e+00,0.000000000000e+00,-7.209818474188e-01,-1.386468600828e+00,0.000000000000e+00,0.000000000000e+00,0.000000000000e+00,0.000000000000e+00,0.000000000000e+00,3.851107898107e+00,1.040626530294e+01,0.000000000000e+00,0.000000000000e+00,0.000000000000e+00,0.000000000000e+00,1.329108079424e+00,3.851112896126e+00,0.000000000000e+00,0.000000000000e+00,4.530844550675e-05,1.555084929710e-04,0.000000000000e+00,0.000000000000e+00,9.999999999983e-01,-9.430421680399e-02,-1.454684938706e-09,-2.892465826891e-09,0.000000000000e+00,0.000000000000e+00,0.000000000000e+00,9.999999988755e-01,4.978580400010e-04,-1.576344582184e-04,-4.931038209501e-05,0.000000000000e+00,0.000000000000e+00
3.000000000000e-11,OK,,4.978550434096e-04,-1.575871157615e-04,-4.929313321863e-05,1.575871157615e-04,4.929313321863e-05,1.575871157615e-04,3.280488700000e-09,1.141266100000e-08,3.000000000000e-06,1,1,1.500000000000e-06,24,1.322188667022e+00,BORIS,L1/dt-3e-11/eps-3e-06/ranks-1,4.978550434096e-04,6.389323830278e-05,R34,1.103200000000e+00,-1.386465223041e+00,-1.279214522467e+00,0.000000000000e+00,0.000000000000e+00,0.000000000000e+00,-7.209818396542e-01,-1.386468556746e+00,0.000000000000e+00,0.000000000000e+00,0.000000000000e+00,0.000000000000e+00,0.000000000000e+00,3.851107898107e+00,1.040626530294e+01,0.000000000000e+00,0.000000000000e+00,0.000000000000e+00,0.000000000000e+00,1.329108079424e+00,3.851112896126e+00,0.000000000000e+00,0.000000000000e+00,4.526283113106e-05,1.554326470700e-04,0.000000000000e+00,0.000000000000e+00,1.000000000000e+00,-9.430422334404e-02,-1.070141187175e-10,2.644777671257e-10,0.000000000000e+00,0.000000000000e+00,0.000000000000e+00,9.999999996720e-01,4.978580400010e-04,-1.575843022629e-04,-4.929276462841e-05,0.000000000000e+00,0.000000000000e+00
3.000000000000e-11,OK,,6.828088748416e-04,-1.546567853373e-04,-4.848866150782e-05,1.546567853373e-04,4.848866150782e-05,1.546567853373e-04,4.487027800000e-08,7.270857800000e-04,1.000000000000e-05,1,1,5.000000000000e-06,24,1.352550749900e+00,BORIS,L1/dt-3e-11/eps-1e-05/ranks-1,6.828088748416e-04,1.036919077829e-04,R51,1.132630000000e+00,-1.386462872836e+00,-1.279207404355e+00,0.000000000000e+00,0.000000000000e+00,0.000000000000e+00,-7.209811919500e-01,-1.386466596829e+00,0.000000000000e+00,0.000000000000e+00,0.000000000000e+00,0.000000000000e+00,0.000000000000e+00,3.851108064771e+00,1.040626564414e+01,0.000000000000e+00,0.000000000000e+00,0.000000000000e+00,0.000000000000e+00,1.329108164620e+00,3.851113070539e+00,0.000000000000e+00,0.000000000000e+00,-6.828088748415e-04,5.746934827914e-04,0.000000000000e+00,0.000000000000e+00,9.999999999999e-01,-9.389951325034e-02,-6.158690395278e-12,-1.483046399242e-10,0.000000000000e+00,0.000000000000e+00,0.000000000000e+00,9.999999998728e-01,6.828106163691e-04,-1.546514465791e-04,-4.848836402803e-05,0.000000000000e+00,0.000000000000e+00
3.000000000000e-11,OK,,4.975138434098e-04,-1.546423885516e-04,-4.848364088970e-05,1.546423885516e-04,4.848364088970e-05,1.546423885516e-04,3.059185200000e-08,2.423618700000e-04,3.000000000000e-05,1,1,1.500000000000e-05,24,1.352031624876e+00,BORIS,L1/dt-3e-11/eps-3e-05/ranks-1,4.975138434098e-04,7.038077107150e-05,R34,1.134830000000e+00,-1.386462878786e+00,-1.279207379412e+00,0.000000000000e+00,0.000000000000e+00,0.000000000000e+00,-7.209811929531e-01,-1.386466589018e+00,0.000000000000e+00,0.000000000000e+00,0.000000000000e+00,0.000000000000e+00,0.000000000000e+00,3.851108064771e+00,1.040626564414e+01,0.000000000000e+00,0.000000000000e+00,0.000000000000e+00,0.000000000000e+00,1.329108164620e+00,3.851113070539e+00,0.000000000000e+00,0.000000000000e+00,-1.980883829765e-04,2.931494821208e-04,0.000000000000e+00,0.000000000000e+00,9.999999999999e-01,-9.417016356991e-02,4.125791387482e-12,6.171263164777e-11,0.000000000000e+00,0.000000000000e+00,0.000000000000e+00,1.000000000031e+00,4.975168400012e-04,-1.546355946867e-04,-4.848140756948e-05,0.000000000000e+00,0.000000000000e+00
3.000000000000e-11,OK,,4.974885234095e-04,-1.546502207690e-04,-4.848564001892e-05,1.546502207690e-04,4.848564001892e-05,1.546502207690e-04,1.322587300000e-08,7.271494700000e-05,1.000000000000e-04,1,1,5.000000000000e-05,24,1.330363207962e+00,BORIS,L1/dt-3e-11/eps-0.0001/ranks-1,4.974885234095e-04,6.452219843302e-05,R34,1.108480000000e+00,-1.386462875258e+00,-1.279207393259e+00,0.000000000000e+00,0.000000000000e+00,0.000000000000e+00,-7.209811922866e-01,-1.386466592541e+00,0.000000000000e+00,0.000000000000e+00,0.000000000000e+00,0.000000000000e+00,0.000000000000e+00,3.851108064771e+00,1.040626566946e+01,0.000000000000e+00,0.000000000000e+00,0.000000000000e+00,0.000000000000e+00,1.329108164620e+00,3.851113086165e+00,0.000000000000e+00,0.000000000000e+00,-2.843858592704e-05,1.946208101221e-04,0.000000000000e+00,0.000000000000e+00,1.000000000000e+00,-9.426488665606e-02,-6.292562944217e-12,-9.724305788390e-12,0.000000000000e+00,0.000000000000e+00,0.000000000000e+00,1.000000000004e+00,4.974915200009e-04,-1.546434859921e-04,-4.848349940809e-05,0.000000000000e+00,0.000000000000e+00
3.000000000000e-11,OK,,4.978550434096e-04,-1.546508270817e-04,-4.848596461732e-05,1.546508270817e-04,4.848596461732e-05,1.546508270817e-04,1.348734200000e-08,2.424323900000e-05,3.000000000000e-04,1,1,1.500000000000e-04,24,1.315391625045e+00,BORIS,L1/dt-3e-11/eps-0.0003/ranks-1,4.978550434096e-04,6.371112356089e-05,R34,1.096070000000e+00,-1.386462875041e+00,-1.279207392375e+00,0.000000000000e+00,0.000000000000e+00,0.000000000000e+00,-7.209811921151e-01,-1.386466591953e+00,0.000000000000e+00,0.000000000000e+00,0.000000000000e+00,0.000000000000e+00,0.000000000000e+00,3.851107898107e+00,1.040626530294e+01,0.000000000000e+00,0.000000000000e+00,0.000000000000e+00,0.000000000000e+00,1.329108079424e+00,3.851112896127e+00,0.000000000000e+00,0.000000000000e+00,2.003310866531e-05,1.664670775864e-04,0.000000000000e+00,0.000000000000e+00,1.000000000000e+00,-9.429195141303e-02,1.064568855946e-12,2.128174417659e-12,0.000000000000e+00,0.000000000000e+00,0.000000000000e+00,1.000000000002e+00,4.978580400010e-04,-1.546441177404e-04,-4.848394693638e-05,0.000000000000e+00,0.000000000000e+00
3.000000000000e-11,OK,,4.975991434097e-04,-1.546508594647e-04,-4.848594868762e-05,1.546508594647e-04,4.848594868762e-05,1.546508594647e-04,3.315441800000e-08,7.278135500000e-06,1.000000000000e-03,1,1,5.000000000000e-04,24,1.319036333123e+00,BORIS,L1/dt-3e-11/eps-0.001/ranks-1,4.975991434097e-04,6.349109310889e-05,R34,1.099210000000e+00,-1.386462875447e+00,-1.279207392401e+00,0.000000000000e+00,0.000000000000e+00,0.000000000000e+00,-7.209811923697e-01,-1.386466591962e+00,0.000000000000e+00,0.000000000000e+00,0.000000000000e+00,0.000000000000e+00,0.000000000000e+00,3.851108023104e+00,1.040626555884e+01,0.000000000000e+00,0.000000000000e+00,0.000000000000e+00,0.000000000000e+00,1.329108143320e+00,3.851113026935e+00,0.000000000000e+00,0.000000000000e+00,3.699825777183e-05,1.566129133405e-04,0.000000000000e+00,0.000000000000e+00,1.000000000000e+00,-9.430142411096e-02,-1.684037997246e-13,5.243273871796e-13,0.000000000000e+00,0.000000000000e+00,0.000000000000e+00,1.000000000001e+00,4.976021300003e-04,-1.546441577608e-04,-4.848393395776e-05,0.000000000000e+00,0.000000000000e+00
3.000000000000e-11,OK,,4.978615234084e-04,-1.546502595738e-04,-4.848558396592e-05,1.546502595738e-04,4.848558396592e-05,1.546502595738e-04,1.993066800000e-08,2.431594800000e-06,3.000000000000e-03,1,1,1.500000000000e-03,24,1.322647457942e+00,BORIS,L1/dt-3e-11/eps-0.003/ranks-1,4.978615234084e-04,6.346475492579e-05,R34,1.100650000000e+00,-1.386462875325e+00,-1.279207392607e+00,0.000000000000e+00,0.000000000000e+00,0.000000000000e+00,-7.209811923003e-01,-1.386466592103e+00,0.000000000000e+00,0.000000000000e+00,0.000000000000e+00,0.000000000000e+00,0.000000000000e+00,3.851107898039e+00,1.040626529646e+01,0.000000000000e+00,0.000000000000e+00,0.000000000000e+00,0.000000000000e+00,1.329108079391e+00,3.851112892141e+00,0.000000000000e+00,0.000000000000e+00,4.184487156781e-05,1.537960561341e-04,0.000000000000e+00,0.000000000000e+00,1.000000000000e+00,-9.430413143185e-02,1.027295366064e-13,2.786767230005e-13,0.000000000000e+00,0.000000000000e+00,0.000000000000e+00,1.000000000001e+00,4.978643699989e-04,-1.546435782524e-04,-4.848356397065e-05,0.000000000000e+00,0.000000000000e+00
3.000000000000e-11,OK,,4.975986634097e-04,-1.546477311973e-04,-4.848525611667e-05,1.546477311973e-04,4.848525611667e-05,1.546477311973e-04,1.418673900000e-08,6.956236000000e-07,1.000000000000e-02,1,1,5.000000000000e-03,24,1.345249958104e+00,BORIS,L1/dt-3e-11/eps-0.01/ranks-1,4.975986634097e-04,6.342796291963e-05,R34,1.122760000000e+00,-1.386462871290e+00,-1.279207386368e+00,0.000000000000e+00,0.000000000000e+00,0.000000000000e+00,-7.209811903786e-01,-1.386466590315e+00,0.000000000000e+00,0.000000000000e+00,0.000000000000e+00,0.000000000000e+00,0.000000000000e+00,3.851108014721e+00,1.040626555932e+01,0.000000000000e+00,0.000000000000e+00,0.000000000000e+00,0.000000000000e+00,1.329108139212e+00,3.851113029609e+00,0.000000000000e+00,0.000000000000e+00,4.357947430626e-05,1.528246201003e-04,0.000000000000e+00,0.000000000000e+00,1.000000000000e+00,-9.430506117460e-02,1.123901434766e-13,1.478839987237e-13,0.000000000000e+00,0.000000000000e+00,0.000000000000e+00,9.999999999998e-01,4.975831500005e-04,-1.546443679606e-04,-4.848406998554e-05,0.000000000000e+00,0.000000000000e+00
3.000000000000e-11,OK,,4.991071934093e-04,-1.543786325975e-04,-4.841745416412e-05,1.543786325975e-04,4.841745416412e-05,1.543786325975e-04,8.805939800000e-08,3.990477100000e-07,3.000000000000e-02,1,1,1.500000000000e-02,24,1.340398665983e+00,BORIS,L1/dt-3e-11/eps-0.03/ranks-1,4.991071934093e-04,6.349680121911e-05,R34,1.116060000000e+00,-1.386462643234e+00,-1.279206702203e+00,0.000000000000e+00,0.000000000000e+00,0.000000000000e+00,-7.209810978412e-01,-1.386466330864e+00,0.000000000000e+00,0.000000000000e+00,0.000000000000e+00,0.000000000000e+00,0.000000000000e+00,3.851107342980e+00,1.040626405079e+01,0.000000000000e+00,0.000000000000e+00,0.000000000000e+00,0.000000000000e+00,1.329107810016e+00,3.851112288689e+00,0.000000000000e+00,0.000000000000e+00,4.377603681482e-05,1.521439094701e-04,0.000000000000e+00,0.000000000000e+00,1.000000000000e+00,-9.430558933062e-02,6.787222805945e-14,2.404162605657e-14,0.000000000000e+00,0.000000000000e+00,0.000000000000e+00,1.000000000000e+00,4.976090300008e-04,-1.546435787489e-04,-4.848361014418e-05,0.000000000000e+00,0.000000000000e+00
3.000000000000e-11,OK,,6.856058834099e-04,-1.207018860348e-04,-4.004486463399e-05,1.207018860348e-04,4.004486463399e-05,1.207018860348e-04,5.943970000000e-06,8.305188200000e-06,1.000000000000e-01,1,1,5.000000000000e-02,24,1.325777749997e+00,BORIS,L1/dt-3e-11/eps-0.1/ranks-1,6.856058834099e-04,7.529478111479e-05,R34,1.098260000000e+00,-1.386433840955e+00,-1.279120000368e+00,0.000000000000e+00,0.000000000000e+00,0.000000000000e+00,-7.209694176893e-01,-1.386433336991e+00,0.000000000000e+00,0.000000000000e+00,0.000000000000e+00,0.000000000000e+00,0.000000000000e+00,3.851022703914e+00,1.040607755210e+01,0.000000000000e+00,0.000000000000e+00,0.000000000000e+00,0.000000000000e+00,1.329066347797e+00,3.851021141274e+00,0.000000000000e+00,0.000000000000e+00,3.334612153566e-05,1.171296143274e-04,0.000000000000e+00,0.000000000000e+00,1.000000000000e+00,-9.432424744893e-02,-1.017418254062e-14,-1.910617804955e-14,0.000000000000e+00,0.000000000000e+00,0.000000000000e+00,1.000000000000e+00,4.973508100008e-04,-1.546616182017e-04,-4.849009688753e-05,0.000000000000e+00,0.000000000000e+00
1.000000000000e-10,INVALID,time step too long for QACH field extent,,,,,,,,,1.000000000000e-06,1,1,5.000000000000e-07,24,2.188641249668e-01,BORIS,L1/dt-1e-10/eps-1e-06/ranks-1,,,,,,,,,,,,,,,,,,,,,,,,,,,,,,,,,,,,,,,,,,,
1.000000000000e-10,INVALID,time step too long for QACH field extent,,,,,,,,,3.000000000000e-06,1,1,1.500000000000e-06,24,2.188918339089e-01,BORIS,L1/dt-1e-10/eps-3e-06/ranks-1,,,,,,,,,,,,,,,,,,,,,,,,,,,,,,,,,,,,,,,,,,,
1.000000000000e-10,INVALID,time step too long for QACH field extent,,,,,,,,,1.000000000000e-05,1,1,5.000000000000e-06,24,2.135953339748e-01,BORIS,L1/dt-1e-10/eps-1e-05/ranks-1,,,,,,,,,,,,,,,,,,,,,,,,,,,,,,,,,,,,,,,,,,,
1.000000000000e-10,INVALID,time step too long for QACH field extent,,,,,,,,,3.000000000000e-05,1,1,1.500000000000e-05,24,2.206351249479e-01,BORIS,L1/dt-1e-10/eps-3e-05/ranks-1,,,,,,,,,,,,,,,,,,,,,,,,,,,,,,,,,,,,,,,,,,,
1.000000000000e-10,INVALID,time step too long for QACH field extent,,,,,,,,,1.000000000000e-04,1,1,5.000000000000e-05,24,2.182475409936e-01,BORIS,L1/dt-1e-10/eps-0.0001/ranks-1,,,,,,,,,,,,,,,,,,,,,,,,,,,,,,,,,,,,,,,,,,,
1.000000000000e-10,INVALID,time step too long for QACH field extent,,,,,,,,,3.000000000000e-04,1,1,1.500000000000e-04,24,2.237394999247e-01,BORIS,L1/dt-1e-10/eps-0.0003/ranks-1,,,,,,,,,,,,,,,,,,,,,,,,,,,,,,,,,,,,,,,,,,,
1.000000000000e-10,INVALID,time step too long for QACH field extent,,,,,,,,,1.000000000000e-03,1,1,5.000000000000e-04,24,2.890005419031e-01,BORIS,L1/dt-1e-10/eps-0.001/ranks-1,,,,,,,,,,,,,,,,,,,,,,,,,,,,,,,,,,,,,,,,,,,
1.000000000000e-10,INVALID,time step too long for QACH field extent,,,,,,,,,3.000000000000e-03,1,1,1.500000000000e-03,24,3.019538749941e-01,BORIS,L1/dt-1e-10/eps-0.003/ranks-1,,,,,,,,,,,,,,,,,,,,,,,,,,,,,,,,,,,,,,,,,,,
1.000000000000e-10,INVALID,time step too long for QACH field extent,,,,,,,,,1.000000000000e-02,1,1,5.000000000000e-03,24,2.899791658856e-01,BORIS,L1/dt-1e-10/eps-0.01/ranks-1,,,,,,,,,,,,,,,,,,,,,,,,,,,,,,,,,,,,,,,,,,,
1.000000000000e-10,INVALID,time step too long for QACH field extent,,,,,,,,,3.000000000000e-02,1,1,1.500000000000e-02,24,2.891551251523e-01,BORIS,L1/dt-1e-10/eps-0.03/ranks-1,,,,,,,,,,,,,,,,,,,,,,,,,,,,,,,,,,,,,,,,,,,
1.000000000000e-10,INVALID,time step too long for QACH field extent,,,,,,,,,1.000000000000e-01,1,1,5.000000000000e-02,24,2.161649579648e-01,BORIS,L1/dt-1e-10/eps-0.1/ranks-1,,,,,,,,,,,,,,,,,,,,,,,,,,,,,,,,,,,,,,,,,,,
1.000000000000e-13,OK,,1.363334845017e-07,-3.096298487981e-08,-1.389455236174e-09,3.096298487981e-08,1.389455236174e-09,3.096298487981e-08,2.891390800000e-08,9.256941600000e-08,1.000000000000e-06,2,1,2.500000000000e-07,36,3.588717633323e+01,BORIS,L2/dt-1e-13/eps-1e-06/ranks-1,1.363334845017e-07,1.719153465819e-08,R12,3.566850000000e+01,-1.386352290604e+00,-1.278842455713e+00,0.000000000000e+00,0.000000000000e+00,0.000000000000e+00,-7.209431519475e-01,-1.386352348061e+00,0.000000000000e+00,0.000000000000e+00,0.000000000000e+00,0.000000000000e+00,0.000000000000e+00,3.851352100163e+00,1.040676316098e+01,0.000000000000e+00,0.000000000000e+00,0.000000000000e+00,0.000000000000e+00,1.329223389156e+00,3.851352100046e+00,0.000000000000e+00,0.000000000000e+00,1.105117381612e-08,4.728623191518e-08,0.000000000000e+00,0.000000000000e+00,1.000000000000e+00,-9.437721718938e-02,-4.553337882050e-08,-9.256941567881e-08,0.000000000000e+00,0.000000000000e+00,0.000000000000e+00,9.999999864612e-01,0.000000000000e+00,0.000000000000e+00,0.000000000000e+00,0.000000000000e+00,0.000000000000e+00
1.000000000000e-13,OK,,1.994422474366e-08,-7.768953446434e-09,-2.576322572282e-09,7.768953446434e-09,2.576322572282e-09,7.768953446434e-09,2.730503200000e-09,1.994422500000e-08,3.000000000000e-06,2,1,7.500000000000e-07,36,3.597115604091e+01,BORIS,L2/dt-1e-13/eps-3e-06/ranks-1,1.994422474366e-08,2.372261652381e-09,R62,3.573530000000e+01,-1.386352256845e+00,-1.278842327900e+00,0.000000000000e+00,0.000000000000e+00,0.000000000000e+00,-7.209431219936e-01,-1.386352260448e+00,0.000000000000e+00,0.000000000000e+00,0.000000000000e+00,0.000000000000e+00,0.000000000000e+00,3.851352100163e+00,1.040676316098e+01,0.000000000000e+00,0.000000000000e+00,0.000000000000e+00,0.000000000000e+00,1.329223389156e+00,3.851352100046e+00,0.000000000000e+00,0.000000000000e+00,1.785649879996e-09,5.531050440023e-09,0.000000000000e+00,0.000000000000e+00,1.000000000000e+00,-9.437722945818e-02,-1.200837796093e-08,-1.994422474366e-08,0.000000000000e+00,0.000000000000e+00,0.000000000000e+00,9.999999926285e-01,0.000000000000e+00,0.000000000000e+00,0.000000000000e+00,0.000000000000e+00,0.000000000000e+00
1.000000000000e-13,OK,,1.394948445643e-08,-8.060064654455e-09,-3.265089228678e-09,8.060064654455e-09,3.265089228678e-09,8.060064654455e-09,4.608629400000e-09,5.840183700000e-09,1.000000000000e-05,2,1,2.500000000000e-06,36,3.620196654089e+01,BORIS,L2/dt-1e-13/eps-1e-05/ranks-1,1.394948445643e-08,1.737076482837e-09,R12,3.597670000000e+01,-1.386352259861e+00,-1.278842333329e+00,0.000000000000e+00,0.000000000000e+00,0.000000000000e+00,-7.209431233207e-01,-1.386352259020e+00,0.000000000000e+00,0.000000000000e+00,0.000000000000e+00,0.000000000000e+00,0.000000000000e+00,3.851352100163e+00,1.040676316098e+01,0.000000000000e+00,0.000000000000e+00,0.000000000000e+00,0.000000000000e+00,1.329223389156e+00,3.851352100046e+00,0.000000000000e+00,0.000000000000e+00,2.725611761731e-09,8.119551031980e-09,0.000000000000e+00,0.000000000000e+00,1.000000000000e+00,-9.437722953105e-02,-3.334955058833e-10,-1.837500656827e-09,0.000000000000e+00,0.000000000000e+00,0.000000000000e+00,9.999999941598e-01,0.000000000000e+00,0.000000000000e+00,0.000000000000e+00,0.000000000000e+00,0.000000000000e+00
1.000000000000e-13,OK,,9.375484388841e-09,-7.155505021138e-09,-1.898388030594e-09,7.155505021138e-09,1.898388030594e-09,7.155505021138e-09,1.418528800000e-09,2.953917900000e-09,3.000000000000e-05,2,1,7.500000000000e-06,36,3.649779954203e+01,BORIS,L2/dt-1e-13/eps-3e-05/ranks-1,9.375484388841e-09,1.287775578814e-09,R12,3.628000000000e+01,-1.386352257517e+00,-1.278842328755e+00,0.000000000000e+00,0.000000000000e+00,0.000000000000e+00,-7.209431226291e-01,-1.386352256728e+00,0.000000000000e+00,0.000000000000e+00,0.000000000000e+00,0.000000000000e+00,0.000000000000e+00,3.851352100163e+00,1.040676316098e+01,0.000000000000e+00,0.000000000000e+00,0.000000000000e+00,0.000000000000e+00,1.329223389156e+00,3.851352100046e+00,0.000000000000e+00,0.000000000000e+00,2.022447675146e-09,6.831603846237e-09,0.000000000000e+00,0.000000000000e+00,1.000000000000e+00,-9.437722996401e-02,1.439141369558e-09,2.953917906711e-09,0.000000000000e+00,0.000000000000e+00,0.000000000000e+00,1.000000002433e+00,0.000000000000e+00,0.000000000000e+00,0.000000000000e+00,0.000000000000e+00,0.000000000000e+00
1.000000000000e-13,OK,,9.152484548025e-09,-6.485070243029e-09,-1.959308355155e-09,6.485070243029e-09,1.959308355155e-09,6.485070243029e-09,1.062141500000e-10,3.399280900000e-10,1.000000000000e-04,2,1,2.500000000000e-05,36,3.635747099994e+01,BORIS,L2/dt-1e-13/eps-0.0001/ranks-1,9.152484548025e-09,1.197763350074e-09,R12,3.614110000000e+01,-1.386352257809e+00,-1.278842328532e+00,0.000000000000e+00,0.000000000000e+00,0.000000000000e+00,-7.209431231828e-01,-1.386352257394e+00,0.000000000000e+00,0.000000000000e+00,0.000000000000e+00,0.000000000000e+00,0.000000000000e+00,3.851352100163e+00,1.040676316098e+01,0.000000000000e+00,0.000000000000e+00,0.000000000000e+00,0.000000000000e+00,1.329223389156e+00,3.851352100046e+00,0.000000000000e+00,0.000000000000e+00,1.975442325572e-09,6.493420110513e-09,0.000000000000e+00,0.000000000000e+00,1.000000000000e+00,-9.437723020913e-02,2.017555120653e-10,2.936728743239e-10,0.000000000000e+00,0.000000000000e+00,0.000000000000e+00,1.000000000340e+00,0.000000000000e+00,0.000000000000e+00,0.000000000000e+00,0.000000000000e+00,0.000000000000e+00
1.000000000000e-13,OK,,9.694484548461e-09,-6.634453869411e-09,-1.947237177679e-09,6.634453869411e-09,1.947237177679e-09,6.634453869411e-09,8.494893700000e-11,1.554188500000e-10,3.000000000000e-04,2,1,7.500000000000e-05,36,3.634023862495e+01,BORIS,L2/dt-1e-13/eps-0.0003/ranks-1,9.694484548461e-09,1.245690889882e-09,R12,3.611530000000e+01,-1.386352257987e+00,-1.278842329074e+00,0.000000000000e+00,0.000000000000e+00,0.000000000000e+00,-7.209431233993e-01,-1.386352257872e+00,0.000000000000e+00,0.000000000000e+00,0.000000000000e+00,0.000000000000e+00,0.000000000000e+00,3.851352100163e+00,1.040676316098e+01,0.000000000000e+00,0.000000000000e+00,0.000000000000e+00,0.000000000000e+00,1.329223389156e+00,3.851352100046e+00,0.000000000000e+00,0.000000000000e+00,2.019062809764e-09,6.648286144325e-09,0.000000000000e+00,0.000000000000e+00,1.000000000000e+00,-9.437723018385e-02,3.219494300906e-11,1.554188536047e-10,0.000000000000e+00,0.000000000000e+00,0.000000000000e+00,1.000000000077e+00,0.000000000000e+00,0.000000000000e+00,0.000000000000e+00,0.000000000000e+00,0.000000000000e+00
1.000000000000e-13,OK,,9.807484380175e-09,-6.737844320348e-09,-2.054038911841e-09,6.737844320348e-09,2.054038911841e-09,6.737844320348e-09,1.115318900000e-11,2.981825700000e-11,1.000000000000e-03,2,1,2.500000000000e-04,36,3.598230629088e+01,BORIS,L2/dt-1e-13/eps-0.001/ranks-1,9.807484380175e-09,1.258967332474e-09,R12,3.576280000000e+01,-1.386352257958e+00,-1.278842329187e+00,0.000000000000e+00,0.000000000000e+00,0.000000000000e+00,-7.209431233655e-01,-1.386352257920e+00,0.000000000000e+00,0.000000000000e+00,0.000000000000e+00,0.000000000000e+00,0.000000000000e+00,3.851352100163e+00,1.040676316098e+01,0.000000000000e+00,0.000000000000e+00,0.000000000000e+00,0.000000000000e+00,1.329223389156e+00,3.851352100046e+00,0.000000000000e+00,0.000000000000e+00,2.019215815678e-09,6.697333524476e-09,0.000000000000e+00,0.000000000000e+00,1.000000000000e+00,-9.437723015907e-02,7.603368609525e-12,2.981825682402e-11,0.000000000000e+00,0.000000000000e+00,0.000000000000e+00,9.999999999936e-01,0.000000000000e+00,0.000000000000e+00,0.000000000000e+00,0.000000000000e+00,0.000000000000e+00
1.000000000000e-13,OK,,9.820484425660e-09,-6.702398861847e-09,-2.015357968798e-09,6.702398861847e-09,2.015357968798e-09,6.702398861847e-09,1.605804400000e-11,1.972599900000e-11,3.000000000000e-03,2,1,7.500000000000e-04,36,3.589265029202e+01,BORIS,L2/dt-1e-13/eps-0.003/ranks-1,9.820484425660e-09,1.258141900766e-09,R12,3.567430000000e+01,-1.386352257980e+00,-1.278842329200e+00,0.000000000000e+00,0.000000000000e+00,0.000000000000e+00,-7.209431233639e-01,-1.386352257903e+00,0.000000000000e+00,0.000000000000e+00,0.000000000000e+00,0.000000000000e+00,0.000000000000e+00,3.851352100163e+00,1.040676316098e+01,0.000000000000e+00,0.000000000000e+00,0.000000000000e+00,0.000000000000e+00,1.329223389156e+00,3.851352100046e+00,0.000000000000e+00,0.000000000000e+00,2.026936773103e-09,6.704000034121e-09,0.000000000000e+00,0.000000000000e+00,1.000000000000e+00,-9.437723016935e-02,4.239140433965e-12,1.837592418712e-11,0.000000000000e+00,0.000000000000e+00,0.000000000000e+00,1.000000000020e+00,0.000000000000e+00,0.000000000000e+00,0.000000000000e+00,0.000000000000e+00,0.000000000000e+00
1.000000000000e-13,OK,,9.838484471558e-09,-6.712547709210e-09,-2.029590902163e-09,6.712547709210e-09,2.029590902163e-09,6.712547709210e-09,1.847300100000e-12,3.690147400000e-12,1.000000000000e-02,2,1,2.500000000000e-03,36,3.595311712497e+01,BORIS,L2/dt-1e-13/eps-0.01/ranks-1,9.838484471558e-09,1.260150525248e-09,R12,3.569680000000e+01,-1.386352257980e+00,-1.278842329218e+00,0.000000000000e+00,0.000000000000e+00,0.000000000000e+00,-7.209431233687e-01,-1.386352257919e+00,0.000000000000e+00,0.000000000000e+00,0.000000000000e+00,0.000000000000e+00,0.000000000000e+00,3.851352100163e+00,1.040676316098e+01,0.000000000000e+00,0.000000000000e+00,0.000000000000e+00,0.000000000000e+00,1.329223389156e+00,3.851352100046e+00,0.000000000000e+00,0.000000000000e+00,2.026801085188e-09,6.710994328892e-09,0.000000000000e+00,0.000000000000e+00,1.000000000000e+00,-9.437723016573e-02,-1.092997431082e-13,-3.690147404884e-12,0.000000000000e+00,0.000000000000e+00,0.000000000000e+00,9.999999999986e-01,0.000000000000e+00,0.000000000000e+00,0.000000000000e+00,0.000000000000e+00,0.000000000000e+00
1.000000000000e-13,OK,,9.892484387208e-09,-6.734091558335e-09,-2.031535916118e-09,6.734091558335e-09,2.031535916118e-09,6.734091558335e-09,3.709921300000e-12,4.765077200000e-12,3.000000000000e-02,2,1,7.500000000000e-03,36,3.591497200006e+01,BORIS,L2/dt-1e-13/eps-0.03/ranks-1,9.892484387208e-09,1.268134788919e-09,R12,3.568820000000e+01,-1.386352257998e+00,-1.278842329272e+00,0.000000000000e+00,0.000000000000e+00,0.000000000000e+00,-7.209431233759e-01,-1.386352257938e+00,0.000000000000e+00,0.000000000000e+00,0.000000000000e+00,0.000000000000e+00,0.000000000000e+00,3.851352100220e+00,1.040676316109e+01,0.000000000000e+00,0.000000000000e+00,0.000000000000e+00,0.000000000000e+00,1.329223389183e+00,3.851352100101e+00,0.000000000000e+00,0.000000000000e+00,2.034359841532e-09,6.732986784245e-09,0.000000000000e+00,0.000000000000e+00,1.000000000000e+00,-9.437723015172e-02,-6.740002354559e-14,1.283792151452e-12,0.000000000000e+00,0.000000000000e+00,0.000000000000e+00,9.999999999977e-01,0.000000000000e+00,0.000000000000e+00,0.000000000000e+00,0.000000000000e+00,0.000000000000e+00
1.000000000000e-13,OK,,1.644265914535e-07,-3.034550164739e-08,-3.663058712628e-09,3.034550164739e-08,3.663058712628e-09,3.034550164739e-08,3.448879400000e-09,6.696372000000e-09,1.000000000000e-01,2,1,2.500000000000e-02,36,3.613718475006e+01,BORIS,L2/dt-1e-13/eps-0.1/ranks-1,1.644265914535e-07,1.860427075562e-08,R34,3.591380000000e+01,-1.386352280527e+00,-1.278842396701e+00,0.000000000000e+00,0.000000000000e+00,0.000000000000e+00,-7.209431303107e-01,-1.386352279211e+00,0.000000000000e+00,0.000000000000e+00,0.000000000000e+00,0.000000000000e+00,0.000000000000e+00,3.851352179409e+00,1.040676332241e+01,0.000000000000e+00,0.000000000000e+00,0.000000000000e+00,0.000000000000e+00,1.329223427203e+00,3.851352177585e+00,0.000000000000e+00,0.000000000000e+00,1.191877382913e-08,3.477051930138e-08,0.000000000000e+00,0.000000000000e+00,1.000000000000e+00,-9.437721396795e-02,3.620334415505e-13,4.016561757189e-13,0.000000000000e+00,0.000000000000e+00,0.000000000000e+00,1.000000000002e+00,0.000000000000e+00,0.000000000000e+00,0.000000000000e+00,0.000000000000e+00,0.000000000000e+00
3.000000000000e-13,OK,,5.020448456960e-08,-2.746212144912e-08,-1.392029430237e-08,2.746212144912e-08,1.392029430237e-08,2.746212144912e-08,1.989599100000e-08,2.200659800000e-08,1.000000000000e-06,2,1,2.500000000000e-07,36,1.305912850006e+01,BORIS,L2/dt-3e-13/eps-1e-06/ranks-1,5.020448456960e-08,7.326633775235e-09,R12,1.277820000000e+01,-1.386352270087e+00,-1.278842369584e+00,0.000000000000e+00,0.000000000000e+00,0.000000000000e+00,-7.209431272240e-01,-1.386352271883e+00,0.000000000000e+00,0.000000000000e+00,0.000000000000e+00,0.000000000000e+00,0.000000000000e+00,3.851352078242e+00,1.040676311625e+01,0.000000000000e+00,0.000000000000e+00,0.000000000000e+00,0.000000000000e+00,1.329223378798e+00,3.851352078542e+00,0.000000000000e+00,0.000000000000e+00,9.777132727799e-09,2.160784991780e-08,0.000000000000e+00,0.000000000000e+00,1.000000000000e+00,-9.437722176395e-02,-7.917007604811e-09,-5.682443793243e-09,0.000000000000e+00,0.000000000000e+00,0.000000000000e+00,9.999999779934e-01,8.688697188557e-08,3.500863430690e-09,-1.253083906620e-08,0.000000000000e+00,0.000000000000e+00
3.000000000000e-13,OK,,4.555548449581e-08,-2.011252727948e-08,-5.346683432419e-09,2.011252727948e-08,5.346683432419e-09,2.011252727948e-08,1.019197700000e-08,7.723304100000e-09,3.000000000000e-06,2,1,7.500000000000e-07,36,1.308241483290e+01,BORIS,L2/dt-3e-13/eps-3e-06/ranks-1,4.555548449581e-08,6.568399983698e-09,R12,1.286010000000e+01,-1.386352267511e+00,-1.278842364935e+00,0.000000000000e+00,0.000000000000e+00,0.000000000000e+00,-7.209431267548e-01,-1.386352268305e+00,0.000000000000e+00,0.000000000000e+00,0.000000000000e+00,0.000000000000e+00,0.000000000000e+00,3.851352078242e+00,1.040676311625e+01,0.000000000000e+00,0.000000000000e+00,0.000000000000e+00,0.000000000000e+00,1.329223378798e+00,3.851352078543e+00,0.000000000000e+00,0.000000000000e+00,1.430033232605e-09,2.531182440345e-08,0.000000000000e+00,0.000000000000e+00,1.000000000000e+00,-9.437722097523e-02,-2.123950901750e-10,8.431894583046e-10,0.000000000000e+00,0.000000000000e+00,0.000000000000e+00,9.999999922767e-01,4.473000103644e-08,-1.234357383305e-08,-2.770360860137e-09,0.000000000000e+00,0.000000000000e+00
3.000000000000e-13,OK,,4.229248440346e-08,-1.987023159744e-08,-4.817903630995e-09,1.987023159744e-08,4.817903630995e-09,1.987023159744e-08,3.415163300000e-09,2.776689800000e-09,1.000000000000e-05,2,1,2.500000000000e-06,36,1.305191537482e+01,BORIS,L2/dt-3e-13/eps-1e-05/ranks-1,4.229248440346e-08,6.314915923987e-09,R12,1.283140000000e+01,-1.386352269048e+00,-1.278842361672e+00,0.000000000000e+00,0.000000000000e+00,0.000000000000e+00,-7.209431279680e-01,-1.386352269974e+00,0.000000000000e+00,0.000000000000e+00,0.000000000000e+00,0.000000000000e+00,0.000000000000e+00,3.851352078244e+00,1.040676311625e+01,0.000000000000e+00,0.000000000000e+00,0.000000000000e+00,0.000000000000e+00,1.329223378799e+00,3.851352078544e+00,0.000000000000e+00,0.000000000000e+00,5.101731907646e-09,2.102190573762e-08,0.000000000000e+00,0.000000000000e+00,1.000000000000e+00,-9.437722288060e-02,-1.320677109270e-09,-1.679394762405e-09,0.000000000000e+00,0.000000000000e+00,0.000000000000e+00,1.000000000639e+00,4.473000103644e-08,-1.181016694299e-08,-1.552814402317e-09,0.000000000000e+00,0.000000000000e+00
3.000000000000e-13,OK,,4.327248448455e-08,-2.042958336903e-08,-6.154202480662e-09,2.042958336903e-08,6.154202480662e-09,2.042958336903e-08,8.793295000000e-10,8.620479400000e-10,3.000000000000e-05,2,1,7.500000000000e-06,36,1.306561875017e+01,BORIS,L2/dt-3e-13/eps-3e-05/ranks-1,4.327248448455e-08,6.344480283742e-09,R12,1.284660000000e+01,-1.386352268066e+00,-1.278842362652e+00,0.000000000000e+00,0.000000000000e+00,0.000000000000e+00,-7.209431267779e-01,-1.386352268575e+00,0.000000000000e+00,0.000000000000e+00,0.000000000000e+00,0.000000000000e+00,0.000000000000e+00,3.851352078242e+00,1.040676311625e+01,0.000000000000e+00,0.000000000000e+00,0.000000000000e+00,0.000000000000e+00,1.329223378798e+00,3.851352078542e+00,0.000000000000e+00,0.000000000000e+00,5.977162123577e-09,2.133462030184e-08,0.000000000000e+00,0.000000000000e+00,1.000000000000e+00,-9.437722335257e-02,-1.794839255893e-10,-2.143310556620e-10,0.000000000000e+00,0.000000000000e+00,0.000000000000e+00,1.000000000588e+00,4.473000103644e-08,-1.327407834789e-08,-4.255814450068e-09,0.000000000000e+00,0.000000000000e+00
3.000000000000e-13,OK,,4.331048453210e-08,-2.098767258190e-08,-6.502905158805e-09,2.098767258190e-08,6.502905158805e-09,2.098767258190e-08,1.722608700000e-10,2.158658100000e-10,1.000000000000e-04,2,1,2.500000000000e-05,36,1.297820333298e+01,BORIS,L2/dt-3e-13/eps-0.0001/ranks-1,4.331048453210e-08,6.343602545488e-09,R12,1.275660000000e+01,-1.386352267838e+00,-1.278842362690e+00,0.000000000000e+00,0.000000000000e+00,0.000000000000e+00,-7.209431265702e-01,-1.386352268337e+00,0.000000000000e+00,0.000000000000e+00,0.000000000000e+00,0.000000000000e+00,0.000000000000e+00,3.851352078244e+00,1.040676311625e+01,0.000000000000e+00,0.000000000000e+00,0.000000000000e+00,0.000000000000e+00,1.329223378799e+00,3.851352078545e+00,0.000000000000e+00,0.000000000000e+00,6.034280789719e-09,2.091997352064e-08,0.000000000000e+00,0.000000000000e+00,1.000000000000e+00,-9.437722343660e-02,-2.019403607423e-10,-2.158658084292e-10,0.000000000000e+00,0.000000000000e+00,0.000000000000e+00,9.999999999453e-01,4.473000103644e-08,-1.450260233887e-08,-4.543596803650e-09,0.000000000000e+00,0.000000000000e+00
3.000000000000e-13,OK,,4.324548452672e-08,-2.085998009396e-08,-6.432579802108e-09,2.085998009396e-08,6.432579802108e-09,2.085998009396e-08,9.717715500000e-11,1.730339400000e-10,3.000000000000e-04,2,1,7.500000000000e-05,36,1.297429912491e+01,BORIS,L2/dt-3e-13/eps-0.0003/ranks-1,4.324548452672e-08,6.337437105872e-09,R12,1.275570000000e+01,-1.386352268064e+00,-1.278842362625e+00,0.000000000000e+00,0.000000000000e+00,0.000000000000e+00,-7.209431267754e-01,-1.386352268359e+00,0.000000000000e+00,0.000000000000e+00,0.000000000000e+00,0.000000000000e+00,0.000000000000e+00,3.851352078242e+00,1.040676311625e+01,0.000000000000e+00,0.000000000000e+00,0.000000000000e+00,0.000000000000e+00,1.329223378798e+00,3.851352078543e+00,0.000000000000e+00,0.000000000000e+00,6.078727149463e-09,2.080102733133e-08,0.000000000000e+00,0.000000000000e+00,1.000000000000e+00,-9.437722358018e-02,7.346108305849e-11,1.730339374958e-10,0.000000000000e+00,0.000000000000e+00,0.000000000000e+00,1.000000000085e+00,4.473000103644e-08,-1.422552622455e-08,-4.485342624429e-09,0.000000000000e+00,0.000000000000e+00
3.000000000000e-13,OK,,4.321548452424e-08,-2.082864426297e-08,-6.389987983200e-09,2.082864426297e-08,6.389987983200e-09,2.082864426297e-08,2.918954000000e-11,2.666155400000e-11,1.000000000000e-03,2,1,2.500000000000e-04,36,1.294974387507e+01,BORIS,L2/dt-3e-13/eps-0.001/ranks-1,4.321548452424e-08,6.333800138229e-09,R12,1.272600000000e+01,-1.386352268100e+00,-1.278842362595e+00,0.000000000000e+00,0.000000000000e+00,0.000000000000e+00,-7.209431268009e-01,-1.386352268314e+00,0.000000000000e+00,0.000000000000e+00,0.000000000000e+00,0.000000000000e+00,0.000000000000e+00,3.851352078236e+00,1.040676311624e+01,0.000000000000e+00,0.000000000000e+00,0.000000000000e+00,0.000000000000e+00,1.329223378795e+00,3.851352078536e+00,0.000000000000e+00,0.000000000000e+00,6.154445702064e-09,2.070946126296e-08,0.000000000000e+00,0.000000000000e+00,1.000000000000e+00,-9.437722361874e-02,-3.154806389278e-12,-2.666155360534e-11,0.000000000000e+00,0.000000000000e+00,0.000000000000e+00,9.999999999814e-01,4.474000014909e-08,-1.409079994262e-08,-4.335949071359e-09,0.000000000000e+00,0.000000000000e+00
3.000000000000e-13,OK,,4.322948443658e-08,-2.085463276597e-08,-6.413544528798e-09,2.085463276597e-08,6.413544528798e-09,2.085463276597e-08,9.606648800000e-12,9.362066700000e-12,3.000000000000e-03,2,1,7.500000000000e-04,36,1.298273120797e+01,BORIS,L2/dt-3e-13/eps-0.003/ranks-1,4.322948443658e-08,6.335713294130e-09,R12,1.276410000000e+01,-1.386352268107e+00,-1.278842362609e+00,0.000000000000e+00,0.000000000000e+00,0.000000000000e+00,-7.209431268173e-01,-1.386352268338e+00,0.000000000000e+00,0.000000000000e+00,0.000000000000e+00,0.000000000000e+00,0.000000000000e+00,3.851352078236e+00,1.040676311624e+01,0.000000000000e+00,0.000000000000e+00,0.000000000000e+00,0.000000000000e+00,1.329223378795e+00,3.851352078536e+00,0.000000000000e+00,0.000000000000e+00,6.144064161931e-09,2.071865934724e-08,0.000000000000e+00,0.000000000000e+00,1.000000000000e+00,-9.437722362739e-02,3.530260332974e-12,-1.898305996062e-12,0.000000000000e+00,0.000000000000e+00,0.000000000000e+00,9.999999999906e-01,4.474000014909e-08,-1.415223390412e-08,-4.398186560000e-09,0.000000000000e+00,0.000000000000e+00
3.000000000000e-13,OK,,4.323148439234e-08,-2.085027976101e-08,-6.409769992555e-09,2.085027976101e-08,6.409769992555e-09,2.085027976101e-08,5.817568600000e-14,3.212351100000e-12,1.000000000000e-02,2,1,2.500000000000e-03,36,1.305849920912e+01,BORIS,L2/dt-3e-13/eps-0.01/ranks-1,4.323148439234e-08,6.334563255300e-09,R12,1.283650000000e+01,-1.386352268103e+00,-1.278842362611e+00,0.000000000000e+00,0.000000000000e+00,0.000000000000e+00,-7.209431268127e-01,-1.386352268338e+00,0.000000000000e+00,0.000000000000e+00,0.000000000000e+00,0.000000000000e+00,0.000000000000e+00,3.851352078244e+00,1.040676311625e+01,0.000000000000e+00,0.000000000000e+00,0.000000000000e+00,0.000000000000e+00,1.329223378799e+00,3.851352078545e+00,0.000000000000e+00,0.000000000000e+00,6.142442766836e-09,2.070908667201e-08,0.000000000000e+00,0.000000000000e+00,1.000000000000e+00,-9.437722362441e-02,1.229179046357e-13,-9.965457295205e-13,0.000000000000e+00,0.000000000000e+00,0.000000000000e+00,1.000000000001e+00,4.473000103644e-08,-1.413773205180e-08,-4.380179090392e-09,0.000000000000e+00,0.000000000000e+00
3.000000000000e-13,OK,,4.328048452962e-08,-2.087013918689e-08,-6.413991671117e-09,2.087013918689e-08,6.413991671117e-09,2.087013918689e-08,2.259636900000e-12,4.606537400000e-12,3.000000000000e-02,2,1,7.500000000000e-03,36,1.302993904194e+01,BORIS,L2/dt-3e-13/eps-0.03/ranks-1,4.328048452962e-08,6.330248873689e-09,R12,1.278070000000e+01,-1.386352268119e+00,-1.278842362660e+00,0.000000000000e+00,0.000000000000e+00,0.000000000000e+00,-7.209431268166e-01,-1.386352268353e+00,0.000000000000e+00,0.000000000000e+00,0.000000000000e+00,0.000000000000e+00,0.000000000000e+00,3.851352078301e+00,1.040676311637e+01,0.000000000000e+00,0.000000000000e+00,0.000000000000e+00,0.000000000000e+00,1.329223378827e+00,3.851352078601e+00,0.000000000000e+00,0.000000000000e+00,6.149928310568e-09,2.072922515832e-08,0.000000000000e+00,0.000000000000e+00,1.000000000000e+00,-9.437722361400e-02,4.279524724025e-13,7.965970600984e-13,0.000000000000e+00,0.000000000000e+00,0.000000000000e+00,1.000000000001e+00,4.472000014744e-08,-1.413604762855e-08,-4.382455754999e-09,0.000000000000e+00,0.000000000000e+00
3.000000000000e-13,OK,,1.196865913045e-07,-4.449010886819e-08,-8.049408473098e-09,4.449010886819e-08,8.049408473098e-09,4.449010886819e-08,3.450128600000e-09,6.695812500000e-09,1.000000000000e-01,2,1,2.500000000000e-02,36,1.297141433414e+01,BORIS,L2/dt-3e-13/eps-0.1/ranks-1,1.196865913045e-07,1.686165475144e-08,R34,1.275060000000e+01,-1.386352290649e+00,-1.278842430098e+00,0.000000000000e+00,0.000000000000e+00,0.000000000000e+00,-7.209431337531e-01,-1.386352289631e+00,0.000000000000e+00,0.000000000000e+00,0.000000000000e+00,0.000000000000e+00,0.000000000000e+00,3.851352157481e+00,1.040676327767e+01,0.000000000000e+00,0.000000000000e+00,0.000000000000e+00,0.000000000000e+00,1.329223416842e+00,3.851352156075e+00,0.000000000000e+00,0.000000000000e+00,1.603511838733e-08,4.876928995265e-08,0.000000000000e+00,0.000000000000e+00,1.000000000000e+00,-9.437720742725e-02,-8.549063347089e-14,-1.406323175752e-13,0.000000000000e+00,0.000000000000e+00,0.000000000000e+00,1.000000000000e+00,4.474000014909e-08,-1.414460722080e-08,-4.386349760470e-09,0.000000000000e+00,0.000000000000e+00
1.000000000000e-12,OK,,5.497934090215e-07,-1.905193090513e-07,-7.300371640244e-08,1.905193090513e-07,7.300371640244e-08,1.905193090513e-07,2.940313500000e-08,1.669526900000e-08,1.000000000000e-06,2,1,2.500000000000e-07,36,5.029488041066e+00,BORIS,L2/dt-1e-12/eps-1e-06/ranks-1,5.497934090215e-07,7.086211768701e-08,R34,4.807410000000e+00,-1.386352375674e+00,-1.278842731795e+00,0.000000000000e+00,0.000000000000e+00,0.000000000000e+00,-7.209431517650e-01,-1.386352363729e+00,0.000000000000e+00,0.000000000000e+00,0.000000000000e+00,0.000000000000e+00,0.000000000000e+00,3.851351829246e+00,1.040676260819e+01,0.000000000000e+00,0.000000000000e+00,0.000000000000e+00,0.000000000000e+00,1.329223261134e+00,3.851351834248e+00,0.000000000000e+00,0.000000000000e+00,4.838387344113e-08,1.789860529370e-07,0.000000000000e+00,0.000000000000e+00,1.000000000000e+00,-9.437714807653e-02,-6.718089845402e-10,-8.760433129528e-09,0.000000000000e+00,0.000000000000e+00,0.000000000000e+00,9.999999872921e-01,5.527900004410e-07,-1.595563241715e-07,-7.161426116627e-08,0.000000000000e+00,0.000000000000e+00
1.000000000000e-12,OK,,5.498034099105e-07,-1.794147034530e-07,-5.227618293645e-08,1.794147034530e-07,5.227618293645e-08,1.794147034530e-07,8.197655900000e-10,1.893766300000e-07,3.000000000000e-06,2,1,7.500000000000e-07,36,5.016254958231e+00,BORIS,L2/dt-1e-12/eps-3e-06/ranks-1,5.498034099105e-07,7.572974106487e-08,R34,4.794180000000e+00,-1.386352386113e+00,-1.278842743662e+00,0.000000000000e+00,0.000000000000e+00,0.000000000000e+00,-7.209431678879e-01,-1.386352387360e+00,0.000000000000e+00,0.000000000000e+00,0.000000000000e+00,0.000000000000e+00,0.000000000000e+00,3.851351829245e+00,1.040676260818e+01,0.000000000000e+00,0.000000000000e+00,0.000000000000e+00,0.000000000000e+00,1.329223261134e+00,3.851351834247e+00,0.000000000000e+00,0.000000000000e+00,-1.324633683414e-07,2.869223140685e-07,0.000000000000e+00,0.000000000000e+00,1.000000000000e+00,-9.437704728581e-02,-4.096970515060e-10,-5.971371393295e-10,0.000000000000e+00,0.000000000000e+00,0.000000000000e+00,9.999999994569e-01,5.528000013300e-07,-1.716457500066e-07,-4.969986036417e-08,0.000000000000e+00,0.000000000000e+00
1.000000000000e-12,OK,,5.498034099105e-07,-1.823767482367e-07,-5.853714740258e-08,1.823767482367e-07,5.853714740258e-08,1.823767482367e-07,8.007698900000e-10,5.340223500000e-08,1.000000000000e-05,2,1,2.500000000000e-06,36,5.007630000124e+00,BORIS,L2/dt-1e-12/eps-1e-05/ranks-1,5.498034099105e-07,7.229039702962e-08,R34,4.785300000000e+00,-1.386352384035e+00,-1.278842742983e+00,0.000000000000e+00,0.000000000000e+00,0.000000000000e+00,-7.209431677973e-01,-1.386352389074e+00,0.000000000000e+00,0.000000000000e+00,0.000000000000e+00,0.000000000000e+00,0.000000000000e+00,3.851351829245e+00,1.040676260818e+01,0.000000000000e+00,0.000000000000e+00,0.000000000000e+00,0.000000000000e+00,1.329223261134e+00,3.851351834247e+00,0.000000000000e+00,0.000000000000e+00,-2.993375800112e-09,2.117641655205e-07,0.000000000000e+00,0.000000000000e+00,1.000000000000e+00,-9.437711761242e-02,-8.339098974840e-10,3.553505360060e-10,0.000000000000e+00,0.000000000000e+00,0.000000000000e+00,9.999999977344e-01,5.528000013300e-07,-1.743166835822e-07,-5.527205817390e-08,0.000000000000e+00,0.000000000000e+00
1.000000000000e-12,OK,,5.498034099105e-07,-1.813722217739e-07,-5.623875465321e-08,1.813722217739e-07,5.623875465321e-08,1.813722217739e-07,1.018538600000e-10,1.917971100000e-08,3.000000000000e-05,2,1,7.500000000000e-06,36,5.050623082789e+00,BORIS,L2/dt-1e-12/eps-3e-05/ranks-1,5.498034099105e-07,7.160762328353e-08,R34,4.829860000000e+00,-1.386352382982e+00,-1.278842742096e+00,0.000000000000e+00,0.000000000000e+00,0.000000000000e+00,-7.209431660745e-01,-1.386352386916e+00,0.000000000000e+00,0.000000000000e+00,0.000000000000e+00,0.000000000000e+00,0.000000000000e+00,3.851351829245e+00,1.040676260818e+01,0.000000000000e+00,0.000000000000e+00,0.000000000000e+00,0.000000000000e+00,1.329223261134e+00,3.851351834247e+00,0.000000000000e+00,0.000000000000e+00,3.360250127763e-08,1.899210263748e-07,0.000000000000e+00,0.000000000000e+00,1.000000000000e+00,-9.437713883109e-02,1.072330414346e-10,3.562430679135e-10,0.000000000000e+00,0.000000000000e+00,0.000000000000e+00,1.000000000246e+00,5.528000013300e-07,-1.742167167528e-07,-5.434036662262e-08,0.000000000000e+00,0.000000000000e+00
1.000000000000e-12,OK,,5.497934090215e-07,-1.817600565771e-07,-5.678609238382e-08,1.817600565771e-07,5.678609238382e-08,1.817600565771e-07,2.716872300000e-10,5.712536900000e-09,1.000000000000e-04,2,1,2.500000000000e-05,36,5.014476249926e+00,BORIS,L2/dt-1e-12/eps-0.0001/ranks-1,5.497934090215e-07,7.149433255480e-08,R34,4.786630000000e+00,-1.386352382933e+00,-1.278842742503e+00,0.000000000000e+00,0.000000000000e+00,0.000000000000e+00,-7.209431661235e-01,-1.386352387233e+00,0.000000000000e+00,0.000000000000e+00,0.000000000000e+00,0.000000000000e+00,0.000000000000e+00,3.851351829246e+00,1.040676260819e+01,0.000000000000e+00,0.000000000000e+00,0.000000000000e+00,0.000000000000e+00,1.329223261134e+00,3.851351834248e+00,0.000000000000e+00,0.000000000000e+00,4.661461540700e-08,1.825367817291e-07,0.000000000000e+00,0.000000000000e+00,1.000000000000e+00,-9.437714592737e-02,-1.485124376746e-10,-2.255473314876e-10,0.000000000000e+00,0.000000000000e+00,0.000000000000e+00,9.999999998574e-01,5.527900004410e-07,-1.752749863341e-07,-5.482678402867e-08,0.000000000000e+00,0.000000000000e+00
1.000000000000e-12,OK,,5.498034099105e-07,-1.816091755436e-07,-5.671872665980e-08,1.816091755436e-07,5.671872665980e-08,1.816091755436e-07,8.538059100000e-12,2.185948400000e-09,3.000000000000e-04,2,1,7.500000000000e-05,36,5.083680333104e+00,BORIS,L2/dt-1e-12/eps-0.0003/ranks-1,5.498034099105e-07,7.143947235007e-08,R34,4.862450000000e+00,-1.386352383128e+00,-1.278842742265e+00,0.000000000000e+00,0.000000000000e+00,0.000000000000e+00,-7.209431662383e-01,-1.386352387092e+00,0.000000000000e+00,0.000000000000e+00,0.000000000000e+00,0.000000000000e+00,0.000000000000e+00,3.851351829246e+00,1.040676260818e+01,0.000000000000e+00,0.000000000000e+00,0.000000000000e+00,0.000000000000e+00,1.329223261134e+00,3.851351834247e+00,0.000000000000e+00,0.000000000000e+00,5.011220403442e-08,1.801364743394e-07,0.000000000000e+00,0.000000000000e+00,1.000000000000e+00,-9.437714821013e-02,-4.240697562678e-12,-3.446132924853e-11,0.000000000000e+00,0.000000000000e+00,0.000000000000e+00,1.000000000022e+00,5.528000013300e-07,-1.749747216742e-07,-5.477148948212e-08,0.000000000000e+00,0.000000000000e+00
1.000000000000e-12,OK,,5.497934090215e-07,-1.816368330318e-07,-5.677960512874e-08,1.816368330318e-07,5.677960512874e-08,1.816368330318e-07,2.012612300000e-12,5.659786400000e-10,1.000000000000e-03,2,1,2.500000000000e-04,36,5.027116833953e+00,BORIS,L2/dt-1e-12/eps-0.001/ranks-1,5.497934090215e-07,7.143461625936e-08,R34,4.805830000000e+00,-1.386352383194e+00,-1.278842742291e+00,0.000000000000e+00,0.000000000000e+00,0.000000000000e+00,-7.209431663321e-01,-1.386352387151e+00,0.000000000000e+00,0.000000000000e+00,0.000000000000e+00,0.000000000000e+00,0.000000000000e+00,3.851351829247e+00,1.040676260819e+01,0.000000000000e+00,0.000000000000e+00,0.000000000000e+00,0.000000000000e+00,1.329223261134e+00,3.851351834248e+00,0.000000000000e+00,0.000000000000e+00,5.166863432115e-08,1.795155240639e-07,0.000000000000e+00,0.000000000000e+00,1.000000000000e+00,-9.437714882475e-02,-1.398985944568e-11,-1.942873522550e-11,0.000000000000e+00,0.000000000000e+00,0.000000000000e+00,9.999999999920e-01,5.527900004410e-07,-1.748989887115e-07,-5.472556621690e-08,0.000000000000e+00,0.000000000000e+00
1.000000000000e-12,OK,,5.498034099105e-07,-1.816350990548e-07,-5.677164649498e-08,1.816350990548e-07,5.677164649498e-08,1.816350990548e-07,1.842637200000e-12,3.107893100000e-10,3.000000000000e-03,2,1,7.500000000000e-04,36,5.089245666983e+00,BORIS,L2/dt-1e-12/eps-0.003/ranks-1,5.498034099105e-07,7.143454442700e-08,R34,4.865040000000e+00,-1.386352383170e+00,-1.278842742281e+00,0.000000000000e+00,0.000000000000e+00,0.000000000000e+00,-7.209431663015e-01,-1.386352387136e+00,0.000000000000e+00,0.000000000000e+00,0.000000000000e+00,0.000000000000e+00,0.000000000000e+00,3.851351829245e+00,1.040676260818e+01,0.000000000000e+00,0.000000000000e+00,0.000000000000e+00,0.000000000000e+00,1.329223261134e+00,3.851351834247e+00,0.000000000000e+00,0.000000000000e+00,5.207885360775e-08,1.795199758831e-07,0.000000000000e+00,0.000000000000e+00,1.000000000000e+00,-9.437714903412e-02,-5.397710639156e-12,-9.975931594337e-12,0.000000000000e+00,0.000000000000e+00,0.000000000000e+00,9.999999999999e-01,5.528000013300e-07,-1.749327001930e-07,-5.475628852618e-08,0.000000000000e+00,0.000000000000e+00
1.000000000000e-12,OK,,5.497934090215e-07,-1.816423916979e-07,-5.677860420716e-08,1.816423916979e-07,5.677860420716e-08,1.816423916979e-07,2.315925200000e-13,5.754779500000e-11,1.000000000000e-02,2,1,2.500000000000e-03,36,5.083312999923e+00,BORIS,L2/dt-1e-12/eps-0.01/ranks-1,5.497934090215e-07,7.142835798687e-08,R34,4.859770000000e+00,-1.386352383167e+00,-1.278842742284e+00,0.000000000000e+00,0.000000000000e+00,0.000000000000e+00,-7.209431662973e-01,-1.386352387140e+00,0.000000000000e+00,0.000000000000e+00,0.000000000000e+00,0.000000000000e+00,0.000000000000e+00,3.851351829246e+00,1.040676260819e+01,0.000000000000e+00,0.000000000000e+00,0.000000000000e+00,0.000000000000e+00,1.329223261134e+00,3.851351834248e+00,0.000000000000e+00,0.000000000000e+00,5.218134329268e-08,1.792403911542e-07,0.000000000000e+00,0.000000000000e+00,1.000000000000e+00,-9.437714923942e-02,-2.154530622651e-12,-9.052147062528e-13,0.000000000000e+00,0.000000000000e+00,0.000000000000e+00,9.999999999991e-01,5.527900004410e-07,-1.749298439887e-07,-5.474901330500e-08,0.000000000000e+00,0.000000000000e+00
1.000000000000e-12,OK,,5.496834099006e-07,-1.816607750319e-07,-5.677962422457e-08,1.816607750319e-07,5.677962422457e-08,1.816607750319e-07,3.177125200000e-12,4.002960400000e-11,3.000000000000e-02,2,1,7.500000000000e-03,36,4.992145875003e+00,BORIS,L2/dt-1e-12/eps-0.03/ranks-1,5.496834099006e-07,7.142321583855e-08,R34,4.772330000000e+00,-1.386352383185e+00,-1.278842742337e+00,0.000000000000e+00,0.000000000000e+00,0.000000000000e+00,-7.209431663051e-01,-1.386352387157e+00,0.000000000000e+00,0.000000000000e+00,0.000000000000e+00,0.000000000000e+00,0.000000000000e+00,3.851351829304e+00,1.040676260830e+01,0.000000000000e+00,0.000000000000e+00,0.000000000000e+00,0.000000000000e+00,1.329223261162e+00,3.851351834304e+00,0.000000000000e+00,0.000000000000e+00,5.224736502062e-08,1.792737433375e-07,0.000000000000e+00,0.000000000000e+00,1.000000000000e+00,-9.437714923812e-02,-2.891175586896e-13,-7.943361087241e-13,0.000000000000e+00,0.000000000000e+00,0.000000000000e+00,9.999999999996e-01,5.527900004410e-07,-1.749266834736e-07,-5.474808830845e-08,0.000000000000e+00,0.000000000000e+00
1.000000000000e-12,OK,,4.903804844414e-07,-2.052735408928e-07,-5.841271810691e-08,2.052735408928e-07,5.841271810691e-08,2.052735408928e-07,3.427163100000e-09,6.676538100000e-09,1.000000000000e-01,2,1,2.500000000000e-02,36,4.973668708932e+00,BORIS,L2/dt-1e-12/eps-0.1/ranks-1,4.903804844414e-07,6.485591154817e-08,R12,4.747530000000e+00,-1.386352405714e+00,-1.278842809760e+00,0.000000000000e+00,0.000000000000e+00,0.000000000000e+00,-7.209431732400e-01,-1.386352408429e+00,0.000000000000e+00,0.000000000000e+00,0.000000000000e+00,0.000000000000e+00,0.000000000000e+00,3.851351908512e+00,1.040676276969e+01,0.000000000000e+00,0.000000000000e+00,0.000000000000e+00,0.000000000000e+00,1.329223299192e+00,3.851351911823e+00,0.000000000000e+00,0.000000000000e+00,6.212989027945e-08,2.072664940172e-07,0.000000000000e+00,0.000000000000e+00,1.000000000000e+00,-9.437713308075e-02,6.771690226940e-14,4.610421089860e-14,0.000000000000e+00,0.000000000000e+00,0.000000000000e+00,1.000000000000e+00,5.527200013233e-07,-1.749280392454e-07,-5.474965939428e-08,0.000000000000e+00,0.000000000000e+00
3.000000000000e-12,OK,,5.015413409026e-06,-1.593261444910e-06,-4.993894938755e-07,1.593261444910e-06,4.993894938755e-07,1.593261444910e-06,1.867173100000e-09,7.060580300000e-08,1.000000000000e-06,2,1,2.500000000000e-07,36,2.821496000048e+00,BORIS,L2/dt-3e-12/eps-1e-06/ranks-1,5.015413409026e-06,6.446370479848e-07,R34,2.601280000000e+00,-1.386353393449e+00,-1.278846070769e+00,0.000000000000e+00,0.000000000000e+00,0.000000000000e+00,-7.209435117638e-01,-1.386353424239e+00,0.000000000000e+00,0.000000000000e+00,0.000000000000e+00,0.000000000000e+00,0.000000000000e+00,3.851349640205e+00,1.040675814257e+01,0.000000000000e+00,0.000000000000e+00,0.000000000000e+00,0.000000000000e+00,1.329222226929e+00,3.851349687532e+00,0.000000000000e+00,0.000000000000e+00,3.861772009378e-07,1.613302812132e-06,0.000000000000e+00,0.000000000000e+00,1.000000000000e+00,-9.437645462831e-02,-4.893426264822e-09,5.994680177455e-10,0.000000000000e+00,0.000000000000e+00,0.000000000000e+00,1.000000004919e+00,5.018410000446e-06,-1.562298460030e-06,-4.980000386393e-07,0.000000000000e+00,0.000000000000e+00
3.000000000000e-12,OK,,5.017403410079e-06,-1.590209170048e-06,-4.981507871753e-07,1.590209170048e-06,4.981507871753e-07,1.590209170048e-06,1.668750500000e-09,8.989093300000e-07,3.000000000000e-06,2,1,7.500000000000e-07,36,2.804600208066e+00,BORIS,L2/dt-3e-12/eps-3e-06/ranks-1,5.017403410079e-06,6.427285079314e-07,R34,2.583440000000e+00,-1.386353390881e+00,-1.278846069368e+00,0.000000000000e+00,0.000000000000e+00,0.000000000000e+00,-7.209435129474e-01,-1.386353429604e+00,0.000000000000e+00,0.000000000000e+00,0.000000000000e+00,0.000000000000e+00,0.000000000000e+00,3.851349639287e+00,1.040675814058e+01,0.000000000000e+00,0.000000000000e+00,0.000000000000e+00,0.000000000000e+00,1.329222226460e+00,3.851349686505e+00,0.000000000000e+00,0.000000000000e+00,1.354683784815e-06,1.043858422966e-06,0.000000000000e+00,0.000000000000e+00,1.000000000000e+00,-9.437700013895e-02,6.727525788495e-10,-1.072555992044e-09,0.000000000000e+00,0.000000000000e+00,0.000000000000e+00,1.000000001312e+00,5.020400001499e-06,-1.582440216602e-06,-4.955744646030e-07,0.000000000000e+00,0.000000000000e+00
3.000000000000e-12,OK,,5.016843410033e-06,-1.592115570759e-06,-4.990169115066e-07,1.592115570759e-06,4.990169115066e-07,1.592115570759e-06,2.485270900000e-10,1.501878900000e-06,1.000000000000e-05,2,1,2.500000000000e-06,36,2.799202707829e+00,BORIS,L2/dt-3e-12/eps-1e-05/ranks-1,5.016843410033e-06,6.765366813813e-07,R34,2.578830000000e+00,-1.386353391903e+00,-1.278846071770e+00,0.000000000000e+00,0.000000000000e+00,0.000000000000e+00,-7.209435124251e-01,-1.386353429061e+00,0.000000000000e+00,0.000000000000e+00,0.000000000000e+00,0.000000000000e+00,0.000000000000e+00,3.851349639508e+00,1.040675814114e+01,0.000000000000e+00,0.000000000000e+00,0.000000000000e+00,0.000000000000e+00,1.329222226573e+00,3.851349686804e+00,0.000000000000e+00,0.000000000000e+00,-1.045949695790e-06,2.443343672708e-06,0.000000000000e+00,0.000000000000e+00,1.000000000000e+00,-9.437565657830e-02,8.726705825800e-10,1.096944526168e-09,0.000000000000e+00,0.000000000000e+00,0.000000000000e+00,9.999999997163e-01,5.019840001452e-06,-1.584055506105e-06,-4.957518222779e-07,0.000000000000e+00,0.000000000000e+00
3.000000000000e-12,OK,,5.016953409154e-06,-1.591085183371e-06,-4.982748844131e-07,1.591085183371e-06,4.982748844131e-07,1.591085183371e-06,2.025248900000e-10,5.003702500000e-07,3.000000000000e-05,2,1,7.500000000000e-06,36,2.818735291017e+00,BORIS,L2/dt-3e-12/eps-3e-05/ranks-1,5.016953409154e-06,6.506975549848e-07,R34,2.596270000000e+00,-1.386353391904e+00,-1.278846070789e+00,0.000000000000e+00,0.000000000000e+00,0.000000000000e+00,-7.209435121841e-01,-1.386353428160e+00,0.000000000000e+00,0.000000000000e+00,0.000000000000e+00,0.000000000000e+00,0.000000000000e+00,3.851349639508e+00,1.040675814103e+01,0.000000000000e+00,0.000000000000e+00,0.000000000000e+00,0.000000000000e+00,1.329222226573e+00,3.851349686736e+00,0.000000000000e+00,0.000000000000e+00,-4.406618843689e-08,1.860249511671e-06,0.000000000000e+00,0.000000000000e+00,1.000000000000e+00,-9.437621659387e-02,-6.989899296006e-11,-3.475367206992e-10,0.000000000000e+00,0.000000000000e+00,0.000000000000e+00,1.000000000109e+00,5.019950000573e-06,-1.583929678350e-06,-4.963764963825e-07,0.000000000000e+00,0.000000000000e+00
3.000000000000e-12,OK,,5.017313409184e-06,-1.591079854715e-06,-4.982227316276e-07,1.591079854715e-06,4.982227316276e-07,1.591079854715e-06,1.519091500000e-10,1.499130100000e-07,1.000000000000e-04,2,1,2.500000000000e-05,36,2.821326458128e+00,BORIS,L2/dt-3e-12/eps-0.0001/ranks-1,5.017313409184e-06,6.455813535727e-07,R34,2.598450000000e+00,-1.386353392136e+00,-1.278846070508e+00,0.000000000000e+00,0.000000000000e+00,0.000000000000e+00,-7.209435126669e-01,-1.386353428394e+00,0.000000000000e+00,0.000000000000e+00,0.000000000000e+00,0.000000000000e+00,0.000000000000e+00,3.851349639276e+00,1.040675814067e+01,0.000000000000e+00,0.000000000000e+00,0.000000000000e+00,0.000000000000e+00,1.329222226454e+00,3.851349686559e+00,0.000000000000e+00,0.000000000000e+00,3.064455999559e-07,1.656374774150e-06,0.000000000000e+00,0.000000000000e+00,1.000000000000e+00,-9.437641237439e-02,7.754048010088e-11,1.968106174934e-11,0.000000000000e+00,0.000000000000e+00,0.000000000000e+00,1.000000000082e+00,5.020310000603e-06,-1.584594784472e-06,-4.962634232724e-07,0.000000000000e+00,0.000000000000e+00
3.000000000000e-12,OK,,5.016863410034e-06,-1.591115124253e-06,-4.982651618523e-07,1.591115124253e-06,4.982651618523e-07,1.591115124253e-06,9.811373900000e-11,4.974612500000e-08,3.000000000000e-04,2,1,7.500000000000e-05,36,2.783889333950e+00,BORIS,L2/dt-3e-12/eps-0.0003/ranks-1,5.016863410034e-06,6.444612534825e-07,R34,2.560070000000e+00,-1.386353392004e+00,-1.278846070539e+00,0.000000000000e+00,0.000000000000e+00,0.000000000000e+00,-7.209435125870e-01,-1.386353428530e+00,0.000000000000e+00,0.000000000000e+00,0.000000000000e+00,0.000000000000e+00,0.000000000000e+00,3.851349639497e+00,1.040675814112e+01,0.000000000000e+00,0.000000000000e+00,0.000000000000e+00,0.000000000000e+00,1.329222226567e+00,3.851349686791e+00,0.000000000000e+00,0.000000000000e+00,4.065889100863e-07,1.598152037351e-06,0.000000000000e+00,0.000000000000e+00,1.000000000000e+00,-9.437646830128e-02,-2.655152596358e-11,-6.649333531124e-11,0.000000000000e+00,0.000000000000e+00,0.000000000000e+00,9.999999999778e-01,5.019860001454e-06,-1.584480670384e-06,-4.963179246746e-07,0.000000000000e+00,0.000000000000e+00
3.000000000000e-12,OK,,5.016973409155e-06,-1.591126038047e-06,-4.982552715416e-07,1.591126038047e-06,4.982552715416e-07,1.591126038047e-06,4.430900100000e-13,1.477664200000e-08,1.000000000000e-03,2,1,2.500000000000e-04,36,2.766951208934e+00,BORIS,L2/dt-3e-12/eps-0.001/ranks-1,5.016973409155e-06,6.441279088594e-07,R34,2.544820000000e+00,-1.386353391998e+00,-1.278846070537e+00,0.000000000000e+00,0.000000000000e+00,0.000000000000e+00,-7.209435125675e-01,-1.386353428514e+00,0.000000000000e+00,0.000000000000e+00,0.000000000000e+00,0.000000000000e+00,0.000000000000e+00,3.851349639497e+00,1.040675814101e+01,0.000000000000e+00,0.000000000000e+00,0.000000000000e+00,0.000000000000e+00,1.329222226567e+00,3.851349686724e+00,0.000000000000e+00,0.000000000000e+00,4.415783752299e-07,1.577723069189e-06,0.000000000000e+00,0.000000000000e+00,1.000000000000e+00,-9.437648790293e-02,-9.624613200737e-12,-1.614445417166e-11,0.000000000000e+00,0.000000000000e+00,0.000000000000e+00,9.999999999973e-01,5.019970000575e-06,-1.584388193727e-06,-4.962012326298e-07,0.000000000000e+00,0.000000000000e+00
3.000000000000e-12,OK,,5.016983410044e-06,-1.591117685412e-06,-4.982513800988e-07,1.591117685412e-06,4.982513800988e-07,1.591117685412e-06,4.171907300000e-11,6.052583400000e-09,3.000000000000e-03,2,1,7.500000000000e-04,36,2.793344083009e+00,BORIS,L2/dt-3e-12/eps-0.003/ranks-1,5.016983410044e-06,6.440095165767e-07,R34,2.571930000000e+00,-1.386353392001e+00,-1.278846070516e+00,0.000000000000e+00,0.000000000000e+00,0.000000000000e+00,-7.209435125640e-01,-1.386353428495e+00,0.000000000000e+00,0.000000000000e+00,0.000000000000e+00,0.000000000000e+00,0.000000000000e+00,3.851349639508e+00,1.040675814100e+01,0.000000000000e+00,0.000000000000e+00,0.000000000000e+00,0.000000000000e+00,1.329222226573e+00,3.851349686715e+00,0.000000000000e+00,0.000000000000e+00,4.503009072246e-07,1.571130289635e-06,0.000000000000e+00,0.000000000000e+00,1.000000000000e+00,-9.437649422912e-02,-8.931228874243e-14,-3.078834301604e-12,0.000000000000e+00,0.000000000000e+00,0.000000000000e+00,9.999999999956e-01,5.019980001464e-06,-1.584415286550e-06,-4.962360221300e-07,0.000000000000e+00,0.000000000000e+00
3.000000000000e-12,OK,,5.017323410073e-06,-1.591114210200e-06,-4.982462916137e-07,1.591114210200e-06,4.982462916137e-07,1.591114210200e-06,1.503779300000e-10,1.722718700000e-09,1.000000000000e-02,2,1,2.500000000000e-03,36,2.749877833063e+00,BORIS,L2/dt-3e-12/eps-0.01/ranks-1,5.017323410073e-06,6.440572559282e-07,R34,2.527350000000e+00,-1.386353392007e+00,-1.278846070517e+00,0.000000000000e+00,0.000000000000e+00,0.000000000000e+00,-7.209435125687e-01,-1.386353428493e+00,0.000000000000e+00,0.000000000000e+00,0.000000000000e+00,0.000000000000e+00,0.000000000000e+00,3.851349639273e+00,1.040675814066e+01,0.000000000000e+00,0.000000000000e+00,0.000000000000e+00,0.000000000000e+00,1.329222226453e+00,3.851349686557e+00,0.000000000000e+00,0.000000000000e+00,4.571358382876e-07,1.570389037286e-06,0.000000000000e+00,0.000000000000e+00,1.000000000000e+00,-9.437649450057e-02,6.675436087052e-13,1.024975985519e-13,0.000000000000e+00,0.000000000000e+00,0.000000000000e+00,1.000000000001e+00,5.020320001492e-06,-1.584401662491e-06,-4.962167007115e-07,0.000000000000e+00,0.000000000000e+00
3.000000000000e-12,OK,,5.015363409910e-06,-1.591133431286e-06,-4.982482342264e-07,1.591133431286e-06,4.982482342264e-07,1.591133431286e-06,1.208287900000e-10,5.869845200000e-10,3.000000000000e-02,2,1,7.500000000000e-03,36,2.713472582866e+00,BORIS,L2/dt-3e-12/eps-0.03/ranks-1,5.015363409910e-06,6.438574077343e-07,R34,2.491390000000e+00,-1.386353392022e+00,-1.278846070569e+00,0.000000000000e+00,0.000000000000e+00,0.000000000000e+00,-7.209435125728e-01,-1.386353428509e+00,0.000000000000e+00,0.000000000000e+00,0.000000000000e+00,0.000000000000e+00,0.000000000000e+00,3.851349640282e+00,1.040675814262e+01,0.000000000000e+00,0.000000000000e+00,0.000000000000e+00,0.000000000000e+00,1.329222226967e+00,3.851349687542e+00,0.000000000000e+00,0.000000000000e+00,4.557821923589e-07,1.569018696151e-06,0.000000000000e+00,0.000000000000e+00,1.000000000000e+00,-9.437649615586e-02,1.955346189387e-13,2.199590731099e-13,0.000000000000e+00,0.000000000000e+00,0.000000000000e+00,1.000000000000e+00,5.018470000451e-06,-1.584399339728e-06,-4.962166983103e-07,0.000000000000e+00,0.000000000000e+00
3.000000000000e-12,OK,,4.856663409214e-06,-1.614758838768e-06,-4.998857760508e-07,1.614758838768e-06,4.998857760508e-07,1.614758838768e-06,3.079142700000e-09,6.327445800000e-09,1.000000000000e-01,2,1,2.500000000000e-02,36,2.720672624884e+00,BORIS,L2/dt-3e-12/eps-0.1/ranks-1,4.856663409214e-06,6.355308250534e-07,R34,2.499270000000e+00,-1.386353414560e+00,-1.278846138021e+00,0.000000000000e+00,0.000000000000e+00,0.000000000000e+00,-7.209435195113e-01,-1.386353449792e+00,0.000000000000e+00,0.000000000000e+00,0.000000000000e+00,0.000000000000e+00,0.000000000000e+00,3.851349718071e+00,1.040675830132e+01,0.000000000000e+00,0.000000000000e+00,0.000000000000e+00,0.000000000000e+00,1.329222264272e+00,3.851349763716e+00,0.000000000000e+00,0.000000000000e+00,4.661246679137e-07,1.596783904047e-06,0.000000000000e+00,0.000000000000e+00,1.000000000000e+00,-9.437648066835e-02,-2.392904765402e-14,-7.042597106743e-14,0.000000000000e+00,0.000000000000e+00,0.000000000000e+00,9.999999999998e-01,5.021090000668e-06,-1.584413337121e-06,-4.962227173382e-07,0.000000000000e+00,0.000000000000e+00
1.000000000000e-11,OK,,5.532130340846e-05,-1.751610102827e-05,-5.479669663882e-06,1.751610102827e-05,5.479669663882e-06,1.751610102827e-05,8.887326400000e-10,1.021005200000e-08,1.000000000000e-06,2,1,2.500000000000e-07,36,2.068969583139e+00,BORIS,L2/dt-1e-11/eps-1e-06/ranks-1,5.532130340846e-05,7.099717623323e-06,R34,1.851340000000e+00,-1.386364805105e+00,-1.278883676448e+00,0.000000000000e+00,0.000000000000e+00,0.000000000000e+00,-7.209474271063e-01,-1.386365178820e+00,0.000000000000e+00,0.000000000000e+00,0.000000000000e+00,0.000000000000e+00,0.000000000000e+00,3.851324959797e+00,1.040670783668e+01,0.000000000000e+00,0.000000000000e+00,0.000000000000e+00,0.000000000000e+00,1.329210574572e+00,3.851325522055e+00,0.000000000000e+00,0.000000000000e+00,5.021159079554e-06,1.726825124987e-05,0.000000000000e+00,0.000000000000e+00,1.000000000001e+00,-9.436911765126e-02,-2.454073335094e-11,3.608769283243e-09,0.000000000000e+00,0.000000000000e+00,0.000000000000e+00,9.999999976501e-01,5.532429999988e-05,-1.748513804339e-05,-5.478280208646e-06,0.000000000000e+00,0.000000000000e+00
1.000000000000e-11,OK,,5.568482340834e-05,-1.749587528456e-05,-5.476281782237e-06,1.749587528456e-05,5.476281782237e-06,1.749587528456e-05,4.015103900000e-08,3.714197700000e-08,3.000000000000e-06,2,1,7.500000000000e-07,36,2.077895832947e+00,BORIS,L2/dt-1e-11/eps-3e-06/ranks-1,5.568482340834e-05,7.127095041269e-06,R34,1.857610000000e+00,-1.386364799615e+00,-1.278883638381e+00,0.000000000000e+00,0.000000000000e+00,0.000000000000e+00,-7.209474213279e-01,-1.386365165614e+00,0.000000000000e+00,0.000000000000e+00,0.000000000000e+00,0.000000000000e+00,0.000000000000e+00,3.851324782022e+00,1.040670747316e+01,0.000000000000e+00,0.000000000000e+00,0.000000000000e+00,0.000000000000e+00,1.329210483696e+00,3.851325336274e+00,0.000000000000e+00,0.000000000000e+00,5.027868223837e-06,1.725625425152e-05,0.000000000000e+00,0.000000000000e+00,9.999999999998e-01,-9.436911569659e-02,2.393526591899e-11,3.749832746131e-10,0.000000000000e+00,0.000000000000e+00,0.000000000000e+00,9.999999992592e-01,5.568781999976e-05,-1.748810633111e-05,-5.473705459665e-06,0.000000000000e+00,0.000000000000e+00
1.000000000000e-11,OK,,5.532932340913e-05,-1.739673696172e-05,-5.447112377875e-06,1.739673696172e-05,5.447112377875e-06,1.739673696172e-05,3.346510200000e-09,1.000072500000e-05,1.000000000000e-05,2,1,2.500000000000e-06,36,2.088632958941e+00,BORIS,L2/dt-1e-11/eps-1e-05/ranks-1,5.532932340913e-05,7.070478929978e-06,R34,1.866780000000e+00,-1.386364712428e+00,-1.278883392558e+00,0.000000000000e+00,0.000000000000e+00,0.000000000000e+00,-7.209473987137e-01,-1.386365099049e+00,0.000000000000e+00,0.000000000000e+00,0.000000000000e+00,0.000000000000e+00,0.000000000000e+00,3.851324959797e+00,1.040670782866e+01,0.000000000000e+00,0.000000000000e+00,0.000000000000e+00,0.000000000000e+00,1.329210574572e+00,3.851325517107e+00,0.000000000000e+00,0.000000000000e+00,1.499116006975e-05,1.133849586249e-05,0.000000000000e+00,0.000000000000e+00,1.000000000000e+00,-9.437475198984e-02,1.320428336717e-10,5.525770647013e-11,0.000000000000e+00,0.000000000000e+00,0.000000000000e+00,9.999999999129e-01,5.533232000055e-05,-1.738867689707e-05,-5.443847288646e-06,0.000000000000e+00,0.000000000000e+00
1.000000000000e-11,OK,,5.532088340843e-05,-1.744214461498e-05,-5.463364065058e-06,1.744214461498e-05,5.463364065058e-06,1.744214461498e-05,1.849752900000e-08,1.854288400000e-05,3.000000000000e-05,2,1,7.500000000000e-06,36,2.142071875045e+00,BORIS,L2/dt-1e-11/eps-3e-05/ranks-1,5.532088340843e-05,7.515574746367e-06,R34,1.914330000000e+00,-1.386364751950e+00,-1.278883504618e+00,0.000000000000e+00,0.000000000000e+00,0.000000000000e+00,-7.209474124795e-01,-1.386365139791e+00,0.000000000000e+00,0.000000000000e+00,0.000000000000e+00,0.000000000000e+00,0.000000000000e+00,3.851324959797e+00,1.040670783710e+01,0.000000000000e+00,0.000000000000e+00,0.000000000000e+00,0.000000000000e+00,1.329210574572e+00,3.851325522315e+00,0.000000000000e+00,0.000000000000e+00,-1.354224509857e-05,2.798035767362e-05,0.000000000000e+00,0.000000000000e+00,1.000000000000e+00,-9.435878367017e-02,1.572554599346e-10,5.142781828269e-11,0.000000000000e+00,0.000000000000e+00,0.000000000000e+00,1.000000000032e+00,5.532387999985e-05,-1.743498910996e-05,-5.461465677027e-06,0.000000000000e+00,0.000000000000e+00
1.000000000000e-11,OK,,5.535632340958e-05,-1.744238146912e-05,-5.463216943444e-06,1.744238146912e-05,5.463216943444e-06,1.744238146912e-05,1.830353300000e-08,5.559354500000e-06,1.000000000000e-04,2,1,2.500000000000e-05,36,2.153358167037e+00,BORIS,L2/dt-1e-11/eps-0.0001/ranks-1,5.535632340958e-05,7.165937229074e-06,R34,1.929580000000e+00,-1.386364752253e+00,-1.278883504911e+00,0.000000000000e+00,0.000000000000e+00,0.000000000000e+00,-7.209474128974e-01,-1.386365140316e+00,0.000000000000e+00,0.000000000000e+00,0.000000000000e+00,0.000000000000e+00,0.000000000000e+00,3.851324959797e+00,1.040670780166e+01,0.000000000000e+00,0.000000000000e+00,0.000000000000e+00,0.000000000000e+00,1.329210574572e+00,3.851325500439e+00,0.000000000000e+00,0.000000000000e+00,-5.583276301808e-07,2.043223793340e-05,0.000000000000e+00,0.000000000000e+00,1.000000000000e+00,-9.436603627056e-02,1.623786090679e-11,1.929712177994e-11,0.000000000000e+00,0.000000000000e+00,0.000000000000e+00,9.999999999723e-01,5.535932000100e-05,-1.743589639888e-05,-5.461257635089e-06,0.000000000000e+00,0.000000000000e+00
1.000000000000e-11,OK,,5.521558340860e-05,-1.745072060019e-05,-5.465230425216e-06,1.745072060019e-05,5.465230425216e-06,1.745072060019e-05,9.026863300000e-09,1.854599100000e-06,3.000000000000e-04,2,1,7.500000000000e-05,36,2.147313833004e+00,BORIS,L2/dt-1e-11/eps-0.0003/ranks-1,5.521558340860e-05,7.100719989214e-06,R34,1.919870000000e+00,-1.386364748098e+00,-1.278883519360e+00,0.000000000000e+00,0.000000000000e+00,0.000000000000e+00,-7.209474120356e-01,-1.386365143826e+00,0.000000000000e+00,0.000000000000e+00,0.000000000000e+00,0.000000000000e+00,0.000000000000e+00,3.851325015352e+00,1.040670794240e+01,0.000000000000e+00,0.000000000000e+00,0.000000000000e+00,0.000000000000e+00,1.329210602970e+00,3.851325575244e+00,0.000000000000e+00,0.000000000000e+00,3.149648656519e-06,1.828227158501e-05,0.000000000000e+00,0.000000000000e+00,1.000000000000e+00,-9.436810470630e-02,1.366490270773e-11,4.228086722590e-12,0.000000000000e+00,0.000000000000e+00,0.000000000000e+00,1.000000000002e+00,5.521858000002e-05,-1.744408614632e-05,-5.463283188038e-06,0.000000000000e+00,0.000000000000e+00
1.000000000000e-11,OK,,5.561264340948e-05,-1.745071024784e-05,-5.465230422275e-06,1.745071024784e-05,5.465230422275e-06,1.745071024784e-05,9.015720400000e-09,5.562815100000e-07,1.000000000000e-03,2,1,2.500000000000e-04,36,2.093679500045e+00,BORIS,L2/dt-1e-11/eps-0.001/ranks-1,5.561264340948e-05,7.118459104335e-06,R34,1.864300000000e+00,-1.386364748134e+00,-1.278883519378e+00,0.000000000000e+00,0.000000000000e+00,0.000000000000e+00,-7.209474120452e-01,-1.386365143820e+00,0.000000000000e+00,0.000000000000e+00,0.000000000000e+00,0.000000000000e+00,0.000000000000e+00,3.851324834799e+00,1.040670754534e+01,0.000000000000e+00,0.000000000000e+00,0.000000000000e+00,0.000000000000e+00,1.329210510675e+00,3.851325369369e+00,0.000000000000e+00,0.000000000000e+00,4.447959434652e-06,1.752740954545e-05,0.000000000000e+00,0.000000000000e+00,1.000000000000e+00,-9.436883014872e-02,6.872632862091e-12,5.579151882150e-12,0.000000000000e+00,0.000000000000e+00,0.000000000000e+00,9.999999999977e-01,5.561564000089e-05,-1.744397240352e-05,-5.463176383363e-06,0.000000000000e+00,0.000000000000e+00
1.000000000000e-11,OK,,5.532130340846e-05,-1.745071526181e-05,-5.465232731649e-06,1.745071526181e-05,5.465232731649e-06,1.745071526181e-05,8.230045300000e-09,1.858254200000e-07,3.000000000000e-03,2,1,7.500000000000e-04,36,2.095161249861e+00,BORIS,L2/dt-1e-11/eps-0.003/ranks-1,5.532130340846e-05,7.091577984633e-06,R34,1.871510000000e+00,-1.386364748126e+00,-1.278883519385e+00,0.000000000000e+00,0.000000000000e+00,0.000000000000e+00,-7.209474120470e-01,-1.386365143832e+00,0.000000000000e+00,0.000000000000e+00,0.000000000000e+00,0.000000000000e+00,0.000000000000e+00,3.851324959797e+00,1.040670783668e+01,0.000000000000e+00,0.000000000000e+00,0.000000000000e+00,0.000000000000e+00,1.329210574572e+00,3.851325522056e+00,0.000000000000e+00,0.000000000000e+00,4.818416735329e-06,1.731145470501e-05,0.000000000000e+00,0.000000000000e+00,1.000000000000e+00,-9.436903762084e-02,-1.577242390031e-12,-2.862557417518e-12,0.000000000000e+00,0.000000000000e+00,0.000000000000e+00,9.999999999986e-01,5.532429999988e-05,-1.744401286295e-05,-5.463217373680e-06,0.000000000000e+00,0.000000000000e+00
1.000000000000e-11,OK,,5.532127340935e-05,-1.745072524427e-05,-5.465241690705e-06,1.745072524427e-05,5.465241690705e-06,1.745072524427e-05,8.227518400000e-09,8.256862200000e-08,1.000000000000e-02,2,1,2.500000000000e-03,36,2.105134417070e+00,BORIS,L2/dt-1e-11/eps-0.01/ranks-1,5.532127340935e-05,7.089899172310e-06,R34,1.885220000000e+00,-1.386364748084e+00,-1.278883519317e+00,0.000000000000e+00,0.000000000000e+00,0.000000000000e+00,-7.209474120226e-01,-1.386365143795e+00,0.000000000000e+00,0.000000000000e+00,0.000000000000e+00,0.000000000000e+00,0.000000000000e+00,3.851324959797e+00,1.040670783671e+01,0.000000000000e+00,0.000000000000e+00,0.000000000000e+00,0.000000000000e+00,1.329210574572e+00,3.851325522070e+00,0.000000000000e+00,0.000000000000e+00,4.921668165639e-06,1.722155663778e-05,0.000000000000e+00,0.000000000000e+00,1.000000000000e+00,-9.436912392091e-02,-4.490219189205e-14,-1.741971759259e-13,0.000000000000e+00,0.000000000000e+00,0.000000000000e+00,9.999999999996e-01,5.532427000077e-05,-1.744401269656e-05,-5.463212099803e-06,0.000000000000e+00,0.000000000000e+00
1.000000000000e-11,OK,,5.521126341002e-05,-1.745074417594e-05,-5.465243291425e-06,1.745074417594e-05,5.465243291425e-06,1.745074417594e-05,2.364575200000e-11,2.690601300000e-08,3.000000000000e-02,2,1,7.500000000000e-03,36,2.080060375156e+00,BORIS,L2/dt-1e-11/eps-0.03/ranks-1,5.521126341002e-05,7.081629514854e-06,R34,1.859480000000e+00,-1.386364748149e+00,-1.278883519862e+00,0.000000000000e+00,0.000000000000e+00,0.000000000000e+00,-7.209474120581e-01,-1.386365144124e+00,0.000000000000e+00,0.000000000000e+00,0.000000000000e+00,0.000000000000e+00,0.000000000000e+00,3.851325013437e+00,1.040670794672e+01,0.000000000000e+00,0.000000000000e+00,0.000000000000e+00,0.000000000000e+00,1.329210601987e+00,3.851325578323e+00,0.000000000000e+00,0.000000000000e+00,5.015946864336e-06,1.723059988824e-05,0.000000000000e+00,0.000000000000e+00,1.000000000000e+00,-9.436911540647e-02,5.394825414643e-14,1.297444169917e-13,0.000000000000e+00,0.000000000000e+00,0.000000000000e+00,1.000000000000e+00,5.521437000056e-05,-1.744401008438e-05,-5.463211755509e-06,0.000000000000e+00,0.000000000000e+00
1.000000000000e-11,OK,,5.506070340999e-05,-1.745832383783e-05,-5.461036455989e-06,1.745832383783e-05,5.461036455989e-06,1.745832383783e-05,5.036282000000e-08,4.958642900000e-08,1.000000000000e-01,2,1,2.500000000000e-02,36,2.035112334182e+00,BORIS,L2/dt-1e-11/eps-0.1/ranks-1,5.506070340999e-05,7.069967053490e-06,R34,1.816220000000e+00,-1.386364757310e+00,-1.278883547582e+00,0.000000000000e+00,0.000000000000e+00,0.000000000000e+00,-7.209474141638e-01,-1.386365150827e+00,0.000000000000e+00,0.000000000000e+00,0.000000000000e+00,0.000000000000e+00,0.000000000000e+00,3.851325106514e+00,1.040670809728e+01,0.000000000000e+00,0.000000000000e+00,0.000000000000e+00,0.000000000000e+00,1.329210647091e+00,3.851325646179e+00,0.000000000000e+00,0.000000000000e+00,5.001034592189e-06,1.721693639496e-05,0.000000000000e+00,0.000000000000e+00,1.000000000000e+00,-9.436913421813e-02,-6.438150187173e-14,-1.071572023178e-13,0.000000000000e+00,0.000000000000e+00,0.000000000000e+00,1.000000000000e+00,5.522513000145e-05,-1.742797833618e-05,-5.457373397276e-06,0.000000000000e+00,0.000000000000e+00
3.000000000000e-11,OK,,4.974910934088e-04,-1.575212591322e-04,-4.928086443317e-05,1.575212591322e-04,4.928086443317e-05,1.575212591322e-04,3.561104600000e-08,3.712431100000e-08,1.000000000000e-06,2,1,2.500000000000e-07,36,1.861369332997e+00,BORIS,L2/dt-3e-11/eps-1e-06/ranks-1,4.974910934088e-04,6.385351327727e-05,R34,1.632950000000e+00,-1.386465174608e+00,-1.279214366611e+00,0.000000000000e+00,0.000000000000e+00,0.000000000000e+00,-7.209817973043e-01,-1.386468481510e+00,0.000000000000e+00,0.000000000000e+00,0.000000000000e+00,0.000000000000e+00,0.000000000000e+00,3.851108075882e+00,1.040626566689e+01,0.000000000000e+00,0.000000000000e+00,0.000000000000e+00,0.000000000000e+00,1.329108170300e+00,3.851113082167e+00,0.000000000000e+00,0.000000000000e+00,4.524383777405e-05,1.553946382435e-04,0.000000000000e+00,0.000000000000e+00,1.000000000000e+00,-9.430427526637e-02,1.117371277897e-09,-4.543513859020e-10,0.000000000000e+00,0.000000000000e+00,0.000000000000e+00,1.000000000560e+00,4.974940900002e-04,-1.574902961473e-04,-4.927947497793e-05,0.000000000000e+00,0.000000000000e+00
3.000000000000e-11,OK,,4.978550434096e-04,-1.576188330309e-04,-4.930574545469e-05,1.576188330309e-04,4.930574545469e-05,1.576188330309e-04,2.064835000000e-08,2.099713200000e-08,3.000000000000e-06,2,1,7.500000000000e-07,36,1.875143124955e+00,BORIS,L2/dt-3e-11/eps-3e-06/ranks-1,4.978550434096e-04,6.389893106651e-05,R34,1.648060000000e+00,-1.386465268360e+00,-1.279214612314e+00,0.000000000000e+00,0.000000000000e+00,0.000000000000e+00,-7.209818508108e-01,-1.386468585717e+00,0.000000000000e+00,0.000000000000e+00,0.000000000000e+00,0.000000000000e+00,0.000000000000e+00,3.851107898107e+00,1.040626530294e+01,0.000000000000e+00,0.000000000000e+00,0.000000000000e+00,0.000000000000e+00,1.329108079424e+00,3.851112896126e+00,0.000000000000e+00,0.000000000000e+00,4.528992892723e-05,1.554550220280e-04,0.000000000000e+00,0.000000000000e+00,1.000000000001e+00,-9.430420900457e-02,-6.227207845189e-10,-1.094905892839e-09,0.000000000000e+00,0.000000000000e+00,0.000000000000e+00,9.999999996501e-01,4.978580400010e-04,-1.576110640775e-04,-4.930316913212e-05,0.000000000000e+00,0.000000000000e+00
3.000000000000e-11,OK,,4.979687734092e-04,-1.588571558949e-04,-4.964791709663e-05,1.588571558949e-04,4.964791709663e-05,1.588571558949e-04,4.009646800000e-08,2.700727900000e-04,1.000000000000e-05,2,1,2.500000000000e-06,36,1.983360250015e+00,BORIS,L2/dt-3e-11/eps-1e-05/ranks-1,4.979687734092e-04,6.787569978701e-05,R34,1.683120000000e+00,-1.386466265138e+00,-1.279217622626e+00,0.000000000000e+00,0.000000000000e+00,0.000000000000e+00,-7.209821296643e-01,-1.386469419298e+00,0.000000000000e+00,0.000000000000e+00,0.000000000000e+00,0.000000000000e+00,0.000000000000e+00,3.851107842552e+00,1.040626518921e+01,0.000000000000e+00,0.000000000000e+00,0.000000000000e+00,0.000000000000e+00,1.329108051025e+00,3.851112837989e+00,0.000000000000e+00,0.000000000000e+00,3.157708018693e-04,-1.028881656937e-07,0.000000000000e+00,0.000000000000e+00,9.999999999997e-01,-9.445448189144e-02,-8.372663562862e-11,1.902206799028e-10,0.000000000000e+00,0.000000000000e+00,0.000000000000e+00,9.999999996167e-01,4.979717700007e-04,-1.588490958302e-04,-4.964465200740e-05,0.000000000000e+00,0.000000000000e+00
3.000000000000e-11,OK,,4.976048334093e-04,-1.547019006606e-04,-4.850522852923e-05,1.547019006606e-04,4.850522852923e-05,1.547019006606e-04,2.489662900000e-08,5.008781300000e-04,3.000000000000e-05,2,1,7.500000000000e-06,36,1.985338083934e+00,BORIS,L2/dt-3e-11/eps-3e-05/ranks-1,4.976048334093e-04,8.599635962377e-05,R34,1.762060000000e+00,-1.386462912850e+00,-1.279207515527e+00,0.000000000000e+00,0.000000000000e+00,0.000000000000e+00,-7.209812066486e-01,-1.386466637440e+00,0.000000000000e+00,0.000000000000e+00,0.000000000000e+00,0.000000000000e+00,0.000000000000e+00,3.851108020327e+00,1.040626555315e+01,0.000000000000e+00,0.000000000000e+00,0.000000000000e+00,0.000000000000e+00,1.329108141901e+00,3.851113024029e+00,0.000000000000e+00,0.000000000000e+00,-4.565916715000e-04,4.433548600108e-04,0.000000000000e+00,0.000000000000e+00,9.999999999999e-01,-9.402579701297e-02,2.650772048429e-11,6.733962150035e-11,0.000000000000e+00,0.000000000000e+00,0.000000000000e+00,9.999999999426e-01,4.976078300007e-04,-1.546947451556e-04,-4.850333014120e-05,0.000000000000e+00,0.000000000000e+00
3.000000000000e-11,OK,,4.975862634087e-04,-1.546593655066e-04,-4.848815423880e-05,1.546593655066e-04,4.848815423880e-05,1.546593655066e-04,2.332104000000e-08,1.502750200000e-04,1.000000000000e-04,2,1,2.500000000000e-05,36,1.971183208982e+00,BORIS,L2/dt-3e-11/eps-0.0001/ranks-1,4.975862634087e-04,6.667652390964e-05,R34,1.746410000000e+00,-1.386462870815e+00,-1.279207406657e+00,0.000000000000e+00,0.000000000000e+00,0.000000000000e+00,-7.209811912588e-01,-1.386466595720e+00,0.000000000000e+00,0.000000000000e+00,0.000000000000e+00,0.000000000000e+00,0.000000000000e+00,3.851108020327e+00,1.040626557172e+01,0.000000000000e+00,0.000000000000e+00,0.000000000000e+00,0.000000000000e+00,1.329108141901e+00,3.851113035488e+00,0.000000000000e+00,0.000000000000e+00,-1.059955508453e-04,2.396708335062e-04,0.000000000000e+00,0.000000000000e+00,1.000000000000e+00,-9.422157993992e-02,-2.721473682128e-12,1.613554696228e-11,0.000000000000e+00,0.000000000000e+00,0.000000000000e+00,1.000000000007e+00,4.975892600001e-04,-1.546528804364e-04,-4.848619493044e-05,0.000000000000e+00,0.000000000000e+00
3.000000000000e-11,OK,,4.978550434096e-04,-1.546502361773e-04,-4.848561880093e-05,1.546502361773e-04,4.848561880093e-05,1.546502361773e-04,1.340369100000e-08,5.009485900000e-05,3.000000000000e-04,2,1,7.500000000000e-05,36,1.958877708996e+00,BORIS,L2/dt-3e-11/eps-0.0003/ranks-1,4.978550434096e-04,6.410972561291e-05,R34,1.721910000000e+00,-1.386462875046e+00,-1.279207392598e+00,0.000000000000e+00,0.000000000000e+00,0.000000000000e+00,-7.209811921393e-01,-1.386466592153e+00,0.000000000000e+00,0.000000000000e+00,0.000000000000e+00,0.000000000000e+00,0.000000000000e+00,3.851107898107e+00,1.040626530294e+01,0.000000000000e+00,0.000000000000e+00,0.000000000000e+00,0.000000000000e+00,1.329108079424e+00,3.851112896126e+00,0.000000000000e+00,0.000000000000e+00,-5.818458038398e-06,1.814822105444e-04,0.000000000000e+00,0.000000000000e+00,1.000000000000e+00,-9.427751706012e-02,3.298745215523e-12,-6.592925369695e-12,0.000000000000e+00,0.000000000000e+00,0.000000000000e+00,9.999999999937e-01,4.978580400010e-04,-1.546436017234e-04,-4.848367156375e-05,0.000000000000e+00,0.000000000000e+00
3.000000000000e-11,OK,,4.979630834097e-04,-1.546508331564e-04,-4.848594521740e-05,1.546508331564e-04,4.848594521740e-05,1.546508331564e-04,4.712596100000e-09,1.503352400000e-05,1.000000000000e-03,2,1,2.500000000000e-04,36,1.863548290916e+00,BORIS,L2/dt-3e-11/eps-0.001/ranks-1,4.979630834097e-04,6.360576707275e-05,R34,1.640780000000e+00,-1.386462875331e+00,-1.279207393719e+00,0.000000000000e+00,0.000000000000e+00,0.000000000000e+00,-7.209811922880e-01,-1.386466592789e+00,0.000000000000e+00,0.000000000000e+00,0.000000000000e+00,0.000000000000e+00,0.000000000000e+00,3.851107845329e+00,1.040626519490e+01,0.000000000000e+00,0.000000000000e+00,0.000000000000e+00,0.000000000000e+00,1.329108052445e+00,3.851112840895e+00,0.000000000000e+00,0.000000000000e+00,2.924285497438e-05,1.611182591065e-04,0.000000000000e+00,0.000000000000e+00,1.000000000000e+00,-9.429709366144e-02,1.069702740764e-12,3.104044981462e-12,0.000000000000e+00,0.000000000000e+00,0.000000000000e+00,1.000000000004e+00,4.979660800011e-04,-1.546440953121e-04,-4.848389117849e-05,0.000000000000e+00,0.000000000000e+00
3.000000000000e-11,OK,,4.974636534101e-04,-1.546510472645e-04,-4.848607192648e-05,1.546510472645e-04,4.848607192648e-05,1.546510472645e-04,1.305037000000e-08,5.016338300000e-06,3.000000000000e-03,2,1,7.500000000000e-04,36,1.905291709118e+00,BORIS,L2/dt-3e-11/eps-0.003/ranks-1,4.974636534101e-04,6.345758762915e-05,R34,1.681440000000e+00,-1.386462874959e+00,-1.279207392673e+00,0.000000000000e+00,0.000000000000e+00,0.000000000000e+00,-7.209811920524e-01,-1.386466592129e+00,0.000000000000e+00,0.000000000000e+00,0.000000000000e+00,0.000000000000e+00,0.000000000000e+00,3.851108075890e+00,1.040626569433e+01,0.000000000000e+00,0.000000000000e+00,0.000000000000e+00,0.000000000000e+00,1.329108170304e+00,3.851113099105e+00,0.000000000000e+00,0.000000000000e+00,3.926001955788e-05,1.552989194044e-04,0.000000000000e+00,0.000000000000e+00,1.000000000000e+00,-9.430268717668e-02,-9.825040138376e-13,-7.073453369534e-13,0.000000000000e+00,0.000000000000e+00,0.000000000000e+00,9.999999999992e-01,4.974666500015e-04,-1.546443448656e-04,-4.848405656851e-05,0.000000000000e+00,0.000000000000e+00
3.000000000000e-11,OK,,4.979713134095e-04,-1.546502252815e-04,-4.848555429054e-05,1.546502252815e-04,4.848555429054e-05,1.546502252815e-04,1.292573800000e-08,1.513711000000e-06,1.000000000000e-02,2,1,2.500000000000e-03,36,1.915769875050e+00,BORIS,L2/dt-3e-11/eps-0.01/ranks-1,4.979713134095e-04,6.346510814109e-05,R34,1.693040000000e+00,-1.386462875750e+00,-1.279207393537e+00,0.000000000000e+00,0.000000000000e+00,0.000000000000e+00,-7.209811925653e-01,-1.386466592680e+00,0.000000000000e+00,0.000000000000e+00,0.000000000000e+00,0.000000000000e+00,0.000000000000e+00,3.851107845240e+00,1.040626518667e+01,0.000000000000e+00,0.000000000000e+00,0.000000000000e+00,0.000000000000e+00,1.329108052400e+00,3.851112835838e+00,0.000000000000e+00,0.000000000000e+00,4.276277184161e-05,1.532586054929e-04,0.000000000000e+00,0.000000000000e+00,1.000000000000e+00,-9.430464766691e-02,-1.696858723944e-13,-3.235015455880e-13,0.000000000000e+00,0.000000000000e+00,0.000000000000e+00,9.999999999997e-01,4.979743100009e-04,-1.546435127338e-04,-4.848352469964e-05,0.000000000000e+00,0.000000000000e+00
3.000000000000e-11,OK,,4.979369034093e-04,-1.546511984455e-04,-4.848616092290e-05,1.546511984455e-04,4.848616092290e-05,1.546511984455e-04,2.443182200000e-08,5.305421100000e-07,3.000000000000e-02,2,1,7.500000000000e-03,36,1.878253249917e+00,BORIS,L2/dt-3e-11/eps-0.03/ranks-1,4.979369034093e-04,6.345315614946e-05,R34,1.655680000000e+00,-1.386462875389e+00,-1.279207393550e+00,0.000000000000e+00,0.000000000000e+00,0.000000000000e+00,-7.209811923282e-01,-1.386466592669e+00,0.000000000000e+00,0.000000000000e+00,0.000000000000e+00,0.000000000000e+00,0.000000000000e+00,3.851107844580e+00,1.040626522108e+01,0.000000000000e+00,0.000000000000e+00,0.000000000000e+00,0.000000000000e+00,1.329108052063e+00,3.851112857221e+00,0.000000000000e+00,0.000000000000e+00,4.374580125315e-05,1.526608293512e-04,0.000000000000e+00,0.000000000000e+00,1.000000000000e+00,-9.430521785117e-02,-9.724297415229e-15,9.378244888659e-14,0.000000000000e+00,0.000000000000e+00,0.000000000000e+00,1.000000000000e+00,4.979400099998e-04,-1.546444643539e-04,-4.848412938698e-05,0.000000000000e+00,0.000000000000e+00
3.000000000000e-11,OK,,4.974612834090e-04,-1.546585043551e-04,-4.848203997182e-05,1.546585043551e-04,4.848203997182e-05,1.546585043551e-04,5.154813900000e-08,1.017571900000e-07,1.000000000000e-01,2,1,2.500000000000e-02,36,1.871102124918e+00,BORIS,L2/dt-3e-11/eps-0.1/ranks-1,4.974612834090e-04,6.341392249820e-05,R34,1.651570000000e+00,-1.386462884812e+00,-1.279207419628e+00,0.000000000000e+00,0.000000000000e+00,0.000000000000e+00,-7.209811944670e-01,-1.386466598776e+00,0.000000000000e+00,0.000000000000e+00,0.000000000000e+00,0.000000000000e+00,0.000000000000e+00,3.851108096664e+00,1.040626569670e+01,0.000000000000e+00,0.000000000000e+00,0.000000000000e+00,0.000000000000e+00,1.329108178447e+00,3.851113091065e+00,0.000000000000e+00,0.000000000000e+00,4.422225997274e-05,1.525120224434e-04,0.000000000000e+00,0.000000000000e+00,1.000000000000e+00,-9.430534945634e-02,1.633355532220e-14,3.026184125881e-14,0.000000000000e+00,0.000000000000e+00,0.000000000000e+00,1.000000000000e+00,4.976257100004e-04,-1.546281588535e-04,-4.847837691311e-05,0.000000000000e+00,0.000000000000e+00
1.000000000000e-10,INVALID,time step too long for QACH field extent,,,,,,,,,1.000000000000e-06,2,1,2.500000000000e-07,36,2.220601250883e-01,BORIS,L2/dt-1e-10/eps-1e-06/ranks-1,,,,,,,,,,,,,,,,,,,,,,,,,,,,,,,,,,,,,,,,,,,
1.000000000000e-10,INVALID,time step too long for QACH field extent,,,,,,,,,3.000000000000e-06,2,1,7.500000000000e-07,36,2.229233749676e-01,BORIS,L2/dt-1e-10/eps-3e-06/ranks-1,,,,,,,,,,,,,,,,,,,,,,,,,,,,,,,,,,,,,,,,,,,
1.000000000000e-10,INVALID,time step too long for QACH field extent,,,,,,,,,1.000000000000e-05,2,1,2.500000000000e-06,36,2.249276658986e-01,BORIS,L2/dt-1e-10/eps-1e-05/ranks-1,,,,,,,,,,,,,,,,,,,,,,,,,,,,,,,,,,,,,,,,,,,
1.000000000000e-10,INVALID,time step too long for QACH field extent,,,,,,,,,3.000000000000e-05,2,1,7.500000000000e-06,36,2.238817501348e-01,BORIS,L2/dt-1e-10/eps-3e-05/ranks-1,,,,,,,,,,,,,,,,,,,,,,,,,,,,,,,,,,,,,,,,,,,
1.000000000000e-10,INVALID,time step too long for QACH field extent,,,,,,,,,1.000000000000e-04,2,1,2.500000000000e-05,36,2.238892079331e-01,BORIS,L2/dt-1e-10/eps-0.0001/ranks-1,,,,,,,,,,,,,,,,,,,,,,,,,,,,,,,,,,,,,,,,,,,
1.000000000000e-10,INVALID,time step too long for QACH field extent,,,,,,,,,3.000000000000e-04,2,1,7.500000000000e-05,36,2.161782919429e-01,BORIS,L2/dt-1e-10/eps-0.0003/ranks-1,,,,,,,,,,,,,,,,,,,,,,,,,,,,,,,,,,,,,,,,,,,
1.000000000000e-10,INVALID,time step too long for QACH field extent,,,,,,,,,1.000000000000e-03,2,1,2.500000000000e-04,36,2.175435000099e-01,BORIS,L2/dt-1e-10/eps-0.001/ranks-1,,,,,,,,,,,,,,,,,,,,,,,,,,,,,,,,,,,,,,,,,,,
1.000000000000e-10,INVALID,time step too long for QACH field extent,,,,,,,,,3.000000000000e-03,2,1,7.500000000000e-04,36,2.223566249013e-01,BORIS,L2/dt-1e-10/eps-0.003/ranks-1,,,,,,,,,,,,,,,,,,,,,,,,,,,,,,,,,,,,,,,,,,,
1.000000000000e-10,INVALID,time step too long for QACH field extent,,,,,,,,,1.000000000000e-02,2,1,2.500000000000e-03,36,2.224509580992e-01,BORIS,L2/dt-1e-10/eps-0.01/ranks-1,,,,,,,,,,,,,,,,,,,,,,,,,,,,,,,,,,,,,,,,,,,
1.000000000000e-10,INVALID,time step too long for QACH field extent,,,,,,,,,3.000000000000e-02,2,1,7.500000000000e-03,36,2.179217080120e-01,BORIS,L2/dt-1e-10/eps-0.03/ranks-1,,,,,,,,,,,,,,,,,,,,,,,,,,,,,,,,,,,,,,,,,,,
1.000000000000e-10,INVALID,time step too long for QACH field extent,,,,,,,,,1.000000000000e-01,2,1,2.500000000000e-02,36,2.192185830791e-01,BORIS,L2/dt-1e-10/eps-0.1/ranks-1,,,,,,,,,,,,,,,,,,,,,,,,,,,,,,,,,,,,,,,,,,,
1.000000000000e-13,OK,,2.433790000644e-07,6.453186348873e-08,9.976143226064e-08,6.453186348873e-08,9.976143226064e-08,9.976143226064e-08,2.106586500000e-07,2.433790100000e-07,1.000000000000e-06,3,1,1.250000000000e-07,48,4.715480350005e+01,BORIS,L3/dt-1e-13/eps-1e-06/ranks-1,2.433790000644e-07,2.615406677238e-08,R66,4.693350000000e+01,-1.386352251466e+00,-1.278842272887e+00,0.000000000000e+00,0.000000000000e+00,0.000000000000e+00,-7.209431198628e-01,-1.386352208304e+00,0.000000000000e+00,0.000000000000e+00,0.000000000000e+00,0.000000000000e+00,0.000000000000e+00,3.851352100163e+00,1.040676316098e+01,0.000000000000e+00,0.000000000000e+00,0.000000000000e+00,0.000000000000e+00,1.329223389156e+00,3.851352100046e+00,0.000000000000e+00,0.000000000000e+00,3.257942719001e-09,-4.647403060334e-10,0.000000000000e+00,0.000000000000e+00,1.000000000000e+00,-9.437725251623e-02,-7.485835569393e-08,-1.316382109321e-07,0.000000000000e+00,0.000000000000e+00,0.000000000000e+00,1.000000243379e+00,0.000000000000e+00,0.000000000000e+00,0.000000000000e+00,0.000000000000e+00,0.000000000000e+00
1.000000000000e-13,OK,,2.975083650691e-08,-2.975083683998e-08,-2.181433061406e-08,2.975083683998e-08,2.181433061406e-08,2.975083683998e-08,7.174896500000e-09,2.121325800000e-08,3.000000000000e-06,3,1,3.750000000000e-07,48,4.711752650002e+01,BORIS,L3/dt-1e-13/eps-3e-06/ranks-1,2.975083650691e-08,4.581988073701e-09,R16,4.688410000000e+01,-1.386352251960e+00,-1.278842346872e+00,0.000000000000e+00,0.000000000000e+00,0.000000000000e+00,-7.209431160980e-01,-1.386352259680e+00,0.000000000000e+00,0.000000000000e+00,0.000000000000e+00,0.000000000000e+00,0.000000000000e+00,3.851352100163e+00,1.040676316098e+01,0.000000000000e+00,0.000000000000e+00,0.000000000000e+00,0.000000000000e+00,1.329223389156e+00,3.851352100046e+00,0.000000000000e+00,0.000000000000e+00,9.528004785273e-10,1.801988040686e-08,0.000000000000e+00,0.000000000000e+00,1.000000000000e+00,-9.437722348885e-02,2.121325838212e-08,-9.213265090654e-10,0.000000000000e+00,0.000000000000e+00,0.000000000000e+00,1.000000002160e+00,0.000000000000e+00,0.000000000000e+00,0.000000000000e+00,0.000000000000e+00,0.000000000000e+00
1.000000000000e-13,OK,,1.123577456801e-08,-6.725714571136e-09,1.532860055437e-09,6.725714571136e-09,1.532860055437e-09,6.725714571136e-09,1.399909200000e-08,1.123577500000e-08,1.000000000000e-05,3,1,1.250000000000e-06,48,4.731624237518e+01,BORIS,L3/dt-1e-13/eps-1e-05/ranks-1,1.123577456801e-08,1.698205602198e-09,R62,4.709650000000e+01,-1.386352254498e+00,-1.278842324073e+00,0.000000000000e+00,0.000000000000e+00,0.000000000000e+00,-7.209431211090e-01,-1.386352254622e+00,0.000000000000e+00,0.000000000000e+00,0.000000000000e+00,0.000000000000e+00,0.000000000000e+00,3.851352100163e+00,1.040676316098e+01,0.000000000000e+00,0.000000000000e+00,0.000000000000e+00,0.000000000000e+00,1.329223389156e+00,3.851352100046e+00,0.000000000000e+00,0.000000000000e+00,1.163584351418e-09,5.485041385852e-09,0.000000000000e+00,0.000000000000e+00,1.000000000000e+00,-9.437722881626e-02,5.335587808303e-09,1.123577456801e-08,0.000000000000e+00,0.000000000000e+00,0.000000000000e+00,9.999999888000e-01,0.000000000000e+00,0.000000000000e+00,0.000000000000e+00,0.000000000000e+00,0.000000000000e+00
1.000000000000e-13,OK,,9.393484434739e-09,-6.957775625223e-09,-3.291113077045e-09,6.957775625223e-09,3.291113077045e-09,6.957775625223e-09,3.524011100000e-10,1.813928000000e-09,3.000000000000e-05,3,1,3.750000000000e-06,48,4.723507670895e+01,BORIS,L3/dt-1e-13/eps-3e-05/ranks-1,9.393484434739e-09,1.279683342695e-09,R12,4.700950000000e+01,-1.386352257402e+00,-1.278842328773e+00,0.000000000000e+00,0.000000000000e+00,0.000000000000e+00,-7.209431232941e-01,-1.386352259252e+00,0.000000000000e+00,0.000000000000e+00,0.000000000000e+00,0.000000000000e+00,0.000000000000e+00,3.851352100163e+00,1.040676316098e+01,0.000000000000e+00,0.000000000000e+00,0.000000000000e+00,0.000000000000e+00,1.329223389156e+00,3.851352100046e+00,0.000000000000e+00,0.000000000000e+00,1.758525635489e-09,6.308453713587e-09,0.000000000000e+00,0.000000000000e+00,1.000000000000e+00,-9.437722999172e-02,1.043274999082e-09,-7.223185406650e-10,0.000000000000e+00,0.000000000000e+00,0.000000000000e+00,9.999999981861e-01,0.000000000000e+00,0.000000000000e+00,0.000000000000e+00,0.000000000000e+00,0.000000000000e+00
1.000000000000e-13,OK,,1.018248441120e-08,-6.763207887178e-09,-1.532453914512e-09,6.763207887178e-09,1.532453914512e-09,6.763207887178e-09,1.242805000000e-09,1.317337800000e-09,1.000000000000e-04,3,1,1.250000000000e-05,48,4.713704137504e+01,BORIS,L3/dt-1e-13/eps-0.0001/ranks-1,1.018248441120e-08,1.289575314781e-09,R12,4.691350000000e+01,-1.386352257675e+00,-1.278842329562e+00,0.000000000000e+00,0.000000000000e+00,0.000000000000e+00,-7.209431236272e-01,-1.386352258589e+00,0.000000000000e+00,0.000000000000e+00,0.000000000000e+00,0.000000000000e+00,0.000000000000e+00,3.851352100163e+00,1.040676316098e+01,0.000000000000e+00,0.000000000000e+00,0.000000000000e+00,0.000000000000e+00,1.329223389156e+00,3.851352100046e+00,0.000000000000e+00,0.000000000000e+00,1.796117974179e-09,6.718654331035e-09,0.000000000000e+00,0.000000000000e+00,1.000000000000e+00,-9.437723004057e-02,3.482991487972e-10,9.252276266015e-10,0.000000000000e+00,0.000000000000e+00,0.000000000000e+00,1.000000001317e+00,0.000000000000e+00,0.000000000000e+00,0.000000000000e+00,0.000000000000e+00,0.000000000000e+00
1.000000000000e-13,OK,,9.819484558804e-09,-6.764234940356e-09,-2.332678190090e-09,6.764234940356e-09,2.332678190090e-09,6.764234940356e-09,3.722566700000e-10,4.565168200000e-10,3.000000000000e-04,3,1,3.750000000000e-05,48,4.734906545794e+01,BORIS,L3/dt-1e-13/eps-0.0003/ranks-1,9.819484558804e-09,1.265180619318e-09,R12,4.713060000000e+01,-1.386352257995e+00,-1.278842329199e+00,0.000000000000e+00,0.000000000000e+00,0.000000000000e+00,-7.209431233782e-01,-1.386352257843e+00,0.000000000000e+00,0.000000000000e+00,0.000000000000e+00,0.000000000000e+00,0.000000000000e+00,3.851352100163e+00,1.040676316098e+01,0.000000000000e+00,0.000000000000e+00,0.000000000000e+00,0.000000000000e+00,1.329223389156e+00,3.851352100045e+00,0.000000000000e+00,0.000000000000e+00,2.028843828692e-09,6.741479284741e-09,0.000000000000e+00,0.000000000000e+00,1.000000000000e+00,-9.437723018441e-02,1.804752468204e-10,1.121520268781e-10,0.000000000000e+00,0.000000000000e+00,0.000000000000e+00,1.000000000457e+00,0.000000000000e+00,0.000000000000e+00,0.000000000000e+00,0.000000000000e+00,0.000000000000e+00
1.000000000000e-13,OK,,9.789484556322e-09,-6.695591812363e-09,-2.047125608516e-09,6.695591812363e-09,2.047125608516e-09,6.695591812363e-09,1.887157100000e-12,1.184746100000e-10,1.000000000000e-03,3,1,1.250000000000e-04,48,4.711582608405e+01,BORIS,L3/dt-1e-13/eps-0.001/ranks-1,9.789484556322e-09,1.255895228699e-09,R12,4.687930000000e+01,-1.386352257974e+00,-1.278842329169e+00,0.000000000000e+00,0.000000000000e+00,0.000000000000e+00,-7.209431233768e-01,-1.386352257865e+00,0.000000000000e+00,0.000000000000e+00,0.000000000000e+00,0.000000000000e+00,0.000000000000e+00,3.851352100163e+00,1.040676316098e+01,0.000000000000e+00,0.000000000000e+00,0.000000000000e+00,0.000000000000e+00,1.329223389156e+00,3.851352100046e+00,0.000000000000e+00,0.000000000000e+00,2.023308824116e-09,6.710037715650e-09,0.000000000000e+00,0.000000000000e+00,1.000000000000e+00,-9.437723018808e-02,1.056664197340e-10,1.184746141166e-10,0.000000000000e+00,0.000000000000e+00,0.000000000000e+00,1.000000000061e+00,0.000000000000e+00,0.000000000000e+00,0.000000000000e+00,0.000000000000e+00,0.000000000000e+00
1.000000000000e-13,OK,,9.841484516215e-09,-6.720773569938e-09,-2.029719017472e-09,6.720773569938e-09,2.029719017472e-09,6.720773569938e-09,9.094058800000e-12,4.674480300000e-11,3.000000000000e-03,3,1,3.750000000000e-04,48,4.721758479206e+01,BORIS,L3/dt-1e-13/eps-0.003/ranks-1,9.841484516215e-09,1.260643476751e-09,R12,4.699650000000e+01,-1.386352257980e+00,-1.278842329221e+00,0.000000000000e+00,0.000000000000e+00,0.000000000000e+00,-7.209431233631e-01,-1.386352257921e+00,0.000000000000e+00,0.000000000000e+00,0.000000000000e+00,0.000000000000e+00,0.000000000000e+00,3.851352100163e+00,1.040676316098e+01,0.000000000000e+00,0.000000000000e+00,0.000000000000e+00,0.000000000000e+00,1.329223389156e+00,3.851352100046e+00,0.000000000000e+00,0.000000000000e+00,2.026612701821e-09,6.708471991364e-09,0.000000000000e+00,0.000000000000e+00,1.000000000000e+00,-9.437723016095e-02,1.359609772725e-11,4.674480342527e-11,0.000000000000e+00,0.000000000000e+00,0.000000000000e+00,1.000000000002e+00,0.000000000000e+00,0.000000000000e+00,0.000000000000e+00,0.000000000000e+00,0.000000000000e+00
1.000000000000e-13,OK,,9.824484559218e-09,-6.705847031581e-09,-2.021414462159e-09,6.705847031581e-09,2.021414462159e-09,6.705847031581e-09,8.400835600000e-12,1.184696200000e-11,1.000000000000e-02,3,1,1.250000000000e-03,48,4.718711066688e+01,BORIS,L3/dt-1e-13/eps-0.01/ranks-1,9.824484559218e-09,1.258769394599e-09,R12,4.696660000000e+01,-1.386352257977e+00,-1.278842329204e+00,0.000000000000e+00,0.000000000000e+00,0.000000000000e+00,-7.209431233680e-01,-1.386352257909e+00,0.000000000000e+00,0.000000000000e+00,0.000000000000e+00,0.000000000000e+00,0.000000000000e+00,3.851352100163e+00,1.040676316098e+01,0.000000000000e+00,0.000000000000e+00,0.000000000000e+00,0.000000000000e+00,1.329223389156e+00,3.851352100046e+00,0.000000000000e+00,0.000000000000e+00,2.026322540849e-09,6.707220374910e-09,0.000000000000e+00,0.000000000000e+00,1.000000000000e+00,-9.437723016538e-02,1.179569696036e-12,1.184696230544e-11,0.000000000000e+00,0.000000000000e+00,0.000000000000e+00,9.999999999993e-01,0.000000000000e+00,0.000000000000e+00,0.000000000000e+00,0.000000000000e+00,0.000000000000e+00
1.000000000000e-13,OK,,9.837484382658e-09,-6.710636143228e-09,-2.029062961171e-09,6.710636143228e-09,2.029062961171e-09,6.710636143228e-09,4.578559800000e-12,4.461320200000e-12,3.000000000000e-02,3,1,3.750000000000e-03,48,4.714224674995e+01,BORIS,L3/dt-1e-13/eps-0.03/ranks-1,9.837484382658e-09,1.260023844126e-09,R12,4.691850000000e+01,-1.386352257982e+00,-1.278842329217e+00,0.000000000000e+00,0.000000000000e+00,0.000000000000e+00,-7.209431233687e-01,-1.386352257917e+00,0.000000000000e+00,0.000000000000e+00,0.000000000000e+00,0.000000000000e+00,0.000000000000e+00,3.851352100163e+00,1.040676316098e+01,0.000000000000e+00,0.000000000000e+00,0.000000000000e+00,0.000000000000e+00,1.329223389156e+00,3.851352100046e+00,0.000000000000e+00,0.000000000000e+00,2.027654130281e-09,6.710829273187e-09,0.000000000000e+00,0.000000000000e+00,1.000000000000e+00,-9.437723016589e-02,3.579244615359e-13,7.040810906830e-13,0.000000000000e+00,0.000000000000e+00,0.000000000000e+00,9.999999999955e-01,0.000000000000e+00,0.000000000000e+00,0.000000000000e+00,0.000000000000e+00,0.000000000000e+00
1.000000000000e-13,OK,,9.834484560045e-09,-6.714994740616e-09,-2.032159697794e-09,6.714994740616e-09,2.032159697794e-09,6.714994740616e-09,1.422861800000e-12,2.122524400000e-12,1.000000000000e-01,3,1,1.250000000000e-02,48,4.720049587497e+01,BORIS,L3/dt-1e-13/eps-0.1/ranks-1,9.834484560045e-09,1.258840894896e-09,R12,4.697870000000e+01,-1.386352257978e+00,-1.278842329214e+00,0.000000000000e+00,0.000000000000e+00,0.000000000000e+00,-7.209431233687e-01,-1.386352257918e+00,0.000000000000e+00,0.000000000000e+00,0.000000000000e+00,0.000000000000e+00,0.000000000000e+00,3.851352100144e+00,1.040676316093e+01,0.000000000000e+00,0.000000000000e+00,0.000000000000e+00,0.000000000000e+00,1.329223389147e+00,3.851352100026e+00,0.000000000000e+00,0.000000000000e+00,2.025858940960e-09,6.709169599949e-09,0.000000000000e+00,0.000000000000e+00,1.000000000000e+00,-9.437723016585e-02,-7.587208565855e-13,-1.013694651962e-12,0.000000000000e+00,0.000000000000e+00,0.000000000000e+00,9.999999999979e-01,0.000000000000e+00,0.000000000000e+00,0.000000000000e+00,0.000000000000e+00,0.000000000000e+00
3.000000000000e-13,OK,,5.054348450884e-08,-3.532110913210e-08,-7.328480461488e-10,3.532110913210e-08,7.328480461488e-10,3.532110913210e-08,4.581249100000e-08,5.488408900000e-08,1.000000000000e-06,3,1,1.250000000000e-07,48,1.703969183308e+01,BORIS,L3/dt-3e-13/eps-1e-06/ranks-1,5.054348450884e-08,8.998412463104e-09,R12,1.681910000000e+01,-1.386352254569e+00,-1.278842369923e+00,0.000000000000e+00,0.000000000000e+00,0.000000000000e+00,-7.209430851604e-01,-1.386352207663e+00,0.000000000000e+00,0.000000000000e+00,0.000000000000e+00,0.000000000000e+00,0.000000000000e+00,3.851352078236e+00,1.040676311624e+01,0.000000000000e+00,0.000000000000e+00,0.000000000000e+00,0.000000000000e+00,1.329223378795e+00,3.851352078536e+00,0.000000000000e+00,0.000000000000e+00,5.985415240285e-09,3.563281911027e-08,0.000000000000e+00,0.000000000000e+00,1.000000000000e+00,-9.437721697367e-02,7.512822800643e-09,-4.166003323789e-09,0.000000000000e+00,0.000000000000e+00,0.000000000000e+00,1.000000009071e+00,2.343080001133e-07,-9.985297262083e-08,-1.004942803068e-07,0.000000000000e+00,0.000000000000e+00
3.000000000000e-13,OK,,4.173340961700e-08,-1.964300231165e-08,-1.035312572820e-08,1.964300231165e-08,1.035312572820e-08,1.964300231165e-08,3.816722600000e-08,2.505384300000e-08,3.000000000000e-06,3,1,3.750000000000e-07,48,1.703833445907e+01,BORIS,L3/dt-3e-13/eps-3e-06/ranks-1,4.173340961700e-08,6.982974023575e-09,R34,1.682030000000e+01,-1.386352274155e+00,-1.278842355253e+00,0.000000000000e+00,0.000000000000e+00,0.000000000000e+00,-7.209431402692e-01,-1.386352288945e+00,0.000000000000e+00,0.000000000000e+00,0.000000000000e+00,0.000000000000e+00,0.000000000000e+00,3.851352078242e+00,1.040676311625e+01,0.000000000000e+00,0.000000000000e+00,0.000000000000e+00,0.000000000000e+00,1.329223378798e+00,3.851352078543e+00,0.000000000000e+00,0.000000000000e+00,-3.137001954549e-09,1.804613514441e-08,0.000000000000e+00,0.000000000000e+00,1.000000000000e+00,-9.437722029605e-02,-4.689483532925e-09,1.662361174391e-08,0.000000000000e+00,0.000000000000e+00,0.000000000000e+00,1.000000013113e+00,4.473000103644e-08,1.010783452833e-08,1.146120488586e-08,0.000000000000e+00,0.000000000000e+00
3.000000000000e-13,OK,,4.282348453621e-08,-2.148034205278e-08,-6.808910159052e-09,2.148034205278e-08,6.808910159052e-09,2.148034205278e-08,2.537075400000e-09,2.746861400000e-09,1.000000000000e-05,3,1,1.250000000000e-06,48,1.710481191706e+01,BORIS,L3/dt-3e-13/eps-1e-05/ranks-1,4.282348453621e-08,6.363596166595e-09,R12,1.687010000000e+01,-1.386352267909e+00,-1.278842362203e+00,0.000000000000e+00,0.000000000000e+00,0.000000000000e+00,-7.209431259997e-01,-1.386352265590e+00,0.000000000000e+00,0.000000000000e+00,0.000000000000e+00,0.000000000000e+00,0.000000000000e+00,3.851352078242e+00,1.040676311625e+01,0.000000000000e+00,0.000000000000e+00,0.000000000000e+00,0.000000000000e+00,1.329223378798e+00,3.851352078542e+00,0.000000000000e+00,0.000000000000e+00,3.425360212904e-09,2.313637559777e-08,0.000000000000e+00,0.000000000000e+00,1.000000000000e+00,-9.437722153019e-02,-4.998373372858e-10,1.652221863101e-09,0.000000000000e+00,0.000000000000e+00,0.000000000000e+00,1.000000000210e+00,4.473000103644e-08,-1.475462748164e-08,-8.341770214489e-09,0.000000000000e+00,0.000000000000e+00
3.000000000000e-13,OK,,4.617148441355e-08,-2.135836411749e-08,-5.340502371374e-09,2.135836411749e-08,5.340502371374e-09,2.135836411749e-08,2.395885000000e-09,2.391665200000e-09,3.000000000000e-05,3,1,3.750000000000e-06,48,1.708041699999e+01,BORIS,L3/dt-3e-13/eps-3e-05/ranks-1,4.617148441355e-08,6.562118261704e-09,R12,1.686000000000e+01,-1.386352268705e+00,-1.278842365551e+00,0.000000000000e+00,0.000000000000e+00,0.000000000000e+00,-7.209431271326e-01,-1.386352269681e+00,0.000000000000e+00,0.000000000000e+00,0.000000000000e+00,0.000000000000e+00,0.000000000000e+00,3.851352078242e+00,1.040676311625e+01,0.000000000000e+00,0.000000000000e+00,0.000000000000e+00,0.000000000000e+00,1.329223378798e+00,3.851352078543e+00,0.000000000000e+00,0.000000000000e+00,5.641504921609e-09,2.269313047139e-08,0.000000000000e+00,0.000000000000e+00,1.000000000000e+00,-9.437722261211e-02,-4.113484365606e-10,7.780951751736e-11,0.000000000000e+00,0.000000000000e+00,0.000000000000e+00,1.000000002230e+00,4.473000103644e-08,-1.440058849227e-08,-2.049389294329e-09,0.000000000000e+00,0.000000000000e+00
3.000000000000e-13,OK,,4.455348445731e-08,-2.122102225684e-08,-6.245329698027e-09,2.122102225684e-08,6.245329698027e-09,2.122102225684e-08,1.072768800000e-09,7.569347400000e-10,1.000000000000e-04,3,1,1.250000000000e-05,48,1.696615900006e+01,BORIS,L3/dt-3e-13/eps-0.0001/ranks-1,4.455348445731e-08,6.452711904064e-09,R12,1.674370000000e+01,-1.386352268457e+00,-1.278842363933e+00,0.000000000000e+00,0.000000000000e+00,0.000000000000e+00,-7.209431275161e-01,-1.386352269867e+00,0.000000000000e+00,0.000000000000e+00,0.000000000000e+00,0.000000000000e+00,0.000000000000e+00,3.851352078236e+00,1.040676311624e+01,0.000000000000e+00,0.000000000000e+00,0.000000000000e+00,0.000000000000e+00,1.329223378795e+00,3.851352078536e+00,0.000000000000e+00,0.000000000000e+00,6.067538660361e-09,2.137735870752e-08,0.000000000000e+00,0.000000000000e+00,1.000000000000e+00,-9.437722322579e-02,-1.088042467526e-10,-1.341671346844e-10,0.000000000000e+00,0.000000000000e+00,0.000000000000e+00,1.000000000315e+00,4.474000014909e-08,-1.445781436966e-08,-4.712875783515e-09,0.000000000000e+00,0.000000000000e+00
3.000000000000e-13,OK,,4.296348454780e-08,-2.068001114711e-08,-6.247764083853e-09,2.068001114711e-08,6.247764083853e-09,2.068001114711e-08,3.150173500000e-10,3.064964100000e-10,3.000000000000e-04,3,1,3.750000000000e-05,48,1.698914808407e+01,BORIS,L3/dt-3e-13/eps-0.0003/ranks-1,4.296348454780e-08,6.315408949894e-09,R12,1.676870000000e+01,-1.386352268103e+00,-1.278842362343e+00,0.000000000000e+00,0.000000000000e+00,0.000000000000e+00,-7.209431267848e-01,-1.386352267990e+00,0.000000000000e+00,0.000000000000e+00,0.000000000000e+00,0.000000000000e+00,0.000000000000e+00,3.851352078242e+00,1.040676311625e+01,0.000000000000e+00,0.000000000000e+00,0.000000000000e+00,0.000000000000e+00,1.329223378798e+00,3.851352078543e+00,0.000000000000e+00,0.000000000000e+00,6.184178614588e-09,2.080193411826e-08,0.000000000000e+00,0.000000000000e+00,1.000000000000e+00,-9.437722358376e-02,-1.280105278146e-10,-3.064964056906e-10,0.000000000000e+00,0.000000000000e+00,0.000000000000e+00,9.999999999400e-01,4.473000103644e-08,-1.391577620675e-08,-3.915085893763e-09,0.000000000000e+00,0.000000000000e+00
3.000000000000e-13,OK,,4.327048452879e-08,-2.091368943728e-08,-6.495095128426e-09,2.091368943728e-08,6.495095128426e-09,2.091368943728e-08,8.667899700000e-11,1.302813300000e-10,1.000000000000e-03,3,1,1.250000000000e-04,48,1.696156324982e+01,BORIS,L3/dt-3e-13/eps-0.001/ranks-1,4.327048452879e-08,6.341776023917e-09,R12,1.673430000000e+01,-1.386352268092e+00,-1.278842362650e+00,0.000000000000e+00,0.000000000000e+00,0.000000000000e+00,-7.209431268190e-01,-1.386352268386e+00,0.000000000000e+00,0.000000000000e+00,0.000000000000e+00,0.000000000000e+00,0.000000000000e+00,3.851352078244e+00,1.040676311625e+01,0.000000000000e+00,0.000000000000e+00,0.000000000000e+00,0.000000000000e+00,1.329223378799e+00,3.851352078545e+00,0.000000000000e+00,0.000000000000e+00,6.120168759255e-09,2.081595785043e-08,0.000000000000e+00,0.000000000000e+00,1.000000000000e+00,-9.437722356600e-02,-9.964690936684e-12,1.972380255293e-11,0.000000000000e+00,0.000000000000e+00,0.000000000000e+00,9.999999998995e-01,4.473000103644e-08,-1.421809762492e-08,-4.447969519910e-09,0.000000000000e+00,0.000000000000e+00
3.000000000000e-13,OK,,4.319448443368e-08,-2.084199662734e-08,-6.406264629886e-09,2.084199662734e-08,6.406264629886e-09,2.084199662734e-08,2.579592100000e-11,3.421913900000e-11,3.000000000000e-03,3,1,3.750000000000e-04,48,1.698946499988e+01,BORIS,L3/dt-3e-13/eps-0.003/ranks-1,4.319448443368e-08,6.332564850444e-09,R12,1.676800000000e+01,-1.386352268079e+00,-1.278842362574e+00,0.000000000000e+00,0.000000000000e+00,0.000000000000e+00,-7.209431267897e-01,-1.386352268305e+00,0.000000000000e+00,0.000000000000e+00,0.000000000000e+00,0.000000000000e+00,0.000000000000e+00,3.851352078238e+00,1.040676311624e+01,0.000000000000e+00,0.000000000000e+00,0.000000000000e+00,0.000000000000e+00,1.329223378796e+00,3.851352078538e+00,0.000000000000e+00,0.000000000000e+00,6.132855752562e-09,2.070761983785e-08,0.000000000000e+00,0.000000000000e+00,1.000000000000e+00,-9.437722361364e-02,5.865137629125e-12,3.421913865728e-11,0.000000000000e+00,0.000000000000e+00,0.000000000000e+00,9.999999999967e-01,4.474000014909e-08,-1.412122305740e-08,-4.376545612414e-09,0.000000000000e+00,0.000000000000e+00
3.000000000000e-13,OK,,4.323148439234e-08,-2.085965786263e-08,-6.423213794184e-09,2.085965786263e-08,6.423213794184e-09,2.085965786263e-08,3.549272000000e-12,5.552003300000e-12,1.000000000000e-02,3,1,1.250000000000e-03,48,1.700644445815e+01,BORIS,L3/dt-3e-13/eps-0.01/ranks-1,4.323148439234e-08,6.335744687823e-09,R12,1.678410000000e+01,-1.386352268100e+00,-1.278842362611e+00,0.000000000000e+00,0.000000000000e+00,0.000000000000e+00,-7.209431268135e-01,-1.386352268343e+00,0.000000000000e+00,0.000000000000e+00,0.000000000000e+00,0.000000000000e+00,0.000000000000e+00,3.851352078236e+00,1.040676311624e+01,0.000000000000e+00,0.000000000000e+00,0.000000000000e+00,0.000000000000e+00,1.329223378795e+00,3.851352078536e+00,0.000000000000e+00,0.000000000000e+00,6.138811718519e-09,2.070842429559e-08,0.000000000000e+00,0.000000000000e+00,1.000000000000e+00,-9.437722362177e-02,-1.617521428281e-12,-1.576552543659e-12,0.000000000000e+00,0.000000000000e+00,0.000000000000e+00,9.999999999944e-01,4.474000014909e-08,-1.415381083105e-08,-4.401799332025e-09,0.000000000000e+00,0.000000000000e+00
3.000000000000e-13,OK,,4.323248448124e-08,-2.085357388993e-08,-6.414827391500e-09,2.085357388993e-08,6.414827391500e-09,2.085357388993e-08,7.727152300000e-14,3.315119800000e-12,3.000000000000e-02,3,1,3.750000000000e-03,48,1.698887866596e+01,BORIS,L3/dt-3e-13/eps-0.03/ranks-1,4.323248448124e-08,6.335675765932e-09,R12,1.676540000000e+01,-1.386352268103e+00,-1.278842362612e+00,0.000000000000e+00,0.000000000000e+00,0.000000000000e+00,-7.209431268134e-01,-1.386352268342e+00,0.000000000000e+00,0.000000000000e+00,0.000000000000e+00,0.000000000000e+00,0.000000000000e+00,3.851352078235e+00,1.040676311624e+01,0.000000000000e+00,0.000000000000e+00,0.000000000000e+00,0.000000000000e+00,1.329223378795e+00,3.851352078536e+00,0.000000000000e+00,0.000000000000e+00,6.142734517967e-09,2.071032184108e-08,0.000000000000e+00,0.000000000000e+00,1.000000000000e+00,-9.437722362526e-02,-1.771138788111e-12,-1.698216299309e-12,0.000000000000e+00,0.000000000000e+00,0.000000000000e+00,9.999999999968e-01,4.474000014909e-08,-1.414293774670e-08,-4.385764430329e-09,0.000000000000e+00,0.000000000000e+00
3.000000000000e-13,OK,,4.321948443575e-08,-2.084926200497e-08,-6.412929853816e-09,2.084926200497e-08,6.412929853816e-09,2.084926200497e-08,2.764122300000e-12,2.864375400000e-12,1.000000000000e-01,3,1,1.250000000000e-02,48,1.701012670901e+01,BORIS,L3/dt-3e-13/eps-0.1/ranks-1,4.321948443575e-08,6.335913510842e-09,R12,1.678670000000e+01,-1.386352268098e+00,-1.278842362599e+00,0.000000000000e+00,0.000000000000e+00,0.000000000000e+00,-7.209431268101e-01,-1.386352268333e+00,0.000000000000e+00,0.000000000000e+00,0.000000000000e+00,0.000000000000e+00,0.000000000000e+00,3.851352078226e+00,1.040676311622e+01,0.000000000000e+00,0.000000000000e+00,0.000000000000e+00,0.000000000000e+00,1.329223378791e+00,3.851352078526e+00,0.000000000000e+00,0.000000000000e+00,6.140706128330e-09,2.070385615089e-08,0.000000000000e+00,0.000000000000e+00,1.000000000000e+00,-9.437722362897e-02,-1.846864189606e-14,2.685094041305e-13,0.000000000000e+00,0.000000000000e+00,0.000000000000e+00,1.000000000000e+00,4.470999925843e-08,-1.413426726435e-08,-4.380770156022e-09,0.000000000000e+00,0.000000000000e+00
1.000000000000e-12,OK,,5.498034099105e-07,-1.662689891762e-07,-4.394304824982e-08,1.662689891762e-07,4.394304824982e-08,1.662689891762e-07,6.652869100000e-08,3.635594400000e-08,1.000000000000e-06,3,1,1.250000000000e-07,48,6.559762499994e+00,BORIS,L3/dt-1e-12/eps-1e-06/ranks-1,5.498034099105e-07,7.204180008912e-08,R34,6.338680000000e+00,-1.386352395111e+00,-1.278842746371e+00,0.000000000000e+00,0.000000000000e+00,0.000000000000e+00,-7.209431958688e-01,-1.386352426362e+00,0.000000000000e+00,0.000000000000e+00,0.000000000000e+00,0.000000000000e+00,0.000000000000e+00,3.851351829245e+00,1.040676260818e+01,0.000000000000e+00,0.000000000000e+00,0.000000000000e+00,0.000000000000e+00,1.329223261134e+00,3.851351834247e+00,0.000000000000e+00,0.000000000000e+00,5.243498590606e-08,1.747130497491e-07,0.000000000000e+00,0.000000000000e+00,1.000000000000e+00,-9.437716293713e-02,-6.013531950133e-09,-5.231652180957e-09,0.000000000000e+00,0.000000000000e+00,0.000000000000e+00,1.000000036356e+00,5.528000013300e-07,-2.308008526649e-07,-1.437044805105e-07,0.000000000000e+00,0.000000000000e+00
1.000000000000e-12,OK,,5.497934090215e-07,-1.765985102163e-07,-5.278712699045e-08,1.765985102163e-07,5.278712699045e-08,1.765985102163e-07,9.029655200000e-09,3.770356400000e-07,3.000000000000e-06,3,1,3.750000000000e-07,48,6.576506999787e+00,BORIS,L3/dt-1e-12/eps-3e-06/ranks-1,5.497934090215e-07,8.430927818737e-08,R34,6.355610000000e+00,-1.386352382771e+00,-1.278842736796e+00,0.000000000000e+00,0.000000000000e+00,0.000000000000e+00,-7.209431696460e-01,-1.386352387561e+00,0.000000000000e+00,0.000000000000e+00,0.000000000000e+00,0.000000000000e+00,0.000000000000e+00,3.851351829247e+00,1.040676260819e+01,0.000000000000e+00,0.000000000000e+00,0.000000000000e+00,0.000000000000e+00,1.329223261134e+00,3.851351834248e+00,0.000000000000e+00,0.000000000000e+00,-3.229486466627e-07,3.930358158562e-07,0.000000000000e+00,0.000000000000e+00,9.999999999999e-01,-9.437694050040e-02,5.185966041457e-10,2.433533395094e-09,0.000000000000e+00,0.000000000000e+00,0.000000000000e+00,1.000000009319e+00,5.527900004410e-07,-1.468476733763e-07,-3.097279637639e-08,0.000000000000e+00,0.000000000000e+00
1.000000000000e-12,OK,,5.497934090215e-07,-1.807987318593e-07,-5.426048183060e-08,1.807987318593e-07,5.426048183060e-08,1.807987318593e-07,6.904210500000e-10,1.149987500000e-07,1.000000000000e-05,3,1,1.250000000000e-06,48,6.594343291130e+00,BORIS,L3/dt-1e-12/eps-1e-05/ranks-1,5.497934090215e-07,7.328843539765e-08,R34,6.372940000000e+00,-1.386352382348e+00,-1.278842740921e+00,0.000000000000e+00,0.000000000000e+00,0.000000000000e+00,-7.209431640669e-01,-1.386352383654e+00,0.000000000000e+00,0.000000000000e+00,0.000000000000e+00,0.000000000000e+00,0.000000000000e+00,3.851351829247e+00,1.040676260819e+01,0.000000000000e+00,0.000000000000e+00,0.000000000000e+00,0.000000000000e+00,1.329223261134e+00,3.851351834248e+00,0.000000000000e+00,0.000000000000e+00,-6.015086100158e-08,2.442795861811e-07,0.000000000000e+00,0.000000000000e+00,1.000000000000e+00,-9.437708720037e-02,2.898748469404e-09,4.110841138890e-10,0.000000000000e+00,0.000000000000e+00,0.000000000000e+00,1.000000002821e+00,5.527900004410e-07,-1.740730172882e-07,-5.579334188604e-08,0.000000000000e+00,0.000000000000e+00
1.000000000000e-12,OK,,5.498034099105e-07,-1.822299727762e-07,-5.749779474679e-08,1.822299727762e-07,5.749779474679e-08,1.822299727762e-07,5.624426500000e-10,3.670916700000e-08,3.000000000000e-05,3,1,3.750000000000e-06,48,6.571855625138e+00,BORIS,L3/dt-1e-12/eps-3e-05/ranks-1,5.498034099105e-07,7.195756752213e-08,R34,6.352700000000e+00,-1.386352383473e+00,-1.278842743116e+00,0.000000000000e+00,0.000000000000e+00,0.000000000000e+00,-7.209431667230e-01,-1.386352387758e+00,0.000000000000e+00,0.000000000000e+00,0.000000000000e+00,0.000000000000e+00,0.000000000000e+00,3.851351829246e+00,1.040676260818e+01,0.000000000000e+00,0.000000000000e+00,0.000000000000e+00,0.000000000000e+00,1.329223261134e+00,3.851351834247e+00,0.000000000000e+00,0.000000000000e+00,1.502401943400e-08,2.012422180738e-07,0.000000000000e+00,0.000000000000e+00,1.000000000000e+00,-9.437712801032e-02,-7.198543721979e-10,-1.065055481324e-09,0.000000000000e+00,0.000000000000e+00,0.000000000000e+00,9.999999992986e-01,5.528000013300e-07,-1.752721971510e-07,-5.420668166975e-08,0.000000000000e+00,0.000000000000e+00
1.000000000000e-12,OK,,5.498034099105e-07,-1.817535031393e-07,-5.689586124461e-08,1.817535031393e-07,5.689586124461e-08,1.817535031393e-07,1.459570200000e-10,1.115278900000e-08,1.000000000000e-04,3,1,1.250000000000e-05,48,6.537504000124e+00,BORIS,L3/dt-1e-12/eps-0.0001/ranks-1,5.498034099105e-07,7.152415883944e-08,R34,6.315630000000e+00,-1.386352382906e+00,-1.278842741955e+00,0.000000000000e+00,0.000000000000e+00,0.000000000000e+00,-7.209431658749e-01,-1.386352386780e+00,0.000000000000e+00,0.000000000000e+00,0.000000000000e+00,0.000000000000e+00,0.000000000000e+00,3.851351829245e+00,1.040676260818e+01,0.000000000000e+00,0.000000000000e+00,0.000000000000e+00,0.000000000000e+00,1.329223261134e+00,3.851351834247e+00,0.000000000000e+00,0.000000000000e+00,4.096863467383e-08,1.856558700474e-07,0.000000000000e+00,0.000000000000e+00,1.000000000000e+00,-9.437714277679e-02,3.688354773902e-10,8.137418027052e-10,0.000000000000e+00,0.000000000000e+00,0.000000000000e+00,1.000000000227e+00,5.528000013300e-07,-1.749902952521e-07,-5.536340733010e-08,0.000000000000e+00,0.000000000000e+00
1.000000000000e-12,OK,,5.498034099105e-07,-1.814601347830e-07,-5.674823289060e-08,1.814601347830e-07,5.674823289060e-08,1.814601347830e-07,8.993095200000e-11,3.513858400000e-09,3.000000000000e-04,3,1,3.750000000000e-05,48,6.586921333103e+00,BORIS,L3/dt-1e-12/eps-0.0003/ranks-1,5.498034099105e-07,7.145402724733e-08,R34,6.364850000000e+00,-1.386352383253e+00,-1.278842742067e+00,0.000000000000e+00,0.000000000000e+00,0.000000000000e+00,-7.209431663970e-01,-1.386352386976e+00,0.000000000000e+00,0.000000000000e+00,0.000000000000e+00,0.000000000000e+00,0.000000000000e+00,3.851351829246e+00,1.040676260818e+01,0.000000000000e+00,0.000000000000e+00,0.000000000000e+00,0.000000000000e+00,1.329223261134e+00,3.851351834247e+00,0.000000000000e+00,0.000000000000e+00,4.864158289161e-08,1.813806583702e-07,0.000000000000e+00,0.000000000000e+00,1.000000000000e+00,-9.437714701699e-02,-6.405264765626e-11,-1.169003824767e-11,0.000000000000e+00,0.000000000000e+00,0.000000000000e+00,9.999999999870e-01,5.528000013300e-07,-1.746958998426e-07,-5.441555470051e-08,0.000000000000e+00,0.000000000000e+00
1.000000000000e-12,OK,,5.497934090215e-07,-1.816250956137e-07,-5.676785391763e-08,1.816250956137e-07,5.676785391763e-08,1.816250956137e-07,4.956946000000e-11,1.389111700000e-09,1.000000000000e-03,3,1,1.250000000000e-04,48,6.509699999820e+00,BORIS,L3/dt-1e-12/eps-0.001/ranks-1,5.497934090215e-07,7.143498012522e-08,R34,6.288470000000e+00,-1.386352383156e+00,-1.278842742291e+00,0.000000000000e+00,0.000000000000e+00,0.000000000000e+00,-7.209431662948e-01,-1.386352387156e+00,0.000000000000e+00,0.000000000000e+00,0.000000000000e+00,0.000000000000e+00,0.000000000000e+00,3.851351829246e+00,1.040676260819e+01,0.000000000000e+00,0.000000000000e+00,0.000000000000e+00,0.000000000000e+00,1.329223261134e+00,3.851351834248e+00,0.000000000000e+00,0.000000000000e+00,5.085221649656e-08,1.797247500131e-07,0.000000000000e+00,0.000000000000e+00,1.000000000000e+00,-9.437714863173e-02,-2.185030622216e-12,-2.685436578152e-12,0.000000000000e+00,0.000000000000e+00,0.000000000000e+00,1.000000000042e+00,5.527900004410e-07,-1.749295038013e-07,-5.472072830911e-08,0.000000000000e+00,0.000000000000e+00
1.000000000000e-12,OK,,5.497934090215e-07,-1.816342656781e-07,-5.676388520336e-08,1.816342656781e-07,5.676388520336e-08,1.816342656781e-07,2.962496900000e-11,1.979097900000e-10,3.000000000000e-03,3,1,3.750000000000e-04,48,6.540303167189e+00,BORIS,L3/dt-1e-12/eps-0.003/ranks-1,5.497934090215e-07,7.143342097401e-08,R34,6.317240000000e+00,-1.386352383171e+00,-1.278842742277e+00,0.000000000000e+00,0.000000000000e+00,0.000000000000e+00,-7.209431663051e-01,-1.386352387120e+00,0.000000000000e+00,0.000000000000e+00,0.000000000000e+00,0.000000000000e+00,0.000000000000e+00,3.851351829247e+00,1.040676260819e+01,0.000000000000e+00,0.000000000000e+00,0.000000000000e+00,0.000000000000e+00,1.329223261134e+00,3.851351834248e+00,0.000000000000e+00,0.000000000000e+00,5.216280193827e-08,1.794127069352e-07,0.000000000000e+00,0.000000000000e+00,1.000000000000e+00,-9.437714887598e-02,7.325330669580e-12,2.350192662733e-11,0.000000000000e+00,0.000000000000e+00,0.000000000000e+00,9.999999999953e-01,5.527900004410e-07,-1.749134921082e-07,-5.473416618589e-08,0.000000000000e+00,0.000000000000e+00
1.000000000000e-12,OK,,5.497934090215e-07,-1.816420634507e-07,-5.677873493592e-08,1.816420634507e-07,5.677873493592e-08,1.816420634507e-07,5.617728500000e-12,1.242294400000e-10,1.000000000000e-02,3,1,1.250000000000e-03,48,6.555146249942e+00,BORIS,L3/dt-1e-12/eps-0.01/ranks-1,5.497934090215e-07,7.142905130093e-08,R34,6.334850000000e+00,-1.386352383170e+00,-1.278842742284e+00,0.000000000000e+00,0.000000000000e+00,0.000000000000e+00,-7.209431663020e-01,-1.386352387139e+00,0.000000000000e+00,0.000000000000e+00,0.000000000000e+00,0.000000000000e+00,0.000000000000e+00,3.851351829246e+00,1.040676260819e+01,0.000000000000e+00,0.000000000000e+00,0.000000000000e+00,0.000000000000e+00,1.329223261134e+00,3.851351834248e+00,0.000000000000e+00,0.000000000000e+00,5.211398110502e-08,1.792677780809e-07,0.000000000000e+00,0.000000000000e+00,1.000000000000e+00,-9.437714917424e-02,6.285635277021e-13,-2.748338154113e-13,0.000000000000e+00,0.000000000000e+00,0.000000000000e+00,9.999999999954e-01,5.527900004410e-07,-1.749362164191e-07,-5.475732047376e-08,0.000000000000e+00,0.000000000000e+00
1.000000000000e-12,OK,,5.498034099105e-07,-1.816409031738e-07,-5.677742004329e-08,1.816409031738e-07,5.677742004329e-08,1.816409031738e-07,1.514122200000e-12,4.144971700000e-11,3.000000000000e-02,3,1,3.750000000000e-03,48,6.521675374825e+00,BORIS,L3/dt-1e-12/eps-0.03/ranks-1,5.498034099105e-07,7.142881379607e-08,R34,6.299650000000e+00,-1.386352383168e+00,-1.278842742284e+00,0.000000000000e+00,0.000000000000e+00,0.000000000000e+00,-7.209431662999e-01,-1.386352387138e+00,0.000000000000e+00,0.000000000000e+00,0.000000000000e+00,0.000000000000e+00,0.000000000000e+00,3.851351829245e+00,1.040676260818e+01,0.000000000000e+00,0.000000000000e+00,0.000000000000e+00,0.000000000000e+00,1.329223261134e+00,3.851351834247e+00,0.000000000000e+00,0.000000000000e+00,5.219775157133e-08,1.792275901721e-07,0.000000000000e+00,0.000000000000e+00,1.000000000000e+00,-9.437714923260e-02,5.826450132555e-13,1.142804937956e-12,0.000000000000e+00,0.000000000000e+00,0.000000000000e+00,1.000000000000e+00,5.528000013300e-07,-1.749302670306e-07,-5.474835708212e-08,0.000000000000e+00,0.000000000000e+00
1.000000000000e-12,OK,,5.498434099138e-07,-1.816411343219e-07,-5.677895775769e-08,1.816411343219e-07,5.677895775769e-08,1.816411343219e-07,3.037792200000e-12,5.186243200000e-12,1.000000000000e-01,3,1,1.250000000000e-02,48,6.473865959095e+00,BORIS,L3/dt-1e-12/eps-0.1/ranks-1,5.498434099138e-07,7.143139022148e-08,R34,6.253460000000e+00,-1.386352383164e+00,-1.278842742278e+00,0.000000000000e+00,0.000000000000e+00,0.000000000000e+00,-7.209431662976e-01,-1.386352387136e+00,0.000000000000e+00,0.000000000000e+00,0.000000000000e+00,0.000000000000e+00,0.000000000000e+00,3.851351829224e+00,1.040676260814e+01,0.000000000000e+00,0.000000000000e+00,0.000000000000e+00,0.000000000000e+00,1.329223261124e+00,3.851351834225e+00,0.000000000000e+00,0.000000000000e+00,5.223871433946e-08,1.792124458326e-07,0.000000000000e+00,0.000000000000e+00,1.000000000000e+00,-9.437714927636e-02,-2.508459291726e-13,2.688647436655e-14,0.000000000000e+00,0.000000000000e+00,0.000000000000e+00,9.999999999997e-01,5.527900004410e-07,-1.749261395813e-07,-5.474679805990e-08,0.000000000000e+00,0.000000000000e+00
3.000000000000e-12,OK,,5.017383410078e-06,-1.601629280225e-06,-5.079386342751e-07,1.601629280225e-06,5.079386342751e-07,1.601629280225e-06,5.275865300000e-09,1.077537500000e-08,1.000000000000e-06,3,1,1.250000000000e-07,48,3.657718459144e+00,BORIS,L3/dt-3e-12/eps-1e-06/ranks-1,5.017383410078e-06,6.453957064727e-07,R34,3.436280000000e+00,-1.386353394979e+00,-1.278846093811e+00,0.000000000000e+00,0.000000000000e+00,0.000000000000e+00,-7.209435170286e-01,-1.386353445634e+00,0.000000000000e+00,0.000000000000e+00,0.000000000000e+00,0.000000000000e+00,0.000000000000e+00,3.851349639261e+00,1.040675814060e+01,0.000000000000e+00,0.000000000000e+00,0.000000000000e+00,0.000000000000e+00,1.329222226447e+00,3.851349686523e+00,0.000000000000e+00,0.000000000000e+00,4.524331704521e-07,1.569204066443e-06,0.000000000000e+00,0.000000000000e+00,1.000000000000e+00,-9.437649954606e-02,7.896821177548e-09,2.682373398745e-09,0.000000000000e+00,0.000000000000e+00,0.000000000000e+00,9.999999892246e-01,5.020380001497e-06,-1.666161143714e-06,-6.077000665357e-07,0.000000000000e+00,0.000000000000e+00
3.000000000000e-12,OK,,5.016833409144e-06,-1.597237960015e-06,-4.992592215082e-07,1.597237960015e-06,4.992592215082e-07,1.597237960015e-06,1.055874900000e-09,6.323289400000e-08,3.000000000000e-06,3,1,3.750000000000e-07,48,3.671092499979e+00,BORIS,L3/dt-3e-12/eps-3e-06/ranks-1,5.016833409144e-06,6.450512726782e-07,R34,3.420620000000e+00,-1.386353395012e+00,-1.278846078669e+00,0.000000000000e+00,0.000000000000e+00,0.000000000000e+00,-7.209435124067e-01,-1.386353430574e+00,0.000000000000e+00,0.000000000000e+00,0.000000000000e+00,0.000000000000e+00,0.000000000000e+00,3.851349639512e+00,1.040675814115e+01,0.000000000000e+00,0.000000000000e+00,0.000000000000e+00,0.000000000000e+00,1.329222226575e+00,3.851349686807e+00,0.000000000000e+00,0.000000000000e+00,3.957222177223e-07,1.604332637940e-06,0.000000000000e+00,0.000000000000e+00,9.999999999998e-01,-9.437646265427e-02,4.381564290515e-09,5.038021057246e-09,0.000000000000e+00,0.000000000000e+00,0.000000000000e+00,9.999999995645e-01,5.019830000563e-06,-1.567487123175e-06,-4.774448908941e-07,0.000000000000e+00,0.000000000000e+00
3.000000000000e-12,OK,,5.015423409915e-06,-1.589725900523e-06,-4.971330782049e-07,1.589725900523e-06,4.971330782049e-07,1.589725900523e-06,3.465652900000e-09,3.028879200000e-06,1.000000000000e-05,3,1,1.250000000000e-06,48,3.649779750034e+00,BORIS,L3/dt-3e-12/eps-1e-05/ranks-1,5.015423409915e-06,7.432317493003e-07,R34,3.428270000000e+00,-1.386353390994e+00,-1.278846068536e+00,0.000000000000e+00,0.000000000000e+00,0.000000000000e+00,-7.209435119297e-01,-1.386353425728e+00,0.000000000000e+00,0.000000000000e+00,0.000000000000e+00,0.000000000000e+00,0.000000000000e+00,3.851349640216e+00,1.040675814256e+01,0.000000000000e+00,0.000000000000e+00,0.000000000000e+00,0.000000000000e+00,1.329222226935e+00,3.851349687522e+00,0.000000000000e+00,0.000000000000e+00,-2.571997349492e-06,3.330462137387e-06,0.000000000000e+00,0.000000000000e+00,1.000000000000e+00,-9.437480477042e-02,1.973749883790e-10,-4.135048753671e-10,0.000000000000e+00,0.000000000000e+00,0.000000000000e+00,9.999999995660e-01,5.018420001335e-06,-1.583000185952e-06,-4.986659382603e-07,0.000000000000e+00,0.000000000000e+00
3.000000000000e-12,OK,,5.016973409155e-06,-1.591451590955e-06,-4.984514229209e-07,1.591451590955e-06,4.984514229209e-07,1.591451590955e-06,7.444143100000e-10,1.009224800000e-06,3.000000000000e-05,3,1,3.750000000000e-06,48,3.651870625094e+00,BORIS,L3/dt-3e-12/eps-3e-05/ranks-1,5.016973409155e-06,6.618217444323e-07,R34,3.429330000000e+00,-1.386353391923e+00,-1.278846071096e+00,0.000000000000e+00,0.000000000000e+00,0.000000000000e+00,-7.209435124215e-01,-1.386353429012e+00,0.000000000000e+00,0.000000000000e+00,0.000000000000e+00,0.000000000000e+00,0.000000000000e+00,3.851349639497e+00,1.040675814101e+01,0.000000000000e+00,0.000000000000e+00,0.000000000000e+00,0.000000000000e+00,1.329222226567e+00,3.851349686724e+00,0.000000000000e+00,0.000000000000e+00,-5.529059662456e-07,2.156194936258e-06,0.000000000000e+00,0.000000000000e+00,1.000000000000e+00,-9.437593257664e-02,-2.037286721161e-11,-4.885042753966e-10,0.000000000000e+00,0.000000000000e+00,0.000000000000e+00,1.000000000372e+00,5.019970000575e-06,-1.584493815330e-06,-4.951603098439e-07,0.000000000000e+00,0.000000000000e+00
3.000000000000e-12,OK,,5.016983410044e-06,-1.591188810356e-06,-4.982694521431e-07,1.591188810356e-06,4.982694521431e-07,1.591188810356e-06,1.786960600000e-10,3.026743600000e-07,1.000000000000e-04,3,1,1.250000000000e-05,48,3.680573875085e+00,BORIS,L3/dt-3e-12/eps-0.0001/ranks-1,5.016983410044e-06,6.475365565494e-07,R34,3.458750000000e+00,-1.386353391603e+00,-1.278846070521e+00,0.000000000000e+00,0.000000000000e+00,0.000000000000e+00,-7.209435122642e-01,-1.386353428593e+00,0.000000000000e+00,0.000000000000e+00,0.000000000000e+00,0.000000000000e+00,0.000000000000e+00,3.851349639512e+00,1.040675814100e+01,0.000000000000e+00,0.000000000000e+00,0.000000000000e+00,0.000000000000e+00,1.329222226575e+00,3.851349686717e+00,0.000000000000e+00,0.000000000000e+00,1.536934502666e-07,1.745219761903e-06,0.000000000000e+00,0.000000000000e+00,1.000000000000e+00,-9.437632692760e-02,1.260787921707e-10,5.504140889565e-11,0.000000000000e+00,0.000000000000e+00,0.000000000000e+00,9.999999998978e-01,5.019980001464e-06,-1.584425602469e-06,-4.967369982286e-07,0.000000000000e+00,0.000000000000e+00
3.000000000000e-12,OK,,5.017013409159e-06,-1.591132287098e-06,-4.982751793951e-07,1.591132287098e-06,4.982751793951e-07,1.591132287098e-06,1.147748600000e-11,1.006363800000e-07,3.000000000000e-04,3,1,3.750000000000e-05,48,3.614853000036e+00,BORIS,L3/dt-3e-12/eps-0.0003/ranks-1,5.017013409159e-06,6.449997145257e-07,R34,3.394950000000e+00,-1.386353392008e+00,-1.278846070532e+00,0.000000000000e+00,0.000000000000e+00,0.000000000000e+00,-7.209435125463e-01,-1.386353428494e+00,0.000000000000e+00,0.000000000000e+00,0.000000000000e+00,0.000000000000e+00,0.000000000000e+00,3.851349639497e+00,1.040675814097e+01,0.000000000000e+00,0.000000000000e+00,0.000000000000e+00,0.000000000000e+00,1.329222226567e+00,3.851349686702e+00,0.000000000000e+00,0.000000000000e+00,3.556899333544e-07,1.627670685103e-06,0.000000000000e+00,0.000000000000e+00,1.000000000000e+00,-9.437643988434e-02,4.982606747558e-11,1.111107037807e-11,0.000000000000e+00,0.000000000000e+00,0.000000000000e+00,1.000000000029e+00,5.020010000578e-06,-1.584368052158e-06,-4.959425012050e-07,0.000000000000e+00,0.000000000000e+00
3.000000000000e-12,OK,,5.016973409155e-06,-1.591104338202e-06,-4.982477333496e-07,1.591104338202e-06,4.982477333496e-07,1.591104338202e-06,2.956746000000e-11,2.997662400000e-08,1.000000000000e-03,3,1,1.250000000000e-04,48,3.589982165955e+00,BORIS,L3/dt-3e-12/eps-0.001/ranks-1,5.016973409155e-06,6.442724442066e-07,R34,3.368220000000e+00,-1.386353392018e+00,-1.278846070517e+00,0.000000000000e+00,0.000000000000e+00,0.000000000000e+00,-7.209435125730e-01,-1.386353428495e+00,0.000000000000e+00,0.000000000000e+00,0.000000000000e+00,0.000000000000e+00,0.000000000000e+00,3.851349639497e+00,1.040675814101e+01,0.000000000000e+00,0.000000000000e+00,0.000000000000e+00,0.000000000000e+00,1.329222226567e+00,3.851349686724e+00,0.000000000000e+00,0.000000000000e+00,4.263713546476e-07,1.586620911943e-06,0.000000000000e+00,0.000000000000e+00,1.000000000000e+00,-9.437647938769e-02,9.924102664422e-12,-8.746075366117e-12,0.000000000000e+00,0.000000000000e+00,0.000000000000e+00,1.000000000019e+00,5.019970000575e-06,-1.584408746390e-06,-4.962006077411e-07,0.000000000000e+00,0.000000000000e+00
3.000000000000e-12,OK,,5.015503409922e-06,-1.591112237557e-06,-4.982403506993e-07,1.591112237557e-06,4.982403506993e-07,1.591112237557e-06,1.117834700000e-10,9.388735700000e-09,3.000000000000e-03,3,1,3.750000000000e-04,48,3.617359125055e+00,BORIS,L3/dt-3e-12/eps-0.003/ranks-1,5.015503409922e-06,6.439690126539e-07,R34,3.396730000000e+00,-1.386353392014e+00,-1.278846070517e+00,0.000000000000e+00,0.000000000000e+00,0.000000000000e+00,-7.209435125700e-01,-1.386353428487e+00,0.000000000000e+00,0.000000000000e+00,0.000000000000e+00,0.000000000000e+00,0.000000000000e+00,3.851349640216e+00,1.040675814248e+01,0.000000000000e+00,0.000000000000e+00,0.000000000000e+00,0.000000000000e+00,1.329222226935e+00,3.851349687478e+00,0.000000000000e+00,0.000000000000e+00,4.469759113147e-07,1.575102014000e-06,0.000000000000e+00,0.000000000000e+00,1.000000000000e+00,-9.437649042841e-02,2.100308105677e-12,6.927816133810e-12,0.000000000000e+00,0.000000000000e+00,0.000000000000e+00,1.000000000002e+00,5.018500001341e-06,-1.584391463987e-06,-4.962106316818e-07,0.000000000000e+00,0.000000000000e+00
3.000000000000e-12,OK,,5.015393409025e-06,-1.591116503830e-06,-4.982476233817e-07,1.591116503830e-06,4.982476233817e-07,1.591116503830e-06,4.660838400000e-11,7.896098600000e-09,1.000000000000e-02,3,1,1.250000000000e-03,48,3.579126750119e+00,BORIS,L3/dt-3e-12/eps-0.01/ranks-1,5.015393409025e-06,6.438058340791e-07,R34,3.356640000000e+00,-1.386353392003e+00,-1.278846070516e+00,0.000000000000e+00,0.000000000000e+00,0.000000000000e+00,-7.209435125647e-01,-1.386353428491e+00,0.000000000000e+00,0.000000000000e+00,0.000000000000e+00,0.000000000000e+00,0.000000000000e+00,3.851349640232e+00,1.040675814259e+01,0.000000000000e+00,0.000000000000e+00,0.000000000000e+00,0.000000000000e+00,1.329222226943e+00,3.851349687539e+00,0.000000000000e+00,0.000000000000e+00,4.484618166924e-07,1.568387046625e-06,0.000000000000e+00,0.000000000000e+00,1.000000000000e+00,-9.437649702625e-02,-8.142966787228e-13,-2.943644079158e-12,0.000000000000e+00,0.000000000000e+00,0.000000000000e+00,9.999999999973e-01,5.018390000444e-06,-1.584410656798e-06,-4.962262089195e-07,0.000000000000e+00,0.000000000000e+00
3.000000000000e-12,OK,,5.015873409064e-06,-1.591114415495e-06,-4.982459614333e-07,1.591114415495e-06,4.982459614333e-07,1.591114415495e-06,3.732614200000e-11,1.019409500000e-09,3.000000000000e-02,3,1,3.750000000000e-03,48,3.539348750142e+00,BORIS,L3/dt-3e-12/eps-0.03/ranks-1,5.015873409064e-06,6.439040682447e-07,R34,3.316590000000e+00,-1.386353392007e+00,-1.278846070516e+00,0.000000000000e+00,0.000000000000e+00,0.000000000000e+00,-7.209435125678e-01,-1.386353428492e+00,0.000000000000e+00,0.000000000000e+00,0.000000000000e+00,0.000000000000e+00,0.000000000000e+00,3.851349639979e+00,1.040675814211e+01,0.000000000000e+00,0.000000000000e+00,0.000000000000e+00,0.000000000000e+00,1.329222226814e+00,3.851349687297e+00,0.000000000000e+00,0.000000000000e+00,4.553392375542e-07,1.569351707876e-06,0.000000000000e+00,0.000000000000e+00,1.000000000000e+00,-9.437649572816e-02,-1.078311806333e-13,-6.731191531533e-13,0.000000000000e+00,0.000000000000e+00,0.000000000000e+00,9.999999999995e-01,5.018870000484e-06,-1.584403779352e-06,-4.962168984721e-07,0.000000000000e+00,0.000000000000e+00
3.000000000000e-12,OK,,5.015273409015e-06,-1.591115336053e-06,-4.982488634453e-07,1.591115336053e-06,4.982488634453e-07,1.591115336053e-06,6.624312200000e-11,2.252098100000e-10,1.000000000000e-01,3,1,1.250000000000e-02,48,3.551984000020e+00,BORIS,L3/dt-3e-12/eps-0.1/ranks-1,5.015273409015e-06,6.438344834699e-07,R34,3.330760000000e+00,-1.386353392002e+00,-1.278846070512e+00,0.000000000000e+00,0.000000000000e+00,0.000000000000e+00,-7.209435125666e-01,-1.386353428492e+00,0.000000000000e+00,0.000000000000e+00,0.000000000000e+00,0.000000000000e+00,0.000000000000e+00,3.851349640296e+00,1.040675814271e+01,0.000000000000e+00,0.000000000000e+00,0.000000000000e+00,0.000000000000e+00,1.329222226977e+00,3.851349687601e+00,0.000000000000e+00,0.000000000000e+00,4.561856385701e-07,1.568889817823e-06,0.000000000000e+00,0.000000000000e+00,1.000000000000e+00,-9.437649783226e-02,-2.087749063335e-14,-8.379526155929e-14,0.000000000000e+00,0.000000000000e+00,0.000000000000e+00,9.999999999999e-01,5.018219999542e-06,-1.584400341312e-06,-4.962167037475e-07,0.000000000000e+00,0.000000000000e+00
1.000000000000e-11,OK,,5.532987341006e-05,-1.750905627270e-05,-5.478856043726e-06,1.750905627270e-05,5.478856043726e-06,1.750905627270e-05,5.509399600000e-08,6.273830500000e-08,1.000000000000e-06,3,1,1.250000000000e-07,48,2.674417666858e+00,BORIS,L3/dt-1e-11/eps-1e-06/ranks-1,5.532987341006e-05,7.101280011463e-06,R34,2.454560000000e+00,-1.386364799384e+00,-1.278883692609e+00,0.000000000000e+00,0.000000000000e+00,0.000000000000e+00,-7.209474232745e-01,-1.386365147882e+00,0.000000000000e+00,0.000000000000e+00,0.000000000000e+00,0.000000000000e+00,0.000000000000e+00,3.851324959797e+00,1.040670782811e+01,0.000000000000e+00,0.000000000000e+00,0.000000000000e+00,0.000000000000e+00,1.329210574572e+00,3.851325516764e+00,0.000000000000e+00,0.000000000000e+00,5.033250584789e-06,1.728885075444e-05,0.000000000000e+00,0.000000000000e+00,1.000000000000e+00,-9.436904962917e-02,5.074099618069e-09,6.425022450657e-09,0.000000000000e+00,0.000000000000e+00,0.000000000000e+00,1.000000008226e+00,5.533287000148e-05,-1.757358813619e-05,-5.578617475987e-06,0.000000000000e+00,0.000000000000e+00
1.000000000000e-11,OK,,5.520857340890e-05,-1.751891612278e-05,-5.475642966759e-06,1.751891612278e-05,5.475642966759e-06,1.751891612278e-05,4.163587100000e-09,1.426693100000e-08,3.000000000000e-06,3,1,3.750000000000e-07,48,2.685986125143e+00,BORIS,L3/dt-1e-11/eps-3e-06/ranks-1,5.520857340890e-05,7.091238746021e-06,R34,2.465800000000e+00,-1.386364809742e+00,-1.278883685782e+00,0.000000000000e+00,0.000000000000e+00,0.000000000000e+00,-7.209474275362e-01,-1.386365186450e+00,0.000000000000e+00,0.000000000000e+00,0.000000000000e+00,0.000000000000e+00,0.000000000000e+00,3.851325019056e+00,1.040670794941e+01,0.000000000000e+00,0.000000000000e+00,0.000000000000e+00,0.000000000000e+00,1.329210604864e+00,3.851325578773e+00,0.000000000000e+00,0.000000000000e+00,5.031635770003e-06,1.727030018243e-05,0.000000000000e+00,0.000000000000e+00,1.000000000001e+00,-9.436909531520e-02,1.640688538246e-09,3.579796401337e-09,0.000000000000e+00,0.000000000000e+00,0.000000000000e+00,1.000000001294e+00,5.521157000032e-05,-1.748916528594e-05,-5.453828636145e-06,0.000000000000e+00,0.000000000000e+00
1.000000000000e-11,OK,,5.532932340913e-05,-1.756718159218e-05,-5.495382046128e-06,1.756718159218e-05,5.495382046128e-06,1.756718159218e-05,7.534745100000e-10,6.788522300000e-07,1.000000000000e-05,3,1,1.250000000000e-06,48,2.704023000086e+00,BORIS,L3/dt-1e-11/eps-1e-05/ranks-1,5.532932340913e-05,7.115326049907e-06,R34,2.483760000000e+00,-1.386364849415e+00,-1.278883808695e+00,0.000000000000e+00,0.000000000000e+00,0.000000000000e+00,-7.209474376812e-01,-1.386365216160e+00,0.000000000000e+00,0.000000000000e+00,0.000000000000e+00,0.000000000000e+00,0.000000000000e+00,3.851324959797e+00,1.040670782866e+01,0.000000000000e+00,0.000000000000e+00,0.000000000000e+00,0.000000000000e+00,1.329210574572e+00,3.851325517107e+00,0.000000000000e+00,0.000000000000e+00,4.367565545875e-06,1.772525610546e-05,0.000000000000e+00,0.000000000000e+00,9.999999999998e-01,-9.436871598556e-02,-8.188901932089e-11,-7.446764875952e-10,0.000000000000e+00,0.000000000000e+00,0.000000000000e+00,1.000000000082e+00,5.533232000055e-05,-1.756045587761e-05,-5.496914906183e-06,0.000000000000e+00,0.000000000000e+00
1.000000000000e-11,OK,,5.572703340917e-05,-1.745342984984e-05,-5.465523262353e-06,1.745342984984e-05,5.465523262353e-06,1.745342984984e-05,3.097993300000e-09,7.065432600000e-06,3.000000000000e-05,3,1,3.750000000000e-06,48,2.729819874978e+00,BORIS,L3/dt-1e-11/eps-3e-05/ranks-1,5.572703340917e-05,7.097993267455e-06,R34,2.510500000000e+00,-1.386364746578e+00,-1.278883524051e+00,0.000000000000e+00,0.000000000000e+00,0.000000000000e+00,-7.209474117456e-01,-1.386365145552e+00,0.000000000000e+00,0.000000000000e+00,0.000000000000e+00,0.000000000000e+00,0.000000000000e+00,3.851324779200e+00,1.040670743095e+01,0.000000000000e+00,0.000000000000e+00,0.000000000000e+00,0.000000000000e+00,1.329210482253e+00,3.851325310834e+00,0.000000000000e+00,0.000000000000e+00,1.207122685802e-05,1.309896239429e-05,0.000000000000e+00,0.000000000000e+00,9.999999999999e-01,-9.437308522237e-02,2.207061174159e-11,5.074037620910e-10,0.000000000000e+00,0.000000000000e+00,0.000000000000e+00,1.000000000402e+00,5.573003000059e-05,-1.744647207421e-05,-5.462232149276e-06,0.000000000000e+00,0.000000000000e+00
1.000000000000e-11,OK,,5.532032340838e-05,-1.745360410989e-05,-5.465951269888e-06,1.745360410989e-05,5.465951269888e-06,1.745360410989e-05,5.797832000000e-09,1.121898400000e-05,1.000000000000e-04,3,1,1.250000000000e-05,48,2.743427250069e+00,BORIS,L3/dt-1e-11/eps-0.0001/ranks-1,5.532032340838e-05,7.288351081194e-06,R34,2.523640000000e+00,-1.386364746465e+00,-1.278883524258e+00,0.000000000000e+00,0.000000000000e+00,0.000000000000e+00,-7.209474115154e-01,-1.386365144916e+00,0.000000000000e+00,0.000000000000e+00,0.000000000000e+00,0.000000000000e+00,0.000000000000e+00,3.851324959797e+00,1.040670783766e+01,0.000000000000e+00,0.000000000000e+00,0.000000000000e+00,0.000000000000e+00,1.329210574572e+00,3.851325522662e+00,0.000000000000e+00,0.000000000000e+00,-6.213668010217e-06,2.372678886386e-05,0.000000000000e+00,0.000000000000e+00,1.000000000000e+00,-9.436287396161e-02,1.342580190200e-10,1.679913418591e-10,0.000000000000e+00,0.000000000000e+00,0.000000000000e+00,1.000000000169e+00,5.532331999980e-05,-1.744684090200e-05,-5.464418815973e-06,0.000000000000e+00,0.000000000000e+00
1.000000000000e-11,OK,,5.533690340975e-05,-1.745071880154e-05,-5.465186955322e-06,1.745071880154e-05,5.465186955322e-06,1.745071880154e-05,3.574178700000e-10,3.739126200000e-06,3.000000000000e-04,3,1,3.750000000000e-05,48,2.756269291975e+00,BORIS,L3/dt-1e-11/eps-0.0003/ranks-1,5.533690340975e-05,7.135874412723e-06,R34,2.536740000000e+00,-1.386364748239e+00,-1.278883519367e+00,0.000000000000e+00,0.000000000000e+00,0.000000000000e+00,-7.209474121123e-01,-1.386365143740e+00,0.000000000000e+00,0.000000000000e+00,0.000000000000e+00,0.000000000000e+00,0.000000000000e+00,3.851324956094e+00,1.040670782108e+01,0.000000000000e+00,0.000000000000e+00,0.000000000000e+00,0.000000000000e+00,1.329210572678e+00,3.851325513231e+00,0.000000000000e+00,0.000000000000e+00,1.265182403904e-06,1.937745205487e-05,0.000000000000e+00,0.000000000000e+00,1.000000000000e+00,-9.436705241660e-02,-6.434916513660e-12,-1.620511540169e-11,0.000000000000e+00,0.000000000000e+00,0.000000000000e+00,9.999999999796e-01,5.533990000117e-05,-1.744395456660e-05,-5.462854277132e-06,0.000000000000e+00,0.000000000000e+00
1.000000000000e-11,OK,,5.523392341011e-05,-1.745072988877e-05,-5.465231312062e-06,1.745072988877e-05,5.465231312062e-06,1.745072988877e-05,2.831545500000e-08,1.121603200000e-06,1.000000000000e-03,3,1,1.250000000000e-04,48,2.679998083971e+00,BORIS,L3/dt-1e-11/eps-0.001/ranks-1,5.523392341011e-05,7.093597908351e-06,R34,2.460760000000e+00,-1.386364748114e+00,-1.278883519377e+00,0.000000000000e+00,0.000000000000e+00,0.000000000000e+00,-7.209474120390e-01,-1.386365143840e+00,0.000000000000e+00,0.000000000000e+00,0.000000000000e+00,0.000000000000e+00,0.000000000000e+00,3.851325015396e+00,1.040670792406e+01,0.000000000000e+00,0.000000000000e+00,0.000000000000e+00,0.000000000000e+00,1.329210602993e+00,3.851325563919e+00,0.000000000000e+00,0.000000000000e+00,3.882650543271e-06,1.785599664388e-05,0.000000000000e+00,0.000000000000e+00,1.000000000000e+00,-9.436851434780e-02,8.056445930491e-12,5.669638024220e-12,0.000000000000e+00,0.000000000000e+00,0.000000000000e+00,1.000000000003e+00,5.523692000153e-05,-1.744403429696e-05,-5.463184186453e-06,0.000000000000e+00,0.000000000000e+00
1.000000000000e-11,OK,,5.569959340868e-05,-1.745072462726e-05,-5.465240178470e-06,1.745072462726e-05,5.465240178470e-06,1.745072462726e-05,2.800563100000e-08,3.737314300000e-07,3.000000000000e-03,3,1,3.750000000000e-04,48,2.651560249971e+00,BORIS,L3/dt-1e-11/eps-0.003/ranks-1,5.569959340868e-05,7.124122860449e-06,R34,2.433950000000e+00,-1.386364748129e+00,-1.278883519368e+00,0.000000000000e+00,0.000000000000e+00,0.000000000000e+00,-7.209474120522e-01,-1.386365143834e+00,0.000000000000e+00,0.000000000000e+00,0.000000000000e+00,0.000000000000e+00,0.000000000000e+00,3.851324779198e+00,1.040670745839e+01,0.000000000000e+00,0.000000000000e+00,0.000000000000e+00,0.000000000000e+00,1.329210482252e+00,3.851325327767e+00,0.000000000000e+00,0.000000000000e+00,4.630506789242e-06,1.742129255576e-05,0.000000000000e+00,0.000000000000e+00,1.000000000000e+00,-9.436893209044e-02,2.261583477955e-12,3.056234653089e-12,0.000000000000e+00,0.000000000000e+00,0.000000000000e+00,9.999999999997e-01,5.570259000010e-05,-1.744400385369e-05,-5.463210459453e-06,0.000000000000e+00,0.000000000000e+00
1.000000000000e-11,OK,,5.532987341006e-05,-1.745071649548e-05,-5.465236964097e-06,1.745071649548e-05,5.465236964097e-06,1.745071649548e-05,7.393782300000e-10,1.036640200000e-07,1.000000000000e-02,3,1,1.250000000000e-03,48,2.678510250058e+00,BORIS,L3/dt-1e-11/eps-0.01/ranks-1,5.532987341006e-05,7.091636761484e-06,R34,2.456630000000e+00,-1.386364748146e+00,-1.278883519385e+00,0.000000000000e+00,0.000000000000e+00,0.000000000000e+00,-7.209474120615e-01,-1.386365143837e+00,0.000000000000e+00,0.000000000000e+00,0.000000000000e+00,0.000000000000e+00,0.000000000000e+00,3.851324959798e+00,1.040670782811e+01,0.000000000000e+00,0.000000000000e+00,0.000000000000e+00,0.000000000000e+00,1.329210574572e+00,3.851325516762e+00,0.000000000000e+00,0.000000000000e+00,4.900572974735e-06,1.727356683174e-05,0.000000000000e+00,0.000000000000e+00,1.000000000000e+00,-9.436907402621e-02,3.856408933707e-13,-5.832903172907e-13,0.000000000000e+00,0.000000000000e+00,0.000000000000e+00,9.999999999996e-01,5.533287000148e-05,-1.744401064845e-05,-5.463215549635e-06,0.000000000000e+00,0.000000000000e+00
1.000000000000e-11,OK,,5.536500340853e-05,-1.745072553411e-05,-5.465241473213e-06,1.745072553411e-05,5.465241473213e-06,1.745072553411e-05,2.900826600000e-08,9.486475600000e-08,3.000000000000e-02,3,1,3.750000000000e-03,48,2.642759624869e+00,BORIS,L3/dt-1e-11/eps-0.03/ranks-1,5.536500340853e-05,7.092289277695e-06,R34,2.421540000000e+00,-1.386364748132e+00,-1.278883519233e+00,0.000000000000e+00,0.000000000000e+00,0.000000000000e+00,-7.209474120530e-01,-1.386365143739e+00,0.000000000000e+00,0.000000000000e+00,0.000000000000e+00,0.000000000000e+00,0.000000000000e+00,3.851324956073e+00,1.040670779298e+01,0.000000000000e+00,0.000000000000e+00,0.000000000000e+00,0.000000000000e+00,1.329210572668e+00,3.851325495887e+00,0.000000000000e+00,0.000000000000e+00,4.909372544605e-06,1.719457755712e-05,0.000000000000e+00,0.000000000000e+00,1.000000000000e+00,-9.436914981854e-02,-7.758263312865e-14,8.651219549458e-14,0.000000000000e+00,0.000000000000e+00,0.000000000000e+00,9.999999999999e-01,5.536799999994e-05,-1.744401489797e-05,-5.463212410252e-06,0.000000000000e+00,0.000000000000e+00
1.000000000000e-11,OK,,5.573113340951e-05,-1.745185635089e-05,-5.465645312064e-06,1.745185635089e-05,5.465645312064e-06,1.745185635089e-05,1.082921000000e-08,1.348651000000e-08,1.000000000000e-01,3,1,1.250000000000e-02,48,2.625502332812e+00,BORIS,L3/dt-1e-11/eps-0.1/ranks-1,5.573113340951e-05,7.123222487959e-06,R34,2.408260000000e+00,-1.386364749063e+00,-1.278883522209e+00,0.000000000000e+00,0.000000000000e+00,0.000000000000e+00,-7.209474123887e-01,-1.386365144862e+00,0.000000000000e+00,0.000000000000e+00,0.000000000000e+00,0.000000000000e+00,0.000000000000e+00,3.851324772401e+00,1.040670742685e+01,0.000000000000e+00,0.000000000000e+00,0.000000000000e+00,0.000000000000e+00,1.329210478786e+00,3.851325309791e+00,0.000000000000e+00,0.000000000000e+00,4.991006180672e-06,1.720957885322e-05,0.000000000000e+00,0.000000000000e+00,1.000000000000e+00,-9.436913333752e-02,-4.600439469104e-14,-1.459916405928e-13,0.000000000000e+00,0.000000000000e+00,0.000000000000e+00,1.000000000000e+00,5.573408000004e-05,-1.744514135615e-05,-5.463613152366e-06,0.000000000000e+00,0.000000000000e+00
3.000000000000e-11,OK,,4.975792034099e-04,-1.575319164952e-04,-4.926522849803e-05,1.575319164952e-04,4.926522849803e-05,1.575319164952e-04,1.089776400000e-08,3.887233800000e-08,1.000000000000e-06,3,1,1.250000000000e-07,48,2.395202917047e+00,BORIS,L3/dt-3e-11/eps-1e-06/ranks-1,4.975792034099e-04,6.386434068359e-05,R34,2.177960000000e+00,-1.386465202583e+00,-1.279214412913e+00,0.000000000000e+00,0.000000000000e+00,0.000000000000e+00,-7.209818621834e-01,-1.386468526962e+00,0.000000000000e+00,0.000000000000e+00,0.000000000000e+00,0.000000000000e+00,0.000000000000e+00,3.851108019445e+00,1.040626557878e+01,0.000000000000e+00,0.000000000000e+00,0.000000000000e+00,0.000000000000e+00,1.329108141450e+00,3.851113040039e+00,0.000000000000e+00,0.000000000000e+00,4.528468226431e-05,1.553530146794e-04,0.000000000000e+00,0.000000000000e+00,9.999999999967e-01,-9.430418384034e-02,2.840455225119e-09,3.886531063568e-09,0.000000000000e+00,0.000000000000e+00,0.000000000000e+00,1.000000002117e+00,4.975822000013e-04,-1.575964483587e-04,-4.936498993029e-05,0.000000000000e+00,0.000000000000e+00
3.000000000000e-11,OK,,4.978550434096e-04,-1.576285008333e-04,-4.928870459874e-05,1.576285008333e-04,4.928870459874e-05,1.576285008333e-04,1.737596000000e-08,2.211184300000e-08,3.000000000000e-06,3,1,3.750000000000e-07,48,2.397696249885e+00,BORIS,L3/dt-3e-11/eps-3e-06/ranks-1,4.978550434096e-04,6.389933867769e-05,R34,2.177620000000e+00,-1.386465248292e+00,-1.279214613601e+00,0.000000000000e+00,0.000000000000e+00,0.000000000000e+00,-7.209818379605e-01,-1.386468566827e+00,0.000000000000e+00,0.000000000000e+00,0.000000000000e+00,0.000000000000e+00,0.000000000000e+00,3.851107898107e+00,1.040626530294e+01,0.000000000000e+00,0.000000000000e+00,0.000000000000e+00,0.000000000000e+00,1.329108079424e+00,3.851112896127e+00,0.000000000000e+00,0.000000000000e+00,4.528812858166e-05,1.554894327883e-04,0.000000000000e+00,0.000000000000e+00,9.999999999962e-01,-9.430417642564e-02,-3.207066866554e-10,4.705657906674e-10,0.000000000000e+00,0.000000000000e+00,0.000000000000e+00,1.000000000133e+00,4.978580400010e-04,-1.575987499965e-04,-4.926689026813e-05,0.000000000000e+00,0.000000000000e+00
3.000000000000e-11,OK,,4.978474534099e-04,-1.574900208913e-04,-4.926411401200e-05,1.574900208913e-04,4.926411401200e-05,1.574900208913e-04,1.642584400000e-08,1.836524300000e-05,1.000000000000e-05,3,1,1.250000000000e-06,48,2.410368792014e+00,BORIS,L3/dt-3e-11/eps-1e-05/ranks-1,4.978474534099e-04,6.407312294831e-05,R34,2.188070000000e+00,-1.386465136995e+00,-1.279214282196e+00,0.000000000000e+00,0.000000000000e+00,0.000000000000e+00,-7.209818149364e-01,-1.386468484881e+00,0.000000000000e+00,0.000000000000e+00,0.000000000000e+00,0.000000000000e+00,0.000000000000e+00,3.851107901810e+00,1.040626531053e+01,0.000000000000e+00,0.000000000000e+00,0.000000000000e+00,0.000000000000e+00,1.329108081317e+00,3.851112900002e+00,0.000000000000e+00,0.000000000000e+00,2.687919606170e-05,1.660002439895e-04,0.000000000000e+00,0.000000000000e+00,1.000000000001e+00,-9.429403019512e-02,2.748742542849e-10,1.086633373305e-09,0.000000000000e+00,0.000000000000e+00,0.000000000000e+00,1.000000001202e+00,4.978504500013e-04,-1.574832951767e-04,-4.926564687206e-05,0.000000000000e+00,0.000000000000e+00
3.000000000000e-11,OK,,4.975990534088e-04,-1.546818316821e-04,-4.849690517135e-05,1.546818316821e-04,4.849690517135e-05,1.546818316821e-04,2.693538700000e-08,1.908459000000e-04,3.000000000000e-05,3,1,3.750000000000e-06,48,2.422123166034e+00,BORIS,L3/dt-3e-11/eps-3e-05/ranks-1,4.975990534088e-04,6.489669253141e-05,R34,2.198380000000e+00,-1.386462900322e+00,-1.279207470090e+00,0.000000000000e+00,0.000000000000e+00,0.000000000000e+00,-7.209812000232e-01,-1.386466619159e+00,0.000000000000e+00,0.000000000000e+00,0.000000000000e+00,0.000000000000e+00,0.000000000000e+00,3.851108023149e+00,1.040626555893e+01,0.000000000000e+00,0.000000000000e+00,0.000000000000e+00,0.000000000000e+00,1.329108143343e+00,3.851113026982e+00,0.000000000000e+00,0.000000000000e+00,2.351294314465e-04,4.158219062566e-05,0.000000000000e+00,0.000000000000e+00,9.999999999998e-01,-9.441203059617e-02,6.499349474852e-11,7.427571657693e-11,0.000000000000e+00,0.000000000000e+00,0.000000000000e+00,9.999999998347e-01,4.976020500003e-04,-1.546748739065e-04,-4.849361405827e-05,0.000000000000e+00,0.000000000000e+00
3.000000000000e-11,OK,,4.979772134099e-04,-1.546966340544e-04,-4.850296982848e-05,1.546966340544e-04,4.850296982848e-05,1.546966340544e-04,1.075592900000e-10,3.029111300000e-04,1.000000000000e-04,3,1,1.250000000000e-05,48,2.428032166092e+00,BORIS,L3/dt-3e-11/eps-0.0001/ranks-1,4.979772134099e-04,7.346450572106e-05,R34,2.207310000000e+00,-1.386462915211e+00,-1.279207506018e+00,0.000000000000e+00,0.000000000000e+00,0.000000000000e+00,-7.209812063572e-01,-1.386466633840e+00,0.000000000000e+00,0.000000000000e+00,0.000000000000e+00,0.000000000000e+00,0.000000000000e+00,3.851107842552e+00,1.040626518077e+01,0.000000000000e+00,0.000000000000e+00,0.000000000000e+00,0.000000000000e+00,1.329108051025e+00,3.851112832780e+00,0.000000000000e+00,0.000000000000e+00,-2.586253346554e-04,3.283716325173e-04,0.000000000000e+00,0.000000000000e+00,1.000000000000e+00,-9.413633172181e-02,1.810374690463e-11,-1.738607450588e-11,0.000000000000e+00,0.000000000000e+00,0.000000000000e+00,9.999999999802e-01,4.979802100014e-04,-1.546898708465e-04,-4.850143737457e-05,0.000000000000e+00,0.000000000000e+00
3.000000000000e-11,OK,,4.974578934096e-04,-1.546509415842e-04,-4.848600916167e-05,1.546509415842e-04,4.848600916167e-05,1.546509415842e-04,1.352939200000e-08,1.009773800000e-04,3.000000000000e-04,3,1,3.750000000000e-05,48,2.413084959146e+00,BORIS,L3/dt-3e-11/eps-0.0003/ranks-1,4.974578934096e-04,6.519079787391e-05,R34,2.190090000000e+00,-1.386462875122e+00,-1.279207392420e+00,0.000000000000e+00,0.000000000000e+00,0.000000000000e+00,-7.209811920952e-01,-1.386466591863e+00,0.000000000000e+00,0.000000000000e+00,0.000000000000e+00,0.000000000000e+00,0.000000000000e+00,3.851108078704e+00,1.040626570009e+01,0.000000000000e+00,0.000000000000e+00,0.000000000000e+00,0.000000000000e+00,1.329108171742e+00,3.851113102052e+00,0.000000000000e+00,0.000000000000e+00,-5.670101254772e-05,2.110360610784e-04,0.000000000000e+00,0.000000000000e+00,1.000000000000e+00,-9.424910589516e-02,1.330078558955e-12,2.053350857290e-11,0.000000000000e+00,0.000000000000e+00,0.000000000000e+00,9.999999999800e-01,4.974608900010e-04,-1.546441773493e-04,-4.848367648348e-05,0.000000000000e+00,0.000000000000e+00
3.000000000000e-11,OK,,4.974778334095e-04,-1.546508315295e-04,-4.848593427942e-05,1.546508315295e-04,4.848593427942e-05,1.546508315295e-04,4.269315200000e-08,3.029834200000e-05,1.000000000000e-03,3,1,1.250000000000e-04,48,2.372706291964e+00,BORIS,L3/dt-3e-11/eps-0.001/ranks-1,4.974778334095e-04,6.376353350596e-05,R34,2.152870000000e+00,-1.386462874968e+00,-1.279207393314e+00,0.000000000000e+00,0.000000000000e+00,0.000000000000e+00,-7.209811920147e-01,-1.386466592514e+00,0.000000000000e+00,0.000000000000e+00,0.000000000000e+00,0.000000000000e+00,0.000000000000e+00,3.851108082364e+00,1.040626568015e+01,0.000000000000e+00,0.000000000000e+00,0.000000000000e+00,0.000000000000e+00,1.329108173613e+00,3.851113088950e+00,0.000000000000e+00,0.000000000000e+00,1.397805033078e-05,1.699844080026e-04,0.000000000000e+00,0.000000000000e+00,1.000000000000e+00,-9.428857035371e-02,3.949673250467e-12,1.064713089526e-11,0.000000000000e+00,0.000000000000e+00,0.000000000000e+00,9.999999999979e-01,4.974808300009e-04,-1.546441359377e-04,-4.848388715381e-05,0.000000000000e+00,0.000000000000e+00
3.000000000000e-11,OK,,4.979579334083e-04,-1.546508290375e-04,-4.848595005291e-05,1.546508290375e-04,4.848595005291e-05,1.546508290375e-04,1.552124700000e-08,1.010438100000e-05,3.000000000000e-03,3,1,3.750000000000e-04,48,2.432687166845e+00,BORIS,L3/dt-3e-11/eps-0.003/ranks-1,4.979579334083e-04,6.355047104267e-05,R34,2.214740000000e+00,-1.386462875133e+00,-1.279207393768e+00,0.000000000000e+00,0.000000000000e+00,0.000000000000e+00,-7.209811921755e-01,-1.386466592835e+00,0.000000000000e+00,0.000000000000e+00,0.000000000000e+00,0.000000000000e+00,0.000000000000e+00,3.851107838846e+00,1.040626520005e+01,0.000000000000e+00,0.000000000000e+00,0.000000000000e+00,0.000000000000e+00,1.329108049131e+00,3.851112845482e+00,0.000000000000e+00,0.000000000000e+00,3.417198828745e-05,1.582550954456e-04,0.000000000000e+00,0.000000000000e+00,1.000000000000e+00,-9.429984597927e-02,1.014097657643e-12,-1.678432893094e-12,0.000000000000e+00,0.000000000000e+00,0.000000000000e+00,1.000000000002e+00,4.979609299998e-04,-1.546441082639e-04,-4.848392033389e-05,0.000000000000e+00,0.000000000000e+00
3.000000000000e-11,OK,,4.978469734098e-04,-1.546510689672e-04,-4.848608659819e-05,1.546510689672e-04,4.848608659819e-05,1.546510689672e-04,1.342624900000e-08,3.036908500000e-06,1.000000000000e-02,3,1,1.250000000000e-03,48,2.453071750002e+00,BORIS,L3/dt-3e-11/eps-0.01/ranks-1,4.978469734098e-04,6.346945805556e-05,R34,2.232860000000e+00,-1.386462874861e+00,-1.279207393499e+00,0.000000000000e+00,0.000000000000e+00,0.000000000000e+00,-7.209811919938e-01,-1.386466592650e+00,0.000000000000e+00,0.000000000000e+00,0.000000000000e+00,0.000000000000e+00,0.000000000000e+00,3.851107901773e+00,1.040626531101e+01,0.000000000000e+00,0.000000000000e+00,0.000000000000e+00,0.000000000000e+00,1.329108081298e+00,3.851112900308e+00,0.000000000000e+00,0.000000000000e+00,4.123944459944e-05,1.541486686358e-04,0.000000000000e+00,0.000000000000e+00,1.000000000000e+00,-9.430379279609e-02,-4.532064153927e-13,-8.575852408260e-13,0.000000000000e+00,0.000000000000e+00,0.000000000000e+00,1.000000000000e+00,4.978499700012e-04,-1.546443631202e-04,-4.848406518373e-05,0.000000000000e+00,0.000000000000e+00
3.000000000000e-11,OK,,4.978290134101e-04,-1.546501941103e-04,-4.848553119396e-05,1.546501941103e-04,4.848553119396e-05,1.546501941103e-04,5.249672000000e-09,1.016606000000e-06,3.000000000000e-02,3,1,3.750000000000e-03,48,2.413108082954e+00,BORIS,L3/dt-3e-11/eps-0.03/ranks-1,4.978290134101e-04,6.344919576354e-05,R34,2.190350000000e+00,-1.386462875349e+00,-1.279207391686e+00,0.000000000000e+00,0.000000000000e+00,0.000000000000e+00,-7.209811923087e-01,-1.386466591497e+00,0.000000000000e+00,0.000000000000e+00,0.000000000000e+00,0.000000000000e+00,0.000000000000e+00,3.851107901830e+00,1.040626532897e+01,0.000000000000e+00,0.000000000000e+00,0.000000000000e+00,0.000000000000e+00,1.329108081327e+00,3.851112911383e+00,0.000000000000e+00,0.000000000000e+00,4.325988638667e-05,1.529725337867e-04,0.000000000000e+00,0.000000000000e+00,1.000000000000e+00,-9.430492111105e-02,1.492096682132e-15,-9.217073349554e-14,0.000000000000e+00,0.000000000000e+00,0.000000000000e+00,1.000000000000e+00,4.978320100015e-04,-1.546434834742e-04,-4.848350213100e-05,0.000000000000e+00,0.000000000000e+00
3.000000000000e-11,OK,,4.975701034091e-04,-1.546512191631e-04,-4.848586251621e-05,1.546512191631e-04,4.848586251621e-05,1.546512191631e-04,1.571060600000e-09,6.141079300000e-07,1.000000000000e-01,3,1,1.250000000000e-02,48,2.410161457956e+00,BORIS,L3/dt-3e-11/eps-0.1/ranks-1,4.975701034091e-04,6.341675733132e-05,R34,2.186160000000e+00,-1.386462876277e+00,-1.279207402253e+00,0.000000000000e+00,0.000000000000e+00,0.000000000000e+00,-7.209811926441e-01,-1.386466597458e+00,0.000000000000e+00,0.000000000000e+00,0.000000000000e+00,0.000000000000e+00,0.000000000000e+00,3.851108023176e+00,1.040626558788e+01,0.000000000000e+00,0.000000000000e+00,0.000000000000e+00,0.000000000000e+00,1.329108143357e+00,3.851113044847e+00,0.000000000000e+00,0.000000000000e+00,4.366266410241e-05,1.523908053892e-04,0.000000000000e+00,0.000000000000e+00,1.000000000000e+00,-9.430547596296e-02,1.965492279906e-14,7.508219556330e-14,0.000000000000e+00,0.000000000000e+00,0.000000000000e+00,1.000000000000e+00,4.975730499996e-04,-1.546445041684e-04,-4.848383035651e-05,0.000000000000e+00,0.000000000000e+00
1.000000000000e-10,INVALID,time step too long for QACH field extent,,,,,,,,,1.000000000000e-06,3,1,1.250000000000e-07,48,2.239381668624e-01,BORIS,L3/dt-1e-10/eps-1e-06/ranks-1,,,,,,,,,,,,,,,,,,,,,,,,,,,,,,,,,,,,,,,,,,,
1.000000000000e-10,INVALID,time step too long for QACH field extent,,,,,,,,,3.000000000000e-06,3,1,3.750000000000e-07,48,2.242359579541e-01,BORIS,L3/dt-1e-10/eps-3e-06/ranks-1,,,,,,,,,,,,,,,,,,,,,,,,,,,,,,,,,,,,,,,,,,,
1.000000000000e-10,INVALID,time step too long for QACH field extent,,,,,,,,,1.000000000000e-05,3,1,1.250000000000e-06,48,2.243698330130e-01,BORIS,L3/dt-1e-10/eps-1e-05/ranks-1,,,,,,,,,,,,,,,,,,,,,,,,,,,,,,,,,,,,,,,,,,,
1.000000000000e-10,INVALID,time step too long for QACH field extent,,,,,,,,,3.000000000000e-05,3,1,3.750000000000e-06,48,2.243722910061e-01,BORIS,L3/dt-1e-10/eps-3e-05/ranks-1,,,,,,,,,,,,,,,,,,,,,,,,,,,,,,,,,,,,,,,,,,,
1.000000000000e-10,INVALID,time step too long for QACH field extent,,,,,,,,,1.000000000000e-04,3,1,1.250000000000e-05,48,2.171261250041e-01,BORIS,L3/dt-1e-10/eps-0.0001/ranks-1,,,,,,,,,,,,,,,,,,,,,,,,,,,,,,,,,,,,,,,,,,,
1.000000000000e-10,INVALID,time step too long for QACH field extent,,,,,,,,,3.000000000000e-04,3,1,3.750000000000e-05,48,2.173079170752e-01,BORIS,L3/dt-1e-10/eps-0.0003/ranks-1,,,,,,,,,,,,,,,,,,,,,,,,,,,,,,,,,,,,,,,,,,,
1.000000000000e-10,INVALID,time step too long for QACH field extent,,,,,,,,,1.000000000000e-03,3,1,1.250000000000e-04,48,2.245209591929e-01,BORIS,L3/dt-1e-10/eps-0.001/ranks-1,,,,,,,,,,,,,,,,,,,,,,,,,,,,,,,,,,,,,,,,,,,
1.000000000000e-10,INVALID,time step too long for QACH field extent,,,,,,,,,3.000000000000e-03,3,1,3.750000000000e-04,48,2.244647499174e-01,BORIS,L3/dt-1e-10/eps-0.003/ranks-1,,,,,,,,,,,,,,,,,,,,,,,,,,,,,,,,,,,,,,,,,,,
1.000000000000e-10,INVALID,time step too long for QACH field extent,,,,,,,,,1.000000000000e-02,3,1,1.250000000000e-03,48,2.214229591191e-01,BORIS,L3/dt-1e-10/eps-0.01/ranks-1,,,,,,,,,,,,,,,,,,,,,,,,,,,,,,,,,,,,,,,,,,,
1.000000000000e-10,INVALID,time step too long for QACH field extent,,,,,,,,,3.000000000000e-02,3,1,3.750000000000e-03,48,2.216789999511e-01,BORIS,L3/dt-1e-10/eps-0.03/ranks-1,,,,,,,,,,,,,,,,,,,,,,,,,,,,,,,,,,,,,,,,,,,
1.000000000000e-10,INVALID,time step too long for QACH field extent,,,,,,,,,1.000000000000e-01,3,1,1.250000000000e-02,48,2.217212498654e-01,BORIS,L3/dt-1e-10/eps-0.1/ranks-1,,,,,,,,,,,,,,,,,,,,,,,,,,,,,,,,,,,,,,,,,,,
1.000000000000e-13,OK,,2.937909000522e-07,-4.723854751222e-09,-1.001163132406e-07,4.723854751222e-09,1.001163132406e-07,1.001163132406e-07,3.210654400000e-07,2.937909500000e-07,1.000000000000e-06,4,1,6.250000000000e-08,60,5.763682216709e+01,BORIS,L4/dt-1e-13/eps-1e-06/ranks-1,2.937909000522e-07,2.798197534778e-08,R66,5.741780000000e+01,-1.386352220251e+00,-1.278842361529e+00,0.000000000000e+00,0.000000000000e+00,0.000000000000e+00,-7.209431671901e-01,-1.386352333201e+00,0.000000000000e+00,0.000000000000e+00,0.000000000000e+00,0.000000000000e+00,0.000000000000e+00,3.851352100163e+00,1.040676316098e+01,0.000000000000e+00,0.000000000000e+00,0.000000000000e+00,0.000000000000e+00,1.329223389156e+00,3.851352100046e+00,0.000000000000e+00,0.000000000000e+00,-1.556196266516e-08,2.031763698529e-08,0.000000000000e+00,0.000000000000e+00,1.000000000000e+00,-9.437723253558e-02,-2.821999747832e-08,-8.289184277756e-08,0.000000000000e+00,0.000000000000e+00,0.000000000000e+00,9.999997062091e-01,0.000000000000e+00,0.000000000000e+00,0.000000000000e+00,0.000000000000e+00,0.000000000000e+00
1.000000000000e-13,OK,,1.881420621705e-08,6.712508175285e-09,-1.723377587838e-09,6.712508175285e-09,1.723377587838e-09,6.712508175285e-09,3.003480200000e-09,1.881420600000e-08,3.000000000000e-06,4,1,1.875000000000e-07,60,5.805410045898e+01,BORIS,L4/dt-1e-13/eps-3e-06/ranks-1,1.881420621705e-08,1.916596868963e-09,R62,5.781220000000e+01,-1.386352250058e+00,-1.278842315627e+00,0.000000000000e+00,0.000000000000e+00,0.000000000000e+00,-7.209431281506e-01,-1.386352256938e+00,0.000000000000e+00,0.000000000000e+00,0.000000000000e+00,0.000000000000e+00,0.000000000000e+00,3.851352100163e+00,1.040676316098e+01,0.000000000000e+00,0.000000000000e+00,0.000000000000e+00,0.000000000000e+00,1.329223389156e+00,3.851352100046e+00,0.000000000000e+00,0.000000000000e+00,-1.637447657511e-09,4.421979126719e-09,0.000000000000e+00,0.000000000000e+00,1.000000000000e+00,-9.437723403075e-02,2.464529547091e-09,1.881420621705e-08,0.000000000000e+00,0.000000000000e+00,0.000000000000e+00,1.000000005656e+00,0.000000000000e+00,0.000000000000e+00,0.000000000000e+00,0.000000000000e+00,0.000000000000e+00
1.000000000000e-13,OK,,2.595400006022e-08,-7.511187865495e-09,-8.911826806891e-09,7.511187865495e-09,8.911826806891e-09,8.911826806891e-09,2.346742300000e-08,2.595447300000e-08,1.000000000000e-05,4,1,6.250000000000e-07,60,5.834962770785e+01,BORIS,L4/dt-1e-13/eps-1e-05/ranks-1,2.595400006022e-08,2.965151505255e-09,R66,5.812770000000e+01,-1.386352260115e+00,-1.278842330348e+00,0.000000000000e+00,0.000000000000e+00,0.000000000000e+00,-7.209431215090e-01,-1.386352252863e+00,0.000000000000e+00,0.000000000000e+00,0.000000000000e+00,0.000000000000e+00,0.000000000000e+00,3.851352100163e+00,1.040676316098e+01,0.000000000000e+00,0.000000000000e+00,0.000000000000e+00,0.000000000000e+00,1.329223389156e+00,3.851352100046e+00,0.000000000000e+00,0.000000000000e+00,2.745076763341e-09,7.817420517350e-09,0.000000000000e+00,0.000000000000e+00,1.000000000000e+00,-9.437723248748e-02,8.825102728507e-09,1.326245782018e-08,0.000000000000e+00,0.000000000000e+00,0.000000000000e+00,1.000000025954e+00,0.000000000000e+00,0.000000000000e+00,0.000000000000e+00,0.000000000000e+00,0.000000000000e+00
1.000000000000e-13,OK,,1.418448447588e-08,-7.906802093989e-09,-3.632792064440e-09,7.906802093989e-09,3.632792064440e-09,7.906802093989e-09,5.758040900000e-09,5.535808500000e-09,3.000000000000e-05,4,1,1.875000000000e-06,60,5.867486941605e+01,BORIS,L4/dt-1e-13/eps-3e-05/ranks-1,1.418448447588e-08,1.744375270124e-09,R12,5.845540000000e+01,-1.386352259614e+00,-1.278842333564e+00,0.000000000000e+00,0.000000000000e+00,0.000000000000e+00,-7.209431220366e-01,-1.386352257477e+00,0.000000000000e+00,0.000000000000e+00,0.000000000000e+00,0.000000000000e+00,0.000000000000e+00,3.851352100163e+00,1.040676316098e+01,0.000000000000e+00,0.000000000000e+00,0.000000000000e+00,0.000000000000e+00,1.329223389156e+00,3.851352100046e+00,0.000000000000e+00,0.000000000000e+00,2.964682787984e-09,8.934430634779e-09,0.000000000000e+00,0.000000000000e+00,1.000000000000e+00,-9.437723024738e-02,4.622981500700e-10,-1.841758313658e-09,0.000000000000e+00,0.000000000000e+00,0.000000000000e+00,1.000000005536e+00,0.000000000000e+00,0.000000000000e+00,0.000000000000e+00,0.000000000000e+00,0.000000000000e+00
1.000000000000e-13,OK,,1.045748443396e-08,-6.004446198402e-09,-1.405835252768e-09,6.004446198402e-09,1.405835252768e-09,6.004446198402e-09,9.413054800000e-10,2.633410900000e-09,1.000000000000e-04,4,1,6.250000000000e-06,60,5.860596033302e+01,BORIS,L4/dt-1e-13/eps-0.0001/ranks-1,1.045748443396e-08,1.302159427721e-09,R12,5.837710000000e+01,-1.386352258206e+00,-1.278842329837e+00,0.000000000000e+00,0.000000000000e+00,0.000000000000e+00,-7.209431233196e-01,-1.386352258244e+00,0.000000000000e+00,0.000000000000e+00,0.000000000000e+00,0.000000000000e+00,0.000000000000e+00,3.851352100163e+00,1.040676316098e+01,0.000000000000e+00,0.000000000000e+00,0.000000000000e+00,0.000000000000e+00,1.329223389156e+00,3.851352100046e+00,0.000000000000e+00,0.000000000000e+00,2.155505946024e-09,7.039462593054e-09,0.000000000000e+00,0.000000000000e+00,1.000000000000e+00,-9.437723037775e-02,-8.629565735731e-10,-2.633410855935e-09,0.000000000000e+00,0.000000000000e+00,0.000000000000e+00,1.000000000562e+00,0.000000000000e+00,0.000000000000e+00,0.000000000000e+00,0.000000000000e+00,0.000000000000e+00
1.000000000000e-13,OK,,9.283484425637e-09,-6.745690528875e-09,-1.852470206206e-09,6.745690528875e-09,1.852470206206e-09,6.745690528875e-09,1.306401100000e-09,1.436145400000e-09,3.000000000000e-04,4,1,1.875000000000e-05,60,5.852067254204e+01,BORIS,L4/dt-1e-13/eps-0.0003/ranks-1,9.283484425637e-09,1.223770697659e-09,R12,5.829360000000e+01,-1.386352257624e+00,-1.278842328663e+00,0.000000000000e+00,0.000000000000e+00,0.000000000000e+00,-7.209431229686e-01,-1.386352257711e+00,0.000000000000e+00,0.000000000000e+00,0.000000000000e+00,0.000000000000e+00,0.000000000000e+00,3.851352100163e+00,1.040676316098e+01,0.000000000000e+00,0.000000000000e+00,0.000000000000e+00,0.000000000000e+00,1.329223389156e+00,3.851352100046e+00,0.000000000000e+00,0.000000000000e+00,1.917211747274e-09,6.502514200509e-09,0.000000000000e+00,0.000000000000e+00,1.000000000000e+00,-9.437723008438e-02,-1.799437995911e-10,-7.310618185606e-10,0.000000000000e+00,0.000000000000e+00,0.000000000000e+00,9.999999985639e-01,0.000000000000e+00,0.000000000000e+00,0.000000000000e+00,0.000000000000e+00,0.000000000000e+00
1.000000000000e-13,OK,,9.736484507528e-09,-6.657813213496e-09,-1.985742043639e-09,6.657813213496e-09,1.985742043639e-09,6.657813213496e-09,4.719091800000e-11,2.591147600000e-10,1.000000000000e-03,4,1,6.250000000000e-05,60,5.858003762504e+01,BORIS,L4/dt-1e-13/eps-0.001/ranks-1,9.736484507528e-09,1.251097198104e-09,R12,5.832150000000e+01,-1.386352258079e+00,-1.278842329116e+00,0.000000000000e+00,0.000000000000e+00,0.000000000000e+00,-7.209431233764e-01,-1.386352257846e+00,0.000000000000e+00,0.000000000000e+00,0.000000000000e+00,0.000000000000e+00,0.000000000000e+00,3.851352100163e+00,1.040676316098e+01,0.000000000000e+00,0.000000000000e+00,0.000000000000e+00,0.000000000000e+00,1.329223389156e+00,3.851352100046e+00,0.000000000000e+00,0.000000000000e+00,2.060072899557e-09,6.667448712849e-09,0.000000000000e+00,0.000000000000e+00,1.000000000000e+00,-9.437723019803e-02,-5.538279493491e-11,-2.591147596975e-10,0.000000000000e+00,0.000000000000e+00,0.000000000000e+00,9.999999999484e-01,0.000000000000e+00,0.000000000000e+00,0.000000000000e+00,0.000000000000e+00,0.000000000000e+00
1.000000000000e-13,OK,,9.875484430211e-09,-6.712585162803e-09,-1.993429514569e-09,6.712585162803e-09,1.993429514569e-09,6.712585162803e-09,2.610067700000e-11,4.270724100000e-11,3.000000000000e-03,4,1,1.875000000000e-04,60,5.832810170809e+01,BORIS,L4/dt-1e-13/eps-0.003/ranks-1,9.875484430211e-09,1.262983965516e-09,R12,5.810200000000e+01,-1.386352258014e+00,-1.278842329255e+00,0.000000000000e+00,0.000000000000e+00,0.000000000000e+00,-7.209431233620e-01,-1.386352257894e+00,0.000000000000e+00,0.000000000000e+00,0.000000000000e+00,0.000000000000e+00,0.000000000000e+00,3.851352100163e+00,1.040676316098e+01,0.000000000000e+00,0.000000000000e+00,0.000000000000e+00,0.000000000000e+00,1.329223389156e+00,3.851352100046e+00,0.000000000000e+00,0.000000000000e+00,2.042397274994e-09,6.731853509059e-09,0.000000000000e+00,0.000000000000e+00,1.000000000000e+00,-9.437723015576e-02,5.756725146465e-12,-4.270724076373e-11,0.000000000000e+00,0.000000000000e+00,0.000000000000e+00,9.999999999803e-01,0.000000000000e+00,0.000000000000e+00,0.000000000000e+00,0.000000000000e+00,0.000000000000e+00
1.000000000000e-13,OK,,9.832484382244e-09,-6.707881154481e-09,-2.025135611586e-09,6.707881154481e-09,2.025135611586e-09,6.707881154481e-09,1.565914100000e-11,1.097710800000e-11,1.000000000000e-02,4,1,6.250000000000e-04,60,5.834648720897e+01,BORIS,L4/dt-1e-13/eps-0.01/ranks-1,9.832484382244e-09,1.259608101946e-09,R12,5.812250000000e+01,-1.386352257987e+00,-1.278842329212e+00,0.000000000000e+00,0.000000000000e+00,0.000000000000e+00,-7.209431233767e-01,-1.386352257914e+00,0.000000000000e+00,0.000000000000e+00,0.000000000000e+00,0.000000000000e+00,0.000000000000e+00,3.851352100163e+00,1.040676316098e+01,0.000000000000e+00,0.000000000000e+00,0.000000000000e+00,0.000000000000e+00,1.329223389156e+00,3.851352100046e+00,0.000000000000e+00,0.000000000000e+00,2.028227475442e-09,6.709430522147e-09,0.000000000000e+00,0.000000000000e+00,1.000000000000e+00,-9.437723016561e-02,-3.894981378876e-12,8.856967026646e-12,0.000000000000e+00,0.000000000000e+00,0.000000000000e+00,9.999999999890e-01,0.000000000000e+00,0.000000000000e+00,0.000000000000e+00,0.000000000000e+00,0.000000000000e+00
1.000000000000e-13,OK,,9.851484517043e-09,-6.717895570796e-09,-2.031116047098e-09,6.717895570796e-09,2.031116047098e-09,6.717895570796e-09,4.839240100000e-12,7.583933500000e-12,3.000000000000e-02,4,1,1.875000000000e-03,60,5.823724099994e+01,BORIS,L4/dt-1e-13/eps-0.03/ranks-1,9.851484517043e-09,1.261419529257e-09,R12,5.801670000000e+01,-1.386352257985e+00,-1.278842329231e+00,0.000000000000e+00,0.000000000000e+00,0.000000000000e+00,-7.209431233725e-01,-1.386352257927e+00,0.000000000000e+00,0.000000000000e+00,0.000000000000e+00,0.000000000000e+00,0.000000000000e+00,3.851352100163e+00,1.040676316098e+01,0.000000000000e+00,0.000000000000e+00,0.000000000000e+00,0.000000000000e+00,1.329223389156e+00,3.851352100046e+00,0.000000000000e+00,0.000000000000e+00,2.027680455495e-09,6.714707906834e-09,0.000000000000e+00,0.000000000000e+00,1.000000000000e+00,-9.437723016317e-02,-4.456585234318e-12,-7.220596836484e-12,0.000000000000e+00,0.000000000000e+00,0.000000000000e+00,9.999999999924e-01,0.000000000000e+00,0.000000000000e+00,0.000000000000e+00,0.000000000000e+00,0.000000000000e+00
1.000000000000e-13,OK,,9.839484560459e-09,-6.714802454453e-09,-2.028137863411e-09,6.714802454453e-09,2.028137863411e-09,6.714802454453e-09,4.016786900000e-12,3.585925400000e-12,1.000000000000e-01,4,1,6.250000000000e-03,60,5.834951200010e+01,BORIS,L4/dt-1e-13/eps-0.1/ranks-1,9.839484560459e-09,1.260325430175e-09,R12,5.812750000000e+01,-1.386352257981e+00,-1.278842329219e+00,0.000000000000e+00,0.000000000000e+00,0.000000000000e+00,-7.209431233680e-01,-1.386352257917e+00,0.000000000000e+00,0.000000000000e+00,0.000000000000e+00,0.000000000000e+00,0.000000000000e+00,3.851352100163e+00,1.040676316098e+01,0.000000000000e+00,0.000000000000e+00,0.000000000000e+00,0.000000000000e+00,1.329223389156e+00,3.851352100046e+00,0.000000000000e+00,0.000000000000e+00,2.027311328143e-09,6.711757422425e-09,0.000000000000e+00,0.000000000000e+00,1.000000000000e+00,-9.437723016389e-02,-1.023768188920e-12,7.379654460393e-13,0.000000000000e+00,0.000000000000e+00,0.000000000000e+00,9.999999999979e-01,0.000000000000e+00,0.000000000000e+00,0.000000000000e+00,0.000000000000e+00,0.000000000000e+00
3.000000000000e-13,OK,,1.561489999524e-07,2.825865084470e-08,1.555507600671e-08,2.825865084470e-08,1.555507600671e-08,2.825865084470e-08,1.497129600000e-07,1.561494600000e-07,1.000000000000e-06,4,1,6.250000000000e-08,60,2.111907158396e+01,BORIS,L4/dt-3e-13/eps-1e-06/ranks-1,1.561489999524e-07,1.738637455656e-08,R66,2.089490000000e+01,-1.386352277940e+00,-1.278842381797e+00,0.000000000000e+00,0.000000000000e+00,0.000000000000e+00,-7.209431537989e-01,-1.386352288730e+00,0.000000000000e+00,0.000000000000e+00,0.000000000000e+00,0.000000000000e+00,0.000000000000e+00,3.851352078238e+00,1.040676311624e+01,0.000000000000e+00,0.000000000000e+00,0.000000000000e+00,0.000000000000e+00,1.329223378796e+00,3.851352078538e+00,0.000000000000e+00,0.000000000000e+00,1.266586712334e-08,4.022973573572e-08,0.000000000000e+00,0.000000000000e+00,1.000000000000e+00,-9.437724374972e-02,7.892684955410e-08,4.492585512067e-08,0.000000000000e+00,0.000000000000e+00,0.000000000000e+00,1.000000156149e+00,4.499399000046e-07,3.298250559592e-08,1.156713892473e-07,0.000000000000e+00,0.000000000000e+00
3.000000000000e-13,OK,,7.524320000396e-08,-9.748548883830e-09,-1.369073726792e-08,9.748548883830e-09,1.369073726792e-08,1.369073726792e-08,7.012340700000e-08,7.524325700000e-08,3.000000000000e-06,4,1,1.875000000000e-07,60,2.119944920903e+01,BORIS,L4/dt-3e-13/eps-3e-06/ranks-1,7.524320000396e-08,1.009507234993e-08,R66,2.097800000000e+01,-1.386352262770e+00,-1.278842360695e+00,0.000000000000e+00,0.000000000000e+00,0.000000000000e+00,-7.209431320540e-01,-1.386352281204e+00,0.000000000000e+00,0.000000000000e+00,0.000000000000e+00,0.000000000000e+00,0.000000000000e+00,3.851352078242e+00,1.040676311625e+01,0.000000000000e+00,0.000000000000e+00,0.000000000000e+00,0.000000000000e+00,1.329223378798e+00,3.851352078542e+00,0.000000000000e+00,0.000000000000e+00,6.768216203115e-09,1.577563297963e-08,0.000000000000e+00,0.000000000000e+00,1.000000000000e+00,-9.437722494149e-02,-2.443606456382e-08,-5.446805774011e-08,0.000000000000e+00,0.000000000000e+00,0.000000000000e+00,9.999999247568e-01,8.089919989462e-08,-1.646105705912e-08,-1.196735968008e-08,0.000000000000e+00,0.000000000000e+00
3.000000000000e-13,OK,,4.884348436818e-08,-2.125071074428e-08,-1.355456826614e-08,2.125071074428e-08,1.355456826614e-08,2.125071074428e-08,1.000003400000e-08,2.129069300000e-08,1.000000000000e-05,4,1,6.250000000000e-07,60,2.114336070814e+01,BORIS,L4/dt-3e-13/eps-1e-05/ranks-1,4.884348436818e-08,7.490137517548e-09,R12,2.092170000000e+01,-1.386352270612e+00,-1.278842368223e+00,0.000000000000e+00,0.000000000000e+00,0.000000000000e+00,-7.209431346598e-01,-1.386352284131e+00,0.000000000000e+00,0.000000000000e+00,0.000000000000e+00,0.000000000000e+00,0.000000000000e+00,3.851352078242e+00,1.040676311625e+01,0.000000000000e+00,0.000000000000e+00,0.000000000000e+00,0.000000000000e+00,1.329223378798e+00,3.851352078543e+00,0.000000000000e+00,0.000000000000e+00,5.418782525558e-10,2.443900310570e-08,0.000000000000e+00,0.000000000000e+00,1.000000000000e+00,-9.437721924498e-02,-6.315837590155e-09,-1.034358981421e-08,0.000000000000e+00,0.000000000000e+00,0.000000000000e+00,9.999999787093e-01,4.724470004103e-08,-1.373952287878e-08,-4.642741459249e-09,0.000000000000e+00,0.000000000000e+00
3.000000000000e-13,OK,,5.064448438397e-08,-2.221807652470e-08,-7.692354419747e-09,2.221807652470e-08,7.692354419747e-09,2.221807652470e-08,1.718653700000e-09,5.159919400000e-09,3.000000000000e-05,4,1,1.875000000000e-06,60,2.120344412490e+01,BORIS,L4/dt-3e-13/eps-3e-05/ranks-1,5.064448438397e-08,6.959456683892e-09,R12,2.097950000000e+01,-1.386352270777e+00,-1.278842370024e+00,0.000000000000e+00,0.000000000000e+00,0.000000000000e+00,-7.209431280272e-01,-1.386352272118e+00,0.000000000000e+00,0.000000000000e+00,0.000000000000e+00,0.000000000000e+00,0.000000000000e+00,3.851352078242e+00,1.040676311625e+01,0.000000000000e+00,0.000000000000e+00,0.000000000000e+00,0.000000000000e+00,1.329223378798e+00,3.851352078543e+00,0.000000000000e+00,0.000000000000e+00,5.346621791380e-09,2.511550810727e-08,0.000000000000e+00,0.000000000000e+00,1.000000000000e+00,-9.437722199941e-02,-1.316057247907e-09,-5.159919422797e-09,0.000000000000e+00,0.000000000000e+00,0.000000000000e+00,9.999999996686e-01,4.473000103644e-08,-1.431127443071e-08,-4.059562355307e-09,0.000000000000e+00,0.000000000000e+00
3.000000000000e-13,OK,,4.259348451718e-08,-2.066627419305e-08,-6.519898398887e-09,2.066627419305e-08,6.519898398887e-09,2.066627419305e-08,5.854194900000e-10,1.049604300000e-09,1.000000000000e-04,4,1,6.250000000000e-06,60,2.108501495793e+01,BORIS,L4/dt-3e-13/eps-0.0001/ranks-1,4.259348451718e-08,6.305881105065e-09,R12,2.086510000000e+01,-1.386352268020e+00,-1.278842361973e+00,0.000000000000e+00,0.000000000000e+00,0.000000000000e+00,-7.209431264004e-01,-1.386352267503e+00,0.000000000000e+00,0.000000000000e+00,0.000000000000e+00,0.000000000000e+00,0.000000000000e+00,3.851352078238e+00,1.040676311624e+01,0.000000000000e+00,0.000000000000e+00,0.000000000000e+00,0.000000000000e+00,1.329223378796e+00,3.851352078538e+00,0.000000000000e+00,0.000000000000e+00,5.949821696157e-09,2.132038686063e-08,0.000000000000e+00,0.000000000000e+00,1.000000000000e+00,-9.437722324375e-02,2.395750794900e-10,4.453543289027e-10,0.000000000000e+00,0.000000000000e+00,0.000000000000e+00,9.999999997015e-01,4.474000014909e-08,-1.466182799465e-08,-5.114063146119e-09,0.000000000000e+00,0.000000000000e+00
3.000000000000e-13,OK,,4.338848436092e-08,-2.095137231657e-08,-6.422128828731e-09,2.095137231657e-08,6.422128828731e-09,2.095137231657e-08,8.199474400000e-11,2.173031800000e-10,3.000000000000e-04,4,1,1.875000000000e-05,60,2.111380504095e+01,BORIS,L4/dt-3e-13/eps-0.0003/ranks-1,4.338848436092e-08,6.348788833564e-09,R12,2.089360000000e+01,-1.386352267750e+00,-1.278842362768e+00,0.000000000000e+00,0.000000000000e+00,0.000000000000e+00,-7.209431264362e-01,-1.386352268525e+00,0.000000000000e+00,0.000000000000e+00,0.000000000000e+00,0.000000000000e+00,0.000000000000e+00,3.851352078242e+00,1.040676311625e+01,0.000000000000e+00,0.000000000000e+00,0.000000000000e+00,0.000000000000e+00,1.329223378798e+00,3.851352078542e+00,0.000000000000e+00,0.000000000000e+00,6.009378821167e-09,2.096981016911e-08,0.000000000000e+00,0.000000000000e+00,1.000000000000e+00,-9.437722335722e-02,-9.069214457220e-12,-1.220530624058e-10,0.000000000000e+00,0.000000000000e+00,0.000000000000e+00,9.999999997827e-01,4.473000103644e-08,-1.420568178769e-08,-4.569658622525e-09,0.000000000000e+00,0.000000000000e+00
3.000000000000e-13,OK,,4.325548452755e-08,-2.088119916772e-08,-6.498041549265e-09,2.088119916772e-08,6.498041549265e-09,2.088119916772e-08,7.001188500000e-11,1.574100900000e-10,1.000000000000e-03,4,1,6.250000000000e-05,60,2.102339166682e+01,BORIS,L4/dt-3e-13/eps-0.001/ranks-1,4.325548452755e-08,6.340235455662e-09,R12,2.079960000000e+01,-1.386352268087e+00,-1.278842362635e+00,0.000000000000e+00,0.000000000000e+00,0.000000000000e+00,-7.209431268266e-01,-1.386352268363e+00,0.000000000000e+00,0.000000000000e+00,0.000000000000e+00,0.000000000000e+00,0.000000000000e+00,3.851352078242e+00,1.040676311625e+01,0.000000000000e+00,0.000000000000e+00,0.000000000000e+00,0.000000000000e+00,1.329223378798e+00,3.851352078542e+00,0.000000000000e+00,0.000000000000e+00,6.191678455616e-09,2.079940835272e-08,0.000000000000e+00,0.000000000000e+00,1.000000000000e+00,-9.437722356627e-02,-1.527212038222e-11,-3.466128348101e-11,0.000000000000e+00,0.000000000000e+00,0.000000000000e+00,9.999999999536e-01,4.473000103644e-08,-1.422338595422e-08,-4.512299505626e-09,0.000000000000e+00,0.000000000000e+00
3.000000000000e-13,OK,,4.324848457138e-08,-2.084137745325e-08,-6.383146566866e-09,2.084137745325e-08,6.383146566866e-09,2.084137745325e-08,2.981615000000e-12,4.120122600000e-11,3.000000000000e-03,4,1,1.875000000000e-04,60,2.106797516695e+01,BORIS,L4/dt-3e-13/eps-0.003/ranks-1,4.324848457138e-08,6.335466457574e-09,R12,2.084750000000e+01,-1.386352268126e+00,-1.278842362628e+00,0.000000000000e+00,0.000000000000e+00,0.000000000000e+00,-7.209431268135e-01,-1.386352268326e+00,0.000000000000e+00,0.000000000000e+00,0.000000000000e+00,0.000000000000e+00,0.000000000000e+00,3.851352078244e+00,1.040676311625e+01,0.000000000000e+00,0.000000000000e+00,0.000000000000e+00,0.000000000000e+00,1.329223378799e+00,3.851352078545e+00,0.000000000000e+00,0.000000000000e+00,6.136435601919e-09,2.072049070901e-08,0.000000000000e+00,0.000000000000e+00,1.000000000000e+00,-9.437722361214e-02,-1.566818826943e-11,-3.772883558101e-11,0.000000000000e+00,0.000000000000e+00,0.000000000000e+00,1.000000000003e+00,4.473000103644e-08,-1.412879229045e-08,-4.389717052297e-09,0.000000000000e+00,0.000000000000e+00
3.000000000000e-13,OK,,4.322848456972e-08,-2.084825353552e-08,-6.412755215734e-09,2.084825353552e-08,6.412755215734e-09,2.084825353552e-08,3.750999500000e-12,7.822631400000e-12,1.000000000000e-02,4,1,6.250000000000e-04,60,2.109469679184e+01,BORIS,L4/dt-3e-13/eps-0.01/ranks-1,4.322848456972e-08,6.335362820558e-09,R12,2.087400000000e+01,-1.386352268104e+00,-1.278842362608e+00,0.000000000000e+00,0.000000000000e+00,0.000000000000e+00,-7.209431268191e-01,-1.386352268348e+00,0.000000000000e+00,0.000000000000e+00,0.000000000000e+00,0.000000000000e+00,0.000000000000e+00,3.851352078238e+00,1.040676311624e+01,0.000000000000e+00,0.000000000000e+00,0.000000000000e+00,0.000000000000e+00,1.329223378796e+00,3.851352078538e+00,0.000000000000e+00,0.000000000000e+00,6.135452224761e-09,2.070967752827e-08,0.000000000000e+00,0.000000000000e+00,1.000000000000e+00,-9.437722361899e-02,-4.576030887138e-12,-6.094157656326e-12,0.000000000000e+00,0.000000000000e+00,0.000000000000e+00,9.999999999962e-01,4.474000014909e-08,-1.414037238104e-08,-4.387619604148e-09,0.000000000000e+00,0.000000000000e+00
3.000000000000e-13,OK,,4.322848456972e-08,-2.085080841340e-08,-6.410616149035e-09,2.085080841340e-08,6.410616149035e-09,2.085080841340e-08,7.453815300000e-12,8.892112600000e-12,3.000000000000e-02,4,1,1.875000000000e-03,60,2.101191562484e+01,BORIS,L4/dt-3e-13/eps-0.03/ranks-1,4.322848456972e-08,6.334325728916e-09,R12,2.079050000000e+01,-1.386352268102e+00,-1.278842362608e+00,0.000000000000e+00,0.000000000000e+00,0.000000000000e+00,-7.209431268121e-01,-1.386352268336e+00,0.000000000000e+00,0.000000000000e+00,0.000000000000e+00,0.000000000000e+00,0.000000000000e+00,3.851352078244e+00,1.040676311625e+01,0.000000000000e+00,0.000000000000e+00,0.000000000000e+00,0.000000000000e+00,1.329223378799e+00,3.851352078545e+00,0.000000000000e+00,0.000000000000e+00,6.138923008834e-09,2.070733953647e-08,0.000000000000e+00,0.000000000000e+00,1.000000000000e+00,-9.437722362545e-02,-2.619053516296e-12,-8.892112649730e-12,0.000000000000e+00,0.000000000000e+00,0.000000000000e+00,9.999999999955e-01,4.473000103644e-08,-1.413291284260e-08,-4.379500101937e-09,0.000000000000e+00,0.000000000000e+00
3.000000000000e-13,OK,,4.323148439234e-08,-2.085289337811e-08,-6.412445185955e-09,2.085289337811e-08,6.412445185955e-09,2.085289337811e-08,6.408207300000e-13,1.557890800000e-12,1.000000000000e-01,4,1,6.250000000000e-03,60,2.101296420791e+01,BORIS,L4/dt-3e-13/eps-0.1/ranks-1,4.323148439234e-08,6.334728842452e-09,R12,2.079100000000e+01,-1.386352268103e+00,-1.278842362611e+00,0.000000000000e+00,0.000000000000e+00,0.000000000000e+00,-7.209431268130e-01,-1.386352268339e+00,0.000000000000e+00,0.000000000000e+00,0.000000000000e+00,0.000000000000e+00,0.000000000000e+00,3.851352078242e+00,1.040676311625e+01,0.000000000000e+00,0.000000000000e+00,0.000000000000e+00,0.000000000000e+00,1.329223378798e+00,3.851352078543e+00,0.000000000000e+00,0.000000000000e+00,6.142335491790e-09,2.070853613888e-08,0.000000000000e+00,0.000000000000e+00,1.000000000000e+00,-9.437722362539e-02,-5.420275933855e-13,-9.738714983004e-13,0.000000000000e+00,0.000000000000e+00,0.000000000000e+00,9.999999999994e-01,4.473000103644e-08,-1.413809092366e-08,-4.384307322544e-09,0.000000000000e+00,0.000000000000e+00
1.000000000000e-12,OK,,5.497934090215e-07,-1.316031412111e-07,-1.395406527705e-08,1.316031412111e-07,1.395406527705e-08,1.316031412111e-07,5.201601800000e-08,1.106223200000e-07,1.000000000000e-06,4,1,6.250000000000e-08,60,8.099766250001e+00,BORIS,L4/dt-1e-12/eps-1e-06/ranks-1,5.497934090215e-07,6.665392159016e-08,R34,7.881280000000e+00,-1.386352341722e+00,-1.278842670815e+00,0.000000000000e+00,0.000000000000e+00,0.000000000000e+00,-7.209430887632e-01,-1.386352269205e+00,0.000000000000e+00,0.000000000000e+00,0.000000000000e+00,0.000000000000e+00,0.000000000000e+00,3.851351829247e+00,1.040676260819e+01,0.000000000000e+00,0.000000000000e+00,0.000000000000e+00,0.000000000000e+00,1.329223261134e+00,3.851351834248e+00,0.000000000000e+00,0.000000000000e+00,4.542563963421e-08,1.556091676225e-07,0.000000000000e+00,0.000000000000e+00,9.999999999996e-01,-9.437715893462e-02,2.959563864148e-08,1.106223247007e-07,0.000000000000e+00,0.000000000000e+00,0.000000000000e+00,1.000000018261e+00,5.527900004410e-07,-1.268792864599e-07,8.616224796355e-08,0.000000000000e+00,0.000000000000e+00
1.000000000000e-12,OK,,5.498034099105e-07,-1.763862535060e-07,-5.418337744760e-08,1.763862535060e-07,5.418337744760e-08,1.763862535060e-07,2.015791700000e-08,1.405408500000e-07,3.000000000000e-06,4,1,1.875000000000e-07,60,8.093883082969e+00,BORIS,L4/dt-1e-12/eps-3e-06/ranks-1,5.498034099105e-07,7.098346979599e-08,R34,7.872140000000e+00,-1.386352375622e+00,-1.278842733266e+00,0.000000000000e+00,0.000000000000e+00,0.000000000000e+00,-7.209431565773e-01,-1.386352374831e+00,0.000000000000e+00,0.000000000000e+00,0.000000000000e+00,0.000000000000e+00,0.000000000000e+00,3.851351829245e+00,1.040676260818e+01,0.000000000000e+00,0.000000000000e+00,0.000000000000e+00,0.000000000000e+00,1.329223261134e+00,3.851351834247e+00,0.000000000000e+00,0.000000000000e+00,1.910837357538e-07,9.115616029835e-08,0.000000000000e+00,0.000000000000e+00,1.000000000000e+00,-9.437722872196e-02,1.593944025948e-08,5.313418515980e-08,0.000000000000e+00,0.000000000000e+00,0.000000000000e+00,9.999999884317e-01,5.528000013300e-07,-1.830987616813e-07,-5.245999985976e-08,0.000000000000e+00,0.000000000000e+00
1.000000000000e-12,OK,,5.498034099105e-07,-1.803397431204e-07,-5.354216909175e-08,1.803397431204e-07,5.354216909175e-08,1.803397431204e-07,1.918299700000e-09,2.282181700000e-07,1.000000000000e-05,4,1,6.250000000000e-07,60,8.092336499831e+00,BORIS,L4/dt-1e-12/eps-1e-05/ranks-1,5.498034099105e-07,7.685902541554e-08,R34,7.872880000000e+00,-1.386352381996e+00,-1.278842737644e+00,0.000000000000e+00,0.000000000000e+00,0.000000000000e+00,-7.209431640486e-01,-1.386352377916e+00,0.000000000000e+00,0.000000000000e+00,0.000000000000e+00,0.000000000000e+00,0.000000000000e+00,3.851351829245e+00,1.040676260818e+01,0.000000000000e+00,0.000000000000e+00,0.000000000000e+00,0.000000000000e+00,1.329223261134e+00,3.851351834247e+00,0.000000000000e+00,0.000000000000e+00,-1.724189685407e-07,3.086138042178e-07,0.000000000000e+00,0.000000000000e+00,1.000000000000e+00,-9.437702549101e-02,-1.357141920263e-10,6.473791990187e-09,0.000000000000e+00,0.000000000000e+00,0.000000000000e+00,1.000000010106e+00,5.528000013300e-07,-1.728285552549e-07,-4.463034228486e-08,0.000000000000e+00,0.000000000000e+00
1.000000000000e-12,OK,,5.497934090215e-07,-1.803926582135e-07,-5.437881500650e-08,1.803926582135e-07,5.437881500650e-08,1.803926582135e-07,1.483906300000e-10,7.706130500000e-08,3.000000000000e-05,4,1,1.875000000000e-06,60,8.144970332971e+00,BORIS,L4/dt-1e-12/eps-3e-05/ranks-1,5.497934090215e-07,7.248166440663e-08,R34,7.926210000000e+00,-1.386352382785e+00,-1.278842741781e+00,0.000000000000e+00,0.000000000000e+00,0.000000000000e+00,-7.209431652497e-01,-1.386352385055e+00,0.000000000000e+00,0.000000000000e+00,0.000000000000e+00,0.000000000000e+00,0.000000000000e+00,3.851351829247e+00,1.040676260819e+01,0.000000000000e+00,0.000000000000e+00,0.000000000000e+00,0.000000000000e+00,1.329223261134e+00,3.851351834248e+00,0.000000000000e+00,0.000000000000e+00,-2.257193752453e-08,2.230197437910e-07,0.000000000000e+00,0.000000000000e+00,1.000000000000e+00,-9.437710732614e-02,1.857305958946e-09,3.876303641123e-09,0.000000000000e+00,0.000000000000e+00,0.000000000000e+00,1.000000001864e+00,5.527900004410e-07,-1.724858561195e-07,-5.074602294206e-08,0.000000000000e+00,0.000000000000e+00
1.000000000000e-12,OK,,5.497934090215e-07,-1.818173682998e-07,-5.673276665126e-08,1.818173682998e-07,5.673276665126e-08,1.818173682998e-07,5.257632100000e-10,2.251495200000e-08,1.000000000000e-04,4,1,6.250000000000e-06,60,8.100330709014e+00,BORIS,L4/dt-1e-12/eps-0.0001/ranks-1,5.497934090215e-07,7.169005486809e-08,R34,7.874630000000e+00,-1.386352383328e+00,-1.278842742586e+00,0.000000000000e+00,0.000000000000e+00,0.000000000000e+00,-7.209431658688e-01,-1.386352386426e+00,0.000000000000e+00,0.000000000000e+00,0.000000000000e+00,0.000000000000e+00,0.000000000000e+00,3.851351829247e+00,1.040676260819e+01,0.000000000000e+00,0.000000000000e+00,0.000000000000e+00,0.000000000000e+00,1.329223261134e+00,3.851351834248e+00,0.000000000000e+00,0.000000000000e+00,2.989457338351e-08,1.924253866106e-07,0.000000000000e+00,0.000000000000e+00,1.000000000000e+00,-9.437713643627e-02,1.998078098507e-10,7.851871531967e-10,0.000000000000e+00,0.000000000000e+00,0.000000000000e+00,9.999999999072e-01,5.527900004410e-07,-1.758129221014e-07,-5.532693139849e-08,0.000000000000e+00,0.000000000000e+00
1.000000000000e-12,OK,,5.498034099105e-07,-1.816680460058e-07,-5.668776109647e-08,1.816680460058e-07,5.668776109647e-08,1.816680460058e-07,2.526026100000e-10,7.647147900000e-09,3.000000000000e-04,4,1,1.875000000000e-05,60,8.134265000001e+00,BORIS,L4/dt-1e-12/eps-0.0003/ranks-1,5.498034099105e-07,7.150828996729e-08,R34,7.912560000000e+00,-1.386352382979e+00,-1.278842742419e+00,0.000000000000e+00,0.000000000000e+00,0.000000000000e+00,-7.209431659976e-01,-1.386352387143e+00,0.000000000000e+00,0.000000000000e+00,0.000000000000e+00,0.000000000000e+00,0.000000000000e+00,3.851351829246e+00,1.040676260818e+01,0.000000000000e+00,0.000000000000e+00,0.000000000000e+00,0.000000000000e+00,1.329223261134e+00,3.851351834247e+00,0.000000000000e+00,0.000000000000e+00,4.472775237042e-08,1.836463139229e-07,0.000000000000e+00,0.000000000000e+00,1.000000000000e+00,-9.437714486585e-02,8.713228730685e-11,9.129331386226e-11,0.000000000000e+00,0.000000000000e+00,0.000000000000e+00,1.000000000221e+00,5.528000013300e-07,-1.749223554769e-07,-5.483529089026e-08,0.000000000000e+00,0.000000000000e+00
1.000000000000e-12,OK,,5.497934090215e-07,-1.816269149437e-07,-5.678803677301e-08,1.816269149437e-07,5.678803677301e-08,1.816269149437e-07,8.117473400000e-11,2.333659800000e-09,1.000000000000e-03,4,1,6.250000000000e-05,60,8.147784583969e+00,BORIS,L4/dt-1e-12/eps-0.001/ranks-1,5.497934090215e-07,7.144833537859e-08,R34,7.926260000000e+00,-1.386352383166e+00,-1.278842742284e+00,0.000000000000e+00,0.000000000000e+00,0.000000000000e+00,-7.209431663070e-01,-1.386352387106e+00,0.000000000000e+00,0.000000000000e+00,0.000000000000e+00,0.000000000000e+00,0.000000000000e+00,3.851351829246e+00,1.040676260819e+01,0.000000000000e+00,0.000000000000e+00,0.000000000000e+00,0.000000000000e+00,1.329223261134e+00,3.851351834248e+00,0.000000000000e+00,0.000000000000e+00,4.988139691315e-08,1.804694012902e-07,0.000000000000e+00,0.000000000000e+00,1.000000000000e+00,-9.437714790730e-02,-6.396249955586e-12,-6.367769841610e-11,0.000000000000e+00,0.000000000000e+00,0.000000000000e+00,9.999999999777e-01,5.527900004410e-07,-1.749691017302e-07,-5.480229472937e-08,0.000000000000e+00,0.000000000000e+00
1.000000000000e-12,OK,,5.497934090215e-07,-1.816272124460e-07,-5.675906050718e-08,1.816272124460e-07,5.675906050718e-08,1.816272124460e-07,2.825162300000e-11,9.031926700000e-10,3.000000000000e-03,4,1,1.875000000000e-04,60,8.131553707877e+00,BORIS,L4/dt-1e-12/eps-0.003/ranks-1,5.497934090215e-07,7.143102166081e-08,R34,7.912810000000e+00,-1.386352383186e+00,-1.278842742243e+00,0.000000000000e+00,0.000000000000e+00,0.000000000000e+00,-7.209431662964e-01,-1.386352387081e+00,0.000000000000e+00,0.000000000000e+00,0.000000000000e+00,0.000000000000e+00,0.000000000000e+00,3.851351829246e+00,1.040676260819e+01,0.000000000000e+00,0.000000000000e+00,0.000000000000e+00,0.000000000000e+00,1.329223261134e+00,3.851351834248e+00,0.000000000000e+00,0.000000000000e+00,5.135307680942e-08,1.795608083103e-07,0.000000000000e+00,0.000000000000e+00,1.000000000000e+00,-9.437714876708e-02,-1.515891190039e-11,-9.047525895102e-12,0.000000000000e+00,0.000000000000e+00,0.000000000000e+00,9.999999999951e-01,5.527900004410e-07,-1.749146272832e-07,-5.476563099261e-08,0.000000000000e+00,0.000000000000e+00
1.000000000000e-12,OK,,5.497934090215e-07,-1.816459820448e-07,-5.678282338773e-08,1.816459820448e-07,5.678282338773e-08,1.816459820448e-07,1.041211600000e-11,3.001752900000e-10,1.000000000000e-02,4,1,6.250000000000e-04,60,8.145565625047e+00,BORIS,L4/dt-1e-12/eps-0.01/ranks-1,5.497934090215e-07,7.143533887279e-08,R34,7.924950000000e+00,-1.386352383168e+00,-1.278842742296e+00,0.000000000000e+00,0.000000000000e+00,0.000000000000e+00,-7.209431663015e-01,-1.386352387153e+00,0.000000000000e+00,0.000000000000e+00,0.000000000000e+00,0.000000000000e+00,0.000000000000e+00,3.851351829246e+00,1.040676260819e+01,0.000000000000e+00,0.000000000000e+00,0.000000000000e+00,0.000000000000e+00,1.329223261134e+00,3.851351834248e+00,0.000000000000e+00,0.000000000000e+00,5.204998269862e-08,1.795098757429e-07,0.000000000000e+00,0.000000000000e+00,1.000000000000e+00,-9.437714895408e-02,-8.803708706465e-13,-7.005949299483e-12,0.000000000000e+00,0.000000000000e+00,0.000000000000e+00,1.000000000004e+00,5.527900004410e-07,-1.749381008903e-07,-5.475768777614e-08,0.000000000000e+00,0.000000000000e+00
1.000000000000e-12,OK,,5.497934090215e-07,-1.816378994093e-07,-5.677453163155e-08,1.816378994093e-07,5.677453163155e-08,1.816378994093e-07,5.960898400000e-12,1.339979100000e-10,3.000000000000e-02,4,1,1.875000000000e-03,60,8.109397915890e+00,BORIS,L4/dt-1e-12/eps-0.03/ranks-1,5.497934090215e-07,7.142974644901e-08,R34,7.860570000000e+00,-1.386352383164e+00,-1.278842742277e+00,0.000000000000e+00,0.000000000000e+00,0.000000000000e+00,-7.209431662943e-01,-1.386352387131e+00,0.000000000000e+00,0.000000000000e+00,0.000000000000e+00,0.000000000000e+00,0.000000000000e+00,3.851351829247e+00,1.040676260819e+01,0.000000000000e+00,0.000000000000e+00,0.000000000000e+00,0.000000000000e+00,1.329223261134e+00,3.851351834248e+00,0.000000000000e+00,0.000000000000e+00,5.218334611810e-08,1.793419536822e-07,0.000000000000e+00,0.000000000000e+00,1.000000000000e+00,-9.437714921209e-02,1.226579220912e-12,5.106527713395e-12,0.000000000000e+00,0.000000000000e+00,0.000000000000e+00,9.999999999994e-01,5.527900004410e-07,-1.749200038385e-07,-5.474341558445e-08,0.000000000000e+00,0.000000000000e+00
1.000000000000e-12,OK,,5.497934090215e-07,-1.816439384915e-07,-5.677885023259e-08,1.816439384915e-07,5.677885023259e-08,1.816439384915e-07,1.332267600000e-12,3.685537800000e-11,1.000000000000e-01,4,1,6.250000000000e-03,60,8.039150333963e+00,BORIS,L4/dt-1e-12/eps-0.1/ranks-1,5.497934090215e-07,7.142885444949e-08,R34,7.810320000000e+00,-1.386352383169e+00,-1.278842742290e+00,0.000000000000e+00,0.000000000000e+00,0.000000000000e+00,-7.209431663002e-01,-1.386352387142e+00,0.000000000000e+00,0.000000000000e+00,0.000000000000e+00,0.000000000000e+00,0.000000000000e+00,3.851351829246e+00,1.040676260819e+01,0.000000000000e+00,0.000000000000e+00,0.000000000000e+00,0.000000000000e+00,1.329223261134e+00,3.851351834248e+00,0.000000000000e+00,0.000000000000e+00,5.222299914699e-08,1.792481351092e-07,0.000000000000e+00,0.000000000000e+00,1.000000000000e+00,-9.437714926068e-02,2.785291655148e-13,7.915517639881e-14,0.000000000000e+00,0.000000000000e+00,0.000000000000e+00,1.000000000000e+00,5.527900004410e-07,-1.749291360370e-07,-5.475071236918e-08,0.000000000000e+00,0.000000000000e+00
3.000000000000e-12,OK,,5.015383409912e-06,-1.545665829060e-06,-4.784800165686e-07,1.545665829060e-06,4.784800165686e-07,1.545665829060e-06,1.121386500000e-08,6.228675300000e-08,1.000000000000e-06,4,1,6.250000000000e-08,60,4.476972874952e+00,BORIS,L4/dt-3e-12/eps-1e-06/ranks-1,5.015383409912e-06,6.393973723077e-07,R34,4.255810000000e+00,-1.386353377704e+00,-1.278846006823e+00,0.000000000000e+00,0.000000000000e+00,0.000000000000e+00,-7.209435048845e-01,-1.386353372139e+00,0.000000000000e+00,0.000000000000e+00,0.000000000000e+00,0.000000000000e+00,0.000000000000e+00,3.851349640235e+00,1.040675814260e+01,0.000000000000e+00,0.000000000000e+00,0.000000000000e+00,0.000000000000e+00,1.329222226945e+00,3.851349687543e+00,0.000000000000e+00,0.000000000000e+00,4.545260913891e-07,1.575150503151e-06,0.000000000000e+00,0.000000000000e+00,9.999999999993e-01,-9.437654354872e-02,1.456046438034e-08,6.228675301853e-08,0.000000000000e+00,0.000000000000e+00,0.000000000000e+00,1.000000053462e+00,5.018380001331e-06,-1.540941974309e-06,-3.783637033280e-07,0.000000000000e+00,0.000000000000e+00
3.000000000000e-12,OK,,5.015423409915e-06,-1.591312795690e-06,-4.977453579576e-07,1.591312795690e-06,4.977453579576e-07,1.591312795690e-06,2.268930700000e-08,1.858885400000e-08,3.000000000000e-06,4,1,1.875000000000e-07,60,4.475860374980e+00,BORIS,L4/dt-3e-12/eps-3e-06/ranks-1,5.015423409915e-06,6.432901512817e-07,R34,4.257550000000e+00,-1.386353385728e+00,-1.278846062018e+00,0.000000000000e+00,0.000000000000e+00,0.000000000000e+00,-7.209434968116e-01,-1.386353402410e+00,0.000000000000e+00,0.000000000000e+00,0.000000000000e+00,0.000000000000e+00,0.000000000000e+00,3.851349640219e+00,1.040675814256e+01,0.000000000000e+00,0.000000000000e+00,0.000000000000e+00,0.000000000000e+00,1.329222226936e+00,3.851349687525e+00,0.000000000000e+00,0.000000000000e+00,4.594881056573e-07,1.582240000320e-06,0.000000000000e+00,0.000000000000e+00,9.999999999999e-01,-9.437649830712e-02,2.783109429945e-09,1.547577460416e-09,0.000000000000e+00,0.000000000000e+00,0.000000000000e+00,9.999999959380e-01,5.018420001335e-06,-1.598025303865e-06,-4.960219803698e-07,0.000000000000e+00,0.000000000000e+00
3.000000000000e-12,OK,,5.017383410078e-06,-1.594446295038e-06,-4.968556722445e-07,1.594446295038e-06,4.968556722445e-07,1.594446295038e-06,4.188853700000e-10,1.159473900000e-06,1.000000000000e-05,4,1,6.250000000000e-07,60,4.486642000033e+00,BORIS,L4/dt-3e-12/eps-1e-05/ranks-1,5.017383410078e-06,6.456524329080e-07,R34,4.268130000000e+00,-1.386353394540e+00,-1.278846079903e+00,0.000000000000e+00,0.000000000000e+00,0.000000000000e+00,-7.209435101473e-01,-1.386353428510e+00,0.000000000000e+00,0.000000000000e+00,0.000000000000e+00,0.000000000000e+00,0.000000000000e+00,3.851349639257e+00,1.040675814060e+01,0.000000000000e+00,0.000000000000e+00,0.000000000000e+00,0.000000000000e+00,1.329222226445e+00,3.851349686520e+00,0.000000000000e+00,0.000000000000e+00,1.619774804689e-06,8.996346278745e-07,0.000000000000e+00,0.000000000000e+00,1.000000000000e+00,-9.437714395340e-02,4.103729590979e-09,8.502388531673e-09,0.000000000000e+00,0.000000000000e+00,0.000000000000e+00,1.000000000437e+00,5.020380001497e-06,-1.586935107173e-06,-4.879438454376e-07,0.000000000000e+00,0.000000000000e+00
3.000000000000e-12,OK,,5.016863410034e-06,-1.591501501909e-06,-4.979391162726e-07,1.591501501909e-06,4.979391162726e-07,1.591501501909e-06,5.415772300000e-10,2.023484800000e-06,3.000000000000e-05,4,1,1.875000000000e-06,60,4.498172834050e+00,BORIS,L4/dt-3e-12/eps-3e-05/ranks-1,5.016863410034e-06,6.958588563789e-07,R34,4.276220000000e+00,-1.386353392698e+00,-1.278846071629e+00,0.000000000000e+00,0.000000000000e+00,0.000000000000e+00,-7.209435132129e-01,-1.386353429545e+00,0.000000000000e+00,0.000000000000e+00,0.000000000000e+00,0.000000000000e+00,0.000000000000e+00,3.851349639497e+00,1.040675814112e+01,0.000000000000e+00,0.000000000000e+00,0.000000000000e+00,0.000000000000e+00,1.329222226567e+00,3.851349686792e+00,0.000000000000e+00,0.000000000000e+00,-1.566440593937e-06,2.744545294712e-06,0.000000000000e+00,0.000000000000e+00,1.000000000000e+00,-9.437536746152e-02,2.002718625611e-10,1.327449058199e-10,0.000000000000e+00,0.000000000000e+00,0.000000000000e+00,9.999999996361e-01,5.019860001454e-06,-1.583594699815e-06,-4.943063242082e-07,0.000000000000e+00,0.000000000000e+00
3.000000000000e-12,OK,,5.015383409912e-06,-1.591396168971e-06,-4.983371784158e-07,1.591396168971e-06,4.983371784158e-07,1.591396168971e-06,1.945577000000e-10,6.064803700000e-07,1.000000000000e-04,4,1,6.250000000000e-06,60,4.496690124972e+00,BORIS,L4/dt-3e-12/eps-0.0001/ranks-1,5.015383409912e-06,6.525610509703e-07,R34,4.279010000000e+00,-1.386353392038e+00,-1.278846070979e+00,0.000000000000e+00,0.000000000000e+00,0.000000000000e+00,-7.209435123412e-01,-1.386353428425e+00,0.000000000000e+00,0.000000000000e+00,0.000000000000e+00,0.000000000000e+00,0.000000000000e+00,3.851349640219e+00,1.040675814260e+01,0.000000000000e+00,0.000000000000e+00,0.000000000000e+00,0.000000000000e+00,1.329222226936e+00,3.851349687549e+00,0.000000000000e+00,0.000000000000e+00,-1.500731042887e-07,1.921955462725e-06,0.000000000000e+00,0.000000000000e+00,1.000000000000e+00,-9.437615675410e-02,2.970996766575e-10,2.711669030763e-10,0.000000000000e+00,0.000000000000e+00,0.000000000000e+00,9.999999998975e-01,5.018380001331e-06,-1.585391722773e-06,-4.969313431630e-07,0.000000000000e+00,0.000000000000e+00
3.000000000000e-12,OK,,5.016973409155e-06,-1.591294184800e-06,-4.983914282941e-07,1.591294184800e-06,4.983914282941e-07,1.591294184800e-06,5.026079600000e-10,2.017884000000e-07,3.000000000000e-04,4,1,1.875000000000e-05,60,4.479527291842e+00,BORIS,L4/dt-3e-12/eps-0.0003/ranks-1,5.016973409155e-06,6.462268749612e-07,R34,4.259100000000e+00,-1.386353392432e+00,-1.278846071089e+00,0.000000000000e+00,0.000000000000e+00,0.000000000000e+00,-7.209435129308e-01,-1.386353429071e+00,0.000000000000e+00,0.000000000000e+00,0.000000000000e+00,0.000000000000e+00,0.000000000000e+00,3.851349639497e+00,1.040675814101e+01,0.000000000000e+00,0.000000000000e+00,0.000000000000e+00,0.000000000000e+00,1.329222226567e+00,3.851349686726e+00,0.000000000000e+00,0.000000000000e+00,2.544991720967e-07,1.686734349780e-06,0.000000000000e+00,0.000000000000e+00,1.000000000000e+00,-9.437638322987e-02,-1.056742831172e-11,-1.080128143049e-10,0.000000000000e+00,0.000000000000e+00,0.000000000000e+00,9.999999999853e-01,5.019970000575e-06,-1.584548494271e-06,-4.965389580879e-07,0.000000000000e+00,0.000000000000e+00
3.000000000000e-12,OK,,5.016973409155e-06,-1.591090491029e-06,-4.982434295696e-07,1.591090491029e-06,4.982434295696e-07,1.591090491029e-06,9.943468300000e-11,6.039123500000e-08,1.000000000000e-03,4,1,6.250000000000e-05,60,4.431737249950e+00,BORIS,L4/dt-3e-12/eps-0.001/ranks-1,5.016973409155e-06,6.445724004382e-07,R34,4.207570000000e+00,-1.386353392023e+00,-1.278846070501e+00,0.000000000000e+00,0.000000000000e+00,0.000000000000e+00,-7.209435126159e-01,-1.386353428474e+00,0.000000000000e+00,0.000000000000e+00,0.000000000000e+00,0.000000000000e+00,0.000000000000e+00,3.851349639497e+00,1.040675814101e+01,0.000000000000e+00,0.000000000000e+00,0.000000000000e+00,0.000000000000e+00,1.329222226567e+00,3.851349686724e+00,0.000000000000e+00,0.000000000000e+00,3.959556356332e-07,1.604287983307e-06,0.000000000000e+00,0.000000000000e+00,1.000000000000e+00,-9.437646239728e-02,-2.089138167895e-11,-6.648498726095e-11,0.000000000000e+00,0.000000000000e+00,0.000000000000e+00,9.999999999538e-01,5.019970000575e-06,-1.584432677816e-06,-4.962576875260e-07,0.000000000000e+00,0.000000000000e+00
3.000000000000e-12,OK,,5.015983409962e-06,-1.591125717147e-06,-4.982632820228e-07,1.591125717147e-06,4.982632820228e-07,1.591125717147e-06,4.934219700000e-11,1.995716700000e-08,3.000000000000e-03,4,1,1.875000000000e-04,60,4.450728666969e+00,BORIS,L4/dt-3e-12/eps-0.003/ranks-1,5.015983409962e-06,6.440958416074e-07,R34,4.229450000000e+00,-1.386353391998e+00,-1.278846070521e+00,0.000000000000e+00,0.000000000000e+00,0.000000000000e+00,-7.209435125656e-01,-1.386353428514e+00,0.000000000000e+00,0.000000000000e+00,0.000000000000e+00,0.000000000000e+00,0.000000000000e+00,3.851349639979e+00,1.040675814200e+01,0.000000000000e+00,0.000000000000e+00,0.000000000000e+00,0.000000000000e+00,1.329222226814e+00,3.851349687229e+00,0.000000000000e+00,0.000000000000e+00,4.363841513975e-07,1.580740366511e-06,0.000000000000e+00,0.000000000000e+00,1.000000000000e+00,-9.437648498977e-02,1.540295652187e-11,1.356506476035e-11,0.000000000000e+00,0.000000000000e+00,0.000000000000e+00,1.000000000010e+00,5.018980001381e-06,-1.584413131984e-06,-4.962698525082e-07,0.000000000000e+00,0.000000000000e+00
3.000000000000e-12,OK,,5.016023409965e-06,-1.591117080124e-06,-4.982471654702e-07,1.591117080124e-06,4.982471654702e-07,1.591117080124e-06,1.086447600000e-10,4.765419000000e-09,1.000000000000e-02,4,1,6.250000000000e-04,60,4.403086208971e+00,BORIS,L4/dt-3e-12/eps-0.01/ranks-1,5.016023409965e-06,6.439820961683e-07,R34,4.185490000000e+00,-1.386353392004e+00,-1.278846070518e+00,0.000000000000e+00,0.000000000000e+00,0.000000000000e+00,-7.209435125652e-01,-1.386353428495e+00,0.000000000000e+00,0.000000000000e+00,0.000000000000e+00,0.000000000000e+00,0.000000000000e+00,3.851349639979e+00,1.040675814196e+01,0.000000000000e+00,0.000000000000e+00,0.000000000000e+00,0.000000000000e+00,1.329222226814e+00,3.851349687207e+00,0.000000000000e+00,0.000000000000e+00,4.515934266408e-07,1.572986251876e-06,0.000000000000e+00,0.000000000000e+00,1.000000000000e+00,-9.437649244267e-02,4.565270048973e-13,3.452849487130e-13,0.000000000000e+00,0.000000000000e+00,0.000000000000e+00,1.000000000003e+00,5.019020001384e-06,-1.584409198970e-06,-4.962220298586e-07,0.000000000000e+00,0.000000000000e+00
3.000000000000e-12,OK,,5.015993409074e-06,-1.591115722091e-06,-4.982472145976e-07,1.591115722091e-06,4.982472145976e-07,1.591115722091e-06,1.211352100000e-10,2.136960400000e-09,3.000000000000e-02,4,1,1.875000000000e-03,60,4.334580375114e+00,BORIS,L4/dt-3e-12/eps-0.03/ranks-1,5.015993409074e-06,6.439457761951e-07,R34,4.112720000000e+00,-1.386353392005e+00,-1.278846070514e+00,0.000000000000e+00,0.000000000000e+00,0.000000000000e+00,-7.209435125677e-01,-1.386353428492e+00,0.000000000000e+00,0.000000000000e+00,0.000000000000e+00,0.000000000000e+00,0.000000000000e+00,3.851349639995e+00,1.040675814199e+01,0.000000000000e+00,0.000000000000e+00,0.000000000000e+00,0.000000000000e+00,1.329222226822e+00,3.851349687222e+00,0.000000000000e+00,0.000000000000e+00,4.556457255369e-07,1.570804009491e-06,0.000000000000e+00,0.000000000000e+00,1.000000000000e+00,-9.437649461676e-02,6.746809791078e-13,2.064616140027e-12,0.000000000000e+00,0.000000000000e+00,0.000000000000e+00,9.999999999990e-01,5.018990000494e-06,-1.584397826520e-06,-4.962160985505e-07,0.000000000000e+00,0.000000000000e+00
3.000000000000e-12,OK,,5.017423410081e-06,-1.591114925609e-06,-4.982457452174e-07,1.591114925609e-06,4.982457452174e-07,1.591114925609e-06,1.178637200000e-10,5.089329500000e-10,1.000000000000e-01,4,1,6.250000000000e-03,60,4.369092500070e+00,BORIS,L4/dt-3e-12/eps-0.1/ranks-1,5.017423410081e-06,6.440350220086e-07,R34,4.149180000000e+00,-1.386353392004e+00,-1.278846070517e+00,0.000000000000e+00,0.000000000000e+00,0.000000000000e+00,-7.209435125659e-01,-1.386353428492e+00,0.000000000000e+00,0.000000000000e+00,0.000000000000e+00,0.000000000000e+00,0.000000000000e+00,3.851349639237e+00,1.040675814056e+01,0.000000000000e+00,0.000000000000e+00,0.000000000000e+00,0.000000000000e+00,1.329222226435e+00,3.851349686499e+00,0.000000000000e+00,0.000000000000e+00,4.564347142795e-07,1.569176917531e-06,0.000000000000e+00,0.000000000000e+00,1.000000000000e+00,-9.437649536516e-02,2.909030038832e-13,3.627929098524e-13,0.000000000000e+00,0.000000000000e+00,0.000000000000e+00,1.000000000000e+00,5.020420001500e-06,-1.584400123155e-06,-4.962176073540e-07,0.000000000000e+00,0.000000000000e+00
1.000000000000e-11,OK,,5.532931341001e-05,-1.751786062025e-05,-5.483319033334e-06,1.751786062025e-05,5.483319033334e-06,1.751786062025e-05,1.118276700000e-08,3.825220200000e-08,1.000000000000e-06,4,1,6.250000000000e-08,60,3.281752791023e+00,BORIS,L4/dt-1e-11/eps-1e-06/ranks-1,5.532931341001e-05,7.100301140455e-06,R34,3.062090000000e+00,-1.386364825093e+00,-1.278883691243e+00,0.000000000000e+00,0.000000000000e+00,0.000000000000e+00,-7.209474003159e-01,-1.386365173129e+00,0.000000000000e+00,0.000000000000e+00,0.000000000000e+00,0.000000000000e+00,0.000000000000e+00,3.851324959797e+00,1.040670782867e+01,0.000000000000e+00,0.000000000000e+00,0.000000000000e+00,0.000000000000e+00,1.329210574572e+00,3.851325517112e+00,0.000000000000e+00,0.000000000000e+00,5.034354569039e-06,1.724882067639e-05,0.000000000000e+00,0.000000000000e+00,1.000000000002e+00,-9.436916957330e-02,-1.779037472896e-08,-3.775930768126e-08,0.000000000000e+00,0.000000000000e+00,0.000000000000e+00,9.999999729193e-01,5.533231000143e-05,-1.751313676550e-05,-5.383202720093e-06,0.000000000000e+00,0.000000000000e+00
1.000000000000e-11,OK,,5.533740340979e-05,-1.752020254103e-05,-5.474244629704e-06,1.752020254103e-05,5.474244629704e-06,1.752020254103e-05,1.873942100000e-08,1.726671900000e-08,3.000000000000e-06,4,1,1.875000000000e-07,60,3.301214915933e+00,BORIS,L4/dt-1e-11/eps-3e-06/ranks-1,5.533740340979e-05,7.102313791754e-06,R34,3.082600000000e+00,-1.386364806568e+00,-1.278883692399e+00,0.000000000000e+00,0.000000000000e+00,0.000000000000e+00,-7.209474196607e-01,-1.386365170054e+00,0.000000000000e+00,0.000000000000e+00,0.000000000000e+00,0.000000000000e+00,0.000000000000e+00,3.851324955847e+00,1.040670782058e+01,0.000000000000e+00,0.000000000000e+00,0.000000000000e+00,0.000000000000e+00,1.329210572552e+00,3.851325512978e+00,0.000000000000e+00,0.000000000000e+00,5.051893556494e-06,1.729426718594e-05,0.000000000000e+00,0.000000000000e+00,1.000000000000e+00,-9.436908333891e-02,2.143980644686e-09,-7.256746112816e-11,0.000000000000e+00,0.000000000000e+00,0.000000000000e+00,9.999999978891e-01,5.534040000121e-05,-1.752691504921e-05,-5.472521252116e-06,0.000000000000e+00,0.000000000000e+00
1.000000000000e-11,OK,,5.532932340913e-05,-1.751368200867e-05,-5.476140894652e-06,1.751368200867e-05,5.476140894652e-06,1.751368200867e-05,2.054266500000e-09,1.109729200000e-08,1.000000000000e-05,4,1,6.250000000000e-07,60,3.320245041978e+00,BORIS,L4/dt-1e-11/eps-1e-05/ranks-1,5.532932340913e-05,7.100652545476e-06,R34,3.099180000000e+00,-1.386364809061e+00,-1.278883681083e+00,0.000000000000e+00,0.000000000000e+00,0.000000000000e+00,-7.209474211117e-01,-1.386365176519e+00,0.000000000000e+00,0.000000000000e+00,0.000000000000e+00,0.000000000000e+00,0.000000000000e+00,3.851324959797e+00,1.040670782866e+01,0.000000000000e+00,0.000000000000e+00,0.000000000000e+00,0.000000000000e+00,1.329210574572e+00,3.851325517107e+00,0.000000000000e+00,0.000000000000e+00,5.045650279102e-06,1.727820120741e-05,0.000000000000e+00,0.000000000000e+00,1.000000000000e+00,-9.436911934829e-02,-4.041295148124e-10,-1.082482388830e-09,0.000000000000e+00,0.000000000000e+00,0.000000000000e+00,1.000000000599e+00,5.533232000055e-05,-1.750617082080e-05,-5.467229067845e-06,0.000000000000e+00,0.000000000000e+00
1.000000000000e-11,OK,,5.519692340883e-05,-1.759838753771e-05,-5.506955777719e-06,1.759838753771e-05,5.506955777719e-06,1.759838753771e-05,8.561362700000e-09,4.767134300000e-07,3.000000000000e-05,4,1,1.875000000000e-06,60,3.387941999827e+00,BORIS,L4/dt-1e-11/eps-3e-05/ranks-1,5.519692340883e-05,7.107734277610e-06,R34,3.163580000000e+00,-1.386364877533e+00,-1.278883885798e+00,0.000000000000e+00,0.000000000000e+00,0.000000000000e+00,-7.209474483552e-01,-1.386365244279e+00,0.000000000000e+00,0.000000000000e+00,0.000000000000e+00,0.000000000000e+00,0.000000000000e+00,3.851325019996e+00,1.040670796106e+01,0.000000000000e+00,0.000000000000e+00,0.000000000000e+00,0.000000000000e+00,1.329210605344e+00,3.851325585754e+00,0.000000000000e+00,0.000000000000e+00,4.576106732178e-06,1.763849142315e-05,0.000000000000e+00,0.000000000000e+00,1.000000000000e+00,-9.436880919038e-02,4.488190093694e-10,-8.840812670238e-11,0.000000000000e+00,0.000000000000e+00,0.000000000000e+00,1.000000000660e+00,5.519992000025e-05,-1.759048073562e-05,-5.503322985655e-06,0.000000000000e+00,0.000000000000e+00
1.000000000000e-11,OK,,5.532992340918e-05,-1.739321009114e-05,-5.445397787924e-06,1.739321009114e-05,5.445397787924e-06,1.739321009114e-05,1.021292600000e-09,2.247868300000e-05,1.000000000000e-04,4,1,6.250000000000e-06,60,3.368415958015e+00,BORIS,L4/dt-1e-11/eps-0.0001/ranks-1,5.532992340918e-05,7.660508760245e-06,R34,3.147570000000e+00,-1.386364713045e+00,-1.278883385169e+00,0.000000000000e+00,0.000000000000e+00,0.000000000000e+00,-7.209473984333e-01,-1.386365096601e+00,0.000000000000e+00,0.000000000000e+00,0.000000000000e+00,0.000000000000e+00,0.000000000000e+00,3.851324959797e+00,1.040670782806e+01,0.000000000000e+00,0.000000000000e+00,0.000000000000e+00,0.000000000000e+00,1.329210574572e+00,3.851325516736e+00,0.000000000000e+00,0.000000000000e+00,-1.748840131949e-05,3.021691742920e-05,0.000000000000e+00,0.000000000000e+00,1.000000000000e+00,-9.435660890959e-02,2.171863339663e-12,5.677003670361e-11,0.000000000000e+00,0.000000000000e+00,0.000000000000e+00,9.999999997201e-01,5.533292000059e-05,-1.738720564494e-05,-5.443991952671e-06,0.000000000000e+00,0.000000000000e+00
1.000000000000e-11,OK,,5.532920340912e-05,-1.745044485347e-05,-5.465046560119e-06,1.745044485347e-05,5.465046560119e-06,1.745044485347e-05,7.971647800000e-10,7.493029800000e-06,3.000000000000e-04,4,1,1.875000000000e-05,60,3.377825791016e+00,BORIS,L4/dt-1e-11/eps-0.0003/ranks-1,5.532920340912e-05,7.201773842049e-06,R34,3.157150000000e+00,-1.386364747608e+00,-1.278883518590e+00,0.000000000000e+00,0.000000000000e+00,0.000000000000e+00,-7.209474115848e-01,-1.386365143129e+00,0.000000000000e+00,0.000000000000e+00,0.000000000000e+00,0.000000000000e+00,0.000000000000e+00,3.851324959856e+00,1.040670782878e+01,0.000000000000e+00,0.000000000000e+00,0.000000000000e+00,0.000000000000e+00,1.329210574602e+00,3.851325517168e+00,0.000000000000e+00,0.000000000000e+00,-2.488728568194e-06,2.155923821231e-05,0.000000000000e+00,0.000000000000e+00,1.000000000000e+00,-9.436495493186e-02,4.195149672521e-11,4.285006406371e-11,0.000000000000e+00,0.000000000000e+00,0.000000000000e+00,9.999999999124e-01,5.533220000054e-05,-1.744369916294e-05,-5.463194089913e-06,0.000000000000e+00,0.000000000000e+00
1.000000000000e-11,OK,,5.535628340958e-05,-1.745070371735e-05,-5.465224916621e-06,1.745070371735e-05,5.465224916621e-06,1.745070371735e-05,1.940775200000e-08,2.247760400000e-06,1.000000000000e-03,4,1,6.250000000000e-05,60,3.303994665854e+00,BORIS,L4/dt-1e-11/eps-0.001/ranks-1,5.535628340958e-05,7.116725102500e-06,R34,3.083730000000e+00,-1.386364748154e+00,-1.278883519327e+00,0.000000000000e+00,0.000000000000e+00,0.000000000000e+00,-7.209474120675e-01,-1.386365143846e+00,0.000000000000e+00,0.000000000000e+00,0.000000000000e+00,0.000000000000e+00,0.000000000000e+00,3.851324955905e+00,1.040670780170e+01,0.000000000000e+00,0.000000000000e+00,0.000000000000e+00,0.000000000000e+00,1.329210572582e+00,3.851325501309e+00,0.000000000000e+00,0.000000000000e+00,2.756484639144e-06,1.851060694634e-05,0.000000000000e+00,0.000000000000e+00,1.000000000000e+00,-9.436788528422e-02,-5.206122592685e-12,-6.615957972045e-13,0.000000000000e+00,0.000000000000e+00,0.000000000000e+00,9.999999999755e-01,5.535928000100e-05,-1.744404590414e-05,-5.463239174577e-06,0.000000000000e+00,0.000000000000e+00
1.000000000000e-11,OK,,5.560477340971e-05,-1.745070816731e-05,-5.465235596803e-06,1.745070816731e-05,5.465235596803e-06,1.745070816731e-05,9.719384600000e-09,7.491250300000e-07,3.000000000000e-03,4,1,1.875000000000e-04,60,3.287230334012e+00,BORIS,L4/dt-1e-11/eps-0.003/ranks-1,5.560477340971e-05,7.119757868310e-06,R34,3.065280000000e+00,-1.386364748128e+00,-1.278883519365e+00,0.000000000000e+00,0.000000000000e+00,0.000000000000e+00,-7.209474120436e-01,-1.386365143829e+00,0.000000000000e+00,0.000000000000e+00,0.000000000000e+00,0.000000000000e+00,0.000000000000e+00,3.851324838691e+00,1.040670755321e+01,0.000000000000e+00,0.000000000000e+00,0.000000000000e+00,0.000000000000e+00,1.329210512664e+00,3.851325373377e+00,0.000000000000e+00,0.000000000000e+00,4.255107639512e-06,1.763949560966e-05,0.000000000000e+00,0.000000000000e+00,1.000000000000e+00,-9.436872239319e-02,2.695061375040e-12,4.731232181780e-12,0.000000000000e+00,0.000000000000e+00,0.000000000000e+00,1.000000000007e+00,5.560777000113e-05,-1.744399558215e-05,-5.463242167288e-06,0.000000000000e+00,0.000000000000e+00
1.000000000000e-11,OK,,5.535685340874e-05,-1.745072234682e-05,-5.465242021940e-06,1.745072234682e-05,5.465242021940e-06,1.745072234682e-05,2.901908500000e-08,2.251647300000e-07,1.000000000000e-02,4,1,6.250000000000e-04,60,3.291230208939e+00,BORIS,L4/dt-1e-11/eps-0.01/ranks-1,5.535685340874e-05,7.094380740835e-06,R34,3.066820000000e+00,-1.386364748125e+00,-1.278883519371e+00,0.000000000000e+00,0.000000000000e+00,0.000000000000e+00,-7.209474120495e-01,-1.386365143831e+00,0.000000000000e+00,0.000000000000e+00,0.000000000000e+00,0.000000000000e+00,0.000000000000e+00,3.851324959797e+00,1.040670780113e+01,0.000000000000e+00,0.000000000000e+00,0.000000000000e+00,0.000000000000e+00,1.329210574571e+00,3.851325500113e+00,0.000000000000e+00,0.000000000000e+00,4.779069476056e-06,1.733428585242e-05,0.000000000000e+00,0.000000000000e+00,1.000000000000e+00,-9.436901567854e-02,2.713503641106e-13,-1.350315656004e-12,0.000000000000e+00,0.000000000000e+00,0.000000000000e+00,1.000000000001e+00,5.535985000016e-05,-1.744401446567e-05,-5.463216886328e-06,0.000000000000e+00,0.000000000000e+00
1.000000000000e-11,OK,,5.571885340849e-05,-1.745071490266e-05,-5.465235342006e-06,1.745071490266e-05,5.465235342006e-06,1.745071490266e-05,9.415497300000e-09,6.438593800000e-08,3.000000000000e-02,4,1,1.875000000000e-03,60,3.229726459133e+00,BORIS,L4/dt-1e-11/eps-0.03/ranks-1,5.571885340849e-05,7.122832999231e-06,R34,3.010920000000e+00,-1.386364748100e+00,-1.278883519388e+00,0.000000000000e+00,0.000000000000e+00,0.000000000000e+00,-7.209474120324e-01,-1.386365143840e+00,0.000000000000e+00,0.000000000000e+00,0.000000000000e+00,0.000000000000e+00,0.000000000000e+00,3.851324778500e+00,1.040670743913e+01,0.000000000000e+00,0.000000000000e+00,0.000000000000e+00,0.000000000000e+00,1.329210481896e+00,3.851325316035e+00,0.000000000000e+00,0.000000000000e+00,4.939852150039e-06,1.725291688359e-05,0.000000000000e+00,0.000000000000e+00,1.000000000000e+00,-9.436909382989e-02,4.365548583916e-13,2.005305978775e-13,0.000000000000e+00,0.000000000000e+00,0.000000000000e+00,9.999999999999e-01,5.572184999991e-05,-1.744399700709e-05,-5.463204225959e-06,0.000000000000e+00,0.000000000000e+00
1.000000000000e-11,OK,,5.559571340896e-05,-1.745072006079e-05,-5.465242873648e-06,1.745072006079e-05,5.465242873648e-06,1.745072006079e-05,8.447962300000e-10,1.847951800000e-08,1.000000000000e-01,4,1,6.250000000000e-03,60,3.235185207799e+00,BORIS,L4/dt-1e-11/eps-0.1/ranks-1,5.559571340896e-05,7.112279369704e-06,R34,3.014450000000e+00,-1.386364748115e+00,-1.278883519323e+00,0.000000000000e+00,0.000000000000e+00,0.000000000000e+00,-7.209474120463e-01,-1.386365143809e+00,0.000000000000e+00,0.000000000000e+00,0.000000000000e+00,0.000000000000e+00,0.000000000000e+00,3.851324838952e+00,1.040670756227e+01,0.000000000000e+00,0.000000000000e+00,0.000000000000e+00,0.000000000000e+00,1.329210512797e+00,3.851325378914e+00,0.000000000000e+00,0.000000000000e+00,4.992150771323e-06,1.722214050765e-05,0.000000000000e+00,0.000000000000e+00,1.000000000000e+00,-9.436912342063e-02,1.402333282487e-13,-3.740585748565e-14,0.000000000000e+00,0.000000000000e+00,0.000000000000e+00,1.000000000000e+00,5.559871000038e-05,-1.744400525834e-05,-5.463214735785e-06,0.000000000000e+00,0.000000000000e+00
3.000000000000e-11,OK,,4.975806234100e-04,-1.575416504096e-04,-4.925995741064e-05,1.575416504096e-04,4.925995741064e-05,1.575416504096e-04,5.466832900000e-08,2.485507100000e-07,1.000000000000e-06,4,1,6.250000000000e-08,60,2.939953541849e+00,BORIS,L4/dt-3e-11/eps-1e-06/ranks-1,4.975806234100e-04,6.386008576490e-05,R34,2.722800000000e+00,-1.386465193880e+00,-1.279214414015e+00,0.000000000000e+00,0.000000000000e+00,0.000000000000e+00,-7.209818554840e-01,-1.386468590995e+00,0.000000000000e+00,0.000000000000e+00,0.000000000000e+00,0.000000000000e+00,0.000000000000e+00,3.851108023164e+00,1.040626557736e+01,0.000000000000e+00,0.000000000000e+00,0.000000000000e+00,0.000000000000e+00,1.329108143351e+00,3.851113038352e+00,0.000000000000e+00,0.000000000000e+00,4.503894236534e-05,1.552048753902e-04,0.000000000000e+00,0.000000000000e+00,9.999999999864e-01,-9.430437459419e-02,-4.002027803786e-10,-1.296420604014e-08,0.000000000000e+00,0.000000000000e+00,0.000000000000e+00,9.999999932666e-01,4.975836200014e-04,-1.575369265548e-04,-4.915984109740e-05,0.000000000000e+00,0.000000000000e+00
3.000000000000e-11,OK,,4.974563334095e-04,-1.575055173616e-04,-4.927978414119e-05,1.575055173616e-04,4.927978414119e-05,1.575055173616e-04,2.039025100000e-08,2.912559800000e-08,3.000000000000e-06,4,1,1.875000000000e-07,60,2.951602000045e+00,BORIS,L4/dt-3e-11/eps-3e-06/ranks-1,4.974563334095e-04,6.384886082233e-05,R34,2.731510000000e+00,-1.386465178042e+00,-1.279214341153e+00,0.000000000000e+00,0.000000000000e+00,0.000000000000e+00,-7.209818247062e-01,-1.386468484668e+00,0.000000000000e+00,0.000000000000e+00,0.000000000000e+00,0.000000000000e+00,0.000000000000e+00,3.851108079412e+00,1.040626570165e+01,0.000000000000e+00,0.000000000000e+00,0.000000000000e+00,0.000000000000e+00,1.329108172104e+00,3.851113102860e+00,0.000000000000e+00,0.000000000000e+00,4.525446036182e-05,1.553670764946e-04,0.000000000000e+00,0.000000000000e+00,9.999999999977e-01,-9.430436565636e-02,-3.080538504647e-09,-9.763548435725e-09,0.000000000000e+00,0.000000000000e+00,0.000000000000e+00,9.999999950408e-01,4.974593300009e-04,-1.575122298698e-04,-4.927806076360e-05,0.000000000000e+00,0.000000000000e+00
3.000000000000e-11,OK,,4.978551634096e-04,-1.575233380730e-04,-4.927520828967e-05,1.575233380730e-04,4.927520828967e-05,1.575233380730e-04,9.512771000000e-09,2.835281400000e-07,1.000000000000e-05,4,1,6.250000000000e-07,60,2.945556582883e+00,BORIS,L4/dt-3e-11/eps-1e-05/ranks-1,4.978551634096e-04,6.388072451450e-05,R34,2.724140000000e+00,-1.386465193820e+00,-1.279214380290e+00,0.000000000000e+00,0.000000000000e+00,0.000000000000e+00,-7.209818330953e-01,-1.386468514734e+00,0.000000000000e+00,0.000000000000e+00,0.000000000000e+00,0.000000000000e+00,0.000000000000e+00,3.851107898048e+00,1.040626530282e+01,0.000000000000e+00,0.000000000000e+00,0.000000000000e+00,0.000000000000e+00,1.329108079394e+00,3.851112896065e+00,0.000000000000e+00,0.000000000000e+00,4.553659653057e-05,1.551669163188e-04,0.000000000000e+00,0.000000000000e+00,1.000000000001e+00,-9.430445776184e-02,3.756211170213e-10,-8.244087142532e-10,0.000000000000e+00,0.000000000000e+00,0.000000000000e+00,1.000000000319e+00,4.978581600010e-04,-1.575158268851e-04,-4.926629646286e-05,0.000000000000e+00,0.000000000000e+00
3.000000000000e-11,OK,,4.975991434097e-04,-1.588956275157e-04,-4.965095628004e-05,1.588956275157e-04,4.965095628004e-05,1.588956275157e-04,2.668335100000e-08,1.304477100000e-05,3.000000000000e-05,4,1,1.875000000000e-06,60,2.973386165919e+00,BORIS,L4/dt-3e-11/eps-3e-05/ranks-1,4.975991434097e-04,6.420869848359e-05,R34,2.742720000000e+00,-1.386466268241e+00,-1.279217698933e+00,0.000000000000e+00,0.000000000000e+00,0.000000000000e+00,-7.209821256168e-01,-1.386469424490e+00,0.000000000000e+00,0.000000000000e+00,0.000000000000e+00,0.000000000000e+00,0.000000000000e+00,3.851108023105e+00,1.040626555884e+01,0.000000000000e+00,0.000000000000e+00,0.000000000000e+00,0.000000000000e+00,1.329108143321e+00,3.851113026936e+00,0.000000000000e+00,0.000000000000e+00,3.267672851573e-05,1.643584149468e-04,0.000000000000e+00,0.000000000000e+00,1.000000000000e+00,-9.429639878924e-02,3.336141900740e-10,7.899203997950e-10,0.000000000000e+00,0.000000000000e+00,0.000000000000e+00,9.999999999139e-01,4.976021400012e-04,-1.588877207136e-04,-4.964732348798e-05,0.000000000000e+00,0.000000000000e+00
3.000000000000e-11,OK,,5.627476620027e-04,-1.546427563363e-04,-4.848259828579e-05,1.546427563363e-04,4.848259828579e-05,1.546427563363e-04,2.632628200000e-08,6.070228500000e-04,1.000000000000e-04,4,1,6.250000000000e-06,60,2.992486957926e+00,BORIS,L4/dt-3e-11/eps-0.0001/ranks-1,5.627476620027e-04,9.394672339384e-05,R51,2.775500000000e+00,-1.386462856940e+00,-1.279207367533e+00,0.000000000000e+00,0.000000000000e+00,0.000000000000e+00,-7.209811864935e-01,-1.386466582668e+00,0.000000000000e+00,0.000000000000e+00,0.000000000000e+00,0.000000000000e+00,0.000000000000e+00,3.851108083304e+00,1.040626571021e+01,0.000000000000e+00,0.000000000000e+00,0.000000000000e+00,0.000000000000e+00,1.329108174093e+00,3.851113107297e+00,0.000000000000e+00,0.000000000000e+00,-5.627476620026e-04,5.049376866566e-04,0.000000000000e+00,0.000000000000e+00,1.000000000000e+00,-9.396656320068e-02,1.096275362363e-10,2.131385531028e-10,0.000000000000e+00,0.000000000000e+00,0.000000000000e+00,1.000000000031e+00,5.627498175085e-04,-1.546367518901e-04,-4.848119245054e-05,0.000000000000e+00,0.000000000000e+00
3.000000000000e-11,OK,,4.975887134098e-04,-1.546598321026e-04,-4.848853571863e-05,1.546598321026e-04,4.848853571863e-05,1.546598321026e-04,2.331439100000e-08,2.023488700000e-04,3.000000000000e-04,4,1,1.875000000000e-05,60,2.973225832917e+00,BORIS,L4/dt-3e-11/eps-0.0003/ranks-1,4.975887134098e-04,6.863071929637e-05,R34,2.754220000000e+00,-1.386462870417e+00,-1.279207408078e+00,0.000000000000e+00,0.000000000000e+00,0.000000000000e+00,-7.209811910370e-01,-1.386466596657e+00,0.000000000000e+00,0.000000000000e+00,0.000000000000e+00,0.000000000000e+00,0.000000000000e+00,3.851108019213e+00,1.040626556927e+01,0.000000000000e+00,0.000000000000e+00,0.000000000000e+00,0.000000000000e+00,1.329108141331e+00,3.851113034218e+00,0.000000000000e+00,0.000000000000e+00,-1.580695899549e-04,2.699163599912e-04,0.000000000000e+00,0.000000000000e+00,1.000000000000e+00,-9.419250504277e-02,-3.725316948229e-12,-3.824934048566e-11,0.000000000000e+00,0.000000000000e+00,0.000000000000e+00,1.000000000007e+00,4.975917100012e-04,-1.546530864121e-04,-4.848668324842e-05,0.000000000000e+00,0.000000000000e+00
3.000000000000e-11,OK,,4.976072334095e-04,-1.546502754536e-04,-4.848561592857e-05,1.546502754536e-04,4.848561592857e-05,1.546502754536e-04,3.260625400000e-08,6.070832300000e-05,1.000000000000e-03,4,1,6.250000000000e-05,60,2.927856707945e+00,BORIS,L4/dt-3e-11/eps-0.001/ranks-1,4.976072334095e-04,6.428621380889e-05,R34,2.708920000000e+00,-1.386462875172e+00,-1.279207392428e+00,0.000000000000e+00,0.000000000000e+00,0.000000000000e+00,-7.209811922283e-01,-1.386466592062e+00,0.000000000000e+00,0.000000000000e+00,0.000000000000e+00,0.000000000000e+00,0.000000000000e+00,3.851108019154e+00,1.040626555075e+01,0.000000000000e+00,0.000000000000e+00,0.000000000000e+00,0.000000000000e+00,1.329108141301e+00,3.851113022802e+00,0.000000000000e+00,0.000000000000e+00,-1.643188991987e-05,1.876466450258e-04,0.000000000000e+00,0.000000000000e+00,1.000000000000e+00,-9.427159090842e-02,1.059891863697e-12,-6.789043331494e-12,0.000000000000e+00,0.000000000000e+00,0.000000000000e+00,1.000000000003e+00,4.976102300009e-04,-1.546436176404e-04,-4.848363018653e-05,0.000000000000e+00,0.000000000000e+00
3.000000000000e-11,OK,,4.978279534100e-04,-1.546502343987e-04,-4.848554972775e-05,1.546502343987e-04,4.848554972775e-05,1.546502343987e-04,6.160969300000e-09,2.024088600000e-05,3.000000000000e-03,4,1,1.875000000000e-04,60,2.973072124878e+00,BORIS,L4/dt-3e-11/eps-0.003/ranks-1,4.978279534100e-04,6.365774473464e-05,R34,2.754090000000e+00,-1.386462875436e+00,-1.279207393333e+00,0.000000000000e+00,0.000000000000e+00,0.000000000000e+00,-7.209811923677e-01,-1.386466592559e+00,0.000000000000e+00,0.000000000000e+00,0.000000000000e+00,0.000000000000e+00,0.000000000000e+00,3.851107902057e+00,1.040626533003e+01,0.000000000000e+00,0.000000000000e+00,0.000000000000e+00,0.000000000000e+00,1.329108081444e+00,3.851112911986e+00,0.000000000000e+00,0.000000000000e+00,2.403561049157e-05,1.641427768194e-04,0.000000000000e+00,0.000000000000e+00,1.000000000000e+00,-9.429418618305e-02,-3.915283589396e-12,-6.728623553654e-12,0.000000000000e+00,0.000000000000e+00,0.000000000000e+00,9.999999999993e-01,4.978309500014e-04,-1.546435218135e-04,-4.848355629824e-05,0.000000000000e+00,0.000000000000e+00
3.000000000000e-11,OK,,4.978551734087e-04,-1.546508355463e-04,-4.848595047652e-05,1.546508355463e-04,4.848595047652e-05,1.546508355463e-04,1.327142700000e-08,6.077605500000e-06,1.000000000000e-02,4,1,6.250000000000e-04,60,2.980039542075e+00,BORIS,L4/dt-3e-11/eps-0.01/ranks-1,4.978551734087e-04,6.349990006508e-05,R34,2.761380000000e+00,-1.386462875125e+00,-1.279207393431e+00,0.000000000000e+00,0.000000000000e+00,0.000000000000e+00,-7.209811921780e-01,-1.386466592633e+00,0.000000000000e+00,0.000000000000e+00,0.000000000000e+00,0.000000000000e+00,0.000000000000e+00,3.851107898048e+00,1.040626530281e+01,0.000000000000e+00,0.000000000000e+00,0.000000000000e+00,0.000000000000e+00,1.329108079394e+00,3.851112896059e+00,0.000000000000e+00,0.000000000000e+00,3.819876799687e-05,1.559157001879e-04,0.000000000000e+00,0.000000000000e+00,1.000000000000e+00,-9.430209463347e-02,9.699394225534e-14,1.384663482437e-12,0.000000000000e+00,0.000000000000e+00,0.000000000000e+00,1.000000000000e+00,4.978581700001e-04,-1.546441276651e-04,-4.848392534091e-05,0.000000000000e+00,0.000000000000e+00
3.000000000000e-11,OK,,4.974924434098e-04,-1.546504572778e-04,-4.848570074140e-05,1.546504572778e-04,4.848570074140e-05,1.546504572778e-04,5.084856800000e-08,2.031490700000e-06,3.000000000000e-02,4,1,1.875000000000e-03,60,2.952313083922e+00,BORIS,L4/dt-3e-11/eps-0.03/ranks-1,4.974924434098e-04,6.343081577081e-05,R34,2.729460000000e+00,-1.386462875354e+00,-1.279207394241e+00,0.000000000000e+00,0.000000000000e+00,0.000000000000e+00,-7.209811923145e-01,-1.386466593132e+00,0.000000000000e+00,0.000000000000e+00,0.000000000000e+00,0.000000000000e+00,0.000000000000e+00,3.851108079404e+00,1.040626566554e+01,0.000000000000e+00,0.000000000000e+00,0.000000000000e+00,0.000000000000e+00,1.329108172100e+00,3.851113080569e+00,0.000000000000e+00,0.000000000000e+00,4.224495628161e-05,1.535637493356e-04,0.000000000000e+00,0.000000000000e+00,1.000000000000e+00,-9.430435500685e-02,-4.859308571277e-14,6.238534189014e-14,0.000000000000e+00,0.000000000000e+00,0.000000000000e+00,1.000000000000e+00,4.974954400012e-04,-1.546437393822e-04,-4.848366962535e-05,0.000000000000e+00,0.000000000000e+00
3.000000000000e-11,OK,,4.979531534097e-04,-1.546511754404e-04,-4.848616146746e-05,1.546511754404e-04,4.848616146746e-05,1.546511754404e-04,1.510090400000e-08,5.785498400000e-07,1.000000000000e-01,4,1,6.250000000000e-03,60,2.948932165978e+00,BORIS,L4/dt-3e-11/eps-0.1/ranks-1,4.979531534097e-04,6.345636371023e-05,R34,2.730510000000e+00,-1.386462875340e+00,-1.279207393417e+00,0.000000000000e+00,0.000000000000e+00,0.000000000000e+00,-7.209811923069e-01,-1.386466592614e+00,0.000000000000e+00,0.000000000000e+00,0.000000000000e+00,0.000000000000e+00,0.000000000000e+00,3.851107841229e+00,1.040626520483e+01,0.000000000000e+00,0.000000000000e+00,0.000000000000e+00,0.000000000000e+00,1.329108050351e+00,3.851112847920e+00,0.000000000000e+00,0.000000000000e+00,4.369777617818e-05,1.527553544050e-04,0.000000000000e+00,0.000000000000e+00,1.000000000000e+00,-9.430512810259e-02,-3.902154714063e-14,-5.786200952747e-14,0.000000000000e+00,0.000000000000e+00,0.000000000000e+00,9.999999999998e-01,4.979561500011e-04,-1.546444606379e-04,-4.848413332960e-05,0.000000000000e+00,0.000000000000e+00
1.000000000000e-10,INVALID,time step too long for QACH field extent,,,,,,,,,1.000000000000e-06,4,1,6.250000000000e-08,60,2.225403338671e-01,BORIS,L4/dt-1e-10/eps-1e-06/ranks-1,,,,,,,,,,,,,,,,,,,,,,,,,,,,,,,,,,,,,,,,,,,
1.000000000000e-10,INVALID,time step too long for QACH field extent,,,,,,,,,3.000000000000e-06,4,1,1.875000000000e-07,60,2.165760409553e-01,BORIS,L4/dt-1e-10/eps-3e-06/ranks-1,,,,,,,,,,,,,,,,,,,,,,,,,,,,,,,,,,,,,,,,,,,
1.000000000000e-10,INVALID,time step too long for QACH field extent,,,,,,,,,1.000000000000e-05,4,1,6.250000000000e-07,60,2.167750420049e-01,BORIS,L4/dt-1e-10/eps-1e-05/ranks-1,,,,,,,,,,,,,,,,,,,,,,,,,,,,,,,,,,,,,,,,,,,
1.000000000000e-10,INVALID,time step too long for QACH field extent,,,,,,,,,3.000000000000e-05,4,1,1.875000000000e-06,60,2.295257910155e-01,BORIS,L4/dt-1e-10/eps-3e-05/ranks-1,,,,,,,,,,,,,,,,,,,,,,,,,,,,,,,,,,,,,,,,,,,
1.000000000000e-10,INVALID,time step too long for QACH field extent,,,,,,,,,1.000000000000e-04,4,1,6.250000000000e-06,60,2.295982078649e-01,BORIS,L4/dt-1e-10/eps-0.0001/ranks-1,,,,,,,,,,,,,,,,,,,,,,,,,,,,,,,,,,,,,,,,,,,
1.000000000000e-10,INVALID,time step too long for QACH field extent,,,,,,,,,3.000000000000e-04,4,1,1.875000000000e-05,60,2.293298339937e-01,BORIS,L4/dt-1e-10/eps-0.0003/ranks-1,,,,,,,,,,,,,,,,,,,,,,,,,,,,,,,,,,,,,,,,,,,
1.000000000000e-10,INVALID,time step too long for QACH field extent,,,,,,,,,1.000000000000e-03,4,1,6.250000000000e-05,60,2.296371660195e-01,BORIS,L4/dt-1e-10/eps-0.001/ranks-1,,,,,,,,,,,,,,,,,,,,,,,,,,,,,,,,,,,,,,,,,,,
1.000000000000e-10,INVALID,time step too long for QACH field extent,,,,,,,,,3.000000000000e-03,4,1,1.875000000000e-04,60,2.253409170080e-01,BORIS,L4/dt-1e-10/eps-0.003/ranks-1,,,,,,,,,,,,,,,,,,,,,,,,,,,,,,,,,,,,,,,,,,,
1.000000000000e-10,INVALID,time step too long for QACH field extent,,,,,,,,,1.000000000000e-02,4,1,6.250000000000e-04,60,2.256039159838e-01,BORIS,L4/dt-1e-10/eps-0.01/ranks-1,,,,,,,,,,,,,,,,,,,,,,,,,,,,,,,,,,,,,,,,,,,
1.000000000000e-10,INVALID,time step too long for QACH field extent,,,,,,,,,3.000000000000e-02,4,1,1.875000000000e-03,60,2.254123748280e-01,BORIS,L4/dt-1e-10/eps-0.03/ranks-1,,,,,,,,,,,,,,,,,,,,,,,,,,,,,,,,,,,,,,,,,,,
1.000000000000e-10,INVALID,time step too long for QACH field extent,,,,,,,,,1.000000000000e-01,4,1,6.250000000000e-03,60,2.254362080712e-01,BORIS,L4/dt-1e-10/eps-0.1/ranks-1,,,,,,,,,,,,,,,,,,,,,,,,,,,,,,,,,,,,,,,,,,,
3.000000000000e-13,OK,,7.624548437057e-08,-3.498803995650e-08,-1.003789629190e-08,3.498803995650e-08,1.003789629190e-08,3.498803995650e-08,1.746577500000e-09,2.256576700000e-09,1.000000000000e-04,0,2,1.000000000000e-04,12,4.893532834016e+00,BORIS,L0/dt-3e-13/eps-0.0001/ranks-2,7.624548437057e-08,8.191948196673e-09,R12,4.648950000000e+00,-1.386352277316e+00,-1.278842395625e+00,0.000000000000e+00,0.000000000000e+00,0.000000000000e+00,-7.209431287962e-01,-1.386352276497e+00,0.000000000000e+00,0.000000000000e+00,0.000000000000e+00,0.000000000000e+00,0.000000000000e+00,3.851352102824e+00,1.040676317017e+01,0.000000000000e+00,0.000000000000e+00,0.000000000000e+00,0.000000000000e+00,1.329223390682e+00,3.851352104818e+00,0.000000000000e+00,0.000000000000e+00,1.003760530109e-08,3.507053795981e-08,0.000000000000e+00,0.000000000000e+00,1.000000000000e+00,-9.437721698265e-02,-2.754592946405e-11,-6.904604385360e-11,0.000000000000e+00,0.000000000000e+00,0.000000000000e+00,9.999999999792e-01,0.000000000000e+00,0.000000000000e+00,0.000000000000e+00,0.000000000000e+00,0.000000000000e+00
3.000000000000e-12,OK,,7.048341484461e-06,-3.003762200058e-06,-8.600417340520e-07,3.003762200058e-06,8.600417340520e-07,3.003762200058e-06,1.764501200000e-07,2.295271700000e-07,1.000000000000e-03,0,2,1.000000000000e-03,12,1.177674500039e+00,BORIS,L0/dt-3e-12/eps-0.001/ranks-2,7.048341484461e-06,7.348326702143e-07,R12,9.262820000000e-01,-1.386354308610e+00,-1.278849367721e+00,0.000000000000e+00,0.000000000000e+00,0.000000000000e+00,-7.209437093043e-01,-1.386354242449e+00,0.000000000000e+00,0.000000000000e+00,0.000000000000e+00,0.000000000000e+00,0.000000000000e+00,3.851352097717e+00,1.040676353294e+01,0.000000000000e+00,0.000000000000e+00,0.000000000000e+00,0.000000000000e+00,1.329223414924e+00,3.851352314277e+00,0.000000000000e+00,0.000000000000e+00,8.402950835852e-07,2.996836803017e-06,0.000000000000e+00,0.000000000000e+00,1.000000000000e+00,-9.437583613468e-02,-8.610805121300e-13,-3.683235263315e-12,0.000000000000e+00,0.000000000000e+00,0.000000000000e+00,1.000000000000e+00,0.000000000000e+00,0.000000000000e+00,0.000000000000e+00,0.000000000000e+00,0.000000000000e+00
1.000000000000e-13,OK,,9.762484376452e-09,-6.681321432576e-09,-2.019995273052e-09,6.681321432576e-09,2.019995273052e-09,6.681321432576e-09,1.105982000000e-11,6.826428300000e-12,3.000000000000e-03,1,2,1.500000000000e-03,24,2.477287525008e+01,BORIS,L1/dt-1e-13/eps-0.003/ranks-2,9.762484376452e-09,1.249214630047e-09,R12,2.452970000000e+01,-1.386352257957e+00,-1.278842329142e+00,0.000000000000e+00,0.000000000000e+00,0.000000000000e+00,-7.209431233595e-01,-1.386352257890e+00,0.000000000000e+00,0.000000000000e+00,0.000000000000e+00,0.000000000000e+00,0.000000000000e+00,3.851352100095e+00,1.040676316083e+01,0.000000000000e+00,0.000000000000e+00,0.000000000000e+00,0.000000000000e+00,1.329223389123e+00,3.851352099972e+00,0.000000000000e+00,0.000000000000e+00,2.017721051143e-09,6.679635562991e-09,0.000000000000e+00,0.000000000000e+00,1.000000000000e+00,-9.437723018162e-02,-4.300116563857e-12,-6.666702959926e-12,0.000000000000e+00,0.000000000000e+00,0.000000000000e+00,9.999999999940e-01,0.000000000000e+00,0.000000000000e+00,0.000000000000e+00,0.000000000000e+00,0.000000000000e+00
3.000000000000e-12,OK,,5.016973409155e-06,-1.591111086727e-06,-4.982437880608e-07,1.591111086727e-06,4.982437880608e-07,1.591111086727e-06,5.617728500000e-12,6.359839000000e-09,1.000000000000e-03,1,2,5.000000000000e-04,24,2.002061458072e+00,BORIS,L1/dt-3e-12/eps-0.001/ranks-2,5.016973409155e-06,6.440652604291e-07,R34,1.735120000000e+00,-1.386353392005e+00,-1.278846070504e+00,0.000000000000e+00,0.000000000000e+00,0.000000000000e+00,-7.209435125674e-01,-1.386353428484e+00,0.000000000000e+00,0.000000000000e+00,0.000000000000e+00,0.000000000000e+00,0.000000000000e+00,3.851349639496e+00,1.040675814101e+01,0.000000000000e+00,0.000000000000e+00,0.000000000000e+00,0.000000000000e+00,1.329222226567e+00,3.851349686723e+00,0.000000000000e+00,0.000000000000e+00,4.499988422848e-07,1.573557437365e-06,0.000000000000e+00,0.000000000000e+00,1.000000000000e+00,-9.437649190321e-02,6.027151292129e-12,7.507393660628e-12,0.000000000000e+00,0.000000000000e+00,0.000000000000e+00,9.999999999998e-01,0.000000000000e+00,0.000000000000e+00,0.000000000000e+00,0.000000000000e+00,0.000000000000e+00
1.000000000000e-13,OK,,9.820484425660e-09,-6.702398861847e-09,-2.015357968798e-09,6.702398861847e-09,2.015357968798e-09,6.702398861847e-09,1.605804400000e-11,1.972599900000e-11,3.000000000000e-03,2,2,7.500000000000e-04,36,3.616415754193e+01,BORIS,L2/dt-1e-13/eps-0.003/ranks-2,9.820484425660e-09,1.258141900766e-09,R12,3.591990000000e+01,-1.386352257980e+00,-1.278842329200e+00,0.000000000000e+00,0.000000000000e+00,0.000000000000e+00,-7.209431233639e-01,-1.386352257903e+00,0.000000000000e+00,0.000000000000e+00,0.000000000000e+00,0.000000000000e+00,0.000000000000e+00,3.851352100163e+00,1.040676316098e+01,0.000000000000e+00,0.000000000000e+00,0.000000000000e+00,0.000000000000e+00,1.329223389156e+00,3.851352100046e+00,0.000000000000e+00,0.000000000000e+00,2.026936773103e-09,6.704000034121e-09,0.000000000000e+00,0.000000000000e+00,1.000000000000e+00,-9.437723016935e-02,4.239140433965e-12,1.837592418712e-11,0.000000000000e+00,0.000000000000e+00,0.000000000000e+00,1.000000000020e+00,0.000000000000e+00,0.000000000000e+00,0.000000000000e+00,0.000000000000e+00,0.000000000000e+00
1.000000000000e-13,OK,,1.644265914535e-07,-3.034550164739e-08,-3.663058712628e-09,3.034550164739e-08,3.663058712628e-09,3.034550164739e-08,3.448879400000e-09,6.696372000000e-09,1.000000000000e-01,2,2,2.500000000000e-02,36,3.607498945785e+01,BORIS,L2/dt-1e-13/eps-0.1/ranks-2,1.644265914535e-07,1.860427075562e-08,R34,3.582650000000e+01,-1.386352280527e+00,-1.278842396701e+00,0.000000000000e+00,0.000000000000e+00,0.000000000000e+00,-7.209431303107e-01,-1.386352279211e+00,0.000000000000e+00,0.000000000000e+00,0.000000000000e+00,0.000000000000e+00,0.000000000000e+00,3.851352179409e+00,1.040676332241e+01,0.000000000000e+00,0.000000000000e+00,0.000000000000e+00,0.000000000000e+00,1.329223427203e+00,3.851352177585e+00,0.000000000000e+00,0.000000000000e+00,1.191877382913e-08,3.477051930138e-08,0.000000000000e+00,0.000000000000e+00,1.000000000000e+00,-9.437721396795e-02,3.620334415505e-13,4.016561757189e-13,0.000000000000e+00,0.000000000000e+00,0.000000000000e+00,1.000000000002e+00,0.000000000000e+00,0.000000000000e+00,0.000000000000e+00,0.000000000000e+00,0.000000000000e+00
3.000000000000e-12,OK,,5.016973409155e-06,-1.591126038047e-06,-4.982552715416e-07,1.591126038047e-06,4.982552715416e-07,1.591126038047e-06,4.430900100000e-13,1.477664200000e-08,1.000000000000e-03,2,2,2.500000000000e-04,36,2.791224000044e+00,BORIS,L2/dt-3e-12/eps-0.001/ranks-2,5.016973409155e-06,6.441279088594e-07,R34,2.549030000000e+00,-1.386353391998e+00,-1.278846070537e+00,0.000000000000e+00,0.000000000000e+00,0.000000000000e+00,-7.209435125675e-01,-1.386353428514e+00,0.000000000000e+00,0.000000000000e+00,0.000000000000e+00,0.000000000000e+00,0.000000000000e+00,3.851349639497e+00,1.040675814101e+01,0.000000000000e+00,0.000000000000e+00,0.000000000000e+00,0.000000000000e+00,1.329222226567e+00,3.851349686724e+00,0.000000000000e+00,0.000000000000e+00,4.415783752299e-07,1.577723069189e-06,0.000000000000e+00,0.000000000000e+00,1.000000000000e+00,-9.437648790293e-02,-9.624613200737e-12,-1.614445417166e-11,0.000000000000e+00,0.000000000000e+00,0.000000000000e+00,9.999999999973e-01,0.000000000000e+00,0.000000000000e+00,0.000000000000e+00,0.000000000000e+00,0.000000000000e+00
1.000000000000e-13,OK,,9.841484516215e-09,-6.720773569938e-09,-2.029719017472e-09,6.720773569938e-09,2.029719017472e-09,6.720773569938e-09,9.094058800000e-12,4.674480300000e-11,3.000000000000e-03,3,2,3.750000000000e-04,48,4.762743887515e+01,BORIS,L3/dt-1e-13/eps-0.003/ranks-2,9.841484516215e-09,1.260643476751e-09,R12,4.737700000000e+01,-1.386352257980e+00,-1.278842329221e+00,0.000000000000e+00,0.000000000000e+00,0.000000000000e+00,-7.209431233631e-01,-1.386352257921e+00,0.000000000000e+00,0.000000000000e+00,0.000000000000e+00,0.000000000000e+00,0.000000000000e+00,3.851352100163e+00,1.040676316098e+01,0.000000000000e+00,0.000000000000e+00,0.000000000000e+00,0.000000000000e+00,1.329223389156e+00,3.851352100046e+00,0.000000000000e+00,0.000000000000e+00,2.026612701821e-09,6.708471991364e-09,0.000000000000e+00,0.000000000000e+00,1.000000000000e+00,-9.437723016095e-02,1.359609772725e-11,4.674480342527e-11,0.000000000000e+00,0.000000000000e+00,0.000000000000e+00,1.000000000002e+00,0.000000000000e+00,0.000000000000e+00,0.000000000000e+00,0.000000000000e+00,0.000000000000e+00
1.000000000000e-13,OK,,9.834484560045e-09,-6.714994740616e-09,-2.032159697794e-09,6.714994740616e-09,2.032159697794e-09,6.714994740616e-09,1.422861800000e-12,2.122524400000e-12,1.000000000000e-01,3,2,1.250000000000e-02,48,4.745413220813e+01,BORIS,L3/dt-1e-13/eps-0.1/ranks-2,9.834484560045e-09,1.258840894896e-09,R12,4.721000000000e+01,-1.386352257978e+00,-1.278842329214e+00,0.000000000000e+00,0.000000000000e+00,0.000000000000e+00,-7.209431233687e-01,-1.386352257918e+00,0.000000000000e+00,0.000000000000e+00,0.000000000000e+00,0.000000000000e+00,0.000000000000e+00,3.851352100144e+00,1.040676316093e+01,0.000000000000e+00,0.000000000000e+00,0.000000000000e+00,0.000000000000e+00,1.329223389147e+00,3.851352100026e+00,0.000000000000e+00,0.000000000000e+00,2.025858940960e-09,6.709169599949e-09,0.000000000000e+00,0.000000000000e+00,1.000000000000e+00,-9.437723016585e-02,-7.587208565855e-13,-1.013694651962e-12,0.000000000000e+00,0.000000000000e+00,0.000000000000e+00,9.999999999979e-01,0.000000000000e+00,0.000000000000e+00,0.000000000000e+00,0.000000000000e+00,0.000000000000e+00
3.000000000000e-12,OK,,5.016973409155e-06,-1.591104338202e-06,-4.982477333496e-07,1.591104338202e-06,4.982477333496e-07,1.591104338202e-06,2.956746000000e-11,2.997662400000e-08,1.000000000000e-03,3,2,1.250000000000e-04,48,3.637207458029e+00,BORIS,L3/dt-3e-12/eps-0.001/ranks-2,5.016973409155e-06,6.442724442066e-07,R34,3.394340000000e+00,-1.386353392018e+00,-1.278846070517e+00,0.000000000000e+00,0.000000000000e+00,0.000000000000e+00,-7.209435125730e-01,-1.386353428495e+00,0.000000000000e+00,0.000000000000e+00,0.000000000000e+00,0.000000000000e+00,0.000000000000e+00,3.851349639497e+00,1.040675814101e+01,0.000000000000e+00,0.000000000000e+00,0.000000000000e+00,0.000000000000e+00,1.329222226567e+00,3.851349686724e+00,0.000000000000e+00,0.000000000000e+00,4.263713546476e-07,1.586620911943e-06,0.000000000000e+00,0.000000000000e+00,1.000000000000e+00,-9.437647938769e-02,9.924102664422e-12,-8.746075366117e-12,0.000000000000e+00,0.000000000000e+00,0.000000000000e+00,1.000000000019e+00,0.000000000000e+00,0.000000000000e+00,0.000000000000e+00,0.000000000000e+00,0.000000000000e+00
1.000000000000e-13,OK,,9.875484430211e-09,-6.712585162803e-09,-1.993429514569e-09,6.712585162803e-09,1.993429514569e-09,6.712585162803e-09,2.610067700000e-11,4.270724100000e-11,3.000000000000e-03,4,2,1.875000000000e-04,60,5.900833366602e+01,BORIS,L4/dt-1e-13/eps-0.003/ranks-2,9.875484430211e-09,1.262983965516e-09,R12,5.876280000000e+01,-1.386352258014e+00,-1.278842329255e+00,0.000000000000e+00,0.000000000000e+00,0.000000000000e+00,-7.209431233620e-01,-1.386352257894e+00,0.000000000000e+00,0.000000000000e+00,0.000000000000e+00,0.000000000000e+00,0.000000000000e+00,3.851352100163e+00,1.040676316098e+01,0.000000000000e+00,0.000000000000e+00,0.000000000000e+00,0.000000000000e+00,1.329223389156e+00,3.851352100046e+00,0.000000000000e+00,0.000000000000e+00,2.042397274994e-09,6.731853509059e-09,0.000000000000e+00,0.000000000000e+00,1.000000000000e+00,-9.437723015576e-02,5.756725146465e-12,-4.270724076373e-11,0.000000000000e+00,0.000000000000e+00,0.000000000000e+00,9.999999999803e-01,0.000000000000e+00,0.000000000000e+00,0.000000000000e+00,0.000000000000e+00,0.000000000000e+00
1.000000000000e-13,OK,,9.839484560459e-09,-6.714802454453e-09,-2.028137863411e-09,6.714802454453e-09,2.028137863411e-09,6.714802454453e-09,4.016786900000e-12,3.585925400000e-12,1.000000000000e-01,4,2,6.250000000000e-03,60,5.864548683306e+01,BORIS,L4/dt-1e-13/eps-0.1/ranks-2,9.839484560459e-09,1.260325430175e-09,R12,5.840100000000e+01,-1.386352257981e+00,-1.278842329219e+00,0.000000000000e+00,0.000000000000e+00,0.000000000000e+00,-7.209431233680e-01,-1.386352257917e+00,0.000000000000e+00,0.000000000000e+00,0.000000000000e+00,0.000000000000e+00,0.000000000000e+00,3.851352100163e+00,1.040676316098e+01,0.000000000000e+00,0.000000000000e+00,0.000000000000e+00,0.000000000000e+00,1.329223389156e+00,3.851352100046e+00,0.000000000000e+00,0.000000000000e+00,2.027311328143e-09,6.711757422425e-09,0.000000000000e+00,0.000000000000e+00,1.000000000000e+00,-9.437723016389e-02,-1.023768188920e-12,7.379654460393e-13,0.000000000000e+00,0.000000000000e+00,0.000000000000e+00,9.999999999979e-01,0.000000000000e+00,0.000000000000e+00,0.000000000000e+00,0.000000000000e+00,0.000000000000e+00
3.000000000000e-12,OK,,5.016973409155e-06,-1.591090491029e-06,-4.982434295696e-07,1.591090491029e-06,4.982434295696e-07,1.591090491029e-06,9.943468300000e-11,6.039123500000e-08,1.000000000000e-03,4,2,6.250000000000e-05,60,4.450124833034e+00,BORIS,L4/dt-3e-12/eps-0.001/ranks-2,5.016973409155e-06,6.445724004382e-07,R34,4.203650000000e+00,-1.386353392023e+00,-1.278846070501e+00,0.000000000000e+00,0.000000000000e+00,0.000000000000e+00,-7.209435126159e-01,-1.386353428474e+00,0.000000000000e+00,0.000000000000e+00,0.000000000000e+00,0.000000000000e+00,0.000000000000e+00,3.851349639497e+00,1.040675814101e+01,0.000000000000e+00,0.000000000000e+00,0.000000000000e+00,0.000000000000e+00,1.329222226567e+00,3.851349686724e+00,0.000000000000e+00,0.000000000000e+00,3.959556356332e-07,1.604287983307e-06,0.000000000000e+00,0.000000000000e+00,1.000000000000e+00,-9.437646239728e-02,-2.089138167895e-11,-6.648498726095e-11,0.000000000000e+00,0.000000000000e+00,0.000000000000e+00,9.999999999538e-01,0.000000000000e+00,0.000000000000e+00,0.000000000000e+00,0.000000000000e+00,0.000000000000e+00
