OPAL-X>               ____  _____        _       __   __
OPAL-X> [1;32m
OPAL-X> 
OPAL-X>   ██████  ██████   █████  ██      ██   ██
OPAL-X>  ██    ██ ██   ██ ██   ██ ██       ██ ██
OPAL-X>  ██    ██ ██████  ███████ ██        ███
OPAL-X>  ██    ██ ██      ██   ██ ██       ██ ██
OPAL-X>   ██████  ██      ██   ██ ███████ ██   ██
OPAL-X> 
OPAL-X>          This is OPALX (Object Oriented Parallel Accelerator Library for Exascale)
OPAL-X> 
OPAL-X> [0m
OPAL-X> 
OPAL-X> OPALX is the performance portable version of OPAL :: Version 0.9
OPAL-X>             git rev. 1177cfa4a273047f3e436a2f1e19954d1e38a40c
OPAL-X> 
OPAL-X> 
OPAL-X>              (c) PSI, https://github.com/OPALX-project/OPALX
OPAL-X> 
OPAL-X> 
OPAL-X> Please send cookies, goodies or other motivations (wine and beer ... ) 
OPAL-X> to the OPAL developers https://github.com/OPALX-project/OPALX/issues
OPAL-X> 
OPAL-X> Time: 08:56:28 date: 06/07/2026
OPAL-X> 
OPAL-X> * Host:   OpenMP
OPAL-X> * Device: OpenMP
OPAL-X> 
OPAL-X> * Reading input stream 'spacecharge_drift_withness.in'
OPAL-X> * ************* F I E L D S O L V E R ********************************************** 
OPAL-X> * FIELDSOLVER  FS0
OPAL-X> * BINS         SOURCEBINNING
OPAL-X> * TYPE         OPEN
OPAL-X> * RANKS        1
OPAL-X> * NX           64
OPAL-X> * NY           64
OPAL-X> * NZ           32
OPAL-X> * BBOXINCR     1
OPAL-X> * GREENSF      STANDARD
OPAL-X> * XDIM         serial  
OPAL-X> * YDIM         serial  
OPAL-X> * ZDIM         parallel  
OPAL-X> * ********************************************************************************** 
OPAL-X> 
OPAL-X> * ************* B I N N I N G ****************************************************** 
OPAL-X> * BINNING        SOURCEBINNING
OPAL-X> * MAXBINS        1
OPAL-X> * DESIREDWIDTH   0.1
OPAL-X> * BINNINGALPHA   1
OPAL-X> * BINNINGBETA    1
OPAL-X> * ADAPTIVEBINNING FALSE
OPAL-X> * PARAMETER      VELOCITYZ
OPAL-X> * TABLEPRINTFREQ 0
OPAL-X> * ********************************************************************************** 
OPAL-X> 
OPAL-X> * RUN resolved beams: PRIMARY_ELECTRONS, WITNESS_ELECTRONS, WITNESS_POSITRONS
OPAL-X> * ************* B E A M ************************************************************ 
OPAL-X> * BEAM        PRIMARY_ELECTRONS
OPAL-X> * PARTICLE    ELECTRON
OPAL-X> * REST MASS   0.000510999 [GeV]
OPAL-X> * CHARGE      -e * 1 
OPAL-X> * MOMENTUM    2.4551e+08 [eV/c]
OPAL-X> * MOMENTUM    0.24551 [GeV/c]
OPAL-X> * BCHARGE     2.00272e-09 [C]
OPAL-X> * NALLOC      400000
OPAL-X> * ********************************************************************************** 
OPAL-X> 
OPAL-X> * ************* B E A M ************************************************************ 
OPAL-X> * BEAM        WITNESS_ELECTRONS
OPAL-X> * PARTICLE    ELECTRON
OPAL-X> * REST MASS   0.000510999 [GeV]
OPAL-X> * CHARGE      -e * 1 
OPAL-X> * MOMENTUM    1 [eV/c]
OPAL-X> * MOMENTUM    0 [GeV/c]
OPAL-X> * BCHARGE     9.61306e-19 [C]
OPAL-X> * NALLOC      6
OPAL-X> * ********************************************************************************** 
OPAL-X> 
OPAL-X> * ************* B E A M ************************************************************ 
OPAL-X> * BEAM        WITNESS_POSITRONS
OPAL-X> * PARTICLE    POSITRON
OPAL-X> * REST MASS   0.000510999 [GeV]
OPAL-X> * CHARGE      +e * 1 
OPAL-X> * MOMENTUM    1 [eV/c]
OPAL-X> * MOMENTUM    0 [GeV/c]
OPAL-X> * BCHARGE     9.61306e-19 [C]
OPAL-X> * NALLOC      6
OPAL-X> * ********************************************************************************** 
OPAL-X> 
OPAL-X[2]> * Beam[0] PRIMARY_ELECTRONS macro charge per particle [C]: -5.0068e-15
OPAL-X[2]> * Beam[0] PRIMARY_ELECTRONS macro mass per particle [GeV/c^2]: 15.9687
OPAL-X[2]> * Beam[0] PRIMARY_ELECTRONS particles per macro particle: 31250
OPAL-X> 
OPAL-X[2]> * Beam[1] WITNESS_ELECTRONS macro charge per particle [C]: -1.60218e-19
OPAL-X[2]> * Beam[1] WITNESS_ELECTRONS macro mass per particle [GeV/c^2]: 0.000510999
OPAL-X[2]> * Beam[1] WITNESS_ELECTRONS particles per macro particle: 1
OPAL-X> 
OPAL-X[2]> * Beam[2] WITNESS_POSITRONS macro charge per particle [C]: 1.60218e-19
OPAL-X[2]> * Beam[2] WITNESS_POSITRONS macro mass per particle [GeV/c^2]: 0.000510999
OPAL-X[2]> * Beam[2] WITNESS_POSITRONS particles per macro particle: 1
OPAL-X> 
OPAL-X> * Creating new file for data: 'spacecharge_drift_withness_c0.stat'
OPAL-X> * Creating new file for data: 'spacecharge_drift_withness_c1.stat'
OPAL-X> * Creating new file for data: 'spacecharge_drift_withness_c2.stat'
OPAL-X> * Creating new file for data: 'spacecharge_drift_withness.lbal'
PartBunch::setSolver[2]> Initializing solver: OPEN
KOKKOS DEBUG[2]> =====================================
KOKKOS DEBUG[2]>  Kokkos Debug Information (Rank 0)
KOKKOS DEBUG[2]> =====================================
KOKKOS DEBUG[2]> CPU Threads (OpenMP): 8
KOKKOS DEBUG[2]> CUDA/HIP: GPU support disabled.
KOKKOS DEBUG[2]> Default Execution Space Concurrency: 8
KOKKOS DEBUG[2]> Binning cost function parameters: alpha = 1, beta = 1, desiredWidth = 0.1
KOKKOS DEBUG[2]> =====================================
PartBunch::pre_run[2]> Starting pre_run...
OPAL-X[2]> * BCHandler<3>: [OPEN, OPEN, OPEN]
OPAL-X[2]> * Particle sampling / sampler setup for all emission sources done.
OPAL-X[2]> * Configured emitting source of type FROMFILE with NPARTDIST = 6, t0 = 4e-12
OPAL-X[2]> * Particle sampling / sampler setup for all emission sources done.
OPAL-X[2]> * Configured emitting source of type FROMFILE with NPARTDIST = 6, t0 = 4e-12
OPAL-X[2]> * Particle sampling / sampler setup for all emission sources done.
OPAL-X> 
OPAL-X> * ************** B U N C H ********************************************************* 
OPAL-X> * CONTAINER       = 0
OPAL-X> * PARTICLES       = 400000
OPAL-X> * CHARGE          = -2.002721e-09 (Cb) 
OPAL-X> * QM STORAGE MODE = SINGLE
OPAL-X> * <EKIN>          = 245.000 [MeV]
OPAL-X> * <dEKIN>         = 0.000 [eV]
OPAL-X> * INTEGRATOR      = LF2
OPAL-X> * MIN R (origin)  = (     -5.82635 ,     -5.83371 ,    301.76564 ) [um]
OPAL-X> * MAX R (max ext) = (      0.00583 ,      0.00583 ,      3.90166 ) [mm]
OPAL-X> * RMS R           = (      1.91369 ,      1.91704 ,    592.37720 ) [um]
OPAL-X> * RMS P           = ( 4.814142e-10 , 4.792753e-10 , 3.737478e-10 ) [beta gamma]
OPAL-X> * Mean R          = ( -4.797595e-23 , -4.872134e-23 , 2.100833e-03 ) [m]
OPAL-X> * Mean P          = ( 6.849309e-13 , 6.080000e-13 , 4.804520e+02 ) [beta gamma]
OPAL-X> * MESH SPACING    = (      0.18583 ,      0.18590 ,    114.74662 ) [um]
OPAL-X> * COMPDOM INCR    = 1.000000e+00 (%) 
OPAL-X> * FIELD LAYOUT    = Domain = {[0:63:1],[0:63:1],[0:31:1]}
OPAL-X> Total number of boxes = 1
OPAL-X>     Box 0 {[0:63:1],[0:63:1],[0:31:1]}
OPAL-X> 
OPAL-X> * Centroid : 
OPAL-X> * -1.919038e-17 2.739724e-07 -1.948853e-17 2.432000e-07 8.403331e+02 1.921808e+08 
OPAL-X> * Cov Matrix : 
OPAL-X> * 3.662196e-12 -5.031682e-19 -2.655046e-15 3.489029e-18 1.686402e-12 3.912468e-21 
OPAL-X> * -5.031682e-19 2.317596e-19 -1.063820e-18 -2.389635e-22 5.412365e-16 9.759058e-25 
OPAL-X> * -2.655046e-15 -1.063820e-18 3.675029e-12 -3.263358e-19 -2.539447e-12 -3.113635e-21 
OPAL-X> * 3.489029e-18 -2.389635e-22 -3.263358e-19 2.297048e-19 1.493122e-16 1.295301e-24 
OPAL-X> * 1.686402e-12 5.412365e-16 -2.539447e-12 1.493122e-16 3.509107e-07 -3.659126e-19 
OPAL-X> * 3.912468e-21 9.759058e-25 -3.113635e-21 1.295301e-24 -3.659126e-19 1.396875e-19 
OPAL-X> * * ********************************************************************************** 
OPAL-X> 
OPAL-X> 
OPAL-X> * ************** B U N C H ********************************************************* 
OPAL-X> * CONTAINER       = 1
OPAL-X> * PARTICLES       = 0
OPAL-X> * CHARGE          = -0.000000e+00 (Cb) 
OPAL-X> * QM STORAGE MODE = SINGLE
OPAL-X> * <EKIN>          = 0.000 [eV]
OPAL-X> * <dEKIN>         = 0.000 [eV]
OPAL-X> * INTEGRATOR      = LF2
OPAL-X> * MIN R (origin)  = (      0.00000 ,      0.00000 ,      0.00000 ) [um]
OPAL-X> * MAX R (max ext) = (      0.00000 ,      0.00000 ,      0.00000 ) [um]
OPAL-X> * RMS R           = (      0.00000 ,      0.00000 ,      0.00000 ) [um]
OPAL-X> * RMS P           = ( 0.000000e+00 , 0.000000e+00 , 0.000000e+00 ) [beta gamma]
OPAL-X> * Mean R          = ( 0.000000e+00 , 0.000000e+00 , 0.000000e+00 ) [m]
OPAL-X> * Mean P          = ( 0.000000e+00 , 0.000000e+00 , 0.000000e+00 ) [beta gamma]
OPAL-X> * MESH SPACING    = (      0.18583 ,      0.18590 ,    114.74662 ) [um]
OPAL-X> * COMPDOM INCR    = 1.000000e+00 (%) 
OPAL-X> * FIELD LAYOUT    = Domain = {[0:63:1],[0:63:1],[0:31:1]}
OPAL-X> Total number of boxes = 1
OPAL-X>     Box 0 {[0:63:1],[0:63:1],[0:31:1]}
OPAL-X> 
OPAL-X> * Centroid : 
OPAL-X> * 0.000000e+00 0.000000e+00 0.000000e+00 0.000000e+00 0.000000e+00 0.000000e+00 
OPAL-X> * Cov Matrix : 
OPAL-X> * 0.000000e+00 0.000000e+00 0.000000e+00 0.000000e+00 0.000000e+00 0.000000e+00 
OPAL-X> * 0.000000e+00 0.000000e+00 0.000000e+00 0.000000e+00 0.000000e+00 0.000000e+00 
OPAL-X> * 0.000000e+00 0.000000e+00 0.000000e+00 0.000000e+00 0.000000e+00 0.000000e+00 
OPAL-X> * 0.000000e+00 0.000000e+00 0.000000e+00 0.000000e+00 0.000000e+00 0.000000e+00 
OPAL-X> * 0.000000e+00 0.000000e+00 0.000000e+00 0.000000e+00 0.000000e+00 0.000000e+00 
OPAL-X> * 0.000000e+00 0.000000e+00 0.000000e+00 0.000000e+00 0.000000e+00 0.000000e+00 
OPAL-X> * * ********************************************************************************** 
OPAL-X> 
OPAL-X> 
OPAL-X> * ************** B U N C H ********************************************************* 
OPAL-X> * CONTAINER       = 2
OPAL-X> * PARTICLES       = 0
OPAL-X> * CHARGE          = 0.000000e+00 (Cb) 
OPAL-X> * QM STORAGE MODE = SINGLE
OPAL-X> * <EKIN>          = 0.000 [eV]
OPAL-X> * <dEKIN>         = 0.000 [eV]
OPAL-X> * INTEGRATOR      = LF2
OPAL-X> * MIN R (origin)  = (      0.00000 ,      0.00000 ,      0.00000 ) [um]
OPAL-X> * MAX R (max ext) = (      0.00000 ,      0.00000 ,      0.00000 ) [um]
OPAL-X> * RMS R           = (      0.00000 ,      0.00000 ,      0.00000 ) [um]
OPAL-X> * RMS P           = ( 0.000000e+00 , 0.000000e+00 , 0.000000e+00 ) [beta gamma]
OPAL-X> * Mean R          = ( 0.000000e+00 , 0.000000e+00 , 0.000000e+00 ) [m]
OPAL-X> * Mean P          = ( 0.000000e+00 , 0.000000e+00 , 0.000000e+00 ) [beta gamma]
OPAL-X> * MESH SPACING    = (      0.18583 ,      0.18590 ,    114.74662 ) [um]
OPAL-X> * COMPDOM INCR    = 1.000000e+00 (%) 
OPAL-X> * FIELD LAYOUT    = Domain = {[0:63:1],[0:63:1],[0:31:1]}
OPAL-X> Total number of boxes = 1
OPAL-X>     Box 0 {[0:63:1],[0:63:1],[0:31:1]}
OPAL-X> 
OPAL-X> * Centroid : 
OPAL-X> * 0.000000e+00 0.000000e+00 0.000000e+00 0.000000e+00 0.000000e+00 0.000000e+00 
OPAL-X> * Cov Matrix : 
OPAL-X> * 0.000000e+00 0.000000e+00 0.000000e+00 0.000000e+00 0.000000e+00 0.000000e+00 
OPAL-X> * 0.000000e+00 0.000000e+00 0.000000e+00 0.000000e+00 0.000000e+00 0.000000e+00 
OPAL-X> * 0.000000e+00 0.000000e+00 0.000000e+00 0.000000e+00 0.000000e+00 0.000000e+00 
OPAL-X> * 0.000000e+00 0.000000e+00 0.000000e+00 0.000000e+00 0.000000e+00 0.000000e+00 
OPAL-X> * 0.000000e+00 0.000000e+00 0.000000e+00 0.000000e+00 0.000000e+00 0.000000e+00 
OPAL-X> * 0.000000e+00 0.000000e+00 0.000000e+00 0.000000e+00 0.000000e+00 0.000000e+00 
OPAL-X> * * ********************************************************************************** 
OPAL-X> 
OPAL-X> * DR_UP gone live
OPAL-X> * IP1 gone live
ParallelTracker::execute[2]> Dump initial phase space done.
OPAL-X> * OrbitThreader dt_m= 5e-15
OPAL-X> * OrbitThreader maxDistance= 0.980015
OPAL-X> * OrbitThreader #elements  = 1
OPAL-X> * OrbitThreader maxDistance= 1.79769e+308
OPAL-X> * OrbitThreader #elements  = 1
OPAL-X> 
OPAL-X> * Size of map 2 sections 
OPAL-X> * Key: (0.000000 - 0.001000) number of overlapping elements 1
OPAL-X> *                            DR_UP
OPAL-X> * Key: (0.001000 - 0.020001) number of overlapping elements 1
OPAL-X> *                            IP1
OPAL-X> 
OPAL-X> * Creating new file for data: 'data/spacecharge_drift_withness_ElementPositions.sdds'
OPAL-X> * Track start at: 08:56:29, t= 0.000 [fs]; zstart at: 0.000 [um]
OPAL-X> * Initial dt = 100.000 [fs]
OPAL-X> * Max integration steps = 10250, next step = 0
OPAL-X>                dt [ns]           zStop [m]        num Steps [1]
OPAL-X> ->         1.000000e-13        3.285010e-03                  40
OPAL-X>            5.000000e-15        1.858938e-02               10210
PartBunch::performBunchSanityChecks[2]> ========= Done performing PartBunch sanity checks... =========
ParallelTracker::execute[2]> Starting track with dt = 100.000 [fs], track steps = 0 to 40.
BB-DIAG BB-state=Inactive active_bunches=3 retired_bunches=0 witness_states=c1:active:n=0,c2:active:n=0 BB-active=FALSE source_active=TRUE source_retirement_pending=FALSE
OPAL-X> * 08:56:29 Step      0 container[0] at 29.979 [um], t= 100.000 [fs], E=784.127 [MeV]
OPAL-X> * 08:56:29 Step      1 container[0] at 59.958 [um], t= 200.000 [fs], E=828.531 [MeV]
OPAL-X> * 08:56:30 Step      2 container[0] at 89.938 [um], t= 300.000 [fs], E=842.668 [MeV]
OPAL-X> * 08:56:30 Step      3 container[0] at 119.917 [um], t= 400.000 [fs], E=849.401 [MeV]
OPAL-X> * 08:56:30 Step      4 container[0] at 149.896 [um], t= 500.000 [fs], E=853.312 [MeV]
OPAL-X> * 08:56:30 Step      5 container[0] at 179.875 [um], t= 600.000 [fs], E=855.861 [MeV]
OPAL-X> * 08:56:31 Step      6 container[0] at 209.854 [um], t= 700.000 [fs], E=857.652 [MeV]
OPAL-X> * 08:56:31 Step      7 container[0] at 239.833 [um], t= 800.000 [fs], E=858.979 [MeV]
OPAL-X> * 08:56:31 Step      8 container[0] at 269.813 [um], t= 900.000 [fs], E=860.000 [MeV]
OPAL-X> * 08:56:32 Step      9 container[0] at 299.792 [um], t= 1.000 [ps], E=860.811 [MeV]
OPAL-X> * 08:56:32 Step     10 container[0] at 329.771 [um], t= 1.100 [ps], E=861.470 [MeV]
OPAL-X> * 08:56:32 Step     11 container[0] at 359.750 [um], t= 1.200 [ps], E=862.017 [MeV]
OPAL-X> * 08:56:32 Step     12 container[0] at 389.729 [um], t= 1.300 [ps], E=862.477 [MeV]
OPAL-X> * 08:56:33 Step     13 container[0] at 419.709 [um], t= 1.400 [ps], E=862.870 [MeV]
OPAL-X> * 08:56:33 Step     14 container[0] at 449.688 [um], t= 1.500 [ps], E=863.209 [MeV]
OPAL-X> * 08:56:33 Step     15 container[0] at 479.667 [um], t= 1.600 [ps], E=863.505 [MeV]
OPAL-X> * 08:56:33 Step     16 container[0] at 509.646 [um], t= 1.700 [ps], E=863.766 [MeV]
OPAL-X> * 08:56:34 Step     17 container[0] at 539.625 [um], t= 1.800 [ps], E=863.997 [MeV]
OPAL-X> * 08:56:34 Step     18 container[0] at 569.604 [um], t= 1.900 [ps], E=864.203 [MeV]
OPAL-X> * 08:56:34 Step     19 container[0] at 599.584 [um], t= 2.000 [ps], E=864.389 [MeV]
OPAL-X> * 08:56:35 Step     20 container[0] at 629.563 [um], t= 2.100 [ps], E=864.556 [MeV]
OPAL-X> * 08:56:35 Step     21 container[0] at 659.542 [um], t= 2.200 [ps], E=864.708 [MeV]
OPAL-X> * 08:56:35 Step     22 container[0] at 689.521 [um], t= 2.300 [ps], E=864.847 [MeV]
OPAL-X> * 08:56:35 Step     23 container[0] at 719.500 [um], t= 2.400 [ps], E=864.974 [MeV]
OPAL-X> * 08:56:36 Step     24 container[0] at 749.480 [um], t= 2.500 [ps], E=865.091 [MeV]
OPAL-X> * 08:56:36 Step     25 container[0] at 779.459 [um], t= 2.600 [ps], E=865.199 [MeV]
OPAL-X> * 08:56:36 Step     26 container[0] at 809.438 [um], t= 2.700 [ps], E=865.298 [MeV]
OPAL-X> * 08:56:36 Step     27 container[0] at 839.417 [um], t= 2.800 [ps], E=865.391 [MeV]
OPAL-X> * 08:56:37 Step     28 container[0] at 869.396 [um], t= 2.900 [ps], E=865.477 [MeV]
OPAL-X> * 08:56:37 Step     29 container[0] at 899.375 [um], t= 3.000 [ps], E=865.557 [MeV]
OPAL-X> * 08:56:37 Step     30 container[0] at 929.355 [um], t= 3.100 [ps], E=865.632 [MeV]
OPAL-X> * 08:56:37 Step     31 container[0] at 959.334 [um], t= 3.200 [ps], E=865.702 [MeV]
OPAL-X> * 08:56:38 Step     32 container[0] at 989.313 [um], t= 3.300 [ps], E=865.768 [MeV]
OPAL-X[2]> Entering BeamBeam window: interaction_point_s=0.006 m, s_range=(0.001, 0.020) m, length=0.019 m, aperture_half_width=(0.002, 0.002) m, witness_containers=(1,2), retire_time=0.000 s, copy_time=NONE
BB-DIAG BB-state=Active active_bunches=3 retired_bunches=0 witness_states=c1:active:n=0,c2:active:n=0 BB-active=TRUE
OPAL-X> * 08:56:38 Step     33 container[0] at 1.019 [mm], t= 3.400 [ps], E=866.004 [MeV]
OPAL-X> * 08:56:38 Step     34 container[0] at 1.049 [mm], t= 3.500 [ps], E=866.227 [MeV]
OPAL-X> * 08:56:38 Step     35 container[0] at 1.079 [mm], t= 3.600 [ps], E=866.440 [MeV]
OPAL-X> * 08:56:39 Step     36 container[0] at 1.109 [mm], t= 3.700 [ps], E=866.643 [MeV]
OPAL-X> * 08:56:39 Step     37 container[0] at 1.139 [mm], t= 3.800 [ps], E=866.837 [MeV]
OPAL-X> * 08:56:39 Step     38 container[0] at 1.169 [mm], t= 3.900 [ps], E=867.021 [MeV]
OPAL-X> * 08:56:40 Step     39 container[0] at 1.199 [mm], t= 4.000 [ps], E=867.198 [MeV]
ParallelTracker::execute[2]> Starting track with dt = 5.000 [fs], track steps = 40 to 10250.
FromFile::generateParticles> FromFile: Loaded 6 particles from file 'track12_electrons.fromfile'
FromFile::generateParticles> Rank 0: 6 local particles
FromFile::generateParticles> FromFile: Loaded 6 particles from file 'track12_positrons.fromfile'
FromFile::generateParticles> Rank 0: 6 local particles
BB-DIAG BB-state=Active active_bunches=3 retired_bunches=0 witness_states=c1:active:n=6,c2:active:n=6
OPAL-X> * 08:56:40 Step     40 container[0] at 1.201 [mm], t= 4.005 [ps], E=867.207 [MeV]
OPAL-X> * 08:56:40 Step     40 container[1] at 0.002 [um], t= 4.005 [ps], E=510.999 [keV]
OPAL-X> * 08:56:40 Step     40 container[2] at 0.002 [um], t= 4.005 [ps], E=510.999 [keV]
OPAL-X> * 08:56:40 Step     41 container[0] at 1.202 [mm], t= 4.010 [ps], E=867.216 [MeV]
OPAL-X> * 08:56:40 Step     41 container[1] at 0.002 [um], t= 4.010 [ps], E=510.999 [keV]
OPAL-X> * 08:56:40 Step     41 container[2] at 0.002 [um], t= 4.010 [ps], E=510.999 [keV]
OPAL-X> * 08:56:40 Step     42 container[0] at 1.204 [mm], t= 4.015 [ps], E=867.224 [MeV]
OPAL-X> * 08:56:40 Step     42 container[1] at 0.002 [um], t= 4.015 [ps], E=510.999 [keV]
OPAL-X> * 08:56:40 Step     42 container[2] at 0.002 [um], t= 4.015 [ps], E=510.999 [keV]
OPAL-X> * 08:56:41 Step     43 container[0] at 1.205 [mm], t= 4.020 [ps], E=867.233 [MeV]
OPAL-X> * 08:56:41 Step     43 container[1] at 0.002 [um], t= 4.020 [ps], E=510.999 [keV]
OPAL-X> * 08:56:41 Step     43 container[2] at 0.002 [um], t= 4.020 [ps], E=510.999 [keV]
OPAL-X> * 08:56:41 Step     44 container[0] at 1.207 [mm], t= 4.025 [ps], E=867.241 [MeV]
OPAL-X> * 08:56:41 Step     44 container[1] at 0.002 [um], t= 4.025 [ps], E=510.999 [keV]
OPAL-X> * 08:56:41 Step     44 container[2] at 0.002 [um], t= 4.025 [ps], E=510.999 [keV]
OPAL-X> * 08:56:41 Step     45 container[0] at 1.208 [mm], t= 4.030 [ps], E=867.250 [MeV]
OPAL-X> * 08:56:41 Step     45 container[1] at 0.002 [um], t= 4.030 [ps], E=510.999 [keV]
OPAL-X> * 08:56:41 Step     45 container[2] at 0.002 [um], t= 4.030 [ps], E=510.999 [keV]
OPAL-X> * 08:56:41 Step     46 container[0] at 1.210 [mm], t= 4.035 [ps], E=867.258 [MeV]
OPAL-X> * 08:56:41 Step     46 container[1] at 0.002 [um], t= 4.035 [ps], E=510.999 [keV]
OPAL-X> * 08:56:41 Step     46 container[2] at 0.002 [um], t= 4.035 [ps], E=510.999 [keV]
OPAL-X> * 08:56:42 Step     47 container[0] at 1.211 [mm], t= 4.040 [ps], E=867.267 [MeV]
OPAL-X> * 08:56:42 Step     47 container[1] at 0.002 [um], t= 4.040 [ps], E=510.999 [keV]
OPAL-X> * 08:56:42 Step     47 container[2] at 0.002 [um], t= 4.040 [ps], E=510.999 [keV]
OPAL-X> * 08:56:42 Step     48 container[0] at 1.213 [mm], t= 4.045 [ps], E=867.275 [MeV]
OPAL-X> * 08:56:42 Step     48 container[1] at 0.002 [um], t= 4.045 [ps], E=510.999 [keV]
OPAL-X> * 08:56:42 Step     48 container[2] at 0.002 [um], t= 4.045 [ps], E=510.999 [keV]
OPAL-X> * 08:56:42 Step     49 container[0] at 1.214 [mm], t= 4.050 [ps], E=867.284 [MeV]
OPAL-X> * 08:56:42 Step     49 container[1] at 0.002 [um], t= 4.050 [ps], E=510.999 [keV]
OPAL-X> * 08:56:42 Step     49 container[2] at 0.002 [um], t= 4.050 [ps], E=510.999 [keV]
OPAL-X> * 08:56:42 Step     50 container[0] at 1.216 [mm], t= 4.055 [ps], E=867.292 [MeV]
OPAL-X> * 08:56:42 Step     50 container[1] at 0.002 [um], t= 4.055 [ps], E=510.999 [keV]
OPAL-X> * 08:56:42 Step     50 container[2] at 0.002 [um], t= 4.055 [ps], E=510.999 [keV]
OPAL-X> * 08:56:43 Step     51 container[0] at 1.217 [mm], t= 4.060 [ps], E=867.301 [MeV]
OPAL-X> * 08:56:43 Step     51 container[1] at 0.002 [um], t= 4.060 [ps], E=510.999 [keV]
OPAL-X> * 08:56:43 Step     51 container[2] at 0.002 [um], t= 4.060 [ps], E=510.999 [keV]
OPAL-X> * 08:56:43 Step     52 container[0] at 1.219 [mm], t= 4.065 [ps], E=867.309 [MeV]
OPAL-X> * 08:56:43 Step     52 container[1] at 0.002 [um], t= 4.065 [ps], E=510.999 [keV]
OPAL-X> * 08:56:43 Step     52 container[2] at 0.002 [um], t= 4.065 [ps], E=510.999 [keV]
OPAL-X> * 08:56:43 Step     53 container[0] at 1.220 [mm], t= 4.070 [ps], E=867.318 [MeV]
OPAL-X> * 08:56:43 Step     53 container[1] at 0.002 [um], t= 4.070 [ps], E=510.999 [keV]
OPAL-X> * 08:56:43 Step     53 container[2] at 0.002 [um], t= 4.070 [ps], E=510.999 [keV]
OPAL-X> * 08:56:44 Step     54 container[0] at 1.222 [mm], t= 4.075 [ps], E=867.326 [MeV]
OPAL-X> * 08:56:44 Step     54 container[1] at 0.002 [um], t= 4.075 [ps], E=510.999 [keV]
OPAL-X> * 08:56:44 Step     54 container[2] at 0.002 [um], t= 4.075 [ps], E=510.999 [keV]
OPAL-X> * 08:56:44 Step     55 container[0] at 1.223 [mm], t= 4.080 [ps], E=867.334 [MeV]
OPAL-X> * 08:56:44 Step     55 container[1] at 0.002 [um], t= 4.080 [ps], E=510.999 [keV]
OPAL-X> * 08:56:44 Step     55 container[2] at 0.002 [um], t= 4.080 [ps], E=510.999 [keV]
OPAL-X> * 08:56:44 Step     56 container[0] at 1.225 [mm], t= 4.085 [ps], E=867.343 [MeV]
OPAL-X> * 08:56:44 Step     56 container[1] at 0.002 [um], t= 4.085 [ps], E=510.999 [keV]
OPAL-X> * 08:56:44 Step     56 container[2] at 0.002 [um], t= 4.085 [ps], E=510.999 [keV]
OPAL-X> * 08:56:44 Step     57 container[0] at 1.226 [mm], t= 4.090 [ps], E=867.351 [MeV]
OPAL-X> * 08:56:44 Step     57 container[1] at 0.002 [um], t= 4.090 [ps], E=510.999 [keV]
OPAL-X> * 08:56:44 Step     57 container[2] at 0.002 [um], t= 4.090 [ps], E=510.999 [keV]
OPAL-X> * 08:56:45 Step     58 container[0] at 1.228 [mm], t= 4.095 [ps], E=867.359 [MeV]
OPAL-X> * 08:56:45 Step     58 container[1] at 0.002 [um], t= 4.095 [ps], E=510.999 [keV]
OPAL-X> * 08:56:45 Step     58 container[2] at 0.002 [um], t= 4.095 [ps], E=510.999 [keV]
OPAL-X> * 08:56:45 Step     59 container[0] at 1.229 [mm], t= 4.100 [ps], E=867.368 [MeV]
OPAL-X> * 08:56:45 Step     59 container[1] at 0.002 [um], t= 4.100 [ps], E=510.999 [keV]
OPAL-X> * 08:56:45 Step     59 container[2] at 0.002 [um], t= 4.100 [ps], E=510.999 [keV]
OPAL-X> * 08:56:45 Step     60 container[0] at 1.231 [mm], t= 4.105 [ps], E=867.376 [MeV]
OPAL-X> * 08:56:45 Step     60 container[1] at 0.002 [um], t= 4.105 [ps], E=510.999 [keV]
OPAL-X> * 08:56:45 Step     60 container[2] at 0.002 [um], t= 4.105 [ps], E=510.999 [keV]
OPAL-X> * 08:56:45 Step     61 container[0] at 1.232 [mm], t= 4.110 [ps], E=867.384 [MeV]
OPAL-X> * 08:56:45 Step     61 container[1] at 0.002 [um], t= 4.110 [ps], E=511.000 [keV]
OPAL-X> * 08:56:45 Step     61 container[2] at 0.002 [um], t= 4.110 [ps], E=510.999 [keV]
OPAL-X> * 08:56:46 Step     62 container[0] at 1.234 [mm], t= 4.115 [ps], E=867.392 [MeV]
OPAL-X> * 08:56:46 Step     62 container[1] at 0.002 [um], t= 4.115 [ps], E=511.000 [keV]
OPAL-X> * 08:56:46 Step     62 container[2] at 0.002 [um], t= 4.115 [ps], E=510.999 [keV]
OPAL-X> * 08:56:46 Step     63 container[0] at 1.235 [mm], t= 4.120 [ps], E=867.401 [MeV]
OPAL-X> * 08:56:46 Step     63 container[1] at 0.002 [um], t= 4.120 [ps], E=511.000 [keV]
OPAL-X> * 08:56:46 Step     63 container[2] at 0.002 [um], t= 4.120 [ps], E=510.999 [keV]
OPAL-X> * 08:56:46 Step     64 container[0] at 1.237 [mm], t= 4.125 [ps], E=867.409 [MeV]
OPAL-X> * 08:56:46 Step     64 container[1] at 0.002 [um], t= 4.125 [ps], E=511.000 [keV]
OPAL-X> * 08:56:46 Step     64 container[2] at 0.002 [um], t= 4.125 [ps], E=510.999 [keV]
OPAL-X> * 08:56:47 Step     65 container[0] at 1.238 [mm], t= 4.130 [ps], E=867.417 [MeV]
OPAL-X> * 08:56:47 Step     65 container[1] at 0.002 [um], t= 4.130 [ps], E=511.000 [keV]
OPAL-X> * 08:56:47 Step     65 container[2] at 0.002 [um], t= 4.130 [ps], E=510.999 [keV]
OPAL-X> * 08:56:47 Step     66 container[0] at 1.240 [mm], t= 4.135 [ps], E=867.425 [MeV]
OPAL-X> * 08:56:47 Step     66 container[1] at 0.002 [um], t= 4.135 [ps], E=511.000 [keV]
OPAL-X> * 08:56:47 Step     66 container[2] at 0.002 [um], t= 4.135 [ps], E=510.999 [keV]
OPAL-X> * 08:56:47 Step     67 container[0] at 1.241 [mm], t= 4.140 [ps], E=867.433 [MeV]
OPAL-X> * 08:56:47 Step     67 container[1] at 0.002 [um], t= 4.140 [ps], E=511.000 [keV]
OPAL-X> * 08:56:47 Step     67 container[2] at 0.002 [um], t= 4.140 [ps], E=510.999 [keV]
OPAL-X> * 08:56:47 Step     68 container[0] at 1.243 [mm], t= 4.145 [ps], E=867.441 [MeV]
OPAL-X> * 08:56:47 Step     68 container[1] at 0.002 [um], t= 4.145 [ps], E=511.000 [keV]
OPAL-X> * 08:56:47 Step     68 container[2] at 0.002 [um], t= 4.145 [ps], E=510.999 [keV]
OPAL-X> * 08:56:48 Step     69 container[0] at 1.244 [mm], t= 4.150 [ps], E=867.449 [MeV]
OPAL-X> * 08:56:48 Step     69 container[1] at 0.002 [um], t= 4.150 [ps], E=511.000 [keV]
OPAL-X> * 08:56:48 Step     69 container[2] at 0.002 [um], t= 4.150 [ps], E=510.999 [keV]
OPAL-X> * 08:56:48 Step     70 container[0] at 1.246 [mm], t= 4.155 [ps], E=867.458 [MeV]
OPAL-X> * 08:56:48 Step     70 container[1] at 0.002 [um], t= 4.155 [ps], E=511.000 [keV]
OPAL-X> * 08:56:48 Step     70 container[2] at 0.002 [um], t= 4.155 [ps], E=510.999 [keV]
OPAL-X> * 08:56:48 Step     71 container[0] at 1.247 [mm], t= 4.160 [ps], E=867.466 [MeV]
OPAL-X> * 08:56:48 Step     71 container[1] at 0.002 [um], t= 4.160 [ps], E=511.000 [keV]
OPAL-X> * 08:56:48 Step     71 container[2] at 0.002 [um], t= 4.160 [ps], E=510.999 [keV]
OPAL-X> * 08:56:49 Step     72 container[0] at 1.249 [mm], t= 4.165 [ps], E=867.474 [MeV]
OPAL-X> * 08:56:49 Step     72 container[1] at 0.002 [um], t= 4.165 [ps], E=511.000 [keV]
OPAL-X> * 08:56:49 Step     72 container[2] at 0.002 [um], t= 4.165 [ps], E=510.999 [keV]
OPAL-X> * 08:56:49 Step     73 container[0] at 1.250 [mm], t= 4.170 [ps], E=867.482 [MeV]
OPAL-X> * 08:56:49 Step     73 container[1] at 0.002 [um], t= 4.170 [ps], E=511.000 [keV]
OPAL-X> * 08:56:49 Step     73 container[2] at 0.002 [um], t= 4.170 [ps], E=510.999 [keV]
OPAL-X> * 08:56:49 Step     74 container[0] at 1.252 [mm], t= 4.175 [ps], E=867.490 [MeV]
OPAL-X> * 08:56:49 Step     74 container[1] at 0.002 [um], t= 4.175 [ps], E=511.000 [keV]
OPAL-X> * 08:56:49 Step     74 container[2] at 0.002 [um], t= 4.175 [ps], E=510.999 [keV]
OPAL-X> * 08:56:49 Step     75 container[0] at 1.253 [mm], t= 4.180 [ps], E=867.498 [MeV]
OPAL-X> * 08:56:49 Step     75 container[1] at 0.002 [um], t= 4.180 [ps], E=511.000 [keV]
OPAL-X> * 08:56:49 Step     75 container[2] at 0.002 [um], t= 4.180 [ps], E=510.999 [keV]
OPAL-X> * 08:56:50 Step     76 container[0] at 1.255 [mm], t= 4.185 [ps], E=867.506 [MeV]
OPAL-X> * 08:56:50 Step     76 container[1] at 0.002 [um], t= 4.185 [ps], E=511.000 [keV]
OPAL-X> * 08:56:50 Step     76 container[2] at 0.002 [um], t= 4.185 [ps], E=510.999 [keV]
OPAL-X> * 08:56:50 Step     77 container[0] at 1.256 [mm], t= 4.190 [ps], E=867.514 [MeV]
OPAL-X> * 08:56:50 Step     77 container[1] at 0.002 [um], t= 4.190 [ps], E=511.000 [keV]
OPAL-X> * 08:56:50 Step     77 container[2] at 0.002 [um], t= 4.190 [ps], E=510.999 [keV]
OPAL-X> * 08:56:50 Step     78 container[0] at 1.258 [mm], t= 4.195 [ps], E=867.522 [MeV]
OPAL-X> * 08:56:50 Step     78 container[1] at 0.002 [um], t= 4.195 [ps], E=511.000 [keV]
OPAL-X> * 08:56:50 Step     78 container[2] at 0.002 [um], t= 4.195 [ps], E=510.999 [keV]
OPAL-X> * 08:56:50 Step     79 container[0] at 1.259 [mm], t= 4.200 [ps], E=867.530 [MeV]
OPAL-X> * 08:56:50 Step     79 container[1] at 0.002 [um], t= 4.200 [ps], E=511.000 [keV]
OPAL-X> * 08:56:50 Step     79 container[2] at 0.002 [um], t= 4.200 [ps], E=510.999 [keV]
OPAL-X> * 08:56:51 Step     80 container[0] at 1.261 [mm], t= 4.205 [ps], E=867.538 [MeV]
OPAL-X> * 08:56:51 Step     80 container[1] at 0.002 [um], t= 4.205 [ps], E=511.000 [keV]
OPAL-X> * 08:56:51 Step     80 container[2] at 0.002 [um], t= 4.205 [ps], E=510.999 [keV]
OPAL-X> * 08:56:51 Step     81 container[0] at 1.262 [mm], t= 4.210 [ps], E=867.545 [MeV]
OPAL-X> * 08:56:51 Step     81 container[1] at 0.002 [um], t= 4.210 [ps], E=511.000 [keV]
OPAL-X> * 08:56:51 Step     81 container[2] at 0.002 [um], t= 4.210 [ps], E=510.999 [keV]
OPAL-X> * 08:56:51 Step     82 container[0] at 1.264 [mm], t= 4.215 [ps], E=867.553 [MeV]
OPAL-X> * 08:56:51 Step     82 container[1] at 0.002 [um], t= 4.215 [ps], E=511.000 [keV]
OPAL-X> * 08:56:51 Step     82 container[2] at 0.002 [um], t= 4.215 [ps], E=510.999 [keV]
OPAL-X> * 08:56:51 Step     83 container[0] at 1.265 [mm], t= 4.220 [ps], E=867.561 [MeV]
OPAL-X> * 08:56:51 Step     83 container[1] at 0.002 [um], t= 4.220 [ps], E=511.000 [keV]
OPAL-X> * 08:56:51 Step     83 container[2] at 0.002 [um], t= 4.220 [ps], E=510.999 [keV]
OPAL-X> * 08:56:52 Step     84 container[0] at 1.267 [mm], t= 4.225 [ps], E=867.569 [MeV]
OPAL-X> * 08:56:52 Step     84 container[1] at 0.002 [um], t= 4.225 [ps], E=511.000 [keV]
OPAL-X> * 08:56:52 Step     84 container[2] at 0.002 [um], t= 4.225 [ps], E=510.999 [keV]
OPAL-X> * 08:56:52 Step     85 container[0] at 1.268 [mm], t= 4.230 [ps], E=867.577 [MeV]
OPAL-X> * 08:56:52 Step     85 container[1] at 0.002 [um], t= 4.230 [ps], E=511.000 [keV]
OPAL-X> * 08:56:52 Step     85 container[2] at 0.002 [um], t= 4.230 [ps], E=510.999 [keV]
OPAL-X> * 08:56:52 Step     86 container[0] at 1.270 [mm], t= 4.235 [ps], E=867.585 [MeV]
OPAL-X> * 08:56:52 Step     86 container[1] at 0.002 [um], t= 4.235 [ps], E=511.000 [keV]
OPAL-X> * 08:56:52 Step     86 container[2] at 0.002 [um], t= 4.235 [ps], E=510.999 [keV]
OPAL-X> * 08:56:52 Step     87 container[0] at 1.271 [mm], t= 4.240 [ps], E=867.593 [MeV]
OPAL-X> * 08:56:52 Step     87 container[1] at 0.002 [um], t= 4.240 [ps], E=511.000 [keV]
OPAL-X> * 08:56:52 Step     87 container[2] at 0.002 [um], t= 4.240 [ps], E=510.999 [keV]
OPAL-X> * 08:56:53 Step     88 container[0] at 1.273 [mm], t= 4.245 [ps], E=867.600 [MeV]
OPAL-X> * 08:56:53 Step     88 container[1] at 0.002 [um], t= 4.245 [ps], E=511.000 [keV]
OPAL-X> * 08:56:53 Step     88 container[2] at 0.002 [um], t= 4.245 [ps], E=510.999 [keV]
OPAL-X> * 08:56:53 Step     89 container[0] at 1.274 [mm], t= 4.250 [ps], E=867.608 [MeV]
OPAL-X> * 08:56:53 Step     89 container[1] at 0.002 [um], t= 4.250 [ps], E=511.000 [keV]
OPAL-X> * 08:56:53 Step     89 container[2] at 0.002 [um], t= 4.250 [ps], E=510.999 [keV]
OPAL-X> * 08:56:53 Step     90 container[0] at 1.276 [mm], t= 4.255 [ps], E=867.616 [MeV]
OPAL-X> * 08:56:53 Step     90 container[1] at 0.002 [um], t= 4.255 [ps], E=511.000 [keV]
OPAL-X> * 08:56:53 Step     90 container[2] at 0.002 [um], t= 4.255 [ps], E=510.999 [keV]
OPAL-X> * 08:56:54 Step     91 container[0] at 1.277 [mm], t= 4.260 [ps], E=867.624 [MeV]
OPAL-X> * 08:56:54 Step     91 container[1] at 0.002 [um], t= 4.260 [ps], E=511.000 [keV]
OPAL-X> * 08:56:54 Step     91 container[2] at 0.002 [um], t= 4.260 [ps], E=510.999 [keV]
OPAL-X> * 08:56:54 Step     92 container[0] at 1.279 [mm], t= 4.265 [ps], E=867.631 [MeV]
OPAL-X> * 08:56:54 Step     92 container[1] at 0.003 [um], t= 4.265 [ps], E=511.000 [keV]
OPAL-X> * 08:56:54 Step     92 container[2] at 0.003 [um], t= 4.265 [ps], E=510.999 [keV]
OPAL-X> * 08:56:54 Step     93 container[0] at 1.280 [mm], t= 4.270 [ps], E=867.639 [MeV]
OPAL-X> * 08:56:54 Step     93 container[1] at 0.003 [um], t= 4.270 [ps], E=511.000 [keV]
OPAL-X> * 08:56:54 Step     93 container[2] at 0.003 [um], t= 4.270 [ps], E=510.999 [keV]
OPAL-X> * 08:56:54 Step     94 container[0] at 1.282 [mm], t= 4.275 [ps], E=867.647 [MeV]
OPAL-X> * 08:56:54 Step     94 container[1] at 0.003 [um], t= 4.275 [ps], E=511.000 [keV]
OPAL-X> * 08:56:54 Step     94 container[2] at 0.003 [um], t= 4.275 [ps], E=510.999 [keV]
OPAL-X> * 08:56:55 Step     95 container[0] at 1.283 [mm], t= 4.280 [ps], E=867.655 [MeV]
OPAL-X> * 08:56:55 Step     95 container[1] at 0.003 [um], t= 4.280 [ps], E=511.000 [keV]
OPAL-X> * 08:56:55 Step     95 container[2] at 0.003 [um], t= 4.280 [ps], E=510.999 [keV]
OPAL-X> * 08:56:55 Step     96 container[0] at 1.285 [mm], t= 4.285 [ps], E=867.662 [MeV]
OPAL-X> * 08:56:55 Step     96 container[1] at 0.003 [um], t= 4.285 [ps], E=511.000 [keV]
OPAL-X> * 08:56:55 Step     96 container[2] at 0.003 [um], t= 4.285 [ps], E=510.999 [keV]
OPAL-X> * 08:56:55 Step     97 container[0] at 1.286 [mm], t= 4.290 [ps], E=867.670 [MeV]
OPAL-X> * 08:56:55 Step     97 container[1] at 0.003 [um], t= 4.290 [ps], E=511.000 [keV]
OPAL-X> * 08:56:55 Step     97 container[2] at 0.003 [um], t= 4.290 [ps], E=510.999 [keV]
OPAL-X> * 08:56:55 Step     98 container[0] at 1.288 [mm], t= 4.295 [ps], E=867.678 [MeV]
OPAL-X> * 08:56:55 Step     98 container[1] at 0.003 [um], t= 4.295 [ps], E=511.000 [keV]
OPAL-X> * 08:56:55 Step     98 container[2] at 0.003 [um], t= 4.295 [ps], E=510.999 [keV]
OPAL-X> * 08:56:56 Step     99 container[0] at 1.289 [mm], t= 4.300 [ps], E=867.685 [MeV]
OPAL-X> * 08:56:56 Step     99 container[1] at 0.003 [um], t= 4.300 [ps], E=511.001 [keV]
OPAL-X> * 08:56:56 Step     99 container[2] at 0.003 [um], t= 4.300 [ps], E=510.999 [keV]
OPAL-X> * 08:56:56 Step    100 container[0] at 1.291 [mm], t= 4.305 [ps], E=867.693 [MeV]
OPAL-X> * 08:56:56 Step    100 container[1] at 0.003 [um], t= 4.305 [ps], E=511.001 [keV]
OPAL-X> * 08:56:56 Step    100 container[2] at 0.003 [um], t= 4.305 [ps], E=510.999 [keV]
OPAL-X> * 08:56:56 Step    101 container[0] at 1.292 [mm], t= 4.310 [ps], E=867.700 [MeV]
OPAL-X> * 08:56:56 Step    101 container[1] at 0.003 [um], t= 4.310 [ps], E=511.001 [keV]
OPAL-X> * 08:56:56 Step    101 container[2] at 0.003 [um], t= 4.310 [ps], E=510.999 [keV]
OPAL-X> * 08:56:57 Step    102 container[0] at 1.294 [mm], t= 4.315 [ps], E=867.708 [MeV]
OPAL-X> * 08:56:57 Step    102 container[1] at 0.003 [um], t= 4.315 [ps], E=511.001 [keV]
OPAL-X> * 08:56:57 Step    102 container[2] at 0.003 [um], t= 4.315 [ps], E=510.999 [keV]
OPAL-X> * 08:56:57 Step    103 container[0] at 1.295 [mm], t= 4.320 [ps], E=867.716 [MeV]
OPAL-X> * 08:56:57 Step    103 container[1] at 0.003 [um], t= 4.320 [ps], E=511.001 [keV]
OPAL-X> * 08:56:57 Step    103 container[2] at 0.003 [um], t= 4.320 [ps], E=510.999 [keV]
OPAL-X> * 08:56:57 Step    104 container[0] at 1.297 [mm], t= 4.325 [ps], E=867.723 [MeV]
OPAL-X> * 08:56:57 Step    104 container[1] at 0.003 [um], t= 4.325 [ps], E=511.001 [keV]
OPAL-X> * 08:56:57 Step    104 container[2] at 0.003 [um], t= 4.325 [ps], E=510.999 [keV]
OPAL-X> * 08:56:57 Step    105 container[0] at 1.298 [mm], t= 4.330 [ps], E=867.731 [MeV]
OPAL-X> * 08:56:57 Step    105 container[1] at 0.003 [um], t= 4.330 [ps], E=511.001 [keV]
OPAL-X> * 08:56:57 Step    105 container[2] at 0.003 [um], t= 4.330 [ps], E=510.999 [keV]
OPAL-X> * 08:56:58 Step    106 container[0] at 1.300 [mm], t= 4.335 [ps], E=867.738 [MeV]
OPAL-X> * 08:56:58 Step    106 container[1] at 0.003 [um], t= 4.335 [ps], E=511.001 [keV]
OPAL-X> * 08:56:58 Step    106 container[2] at 0.003 [um], t= 4.335 [ps], E=510.999 [keV]
OPAL-X> * 08:56:58 Step    107 container[0] at 1.301 [mm], t= 4.340 [ps], E=867.746 [MeV]
OPAL-X> * 08:56:58 Step    107 container[1] at 0.003 [um], t= 4.340 [ps], E=511.001 [keV]
OPAL-X> * 08:56:58 Step    107 container[2] at 0.003 [um], t= 4.340 [ps], E=510.999 [keV]
OPAL-X> * 08:56:58 Step    108 container[0] at 1.303 [mm], t= 4.345 [ps], E=867.753 [MeV]
OPAL-X> * 08:56:58 Step    108 container[1] at 0.003 [um], t= 4.345 [ps], E=511.001 [keV]
OPAL-X> * 08:56:58 Step    108 container[2] at 0.003 [um], t= 4.345 [ps], E=510.999 [keV]
OPAL-X> * 08:56:58 Step    109 container[0] at 1.304 [mm], t= 4.350 [ps], E=867.761 [MeV]
OPAL-X> * 08:56:58 Step    109 container[1] at 0.003 [um], t= 4.350 [ps], E=511.001 [keV]
OPAL-X> * 08:56:58 Step    109 container[2] at 0.003 [um], t= 4.350 [ps], E=510.999 [keV]
OPAL-X> * 08:56:59 Step    110 container[0] at 1.306 [mm], t= 4.355 [ps], E=867.768 [MeV]
OPAL-X> * 08:56:59 Step    110 container[1] at 0.003 [um], t= 4.355 [ps], E=511.001 [keV]
OPAL-X> * 08:56:59 Step    110 container[2] at 0.003 [um], t= 4.355 [ps], E=510.999 [keV]
OPAL-X> * 08:56:59 Step    111 container[0] at 1.307 [mm], t= 4.360 [ps], E=867.775 [MeV]
OPAL-X> * 08:56:59 Step    111 container[1] at 0.003 [um], t= 4.360 [ps], E=511.001 [keV]
OPAL-X> * 08:56:59 Step    111 container[2] at 0.003 [um], t= 4.360 [ps], E=510.999 [keV]
OPAL-X> * 08:56:59 Step    112 container[0] at 1.309 [mm], t= 4.365 [ps], E=867.783 [MeV]
OPAL-X> * 08:56:59 Step    112 container[1] at 0.003 [um], t= 4.365 [ps], E=511.001 [keV]
OPAL-X> * 08:56:59 Step    112 container[2] at 0.003 [um], t= 4.365 [ps], E=510.999 [keV]
OPAL-X> * 08:56:59 Step    113 container[0] at 1.310 [mm], t= 4.370 [ps], E=867.790 [MeV]
OPAL-X> * 08:56:59 Step    113 container[1] at 0.003 [um], t= 4.370 [ps], E=511.001 [keV]
OPAL-X> * 08:56:59 Step    113 container[2] at 0.003 [um], t= 4.370 [ps], E=510.999 [keV]
OPAL-X> * 08:57:00 Step    114 container[0] at 1.312 [mm], t= 4.375 [ps], E=867.798 [MeV]
OPAL-X> * 08:57:00 Step    114 container[1] at 0.003 [um], t= 4.375 [ps], E=511.001 [keV]
OPAL-X> * 08:57:00 Step    114 container[2] at 0.003 [um], t= 4.375 [ps], E=510.999 [keV]
OPAL-X> * 08:57:00 Step    115 container[0] at 1.313 [mm], t= 4.380 [ps], E=867.805 [MeV]
OPAL-X> * 08:57:00 Step    115 container[1] at 0.003 [um], t= 4.380 [ps], E=511.001 [keV]
OPAL-X> * 08:57:00 Step    115 container[2] at 0.003 [um], t= 4.380 [ps], E=510.999 [keV]
OPAL-X> * 08:57:00 Step    116 container[0] at 1.315 [mm], t= 4.385 [ps], E=867.812 [MeV]
OPAL-X> * 08:57:00 Step    116 container[1] at 0.003 [um], t= 4.385 [ps], E=511.001 [keV]
OPAL-X> * 08:57:00 Step    116 container[2] at 0.003 [um], t= 4.385 [ps], E=510.999 [keV]
OPAL-X> * 08:57:00 Step    117 container[0] at 1.316 [mm], t= 4.390 [ps], E=867.820 [MeV]
OPAL-X> * 08:57:00 Step    117 container[1] at 0.003 [um], t= 4.390 [ps], E=511.001 [keV]
OPAL-X> * 08:57:00 Step    117 container[2] at 0.003 [um], t= 4.390 [ps], E=510.999 [keV]
OPAL-X> * 08:57:01 Step    118 container[0] at 1.318 [mm], t= 4.395 [ps], E=867.827 [MeV]
OPAL-X> * 08:57:01 Step    118 container[1] at 0.003 [um], t= 4.395 [ps], E=511.001 [keV]
OPAL-X> * 08:57:01 Step    118 container[2] at 0.003 [um], t= 4.395 [ps], E=510.999 [keV]
OPAL-X> * 08:57:01 Step    119 container[0] at 1.319 [mm], t= 4.400 [ps], E=867.834 [MeV]
OPAL-X> * 08:57:01 Step    119 container[1] at 0.003 [um], t= 4.400 [ps], E=511.001 [keV]
OPAL-X> * 08:57:01 Step    119 container[2] at 0.003 [um], t= 4.400 [ps], E=510.999 [keV]
OPAL-X> * 08:57:01 Step    120 container[0] at 1.321 [mm], t= 4.405 [ps], E=867.842 [MeV]
OPAL-X> * 08:57:01 Step    120 container[1] at 0.003 [um], t= 4.405 [ps], E=511.001 [keV]
OPAL-X> * 08:57:01 Step    120 container[2] at 0.003 [um], t= 4.405 [ps], E=510.999 [keV]
OPAL-X> * 08:57:02 Step    121 container[0] at 1.322 [mm], t= 4.410 [ps], E=867.849 [MeV]
OPAL-X> * 08:57:02 Step    121 container[1] at 0.003 [um], t= 4.410 [ps], E=511.001 [keV]
OPAL-X> * 08:57:02 Step    121 container[2] at 0.003 [um], t= 4.410 [ps], E=510.999 [keV]
OPAL-X> * 08:57:02 Step    122 container[0] at 1.324 [mm], t= 4.415 [ps], E=867.856 [MeV]
OPAL-X> * 08:57:02 Step    122 container[1] at 0.003 [um], t= 4.415 [ps], E=511.001 [keV]
OPAL-X> * 08:57:02 Step    122 container[2] at 0.003 [um], t= 4.415 [ps], E=510.999 [keV]
OPAL-X> * 08:57:02 Step    123 container[0] at 1.325 [mm], t= 4.420 [ps], E=867.863 [MeV]
OPAL-X> * 08:57:02 Step    123 container[1] at 0.003 [um], t= 4.420 [ps], E=511.001 [keV]
OPAL-X> * 08:57:02 Step    123 container[2] at 0.003 [um], t= 4.420 [ps], E=510.999 [keV]
OPAL-X> * 08:57:02 Step    124 container[0] at 1.327 [mm], t= 4.425 [ps], E=867.871 [MeV]
OPAL-X> * 08:57:02 Step    124 container[1] at 0.003 [um], t= 4.425 [ps], E=511.001 [keV]
OPAL-X> * 08:57:02 Step    124 container[2] at 0.003 [um], t= 4.425 [ps], E=510.999 [keV]
OPAL-X> * 08:57:03 Step    125 container[0] at 1.328 [mm], t= 4.430 [ps], E=867.878 [MeV]
OPAL-X> * 08:57:03 Step    125 container[1] at 0.003 [um], t= 4.430 [ps], E=511.001 [keV]
OPAL-X> * 08:57:03 Step    125 container[2] at 0.003 [um], t= 4.430 [ps], E=510.999 [keV]
OPAL-X> * 08:57:03 Step    126 container[0] at 1.330 [mm], t= 4.435 [ps], E=867.885 [MeV]
OPAL-X> * 08:57:03 Step    126 container[1] at 0.003 [um], t= 4.435 [ps], E=511.001 [keV]
OPAL-X> * 08:57:03 Step    126 container[2] at 0.003 [um], t= 4.435 [ps], E=510.999 [keV]
OPAL-X> * 08:57:03 Step    127 container[0] at 1.331 [mm], t= 4.440 [ps], E=867.892 [MeV]
OPAL-X> * 08:57:03 Step    127 container[1] at 0.003 [um], t= 4.440 [ps], E=511.001 [keV]
OPAL-X> * 08:57:03 Step    127 container[2] at 0.003 [um], t= 4.440 [ps], E=510.999 [keV]
OPAL-X> * 08:57:03 Step    128 container[0] at 1.333 [mm], t= 4.445 [ps], E=867.899 [MeV]
OPAL-X> * 08:57:03 Step    128 container[1] at 0.003 [um], t= 4.445 [ps], E=511.001 [keV]
OPAL-X> * 08:57:03 Step    128 container[2] at 0.003 [um], t= 4.445 [ps], E=510.999 [keV]
OPAL-X> * 08:57:04 Step    129 container[0] at 1.334 [mm], t= 4.450 [ps], E=867.907 [MeV]
OPAL-X> * 08:57:04 Step    129 container[1] at 0.003 [um], t= 4.450 [ps], E=511.001 [keV]
OPAL-X> * 08:57:04 Step    129 container[2] at 0.003 [um], t= 4.450 [ps], E=510.999 [keV]
OPAL-X> * 08:57:04 Step    130 container[0] at 1.336 [mm], t= 4.455 [ps], E=867.914 [MeV]
OPAL-X> * 08:57:04 Step    130 container[1] at 0.003 [um], t= 4.455 [ps], E=511.001 [keV]
OPAL-X> * 08:57:04 Step    130 container[2] at 0.003 [um], t= 4.455 [ps], E=510.999 [keV]
OPAL-X> * 08:57:04 Step    131 container[0] at 1.337 [mm], t= 4.460 [ps], E=867.921 [MeV]
OPAL-X> * 08:57:04 Step    131 container[1] at 0.003 [um], t= 4.460 [ps], E=511.001 [keV]
OPAL-X> * 08:57:04 Step    131 container[2] at 0.003 [um], t= 4.460 [ps], E=511.000 [keV]
OPAL-X> * 08:57:05 Step    132 container[0] at 1.339 [mm], t= 4.465 [ps], E=867.928 [MeV]
OPAL-X> * 08:57:05 Step    132 container[1] at 0.003 [um], t= 4.465 [ps], E=511.001 [keV]
OPAL-X> * 08:57:05 Step    132 container[2] at 0.003 [um], t= 4.465 [ps], E=511.000 [keV]
OPAL-X> * 08:57:05 Step    133 container[0] at 1.340 [mm], t= 4.470 [ps], E=867.935 [MeV]
OPAL-X> * 08:57:05 Step    133 container[1] at 0.003 [um], t= 4.470 [ps], E=511.002 [keV]
OPAL-X> * 08:57:05 Step    133 container[2] at 0.003 [um], t= 4.470 [ps], E=511.000 [keV]
OPAL-X> * 08:57:05 Step    134 container[0] at 1.342 [mm], t= 4.475 [ps], E=867.942 [MeV]
OPAL-X> * 08:57:05 Step    134 container[1] at 0.003 [um], t= 4.475 [ps], E=511.002 [keV]
OPAL-X> * 08:57:05 Step    134 container[2] at 0.003 [um], t= 4.475 [ps], E=511.000 [keV]
OPAL-X> * 08:57:05 Step    135 container[0] at 1.343 [mm], t= 4.480 [ps], E=867.949 [MeV]
OPAL-X> * 08:57:05 Step    135 container[1] at 0.003 [um], t= 4.480 [ps], E=511.002 [keV]
OPAL-X> * 08:57:05 Step    135 container[2] at 0.003 [um], t= 4.480 [ps], E=511.000 [keV]
OPAL-X> * 08:57:06 Step    136 container[0] at 1.345 [mm], t= 4.485 [ps], E=867.956 [MeV]
OPAL-X> * 08:57:06 Step    136 container[1] at 0.003 [um], t= 4.485 [ps], E=511.002 [keV]
OPAL-X> * 08:57:06 Step    136 container[2] at 0.003 [um], t= 4.485 [ps], E=511.000 [keV]
OPAL-X> * 08:57:06 Step    137 container[0] at 1.346 [mm], t= 4.490 [ps], E=867.963 [MeV]
OPAL-X> * 08:57:06 Step    137 container[1] at 0.003 [um], t= 4.490 [ps], E=511.002 [keV]
OPAL-X> * 08:57:06 Step    137 container[2] at 0.003 [um], t= 4.490 [ps], E=511.000 [keV]
OPAL-X> * 08:57:06 Step    138 container[0] at 1.348 [mm], t= 4.495 [ps], E=867.970 [MeV]
OPAL-X> * 08:57:06 Step    138 container[1] at 0.003 [um], t= 4.495 [ps], E=511.002 [keV]
OPAL-X> * 08:57:06 Step    138 container[2] at 0.003 [um], t= 4.495 [ps], E=511.000 [keV]
OPAL-X> * 08:57:06 Step    139 container[0] at 1.349 [mm], t= 4.500 [ps], E=867.977 [MeV]
OPAL-X> * 08:57:06 Step    139 container[1] at 0.003 [um], t= 4.500 [ps], E=511.002 [keV]
OPAL-X> * 08:57:06 Step    139 container[2] at 0.003 [um], t= 4.500 [ps], E=511.000 [keV]
OPAL-X> * 08:57:07 Step    140 container[0] at 1.351 [mm], t= 4.505 [ps], E=867.984 [MeV]
OPAL-X> * 08:57:07 Step    140 container[1] at 0.003 [um], t= 4.505 [ps], E=511.002 [keV]
OPAL-X> * 08:57:07 Step    140 container[2] at 0.003 [um], t= 4.505 [ps], E=511.000 [keV]
OPAL-X> * 08:57:07 Step    141 container[0] at 1.352 [mm], t= 4.510 [ps], E=867.991 [MeV]
OPAL-X> * 08:57:07 Step    141 container[1] at 0.003 [um], t= 4.510 [ps], E=511.002 [keV]
OPAL-X> * 08:57:07 Step    141 container[2] at 0.003 [um], t= 4.510 [ps], E=511.000 [keV]
OPAL-X> * 08:57:07 Step    142 container[0] at 1.354 [mm], t= 4.515 [ps], E=867.998 [MeV]
OPAL-X> * 08:57:07 Step    142 container[1] at 0.003 [um], t= 4.515 [ps], E=511.002 [keV]
OPAL-X> * 08:57:07 Step    142 container[2] at 0.003 [um], t= 4.515 [ps], E=511.000 [keV]
OPAL-X> * 08:57:07 Step    143 container[0] at 1.355 [mm], t= 4.520 [ps], E=868.005 [MeV]
OPAL-X> * 08:57:07 Step    143 container[1] at 0.003 [um], t= 4.520 [ps], E=511.002 [keV]
OPAL-X> * 08:57:07 Step    143 container[2] at 0.003 [um], t= 4.520 [ps], E=511.000 [keV]
OPAL-X> * 08:57:08 Step    144 container[0] at 1.357 [mm], t= 4.525 [ps], E=868.012 [MeV]
OPAL-X> * 08:57:08 Step    144 container[1] at 0.003 [um], t= 4.525 [ps], E=511.002 [keV]
OPAL-X> * 08:57:08 Step    144 container[2] at 0.003 [um], t= 4.525 [ps], E=511.000 [keV]
OPAL-X> * 08:57:08 Step    145 container[0] at 1.358 [mm], t= 4.530 [ps], E=868.019 [MeV]
OPAL-X> * 08:57:08 Step    145 container[1] at 0.003 [um], t= 4.530 [ps], E=511.002 [keV]
OPAL-X> * 08:57:08 Step    145 container[2] at 0.003 [um], t= 4.530 [ps], E=511.000 [keV]
OPAL-X> * 08:57:08 Step    146 container[0] at 1.360 [mm], t= 4.535 [ps], E=868.026 [MeV]
OPAL-X> * 08:57:08 Step    146 container[1] at 0.003 [um], t= 4.535 [ps], E=511.002 [keV]
OPAL-X> * 08:57:08 Step    146 container[2] at 0.003 [um], t= 4.535 [ps], E=511.000 [keV]
OPAL-X> * 08:57:09 Step    147 container[0] at 1.361 [mm], t= 4.540 [ps], E=868.033 [MeV]
OPAL-X> * 08:57:09 Step    147 container[1] at 0.003 [um], t= 4.540 [ps], E=511.002 [keV]
OPAL-X> * 08:57:09 Step    147 container[2] at 0.003 [um], t= 4.540 [ps], E=511.000 [keV]
OPAL-X> * 08:57:09 Step    148 container[0] at 1.363 [mm], t= 4.545 [ps], E=868.040 [MeV]
OPAL-X> * 08:57:09 Step    148 container[1] at 0.003 [um], t= 4.545 [ps], E=511.002 [keV]
OPAL-X> * 08:57:09 Step    148 container[2] at 0.003 [um], t= 4.545 [ps], E=511.000 [keV]
OPAL-X> * 08:57:09 Step    149 container[0] at 1.364 [mm], t= 4.550 [ps], E=868.047 [MeV]
OPAL-X> * 08:57:09 Step    149 container[1] at 0.003 [um], t= 4.550 [ps], E=511.002 [keV]
OPAL-X> * 08:57:09 Step    149 container[2] at 0.003 [um], t= 4.550 [ps], E=511.000 [keV]
OPAL-X> * 08:57:09 Step    150 container[0] at 1.366 [mm], t= 4.555 [ps], E=868.054 [MeV]
OPAL-X> * 08:57:09 Step    150 container[1] at 0.003 [um], t= 4.555 [ps], E=511.002 [keV]
OPAL-X> * 08:57:09 Step    150 container[2] at 0.003 [um], t= 4.555 [ps], E=511.000 [keV]
OPAL-X> * 08:57:10 Step    151 container[0] at 1.367 [mm], t= 4.560 [ps], E=868.061 [MeV]
OPAL-X> * 08:57:10 Step    151 container[1] at 0.003 [um], t= 4.560 [ps], E=511.002 [keV]
OPAL-X> * 08:57:10 Step    151 container[2] at 0.003 [um], t= 4.560 [ps], E=511.000 [keV]
OPAL-X> * 08:57:10 Step    152 container[0] at 1.369 [mm], t= 4.565 [ps], E=868.068 [MeV]
OPAL-X> * 08:57:10 Step    152 container[1] at 0.003 [um], t= 4.565 [ps], E=511.002 [keV]
OPAL-X> * 08:57:10 Step    152 container[2] at 0.003 [um], t= 4.565 [ps], E=511.000 [keV]
OPAL-X> * 08:57:10 Step    153 container[0] at 1.370 [mm], t= 4.570 [ps], E=868.074 [MeV]
OPAL-X> * 08:57:10 Step    153 container[1] at 0.003 [um], t= 4.570 [ps], E=511.002 [keV]
OPAL-X> * 08:57:10 Step    153 container[2] at 0.003 [um], t= 4.570 [ps], E=511.000 [keV]
OPAL-X> * 08:57:10 Step    154 container[0] at 1.372 [mm], t= 4.575 [ps], E=868.081 [MeV]
OPAL-X> * 08:57:10 Step    154 container[1] at 0.003 [um], t= 4.575 [ps], E=511.002 [keV]
OPAL-X> * 08:57:10 Step    154 container[2] at 0.003 [um], t= 4.575 [ps], E=511.001 [keV]
OPAL-X> * 08:57:11 Step    155 container[0] at 1.373 [mm], t= 4.580 [ps], E=868.088 [MeV]
OPAL-X> * 08:57:11 Step    155 container[1] at 0.003 [um], t= 4.580 [ps], E=511.002 [keV]
OPAL-X> * 08:57:11 Step    155 container[2] at 0.003 [um], t= 4.580 [ps], E=511.001 [keV]
OPAL-X> * 08:57:11 Step    156 container[0] at 1.375 [mm], t= 4.585 [ps], E=868.095 [MeV]
OPAL-X> * 08:57:11 Step    156 container[1] at 0.003 [um], t= 4.585 [ps], E=511.002 [keV]
OPAL-X> * 08:57:11 Step    156 container[2] at 0.003 [um], t= 4.585 [ps], E=511.001 [keV]
OPAL-X> * 08:57:11 Step    157 container[0] at 1.376 [mm], t= 4.590 [ps], E=868.102 [MeV]
OPAL-X> * 08:57:11 Step    157 container[1] at 0.003 [um], t= 4.590 [ps], E=511.002 [keV]
OPAL-X> * 08:57:11 Step    157 container[2] at 0.003 [um], t= 4.590 [ps], E=511.001 [keV]
OPAL-X> * 08:57:12 Step    158 container[0] at 1.378 [mm], t= 4.595 [ps], E=868.108 [MeV]
OPAL-X> * 08:57:12 Step    158 container[1] at 0.003 [um], t= 4.595 [ps], E=511.002 [keV]
OPAL-X> * 08:57:12 Step    158 container[2] at 0.003 [um], t= 4.595 [ps], E=511.001 [keV]
OPAL-X> * 08:57:12 Step    159 container[0] at 1.379 [mm], t= 4.600 [ps], E=868.115 [MeV]
OPAL-X> * 08:57:12 Step    159 container[1] at 0.003 [um], t= 4.600 [ps], E=511.003 [keV]
OPAL-X> * 08:57:12 Step    159 container[2] at 0.003 [um], t= 4.600 [ps], E=511.001 [keV]
OPAL-X> * 08:57:12 Step    160 container[0] at 1.381 [mm], t= 4.605 [ps], E=868.122 [MeV]
OPAL-X> * 08:57:12 Step    160 container[1] at 0.003 [um], t= 4.605 [ps], E=511.003 [keV]
OPAL-X> * 08:57:12 Step    160 container[2] at 0.003 [um], t= 4.605 [ps], E=511.001 [keV]
OPAL-X> * 08:57:12 Step    161 container[0] at 1.382 [mm], t= 4.610 [ps], E=868.129 [MeV]
OPAL-X> * 08:57:12 Step    161 container[1] at 0.003 [um], t= 4.610 [ps], E=511.003 [keV]
OPAL-X> * 08:57:12 Step    161 container[2] at 0.003 [um], t= 4.610 [ps], E=511.001 [keV]
OPAL-X> * 08:57:13 Step    162 container[0] at 1.384 [mm], t= 4.615 [ps], E=868.135 [MeV]
OPAL-X> * 08:57:13 Step    162 container[1] at 0.003 [um], t= 4.615 [ps], E=511.003 [keV]
OPAL-X> * 08:57:13 Step    162 container[2] at 0.003 [um], t= 4.615 [ps], E=511.001 [keV]
OPAL-X> * 08:57:13 Step    163 container[0] at 1.385 [mm], t= 4.620 [ps], E=868.142 [MeV]
OPAL-X> * 08:57:13 Step    163 container[1] at 0.003 [um], t= 4.620 [ps], E=511.003 [keV]
OPAL-X> * 08:57:13 Step    163 container[2] at 0.003 [um], t= 4.620 [ps], E=511.001 [keV]
OPAL-X> * 08:57:13 Step    164 container[0] at 1.387 [mm], t= 4.625 [ps], E=868.149 [MeV]
OPAL-X> * 08:57:13 Step    164 container[1] at 0.003 [um], t= 4.625 [ps], E=511.003 [keV]
OPAL-X> * 08:57:13 Step    164 container[2] at 0.003 [um], t= 4.625 [ps], E=511.001 [keV]
OPAL-X> * 08:57:13 Step    165 container[0] at 1.388 [mm], t= 4.630 [ps], E=868.155 [MeV]
OPAL-X> * 08:57:13 Step    165 container[1] at 0.003 [um], t= 4.630 [ps], E=511.003 [keV]
OPAL-X> * 08:57:13 Step    165 container[2] at 0.003 [um], t= 4.630 [ps], E=511.001 [keV]
OPAL-X> * 08:57:14 Step    166 container[0] at 1.390 [mm], t= 4.635 [ps], E=868.162 [MeV]
OPAL-X> * 08:57:14 Step    166 container[1] at 0.003 [um], t= 4.635 [ps], E=511.003 [keV]
OPAL-X> * 08:57:14 Step    166 container[2] at 0.003 [um], t= 4.635 [ps], E=511.001 [keV]
OPAL-X> * 08:57:14 Step    167 container[0] at 1.391 [mm], t= 4.640 [ps], E=868.169 [MeV]
OPAL-X> * 08:57:14 Step    167 container[1] at 0.003 [um], t= 4.640 [ps], E=511.003 [keV]
OPAL-X> * 08:57:14 Step    167 container[2] at 0.003 [um], t= 4.640 [ps], E=511.001 [keV]
OPAL-X> * 08:57:14 Step    168 container[0] at 1.393 [mm], t= 4.645 [ps], E=868.175 [MeV]
OPAL-X> * 08:57:14 Step    168 container[1] at 0.003 [um], t= 4.645 [ps], E=511.003 [keV]
OPAL-X> * 08:57:14 Step    168 container[2] at 0.003 [um], t= 4.645 [ps], E=511.002 [keV]
OPAL-X> * 08:57:15 Step    169 container[0] at 1.394 [mm], t= 4.650 [ps], E=868.182 [MeV]
OPAL-X> * 08:57:15 Step    169 container[1] at 0.003 [um], t= 4.650 [ps], E=511.003 [keV]
OPAL-X> * 08:57:15 Step    169 container[2] at 0.003 [um], t= 4.650 [ps], E=511.002 [keV]
OPAL-X> * 08:57:15 Step    170 container[0] at 1.396 [mm], t= 4.655 [ps], E=868.189 [MeV]
OPAL-X> * 08:57:15 Step    170 container[1] at 0.003 [um], t= 4.655 [ps], E=511.003 [keV]
OPAL-X> * 08:57:15 Step    170 container[2] at 0.003 [um], t= 4.655 [ps], E=511.002 [keV]
OPAL-X> * 08:57:15 Step    171 container[0] at 1.397 [mm], t= 4.660 [ps], E=868.195 [MeV]
OPAL-X> * 08:57:15 Step    171 container[1] at 0.003 [um], t= 4.660 [ps], E=511.003 [keV]
OPAL-X> * 08:57:15 Step    171 container[2] at 0.003 [um], t= 4.660 [ps], E=511.002 [keV]
OPAL-X> * 08:57:15 Step    172 container[0] at 1.399 [mm], t= 4.665 [ps], E=868.202 [MeV]
OPAL-X> * 08:57:15 Step    172 container[1] at 0.003 [um], t= 4.665 [ps], E=511.003 [keV]
OPAL-X> * 08:57:15 Step    172 container[2] at 0.003 [um], t= 4.665 [ps], E=511.002 [keV]
OPAL-X> * 08:57:16 Step    173 container[0] at 1.400 [mm], t= 4.670 [ps], E=868.208 [MeV]
OPAL-X> * 08:57:16 Step    173 container[1] at 0.003 [um], t= 4.670 [ps], E=511.003 [keV]
OPAL-X> * 08:57:16 Step    173 container[2] at 0.003 [um], t= 4.670 [ps], E=511.002 [keV]
OPAL-X> * 08:57:16 Step    174 container[0] at 1.402 [mm], t= 4.675 [ps], E=868.215 [MeV]
OPAL-X> * 08:57:16 Step    174 container[1] at 0.003 [um], t= 4.675 [ps], E=511.003 [keV]
OPAL-X> * 08:57:16 Step    174 container[2] at 0.003 [um], t= 4.675 [ps], E=511.002 [keV]
OPAL-X> * 08:57:16 Step    175 container[0] at 1.403 [mm], t= 4.680 [ps], E=868.222 [MeV]
OPAL-X> * 08:57:16 Step    175 container[1] at 0.003 [um], t= 4.680 [ps], E=511.004 [keV]
OPAL-X> * 08:57:16 Step    175 container[2] at 0.003 [um], t= 4.680 [ps], E=511.002 [keV]
OPAL-X> * 08:57:16 Step    176 container[0] at 1.405 [mm], t= 4.685 [ps], E=868.228 [MeV]
OPAL-X> * 08:57:16 Step    176 container[1] at 0.003 [um], t= 4.685 [ps], E=511.004 [keV]
OPAL-X> * 08:57:16 Step    176 container[2] at 0.003 [um], t= 4.685 [ps], E=511.002 [keV]
OPAL-X> * 08:57:17 Step    177 container[0] at 1.406 [mm], t= 4.690 [ps], E=868.235 [MeV]
OPAL-X> * 08:57:17 Step    177 container[1] at 0.003 [um], t= 4.690 [ps], E=511.004 [keV]
OPAL-X> * 08:57:17 Step    177 container[2] at 0.003 [um], t= 4.690 [ps], E=511.002 [keV]
OPAL-X> * 08:57:17 Step    178 container[0] at 1.408 [mm], t= 4.695 [ps], E=868.241 [MeV]
OPAL-X> * 08:57:17 Step    178 container[1] at 0.003 [um], t= 4.695 [ps], E=511.004 [keV]
OPAL-X> * 08:57:17 Step    178 container[2] at 0.003 [um], t= 4.695 [ps], E=511.002 [keV]
OPAL-X> * 08:57:17 Step    179 container[0] at 1.409 [mm], t= 4.700 [ps], E=868.248 [MeV]
OPAL-X> * 08:57:17 Step    179 container[1] at 0.003 [um], t= 4.700 [ps], E=511.004 [keV]
OPAL-X> * 08:57:17 Step    179 container[2] at 0.003 [um], t= 4.700 [ps], E=511.002 [keV]
OPAL-X> * 08:57:18 Step    180 container[0] at 1.411 [mm], t= 4.705 [ps], E=868.254 [MeV]
OPAL-X> * 08:57:18 Step    180 container[1] at 0.003 [um], t= 4.705 [ps], E=511.004 [keV]
OPAL-X> * 08:57:18 Step    180 container[2] at 0.003 [um], t= 4.705 [ps], E=511.003 [keV]
OPAL-X> * 08:57:18 Step    181 container[0] at 1.412 [mm], t= 4.710 [ps], E=868.261 [MeV]
OPAL-X> * 08:57:18 Step    181 container[1] at 0.003 [um], t= 4.710 [ps], E=511.004 [keV]
OPAL-X> * 08:57:18 Step    181 container[2] at 0.003 [um], t= 4.710 [ps], E=511.003 [keV]
OPAL-X> * 08:57:18 Step    182 container[0] at 1.414 [mm], t= 4.715 [ps], E=868.267 [MeV]
OPAL-X> * 08:57:18 Step    182 container[1] at 0.003 [um], t= 4.715 [ps], E=511.004 [keV]
OPAL-X> * 08:57:18 Step    182 container[2] at 0.003 [um], t= 4.715 [ps], E=511.003 [keV]
OPAL-X> * 08:57:18 Step    183 container[0] at 1.415 [mm], t= 4.720 [ps], E=868.273 [MeV]
OPAL-X> * 08:57:18 Step    183 container[1] at 0.003 [um], t= 4.720 [ps], E=511.004 [keV]
OPAL-X> * 08:57:18 Step    183 container[2] at 0.003 [um], t= 4.720 [ps], E=511.003 [keV]
OPAL-X> * 08:57:19 Step    184 container[0] at 1.417 [mm], t= 4.725 [ps], E=868.280 [MeV]
OPAL-X> * 08:57:19 Step    184 container[1] at 0.003 [um], t= 4.725 [ps], E=511.004 [keV]
OPAL-X> * 08:57:19 Step    184 container[2] at 0.003 [um], t= 4.725 [ps], E=511.003 [keV]
OPAL-X> * 08:57:19 Step    185 container[0] at 1.418 [mm], t= 4.730 [ps], E=868.286 [MeV]
OPAL-X> * 08:57:19 Step    185 container[1] at 0.003 [um], t= 4.730 [ps], E=511.004 [keV]
OPAL-X> * 08:57:19 Step    185 container[2] at 0.003 [um], t= 4.730 [ps], E=511.003 [keV]
OPAL-X> * 08:57:19 Step    186 container[0] at 1.420 [mm], t= 4.735 [ps], E=868.293 [MeV]
OPAL-X> * 08:57:19 Step    186 container[1] at 0.003 [um], t= 4.735 [ps], E=511.004 [keV]
OPAL-X> * 08:57:19 Step    186 container[2] at 0.003 [um], t= 4.735 [ps], E=511.003 [keV]
OPAL-X> * 08:57:20 Step    187 container[0] at 1.421 [mm], t= 4.740 [ps], E=868.299 [MeV]
OPAL-X> * 08:57:20 Step    187 container[1] at 0.003 [um], t= 4.740 [ps], E=511.004 [keV]
OPAL-X> * 08:57:20 Step    187 container[2] at 0.003 [um], t= 4.740 [ps], E=511.003 [keV]
OPAL-X> * 08:57:20 Step    188 container[0] at 1.423 [mm], t= 4.745 [ps], E=868.306 [MeV]
OPAL-X> * 08:57:20 Step    188 container[1] at 0.003 [um], t= 4.745 [ps], E=511.005 [keV]
OPAL-X> * 08:57:20 Step    188 container[2] at 0.003 [um], t= 4.745 [ps], E=511.003 [keV]
OPAL-X> * 08:57:20 Step    189 container[0] at 1.424 [mm], t= 4.750 [ps], E=868.312 [MeV]
OPAL-X> * 08:57:20 Step    189 container[1] at 0.003 [um], t= 4.750 [ps], E=511.005 [keV]
OPAL-X> * 08:57:20 Step    189 container[2] at 0.003 [um], t= 4.750 [ps], E=511.004 [keV]
OPAL-X> * 08:57:20 Step    190 container[0] at 1.426 [mm], t= 4.755 [ps], E=868.318 [MeV]
OPAL-X> * 08:57:20 Step    190 container[1] at 0.003 [um], t= 4.755 [ps], E=511.005 [keV]
OPAL-X> * 08:57:20 Step    190 container[2] at 0.003 [um], t= 4.755 [ps], E=511.004 [keV]
OPAL-X> * 08:57:21 Step    191 container[0] at 1.427 [mm], t= 4.760 [ps], E=868.325 [MeV]
OPAL-X> * 08:57:21 Step    191 container[1] at 0.003 [um], t= 4.760 [ps], E=511.005 [keV]
OPAL-X> * 08:57:21 Step    191 container[2] at 0.003 [um], t= 4.760 [ps], E=511.004 [keV]
OPAL-X> * 08:57:21 Step    192 container[0] at 1.429 [mm], t= 4.765 [ps], E=868.331 [MeV]
OPAL-X> * 08:57:21 Step    192 container[1] at 0.003 [um], t= 4.765 [ps], E=511.005 [keV]
OPAL-X> * 08:57:21 Step    192 container[2] at 0.003 [um], t= 4.765 [ps], E=511.004 [keV]
OPAL-X> * 08:57:21 Step    193 container[0] at 1.430 [mm], t= 4.770 [ps], E=868.337 [MeV]
OPAL-X> * 08:57:21 Step    193 container[1] at 0.003 [um], t= 4.770 [ps], E=511.005 [keV]
OPAL-X> * 08:57:21 Step    193 container[2] at 0.003 [um], t= 4.770 [ps], E=511.004 [keV]
OPAL-X> * 08:57:22 Step    194 container[0] at 1.432 [mm], t= 4.775 [ps], E=868.344 [MeV]
OPAL-X> * 08:57:22 Step    194 container[1] at 0.003 [um], t= 4.775 [ps], E=511.005 [keV]
OPAL-X> * 08:57:22 Step    194 container[2] at 0.003 [um], t= 4.775 [ps], E=511.004 [keV]
OPAL-X> * 08:57:22 Step    195 container[0] at 1.433 [mm], t= 4.780 [ps], E=868.350 [MeV]
OPAL-X> * 08:57:22 Step    195 container[1] at 0.003 [um], t= 4.780 [ps], E=511.005 [keV]
OPAL-X> * 08:57:22 Step    195 container[2] at 0.003 [um], t= 4.780 [ps], E=511.004 [keV]
OPAL-X> * 08:57:22 Step    196 container[0] at 1.435 [mm], t= 4.785 [ps], E=868.356 [MeV]
OPAL-X> * 08:57:22 Step    196 container[1] at 0.003 [um], t= 4.785 [ps], E=511.005 [keV]
OPAL-X> * 08:57:22 Step    196 container[2] at 0.003 [um], t= 4.785 [ps], E=511.004 [keV]
OPAL-X> * 08:57:22 Step    197 container[0] at 1.436 [mm], t= 4.790 [ps], E=868.362 [MeV]
OPAL-X> * 08:57:22 Step    197 container[1] at 0.003 [um], t= 4.790 [ps], E=511.005 [keV]
OPAL-X> * 08:57:22 Step    197 container[2] at 0.003 [um], t= 4.790 [ps], E=511.005 [keV]
OPAL-X> * 08:57:23 Step    198 container[0] at 1.438 [mm], t= 4.795 [ps], E=868.369 [MeV]
OPAL-X> * 08:57:23 Step    198 container[1] at 0.003 [um], t= 4.795 [ps], E=511.006 [keV]
OPAL-X> * 08:57:23 Step    198 container[2] at 0.003 [um], t= 4.795 [ps], E=511.005 [keV]
OPAL-X> * 08:57:23 Step    199 container[0] at 1.439 [mm], t= 4.800 [ps], E=868.375 [MeV]
OPAL-X> * 08:57:23 Step    199 container[1] at 0.003 [um], t= 4.800 [ps], E=511.006 [keV]
OPAL-X> * 08:57:23 Step    199 container[2] at 0.003 [um], t= 4.800 [ps], E=511.005 [keV]
OPAL-X> * 08:57:23 Step    200 container[0] at 1.440 [mm], t= 4.805 [ps], E=868.381 [MeV]
OPAL-X> * 08:57:23 Step    200 container[1] at 0.003 [um], t= 4.805 [ps], E=511.006 [keV]
OPAL-X> * 08:57:23 Step    200 container[2] at 0.003 [um], t= 4.805 [ps], E=511.005 [keV]
OPAL-X> * 08:57:24 Step    201 container[0] at 1.442 [mm], t= 4.810 [ps], E=868.387 [MeV]
OPAL-X> * 08:57:24 Step    201 container[1] at 0.003 [um], t= 4.810 [ps], E=511.006 [keV]
OPAL-X> * 08:57:24 Step    201 container[2] at 0.003 [um], t= 4.810 [ps], E=511.005 [keV]
OPAL-X> * 08:57:24 Step    202 container[0] at 1.443 [mm], t= 4.815 [ps], E=868.394 [MeV]
OPAL-X> * 08:57:24 Step    202 container[1] at 0.003 [um], t= 4.815 [ps], E=511.006 [keV]
OPAL-X> * 08:57:24 Step    202 container[2] at 0.003 [um], t= 4.815 [ps], E=511.005 [keV]
OPAL-X> * 08:57:24 Step    203 container[0] at 1.445 [mm], t= 4.820 [ps], E=868.400 [MeV]
OPAL-X> * 08:57:24 Step    203 container[1] at 0.003 [um], t= 4.820 [ps], E=511.006 [keV]
OPAL-X> * 08:57:24 Step    203 container[2] at 0.003 [um], t= 4.820 [ps], E=511.005 [keV]
OPAL-X> * 08:57:25 Step    204 container[0] at 1.446 [mm], t= 4.825 [ps], E=868.406 [MeV]
OPAL-X> * 08:57:25 Step    204 container[1] at 0.003 [um], t= 4.825 [ps], E=511.006 [keV]
OPAL-X> * 08:57:25 Step    204 container[2] at 0.003 [um], t= 4.825 [ps], E=511.006 [keV]
OPAL-X> * 08:57:25 Step    205 container[0] at 1.448 [mm], t= 4.830 [ps], E=868.412 [MeV]
OPAL-X> * 08:57:25 Step    205 container[1] at 0.003 [um], t= 4.830 [ps], E=511.006 [keV]
OPAL-X> * 08:57:25 Step    205 container[2] at 0.003 [um], t= 4.830 [ps], E=511.006 [keV]
OPAL-X> * 08:57:25 Step    206 container[0] at 1.449 [mm], t= 4.835 [ps], E=868.418 [MeV]
OPAL-X> * 08:57:25 Step    206 container[1] at 0.003 [um], t= 4.835 [ps], E=511.006 [keV]
OPAL-X> * 08:57:25 Step    206 container[2] at 0.003 [um], t= 4.835 [ps], E=511.006 [keV]
OPAL-X> * 08:57:25 Step    207 container[0] at 1.451 [mm], t= 4.840 [ps], E=868.425 [MeV]
OPAL-X> * 08:57:25 Step    207 container[1] at 0.003 [um], t= 4.840 [ps], E=511.007 [keV]
OPAL-X> * 08:57:25 Step    207 container[2] at 0.003 [um], t= 4.840 [ps], E=511.006 [keV]
OPAL-X> * 08:57:26 Step    208 container[0] at 1.452 [mm], t= 4.845 [ps], E=868.431 [MeV]
OPAL-X> * 08:57:26 Step    208 container[1] at 0.003 [um], t= 4.845 [ps], E=511.007 [keV]
OPAL-X> * 08:57:26 Step    208 container[2] at 0.003 [um], t= 4.845 [ps], E=511.006 [keV]
OPAL-X> * 08:57:26 Step    209 container[0] at 1.454 [mm], t= 4.850 [ps], E=868.437 [MeV]
OPAL-X> * 08:57:26 Step    209 container[1] at 0.003 [um], t= 4.850 [ps], E=511.007 [keV]
OPAL-X> * 08:57:26 Step    209 container[2] at 0.003 [um], t= 4.850 [ps], E=511.006 [keV]
OPAL-X> * 08:57:26 Step    210 container[0] at 1.455 [mm], t= 4.855 [ps], E=868.443 [MeV]
OPAL-X> * 08:57:26 Step    210 container[1] at 0.003 [um], t= 4.855 [ps], E=511.007 [keV]
OPAL-X> * 08:57:26 Step    210 container[2] at 0.003 [um], t= 4.855 [ps], E=511.006 [keV]
OPAL-X> * 08:57:27 Step    211 container[0] at 1.457 [mm], t= 4.860 [ps], E=868.449 [MeV]
OPAL-X> * 08:57:27 Step    211 container[1] at 0.003 [um], t= 4.860 [ps], E=511.007 [keV]
OPAL-X> * 08:57:27 Step    211 container[2] at 0.003 [um], t= 4.860 [ps], E=511.007 [keV]
OPAL-X> * 08:57:27 Step    212 container[0] at 1.458 [mm], t= 4.865 [ps], E=868.455 [MeV]
OPAL-X> * 08:57:27 Step    212 container[1] at 0.003 [um], t= 4.865 [ps], E=511.007 [keV]
OPAL-X> * 08:57:27 Step    212 container[2] at 0.003 [um], t= 4.865 [ps], E=511.007 [keV]
OPAL-X> * 08:57:27 Step    213 container[0] at 1.460 [mm], t= 4.870 [ps], E=868.461 [MeV]
OPAL-X> * 08:57:27 Step    213 container[1] at 0.003 [um], t= 4.870 [ps], E=511.007 [keV]
OPAL-X> * 08:57:27 Step    213 container[2] at 0.003 [um], t= 4.870 [ps], E=511.007 [keV]
OPAL-X> * 08:57:27 Step    214 container[0] at 1.461 [mm], t= 4.875 [ps], E=868.467 [MeV]
OPAL-X> * 08:57:27 Step    214 container[1] at 0.003 [um], t= 4.875 [ps], E=511.007 [keV]
OPAL-X> * 08:57:27 Step    214 container[2] at 0.003 [um], t= 4.875 [ps], E=511.007 [keV]
OPAL-X> * 08:57:28 Step    215 container[0] at 1.463 [mm], t= 4.880 [ps], E=868.473 [MeV]
OPAL-X> * 08:57:28 Step    215 container[1] at 0.003 [um], t= 4.880 [ps], E=511.008 [keV]
OPAL-X> * 08:57:28 Step    215 container[2] at 0.003 [um], t= 4.880 [ps], E=511.007 [keV]
OPAL-X> * 08:57:28 Step    216 container[0] at 1.464 [mm], t= 4.885 [ps], E=868.480 [MeV]
OPAL-X> * 08:57:28 Step    216 container[1] at 0.003 [um], t= 4.885 [ps], E=511.008 [keV]
OPAL-X> * 08:57:28 Step    216 container[2] at 0.003 [um], t= 4.885 [ps], E=511.007 [keV]
OPAL-X> * 08:57:28 Step    217 container[0] at 1.466 [mm], t= 4.890 [ps], E=868.486 [MeV]
OPAL-X> * 08:57:28 Step    217 container[1] at 0.003 [um], t= 4.890 [ps], E=511.008 [keV]
OPAL-X> * 08:57:28 Step    217 container[2] at 0.003 [um], t= 4.890 [ps], E=511.008 [keV]
OPAL-X> * 08:57:28 Step    218 container[0] at 1.467 [mm], t= 4.895 [ps], E=868.492 [MeV]
OPAL-X> * 08:57:28 Step    218 container[1] at 0.003 [um], t= 4.895 [ps], E=511.008 [keV]
OPAL-X> * 08:57:28 Step    218 container[2] at 0.003 [um], t= 4.895 [ps], E=511.008 [keV]
OPAL-X> * 08:57:29 Step    219 container[0] at 1.469 [mm], t= 4.900 [ps], E=868.498 [MeV]
OPAL-X> * 08:57:29 Step    219 container[1] at 0.003 [um], t= 4.900 [ps], E=511.008 [keV]
OPAL-X> * 08:57:29 Step    219 container[2] at 0.003 [um], t= 4.900 [ps], E=511.008 [keV]
OPAL-X> * 08:57:29 Step    220 container[0] at 1.470 [mm], t= 4.905 [ps], E=868.504 [MeV]
OPAL-X> * 08:57:29 Step    220 container[1] at 0.003 [um], t= 4.905 [ps], E=511.008 [keV]
OPAL-X> * 08:57:29 Step    220 container[2] at 0.003 [um], t= 4.905 [ps], E=511.008 [keV]
OPAL-X> * 08:57:29 Step    221 container[0] at 1.472 [mm], t= 4.910 [ps], E=868.510 [MeV]
OPAL-X> * 08:57:29 Step    221 container[1] at 0.003 [um], t= 4.910 [ps], E=511.008 [keV]
OPAL-X> * 08:57:29 Step    221 container[2] at 0.003 [um], t= 4.910 [ps], E=511.008 [keV]
OPAL-X> * 08:57:30 Step    222 container[0] at 1.473 [mm], t= 4.915 [ps], E=868.516 [MeV]
OPAL-X> * 08:57:30 Step    222 container[1] at 0.003 [um], t= 4.915 [ps], E=511.009 [keV]
OPAL-X> * 08:57:30 Step    222 container[2] at 0.003 [um], t= 4.915 [ps], E=511.008 [keV]
OPAL-X> * 08:57:30 Step    223 container[0] at 1.475 [mm], t= 4.920 [ps], E=868.522 [MeV]
OPAL-X> * 08:57:30 Step    223 container[1] at 0.003 [um], t= 4.920 [ps], E=511.009 [keV]
OPAL-X> * 08:57:30 Step    223 container[2] at 0.003 [um], t= 4.920 [ps], E=511.009 [keV]
OPAL-X> * 08:57:30 Step    224 container[0] at 1.476 [mm], t= 4.925 [ps], E=868.528 [MeV]
OPAL-X> * 08:57:30 Step    224 container[1] at 0.003 [um], t= 4.925 [ps], E=511.009 [keV]
OPAL-X> * 08:57:30 Step    224 container[2] at 0.003 [um], t= 4.925 [ps], E=511.009 [keV]
OPAL-X> * 08:57:30 Step    225 container[0] at 1.478 [mm], t= 4.930 [ps], E=868.534 [MeV]
OPAL-X> * 08:57:30 Step    225 container[1] at 0.003 [um], t= 4.930 [ps], E=511.009 [keV]
OPAL-X> * 08:57:30 Step    225 container[2] at 0.003 [um], t= 4.930 [ps], E=511.009 [keV]
OPAL-X> * 08:57:31 Step    226 container[0] at 1.479 [mm], t= 4.935 [ps], E=868.540 [MeV]
OPAL-X> * 08:57:31 Step    226 container[1] at 0.003 [um], t= 4.935 [ps], E=511.009 [keV]
OPAL-X> * 08:57:31 Step    226 container[2] at 0.003 [um], t= 4.935 [ps], E=511.009 [keV]
OPAL-X> * 08:57:31 Step    227 container[0] at 1.481 [mm], t= 4.940 [ps], E=868.546 [MeV]
OPAL-X> * 08:57:31 Step    227 container[1] at 0.003 [um], t= 4.940 [ps], E=511.009 [keV]
OPAL-X> * 08:57:31 Step    227 container[2] at 0.003 [um], t= 4.940 [ps], E=511.009 [keV]
OPAL-X> * 08:57:31 Step    228 container[0] at 1.482 [mm], t= 4.945 [ps], E=868.551 [MeV]
OPAL-X> * 08:57:31 Step    228 container[1] at 0.003 [um], t= 4.945 [ps], E=511.009 [keV]
OPAL-X> * 08:57:31 Step    228 container[2] at 0.003 [um], t= 4.945 [ps], E=511.009 [keV]
OPAL-X> * 08:57:31 Step    229 container[0] at 1.484 [mm], t= 4.950 [ps], E=868.557 [MeV]
OPAL-X> * 08:57:31 Step    229 container[1] at 0.003 [um], t= 4.950 [ps], E=511.010 [keV]
OPAL-X> * 08:57:31 Step    229 container[2] at 0.003 [um], t= 4.950 [ps], E=511.010 [keV]
OPAL-X> * 08:57:32 Step    230 container[0] at 1.485 [mm], t= 4.955 [ps], E=868.563 [MeV]
OPAL-X> * 08:57:32 Step    230 container[1] at 0.003 [um], t= 4.955 [ps], E=511.010 [keV]
OPAL-X> * 08:57:32 Step    230 container[2] at 0.003 [um], t= 4.955 [ps], E=511.010 [keV]
OPAL-X> * 08:57:32 Step    231 container[0] at 1.487 [mm], t= 4.960 [ps], E=868.569 [MeV]
OPAL-X> * 08:57:32 Step    231 container[1] at 0.003 [um], t= 4.960 [ps], E=511.010 [keV]
OPAL-X> * 08:57:32 Step    231 container[2] at 0.003 [um], t= 4.960 [ps], E=511.010 [keV]
OPAL-X> * 08:57:32 Step    232 container[0] at 1.488 [mm], t= 4.965 [ps], E=868.575 [MeV]
OPAL-X> * 08:57:32 Step    232 container[1] at 0.003 [um], t= 4.965 [ps], E=511.010 [keV]
OPAL-X> * 08:57:32 Step    232 container[2] at 0.003 [um], t= 4.965 [ps], E=511.010 [keV]
OPAL-X> * 08:57:33 Step    233 container[0] at 1.490 [mm], t= 4.970 [ps], E=868.581 [MeV]
OPAL-X> * 08:57:33 Step    233 container[1] at 0.003 [um], t= 4.970 [ps], E=511.010 [keV]
OPAL-X> * 08:57:33 Step    233 container[2] at 0.003 [um], t= 4.970 [ps], E=511.010 [keV]
OPAL-X> * 08:57:33 Step    234 container[0] at 1.491 [mm], t= 4.975 [ps], E=868.587 [MeV]
OPAL-X> * 08:57:33 Step    234 container[1] at 0.003 [um], t= 4.975 [ps], E=511.010 [keV]
OPAL-X> * 08:57:33 Step    234 container[2] at 0.003 [um], t= 4.975 [ps], E=511.011 [keV]
OPAL-X> * 08:57:33 Step    235 container[0] at 1.493 [mm], t= 4.980 [ps], E=868.593 [MeV]
OPAL-X> * 08:57:33 Step    235 container[1] at 0.003 [um], t= 4.980 [ps], E=511.011 [keV]
OPAL-X> * 08:57:33 Step    235 container[2] at 0.003 [um], t= 4.980 [ps], E=511.011 [keV]
OPAL-X> * 08:57:33 Step    236 container[0] at 1.494 [mm], t= 4.985 [ps], E=868.599 [MeV]
OPAL-X> * 08:57:33 Step    236 container[1] at 0.003 [um], t= 4.985 [ps], E=511.011 [keV]
OPAL-X> * 08:57:33 Step    236 container[2] at 0.003 [um], t= 4.985 [ps], E=511.011 [keV]
OPAL-X> * 08:57:34 Step    237 container[0] at 1.496 [mm], t= 4.990 [ps], E=868.604 [MeV]
OPAL-X> * 08:57:34 Step    237 container[1] at 0.003 [um], t= 4.990 [ps], E=511.011 [keV]
OPAL-X> * 08:57:34 Step    237 container[2] at 0.003 [um], t= 4.990 [ps], E=511.011 [keV]
OPAL-X> * 08:57:34 Step    238 container[0] at 1.497 [mm], t= 4.995 [ps], E=868.610 [MeV]
OPAL-X> * 08:57:34 Step    238 container[1] at 0.003 [um], t= 4.995 [ps], E=511.011 [keV]
OPAL-X> * 08:57:34 Step    238 container[2] at 0.003 [um], t= 4.995 [ps], E=511.011 [keV]
OPAL-X> * 08:57:34 Step    239 container[0] at 1.499 [mm], t= 5.000 [ps], E=868.616 [MeV]
OPAL-X> * 08:57:34 Step    239 container[1] at 0.003 [um], t= 5.000 [ps], E=511.011 [keV]
OPAL-X> * 08:57:34 Step    239 container[2] at 0.003 [um], t= 5.000 [ps], E=511.012 [keV]
OPAL-X> * 08:57:34 Step    240 container[0] at 1.500 [mm], t= 5.005 [ps], E=868.622 [MeV]
OPAL-X> * 08:57:34 Step    240 container[1] at 0.003 [um], t= 5.005 [ps], E=511.011 [keV]
OPAL-X> * 08:57:34 Step    240 container[2] at 0.003 [um], t= 5.005 [ps], E=511.012 [keV]
OPAL-X> * 08:57:35 Step    241 container[0] at 1.502 [mm], t= 5.010 [ps], E=868.628 [MeV]
OPAL-X> * 08:57:35 Step    241 container[1] at 0.003 [um], t= 5.010 [ps], E=511.012 [keV]
OPAL-X> * 08:57:35 Step    241 container[2] at 0.003 [um], t= 5.010 [ps], E=511.012 [keV]
OPAL-X> * 08:57:35 Step    242 container[0] at 1.503 [mm], t= 5.015 [ps], E=868.633 [MeV]
OPAL-X> * 08:57:35 Step    242 container[1] at 0.003 [um], t= 5.015 [ps], E=511.012 [keV]
OPAL-X> * 08:57:35 Step    242 container[2] at 0.003 [um], t= 5.015 [ps], E=511.012 [keV]
OPAL-X> * 08:57:35 Step    243 container[0] at 1.505 [mm], t= 5.020 [ps], E=868.639 [MeV]
OPAL-X> * 08:57:35 Step    243 container[1] at 0.003 [um], t= 5.020 [ps], E=511.012 [keV]
OPAL-X> * 08:57:35 Step    243 container[2] at 0.003 [um], t= 5.020 [ps], E=511.012 [keV]
OPAL-X> * 08:57:35 Step    244 container[0] at 1.506 [mm], t= 5.025 [ps], E=868.645 [MeV]
OPAL-X> * 08:57:35 Step    244 container[1] at 0.003 [um], t= 5.025 [ps], E=511.012 [keV]
OPAL-X> * 08:57:35 Step    244 container[2] at 0.003 [um], t= 5.025 [ps], E=511.013 [keV]
OPAL-X> * 08:57:36 Step    245 container[0] at 1.508 [mm], t= 5.030 [ps], E=868.651 [MeV]
OPAL-X> * 08:57:36 Step    245 container[1] at 0.003 [um], t= 5.030 [ps], E=511.012 [keV]
OPAL-X> * 08:57:36 Step    245 container[2] at 0.003 [um], t= 5.030 [ps], E=511.013 [keV]
OPAL-X> * 08:57:36 Step    246 container[0] at 1.509 [mm], t= 5.035 [ps], E=868.656 [MeV]
OPAL-X> * 08:57:36 Step    246 container[1] at 0.003 [um], t= 5.035 [ps], E=511.013 [keV]
OPAL-X> * 08:57:36 Step    246 container[2] at 0.003 [um], t= 5.035 [ps], E=511.013 [keV]
OPAL-X> * 08:57:36 Step    247 container[0] at 1.511 [mm], t= 5.040 [ps], E=868.662 [MeV]
OPAL-X> * 08:57:36 Step    247 container[1] at 0.003 [um], t= 5.040 [ps], E=511.013 [keV]
OPAL-X> * 08:57:36 Step    247 container[2] at 0.003 [um], t= 5.040 [ps], E=511.013 [keV]
OPAL-X> * 08:57:37 Step    248 container[0] at 1.512 [mm], t= 5.045 [ps], E=868.668 [MeV]
OPAL-X> * 08:57:37 Step    248 container[1] at 0.003 [um], t= 5.045 [ps], E=511.013 [keV]
OPAL-X> * 08:57:37 Step    248 container[2] at 0.003 [um], t= 5.045 [ps], E=511.013 [keV]
OPAL-X> * 08:57:37 Step    249 container[0] at 1.514 [mm], t= 5.050 [ps], E=868.673 [MeV]
OPAL-X> * 08:57:37 Step    249 container[1] at 0.003 [um], t= 5.050 [ps], E=511.013 [keV]
OPAL-X> * 08:57:37 Step    249 container[2] at 0.003 [um], t= 5.050 [ps], E=511.014 [keV]
OPAL-X> * 08:57:37 Step    250 container[0] at 1.515 [mm], t= 5.055 [ps], E=868.679 [MeV]
OPAL-X> * 08:57:37 Step    250 container[1] at 0.003 [um], t= 5.055 [ps], E=511.013 [keV]
OPAL-X> * 08:57:37 Step    250 container[2] at 0.003 [um], t= 5.055 [ps], E=511.014 [keV]
OPAL-X> * 08:57:37 Step    251 container[0] at 1.517 [mm], t= 5.060 [ps], E=868.685 [MeV]
OPAL-X> * 08:57:37 Step    251 container[1] at 0.003 [um], t= 5.060 [ps], E=511.014 [keV]
OPAL-X> * 08:57:37 Step    251 container[2] at 0.003 [um], t= 5.060 [ps], E=511.014 [keV]
OPAL-X> * 08:57:38 Step    252 container[0] at 1.518 [mm], t= 5.065 [ps], E=868.691 [MeV]
OPAL-X> * 08:57:38 Step    252 container[1] at 0.003 [um], t= 5.065 [ps], E=511.014 [keV]
OPAL-X> * 08:57:38 Step    252 container[2] at 0.003 [um], t= 5.065 [ps], E=511.014 [keV]
OPAL-X> * 08:57:38 Step    253 container[0] at 1.520 [mm], t= 5.070 [ps], E=868.696 [MeV]
OPAL-X> * 08:57:38 Step    253 container[1] at 0.003 [um], t= 5.070 [ps], E=511.014 [keV]
OPAL-X> * 08:57:38 Step    253 container[2] at 0.003 [um], t= 5.070 [ps], E=511.015 [keV]
OPAL-X> * 08:57:38 Step    254 container[0] at 1.521 [mm], t= 5.075 [ps], E=868.702 [MeV]
OPAL-X> * 08:57:38 Step    254 container[1] at 0.003 [um], t= 5.075 [ps], E=511.014 [keV]
OPAL-X> * 08:57:38 Step    254 container[2] at 0.003 [um], t= 5.075 [ps], E=511.015 [keV]
OPAL-X> * 08:57:39 Step    255 container[0] at 1.523 [mm], t= 5.080 [ps], E=868.707 [MeV]
OPAL-X> * 08:57:39 Step    255 container[1] at 0.003 [um], t= 5.080 [ps], E=511.014 [keV]
OPAL-X> * 08:57:39 Step    255 container[2] at 0.003 [um], t= 5.080 [ps], E=511.015 [keV]
OPAL-X> * 08:57:39 Step    256 container[0] at 1.524 [mm], t= 5.085 [ps], E=868.713 [MeV]
OPAL-X> * 08:57:39 Step    256 container[1] at 0.003 [um], t= 5.085 [ps], E=511.015 [keV]
OPAL-X> * 08:57:39 Step    256 container[2] at 0.003 [um], t= 5.085 [ps], E=511.015 [keV]
OPAL-X> * 08:57:39 Step    257 container[0] at 1.526 [mm], t= 5.090 [ps], E=868.719 [MeV]
OPAL-X> * 08:57:39 Step    257 container[1] at 0.003 [um], t= 5.090 [ps], E=511.015 [keV]
OPAL-X> * 08:57:39 Step    257 container[2] at 0.003 [um], t= 5.090 [ps], E=511.015 [keV]
OPAL-X> * 08:57:39 Step    258 container[0] at 1.527 [mm], t= 5.095 [ps], E=868.724 [MeV]
OPAL-X> * 08:57:39 Step    258 container[1] at 0.003 [um], t= 5.095 [ps], E=511.015 [keV]
OPAL-X> * 08:57:39 Step    258 container[2] at 0.003 [um], t= 5.095 [ps], E=511.016 [keV]
OPAL-X> * 08:57:40 Step    259 container[0] at 1.529 [mm], t= 5.100 [ps], E=868.730 [MeV]
OPAL-X> * 08:57:40 Step    259 container[1] at 0.003 [um], t= 5.100 [ps], E=511.015 [keV]
OPAL-X> * 08:57:40 Step    259 container[2] at 0.003 [um], t= 5.100 [ps], E=511.016 [keV]
OPAL-X> * 08:57:40 Step    260 container[0] at 1.530 [mm], t= 5.105 [ps], E=868.736 [MeV]
OPAL-X> * 08:57:40 Step    260 container[1] at 0.003 [um], t= 5.105 [ps], E=511.015 [keV]
OPAL-X> * 08:57:40 Step    260 container[2] at 0.003 [um], t= 5.105 [ps], E=511.016 [keV]
OPAL-X> * 08:57:40 Step    261 container[0] at 1.532 [mm], t= 5.110 [ps], E=868.741 [MeV]
OPAL-X> * 08:57:40 Step    261 container[1] at 0.003 [um], t= 5.110 [ps], E=511.016 [keV]
OPAL-X> * 08:57:40 Step    261 container[2] at 0.003 [um], t= 5.110 [ps], E=511.016 [keV]
OPAL-X> * 08:57:40 Step    262 container[0] at 1.533 [mm], t= 5.115 [ps], E=868.747 [MeV]
OPAL-X> * 08:57:40 Step    262 container[1] at 0.003 [um], t= 5.115 [ps], E=511.016 [keV]
OPAL-X> * 08:57:40 Step    262 container[2] at 0.003 [um], t= 5.115 [ps], E=511.017 [keV]
OPAL-X> * 08:57:41 Step    263 container[0] at 1.535 [mm], t= 5.120 [ps], E=868.752 [MeV]
OPAL-X> * 08:57:41 Step    263 container[1] at 0.003 [um], t= 5.120 [ps], E=511.016 [keV]
OPAL-X> * 08:57:41 Step    263 container[2] at 0.003 [um], t= 5.120 [ps], E=511.017 [keV]
OPAL-X> * 08:57:41 Step    264 container[0] at 1.536 [mm], t= 5.125 [ps], E=868.758 [MeV]
OPAL-X> * 08:57:41 Step    264 container[1] at 0.003 [um], t= 5.125 [ps], E=511.016 [keV]
OPAL-X> * 08:57:41 Step    264 container[2] at 0.003 [um], t= 5.125 [ps], E=511.017 [keV]
OPAL-X> * 08:57:41 Step    265 container[0] at 1.538 [mm], t= 5.130 [ps], E=868.763 [MeV]
OPAL-X> * 08:57:41 Step    265 container[1] at 0.003 [um], t= 5.130 [ps], E=511.016 [keV]
OPAL-X> * 08:57:41 Step    265 container[2] at 0.003 [um], t= 5.130 [ps], E=511.017 [keV]
OPAL-X> * 08:57:41 Step    266 container[0] at 1.539 [mm], t= 5.135 [ps], E=868.769 [MeV]
OPAL-X> * 08:57:41 Step    266 container[1] at 0.003 [um], t= 5.135 [ps], E=511.017 [keV]
OPAL-X> * 08:57:41 Step    266 container[2] at 0.003 [um], t= 5.135 [ps], E=511.018 [keV]
OPAL-X> * 08:57:42 Step    267 container[0] at 1.541 [mm], t= 5.140 [ps], E=868.774 [MeV]
OPAL-X> * 08:57:42 Step    267 container[1] at 0.003 [um], t= 5.140 [ps], E=511.017 [keV]
OPAL-X> * 08:57:42 Step    267 container[2] at 0.003 [um], t= 5.140 [ps], E=511.018 [keV]
OPAL-X> * 08:57:42 Step    268 container[0] at 1.542 [mm], t= 5.145 [ps], E=868.780 [MeV]
OPAL-X> * 08:57:42 Step    268 container[1] at 0.003 [um], t= 5.145 [ps], E=511.017 [keV]
OPAL-X> * 08:57:42 Step    268 container[2] at 0.003 [um], t= 5.145 [ps], E=511.018 [keV]
OPAL-X> * 08:57:42 Step    269 container[0] at 1.544 [mm], t= 5.150 [ps], E=868.785 [MeV]
OPAL-X> * 08:57:42 Step    269 container[1] at 0.003 [um], t= 5.150 [ps], E=511.017 [keV]
OPAL-X> * 08:57:42 Step    269 container[2] at 0.003 [um], t= 5.150 [ps], E=511.018 [keV]
OPAL-X> * 08:57:43 Step    270 container[0] at 1.545 [mm], t= 5.155 [ps], E=868.791 [MeV]
OPAL-X> * 08:57:43 Step    270 container[1] at 0.003 [um], t= 5.155 [ps], E=511.018 [keV]
OPAL-X> * 08:57:43 Step    270 container[2] at 0.003 [um], t= 5.155 [ps], E=511.018 [keV]
OPAL-X> * 08:57:43 Step    271 container[0] at 1.547 [mm], t= 5.160 [ps], E=868.796 [MeV]
OPAL-X> * 08:57:43 Step    271 container[1] at 0.003 [um], t= 5.160 [ps], E=511.018 [keV]
OPAL-X> * 08:57:43 Step    271 container[2] at 0.003 [um], t= 5.160 [ps], E=511.019 [keV]
OPAL-X> * 08:57:43 Step    272 container[0] at 1.548 [mm], t= 5.165 [ps], E=868.802 [MeV]
OPAL-X> * 08:57:43 Step    272 container[1] at 0.003 [um], t= 5.165 [ps], E=511.018 [keV]
OPAL-X> * 08:57:43 Step    272 container[2] at 0.003 [um], t= 5.165 [ps], E=511.019 [keV]
OPAL-X> * 08:57:43 Step    273 container[0] at 1.550 [mm], t= 5.170 [ps], E=868.807 [MeV]
OPAL-X> * 08:57:43 Step    273 container[1] at 0.003 [um], t= 5.170 [ps], E=511.018 [keV]
OPAL-X> * 08:57:43 Step    273 container[2] at 0.003 [um], t= 5.170 [ps], E=511.019 [keV]
OPAL-X> * 08:57:44 Step    274 container[0] at 1.551 [mm], t= 5.175 [ps], E=868.813 [MeV]
OPAL-X> * 08:57:44 Step    274 container[1] at 0.003 [um], t= 5.175 [ps], E=511.018 [keV]
OPAL-X> * 08:57:44 Step    274 container[2] at 0.003 [um], t= 5.175 [ps], E=511.019 [keV]
OPAL-X> * 08:57:44 Step    275 container[0] at 1.553 [mm], t= 5.180 [ps], E=868.818 [MeV]
OPAL-X> * 08:57:44 Step    275 container[1] at 0.003 [um], t= 5.180 [ps], E=511.019 [keV]
OPAL-X> * 08:57:44 Step    275 container[2] at 0.003 [um], t= 5.180 [ps], E=511.020 [keV]
OPAL-X> * 08:57:44 Step    276 container[0] at 1.554 [mm], t= 5.185 [ps], E=868.824 [MeV]
OPAL-X> * 08:57:44 Step    276 container[1] at 0.003 [um], t= 5.185 [ps], E=511.019 [keV]
OPAL-X> * 08:57:44 Step    276 container[2] at 0.003 [um], t= 5.185 [ps], E=511.020 [keV]
OPAL-X> * 08:57:44 Step    277 container[0] at 1.556 [mm], t= 5.190 [ps], E=868.829 [MeV]
OPAL-X> * 08:57:44 Step    277 container[1] at 0.003 [um], t= 5.190 [ps], E=511.019 [keV]
OPAL-X> * 08:57:44 Step    277 container[2] at 0.003 [um], t= 5.190 [ps], E=511.020 [keV]
OPAL-X> * 08:57:45 Step    278 container[0] at 1.557 [mm], t= 5.195 [ps], E=868.835 [MeV]
OPAL-X> * 08:57:45 Step    278 container[1] at 0.003 [um], t= 5.195 [ps], E=511.019 [keV]
OPAL-X> * 08:57:45 Step    278 container[2] at 0.003 [um], t= 5.195 [ps], E=511.020 [keV]
OPAL-X> * 08:57:45 Step    279 container[0] at 1.559 [mm], t= 5.200 [ps], E=868.840 [MeV]
OPAL-X> * 08:57:45 Step    279 container[1] at 0.003 [um], t= 5.200 [ps], E=511.020 [keV]
OPAL-X> * 08:57:45 Step    279 container[2] at 0.003 [um], t= 5.200 [ps], E=511.021 [keV]
OPAL-X> * 08:57:45 Step    280 container[0] at 1.560 [mm], t= 5.205 [ps], E=868.845 [MeV]
OPAL-X> * 08:57:45 Step    280 container[1] at 0.003 [um], t= 5.205 [ps], E=511.020 [keV]
OPAL-X> * 08:57:45 Step    280 container[2] at 0.003 [um], t= 5.205 [ps], E=511.021 [keV]
OPAL-X> * 08:57:46 Step    281 container[0] at 1.562 [mm], t= 5.210 [ps], E=868.851 [MeV]
OPAL-X> * 08:57:46 Step    281 container[1] at 0.003 [um], t= 5.210 [ps], E=511.020 [keV]
OPAL-X> * 08:57:46 Step    281 container[2] at 0.003 [um], t= 5.210 [ps], E=511.021 [keV]
OPAL-X> * 08:57:46 Step    282 container[0] at 1.563 [mm], t= 5.215 [ps], E=868.856 [MeV]
OPAL-X> * 08:57:46 Step    282 container[1] at 0.003 [um], t= 5.215 [ps], E=511.020 [keV]
OPAL-X> * 08:57:46 Step    282 container[2] at 0.003 [um], t= 5.215 [ps], E=511.021 [keV]
OPAL-X> * 08:57:46 Step    283 container[0] at 1.565 [mm], t= 5.220 [ps], E=868.862 [MeV]
OPAL-X> * 08:57:46 Step    283 container[1] at 0.003 [um], t= 5.220 [ps], E=511.021 [keV]
OPAL-X> * 08:57:46 Step    283 container[2] at 0.003 [um], t= 5.220 [ps], E=511.022 [keV]
OPAL-X> * 08:57:46 Step    284 container[0] at 1.566 [mm], t= 5.225 [ps], E=868.867 [MeV]
OPAL-X> * 08:57:46 Step    284 container[1] at 0.003 [um], t= 5.225 [ps], E=511.021 [keV]
OPAL-X> * 08:57:46 Step    284 container[2] at 0.003 [um], t= 5.225 [ps], E=511.022 [keV]
OPAL-X> * 08:57:47 Step    285 container[0] at 1.568 [mm], t= 5.230 [ps], E=868.872 [MeV]
OPAL-X> * 08:57:47 Step    285 container[1] at 0.003 [um], t= 5.230 [ps], E=511.021 [keV]
OPAL-X> * 08:57:47 Step    285 container[2] at 0.003 [um], t= 5.230 [ps], E=511.022 [keV]
OPAL-X> * 08:57:47 Step    286 container[0] at 1.569 [mm], t= 5.235 [ps], E=868.878 [MeV]
OPAL-X> * 08:57:47 Step    286 container[1] at 0.003 [um], t= 5.235 [ps], E=511.021 [keV]
OPAL-X> * 08:57:47 Step    286 container[2] at 0.003 [um], t= 5.235 [ps], E=511.022 [keV]
OPAL-X> * 08:57:47 Step    287 container[0] at 1.571 [mm], t= 5.240 [ps], E=868.883 [MeV]
OPAL-X> * 08:57:47 Step    287 container[1] at 0.003 [um], t= 5.240 [ps], E=511.022 [keV]
OPAL-X> * 08:57:47 Step    287 container[2] at 0.003 [um], t= 5.240 [ps], E=511.023 [keV]
OPAL-X> * 08:57:47 Step    288 container[0] at 1.572 [mm], t= 5.245 [ps], E=868.888 [MeV]
OPAL-X> * 08:57:47 Step    288 container[1] at 0.003 [um], t= 5.245 [ps], E=511.022 [keV]
OPAL-X> * 08:57:47 Step    288 container[2] at 0.003 [um], t= 5.245 [ps], E=511.023 [keV]
OPAL-X> * 08:57:48 Step    289 container[0] at 1.574 [mm], t= 5.250 [ps], E=868.894 [MeV]
OPAL-X> * 08:57:48 Step    289 container[1] at 0.003 [um], t= 5.250 [ps], E=511.022 [keV]
OPAL-X> * 08:57:48 Step    289 container[2] at 0.003 [um], t= 5.250 [ps], E=511.023 [keV]
OPAL-X> * 08:57:48 Step    290 container[0] at 1.575 [mm], t= 5.255 [ps], E=868.899 [MeV]
OPAL-X> * 08:57:48 Step    290 container[1] at 0.003 [um], t= 5.255 [ps], E=511.022 [keV]
OPAL-X> * 08:57:48 Step    290 container[2] at 0.003 [um], t= 5.255 [ps], E=511.023 [keV]
OPAL-X> * 08:57:48 Step    291 container[0] at 1.577 [mm], t= 5.260 [ps], E=868.904 [MeV]
OPAL-X> * 08:57:48 Step    291 container[1] at 0.003 [um], t= 5.260 [ps], E=511.023 [keV]
OPAL-X> * 08:57:48 Step    291 container[2] at 0.003 [um], t= 5.260 [ps], E=511.024 [keV]
OPAL-X> * 08:57:48 Step    292 container[0] at 1.578 [mm], t= 5.265 [ps], E=868.910 [MeV]
OPAL-X> * 08:57:48 Step    292 container[1] at 0.003 [um], t= 5.265 [ps], E=511.023 [keV]
OPAL-X> * 08:57:48 Step    292 container[2] at 0.003 [um], t= 5.265 [ps], E=511.024 [keV]
OPAL-X> * 08:57:49 Step    293 container[0] at 1.580 [mm], t= 5.270 [ps], E=868.915 [MeV]
OPAL-X> * 08:57:49 Step    293 container[1] at 0.003 [um], t= 5.270 [ps], E=511.023 [keV]
OPAL-X> * 08:57:49 Step    293 container[2] at 0.003 [um], t= 5.270 [ps], E=511.024 [keV]
OPAL-X> * 08:57:49 Step    294 container[0] at 1.581 [mm], t= 5.275 [ps], E=868.920 [MeV]
OPAL-X> * 08:57:49 Step    294 container[1] at 0.003 [um], t= 5.275 [ps], E=511.023 [keV]
OPAL-X> * 08:57:49 Step    294 container[2] at 0.003 [um], t= 5.275 [ps], E=511.025 [keV]
OPAL-X> * 08:57:49 Step    295 container[0] at 1.583 [mm], t= 5.280 [ps], E=868.925 [MeV]
OPAL-X> * 08:57:49 Step    295 container[1] at 0.003 [um], t= 5.280 [ps], E=511.024 [keV]
OPAL-X> * 08:57:49 Step    295 container[2] at 0.003 [um], t= 5.280 [ps], E=511.025 [keV]
OPAL-X> * 08:57:50 Step    296 container[0] at 1.584 [mm], t= 5.285 [ps], E=868.931 [MeV]
OPAL-X> * 08:57:50 Step    296 container[1] at 0.003 [um], t= 5.285 [ps], E=511.024 [keV]
OPAL-X> * 08:57:50 Step    296 container[2] at 0.003 [um], t= 5.285 [ps], E=511.025 [keV]
OPAL-X> * 08:57:50 Step    297 container[0] at 1.586 [mm], t= 5.290 [ps], E=868.936 [MeV]
OPAL-X> * 08:57:50 Step    297 container[1] at 0.003 [um], t= 5.290 [ps], E=511.024 [keV]
OPAL-X> * 08:57:50 Step    297 container[2] at 0.003 [um], t= 5.290 [ps], E=511.025 [keV]
OPAL-X> * 08:57:50 Step    298 container[0] at 1.587 [mm], t= 5.295 [ps], E=868.941 [MeV]
OPAL-X> * 08:57:50 Step    298 container[1] at 0.003 [um], t= 5.295 [ps], E=511.024 [keV]
OPAL-X> * 08:57:50 Step    298 container[2] at 0.003 [um], t= 5.295 [ps], E=511.026 [keV]
OPAL-X> * 08:57:50 Step    299 container[0] at 1.589 [mm], t= 5.300 [ps], E=868.946 [MeV]
OPAL-X> * 08:57:50 Step    299 container[1] at 0.003 [um], t= 5.300 [ps], E=511.025 [keV]
OPAL-X> * 08:57:50 Step    299 container[2] at 0.003 [um], t= 5.300 [ps], E=511.026 [keV]
OPAL-X> * 08:57:51 Step    300 container[0] at 1.590 [mm], t= 5.305 [ps], E=868.952 [MeV]
OPAL-X> * 08:57:51 Step    300 container[1] at 0.003 [um], t= 5.305 [ps], E=511.025 [keV]
OPAL-X> * 08:57:51 Step    300 container[2] at 0.003 [um], t= 5.305 [ps], E=511.026 [keV]
OPAL-X> * 08:57:51 Step    301 container[0] at 1.592 [mm], t= 5.310 [ps], E=868.957 [MeV]
OPAL-X> * 08:57:51 Step    301 container[1] at 0.003 [um], t= 5.310 [ps], E=511.025 [keV]
OPAL-X> * 08:57:51 Step    301 container[2] at 0.003 [um], t= 5.310 [ps], E=511.026 [keV]
OPAL-X> * 08:57:51 Step    302 container[0] at 1.593 [mm], t= 5.315 [ps], E=868.962 [MeV]
OPAL-X> * 08:57:51 Step    302 container[1] at 0.003 [um], t= 5.315 [ps], E=511.025 [keV]
OPAL-X> * 08:57:51 Step    302 container[2] at 0.003 [um], t= 5.315 [ps], E=511.027 [keV]
OPAL-X> * 08:57:51 Step    303 container[0] at 1.595 [mm], t= 5.320 [ps], E=868.967 [MeV]
OPAL-X> * 08:57:51 Step    303 container[1] at 0.003 [um], t= 5.320 [ps], E=511.026 [keV]
OPAL-X> * 08:57:51 Step    303 container[2] at 0.003 [um], t= 5.320 [ps], E=511.027 [keV]
OPAL-X> * 08:57:52 Step    304 container[0] at 1.596 [mm], t= 5.325 [ps], E=868.972 [MeV]
OPAL-X> * 08:57:52 Step    304 container[1] at 0.003 [um], t= 5.325 [ps], E=511.026 [keV]
OPAL-X> * 08:57:52 Step    304 container[2] at 0.003 [um], t= 5.325 [ps], E=511.027 [keV]
OPAL-X> * 08:57:52 Step    305 container[0] at 1.598 [mm], t= 5.330 [ps], E=868.978 [MeV]
OPAL-X> * 08:57:52 Step    305 container[1] at 0.003 [um], t= 5.330 [ps], E=511.026 [keV]
OPAL-X> * 08:57:52 Step    305 container[2] at 0.003 [um], t= 5.330 [ps], E=511.027 [keV]
OPAL-X> * 08:57:52 Step    306 container[0] at 1.599 [mm], t= 5.335 [ps], E=868.983 [MeV]
OPAL-X> * 08:57:52 Step    306 container[1] at 0.003 [um], t= 5.335 [ps], E=511.026 [keV]
OPAL-X> * 08:57:52 Step    306 container[2] at 0.003 [um], t= 5.335 [ps], E=511.028 [keV]
OPAL-X> * 08:57:53 Step    307 container[0] at 1.601 [mm], t= 5.340 [ps], E=868.988 [MeV]
OPAL-X> * 08:57:53 Step    307 container[1] at 0.003 [um], t= 5.340 [ps], E=511.027 [keV]
OPAL-X> * 08:57:53 Step    307 container[2] at 0.003 [um], t= 5.340 [ps], E=511.028 [keV]
OPAL-X> * 08:57:53 Step    308 container[0] at 1.602 [mm], t= 5.345 [ps], E=868.993 [MeV]
OPAL-X> * 08:57:53 Step    308 container[1] at 0.003 [um], t= 5.345 [ps], E=511.027 [keV]
OPAL-X> * 08:57:53 Step    308 container[2] at 0.003 [um], t= 5.345 [ps], E=511.028 [keV]
OPAL-X> * 08:57:53 Step    309 container[0] at 1.604 [mm], t= 5.350 [ps], E=868.998 [MeV]
OPAL-X> * 08:57:53 Step    309 container[1] at 0.003 [um], t= 5.350 [ps], E=511.027 [keV]
OPAL-X> * 08:57:53 Step    309 container[2] at 0.003 [um], t= 5.350 [ps], E=511.029 [keV]
OPAL-X> * 08:57:53 Step    310 container[0] at 1.605 [mm], t= 5.355 [ps], E=869.003 [MeV]
OPAL-X> * 08:57:53 Step    310 container[1] at 0.003 [um], t= 5.355 [ps], E=511.027 [keV]
OPAL-X> * 08:57:53 Step    310 container[2] at 0.003 [um], t= 5.355 [ps], E=511.029 [keV]
OPAL-X> * 08:57:54 Step    311 container[0] at 1.607 [mm], t= 5.360 [ps], E=869.008 [MeV]
OPAL-X> * 08:57:54 Step    311 container[1] at 0.003 [um], t= 5.360 [ps], E=511.028 [keV]
OPAL-X> * 08:57:54 Step    311 container[2] at 0.003 [um], t= 5.360 [ps], E=511.029 [keV]
OPAL-X> * 08:57:54 Step    312 container[0] at 1.608 [mm], t= 5.365 [ps], E=869.014 [MeV]
OPAL-X> * 08:57:54 Step    312 container[1] at 0.003 [um], t= 5.365 [ps], E=511.028 [keV]
OPAL-X> * 08:57:54 Step    312 container[2] at 0.003 [um], t= 5.365 [ps], E=511.029 [keV]
OPAL-X> * 08:57:54 Step    313 container[0] at 1.610 [mm], t= 5.370 [ps], E=869.019 [MeV]
OPAL-X> * 08:57:54 Step    313 container[1] at 0.003 [um], t= 5.370 [ps], E=511.028 [keV]
OPAL-X> * 08:57:54 Step    313 container[2] at 0.003 [um], t= 5.370 [ps], E=511.030 [keV]
OPAL-X> * 08:57:54 Step    314 container[0] at 1.611 [mm], t= 5.375 [ps], E=869.024 [MeV]
OPAL-X> * 08:57:54 Step    314 container[1] at 0.003 [um], t= 5.375 [ps], E=511.029 [keV]
OPAL-X> * 08:57:54 Step    314 container[2] at 0.003 [um], t= 5.375 [ps], E=511.030 [keV]
OPAL-X> * 08:57:55 Step    315 container[0] at 1.613 [mm], t= 5.380 [ps], E=869.029 [MeV]
OPAL-X> * 08:57:55 Step    315 container[1] at 0.003 [um], t= 5.380 [ps], E=511.029 [keV]
OPAL-X> * 08:57:55 Step    315 container[2] at 0.003 [um], t= 5.380 [ps], E=511.030 [keV]
OPAL-X> * 08:57:55 Step    316 container[0] at 1.614 [mm], t= 5.385 [ps], E=869.034 [MeV]
OPAL-X> * 08:57:55 Step    316 container[1] at 0.003 [um], t= 5.385 [ps], E=511.029 [keV]
OPAL-X> * 08:57:55 Step    316 container[2] at 0.003 [um], t= 5.385 [ps], E=511.030 [keV]
OPAL-X> * 08:57:55 Step    317 container[0] at 1.616 [mm], t= 5.390 [ps], E=869.039 [MeV]
OPAL-X> * 08:57:55 Step    317 container[1] at 0.003 [um], t= 5.390 [ps], E=511.029 [keV]
OPAL-X> * 08:57:55 Step    317 container[2] at 0.003 [um], t= 5.390 [ps], E=511.031 [keV]
OPAL-X> * 08:57:56 Step    318 container[0] at 1.617 [mm], t= 5.395 [ps], E=869.044 [MeV]
OPAL-X> * 08:57:56 Step    318 container[1] at 0.003 [um], t= 5.395 [ps], E=511.030 [keV]
OPAL-X> * 08:57:56 Step    318 container[2] at 0.003 [um], t= 5.395 [ps], E=511.031 [keV]
OPAL-X> * 08:57:56 Step    319 container[0] at 1.619 [mm], t= 5.400 [ps], E=869.049 [MeV]
OPAL-X> * 08:57:56 Step    319 container[1] at 0.003 [um], t= 5.400 [ps], E=511.030 [keV]
OPAL-X> * 08:57:56 Step    319 container[2] at 0.003 [um], t= 5.400 [ps], E=511.031 [keV]
OPAL-X> * 08:57:56 Step    320 container[0] at 1.620 [mm], t= 5.405 [ps], E=869.054 [MeV]
OPAL-X> * 08:57:56 Step    320 container[1] at 0.003 [um], t= 5.405 [ps], E=511.030 [keV]
OPAL-X> * 08:57:56 Step    320 container[2] at 0.003 [um], t= 5.405 [ps], E=511.031 [keV]
OPAL-X> * 08:57:56 Step    321 container[0] at 1.622 [mm], t= 5.410 [ps], E=869.059 [MeV]
OPAL-X> * 08:57:56 Step    321 container[1] at 0.003 [um], t= 5.410 [ps], E=511.030 [keV]
OPAL-X> * 08:57:56 Step    321 container[2] at 0.003 [um], t= 5.410 [ps], E=511.032 [keV]
OPAL-X> * 08:57:57 Step    322 container[0] at 1.623 [mm], t= 5.415 [ps], E=869.064 [MeV]
OPAL-X> * 08:57:57 Step    322 container[1] at 0.003 [um], t= 5.415 [ps], E=511.031 [keV]
OPAL-X> * 08:57:57 Step    322 container[2] at 0.003 [um], t= 5.415 [ps], E=511.032 [keV]
OPAL-X> * 08:57:57 Step    323 container[0] at 1.625 [mm], t= 5.420 [ps], E=869.069 [MeV]
OPAL-X> * 08:57:57 Step    323 container[1] at 0.003 [um], t= 5.420 [ps], E=511.031 [keV]
OPAL-X> * 08:57:57 Step    323 container[2] at 0.003 [um], t= 5.420 [ps], E=511.032 [keV]
OPAL-X> * 08:57:57 Step    324 container[0] at 1.626 [mm], t= 5.425 [ps], E=869.074 [MeV]
OPAL-X> * 08:57:57 Step    324 container[1] at 0.003 [um], t= 5.425 [ps], E=511.031 [keV]
OPAL-X> * 08:57:57 Step    324 container[2] at 0.003 [um], t= 5.425 [ps], E=511.033 [keV]
OPAL-X> * 08:57:57 Step    325 container[0] at 1.628 [mm], t= 5.430 [ps], E=869.079 [MeV]
OPAL-X> * 08:57:57 Step    325 container[1] at 0.003 [um], t= 5.430 [ps], E=511.031 [keV]
OPAL-X> * 08:57:57 Step    325 container[2] at 0.003 [um], t= 5.430 [ps], E=511.033 [keV]
OPAL-X> * 08:57:58 Step    326 container[0] at 1.629 [mm], t= 5.435 [ps], E=869.084 [MeV]
OPAL-X> * 08:57:58 Step    326 container[1] at 0.003 [um], t= 5.435 [ps], E=511.032 [keV]
OPAL-X> * 08:57:58 Step    326 container[2] at 0.003 [um], t= 5.435 [ps], E=511.033 [keV]
OPAL-X> * 08:57:58 Step    327 container[0] at 1.631 [mm], t= 5.440 [ps], E=869.089 [MeV]
OPAL-X> * 08:57:58 Step    327 container[1] at 0.003 [um], t= 5.440 [ps], E=511.032 [keV]
OPAL-X> * 08:57:58 Step    327 container[2] at 0.003 [um], t= 5.440 [ps], E=511.033 [keV]
OPAL-X> * 08:57:58 Step    328 container[0] at 1.632 [mm], t= 5.445 [ps], E=869.094 [MeV]
OPAL-X> * 08:57:58 Step    328 container[1] at 0.003 [um], t= 5.445 [ps], E=511.032 [keV]
OPAL-X> * 08:57:58 Step    328 container[2] at 0.003 [um], t= 5.445 [ps], E=511.034 [keV]
OPAL-X> * 08:57:58 Step    329 container[0] at 1.634 [mm], t= 5.450 [ps], E=869.099 [MeV]
OPAL-X> * 08:57:58 Step    329 container[1] at 0.003 [um], t= 5.450 [ps], E=511.033 [keV]
OPAL-X> * 08:57:58 Step    329 container[2] at 0.003 [um], t= 5.450 [ps], E=511.034 [keV]
OPAL-X> * 08:57:59 Step    330 container[0] at 1.635 [mm], t= 5.455 [ps], E=869.104 [MeV]
OPAL-X> * 08:57:59 Step    330 container[1] at 0.003 [um], t= 5.455 [ps], E=511.033 [keV]
OPAL-X> * 08:57:59 Step    330 container[2] at 0.003 [um], t= 5.455 [ps], E=511.034 [keV]
OPAL-X> * 08:57:59 Step    331 container[0] at 1.637 [mm], t= 5.460 [ps], E=869.109 [MeV]
OPAL-X> * 08:57:59 Step    331 container[1] at 0.003 [um], t= 5.460 [ps], E=511.033 [keV]
OPAL-X> * 08:57:59 Step    331 container[2] at 0.003 [um], t= 5.460 [ps], E=511.034 [keV]
OPAL-X> * 08:57:59 Step    332 container[0] at 1.638 [mm], t= 5.465 [ps], E=869.114 [MeV]
OPAL-X> * 08:57:59 Step    332 container[1] at 0.003 [um], t= 5.465 [ps], E=511.033 [keV]
OPAL-X> * 08:57:59 Step    332 container[2] at 0.003 [um], t= 5.465 [ps], E=511.035 [keV]
OPAL-X> * 08:58:00 Step    333 container[0] at 1.640 [mm], t= 5.470 [ps], E=869.119 [MeV]
OPAL-X> * 08:58:00 Step    333 container[1] at 0.003 [um], t= 5.470 [ps], E=511.034 [keV]
OPAL-X> * 08:58:00 Step    333 container[2] at 0.003 [um], t= 5.470 [ps], E=511.035 [keV]
OPAL-X> * 08:58:00 Step    334 container[0] at 1.641 [mm], t= 5.475 [ps], E=869.124 [MeV]
OPAL-X> * 08:58:00 Step    334 container[1] at 0.003 [um], t= 5.475 [ps], E=511.034 [keV]
OPAL-X> * 08:58:00 Step    334 container[2] at 0.003 [um], t= 5.475 [ps], E=511.035 [keV]
OPAL-X> * 08:58:00 Step    335 container[0] at 1.643 [mm], t= 5.480 [ps], E=869.129 [MeV]
OPAL-X> * 08:58:00 Step    335 container[1] at 0.003 [um], t= 5.480 [ps], E=511.034 [keV]
OPAL-X> * 08:58:00 Step    335 container[2] at 0.003 [um], t= 5.480 [ps], E=511.035 [keV]
OPAL-X> * 08:58:00 Step    336 container[0] at 1.644 [mm], t= 5.485 [ps], E=869.134 [MeV]
OPAL-X> * 08:58:00 Step    336 container[1] at 0.003 [um], t= 5.485 [ps], E=511.034 [keV]
OPAL-X> * 08:58:00 Step    336 container[2] at 0.003 [um], t= 5.485 [ps], E=511.036 [keV]
OPAL-X> * 08:58:01 Step    337 container[0] at 1.646 [mm], t= 5.490 [ps], E=869.139 [MeV]
OPAL-X> * 08:58:01 Step    337 container[1] at 0.003 [um], t= 5.490 [ps], E=511.035 [keV]
OPAL-X> * 08:58:01 Step    337 container[2] at 0.003 [um], t= 5.490 [ps], E=511.036 [keV]
OPAL-X> * 08:58:01 Step    338 container[0] at 1.647 [mm], t= 5.495 [ps], E=869.144 [MeV]
OPAL-X> * 08:58:01 Step    338 container[1] at 0.003 [um], t= 5.495 [ps], E=511.035 [keV]
OPAL-X> * 08:58:01 Step    338 container[2] at 0.003 [um], t= 5.495 [ps], E=511.036 [keV]
OPAL-X> * 08:58:01 Step    339 container[0] at 1.649 [mm], t= 5.500 [ps], E=869.148 [MeV]
OPAL-X> * 08:58:01 Step    339 container[1] at 0.003 [um], t= 5.500 [ps], E=511.035 [keV]
OPAL-X> * 08:58:01 Step    339 container[2] at 0.003 [um], t= 5.500 [ps], E=511.036 [keV]
OPAL-X> * 08:58:01 Step    340 container[0] at 1.650 [mm], t= 5.505 [ps], E=869.153 [MeV]
OPAL-X> * 08:58:01 Step    340 container[1] at 0.003 [um], t= 5.505 [ps], E=511.036 [keV]
OPAL-X> * 08:58:01 Step    340 container[2] at 0.003 [um], t= 5.505 [ps], E=511.037 [keV]
OPAL-X> * 08:58:02 Step    341 container[0] at 1.652 [mm], t= 5.510 [ps], E=869.158 [MeV]
OPAL-X> * 08:58:02 Step    341 container[1] at 0.003 [um], t= 5.510 [ps], E=511.036 [keV]
OPAL-X> * 08:58:02 Step    341 container[2] at 0.003 [um], t= 5.510 [ps], E=511.037 [keV]
OPAL-X> * 08:58:02 Step    342 container[0] at 1.653 [mm], t= 5.515 [ps], E=869.163 [MeV]
OPAL-X> * 08:58:02 Step    342 container[1] at 0.003 [um], t= 5.515 [ps], E=511.036 [keV]
OPAL-X> * 08:58:02 Step    342 container[2] at 0.003 [um], t= 5.515 [ps], E=511.037 [keV]
OPAL-X> * 08:58:02 Step    343 container[0] at 1.655 [mm], t= 5.520 [ps], E=869.168 [MeV]
OPAL-X> * 08:58:02 Step    343 container[1] at 0.003 [um], t= 5.520 [ps], E=511.036 [keV]
OPAL-X> * 08:58:02 Step    343 container[2] at 0.003 [um], t= 5.520 [ps], E=511.037 [keV]
OPAL-X> * 08:58:03 Step    344 container[0] at 1.656 [mm], t= 5.525 [ps], E=869.173 [MeV]
OPAL-X> * 08:58:03 Step    344 container[1] at 0.003 [um], t= 5.525 [ps], E=511.037 [keV]
OPAL-X> * 08:58:03 Step    344 container[2] at 0.003 [um], t= 5.525 [ps], E=511.038 [keV]
OPAL-X> * 08:58:03 Step    345 container[0] at 1.658 [mm], t= 5.530 [ps], E=869.178 [MeV]
OPAL-X> * 08:58:03 Step    345 container[1] at 0.003 [um], t= 5.530 [ps], E=511.037 [keV]
OPAL-X> * 08:58:03 Step    345 container[2] at 0.003 [um], t= 5.530 [ps], E=511.038 [keV]
OPAL-X> * 08:58:03 Step    346 container[0] at 1.659 [mm], t= 5.535 [ps], E=869.182 [MeV]
OPAL-X> * 08:58:03 Step    346 container[1] at 0.003 [um], t= 5.535 [ps], E=511.037 [keV]
OPAL-X> * 08:58:03 Step    346 container[2] at 0.003 [um], t= 5.535 [ps], E=511.038 [keV]
OPAL-X> * 08:58:03 Step    347 container[0] at 1.661 [mm], t= 5.540 [ps], E=869.187 [MeV]
OPAL-X> * 08:58:03 Step    347 container[1] at 0.003 [um], t= 5.540 [ps], E=511.037 [keV]
OPAL-X> * 08:58:03 Step    347 container[2] at 0.003 [um], t= 5.540 [ps], E=511.038 [keV]
OPAL-X> * 08:58:04 Step    348 container[0] at 1.662 [mm], t= 5.545 [ps], E=869.192 [MeV]
OPAL-X> * 08:58:04 Step    348 container[1] at 0.003 [um], t= 5.545 [ps], E=511.038 [keV]
OPAL-X> * 08:58:04 Step    348 container[2] at 0.003 [um], t= 5.545 [ps], E=511.039 [keV]
OPAL-X> * 08:58:04 Step    349 container[0] at 1.664 [mm], t= 5.550 [ps], E=869.197 [MeV]
OPAL-X> * 08:58:04 Step    349 container[1] at 0.003 [um], t= 5.550 [ps], E=511.038 [keV]
OPAL-X> * 08:58:04 Step    349 container[2] at 0.003 [um], t= 5.550 [ps], E=511.039 [keV]
OPAL-X> * 08:58:04 Step    350 container[0] at 1.665 [mm], t= 5.555 [ps], E=869.202 [MeV]
OPAL-X> * 08:58:04 Step    350 container[1] at 0.003 [um], t= 5.555 [ps], E=511.038 [keV]
OPAL-X> * 08:58:04 Step    350 container[2] at 0.003 [um], t= 5.555 [ps], E=511.039 [keV]
OPAL-X> * 08:58:05 Step    351 container[0] at 1.667 [mm], t= 5.560 [ps], E=869.207 [MeV]
OPAL-X> * 08:58:05 Step    351 container[1] at 0.003 [um], t= 5.560 [ps], E=511.038 [keV]
OPAL-X> * 08:58:05 Step    351 container[2] at 0.003 [um], t= 5.560 [ps], E=511.039 [keV]
OPAL-X> * 08:58:05 Step    352 container[0] at 1.668 [mm], t= 5.565 [ps], E=869.211 [MeV]
OPAL-X> * 08:58:05 Step    352 container[1] at 0.003 [um], t= 5.565 [ps], E=511.039 [keV]
OPAL-X> * 08:58:05 Step    352 container[2] at 0.003 [um], t= 5.565 [ps], E=511.040 [keV]
OPAL-X> * 08:58:05 Step    353 container[0] at 1.670 [mm], t= 5.570 [ps], E=869.216 [MeV]
OPAL-X> * 08:58:05 Step    353 container[1] at 0.003 [um], t= 5.570 [ps], E=511.039 [keV]
OPAL-X> * 08:58:05 Step    353 container[2] at 0.003 [um], t= 5.570 [ps], E=511.040 [keV]
OPAL-X> * 08:58:06 Step    354 container[0] at 1.671 [mm], t= 5.575 [ps], E=869.221 [MeV]
OPAL-X> * 08:58:06 Step    354 container[1] at 0.003 [um], t= 5.575 [ps], E=511.039 [keV]
OPAL-X> * 08:58:06 Step    354 container[2] at 0.003 [um], t= 5.575 [ps], E=511.040 [keV]
OPAL-X> * 08:58:06 Step    355 container[0] at 1.673 [mm], t= 5.580 [ps], E=869.226 [MeV]
OPAL-X> * 08:58:06 Step    355 container[1] at 0.003 [um], t= 5.580 [ps], E=511.040 [keV]
OPAL-X> * 08:58:06 Step    355 container[2] at 0.003 [um], t= 5.580 [ps], E=511.040 [keV]
OPAL-X> * 08:58:06 Step    356 container[0] at 1.674 [mm], t= 5.585 [ps], E=869.230 [MeV]
OPAL-X> * 08:58:06 Step    356 container[1] at 0.003 [um], t= 5.585 [ps], E=511.040 [keV]
OPAL-X> * 08:58:06 Step    356 container[2] at 0.003 [um], t= 5.585 [ps], E=511.041 [keV]
OPAL-X> * 08:58:06 Step    357 container[0] at 1.676 [mm], t= 5.590 [ps], E=869.235 [MeV]
OPAL-X> * 08:58:06 Step    357 container[1] at 0.003 [um], t= 5.590 [ps], E=511.040 [keV]
OPAL-X> * 08:58:06 Step    357 container[2] at 0.003 [um], t= 5.590 [ps], E=511.041 [keV]
OPAL-X> * 08:58:07 Step    358 container[0] at 1.677 [mm], t= 5.595 [ps], E=869.240 [MeV]
OPAL-X> * 08:58:07 Step    358 container[1] at 0.003 [um], t= 5.595 [ps], E=511.040 [keV]
OPAL-X> * 08:58:07 Step    358 container[2] at 0.003 [um], t= 5.595 [ps], E=511.041 [keV]
OPAL-X> * 08:58:07 Step    359 container[0] at 1.679 [mm], t= 5.600 [ps], E=869.245 [MeV]
OPAL-X> * 08:58:07 Step    359 container[1] at 0.003 [um], t= 5.600 [ps], E=511.041 [keV]
OPAL-X> * 08:58:07 Step    359 container[2] at 0.003 [um], t= 5.600 [ps], E=511.041 [keV]
OPAL-X> * 08:58:07 Step    360 container[0] at 1.680 [mm], t= 5.605 [ps], E=869.249 [MeV]
OPAL-X> * 08:58:07 Step    360 container[1] at 0.003 [um], t= 5.605 [ps], E=511.041 [keV]
OPAL-X> * 08:58:07 Step    360 container[2] at 0.003 [um], t= 5.605 [ps], E=511.042 [keV]
OPAL-X> * 08:58:08 Step    361 container[0] at 1.682 [mm], t= 5.610 [ps], E=869.254 [MeV]
OPAL-X> * 08:58:08 Step    361 container[1] at 0.003 [um], t= 5.610 [ps], E=511.041 [keV]
OPAL-X> * 08:58:08 Step    361 container[2] at 0.003 [um], t= 5.610 [ps], E=511.042 [keV]
OPAL-X> * 08:58:08 Step    362 container[0] at 1.683 [mm], t= 5.615 [ps], E=869.259 [MeV]
OPAL-X> * 08:58:08 Step    362 container[1] at 0.003 [um], t= 5.615 [ps], E=511.041 [keV]
OPAL-X> * 08:58:08 Step    362 container[2] at 0.003 [um], t= 5.615 [ps], E=511.042 [keV]
OPAL-X> * 08:58:08 Step    363 container[0] at 1.685 [mm], t= 5.620 [ps], E=869.264 [MeV]
OPAL-X> * 08:58:08 Step    363 container[1] at 0.003 [um], t= 5.620 [ps], E=511.042 [keV]
OPAL-X> * 08:58:08 Step    363 container[2] at 0.003 [um], t= 5.620 [ps], E=511.042 [keV]
OPAL-X> * 08:58:08 Step    364 container[0] at 1.686 [mm], t= 5.625 [ps], E=869.268 [MeV]
OPAL-X> * 08:58:08 Step    364 container[1] at 0.003 [um], t= 5.625 [ps], E=511.042 [keV]
OPAL-X> * 08:58:08 Step    364 container[2] at 0.003 [um], t= 5.625 [ps], E=511.043 [keV]
OPAL-X> * 08:58:09 Step    365 container[0] at 1.688 [mm], t= 5.630 [ps], E=869.273 [MeV]
OPAL-X> * 08:58:09 Step    365 container[1] at 0.003 [um], t= 5.630 [ps], E=511.042 [keV]
OPAL-X> * 08:58:09 Step    365 container[2] at 0.003 [um], t= 5.630 [ps], E=511.043 [keV]
OPAL-X> * 08:58:09 Step    366 container[0] at 1.689 [mm], t= 5.635 [ps], E=869.278 [MeV]
OPAL-X> * 08:58:09 Step    366 container[1] at 0.003 [um], t= 5.635 [ps], E=511.042 [keV]
OPAL-X> * 08:58:09 Step    366 container[2] at 0.003 [um], t= 5.635 [ps], E=511.043 [keV]
OPAL-X> * 08:58:09 Step    367 container[0] at 1.691 [mm], t= 5.640 [ps], E=869.282 [MeV]
OPAL-X> * 08:58:09 Step    367 container[1] at 0.003 [um], t= 5.640 [ps], E=511.043 [keV]
OPAL-X> * 08:58:09 Step    367 container[2] at 0.003 [um], t= 5.640 [ps], E=511.043 [keV]
OPAL-X> * 08:58:10 Step    368 container[0] at 1.692 [mm], t= 5.645 [ps], E=869.287 [MeV]
OPAL-X> * 08:58:10 Step    368 container[1] at 0.003 [um], t= 5.645 [ps], E=511.043 [keV]
OPAL-X> * 08:58:10 Step    368 container[2] at 0.003 [um], t= 5.645 [ps], E=511.043 [keV]
OPAL-X> * 08:58:10 Step    369 container[0] at 1.694 [mm], t= 5.650 [ps], E=869.292 [MeV]
OPAL-X> * 08:58:10 Step    369 container[1] at 0.003 [um], t= 5.650 [ps], E=511.043 [keV]
OPAL-X> * 08:58:10 Step    369 container[2] at 0.003 [um], t= 5.650 [ps], E=511.044 [keV]
OPAL-X> * 08:58:10 Step    370 container[0] at 1.695 [mm], t= 5.655 [ps], E=869.296 [MeV]
OPAL-X> * 08:58:10 Step    370 container[1] at 0.003 [um], t= 5.655 [ps], E=511.043 [keV]
OPAL-X> * 08:58:10 Step    370 container[2] at 0.003 [um], t= 5.655 [ps], E=511.044 [keV]
OPAL-X> * 08:58:10 Step    371 container[0] at 1.697 [mm], t= 5.660 [ps], E=869.301 [MeV]
OPAL-X> * 08:58:10 Step    371 container[1] at 0.003 [um], t= 5.660 [ps], E=511.044 [keV]
OPAL-X> * 08:58:10 Step    371 container[2] at 0.003 [um], t= 5.660 [ps], E=511.044 [keV]
OPAL-X> * 08:58:11 Step    372 container[0] at 1.698 [mm], t= 5.665 [ps], E=869.306 [MeV]
OPAL-X> * 08:58:11 Step    372 container[1] at 0.003 [um], t= 5.665 [ps], E=511.044 [keV]
OPAL-X> * 08:58:11 Step    372 container[2] at 0.003 [um], t= 5.665 [ps], E=511.044 [keV]
OPAL-X> * 08:58:11 Step    373 container[0] at 1.700 [mm], t= 5.670 [ps], E=869.310 [MeV]
OPAL-X> * 08:58:11 Step    373 container[1] at 0.003 [um], t= 5.670 [ps], E=511.044 [keV]
OPAL-X> * 08:58:11 Step    373 container[2] at 0.003 [um], t= 5.670 [ps], E=511.045 [keV]
OPAL-X> * 08:58:11 Step    374 container[0] at 1.701 [mm], t= 5.675 [ps], E=869.315 [MeV]
OPAL-X> * 08:58:11 Step    374 container[1] at 0.003 [um], t= 5.675 [ps], E=511.045 [keV]
OPAL-X> * 08:58:11 Step    374 container[2] at 0.003 [um], t= 5.675 [ps], E=511.045 [keV]
OPAL-X> * 08:58:12 Step    375 container[0] at 1.703 [mm], t= 5.680 [ps], E=869.320 [MeV]
OPAL-X> * 08:58:12 Step    375 container[1] at 0.003 [um], t= 5.680 [ps], E=511.045 [keV]
OPAL-X> * 08:58:12 Step    375 container[2] at 0.003 [um], t= 5.680 [ps], E=511.045 [keV]
OPAL-X> * 08:58:12 Step    376 container[0] at 1.704 [mm], t= 5.685 [ps], E=869.324 [MeV]
OPAL-X> * 08:58:12 Step    376 container[1] at 0.003 [um], t= 5.685 [ps], E=511.045 [keV]
OPAL-X> * 08:58:12 Step    376 container[2] at 0.003 [um], t= 5.685 [ps], E=511.045 [keV]
OPAL-X> * 08:58:12 Step    377 container[0] at 1.706 [mm], t= 5.690 [ps], E=869.329 [MeV]
OPAL-X> * 08:58:12 Step    377 container[1] at 0.003 [um], t= 5.690 [ps], E=511.045 [keV]
OPAL-X> * 08:58:12 Step    377 container[2] at 0.003 [um], t= 5.690 [ps], E=511.045 [keV]
OPAL-X> * 08:58:12 Step    378 container[0] at 1.707 [mm], t= 5.695 [ps], E=869.333 [MeV]
OPAL-X> * 08:58:12 Step    378 container[1] at 0.003 [um], t= 5.695 [ps], E=511.046 [keV]
OPAL-X> * 08:58:12 Step    378 container[2] at 0.003 [um], t= 5.695 [ps], E=511.046 [keV]
OPAL-X> * 08:58:13 Step    379 container[0] at 1.709 [mm], t= 5.700 [ps], E=869.338 [MeV]
OPAL-X> * 08:58:13 Step    379 container[1] at 0.003 [um], t= 5.700 [ps], E=511.046 [keV]
OPAL-X> * 08:58:13 Step    379 container[2] at 0.003 [um], t= 5.700 [ps], E=511.046 [keV]
OPAL-X> * 08:58:13 Step    380 container[0] at 1.710 [mm], t= 5.705 [ps], E=869.343 [MeV]
OPAL-X> * 08:58:13 Step    380 container[1] at 0.003 [um], t= 5.705 [ps], E=511.046 [keV]
OPAL-X> * 08:58:13 Step    380 container[2] at 0.003 [um], t= 5.705 [ps], E=511.046 [keV]
OPAL-X> * 08:58:13 Step    381 container[0] at 1.712 [mm], t= 5.710 [ps], E=869.347 [MeV]
OPAL-X> * 08:58:13 Step    381 container[1] at 0.003 [um], t= 5.710 [ps], E=511.046 [keV]
OPAL-X> * 08:58:13 Step    381 container[2] at 0.003 [um], t= 5.710 [ps], E=511.046 [keV]
OPAL-X> * 08:58:13 Step    382 container[0] at 1.713 [mm], t= 5.715 [ps], E=869.352 [MeV]
OPAL-X> * 08:58:13 Step    382 container[1] at 0.003 [um], t= 5.715 [ps], E=511.047 [keV]
OPAL-X> * 08:58:13 Step    382 container[2] at 0.003 [um], t= 5.715 [ps], E=511.046 [keV]
OPAL-X> * 08:58:14 Step    383 container[0] at 1.715 [mm], t= 5.720 [ps], E=869.356 [MeV]
OPAL-X> * 08:58:14 Step    383 container[1] at 0.003 [um], t= 5.720 [ps], E=511.047 [keV]
OPAL-X> * 08:58:14 Step    383 container[2] at 0.003 [um], t= 5.720 [ps], E=511.047 [keV]
OPAL-X> * 08:58:14 Step    384 container[0] at 1.716 [mm], t= 5.725 [ps], E=869.361 [MeV]
OPAL-X> * 08:58:14 Step    384 container[1] at 0.003 [um], t= 5.725 [ps], E=511.047 [keV]
OPAL-X> * 08:58:14 Step    384 container[2] at 0.003 [um], t= 5.725 [ps], E=511.047 [keV]
OPAL-X> * 08:58:14 Step    385 container[0] at 1.718 [mm], t= 5.730 [ps], E=869.365 [MeV]
OPAL-X> * 08:58:14 Step    385 container[1] at 0.003 [um], t= 5.730 [ps], E=511.047 [keV]
OPAL-X> * 08:58:14 Step    385 container[2] at 0.003 [um], t= 5.730 [ps], E=511.047 [keV]
OPAL-X> * 08:58:15 Step    386 container[0] at 1.719 [mm], t= 5.735 [ps], E=869.370 [MeV]
OPAL-X> * 08:58:15 Step    386 container[1] at 0.003 [um], t= 5.735 [ps], E=511.048 [keV]
OPAL-X> * 08:58:15 Step    386 container[2] at 0.003 [um], t= 5.735 [ps], E=511.047 [keV]
OPAL-X> * 08:58:15 Step    387 container[0] at 1.721 [mm], t= 5.740 [ps], E=869.374 [MeV]
OPAL-X> * 08:58:15 Step    387 container[1] at 0.003 [um], t= 5.740 [ps], E=511.048 [keV]
OPAL-X> * 08:58:15 Step    387 container[2] at 0.003 [um], t= 5.740 [ps], E=511.047 [keV]
OPAL-X> * 08:58:15 Step    388 container[0] at 1.722 [mm], t= 5.745 [ps], E=869.379 [MeV]
OPAL-X> * 08:58:15 Step    388 container[1] at 0.003 [um], t= 5.745 [ps], E=511.048 [keV]
OPAL-X> * 08:58:15 Step    388 container[2] at 0.003 [um], t= 5.745 [ps], E=511.048 [keV]
OPAL-X> * 08:58:15 Step    389 container[0] at 1.724 [mm], t= 5.750 [ps], E=869.383 [MeV]
OPAL-X> * 08:58:15 Step    389 container[1] at 0.003 [um], t= 5.750 [ps], E=511.048 [keV]
OPAL-X> * 08:58:15 Step    389 container[2] at 0.003 [um], t= 5.750 [ps], E=511.048 [keV]
OPAL-X> * 08:58:16 Step    390 container[0] at 1.725 [mm], t= 5.755 [ps], E=869.388 [MeV]
OPAL-X> * 08:58:16 Step    390 container[1] at 0.003 [um], t= 5.755 [ps], E=511.049 [keV]
OPAL-X> * 08:58:16 Step    390 container[2] at 0.003 [um], t= 5.755 [ps], E=511.048 [keV]
OPAL-X> * 08:58:16 Step    391 container[0] at 1.727 [mm], t= 5.760 [ps], E=869.392 [MeV]
OPAL-X> * 08:58:16 Step    391 container[1] at 0.003 [um], t= 5.760 [ps], E=511.049 [keV]
OPAL-X> * 08:58:16 Step    391 container[2] at 0.003 [um], t= 5.760 [ps], E=511.048 [keV]
OPAL-X> * 08:58:16 Step    392 container[0] at 1.728 [mm], t= 5.765 [ps], E=869.397 [MeV]
OPAL-X> * 08:58:16 Step    392 container[1] at 0.003 [um], t= 5.765 [ps], E=511.049 [keV]
OPAL-X> * 08:58:16 Step    392 container[2] at 0.003 [um], t= 5.765 [ps], E=511.048 [keV]
OPAL-X> * 08:58:17 Step    393 container[0] at 1.730 [mm], t= 5.770 [ps], E=869.401 [MeV]
OPAL-X> * 08:58:17 Step    393 container[1] at 0.003 [um], t= 5.770 [ps], E=511.049 [keV]
OPAL-X> * 08:58:17 Step    393 container[2] at 0.003 [um], t= 5.770 [ps], E=511.049 [keV]
OPAL-X> * 08:58:17 Step    394 container[0] at 1.731 [mm], t= 5.775 [ps], E=869.406 [MeV]
OPAL-X> * 08:58:17 Step    394 container[1] at 0.003 [um], t= 5.775 [ps], E=511.050 [keV]
OPAL-X> * 08:58:17 Step    394 container[2] at 0.003 [um], t= 5.775 [ps], E=511.049 [keV]
OPAL-X> * 08:58:17 Step    395 container[0] at 1.733 [mm], t= 5.780 [ps], E=869.410 [MeV]
OPAL-X> * 08:58:17 Step    395 container[1] at 0.003 [um], t= 5.780 [ps], E=511.050 [keV]
OPAL-X> * 08:58:17 Step    395 container[2] at 0.003 [um], t= 5.780 [ps], E=511.049 [keV]
OPAL-X> * 08:58:17 Step    396 container[0] at 1.734 [mm], t= 5.785 [ps], E=869.415 [MeV]
OPAL-X> * 08:58:17 Step    396 container[1] at 0.003 [um], t= 5.785 [ps], E=511.050 [keV]
OPAL-X> * 08:58:17 Step    396 container[2] at 0.003 [um], t= 5.785 [ps], E=511.049 [keV]
OPAL-X> * 08:58:18 Step    397 container[0] at 1.736 [mm], t= 5.790 [ps], E=869.419 [MeV]
OPAL-X> * 08:58:18 Step    397 container[1] at 0.003 [um], t= 5.790 [ps], E=511.050 [keV]
OPAL-X> * 08:58:18 Step    397 container[2] at 0.003 [um], t= 5.790 [ps], E=511.049 [keV]
OPAL-X> * 08:58:18 Step    398 container[0] at 1.737 [mm], t= 5.795 [ps], E=869.424 [MeV]
OPAL-X> * 08:58:18 Step    398 container[1] at 0.003 [um], t= 5.795 [ps], E=511.051 [keV]
OPAL-X> * 08:58:18 Step    398 container[2] at 0.003 [um], t= 5.795 [ps], E=511.050 [keV]
OPAL-X> * 08:58:18 Step    399 container[0] at 1.739 [mm], t= 5.800 [ps], E=869.428 [MeV]
OPAL-X> * 08:58:18 Step    399 container[1] at 0.003 [um], t= 5.800 [ps], E=511.051 [keV]
OPAL-X> * 08:58:18 Step    399 container[2] at 0.003 [um], t= 5.800 [ps], E=511.050 [keV]
OPAL-X> * 08:58:18 Step    400 container[0] at 1.740 [mm], t= 5.805 [ps], E=869.433 [MeV]
OPAL-X> * 08:58:18 Step    400 container[1] at 0.003 [um], t= 5.805 [ps], E=511.051 [keV]
OPAL-X> * 08:58:18 Step    400 container[2] at 0.003 [um], t= 5.805 [ps], E=511.050 [keV]
OPAL-X> * 08:58:19 Step    401 container[0] at 1.742 [mm], t= 5.810 [ps], E=869.437 [MeV]
OPAL-X> * 08:58:19 Step    401 container[1] at 0.003 [um], t= 5.810 [ps], E=511.051 [keV]
OPAL-X> * 08:58:19 Step    401 container[2] at 0.003 [um], t= 5.810 [ps], E=511.050 [keV]
OPAL-X> * 08:58:19 Step    402 container[0] at 1.743 [mm], t= 5.815 [ps], E=869.442 [MeV]
OPAL-X> * 08:58:19 Step    402 container[1] at 0.003 [um], t= 5.815 [ps], E=511.052 [keV]
OPAL-X> * 08:58:19 Step    402 container[2] at 0.003 [um], t= 5.815 [ps], E=511.050 [keV]
OPAL-X> * 08:58:19 Step    403 container[0] at 1.745 [mm], t= 5.820 [ps], E=869.446 [MeV]
OPAL-X> * 08:58:19 Step    403 container[1] at 0.003 [um], t= 5.820 [ps], E=511.052 [keV]
OPAL-X> * 08:58:19 Step    403 container[2] at 0.003 [um], t= 5.820 [ps], E=511.051 [keV]
OPAL-X> * 08:58:20 Step    404 container[0] at 1.746 [mm], t= 5.825 [ps], E=869.450 [MeV]
OPAL-X> * 08:58:20 Step    404 container[1] at 0.003 [um], t= 5.825 [ps], E=511.052 [keV]
OPAL-X> * 08:58:20 Step    404 container[2] at 0.003 [um], t= 5.825 [ps], E=511.051 [keV]
OPAL-X> * 08:58:20 Step    405 container[0] at 1.748 [mm], t= 5.830 [ps], E=869.455 [MeV]
OPAL-X> * 08:58:20 Step    405 container[1] at 0.003 [um], t= 5.830 [ps], E=511.053 [keV]
OPAL-X> * 08:58:20 Step    405 container[2] at 0.003 [um], t= 5.830 [ps], E=511.051 [keV]
OPAL-X> * 08:58:20 Step    406 container[0] at 1.749 [mm], t= 5.835 [ps], E=869.459 [MeV]
OPAL-X> * 08:58:20 Step    406 container[1] at 0.003 [um], t= 5.835 [ps], E=511.053 [keV]
OPAL-X> * 08:58:20 Step    406 container[2] at 0.003 [um], t= 5.835 [ps], E=511.051 [keV]
OPAL-X> * 08:58:20 Step    407 container[0] at 1.751 [mm], t= 5.840 [ps], E=869.464 [MeV]
OPAL-X> * 08:58:20 Step    407 container[1] at 0.003 [um], t= 5.840 [ps], E=511.053 [keV]
OPAL-X> * 08:58:20 Step    407 container[2] at 0.003 [um], t= 5.840 [ps], E=511.051 [keV]
OPAL-X> * 08:58:21 Step    408 container[0] at 1.752 [mm], t= 5.845 [ps], E=869.468 [MeV]
OPAL-X> * 08:58:21 Step    408 container[1] at 0.003 [um], t= 5.845 [ps], E=511.053 [keV]
OPAL-X> * 08:58:21 Step    408 container[2] at 0.003 [um], t= 5.845 [ps], E=511.051 [keV]
OPAL-X> * 08:58:21 Step    409 container[0] at 1.754 [mm], t= 5.850 [ps], E=869.472 [MeV]
OPAL-X> * 08:58:21 Step    409 container[1] at 0.003 [um], t= 5.850 [ps], E=511.054 [keV]
OPAL-X> * 08:58:21 Step    409 container[2] at 0.003 [um], t= 5.850 [ps], E=511.052 [keV]
OPAL-X> * 08:58:21 Step    410 container[0] at 1.755 [mm], t= 5.855 [ps], E=869.477 [MeV]
OPAL-X> * 08:58:21 Step    410 container[1] at 0.003 [um], t= 5.855 [ps], E=511.054 [keV]
OPAL-X> * 08:58:21 Step    410 container[2] at 0.003 [um], t= 5.855 [ps], E=511.052 [keV]
OPAL-X> * 08:58:21 Step    411 container[0] at 1.757 [mm], t= 5.860 [ps], E=869.481 [MeV]
OPAL-X> * 08:58:21 Step    411 container[1] at 0.003 [um], t= 5.860 [ps], E=511.054 [keV]
OPAL-X> * 08:58:21 Step    411 container[2] at 0.003 [um], t= 5.860 [ps], E=511.052 [keV]
OPAL-X> * 08:58:22 Step    412 container[0] at 1.758 [mm], t= 5.865 [ps], E=869.486 [MeV]
OPAL-X> * 08:58:22 Step    412 container[1] at 0.003 [um], t= 5.865 [ps], E=511.054 [keV]
OPAL-X> * 08:58:22 Step    412 container[2] at 0.003 [um], t= 5.865 [ps], E=511.052 [keV]
OPAL-X> * 08:58:22 Step    413 container[0] at 1.760 [mm], t= 5.870 [ps], E=869.490 [MeV]
OPAL-X> * 08:58:22 Step    413 container[1] at 0.003 [um], t= 5.870 [ps], E=511.055 [keV]
OPAL-X> * 08:58:22 Step    413 container[2] at 0.003 [um], t= 5.870 [ps], E=511.052 [keV]
OPAL-X> * 08:58:22 Step    414 container[0] at 1.761 [mm], t= 5.875 [ps], E=869.494 [MeV]
OPAL-X> * 08:58:22 Step    414 container[1] at 0.003 [um], t= 5.875 [ps], E=511.055 [keV]
OPAL-X> * 08:58:22 Step    414 container[2] at 0.003 [um], t= 5.875 [ps], E=511.052 [keV]
OPAL-X> * 08:58:23 Step    415 container[0] at 1.763 [mm], t= 5.880 [ps], E=869.499 [MeV]
OPAL-X> * 08:58:23 Step    415 container[1] at 0.003 [um], t= 5.880 [ps], E=511.055 [keV]
OPAL-X> * 08:58:23 Step    415 container[2] at 0.003 [um], t= 5.880 [ps], E=511.053 [keV]
OPAL-X> * 08:58:23 Step    416 container[0] at 1.764 [mm], t= 5.885 [ps], E=869.503 [MeV]
OPAL-X> * 08:58:23 Step    416 container[1] at 0.003 [um], t= 5.885 [ps], E=511.055 [keV]
OPAL-X> * 08:58:23 Step    416 container[2] at 0.003 [um], t= 5.885 [ps], E=511.053 [keV]
OPAL-X> * 08:58:23 Step    417 container[0] at 1.766 [mm], t= 5.890 [ps], E=869.507 [MeV]
OPAL-X> * 08:58:23 Step    417 container[1] at 0.003 [um], t= 5.890 [ps], E=511.056 [keV]
OPAL-X> * 08:58:23 Step    417 container[2] at 0.003 [um], t= 5.890 [ps], E=511.053 [keV]
OPAL-X> * 08:58:23 Step    418 container[0] at 1.767 [mm], t= 5.895 [ps], E=869.512 [MeV]
OPAL-X> * 08:58:23 Step    418 container[1] at 0.003 [um], t= 5.895 [ps], E=511.056 [keV]
OPAL-X> * 08:58:23 Step    418 container[2] at 0.003 [um], t= 5.895 [ps], E=511.053 [keV]
OPAL-X> * 08:58:24 Step    419 container[0] at 1.769 [mm], t= 5.900 [ps], E=869.516 [MeV]
OPAL-X> * 08:58:24 Step    419 container[1] at 0.003 [um], t= 5.900 [ps], E=511.056 [keV]
OPAL-X> * 08:58:24 Step    419 container[2] at 0.003 [um], t= 5.900 [ps], E=511.053 [keV]
OPAL-X> * 08:58:24 Step    420 container[0] at 1.770 [mm], t= 5.905 [ps], E=869.520 [MeV]
OPAL-X> * 08:58:24 Step    420 container[1] at 0.003 [um], t= 5.905 [ps], E=511.056 [keV]
OPAL-X> * 08:58:24 Step    420 container[2] at 0.003 [um], t= 5.905 [ps], E=511.053 [keV]
OPAL-X> * 08:58:24 Step    421 container[0] at 1.772 [mm], t= 5.910 [ps], E=869.525 [MeV]
OPAL-X> * 08:58:24 Step    421 container[1] at 0.003 [um], t= 5.910 [ps], E=511.057 [keV]
OPAL-X> * 08:58:24 Step    421 container[2] at 0.003 [um], t= 5.910 [ps], E=511.053 [keV]
OPAL-X> * 08:58:25 Step    422 container[0] at 1.773 [mm], t= 5.915 [ps], E=869.529 [MeV]
OPAL-X> * 08:58:25 Step    422 container[1] at 0.003 [um], t= 5.915 [ps], E=511.057 [keV]
OPAL-X> * 08:58:25 Step    422 container[2] at 0.003 [um], t= 5.915 [ps], E=511.054 [keV]
OPAL-X> * 08:58:25 Step    423 container[0] at 1.775 [mm], t= 5.920 [ps], E=869.533 [MeV]
OPAL-X> * 08:58:25 Step    423 container[1] at 0.003 [um], t= 5.920 [ps], E=511.057 [keV]
OPAL-X> * 08:58:25 Step    423 container[2] at 0.003 [um], t= 5.920 [ps], E=511.054 [keV]
OPAL-X> * 08:58:25 Step    424 container[0] at 1.776 [mm], t= 5.925 [ps], E=869.537 [MeV]
OPAL-X> * 08:58:25 Step    424 container[1] at 0.003 [um], t= 5.925 [ps], E=511.057 [keV]
OPAL-X> * 08:58:25 Step    424 container[2] at 0.003 [um], t= 5.925 [ps], E=511.054 [keV]
OPAL-X> * 08:58:25 Step    425 container[0] at 1.778 [mm], t= 5.930 [ps], E=869.542 [MeV]
OPAL-X> * 08:58:25 Step    425 container[1] at 0.003 [um], t= 5.930 [ps], E=511.058 [keV]
OPAL-X> * 08:58:25 Step    425 container[2] at 0.003 [um], t= 5.930 [ps], E=511.054 [keV]
OPAL-X> * 08:58:26 Step    426 container[0] at 1.779 [mm], t= 5.935 [ps], E=869.546 [MeV]
OPAL-X> * 08:58:26 Step    426 container[1] at 0.003 [um], t= 5.935 [ps], E=511.058 [keV]
OPAL-X> * 08:58:26 Step    426 container[2] at 0.003 [um], t= 5.935 [ps], E=511.054 [keV]
OPAL-X> * 08:58:26 Step    427 container[0] at 1.781 [mm], t= 5.940 [ps], E=869.550 [MeV]
OPAL-X> * 08:58:26 Step    427 container[1] at 0.003 [um], t= 5.940 [ps], E=511.058 [keV]
OPAL-X> * 08:58:26 Step    427 container[2] at 0.003 [um], t= 5.940 [ps], E=511.054 [keV]
OPAL-X> * 08:58:26 Step    428 container[0] at 1.782 [mm], t= 5.945 [ps], E=869.555 [MeV]
OPAL-X> * 08:58:26 Step    428 container[1] at 0.003 [um], t= 5.945 [ps], E=511.058 [keV]
OPAL-X> * 08:58:26 Step    428 container[2] at 0.003 [um], t= 5.945 [ps], E=511.054 [keV]
OPAL-X> * 08:58:26 Step    429 container[0] at 1.784 [mm], t= 5.950 [ps], E=869.559 [MeV]
OPAL-X> * 08:58:26 Step    429 container[1] at 0.003 [um], t= 5.950 [ps], E=511.059 [keV]
OPAL-X> * 08:58:26 Step    429 container[2] at 0.003 [um], t= 5.950 [ps], E=511.055 [keV]
OPAL-X> * 08:58:27 Step    430 container[0] at 1.785 [mm], t= 5.955 [ps], E=869.563 [MeV]
OPAL-X> * 08:58:27 Step    430 container[1] at 0.003 [um], t= 5.955 [ps], E=511.059 [keV]
OPAL-X> * 08:58:27 Step    430 container[2] at 0.003 [um], t= 5.955 [ps], E=511.055 [keV]
OPAL-X> * 08:58:27 Step    431 container[0] at 1.787 [mm], t= 5.960 [ps], E=869.567 [MeV]
OPAL-X> * 08:58:27 Step    431 container[1] at 0.003 [um], t= 5.960 [ps], E=511.059 [keV]
OPAL-X> * 08:58:27 Step    431 container[2] at 0.003 [um], t= 5.960 [ps], E=511.055 [keV]
OPAL-X> * 08:58:27 Step    432 container[0] at 1.788 [mm], t= 5.965 [ps], E=869.572 [MeV]
OPAL-X> * 08:58:27 Step    432 container[1] at 0.003 [um], t= 5.965 [ps], E=511.059 [keV]
OPAL-X> * 08:58:27 Step    432 container[2] at 0.003 [um], t= 5.965 [ps], E=511.055 [keV]
OPAL-X> * 08:58:28 Step    433 container[0] at 1.790 [mm], t= 5.970 [ps], E=869.576 [MeV]
OPAL-X> * 08:58:28 Step    433 container[1] at 0.004 [um], t= 5.970 [ps], E=511.060 [keV]
OPAL-X> * 08:58:28 Step    433 container[2] at 0.004 [um], t= 5.970 [ps], E=511.055 [keV]
OPAL-X> * 08:58:28 Step    434 container[0] at 1.791 [mm], t= 5.975 [ps], E=869.580 [MeV]
OPAL-X> * 08:58:28 Step    434 container[1] at 0.004 [um], t= 5.975 [ps], E=511.060 [keV]
OPAL-X> * 08:58:28 Step    434 container[2] at 0.004 [um], t= 5.975 [ps], E=511.055 [keV]
OPAL-X> * 08:58:28 Step    435 container[0] at 1.793 [mm], t= 5.980 [ps], E=869.584 [MeV]
OPAL-X> * 08:58:28 Step    435 container[1] at 0.004 [um], t= 5.980 [ps], E=511.060 [keV]
OPAL-X> * 08:58:28 Step    435 container[2] at 0.004 [um], t= 5.980 [ps], E=511.055 [keV]
OPAL-X> * 08:58:28 Step    436 container[0] at 1.794 [mm], t= 5.985 [ps], E=869.588 [MeV]
OPAL-X> * 08:58:28 Step    436 container[1] at 0.004 [um], t= 5.985 [ps], E=511.060 [keV]
OPAL-X> * 08:58:28 Step    436 container[2] at 0.004 [um], t= 5.985 [ps], E=511.055 [keV]
OPAL-X> * 08:58:29 Step    437 container[0] at 1.796 [mm], t= 5.990 [ps], E=869.593 [MeV]
OPAL-X> * 08:58:29 Step    437 container[1] at 0.004 [um], t= 5.990 [ps], E=511.061 [keV]
OPAL-X> * 08:58:29 Step    437 container[2] at 0.004 [um], t= 5.990 [ps], E=511.055 [keV]
OPAL-X> * 08:58:29 Step    438 container[0] at 1.797 [mm], t= 5.995 [ps], E=869.597 [MeV]
OPAL-X> * 08:58:29 Step    438 container[1] at 0.004 [um], t= 5.995 [ps], E=511.061 [keV]
OPAL-X> * 08:58:29 Step    438 container[2] at 0.004 [um], t= 5.995 [ps], E=511.056 [keV]
OPAL-X> * 08:58:29 Step    439 container[0] at 1.799 [mm], t= 6.000 [ps], E=869.601 [MeV]
OPAL-X> * 08:58:29 Step    439 container[1] at 0.004 [um], t= 6.000 [ps], E=511.061 [keV]
OPAL-X> * 08:58:29 Step    439 container[2] at 0.004 [um], t= 6.000 [ps], E=511.056 [keV]
OPAL-X> * 08:58:30 Step    440 container[0] at 1.800 [mm], t= 6.005 [ps], E=869.605 [MeV]
OPAL-X> * 08:58:30 Step    440 container[1] at 0.004 [um], t= 6.005 [ps], E=511.061 [keV]
OPAL-X> * 08:58:30 Step    440 container[2] at 0.004 [um], t= 6.005 [ps], E=511.056 [keV]
OPAL-X> * 08:58:30 Step    441 container[0] at 1.802 [mm], t= 6.010 [ps], E=869.609 [MeV]
OPAL-X> * 08:58:30 Step    441 container[1] at 0.004 [um], t= 6.010 [ps], E=511.062 [keV]
OPAL-X> * 08:58:30 Step    441 container[2] at 0.004 [um], t= 6.010 [ps], E=511.056 [keV]
OPAL-X> * 08:58:30 Step    442 container[0] at 1.803 [mm], t= 6.015 [ps], E=869.614 [MeV]
OPAL-X> * 08:58:30 Step    442 container[1] at 0.004 [um], t= 6.015 [ps], E=511.062 [keV]
OPAL-X> * 08:58:30 Step    442 container[2] at 0.004 [um], t= 6.015 [ps], E=511.056 [keV]
OPAL-X> * 08:58:30 Step    443 container[0] at 1.805 [mm], t= 6.020 [ps], E=869.618 [MeV]
OPAL-X> * 08:58:30 Step    443 container[1] at 0.004 [um], t= 6.020 [ps], E=511.062 [keV]
OPAL-X> * 08:58:30 Step    443 container[2] at 0.004 [um], t= 6.020 [ps], E=511.056 [keV]
OPAL-X> * 08:58:31 Step    444 container[0] at 1.806 [mm], t= 6.025 [ps], E=869.622 [MeV]
OPAL-X> * 08:58:31 Step    444 container[1] at 0.004 [um], t= 6.025 [ps], E=511.062 [keV]
OPAL-X> * 08:58:31 Step    444 container[2] at 0.004 [um], t= 6.025 [ps], E=511.056 [keV]
OPAL-X> * 08:58:31 Step    445 container[0] at 1.808 [mm], t= 6.030 [ps], E=869.626 [MeV]
OPAL-X> * 08:58:31 Step    445 container[1] at 0.004 [um], t= 6.030 [ps], E=511.063 [keV]
OPAL-X> * 08:58:31 Step    445 container[2] at 0.004 [um], t= 6.030 [ps], E=511.056 [keV]
OPAL-X> * 08:58:31 Step    446 container[0] at 1.809 [mm], t= 6.035 [ps], E=869.630 [MeV]
OPAL-X> * 08:58:31 Step    446 container[1] at 0.004 [um], t= 6.035 [ps], E=511.063 [keV]
OPAL-X> * 08:58:31 Step    446 container[2] at 0.004 [um], t= 6.035 [ps], E=511.056 [keV]
OPAL-X> * 08:58:31 Step    447 container[0] at 1.811 [mm], t= 6.040 [ps], E=869.634 [MeV]
OPAL-X> * 08:58:31 Step    447 container[1] at 0.004 [um], t= 6.040 [ps], E=511.063 [keV]
OPAL-X> * 08:58:31 Step    447 container[2] at 0.004 [um], t= 6.040 [ps], E=511.056 [keV]
OPAL-X> * 08:58:32 Step    448 container[0] at 1.812 [mm], t= 6.045 [ps], E=869.639 [MeV]
OPAL-X> * 08:58:32 Step    448 container[1] at 0.004 [um], t= 6.045 [ps], E=511.063 [keV]
OPAL-X> * 08:58:32 Step    448 container[2] at 0.004 [um], t= 6.045 [ps], E=511.056 [keV]
OPAL-X> * 08:58:32 Step    449 container[0] at 1.814 [mm], t= 6.050 [ps], E=869.643 [MeV]
OPAL-X> * 08:58:32 Step    449 container[1] at 0.004 [um], t= 6.050 [ps], E=511.064 [keV]
OPAL-X> * 08:58:32 Step    449 container[2] at 0.004 [um], t= 6.050 [ps], E=511.057 [keV]
OPAL-X> * 08:58:32 Step    450 container[0] at 1.815 [mm], t= 6.055 [ps], E=869.647 [MeV]
OPAL-X> * 08:58:32 Step    450 container[1] at 0.004 [um], t= 6.055 [ps], E=511.064 [keV]
OPAL-X> * 08:58:32 Step    450 container[2] at 0.004 [um], t= 6.055 [ps], E=511.057 [keV]
OPAL-X> * 08:58:33 Step    451 container[0] at 1.817 [mm], t= 6.060 [ps], E=869.651 [MeV]
OPAL-X> * 08:58:33 Step    451 container[1] at 0.004 [um], t= 6.060 [ps], E=511.064 [keV]
OPAL-X> * 08:58:33 Step    451 container[2] at 0.004 [um], t= 6.060 [ps], E=511.057 [keV]
OPAL-X> * 08:58:33 Step    452 container[0] at 1.818 [mm], t= 6.065 [ps], E=869.655 [MeV]
OPAL-X> * 08:58:33 Step    452 container[1] at 0.004 [um], t= 6.065 [ps], E=511.064 [keV]
OPAL-X> * 08:58:33 Step    452 container[2] at 0.004 [um], t= 6.065 [ps], E=511.057 [keV]
OPAL-X> * 08:58:33 Step    453 container[0] at 1.820 [mm], t= 6.070 [ps], E=869.659 [MeV]
OPAL-X> * 08:58:33 Step    453 container[1] at 0.004 [um], t= 6.070 [ps], E=511.065 [keV]
OPAL-X> * 08:58:33 Step    453 container[2] at 0.004 [um], t= 6.070 [ps], E=511.057 [keV]
OPAL-X> * 08:58:33 Step    454 container[0] at 1.821 [mm], t= 6.075 [ps], E=869.663 [MeV]
OPAL-X> * 08:58:33 Step    454 container[1] at 0.004 [um], t= 6.075 [ps], E=511.065 [keV]
OPAL-X> * 08:58:33 Step    454 container[2] at 0.004 [um], t= 6.075 [ps], E=511.057 [keV]
OPAL-X> * 08:58:34 Step    455 container[0] at 1.823 [mm], t= 6.080 [ps], E=869.667 [MeV]
OPAL-X> * 08:58:34 Step    455 container[1] at 0.004 [um], t= 6.080 [ps], E=511.065 [keV]
OPAL-X> * 08:58:34 Step    455 container[2] at 0.004 [um], t= 6.080 [ps], E=511.057 [keV]
OPAL-X> * 08:58:34 Step    456 container[0] at 1.824 [mm], t= 6.085 [ps], E=869.671 [MeV]
OPAL-X> * 08:58:34 Step    456 container[1] at 0.004 [um], t= 6.085 [ps], E=511.065 [keV]
OPAL-X> * 08:58:34 Step    456 container[2] at 0.004 [um], t= 6.085 [ps], E=511.057 [keV]
OPAL-X> * 08:58:34 Step    457 container[0] at 1.826 [mm], t= 6.090 [ps], E=869.676 [MeV]
OPAL-X> * 08:58:34 Step    457 container[1] at 0.004 [um], t= 6.090 [ps], E=511.066 [keV]
OPAL-X> * 08:58:34 Step    457 container[2] at 0.004 [um], t= 6.090 [ps], E=511.057 [keV]
OPAL-X> * 08:58:34 Step    458 container[0] at 1.827 [mm], t= 6.095 [ps], E=869.680 [MeV]
OPAL-X> * 08:58:34 Step    458 container[1] at 0.004 [um], t= 6.095 [ps], E=511.066 [keV]
OPAL-X> * 08:58:34 Step    458 container[2] at 0.004 [um], t= 6.095 [ps], E=511.057 [keV]
OPAL-X> * 08:58:35 Step    459 container[0] at 1.829 [mm], t= 6.100 [ps], E=869.684 [MeV]
OPAL-X> * 08:58:35 Step    459 container[1] at 0.004 [um], t= 6.100 [ps], E=511.066 [keV]
OPAL-X> * 08:58:35 Step    459 container[2] at 0.004 [um], t= 6.100 [ps], E=511.057 [keV]
OPAL-X> * 08:58:35 Step    460 container[0] at 1.830 [mm], t= 6.105 [ps], E=869.688 [MeV]
OPAL-X> * 08:58:35 Step    460 container[1] at 0.004 [um], t= 6.105 [ps], E=511.066 [keV]
OPAL-X> * 08:58:35 Step    460 container[2] at 0.004 [um], t= 6.105 [ps], E=511.057 [keV]
OPAL-X> * 08:58:35 Step    461 container[0] at 1.832 [mm], t= 6.110 [ps], E=869.692 [MeV]
OPAL-X> * 08:58:35 Step    461 container[1] at 0.004 [um], t= 6.110 [ps], E=511.067 [keV]
OPAL-X> * 08:58:35 Step    461 container[2] at 0.004 [um], t= 6.110 [ps], E=511.057 [keV]
OPAL-X> * 08:58:36 Step    462 container[0] at 1.833 [mm], t= 6.115 [ps], E=869.696 [MeV]
OPAL-X> * 08:58:36 Step    462 container[1] at 0.004 [um], t= 6.115 [ps], E=511.067 [keV]
OPAL-X> * 08:58:36 Step    462 container[2] at 0.004 [um], t= 6.115 [ps], E=511.057 [keV]
OPAL-X> * 08:58:36 Step    463 container[0] at 1.835 [mm], t= 6.120 [ps], E=869.700 [MeV]
OPAL-X> * 08:58:36 Step    463 container[1] at 0.004 [um], t= 6.120 [ps], E=511.067 [keV]
OPAL-X> * 08:58:36 Step    463 container[2] at 0.004 [um], t= 6.120 [ps], E=511.058 [keV]
OPAL-X> * 08:58:36 Step    464 container[0] at 1.836 [mm], t= 6.125 [ps], E=869.704 [MeV]
OPAL-X> * 08:58:36 Step    464 container[1] at 0.004 [um], t= 6.125 [ps], E=511.068 [keV]
OPAL-X> * 08:58:36 Step    464 container[2] at 0.004 [um], t= 6.125 [ps], E=511.058 [keV]
OPAL-X> * 08:58:36 Step    465 container[0] at 1.838 [mm], t= 6.130 [ps], E=869.708 [MeV]
OPAL-X> * 08:58:36 Step    465 container[1] at 0.004 [um], t= 6.130 [ps], E=511.068 [keV]
OPAL-X> * 08:58:36 Step    465 container[2] at 0.004 [um], t= 6.130 [ps], E=511.058 [keV]
OPAL-X> * 08:58:37 Step    466 container[0] at 1.839 [mm], t= 6.135 [ps], E=869.712 [MeV]
OPAL-X> * 08:58:37 Step    466 container[1] at 0.004 [um], t= 6.135 [ps], E=511.068 [keV]
OPAL-X> * 08:58:37 Step    466 container[2] at 0.004 [um], t= 6.135 [ps], E=511.058 [keV]
OPAL-X> * 08:58:37 Step    467 container[0] at 1.841 [mm], t= 6.140 [ps], E=869.716 [MeV]
OPAL-X> * 08:58:37 Step    467 container[1] at 0.004 [um], t= 6.140 [ps], E=511.068 [keV]
OPAL-X> * 08:58:37 Step    467 container[2] at 0.004 [um], t= 6.140 [ps], E=511.058 [keV]
OPAL-X> * 08:58:37 Step    468 container[0] at 1.842 [mm], t= 6.145 [ps], E=869.720 [MeV]
OPAL-X> * 08:58:37 Step    468 container[1] at 0.004 [um], t= 6.145 [ps], E=511.069 [keV]
OPAL-X> * 08:58:37 Step    468 container[2] at 0.004 [um], t= 6.145 [ps], E=511.058 [keV]
OPAL-X> * 08:58:37 Step    469 container[0] at 1.844 [mm], t= 6.150 [ps], E=869.724 [MeV]
OPAL-X> * 08:58:37 Step    469 container[1] at 0.004 [um], t= 6.150 [ps], E=511.069 [keV]
OPAL-X> * 08:58:37 Step    469 container[2] at 0.004 [um], t= 6.150 [ps], E=511.058 [keV]
OPAL-X> * 08:58:38 Step    470 container[0] at 1.845 [mm], t= 6.155 [ps], E=869.728 [MeV]
OPAL-X> * 08:58:38 Step    470 container[1] at 0.004 [um], t= 6.155 [ps], E=511.069 [keV]
OPAL-X> * 08:58:38 Step    470 container[2] at 0.004 [um], t= 6.155 [ps], E=511.058 [keV]
OPAL-X> * 08:58:38 Step    471 container[0] at 1.847 [mm], t= 6.160 [ps], E=869.732 [MeV]
OPAL-X> * 08:58:38 Step    471 container[1] at 0.004 [um], t= 6.160 [ps], E=511.069 [keV]
OPAL-X> * 08:58:38 Step    471 container[2] at 0.004 [um], t= 6.160 [ps], E=511.058 [keV]
OPAL-X> * 08:58:38 Step    472 container[0] at 1.848 [mm], t= 6.165 [ps], E=869.736 [MeV]
OPAL-X> * 08:58:38 Step    472 container[1] at 0.004 [um], t= 6.165 [ps], E=511.070 [keV]
OPAL-X> * 08:58:38 Step    472 container[2] at 0.004 [um], t= 6.165 [ps], E=511.058 [keV]
OPAL-X> * 08:58:39 Step    473 container[0] at 1.850 [mm], t= 6.170 [ps], E=869.740 [MeV]
OPAL-X> * 08:58:39 Step    473 container[1] at 0.004 [um], t= 6.170 [ps], E=511.070 [keV]
OPAL-X> * 08:58:39 Step    473 container[2] at 0.004 [um], t= 6.170 [ps], E=511.058 [keV]
OPAL-X> * 08:58:39 Step    474 container[0] at 1.851 [mm], t= 6.175 [ps], E=869.744 [MeV]
OPAL-X> * 08:58:39 Step    474 container[1] at 0.004 [um], t= 6.175 [ps], E=511.070 [keV]
OPAL-X> * 08:58:39 Step    474 container[2] at 0.004 [um], t= 6.175 [ps], E=511.058 [keV]
OPAL-X> * 08:58:39 Step    475 container[0] at 1.853 [mm], t= 6.180 [ps], E=869.748 [MeV]
OPAL-X> * 08:58:39 Step    475 container[1] at 0.004 [um], t= 6.180 [ps], E=511.070 [keV]
OPAL-X> * 08:58:39 Step    475 container[2] at 0.004 [um], t= 6.180 [ps], E=511.058 [keV]
OPAL-X> * 08:58:39 Step    476 container[0] at 1.854 [mm], t= 6.185 [ps], E=869.752 [MeV]
OPAL-X> * 08:58:39 Step    476 container[1] at 0.004 [um], t= 6.185 [ps], E=511.071 [keV]
OPAL-X> * 08:58:39 Step    476 container[2] at 0.004 [um], t= 6.185 [ps], E=511.058 [keV]
OPAL-X> * 08:58:40 Step    477 container[0] at 1.856 [mm], t= 6.190 [ps], E=869.756 [MeV]
OPAL-X> * 08:58:40 Step    477 container[1] at 0.004 [um], t= 6.190 [ps], E=511.071 [keV]
OPAL-X> * 08:58:40 Step    477 container[2] at 0.004 [um], t= 6.190 [ps], E=511.058 [keV]
OPAL-X> * 08:58:40 Step    478 container[0] at 1.857 [mm], t= 6.195 [ps], E=869.760 [MeV]
OPAL-X> * 08:58:40 Step    478 container[1] at 0.004 [um], t= 6.195 [ps], E=511.071 [keV]
OPAL-X> * 08:58:40 Step    478 container[2] at 0.004 [um], t= 6.195 [ps], E=511.058 [keV]
OPAL-X> * 08:58:40 Step    479 container[0] at 1.859 [mm], t= 6.200 [ps], E=869.764 [MeV]
OPAL-X> * 08:58:40 Step    479 container[1] at 0.004 [um], t= 6.200 [ps], E=511.072 [keV]
OPAL-X> * 08:58:40 Step    479 container[2] at 0.004 [um], t= 6.200 [ps], E=511.058 [keV]
OPAL-X> * 08:58:40 Step    480 container[0] at 1.860 [mm], t= 6.205 [ps], E=869.768 [MeV]
OPAL-X> * 08:58:40 Step    480 container[1] at 0.004 [um], t= 6.205 [ps], E=511.072 [keV]
OPAL-X> * 08:58:40 Step    480 container[2] at 0.004 [um], t= 6.205 [ps], E=511.058 [keV]
OPAL-X> * 08:58:41 Step    481 container[0] at 1.862 [mm], t= 6.210 [ps], E=869.772 [MeV]
OPAL-X> * 08:58:41 Step    481 container[1] at 0.004 [um], t= 6.210 [ps], E=511.072 [keV]
OPAL-X> * 08:58:41 Step    481 container[2] at 0.004 [um], t= 6.210 [ps], E=511.058 [keV]
OPAL-X> * 08:58:41 Step    482 container[0] at 1.863 [mm], t= 6.215 [ps], E=869.776 [MeV]
OPAL-X> * 08:58:41 Step    482 container[1] at 0.004 [um], t= 6.215 [ps], E=511.072 [keV]
OPAL-X> * 08:58:41 Step    482 container[2] at 0.004 [um], t= 6.215 [ps], E=511.058 [keV]
OPAL-X> * 08:58:41 Step    483 container[0] at 1.865 [mm], t= 6.220 [ps], E=869.780 [MeV]
OPAL-X> * 08:58:41 Step    483 container[1] at 0.004 [um], t= 6.220 [ps], E=511.073 [keV]
OPAL-X> * 08:58:41 Step    483 container[2] at 0.004 [um], t= 6.220 [ps], E=511.058 [keV]
OPAL-X> * 08:58:41 Step    484 container[0] at 1.866 [mm], t= 6.225 [ps], E=869.784 [MeV]
OPAL-X> * 08:58:41 Step    484 container[1] at 0.004 [um], t= 6.225 [ps], E=511.073 [keV]
OPAL-X> * 08:58:41 Step    484 container[2] at 0.004 [um], t= 6.225 [ps], E=511.058 [keV]
OPAL-X> * 08:58:42 Step    485 container[0] at 1.868 [mm], t= 6.230 [ps], E=869.788 [MeV]
OPAL-X> * 08:58:42 Step    485 container[1] at 0.004 [um], t= 6.230 [ps], E=511.073 [keV]
OPAL-X> * 08:58:42 Step    485 container[2] at 0.004 [um], t= 6.230 [ps], E=511.058 [keV]
OPAL-X> * 08:58:42 Step    486 container[0] at 1.869 [mm], t= 6.235 [ps], E=869.792 [MeV]
OPAL-X> * 08:58:42 Step    486 container[1] at 0.004 [um], t= 6.235 [ps], E=511.074 [keV]
OPAL-X> * 08:58:42 Step    486 container[2] at 0.004 [um], t= 6.235 [ps], E=511.058 [keV]
OPAL-X> * 08:58:42 Step    487 container[0] at 1.871 [mm], t= 6.240 [ps], E=869.795 [MeV]
OPAL-X> * 08:58:42 Step    487 container[1] at 0.004 [um], t= 6.240 [ps], E=511.074 [keV]
OPAL-X> * 08:58:42 Step    487 container[2] at 0.004 [um], t= 6.240 [ps], E=511.058 [keV]
OPAL-X> * 08:58:43 Step    488 container[0] at 1.872 [mm], t= 6.245 [ps], E=869.799 [MeV]
OPAL-X> * 08:58:43 Step    488 container[1] at 0.004 [um], t= 6.245 [ps], E=511.074 [keV]
OPAL-X> * 08:58:43 Step    488 container[2] at 0.004 [um], t= 6.245 [ps], E=511.058 [keV]
OPAL-X> * 08:58:43 Step    489 container[0] at 1.874 [mm], t= 6.250 [ps], E=869.803 [MeV]
OPAL-X> * 08:58:43 Step    489 container[1] at 0.004 [um], t= 6.250 [ps], E=511.074 [keV]
OPAL-X> * 08:58:43 Step    489 container[2] at 0.004 [um], t= 6.250 [ps], E=511.058 [keV]
OPAL-X> * 08:58:43 Step    490 container[0] at 1.875 [mm], t= 6.255 [ps], E=869.807 [MeV]
OPAL-X> * 08:58:43 Step    490 container[1] at 0.004 [um], t= 6.255 [ps], E=511.075 [keV]
OPAL-X> * 08:58:43 Step    490 container[2] at 0.004 [um], t= 6.255 [ps], E=511.058 [keV]
OPAL-X> * 08:58:43 Step    491 container[0] at 1.877 [mm], t= 6.260 [ps], E=869.811 [MeV]
OPAL-X> * 08:58:43 Step    491 container[1] at 0.004 [um], t= 6.260 [ps], E=511.075 [keV]
OPAL-X> * 08:58:43 Step    491 container[2] at 0.004 [um], t= 6.260 [ps], E=511.058 [keV]
OPAL-X> * 08:58:44 Step    492 container[0] at 1.878 [mm], t= 6.265 [ps], E=869.815 [MeV]
OPAL-X> * 08:58:44 Step    492 container[1] at 0.004 [um], t= 6.265 [ps], E=511.075 [keV]
OPAL-X> * 08:58:44 Step    492 container[2] at 0.004 [um], t= 6.265 [ps], E=511.058 [keV]
OPAL-X> * 08:58:44 Step    493 container[0] at 1.880 [mm], t= 6.270 [ps], E=869.819 [MeV]
OPAL-X> * 08:58:44 Step    493 container[1] at 0.004 [um], t= 6.270 [ps], E=511.076 [keV]
OPAL-X> * 08:58:44 Step    493 container[2] at 0.004 [um], t= 6.270 [ps], E=511.058 [keV]
OPAL-X> * 08:58:44 Step    494 container[0] at 1.881 [mm], t= 6.275 [ps], E=869.823 [MeV]
OPAL-X> * 08:58:44 Step    494 container[1] at 0.004 [um], t= 6.275 [ps], E=511.076 [keV]
OPAL-X> * 08:58:44 Step    494 container[2] at 0.004 [um], t= 6.275 [ps], E=511.058 [keV]
OPAL-X> * 08:58:44 Step    495 container[0] at 1.883 [mm], t= 6.280 [ps], E=869.827 [MeV]
OPAL-X> * 08:58:44 Step    495 container[1] at 0.004 [um], t= 6.280 [ps], E=511.076 [keV]
OPAL-X> * 08:58:44 Step    495 container[2] at 0.004 [um], t= 6.280 [ps], E=511.058 [keV]
OPAL-X> * 08:58:45 Step    496 container[0] at 1.884 [mm], t= 6.285 [ps], E=869.831 [MeV]
OPAL-X> * 08:58:45 Step    496 container[1] at 0.004 [um], t= 6.285 [ps], E=511.077 [keV]
OPAL-X> * 08:58:45 Step    496 container[2] at 0.004 [um], t= 6.285 [ps], E=511.058 [keV]
OPAL-X> * 08:58:45 Step    497 container[0] at 1.886 [mm], t= 6.290 [ps], E=869.834 [MeV]
OPAL-X> * 08:58:45 Step    497 container[1] at 0.004 [um], t= 6.290 [ps], E=511.077 [keV]
OPAL-X> * 08:58:45 Step    497 container[2] at 0.004 [um], t= 6.290 [ps], E=511.058 [keV]
OPAL-X> * 08:58:45 Step    498 container[0] at 1.887 [mm], t= 6.295 [ps], E=869.838 [MeV]
OPAL-X> * 08:58:45 Step    498 container[1] at 0.004 [um], t= 6.295 [ps], E=511.077 [keV]
OPAL-X> * 08:58:45 Step    498 container[2] at 0.004 [um], t= 6.295 [ps], E=511.059 [keV]
OPAL-X> * 08:58:45 Step    499 container[0] at 1.889 [mm], t= 6.300 [ps], E=869.842 [MeV]
OPAL-X> * 08:58:45 Step    499 container[1] at 0.004 [um], t= 6.300 [ps], E=511.078 [keV]
OPAL-X> * 08:58:45 Step    499 container[2] at 0.004 [um], t= 6.300 [ps], E=511.059 [keV]
OPAL-X> * 08:58:46 Step    500 container[0] at 1.890 [mm], t= 6.305 [ps], E=869.846 [MeV]
OPAL-X> * 08:58:46 Step    500 container[1] at 0.004 [um], t= 6.305 [ps], E=511.078 [keV]
OPAL-X> * 08:58:46 Step    500 container[2] at 0.004 [um], t= 6.305 [ps], E=511.059 [keV]
OPAL-X> * 08:58:46 Step    501 container[0] at 1.892 [mm], t= 6.310 [ps], E=869.850 [MeV]
OPAL-X> * 08:58:46 Step    501 container[1] at 0.004 [um], t= 6.310 [ps], E=511.078 [keV]
OPAL-X> * 08:58:46 Step    501 container[2] at 0.004 [um], t= 6.310 [ps], E=511.059 [keV]
OPAL-X> * 08:58:46 Step    502 container[0] at 1.893 [mm], t= 6.315 [ps], E=869.854 [MeV]
OPAL-X> * 08:58:46 Step    502 container[1] at 0.004 [um], t= 6.315 [ps], E=511.079 [keV]
OPAL-X> * 08:58:46 Step    502 container[2] at 0.004 [um], t= 6.315 [ps], E=511.059 [keV]
OPAL-X> * 08:58:47 Step    503 container[0] at 1.895 [mm], t= 6.320 [ps], E=869.857 [MeV]
OPAL-X> * 08:58:47 Step    503 container[1] at 0.004 [um], t= 6.320 [ps], E=511.079 [keV]
OPAL-X> * 08:58:47 Step    503 container[2] at 0.004 [um], t= 6.320 [ps], E=511.059 [keV]
OPAL-X> * 08:58:47 Step    504 container[0] at 1.896 [mm], t= 6.325 [ps], E=869.861 [MeV]
OPAL-X> * 08:58:47 Step    504 container[1] at 0.004 [um], t= 6.325 [ps], E=511.079 [keV]
OPAL-X> * 08:58:47 Step    504 container[2] at 0.004 [um], t= 6.325 [ps], E=511.059 [keV]
OPAL-X> * 08:58:47 Step    505 container[0] at 1.898 [mm], t= 6.330 [ps], E=869.865 [MeV]
OPAL-X> * 08:58:47 Step    505 container[1] at 0.004 [um], t= 6.330 [ps], E=511.080 [keV]
OPAL-X> * 08:58:47 Step    505 container[2] at 0.004 [um], t= 6.330 [ps], E=511.059 [keV]
OPAL-X> * 08:58:47 Step    506 container[0] at 1.899 [mm], t= 6.335 [ps], E=869.869 [MeV]
OPAL-X> * 08:58:47 Step    506 container[1] at 0.004 [um], t= 6.335 [ps], E=511.080 [keV]
OPAL-X> * 08:58:47 Step    506 container[2] at 0.004 [um], t= 6.335 [ps], E=511.059 [keV]
OPAL-X> * 08:58:48 Step    507 container[0] at 1.901 [mm], t= 6.340 [ps], E=869.873 [MeV]
OPAL-X> * 08:58:48 Step    507 container[1] at 0.004 [um], t= 6.340 [ps], E=511.080 [keV]
OPAL-X> * 08:58:48 Step    507 container[2] at 0.004 [um], t= 6.340 [ps], E=511.059 [keV]
OPAL-X> * 08:58:48 Step    508 container[0] at 1.902 [mm], t= 6.345 [ps], E=869.877 [MeV]
OPAL-X> * 08:58:48 Step    508 container[1] at 0.004 [um], t= 6.345 [ps], E=511.081 [keV]
OPAL-X> * 08:58:48 Step    508 container[2] at 0.004 [um], t= 6.345 [ps], E=511.059 [keV]
OPAL-X> * 08:58:48 Step    509 container[0] at 1.904 [mm], t= 6.350 [ps], E=869.880 [MeV]
OPAL-X> * 08:58:48 Step    509 container[1] at 0.004 [um], t= 6.350 [ps], E=511.081 [keV]
OPAL-X> * 08:58:48 Step    509 container[2] at 0.004 [um], t= 6.350 [ps], E=511.059 [keV]
OPAL-X> * 08:58:48 Step    510 container[0] at 1.905 [mm], t= 6.355 [ps], E=869.884 [MeV]
OPAL-X> * 08:58:48 Step    510 container[1] at 0.004 [um], t= 6.355 [ps], E=511.081 [keV]
OPAL-X> * 08:58:48 Step    510 container[2] at 0.004 [um], t= 6.355 [ps], E=511.059 [keV]
OPAL-X> * 08:58:49 Step    511 container[0] at 1.907 [mm], t= 6.360 [ps], E=869.888 [MeV]
OPAL-X> * 08:58:49 Step    511 container[1] at 0.004 [um], t= 6.360 [ps], E=511.082 [keV]
OPAL-X> * 08:58:49 Step    511 container[2] at 0.004 [um], t= 6.360 [ps], E=511.059 [keV]
OPAL-X> * 08:58:49 Step    512 container[0] at 1.908 [mm], t= 6.365 [ps], E=869.892 [MeV]
OPAL-X> * 08:58:49 Step    512 container[1] at 0.004 [um], t= 6.365 [ps], E=511.082 [keV]
OPAL-X> * 08:58:49 Step    512 container[2] at 0.004 [um], t= 6.365 [ps], E=511.059 [keV]
OPAL-X> * 08:58:49 Step    513 container[0] at 1.910 [mm], t= 6.370 [ps], E=869.896 [MeV]
OPAL-X> * 08:58:49 Step    513 container[1] at 0.004 [um], t= 6.370 [ps], E=511.082 [keV]
OPAL-X> * 08:58:49 Step    513 container[2] at 0.004 [um], t= 6.370 [ps], E=511.059 [keV]
OPAL-X> * 08:58:50 Step    514 container[0] at 1.911 [mm], t= 6.375 [ps], E=869.899 [MeV]
OPAL-X> * 08:58:50 Step    514 container[1] at 0.004 [um], t= 6.375 [ps], E=511.083 [keV]
OPAL-X> * 08:58:50 Step    514 container[2] at 0.004 [um], t= 6.375 [ps], E=511.059 [keV]
OPAL-X> * 08:58:50 Step    515 container[0] at 1.913 [mm], t= 6.380 [ps], E=869.903 [MeV]
OPAL-X> * 08:58:50 Step    515 container[1] at 0.004 [um], t= 6.380 [ps], E=511.083 [keV]
OPAL-X> * 08:58:50 Step    515 container[2] at 0.004 [um], t= 6.380 [ps], E=511.059 [keV]
OPAL-X> * 08:58:50 Step    516 container[0] at 1.914 [mm], t= 6.385 [ps], E=869.907 [MeV]
OPAL-X> * 08:58:50 Step    516 container[1] at 0.004 [um], t= 6.385 [ps], E=511.083 [keV]
OPAL-X> * 08:58:50 Step    516 container[2] at 0.004 [um], t= 6.385 [ps], E=511.059 [keV]
OPAL-X> * 08:58:50 Step    517 container[0] at 1.916 [mm], t= 6.390 [ps], E=869.911 [MeV]
OPAL-X> * 08:58:50 Step    517 container[1] at 0.004 [um], t= 6.390 [ps], E=511.084 [keV]
OPAL-X> * 08:58:50 Step    517 container[2] at 0.004 [um], t= 6.390 [ps], E=511.059 [keV]
OPAL-X> * 08:58:51 Step    518 container[0] at 1.917 [mm], t= 6.395 [ps], E=869.914 [MeV]
OPAL-X> * 08:58:51 Step    518 container[1] at 0.004 [um], t= 6.395 [ps], E=511.084 [keV]
OPAL-X> * 08:58:51 Step    518 container[2] at 0.004 [um], t= 6.395 [ps], E=511.059 [keV]
OPAL-X> * 08:58:51 Step    519 container[0] at 1.919 [mm], t= 6.400 [ps], E=869.918 [MeV]
OPAL-X> * 08:58:51 Step    519 container[1] at 0.004 [um], t= 6.400 [ps], E=511.085 [keV]
OPAL-X> * 08:58:51 Step    519 container[2] at 0.004 [um], t= 6.400 [ps], E=511.059 [keV]
OPAL-X> * 08:58:51 Step    520 container[0] at 1.920 [mm], t= 6.405 [ps], E=869.922 [MeV]
OPAL-X> * 08:58:51 Step    520 container[1] at 0.004 [um], t= 6.405 [ps], E=511.085 [keV]
OPAL-X> * 08:58:51 Step    520 container[2] at 0.004 [um], t= 6.405 [ps], E=511.059 [keV]
OPAL-X> * 08:58:51 Step    521 container[0] at 1.922 [mm], t= 6.410 [ps], E=869.926 [MeV]
OPAL-X> * 08:58:51 Step    521 container[1] at 0.004 [um], t= 6.410 [ps], E=511.085 [keV]
OPAL-X> * 08:58:51 Step    521 container[2] at 0.004 [um], t= 6.410 [ps], E=511.059 [keV]
OPAL-X> * 08:58:52 Step    522 container[0] at 1.923 [mm], t= 6.415 [ps], E=869.929 [MeV]
OPAL-X> * 08:58:52 Step    522 container[1] at 0.004 [um], t= 6.415 [ps], E=511.086 [keV]
OPAL-X> * 08:58:52 Step    522 container[2] at 0.004 [um], t= 6.415 [ps], E=511.059 [keV]
OPAL-X> * 08:58:52 Step    523 container[0] at 1.925 [mm], t= 6.420 [ps], E=869.933 [MeV]
OPAL-X> * 08:58:52 Step    523 container[1] at 0.004 [um], t= 6.420 [ps], E=511.086 [keV]
OPAL-X> * 08:58:52 Step    523 container[2] at 0.004 [um], t= 6.420 [ps], E=511.059 [keV]
OPAL-X> * 08:58:52 Step    524 container[0] at 1.926 [mm], t= 6.425 [ps], E=869.937 [MeV]
OPAL-X> * 08:58:52 Step    524 container[1] at 0.004 [um], t= 6.425 [ps], E=511.087 [keV]
OPAL-X> * 08:58:52 Step    524 container[2] at 0.004 [um], t= 6.425 [ps], E=511.059 [keV]
OPAL-X> * 08:58:53 Step    525 container[0] at 1.928 [mm], t= 6.430 [ps], E=869.940 [MeV]
OPAL-X> * 08:58:53 Step    525 container[1] at 0.004 [um], t= 6.430 [ps], E=511.087 [keV]
OPAL-X> * 08:58:53 Step    525 container[2] at 0.004 [um], t= 6.430 [ps], E=511.059 [keV]
OPAL-X> * 08:58:53 Step    526 container[0] at 1.929 [mm], t= 6.435 [ps], E=869.944 [MeV]
OPAL-X> * 08:58:53 Step    526 container[1] at 0.004 [um], t= 6.435 [ps], E=511.087 [keV]
OPAL-X> * 08:58:53 Step    526 container[2] at 0.004 [um], t= 6.435 [ps], E=511.059 [keV]
OPAL-X> * 08:58:53 Step    527 container[0] at 1.931 [mm], t= 6.440 [ps], E=869.948 [MeV]
OPAL-X> * 08:58:53 Step    527 container[1] at 0.004 [um], t= 6.440 [ps], E=511.088 [keV]
OPAL-X> * 08:58:53 Step    527 container[2] at 0.004 [um], t= 6.440 [ps], E=511.059 [keV]
OPAL-X> * 08:58:53 Step    528 container[0] at 1.932 [mm], t= 6.445 [ps], E=869.952 [MeV]
OPAL-X> * 08:58:53 Step    528 container[1] at 0.004 [um], t= 6.445 [ps], E=511.088 [keV]
OPAL-X> * 08:58:53 Step    528 container[2] at 0.004 [um], t= 6.445 [ps], E=511.059 [keV]
OPAL-X> * 08:58:54 Step    529 container[0] at 1.934 [mm], t= 6.450 [ps], E=869.955 [MeV]
OPAL-X> * 08:58:54 Step    529 container[1] at 0.004 [um], t= 6.450 [ps], E=511.089 [keV]
OPAL-X> * 08:58:54 Step    529 container[2] at 0.004 [um], t= 6.450 [ps], E=511.060 [keV]
OPAL-X> * 08:58:54 Step    530 container[0] at 1.935 [mm], t= 6.455 [ps], E=869.959 [MeV]
OPAL-X> * 08:58:54 Step    530 container[1] at 0.004 [um], t= 6.455 [ps], E=511.089 [keV]
OPAL-X> * 08:58:54 Step    530 container[2] at 0.004 [um], t= 6.455 [ps], E=511.060 [keV]
OPAL-X> * 08:58:54 Step    531 container[0] at 1.937 [mm], t= 6.460 [ps], E=869.963 [MeV]
OPAL-X> * 08:58:54 Step    531 container[1] at 0.004 [um], t= 6.460 [ps], E=511.089 [keV]
OPAL-X> * 08:58:54 Step    531 container[2] at 0.004 [um], t= 6.460 [ps], E=511.060 [keV]
OPAL-X> * 08:58:54 Step    532 container[0] at 1.938 [mm], t= 6.465 [ps], E=869.966 [MeV]
OPAL-X> * 08:58:54 Step    532 container[1] at 0.004 [um], t= 6.465 [ps], E=511.090 [keV]
OPAL-X> * 08:58:54 Step    532 container[2] at 0.004 [um], t= 6.465 [ps], E=511.060 [keV]
OPAL-X> * 08:58:55 Step    533 container[0] at 1.940 [mm], t= 6.470 [ps], E=869.970 [MeV]
OPAL-X> * 08:58:55 Step    533 container[1] at 0.004 [um], t= 6.470 [ps], E=511.090 [keV]
OPAL-X> * 08:58:55 Step    533 container[2] at 0.004 [um], t= 6.470 [ps], E=511.060 [keV]
OPAL-X> * 08:58:55 Step    534 container[0] at 1.941 [mm], t= 6.475 [ps], E=869.974 [MeV]
OPAL-X> * 08:58:55 Step    534 container[1] at 0.004 [um], t= 6.475 [ps], E=511.091 [keV]
OPAL-X> * 08:58:55 Step    534 container[2] at 0.004 [um], t= 6.475 [ps], E=511.060 [keV]
OPAL-X> * 08:58:55 Step    535 container[0] at 1.943 [mm], t= 6.480 [ps], E=869.977 [MeV]
OPAL-X> * 08:58:55 Step    535 container[1] at 0.004 [um], t= 6.480 [ps], E=511.091 [keV]
OPAL-X> * 08:58:55 Step    535 container[2] at 0.004 [um], t= 6.480 [ps], E=511.060 [keV]
OPAL-X> * 08:58:56 Step    536 container[0] at 1.944 [mm], t= 6.485 [ps], E=869.981 [MeV]
OPAL-X> * 08:58:56 Step    536 container[1] at 0.004 [um], t= 6.485 [ps], E=511.091 [keV]
OPAL-X> * 08:58:56 Step    536 container[2] at 0.004 [um], t= 6.485 [ps], E=511.060 [keV]
OPAL-X> * 08:58:56 Step    537 container[0] at 1.946 [mm], t= 6.490 [ps], E=869.985 [MeV]
OPAL-X> * 08:58:56 Step    537 container[1] at 0.004 [um], t= 6.490 [ps], E=511.092 [keV]
OPAL-X> * 08:58:56 Step    537 container[2] at 0.004 [um], t= 6.490 [ps], E=511.060 [keV]
OPAL-X> * 08:58:56 Step    538 container[0] at 1.947 [mm], t= 6.495 [ps], E=869.988 [MeV]
OPAL-X> * 08:58:56 Step    538 container[1] at 0.004 [um], t= 6.495 [ps], E=511.092 [keV]
OPAL-X> * 08:58:56 Step    538 container[2] at 0.004 [um], t= 6.495 [ps], E=511.060 [keV]
OPAL-X> * 08:58:56 Step    539 container[0] at 1.949 [mm], t= 6.500 [ps], E=869.992 [MeV]
OPAL-X> * 08:58:56 Step    539 container[1] at 0.004 [um], t= 6.500 [ps], E=511.093 [keV]
OPAL-X> * 08:58:56 Step    539 container[2] at 0.004 [um], t= 6.500 [ps], E=511.060 [keV]
OPAL-X> * 08:58:57 Step    540 container[0] at 1.950 [mm], t= 6.505 [ps], E=869.996 [MeV]
OPAL-X> * 08:58:57 Step    540 container[1] at 0.004 [um], t= 6.505 [ps], E=511.093 [keV]
OPAL-X> * 08:58:57 Step    540 container[2] at 0.004 [um], t= 6.505 [ps], E=511.060 [keV]
OPAL-X> * 08:58:57 Step    541 container[0] at 1.952 [mm], t= 6.510 [ps], E=869.999 [MeV]
OPAL-X> * 08:58:57 Step    541 container[1] at 0.004 [um], t= 6.510 [ps], E=511.094 [keV]
OPAL-X> * 08:58:57 Step    541 container[2] at 0.004 [um], t= 6.510 [ps], E=511.061 [keV]
OPAL-X> * 08:58:57 Step    542 container[0] at 1.953 [mm], t= 6.515 [ps], E=870.003 [MeV]
OPAL-X> * 08:58:57 Step    542 container[1] at 0.004 [um], t= 6.515 [ps], E=511.094 [keV]
OPAL-X> * 08:58:57 Step    542 container[2] at 0.004 [um], t= 6.515 [ps], E=511.061 [keV]
OPAL-X> * 08:58:57 Step    543 container[0] at 1.955 [mm], t= 6.520 [ps], E=870.007 [MeV]
OPAL-X> * 08:58:57 Step    543 container[1] at 0.004 [um], t= 6.520 [ps], E=511.095 [keV]
OPAL-X> * 08:58:57 Step    543 container[2] at 0.004 [um], t= 6.520 [ps], E=511.061 [keV]
OPAL-X> * 08:58:58 Step    544 container[0] at 1.956 [mm], t= 6.525 [ps], E=870.010 [MeV]
OPAL-X> * 08:58:58 Step    544 container[1] at 0.004 [um], t= 6.525 [ps], E=511.095 [keV]
OPAL-X> * 08:58:58 Step    544 container[2] at 0.004 [um], t= 6.525 [ps], E=511.061 [keV]
OPAL-X> * 08:58:58 Step    545 container[0] at 1.958 [mm], t= 6.530 [ps], E=870.014 [MeV]
OPAL-X> * 08:58:58 Step    545 container[1] at 0.004 [um], t= 6.530 [ps], E=511.095 [keV]
OPAL-X> * 08:58:58 Step    545 container[2] at 0.004 [um], t= 6.530 [ps], E=511.061 [keV]
OPAL-X> * 08:58:58 Step    546 container[0] at 1.959 [mm], t= 6.535 [ps], E=870.017 [MeV]
OPAL-X> * 08:58:58 Step    546 container[1] at 0.004 [um], t= 6.535 [ps], E=511.096 [keV]
OPAL-X> * 08:58:58 Step    546 container[2] at 0.004 [um], t= 6.535 [ps], E=511.061 [keV]
OPAL-X> * 08:58:59 Step    547 container[0] at 1.961 [mm], t= 6.540 [ps], E=870.021 [MeV]
OPAL-X> * 08:58:59 Step    547 container[1] at 0.004 [um], t= 6.540 [ps], E=511.096 [keV]
OPAL-X> * 08:58:59 Step    547 container[2] at 0.004 [um], t= 6.540 [ps], E=511.061 [keV]
OPAL-X> * 08:58:59 Step    548 container[0] at 1.962 [mm], t= 6.545 [ps], E=870.025 [MeV]
OPAL-X> * 08:58:59 Step    548 container[1] at 0.004 [um], t= 6.545 [ps], E=511.097 [keV]
OPAL-X> * 08:58:59 Step    548 container[2] at 0.004 [um], t= 6.545 [ps], E=511.061 [keV]
OPAL-X> * 08:58:59 Step    549 container[0] at 1.964 [mm], t= 6.550 [ps], E=870.028 [MeV]
OPAL-X> * 08:58:59 Step    549 container[1] at 0.004 [um], t= 6.550 [ps], E=511.097 [keV]
OPAL-X> * 08:58:59 Step    549 container[2] at 0.004 [um], t= 6.550 [ps], E=511.062 [keV]
OPAL-X> * 08:58:59 Step    550 container[0] at 1.965 [mm], t= 6.555 [ps], E=870.032 [MeV]
OPAL-X> * 08:58:59 Step    550 container[1] at 0.004 [um], t= 6.555 [ps], E=511.098 [keV]
OPAL-X> * 08:58:59 Step    550 container[2] at 0.004 [um], t= 6.555 [ps], E=511.062 [keV]
OPAL-X> * 08:59:00 Step    551 container[0] at 1.967 [mm], t= 6.560 [ps], E=870.035 [MeV]
OPAL-X> * 08:59:00 Step    551 container[1] at 0.004 [um], t= 6.560 [ps], E=511.098 [keV]
OPAL-X> * 08:59:00 Step    551 container[2] at 0.004 [um], t= 6.560 [ps], E=511.062 [keV]
OPAL-X> * 08:59:00 Step    552 container[0] at 1.968 [mm], t= 6.565 [ps], E=870.039 [MeV]
OPAL-X> * 08:59:00 Step    552 container[1] at 0.004 [um], t= 6.565 [ps], E=511.099 [keV]
OPAL-X> * 08:59:00 Step    552 container[2] at 0.004 [um], t= 6.565 [ps], E=511.062 [keV]
OPAL-X> * 08:59:00 Step    553 container[0] at 1.970 [mm], t= 6.570 [ps], E=870.043 [MeV]
OPAL-X> * 08:59:00 Step    553 container[1] at 0.004 [um], t= 6.570 [ps], E=511.099 [keV]
OPAL-X> * 08:59:00 Step    553 container[2] at 0.004 [um], t= 6.570 [ps], E=511.062 [keV]
OPAL-X> * 08:59:00 Step    554 container[0] at 1.971 [mm], t= 6.575 [ps], E=870.046 [MeV]
OPAL-X> * 08:59:00 Step    554 container[1] at 0.004 [um], t= 6.575 [ps], E=511.100 [keV]
OPAL-X> * 08:59:00 Step    554 container[2] at 0.004 [um], t= 6.575 [ps], E=511.062 [keV]
OPAL-X> * 08:59:01 Step    555 container[0] at 1.973 [mm], t= 6.580 [ps], E=870.050 [MeV]
OPAL-X> * 08:59:01 Step    555 container[1] at 0.004 [um], t= 6.580 [ps], E=511.100 [keV]
OPAL-X> * 08:59:01 Step    555 container[2] at 0.004 [um], t= 6.580 [ps], E=511.062 [keV]
OPAL-X> * 08:59:01 Step    556 container[0] at 1.974 [mm], t= 6.585 [ps], E=870.053 [MeV]
OPAL-X> * 08:59:01 Step    556 container[1] at 0.004 [um], t= 6.585 [ps], E=511.101 [keV]
OPAL-X> * 08:59:01 Step    556 container[2] at 0.004 [um], t= 6.585 [ps], E=511.063 [keV]
OPAL-X> * 08:59:01 Step    557 container[0] at 1.976 [mm], t= 6.590 [ps], E=870.057 [MeV]
OPAL-X> * 08:59:01 Step    557 container[1] at 0.004 [um], t= 6.590 [ps], E=511.101 [keV]
OPAL-X> * 08:59:01 Step    557 container[2] at 0.004 [um], t= 6.590 [ps], E=511.063 [keV]
OPAL-X> * 08:59:01 Step    558 container[0] at 1.977 [mm], t= 6.595 [ps], E=870.060 [MeV]
OPAL-X> * 08:59:01 Step    558 container[1] at 0.004 [um], t= 6.595 [ps], E=511.102 [keV]
OPAL-X> * 08:59:01 Step    558 container[2] at 0.004 [um], t= 6.595 [ps], E=511.063 [keV]
OPAL-X> * 08:59:02 Step    559 container[0] at 1.979 [mm], t= 6.600 [ps], E=870.064 [MeV]
OPAL-X> * 08:59:02 Step    559 container[1] at 0.004 [um], t= 6.600 [ps], E=511.102 [keV]
OPAL-X> * 08:59:02 Step    559 container[2] at 0.004 [um], t= 6.600 [ps], E=511.063 [keV]
OPAL-X> * 08:59:02 Step    560 container[0] at 1.980 [mm], t= 6.605 [ps], E=870.067 [MeV]
OPAL-X> * 08:59:02 Step    560 container[1] at 0.004 [um], t= 6.605 [ps], E=511.103 [keV]
OPAL-X> * 08:59:02 Step    560 container[2] at 0.004 [um], t= 6.605 [ps], E=511.063 [keV]
OPAL-X> * 08:59:02 Step    561 container[0] at 1.982 [mm], t= 6.610 [ps], E=870.071 [MeV]
OPAL-X> * 08:59:02 Step    561 container[1] at 0.004 [um], t= 6.610 [ps], E=511.103 [keV]
OPAL-X> * 08:59:02 Step    561 container[2] at 0.004 [um], t= 6.610 [ps], E=511.063 [keV]
OPAL-X> * 08:59:03 Step    562 container[0] at 1.983 [mm], t= 6.615 [ps], E=870.075 [MeV]
OPAL-X> * 08:59:03 Step    562 container[1] at 0.004 [um], t= 6.615 [ps], E=511.104 [keV]
OPAL-X> * 08:59:03 Step    562 container[2] at 0.004 [um], t= 6.615 [ps], E=511.064 [keV]
OPAL-X> * 08:59:03 Step    563 container[0] at 1.985 [mm], t= 6.620 [ps], E=870.078 [MeV]
OPAL-X> * 08:59:03 Step    563 container[1] at 0.004 [um], t= 6.620 [ps], E=511.104 [keV]
OPAL-X> * 08:59:03 Step    563 container[2] at 0.004 [um], t= 6.620 [ps], E=511.064 [keV]
OPAL-X> * 08:59:03 Step    564 container[0] at 1.986 [mm], t= 6.625 [ps], E=870.082 [MeV]
OPAL-X> * 08:59:03 Step    564 container[1] at 0.004 [um], t= 6.625 [ps], E=511.105 [keV]
OPAL-X> * 08:59:03 Step    564 container[2] at 0.004 [um], t= 6.625 [ps], E=511.064 [keV]
OPAL-X> * 08:59:03 Step    565 container[0] at 1.988 [mm], t= 6.630 [ps], E=870.085 [MeV]
OPAL-X> * 08:59:03 Step    565 container[1] at 0.004 [um], t= 6.630 [ps], E=511.105 [keV]
OPAL-X> * 08:59:03 Step    565 container[2] at 0.004 [um], t= 6.630 [ps], E=511.064 [keV]
OPAL-X> * 08:59:04 Step    566 container[0] at 1.989 [mm], t= 6.635 [ps], E=870.089 [MeV]
OPAL-X> * 08:59:04 Step    566 container[1] at 0.004 [um], t= 6.635 [ps], E=511.106 [keV]
OPAL-X> * 08:59:04 Step    566 container[2] at 0.004 [um], t= 6.635 [ps], E=511.064 [keV]
OPAL-X> * 08:59:04 Step    567 container[0] at 1.991 [mm], t= 6.640 [ps], E=870.092 [MeV]
OPAL-X> * 08:59:04 Step    567 container[1] at 0.004 [um], t= 6.640 [ps], E=511.106 [keV]
OPAL-X> * 08:59:04 Step    567 container[2] at 0.004 [um], t= 6.640 [ps], E=511.064 [keV]
OPAL-X> * 08:59:04 Step    568 container[0] at 1.992 [mm], t= 6.645 [ps], E=870.096 [MeV]
OPAL-X> * 08:59:04 Step    568 container[1] at 0.004 [um], t= 6.645 [ps], E=511.107 [keV]
OPAL-X> * 08:59:04 Step    568 container[2] at 0.004 [um], t= 6.645 [ps], E=511.065 [keV]
OPAL-X> * 08:59:05 Step    569 container[0] at 1.994 [mm], t= 6.650 [ps], E=870.099 [MeV]
OPAL-X> * 08:59:05 Step    569 container[1] at 0.004 [um], t= 6.650 [ps], E=511.107 [keV]
OPAL-X> * 08:59:05 Step    569 container[2] at 0.004 [um], t= 6.650 [ps], E=511.065 [keV]
OPAL-X> * 08:59:05 Step    570 container[0] at 1.995 [mm], t= 6.655 [ps], E=870.103 [MeV]
OPAL-X> * 08:59:05 Step    570 container[1] at 0.004 [um], t= 6.655 [ps], E=511.108 [keV]
OPAL-X> * 08:59:05 Step    570 container[2] at 0.004 [um], t= 6.655 [ps], E=511.065 [keV]
OPAL-X> * 08:59:05 Step    571 container[0] at 1.997 [mm], t= 6.660 [ps], E=870.106 [MeV]
OPAL-X> * 08:59:05 Step    571 container[1] at 0.004 [um], t= 6.660 [ps], E=511.108 [keV]
OPAL-X> * 08:59:05 Step    571 container[2] at 0.004 [um], t= 6.660 [ps], E=511.065 [keV]
OPAL-X> * 08:59:05 Step    572 container[0] at 1.998 [mm], t= 6.665 [ps], E=870.110 [MeV]
OPAL-X> * 08:59:05 Step    572 container[1] at 0.004 [um], t= 6.665 [ps], E=511.109 [keV]
OPAL-X> * 08:59:05 Step    572 container[2] at 0.004 [um], t= 6.665 [ps], E=511.065 [keV]
OPAL-X> * 08:59:06 Step    573 container[0] at 2.000 [mm], t= 6.670 [ps], E=870.113 [MeV]
OPAL-X> * 08:59:06 Step    573 container[1] at 0.004 [um], t= 6.670 [ps], E=511.109 [keV]
OPAL-X> * 08:59:06 Step    573 container[2] at 0.004 [um], t= 6.670 [ps], E=511.066 [keV]
OPAL-X> * 08:59:06 Step    574 container[0] at 2.001 [mm], t= 6.675 [ps], E=870.117 [MeV]
OPAL-X> * 08:59:06 Step    574 container[1] at 0.004 [um], t= 6.675 [ps], E=511.110 [keV]
OPAL-X> * 08:59:06 Step    574 container[2] at 0.004 [um], t= 6.675 [ps], E=511.066 [keV]
OPAL-X> * 08:59:06 Step    575 container[0] at 2.003 [mm], t= 6.680 [ps], E=870.120 [MeV]
OPAL-X> * 08:59:06 Step    575 container[1] at 0.004 [um], t= 6.680 [ps], E=511.111 [keV]
OPAL-X> * 08:59:06 Step    575 container[2] at 0.004 [um], t= 6.680 [ps], E=511.066 [keV]
OPAL-X> * 08:59:06 Step    576 container[0] at 2.004 [mm], t= 6.685 [ps], E=870.123 [MeV]
OPAL-X> * 08:59:06 Step    576 container[1] at 0.004 [um], t= 6.685 [ps], E=511.111 [keV]
OPAL-X> * 08:59:06 Step    576 container[2] at 0.004 [um], t= 6.685 [ps], E=511.066 [keV]
OPAL-X> * 08:59:07 Step    577 container[0] at 2.006 [mm], t= 6.690 [ps], E=870.127 [MeV]
OPAL-X> * 08:59:07 Step    577 container[1] at 0.004 [um], t= 6.690 [ps], E=511.112 [keV]
OPAL-X> * 08:59:07 Step    577 container[2] at 0.004 [um], t= 6.690 [ps], E=511.066 [keV]
OPAL-X> * 08:59:07 Step    578 container[0] at 2.007 [mm], t= 6.695 [ps], E=870.130 [MeV]
OPAL-X> * 08:59:07 Step    578 container[1] at 0.004 [um], t= 6.695 [ps], E=511.112 [keV]
OPAL-X> * 08:59:07 Step    578 container[2] at 0.004 [um], t= 6.695 [ps], E=511.067 [keV]
OPAL-X> * 08:59:07 Step    579 container[0] at 2.009 [mm], t= 6.700 [ps], E=870.134 [MeV]
OPAL-X> * 08:59:07 Step    579 container[1] at 0.004 [um], t= 6.700 [ps], E=511.113 [keV]
OPAL-X> * 08:59:07 Step    579 container[2] at 0.004 [um], t= 6.700 [ps], E=511.067 [keV]
OPAL-X> * 08:59:08 Step    580 container[0] at 2.010 [mm], t= 6.705 [ps], E=870.137 [MeV]
OPAL-X> * 08:59:08 Step    580 container[1] at 0.004 [um], t= 6.705 [ps], E=511.113 [keV]
OPAL-X> * 08:59:08 Step    580 container[2] at 0.004 [um], t= 6.705 [ps], E=511.067 [keV]
OPAL-X> * 08:59:08 Step    581 container[0] at 2.012 [mm], t= 6.710 [ps], E=870.141 [MeV]
OPAL-X> * 08:59:08 Step    581 container[1] at 0.004 [um], t= 6.710 [ps], E=511.114 [keV]
OPAL-X> * 08:59:08 Step    581 container[2] at 0.004 [um], t= 6.710 [ps], E=511.067 [keV]
OPAL-X> * 08:59:08 Step    582 container[0] at 2.013 [mm], t= 6.715 [ps], E=870.144 [MeV]
OPAL-X> * 08:59:08 Step    582 container[1] at 0.004 [um], t= 6.715 [ps], E=511.114 [keV]
OPAL-X> * 08:59:08 Step    582 container[2] at 0.004 [um], t= 6.715 [ps], E=511.067 [keV]
OPAL-X> * 08:59:08 Step    583 container[0] at 2.015 [mm], t= 6.720 [ps], E=870.148 [MeV]
OPAL-X> * 08:59:08 Step    583 container[1] at 0.004 [um], t= 6.720 [ps], E=511.115 [keV]
OPAL-X> * 08:59:08 Step    583 container[2] at 0.004 [um], t= 6.720 [ps], E=511.068 [keV]
OPAL-X> * 08:59:09 Step    584 container[0] at 2.016 [mm], t= 6.725 [ps], E=870.151 [MeV]
OPAL-X> * 08:59:09 Step    584 container[1] at 0.004 [um], t= 6.725 [ps], E=511.115 [keV]
OPAL-X> * 08:59:09 Step    584 container[2] at 0.004 [um], t= 6.725 [ps], E=511.068 [keV]
OPAL-X> * 08:59:09 Step    585 container[0] at 2.018 [mm], t= 6.730 [ps], E=870.154 [MeV]
OPAL-X> * 08:59:09 Step    585 container[1] at 0.004 [um], t= 6.730 [ps], E=511.116 [keV]
OPAL-X> * 08:59:09 Step    585 container[2] at 0.004 [um], t= 6.730 [ps], E=511.068 [keV]
OPAL-X> * 08:59:09 Step    586 container[0] at 2.019 [mm], t= 6.735 [ps], E=870.158 [MeV]
OPAL-X> * 08:59:09 Step    586 container[1] at 0.004 [um], t= 6.735 [ps], E=511.117 [keV]
OPAL-X> * 08:59:09 Step    586 container[2] at 0.004 [um], t= 6.735 [ps], E=511.068 [keV]
OPAL-X> * 08:59:09 Step    587 container[0] at 2.021 [mm], t= 6.740 [ps], E=870.161 [MeV]
OPAL-X> * 08:59:09 Step    587 container[1] at 0.004 [um], t= 6.740 [ps], E=511.117 [keV]
OPAL-X> * 08:59:09 Step    587 container[2] at 0.004 [um], t= 6.740 [ps], E=511.069 [keV]
OPAL-X> * 08:59:10 Step    588 container[0] at 2.022 [mm], t= 6.745 [ps], E=870.165 [MeV]
OPAL-X> * 08:59:10 Step    588 container[1] at 0.004 [um], t= 6.745 [ps], E=511.118 [keV]
OPAL-X> * 08:59:10 Step    588 container[2] at 0.004 [um], t= 6.745 [ps], E=511.069 [keV]
OPAL-X> * 08:59:10 Step    589 container[0] at 2.024 [mm], t= 6.750 [ps], E=870.168 [MeV]
OPAL-X> * 08:59:10 Step    589 container[1] at 0.004 [um], t= 6.750 [ps], E=511.118 [keV]
OPAL-X> * 08:59:10 Step    589 container[2] at 0.004 [um], t= 6.750 [ps], E=511.069 [keV]
OPAL-X> * 08:59:10 Step    590 container[0] at 2.025 [mm], t= 6.755 [ps], E=870.172 [MeV]
OPAL-X> * 08:59:10 Step    590 container[1] at 0.004 [um], t= 6.755 [ps], E=511.119 [keV]
OPAL-X> * 08:59:10 Step    590 container[2] at 0.004 [um], t= 6.755 [ps], E=511.069 [keV]
OPAL-X> * 08:59:11 Step    591 container[0] at 2.027 [mm], t= 6.760 [ps], E=870.175 [MeV]
OPAL-X> * 08:59:11 Step    591 container[1] at 0.004 [um], t= 6.760 [ps], E=511.119 [keV]
OPAL-X> * 08:59:11 Step    591 container[2] at 0.004 [um], t= 6.760 [ps], E=511.069 [keV]
OPAL-X> * 08:59:11 Step    592 container[0] at 2.028 [mm], t= 6.765 [ps], E=870.178 [MeV]
OPAL-X> * 08:59:11 Step    592 container[1] at 0.004 [um], t= 6.765 [ps], E=511.120 [keV]
OPAL-X> * 08:59:11 Step    592 container[2] at 0.004 [um], t= 6.765 [ps], E=511.070 [keV]
OPAL-X> * 08:59:11 Step    593 container[0] at 2.030 [mm], t= 6.770 [ps], E=870.182 [MeV]
OPAL-X> * 08:59:11 Step    593 container[1] at 0.004 [um], t= 6.770 [ps], E=511.121 [keV]
OPAL-X> * 08:59:11 Step    593 container[2] at 0.004 [um], t= 6.770 [ps], E=511.070 [keV]
OPAL-X> * 08:59:11 Step    594 container[0] at 2.031 [mm], t= 6.775 [ps], E=870.185 [MeV]
OPAL-X> * 08:59:11 Step    594 container[1] at 0.004 [um], t= 6.775 [ps], E=511.121 [keV]
OPAL-X> * 08:59:11 Step    594 container[2] at 0.004 [um], t= 6.775 [ps], E=511.070 [keV]
OPAL-X> * 08:59:12 Step    595 container[0] at 2.033 [mm], t= 6.780 [ps], E=870.188 [MeV]
OPAL-X> * 08:59:12 Step    595 container[1] at 0.004 [um], t= 6.780 [ps], E=511.122 [keV]
OPAL-X> * 08:59:12 Step    595 container[2] at 0.004 [um], t= 6.780 [ps], E=511.070 [keV]
OPAL-X> * 08:59:12 Step    596 container[0] at 2.034 [mm], t= 6.785 [ps], E=870.192 [MeV]
OPAL-X> * 08:59:12 Step    596 container[1] at 0.004 [um], t= 6.785 [ps], E=511.122 [keV]
OPAL-X> * 08:59:12 Step    596 container[2] at 0.004 [um], t= 6.785 [ps], E=511.071 [keV]
OPAL-X> * 08:59:12 Step    597 container[0] at 2.036 [mm], t= 6.790 [ps], E=870.195 [MeV]
OPAL-X> * 08:59:12 Step    597 container[1] at 0.004 [um], t= 6.790 [ps], E=511.123 [keV]
OPAL-X> * 08:59:12 Step    597 container[2] at 0.004 [um], t= 6.790 [ps], E=511.071 [keV]
OPAL-X> * 08:59:12 Step    598 container[0] at 2.037 [mm], t= 6.795 [ps], E=870.199 [MeV]
OPAL-X> * 08:59:12 Step    598 container[1] at 0.004 [um], t= 6.795 [ps], E=511.124 [keV]
OPAL-X> * 08:59:12 Step    598 container[2] at 0.004 [um], t= 6.795 [ps], E=511.071 [keV]
OPAL-X> * 08:59:13 Step    599 container[0] at 2.039 [mm], t= 6.800 [ps], E=870.202 [MeV]
OPAL-X> * 08:59:13 Step    599 container[1] at 0.004 [um], t= 6.800 [ps], E=511.124 [keV]
OPAL-X> * 08:59:13 Step    599 container[2] at 0.004 [um], t= 6.800 [ps], E=511.071 [keV]
OPAL-X> * 08:59:13 Step    600 container[0] at 2.040 [mm], t= 6.805 [ps], E=870.205 [MeV]
OPAL-X> * 08:59:13 Step    600 container[1] at 0.004 [um], t= 6.805 [ps], E=511.125 [keV]
OPAL-X> * 08:59:13 Step    600 container[2] at 0.004 [um], t= 6.805 [ps], E=511.072 [keV]
OPAL-X> * 08:59:13 Step    601 container[0] at 2.042 [mm], t= 6.810 [ps], E=870.209 [MeV]
OPAL-X> * 08:59:13 Step    601 container[1] at 0.004 [um], t= 6.810 [ps], E=511.125 [keV]
OPAL-X> * 08:59:13 Step    601 container[2] at 0.004 [um], t= 6.810 [ps], E=511.072 [keV]
OPAL-X> * 08:59:14 Step    602 container[0] at 2.043 [mm], t= 6.815 [ps], E=870.212 [MeV]
OPAL-X> * 08:59:14 Step    602 container[1] at 0.004 [um], t= 6.815 [ps], E=511.126 [keV]
OPAL-X> * 08:59:14 Step    602 container[2] at 0.004 [um], t= 6.815 [ps], E=511.072 [keV]
OPAL-X> * 08:59:14 Step    603 container[0] at 2.045 [mm], t= 6.820 [ps], E=870.215 [MeV]
OPAL-X> * 08:59:14 Step    603 container[1] at 0.004 [um], t= 6.820 [ps], E=511.127 [keV]
OPAL-X> * 08:59:14 Step    603 container[2] at 0.004 [um], t= 6.820 [ps], E=511.072 [keV]
OPAL-X> * 08:59:14 Step    604 container[0] at 2.046 [mm], t= 6.825 [ps], E=870.219 [MeV]
OPAL-X> * 08:59:14 Step    604 container[1] at 0.004 [um], t= 6.825 [ps], E=511.127 [keV]
OPAL-X> * 08:59:14 Step    604 container[2] at 0.004 [um], t= 6.825 [ps], E=511.073 [keV]
OPAL-X> * 08:59:14 Step    605 container[0] at 2.048 [mm], t= 6.830 [ps], E=870.222 [MeV]
OPAL-X> * 08:59:14 Step    605 container[1] at 0.004 [um], t= 6.830 [ps], E=511.128 [keV]
OPAL-X> * 08:59:14 Step    605 container[2] at 0.004 [um], t= 6.830 [ps], E=511.073 [keV]
OPAL-X> * 08:59:15 Step    606 container[0] at 2.049 [mm], t= 6.835 [ps], E=870.225 [MeV]
OPAL-X> * 08:59:15 Step    606 container[1] at 0.004 [um], t= 6.835 [ps], E=511.128 [keV]
OPAL-X> * 08:59:15 Step    606 container[2] at 0.004 [um], t= 6.835 [ps], E=511.073 [keV]
OPAL-X> * 08:59:15 Step    607 container[0] at 2.051 [mm], t= 6.840 [ps], E=870.229 [MeV]
OPAL-X> * 08:59:15 Step    607 container[1] at 0.004 [um], t= 6.840 [ps], E=511.129 [keV]
OPAL-X> * 08:59:15 Step    607 container[2] at 0.004 [um], t= 6.840 [ps], E=511.074 [keV]
OPAL-X> * 08:59:15 Step    608 container[0] at 2.052 [mm], t= 6.845 [ps], E=870.232 [MeV]
OPAL-X> * 08:59:15 Step    608 container[1] at 0.004 [um], t= 6.845 [ps], E=511.130 [keV]
OPAL-X> * 08:59:15 Step    608 container[2] at 0.004 [um], t= 6.845 [ps], E=511.074 [keV]
OPAL-X> * 08:59:16 Step    609 container[0] at 2.054 [mm], t= 6.850 [ps], E=870.235 [MeV]
OPAL-X> * 08:59:16 Step    609 container[1] at 0.004 [um], t= 6.850 [ps], E=511.130 [keV]
OPAL-X> * 08:59:16 Step    609 container[2] at 0.004 [um], t= 6.850 [ps], E=511.074 [keV]
OPAL-X> * 08:59:16 Step    610 container[0] at 2.055 [mm], t= 6.855 [ps], E=870.239 [MeV]
OPAL-X> * 08:59:16 Step    610 container[1] at 0.004 [um], t= 6.855 [ps], E=511.131 [keV]
OPAL-X> * 08:59:16 Step    610 container[2] at 0.004 [um], t= 6.855 [ps], E=511.074 [keV]
OPAL-X> * 08:59:16 Step    611 container[0] at 2.057 [mm], t= 6.860 [ps], E=870.242 [MeV]
OPAL-X> * 08:59:16 Step    611 container[1] at 0.004 [um], t= 6.860 [ps], E=511.132 [keV]
OPAL-X> * 08:59:16 Step    611 container[2] at 0.004 [um], t= 6.860 [ps], E=511.075 [keV]
OPAL-X> * 08:59:16 Step    612 container[0] at 2.058 [mm], t= 6.865 [ps], E=870.245 [MeV]
OPAL-X> * 08:59:16 Step    612 container[1] at 0.004 [um], t= 6.865 [ps], E=511.132 [keV]
OPAL-X> * 08:59:16 Step    612 container[2] at 0.004 [um], t= 6.865 [ps], E=511.075 [keV]
OPAL-X> * 08:59:17 Step    613 container[0] at 2.060 [mm], t= 6.870 [ps], E=870.249 [MeV]
OPAL-X> * 08:59:17 Step    613 container[1] at 0.004 [um], t= 6.870 [ps], E=511.133 [keV]
OPAL-X> * 08:59:17 Step    613 container[2] at 0.004 [um], t= 6.870 [ps], E=511.075 [keV]
OPAL-X> * 08:59:17 Step    614 container[0] at 2.061 [mm], t= 6.875 [ps], E=870.252 [MeV]
OPAL-X> * 08:59:17 Step    614 container[1] at 0.004 [um], t= 6.875 [ps], E=511.133 [keV]
OPAL-X> * 08:59:17 Step    614 container[2] at 0.004 [um], t= 6.875 [ps], E=511.076 [keV]
OPAL-X> * 08:59:17 Step    615 container[0] at 2.063 [mm], t= 6.880 [ps], E=870.255 [MeV]
OPAL-X> * 08:59:17 Step    615 container[1] at 0.004 [um], t= 6.880 [ps], E=511.134 [keV]
OPAL-X> * 08:59:17 Step    615 container[2] at 0.004 [um], t= 6.880 [ps], E=511.076 [keV]
OPAL-X> * 08:59:17 Step    616 container[0] at 2.064 [mm], t= 6.885 [ps], E=870.258 [MeV]
OPAL-X> * 08:59:17 Step    616 container[1] at 0.004 [um], t= 6.885 [ps], E=511.135 [keV]
OPAL-X> * 08:59:17 Step    616 container[2] at 0.004 [um], t= 6.885 [ps], E=511.076 [keV]
OPAL-X> * 08:59:18 Step    617 container[0] at 2.066 [mm], t= 6.890 [ps], E=870.262 [MeV]
OPAL-X> * 08:59:18 Step    617 container[1] at 0.004 [um], t= 6.890 [ps], E=511.135 [keV]
OPAL-X> * 08:59:18 Step    617 container[2] at 0.004 [um], t= 6.890 [ps], E=511.076 [keV]
OPAL-X> * 08:59:18 Step    618 container[0] at 2.067 [mm], t= 6.895 [ps], E=870.265 [MeV]
OPAL-X> * 08:59:18 Step    618 container[1] at 0.004 [um], t= 6.895 [ps], E=511.136 [keV]
OPAL-X> * 08:59:18 Step    618 container[2] at 0.004 [um], t= 6.895 [ps], E=511.077 [keV]
OPAL-X> * 08:59:18 Step    619 container[0] at 2.069 [mm], t= 6.900 [ps], E=870.268 [MeV]
OPAL-X> * 08:59:18 Step    619 container[1] at 0.004 [um], t= 6.900 [ps], E=511.137 [keV]
OPAL-X> * 08:59:18 Step    619 container[2] at 0.004 [um], t= 6.900 [ps], E=511.077 [keV]
OPAL-X> * 08:59:19 Step    620 container[0] at 2.070 [mm], t= 6.905 [ps], E=870.272 [MeV]
OPAL-X> * 08:59:19 Step    620 container[1] at 0.004 [um], t= 6.905 [ps], E=511.137 [keV]
OPAL-X> * 08:59:19 Step    620 container[2] at 0.004 [um], t= 6.905 [ps], E=511.077 [keV]
OPAL-X> * 08:59:19 Step    621 container[0] at 2.072 [mm], t= 6.910 [ps], E=870.275 [MeV]
OPAL-X> * 08:59:19 Step    621 container[1] at 0.004 [um], t= 6.910 [ps], E=511.138 [keV]
OPAL-X> * 08:59:19 Step    621 container[2] at 0.004 [um], t= 6.910 [ps], E=511.078 [keV]
OPAL-X> * 08:59:19 Step    622 container[0] at 2.073 [mm], t= 6.915 [ps], E=870.278 [MeV]
OPAL-X> * 08:59:19 Step    622 container[1] at 0.004 [um], t= 6.915 [ps], E=511.139 [keV]
OPAL-X> * 08:59:19 Step    622 container[2] at 0.004 [um], t= 6.915 [ps], E=511.078 [keV]
OPAL-X> * 08:59:19 Step    623 container[0] at 2.075 [mm], t= 6.920 [ps], E=870.281 [MeV]
OPAL-X> * 08:59:19 Step    623 container[1] at 0.004 [um], t= 6.920 [ps], E=511.139 [keV]
OPAL-X> * 08:59:19 Step    623 container[2] at 0.004 [um], t= 6.920 [ps], E=511.078 [keV]
OPAL-X> * 08:59:20 Step    624 container[0] at 2.076 [mm], t= 6.925 [ps], E=870.285 [MeV]
OPAL-X> * 08:59:20 Step    624 container[1] at 0.004 [um], t= 6.925 [ps], E=511.140 [keV]
OPAL-X> * 08:59:20 Step    624 container[2] at 0.004 [um], t= 6.925 [ps], E=511.079 [keV]
OPAL-X> * 08:59:20 Step    625 container[0] at 2.078 [mm], t= 6.930 [ps], E=870.288 [MeV]
OPAL-X> * 08:59:20 Step    625 container[1] at 0.004 [um], t= 6.930 [ps], E=511.140 [keV]
OPAL-X> * 08:59:20 Step    625 container[2] at 0.004 [um], t= 6.930 [ps], E=511.079 [keV]
OPAL-X> * 08:59:20 Step    626 container[0] at 2.079 [mm], t= 6.935 [ps], E=870.291 [MeV]
OPAL-X> * 08:59:20 Step    626 container[1] at 0.004 [um], t= 6.935 [ps], E=511.141 [keV]
OPAL-X> * 08:59:20 Step    626 container[2] at 0.004 [um], t= 6.935 [ps], E=511.079 [keV]
OPAL-X> * 08:59:20 Step    627 container[0] at 2.081 [mm], t= 6.940 [ps], E=870.294 [MeV]
OPAL-X> * 08:59:20 Step    627 container[1] at 0.004 [um], t= 6.940 [ps], E=511.142 [keV]
OPAL-X> * 08:59:20 Step    627 container[2] at 0.004 [um], t= 6.940 [ps], E=511.080 [keV]
OPAL-X> * 08:59:21 Step    628 container[0] at 2.082 [mm], t= 6.945 [ps], E=870.298 [MeV]
OPAL-X> * 08:59:21 Step    628 container[1] at 0.004 [um], t= 6.945 [ps], E=511.142 [keV]
OPAL-X> * 08:59:21 Step    628 container[2] at 0.004 [um], t= 6.945 [ps], E=511.080 [keV]
OPAL-X> * 08:59:21 Step    629 container[0] at 2.084 [mm], t= 6.950 [ps], E=870.301 [MeV]
OPAL-X> * 08:59:21 Step    629 container[1] at 0.004 [um], t= 6.950 [ps], E=511.143 [keV]
OPAL-X> * 08:59:21 Step    629 container[2] at 0.004 [um], t= 6.950 [ps], E=511.080 [keV]
OPAL-X> * 08:59:21 Step    630 container[0] at 2.085 [mm], t= 6.955 [ps], E=870.304 [MeV]
OPAL-X> * 08:59:21 Step    630 container[1] at 0.004 [um], t= 6.955 [ps], E=511.144 [keV]
OPAL-X> * 08:59:21 Step    630 container[2] at 0.004 [um], t= 6.955 [ps], E=511.080 [keV]
OPAL-X> * 08:59:22 Step    631 container[0] at 2.087 [mm], t= 6.960 [ps], E=870.307 [MeV]
OPAL-X> * 08:59:22 Step    631 container[1] at 0.004 [um], t= 6.960 [ps], E=511.144 [keV]
OPAL-X> * 08:59:22 Step    631 container[2] at 0.004 [um], t= 6.960 [ps], E=511.081 [keV]
OPAL-X> * 08:59:22 Step    632 container[0] at 2.088 [mm], t= 6.965 [ps], E=870.310 [MeV]
OPAL-X> * 08:59:22 Step    632 container[1] at 0.004 [um], t= 6.965 [ps], E=511.145 [keV]
OPAL-X> * 08:59:22 Step    632 container[2] at 0.004 [um], t= 6.965 [ps], E=511.081 [keV]
OPAL-X> * 08:59:22 Step    633 container[0] at 2.090 [mm], t= 6.970 [ps], E=870.314 [MeV]
OPAL-X> * 08:59:22 Step    633 container[1] at 0.004 [um], t= 6.970 [ps], E=511.146 [keV]
OPAL-X> * 08:59:22 Step    633 container[2] at 0.004 [um], t= 6.970 [ps], E=511.081 [keV]
OPAL-X> * 08:59:22 Step    634 container[0] at 2.091 [mm], t= 6.975 [ps], E=870.317 [MeV]
OPAL-X> * 08:59:22 Step    634 container[1] at 0.004 [um], t= 6.975 [ps], E=511.146 [keV]
OPAL-X> * 08:59:22 Step    634 container[2] at 0.004 [um], t= 6.975 [ps], E=511.082 [keV]
OPAL-X> * 08:59:23 Step    635 container[0] at 2.093 [mm], t= 6.980 [ps], E=870.320 [MeV]
OPAL-X> * 08:59:23 Step    635 container[1] at 0.004 [um], t= 6.980 [ps], E=511.147 [keV]
OPAL-X> * 08:59:23 Step    635 container[2] at 0.004 [um], t= 6.980 [ps], E=511.082 [keV]
OPAL-X> * 08:59:23 Step    636 container[0] at 2.094 [mm], t= 6.985 [ps], E=870.323 [MeV]
OPAL-X> * 08:59:23 Step    636 container[1] at 0.004 [um], t= 6.985 [ps], E=511.148 [keV]
OPAL-X> * 08:59:23 Step    636 container[2] at 0.004 [um], t= 6.985 [ps], E=511.082 [keV]
OPAL-X> * 08:59:23 Step    637 container[0] at 2.096 [mm], t= 6.990 [ps], E=870.326 [MeV]
OPAL-X> * 08:59:23 Step    637 container[1] at 0.004 [um], t= 6.990 [ps], E=511.148 [keV]
OPAL-X> * 08:59:23 Step    637 container[2] at 0.004 [um], t= 6.990 [ps], E=511.083 [keV]
OPAL-X> * 08:59:23 Step    638 container[0] at 2.097 [mm], t= 6.995 [ps], E=870.330 [MeV]
OPAL-X> * 08:59:23 Step    638 container[1] at 0.004 [um], t= 6.995 [ps], E=511.149 [keV]
OPAL-X> * 08:59:23 Step    638 container[2] at 0.004 [um], t= 6.995 [ps], E=511.083 [keV]
OPAL-X> * 08:59:24 Step    639 container[0] at 2.099 [mm], t= 7.000 [ps], E=870.333 [MeV]
OPAL-X> * 08:59:24 Step    639 container[1] at 0.004 [um], t= 7.000 [ps], E=511.150 [keV]
OPAL-X> * 08:59:24 Step    639 container[2] at 0.004 [um], t= 7.000 [ps], E=511.084 [keV]
OPAL-X> * 08:59:24 Step    640 container[0] at 2.100 [mm], t= 7.005 [ps], E=870.336 [MeV]
OPAL-X> * 08:59:24 Step    640 container[1] at 0.004 [um], t= 7.005 [ps], E=511.150 [keV]
OPAL-X> * 08:59:24 Step    640 container[2] at 0.004 [um], t= 7.005 [ps], E=511.084 [keV]
OPAL-X> * 08:59:24 Step    641 container[0] at 2.102 [mm], t= 7.010 [ps], E=870.339 [MeV]
OPAL-X> * 08:59:24 Step    641 container[1] at 0.004 [um], t= 7.010 [ps], E=511.151 [keV]
OPAL-X> * 08:59:24 Step    641 container[2] at 0.004 [um], t= 7.010 [ps], E=511.084 [keV]
OPAL-X> * 08:59:24 Step    642 container[0] at 2.103 [mm], t= 7.015 [ps], E=870.342 [MeV]
OPAL-X> * 08:59:24 Step    642 container[1] at 0.004 [um], t= 7.015 [ps], E=511.152 [keV]
OPAL-X> * 08:59:24 Step    642 container[2] at 0.004 [um], t= 7.015 [ps], E=511.085 [keV]
OPAL-X> * 08:59:25 Step    643 container[0] at 2.105 [mm], t= 7.020 [ps], E=870.346 [MeV]
OPAL-X> * 08:59:25 Step    643 container[1] at 0.004 [um], t= 7.020 [ps], E=511.152 [keV]
OPAL-X> * 08:59:25 Step    643 container[2] at 0.004 [um], t= 7.020 [ps], E=511.085 [keV]
OPAL-X> * 08:59:25 Step    644 container[0] at 2.106 [mm], t= 7.025 [ps], E=870.349 [MeV]
OPAL-X> * 08:59:25 Step    644 container[1] at 0.004 [um], t= 7.025 [ps], E=511.153 [keV]
OPAL-X> * 08:59:25 Step    644 container[2] at 0.004 [um], t= 7.025 [ps], E=511.085 [keV]
OPAL-X> * 08:59:25 Step    645 container[0] at 2.108 [mm], t= 7.030 [ps], E=870.352 [MeV]
OPAL-X> * 08:59:25 Step    645 container[1] at 0.004 [um], t= 7.030 [ps], E=511.154 [keV]
OPAL-X> * 08:59:25 Step    645 container[2] at 0.004 [um], t= 7.030 [ps], E=511.086 [keV]
OPAL-X> * 08:59:26 Step    646 container[0] at 2.109 [mm], t= 7.035 [ps], E=870.355 [MeV]
OPAL-X> * 08:59:26 Step    646 container[1] at 0.004 [um], t= 7.035 [ps], E=511.154 [keV]
OPAL-X> * 08:59:26 Step    646 container[2] at 0.004 [um], t= 7.035 [ps], E=511.086 [keV]
OPAL-X> * 08:59:26 Step    647 container[0] at 2.111 [mm], t= 7.040 [ps], E=870.358 [MeV]
OPAL-X> * 08:59:26 Step    647 container[1] at 0.004 [um], t= 7.040 [ps], E=511.155 [keV]
OPAL-X> * 08:59:26 Step    647 container[2] at 0.004 [um], t= 7.040 [ps], E=511.086 [keV]
OPAL-X> * 08:59:26 Step    648 container[0] at 2.112 [mm], t= 7.045 [ps], E=870.361 [MeV]
OPAL-X> * 08:59:26 Step    648 container[1] at 0.004 [um], t= 7.045 [ps], E=511.155 [keV]
OPAL-X> * 08:59:26 Step    648 container[2] at 0.004 [um], t= 7.045 [ps], E=511.087 [keV]
OPAL-X> * 08:59:26 Step    649 container[0] at 2.114 [mm], t= 7.050 [ps], E=870.365 [MeV]
OPAL-X> * 08:59:26 Step    649 container[1] at 0.004 [um], t= 7.050 [ps], E=511.156 [keV]
OPAL-X> * 08:59:26 Step    649 container[2] at 0.004 [um], t= 7.050 [ps], E=511.087 [keV]
OPAL-X> * 08:59:27 Step    650 container[0] at 2.115 [mm], t= 7.055 [ps], E=870.368 [MeV]
OPAL-X> * 08:59:27 Step    650 container[1] at 0.004 [um], t= 7.055 [ps], E=511.157 [keV]
OPAL-X> * 08:59:27 Step    650 container[2] at 0.004 [um], t= 7.055 [ps], E=511.087 [keV]
OPAL-X> * 08:59:27 Step    651 container[0] at 2.117 [mm], t= 7.060 [ps], E=870.371 [MeV]
OPAL-X> * 08:59:27 Step    651 container[1] at 0.004 [um], t= 7.060 [ps], E=511.157 [keV]
OPAL-X> * 08:59:27 Step    651 container[2] at 0.004 [um], t= 7.060 [ps], E=511.088 [keV]
OPAL-X> * 08:59:27 Step    652 container[0] at 2.118 [mm], t= 7.065 [ps], E=870.374 [MeV]
OPAL-X> * 08:59:27 Step    652 container[1] at 0.004 [um], t= 7.065 [ps], E=511.158 [keV]
OPAL-X> * 08:59:27 Step    652 container[2] at 0.004 [um], t= 7.065 [ps], E=511.088 [keV]
OPAL-X> * 08:59:27 Step    653 container[0] at 2.120 [mm], t= 7.070 [ps], E=870.377 [MeV]
OPAL-X> * 08:59:27 Step    653 container[1] at 0.004 [um], t= 7.070 [ps], E=511.159 [keV]
OPAL-X> * 08:59:27 Step    653 container[2] at 0.004 [um], t= 7.070 [ps], E=511.089 [keV]
OPAL-X> * 08:59:28 Step    654 container[0] at 2.121 [mm], t= 7.075 [ps], E=870.380 [MeV]
OPAL-X> * 08:59:28 Step    654 container[1] at 0.004 [um], t= 7.075 [ps], E=511.159 [keV]
OPAL-X> * 08:59:28 Step    654 container[2] at 0.004 [um], t= 7.075 [ps], E=511.089 [keV]
OPAL-X> * 08:59:28 Step    655 container[0] at 2.123 [mm], t= 7.080 [ps], E=870.383 [MeV]
OPAL-X> * 08:59:28 Step    655 container[1] at 0.004 [um], t= 7.080 [ps], E=511.160 [keV]
OPAL-X> * 08:59:28 Step    655 container[2] at 0.004 [um], t= 7.080 [ps], E=511.089 [keV]
OPAL-X> * 08:59:28 Step    656 container[0] at 2.124 [mm], t= 7.085 [ps], E=870.386 [MeV]
OPAL-X> * 08:59:28 Step    656 container[1] at 0.004 [um], t= 7.085 [ps], E=511.161 [keV]
OPAL-X> * 08:59:28 Step    656 container[2] at 0.004 [um], t= 7.085 [ps], E=511.090 [keV]
OPAL-X> * 08:59:28 Step    657 container[0] at 2.126 [mm], t= 7.090 [ps], E=870.390 [MeV]
OPAL-X> * 08:59:28 Step    657 container[1] at 0.004 [um], t= 7.090 [ps], E=511.161 [keV]
OPAL-X> * 08:59:28 Step    657 container[2] at 0.004 [um], t= 7.090 [ps], E=511.090 [keV]
OPAL-X> * 08:59:29 Step    658 container[0] at 2.127 [mm], t= 7.095 [ps], E=870.393 [MeV]
OPAL-X> * 08:59:29 Step    658 container[1] at 0.004 [um], t= 7.095 [ps], E=511.162 [keV]
OPAL-X> * 08:59:29 Step    658 container[2] at 0.004 [um], t= 7.095 [ps], E=511.090 [keV]
OPAL-X> * 08:59:29 Step    659 container[0] at 2.129 [mm], t= 7.100 [ps], E=870.396 [MeV]
OPAL-X> * 08:59:29 Step    659 container[1] at 0.004 [um], t= 7.100 [ps], E=511.163 [keV]
OPAL-X> * 08:59:29 Step    659 container[2] at 0.004 [um], t= 7.100 [ps], E=511.091 [keV]
OPAL-X> * 08:59:29 Step    660 container[0] at 2.130 [mm], t= 7.105 [ps], E=870.399 [MeV]
OPAL-X> * 08:59:29 Step    660 container[1] at 0.004 [um], t= 7.105 [ps], E=511.163 [keV]
OPAL-X> * 08:59:29 Step    660 container[2] at 0.004 [um], t= 7.105 [ps], E=511.091 [keV]
OPAL-X> * 08:59:30 Step    661 container[0] at 2.132 [mm], t= 7.110 [ps], E=870.402 [MeV]
OPAL-X> * 08:59:30 Step    661 container[1] at 0.004 [um], t= 7.110 [ps], E=511.164 [keV]
OPAL-X> * 08:59:30 Step    661 container[2] at 0.004 [um], t= 7.110 [ps], E=511.092 [keV]
OPAL-X> * 08:59:30 Step    662 container[0] at 2.133 [mm], t= 7.115 [ps], E=870.405 [MeV]
OPAL-X> * 08:59:30 Step    662 container[1] at 0.004 [um], t= 7.115 [ps], E=511.165 [keV]
OPAL-X> * 08:59:30 Step    662 container[2] at 0.004 [um], t= 7.115 [ps], E=511.092 [keV]
OPAL-X> * 08:59:30 Step    663 container[0] at 2.135 [mm], t= 7.120 [ps], E=870.408 [MeV]
OPAL-X> * 08:59:30 Step    663 container[1] at 0.004 [um], t= 7.120 [ps], E=511.165 [keV]
OPAL-X> * 08:59:30 Step    663 container[2] at 0.004 [um], t= 7.120 [ps], E=511.092 [keV]
OPAL-X> * 08:59:30 Step    664 container[0] at 2.136 [mm], t= 7.125 [ps], E=870.411 [MeV]
OPAL-X> * 08:59:30 Step    664 container[1] at 0.004 [um], t= 7.125 [ps], E=511.166 [keV]
OPAL-X> * 08:59:30 Step    664 container[2] at 0.004 [um], t= 7.125 [ps], E=511.093 [keV]
OPAL-X> * 08:59:31 Step    665 container[0] at 2.138 [mm], t= 7.130 [ps], E=870.414 [MeV]
OPAL-X> * 08:59:31 Step    665 container[1] at 0.004 [um], t= 7.130 [ps], E=511.167 [keV]
OPAL-X> * 08:59:31 Step    665 container[2] at 0.004 [um], t= 7.130 [ps], E=511.093 [keV]
OPAL-X> * 08:59:31 Step    666 container[0] at 2.139 [mm], t= 7.135 [ps], E=870.417 [MeV]
OPAL-X> * 08:59:31 Step    666 container[1] at 0.004 [um], t= 7.135 [ps], E=511.167 [keV]
OPAL-X> * 08:59:31 Step    666 container[2] at 0.004 [um], t= 7.135 [ps], E=511.094 [keV]
OPAL-X> * 08:59:31 Step    667 container[0] at 2.141 [mm], t= 7.140 [ps], E=870.420 [MeV]
OPAL-X> * 08:59:31 Step    667 container[1] at 0.004 [um], t= 7.140 [ps], E=511.168 [keV]
OPAL-X> * 08:59:31 Step    667 container[2] at 0.004 [um], t= 7.140 [ps], E=511.094 [keV]
OPAL-X> * 08:59:31 Step    668 container[0] at 2.142 [mm], t= 7.145 [ps], E=870.424 [MeV]
OPAL-X> * 08:59:31 Step    668 container[1] at 0.004 [um], t= 7.145 [ps], E=511.169 [keV]
OPAL-X> * 08:59:31 Step    668 container[2] at 0.004 [um], t= 7.145 [ps], E=511.094 [keV]
OPAL-X> * 08:59:32 Step    669 container[0] at 2.144 [mm], t= 7.150 [ps], E=870.427 [MeV]
OPAL-X> * 08:59:32 Step    669 container[1] at 0.004 [um], t= 7.150 [ps], E=511.169 [keV]
OPAL-X> * 08:59:32 Step    669 container[2] at 0.004 [um], t= 7.150 [ps], E=511.095 [keV]
OPAL-X> * 08:59:32 Step    670 container[0] at 2.145 [mm], t= 7.155 [ps], E=870.430 [MeV]
OPAL-X> * 08:59:32 Step    670 container[1] at 0.004 [um], t= 7.155 [ps], E=511.170 [keV]
OPAL-X> * 08:59:32 Step    670 container[2] at 0.004 [um], t= 7.155 [ps], E=511.095 [keV]
OPAL-X> * 08:59:32 Step    671 container[0] at 2.147 [mm], t= 7.160 [ps], E=870.433 [MeV]
OPAL-X> * 08:59:32 Step    671 container[1] at 0.004 [um], t= 7.160 [ps], E=511.170 [keV]
OPAL-X> * 08:59:32 Step    671 container[2] at 0.004 [um], t= 7.160 [ps], E=511.095 [keV]
OPAL-X> * 08:59:32 Step    672 container[0] at 2.148 [mm], t= 7.165 [ps], E=870.436 [MeV]
OPAL-X> * 08:59:32 Step    672 container[1] at 0.004 [um], t= 7.165 [ps], E=511.171 [keV]
OPAL-X> * 08:59:32 Step    672 container[2] at 0.004 [um], t= 7.165 [ps], E=511.096 [keV]
OPAL-X> * 08:59:33 Step    673 container[0] at 2.150 [mm], t= 7.170 [ps], E=870.439 [MeV]
OPAL-X> * 08:59:33 Step    673 container[1] at 0.004 [um], t= 7.170 [ps], E=511.172 [keV]
OPAL-X> * 08:59:33 Step    673 container[2] at 0.004 [um], t= 7.170 [ps], E=511.096 [keV]
OPAL-X> * 08:59:33 Step    674 container[0] at 2.151 [mm], t= 7.175 [ps], E=870.442 [MeV]
OPAL-X> * 08:59:33 Step    674 container[1] at 0.004 [um], t= 7.175 [ps], E=511.172 [keV]
OPAL-X> * 08:59:33 Step    674 container[2] at 0.004 [um], t= 7.175 [ps], E=511.097 [keV]
OPAL-X> * 08:59:33 Step    675 container[0] at 2.153 [mm], t= 7.180 [ps], E=870.445 [MeV]
OPAL-X> * 08:59:33 Step    675 container[1] at 0.004 [um], t= 7.180 [ps], E=511.173 [keV]
OPAL-X> * 08:59:33 Step    675 container[2] at 0.004 [um], t= 7.180 [ps], E=511.097 [keV]
OPAL-X> * 08:59:34 Step    676 container[0] at 2.154 [mm], t= 7.185 [ps], E=870.448 [MeV]
OPAL-X> * 08:59:34 Step    676 container[1] at 0.004 [um], t= 7.185 [ps], E=511.174 [keV]
OPAL-X> * 08:59:34 Step    676 container[2] at 0.004 [um], t= 7.185 [ps], E=511.097 [keV]
OPAL-X> * 08:59:34 Step    677 container[0] at 2.156 [mm], t= 7.190 [ps], E=870.451 [MeV]
OPAL-X> * 08:59:34 Step    677 container[1] at 0.004 [um], t= 7.190 [ps], E=511.174 [keV]
OPAL-X> * 08:59:34 Step    677 container[2] at 0.004 [um], t= 7.190 [ps], E=511.098 [keV]
OPAL-X> * 08:59:34 Step    678 container[0] at 2.157 [mm], t= 7.195 [ps], E=870.454 [MeV]
OPAL-X> * 08:59:34 Step    678 container[1] at 0.004 [um], t= 7.195 [ps], E=511.175 [keV]
OPAL-X> * 08:59:34 Step    678 container[2] at 0.004 [um], t= 7.195 [ps], E=511.098 [keV]
OPAL-X> * 08:59:34 Step    679 container[0] at 2.159 [mm], t= 7.200 [ps], E=870.457 [MeV]
OPAL-X> * 08:59:34 Step    679 container[1] at 0.004 [um], t= 7.200 [ps], E=511.176 [keV]
OPAL-X> * 08:59:34 Step    679 container[2] at 0.004 [um], t= 7.200 [ps], E=511.099 [keV]
OPAL-X> * 08:59:35 Step    680 container[0] at 2.160 [mm], t= 7.205 [ps], E=870.460 [MeV]
OPAL-X> * 08:59:35 Step    680 container[1] at 0.004 [um], t= 7.205 [ps], E=511.176 [keV]
OPAL-X> * 08:59:35 Step    680 container[2] at 0.004 [um], t= 7.205 [ps], E=511.099 [keV]
OPAL-X> * 08:59:35 Step    681 container[0] at 2.161 [mm], t= 7.210 [ps], E=870.463 [MeV]
OPAL-X> * 08:59:35 Step    681 container[1] at 0.004 [um], t= 7.210 [ps], E=511.177 [keV]
OPAL-X> * 08:59:35 Step    681 container[2] at 0.004 [um], t= 7.210 [ps], E=511.099 [keV]
OPAL-X> * 08:59:35 Step    682 container[0] at 2.163 [mm], t= 7.215 [ps], E=870.466 [MeV]
OPAL-X> * 08:59:35 Step    682 container[1] at 0.004 [um], t= 7.215 [ps], E=511.177 [keV]
OPAL-X> * 08:59:35 Step    682 container[2] at 0.004 [um], t= 7.215 [ps], E=511.100 [keV]
OPAL-X> * 08:59:35 Step    683 container[0] at 2.164 [mm], t= 7.220 [ps], E=870.469 [MeV]
OPAL-X> * 08:59:35 Step    683 container[1] at 0.004 [um], t= 7.220 [ps], E=511.178 [keV]
OPAL-X> * 08:59:35 Step    683 container[2] at 0.004 [um], t= 7.220 [ps], E=511.100 [keV]
OPAL-X> * 08:59:36 Step    684 container[0] at 2.166 [mm], t= 7.225 [ps], E=870.472 [MeV]
OPAL-X> * 08:59:36 Step    684 container[1] at 0.004 [um], t= 7.225 [ps], E=511.179 [keV]
OPAL-X> * 08:59:36 Step    684 container[2] at 0.004 [um], t= 7.225 [ps], E=511.101 [keV]
OPAL-X> * 08:59:36 Step    685 container[0] at 2.167 [mm], t= 7.230 [ps], E=870.475 [MeV]
OPAL-X> * 08:59:36 Step    685 container[1] at 0.004 [um], t= 7.230 [ps], E=511.179 [keV]
OPAL-X> * 08:59:36 Step    685 container[2] at 0.004 [um], t= 7.230 [ps], E=511.101 [keV]
OPAL-X> * 08:59:36 Step    686 container[0] at 2.169 [mm], t= 7.235 [ps], E=870.478 [MeV]
OPAL-X> * 08:59:36 Step    686 container[1] at 0.004 [um], t= 7.235 [ps], E=511.180 [keV]
OPAL-X> * 08:59:36 Step    686 container[2] at 0.004 [um], t= 7.235 [ps], E=511.101 [keV]
OPAL-X> * 08:59:36 Step    687 container[0] at 2.170 [mm], t= 7.240 [ps], E=870.481 [MeV]
OPAL-X> * 08:59:36 Step    687 container[1] at 0.004 [um], t= 7.240 [ps], E=511.181 [keV]
OPAL-X> * 08:59:36 Step    687 container[2] at 0.004 [um], t= 7.240 [ps], E=511.102 [keV]
OPAL-X> * 08:59:37 Step    688 container[0] at 2.172 [mm], t= 7.245 [ps], E=870.484 [MeV]
OPAL-X> * 08:59:37 Step    688 container[1] at 0.004 [um], t= 7.245 [ps], E=511.181 [keV]
OPAL-X> * 08:59:37 Step    688 container[2] at 0.004 [um], t= 7.245 [ps], E=511.102 [keV]
OPAL-X> * 08:59:37 Step    689 container[0] at 2.173 [mm], t= 7.250 [ps], E=870.487 [MeV]
OPAL-X> * 08:59:37 Step    689 container[1] at 0.004 [um], t= 7.250 [ps], E=511.182 [keV]
OPAL-X> * 08:59:37 Step    689 container[2] at 0.004 [um], t= 7.250 [ps], E=511.103 [keV]
OPAL-X> * 08:59:37 Step    690 container[0] at 2.175 [mm], t= 7.255 [ps], E=870.490 [MeV]
OPAL-X> * 08:59:37 Step    690 container[1] at 0.004 [um], t= 7.255 [ps], E=511.183 [keV]
OPAL-X> * 08:59:37 Step    690 container[2] at 0.004 [um], t= 7.255 [ps], E=511.103 [keV]
OPAL-X> * 08:59:38 Step    691 container[0] at 2.176 [mm], t= 7.260 [ps], E=870.493 [MeV]
OPAL-X> * 08:59:38 Step    691 container[1] at 0.004 [um], t= 7.260 [ps], E=511.183 [keV]
OPAL-X> * 08:59:38 Step    691 container[2] at 0.004 [um], t= 7.260 [ps], E=511.104 [keV]
OPAL-X> * 08:59:38 Step    692 container[0] at 2.178 [mm], t= 7.265 [ps], E=870.496 [MeV]
OPAL-X> * 08:59:38 Step    692 container[1] at 0.004 [um], t= 7.265 [ps], E=511.184 [keV]
OPAL-X> * 08:59:38 Step    692 container[2] at 0.004 [um], t= 7.265 [ps], E=511.104 [keV]
OPAL-X> * 08:59:38 Step    693 container[0] at 2.179 [mm], t= 7.270 [ps], E=870.499 [MeV]
OPAL-X> * 08:59:38 Step    693 container[1] at 0.004 [um], t= 7.270 [ps], E=511.184 [keV]
OPAL-X> * 08:59:38 Step    693 container[2] at 0.004 [um], t= 7.270 [ps], E=511.104 [keV]
OPAL-X> * 08:59:38 Step    694 container[0] at 2.181 [mm], t= 7.275 [ps], E=870.502 [MeV]
OPAL-X> * 08:59:38 Step    694 container[1] at 0.004 [um], t= 7.275 [ps], E=511.185 [keV]
OPAL-X> * 08:59:38 Step    694 container[2] at 0.004 [um], t= 7.275 [ps], E=511.105 [keV]
OPAL-X> * 08:59:39 Step    695 container[0] at 2.182 [mm], t= 7.280 [ps], E=870.505 [MeV]
OPAL-X> * 08:59:39 Step    695 container[1] at 0.004 [um], t= 7.280 [ps], E=511.186 [keV]
OPAL-X> * 08:59:39 Step    695 container[2] at 0.004 [um], t= 7.280 [ps], E=511.105 [keV]
OPAL-X> * 08:59:39 Step    696 container[0] at 2.184 [mm], t= 7.285 [ps], E=870.508 [MeV]
OPAL-X> * 08:59:39 Step    696 container[1] at 0.004 [um], t= 7.285 [ps], E=511.186 [keV]
OPAL-X> * 08:59:39 Step    696 container[2] at 0.004 [um], t= 7.285 [ps], E=511.106 [keV]
OPAL-X> * 08:59:39 Step    697 container[0] at 2.185 [mm], t= 7.290 [ps], E=870.511 [MeV]
OPAL-X> * 08:59:39 Step    697 container[1] at 0.004 [um], t= 7.290 [ps], E=511.187 [keV]
OPAL-X> * 08:59:39 Step    697 container[2] at 0.004 [um], t= 7.290 [ps], E=511.106 [keV]
OPAL-X> * 08:59:39 Step    698 container[0] at 2.187 [mm], t= 7.295 [ps], E=870.514 [MeV]
OPAL-X> * 08:59:39 Step    698 container[1] at 0.004 [um], t= 7.295 [ps], E=511.187 [keV]
OPAL-X> * 08:59:39 Step    698 container[2] at 0.004 [um], t= 7.295 [ps], E=511.106 [keV]
OPAL-X> * 08:59:40 Step    699 container[0] at 2.188 [mm], t= 7.300 [ps], E=870.517 [MeV]
OPAL-X> * 08:59:40 Step    699 container[1] at 0.004 [um], t= 7.300 [ps], E=511.188 [keV]
OPAL-X> * 08:59:40 Step    699 container[2] at 0.004 [um], t= 7.300 [ps], E=511.107 [keV]
OPAL-X> * 08:59:40 Step    700 container[0] at 2.190 [mm], t= 7.305 [ps], E=870.520 [MeV]
OPAL-X> * 08:59:40 Step    700 container[1] at 0.004 [um], t= 7.305 [ps], E=511.189 [keV]
OPAL-X> * 08:59:40 Step    700 container[2] at 0.004 [um], t= 7.305 [ps], E=511.107 [keV]
OPAL-X> * 08:59:40 Step    701 container[0] at 2.191 [mm], t= 7.310 [ps], E=870.523 [MeV]
OPAL-X> * 08:59:40 Step    701 container[1] at 0.004 [um], t= 7.310 [ps], E=511.189 [keV]
OPAL-X> * 08:59:40 Step    701 container[2] at 0.004 [um], t= 7.310 [ps], E=511.108 [keV]
OPAL-X> * 08:59:40 Step    702 container[0] at 2.193 [mm], t= 7.315 [ps], E=870.526 [MeV]
OPAL-X> * 08:59:40 Step    702 container[1] at 0.004 [um], t= 7.315 [ps], E=511.190 [keV]
OPAL-X> * 08:59:40 Step    702 container[2] at 0.004 [um], t= 7.315 [ps], E=511.108 [keV]
OPAL-X> * 08:59:41 Step    703 container[0] at 2.194 [mm], t= 7.320 [ps], E=870.529 [MeV]
OPAL-X> * 08:59:41 Step    703 container[1] at 0.004 [um], t= 7.320 [ps], E=511.191 [keV]
OPAL-X> * 08:59:41 Step    703 container[2] at 0.004 [um], t= 7.320 [ps], E=511.109 [keV]
OPAL-X> * 08:59:41 Step    704 container[0] at 2.196 [mm], t= 7.325 [ps], E=870.531 [MeV]
OPAL-X> * 08:59:41 Step    704 container[1] at 0.004 [um], t= 7.325 [ps], E=511.191 [keV]
OPAL-X> * 08:59:41 Step    704 container[2] at 0.004 [um], t= 7.325 [ps], E=511.109 [keV]
OPAL-X> * 08:59:41 Step    705 container[0] at 2.197 [mm], t= 7.330 [ps], E=870.534 [MeV]
OPAL-X> * 08:59:41 Step    705 container[1] at 0.004 [um], t= 7.330 [ps], E=511.192 [keV]
OPAL-X> * 08:59:41 Step    705 container[2] at 0.004 [um], t= 7.330 [ps], E=511.109 [keV]
OPAL-X> * 08:59:41 Step    706 container[0] at 2.199 [mm], t= 7.335 [ps], E=870.537 [MeV]
OPAL-X> * 08:59:41 Step    706 container[1] at 0.004 [um], t= 7.335 [ps], E=511.192 [keV]
OPAL-X> * 08:59:41 Step    706 container[2] at 0.004 [um], t= 7.335 [ps], E=511.110 [keV]
OPAL-X> * 08:59:42 Step    707 container[0] at 2.200 [mm], t= 7.340 [ps], E=870.540 [MeV]
OPAL-X> * 08:59:42 Step    707 container[1] at 0.004 [um], t= 7.340 [ps], E=511.193 [keV]
OPAL-X> * 08:59:42 Step    707 container[2] at 0.004 [um], t= 7.340 [ps], E=511.110 [keV]
OPAL-X> * 08:59:42 Step    708 container[0] at 2.202 [mm], t= 7.345 [ps], E=870.543 [MeV]
OPAL-X> * 08:59:42 Step    708 container[1] at 0.004 [um], t= 7.345 [ps], E=511.194 [keV]
OPAL-X> * 08:59:42 Step    708 container[2] at 0.004 [um], t= 7.345 [ps], E=511.111 [keV]
OPAL-X> * 08:59:42 Step    709 container[0] at 2.203 [mm], t= 7.350 [ps], E=870.546 [MeV]
OPAL-X> * 08:59:42 Step    709 container[1] at 0.004 [um], t= 7.350 [ps], E=511.194 [keV]
OPAL-X> * 08:59:42 Step    709 container[2] at 0.004 [um], t= 7.350 [ps], E=511.111 [keV]
OPAL-X> * 08:59:42 Step    710 container[0] at 2.205 [mm], t= 7.355 [ps], E=870.549 [MeV]
OPAL-X> * 08:59:42 Step    710 container[1] at 0.004 [um], t= 7.355 [ps], E=511.195 [keV]
OPAL-X> * 08:59:42 Step    710 container[2] at 0.004 [um], t= 7.355 [ps], E=511.111 [keV]
OPAL-X> * 08:59:43 Step    711 container[0] at 2.206 [mm], t= 7.360 [ps], E=870.552 [MeV]
OPAL-X> * 08:59:43 Step    711 container[1] at 0.004 [um], t= 7.360 [ps], E=511.195 [keV]
OPAL-X> * 08:59:43 Step    711 container[2] at 0.004 [um], t= 7.360 [ps], E=511.112 [keV]
OPAL-X> * 08:59:43 Step    712 container[0] at 2.208 [mm], t= 7.365 [ps], E=870.555 [MeV]
OPAL-X> * 08:59:43 Step    712 container[1] at 0.004 [um], t= 7.365 [ps], E=511.196 [keV]
OPAL-X> * 08:59:43 Step    712 container[2] at 0.004 [um], t= 7.365 [ps], E=511.112 [keV]
OPAL-X> * 08:59:43 Step    713 container[0] at 2.209 [mm], t= 7.370 [ps], E=870.558 [MeV]
OPAL-X> * 08:59:43 Step    713 container[1] at 0.004 [um], t= 7.370 [ps], E=511.197 [keV]
OPAL-X> * 08:59:43 Step    713 container[2] at 0.004 [um], t= 7.370 [ps], E=511.113 [keV]
OPAL-X> * 08:59:43 Step    714 container[0] at 2.211 [mm], t= 7.375 [ps], E=870.561 [MeV]
OPAL-X> * 08:59:43 Step    714 container[1] at 0.004 [um], t= 7.375 [ps], E=511.197 [keV]
OPAL-X> * 08:59:43 Step    714 container[2] at 0.004 [um], t= 7.375 [ps], E=511.113 [keV]
OPAL-X> * 08:59:44 Step    715 container[0] at 2.212 [mm], t= 7.380 [ps], E=870.563 [MeV]
OPAL-X> * 08:59:44 Step    715 container[1] at 0.004 [um], t= 7.380 [ps], E=511.198 [keV]
OPAL-X> * 08:59:44 Step    715 container[2] at 0.004 [um], t= 7.380 [ps], E=511.114 [keV]
OPAL-X> * 08:59:44 Step    716 container[0] at 2.214 [mm], t= 7.385 [ps], E=870.566 [MeV]
OPAL-X> * 08:59:44 Step    716 container[1] at 0.004 [um], t= 7.385 [ps], E=511.198 [keV]
OPAL-X> * 08:59:44 Step    716 container[2] at 0.004 [um], t= 7.385 [ps], E=511.114 [keV]
OPAL-X> * 08:59:44 Step    717 container[0] at 2.215 [mm], t= 7.390 [ps], E=870.569 [MeV]
OPAL-X> * 08:59:44 Step    717 container[1] at 0.004 [um], t= 7.390 [ps], E=511.199 [keV]
OPAL-X> * 08:59:44 Step    717 container[2] at 0.004 [um], t= 7.390 [ps], E=511.114 [keV]
OPAL-X> * 08:59:44 Step    718 container[0] at 2.217 [mm], t= 7.395 [ps], E=870.572 [MeV]
OPAL-X> * 08:59:44 Step    718 container[1] at 0.004 [um], t= 7.395 [ps], E=511.199 [keV]
OPAL-X> * 08:59:44 Step    718 container[2] at 0.004 [um], t= 7.395 [ps], E=511.115 [keV]
OPAL-X> * 08:59:45 Step    719 container[0] at 2.218 [mm], t= 7.400 [ps], E=870.575 [MeV]
OPAL-X> * 08:59:45 Step    719 container[1] at 0.004 [um], t= 7.400 [ps], E=511.200 [keV]
OPAL-X> * 08:59:45 Step    719 container[2] at 0.004 [um], t= 7.400 [ps], E=511.115 [keV]
OPAL-X> * 08:59:45 Step    720 container[0] at 2.220 [mm], t= 7.405 [ps], E=870.578 [MeV]
OPAL-X> * 08:59:45 Step    720 container[1] at 0.004 [um], t= 7.405 [ps], E=511.201 [keV]
OPAL-X> * 08:59:45 Step    720 container[2] at 0.004 [um], t= 7.405 [ps], E=511.116 [keV]
OPAL-X> * 08:59:45 Step    721 container[0] at 2.221 [mm], t= 7.410 [ps], E=870.581 [MeV]
OPAL-X> * 08:59:45 Step    721 container[1] at 0.004 [um], t= 7.410 [ps], E=511.201 [keV]
OPAL-X> * 08:59:45 Step    721 container[2] at 0.004 [um], t= 7.410 [ps], E=511.116 [keV]
OPAL-X> * 08:59:46 Step    722 container[0] at 2.223 [mm], t= 7.415 [ps], E=870.584 [MeV]
OPAL-X> * 08:59:46 Step    722 container[1] at 0.004 [um], t= 7.415 [ps], E=511.202 [keV]
OPAL-X> * 08:59:46 Step    722 container[2] at 0.004 [um], t= 7.415 [ps], E=511.116 [keV]
OPAL-X> * 08:59:46 Step    723 container[0] at 2.224 [mm], t= 7.420 [ps], E=870.586 [MeV]
OPAL-X> * 08:59:46 Step    723 container[1] at 0.004 [um], t= 7.420 [ps], E=511.202 [keV]
OPAL-X> * 08:59:46 Step    723 container[2] at 0.004 [um], t= 7.420 [ps], E=511.117 [keV]
OPAL-X> * 08:59:46 Step    724 container[0] at 2.226 [mm], t= 7.425 [ps], E=870.589 [MeV]
OPAL-X> * 08:59:46 Step    724 container[1] at 0.004 [um], t= 7.425 [ps], E=511.203 [keV]
OPAL-X> * 08:59:46 Step    724 container[2] at 0.004 [um], t= 7.425 [ps], E=511.117 [keV]
OPAL-X> * 08:59:46 Step    725 container[0] at 2.227 [mm], t= 7.430 [ps], E=870.592 [MeV]
OPAL-X> * 08:59:46 Step    725 container[1] at 0.004 [um], t= 7.430 [ps], E=511.204 [keV]
OPAL-X> * 08:59:46 Step    725 container[2] at 0.004 [um], t= 7.430 [ps], E=511.118 [keV]
OPAL-X> * 08:59:47 Step    726 container[0] at 2.229 [mm], t= 7.435 [ps], E=870.595 [MeV]
OPAL-X> * 08:59:47 Step    726 container[1] at 0.004 [um], t= 7.435 [ps], E=511.204 [keV]
OPAL-X> * 08:59:47 Step    726 container[2] at 0.004 [um], t= 7.435 [ps], E=511.118 [keV]
OPAL-X> * 08:59:47 Step    727 container[0] at 2.230 [mm], t= 7.440 [ps], E=870.598 [MeV]
OPAL-X> * 08:59:47 Step    727 container[1] at 0.004 [um], t= 7.440 [ps], E=511.205 [keV]
OPAL-X> * 08:59:47 Step    727 container[2] at 0.004 [um], t= 7.440 [ps], E=511.119 [keV]
OPAL-X> * 08:59:47 Step    728 container[0] at 2.232 [mm], t= 7.445 [ps], E=870.601 [MeV]
OPAL-X> * 08:59:47 Step    728 container[1] at 0.004 [um], t= 7.445 [ps], E=511.205 [keV]
OPAL-X> * 08:59:47 Step    728 container[2] at 0.004 [um], t= 7.445 [ps], E=511.119 [keV]
OPAL-X> * 08:59:47 Step    729 container[0] at 2.233 [mm], t= 7.450 [ps], E=870.604 [MeV]
OPAL-X> * 08:59:47 Step    729 container[1] at 0.004 [um], t= 7.450 [ps], E=511.206 [keV]
OPAL-X> * 08:59:47 Step    729 container[2] at 0.004 [um], t= 7.450 [ps], E=511.119 [keV]
OPAL-X> * 08:59:48 Step    730 container[0] at 2.235 [mm], t= 7.455 [ps], E=870.606 [MeV]
OPAL-X> * 08:59:48 Step    730 container[1] at 0.004 [um], t= 7.455 [ps], E=511.206 [keV]
OPAL-X> * 08:59:48 Step    730 container[2] at 0.004 [um], t= 7.455 [ps], E=511.120 [keV]
OPAL-X> * 08:59:48 Step    731 container[0] at 2.236 [mm], t= 7.460 [ps], E=870.609 [MeV]
OPAL-X> * 08:59:48 Step    731 container[1] at 0.004 [um], t= 7.460 [ps], E=511.207 [keV]
OPAL-X> * 08:59:48 Step    731 container[2] at 0.004 [um], t= 7.460 [ps], E=511.120 [keV]
OPAL-X> * 08:59:48 Step    732 container[0] at 2.238 [mm], t= 7.465 [ps], E=870.612 [MeV]
OPAL-X> * 08:59:48 Step    732 container[1] at 0.004 [um], t= 7.465 [ps], E=511.207 [keV]
OPAL-X> * 08:59:48 Step    732 container[2] at 0.004 [um], t= 7.465 [ps], E=511.121 [keV]
OPAL-X> * 08:59:48 Step    733 container[0] at 2.239 [mm], t= 7.470 [ps], E=870.615 [MeV]
OPAL-X> * 08:59:48 Step    733 container[1] at 0.004 [um], t= 7.470 [ps], E=511.208 [keV]
OPAL-X> * 08:59:48 Step    733 container[2] at 0.004 [um], t= 7.470 [ps], E=511.121 [keV]
OPAL-X> * 08:59:49 Step    734 container[0] at 2.241 [mm], t= 7.475 [ps], E=870.618 [MeV]
OPAL-X> * 08:59:49 Step    734 container[1] at 0.004 [um], t= 7.475 [ps], E=511.209 [keV]
OPAL-X> * 08:59:49 Step    734 container[2] at 0.004 [um], t= 7.475 [ps], E=511.121 [keV]
OPAL-X> * 08:59:49 Step    735 container[0] at 2.242 [mm], t= 7.480 [ps], E=870.621 [MeV]
OPAL-X> * 08:59:49 Step    735 container[1] at 0.004 [um], t= 7.480 [ps], E=511.209 [keV]
OPAL-X> * 08:59:49 Step    735 container[2] at 0.004 [um], t= 7.480 [ps], E=511.122 [keV]
OPAL-X> * 08:59:49 Step    736 container[0] at 2.244 [mm], t= 7.485 [ps], E=870.623 [MeV]
OPAL-X> * 08:59:49 Step    736 container[1] at 0.004 [um], t= 7.485 [ps], E=511.210 [keV]
OPAL-X> * 08:59:49 Step    736 container[2] at 0.004 [um], t= 7.485 [ps], E=511.122 [keV]
OPAL-X> * 08:59:49 Step    737 container[0] at 2.245 [mm], t= 7.490 [ps], E=870.626 [MeV]
OPAL-X> * 08:59:49 Step    737 container[1] at 0.004 [um], t= 7.490 [ps], E=511.210 [keV]
OPAL-X> * 08:59:49 Step    737 container[2] at 0.004 [um], t= 7.490 [ps], E=511.123 [keV]
OPAL-X> * 08:59:50 Step    738 container[0] at 2.247 [mm], t= 7.495 [ps], E=870.629 [MeV]
OPAL-X> * 08:59:50 Step    738 container[1] at 0.004 [um], t= 7.495 [ps], E=511.211 [keV]
OPAL-X> * 08:59:50 Step    738 container[2] at 0.004 [um], t= 7.495 [ps], E=511.123 [keV]
OPAL-X> * 08:59:50 Step    739 container[0] at 2.248 [mm], t= 7.500 [ps], E=870.632 [MeV]
OPAL-X> * 08:59:50 Step    739 container[1] at 0.004 [um], t= 7.500 [ps], E=511.211 [keV]
OPAL-X> * 08:59:50 Step    739 container[2] at 0.004 [um], t= 7.500 [ps], E=511.123 [keV]
OPAL-X> * 08:59:50 Step    740 container[0] at 2.250 [mm], t= 7.505 [ps], E=870.635 [MeV]
OPAL-X> * 08:59:50 Step    740 container[1] at 0.004 [um], t= 7.505 [ps], E=511.212 [keV]
OPAL-X> * 08:59:50 Step    740 container[2] at 0.004 [um], t= 7.505 [ps], E=511.124 [keV]
OPAL-X> * 08:59:51 Step    741 container[0] at 2.251 [mm], t= 7.510 [ps], E=870.637 [MeV]
OPAL-X> * 08:59:51 Step    741 container[1] at 0.004 [um], t= 7.510 [ps], E=511.212 [keV]
OPAL-X> * 08:59:51 Step    741 container[2] at 0.004 [um], t= 7.510 [ps], E=511.124 [keV]
OPAL-X> * 08:59:51 Step    742 container[0] at 2.253 [mm], t= 7.515 [ps], E=870.640 [MeV]
OPAL-X> * 08:59:51 Step    742 container[1] at 0.004 [um], t= 7.515 [ps], E=511.213 [keV]
OPAL-X> * 08:59:51 Step    742 container[2] at 0.004 [um], t= 7.515 [ps], E=511.125 [keV]
OPAL-X> * 08:59:51 Step    743 container[0] at 2.254 [mm], t= 7.520 [ps], E=870.643 [MeV]
OPAL-X> * 08:59:51 Step    743 container[1] at 0.004 [um], t= 7.520 [ps], E=511.214 [keV]
OPAL-X> * 08:59:51 Step    743 container[2] at 0.004 [um], t= 7.520 [ps], E=511.125 [keV]
OPAL-X> * 08:59:51 Step    744 container[0] at 2.256 [mm], t= 7.525 [ps], E=870.646 [MeV]
OPAL-X> * 08:59:51 Step    744 container[1] at 0.004 [um], t= 7.525 [ps], E=511.214 [keV]
OPAL-X> * 08:59:51 Step    744 container[2] at 0.004 [um], t= 7.525 [ps], E=511.126 [keV]
OPAL-X> * 08:59:52 Step    745 container[0] at 2.257 [mm], t= 7.530 [ps], E=870.649 [MeV]
OPAL-X> * 08:59:52 Step    745 container[1] at 0.004 [um], t= 7.530 [ps], E=511.215 [keV]
OPAL-X> * 08:59:52 Step    745 container[2] at 0.004 [um], t= 7.530 [ps], E=511.126 [keV]
OPAL-X> * 08:59:52 Step    746 container[0] at 2.259 [mm], t= 7.535 [ps], E=870.651 [MeV]
OPAL-X> * 08:59:52 Step    746 container[1] at 0.004 [um], t= 7.535 [ps], E=511.215 [keV]
OPAL-X> * 08:59:52 Step    746 container[2] at 0.004 [um], t= 7.535 [ps], E=511.126 [keV]
OPAL-X> * 08:59:52 Step    747 container[0] at 2.260 [mm], t= 7.540 [ps], E=870.654 [MeV]
OPAL-X> * 08:59:52 Step    747 container[1] at 0.004 [um], t= 7.540 [ps], E=511.216 [keV]
OPAL-X> * 08:59:52 Step    747 container[2] at 0.004 [um], t= 7.540 [ps], E=511.127 [keV]
OPAL-X> * 08:59:52 Step    748 container[0] at 2.262 [mm], t= 7.545 [ps], E=870.657 [MeV]
OPAL-X> * 08:59:52 Step    748 container[1] at 0.004 [um], t= 7.545 [ps], E=511.216 [keV]
OPAL-X> * 08:59:52 Step    748 container[2] at 0.004 [um], t= 7.545 [ps], E=511.127 [keV]
OPAL-X> * 08:59:53 Step    749 container[0] at 2.263 [mm], t= 7.550 [ps], E=870.660 [MeV]
OPAL-X> * 08:59:53 Step    749 container[1] at 0.004 [um], t= 7.550 [ps], E=511.217 [keV]
OPAL-X> * 08:59:53 Step    749 container[2] at 0.004 [um], t= 7.550 [ps], E=511.128 [keV]
OPAL-X> * 08:59:53 Step    750 container[0] at 2.265 [mm], t= 7.555 [ps], E=870.662 [MeV]
OPAL-X> * 08:59:53 Step    750 container[1] at 0.004 [um], t= 7.555 [ps], E=511.217 [keV]
OPAL-X> * 08:59:53 Step    750 container[2] at 0.004 [um], t= 7.555 [ps], E=511.128 [keV]
OPAL-X> * 08:59:53 Step    751 container[0] at 2.266 [mm], t= 7.560 [ps], E=870.665 [MeV]
OPAL-X> * 08:59:53 Step    751 container[1] at 0.004 [um], t= 7.560 [ps], E=511.218 [keV]
OPAL-X> * 08:59:53 Step    751 container[2] at 0.004 [um], t= 7.560 [ps], E=511.128 [keV]
OPAL-X> * 08:59:53 Step    752 container[0] at 2.268 [mm], t= 7.565 [ps], E=870.668 [MeV]
OPAL-X> * 08:59:53 Step    752 container[1] at 0.004 [um], t= 7.565 [ps], E=511.218 [keV]
OPAL-X> * 08:59:53 Step    752 container[2] at 0.004 [um], t= 7.565 [ps], E=511.129 [keV]
OPAL-X> * 08:59:54 Step    753 container[0] at 2.269 [mm], t= 7.570 [ps], E=870.671 [MeV]
OPAL-X> * 08:59:54 Step    753 container[1] at 0.004 [um], t= 7.570 [ps], E=511.219 [keV]
OPAL-X> * 08:59:54 Step    753 container[2] at 0.004 [um], t= 7.570 [ps], E=511.129 [keV]
OPAL-X> * 08:59:54 Step    754 container[0] at 2.271 [mm], t= 7.575 [ps], E=870.673 [MeV]
OPAL-X> * 08:59:54 Step    754 container[1] at 0.004 [um], t= 7.575 [ps], E=511.219 [keV]
OPAL-X> * 08:59:54 Step    754 container[2] at 0.004 [um], t= 7.575 [ps], E=511.130 [keV]
OPAL-X> * 08:59:54 Step    755 container[0] at 2.272 [mm], t= 7.580 [ps], E=870.676 [MeV]
OPAL-X> * 08:59:54 Step    755 container[1] at 0.004 [um], t= 7.580 [ps], E=511.220 [keV]
OPAL-X> * 08:59:54 Step    755 container[2] at 0.004 [um], t= 7.580 [ps], E=511.130 [keV]
OPAL-X> * 08:59:55 Step    756 container[0] at 2.274 [mm], t= 7.585 [ps], E=870.679 [MeV]
OPAL-X> * 08:59:55 Step    756 container[1] at 0.004 [um], t= 7.585 [ps], E=511.220 [keV]
OPAL-X> * 08:59:55 Step    756 container[2] at 0.004 [um], t= 7.585 [ps], E=511.130 [keV]
OPAL-X> * 08:59:55 Step    757 container[0] at 2.275 [mm], t= 7.590 [ps], E=870.682 [MeV]
OPAL-X> * 08:59:55 Step    757 container[1] at 0.004 [um], t= 7.590 [ps], E=511.221 [keV]
OPAL-X> * 08:59:55 Step    757 container[2] at 0.004 [um], t= 7.590 [ps], E=511.131 [keV]
OPAL-X> * 08:59:55 Step    758 container[0] at 2.277 [mm], t= 7.595 [ps], E=870.684 [MeV]
OPAL-X> * 08:59:55 Step    758 container[1] at 0.004 [um], t= 7.595 [ps], E=511.221 [keV]
OPAL-X> * 08:59:55 Step    758 container[2] at 0.004 [um], t= 7.595 [ps], E=511.131 [keV]
OPAL-X> * 08:59:55 Step    759 container[0] at 2.278 [mm], t= 7.600 [ps], E=870.687 [MeV]
OPAL-X> * 08:59:55 Step    759 container[1] at 0.004 [um], t= 7.600 [ps], E=511.222 [keV]
OPAL-X> * 08:59:55 Step    759 container[2] at 0.004 [um], t= 7.600 [ps], E=511.132 [keV]
OPAL-X> * 08:59:56 Step    760 container[0] at 2.280 [mm], t= 7.605 [ps], E=870.690 [MeV]
OPAL-X> * 08:59:56 Step    760 container[1] at 0.004 [um], t= 7.605 [ps], E=511.222 [keV]
OPAL-X> * 08:59:56 Step    760 container[2] at 0.004 [um], t= 7.605 [ps], E=511.132 [keV]
OPAL-X> * 08:59:56 Step    761 container[0] at 2.281 [mm], t= 7.610 [ps], E=870.693 [MeV]
OPAL-X> * 08:59:56 Step    761 container[1] at 0.004 [um], t= 7.610 [ps], E=511.223 [keV]
OPAL-X> * 08:59:56 Step    761 container[2] at 0.004 [um], t= 7.610 [ps], E=511.132 [keV]
OPAL-X> * 08:59:56 Step    762 container[0] at 2.283 [mm], t= 7.615 [ps], E=870.695 [MeV]
OPAL-X> * 08:59:56 Step    762 container[1] at 0.004 [um], t= 7.615 [ps], E=511.223 [keV]
OPAL-X> * 08:59:56 Step    762 container[2] at 0.004 [um], t= 7.615 [ps], E=511.133 [keV]
OPAL-X> * 08:59:56 Step    763 container[0] at 2.284 [mm], t= 7.620 [ps], E=870.698 [MeV]
OPAL-X> * 08:59:56 Step    763 container[1] at 0.004 [um], t= 7.620 [ps], E=511.224 [keV]
OPAL-X> * 08:59:56 Step    763 container[2] at 0.004 [um], t= 7.620 [ps], E=511.133 [keV]
OPAL-X> * 08:59:57 Step    764 container[0] at 2.286 [mm], t= 7.625 [ps], E=870.701 [MeV]
OPAL-X> * 08:59:57 Step    764 container[1] at 0.004 [um], t= 7.625 [ps], E=511.224 [keV]
OPAL-X> * 08:59:57 Step    764 container[2] at 0.004 [um], t= 7.625 [ps], E=511.134 [keV]
OPAL-X> * 08:59:57 Step    765 container[0] at 2.287 [mm], t= 7.630 [ps], E=870.704 [MeV]
OPAL-X> * 08:59:57 Step    765 container[1] at 0.004 [um], t= 7.630 [ps], E=511.225 [keV]
OPAL-X> * 08:59:57 Step    765 container[2] at 0.004 [um], t= 7.630 [ps], E=511.134 [keV]
OPAL-X> * 08:59:57 Step    766 container[0] at 2.289 [mm], t= 7.635 [ps], E=870.706 [MeV]
OPAL-X> * 08:59:57 Step    766 container[1] at 0.004 [um], t= 7.635 [ps], E=511.225 [keV]
OPAL-X> * 08:59:57 Step    766 container[2] at 0.004 [um], t= 7.635 [ps], E=511.135 [keV]
OPAL-X> * 08:59:57 Step    767 container[0] at 2.290 [mm], t= 7.640 [ps], E=870.709 [MeV]
OPAL-X> * 08:59:57 Step    767 container[1] at 0.004 [um], t= 7.640 [ps], E=511.226 [keV]
OPAL-X> * 08:59:57 Step    767 container[2] at 0.004 [um], t= 7.640 [ps], E=511.135 [keV]
OPAL-X> * 08:59:58 Step    768 container[0] at 2.292 [mm], t= 7.645 [ps], E=870.712 [MeV]
OPAL-X> * 08:59:58 Step    768 container[1] at 0.004 [um], t= 7.645 [ps], E=511.226 [keV]
OPAL-X> * 08:59:58 Step    768 container[2] at 0.004 [um], t= 7.645 [ps], E=511.135 [keV]
OPAL-X> * 08:59:58 Step    769 container[0] at 2.293 [mm], t= 7.650 [ps], E=870.714 [MeV]
OPAL-X> * 08:59:58 Step    769 container[1] at 0.004 [um], t= 7.650 [ps], E=511.227 [keV]
OPAL-X> * 08:59:58 Step    769 container[2] at 0.004 [um], t= 7.650 [ps], E=511.136 [keV]
OPAL-X> * 08:59:58 Step    770 container[0] at 2.295 [mm], t= 7.655 [ps], E=870.717 [MeV]
OPAL-X> * 08:59:58 Step    770 container[1] at 0.004 [um], t= 7.655 [ps], E=511.227 [keV]
OPAL-X> * 08:59:58 Step    770 container[2] at 0.004 [um], t= 7.655 [ps], E=511.136 [keV]
OPAL-X> * 08:59:58 Step    771 container[0] at 2.296 [mm], t= 7.660 [ps], E=870.720 [MeV]
OPAL-X> * 08:59:58 Step    771 container[1] at 0.004 [um], t= 7.660 [ps], E=511.228 [keV]
OPAL-X> * 08:59:58 Step    771 container[2] at 0.004 [um], t= 7.660 [ps], E=511.137 [keV]
OPAL-X> * 08:59:59 Step    772 container[0] at 2.298 [mm], t= 7.665 [ps], E=870.722 [MeV]
OPAL-X> * 08:59:59 Step    772 container[1] at 0.004 [um], t= 7.665 [ps], E=511.228 [keV]
OPAL-X> * 08:59:59 Step    772 container[2] at 0.004 [um], t= 7.665 [ps], E=511.137 [keV]
OPAL-X> * 08:59:59 Step    773 container[0] at 2.299 [mm], t= 7.670 [ps], E=870.725 [MeV]
OPAL-X> * 08:59:59 Step    773 container[1] at 0.004 [um], t= 7.670 [ps], E=511.229 [keV]
OPAL-X> * 08:59:59 Step    773 container[2] at 0.004 [um], t= 7.670 [ps], E=511.137 [keV]
OPAL-X> * 08:59:59 Step    774 container[0] at 2.301 [mm], t= 7.675 [ps], E=870.728 [MeV]
OPAL-X> * 08:59:59 Step    774 container[1] at 0.005 [um], t= 7.675 [ps], E=511.229 [keV]
OPAL-X> * 08:59:59 Step    774 container[2] at 0.005 [um], t= 7.675 [ps], E=511.138 [keV]
OPAL-X> * 08:59:59 Step    775 container[0] at 2.302 [mm], t= 7.680 [ps], E=870.730 [MeV]
OPAL-X> * 08:59:59 Step    775 container[1] at 0.005 [um], t= 7.680 [ps], E=511.230 [keV]
OPAL-X> * 08:59:59 Step    775 container[2] at 0.005 [um], t= 7.680 [ps], E=511.138 [keV]
OPAL-X> * 09:00:00 Step    776 container[0] at 2.304 [mm], t= 7.685 [ps], E=870.733 [MeV]
OPAL-X> * 09:00:00 Step    776 container[1] at 0.005 [um], t= 7.685 [ps], E=511.230 [keV]
OPAL-X> * 09:00:00 Step    776 container[2] at 0.005 [um], t= 7.685 [ps], E=511.139 [keV]
OPAL-X> * 09:00:00 Step    777 container[0] at 2.305 [mm], t= 7.690 [ps], E=870.736 [MeV]
OPAL-X> * 09:00:00 Step    777 container[1] at 0.005 [um], t= 7.690 [ps], E=511.231 [keV]
OPAL-X> * 09:00:00 Step    777 container[2] at 0.005 [um], t= 7.690 [ps], E=511.139 [keV]
OPAL-X> * 09:00:00 Step    778 container[0] at 2.307 [mm], t= 7.695 [ps], E=870.739 [MeV]
OPAL-X> * 09:00:00 Step    778 container[1] at 0.005 [um], t= 7.695 [ps], E=511.231 [keV]
OPAL-X> * 09:00:00 Step    778 container[2] at 0.005 [um], t= 7.695 [ps], E=511.139 [keV]
OPAL-X> * 09:00:01 Step    779 container[0] at 2.308 [mm], t= 7.700 [ps], E=870.741 [MeV]
OPAL-X> * 09:00:01 Step    779 container[1] at 0.005 [um], t= 7.700 [ps], E=511.231 [keV]
OPAL-X> * 09:00:01 Step    779 container[2] at 0.005 [um], t= 7.700 [ps], E=511.140 [keV]
OPAL-X> * 09:00:01 Step    780 container[0] at 2.310 [mm], t= 7.705 [ps], E=870.744 [MeV]
OPAL-X> * 09:00:01 Step    780 container[1] at 0.005 [um], t= 7.705 [ps], E=511.232 [keV]
OPAL-X> * 09:00:01 Step    780 container[2] at 0.005 [um], t= 7.705 [ps], E=511.140 [keV]
OPAL-X> * 09:00:01 Step    781 container[0] at 2.311 [mm], t= 7.710 [ps], E=870.747 [MeV]
OPAL-X> * 09:00:01 Step    781 container[1] at 0.005 [um], t= 7.710 [ps], E=511.232 [keV]
OPAL-X> * 09:00:01 Step    781 container[2] at 0.005 [um], t= 7.710 [ps], E=511.141 [keV]
OPAL-X> * 09:00:01 Step    782 container[0] at 2.313 [mm], t= 7.715 [ps], E=870.749 [MeV]
OPAL-X> * 09:00:01 Step    782 container[1] at 0.005 [um], t= 7.715 [ps], E=511.233 [keV]
OPAL-X> * 09:00:01 Step    782 container[2] at 0.005 [um], t= 7.715 [ps], E=511.141 [keV]
OPAL-X> * 09:00:02 Step    783 container[0] at 2.314 [mm], t= 7.720 [ps], E=870.752 [MeV]
OPAL-X> * 09:00:02 Step    783 container[1] at 0.005 [um], t= 7.720 [ps], E=511.233 [keV]
OPAL-X> * 09:00:02 Step    783 container[2] at 0.005 [um], t= 7.720 [ps], E=511.141 [keV]
OPAL-X> * 09:00:02 Step    784 container[0] at 2.316 [mm], t= 7.725 [ps], E=870.754 [MeV]
OPAL-X> * 09:00:02 Step    784 container[1] at 0.005 [um], t= 7.725 [ps], E=511.234 [keV]
OPAL-X> * 09:00:02 Step    784 container[2] at 0.005 [um], t= 7.725 [ps], E=511.142 [keV]
OPAL-X> * 09:00:02 Step    785 container[0] at 2.317 [mm], t= 7.730 [ps], E=870.757 [MeV]
OPAL-X> * 09:00:02 Step    785 container[1] at 0.005 [um], t= 7.730 [ps], E=511.234 [keV]
OPAL-X> * 09:00:02 Step    785 container[2] at 0.005 [um], t= 7.730 [ps], E=511.142 [keV]
OPAL-X> * 09:00:02 Step    786 container[0] at 2.319 [mm], t= 7.735 [ps], E=870.760 [MeV]
OPAL-X> * 09:00:02 Step    786 container[1] at 0.005 [um], t= 7.735 [ps], E=511.235 [keV]
OPAL-X> * 09:00:02 Step    786 container[2] at 0.005 [um], t= 7.735 [ps], E=511.143 [keV]
OPAL-X> * 09:00:03 Step    787 container[0] at 2.320 [mm], t= 7.740 [ps], E=870.762 [MeV]
OPAL-X> * 09:00:03 Step    787 container[1] at 0.005 [um], t= 7.740 [ps], E=511.235 [keV]
OPAL-X> * 09:00:03 Step    787 container[2] at 0.005 [um], t= 7.740 [ps], E=511.143 [keV]
OPAL-X> * 09:00:03 Step    788 container[0] at 2.322 [mm], t= 7.745 [ps], E=870.765 [MeV]
OPAL-X> * 09:00:03 Step    788 container[1] at 0.005 [um], t= 7.745 [ps], E=511.235 [keV]
OPAL-X> * 09:00:03 Step    788 container[2] at 0.005 [um], t= 7.745 [ps], E=511.144 [keV]
OPAL-X> * 09:00:03 Step    789 container[0] at 2.323 [mm], t= 7.750 [ps], E=870.768 [MeV]
OPAL-X> * 09:00:03 Step    789 container[1] at 0.005 [um], t= 7.750 [ps], E=511.236 [keV]
OPAL-X> * 09:00:03 Step    789 container[2] at 0.005 [um], t= 7.750 [ps], E=511.144 [keV]
OPAL-X> * 09:00:04 Step    790 container[0] at 2.325 [mm], t= 7.755 [ps], E=870.770 [MeV]
OPAL-X> * 09:00:04 Step    790 container[1] at 0.005 [um], t= 7.755 [ps], E=511.236 [keV]
OPAL-X> * 09:00:04 Step    790 container[2] at 0.005 [um], t= 7.755 [ps], E=511.144 [keV]
OPAL-X> * 09:00:04 Step    791 container[0] at 2.326 [mm], t= 7.760 [ps], E=870.773 [MeV]
OPAL-X> * 09:00:04 Step    791 container[1] at 0.005 [um], t= 7.760 [ps], E=511.237 [keV]
OPAL-X> * 09:00:04 Step    791 container[2] at 0.005 [um], t= 7.760 [ps], E=511.145 [keV]
OPAL-X> * 09:00:04 Step    792 container[0] at 2.328 [mm], t= 7.765 [ps], E=870.776 [MeV]
OPAL-X> * 09:00:04 Step    792 container[1] at 0.005 [um], t= 7.765 [ps], E=511.237 [keV]
OPAL-X> * 09:00:04 Step    792 container[2] at 0.005 [um], t= 7.765 [ps], E=511.145 [keV]
OPAL-X> * 09:00:04 Step    793 container[0] at 2.329 [mm], t= 7.770 [ps], E=870.778 [MeV]
OPAL-X> * 09:00:04 Step    793 container[1] at 0.005 [um], t= 7.770 [ps], E=511.238 [keV]
OPAL-X> * 09:00:04 Step    793 container[2] at 0.005 [um], t= 7.770 [ps], E=511.146 [keV]
OPAL-X> * 09:00:05 Step    794 container[0] at 2.331 [mm], t= 7.775 [ps], E=870.781 [MeV]
OPAL-X> * 09:00:05 Step    794 container[1] at 0.005 [um], t= 7.775 [ps], E=511.238 [keV]
OPAL-X> * 09:00:05 Step    794 container[2] at 0.005 [um], t= 7.775 [ps], E=511.146 [keV]
OPAL-X> * 09:00:05 Step    795 container[0] at 2.332 [mm], t= 7.780 [ps], E=870.783 [MeV]
OPAL-X> * 09:00:05 Step    795 container[1] at 0.005 [um], t= 7.780 [ps], E=511.238 [keV]
OPAL-X> * 09:00:05 Step    795 container[2] at 0.005 [um], t= 7.780 [ps], E=511.146 [keV]
OPAL-X> * 09:00:05 Step    796 container[0] at 2.334 [mm], t= 7.785 [ps], E=870.786 [MeV]
OPAL-X> * 09:00:05 Step    796 container[1] at 0.005 [um], t= 7.785 [ps], E=511.239 [keV]
OPAL-X> * 09:00:05 Step    796 container[2] at 0.005 [um], t= 7.785 [ps], E=511.147 [keV]
OPAL-X> * 09:00:05 Step    797 container[0] at 2.335 [mm], t= 7.790 [ps], E=870.789 [MeV]
OPAL-X> * 09:00:05 Step    797 container[1] at 0.005 [um], t= 7.790 [ps], E=511.239 [keV]
OPAL-X> * 09:00:05 Step    797 container[2] at 0.005 [um], t= 7.790 [ps], E=511.147 [keV]
OPAL-X> * 09:00:06 Step    798 container[0] at 2.337 [mm], t= 7.795 [ps], E=870.791 [MeV]
OPAL-X> * 09:00:06 Step    798 container[1] at 0.005 [um], t= 7.795 [ps], E=511.240 [keV]
OPAL-X> * 09:00:06 Step    798 container[2] at 0.005 [um], t= 7.795 [ps], E=511.148 [keV]
OPAL-X> * 09:00:06 Step    799 container[0] at 2.338 [mm], t= 7.800 [ps], E=870.794 [MeV]
OPAL-X> * 09:00:06 Step    799 container[1] at 0.005 [um], t= 7.800 [ps], E=511.240 [keV]
OPAL-X> * 09:00:06 Step    799 container[2] at 0.005 [um], t= 7.800 [ps], E=511.148 [keV]
OPAL-X> * 09:00:06 Step    800 container[0] at 2.340 [mm], t= 7.805 [ps], E=870.797 [MeV]
OPAL-X> * 09:00:06 Step    800 container[1] at 0.005 [um], t= 7.805 [ps], E=511.241 [keV]
OPAL-X> * 09:00:06 Step    800 container[2] at 0.005 [um], t= 7.805 [ps], E=511.148 [keV]
OPAL-X> * 09:00:06 Step    801 container[0] at 2.341 [mm], t= 7.810 [ps], E=870.799 [MeV]
OPAL-X> * 09:00:06 Step    801 container[1] at 0.005 [um], t= 7.810 [ps], E=511.241 [keV]
OPAL-X> * 09:00:06 Step    801 container[2] at 0.005 [um], t= 7.810 [ps], E=511.149 [keV]
OPAL-X> * 09:00:07 Step    802 container[0] at 2.343 [mm], t= 7.815 [ps], E=870.802 [MeV]
OPAL-X> * 09:00:07 Step    802 container[1] at 0.005 [um], t= 7.815 [ps], E=511.241 [keV]
OPAL-X> * 09:00:07 Step    802 container[2] at 0.005 [um], t= 7.815 [ps], E=511.149 [keV]
OPAL-X> * 09:00:07 Step    803 container[0] at 2.344 [mm], t= 7.820 [ps], E=870.804 [MeV]
OPAL-X> * 09:00:07 Step    803 container[1] at 0.005 [um], t= 7.820 [ps], E=511.242 [keV]
OPAL-X> * 09:00:07 Step    803 container[2] at 0.005 [um], t= 7.820 [ps], E=511.150 [keV]
OPAL-X> * 09:00:07 Step    804 container[0] at 2.346 [mm], t= 7.825 [ps], E=870.807 [MeV]
OPAL-X> * 09:00:07 Step    804 container[1] at 0.005 [um], t= 7.825 [ps], E=511.242 [keV]
OPAL-X> * 09:00:07 Step    804 container[2] at 0.005 [um], t= 7.825 [ps], E=511.150 [keV]
OPAL-X> * 09:00:08 Step    805 container[0] at 2.347 [mm], t= 7.830 [ps], E=870.810 [MeV]
OPAL-X> * 09:00:08 Step    805 container[1] at 0.005 [um], t= 7.830 [ps], E=511.243 [keV]
OPAL-X> * 09:00:08 Step    805 container[2] at 0.005 [um], t= 7.830 [ps], E=511.150 [keV]
OPAL-X> * 09:00:08 Step    806 container[0] at 2.349 [mm], t= 7.835 [ps], E=870.812 [MeV]
OPAL-X> * 09:00:08 Step    806 container[1] at 0.005 [um], t= 7.835 [ps], E=511.243 [keV]
OPAL-X> * 09:00:08 Step    806 container[2] at 0.005 [um], t= 7.835 [ps], E=511.151 [keV]
OPAL-X> * 09:00:08 Step    807 container[0] at 2.350 [mm], t= 7.840 [ps], E=870.815 [MeV]
OPAL-X> * 09:00:08 Step    807 container[1] at 0.005 [um], t= 7.840 [ps], E=511.243 [keV]
OPAL-X> * 09:00:08 Step    807 container[2] at 0.005 [um], t= 7.840 [ps], E=511.151 [keV]
OPAL-X> * 09:00:08 Step    808 container[0] at 2.352 [mm], t= 7.845 [ps], E=870.817 [MeV]
OPAL-X> * 09:00:08 Step    808 container[1] at 0.005 [um], t= 7.845 [ps], E=511.244 [keV]
OPAL-X> * 09:00:08 Step    808 container[2] at 0.005 [um], t= 7.845 [ps], E=511.152 [keV]
OPAL-X> * 09:00:09 Step    809 container[0] at 2.353 [mm], t= 7.850 [ps], E=870.820 [MeV]
OPAL-X> * 09:00:09 Step    809 container[1] at 0.005 [um], t= 7.850 [ps], E=511.244 [keV]
OPAL-X> * 09:00:09 Step    809 container[2] at 0.005 [um], t= 7.850 [ps], E=511.152 [keV]
OPAL-X> * 09:00:09 Step    810 container[0] at 2.355 [mm], t= 7.855 [ps], E=870.822 [MeV]
OPAL-X> * 09:00:09 Step    810 container[1] at 0.005 [um], t= 7.855 [ps], E=511.245 [keV]
OPAL-X> * 09:00:09 Step    810 container[2] at 0.005 [um], t= 7.855 [ps], E=511.152 [keV]
OPAL-X> * 09:00:09 Step    811 container[0] at 2.356 [mm], t= 7.860 [ps], E=870.825 [MeV]
OPAL-X> * 09:00:09 Step    811 container[1] at 0.005 [um], t= 7.860 [ps], E=511.245 [keV]
OPAL-X> * 09:00:09 Step    811 container[2] at 0.005 [um], t= 7.860 [ps], E=511.153 [keV]
OPAL-X> * 09:00:09 Step    812 container[0] at 2.358 [mm], t= 7.865 [ps], E=870.828 [MeV]
OPAL-X> * 09:00:09 Step    812 container[1] at 0.005 [um], t= 7.865 [ps], E=511.245 [keV]
OPAL-X> * 09:00:09 Step    812 container[2] at 0.005 [um], t= 7.865 [ps], E=511.153 [keV]
OPAL-X> * 09:00:10 Step    813 container[0] at 2.359 [mm], t= 7.870 [ps], E=870.830 [MeV]
OPAL-X> * 09:00:10 Step    813 container[1] at 0.005 [um], t= 7.870 [ps], E=511.246 [keV]
OPAL-X> * 09:00:10 Step    813 container[2] at 0.005 [um], t= 7.870 [ps], E=511.153 [keV]
OPAL-X> * 09:00:10 Step    814 container[0] at 2.361 [mm], t= 7.875 [ps], E=870.833 [MeV]
OPAL-X> * 09:00:10 Step    814 container[1] at 0.005 [um], t= 7.875 [ps], E=511.246 [keV]
OPAL-X> * 09:00:10 Step    814 container[2] at 0.005 [um], t= 7.875 [ps], E=511.154 [keV]
OPAL-X> * 09:00:10 Step    815 container[0] at 2.362 [mm], t= 7.880 [ps], E=870.835 [MeV]
OPAL-X> * 09:00:10 Step    815 container[1] at 0.005 [um], t= 7.880 [ps], E=511.246 [keV]
OPAL-X> * 09:00:10 Step    815 container[2] at 0.005 [um], t= 7.880 [ps], E=511.154 [keV]
OPAL-X> * 09:00:10 Step    816 container[0] at 2.364 [mm], t= 7.885 [ps], E=870.838 [MeV]
OPAL-X> * 09:00:10 Step    816 container[1] at 0.005 [um], t= 7.885 [ps], E=511.247 [keV]
OPAL-X> * 09:00:10 Step    816 container[2] at 0.005 [um], t= 7.885 [ps], E=511.155 [keV]
OPAL-X> * 09:00:11 Step    817 container[0] at 2.365 [mm], t= 7.890 [ps], E=870.840 [MeV]
OPAL-X> * 09:00:11 Step    817 container[1] at 0.005 [um], t= 7.890 [ps], E=511.247 [keV]
OPAL-X> * 09:00:11 Step    817 container[2] at 0.005 [um], t= 7.890 [ps], E=511.155 [keV]
OPAL-X> * 09:00:11 Step    818 container[0] at 2.367 [mm], t= 7.895 [ps], E=870.843 [MeV]
OPAL-X> * 09:00:11 Step    818 container[1] at 0.005 [um], t= 7.895 [ps], E=511.248 [keV]
OPAL-X> * 09:00:11 Step    818 container[2] at 0.005 [um], t= 7.895 [ps], E=511.155 [keV]
OPAL-X> * 09:00:11 Step    819 container[0] at 2.368 [mm], t= 7.900 [ps], E=870.845 [MeV]
OPAL-X> * 09:00:11 Step    819 container[1] at 0.005 [um], t= 7.900 [ps], E=511.248 [keV]
OPAL-X> * 09:00:11 Step    819 container[2] at 0.005 [um], t= 7.900 [ps], E=511.156 [keV]
OPAL-X> * 09:00:12 Step    820 container[0] at 2.370 [mm], t= 7.905 [ps], E=870.848 [MeV]
OPAL-X> * 09:00:12 Step    820 container[1] at 0.005 [um], t= 7.905 [ps], E=511.248 [keV]
OPAL-X> * 09:00:12 Step    820 container[2] at 0.005 [um], t= 7.905 [ps], E=511.156 [keV]
OPAL-X> * 09:00:12 Step    821 container[0] at 2.371 [mm], t= 7.910 [ps], E=870.851 [MeV]
OPAL-X> * 09:00:12 Step    821 container[1] at 0.005 [um], t= 7.910 [ps], E=511.249 [keV]
OPAL-X> * 09:00:12 Step    821 container[2] at 0.005 [um], t= 7.910 [ps], E=511.157 [keV]
OPAL-X> * 09:00:12 Step    822 container[0] at 2.373 [mm], t= 7.915 [ps], E=870.853 [MeV]
OPAL-X> * 09:00:12 Step    822 container[1] at 0.005 [um], t= 7.915 [ps], E=511.249 [keV]
OPAL-X> * 09:00:12 Step    822 container[2] at 0.005 [um], t= 7.915 [ps], E=511.157 [keV]
OPAL-X> * 09:00:12 Step    823 container[0] at 2.374 [mm], t= 7.920 [ps], E=870.856 [MeV]
OPAL-X> * 09:00:12 Step    823 container[1] at 0.005 [um], t= 7.920 [ps], E=511.249 [keV]
OPAL-X> * 09:00:12 Step    823 container[2] at 0.005 [um], t= 7.920 [ps], E=511.157 [keV]
OPAL-X> * 09:00:13 Step    824 container[0] at 2.376 [mm], t= 7.925 [ps], E=870.858 [MeV]
OPAL-X> * 09:00:13 Step    824 container[1] at 0.005 [um], t= 7.925 [ps], E=511.250 [keV]
OPAL-X> * 09:00:13 Step    824 container[2] at 0.005 [um], t= 7.925 [ps], E=511.158 [keV]
OPAL-X> * 09:00:13 Step    825 container[0] at 2.377 [mm], t= 7.930 [ps], E=870.861 [MeV]
OPAL-X> * 09:00:13 Step    825 container[1] at 0.005 [um], t= 7.930 [ps], E=511.250 [keV]
OPAL-X> * 09:00:13 Step    825 container[2] at 0.005 [um], t= 7.930 [ps], E=511.158 [keV]
OPAL-X> * 09:00:13 Step    826 container[0] at 2.379 [mm], t= 7.935 [ps], E=870.863 [MeV]
OPAL-X> * 09:00:13 Step    826 container[1] at 0.005 [um], t= 7.935 [ps], E=511.251 [keV]
OPAL-X> * 09:00:13 Step    826 container[2] at 0.005 [um], t= 7.935 [ps], E=511.158 [keV]
OPAL-X> * 09:00:13 Step    827 container[0] at 2.380 [mm], t= 7.940 [ps], E=870.866 [MeV]
OPAL-X> * 09:00:13 Step    827 container[1] at 0.005 [um], t= 7.940 [ps], E=511.251 [keV]
OPAL-X> * 09:00:13 Step    827 container[2] at 0.005 [um], t= 7.940 [ps], E=511.159 [keV]
OPAL-X> * 09:00:14 Step    828 container[0] at 2.382 [mm], t= 7.945 [ps], E=870.868 [MeV]
OPAL-X> * 09:00:14 Step    828 container[1] at 0.005 [um], t= 7.945 [ps], E=511.251 [keV]
OPAL-X> * 09:00:14 Step    828 container[2] at 0.005 [um], t= 7.945 [ps], E=511.159 [keV]
OPAL-X> * 09:00:14 Step    829 container[0] at 2.383 [mm], t= 7.950 [ps], E=870.871 [MeV]
OPAL-X> * 09:00:14 Step    829 container[1] at 0.005 [um], t= 7.950 [ps], E=511.252 [keV]
OPAL-X> * 09:00:14 Step    829 container[2] at 0.005 [um], t= 7.950 [ps], E=511.160 [keV]
OPAL-X> * 09:00:14 Step    830 container[0] at 2.385 [mm], t= 7.955 [ps], E=870.873 [MeV]
OPAL-X> * 09:00:14 Step    830 container[1] at 0.005 [um], t= 7.955 [ps], E=511.252 [keV]
OPAL-X> * 09:00:14 Step    830 container[2] at 0.005 [um], t= 7.955 [ps], E=511.160 [keV]
OPAL-X> * 09:00:14 Step    831 container[0] at 2.386 [mm], t= 7.960 [ps], E=870.876 [MeV]
OPAL-X> * 09:00:14 Step    831 container[1] at 0.005 [um], t= 7.960 [ps], E=511.252 [keV]
OPAL-X> * 09:00:14 Step    831 container[2] at 0.005 [um], t= 7.960 [ps], E=511.160 [keV]
OPAL-X> * 09:00:15 Step    832 container[0] at 2.388 [mm], t= 7.965 [ps], E=870.878 [MeV]
OPAL-X> * 09:00:15 Step    832 container[1] at 0.005 [um], t= 7.965 [ps], E=511.253 [keV]
OPAL-X> * 09:00:15 Step    832 container[2] at 0.005 [um], t= 7.965 [ps], E=511.161 [keV]
OPAL-X> * 09:00:15 Step    833 container[0] at 2.389 [mm], t= 7.970 [ps], E=870.881 [MeV]
OPAL-X> * 09:00:15 Step    833 container[1] at 0.005 [um], t= 7.970 [ps], E=511.253 [keV]
OPAL-X> * 09:00:15 Step    833 container[2] at 0.005 [um], t= 7.970 [ps], E=511.161 [keV]
OPAL-X> * 09:00:15 Step    834 container[0] at 2.391 [mm], t= 7.975 [ps], E=870.883 [MeV]
OPAL-X> * 09:00:15 Step    834 container[1] at 0.005 [um], t= 7.975 [ps], E=511.253 [keV]
OPAL-X> * 09:00:15 Step    834 container[2] at 0.005 [um], t= 7.975 [ps], E=511.161 [keV]
OPAL-X> * 09:00:15 Step    835 container[0] at 2.392 [mm], t= 7.980 [ps], E=870.886 [MeV]
OPAL-X> * 09:00:15 Step    835 container[1] at 0.005 [um], t= 7.980 [ps], E=511.254 [keV]
OPAL-X> * 09:00:15 Step    835 container[2] at 0.005 [um], t= 7.980 [ps], E=511.162 [keV]
OPAL-X> * 09:00:16 Step    836 container[0] at 2.394 [mm], t= 7.985 [ps], E=870.888 [MeV]
OPAL-X> * 09:00:16 Step    836 container[1] at 0.005 [um], t= 7.985 [ps], E=511.254 [keV]
OPAL-X> * 09:00:16 Step    836 container[2] at 0.005 [um], t= 7.985 [ps], E=511.162 [keV]
OPAL-X> * 09:00:16 Step    837 container[0] at 2.395 [mm], t= 7.990 [ps], E=870.891 [MeV]
OPAL-X> * 09:00:16 Step    837 container[1] at 0.005 [um], t= 7.990 [ps], E=511.254 [keV]
OPAL-X> * 09:00:16 Step    837 container[2] at 0.005 [um], t= 7.990 [ps], E=511.162 [keV]
OPAL-X> * 09:00:16 Step    838 container[0] at 2.397 [mm], t= 7.995 [ps], E=870.893 [MeV]
OPAL-X> * 09:00:16 Step    838 container[1] at 0.005 [um], t= 7.995 [ps], E=511.255 [keV]
OPAL-X> * 09:00:16 Step    838 container[2] at 0.005 [um], t= 7.995 [ps], E=511.163 [keV]
OPAL-X> * 09:00:17 Step    839 container[0] at 2.398 [mm], t= 8.000 [ps], E=870.896 [MeV]
OPAL-X> * 09:00:17 Step    839 container[1] at 0.005 [um], t= 8.000 [ps], E=511.255 [keV]
OPAL-X> * 09:00:17 Step    839 container[2] at 0.005 [um], t= 8.000 [ps], E=511.163 [keV]
OPAL-X> * 09:00:17 Step    840 container[0] at 2.400 [mm], t= 8.005 [ps], E=870.898 [MeV]
OPAL-X> * 09:00:17 Step    840 container[1] at 0.005 [um], t= 8.005 [ps], E=511.255 [keV]
OPAL-X> * 09:00:17 Step    840 container[2] at 0.005 [um], t= 8.005 [ps], E=511.163 [keV]
OPAL-X> * 09:00:17 Step    841 container[0] at 2.401 [mm], t= 8.010 [ps], E=870.901 [MeV]
OPAL-X> * 09:00:17 Step    841 container[1] at 0.005 [um], t= 8.010 [ps], E=511.256 [keV]
OPAL-X> * 09:00:17 Step    841 container[2] at 0.005 [um], t= 8.010 [ps], E=511.164 [keV]
OPAL-X> * 09:00:17 Step    842 container[0] at 2.403 [mm], t= 8.015 [ps], E=870.903 [MeV]
OPAL-X> * 09:00:17 Step    842 container[1] at 0.005 [um], t= 8.015 [ps], E=511.256 [keV]
OPAL-X> * 09:00:17 Step    842 container[2] at 0.005 [um], t= 8.015 [ps], E=511.164 [keV]
OPAL-X> * 09:00:18 Step    843 container[0] at 2.404 [mm], t= 8.020 [ps], E=870.906 [MeV]
OPAL-X> * 09:00:18 Step    843 container[1] at 0.005 [um], t= 8.020 [ps], E=511.256 [keV]
OPAL-X> * 09:00:18 Step    843 container[2] at 0.005 [um], t= 8.020 [ps], E=511.165 [keV]
OPAL-X> * 09:00:18 Step    844 container[0] at 2.406 [mm], t= 8.025 [ps], E=870.908 [MeV]
OPAL-X> * 09:00:18 Step    844 container[1] at 0.005 [um], t= 8.025 [ps], E=511.257 [keV]
OPAL-X> * 09:00:18 Step    844 container[2] at 0.005 [um], t= 8.025 [ps], E=511.165 [keV]
OPAL-X> * 09:00:18 Step    845 container[0] at 2.407 [mm], t= 8.030 [ps], E=870.911 [MeV]
OPAL-X> * 09:00:18 Step    845 container[1] at 0.005 [um], t= 8.030 [ps], E=511.257 [keV]
OPAL-X> * 09:00:18 Step    845 container[2] at 0.005 [um], t= 8.030 [ps], E=511.165 [keV]
OPAL-X> * 09:00:18 Step    846 container[0] at 2.409 [mm], t= 8.035 [ps], E=870.913 [MeV]
OPAL-X> * 09:00:18 Step    846 container[1] at 0.005 [um], t= 8.035 [ps], E=511.257 [keV]
OPAL-X> * 09:00:18 Step    846 container[2] at 0.005 [um], t= 8.035 [ps], E=511.166 [keV]
OPAL-X> * 09:00:19 Step    847 container[0] at 2.410 [mm], t= 8.040 [ps], E=870.916 [MeV]
OPAL-X> * 09:00:19 Step    847 container[1] at 0.005 [um], t= 8.040 [ps], E=511.258 [keV]
OPAL-X> * 09:00:19 Step    847 container[2] at 0.005 [um], t= 8.040 [ps], E=511.166 [keV]
OPAL-X> * 09:00:19 Step    848 container[0] at 2.412 [mm], t= 8.045 [ps], E=870.918 [MeV]
OPAL-X> * 09:00:19 Step    848 container[1] at 0.005 [um], t= 8.045 [ps], E=511.258 [keV]
OPAL-X> * 09:00:19 Step    848 container[2] at 0.005 [um], t= 8.045 [ps], E=511.166 [keV]
OPAL-X> * 09:00:19 Step    849 container[0] at 2.413 [mm], t= 8.050 [ps], E=870.921 [MeV]
OPAL-X> * 09:00:19 Step    849 container[1] at 0.005 [um], t= 8.050 [ps], E=511.258 [keV]
OPAL-X> * 09:00:19 Step    849 container[2] at 0.005 [um], t= 8.050 [ps], E=511.167 [keV]
OPAL-X> * 09:00:19 Step    850 container[0] at 2.415 [mm], t= 8.055 [ps], E=870.923 [MeV]
OPAL-X> * 09:00:19 Step    850 container[1] at 0.005 [um], t= 8.055 [ps], E=511.259 [keV]
OPAL-X> * 09:00:19 Step    850 container[2] at 0.005 [um], t= 8.055 [ps], E=511.167 [keV]
OPAL-X> * 09:00:20 Step    851 container[0] at 2.416 [mm], t= 8.060 [ps], E=870.925 [MeV]
OPAL-X> * 09:00:20 Step    851 container[1] at 0.005 [um], t= 8.060 [ps], E=511.259 [keV]
OPAL-X> * 09:00:20 Step    851 container[2] at 0.005 [um], t= 8.060 [ps], E=511.167 [keV]
OPAL-X> * 09:00:20 Step    852 container[0] at 2.418 [mm], t= 8.065 [ps], E=870.928 [MeV]
OPAL-X> * 09:00:20 Step    852 container[1] at 0.005 [um], t= 8.065 [ps], E=511.259 [keV]
OPAL-X> * 09:00:20 Step    852 container[2] at 0.005 [um], t= 8.065 [ps], E=511.168 [keV]
OPAL-X> * 09:00:20 Step    853 container[0] at 2.419 [mm], t= 8.070 [ps], E=870.930 [MeV]
OPAL-X> * 09:00:20 Step    853 container[1] at 0.005 [um], t= 8.070 [ps], E=511.260 [keV]
OPAL-X> * 09:00:20 Step    853 container[2] at 0.005 [um], t= 8.070 [ps], E=511.168 [keV]
OPAL-X> * 09:00:20 Step    854 container[0] at 2.421 [mm], t= 8.075 [ps], E=870.933 [MeV]
OPAL-X> * 09:00:20 Step    854 container[1] at 0.005 [um], t= 8.075 [ps], E=511.260 [keV]
OPAL-X> * 09:00:20 Step    854 container[2] at 0.005 [um], t= 8.075 [ps], E=511.168 [keV]
OPAL-X> * 09:00:21 Step    855 container[0] at 2.422 [mm], t= 8.080 [ps], E=870.935 [MeV]
OPAL-X> * 09:00:21 Step    855 container[1] at 0.005 [um], t= 8.080 [ps], E=511.260 [keV]
OPAL-X> * 09:00:21 Step    855 container[2] at 0.005 [um], t= 8.080 [ps], E=511.168 [keV]
OPAL-X> * 09:00:21 Step    856 container[0] at 2.424 [mm], t= 8.085 [ps], E=870.938 [MeV]
OPAL-X> * 09:00:21 Step    856 container[1] at 0.005 [um], t= 8.085 [ps], E=511.260 [keV]
OPAL-X> * 09:00:21 Step    856 container[2] at 0.005 [um], t= 8.085 [ps], E=511.169 [keV]
OPAL-X> * 09:00:21 Step    857 container[0] at 2.425 [mm], t= 8.090 [ps], E=870.940 [MeV]
OPAL-X> * 09:00:21 Step    857 container[1] at 0.005 [um], t= 8.090 [ps], E=511.261 [keV]
OPAL-X> * 09:00:21 Step    857 container[2] at 0.005 [um], t= 8.090 [ps], E=511.169 [keV]
OPAL-X> * 09:00:21 Step    858 container[0] at 2.427 [mm], t= 8.095 [ps], E=870.943 [MeV]
OPAL-X> * 09:00:21 Step    858 container[1] at 0.005 [um], t= 8.095 [ps], E=511.261 [keV]
OPAL-X> * 09:00:21 Step    858 container[2] at 0.005 [um], t= 8.095 [ps], E=511.169 [keV]
OPAL-X> * 09:00:22 Step    859 container[0] at 2.428 [mm], t= 8.100 [ps], E=870.945 [MeV]
OPAL-X> * 09:00:22 Step    859 container[1] at 0.005 [um], t= 8.100 [ps], E=511.261 [keV]
OPAL-X> * 09:00:22 Step    859 container[2] at 0.005 [um], t= 8.100 [ps], E=511.170 [keV]
OPAL-X> * 09:00:22 Step    860 container[0] at 2.430 [mm], t= 8.105 [ps], E=870.947 [MeV]
OPAL-X> * 09:00:22 Step    860 container[1] at 0.005 [um], t= 8.105 [ps], E=511.262 [keV]
OPAL-X> * 09:00:22 Step    860 container[2] at 0.005 [um], t= 8.105 [ps], E=511.170 [keV]
OPAL-X> * 09:00:22 Step    861 container[0] at 2.431 [mm], t= 8.110 [ps], E=870.950 [MeV]
OPAL-X> * 09:00:22 Step    861 container[1] at 0.005 [um], t= 8.110 [ps], E=511.262 [keV]
OPAL-X> * 09:00:22 Step    861 container[2] at 0.005 [um], t= 8.110 [ps], E=511.170 [keV]
OPAL-X> * 09:00:23 Step    862 container[0] at 2.433 [mm], t= 8.115 [ps], E=870.952 [MeV]
OPAL-X> * 09:00:23 Step    862 container[1] at 0.005 [um], t= 8.115 [ps], E=511.262 [keV]
OPAL-X> * 09:00:23 Step    862 container[2] at 0.005 [um], t= 8.115 [ps], E=511.171 [keV]
OPAL-X> * 09:00:23 Step    863 container[0] at 2.434 [mm], t= 8.120 [ps], E=870.955 [MeV]
OPAL-X> * 09:00:23 Step    863 container[1] at 0.005 [um], t= 8.120 [ps], E=511.263 [keV]
OPAL-X> * 09:00:23 Step    863 container[2] at 0.005 [um], t= 8.120 [ps], E=511.171 [keV]
OPAL-X> * 09:00:23 Step    864 container[0] at 2.436 [mm], t= 8.125 [ps], E=870.957 [MeV]
OPAL-X> * 09:00:23 Step    864 container[1] at 0.005 [um], t= 8.125 [ps], E=511.263 [keV]
OPAL-X> * 09:00:23 Step    864 container[2] at 0.005 [um], t= 8.125 [ps], E=511.171 [keV]
OPAL-X> * 09:00:23 Step    865 container[0] at 2.437 [mm], t= 8.130 [ps], E=870.960 [MeV]
OPAL-X> * 09:00:23 Step    865 container[1] at 0.005 [um], t= 8.130 [ps], E=511.263 [keV]
OPAL-X> * 09:00:23 Step    865 container[2] at 0.005 [um], t= 8.130 [ps], E=511.172 [keV]
OPAL-X> * 09:00:24 Step    866 container[0] at 2.439 [mm], t= 8.135 [ps], E=870.962 [MeV]
OPAL-X> * 09:00:24 Step    866 container[1] at 0.005 [um], t= 8.135 [ps], E=511.263 [keV]
OPAL-X> * 09:00:24 Step    866 container[2] at 0.005 [um], t= 8.135 [ps], E=511.172 [keV]
OPAL-X> * 09:00:24 Step    867 container[0] at 2.440 [mm], t= 8.140 [ps], E=870.964 [MeV]
OPAL-X> * 09:00:24 Step    867 container[1] at 0.005 [um], t= 8.140 [ps], E=511.264 [keV]
OPAL-X> * 09:00:24 Step    867 container[2] at 0.005 [um], t= 8.140 [ps], E=511.172 [keV]
OPAL-X> * 09:00:24 Step    868 container[0] at 2.442 [mm], t= 8.145 [ps], E=870.967 [MeV]
OPAL-X> * 09:00:24 Step    868 container[1] at 0.005 [um], t= 8.145 [ps], E=511.264 [keV]
OPAL-X> * 09:00:24 Step    868 container[2] at 0.005 [um], t= 8.145 [ps], E=511.172 [keV]
OPAL-X> * 09:00:24 Step    869 container[0] at 2.443 [mm], t= 8.150 [ps], E=870.969 [MeV]
OPAL-X> * 09:00:24 Step    869 container[1] at 0.005 [um], t= 8.150 [ps], E=511.264 [keV]
OPAL-X> * 09:00:24 Step    869 container[2] at 0.005 [um], t= 8.150 [ps], E=511.173 [keV]
OPAL-X> * 09:00:25 Step    870 container[0] at 2.445 [mm], t= 8.155 [ps], E=870.972 [MeV]
OPAL-X> * 09:00:25 Step    870 container[1] at 0.005 [um], t= 8.155 [ps], E=511.265 [keV]
OPAL-X> * 09:00:25 Step    870 container[2] at 0.005 [um], t= 8.155 [ps], E=511.173 [keV]
OPAL-X> * 09:00:25 Step    871 container[0] at 2.446 [mm], t= 8.160 [ps], E=870.974 [MeV]
OPAL-X> * 09:00:25 Step    871 container[1] at 0.005 [um], t= 8.160 [ps], E=511.265 [keV]
OPAL-X> * 09:00:25 Step    871 container[2] at 0.005 [um], t= 8.160 [ps], E=511.173 [keV]
OPAL-X> * 09:00:25 Step    872 container[0] at 2.448 [mm], t= 8.165 [ps], E=870.976 [MeV]
OPAL-X> * 09:00:25 Step    872 container[1] at 0.005 [um], t= 8.165 [ps], E=511.265 [keV]
OPAL-X> * 09:00:25 Step    872 container[2] at 0.005 [um], t= 8.165 [ps], E=511.173 [keV]
OPAL-X> * 09:00:25 Step    873 container[0] at 2.449 [mm], t= 8.170 [ps], E=870.979 [MeV]
OPAL-X> * 09:00:25 Step    873 container[1] at 0.005 [um], t= 8.170 [ps], E=511.266 [keV]
OPAL-X> * 09:00:25 Step    873 container[2] at 0.005 [um], t= 8.170 [ps], E=511.174 [keV]
OPAL-X> * 09:00:26 Step    874 container[0] at 2.451 [mm], t= 8.175 [ps], E=870.981 [MeV]
OPAL-X> * 09:00:26 Step    874 container[1] at 0.005 [um], t= 8.175 [ps], E=511.266 [keV]
OPAL-X> * 09:00:26 Step    874 container[2] at 0.005 [um], t= 8.175 [ps], E=511.174 [keV]
OPAL-X> * 09:00:26 Step    875 container[0] at 2.452 [mm], t= 8.180 [ps], E=870.984 [MeV]
OPAL-X> * 09:00:26 Step    875 container[1] at 0.005 [um], t= 8.180 [ps], E=511.266 [keV]
OPAL-X> * 09:00:26 Step    875 container[2] at 0.005 [um], t= 8.180 [ps], E=511.174 [keV]
OPAL-X> * 09:00:26 Step    876 container[0] at 2.454 [mm], t= 8.185 [ps], E=870.986 [MeV]
OPAL-X> * 09:00:26 Step    876 container[1] at 0.005 [um], t= 8.185 [ps], E=511.266 [keV]
OPAL-X> * 09:00:26 Step    876 container[2] at 0.005 [um], t= 8.185 [ps], E=511.174 [keV]
OPAL-X> * 09:00:26 Step    877 container[0] at 2.455 [mm], t= 8.190 [ps], E=870.988 [MeV]
OPAL-X> * 09:00:26 Step    877 container[1] at 0.005 [um], t= 8.190 [ps], E=511.267 [keV]
OPAL-X> * 09:00:26 Step    877 container[2] at 0.005 [um], t= 8.190 [ps], E=511.175 [keV]
OPAL-X> * 09:00:27 Step    878 container[0] at 2.457 [mm], t= 8.195 [ps], E=870.991 [MeV]
OPAL-X> * 09:00:27 Step    878 container[1] at 0.005 [um], t= 8.195 [ps], E=511.267 [keV]
OPAL-X> * 09:00:27 Step    878 container[2] at 0.005 [um], t= 8.195 [ps], E=511.175 [keV]
OPAL-X> * 09:00:27 Step    879 container[0] at 2.458 [mm], t= 8.200 [ps], E=870.993 [MeV]
OPAL-X> * 09:00:27 Step    879 container[1] at 0.005 [um], t= 8.200 [ps], E=511.267 [keV]
OPAL-X> * 09:00:27 Step    879 container[2] at 0.005 [um], t= 8.200 [ps], E=511.175 [keV]
OPAL-X> * 09:00:27 Step    880 container[0] at 2.460 [mm], t= 8.205 [ps], E=870.996 [MeV]
OPAL-X> * 09:00:27 Step    880 container[1] at 0.005 [um], t= 8.205 [ps], E=511.268 [keV]
OPAL-X> * 09:00:27 Step    880 container[2] at 0.005 [um], t= 8.205 [ps], E=511.175 [keV]
OPAL-X> * 09:00:28 Step    881 container[0] at 2.461 [mm], t= 8.210 [ps], E=870.998 [MeV]
OPAL-X> * 09:00:28 Step    881 container[1] at 0.005 [um], t= 8.210 [ps], E=511.268 [keV]
OPAL-X> * 09:00:28 Step    881 container[2] at 0.005 [um], t= 8.210 [ps], E=511.176 [keV]
OPAL-X> * 09:00:28 Step    882 container[0] at 2.463 [mm], t= 8.215 [ps], E=871.000 [MeV]
OPAL-X> * 09:00:28 Step    882 container[1] at 0.005 [um], t= 8.215 [ps], E=511.268 [keV]
OPAL-X> * 09:00:28 Step    882 container[2] at 0.005 [um], t= 8.215 [ps], E=511.176 [keV]
OPAL-X> * 09:00:28 Step    883 container[0] at 2.464 [mm], t= 8.220 [ps], E=871.003 [MeV]
OPAL-X> * 09:00:28 Step    883 container[1] at 0.005 [um], t= 8.220 [ps], E=511.268 [keV]
OPAL-X> * 09:00:28 Step    883 container[2] at 0.005 [um], t= 8.220 [ps], E=511.176 [keV]
OPAL-X> * 09:00:28 Step    884 container[0] at 2.466 [mm], t= 8.225 [ps], E=871.005 [MeV]
OPAL-X> * 09:00:28 Step    884 container[1] at 0.005 [um], t= 8.225 [ps], E=511.269 [keV]
OPAL-X> * 09:00:28 Step    884 container[2] at 0.005 [um], t= 8.225 [ps], E=511.176 [keV]
OPAL-X> * 09:00:29 Step    885 container[0] at 2.467 [mm], t= 8.230 [ps], E=871.007 [MeV]
OPAL-X> * 09:00:29 Step    885 container[1] at 0.005 [um], t= 8.230 [ps], E=511.269 [keV]
OPAL-X> * 09:00:29 Step    885 container[2] at 0.005 [um], t= 8.230 [ps], E=511.176 [keV]
OPAL-X> * 09:00:29 Step    886 container[0] at 2.469 [mm], t= 8.235 [ps], E=871.010 [MeV]
OPAL-X> * 09:00:29 Step    886 container[1] at 0.005 [um], t= 8.235 [ps], E=511.269 [keV]
OPAL-X> * 09:00:29 Step    886 container[2] at 0.005 [um], t= 8.235 [ps], E=511.177 [keV]
OPAL-X> * 09:00:29 Step    887 container[0] at 2.470 [mm], t= 8.240 [ps], E=871.012 [MeV]
OPAL-X> * 09:00:29 Step    887 container[1] at 0.005 [um], t= 8.240 [ps], E=511.270 [keV]
OPAL-X> * 09:00:29 Step    887 container[2] at 0.005 [um], t= 8.240 [ps], E=511.177 [keV]
OPAL-X> * 09:00:29 Step    888 container[0] at 2.472 [mm], t= 8.245 [ps], E=871.015 [MeV]
OPAL-X> * 09:00:29 Step    888 container[1] at 0.005 [um], t= 8.245 [ps], E=511.270 [keV]
OPAL-X> * 09:00:29 Step    888 container[2] at 0.005 [um], t= 8.245 [ps], E=511.177 [keV]
OPAL-X> * 09:00:30 Step    889 container[0] at 2.473 [mm], t= 8.250 [ps], E=871.017 [MeV]
OPAL-X> * 09:00:30 Step    889 container[1] at 0.005 [um], t= 8.250 [ps], E=511.270 [keV]
OPAL-X> * 09:00:30 Step    889 container[2] at 0.005 [um], t= 8.250 [ps], E=511.177 [keV]
OPAL-X> * 09:00:30 Step    890 container[0] at 2.475 [mm], t= 8.255 [ps], E=871.019 [MeV]
OPAL-X> * 09:00:30 Step    890 container[1] at 0.005 [um], t= 8.255 [ps], E=511.270 [keV]
OPAL-X> * 09:00:30 Step    890 container[2] at 0.005 [um], t= 8.255 [ps], E=511.177 [keV]
OPAL-X> * 09:00:30 Step    891 container[0] at 2.476 [mm], t= 8.260 [ps], E=871.022 [MeV]
OPAL-X> * 09:00:30 Step    891 container[1] at 0.005 [um], t= 8.260 [ps], E=511.271 [keV]
OPAL-X> * 09:00:30 Step    891 container[2] at 0.005 [um], t= 8.260 [ps], E=511.178 [keV]
OPAL-X> * 09:00:30 Step    892 container[0] at 2.478 [mm], t= 8.265 [ps], E=871.024 [MeV]
OPAL-X> * 09:00:30 Step    892 container[1] at 0.005 [um], t= 8.265 [ps], E=511.271 [keV]
OPAL-X> * 09:00:30 Step    892 container[2] at 0.005 [um], t= 8.265 [ps], E=511.178 [keV]
OPAL-X> * 09:00:31 Step    893 container[0] at 2.479 [mm], t= 8.270 [ps], E=871.026 [MeV]
OPAL-X> * 09:00:31 Step    893 container[1] at 0.005 [um], t= 8.270 [ps], E=511.271 [keV]
OPAL-X> * 09:00:31 Step    893 container[2] at 0.005 [um], t= 8.270 [ps], E=511.178 [keV]
OPAL-X> * 09:00:31 Step    894 container[0] at 2.481 [mm], t= 8.275 [ps], E=871.029 [MeV]
OPAL-X> * 09:00:31 Step    894 container[1] at 0.005 [um], t= 8.275 [ps], E=511.272 [keV]
OPAL-X> * 09:00:31 Step    894 container[2] at 0.005 [um], t= 8.275 [ps], E=511.178 [keV]
OPAL-X> * 09:00:31 Step    895 container[0] at 2.482 [mm], t= 8.280 [ps], E=871.031 [MeV]
OPAL-X> * 09:00:31 Step    895 container[1] at 0.005 [um], t= 8.280 [ps], E=511.272 [keV]
OPAL-X> * 09:00:31 Step    895 container[2] at 0.005 [um], t= 8.280 [ps], E=511.178 [keV]
OPAL-X> * 09:00:31 Step    896 container[0] at 2.484 [mm], t= 8.285 [ps], E=871.033 [MeV]
OPAL-X> * 09:00:31 Step    896 container[1] at 0.005 [um], t= 8.285 [ps], E=511.272 [keV]
OPAL-X> * 09:00:31 Step    896 container[2] at 0.005 [um], t= 8.285 [ps], E=511.178 [keV]
OPAL-X> * 09:00:32 Step    897 container[0] at 2.485 [mm], t= 8.290 [ps], E=871.036 [MeV]
OPAL-X> * 09:00:32 Step    897 container[1] at 0.005 [um], t= 8.290 [ps], E=511.273 [keV]
OPAL-X> * 09:00:32 Step    897 container[2] at 0.005 [um], t= 8.290 [ps], E=511.179 [keV]
OPAL-X> * 09:00:32 Step    898 container[0] at 2.487 [mm], t= 8.295 [ps], E=871.038 [MeV]
OPAL-X> * 09:00:32 Step    898 container[1] at 0.005 [um], t= 8.295 [ps], E=511.273 [keV]
OPAL-X> * 09:00:32 Step    898 container[2] at 0.005 [um], t= 8.295 [ps], E=511.179 [keV]
OPAL-X> * 09:00:32 Step    899 container[0] at 2.488 [mm], t= 8.300 [ps], E=871.040 [MeV]
OPAL-X> * 09:00:32 Step    899 container[1] at 0.005 [um], t= 8.300 [ps], E=511.273 [keV]
OPAL-X> * 09:00:32 Step    899 container[2] at 0.005 [um], t= 8.300 [ps], E=511.179 [keV]
OPAL-X> * 09:00:32 Step    900 container[0] at 2.490 [mm], t= 8.305 [ps], E=871.043 [MeV]
OPAL-X> * 09:00:32 Step    900 container[1] at 0.005 [um], t= 8.305 [ps], E=511.273 [keV]
OPAL-X> * 09:00:32 Step    900 container[2] at 0.005 [um], t= 8.305 [ps], E=511.179 [keV]
OPAL-X> * 09:00:33 Step    901 container[0] at 2.491 [mm], t= 8.310 [ps], E=871.045 [MeV]
OPAL-X> * 09:00:33 Step    901 container[1] at 0.005 [um], t= 8.310 [ps], E=511.274 [keV]
OPAL-X> * 09:00:33 Step    901 container[2] at 0.005 [um], t= 8.310 [ps], E=511.179 [keV]
OPAL-X> * 09:00:33 Step    902 container[0] at 2.493 [mm], t= 8.315 [ps], E=871.047 [MeV]
OPAL-X> * 09:00:33 Step    902 container[1] at 0.005 [um], t= 8.315 [ps], E=511.274 [keV]
OPAL-X> * 09:00:33 Step    902 container[2] at 0.005 [um], t= 8.315 [ps], E=511.179 [keV]
OPAL-X> * 09:00:33 Step    903 container[0] at 2.494 [mm], t= 8.320 [ps], E=871.050 [MeV]
OPAL-X> * 09:00:33 Step    903 container[1] at 0.005 [um], t= 8.320 [ps], E=511.274 [keV]
OPAL-X> * 09:00:33 Step    903 container[2] at 0.005 [um], t= 8.320 [ps], E=511.179 [keV]
OPAL-X> * 09:00:34 Step    904 container[0] at 2.496 [mm], t= 8.325 [ps], E=871.052 [MeV]
OPAL-X> * 09:00:34 Step    904 container[1] at 0.005 [um], t= 8.325 [ps], E=511.275 [keV]
OPAL-X> * 09:00:34 Step    904 container[2] at 0.005 [um], t= 8.325 [ps], E=511.180 [keV]
OPAL-X> * 09:00:34 Step    905 container[0] at 2.497 [mm], t= 8.330 [ps], E=871.054 [MeV]
OPAL-X> * 09:00:34 Step    905 container[1] at 0.005 [um], t= 8.330 [ps], E=511.275 [keV]
OPAL-X> * 09:00:34 Step    905 container[2] at 0.005 [um], t= 8.330 [ps], E=511.180 [keV]
OPAL-X> * 09:00:34 Step    906 container[0] at 2.499 [mm], t= 8.335 [ps], E=871.057 [MeV]
OPAL-X> * 09:00:34 Step    906 container[1] at 0.005 [um], t= 8.335 [ps], E=511.275 [keV]
OPAL-X> * 09:00:34 Step    906 container[2] at 0.005 [um], t= 8.335 [ps], E=511.180 [keV]
OPAL-X> * 09:00:34 Step    907 container[0] at 2.500 [mm], t= 8.340 [ps], E=871.059 [MeV]
OPAL-X> * 09:00:34 Step    907 container[1] at 0.005 [um], t= 8.340 [ps], E=511.276 [keV]
OPAL-X> * 09:00:34 Step    907 container[2] at 0.005 [um], t= 8.340 [ps], E=511.180 [keV]
OPAL-X> * 09:00:35 Step    908 container[0] at 2.502 [mm], t= 8.345 [ps], E=871.061 [MeV]
OPAL-X> * 09:00:35 Step    908 container[1] at 0.005 [um], t= 8.345 [ps], E=511.276 [keV]
OPAL-X> * 09:00:35 Step    908 container[2] at 0.005 [um], t= 8.345 [ps], E=511.180 [keV]
OPAL-X> * 09:00:35 Step    909 container[0] at 2.503 [mm], t= 8.350 [ps], E=871.064 [MeV]
OPAL-X> * 09:00:35 Step    909 container[1] at 0.005 [um], t= 8.350 [ps], E=511.276 [keV]
OPAL-X> * 09:00:35 Step    909 container[2] at 0.005 [um], t= 8.350 [ps], E=511.180 [keV]
OPAL-X> * 09:00:35 Step    910 container[0] at 2.505 [mm], t= 8.355 [ps], E=871.066 [MeV]
OPAL-X> * 09:00:35 Step    910 container[1] at 0.005 [um], t= 8.355 [ps], E=511.277 [keV]
OPAL-X> * 09:00:35 Step    910 container[2] at 0.005 [um], t= 8.355 [ps], E=511.180 [keV]
OPAL-X> * 09:00:35 Step    911 container[0] at 2.506 [mm], t= 8.360 [ps], E=871.068 [MeV]
OPAL-X> * 09:00:35 Step    911 container[1] at 0.005 [um], t= 8.360 [ps], E=511.277 [keV]
OPAL-X> * 09:00:35 Step    911 container[2] at 0.005 [um], t= 8.360 [ps], E=511.180 [keV]
OPAL-X> * 09:00:36 Step    912 container[0] at 2.508 [mm], t= 8.365 [ps], E=871.070 [MeV]
OPAL-X> * 09:00:36 Step    912 container[1] at 0.005 [um], t= 8.365 [ps], E=511.277 [keV]
OPAL-X> * 09:00:36 Step    912 container[2] at 0.005 [um], t= 8.365 [ps], E=511.180 [keV]
OPAL-X> * 09:00:36 Step    913 container[0] at 2.509 [mm], t= 8.370 [ps], E=871.073 [MeV]
OPAL-X> * 09:00:36 Step    913 container[1] at 0.005 [um], t= 8.370 [ps], E=511.278 [keV]
OPAL-X> * 09:00:36 Step    913 container[2] at 0.005 [um], t= 8.370 [ps], E=511.180 [keV]
OPAL-X> * 09:00:36 Step    914 container[0] at 2.511 [mm], t= 8.375 [ps], E=871.075 [MeV]
OPAL-X> * 09:00:36 Step    914 container[1] at 0.005 [um], t= 8.375 [ps], E=511.278 [keV]
OPAL-X> * 09:00:36 Step    914 container[2] at 0.005 [um], t= 8.375 [ps], E=511.180 [keV]
OPAL-X> * 09:00:36 Step    915 container[0] at 2.512 [mm], t= 8.380 [ps], E=871.077 [MeV]
OPAL-X> * 09:00:36 Step    915 container[1] at 0.005 [um], t= 8.380 [ps], E=511.278 [keV]
OPAL-X> * 09:00:36 Step    915 container[2] at 0.005 [um], t= 8.380 [ps], E=511.180 [keV]
OPAL-X> * 09:00:37 Step    916 container[0] at 2.514 [mm], t= 8.385 [ps], E=871.080 [MeV]
OPAL-X> * 09:00:37 Step    916 container[1] at 0.005 [um], t= 8.385 [ps], E=511.279 [keV]
OPAL-X> * 09:00:37 Step    916 container[2] at 0.005 [um], t= 8.385 [ps], E=511.181 [keV]
OPAL-X> * 09:00:37 Step    917 container[0] at 2.515 [mm], t= 8.390 [ps], E=871.082 [MeV]
OPAL-X> * 09:00:37 Step    917 container[1] at 0.005 [um], t= 8.390 [ps], E=511.279 [keV]
OPAL-X> * 09:00:37 Step    917 container[2] at 0.005 [um], t= 8.390 [ps], E=511.181 [keV]
OPAL-X> * 09:00:37 Step    918 container[0] at 2.517 [mm], t= 8.395 [ps], E=871.084 [MeV]
OPAL-X> * 09:00:37 Step    918 container[1] at 0.005 [um], t= 8.395 [ps], E=511.279 [keV]
OPAL-X> * 09:00:37 Step    918 container[2] at 0.005 [um], t= 8.395 [ps], E=511.181 [keV]
OPAL-X> * 09:00:37 Step    919 container[0] at 2.518 [mm], t= 8.400 [ps], E=871.087 [MeV]
OPAL-X> * 09:00:37 Step    919 container[1] at 0.005 [um], t= 8.400 [ps], E=511.280 [keV]
OPAL-X> * 09:00:37 Step    919 container[2] at 0.005 [um], t= 8.400 [ps], E=511.181 [keV]
OPAL-X> * 09:00:38 Step    920 container[0] at 2.520 [mm], t= 8.405 [ps], E=871.089 [MeV]
OPAL-X> * 09:00:38 Step    920 container[1] at 0.005 [um], t= 8.405 [ps], E=511.280 [keV]
OPAL-X> * 09:00:38 Step    920 container[2] at 0.005 [um], t= 8.405 [ps], E=511.181 [keV]
OPAL-X> * 09:00:38 Step    921 container[0] at 2.521 [mm], t= 8.410 [ps], E=871.091 [MeV]
OPAL-X> * 09:00:38 Step    921 container[1] at 0.005 [um], t= 8.410 [ps], E=511.280 [keV]
OPAL-X> * 09:00:38 Step    921 container[2] at 0.005 [um], t= 8.410 [ps], E=511.181 [keV]
OPAL-X> * 09:00:38 Step    922 container[0] at 2.523 [mm], t= 8.415 [ps], E=871.093 [MeV]
OPAL-X> * 09:00:38 Step    922 container[1] at 0.005 [um], t= 8.415 [ps], E=511.281 [keV]
OPAL-X> * 09:00:38 Step    922 container[2] at 0.005 [um], t= 8.415 [ps], E=511.181 [keV]
OPAL-X> * 09:00:38 Step    923 container[0] at 2.524 [mm], t= 8.420 [ps], E=871.096 [MeV]
OPAL-X> * 09:00:38 Step    923 container[1] at 0.005 [um], t= 8.420 [ps], E=511.281 [keV]
OPAL-X> * 09:00:38 Step    923 container[2] at 0.005 [um], t= 8.420 [ps], E=511.181 [keV]
OPAL-X> * 09:00:39 Step    924 container[0] at 2.526 [mm], t= 8.425 [ps], E=871.098 [MeV]
OPAL-X> * 09:00:39 Step    924 container[1] at 0.005 [um], t= 8.425 [ps], E=511.281 [keV]
OPAL-X> * 09:00:39 Step    924 container[2] at 0.005 [um], t= 8.425 [ps], E=511.181 [keV]
OPAL-X> * 09:00:39 Step    925 container[0] at 2.527 [mm], t= 8.430 [ps], E=871.100 [MeV]
OPAL-X> * 09:00:39 Step    925 container[1] at 0.005 [um], t= 8.430 [ps], E=511.282 [keV]
OPAL-X> * 09:00:39 Step    925 container[2] at 0.005 [um], t= 8.430 [ps], E=511.181 [keV]
OPAL-X> * 09:00:39 Step    926 container[0] at 2.529 [mm], t= 8.435 [ps], E=871.102 [MeV]
OPAL-X> * 09:00:39 Step    926 container[1] at 0.005 [um], t= 8.435 [ps], E=511.282 [keV]
OPAL-X> * 09:00:39 Step    926 container[2] at 0.005 [um], t= 8.435 [ps], E=511.181 [keV]
OPAL-X> * 09:00:40 Step    927 container[0] at 2.530 [mm], t= 8.440 [ps], E=871.105 [MeV]
OPAL-X> * 09:00:40 Step    927 container[1] at 0.005 [um], t= 8.440 [ps], E=511.282 [keV]
OPAL-X> * 09:00:40 Step    927 container[2] at 0.005 [um], t= 8.440 [ps], E=511.181 [keV]
OPAL-X> * 09:00:40 Step    928 container[0] at 2.532 [mm], t= 8.445 [ps], E=871.107 [MeV]
OPAL-X> * 09:00:40 Step    928 container[1] at 0.005 [um], t= 8.445 [ps], E=511.283 [keV]
OPAL-X> * 09:00:40 Step    928 container[2] at 0.005 [um], t= 8.445 [ps], E=511.181 [keV]
OPAL-X> * 09:00:40 Step    929 container[0] at 2.533 [mm], t= 8.450 [ps], E=871.109 [MeV]
OPAL-X> * 09:00:40 Step    929 container[1] at 0.005 [um], t= 8.450 [ps], E=511.283 [keV]
OPAL-X> * 09:00:40 Step    929 container[2] at 0.005 [um], t= 8.450 [ps], E=511.181 [keV]
OPAL-X> * 09:00:40 Step    930 container[0] at 2.535 [mm], t= 8.455 [ps], E=871.112 [MeV]
OPAL-X> * 09:00:40 Step    930 container[1] at 0.005 [um], t= 8.455 [ps], E=511.283 [keV]
OPAL-X> * 09:00:40 Step    930 container[2] at 0.005 [um], t= 8.455 [ps], E=511.181 [keV]
OPAL-X> * 09:00:41 Step    931 container[0] at 2.536 [mm], t= 8.460 [ps], E=871.114 [MeV]
OPAL-X> * 09:00:41 Step    931 container[1] at 0.005 [um], t= 8.460 [ps], E=511.284 [keV]
OPAL-X> * 09:00:41 Step    931 container[2] at 0.005 [um], t= 8.460 [ps], E=511.181 [keV]
OPAL-X> * 09:00:41 Step    932 container[0] at 2.538 [mm], t= 8.465 [ps], E=871.116 [MeV]
OPAL-X> * 09:00:41 Step    932 container[1] at 0.005 [um], t= 8.465 [ps], E=511.284 [keV]
OPAL-X> * 09:00:41 Step    932 container[2] at 0.005 [um], t= 8.465 [ps], E=511.181 [keV]
OPAL-X> * 09:00:41 Step    933 container[0] at 2.539 [mm], t= 8.470 [ps], E=871.118 [MeV]
OPAL-X> * 09:00:41 Step    933 container[1] at 0.005 [um], t= 8.470 [ps], E=511.285 [keV]
OPAL-X> * 09:00:41 Step    933 container[2] at 0.005 [um], t= 8.470 [ps], E=511.181 [keV]
OPAL-X> * 09:00:41 Step    934 container[0] at 2.541 [mm], t= 8.475 [ps], E=871.121 [MeV]
OPAL-X> * 09:00:41 Step    934 container[1] at 0.005 [um], t= 8.475 [ps], E=511.285 [keV]
OPAL-X> * 09:00:41 Step    934 container[2] at 0.005 [um], t= 8.475 [ps], E=511.180 [keV]
OPAL-X> * 09:00:42 Step    935 container[0] at 2.542 [mm], t= 8.480 [ps], E=871.123 [MeV]
OPAL-X> * 09:00:42 Step    935 container[1] at 0.005 [um], t= 8.480 [ps], E=511.285 [keV]
OPAL-X> * 09:00:42 Step    935 container[2] at 0.005 [um], t= 8.480 [ps], E=511.180 [keV]
OPAL-X> * 09:00:42 Step    936 container[0] at 2.544 [mm], t= 8.485 [ps], E=871.125 [MeV]
OPAL-X> * 09:00:42 Step    936 container[1] at 0.005 [um], t= 8.485 [ps], E=511.286 [keV]
OPAL-X> * 09:00:42 Step    936 container[2] at 0.005 [um], t= 8.485 [ps], E=511.180 [keV]
OPAL-X> * 09:00:42 Step    937 container[0] at 2.545 [mm], t= 8.490 [ps], E=871.127 [MeV]
OPAL-X> * 09:00:42 Step    937 container[1] at 0.005 [um], t= 8.490 [ps], E=511.286 [keV]
OPAL-X> * 09:00:42 Step    937 container[2] at 0.005 [um], t= 8.490 [ps], E=511.180 [keV]
OPAL-X> * 09:00:42 Step    938 container[0] at 2.547 [mm], t= 8.495 [ps], E=871.130 [MeV]
OPAL-X> * 09:00:42 Step    938 container[1] at 0.005 [um], t= 8.495 [ps], E=511.286 [keV]
OPAL-X> * 09:00:42 Step    938 container[2] at 0.005 [um], t= 8.495 [ps], E=511.180 [keV]
OPAL-X> * 09:00:43 Step    939 container[0] at 2.548 [mm], t= 8.500 [ps], E=871.132 [MeV]
OPAL-X> * 09:00:43 Step    939 container[1] at 0.005 [um], t= 8.500 [ps], E=511.287 [keV]
OPAL-X> * 09:00:43 Step    939 container[2] at 0.005 [um], t= 8.500 [ps], E=511.180 [keV]
OPAL-X> * 09:00:43 Step    940 container[0] at 2.550 [mm], t= 8.505 [ps], E=871.134 [MeV]
OPAL-X> * 09:00:43 Step    940 container[1] at 0.005 [um], t= 8.505 [ps], E=511.287 [keV]
OPAL-X> * 09:00:43 Step    940 container[2] at 0.005 [um], t= 8.505 [ps], E=511.180 [keV]
OPAL-X> * 09:00:43 Step    941 container[0] at 2.551 [mm], t= 8.510 [ps], E=871.136 [MeV]
OPAL-X> * 09:00:43 Step    941 container[1] at 0.005 [um], t= 8.510 [ps], E=511.288 [keV]
OPAL-X> * 09:00:43 Step    941 container[2] at 0.005 [um], t= 8.510 [ps], E=511.180 [keV]
OPAL-X> * 09:00:43 Step    942 container[0] at 2.553 [mm], t= 8.515 [ps], E=871.139 [MeV]
OPAL-X> * 09:00:43 Step    942 container[1] at 0.005 [um], t= 8.515 [ps], E=511.288 [keV]
OPAL-X> * 09:00:43 Step    942 container[2] at 0.005 [um], t= 8.515 [ps], E=511.180 [keV]
OPAL-X> * 09:00:44 Step    943 container[0] at 2.554 [mm], t= 8.520 [ps], E=871.141 [MeV]
OPAL-X> * 09:00:44 Step    943 container[1] at 0.005 [um], t= 8.520 [ps], E=511.288 [keV]
OPAL-X> * 09:00:44 Step    943 container[2] at 0.005 [um], t= 8.520 [ps], E=511.180 [keV]
OPAL-X> * 09:00:44 Step    944 container[0] at 2.556 [mm], t= 8.525 [ps], E=871.143 [MeV]
OPAL-X> * 09:00:44 Step    944 container[1] at 0.005 [um], t= 8.525 [ps], E=511.289 [keV]
OPAL-X> * 09:00:44 Step    944 container[2] at 0.005 [um], t= 8.525 [ps], E=511.180 [keV]
OPAL-X> * 09:00:44 Step    945 container[0] at 2.557 [mm], t= 8.530 [ps], E=871.145 [MeV]
OPAL-X> * 09:00:44 Step    945 container[1] at 0.005 [um], t= 8.530 [ps], E=511.289 [keV]
OPAL-X> * 09:00:44 Step    945 container[2] at 0.005 [um], t= 8.530 [ps], E=511.179 [keV]
OPAL-X> * 09:00:44 Step    946 container[0] at 2.559 [mm], t= 8.535 [ps], E=871.147 [MeV]
OPAL-X> * 09:00:44 Step    946 container[1] at 0.005 [um], t= 8.535 [ps], E=511.290 [keV]
OPAL-X> * 09:00:44 Step    946 container[2] at 0.005 [um], t= 8.535 [ps], E=511.179 [keV]
OPAL-X> * 09:00:45 Step    947 container[0] at 2.560 [mm], t= 8.540 [ps], E=871.150 [MeV]
OPAL-X> * 09:00:45 Step    947 container[1] at 0.005 [um], t= 8.540 [ps], E=511.290 [keV]
OPAL-X> * 09:00:45 Step    947 container[2] at 0.005 [um], t= 8.540 [ps], E=511.179 [keV]
OPAL-X> * 09:00:45 Step    948 container[0] at 2.562 [mm], t= 8.545 [ps], E=871.152 [MeV]
OPAL-X> * 09:00:45 Step    948 container[1] at 0.005 [um], t= 8.545 [ps], E=511.291 [keV]
OPAL-X> * 09:00:45 Step    948 container[2] at 0.005 [um], t= 8.545 [ps], E=511.179 [keV]
OPAL-X> * 09:00:45 Step    949 container[0] at 2.563 [mm], t= 8.550 [ps], E=871.154 [MeV]
OPAL-X> * 09:00:45 Step    949 container[1] at 0.005 [um], t= 8.550 [ps], E=511.291 [keV]
OPAL-X> * 09:00:45 Step    949 container[2] at 0.005 [um], t= 8.550 [ps], E=511.179 [keV]
OPAL-X> * 09:00:45 Step    950 container[0] at 2.565 [mm], t= 8.555 [ps], E=871.156 [MeV]
OPAL-X> * 09:00:45 Step    950 container[1] at 0.005 [um], t= 8.555 [ps], E=511.291 [keV]
OPAL-X> * 09:00:45 Step    950 container[2] at 0.005 [um], t= 8.555 [ps], E=511.179 [keV]
OPAL-X> * 09:00:46 Step    951 container[0] at 2.566 [mm], t= 8.560 [ps], E=871.159 [MeV]
OPAL-X> * 09:00:46 Step    951 container[1] at 0.005 [um], t= 8.560 [ps], E=511.292 [keV]
OPAL-X> * 09:00:46 Step    951 container[2] at 0.005 [um], t= 8.560 [ps], E=511.178 [keV]
OPAL-X> * 09:00:46 Step    952 container[0] at 2.568 [mm], t= 8.565 [ps], E=871.161 [MeV]
OPAL-X> * 09:00:46 Step    952 container[1] at 0.005 [um], t= 8.565 [ps], E=511.292 [keV]
OPAL-X> * 09:00:46 Step    952 container[2] at 0.005 [um], t= 8.565 [ps], E=511.178 [keV]
OPAL-X> * 09:00:46 Step    953 container[0] at 2.569 [mm], t= 8.570 [ps], E=871.163 [MeV]
OPAL-X> * 09:00:46 Step    953 container[1] at 0.005 [um], t= 8.570 [ps], E=511.293 [keV]
OPAL-X> * 09:00:46 Step    953 container[2] at 0.005 [um], t= 8.570 [ps], E=511.178 [keV]
OPAL-X> * 09:00:47 Step    954 container[0] at 2.571 [mm], t= 8.575 [ps], E=871.165 [MeV]
OPAL-X> * 09:00:47 Step    954 container[1] at 0.005 [um], t= 8.575 [ps], E=511.293 [keV]
OPAL-X> * 09:00:47 Step    954 container[2] at 0.005 [um], t= 8.575 [ps], E=511.178 [keV]
OPAL-X> * 09:00:47 Step    955 container[0] at 2.572 [mm], t= 8.580 [ps], E=871.167 [MeV]
OPAL-X> * 09:00:47 Step    955 container[1] at 0.005 [um], t= 8.580 [ps], E=511.294 [keV]
OPAL-X> * 09:00:47 Step    955 container[2] at 0.005 [um], t= 8.580 [ps], E=511.178 [keV]
OPAL-X> * 09:00:47 Step    956 container[0] at 2.574 [mm], t= 8.585 [ps], E=871.170 [MeV]
OPAL-X> * 09:00:47 Step    956 container[1] at 0.005 [um], t= 8.585 [ps], E=511.294 [keV]
OPAL-X> * 09:00:47 Step    956 container[2] at 0.005 [um], t= 8.585 [ps], E=511.178 [keV]
OPAL-X> * 09:00:47 Step    957 container[0] at 2.575 [mm], t= 8.590 [ps], E=871.172 [MeV]
OPAL-X> * 09:00:47 Step    957 container[1] at 0.005 [um], t= 8.590 [ps], E=511.295 [keV]
OPAL-X> * 09:00:47 Step    957 container[2] at 0.005 [um], t= 8.590 [ps], E=511.177 [keV]
OPAL-X> * 09:00:48 Step    958 container[0] at 2.577 [mm], t= 8.595 [ps], E=871.174 [MeV]
OPAL-X> * 09:00:48 Step    958 container[1] at 0.005 [um], t= 8.595 [ps], E=511.295 [keV]
OPAL-X> * 09:00:48 Step    958 container[2] at 0.005 [um], t= 8.595 [ps], E=511.177 [keV]
OPAL-X> * 09:00:48 Step    959 container[0] at 2.578 [mm], t= 8.600 [ps], E=871.176 [MeV]
OPAL-X> * 09:00:48 Step    959 container[1] at 0.005 [um], t= 8.600 [ps], E=511.296 [keV]
OPAL-X> * 09:00:48 Step    959 container[2] at 0.005 [um], t= 8.600 [ps], E=511.177 [keV]
OPAL-X> * 09:00:48 Step    960 container[0] at 2.580 [mm], t= 8.605 [ps], E=871.178 [MeV]
OPAL-X> * 09:00:48 Step    960 container[1] at 0.005 [um], t= 8.605 [ps], E=511.296 [keV]
OPAL-X> * 09:00:48 Step    960 container[2] at 0.005 [um], t= 8.605 [ps], E=511.177 [keV]
OPAL-X> * 09:00:48 Step    961 container[0] at 2.581 [mm], t= 8.610 [ps], E=871.181 [MeV]
OPAL-X> * 09:00:48 Step    961 container[1] at 0.005 [um], t= 8.610 [ps], E=511.297 [keV]
OPAL-X> * 09:00:48 Step    961 container[2] at 0.005 [um], t= 8.610 [ps], E=511.176 [keV]
OPAL-X> * 09:00:49 Step    962 container[0] at 2.583 [mm], t= 8.615 [ps], E=871.183 [MeV]
OPAL-X> * 09:00:49 Step    962 container[1] at 0.005 [um], t= 8.615 [ps], E=511.297 [keV]
OPAL-X> * 09:00:49 Step    962 container[2] at 0.005 [um], t= 8.615 [ps], E=511.176 [keV]
OPAL-X> * 09:00:49 Step    963 container[0] at 2.584 [mm], t= 8.620 [ps], E=871.185 [MeV]
OPAL-X> * 09:00:49 Step    963 container[1] at 0.005 [um], t= 8.620 [ps], E=511.298 [keV]
OPAL-X> * 09:00:49 Step    963 container[2] at 0.005 [um], t= 8.620 [ps], E=511.176 [keV]
OPAL-X> * 09:00:49 Step    964 container[0] at 2.586 [mm], t= 8.625 [ps], E=871.187 [MeV]
OPAL-X> * 09:00:49 Step    964 container[1] at 0.005 [um], t= 8.625 [ps], E=511.298 [keV]
OPAL-X> * 09:00:49 Step    964 container[2] at 0.005 [um], t= 8.625 [ps], E=511.176 [keV]
OPAL-X> * 09:00:49 Step    965 container[0] at 2.587 [mm], t= 8.630 [ps], E=871.189 [MeV]
OPAL-X> * 09:00:49 Step    965 container[1] at 0.005 [um], t= 8.630 [ps], E=511.299 [keV]
OPAL-X> * 09:00:49 Step    965 container[2] at 0.005 [um], t= 8.630 [ps], E=511.175 [keV]
OPAL-X> * 09:00:50 Step    966 container[0] at 2.589 [mm], t= 8.635 [ps], E=871.192 [MeV]
OPAL-X> * 09:00:50 Step    966 container[1] at 0.005 [um], t= 8.635 [ps], E=511.299 [keV]
OPAL-X> * 09:00:50 Step    966 container[2] at 0.005 [um], t= 8.635 [ps], E=511.175 [keV]
OPAL-X> * 09:00:50 Step    967 container[0] at 2.590 [mm], t= 8.640 [ps], E=871.194 [MeV]
OPAL-X> * 09:00:50 Step    967 container[1] at 0.005 [um], t= 8.640 [ps], E=511.300 [keV]
OPAL-X> * 09:00:50 Step    967 container[2] at 0.005 [um], t= 8.640 [ps], E=511.175 [keV]
OPAL-X> * 09:00:50 Step    968 container[0] at 2.592 [mm], t= 8.645 [ps], E=871.196 [MeV]
OPAL-X> * 09:00:50 Step    968 container[1] at 0.005 [um], t= 8.645 [ps], E=511.300 [keV]
OPAL-X> * 09:00:50 Step    968 container[2] at 0.005 [um], t= 8.645 [ps], E=511.175 [keV]
OPAL-X> * 09:00:50 Step    969 container[0] at 2.593 [mm], t= 8.650 [ps], E=871.198 [MeV]
OPAL-X> * 09:00:50 Step    969 container[1] at 0.005 [um], t= 8.650 [ps], E=511.301 [keV]
OPAL-X> * 09:00:50 Step    969 container[2] at 0.005 [um], t= 8.650 [ps], E=511.174 [keV]
OPAL-X> * 09:00:51 Step    970 container[0] at 2.595 [mm], t= 8.655 [ps], E=871.200 [MeV]
OPAL-X> * 09:00:51 Step    970 container[1] at 0.005 [um], t= 8.655 [ps], E=511.301 [keV]
OPAL-X> * 09:00:51 Step    970 container[2] at 0.005 [um], t= 8.655 [ps], E=511.174 [keV]
OPAL-X> * 09:00:51 Step    971 container[0] at 2.596 [mm], t= 8.660 [ps], E=871.202 [MeV]
OPAL-X> * 09:00:51 Step    971 container[1] at 0.005 [um], t= 8.660 [ps], E=511.302 [keV]
OPAL-X> * 09:00:51 Step    971 container[2] at 0.005 [um], t= 8.660 [ps], E=511.174 [keV]
OPAL-X> * 09:00:51 Step    972 container[0] at 2.598 [mm], t= 8.665 [ps], E=871.205 [MeV]
OPAL-X> * 09:00:51 Step    972 container[1] at 0.005 [um], t= 8.665 [ps], E=511.302 [keV]
OPAL-X> * 09:00:51 Step    972 container[2] at 0.005 [um], t= 8.665 [ps], E=511.174 [keV]
OPAL-X> * 09:00:51 Step    973 container[0] at 2.599 [mm], t= 8.670 [ps], E=871.207 [MeV]
OPAL-X> * 09:00:51 Step    973 container[1] at 0.005 [um], t= 8.670 [ps], E=511.303 [keV]
OPAL-X> * 09:00:51 Step    973 container[2] at 0.005 [um], t= 8.670 [ps], E=511.173 [keV]
OPAL-X> * 09:00:52 Step    974 container[0] at 2.601 [mm], t= 8.675 [ps], E=871.209 [MeV]
OPAL-X> * 09:00:52 Step    974 container[1] at 0.005 [um], t= 8.675 [ps], E=511.303 [keV]
OPAL-X> * 09:00:52 Step    974 container[2] at 0.005 [um], t= 8.675 [ps], E=511.173 [keV]
OPAL-X> * 09:00:52 Step    975 container[0] at 2.602 [mm], t= 8.680 [ps], E=871.211 [MeV]
OPAL-X> * 09:00:52 Step    975 container[1] at 0.005 [um], t= 8.680 [ps], E=511.304 [keV]
OPAL-X> * 09:00:52 Step    975 container[2] at 0.005 [um], t= 8.680 [ps], E=511.173 [keV]
OPAL-X> * 09:00:52 Step    976 container[0] at 2.604 [mm], t= 8.685 [ps], E=871.213 [MeV]
OPAL-X> * 09:00:52 Step    976 container[1] at 0.005 [um], t= 8.685 [ps], E=511.304 [keV]
OPAL-X> * 09:00:52 Step    976 container[2] at 0.005 [um], t= 8.685 [ps], E=511.172 [keV]
OPAL-X> * 09:00:53 Step    977 container[0] at 2.605 [mm], t= 8.690 [ps], E=871.215 [MeV]
OPAL-X> * 09:00:53 Step    977 container[1] at 0.005 [um], t= 8.690 [ps], E=511.305 [keV]
OPAL-X> * 09:00:53 Step    977 container[2] at 0.005 [um], t= 8.690 [ps], E=511.172 [keV]
OPAL-X> * 09:00:53 Step    978 container[0] at 2.607 [mm], t= 8.695 [ps], E=871.218 [MeV]
OPAL-X> * 09:00:53 Step    978 container[1] at 0.005 [um], t= 8.695 [ps], E=511.305 [keV]
OPAL-X> * 09:00:53 Step    978 container[2] at 0.005 [um], t= 8.695 [ps], E=511.172 [keV]
OPAL-X> * 09:00:53 Step    979 container[0] at 2.608 [mm], t= 8.700 [ps], E=871.220 [MeV]
OPAL-X> * 09:00:53 Step    979 container[1] at 0.005 [um], t= 8.700 [ps], E=511.306 [keV]
OPAL-X> * 09:00:53 Step    979 container[2] at 0.005 [um], t= 8.700 [ps], E=511.172 [keV]
OPAL-X> * 09:00:53 Step    980 container[0] at 2.610 [mm], t= 8.705 [ps], E=871.222 [MeV]
OPAL-X> * 09:00:53 Step    980 container[1] at 0.005 [um], t= 8.705 [ps], E=511.307 [keV]
OPAL-X> * 09:00:53 Step    980 container[2] at 0.005 [um], t= 8.705 [ps], E=511.171 [keV]
OPAL-X> * 09:00:54 Step    981 container[0] at 2.611 [mm], t= 8.710 [ps], E=871.224 [MeV]
OPAL-X> * 09:00:54 Step    981 container[1] at 0.005 [um], t= 8.710 [ps], E=511.307 [keV]
OPAL-X> * 09:00:54 Step    981 container[2] at 0.005 [um], t= 8.710 [ps], E=511.171 [keV]
OPAL-X> * 09:00:54 Step    982 container[0] at 2.613 [mm], t= 8.715 [ps], E=871.226 [MeV]
OPAL-X> * 09:00:54 Step    982 container[1] at 0.005 [um], t= 8.715 [ps], E=511.308 [keV]
OPAL-X> * 09:00:54 Step    982 container[2] at 0.005 [um], t= 8.715 [ps], E=511.171 [keV]
OPAL-X> * 09:00:54 Step    983 container[0] at 2.614 [mm], t= 8.720 [ps], E=871.228 [MeV]
OPAL-X> * 09:00:54 Step    983 container[1] at 0.005 [um], t= 8.720 [ps], E=511.308 [keV]
OPAL-X> * 09:00:54 Step    983 container[2] at 0.005 [um], t= 8.720 [ps], E=511.170 [keV]
OPAL-X> * 09:00:54 Step    984 container[0] at 2.616 [mm], t= 8.725 [ps], E=871.231 [MeV]
OPAL-X> * 09:00:54 Step    984 container[1] at 0.005 [um], t= 8.725 [ps], E=511.309 [keV]
OPAL-X> * 09:00:54 Step    984 container[2] at 0.005 [um], t= 8.725 [ps], E=511.170 [keV]
OPAL-X> * 09:00:55 Step    985 container[0] at 2.617 [mm], t= 8.730 [ps], E=871.233 [MeV]
OPAL-X> * 09:00:55 Step    985 container[1] at 0.005 [um], t= 8.730 [ps], E=511.309 [keV]
OPAL-X> * 09:00:55 Step    985 container[2] at 0.005 [um], t= 8.730 [ps], E=511.170 [keV]
OPAL-X> * 09:00:55 Step    986 container[0] at 2.619 [mm], t= 8.735 [ps], E=871.235 [MeV]
OPAL-X> * 09:00:55 Step    986 container[1] at 0.005 [um], t= 8.735 [ps], E=511.310 [keV]
OPAL-X> * 09:00:55 Step    986 container[2] at 0.005 [um], t= 8.735 [ps], E=511.169 [keV]
OPAL-X> * 09:00:55 Step    987 container[0] at 2.620 [mm], t= 8.740 [ps], E=871.237 [MeV]
OPAL-X> * 09:00:55 Step    987 container[1] at 0.005 [um], t= 8.740 [ps], E=511.310 [keV]
OPAL-X> * 09:00:55 Step    987 container[2] at 0.005 [um], t= 8.740 [ps], E=511.169 [keV]
OPAL-X> * 09:00:55 Step    988 container[0] at 2.622 [mm], t= 8.745 [ps], E=871.239 [MeV]
OPAL-X> * 09:00:55 Step    988 container[1] at 0.005 [um], t= 8.745 [ps], E=511.311 [keV]
OPAL-X> * 09:00:55 Step    988 container[2] at 0.005 [um], t= 8.745 [ps], E=511.169 [keV]
OPAL-X> * 09:00:56 Step    989 container[0] at 2.623 [mm], t= 8.750 [ps], E=871.241 [MeV]
OPAL-X> * 09:00:56 Step    989 container[1] at 0.005 [um], t= 8.750 [ps], E=511.312 [keV]
OPAL-X> * 09:00:56 Step    989 container[2] at 0.005 [um], t= 8.750 [ps], E=511.168 [keV]
OPAL-X> * 09:00:56 Step    990 container[0] at 2.625 [mm], t= 8.755 [ps], E=871.243 [MeV]
OPAL-X> * 09:00:56 Step    990 container[1] at 0.005 [um], t= 8.755 [ps], E=511.312 [keV]
OPAL-X> * 09:00:56 Step    990 container[2] at 0.005 [um], t= 8.755 [ps], E=511.168 [keV]
OPAL-X> * 09:00:56 Step    991 container[0] at 2.626 [mm], t= 8.760 [ps], E=871.246 [MeV]
OPAL-X> * 09:00:56 Step    991 container[1] at 0.005 [um], t= 8.760 [ps], E=511.313 [keV]
OPAL-X> * 09:00:56 Step    991 container[2] at 0.005 [um], t= 8.760 [ps], E=511.168 [keV]
OPAL-X> * 09:00:57 Step    992 container[0] at 2.628 [mm], t= 8.765 [ps], E=871.248 [MeV]
OPAL-X> * 09:00:57 Step    992 container[1] at 0.005 [um], t= 8.765 [ps], E=511.313 [keV]
OPAL-X> * 09:00:57 Step    992 container[2] at 0.005 [um], t= 8.765 [ps], E=511.167 [keV]
OPAL-X> * 09:00:57 Step    993 container[0] at 2.629 [mm], t= 8.770 [ps], E=871.250 [MeV]
OPAL-X> * 09:00:57 Step    993 container[1] at 0.005 [um], t= 8.770 [ps], E=511.314 [keV]
OPAL-X> * 09:00:57 Step    993 container[2] at 0.005 [um], t= 8.770 [ps], E=511.167 [keV]
OPAL-X> * 09:00:57 Step    994 container[0] at 2.631 [mm], t= 8.775 [ps], E=871.252 [MeV]
OPAL-X> * 09:00:57 Step    994 container[1] at 0.005 [um], t= 8.775 [ps], E=511.314 [keV]
OPAL-X> * 09:00:57 Step    994 container[2] at 0.005 [um], t= 8.775 [ps], E=511.167 [keV]
OPAL-X> * 09:00:57 Step    995 container[0] at 2.632 [mm], t= 8.780 [ps], E=871.254 [MeV]
OPAL-X> * 09:00:57 Step    995 container[1] at 0.005 [um], t= 8.780 [ps], E=511.315 [keV]
OPAL-X> * 09:00:57 Step    995 container[2] at 0.005 [um], t= 8.780 [ps], E=511.166 [keV]
OPAL-X> * 09:00:58 Step    996 container[0] at 2.634 [mm], t= 8.785 [ps], E=871.256 [MeV]
OPAL-X> * 09:00:58 Step    996 container[1] at 0.005 [um], t= 8.785 [ps], E=511.316 [keV]
OPAL-X> * 09:00:58 Step    996 container[2] at 0.005 [um], t= 8.785 [ps], E=511.166 [keV]
OPAL-X> * 09:00:58 Step    997 container[0] at 2.635 [mm], t= 8.790 [ps], E=871.258 [MeV]
OPAL-X> * 09:00:58 Step    997 container[1] at 0.005 [um], t= 8.790 [ps], E=511.316 [keV]
OPAL-X> * 09:00:58 Step    997 container[2] at 0.005 [um], t= 8.790 [ps], E=511.166 [keV]
OPAL-X> * 09:00:58 Step    998 container[0] at 2.637 [mm], t= 8.795 [ps], E=871.260 [MeV]
OPAL-X> * 09:00:58 Step    998 container[1] at 0.005 [um], t= 8.795 [ps], E=511.317 [keV]
OPAL-X> * 09:00:58 Step    998 container[2] at 0.005 [um], t= 8.795 [ps], E=511.165 [keV]
OPAL-X> * 09:00:58 Step    999 container[0] at 2.638 [mm], t= 8.800 [ps], E=871.262 [MeV]
OPAL-X> * 09:00:58 Step    999 container[1] at 0.005 [um], t= 8.800 [ps], E=511.317 [keV]
OPAL-X> * 09:00:58 Step    999 container[2] at 0.005 [um], t= 8.800 [ps], E=511.165 [keV]
OPAL-X> * 09:00:59 Step   1000 container[0] at 2.640 [mm], t= 8.805 [ps], E=871.265 [MeV]
OPAL-X> * 09:00:59 Step   1000 container[1] at 0.005 [um], t= 8.805 [ps], E=511.318 [keV]
OPAL-X> * 09:00:59 Step   1000 container[2] at 0.005 [um], t= 8.805 [ps], E=511.165 [keV]
OPAL-X> * 09:00:59 Step   1001 container[0] at 2.641 [mm], t= 8.810 [ps], E=871.267 [MeV]
OPAL-X> * 09:00:59 Step   1001 container[1] at 0.005 [um], t= 8.810 [ps], E=511.319 [keV]
OPAL-X> * 09:00:59 Step   1001 container[2] at 0.005 [um], t= 8.810 [ps], E=511.164 [keV]
OPAL-X> * 09:00:59 Step   1002 container[0] at 2.643 [mm], t= 8.815 [ps], E=871.269 [MeV]
OPAL-X> * 09:00:59 Step   1002 container[1] at 0.005 [um], t= 8.815 [ps], E=511.319 [keV]
OPAL-X> * 09:00:59 Step   1002 container[2] at 0.005 [um], t= 8.815 [ps], E=511.164 [keV]
OPAL-X> * 09:00:59 Step   1003 container[0] at 2.644 [mm], t= 8.820 [ps], E=871.271 [MeV]
OPAL-X> * 09:00:59 Step   1003 container[1] at 0.005 [um], t= 8.820 [ps], E=511.320 [keV]
OPAL-X> * 09:00:59 Step   1003 container[2] at 0.005 [um], t= 8.820 [ps], E=511.164 [keV]
OPAL-X> * 09:01:00 Step   1004 container[0] at 2.646 [mm], t= 8.825 [ps], E=871.273 [MeV]
OPAL-X> * 09:01:00 Step   1004 container[1] at 0.005 [um], t= 8.825 [ps], E=511.320 [keV]
OPAL-X> * 09:01:00 Step   1004 container[2] at 0.005 [um], t= 8.825 [ps], E=511.163 [keV]
OPAL-X> * 09:01:00 Step   1005 container[0] at 2.647 [mm], t= 8.830 [ps], E=871.275 [MeV]
OPAL-X> * 09:01:00 Step   1005 container[1] at 0.005 [um], t= 8.830 [ps], E=511.321 [keV]
OPAL-X> * 09:01:00 Step   1005 container[2] at 0.005 [um], t= 8.830 [ps], E=511.163 [keV]
OPAL-X> * 09:01:00 Step   1006 container[0] at 2.649 [mm], t= 8.835 [ps], E=871.277 [MeV]
OPAL-X> * 09:01:00 Step   1006 container[1] at 0.005 [um], t= 8.835 [ps], E=511.322 [keV]
OPAL-X> * 09:01:00 Step   1006 container[2] at 0.005 [um], t= 8.835 [ps], E=511.163 [keV]
OPAL-X> * 09:01:00 Step   1007 container[0] at 2.650 [mm], t= 8.840 [ps], E=871.279 [MeV]
OPAL-X> * 09:01:00 Step   1007 container[1] at 0.005 [um], t= 8.840 [ps], E=511.322 [keV]
OPAL-X> * 09:01:00 Step   1007 container[2] at 0.005 [um], t= 8.840 [ps], E=511.162 [keV]
OPAL-X> * 09:01:01 Step   1008 container[0] at 2.652 [mm], t= 8.845 [ps], E=871.281 [MeV]
OPAL-X> * 09:01:01 Step   1008 container[1] at 0.005 [um], t= 8.845 [ps], E=511.323 [keV]
OPAL-X> * 09:01:01 Step   1008 container[2] at 0.005 [um], t= 8.845 [ps], E=511.162 [keV]
OPAL-X> * 09:01:01 Step   1009 container[0] at 2.653 [mm], t= 8.850 [ps], E=871.283 [MeV]
OPAL-X> * 09:01:01 Step   1009 container[1] at 0.005 [um], t= 8.850 [ps], E=511.324 [keV]
OPAL-X> * 09:01:01 Step   1009 container[2] at 0.005 [um], t= 8.850 [ps], E=511.162 [keV]
OPAL-X> * 09:01:01 Step   1010 container[0] at 2.655 [mm], t= 8.855 [ps], E=871.286 [MeV]
OPAL-X> * 09:01:01 Step   1010 container[1] at 0.005 [um], t= 8.855 [ps], E=511.324 [keV]
OPAL-X> * 09:01:01 Step   1010 container[2] at 0.005 [um], t= 8.855 [ps], E=511.161 [keV]
OPAL-X> * 09:01:02 Step   1011 container[0] at 2.656 [mm], t= 8.860 [ps], E=871.288 [MeV]
OPAL-X> * 09:01:02 Step   1011 container[1] at 0.005 [um], t= 8.860 [ps], E=511.325 [keV]
OPAL-X> * 09:01:02 Step   1011 container[2] at 0.005 [um], t= 8.860 [ps], E=511.161 [keV]
OPAL-X> * 09:01:02 Step   1012 container[0] at 2.658 [mm], t= 8.865 [ps], E=871.290 [MeV]
OPAL-X> * 09:01:02 Step   1012 container[1] at 0.005 [um], t= 8.865 [ps], E=511.325 [keV]
OPAL-X> * 09:01:02 Step   1012 container[2] at 0.005 [um], t= 8.865 [ps], E=511.160 [keV]
OPAL-X> * 09:01:02 Step   1013 container[0] at 2.659 [mm], t= 8.870 [ps], E=871.292 [MeV]
OPAL-X> * 09:01:02 Step   1013 container[1] at 0.005 [um], t= 8.870 [ps], E=511.326 [keV]
OPAL-X> * 09:01:02 Step   1013 container[2] at 0.005 [um], t= 8.870 [ps], E=511.160 [keV]
OPAL-X> * 09:01:02 Step   1014 container[0] at 2.661 [mm], t= 8.875 [ps], E=871.294 [MeV]
OPAL-X> * 09:01:02 Step   1014 container[1] at 0.005 [um], t= 8.875 [ps], E=511.327 [keV]
OPAL-X> * 09:01:02 Step   1014 container[2] at 0.005 [um], t= 8.875 [ps], E=511.160 [keV]
OPAL-X> * 09:01:03 Step   1015 container[0] at 2.662 [mm], t= 8.880 [ps], E=871.296 [MeV]
OPAL-X> * 09:01:03 Step   1015 container[1] at 0.005 [um], t= 8.880 [ps], E=511.327 [keV]
OPAL-X> * 09:01:03 Step   1015 container[2] at 0.005 [um], t= 8.880 [ps], E=511.159 [keV]
OPAL-X> * 09:01:03 Step   1016 container[0] at 2.664 [mm], t= 8.885 [ps], E=871.298 [MeV]
OPAL-X> * 09:01:03 Step   1016 container[1] at 0.005 [um], t= 8.885 [ps], E=511.328 [keV]
OPAL-X> * 09:01:03 Step   1016 container[2] at 0.005 [um], t= 8.885 [ps], E=511.159 [keV]
OPAL-X> * 09:01:03 Step   1017 container[0] at 2.665 [mm], t= 8.890 [ps], E=871.300 [MeV]
OPAL-X> * 09:01:03 Step   1017 container[1] at 0.005 [um], t= 8.890 [ps], E=511.329 [keV]
OPAL-X> * 09:01:03 Step   1017 container[2] at 0.005 [um], t= 8.890 [ps], E=511.159 [keV]
OPAL-X> * 09:01:03 Step   1018 container[0] at 2.667 [mm], t= 8.895 [ps], E=871.302 [MeV]
OPAL-X> * 09:01:03 Step   1018 container[1] at 0.005 [um], t= 8.895 [ps], E=511.329 [keV]
OPAL-X> * 09:01:03 Step   1018 container[2] at 0.005 [um], t= 8.895 [ps], E=511.158 [keV]
OPAL-X> * 09:01:04 Step   1019 container[0] at 2.668 [mm], t= 8.900 [ps], E=871.304 [MeV]
OPAL-X> * 09:01:04 Step   1019 container[1] at 0.005 [um], t= 8.900 [ps], E=511.330 [keV]
OPAL-X> * 09:01:04 Step   1019 container[2] at 0.005 [um], t= 8.900 [ps], E=511.158 [keV]
OPAL-X> * 09:01:04 Step   1020 container[0] at 2.670 [mm], t= 8.905 [ps], E=871.306 [MeV]
OPAL-X> * 09:01:04 Step   1020 container[1] at 0.005 [um], t= 8.905 [ps], E=511.331 [keV]
OPAL-X> * 09:01:04 Step   1020 container[2] at 0.005 [um], t= 8.905 [ps], E=511.158 [keV]
OPAL-X> * 09:01:04 Step   1021 container[0] at 2.671 [mm], t= 8.910 [ps], E=871.308 [MeV]
OPAL-X> * 09:01:04 Step   1021 container[1] at 0.005 [um], t= 8.910 [ps], E=511.331 [keV]
OPAL-X> * 09:01:04 Step   1021 container[2] at 0.005 [um], t= 8.910 [ps], E=511.157 [keV]
OPAL-X> * 09:01:04 Step   1022 container[0] at 2.673 [mm], t= 8.915 [ps], E=871.310 [MeV]
OPAL-X> * 09:01:04 Step   1022 container[1] at 0.005 [um], t= 8.915 [ps], E=511.332 [keV]
OPAL-X> * 09:01:04 Step   1022 container[2] at 0.005 [um], t= 8.915 [ps], E=511.157 [keV]
OPAL-X> * 09:01:05 Step   1023 container[0] at 2.674 [mm], t= 8.920 [ps], E=871.313 [MeV]
OPAL-X> * 09:01:05 Step   1023 container[1] at 0.005 [um], t= 8.920 [ps], E=511.333 [keV]
OPAL-X> * 09:01:05 Step   1023 container[2] at 0.005 [um], t= 8.920 [ps], E=511.156 [keV]
OPAL-X> * 09:01:05 Step   1024 container[0] at 2.676 [mm], t= 8.925 [ps], E=871.315 [MeV]
OPAL-X> * 09:01:05 Step   1024 container[1] at 0.005 [um], t= 8.925 [ps], E=511.333 [keV]
OPAL-X> * 09:01:05 Step   1024 container[2] at 0.005 [um], t= 8.925 [ps], E=511.156 [keV]
OPAL-X> * 09:01:05 Step   1025 container[0] at 2.677 [mm], t= 8.930 [ps], E=871.317 [MeV]
OPAL-X> * 09:01:05 Step   1025 container[1] at 0.005 [um], t= 8.930 [ps], E=511.334 [keV]
OPAL-X> * 09:01:05 Step   1025 container[2] at 0.005 [um], t= 8.930 [ps], E=511.156 [keV]
OPAL-X> * 09:01:05 Step   1026 container[0] at 2.679 [mm], t= 8.935 [ps], E=871.319 [MeV]
OPAL-X> * 09:01:05 Step   1026 container[1] at 0.005 [um], t= 8.935 [ps], E=511.335 [keV]
OPAL-X> * 09:01:05 Step   1026 container[2] at 0.005 [um], t= 8.935 [ps], E=511.155 [keV]
OPAL-X> * 09:01:06 Step   1027 container[0] at 2.680 [mm], t= 8.940 [ps], E=871.321 [MeV]
OPAL-X> * 09:01:06 Step   1027 container[1] at 0.005 [um], t= 8.940 [ps], E=511.335 [keV]
OPAL-X> * 09:01:06 Step   1027 container[2] at 0.005 [um], t= 8.940 [ps], E=511.155 [keV]
OPAL-X> * 09:01:06 Step   1028 container[0] at 2.682 [mm], t= 8.945 [ps], E=871.323 [MeV]
OPAL-X> * 09:01:06 Step   1028 container[1] at 0.005 [um], t= 8.945 [ps], E=511.336 [keV]
OPAL-X> * 09:01:06 Step   1028 container[2] at 0.005 [um], t= 8.945 [ps], E=511.154 [keV]
OPAL-X> * 09:01:06 Step   1029 container[0] at 2.683 [mm], t= 8.950 [ps], E=871.325 [MeV]
OPAL-X> * 09:01:06 Step   1029 container[1] at 0.005 [um], t= 8.950 [ps], E=511.337 [keV]
OPAL-X> * 09:01:06 Step   1029 container[2] at 0.005 [um], t= 8.950 [ps], E=511.154 [keV]
OPAL-X> * 09:01:06 Step   1030 container[0] at 2.685 [mm], t= 8.955 [ps], E=871.327 [MeV]
OPAL-X> * 09:01:06 Step   1030 container[1] at 0.005 [um], t= 8.955 [ps], E=511.337 [keV]
OPAL-X> * 09:01:06 Step   1030 container[2] at 0.005 [um], t= 8.955 [ps], E=511.154 [keV]
OPAL-X> * 09:01:07 Step   1031 container[0] at 2.686 [mm], t= 8.960 [ps], E=871.329 [MeV]
OPAL-X> * 09:01:07 Step   1031 container[1] at 0.005 [um], t= 8.960 [ps], E=511.338 [keV]
OPAL-X> * 09:01:07 Step   1031 container[2] at 0.005 [um], t= 8.960 [ps], E=511.153 [keV]
OPAL-X> * 09:01:07 Step   1032 container[0] at 2.688 [mm], t= 8.965 [ps], E=871.331 [MeV]
OPAL-X> * 09:01:07 Step   1032 container[1] at 0.005 [um], t= 8.965 [ps], E=511.339 [keV]
OPAL-X> * 09:01:07 Step   1032 container[2] at 0.005 [um], t= 8.965 [ps], E=511.153 [keV]
OPAL-X> * 09:01:07 Step   1033 container[0] at 2.689 [mm], t= 8.970 [ps], E=871.333 [MeV]
OPAL-X> * 09:01:07 Step   1033 container[1] at 0.005 [um], t= 8.970 [ps], E=511.339 [keV]
OPAL-X> * 09:01:07 Step   1033 container[2] at 0.005 [um], t= 8.970 [ps], E=511.153 [keV]
OPAL-X> * 09:01:07 Step   1034 container[0] at 2.691 [mm], t= 8.975 [ps], E=871.335 [MeV]
OPAL-X> * 09:01:07 Step   1034 container[1] at 0.005 [um], t= 8.975 [ps], E=511.340 [keV]
OPAL-X> * 09:01:07 Step   1034 container[2] at 0.005 [um], t= 8.975 [ps], E=511.152 [keV]
OPAL-X> * 09:01:08 Step   1035 container[0] at 2.692 [mm], t= 8.980 [ps], E=871.337 [MeV]
OPAL-X> * 09:01:08 Step   1035 container[1] at 0.005 [um], t= 8.980 [ps], E=511.341 [keV]
OPAL-X> * 09:01:08 Step   1035 container[2] at 0.005 [um], t= 8.980 [ps], E=511.152 [keV]
OPAL-X> * 09:01:08 Step   1036 container[0] at 2.694 [mm], t= 8.985 [ps], E=871.339 [MeV]
OPAL-X> * 09:01:08 Step   1036 container[1] at 0.005 [um], t= 8.985 [ps], E=511.341 [keV]
OPAL-X> * 09:01:08 Step   1036 container[2] at 0.005 [um], t= 8.985 [ps], E=511.151 [keV]
OPAL-X> * 09:01:08 Step   1037 container[0] at 2.695 [mm], t= 8.990 [ps], E=871.341 [MeV]
OPAL-X> * 09:01:08 Step   1037 container[1] at 0.005 [um], t= 8.990 [ps], E=511.342 [keV]
OPAL-X> * 09:01:08 Step   1037 container[2] at 0.005 [um], t= 8.990 [ps], E=511.151 [keV]
OPAL-X> * 09:01:08 Step   1038 container[0] at 2.697 [mm], t= 8.995 [ps], E=871.343 [MeV]
OPAL-X> * 09:01:08 Step   1038 container[1] at 0.005 [um], t= 8.995 [ps], E=511.343 [keV]
OPAL-X> * 09:01:08 Step   1038 container[2] at 0.005 [um], t= 8.995 [ps], E=511.151 [keV]
OPAL-X> * 09:01:09 Step   1039 container[0] at 2.698 [mm], t= 9.000 [ps], E=871.345 [MeV]
OPAL-X> * 09:01:09 Step   1039 container[1] at 0.005 [um], t= 9.000 [ps], E=511.343 [keV]
OPAL-X> * 09:01:09 Step   1039 container[2] at 0.005 [um], t= 9.000 [ps], E=511.150 [keV]
OPAL-X> * 09:01:09 Step   1040 container[0] at 2.700 [mm], t= 9.005 [ps], E=871.347 [MeV]
OPAL-X> * 09:01:09 Step   1040 container[1] at 0.005 [um], t= 9.005 [ps], E=511.344 [keV]
OPAL-X> * 09:01:09 Step   1040 container[2] at 0.005 [um], t= 9.005 [ps], E=511.150 [keV]
OPAL-X> * 09:01:09 Step   1041 container[0] at 2.701 [mm], t= 9.010 [ps], E=871.349 [MeV]
OPAL-X> * 09:01:09 Step   1041 container[1] at 0.005 [um], t= 9.010 [ps], E=511.345 [keV]
OPAL-X> * 09:01:09 Step   1041 container[2] at 0.005 [um], t= 9.010 [ps], E=511.149 [keV]
OPAL-X> * 09:01:09 Step   1042 container[0] at 2.703 [mm], t= 9.015 [ps], E=871.351 [MeV]
OPAL-X> * 09:01:09 Step   1042 container[1] at 0.005 [um], t= 9.015 [ps], E=511.345 [keV]
OPAL-X> * 09:01:09 Step   1042 container[2] at 0.005 [um], t= 9.015 [ps], E=511.149 [keV]
OPAL-X> * 09:01:10 Step   1043 container[0] at 2.704 [mm], t= 9.020 [ps], E=871.353 [MeV]
OPAL-X> * 09:01:10 Step   1043 container[1] at 0.005 [um], t= 9.020 [ps], E=511.346 [keV]
OPAL-X> * 09:01:10 Step   1043 container[2] at 0.005 [um], t= 9.020 [ps], E=511.149 [keV]
OPAL-X> * 09:01:10 Step   1044 container[0] at 2.706 [mm], t= 9.025 [ps], E=871.355 [MeV]
OPAL-X> * 09:01:10 Step   1044 container[1] at 0.005 [um], t= 9.025 [ps], E=511.347 [keV]
OPAL-X> * 09:01:10 Step   1044 container[2] at 0.005 [um], t= 9.025 [ps], E=511.148 [keV]
OPAL-X> * 09:01:10 Step   1045 container[0] at 2.707 [mm], t= 9.030 [ps], E=871.357 [MeV]
OPAL-X> * 09:01:10 Step   1045 container[1] at 0.005 [um], t= 9.030 [ps], E=511.347 [keV]
OPAL-X> * 09:01:10 Step   1045 container[2] at 0.005 [um], t= 9.030 [ps], E=511.148 [keV]
OPAL-X> * 09:01:11 Step   1046 container[0] at 2.709 [mm], t= 9.035 [ps], E=871.359 [MeV]
OPAL-X> * 09:01:11 Step   1046 container[1] at 0.005 [um], t= 9.035 [ps], E=511.348 [keV]
OPAL-X> * 09:01:11 Step   1046 container[2] at 0.005 [um], t= 9.035 [ps], E=511.147 [keV]
OPAL-X> * 09:01:11 Step   1047 container[0] at 2.710 [mm], t= 9.040 [ps], E=871.361 [MeV]
OPAL-X> * 09:01:11 Step   1047 container[1] at 0.005 [um], t= 9.040 [ps], E=511.349 [keV]
OPAL-X> * 09:01:11 Step   1047 container[2] at 0.005 [um], t= 9.040 [ps], E=511.147 [keV]
OPAL-X> * 09:01:11 Step   1048 container[0] at 2.712 [mm], t= 9.045 [ps], E=871.363 [MeV]
OPAL-X> * 09:01:11 Step   1048 container[1] at 0.005 [um], t= 9.045 [ps], E=511.349 [keV]
OPAL-X> * 09:01:11 Step   1048 container[2] at 0.005 [um], t= 9.045 [ps], E=511.146 [keV]
OPAL-X> * 09:01:11 Step   1049 container[0] at 2.713 [mm], t= 9.050 [ps], E=871.365 [MeV]
OPAL-X> * 09:01:11 Step   1049 container[1] at 0.005 [um], t= 9.050 [ps], E=511.350 [keV]
OPAL-X> * 09:01:11 Step   1049 container[2] at 0.005 [um], t= 9.050 [ps], E=511.146 [keV]
OPAL-X> * 09:01:12 Step   1050 container[0] at 2.715 [mm], t= 9.055 [ps], E=871.367 [MeV]
OPAL-X> * 09:01:12 Step   1050 container[1] at 0.005 [um], t= 9.055 [ps], E=511.351 [keV]
OPAL-X> * 09:01:12 Step   1050 container[2] at 0.005 [um], t= 9.055 [ps], E=511.146 [keV]
OPAL-X> * 09:01:12 Step   1051 container[0] at 2.716 [mm], t= 9.060 [ps], E=871.369 [MeV]
OPAL-X> * 09:01:12 Step   1051 container[1] at 0.005 [um], t= 9.060 [ps], E=511.351 [keV]
OPAL-X> * 09:01:12 Step   1051 container[2] at 0.005 [um], t= 9.060 [ps], E=511.145 [keV]
OPAL-X> * 09:01:12 Step   1052 container[0] at 2.718 [mm], t= 9.065 [ps], E=871.371 [MeV]
OPAL-X> * 09:01:12 Step   1052 container[1] at 0.005 [um], t= 9.065 [ps], E=511.352 [keV]
OPAL-X> * 09:01:12 Step   1052 container[2] at 0.005 [um], t= 9.065 [ps], E=511.145 [keV]
OPAL-X> * 09:01:12 Step   1053 container[0] at 2.719 [mm], t= 9.070 [ps], E=871.373 [MeV]
OPAL-X> * 09:01:12 Step   1053 container[1] at 0.005 [um], t= 9.070 [ps], E=511.353 [keV]
OPAL-X> * 09:01:12 Step   1053 container[2] at 0.005 [um], t= 9.070 [ps], E=511.144 [keV]
OPAL-X> * 09:01:13 Step   1054 container[0] at 2.721 [mm], t= 9.075 [ps], E=871.375 [MeV]
OPAL-X> * 09:01:13 Step   1054 container[1] at 0.005 [um], t= 9.075 [ps], E=511.353 [keV]
OPAL-X> * 09:01:13 Step   1054 container[2] at 0.005 [um], t= 9.075 [ps], E=511.144 [keV]
OPAL-X> * 09:01:13 Step   1055 container[0] at 2.722 [mm], t= 9.080 [ps], E=871.377 [MeV]
OPAL-X> * 09:01:13 Step   1055 container[1] at 0.005 [um], t= 9.080 [ps], E=511.354 [keV]
OPAL-X> * 09:01:13 Step   1055 container[2] at 0.005 [um], t= 9.080 [ps], E=511.144 [keV]
OPAL-X> * 09:01:13 Step   1056 container[0] at 2.724 [mm], t= 9.085 [ps], E=871.379 [MeV]
OPAL-X> * 09:01:13 Step   1056 container[1] at 0.005 [um], t= 9.085 [ps], E=511.355 [keV]
OPAL-X> * 09:01:13 Step   1056 container[2] at 0.005 [um], t= 9.085 [ps], E=511.143 [keV]
OPAL-X> * 09:01:13 Step   1057 container[0] at 2.725 [mm], t= 9.090 [ps], E=871.381 [MeV]
OPAL-X> * 09:01:13 Step   1057 container[1] at 0.005 [um], t= 9.090 [ps], E=511.355 [keV]
OPAL-X> * 09:01:13 Step   1057 container[2] at 0.005 [um], t= 9.090 [ps], E=511.143 [keV]
OPAL-X> * 09:01:14 Step   1058 container[0] at 2.727 [mm], t= 9.095 [ps], E=871.383 [MeV]
OPAL-X> * 09:01:14 Step   1058 container[1] at 0.005 [um], t= 9.095 [ps], E=511.356 [keV]
OPAL-X> * 09:01:14 Step   1058 container[2] at 0.005 [um], t= 9.095 [ps], E=511.142 [keV]
OPAL-X> * 09:01:14 Step   1059 container[0] at 2.728 [mm], t= 9.100 [ps], E=871.385 [MeV]
OPAL-X> * 09:01:14 Step   1059 container[1] at 0.005 [um], t= 9.100 [ps], E=511.357 [keV]
OPAL-X> * 09:01:14 Step   1059 container[2] at 0.005 [um], t= 9.100 [ps], E=511.142 [keV]
OPAL-X> * 09:01:14 Step   1060 container[0] at 2.730 [mm], t= 9.105 [ps], E=871.387 [MeV]
OPAL-X> * 09:01:14 Step   1060 container[1] at 0.005 [um], t= 9.105 [ps], E=511.358 [keV]
OPAL-X> * 09:01:14 Step   1060 container[2] at 0.005 [um], t= 9.105 [ps], E=511.141 [keV]
OPAL-X> * 09:01:14 Step   1061 container[0] at 2.731 [mm], t= 9.110 [ps], E=871.389 [MeV]
OPAL-X> * 09:01:14 Step   1061 container[1] at 0.005 [um], t= 9.110 [ps], E=511.358 [keV]
OPAL-X> * 09:01:14 Step   1061 container[2] at 0.005 [um], t= 9.110 [ps], E=511.141 [keV]
OPAL-X> * 09:01:15 Step   1062 container[0] at 2.733 [mm], t= 9.115 [ps], E=871.391 [MeV]
OPAL-X> * 09:01:15 Step   1062 container[1] at 0.005 [um], t= 9.115 [ps], E=511.359 [keV]
OPAL-X> * 09:01:15 Step   1062 container[2] at 0.005 [um], t= 9.115 [ps], E=511.141 [keV]
OPAL-X> * 09:01:15 Step   1063 container[0] at 2.734 [mm], t= 9.120 [ps], E=871.393 [MeV]
OPAL-X> * 09:01:15 Step   1063 container[1] at 0.005 [um], t= 9.120 [ps], E=511.360 [keV]
OPAL-X> * 09:01:15 Step   1063 container[2] at 0.005 [um], t= 9.120 [ps], E=511.140 [keV]
OPAL-X> * 09:01:15 Step   1064 container[0] at 2.736 [mm], t= 9.125 [ps], E=871.395 [MeV]
OPAL-X> * 09:01:15 Step   1064 container[1] at 0.005 [um], t= 9.125 [ps], E=511.360 [keV]
OPAL-X> * 09:01:15 Step   1064 container[2] at 0.005 [um], t= 9.125 [ps], E=511.140 [keV]
OPAL-X> * 09:01:15 Step   1065 container[0] at 2.737 [mm], t= 9.130 [ps], E=871.397 [MeV]
OPAL-X> * 09:01:15 Step   1065 container[1] at 0.005 [um], t= 9.130 [ps], E=511.361 [keV]
OPAL-X> * 09:01:15 Step   1065 container[2] at 0.005 [um], t= 9.130 [ps], E=511.139 [keV]
OPAL-X> * 09:01:16 Step   1066 container[0] at 2.739 [mm], t= 9.135 [ps], E=871.399 [MeV]
OPAL-X> * 09:01:16 Step   1066 container[1] at 0.005 [um], t= 9.135 [ps], E=511.362 [keV]
OPAL-X> * 09:01:16 Step   1066 container[2] at 0.005 [um], t= 9.135 [ps], E=511.139 [keV]
OPAL-X> * 09:01:16 Step   1067 container[0] at 2.740 [mm], t= 9.140 [ps], E=871.401 [MeV]
OPAL-X> * 09:01:16 Step   1067 container[1] at 0.005 [um], t= 9.140 [ps], E=511.362 [keV]
OPAL-X> * 09:01:16 Step   1067 container[2] at 0.005 [um], t= 9.140 [ps], E=511.138 [keV]
OPAL-X> * 09:01:16 Step   1068 container[0] at 2.742 [mm], t= 9.145 [ps], E=871.403 [MeV]
OPAL-X> * 09:01:16 Step   1068 container[1] at 0.005 [um], t= 9.145 [ps], E=511.363 [keV]
OPAL-X> * 09:01:16 Step   1068 container[2] at 0.005 [um], t= 9.145 [ps], E=511.138 [keV]
OPAL-X> * 09:01:16 Step   1069 container[0] at 2.743 [mm], t= 9.150 [ps], E=871.405 [MeV]
OPAL-X> * 09:01:16 Step   1069 container[1] at 0.005 [um], t= 9.150 [ps], E=511.364 [keV]
OPAL-X> * 09:01:16 Step   1069 container[2] at 0.005 [um], t= 9.150 [ps], E=511.138 [keV]
OPAL-X> * 09:01:17 Step   1070 container[0] at 2.745 [mm], t= 9.155 [ps], E=871.407 [MeV]
OPAL-X> * 09:01:17 Step   1070 container[1] at 0.005 [um], t= 9.155 [ps], E=511.365 [keV]
OPAL-X> * 09:01:17 Step   1070 container[2] at 0.005 [um], t= 9.155 [ps], E=511.137 [keV]
OPAL-X> * 09:01:17 Step   1071 container[0] at 2.746 [mm], t= 9.160 [ps], E=871.409 [MeV]
OPAL-X> * 09:01:17 Step   1071 container[1] at 0.005 [um], t= 9.160 [ps], E=511.365 [keV]
OPAL-X> * 09:01:17 Step   1071 container[2] at 0.005 [um], t= 9.160 [ps], E=511.137 [keV]
OPAL-X> * 09:01:17 Step   1072 container[0] at 2.748 [mm], t= 9.165 [ps], E=871.411 [MeV]
OPAL-X> * 09:01:17 Step   1072 container[1] at 0.005 [um], t= 9.165 [ps], E=511.366 [keV]
OPAL-X> * 09:01:17 Step   1072 container[2] at 0.005 [um], t= 9.165 [ps], E=511.136 [keV]
OPAL-X> * 09:01:17 Step   1073 container[0] at 2.749 [mm], t= 9.170 [ps], E=871.413 [MeV]
OPAL-X> * 09:01:17 Step   1073 container[1] at 0.005 [um], t= 9.170 [ps], E=511.367 [keV]
OPAL-X> * 09:01:17 Step   1073 container[2] at 0.005 [um], t= 9.170 [ps], E=511.136 [keV]
OPAL-X> * 09:01:18 Step   1074 container[0] at 2.751 [mm], t= 9.175 [ps], E=871.415 [MeV]
OPAL-X> * 09:01:18 Step   1074 container[1] at 0.005 [um], t= 9.175 [ps], E=511.367 [keV]
OPAL-X> * 09:01:18 Step   1074 container[2] at 0.005 [um], t= 9.175 [ps], E=511.135 [keV]
OPAL-X> * 09:01:18 Step   1075 container[0] at 2.752 [mm], t= 9.180 [ps], E=871.417 [MeV]
OPAL-X> * 09:01:18 Step   1075 container[1] at 0.005 [um], t= 9.180 [ps], E=511.368 [keV]
OPAL-X> * 09:01:18 Step   1075 container[2] at 0.005 [um], t= 9.180 [ps], E=511.135 [keV]
OPAL-X> * 09:01:18 Step   1076 container[0] at 2.754 [mm], t= 9.185 [ps], E=871.419 [MeV]
OPAL-X> * 09:01:18 Step   1076 container[1] at 0.005 [um], t= 9.185 [ps], E=511.369 [keV]
OPAL-X> * 09:01:18 Step   1076 container[2] at 0.005 [um], t= 9.185 [ps], E=511.134 [keV]
OPAL-X> * 09:01:18 Step   1077 container[0] at 2.755 [mm], t= 9.190 [ps], E=871.421 [MeV]
OPAL-X> * 09:01:18 Step   1077 container[1] at 0.005 [um], t= 9.190 [ps], E=511.369 [keV]
OPAL-X> * 09:01:18 Step   1077 container[2] at 0.005 [um], t= 9.190 [ps], E=511.134 [keV]
OPAL-X> * 09:01:19 Step   1078 container[0] at 2.757 [mm], t= 9.195 [ps], E=871.423 [MeV]
OPAL-X> * 09:01:19 Step   1078 container[1] at 0.005 [um], t= 9.195 [ps], E=511.370 [keV]
OPAL-X> * 09:01:19 Step   1078 container[2] at 0.005 [um], t= 9.195 [ps], E=511.134 [keV]
OPAL-X> * 09:01:19 Step   1079 container[0] at 2.758 [mm], t= 9.200 [ps], E=871.425 [MeV]
OPAL-X> * 09:01:19 Step   1079 container[1] at 0.005 [um], t= 9.200 [ps], E=511.371 [keV]
OPAL-X> * 09:01:19 Step   1079 container[2] at 0.005 [um], t= 9.200 [ps], E=511.133 [keV]
OPAL-X> * 09:01:19 Step   1080 container[0] at 2.760 [mm], t= 9.205 [ps], E=871.427 [MeV]
OPAL-X> * 09:01:19 Step   1080 container[1] at 0.005 [um], t= 9.205 [ps], E=511.372 [keV]
OPAL-X> * 09:01:19 Step   1080 container[2] at 0.005 [um], t= 9.205 [ps], E=511.133 [keV]
OPAL-X> * 09:01:19 Step   1081 container[0] at 2.761 [mm], t= 9.210 [ps], E=871.429 [MeV]
OPAL-X> * 09:01:19 Step   1081 container[1] at 0.005 [um], t= 9.210 [ps], E=511.372 [keV]
OPAL-X> * 09:01:19 Step   1081 container[2] at 0.005 [um], t= 9.210 [ps], E=511.132 [keV]
OPAL-X> * 09:01:20 Step   1082 container[0] at 2.763 [mm], t= 9.215 [ps], E=871.430 [MeV]
OPAL-X> * 09:01:20 Step   1082 container[1] at 0.005 [um], t= 9.215 [ps], E=511.373 [keV]
OPAL-X> * 09:01:20 Step   1082 container[2] at 0.005 [um], t= 9.215 [ps], E=511.132 [keV]
OPAL-X> * 09:01:20 Step   1083 container[0] at 2.764 [mm], t= 9.220 [ps], E=871.432 [MeV]
OPAL-X> * 09:01:20 Step   1083 container[1] at 0.005 [um], t= 9.220 [ps], E=511.374 [keV]
OPAL-X> * 09:01:20 Step   1083 container[2] at 0.005 [um], t= 9.220 [ps], E=511.131 [keV]
OPAL-X> * 09:01:20 Step   1084 container[0] at 2.766 [mm], t= 9.225 [ps], E=871.434 [MeV]
OPAL-X> * 09:01:20 Step   1084 container[1] at 0.005 [um], t= 9.225 [ps], E=511.374 [keV]
OPAL-X> * 09:01:20 Step   1084 container[2] at 0.005 [um], t= 9.225 [ps], E=511.131 [keV]
OPAL-X> * 09:01:21 Step   1085 container[0] at 2.767 [mm], t= 9.230 [ps], E=871.436 [MeV]
OPAL-X> * 09:01:21 Step   1085 container[1] at 0.005 [um], t= 9.230 [ps], E=511.375 [keV]
OPAL-X> * 09:01:21 Step   1085 container[2] at 0.005 [um], t= 9.230 [ps], E=511.130 [keV]
OPAL-X> * 09:01:21 Step   1086 container[0] at 2.769 [mm], t= 9.235 [ps], E=871.438 [MeV]
OPAL-X> * 09:01:21 Step   1086 container[1] at 0.005 [um], t= 9.235 [ps], E=511.376 [keV]
OPAL-X> * 09:01:21 Step   1086 container[2] at 0.005 [um], t= 9.235 [ps], E=511.130 [keV]
OPAL-X> * 09:01:21 Step   1087 container[0] at 2.770 [mm], t= 9.240 [ps], E=871.440 [MeV]
OPAL-X> * 09:01:21 Step   1087 container[1] at 0.005 [um], t= 9.240 [ps], E=511.377 [keV]
OPAL-X> * 09:01:21 Step   1087 container[2] at 0.005 [um], t= 9.240 [ps], E=511.130 [keV]
OPAL-X> * 09:01:21 Step   1088 container[0] at 2.772 [mm], t= 9.245 [ps], E=871.442 [MeV]
OPAL-X> * 09:01:21 Step   1088 container[1] at 0.005 [um], t= 9.245 [ps], E=511.377 [keV]
OPAL-X> * 09:01:21 Step   1088 container[2] at 0.005 [um], t= 9.245 [ps], E=511.129 [keV]
OPAL-X> * 09:01:22 Step   1089 container[0] at 2.773 [mm], t= 9.250 [ps], E=871.444 [MeV]
OPAL-X> * 09:01:22 Step   1089 container[1] at 0.005 [um], t= 9.250 [ps], E=511.378 [keV]
OPAL-X> * 09:01:22 Step   1089 container[2] at 0.005 [um], t= 9.250 [ps], E=511.129 [keV]
OPAL-X> * 09:01:22 Step   1090 container[0] at 2.775 [mm], t= 9.255 [ps], E=871.446 [MeV]
OPAL-X> * 09:01:22 Step   1090 container[1] at 0.005 [um], t= 9.255 [ps], E=511.379 [keV]
OPAL-X> * 09:01:22 Step   1090 container[2] at 0.005 [um], t= 9.255 [ps], E=511.128 [keV]
OPAL-X> * 09:01:22 Step   1091 container[0] at 2.776 [mm], t= 9.260 [ps], E=871.448 [MeV]
OPAL-X> * 09:01:22 Step   1091 container[1] at 0.005 [um], t= 9.260 [ps], E=511.379 [keV]
OPAL-X> * 09:01:22 Step   1091 container[2] at 0.005 [um], t= 9.260 [ps], E=511.128 [keV]
OPAL-X> * 09:01:22 Step   1092 container[0] at 2.778 [mm], t= 9.265 [ps], E=871.450 [MeV]
OPAL-X> * 09:01:22 Step   1092 container[1] at 0.005 [um], t= 9.265 [ps], E=511.380 [keV]
OPAL-X> * 09:01:22 Step   1092 container[2] at 0.005 [um], t= 9.265 [ps], E=511.127 [keV]
OPAL-X> * 09:01:23 Step   1093 container[0] at 2.779 [mm], t= 9.270 [ps], E=871.452 [MeV]
OPAL-X> * 09:01:23 Step   1093 container[1] at 0.005 [um], t= 9.270 [ps], E=511.381 [keV]
OPAL-X> * 09:01:23 Step   1093 container[2] at 0.005 [um], t= 9.270 [ps], E=511.127 [keV]
OPAL-X> * 09:01:23 Step   1094 container[0] at 2.781 [mm], t= 9.275 [ps], E=871.454 [MeV]
OPAL-X> * 09:01:23 Step   1094 container[1] at 0.005 [um], t= 9.275 [ps], E=511.381 [keV]
OPAL-X> * 09:01:23 Step   1094 container[2] at 0.005 [um], t= 9.275 [ps], E=511.126 [keV]
OPAL-X> * 09:01:23 Step   1095 container[0] at 2.782 [mm], t= 9.280 [ps], E=871.455 [MeV]
OPAL-X> * 09:01:23 Step   1095 container[1] at 0.005 [um], t= 9.280 [ps], E=511.382 [keV]
OPAL-X> * 09:01:23 Step   1095 container[2] at 0.005 [um], t= 9.280 [ps], E=511.126 [keV]
OPAL-X> * 09:01:23 Step   1096 container[0] at 2.784 [mm], t= 9.285 [ps], E=871.457 [MeV]
OPAL-X> * 09:01:23 Step   1096 container[1] at 0.005 [um], t= 9.285 [ps], E=511.383 [keV]
OPAL-X> * 09:01:23 Step   1096 container[2] at 0.005 [um], t= 9.285 [ps], E=511.125 [keV]
OPAL-X> * 09:01:24 Step   1097 container[0] at 2.785 [mm], t= 9.290 [ps], E=871.459 [MeV]
OPAL-X> * 09:01:24 Step   1097 container[1] at 0.005 [um], t= 9.290 [ps], E=511.384 [keV]
OPAL-X> * 09:01:24 Step   1097 container[2] at 0.005 [um], t= 9.290 [ps], E=511.125 [keV]
OPAL-X> * 09:01:24 Step   1098 container[0] at 2.787 [mm], t= 9.295 [ps], E=871.461 [MeV]
OPAL-X> * 09:01:24 Step   1098 container[1] at 0.005 [um], t= 9.295 [ps], E=511.384 [keV]
OPAL-X> * 09:01:24 Step   1098 container[2] at 0.005 [um], t= 9.295 [ps], E=511.125 [keV]
OPAL-X> * 09:01:24 Step   1099 container[0] at 2.788 [mm], t= 9.300 [ps], E=871.463 [MeV]
OPAL-X> * 09:01:24 Step   1099 container[1] at 0.005 [um], t= 9.300 [ps], E=511.385 [keV]
OPAL-X> * 09:01:24 Step   1099 container[2] at 0.005 [um], t= 9.300 [ps], E=511.124 [keV]
OPAL-X> * 09:01:24 Step   1100 container[0] at 2.790 [mm], t= 9.305 [ps], E=871.465 [MeV]
OPAL-X> * 09:01:24 Step   1100 container[1] at 0.005 [um], t= 9.305 [ps], E=511.386 [keV]
OPAL-X> * 09:01:24 Step   1100 container[2] at 0.005 [um], t= 9.305 [ps], E=511.124 [keV]
OPAL-X> * 09:01:25 Step   1101 container[0] at 2.791 [mm], t= 9.310 [ps], E=871.467 [MeV]
OPAL-X> * 09:01:25 Step   1101 container[1] at 0.005 [um], t= 9.310 [ps], E=511.386 [keV]
OPAL-X> * 09:01:25 Step   1101 container[2] at 0.005 [um], t= 9.310 [ps], E=511.123 [keV]
OPAL-X> * 09:01:25 Step   1102 container[0] at 2.793 [mm], t= 9.315 [ps], E=871.469 [MeV]
OPAL-X> * 09:01:25 Step   1102 container[1] at 0.005 [um], t= 9.315 [ps], E=511.387 [keV]
OPAL-X> * 09:01:25 Step   1102 container[2] at 0.005 [um], t= 9.315 [ps], E=511.123 [keV]
OPAL-X> * 09:01:25 Step   1103 container[0] at 2.794 [mm], t= 9.320 [ps], E=871.471 [MeV]
OPAL-X> * 09:01:25 Step   1103 container[1] at 0.005 [um], t= 9.320 [ps], E=511.388 [keV]
OPAL-X> * 09:01:25 Step   1103 container[2] at 0.005 [um], t= 9.320 [ps], E=511.122 [keV]
OPAL-X> * 09:01:25 Step   1104 container[0] at 2.796 [mm], t= 9.325 [ps], E=871.473 [MeV]
OPAL-X> * 09:01:25 Step   1104 container[1] at 0.005 [um], t= 9.325 [ps], E=511.389 [keV]
OPAL-X> * 09:01:25 Step   1104 container[2] at 0.005 [um], t= 9.325 [ps], E=511.122 [keV]
OPAL-X> * 09:01:26 Step   1105 container[0] at 2.797 [mm], t= 9.330 [ps], E=871.474 [MeV]
OPAL-X> * 09:01:26 Step   1105 container[1] at 0.005 [um], t= 9.330 [ps], E=511.389 [keV]
OPAL-X> * 09:01:26 Step   1105 container[2] at 0.005 [um], t= 9.330 [ps], E=511.121 [keV]
OPAL-X> * 09:01:26 Step   1106 container[0] at 2.799 [mm], t= 9.335 [ps], E=871.476 [MeV]
OPAL-X> * 09:01:26 Step   1106 container[1] at 0.005 [um], t= 9.335 [ps], E=511.390 [keV]
OPAL-X> * 09:01:26 Step   1106 container[2] at 0.005 [um], t= 9.335 [ps], E=511.121 [keV]
OPAL-X> * 09:01:26 Step   1107 container[0] at 2.800 [mm], t= 9.340 [ps], E=871.478 [MeV]
OPAL-X> * 09:01:26 Step   1107 container[1] at 0.005 [um], t= 9.340 [ps], E=511.391 [keV]
OPAL-X> * 09:01:26 Step   1107 container[2] at 0.005 [um], t= 9.340 [ps], E=511.120 [keV]
OPAL-X> * 09:01:26 Step   1108 container[0] at 2.802 [mm], t= 9.345 [ps], E=871.480 [MeV]
OPAL-X> * 09:01:26 Step   1108 container[1] at 0.005 [um], t= 9.345 [ps], E=511.391 [keV]
OPAL-X> * 09:01:26 Step   1108 container[2] at 0.005 [um], t= 9.345 [ps], E=511.120 [keV]
OPAL-X> * 09:01:27 Step   1109 container[0] at 2.803 [mm], t= 9.350 [ps], E=871.482 [MeV]
OPAL-X> * 09:01:27 Step   1109 container[1] at 0.005 [um], t= 9.350 [ps], E=511.392 [keV]
OPAL-X> * 09:01:27 Step   1109 container[2] at 0.005 [um], t= 9.350 [ps], E=511.119 [keV]
OPAL-X> * 09:01:27 Step   1110 container[0] at 2.805 [mm], t= 9.355 [ps], E=871.484 [MeV]
OPAL-X> * 09:01:27 Step   1110 container[1] at 0.005 [um], t= 9.355 [ps], E=511.393 [keV]
OPAL-X> * 09:01:27 Step   1110 container[2] at 0.005 [um], t= 9.355 [ps], E=511.119 [keV]
OPAL-X> * 09:01:27 Step   1111 container[0] at 2.806 [mm], t= 9.360 [ps], E=871.486 [MeV]
OPAL-X> * 09:01:27 Step   1111 container[1] at 0.005 [um], t= 9.360 [ps], E=511.394 [keV]
OPAL-X> * 09:01:27 Step   1111 container[2] at 0.005 [um], t= 9.360 [ps], E=511.118 [keV]
OPAL-X> * 09:01:27 Step   1112 container[0] at 2.808 [mm], t= 9.365 [ps], E=871.488 [MeV]
OPAL-X> * 09:01:27 Step   1112 container[1] at 0.005 [um], t= 9.365 [ps], E=511.394 [keV]
OPAL-X> * 09:01:27 Step   1112 container[2] at 0.005 [um], t= 9.365 [ps], E=511.118 [keV]
OPAL-X> * 09:01:28 Step   1113 container[0] at 2.809 [mm], t= 9.370 [ps], E=871.490 [MeV]
OPAL-X> * 09:01:28 Step   1113 container[1] at 0.005 [um], t= 9.370 [ps], E=511.395 [keV]
OPAL-X> * 09:01:28 Step   1113 container[2] at 0.005 [um], t= 9.370 [ps], E=511.118 [keV]
OPAL-X> * 09:01:28 Step   1114 container[0] at 2.811 [mm], t= 9.375 [ps], E=871.491 [MeV]
OPAL-X> * 09:01:28 Step   1114 container[1] at 0.006 [um], t= 9.375 [ps], E=511.396 [keV]
OPAL-X> * 09:01:28 Step   1114 container[2] at 0.006 [um], t= 9.375 [ps], E=511.117 [keV]
OPAL-X> * 09:01:28 Step   1115 container[0] at 2.812 [mm], t= 9.380 [ps], E=871.493 [MeV]
OPAL-X> * 09:01:28 Step   1115 container[1] at 0.006 [um], t= 9.380 [ps], E=511.396 [keV]
OPAL-X> * 09:01:28 Step   1115 container[2] at 0.006 [um], t= 9.380 [ps], E=511.117 [keV]
OPAL-X> * 09:01:28 Step   1116 container[0] at 2.814 [mm], t= 9.385 [ps], E=871.495 [MeV]
OPAL-X> * 09:01:28 Step   1116 container[1] at 0.006 [um], t= 9.385 [ps], E=511.397 [keV]
OPAL-X> * 09:01:28 Step   1116 container[2] at 0.006 [um], t= 9.385 [ps], E=511.116 [keV]
OPAL-X> * 09:01:29 Step   1117 container[0] at 2.815 [mm], t= 9.390 [ps], E=871.497 [MeV]
OPAL-X> * 09:01:29 Step   1117 container[1] at 0.006 [um], t= 9.390 [ps], E=511.398 [keV]
OPAL-X> * 09:01:29 Step   1117 container[2] at 0.006 [um], t= 9.390 [ps], E=511.116 [keV]
OPAL-X> * 09:01:29 Step   1118 container[0] at 2.817 [mm], t= 9.395 [ps], E=871.499 [MeV]
OPAL-X> * 09:01:29 Step   1118 container[1] at 0.006 [um], t= 9.395 [ps], E=511.398 [keV]
OPAL-X> * 09:01:29 Step   1118 container[2] at 0.006 [um], t= 9.395 [ps], E=511.115 [keV]
OPAL-X> * 09:01:29 Step   1119 container[0] at 2.818 [mm], t= 9.400 [ps], E=871.501 [MeV]
OPAL-X> * 09:01:29 Step   1119 container[1] at 0.006 [um], t= 9.400 [ps], E=511.399 [keV]
OPAL-X> * 09:01:29 Step   1119 container[2] at 0.006 [um], t= 9.400 [ps], E=511.115 [keV]
OPAL-X> * 09:01:29 Step   1120 container[0] at 2.820 [mm], t= 9.405 [ps], E=871.503 [MeV]
OPAL-X> * 09:01:29 Step   1120 container[1] at 0.006 [um], t= 9.405 [ps], E=511.400 [keV]
OPAL-X> * 09:01:29 Step   1120 container[2] at 0.006 [um], t= 9.405 [ps], E=511.114 [keV]
OPAL-X> * 09:01:30 Step   1121 container[0] at 2.821 [mm], t= 9.410 [ps], E=871.504 [MeV]
OPAL-X> * 09:01:30 Step   1121 container[1] at 0.006 [um], t= 9.410 [ps], E=511.401 [keV]
OPAL-X> * 09:01:30 Step   1121 container[2] at 0.006 [um], t= 9.410 [ps], E=511.114 [keV]
OPAL-X> * 09:01:30 Step   1122 container[0] at 2.823 [mm], t= 9.415 [ps], E=871.506 [MeV]
OPAL-X> * 09:01:30 Step   1122 container[1] at 0.006 [um], t= 9.415 [ps], E=511.401 [keV]
OPAL-X> * 09:01:30 Step   1122 container[2] at 0.006 [um], t= 9.415 [ps], E=511.113 [keV]
OPAL-X> * 09:01:30 Step   1123 container[0] at 2.824 [mm], t= 9.420 [ps], E=871.508 [MeV]
OPAL-X> * 09:01:30 Step   1123 container[1] at 0.006 [um], t= 9.420 [ps], E=511.402 [keV]
OPAL-X> * 09:01:30 Step   1123 container[2] at 0.006 [um], t= 9.420 [ps], E=511.113 [keV]
OPAL-X> * 09:01:30 Step   1124 container[0] at 2.826 [mm], t= 9.425 [ps], E=871.510 [MeV]
OPAL-X> * 09:01:30 Step   1124 container[1] at 0.006 [um], t= 9.425 [ps], E=511.403 [keV]
OPAL-X> * 09:01:30 Step   1124 container[2] at 0.006 [um], t= 9.425 [ps], E=511.112 [keV]
OPAL-X> * 09:01:31 Step   1125 container[0] at 2.827 [mm], t= 9.430 [ps], E=871.512 [MeV]
OPAL-X> * 09:01:31 Step   1125 container[1] at 0.006 [um], t= 9.430 [ps], E=511.403 [keV]
OPAL-X> * 09:01:31 Step   1125 container[2] at 0.006 [um], t= 9.430 [ps], E=511.112 [keV]
OPAL-X> * 09:01:31 Step   1126 container[0] at 2.829 [mm], t= 9.435 [ps], E=871.514 [MeV]
OPAL-X> * 09:01:31 Step   1126 container[1] at 0.006 [um], t= 9.435 [ps], E=511.404 [keV]
OPAL-X> * 09:01:31 Step   1126 container[2] at 0.006 [um], t= 9.435 [ps], E=511.111 [keV]
OPAL-X> * 09:01:31 Step   1127 container[0] at 2.830 [mm], t= 9.440 [ps], E=871.516 [MeV]
OPAL-X> * 09:01:31 Step   1127 container[1] at 0.006 [um], t= 9.440 [ps], E=511.405 [keV]
OPAL-X> * 09:01:31 Step   1127 container[2] at 0.006 [um], t= 9.440 [ps], E=511.111 [keV]
OPAL-X> * 09:01:31 Step   1128 container[0] at 2.832 [mm], t= 9.445 [ps], E=871.517 [MeV]
OPAL-X> * 09:01:31 Step   1128 container[1] at 0.006 [um], t= 9.445 [ps], E=511.406 [keV]
OPAL-X> * 09:01:31 Step   1128 container[2] at 0.006 [um], t= 9.445 [ps], E=511.110 [keV]
OPAL-X> * 09:01:32 Step   1129 container[0] at 2.833 [mm], t= 9.450 [ps], E=871.519 [MeV]
OPAL-X> * 09:01:32 Step   1129 container[1] at 0.006 [um], t= 9.450 [ps], E=511.406 [keV]
OPAL-X> * 09:01:32 Step   1129 container[2] at 0.006 [um], t= 9.450 [ps], E=511.110 [keV]
OPAL-X> * 09:01:32 Step   1130 container[0] at 2.835 [mm], t= 9.455 [ps], E=871.521 [MeV]
OPAL-X> * 09:01:32 Step   1130 container[1] at 0.006 [um], t= 9.455 [ps], E=511.407 [keV]
OPAL-X> * 09:01:32 Step   1130 container[2] at 0.006 [um], t= 9.455 [ps], E=511.109 [keV]
OPAL-X> * 09:01:32 Step   1131 container[0] at 2.836 [mm], t= 9.460 [ps], E=871.523 [MeV]
OPAL-X> * 09:01:32 Step   1131 container[1] at 0.006 [um], t= 9.460 [ps], E=511.408 [keV]
OPAL-X> * 09:01:32 Step   1131 container[2] at 0.006 [um], t= 9.460 [ps], E=511.109 [keV]
OPAL-X> * 09:01:32 Step   1132 container[0] at 2.838 [mm], t= 9.465 [ps], E=871.525 [MeV]
OPAL-X> * 09:01:32 Step   1132 container[1] at 0.006 [um], t= 9.465 [ps], E=511.408 [keV]
OPAL-X> * 09:01:32 Step   1132 container[2] at 0.006 [um], t= 9.465 [ps], E=511.109 [keV]
OPAL-X> * 09:01:33 Step   1133 container[0] at 2.839 [mm], t= 9.470 [ps], E=871.527 [MeV]
OPAL-X> * 09:01:33 Step   1133 container[1] at 0.006 [um], t= 9.470 [ps], E=511.409 [keV]
OPAL-X> * 09:01:33 Step   1133 container[2] at 0.006 [um], t= 9.470 [ps], E=511.108 [keV]
OPAL-X> * 09:01:33 Step   1134 container[0] at 2.841 [mm], t= 9.475 [ps], E=871.528 [MeV]
OPAL-X> * 09:01:33 Step   1134 container[1] at 0.006 [um], t= 9.475 [ps], E=511.410 [keV]
OPAL-X> * 09:01:33 Step   1134 container[2] at 0.006 [um], t= 9.475 [ps], E=511.108 [keV]
OPAL-X> * 09:01:33 Step   1135 container[0] at 2.842 [mm], t= 9.480 [ps], E=871.530 [MeV]
OPAL-X> * 09:01:33 Step   1135 container[1] at 0.006 [um], t= 9.480 [ps], E=511.410 [keV]
OPAL-X> * 09:01:33 Step   1135 container[2] at 0.006 [um], t= 9.480 [ps], E=511.107 [keV]
OPAL-X> * 09:01:34 Step   1136 container[0] at 2.844 [mm], t= 9.485 [ps], E=871.532 [MeV]
OPAL-X> * 09:01:34 Step   1136 container[1] at 0.006 [um], t= 9.485 [ps], E=511.411 [keV]
OPAL-X> * 09:01:34 Step   1136 container[2] at 0.006 [um], t= 9.485 [ps], E=511.107 [keV]
OPAL-X> * 09:01:34 Step   1137 container[0] at 2.845 [mm], t= 9.490 [ps], E=871.534 [MeV]
OPAL-X> * 09:01:34 Step   1137 container[1] at 0.006 [um], t= 9.490 [ps], E=511.412 [keV]
OPAL-X> * 09:01:34 Step   1137 container[2] at 0.006 [um], t= 9.490 [ps], E=511.106 [keV]
OPAL-X> * 09:01:34 Step   1138 container[0] at 2.847 [mm], t= 9.495 [ps], E=871.536 [MeV]
OPAL-X> * 09:01:34 Step   1138 container[1] at 0.006 [um], t= 9.495 [ps], E=511.413 [keV]
OPAL-X> * 09:01:34 Step   1138 container[2] at 0.006 [um], t= 9.495 [ps], E=511.106 [keV]
OPAL-X> * 09:01:34 Step   1139 container[0] at 2.848 [mm], t= 9.500 [ps], E=871.538 [MeV]
OPAL-X> * 09:01:34 Step   1139 container[1] at 0.006 [um], t= 9.500 [ps], E=511.413 [keV]
OPAL-X> * 09:01:34 Step   1139 container[2] at 0.006 [um], t= 9.500 [ps], E=511.105 [keV]
OPAL-X> * 09:01:35 Step   1140 container[0] at 2.850 [mm], t= 9.505 [ps], E=871.539 [MeV]
OPAL-X> * 09:01:35 Step   1140 container[1] at 0.006 [um], t= 9.505 [ps], E=511.414 [keV]
OPAL-X> * 09:01:35 Step   1140 container[2] at 0.006 [um], t= 9.505 [ps], E=511.105 [keV]
OPAL-X> * 09:01:35 Step   1141 container[0] at 2.851 [mm], t= 9.510 [ps], E=871.541 [MeV]
OPAL-X> * 09:01:35 Step   1141 container[1] at 0.006 [um], t= 9.510 [ps], E=511.415 [keV]
OPAL-X> * 09:01:35 Step   1141 container[2] at 0.006 [um], t= 9.510 [ps], E=511.104 [keV]
OPAL-X> * 09:01:35 Step   1142 container[0] at 2.853 [mm], t= 9.515 [ps], E=871.543 [MeV]
OPAL-X> * 09:01:35 Step   1142 container[1] at 0.006 [um], t= 9.515 [ps], E=511.415 [keV]
OPAL-X> * 09:01:35 Step   1142 container[2] at 0.006 [um], t= 9.515 [ps], E=511.104 [keV]
OPAL-X> * 09:01:35 Step   1143 container[0] at 2.854 [mm], t= 9.520 [ps], E=871.545 [MeV]
OPAL-X> * 09:01:35 Step   1143 container[1] at 0.006 [um], t= 9.520 [ps], E=511.416 [keV]
OPAL-X> * 09:01:35 Step   1143 container[2] at 0.006 [um], t= 9.520 [ps], E=511.103 [keV]
OPAL-X> * 09:01:36 Step   1144 container[0] at 2.856 [mm], t= 9.525 [ps], E=871.547 [MeV]
OPAL-X> * 09:01:36 Step   1144 container[1] at 0.006 [um], t= 9.525 [ps], E=511.417 [keV]
OPAL-X> * 09:01:36 Step   1144 container[2] at 0.006 [um], t= 9.525 [ps], E=511.103 [keV]
OPAL-X> * 09:01:36 Step   1145 container[0] at 2.857 [mm], t= 9.530 [ps], E=871.548 [MeV]
OPAL-X> * 09:01:36 Step   1145 container[1] at 0.006 [um], t= 9.530 [ps], E=511.418 [keV]
OPAL-X> * 09:01:36 Step   1145 container[2] at 0.006 [um], t= 9.530 [ps], E=511.102 [keV]
OPAL-X> * 09:01:36 Step   1146 container[0] at 2.859 [mm], t= 9.535 [ps], E=871.550 [MeV]
OPAL-X> * 09:01:36 Step   1146 container[1] at 0.006 [um], t= 9.535 [ps], E=511.418 [keV]
OPAL-X> * 09:01:36 Step   1146 container[2] at 0.006 [um], t= 9.535 [ps], E=511.102 [keV]
OPAL-X> * 09:01:37 Step   1147 container[0] at 2.860 [mm], t= 9.540 [ps], E=871.552 [MeV]
OPAL-X> * 09:01:37 Step   1147 container[1] at 0.006 [um], t= 9.540 [ps], E=511.419 [keV]
OPAL-X> * 09:01:37 Step   1147 container[2] at 0.006 [um], t= 9.540 [ps], E=511.101 [keV]
OPAL-X> * 09:01:37 Step   1148 container[0] at 2.862 [mm], t= 9.545 [ps], E=871.554 [MeV]
OPAL-X> * 09:01:37 Step   1148 container[1] at 0.006 [um], t= 9.545 [ps], E=511.420 [keV]
OPAL-X> * 09:01:37 Step   1148 container[2] at 0.006 [um], t= 9.545 [ps], E=511.101 [keV]
OPAL-X> * 09:01:37 Step   1149 container[0] at 2.863 [mm], t= 9.550 [ps], E=871.556 [MeV]
OPAL-X> * 09:01:37 Step   1149 container[1] at 0.006 [um], t= 9.550 [ps], E=511.420 [keV]
OPAL-X> * 09:01:37 Step   1149 container[2] at 0.006 [um], t= 9.550 [ps], E=511.100 [keV]
OPAL-X> * 09:01:37 Step   1150 container[0] at 2.865 [mm], t= 9.555 [ps], E=871.557 [MeV]
OPAL-X> * 09:01:37 Step   1150 container[1] at 0.006 [um], t= 9.555 [ps], E=511.421 [keV]
OPAL-X> * 09:01:37 Step   1150 container[2] at 0.006 [um], t= 9.555 [ps], E=511.100 [keV]
OPAL-X> * 09:01:38 Step   1151 container[0] at 2.866 [mm], t= 9.560 [ps], E=871.559 [MeV]
OPAL-X> * 09:01:38 Step   1151 container[1] at 0.006 [um], t= 9.560 [ps], E=511.422 [keV]
OPAL-X> * 09:01:38 Step   1151 container[2] at 0.006 [um], t= 9.560 [ps], E=511.100 [keV]
OPAL-X> * 09:01:38 Step   1152 container[0] at 2.868 [mm], t= 9.565 [ps], E=871.561 [MeV]
OPAL-X> * 09:01:38 Step   1152 container[1] at 0.006 [um], t= 9.565 [ps], E=511.422 [keV]
OPAL-X> * 09:01:38 Step   1152 container[2] at 0.006 [um], t= 9.565 [ps], E=511.099 [keV]
OPAL-X> * 09:01:38 Step   1153 container[0] at 2.869 [mm], t= 9.570 [ps], E=871.563 [MeV]
OPAL-X> * 09:01:38 Step   1153 container[1] at 0.006 [um], t= 9.570 [ps], E=511.423 [keV]
OPAL-X> * 09:01:38 Step   1153 container[2] at 0.006 [um], t= 9.570 [ps], E=511.099 [keV]
OPAL-X> * 09:01:38 Step   1154 container[0] at 2.871 [mm], t= 9.575 [ps], E=871.565 [MeV]
OPAL-X> * 09:01:38 Step   1154 container[1] at 0.006 [um], t= 9.575 [ps], E=511.424 [keV]
OPAL-X> * 09:01:38 Step   1154 container[2] at 0.006 [um], t= 9.575 [ps], E=511.098 [keV]
OPAL-X> * 09:01:39 Step   1155 container[0] at 2.872 [mm], t= 9.580 [ps], E=871.566 [MeV]
OPAL-X> * 09:01:39 Step   1155 container[1] at 0.006 [um], t= 9.580 [ps], E=511.425 [keV]
OPAL-X> * 09:01:39 Step   1155 container[2] at 0.006 [um], t= 9.580 [ps], E=511.098 [keV]
OPAL-X> * 09:01:39 Step   1156 container[0] at 2.874 [mm], t= 9.585 [ps], E=871.568 [MeV]
OPAL-X> * 09:01:39 Step   1156 container[1] at 0.006 [um], t= 9.585 [ps], E=511.425 [keV]
OPAL-X> * 09:01:39 Step   1156 container[2] at 0.006 [um], t= 9.585 [ps], E=511.097 [keV]
OPAL-X> * 09:01:39 Step   1157 container[0] at 2.875 [mm], t= 9.590 [ps], E=871.570 [MeV]
OPAL-X> * 09:01:39 Step   1157 container[1] at 0.006 [um], t= 9.590 [ps], E=511.426 [keV]
OPAL-X> * 09:01:39 Step   1157 container[2] at 0.006 [um], t= 9.590 [ps], E=511.097 [keV]
OPAL-X> * 09:01:39 Step   1158 container[0] at 2.877 [mm], t= 9.595 [ps], E=871.572 [MeV]
OPAL-X> * 09:01:39 Step   1158 container[1] at 0.006 [um], t= 9.595 [ps], E=511.427 [keV]
OPAL-X> * 09:01:39 Step   1158 container[2] at 0.006 [um], t= 9.595 [ps], E=511.096 [keV]
OPAL-X> * 09:01:40 Step   1159 container[0] at 2.878 [mm], t= 9.600 [ps], E=871.574 [MeV]
OPAL-X> * 09:01:40 Step   1159 container[1] at 0.006 [um], t= 9.600 [ps], E=511.427 [keV]
OPAL-X> * 09:01:40 Step   1159 container[2] at 0.006 [um], t= 9.600 [ps], E=511.096 [keV]
OPAL-X> * 09:01:40 Step   1160 container[0] at 2.880 [mm], t= 9.605 [ps], E=871.575 [MeV]
OPAL-X> * 09:01:40 Step   1160 container[1] at 0.006 [um], t= 9.605 [ps], E=511.428 [keV]
OPAL-X> * 09:01:40 Step   1160 container[2] at 0.006 [um], t= 9.605 [ps], E=511.095 [keV]
OPAL-X> * 09:01:40 Step   1161 container[0] at 2.881 [mm], t= 9.610 [ps], E=871.577 [MeV]
OPAL-X> * 09:01:40 Step   1161 container[1] at 0.006 [um], t= 9.610 [ps], E=511.429 [keV]
OPAL-X> * 09:01:40 Step   1161 container[2] at 0.006 [um], t= 9.610 [ps], E=511.095 [keV]
OPAL-X> * 09:01:40 Step   1162 container[0] at 2.882 [mm], t= 9.615 [ps], E=871.579 [MeV]
OPAL-X> * 09:01:40 Step   1162 container[1] at 0.006 [um], t= 9.615 [ps], E=511.430 [keV]
OPAL-X> * 09:01:40 Step   1162 container[2] at 0.006 [um], t= 9.615 [ps], E=511.094 [keV]
OPAL-X> * 09:01:41 Step   1163 container[0] at 2.884 [mm], t= 9.620 [ps], E=871.581 [MeV]
OPAL-X> * 09:01:41 Step   1163 container[1] at 0.006 [um], t= 9.620 [ps], E=511.430 [keV]
OPAL-X> * 09:01:41 Step   1163 container[2] at 0.006 [um], t= 9.620 [ps], E=511.094 [keV]
OPAL-X> * 09:01:41 Step   1164 container[0] at 2.885 [mm], t= 9.625 [ps], E=871.583 [MeV]
OPAL-X> * 09:01:41 Step   1164 container[1] at 0.006 [um], t= 9.625 [ps], E=511.431 [keV]
OPAL-X> * 09:01:41 Step   1164 container[2] at 0.006 [um], t= 9.625 [ps], E=511.093 [keV]
OPAL-X> * 09:01:41 Step   1165 container[0] at 2.887 [mm], t= 9.630 [ps], E=871.584 [MeV]
OPAL-X> * 09:01:41 Step   1165 container[1] at 0.006 [um], t= 9.630 [ps], E=511.432 [keV]
OPAL-X> * 09:01:41 Step   1165 container[2] at 0.006 [um], t= 9.630 [ps], E=511.093 [keV]
OPAL-X> * 09:01:41 Step   1166 container[0] at 2.888 [mm], t= 9.635 [ps], E=871.586 [MeV]
OPAL-X> * 09:01:41 Step   1166 container[1] at 0.006 [um], t= 9.635 [ps], E=511.432 [keV]
OPAL-X> * 09:01:41 Step   1166 container[2] at 0.006 [um], t= 9.635 [ps], E=511.092 [keV]
OPAL-X> * 09:01:42 Step   1167 container[0] at 2.890 [mm], t= 9.640 [ps], E=871.588 [MeV]
OPAL-X> * 09:01:42 Step   1167 container[1] at 0.006 [um], t= 9.640 [ps], E=511.433 [keV]
OPAL-X> * 09:01:42 Step   1167 container[2] at 0.006 [um], t= 9.640 [ps], E=511.092 [keV]
OPAL-X> * 09:01:42 Step   1168 container[0] at 2.891 [mm], t= 9.645 [ps], E=871.590 [MeV]
OPAL-X> * 09:01:42 Step   1168 container[1] at 0.006 [um], t= 9.645 [ps], E=511.434 [keV]
OPAL-X> * 09:01:42 Step   1168 container[2] at 0.006 [um], t= 9.645 [ps], E=511.092 [keV]
OPAL-X> * 09:01:42 Step   1169 container[0] at 2.893 [mm], t= 9.650 [ps], E=871.591 [MeV]
OPAL-X> * 09:01:42 Step   1169 container[1] at 0.006 [um], t= 9.650 [ps], E=511.435 [keV]
OPAL-X> * 09:01:42 Step   1169 container[2] at 0.006 [um], t= 9.650 [ps], E=511.091 [keV]
OPAL-X> * 09:01:42 Step   1170 container[0] at 2.894 [mm], t= 9.655 [ps], E=871.593 [MeV]
OPAL-X> * 09:01:42 Step   1170 container[1] at 0.006 [um], t= 9.655 [ps], E=511.435 [keV]
OPAL-X> * 09:01:42 Step   1170 container[2] at 0.006 [um], t= 9.655 [ps], E=511.091 [keV]
OPAL-X> * 09:01:43 Step   1171 container[0] at 2.896 [mm], t= 9.660 [ps], E=871.595 [MeV]
OPAL-X> * 09:01:43 Step   1171 container[1] at 0.006 [um], t= 9.660 [ps], E=511.436 [keV]
OPAL-X> * 09:01:43 Step   1171 container[2] at 0.006 [um], t= 9.660 [ps], E=511.090 [keV]
OPAL-X> * 09:01:43 Step   1172 container[0] at 2.897 [mm], t= 9.665 [ps], E=871.597 [MeV]
OPAL-X> * 09:01:43 Step   1172 container[1] at 0.006 [um], t= 9.665 [ps], E=511.437 [keV]
OPAL-X> * 09:01:43 Step   1172 container[2] at 0.006 [um], t= 9.665 [ps], E=511.090 [keV]
OPAL-X> * 09:01:43 Step   1173 container[0] at 2.899 [mm], t= 9.670 [ps], E=871.598 [MeV]
OPAL-X> * 09:01:43 Step   1173 container[1] at 0.006 [um], t= 9.670 [ps], E=511.437 [keV]
OPAL-X> * 09:01:43 Step   1173 container[2] at 0.006 [um], t= 9.670 [ps], E=511.089 [keV]
OPAL-X> * 09:01:44 Step   1174 container[0] at 2.900 [mm], t= 9.675 [ps], E=871.600 [MeV]
OPAL-X> * 09:01:44 Step   1174 container[1] at 0.006 [um], t= 9.675 [ps], E=511.438 [keV]
OPAL-X> * 09:01:44 Step   1174 container[2] at 0.006 [um], t= 9.675 [ps], E=511.089 [keV]
OPAL-X> * 09:01:44 Step   1175 container[0] at 2.902 [mm], t= 9.680 [ps], E=871.602 [MeV]
OPAL-X> * 09:01:44 Step   1175 container[1] at 0.006 [um], t= 9.680 [ps], E=511.439 [keV]
OPAL-X> * 09:01:44 Step   1175 container[2] at 0.006 [um], t= 9.680 [ps], E=511.088 [keV]
OPAL-X> * 09:01:44 Step   1176 container[0] at 2.903 [mm], t= 9.685 [ps], E=871.604 [MeV]
OPAL-X> * 09:01:44 Step   1176 container[1] at 0.006 [um], t= 9.685 [ps], E=511.440 [keV]
OPAL-X> * 09:01:44 Step   1176 container[2] at 0.006 [um], t= 9.685 [ps], E=511.088 [keV]
OPAL-X> * 09:01:44 Step   1177 container[0] at 2.905 [mm], t= 9.690 [ps], E=871.605 [MeV]
OPAL-X> * 09:01:44 Step   1177 container[1] at 0.006 [um], t= 9.690 [ps], E=511.440 [keV]
OPAL-X> * 09:01:44 Step   1177 container[2] at 0.006 [um], t= 9.690 [ps], E=511.087 [keV]
OPAL-X> * 09:01:45 Step   1178 container[0] at 2.906 [mm], t= 9.695 [ps], E=871.607 [MeV]
OPAL-X> * 09:01:45 Step   1178 container[1] at 0.006 [um], t= 9.695 [ps], E=511.441 [keV]
OPAL-X> * 09:01:45 Step   1178 container[2] at 0.006 [um], t= 9.695 [ps], E=511.087 [keV]
OPAL-X> * 09:01:45 Step   1179 container[0] at 2.908 [mm], t= 9.700 [ps], E=871.609 [MeV]
OPAL-X> * 09:01:45 Step   1179 container[1] at 0.006 [um], t= 9.700 [ps], E=511.442 [keV]
OPAL-X> * 09:01:45 Step   1179 container[2] at 0.006 [um], t= 9.700 [ps], E=511.086 [keV]
OPAL-X> * 09:01:45 Step   1180 container[0] at 2.909 [mm], t= 9.705 [ps], E=871.611 [MeV]
OPAL-X> * 09:01:45 Step   1180 container[1] at 0.006 [um], t= 9.705 [ps], E=511.442 [keV]
OPAL-X> * 09:01:45 Step   1180 container[2] at 0.006 [um], t= 9.705 [ps], E=511.086 [keV]
OPAL-X> * 09:01:45 Step   1181 container[0] at 2.911 [mm], t= 9.710 [ps], E=871.612 [MeV]
OPAL-X> * 09:01:45 Step   1181 container[1] at 0.006 [um], t= 9.710 [ps], E=511.443 [keV]
OPAL-X> * 09:01:45 Step   1181 container[2] at 0.006 [um], t= 9.710 [ps], E=511.086 [keV]
OPAL-X> * 09:01:46 Step   1182 container[0] at 2.912 [mm], t= 9.715 [ps], E=871.614 [MeV]
OPAL-X> * 09:01:46 Step   1182 container[1] at 0.006 [um], t= 9.715 [ps], E=511.444 [keV]
OPAL-X> * 09:01:46 Step   1182 container[2] at 0.006 [um], t= 9.715 [ps], E=511.085 [keV]
OPAL-X> * 09:01:46 Step   1183 container[0] at 2.914 [mm], t= 9.720 [ps], E=871.616 [MeV]
OPAL-X> * 09:01:46 Step   1183 container[1] at 0.006 [um], t= 9.720 [ps], E=511.445 [keV]
OPAL-X> * 09:01:46 Step   1183 container[2] at 0.006 [um], t= 9.720 [ps], E=511.085 [keV]
OPAL-X> * 09:01:46 Step   1184 container[0] at 2.915 [mm], t= 9.725 [ps], E=871.618 [MeV]
OPAL-X> * 09:01:46 Step   1184 container[1] at 0.006 [um], t= 9.725 [ps], E=511.445 [keV]
OPAL-X> * 09:01:46 Step   1184 container[2] at 0.006 [um], t= 9.725 [ps], E=511.084 [keV]
OPAL-X> * 09:01:46 Step   1185 container[0] at 2.917 [mm], t= 9.730 [ps], E=871.619 [MeV]
OPAL-X> * 09:01:46 Step   1185 container[1] at 0.006 [um], t= 9.730 [ps], E=511.446 [keV]
OPAL-X> * 09:01:46 Step   1185 container[2] at 0.006 [um], t= 9.730 [ps], E=511.084 [keV]
OPAL-X> * 09:01:47 Step   1186 container[0] at 2.918 [mm], t= 9.735 [ps], E=871.621 [MeV]
OPAL-X> * 09:01:47 Step   1186 container[1] at 0.006 [um], t= 9.735 [ps], E=511.447 [keV]
OPAL-X> * 09:01:47 Step   1186 container[2] at 0.006 [um], t= 9.735 [ps], E=511.083 [keV]
OPAL-X> * 09:01:47 Step   1187 container[0] at 2.920 [mm], t= 9.740 [ps], E=871.623 [MeV]
OPAL-X> * 09:01:47 Step   1187 container[1] at 0.006 [um], t= 9.740 [ps], E=511.447 [keV]
OPAL-X> * 09:01:47 Step   1187 container[2] at 0.006 [um], t= 9.740 [ps], E=511.083 [keV]
OPAL-X> * 09:01:47 Step   1188 container[0] at 2.921 [mm], t= 9.745 [ps], E=871.625 [MeV]
OPAL-X> * 09:01:47 Step   1188 container[1] at 0.006 [um], t= 9.745 [ps], E=511.448 [keV]
OPAL-X> * 09:01:47 Step   1188 container[2] at 0.006 [um], t= 9.745 [ps], E=511.082 [keV]
OPAL-X> * 09:01:47 Step   1189 container[0] at 2.923 [mm], t= 9.750 [ps], E=871.626 [MeV]
OPAL-X> * 09:01:47 Step   1189 container[1] at 0.006 [um], t= 9.750 [ps], E=511.449 [keV]
OPAL-X> * 09:01:47 Step   1189 container[2] at 0.006 [um], t= 9.750 [ps], E=511.082 [keV]
OPAL-X> * 09:01:48 Step   1190 container[0] at 2.924 [mm], t= 9.755 [ps], E=871.628 [MeV]
OPAL-X> * 09:01:48 Step   1190 container[1] at 0.006 [um], t= 9.755 [ps], E=511.450 [keV]
OPAL-X> * 09:01:48 Step   1190 container[2] at 0.006 [um], t= 9.755 [ps], E=511.081 [keV]
OPAL-X> * 09:01:48 Step   1191 container[0] at 2.926 [mm], t= 9.760 [ps], E=871.630 [MeV]
OPAL-X> * 09:01:48 Step   1191 container[1] at 0.006 [um], t= 9.760 [ps], E=511.450 [keV]
OPAL-X> * 09:01:48 Step   1191 container[2] at 0.006 [um], t= 9.760 [ps], E=511.081 [keV]
OPAL-X> * 09:01:48 Step   1192 container[0] at 2.927 [mm], t= 9.765 [ps], E=871.631 [MeV]
OPAL-X> * 09:01:48 Step   1192 container[1] at 0.006 [um], t= 9.765 [ps], E=511.451 [keV]
OPAL-X> * 09:01:48 Step   1192 container[2] at 0.006 [um], t= 9.765 [ps], E=511.081 [keV]
OPAL-X> * 09:01:48 Step   1193 container[0] at 2.929 [mm], t= 9.770 [ps], E=871.633 [MeV]
OPAL-X> * 09:01:48 Step   1193 container[1] at 0.006 [um], t= 9.770 [ps], E=511.452 [keV]
OPAL-X> * 09:01:48 Step   1193 container[2] at 0.006 [um], t= 9.770 [ps], E=511.080 [keV]
OPAL-X> * 09:01:49 Step   1194 container[0] at 2.930 [mm], t= 9.775 [ps], E=871.635 [MeV]
OPAL-X> * 09:01:49 Step   1194 container[1] at 0.006 [um], t= 9.775 [ps], E=511.452 [keV]
OPAL-X> * 09:01:49 Step   1194 container[2] at 0.006 [um], t= 9.775 [ps], E=511.080 [keV]
OPAL-X> * 09:01:49 Step   1195 container[0] at 2.932 [mm], t= 9.780 [ps], E=871.637 [MeV]
OPAL-X> * 09:01:49 Step   1195 container[1] at 0.006 [um], t= 9.780 [ps], E=511.453 [keV]
OPAL-X> * 09:01:49 Step   1195 container[2] at 0.006 [um], t= 9.780 [ps], E=511.079 [keV]
OPAL-X> * 09:01:49 Step   1196 container[0] at 2.933 [mm], t= 9.785 [ps], E=871.638 [MeV]
OPAL-X> * 09:01:49 Step   1196 container[1] at 0.006 [um], t= 9.785 [ps], E=511.454 [keV]
OPAL-X> * 09:01:49 Step   1196 container[2] at 0.006 [um], t= 9.785 [ps], E=511.079 [keV]
OPAL-X> * 09:01:49 Step   1197 container[0] at 2.935 [mm], t= 9.790 [ps], E=871.640 [MeV]
OPAL-X> * 09:01:49 Step   1197 container[1] at 0.006 [um], t= 9.790 [ps], E=511.455 [keV]
OPAL-X> * 09:01:49 Step   1197 container[2] at 0.006 [um], t= 9.790 [ps], E=511.078 [keV]
OPAL-X> * 09:01:50 Step   1198 container[0] at 2.936 [mm], t= 9.795 [ps], E=871.642 [MeV]
OPAL-X> * 09:01:50 Step   1198 container[1] at 0.006 [um], t= 9.795 [ps], E=511.455 [keV]
OPAL-X> * 09:01:50 Step   1198 container[2] at 0.006 [um], t= 9.795 [ps], E=511.078 [keV]
OPAL-X> * 09:01:50 Step   1199 container[0] at 2.938 [mm], t= 9.800 [ps], E=871.643 [MeV]
OPAL-X> * 09:01:50 Step   1199 container[1] at 0.006 [um], t= 9.800 [ps], E=511.456 [keV]
OPAL-X> * 09:01:50 Step   1199 container[2] at 0.006 [um], t= 9.800 [ps], E=511.077 [keV]
OPAL-X> * 09:01:50 Step   1200 container[0] at 2.939 [mm], t= 9.805 [ps], E=871.645 [MeV]
OPAL-X> * 09:01:50 Step   1200 container[1] at 0.006 [um], t= 9.805 [ps], E=511.457 [keV]
OPAL-X> * 09:01:50 Step   1200 container[2] at 0.006 [um], t= 9.805 [ps], E=511.077 [keV]
OPAL-X> * 09:01:51 Step   1201 container[0] at 2.941 [mm], t= 9.810 [ps], E=871.647 [MeV]
OPAL-X> * 09:01:51 Step   1201 container[1] at 0.006 [um], t= 9.810 [ps], E=511.457 [keV]
OPAL-X> * 09:01:51 Step   1201 container[2] at 0.006 [um], t= 9.810 [ps], E=511.077 [keV]
OPAL-X> * 09:01:51 Step   1202 container[0] at 2.942 [mm], t= 9.815 [ps], E=871.649 [MeV]
OPAL-X> * 09:01:51 Step   1202 container[1] at 0.006 [um], t= 9.815 [ps], E=511.458 [keV]
OPAL-X> * 09:01:51 Step   1202 container[2] at 0.006 [um], t= 9.815 [ps], E=511.076 [keV]
OPAL-X> * 09:01:51 Step   1203 container[0] at 2.944 [mm], t= 9.820 [ps], E=871.650 [MeV]
OPAL-X> * 09:01:51 Step   1203 container[1] at 0.006 [um], t= 9.820 [ps], E=511.459 [keV]
OPAL-X> * 09:01:51 Step   1203 container[2] at 0.006 [um], t= 9.820 [ps], E=511.076 [keV]
OPAL-X> * 09:01:51 Step   1204 container[0] at 2.945 [mm], t= 9.825 [ps], E=871.652 [MeV]
OPAL-X> * 09:01:51 Step   1204 container[1] at 0.006 [um], t= 9.825 [ps], E=511.460 [keV]
OPAL-X> * 09:01:51 Step   1204 container[2] at 0.006 [um], t= 9.825 [ps], E=511.075 [keV]
OPAL-X> * 09:01:52 Step   1205 container[0] at 2.947 [mm], t= 9.830 [ps], E=871.654 [MeV]
OPAL-X> * 09:01:52 Step   1205 container[1] at 0.006 [um], t= 9.830 [ps], E=511.460 [keV]
OPAL-X> * 09:01:52 Step   1205 container[2] at 0.006 [um], t= 9.830 [ps], E=511.075 [keV]
OPAL-X> * 09:01:52 Step   1206 container[0] at 2.948 [mm], t= 9.835 [ps], E=871.655 [MeV]
OPAL-X> * 09:01:52 Step   1206 container[1] at 0.006 [um], t= 9.835 [ps], E=511.461 [keV]
OPAL-X> * 09:01:52 Step   1206 container[2] at 0.006 [um], t= 9.835 [ps], E=511.074 [keV]
OPAL-X> * 09:01:52 Step   1207 container[0] at 2.950 [mm], t= 9.840 [ps], E=871.657 [MeV]
OPAL-X> * 09:01:52 Step   1207 container[1] at 0.006 [um], t= 9.840 [ps], E=511.462 [keV]
OPAL-X> * 09:01:52 Step   1207 container[2] at 0.006 [um], t= 9.840 [ps], E=511.074 [keV]
OPAL-X> * 09:01:52 Step   1208 container[0] at 2.951 [mm], t= 9.845 [ps], E=871.659 [MeV]
OPAL-X> * 09:01:52 Step   1208 container[1] at 0.006 [um], t= 9.845 [ps], E=511.462 [keV]
OPAL-X> * 09:01:52 Step   1208 container[2] at 0.006 [um], t= 9.845 [ps], E=511.074 [keV]
OPAL-X> * 09:01:53 Step   1209 container[0] at 2.953 [mm], t= 9.850 [ps], E=871.660 [MeV]
OPAL-X> * 09:01:53 Step   1209 container[1] at 0.006 [um], t= 9.850 [ps], E=511.463 [keV]
OPAL-X> * 09:01:53 Step   1209 container[2] at 0.006 [um], t= 9.850 [ps], E=511.073 [keV]
OPAL-X> * 09:01:53 Step   1210 container[0] at 2.954 [mm], t= 9.855 [ps], E=871.662 [MeV]
OPAL-X> * 09:01:53 Step   1210 container[1] at 0.006 [um], t= 9.855 [ps], E=511.464 [keV]
OPAL-X> * 09:01:53 Step   1210 container[2] at 0.006 [um], t= 9.855 [ps], E=511.073 [keV]
OPAL-X> * 09:01:53 Step   1211 container[0] at 2.956 [mm], t= 9.860 [ps], E=871.664 [MeV]
OPAL-X> * 09:01:53 Step   1211 container[1] at 0.006 [um], t= 9.860 [ps], E=511.465 [keV]
OPAL-X> * 09:01:53 Step   1211 container[2] at 0.006 [um], t= 9.860 [ps], E=511.072 [keV]
OPAL-X> * 09:01:53 Step   1212 container[0] at 2.957 [mm], t= 9.865 [ps], E=871.666 [MeV]
OPAL-X> * 09:01:53 Step   1212 container[1] at 0.006 [um], t= 9.865 [ps], E=511.465 [keV]
OPAL-X> * 09:01:53 Step   1212 container[2] at 0.006 [um], t= 9.865 [ps], E=511.072 [keV]
OPAL-X> * 09:01:54 Step   1213 container[0] at 2.959 [mm], t= 9.870 [ps], E=871.667 [MeV]
OPAL-X> * 09:01:54 Step   1213 container[1] at 0.006 [um], t= 9.870 [ps], E=511.466 [keV]
OPAL-X> * 09:01:54 Step   1213 container[2] at 0.006 [um], t= 9.870 [ps], E=511.072 [keV]
OPAL-X> * 09:01:54 Step   1214 container[0] at 2.960 [mm], t= 9.875 [ps], E=871.669 [MeV]
OPAL-X> * 09:01:54 Step   1214 container[1] at 0.006 [um], t= 9.875 [ps], E=511.467 [keV]
OPAL-X> * 09:01:54 Step   1214 container[2] at 0.006 [um], t= 9.875 [ps], E=511.071 [keV]
OPAL-X> * 09:01:54 Step   1215 container[0] at 2.962 [mm], t= 9.880 [ps], E=871.671 [MeV]
OPAL-X> * 09:01:54 Step   1215 container[1] at 0.006 [um], t= 9.880 [ps], E=511.467 [keV]
OPAL-X> * 09:01:54 Step   1215 container[2] at 0.006 [um], t= 9.880 [ps], E=511.071 [keV]
OPAL-X> * 09:01:54 Step   1216 container[0] at 2.963 [mm], t= 9.885 [ps], E=871.672 [MeV]
OPAL-X> * 09:01:54 Step   1216 container[1] at 0.006 [um], t= 9.885 [ps], E=511.468 [keV]
OPAL-X> * 09:01:54 Step   1216 container[2] at 0.006 [um], t= 9.885 [ps], E=511.070 [keV]
OPAL-X> * 09:01:55 Step   1217 container[0] at 2.965 [mm], t= 9.890 [ps], E=871.674 [MeV]
OPAL-X> * 09:01:55 Step   1217 container[1] at 0.006 [um], t= 9.890 [ps], E=511.469 [keV]
OPAL-X> * 09:01:55 Step   1217 container[2] at 0.006 [um], t= 9.890 [ps], E=511.070 [keV]
OPAL-X> * 09:01:55 Step   1218 container[0] at 2.966 [mm], t= 9.895 [ps], E=871.676 [MeV]
OPAL-X> * 09:01:55 Step   1218 container[1] at 0.006 [um], t= 9.895 [ps], E=511.470 [keV]
OPAL-X> * 09:01:55 Step   1218 container[2] at 0.006 [um], t= 9.895 [ps], E=511.069 [keV]
OPAL-X> * 09:01:55 Step   1219 container[0] at 2.968 [mm], t= 9.900 [ps], E=871.677 [MeV]
OPAL-X> * 09:01:55 Step   1219 container[1] at 0.006 [um], t= 9.900 [ps], E=511.470 [keV]
OPAL-X> * 09:01:55 Step   1219 container[2] at 0.006 [um], t= 9.900 [ps], E=511.069 [keV]
OPAL-X> * 09:01:55 Step   1220 container[0] at 2.969 [mm], t= 9.905 [ps], E=871.679 [MeV]
OPAL-X> * 09:01:55 Step   1220 container[1] at 0.006 [um], t= 9.905 [ps], E=511.471 [keV]
OPAL-X> * 09:01:55 Step   1220 container[2] at 0.006 [um], t= 9.905 [ps], E=511.069 [keV]
OPAL-X> * 09:01:56 Step   1221 container[0] at 2.971 [mm], t= 9.910 [ps], E=871.681 [MeV]
OPAL-X> * 09:01:56 Step   1221 container[1] at 0.006 [um], t= 9.910 [ps], E=511.472 [keV]
OPAL-X> * 09:01:56 Step   1221 container[2] at 0.006 [um], t= 9.910 [ps], E=511.068 [keV]
OPAL-X> * 09:01:56 Step   1222 container[0] at 2.972 [mm], t= 9.915 [ps], E=871.682 [MeV]
OPAL-X> * 09:01:56 Step   1222 container[1] at 0.006 [um], t= 9.915 [ps], E=511.472 [keV]
OPAL-X> * 09:01:56 Step   1222 container[2] at 0.006 [um], t= 9.915 [ps], E=511.068 [keV]
OPAL-X> * 09:01:56 Step   1223 container[0] at 2.974 [mm], t= 9.920 [ps], E=871.684 [MeV]
OPAL-X> * 09:01:56 Step   1223 container[1] at 0.006 [um], t= 9.920 [ps], E=511.473 [keV]
OPAL-X> * 09:01:56 Step   1223 container[2] at 0.006 [um], t= 9.920 [ps], E=511.067 [keV]
OPAL-X> * 09:01:56 Step   1224 container[0] at 2.975 [mm], t= 9.925 [ps], E=871.686 [MeV]
OPAL-X> * 09:01:56 Step   1224 container[1] at 0.006 [um], t= 9.925 [ps], E=511.474 [keV]
OPAL-X> * 09:01:56 Step   1224 container[2] at 0.006 [um], t= 9.925 [ps], E=511.067 [keV]
OPAL-X> * 09:01:57 Step   1225 container[0] at 2.977 [mm], t= 9.930 [ps], E=871.687 [MeV]
OPAL-X> * 09:01:57 Step   1225 container[1] at 0.006 [um], t= 9.930 [ps], E=511.474 [keV]
OPAL-X> * 09:01:57 Step   1225 container[2] at 0.006 [um], t= 9.930 [ps], E=511.067 [keV]
OPAL-X> * 09:01:57 Step   1226 container[0] at 2.978 [mm], t= 9.935 [ps], E=871.689 [MeV]
OPAL-X> * 09:01:57 Step   1226 container[1] at 0.006 [um], t= 9.935 [ps], E=511.475 [keV]
OPAL-X> * 09:01:57 Step   1226 container[2] at 0.006 [um], t= 9.935 [ps], E=511.066 [keV]
OPAL-X> * 09:01:57 Step   1227 container[0] at 2.980 [mm], t= 9.940 [ps], E=871.691 [MeV]
OPAL-X> * 09:01:57 Step   1227 container[1] at 0.006 [um], t= 9.940 [ps], E=511.476 [keV]
OPAL-X> * 09:01:57 Step   1227 container[2] at 0.006 [um], t= 9.940 [ps], E=511.066 [keV]
OPAL-X> * 09:01:57 Step   1228 container[0] at 2.981 [mm], t= 9.945 [ps], E=871.692 [MeV]
OPAL-X> * 09:01:57 Step   1228 container[1] at 0.006 [um], t= 9.945 [ps], E=511.477 [keV]
OPAL-X> * 09:01:57 Step   1228 container[2] at 0.006 [um], t= 9.945 [ps], E=511.065 [keV]
OPAL-X> * 09:01:58 Step   1229 container[0] at 2.983 [mm], t= 9.950 [ps], E=871.694 [MeV]
OPAL-X> * 09:01:58 Step   1229 container[1] at 0.006 [um], t= 9.950 [ps], E=511.477 [keV]
OPAL-X> * 09:01:58 Step   1229 container[2] at 0.006 [um], t= 9.950 [ps], E=511.065 [keV]
OPAL-X> * 09:01:58 Step   1230 container[0] at 2.984 [mm], t= 9.955 [ps], E=871.696 [MeV]
OPAL-X> * 09:01:58 Step   1230 container[1] at 0.006 [um], t= 9.955 [ps], E=511.478 [keV]
OPAL-X> * 09:01:58 Step   1230 container[2] at 0.006 [um], t= 9.955 [ps], E=511.065 [keV]
OPAL-X> * 09:01:58 Step   1231 container[0] at 2.986 [mm], t= 9.960 [ps], E=871.697 [MeV]
OPAL-X> * 09:01:58 Step   1231 container[1] at 0.006 [um], t= 9.960 [ps], E=511.479 [keV]
OPAL-X> * 09:01:58 Step   1231 container[2] at 0.006 [um], t= 9.960 [ps], E=511.064 [keV]
OPAL-X> * 09:01:59 Step   1232 container[0] at 2.987 [mm], t= 9.965 [ps], E=871.699 [MeV]
OPAL-X> * 09:01:59 Step   1232 container[1] at 0.006 [um], t= 9.965 [ps], E=511.479 [keV]
OPAL-X> * 09:01:59 Step   1232 container[2] at 0.006 [um], t= 9.965 [ps], E=511.064 [keV]
OPAL-X> * 09:01:59 Step   1233 container[0] at 2.989 [mm], t= 9.970 [ps], E=871.701 [MeV]
OPAL-X> * 09:01:59 Step   1233 container[1] at 0.006 [um], t= 9.970 [ps], E=511.480 [keV]
OPAL-X> * 09:01:59 Step   1233 container[2] at 0.006 [um], t= 9.970 [ps], E=511.064 [keV]
OPAL-X> * 09:01:59 Step   1234 container[0] at 2.990 [mm], t= 9.975 [ps], E=871.702 [MeV]
OPAL-X> * 09:01:59 Step   1234 container[1] at 0.006 [um], t= 9.975 [ps], E=511.481 [keV]
OPAL-X> * 09:01:59 Step   1234 container[2] at 0.006 [um], t= 9.975 [ps], E=511.063 [keV]
OPAL-X> * 09:01:59 Step   1235 container[0] at 2.992 [mm], t= 9.980 [ps], E=871.704 [MeV]
OPAL-X> * 09:01:59 Step   1235 container[1] at 0.006 [um], t= 9.980 [ps], E=511.481 [keV]
OPAL-X> * 09:01:59 Step   1235 container[2] at 0.006 [um], t= 9.980 [ps], E=511.063 [keV]
OPAL-X> * 09:02:00 Step   1236 container[0] at 2.993 [mm], t= 9.985 [ps], E=871.706 [MeV]
OPAL-X> * 09:02:00 Step   1236 container[1] at 0.006 [um], t= 9.985 [ps], E=511.482 [keV]
OPAL-X> * 09:02:00 Step   1236 container[2] at 0.006 [um], t= 9.985 [ps], E=511.062 [keV]
OPAL-X> * 09:02:00 Step   1237 container[0] at 2.995 [mm], t= 9.990 [ps], E=871.707 [MeV]
OPAL-X> * 09:02:00 Step   1237 container[1] at 0.006 [um], t= 9.990 [ps], E=511.483 [keV]
OPAL-X> * 09:02:00 Step   1237 container[2] at 0.006 [um], t= 9.990 [ps], E=511.062 [keV]
OPAL-X> * 09:02:00 Step   1238 container[0] at 2.996 [mm], t= 9.995 [ps], E=871.709 [MeV]
OPAL-X> * 09:02:00 Step   1238 container[1] at 0.006 [um], t= 9.995 [ps], E=511.483 [keV]
OPAL-X> * 09:02:00 Step   1238 container[2] at 0.006 [um], t= 9.995 [ps], E=511.062 [keV]
OPAL-X> * 09:02:00 Step   1239 container[0] at 2.998 [mm], t= 10.000 [ps], E=871.711 [MeV]
OPAL-X> * 09:02:00 Step   1239 container[1] at 0.006 [um], t= 10.000 [ps], E=511.484 [keV]
OPAL-X> * 09:02:00 Step   1239 container[2] at 0.006 [um], t= 10.000 [ps], E=511.061 [keV]
OPAL-X> * 09:02:01 Step   1240 container[0] at 2.999 [mm], t= 10.005 [ps], E=871.712 [MeV]
OPAL-X> * 09:02:01 Step   1240 container[1] at 0.006 [um], t= 10.005 [ps], E=511.485 [keV]
OPAL-X> * 09:02:01 Step   1240 container[2] at 0.006 [um], t= 10.005 [ps], E=511.061 [keV]
OPAL-X> * 09:02:01 Step   1241 container[0] at 3.001 [mm], t= 10.010 [ps], E=871.714 [MeV]
OPAL-X> * 09:02:01 Step   1241 container[1] at 0.006 [um], t= 10.010 [ps], E=511.485 [keV]
OPAL-X> * 09:02:01 Step   1241 container[2] at 0.006 [um], t= 10.010 [ps], E=511.061 [keV]
OPAL-X> * 09:02:01 Step   1242 container[0] at 3.002 [mm], t= 10.015 [ps], E=871.715 [MeV]
OPAL-X> * 09:02:01 Step   1242 container[1] at 0.006 [um], t= 10.015 [ps], E=511.486 [keV]
OPAL-X> * 09:02:01 Step   1242 container[2] at 0.006 [um], t= 10.015 [ps], E=511.060 [keV]
OPAL-X> * 09:02:01 Step   1243 container[0] at 3.004 [mm], t= 10.020 [ps], E=871.717 [MeV]
OPAL-X> * 09:02:01 Step   1243 container[1] at 0.006 [um], t= 10.020 [ps], E=511.487 [keV]
OPAL-X> * 09:02:01 Step   1243 container[2] at 0.006 [um], t= 10.020 [ps], E=511.060 [keV]
OPAL-X> * 09:02:02 Step   1244 container[0] at 3.005 [mm], t= 10.025 [ps], E=871.719 [MeV]
OPAL-X> * 09:02:02 Step   1244 container[1] at 0.006 [um], t= 10.025 [ps], E=511.487 [keV]
OPAL-X> * 09:02:02 Step   1244 container[2] at 0.006 [um], t= 10.025 [ps], E=511.059 [keV]
OPAL-X> * 09:02:02 Step   1245 container[0] at 3.007 [mm], t= 10.030 [ps], E=871.720 [MeV]
OPAL-X> * 09:02:02 Step   1245 container[1] at 0.006 [um], t= 10.030 [ps], E=511.488 [keV]
OPAL-X> * 09:02:02 Step   1245 container[2] at 0.006 [um], t= 10.030 [ps], E=511.059 [keV]
OPAL-X> * 09:02:02 Step   1246 container[0] at 3.008 [mm], t= 10.035 [ps], E=871.722 [MeV]
OPAL-X> * 09:02:02 Step   1246 container[1] at 0.006 [um], t= 10.035 [ps], E=511.489 [keV]
OPAL-X> * 09:02:02 Step   1246 container[2] at 0.006 [um], t= 10.035 [ps], E=511.059 [keV]
OPAL-X> * 09:02:02 Step   1247 container[0] at 3.010 [mm], t= 10.040 [ps], E=871.724 [MeV]
OPAL-X> * 09:02:02 Step   1247 container[1] at 0.006 [um], t= 10.040 [ps], E=511.489 [keV]
OPAL-X> * 09:02:02 Step   1247 container[2] at 0.006 [um], t= 10.040 [ps], E=511.058 [keV]
OPAL-X> * 09:02:03 Step   1248 container[0] at 3.011 [mm], t= 10.045 [ps], E=871.725 [MeV]
OPAL-X> * 09:02:03 Step   1248 container[1] at 0.006 [um], t= 10.045 [ps], E=511.490 [keV]
OPAL-X> * 09:02:03 Step   1248 container[2] at 0.006 [um], t= 10.045 [ps], E=511.058 [keV]
OPAL-X> * 09:02:03 Step   1249 container[0] at 3.013 [mm], t= 10.050 [ps], E=871.727 [MeV]
OPAL-X> * 09:02:03 Step   1249 container[1] at 0.006 [um], t= 10.050 [ps], E=511.491 [keV]
OPAL-X> * 09:02:03 Step   1249 container[2] at 0.006 [um], t= 10.050 [ps], E=511.058 [keV]
OPAL-X> * 09:02:03 Step   1250 container[0] at 3.014 [mm], t= 10.055 [ps], E=871.728 [MeV]
OPAL-X> * 09:02:03 Step   1250 container[1] at 0.006 [um], t= 10.055 [ps], E=511.491 [keV]
OPAL-X> * 09:02:03 Step   1250 container[2] at 0.006 [um], t= 10.055 [ps], E=511.057 [keV]
OPAL-X> * 09:02:03 Step   1251 container[0] at 3.016 [mm], t= 10.060 [ps], E=871.730 [MeV]
OPAL-X> * 09:02:03 Step   1251 container[1] at 0.006 [um], t= 10.060 [ps], E=511.492 [keV]
OPAL-X> * 09:02:03 Step   1251 container[2] at 0.006 [um], t= 10.060 [ps], E=511.057 [keV]
OPAL-X> * 09:02:04 Step   1252 container[0] at 3.017 [mm], t= 10.065 [ps], E=871.732 [MeV]
OPAL-X> * 09:02:04 Step   1252 container[1] at 0.006 [um], t= 10.065 [ps], E=511.493 [keV]
OPAL-X> * 09:02:04 Step   1252 container[2] at 0.006 [um], t= 10.065 [ps], E=511.057 [keV]
OPAL-X> * 09:02:04 Step   1253 container[0] at 3.019 [mm], t= 10.070 [ps], E=871.733 [MeV]
OPAL-X> * 09:02:04 Step   1253 container[1] at 0.006 [um], t= 10.070 [ps], E=511.493 [keV]
OPAL-X> * 09:02:04 Step   1253 container[2] at 0.006 [um], t= 10.070 [ps], E=511.056 [keV]
OPAL-X> * 09:02:04 Step   1254 container[0] at 3.020 [mm], t= 10.075 [ps], E=871.735 [MeV]
OPAL-X> * 09:02:04 Step   1254 container[1] at 0.006 [um], t= 10.075 [ps], E=511.494 [keV]
OPAL-X> * 09:02:04 Step   1254 container[2] at 0.006 [um], t= 10.075 [ps], E=511.056 [keV]
OPAL-X> * 09:02:04 Step   1255 container[0] at 3.022 [mm], t= 10.080 [ps], E=871.737 [MeV]
OPAL-X> * 09:02:04 Step   1255 container[1] at 0.006 [um], t= 10.080 [ps], E=511.495 [keV]
OPAL-X> * 09:02:04 Step   1255 container[2] at 0.006 [um], t= 10.080 [ps], E=511.056 [keV]
OPAL-X> * 09:02:05 Step   1256 container[0] at 3.023 [mm], t= 10.085 [ps], E=871.738 [MeV]
OPAL-X> * 09:02:05 Step   1256 container[1] at 0.006 [um], t= 10.085 [ps], E=511.495 [keV]
OPAL-X> * 09:02:05 Step   1256 container[2] at 0.006 [um], t= 10.085 [ps], E=511.055 [keV]
OPAL-X> * 09:02:05 Step   1257 container[0] at 3.025 [mm], t= 10.090 [ps], E=871.740 [MeV]
OPAL-X> * 09:02:05 Step   1257 container[1] at 0.006 [um], t= 10.090 [ps], E=511.496 [keV]
OPAL-X> * 09:02:05 Step   1257 container[2] at 0.006 [um], t= 10.090 [ps], E=511.055 [keV]
OPAL-X> * 09:02:05 Step   1258 container[0] at 3.026 [mm], t= 10.095 [ps], E=871.741 [MeV]
OPAL-X> * 09:02:05 Step   1258 container[1] at 0.006 [um], t= 10.095 [ps], E=511.497 [keV]
OPAL-X> * 09:02:05 Step   1258 container[2] at 0.006 [um], t= 10.095 [ps], E=511.055 [keV]
OPAL-X> * 09:02:05 Step   1259 container[0] at 3.028 [mm], t= 10.100 [ps], E=871.743 [MeV]
OPAL-X> * 09:02:05 Step   1259 container[1] at 0.006 [um], t= 10.100 [ps], E=511.497 [keV]
OPAL-X> * 09:02:05 Step   1259 container[2] at 0.006 [um], t= 10.100 [ps], E=511.054 [keV]
OPAL-X> * 09:02:06 Step   1260 container[0] at 3.029 [mm], t= 10.105 [ps], E=871.745 [MeV]
OPAL-X> * 09:02:06 Step   1260 container[1] at 0.006 [um], t= 10.105 [ps], E=511.498 [keV]
OPAL-X> * 09:02:06 Step   1260 container[2] at 0.006 [um], t= 10.105 [ps], E=511.054 [keV]
OPAL-X> * 09:02:06 Step   1261 container[0] at 3.031 [mm], t= 10.110 [ps], E=871.746 [MeV]
OPAL-X> * 09:02:06 Step   1261 container[1] at 0.006 [um], t= 10.110 [ps], E=511.499 [keV]
OPAL-X> * 09:02:06 Step   1261 container[2] at 0.006 [um], t= 10.110 [ps], E=511.053 [keV]
OPAL-X> * 09:02:06 Step   1262 container[0] at 3.032 [mm], t= 10.115 [ps], E=871.748 [MeV]
OPAL-X> * 09:02:06 Step   1262 container[1] at 0.006 [um], t= 10.115 [ps], E=511.499 [keV]
OPAL-X> * 09:02:06 Step   1262 container[2] at 0.006 [um], t= 10.115 [ps], E=511.053 [keV]
OPAL-X> * 09:02:07 Step   1263 container[0] at 3.034 [mm], t= 10.120 [ps], E=871.749 [MeV]
OPAL-X> * 09:02:07 Step   1263 container[1] at 0.006 [um], t= 10.120 [ps], E=511.500 [keV]
OPAL-X> * 09:02:07 Step   1263 container[2] at 0.006 [um], t= 10.120 [ps], E=511.053 [keV]
OPAL-X> * 09:02:07 Step   1264 container[0] at 3.035 [mm], t= 10.125 [ps], E=871.751 [MeV]
OPAL-X> * 09:02:07 Step   1264 container[1] at 0.006 [um], t= 10.125 [ps], E=511.501 [keV]
OPAL-X> * 09:02:07 Step   1264 container[2] at 0.006 [um], t= 10.125 [ps], E=511.052 [keV]
OPAL-X> * 09:02:07 Step   1265 container[0] at 3.037 [mm], t= 10.130 [ps], E=871.753 [MeV]
OPAL-X> * 09:02:07 Step   1265 container[1] at 0.006 [um], t= 10.130 [ps], E=511.501 [keV]
OPAL-X> * 09:02:07 Step   1265 container[2] at 0.006 [um], t= 10.130 [ps], E=511.052 [keV]
OPAL-X> * 09:02:07 Step   1266 container[0] at 3.038 [mm], t= 10.135 [ps], E=871.754 [MeV]
OPAL-X> * 09:02:07 Step   1266 container[1] at 0.006 [um], t= 10.135 [ps], E=511.502 [keV]
OPAL-X> * 09:02:07 Step   1266 container[2] at 0.006 [um], t= 10.135 [ps], E=511.052 [keV]
OPAL-X> * 09:02:08 Step   1267 container[0] at 3.040 [mm], t= 10.140 [ps], E=871.756 [MeV]
OPAL-X> * 09:02:08 Step   1267 container[1] at 0.006 [um], t= 10.140 [ps], E=511.503 [keV]
OPAL-X> * 09:02:08 Step   1267 container[2] at 0.006 [um], t= 10.140 [ps], E=511.051 [keV]
OPAL-X> * 09:02:08 Step   1268 container[0] at 3.041 [mm], t= 10.145 [ps], E=871.757 [MeV]
OPAL-X> * 09:02:08 Step   1268 container[1] at 0.006 [um], t= 10.145 [ps], E=511.503 [keV]
OPAL-X> * 09:02:08 Step   1268 container[2] at 0.006 [um], t= 10.145 [ps], E=511.051 [keV]
OPAL-X> * 09:02:08 Step   1269 container[0] at 3.043 [mm], t= 10.150 [ps], E=871.759 [MeV]
OPAL-X> * 09:02:08 Step   1269 container[1] at 0.006 [um], t= 10.150 [ps], E=511.504 [keV]
OPAL-X> * 09:02:08 Step   1269 container[2] at 0.006 [um], t= 10.150 [ps], E=511.051 [keV]
OPAL-X> * 09:02:08 Step   1270 container[0] at 3.044 [mm], t= 10.155 [ps], E=871.761 [MeV]
OPAL-X> * 09:02:08 Step   1270 container[1] at 0.006 [um], t= 10.155 [ps], E=511.504 [keV]
OPAL-X> * 09:02:08 Step   1270 container[2] at 0.006 [um], t= 10.155 [ps], E=511.051 [keV]
OPAL-X> * 09:02:09 Step   1271 container[0] at 3.046 [mm], t= 10.160 [ps], E=871.762 [MeV]
OPAL-X> * 09:02:09 Step   1271 container[1] at 0.006 [um], t= 10.160 [ps], E=511.505 [keV]
OPAL-X> * 09:02:09 Step   1271 container[2] at 0.006 [um], t= 10.160 [ps], E=511.050 [keV]
OPAL-X> * 09:02:09 Step   1272 container[0] at 3.047 [mm], t= 10.165 [ps], E=871.764 [MeV]
OPAL-X> * 09:02:09 Step   1272 container[1] at 0.006 [um], t= 10.165 [ps], E=511.506 [keV]
OPAL-X> * 09:02:09 Step   1272 container[2] at 0.006 [um], t= 10.165 [ps], E=511.050 [keV]
OPAL-X> * 09:02:09 Step   1273 container[0] at 3.049 [mm], t= 10.170 [ps], E=871.765 [MeV]
OPAL-X> * 09:02:09 Step   1273 container[1] at 0.006 [um], t= 10.170 [ps], E=511.506 [keV]
OPAL-X> * 09:02:09 Step   1273 container[2] at 0.006 [um], t= 10.170 [ps], E=511.050 [keV]
OPAL-X> * 09:02:09 Step   1274 container[0] at 3.050 [mm], t= 10.175 [ps], E=871.767 [MeV]
OPAL-X> * 09:02:09 Step   1274 container[1] at 0.006 [um], t= 10.175 [ps], E=511.507 [keV]
OPAL-X> * 09:02:09 Step   1274 container[2] at 0.006 [um], t= 10.175 [ps], E=511.049 [keV]
OPAL-X> * 09:02:10 Step   1275 container[0] at 3.052 [mm], t= 10.180 [ps], E=871.769 [MeV]
OPAL-X> * 09:02:10 Step   1275 container[1] at 0.006 [um], t= 10.180 [ps], E=511.508 [keV]
OPAL-X> * 09:02:10 Step   1275 container[2] at 0.006 [um], t= 10.180 [ps], E=511.049 [keV]
OPAL-X> * 09:02:10 Step   1276 container[0] at 3.053 [mm], t= 10.185 [ps], E=871.770 [MeV]
OPAL-X> * 09:02:10 Step   1276 container[1] at 0.006 [um], t= 10.185 [ps], E=511.508 [keV]
OPAL-X> * 09:02:10 Step   1276 container[2] at 0.006 [um], t= 10.185 [ps], E=511.049 [keV]
OPAL-X> * 09:02:10 Step   1277 container[0] at 3.055 [mm], t= 10.190 [ps], E=871.772 [MeV]
OPAL-X> * 09:02:10 Step   1277 container[1] at 0.006 [um], t= 10.190 [ps], E=511.509 [keV]
OPAL-X> * 09:02:10 Step   1277 container[2] at 0.006 [um], t= 10.190 [ps], E=511.048 [keV]
OPAL-X> * 09:02:10 Step   1278 container[0] at 3.056 [mm], t= 10.195 [ps], E=871.773 [MeV]
OPAL-X> * 09:02:10 Step   1278 container[1] at 0.006 [um], t= 10.195 [ps], E=511.510 [keV]
OPAL-X> * 09:02:10 Step   1278 container[2] at 0.006 [um], t= 10.195 [ps], E=511.048 [keV]
OPAL-X> * 09:02:11 Step   1279 container[0] at 3.058 [mm], t= 10.200 [ps], E=871.775 [MeV]
OPAL-X> * 09:02:11 Step   1279 container[1] at 0.006 [um], t= 10.200 [ps], E=511.510 [keV]
OPAL-X> * 09:02:11 Step   1279 container[2] at 0.006 [um], t= 10.200 [ps], E=511.048 [keV]
OPAL-X> * 09:02:11 Step   1280 container[0] at 3.059 [mm], t= 10.205 [ps], E=871.777 [MeV]
OPAL-X> * 09:02:11 Step   1280 container[1] at 0.006 [um], t= 10.205 [ps], E=511.511 [keV]
OPAL-X> * 09:02:11 Step   1280 container[2] at 0.006 [um], t= 10.205 [ps], E=511.047 [keV]
OPAL-X> * 09:02:11 Step   1281 container[0] at 3.061 [mm], t= 10.210 [ps], E=871.778 [MeV]
OPAL-X> * 09:02:11 Step   1281 container[1] at 0.006 [um], t= 10.210 [ps], E=511.512 [keV]
OPAL-X> * 09:02:11 Step   1281 container[2] at 0.006 [um], t= 10.210 [ps], E=511.047 [keV]
OPAL-X> * 09:02:11 Step   1282 container[0] at 3.062 [mm], t= 10.215 [ps], E=871.780 [MeV]
OPAL-X> * 09:02:11 Step   1282 container[1] at 0.006 [um], t= 10.215 [ps], E=511.512 [keV]
OPAL-X> * 09:02:11 Step   1282 container[2] at 0.006 [um], t= 10.215 [ps], E=511.047 [keV]
OPAL-X> * 09:02:12 Step   1283 container[0] at 3.064 [mm], t= 10.220 [ps], E=871.781 [MeV]
OPAL-X> * 09:02:12 Step   1283 container[1] at 0.006 [um], t= 10.220 [ps], E=511.513 [keV]
OPAL-X> * 09:02:12 Step   1283 container[2] at 0.006 [um], t= 10.220 [ps], E=511.046 [keV]
OPAL-X> * 09:02:12 Step   1284 container[0] at 3.065 [mm], t= 10.225 [ps], E=871.783 [MeV]
OPAL-X> * 09:02:12 Step   1284 container[1] at 0.006 [um], t= 10.225 [ps], E=511.513 [keV]
OPAL-X> * 09:02:12 Step   1284 container[2] at 0.006 [um], t= 10.225 [ps], E=511.046 [keV]
OPAL-X> * 09:02:12 Step   1285 container[0] at 3.067 [mm], t= 10.230 [ps], E=871.784 [MeV]
OPAL-X> * 09:02:12 Step   1285 container[1] at 0.006 [um], t= 10.230 [ps], E=511.514 [keV]
OPAL-X> * 09:02:12 Step   1285 container[2] at 0.006 [um], t= 10.230 [ps], E=511.046 [keV]
OPAL-X> * 09:02:12 Step   1286 container[0] at 3.068 [mm], t= 10.235 [ps], E=871.786 [MeV]
OPAL-X> * 09:02:12 Step   1286 container[1] at 0.006 [um], t= 10.235 [ps], E=511.515 [keV]
OPAL-X> * 09:02:12 Step   1286 container[2] at 0.006 [um], t= 10.235 [ps], E=511.045 [keV]
OPAL-X> * 09:02:13 Step   1287 container[0] at 3.070 [mm], t= 10.240 [ps], E=871.788 [MeV]
OPAL-X> * 09:02:13 Step   1287 container[1] at 0.006 [um], t= 10.240 [ps], E=511.515 [keV]
OPAL-X> * 09:02:13 Step   1287 container[2] at 0.006 [um], t= 10.240 [ps], E=511.045 [keV]
OPAL-X> * 09:02:13 Step   1288 container[0] at 3.071 [mm], t= 10.245 [ps], E=871.789 [MeV]
OPAL-X> * 09:02:13 Step   1288 container[1] at 0.006 [um], t= 10.245 [ps], E=511.516 [keV]
OPAL-X> * 09:02:13 Step   1288 container[2] at 0.006 [um], t= 10.245 [ps], E=511.045 [keV]
OPAL-X> * 09:02:13 Step   1289 container[0] at 3.073 [mm], t= 10.250 [ps], E=871.791 [MeV]
OPAL-X> * 09:02:13 Step   1289 container[1] at 0.006 [um], t= 10.250 [ps], E=511.517 [keV]
OPAL-X> * 09:02:13 Step   1289 container[2] at 0.006 [um], t= 10.250 [ps], E=511.045 [keV]
OPAL-X> * 09:02:14 Step   1290 container[0] at 3.074 [mm], t= 10.255 [ps], E=871.792 [MeV]
OPAL-X> * 09:02:14 Step   1290 container[1] at 0.006 [um], t= 10.255 [ps], E=511.517 [keV]
OPAL-X> * 09:02:14 Step   1290 container[2] at 0.006 [um], t= 10.255 [ps], E=511.044 [keV]
OPAL-X> * 09:02:14 Step   1291 container[0] at 3.076 [mm], t= 10.260 [ps], E=871.794 [MeV]
OPAL-X> * 09:02:14 Step   1291 container[1] at 0.006 [um], t= 10.260 [ps], E=511.518 [keV]
OPAL-X> * 09:02:14 Step   1291 container[2] at 0.006 [um], t= 10.260 [ps], E=511.044 [keV]
OPAL-X> * 09:02:14 Step   1292 container[0] at 3.077 [mm], t= 10.265 [ps], E=871.795 [MeV]
OPAL-X> * 09:02:14 Step   1292 container[1] at 0.006 [um], t= 10.265 [ps], E=511.518 [keV]
OPAL-X> * 09:02:14 Step   1292 container[2] at 0.006 [um], t= 10.265 [ps], E=511.044 [keV]
OPAL-X> * 09:02:14 Step   1293 container[0] at 3.079 [mm], t= 10.270 [ps], E=871.797 [MeV]
OPAL-X> * 09:02:14 Step   1293 container[1] at 0.006 [um], t= 10.270 [ps], E=511.519 [keV]
OPAL-X> * 09:02:14 Step   1293 container[2] at 0.006 [um], t= 10.270 [ps], E=511.043 [keV]
OPAL-X> * 09:02:15 Step   1294 container[0] at 3.080 [mm], t= 10.275 [ps], E=871.798 [MeV]
OPAL-X> * 09:02:15 Step   1294 container[1] at 0.006 [um], t= 10.275 [ps], E=511.520 [keV]
OPAL-X> * 09:02:15 Step   1294 container[2] at 0.006 [um], t= 10.275 [ps], E=511.043 [keV]
OPAL-X> * 09:02:15 Step   1295 container[0] at 3.082 [mm], t= 10.280 [ps], E=871.800 [MeV]
OPAL-X> * 09:02:15 Step   1295 container[1] at 0.006 [um], t= 10.280 [ps], E=511.520 [keV]
OPAL-X> * 09:02:15 Step   1295 container[2] at 0.006 [um], t= 10.280 [ps], E=511.043 [keV]
OPAL-X> * 09:02:15 Step   1296 container[0] at 3.083 [mm], t= 10.285 [ps], E=871.802 [MeV]
OPAL-X> * 09:02:15 Step   1296 container[1] at 0.006 [um], t= 10.285 [ps], E=511.521 [keV]
OPAL-X> * 09:02:15 Step   1296 container[2] at 0.006 [um], t= 10.285 [ps], E=511.042 [keV]
OPAL-X> * 09:02:15 Step   1297 container[0] at 3.085 [mm], t= 10.290 [ps], E=871.803 [MeV]
OPAL-X> * 09:02:15 Step   1297 container[1] at 0.006 [um], t= 10.290 [ps], E=511.522 [keV]
OPAL-X> * 09:02:15 Step   1297 container[2] at 0.006 [um], t= 10.290 [ps], E=511.042 [keV]
OPAL-X> * 09:02:16 Step   1298 container[0] at 3.086 [mm], t= 10.295 [ps], E=871.805 [MeV]
OPAL-X> * 09:02:16 Step   1298 container[1] at 0.006 [um], t= 10.295 [ps], E=511.522 [keV]
OPAL-X> * 09:02:16 Step   1298 container[2] at 0.006 [um], t= 10.295 [ps], E=511.042 [keV]
OPAL-X> * 09:02:16 Step   1299 container[0] at 3.088 [mm], t= 10.300 [ps], E=871.806 [MeV]
OPAL-X> * 09:02:16 Step   1299 container[1] at 0.006 [um], t= 10.300 [ps], E=511.523 [keV]
OPAL-X> * 09:02:16 Step   1299 container[2] at 0.006 [um], t= 10.300 [ps], E=511.042 [keV]
OPAL-X> * 09:02:16 Step   1300 container[0] at 3.089 [mm], t= 10.305 [ps], E=871.808 [MeV]
OPAL-X> * 09:02:16 Step   1300 container[1] at 0.006 [um], t= 10.305 [ps], E=511.524 [keV]
OPAL-X> * 09:02:16 Step   1300 container[2] at 0.006 [um], t= 10.305 [ps], E=511.041 [keV]
OPAL-X> * 09:02:16 Step   1301 container[0] at 3.091 [mm], t= 10.310 [ps], E=871.809 [MeV]
OPAL-X> * 09:02:16 Step   1301 container[1] at 0.006 [um], t= 10.310 [ps], E=511.524 [keV]
OPAL-X> * 09:02:16 Step   1301 container[2] at 0.006 [um], t= 10.310 [ps], E=511.041 [keV]
OPAL-X> * 09:02:17 Step   1302 container[0] at 3.092 [mm], t= 10.315 [ps], E=871.811 [MeV]
OPAL-X> * 09:02:17 Step   1302 container[1] at 0.006 [um], t= 10.315 [ps], E=511.525 [keV]
OPAL-X> * 09:02:17 Step   1302 container[2] at 0.006 [um], t= 10.315 [ps], E=511.041 [keV]
OPAL-X> * 09:02:17 Step   1303 container[0] at 3.094 [mm], t= 10.320 [ps], E=871.812 [MeV]
OPAL-X> * 09:02:17 Step   1303 container[1] at 0.006 [um], t= 10.320 [ps], E=511.525 [keV]
OPAL-X> * 09:02:17 Step   1303 container[2] at 0.006 [um], t= 10.320 [ps], E=511.040 [keV]
OPAL-X> * 09:02:17 Step   1304 container[0] at 3.095 [mm], t= 10.325 [ps], E=871.814 [MeV]
OPAL-X> * 09:02:17 Step   1304 container[1] at 0.006 [um], t= 10.325 [ps], E=511.526 [keV]
OPAL-X> * 09:02:17 Step   1304 container[2] at 0.006 [um], t= 10.325 [ps], E=511.040 [keV]
OPAL-X> * 09:02:17 Step   1305 container[0] at 3.097 [mm], t= 10.330 [ps], E=871.816 [MeV]
OPAL-X> * 09:02:17 Step   1305 container[1] at 0.006 [um], t= 10.330 [ps], E=511.527 [keV]
OPAL-X> * 09:02:17 Step   1305 container[2] at 0.006 [um], t= 10.330 [ps], E=511.040 [keV]
OPAL-X> * 09:02:18 Step   1306 container[0] at 3.098 [mm], t= 10.335 [ps], E=871.817 [MeV]
OPAL-X> * 09:02:18 Step   1306 container[1] at 0.006 [um], t= 10.335 [ps], E=511.527 [keV]
OPAL-X> * 09:02:18 Step   1306 container[2] at 0.006 [um], t= 10.335 [ps], E=511.040 [keV]
OPAL-X> * 09:02:18 Step   1307 container[0] at 3.100 [mm], t= 10.340 [ps], E=871.819 [MeV]
OPAL-X> * 09:02:18 Step   1307 container[1] at 0.006 [um], t= 10.340 [ps], E=511.528 [keV]
OPAL-X> * 09:02:18 Step   1307 container[2] at 0.006 [um], t= 10.340 [ps], E=511.039 [keV]
OPAL-X> * 09:02:18 Step   1308 container[0] at 3.101 [mm], t= 10.345 [ps], E=871.820 [MeV]
OPAL-X> * 09:02:18 Step   1308 container[1] at 0.006 [um], t= 10.345 [ps], E=511.529 [keV]
OPAL-X> * 09:02:18 Step   1308 container[2] at 0.006 [um], t= 10.345 [ps], E=511.039 [keV]
OPAL-X> * 09:02:18 Step   1309 container[0] at 3.103 [mm], t= 10.350 [ps], E=871.822 [MeV]
OPAL-X> * 09:02:18 Step   1309 container[1] at 0.006 [um], t= 10.350 [ps], E=511.529 [keV]
OPAL-X> * 09:02:18 Step   1309 container[2] at 0.006 [um], t= 10.350 [ps], E=511.039 [keV]
OPAL-X> * 09:02:19 Step   1310 container[0] at 3.104 [mm], t= 10.355 [ps], E=871.823 [MeV]
OPAL-X> * 09:02:19 Step   1310 container[1] at 0.006 [um], t= 10.355 [ps], E=511.530 [keV]
OPAL-X> * 09:02:19 Step   1310 container[2] at 0.006 [um], t= 10.355 [ps], E=511.038 [keV]
OPAL-X> * 09:02:19 Step   1311 container[0] at 3.106 [mm], t= 10.360 [ps], E=871.825 [MeV]
OPAL-X> * 09:02:19 Step   1311 container[1] at 0.006 [um], t= 10.360 [ps], E=511.531 [keV]
OPAL-X> * 09:02:19 Step   1311 container[2] at 0.006 [um], t= 10.360 [ps], E=511.038 [keV]
OPAL-X> * 09:02:19 Step   1312 container[0] at 3.107 [mm], t= 10.365 [ps], E=871.826 [MeV]
OPAL-X> * 09:02:19 Step   1312 container[1] at 0.006 [um], t= 10.365 [ps], E=511.531 [keV]
OPAL-X> * 09:02:19 Step   1312 container[2] at 0.006 [um], t= 10.365 [ps], E=511.038 [keV]
OPAL-X> * 09:02:20 Step   1313 container[0] at 3.109 [mm], t= 10.370 [ps], E=871.828 [MeV]
OPAL-X> * 09:02:20 Step   1313 container[1] at 0.006 [um], t= 10.370 [ps], E=511.532 [keV]
OPAL-X> * 09:02:20 Step   1313 container[2] at 0.006 [um], t= 10.370 [ps], E=511.038 [keV]
OPAL-X> * 09:02:20 Step   1314 container[0] at 3.110 [mm], t= 10.375 [ps], E=871.829 [MeV]
OPAL-X> * 09:02:20 Step   1314 container[1] at 0.006 [um], t= 10.375 [ps], E=511.533 [keV]
OPAL-X> * 09:02:20 Step   1314 container[2] at 0.006 [um], t= 10.375 [ps], E=511.037 [keV]
OPAL-X> * 09:02:20 Step   1315 container[0] at 3.112 [mm], t= 10.380 [ps], E=871.831 [MeV]
OPAL-X> * 09:02:20 Step   1315 container[1] at 0.006 [um], t= 10.380 [ps], E=511.533 [keV]
OPAL-X> * 09:02:20 Step   1315 container[2] at 0.006 [um], t= 10.380 [ps], E=511.037 [keV]
OPAL-X> * 09:02:20 Step   1316 container[0] at 3.113 [mm], t= 10.385 [ps], E=871.832 [MeV]
OPAL-X> * 09:02:20 Step   1316 container[1] at 0.006 [um], t= 10.385 [ps], E=511.534 [keV]
OPAL-X> * 09:02:20 Step   1316 container[2] at 0.006 [um], t= 10.385 [ps], E=511.037 [keV]
OPAL-X> * 09:02:21 Step   1317 container[0] at 3.115 [mm], t= 10.390 [ps], E=871.834 [MeV]
OPAL-X> * 09:02:21 Step   1317 container[1] at 0.006 [um], t= 10.390 [ps], E=511.535 [keV]
OPAL-X> * 09:02:21 Step   1317 container[2] at 0.006 [um], t= 10.390 [ps], E=511.036 [keV]
OPAL-X> * 09:02:21 Step   1318 container[0] at 3.116 [mm], t= 10.395 [ps], E=871.835 [MeV]
OPAL-X> * 09:02:21 Step   1318 container[1] at 0.006 [um], t= 10.395 [ps], E=511.535 [keV]
OPAL-X> * 09:02:21 Step   1318 container[2] at 0.006 [um], t= 10.395 [ps], E=511.036 [keV]
OPAL-X> * 09:02:21 Step   1319 container[0] at 3.118 [mm], t= 10.400 [ps], E=871.837 [MeV]
OPAL-X> * 09:02:21 Step   1319 container[1] at 0.006 [um], t= 10.400 [ps], E=511.536 [keV]
OPAL-X> * 09:02:21 Step   1319 container[2] at 0.006 [um], t= 10.400 [ps], E=511.036 [keV]
OPAL-X> * 09:02:21 Step   1320 container[0] at 3.119 [mm], t= 10.405 [ps], E=871.839 [MeV]
OPAL-X> * 09:02:21 Step   1320 container[1] at 0.006 [um], t= 10.405 [ps], E=511.537 [keV]
OPAL-X> * 09:02:21 Step   1320 container[2] at 0.006 [um], t= 10.405 [ps], E=511.036 [keV]
OPAL-X> * 09:02:22 Step   1321 container[0] at 3.121 [mm], t= 10.410 [ps], E=871.840 [MeV]
OPAL-X> * 09:02:22 Step   1321 container[1] at 0.006 [um], t= 10.410 [ps], E=511.537 [keV]
OPAL-X> * 09:02:22 Step   1321 container[2] at 0.006 [um], t= 10.410 [ps], E=511.035 [keV]
OPAL-X> * 09:02:22 Step   1322 container[0] at 3.122 [mm], t= 10.415 [ps], E=871.842 [MeV]
OPAL-X> * 09:02:22 Step   1322 container[1] at 0.006 [um], t= 10.415 [ps], E=511.538 [keV]
OPAL-X> * 09:02:22 Step   1322 container[2] at 0.006 [um], t= 10.415 [ps], E=511.035 [keV]
OPAL-X> * 09:02:22 Step   1323 container[0] at 3.124 [mm], t= 10.420 [ps], E=871.843 [MeV]
OPAL-X> * 09:02:22 Step   1323 container[1] at 0.006 [um], t= 10.420 [ps], E=511.539 [keV]
OPAL-X> * 09:02:22 Step   1323 container[2] at 0.006 [um], t= 10.420 [ps], E=511.035 [keV]
OPAL-X> * 09:02:22 Step   1324 container[0] at 3.125 [mm], t= 10.425 [ps], E=871.845 [MeV]
OPAL-X> * 09:02:22 Step   1324 container[1] at 0.006 [um], t= 10.425 [ps], E=511.539 [keV]
OPAL-X> * 09:02:22 Step   1324 container[2] at 0.006 [um], t= 10.425 [ps], E=511.035 [keV]
OPAL-X> * 09:02:23 Step   1325 container[0] at 3.127 [mm], t= 10.430 [ps], E=871.846 [MeV]
OPAL-X> * 09:02:23 Step   1325 container[1] at 0.006 [um], t= 10.430 [ps], E=511.540 [keV]
OPAL-X> * 09:02:23 Step   1325 container[2] at 0.006 [um], t= 10.430 [ps], E=511.034 [keV]
OPAL-X> * 09:02:23 Step   1326 container[0] at 3.128 [mm], t= 10.435 [ps], E=871.848 [MeV]
OPAL-X> * 09:02:23 Step   1326 container[1] at 0.006 [um], t= 10.435 [ps], E=511.541 [keV]
OPAL-X> * 09:02:23 Step   1326 container[2] at 0.006 [um], t= 10.435 [ps], E=511.034 [keV]
OPAL-X> * 09:02:23 Step   1327 container[0] at 3.130 [mm], t= 10.440 [ps], E=871.849 [MeV]
OPAL-X> * 09:02:23 Step   1327 container[1] at 0.006 [um], t= 10.440 [ps], E=511.541 [keV]
OPAL-X> * 09:02:23 Step   1327 container[2] at 0.006 [um], t= 10.440 [ps], E=511.034 [keV]
OPAL-X> * 09:02:23 Step   1328 container[0] at 3.131 [mm], t= 10.445 [ps], E=871.851 [MeV]
OPAL-X> * 09:02:23 Step   1328 container[1] at 0.006 [um], t= 10.445 [ps], E=511.542 [keV]
OPAL-X> * 09:02:23 Step   1328 container[2] at 0.006 [um], t= 10.445 [ps], E=511.033 [keV]
OPAL-X> * 09:02:24 Step   1329 container[0] at 3.133 [mm], t= 10.450 [ps], E=871.852 [MeV]
OPAL-X> * 09:02:24 Step   1329 container[1] at 0.006 [um], t= 10.450 [ps], E=511.543 [keV]
OPAL-X> * 09:02:24 Step   1329 container[2] at 0.006 [um], t= 10.450 [ps], E=511.033 [keV]
OPAL-X> * 09:02:24 Step   1330 container[0] at 3.134 [mm], t= 10.455 [ps], E=871.854 [MeV]
OPAL-X> * 09:02:24 Step   1330 container[1] at 0.006 [um], t= 10.455 [ps], E=511.543 [keV]
OPAL-X> * 09:02:24 Step   1330 container[2] at 0.006 [um], t= 10.455 [ps], E=511.033 [keV]
OPAL-X> * 09:02:24 Step   1331 container[0] at 3.136 [mm], t= 10.460 [ps], E=871.855 [MeV]
OPAL-X> * 09:02:24 Step   1331 container[1] at 0.006 [um], t= 10.460 [ps], E=511.544 [keV]
OPAL-X> * 09:02:24 Step   1331 container[2] at 0.006 [um], t= 10.460 [ps], E=511.033 [keV]
OPAL-X> * 09:02:25 Step   1332 container[0] at 3.137 [mm], t= 10.465 [ps], E=871.857 [MeV]
OPAL-X> * 09:02:25 Step   1332 container[1] at 0.006 [um], t= 10.465 [ps], E=511.545 [keV]
OPAL-X> * 09:02:25 Step   1332 container[2] at 0.006 [um], t= 10.465 [ps], E=511.032 [keV]
OPAL-X> * 09:02:25 Step   1333 container[0] at 3.139 [mm], t= 10.470 [ps], E=871.858 [MeV]
OPAL-X> * 09:02:25 Step   1333 container[1] at 0.006 [um], t= 10.470 [ps], E=511.545 [keV]
OPAL-X> * 09:02:25 Step   1333 container[2] at 0.006 [um], t= 10.470 [ps], E=511.032 [keV]
OPAL-X> * 09:02:25 Step   1334 container[0] at 3.140 [mm], t= 10.475 [ps], E=871.860 [MeV]
OPAL-X> * 09:02:25 Step   1334 container[1] at 0.006 [um], t= 10.475 [ps], E=511.546 [keV]
OPAL-X> * 09:02:25 Step   1334 container[2] at 0.006 [um], t= 10.475 [ps], E=511.032 [keV]
OPAL-X> * 09:02:25 Step   1335 container[0] at 3.142 [mm], t= 10.480 [ps], E=871.861 [MeV]
OPAL-X> * 09:02:25 Step   1335 container[1] at 0.006 [um], t= 10.480 [ps], E=511.547 [keV]
OPAL-X> * 09:02:25 Step   1335 container[2] at 0.006 [um], t= 10.480 [ps], E=511.032 [keV]
OPAL-X> * 09:02:26 Step   1336 container[0] at 3.143 [mm], t= 10.485 [ps], E=871.863 [MeV]
OPAL-X> * 09:02:26 Step   1336 container[1] at 0.006 [um], t= 10.485 [ps], E=511.548 [keV]
OPAL-X> * 09:02:26 Step   1336 container[2] at 0.006 [um], t= 10.485 [ps], E=511.031 [keV]
OPAL-X> * 09:02:26 Step   1337 container[0] at 3.145 [mm], t= 10.490 [ps], E=871.864 [MeV]
OPAL-X> * 09:02:26 Step   1337 container[1] at 0.006 [um], t= 10.490 [ps], E=511.548 [keV]
OPAL-X> * 09:02:26 Step   1337 container[2] at 0.006 [um], t= 10.490 [ps], E=511.031 [keV]
OPAL-X> * 09:02:26 Step   1338 container[0] at 3.146 [mm], t= 10.495 [ps], E=871.866 [MeV]
OPAL-X> * 09:02:26 Step   1338 container[1] at 0.006 [um], t= 10.495 [ps], E=511.549 [keV]
OPAL-X> * 09:02:26 Step   1338 container[2] at 0.006 [um], t= 10.495 [ps], E=511.031 [keV]
OPAL-X> * 09:02:26 Step   1339 container[0] at 3.148 [mm], t= 10.500 [ps], E=871.867 [MeV]
OPAL-X> * 09:02:26 Step   1339 container[1] at 0.006 [um], t= 10.500 [ps], E=511.550 [keV]
OPAL-X> * 09:02:26 Step   1339 container[2] at 0.006 [um], t= 10.500 [ps], E=511.030 [keV]
OPAL-X> * 09:02:27 Step   1340 container[0] at 3.149 [mm], t= 10.505 [ps], E=871.869 [MeV]
OPAL-X> * 09:02:27 Step   1340 container[1] at 0.006 [um], t= 10.505 [ps], E=511.550 [keV]
OPAL-X> * 09:02:27 Step   1340 container[2] at 0.006 [um], t= 10.505 [ps], E=511.030 [keV]
OPAL-X> * 09:02:27 Step   1341 container[0] at 3.151 [mm], t= 10.510 [ps], E=871.870 [MeV]
OPAL-X> * 09:02:27 Step   1341 container[1] at 0.006 [um], t= 10.510 [ps], E=511.551 [keV]
OPAL-X> * 09:02:27 Step   1341 container[2] at 0.006 [um], t= 10.510 [ps], E=511.030 [keV]
OPAL-X> * 09:02:27 Step   1342 container[0] at 3.152 [mm], t= 10.515 [ps], E=871.872 [MeV]
OPAL-X> * 09:02:27 Step   1342 container[1] at 0.006 [um], t= 10.515 [ps], E=511.552 [keV]
OPAL-X> * 09:02:27 Step   1342 container[2] at 0.006 [um], t= 10.515 [ps], E=511.030 [keV]
OPAL-X> * 09:02:27 Step   1343 container[0] at 3.154 [mm], t= 10.520 [ps], E=871.873 [MeV]
OPAL-X> * 09:02:27 Step   1343 container[1] at 0.006 [um], t= 10.520 [ps], E=511.553 [keV]
OPAL-X> * 09:02:27 Step   1343 container[2] at 0.006 [um], t= 10.520 [ps], E=511.029 [keV]
OPAL-X> * 09:02:28 Step   1344 container[0] at 3.155 [mm], t= 10.525 [ps], E=871.875 [MeV]
OPAL-X> * 09:02:28 Step   1344 container[1] at 0.006 [um], t= 10.525 [ps], E=511.553 [keV]
OPAL-X> * 09:02:28 Step   1344 container[2] at 0.006 [um], t= 10.525 [ps], E=511.029 [keV]
OPAL-X> * 09:02:28 Step   1345 container[0] at 3.157 [mm], t= 10.530 [ps], E=871.876 [MeV]
OPAL-X> * 09:02:28 Step   1345 container[1] at 0.006 [um], t= 10.530 [ps], E=511.554 [keV]
OPAL-X> * 09:02:28 Step   1345 container[2] at 0.006 [um], t= 10.530 [ps], E=511.029 [keV]
OPAL-X> * 09:02:28 Step   1346 container[0] at 3.158 [mm], t= 10.535 [ps], E=871.878 [MeV]
OPAL-X> * 09:02:28 Step   1346 container[1] at 0.006 [um], t= 10.535 [ps], E=511.555 [keV]
OPAL-X> * 09:02:28 Step   1346 container[2] at 0.006 [um], t= 10.535 [ps], E=511.029 [keV]
OPAL-X> * 09:02:28 Step   1347 container[0] at 3.160 [mm], t= 10.540 [ps], E=871.879 [MeV]
OPAL-X> * 09:02:28 Step   1347 container[1] at 0.006 [um], t= 10.540 [ps], E=511.556 [keV]
OPAL-X> * 09:02:28 Step   1347 container[2] at 0.006 [um], t= 10.540 [ps], E=511.028 [keV]
OPAL-X> * 09:02:29 Step   1348 container[0] at 3.161 [mm], t= 10.545 [ps], E=871.881 [MeV]
OPAL-X> * 09:02:29 Step   1348 container[1] at 0.006 [um], t= 10.545 [ps], E=511.557 [keV]
OPAL-X> * 09:02:29 Step   1348 container[2] at 0.006 [um], t= 10.545 [ps], E=511.028 [keV]
OPAL-X> * 09:02:29 Step   1349 container[0] at 3.163 [mm], t= 10.550 [ps], E=871.882 [MeV]
OPAL-X> * 09:02:29 Step   1349 container[1] at 0.006 [um], t= 10.550 [ps], E=511.557 [keV]
OPAL-X> * 09:02:29 Step   1349 container[2] at 0.006 [um], t= 10.550 [ps], E=511.028 [keV]
OPAL-X> * 09:02:29 Step   1350 container[0] at 3.164 [mm], t= 10.555 [ps], E=871.884 [MeV]
OPAL-X> * 09:02:29 Step   1350 container[1] at 0.006 [um], t= 10.555 [ps], E=511.558 [keV]
OPAL-X> * 09:02:29 Step   1350 container[2] at 0.006 [um], t= 10.555 [ps], E=511.028 [keV]
OPAL-X> * 09:02:29 Step   1351 container[0] at 3.166 [mm], t= 10.560 [ps], E=871.885 [MeV]
OPAL-X> * 09:02:29 Step   1351 container[1] at 0.006 [um], t= 10.560 [ps], E=511.559 [keV]
OPAL-X> * 09:02:29 Step   1351 container[2] at 0.006 [um], t= 10.560 [ps], E=511.027 [keV]
OPAL-X> * 09:02:30 Step   1352 container[0] at 3.167 [mm], t= 10.565 [ps], E=871.887 [MeV]
OPAL-X> * 09:02:30 Step   1352 container[1] at 0.006 [um], t= 10.565 [ps], E=511.560 [keV]
OPAL-X> * 09:02:30 Step   1352 container[2] at 0.006 [um], t= 10.565 [ps], E=511.027 [keV]
OPAL-X> * 09:02:30 Step   1353 container[0] at 3.169 [mm], t= 10.570 [ps], E=871.888 [MeV]
OPAL-X> * 09:02:30 Step   1353 container[1] at 0.006 [um], t= 10.570 [ps], E=511.561 [keV]
OPAL-X> * 09:02:30 Step   1353 container[2] at 0.006 [um], t= 10.570 [ps], E=511.027 [keV]
OPAL-X> * 09:02:30 Step   1354 container[0] at 3.170 [mm], t= 10.575 [ps], E=871.890 [MeV]
OPAL-X> * 09:02:30 Step   1354 container[1] at 0.006 [um], t= 10.575 [ps], E=511.561 [keV]
OPAL-X> * 09:02:30 Step   1354 container[2] at 0.006 [um], t= 10.575 [ps], E=511.027 [keV]
OPAL-X> * 09:02:30 Step   1355 container[0] at 3.172 [mm], t= 10.580 [ps], E=871.891 [MeV]
OPAL-X> * 09:02:30 Step   1355 container[1] at 0.006 [um], t= 10.580 [ps], E=511.562 [keV]
OPAL-X> * 09:02:30 Step   1355 container[2] at 0.006 [um], t= 10.580 [ps], E=511.026 [keV]
OPAL-X> * 09:02:31 Step   1356 container[0] at 3.173 [mm], t= 10.585 [ps], E=871.893 [MeV]
OPAL-X> * 09:02:31 Step   1356 container[1] at 0.006 [um], t= 10.585 [ps], E=511.563 [keV]
OPAL-X> * 09:02:31 Step   1356 container[2] at 0.006 [um], t= 10.585 [ps], E=511.026 [keV]
OPAL-X> * 09:02:31 Step   1357 container[0] at 3.175 [mm], t= 10.590 [ps], E=871.894 [MeV]
OPAL-X> * 09:02:31 Step   1357 container[1] at 0.006 [um], t= 10.590 [ps], E=511.564 [keV]
OPAL-X> * 09:02:31 Step   1357 container[2] at 0.006 [um], t= 10.590 [ps], E=511.026 [keV]
OPAL-X> * 09:02:31 Step   1358 container[0] at 3.176 [mm], t= 10.595 [ps], E=871.896 [MeV]
OPAL-X> * 09:02:31 Step   1358 container[1] at 0.006 [um], t= 10.595 [ps], E=511.565 [keV]
OPAL-X> * 09:02:31 Step   1358 container[2] at 0.006 [um], t= 10.595 [ps], E=511.026 [keV]
OPAL-X> * 09:02:31 Step   1359 container[0] at 3.178 [mm], t= 10.600 [ps], E=871.897 [MeV]
OPAL-X> * 09:02:31 Step   1359 container[1] at 0.006 [um], t= 10.600 [ps], E=511.566 [keV]
OPAL-X> * 09:02:31 Step   1359 container[2] at 0.006 [um], t= 10.600 [ps], E=511.025 [keV]
OPAL-X> * 09:02:32 Step   1360 container[0] at 3.179 [mm], t= 10.605 [ps], E=871.898 [MeV]
OPAL-X> * 09:02:32 Step   1360 container[1] at 0.006 [um], t= 10.605 [ps], E=511.567 [keV]
OPAL-X> * 09:02:32 Step   1360 container[2] at 0.006 [um], t= 10.605 [ps], E=511.025 [keV]
OPAL-X> * 09:02:32 Step   1361 container[0] at 3.181 [mm], t= 10.610 [ps], E=871.900 [MeV]
OPAL-X> * 09:02:32 Step   1361 container[1] at 0.006 [um], t= 10.610 [ps], E=511.567 [keV]
OPAL-X> * 09:02:32 Step   1361 container[2] at 0.006 [um], t= 10.610 [ps], E=511.025 [keV]
OPAL-X> * 09:02:32 Step   1362 container[0] at 3.182 [mm], t= 10.615 [ps], E=871.901 [MeV]
OPAL-X> * 09:02:32 Step   1362 container[1] at 0.006 [um], t= 10.615 [ps], E=511.568 [keV]
OPAL-X> * 09:02:32 Step   1362 container[2] at 0.006 [um], t= 10.615 [ps], E=511.025 [keV]
OPAL-X> * 09:02:32 Step   1363 container[0] at 3.184 [mm], t= 10.620 [ps], E=871.903 [MeV]
OPAL-X> * 09:02:32 Step   1363 container[1] at 0.006 [um], t= 10.620 [ps], E=511.569 [keV]
OPAL-X> * 09:02:32 Step   1363 container[2] at 0.006 [um], t= 10.620 [ps], E=511.024 [keV]
OPAL-X> * 09:02:33 Step   1364 container[0] at 3.185 [mm], t= 10.625 [ps], E=871.904 [MeV]
OPAL-X> * 09:02:33 Step   1364 container[1] at 0.006 [um], t= 10.625 [ps], E=511.570 [keV]
OPAL-X> * 09:02:33 Step   1364 container[2] at 0.006 [um], t= 10.625 [ps], E=511.024 [keV]
OPAL-X> * 09:02:33 Step   1365 container[0] at 3.187 [mm], t= 10.630 [ps], E=871.906 [MeV]
OPAL-X> * 09:02:33 Step   1365 container[1] at 0.006 [um], t= 10.630 [ps], E=511.571 [keV]
OPAL-X> * 09:02:33 Step   1365 container[2] at 0.006 [um], t= 10.630 [ps], E=511.024 [keV]
OPAL-X> * 09:02:33 Step   1366 container[0] at 3.188 [mm], t= 10.635 [ps], E=871.907 [MeV]
OPAL-X> * 09:02:33 Step   1366 container[1] at 0.006 [um], t= 10.635 [ps], E=511.572 [keV]
OPAL-X> * 09:02:33 Step   1366 container[2] at 0.006 [um], t= 10.635 [ps], E=511.024 [keV]
OPAL-X> * 09:02:34 Step   1367 container[0] at 3.190 [mm], t= 10.640 [ps], E=871.909 [MeV]
OPAL-X> * 09:02:34 Step   1367 container[1] at 0.006 [um], t= 10.640 [ps], E=511.573 [keV]
OPAL-X> * 09:02:34 Step   1367 container[2] at 0.006 [um], t= 10.640 [ps], E=511.023 [keV]
OPAL-X> * 09:02:34 Step   1368 container[0] at 3.191 [mm], t= 10.645 [ps], E=871.910 [MeV]
OPAL-X> * 09:02:34 Step   1368 container[1] at 0.006 [um], t= 10.645 [ps], E=511.574 [keV]
OPAL-X> * 09:02:34 Step   1368 container[2] at 0.006 [um], t= 10.645 [ps], E=511.023 [keV]
OPAL-X> * 09:02:34 Step   1369 container[0] at 3.193 [mm], t= 10.650 [ps], E=871.912 [MeV]
OPAL-X> * 09:02:34 Step   1369 container[1] at 0.006 [um], t= 10.650 [ps], E=511.575 [keV]
OPAL-X> * 09:02:34 Step   1369 container[2] at 0.006 [um], t= 10.650 [ps], E=511.023 [keV]
OPAL-X> * 09:02:34 Step   1370 container[0] at 3.194 [mm], t= 10.655 [ps], E=871.913 [MeV]
OPAL-X> * 09:02:34 Step   1370 container[1] at 0.006 [um], t= 10.655 [ps], E=511.576 [keV]
OPAL-X> * 09:02:34 Step   1370 container[2] at 0.006 [um], t= 10.655 [ps], E=511.023 [keV]
OPAL-X> * 09:02:35 Step   1371 container[0] at 3.196 [mm], t= 10.660 [ps], E=871.915 [MeV]
OPAL-X> * 09:02:35 Step   1371 container[1] at 0.006 [um], t= 10.660 [ps], E=511.577 [keV]
OPAL-X> * 09:02:35 Step   1371 container[2] at 0.006 [um], t= 10.660 [ps], E=511.022 [keV]
OPAL-X> * 09:02:35 Step   1372 container[0] at 3.197 [mm], t= 10.665 [ps], E=871.916 [MeV]
OPAL-X> * 09:02:35 Step   1372 container[1] at 0.006 [um], t= 10.665 [ps], E=511.578 [keV]
OPAL-X> * 09:02:35 Step   1372 container[2] at 0.006 [um], t= 10.665 [ps], E=511.022 [keV]
OPAL-X> * 09:02:35 Step   1373 container[0] at 3.199 [mm], t= 10.670 [ps], E=871.918 [MeV]
OPAL-X> * 09:02:35 Step   1373 container[1] at 0.006 [um], t= 10.670 [ps], E=511.579 [keV]
OPAL-X> * 09:02:35 Step   1373 container[2] at 0.006 [um], t= 10.670 [ps], E=511.022 [keV]
OPAL-X> * 09:02:35 Step   1374 container[0] at 3.200 [mm], t= 10.675 [ps], E=871.919 [MeV]
OPAL-X> * 09:02:35 Step   1374 container[1] at 0.006 [um], t= 10.675 [ps], E=511.580 [keV]
OPAL-X> * 09:02:35 Step   1374 container[2] at 0.006 [um], t= 10.675 [ps], E=511.022 [keV]
OPAL-X> * 09:02:36 Step   1375 container[0] at 3.202 [mm], t= 10.680 [ps], E=871.920 [MeV]
OPAL-X> * 09:02:36 Step   1375 container[1] at 0.006 [um], t= 10.680 [ps], E=511.581 [keV]
OPAL-X> * 09:02:36 Step   1375 container[2] at 0.006 [um], t= 10.680 [ps], E=511.021 [keV]
OPAL-X> * 09:02:36 Step   1376 container[0] at 3.203 [mm], t= 10.685 [ps], E=871.922 [MeV]
OPAL-X> * 09:02:36 Step   1376 container[1] at 0.006 [um], t= 10.685 [ps], E=511.582 [keV]
OPAL-X> * 09:02:36 Step   1376 container[2] at 0.006 [um], t= 10.685 [ps], E=511.021 [keV]
OPAL-X> * 09:02:36 Step   1377 container[0] at 3.205 [mm], t= 10.690 [ps], E=871.923 [MeV]
OPAL-X> * 09:02:36 Step   1377 container[1] at 0.006 [um], t= 10.690 [ps], E=511.583 [keV]
OPAL-X> * 09:02:36 Step   1377 container[2] at 0.006 [um], t= 10.690 [ps], E=511.021 [keV]
OPAL-X> * 09:02:36 Step   1378 container[0] at 3.206 [mm], t= 10.695 [ps], E=871.925 [MeV]
OPAL-X> * 09:02:36 Step   1378 container[1] at 0.006 [um], t= 10.695 [ps], E=511.584 [keV]
OPAL-X> * 09:02:36 Step   1378 container[2] at 0.006 [um], t= 10.695 [ps], E=511.021 [keV]
OPAL-X> * 09:02:37 Step   1379 container[0] at 3.208 [mm], t= 10.700 [ps], E=871.926 [MeV]
OPAL-X> * 09:02:37 Step   1379 container[1] at 0.006 [um], t= 10.700 [ps], E=511.585 [keV]
OPAL-X> * 09:02:37 Step   1379 container[2] at 0.006 [um], t= 10.700 [ps], E=511.021 [keV]
OPAL-X> * 09:02:37 Step   1380 container[0] at 3.209 [mm], t= 10.705 [ps], E=871.928 [MeV]
OPAL-X> * 09:02:37 Step   1380 container[1] at 0.006 [um], t= 10.705 [ps], E=511.586 [keV]
OPAL-X> * 09:02:37 Step   1380 container[2] at 0.006 [um], t= 10.705 [ps], E=511.020 [keV]
OPAL-X> * 09:02:37 Step   1381 container[0] at 3.211 [mm], t= 10.710 [ps], E=871.929 [MeV]
OPAL-X> * 09:02:37 Step   1381 container[1] at 0.006 [um], t= 10.710 [ps], E=511.587 [keV]
OPAL-X> * 09:02:37 Step   1381 container[2] at 0.006 [um], t= 10.710 [ps], E=511.020 [keV]
OPAL-X> * 09:02:37 Step   1382 container[0] at 3.212 [mm], t= 10.715 [ps], E=871.931 [MeV]
OPAL-X> * 09:02:37 Step   1382 container[1] at 0.006 [um], t= 10.715 [ps], E=511.588 [keV]
OPAL-X> * 09:02:37 Step   1382 container[2] at 0.006 [um], t= 10.715 [ps], E=511.020 [keV]
OPAL-X> * 09:02:38 Step   1383 container[0] at 3.214 [mm], t= 10.720 [ps], E=871.932 [MeV]
OPAL-X> * 09:02:38 Step   1383 container[1] at 0.006 [um], t= 10.720 [ps], E=511.589 [keV]
OPAL-X> * 09:02:38 Step   1383 container[2] at 0.006 [um], t= 10.720 [ps], E=511.020 [keV]
OPAL-X> * 09:02:38 Step   1384 container[0] at 3.215 [mm], t= 10.725 [ps], E=871.934 [MeV]
OPAL-X> * 09:02:38 Step   1384 container[1] at 0.006 [um], t= 10.725 [ps], E=511.590 [keV]
OPAL-X> * 09:02:38 Step   1384 container[2] at 0.006 [um], t= 10.725 [ps], E=511.019 [keV]
OPAL-X> * 09:02:38 Step   1385 container[0] at 3.217 [mm], t= 10.730 [ps], E=871.935 [MeV]
OPAL-X> * 09:02:38 Step   1385 container[1] at 0.006 [um], t= 10.730 [ps], E=511.591 [keV]
OPAL-X> * 09:02:38 Step   1385 container[2] at 0.006 [um], t= 10.730 [ps], E=511.019 [keV]
OPAL-X> * 09:02:38 Step   1386 container[0] at 3.218 [mm], t= 10.735 [ps], E=871.936 [MeV]
OPAL-X> * 09:02:38 Step   1386 container[1] at 0.006 [um], t= 10.735 [ps], E=511.592 [keV]
OPAL-X> * 09:02:38 Step   1386 container[2] at 0.006 [um], t= 10.735 [ps], E=511.019 [keV]
OPAL-X> * 09:02:39 Step   1387 container[0] at 3.220 [mm], t= 10.740 [ps], E=871.938 [MeV]
OPAL-X> * 09:02:39 Step   1387 container[1] at 0.006 [um], t= 10.740 [ps], E=511.593 [keV]
OPAL-X> * 09:02:39 Step   1387 container[2] at 0.006 [um], t= 10.740 [ps], E=511.019 [keV]
OPAL-X> * 09:02:39 Step   1388 container[0] at 3.221 [mm], t= 10.745 [ps], E=871.939 [MeV]
OPAL-X> * 09:02:39 Step   1388 container[1] at 0.006 [um], t= 10.745 [ps], E=511.594 [keV]
OPAL-X> * 09:02:39 Step   1388 container[2] at 0.006 [um], t= 10.745 [ps], E=511.019 [keV]
OPAL-X> * 09:02:39 Step   1389 container[0] at 3.223 [mm], t= 10.750 [ps], E=871.941 [MeV]
OPAL-X> * 09:02:39 Step   1389 container[1] at 0.006 [um], t= 10.750 [ps], E=511.595 [keV]
OPAL-X> * 09:02:39 Step   1389 container[2] at 0.006 [um], t= 10.750 [ps], E=511.018 [keV]
OPAL-X> * 09:02:39 Step   1390 container[0] at 3.224 [mm], t= 10.755 [ps], E=871.942 [MeV]
OPAL-X> * 09:02:39 Step   1390 container[1] at 0.006 [um], t= 10.755 [ps], E=511.596 [keV]
OPAL-X> * 09:02:39 Step   1390 container[2] at 0.006 [um], t= 10.755 [ps], E=511.018 [keV]
OPAL-X> * 09:02:40 Step   1391 container[0] at 3.226 [mm], t= 10.760 [ps], E=871.944 [MeV]
OPAL-X> * 09:02:40 Step   1391 container[1] at 0.006 [um], t= 10.760 [ps], E=511.597 [keV]
OPAL-X> * 09:02:40 Step   1391 container[2] at 0.006 [um], t= 10.760 [ps], E=511.018 [keV]
OPAL-X> * 09:02:40 Step   1392 container[0] at 3.227 [mm], t= 10.765 [ps], E=871.945 [MeV]
OPAL-X> * 09:02:40 Step   1392 container[1] at 0.006 [um], t= 10.765 [ps], E=511.599 [keV]
OPAL-X> * 09:02:40 Step   1392 container[2] at 0.006 [um], t= 10.765 [ps], E=511.018 [keV]
OPAL-X> * 09:02:40 Step   1393 container[0] at 3.229 [mm], t= 10.770 [ps], E=871.947 [MeV]
OPAL-X> * 09:02:40 Step   1393 container[1] at 0.006 [um], t= 10.770 [ps], E=511.600 [keV]
OPAL-X> * 09:02:40 Step   1393 container[2] at 0.006 [um], t= 10.770 [ps], E=511.018 [keV]
OPAL-X> * 09:02:41 Step   1394 container[0] at 3.230 [mm], t= 10.775 [ps], E=871.948 [MeV]
OPAL-X> * 09:02:41 Step   1394 container[1] at 0.006 [um], t= 10.775 [ps], E=511.601 [keV]
OPAL-X> * 09:02:41 Step   1394 container[2] at 0.006 [um], t= 10.775 [ps], E=511.017 [keV]
OPAL-X> * 09:02:41 Step   1395 container[0] at 3.232 [mm], t= 10.780 [ps], E=871.949 [MeV]
OPAL-X> * 09:02:41 Step   1395 container[1] at 0.006 [um], t= 10.780 [ps], E=511.602 [keV]
OPAL-X> * 09:02:41 Step   1395 container[2] at 0.006 [um], t= 10.780 [ps], E=511.017 [keV]
OPAL-X> * 09:02:41 Step   1396 container[0] at 3.233 [mm], t= 10.785 [ps], E=871.951 [MeV]
OPAL-X> * 09:02:41 Step   1396 container[1] at 0.006 [um], t= 10.785 [ps], E=511.603 [keV]
OPAL-X> * 09:02:41 Step   1396 container[2] at 0.006 [um], t= 10.785 [ps], E=511.017 [keV]
OPAL-X> * 09:02:41 Step   1397 container[0] at 3.235 [mm], t= 10.790 [ps], E=871.952 [MeV]
OPAL-X> * 09:02:41 Step   1397 container[1] at 0.006 [um], t= 10.790 [ps], E=511.604 [keV]
OPAL-X> * 09:02:41 Step   1397 container[2] at 0.006 [um], t= 10.790 [ps], E=511.017 [keV]
OPAL-X> * 09:02:42 Step   1398 container[0] at 3.236 [mm], t= 10.795 [ps], E=871.954 [MeV]
OPAL-X> * 09:02:42 Step   1398 container[1] at 0.006 [um], t= 10.795 [ps], E=511.606 [keV]
OPAL-X> * 09:02:42 Step   1398 container[2] at 0.006 [um], t= 10.795 [ps], E=511.017 [keV]
OPAL-X> * 09:02:42 Step   1399 container[0] at 3.238 [mm], t= 10.800 [ps], E=871.955 [MeV]
OPAL-X> * 09:02:42 Step   1399 container[1] at 0.006 [um], t= 10.800 [ps], E=511.607 [keV]
OPAL-X> * 09:02:42 Step   1399 container[2] at 0.006 [um], t= 10.800 [ps], E=511.017 [keV]
OPAL-X> * 09:02:42 Step   1400 container[0] at 3.239 [mm], t= 10.805 [ps], E=871.957 [MeV]
OPAL-X> * 09:02:42 Step   1400 container[1] at 0.006 [um], t= 10.805 [ps], E=511.608 [keV]
OPAL-X> * 09:02:42 Step   1400 container[2] at 0.006 [um], t= 10.805 [ps], E=511.016 [keV]
OPAL-X> * 09:02:42 Step   1401 container[0] at 3.241 [mm], t= 10.810 [ps], E=871.958 [MeV]
OPAL-X> * 09:02:42 Step   1401 container[1] at 0.006 [um], t= 10.810 [ps], E=511.609 [keV]
OPAL-X> * 09:02:42 Step   1401 container[2] at 0.006 [um], t= 10.810 [ps], E=511.016 [keV]
OPAL-X> * 09:02:43 Step   1402 container[0] at 3.242 [mm], t= 10.815 [ps], E=871.959 [MeV]
OPAL-X> * 09:02:43 Step   1402 container[1] at 0.006 [um], t= 10.815 [ps], E=511.610 [keV]
OPAL-X> * 09:02:43 Step   1402 container[2] at 0.006 [um], t= 10.815 [ps], E=511.016 [keV]
OPAL-X> * 09:02:43 Step   1403 container[0] at 3.244 [mm], t= 10.820 [ps], E=871.961 [MeV]
OPAL-X> * 09:02:43 Step   1403 container[1] at 0.006 [um], t= 10.820 [ps], E=511.612 [keV]
OPAL-X> * 09:02:43 Step   1403 container[2] at 0.006 [um], t= 10.820 [ps], E=511.016 [keV]
OPAL-X> * 09:02:43 Step   1404 container[0] at 3.245 [mm], t= 10.825 [ps], E=871.962 [MeV]
OPAL-X> * 09:02:43 Step   1404 container[1] at 0.006 [um], t= 10.825 [ps], E=511.613 [keV]
OPAL-X> * 09:02:43 Step   1404 container[2] at 0.006 [um], t= 10.825 [ps], E=511.016 [keV]
OPAL-X> * 09:02:43 Step   1405 container[0] at 3.247 [mm], t= 10.830 [ps], E=871.964 [MeV]
OPAL-X> * 09:02:43 Step   1405 container[1] at 0.006 [um], t= 10.830 [ps], E=511.614 [keV]
OPAL-X> * 09:02:43 Step   1405 container[2] at 0.006 [um], t= 10.830 [ps], E=511.016 [keV]
OPAL-X> * 09:02:44 Step   1406 container[0] at 3.248 [mm], t= 10.835 [ps], E=871.965 [MeV]
OPAL-X> * 09:02:44 Step   1406 container[1] at 0.006 [um], t= 10.835 [ps], E=511.615 [keV]
OPAL-X> * 09:02:44 Step   1406 container[2] at 0.006 [um], t= 10.835 [ps], E=511.015 [keV]
