#            1 - s            2 - Rx            3 - Ry            4 - Rz            5 - Px            6 - Py            7 - Pz           8 - Efx           9 - Efy          10 - Efz          11 - Bfx          12 - Bfy          13 - Bfz         14 - Ekin            15 - t
      0.0044968775                 0                 0      0.0044968775                 0                 0         490.23678                 0                 0                 0                 0                 0                 0               250             0.015	B1, 
      0.0074947959                 0                 0      0.0074947959                 0                 0         490.23678                 0                 0                 0                 0                 0                 0               250             0.025	B1, 
       0.010492714                 0                 0       0.010492714                 0                 0         490.23678                 0                 0                 0                 0                 0                 0               250             0.035	B1, 
       0.013490633                 0                 0       0.013490633                 0                 0         490.23678                 0                 0                 0                 0                 0                 0               250             0.045	B1, 
       0.016488551                 0                 0       0.016488551                 0                 0         490.23678                 0                 0                 0                 0                 0                 0               250             0.055	B1, 
       0.019486469                 0                 0       0.019486469                 0                 0         490.23678                 0                 0                 0                 0                 0                 0               250             0.065	B1, 
       0.022484388                 0                 0       0.022484388                 0                 0         490.23678                 0                 0                 0                 0                 0                 0               250             0.075	B1, 
       0.025482306                 0                 0       0.025482306                 0                 0         490.23678                 0                 0                 0                 0                 0                 0               250             0.085	B1, 
       0.028480224                 0                 0       0.028480224                 0                 0         490.23678                 0                 0                 0                 0                 0                 0               250             0.095	B1, 
       0.031478143                 0                 0       0.031478143                 0                 0         490.23678                 0                 0                 0                 0                 0                 0               250             0.105	B1, 
       0.034476061                 0                 0       0.034476061                 0                 0         490.23678                 0                 0                 0                 0                 0                 0               250             0.115	B1, 
       0.037473979                 0                 0       0.037473979                 0                 0         490.23678                 0                 0                 0                 0                 0                 0               250             0.125	B1, 
       0.040471898                 0                 0       0.040471898                 0                 0         490.23678                 0                 0                 0                 0                 0                 0               250             0.135	B1, 
       0.043469816                 0                 0       0.043469816                 0                 0         490.23678                 0                 0                 0                 0                 0                 0               250             0.145	B1, 
       0.046467734                 0                 0       0.046467734                 0                 0         490.23678                 0                 0                 0                 0                 0                 0               250             0.155	B1, 
       0.049465653                 0                 0       0.049465653                 0                 0         490.23678                 0                 0                 0                 0                 0                 0               250             0.165	B1, 
       0.052463571                 0                 0       0.052463571                 0                 0         490.23678                 0                 0                 0                 0                 0                 0               250             0.175	B1, 
       0.055461489                 0                 0       0.055461489                 0                 0         490.23678                 0                 0                 0                 0                 0                 0               250             0.185	B1, 
       0.058459408                 0                 0       0.058459408                 0                 0         490.23678                 0                 0                 0                 0                 0                 0               250             0.195	B1, 
       0.061457326                 0                 0       0.061457326                 0                 0         490.23678                 0                 0                 0                 0                 0                 0               250             0.205	B1, 
       0.064455244                 0                 0       0.064455244                 0                 0         490.23678                 0                 0                 0                 0                 0                 0               250             0.215	B1, 
       0.067453163                 0                 0       0.067453163                 0                 0         490.23678                 0                 0                 0                 0                 0                 0               250             0.225	B1, 
       0.070451081                 0                 0       0.070451081                 0                 0         490.23678                 0                 0                 0                 0                 0                 0               250             0.235	B1, 
       0.073448999                 0                 0       0.073448999                 0                 0         490.23678                 0                 0                 0                 0                 0                 0               250             0.245	B1, 
       0.076446918                 0                 0       0.076446918                 0                 0         490.23678                 0                 0                 0                 0                 0                 0               250             0.255	B1, 
       0.079444836                 0                 0       0.079444836                 0                 0         490.23678                 0                 0                 0                 0                 0                 0               250             0.265	B1, 
       0.082442754                 0                 0       0.082442754                 0                 0         490.23678                 0                 0                 0                 0                 0                 0               250             0.275	B1, 
       0.085440673                 0                 0       0.085440673                 0                 0         490.23678                 0                 0                 0                 0                 0                 0               250             0.285	B1, 
       0.088438591                 0                 0       0.088438591                 0                 0         490.23678                 0                 0                 0                 0                 0                 0               250             0.295	B1, 
       0.091436509                 0                 0       0.091436509                 0                 0         490.23678                 0                 0                 0                 0                 0                 0               250             0.305	B1, 
       0.094434428                 0                 0       0.094434428                 0                 0         490.23678                 0                 0                 0                 0                 0                 0               250             0.315	B1, 
       0.097432346                 0                 0       0.097432346                 0                 0         490.23678                 0                 0                 0                 0                 0                 0               250             0.325	B1, 
        0.10043026                 0                 0        0.10043026                 0                 0         490.23678                 0                 0                 0                 0                 0                 0               250             0.335	B1, 
        0.10342818                 0                 0        0.10342818                 0                 0         490.23678                 0                 0                 0                 0                 0                 0               250             0.345	B1, 
         0.1064261                 0                 0         0.1064261                 0                 0         490.23678                 0                 0                 0                 0                 0                 0               250             0.355	B1, 
        0.10942402                 0                 0        0.10942402                 0                 0         490.23678                 0                 0                 0                 0                 0                 0               250             0.365	B1, 
        0.11242194                 0                 0        0.11242194                 0                 0         490.23678                 0                 0                 0                 0                 0                 0               250             0.375	B1, 
        0.11541986                 0                 0        0.11541986                 0                 0         490.23678                 0                 0                 0                 0                 0                 0               250             0.385	B1, 
        0.11841777                 0                 0        0.11841777                 0                 0         490.23678                 0                 0                 0                 0                 0                 0               250             0.395	B1, 
        0.12141569                 0                 0        0.12141569                 0                 0         490.23678                 0                 0                 0                 0                 0                 0               250             0.405	B1, 
        0.12441361                 0                 0        0.12441361                 0                 0         490.23678                 0                 0                 0                 0                 0                 0               250             0.415	B1, 
        0.12741153                 0                 0        0.12741153                 0                 0         490.23678                 0                 0                 0                 0                 0                 0               250             0.425	B1, 
        0.13040945                 0                 0        0.13040945                 0                 0         490.23678                 0                 0                 0                 0                 0                 0               250             0.435	B1, 
        0.13340737                 0                 0        0.13340737                 0                 0         490.23678                 0                 0                 0                 0                 0                 0               250             0.445	B1, 
        0.13640528                 0                 0        0.13640528                 0                 0         490.23678                 0                 0                 0                 0                 0                 0               250             0.455	B1, 
         0.1394032                 0                 0         0.1394032                 0                 0         490.23678                 0                 0                 0                 0                 0                 0               250             0.465	B1, 
        0.14240112                 0                 0        0.14240112                 0                 0         490.23678                 0                 0                 0                 0                 0                 0               250             0.475	B1, 
        0.14539904                 0                 0        0.14539904                 0                 0         490.23678                 0                 0                 0                 0                 0                 0               250             0.485	B1, 
        0.14839696                 0                 0        0.14839696                 0                 0         490.23678                 0                 0                 0                 0                 0                 0               250             0.495	B1, 
        0.15139488                 0                 0        0.15139488                 0                 0         490.23678                 0                 0                 0                 0                 0                 0               250             0.505	B1, 
        0.15439279                 0                 0        0.15439279                 0                 0         490.23678                 0                 0                 0                 0                 0                 0               250             0.515	B1, 
        0.15739071                 0                 0        0.15739071                 0                 0         490.23678                 0                 0                 0                 0                 0                 0               250             0.525	B1, 
        0.16038863                 0                 0        0.16038863                 0                 0         490.23678                 0                 0                 0                 0                 0                 0               250             0.535	B1, 
        0.16338655                 0                 0        0.16338655                 0                 0         490.23678                 0                 0                 0                 0                 0                 0               250             0.545	B1, 
        0.16638447                 0                 0        0.16638447                 0                 0         490.23678                 0                 0                 0                 0                 0                 0               250             0.555	B1, 
        0.16938239                 0                 0        0.16938239                 0                 0         490.23678                 0                 0                 0                 0                 0                 0               250             0.565	B1, 
         0.1723803                 0                 0         0.1723803                 0                 0         490.23678                 0                 0                 0                 0                 0                 0               250             0.575	B1, 
        0.17537822                 0                 0        0.17537822                 0                 0         490.23678                 0                 0                 0                 0                 0                 0               250             0.585	B1, 
        0.17837614                 0                 0        0.17837614                 0                 0         490.23678                 0                 0                 0                 0                 0                 0               250             0.595	B1, 
        0.18137406                 0                 0        0.18137406                 0                 0         490.23678                 0                 0                 0                 0                 0                 0               250             0.605	B1, 
        0.18437198                 0                 0        0.18437198                 0                 0         490.23678                 0                 0                 0                 0                 0                 0               250             0.615	B1, 
         0.1873699                 0                 0         0.1873699                 0                 0         490.23678                 0                 0                 0                 0                 0                 0               250             0.625	B1, 
        0.19036781                 0                 0        0.19036781                 0                 0         490.23678                 0                 0                 0                 0                 0                 0               250             0.635	B1, 
        0.19336573                 0                 0        0.19336573                 0                 0         490.23678                 0                 0                 0                 0                 0                 0               250             0.645	B1, 
        0.19636365                 0                 0        0.19636365                 0                 0         490.23678                 0                 0                 0                 0                 0                 0               250             0.655	B1, 
        0.19936157                 0                 0        0.19936157                 0                 0         490.23678                 0                 0                 0                 0                 0                 0               250             0.665	B1, 
        0.20235949                 0                 0        0.20235949                 0                 0         490.23678                 0                 0                 0                 0                 0                 0               250             0.675	B1, 
        0.20535741                 0                 0        0.20535741                 0                 0         490.23678                 0                 0                 0                 0                 0                 0               250             0.685	B1, 
        0.20835532                 0                 0        0.20835532                 0                 0         490.23678                 0                 0                 0                 0                 0                 0               250             0.695	B1, 
        0.21135324                 0                 0        0.21135324                 0                 0         490.23678                 0                 0                 0                 0                 0                 0               250             0.705	B1, 
        0.21435116                 0                 0        0.21435116                 0                 0         490.23678                 0                 0                 0                 0                 0                 0               250             0.715	B1, 
        0.21734908                 0                 0        0.21734908                 0                 0         490.23678                 0                 0                 0                 0                 0                 0               250             0.725	B1, 
          0.220347                 0                 0          0.220347                 0                 0         490.23678                 0                 0                 0                 0                 0                 0               250             0.735	B1, 
        0.22334492                 0                 0        0.22334492                 0                 0         490.23678                 0                 0                 0                 0                 0                 0               250             0.745	B1, 
        0.22634283                 0                 0        0.22634283                 0                 0         490.23678                 0                 0                 0                 0                 0                 0               250             0.755	B1, 
        0.22934075                 0                 0        0.22934075                 0                 0         490.23678                 0                 0                 0                 0                 0                 0               250             0.765	B1, 
        0.23233867                 0                 0        0.23233867                 0                 0         490.23678                 0                 0                 0                 0                 0                 0               250             0.775	B1, 
        0.23533659                 0                 0        0.23533659                 0                 0         490.23678                 0                 0                 0                 0                 0                 0               250             0.785	B1, 
        0.23833451                 0                 0        0.23833451                 0                 0         490.23678                 0                 0                 0                 0                 0                 0               250             0.795	B1, 
        0.24133243                 0                 0        0.24133243                 0                 0         490.23678                 0                 0                 0                 0                 0                 0               250             0.805	B1, 
        0.24433034                 0                 0        0.24433034                 0                 0         490.23678                 0                 0                 0                 0                 0                 0               250             0.815	B1, 
        0.24732826                 0                 0        0.24732826                 0                 0         490.23678                 0                 0                 0                 0                 0                 0               250             0.825	B1, 
        0.25032618                 0                 0        0.25032618                 0                 0         490.23678                 0                 0                 0                 0                 0                 0               250             0.835	B1, 
         0.2533241                 0                 0         0.2533241                 0                 0         490.23678                 0                 0                 0                 0                 0                 0               250             0.845	B1, 
        0.25632202                 0                 0        0.25632202                 0                 0         490.23678                 0                 0                 0                 0                 0                 0               250             0.855	B1, 
        0.25931994                 0                 0        0.25931994                 0                 0         490.23678                 0                 0                 0                 0                 0                 0               250             0.865	B1, 
        0.26231786                 0                 0        0.26231786                 0                 0         490.23678                 0                 0                 0                 0                 0                 0               250             0.875	B1, 
        0.26531577                 0                 0        0.26531577                 0                 0         490.23678                 0                 0                 0                 0                 0                 0               250             0.885	B1, 
        0.26831369                 0                 0        0.26831369                 0                 0         490.23678                 0                 0                 0                 0                 0                 0               250             0.895	B1, 
        0.27131161                 0                 0        0.27131161                 0                 0         490.23678                 0                 0                 0                 0                 0                 0               250             0.905	B1, 
        0.27430953                 0                 0        0.27430953                 0                 0         490.23678                 0                 0                 0                 0                 0                 0               250             0.915	B1, 
        0.27730745                 0                 0        0.27730745                 0                 0         490.23678                 0                 0                 0                 0                 0                 0               250             0.925	B1, 
        0.28030537    -7.0970818e-41                 0        0.28030537    -3.1573432e-35                 0         490.23678                 0                 0                 0                 0    -3.7965688e-35                 0               250             0.935	B1, 
        0.28330328     -6.758836e-40                 0        0.28330328    -2.2005037e-34                 0         490.23678                 0                 0                 0                 0    -2.3085369e-34                 0               250             0.945	B1, 
         0.2863012    -4.4864656e-39                 0         0.2863012    -1.3401503e-33                 0         490.23678                 0                 0                 0                 0     -1.354577e-33                 0               250             0.955	B1, 
        0.28929912    -2.6922937e-38                 0        0.28929912     -7.766531e-33                 0         490.23678                 0                 0                 0                 0    -7.6740983e-33                 0               250             0.965	B1, 
        0.29229704     -1.538827e-37                 0        0.29229704    -4.3380432e-32                 0         490.23678                 0                 0                 0                 0    -4.1999175e-32                 0               250             0.975	B1, 
        0.29529496     -8.476506e-37                 0        0.29529496    -2.3412229e-31                 0         490.23678                 0                 0                 0                 0    -2.2216442e-31                 0               250             0.985	B1, 
        0.29829288    -4.5131735e-36                 0        0.29829288    -1.2219322e-30                 0         490.23678                 0                 0                 0                 0    -1.1364669e-30                 0               250             0.995	B1, 
        0.30129079    -2.3250612e-35                 0        0.30129079    -6.1710397e-30                 0         490.23678                 0                 0                 0                 0    -5.6248819e-30                 0               250             1.005	B1, 
        0.30428871    -1.1596981e-34                 0        0.30428871    -3.0172043e-29                 0         490.23678                 0                 0                 0                 0    -2.6950562e-29                 0               250             1.015	B1, 
        0.30728663    -5.6033174e-34                 0        0.30728663    -1.4289216e-28                 0         490.23678                 0                 0                 0                 0    -1.2506654e-28                 0               250             1.025	B1, 
        0.31028455    -2.6239555e-33                 0        0.31028455    -6.5582589e-28                 0         490.23678                 0                 0                 0                 0    -5.6240879e-28                 0               250             1.035	B1, 
        0.31328247    -1.1915051e-32                 0        0.31328247    -2.9185143e-27                 0         490.23678                 0                 0                 0                 0    -2.4519811e-27                 0               250             1.045	B1, 
        0.31628039    -5.2490175e-32                 0        0.31628039    -1.2599188e-26                 0         490.23678                 0                 0                 0                 0    -1.0369321e-26                 0               250             1.055	B1, 
         0.3192783     -2.244476e-31                 0         0.3192783    -5.2788912e-26                 0         490.23678                 0                 0                 0                 0    -4.2556263e-26                 0               250             1.065	B1, 
        0.32227622    -9.3200135e-31                 0        0.32227622    -2.1476923e-25                 0         490.23678                 0                 0                 0                 0    -1.6957668e-25                 0               250             1.075	B1, 
        0.32527414    -3.7600209e-30                 0        0.32527414    -8.4886381e-25                 0         490.23678                 0                 0                 0                 0    -6.5639537e-25                 0               250             1.085	B1, 
        0.32827206    -1.4744884e-29                 0        0.32827206    -3.2609621e-24                 0         490.23678                 0                 0                 0                 0    -2.4692585e-24                 0               250             1.095	B1, 
        0.33126998    -5.6230611e-29                 0        0.33126998    -1.2181427e-23                 0         490.23678                 0                 0                 0                 0    -9.0317523e-24                 0               250             1.105	B1, 
         0.3342679    -2.0863411e-28                 0         0.3342679    -4.4268617e-23                 0         490.23678                 0                 0                 0                 0    -3.2135298e-23                 0               250             1.115	B1, 
        0.33726581    -7.5348976e-28                 0        0.33726581    -1.5658044e-22                 0         490.23678                 0                 0                 0                 0    -1.1127453e-22                 0               250             1.125	B1, 
        0.34026373    -2.6499959e-27                 0        0.34026373    -5.3928588e-22                 0         490.23678                 0                 0                 0                 0    -3.7515291e-22                 0               250             1.135	B1, 
        0.34326165    -9.0799374e-27                 0        0.34326165       -1.8094e-21                 0         490.23678                 0                 0                 0                 0    -1.2320089e-21                 0               250             1.145	B1, 
        0.34625957    -3.0323698e-26                 0        0.34625957    -5.9166505e-21                 0         490.23678                 0                 0                 0                 0    -3.9427926e-21                 0               250             1.155	B1, 
        0.34925749    -9.8749009e-26                 0        0.34925749    -1.8863952e-20                 0         490.23678                 0                 0                 0                 0    -1.2301783e-20                 0               250             1.165	B1, 
        0.35225541    -3.1370545e-25                 0        0.35225541    -5.8666787e-20                 0         490.23678                 0                 0                 0                 0    -3.7436352e-20                 0               250             1.175	B1, 
        0.35525332     -9.726025e-25                 0        0.35525332    -1.7804923e-19                 0         490.23678                 0                 0                 0                 0    -1.1116433e-19                 0               250             1.185	B1, 
        0.35825124    -2.9441222e-24                 0        0.35825124    -5.2754462e-19                 0         490.23678                 0                 0                 0                 0    -3.2223061e-19                 0               250             1.195	B1, 
        0.36124916    -8.7049123e-24                 0        0.36124916    -1.5266188e-18                 0         490.23678                 0                 0                 0                 0    -9.1217562e-19                 0               250             1.205	B1, 
        0.36424708    -2.5150111e-23                 0        0.36424708    -4.3165147e-18                 0         490.23678                 0                 0                 0                 0    -2.5227789e-18                 0               250             1.215	B1, 
          0.367245    -7.1032826e-23                 0          0.367245    -1.1930093e-17                 0         490.23678                 0                 0                 0                 0    -6.8193912e-18                 0               250             1.225	B1, 
        0.37024292    -1.9619889e-22                 0        0.37024292    -3.2243121e-17                 0         490.23678                 0                 0                 0                 0    -1.8024046e-17                 0               250             1.235	B1, 
        0.37324083    -5.3018176e-22                 0        0.37324083    -8.5248267e-17                 0         490.23678                 0                 0                 0                 0    -4.6598473e-17                 0               250             1.245	B1, 
        0.37623875    -1.4022137e-21                 0        0.37623875    -2.2057679e-16                 0         490.23678                 0                 0                 0                 0    -1.1788925e-16                 0               250             1.255	B1, 
        0.37923667     -3.631058e-21                 0        0.37923667     -5.587638e-16                 0         490.23678                 0                 0                 0                 0    -2.9196329e-16                 0               250             1.265	B1, 
        0.38223459    -9.2097526e-21                 0        0.38223459    -1.3863003e-15                 0         490.23678                 0                 0                 0                 0    -7.0810896e-16                 0               250             1.275	B1, 
        0.38523251    -2.2888787e-20                 0        0.38523251    -3.3698563e-15                 0         490.23678                 0                 0                 0                 0    -1.6824959e-15                 0               250             1.285	B1, 
        0.38823043     -5.575962e-20                 0        0.38823043    -8.0288387e-15                 0         490.23678                 0                 0                 0                 0    -3.9178907e-15                 0               250             1.295	B1, 
        0.39122834    -1.3319845e-19                 0        0.39122834    -1.8756065e-14                 0         490.23678                 0                 0                 0                 0    -8.9444831e-15                 0               250             1.305	B1, 
        0.39422626    -3.1211817e-19                 0        0.39422626    -4.2977056e-14                 0         490.23678                 0                 0                 0                 0     -2.002724e-14                 0               250             1.315	B1, 
        0.39722418    -7.1768773e-19                 0        0.39722418    -9.6625975e-14                 0         490.23678                 0                 0                 0                 0    -4.3995286e-14                 0               250             1.325	B1, 
         0.4002221    -1.6199541e-18                 0         0.4002221    -2.1323954e-13                 0         490.23678                 0                 0                 0                 0    -9.4855988e-14                 0               250             1.335	B1, 
        0.40322002    -3.5906474e-18                 0        0.40322002    -4.6207302e-13                 0         490.23678                 0                 0                 0                 0    -2.0079333e-13                 0               250             1.345	B1, 
        0.40621794    -7.8180026e-18                 0        0.40621794    -9.8349675e-13                 0         490.23678                 0                 0                 0                 0     -4.174555e-13                 0               250             1.355	B1, 
        0.40921585    -1.6727078e-17                 0        0.40921585    -2.0568526e-12                 0         490.23678                 0                 0                 0                 0    -8.5269944e-13                 0               250             1.365	B1, 
        0.41221377    -3.5179673e-17                 0        0.41221377    -4.2281257e-12                 0         490.23678                 0                 0                 0                 0    -1.7118009e-12                 0               250             1.375	B1, 
        0.41521169     -7.275373e-17                 0        0.41521169    -8.5457803e-12                 0         490.23678                 0                 0                 0                 0    -3.3785217e-12                 0               250             1.385	B1, 
        0.41820961    -1.4799698e-16                 0        0.41820961    -1.6988592e-11                 0         490.23678                 0                 0                 0                 0    -6.5578149e-12                 0               250             1.395	B1, 
        0.42120753    -2.9622726e-16                 0        0.42120753    -3.3228117e-11                 0         490.23678                 0                 0                 0                 0    -1.2522514e-11                 0               250             1.405	B1, 
        0.42420545    -5.8359329e-16                 0        0.42420545     -6.396401e-11                 0         490.23678                 0                 0                 0                 0    -2.3532218e-11                 0               250             1.415	B1, 
        0.42720336    -1.1319971e-15                 0        0.42720336     -1.212228e-10                 0         490.23678                 0                 0                 0                 0    -4.3532178e-11                 0               250             1.425	B1, 
        0.43020128    -2.1625436e-15                 0        0.43020128     -2.262491e-10                 0         490.23678                 0                 0                 0                 0    -7.9299325e-11                 0               250             1.435	B1, 
         0.4331992    -4.0700696e-15                 0         0.4331992    -4.1598401e-10                 0         490.23678                 0                 0                 0                 0    -1.4228978e-10                 0               250             1.445	B1, 
        0.43619712    -7.5489616e-15                 0        0.43619712     -7.536769e-10                 0         490.23678                 0                 0                 0                 0    -2.5156762e-10                 0               250             1.455	B1, 
        0.43919504    -1.3802259e-14                 0        0.43919504    -1.3459913e-09                 0         490.23678                 0                 0                 0                 0    -4.3837174e-10                 0               250             1.465	B1, 
        0.44219296    -2.4883878e-14                 0        0.44219296    -2.3701491e-09                 0         490.23678                 0                 0                 0                 0    -7.5312186e-10                 0               250             1.475	B1, 
        0.44519087    -4.4250312e-14                 0        0.44519087    -4.1163425e-09                 0         490.23678                 0                 0                 0                 0    -1.2759957e-09                 0               250             1.485	B1, 
        0.44818879     -7.763699e-14                 0        0.44818879    -7.0530031e-09                 0         490.23678                 0                 0                 0                 0    -2.1326474e-09                 0               250             1.495	B1, 
        0.45118671    -1.3443024e-13                 0        0.45118671    -1.1925755e-08                 0         490.23678                 0                 0                 0                 0    -3.5172042e-09                 0               250             1.505	B1, 
        0.45418463    -2.2978478e-13                 0        0.45418463    -1.9905252e-08                 0         490.23678                 0                 0                 0                 0    -5.7254012e-09                 0               250             1.515	B1, 
        0.45718255    -3.8784646e-13                 0        0.45718255    -3.2804877e-08                 0         490.23678                 0                 0                 0                 0     -9.201602e-09                 0               250             1.525	B1, 
        0.46018047    -6.4659027e-13                 0        0.46018047    -5.3396814e-08                 0         490.23678                 0                 0                 0                 0    -1.4604537e-08                 0               250             1.535	B1, 
        0.46317838    -1.0649863e-12                 0        0.46317838    -8.5864566e-08                 0         490.23678                 0                 0                 0                 0    -2.2897864e-08                 0               250             1.545	B1, 
         0.4661763     -1.733474e-12                 0         0.4661763      -1.36442e-07                 0         490.23678                 0                 0                 0                 0    -3.5473106e-08                 0               250             1.555	B1, 
        0.46917422    -2.7890762e-12                 0        0.46917422    -2.1430373e-07                 0         490.23678                 0                 0                 0                 0    -5.4314167e-08                 0               250             1.565	B1, 
        0.47217214    -4.4369308e-12                 0        0.47217214    -3.3278926e-07                 0         490.23678                 0                 0                 0                 0    -8.2214351e-08                 0               250             1.575	B1, 
        0.47517006    -6.9805867e-12                 0        0.47517006    -5.1106419e-07                 0         490.23678                 0                 0                 0                 0    -1.2305861e-07                 0               250             1.585	B1, 
        0.47816798    -1.0864113e-11                 0        0.47816798    -7.7634577e-07                 0         490.23678                 0                 0                 0                 0    -1.8218553e-07                 0               250             1.595	B1, 
        0.48116589    -1.6729927e-11                 0        0.48116589    -1.1668469e-06                 0         490.23678                 0                 0                 0                 0    -2.6684512e-07                 0               250             1.605	B1, 
        0.48416381    -2.5497285e-11                 0        0.48416381     -1.735622e-06                 0         490.23678                 0                 0                 0                 0     -3.867698e-07                 0               250             1.615	B1, 
        0.48716173    -3.8467588e-11                 0        0.48716173    -2.5555304e-06                 0         490.23678                 0                 0                 0                 0    -5.5487675e-07                 0               250             1.625	B1, 
        0.49015965    -5.7464076e-11                 0        0.49015965    -3.7255638e-06                 0         490.23678                 0                 0                 0                 0    -7.8812004e-07                 0               250             1.635	B1, 
        0.49315757    -8.5015094e-11                 0        0.49315757    -5.3788171e-06                 0         490.23678                 0                 0                 0                 0    -1.1085102e-06                 0               250             1.645	B1, 
        0.49615549     -1.245919e-10                 0        0.49615549    -7.6924121e-06                 0         490.23678                 0                 0                 0                 0    -1.5443173e-06                 0               250             1.655	B1, 
         0.4991534      -1.80914e-10                 0         0.4991534    -1.0899708e-05                 0         490.23678                 0                 0                 0                 0    -2.1314708e-06                 0               250             1.665	B1, 
        0.50215132      -2.60337e-10                 0        0.50215132    -1.5305154e-05                 0         490.23678                 0                 0                 0                 0    -2.9151653e-06                 0               250             1.675	B1, 
        0.50514924    -3.7134034e-10                 0        0.50514924    -2.1302152e-05                 0         490.23678                 0                 0                 0                 0    -3.9516756e-06                 0               250             1.685	B1, 
        0.50814716     -5.251344e-10                 0        0.50814716    -2.9394292e-05                 0         490.23678                 0                 0                 0                 0    -5.3103799e-06                 0               250             1.695	B1, 
        0.51114508    -7.3640866e-10                 0        0.51114508    -4.0220322e-05                 0         490.23678                 0                 0                 0                 0    -7.0759773e-06                 0               250             1.705	B1, 
          0.514143    -1.0242448e-09                 0          0.514143    -5.4583179e-05                 0         490.23678                 0                 0                 0                 0    -9.3508838e-06                 0               250             1.715	B1, 
        0.51714091    -1.4132208e-09                 0        0.51714091    -7.3483364e-05                 0         490.23678                 0                 0                 0                 0    -1.2257774e-05                 0               250             1.725	B1, 
        0.52013883    -1.9347321e-09                 0        0.52013883    -9.8156893e-05                 0         490.23678                 0                 0                 0                 0    -1.5942233e-05                 0               250             1.735	B1, 
        0.52313675    -2.6285608e-09                 0        0.52313675    -0.00013011797                 0         490.23678                 0                 0                 0                 0    -2.0575465e-05                 0               250             1.745	B1, 
        0.52613467    -3.5447186e-09                 0        0.52613467    -0.00017120644                 0         490.23678                 0                 0                 0                 0    -2.6357005e-05                 0               250             1.755	B1, 
        0.52913259     -4.745596e-09                 0        0.52913259    -0.00022363994                 0         490.23678                 0                 0                 0                 0    -3.3517358e-05                 0               250             1.765	B1, 
        0.53213051    -6.3084434e-09                 0        0.53213051    -0.00029007062                 0         490.23678                 0                 0                 0                 0    -4.2320504e-05                 0               250             1.775	B1, 
        0.53512842    -8.3282123e-09                 0        0.53512842    -0.00037364604                 0         490.23678                 0                 0                 0                 0    -5.3066176e-05                 0               250             1.785	B1, 
        0.53812634    -1.0920781e-08                 0        0.53812634    -0.00047807386                 0         490.23678                 0                 0                 0                 0    -6.6091834e-05                 0               250             1.795	B1, 
        0.54112426    -1.4226587e-08                 0        0.54112426    -0.00060768963                 0         490.23678                 0                 0                 0                 0    -8.1774253e-05                 0               250             1.805	B1, 
        0.54412218    -1.8414676e-08                 0        0.54412218    -0.00076752702                 0         490.23678                 0                 0                 0                 0    -0.00010053064                 0               250             1.815	B1, 
         0.5471201    -2.3687196e-08                 0         0.5471201    -0.00096338953                 0         490.23678                 0                 0                 0                 0    -0.00012281922                 0               250             1.825	B1, 
        0.55011802    -3.0284322e-08                 0        0.55011802     -0.0012019226                 0         490.23678                 0                 0                 0                 0    -0.00014913919                 0               250             1.835	B1, 
        0.55311593    -3.8489623e-08                 0        0.55311593     -0.0014906854                 0         490.23678                 0                 0                 0                 0    -0.00018003003                 0               250             1.845	B1, 
        0.55611385    -4.8635868e-08                 0        0.55611385     -0.0018382203                 0         490.23678                 0                 0                 0                 0    -0.00021607011                 0               250             1.855	B1, 
        0.55911177     -6.111124e-08                 0        0.55911177     -0.0022541195                 0         490.23678                 0                 0                 0                 0    -0.00025787454                 0               250             1.865	B1, 
        0.56210969    -7.6365953e-08                 0        0.56210969     -0.0027490876                 0         490.23678                 0                 0                 0                 0    -0.00030609233                 0               250             1.875	B1, 
        0.56510761    -9.4919227e-08                 0        0.56510761     -0.0033349976                 0         490.23678                 0                 0                 0                 0    -0.00036140277                 0               250             1.885	B1, 
        0.56810553    -1.1736659e-07                 0        0.56810553     -0.0040249411                 0         490.23678                 0                 0                 0                 0    -0.00042451117                 0               250             1.895	B1, 
        0.57110344    -1.4438746e-07                 0        0.57110344     -0.0048332693                 0         490.23678                 0                 0                 0                 0    -0.00049614392                 0               250             1.905	B1, 
        0.57410136    -1.7675296e-07                 0        0.57410136     -0.0057756256                 0         490.23678                 0                 0                 0                 0    -0.00057704299                 0               250             1.915	B1, 
        0.57709928    -2.1533388e-07                 0        0.57709928     -0.0068689677                 0         490.23678                 0                 0                 0                 0    -0.00066795991                 0               250             1.925	B1, 
         0.5800972    -2.6110877e-07                 0         0.5800972      -0.008131579                 0         490.23678                 0                 0                 0                 0    -0.00076964943                 0               250             1.935	B1, 
        0.58309512    -3.1517201e-07                 0        0.58309512      -0.009583068                 0         490.23678                 0                 0                 0                 0    -0.00088286276                 0               250             1.945	B1, 
        0.58609304    -3.7874197e-07                 0        0.58609304      -0.011244357                 0         490.23678                 0                 0                 0                 0     -0.0010083408                 0               250             1.955	B1, 
        0.58909095    -4.5316887e-07                 0        0.58909095      -0.013137656                 0         490.23678                 0                 0                 0                 0     -0.0011468073                 0               250             1.965	B1, 
        0.59208887    -5.3994264e-07                 0        0.59208887      -0.015286429                 0         490.23678                 0                 0                 0                 0     -0.0012989619                 0               250             1.975	B1, 
        0.59508679    -6.4070038e-07                 0        0.59508679      -0.017715345                 0         490.23678                 0                 0                 0                 0     -0.0014654737                 0               250             1.985	B1, 
        0.59808471     -7.572336e-07                 0        0.59808471      -0.020450216                 0         490.23678                 0                 0                 0                 0     -0.0016469748                 0               250             1.995	B1, 
        0.60108263    -8.9149498e-07                 0        0.60108263      -0.023517932                 0         490.23678                 0                 0                 0                 0     -0.0018440547                 0               250             2.005	B1, 
        0.60408055    -1.0456047e-06                 0        0.60408055      -0.026946375                 0         490.23678                 0                 0                 0                 0     -0.0020572549                 0               250             2.015	B1, 
        0.60707846    -1.2218563e-06                 0        0.60707846      -0.030764337                 0         490.23678                 0                 0                 0                 0     -0.0022870642                 0               250             2.025	B1, 
        0.61007638     -1.422722e-06                 0        0.61007638      -0.035001419                 0         490.23677                 0                 0                 0                 0     -0.0025339149                 0               250             2.035	B1, 
         0.6130743     -1.650857e-06                 0         0.6130743      -0.039687929                 0         490.23677                 0                 0                 0                 0     -0.0027981792                 0               250             2.045	B1, 
        0.61607222    -1.9091039e-06                 0        0.61607222      -0.044854778                 0         490.23677                 0                 0                 0                 0     -0.0030801674                 0               250             2.055	B1, 
        0.61907014    -2.2004961e-06                 0        0.61907014      -0.050533364                 0         490.23677                 0                 0                 0                 0     -0.0033801257                 0               250             2.065	B1, 
        0.62206806    -2.5282597e-06                 0        0.62206806      -0.056755462                 0         490.23677                 0                 0                 0                 0     -0.0036982359                 0               250             2.075	B1, 
        0.62506597    -2.8958164e-06                 0        0.62506597      -0.063553111                 0         490.23677                 0                 0                 0                 0     -0.0040346151                 0               250             2.085	B1, 
        0.62806389    -3.3067843e-06                 0        0.62806389      -0.070958499                 0         490.23677                 0                 0                 0                 0     -0.0043893168                 0               250             2.095	B1, 
        0.63106181    -3.7649783e-06                 0        0.63106181      -0.079003853                 0         490.23677                 0                 0                 0                 0     -0.0047623325                 0               250             2.105	B1, 
        0.63405973    -4.2744103e-06                 0        0.63405973      -0.087721333                 0         490.23677                 0                 0                 0                 0     -0.0051535935                 0               250             2.115	B1, 
        0.63705765    -4.8392886e-06                 0        0.63705765      -0.097142926                 0         490.23677                 0                 0                 0                 0     -0.0055629746                 0               250             2.125	B1, 
        0.64005557     -5.464016e-06                 0        0.64005557       -0.10730035                 0         490.23676                 0                 0                 0                 0     -0.0059902968                 0               250             2.135	B1, 
        0.64305348    -6.1531885e-06                 0        0.64305348       -0.11822498                 0         490.23676                 0                 0                 0                 0     -0.0064353319                 0               250             2.145	B1, 
         0.6460514    -6.9115925e-06                 0         0.6460514       -0.12994771                 0         490.23676                 0                 0                 0                 0     -0.0068978063                 0               250             2.155	B1, 
        0.64904932    -7.7442018e-06                 0        0.64904932       -0.14249896                 0         490.23676                 0                 0                 0                 0      -0.007377406                 0               250             2.165	B1, 
        0.65204724    -8.6561745e-06                 0        0.65204724       -0.15590855                 0         490.23675                 0                 0                 0                 0     -0.0078737818                 0               250             2.175	B1, 
        0.65504516    -9.6528491e-06                 0        0.65504516       -0.17020565                 0         490.23675                 0                 0                 0                 0     -0.0083865536                 0               250             2.185	B1, 
        0.65804308     -1.073974e-05                 0        0.65804308       -0.18541874                 0         490.23674                 0                 0                 0                 0     -0.0089153163                 0               250             2.195	B1, 
        0.66104099    -1.1922535e-05                 0        0.66104099       -0.20157558                 0         490.23673                 0                 0                 0                 0     -0.0094596447                 0               250             2.205	B1, 
        0.66403891    -1.3207088e-05                 0        0.66403891       -0.21870316                 0         490.23673                 0                 0                 0                 0      -0.010019098                 0               250             2.215	B1, 
        0.66703683    -1.4599415e-05                 0        0.66703683       -0.23682769                 0         490.23672                 0                 0                 0                 0      -0.010593227                 0               250             2.225	B1, 
        0.67003475    -1.6105691e-05                 0        0.67003475       -0.25597458                 0         490.23671                 0                 0                 0                 0      -0.011181576                 0               250             2.235	B1, 
        0.67303267    -1.7732244e-05                 0        0.67303267       -0.27616843                 0          490.2367                 0                 0                 0                 0      -0.011783688                 0               250             2.245	B1, 
        0.67603059    -1.9485549e-05                 0        0.67603058       -0.29743306                 0         490.23669                 0                 0                 0                 0      -0.012399112                 0               250             2.255	B1, 
         0.6790285    -2.1372226e-05                 0         0.6790285       -0.31979149                 0         490.23667                 0                 0                 0                 0      -0.013027403                 0               250             2.265	B1, 
        0.68202642    -2.3399031e-05                 0        0.68202642       -0.34326596                 0         490.23666                 0                 0                 0                 0      -0.013668128                 0               250             2.275	B1, 
        0.68502434    -2.5572856e-05                 0        0.68502434       -0.36787797                 0         490.23664                 0                 0                 0                 0      -0.014320869                 0               250             2.285	B1, 
        0.68802226    -2.7900721e-05                 0        0.68802225       -0.39364831                 0         490.23662                 0                 0                 0                 0      -0.014985225                 0               250             2.295	B1, 
        0.69102018     -3.038977e-05                 0        0.69102017       -0.42059706                 0          490.2366                 0                 0                 0                 0      -0.015660818                 0               250             2.305	B1, 
         0.6940181    -3.3047271e-05                 0        0.69401809       -0.44874367                 0         490.23657                 0                 0                 0                 0       -0.01634729                 0               250             2.315	B1, 
        0.69701601    -3.5880606e-05                 0          0.697016       -0.47810698                 0         490.23654                 0                 0                 0                 0       -0.01704431                 0               250             2.325	B1, 
        0.70001393    -3.8897272e-05                 0        0.70001392       -0.50870527                 0         490.23651                 0                 0                 0                 0      -0.017751573                 0               250             2.335	B1, 
        0.70301185    -4.2104875e-05                 0        0.70301184        -0.5405563                 0         490.23648                 0                 0                 0                 0      -0.018468801                 0               250             2.345	B1, 
        0.70600977     -4.551113e-05                 0        0.70600975       -0.57367739                 0         490.23644                 0                 0                 0                 0      -0.019195747                 0               250             2.355	B1, 
        0.70900769    -4.9123855e-05                 0        0.70900767       -0.60808541                 0          490.2364                 0                 0                 0                 0       -0.01993219                 0               250             2.365	B1, 
        0.71200561    -5.2950971e-05                 0        0.71200559       -0.64379691                 0         490.23635                 0                 0                 0                 0      -0.020677941                 0               250             2.375	B1, 
        0.71500352    -5.7000498e-05                 0         0.7150035       -0.68082812                 0          490.2363                 0                 0                 0                 0      -0.021432843                 0               250             2.385	B1, 
        0.71800144    -6.1280556e-05                 0        0.71800142         -0.719195                 0         490.23625                 0                 0                 0                 0      -0.022196766                 0               250             2.395	B1, 
        0.72099936    -6.5799361e-05                 0        0.72099933       -0.75891333                 0         490.23619                 0                 0                 0                 0      -0.022969609                 0               250             2.405	B1, 
        0.72399728    -7.0565225e-05                 0        0.72399725       -0.79999874                 0         490.23612                 0                 0                 0                 0      -0.023751304                 0               250             2.415	B1, 
         0.7269952    -7.5586557e-05                 0        0.72699516       -0.84246675                 0         490.23605                 0                 0                 0                 0      -0.024541809                 0               250             2.425	B1, 
        0.72999312    -8.0871858e-05                 0        0.72999308       -0.88633284                 0         490.23597                 0                 0                 0                 0      -0.025341108                 0               250             2.435	B1, 
        0.73299103    -8.6429724e-05                 0        0.73299099       -0.93161248                 0         490.23589                 0                 0                 0                 0      -0.026149215                 0               250             2.445	B1, 
        0.73598895    -9.2268849e-05                 0         0.7359889       -0.97832119                 0          490.2358                 0                 0                 0                 0      -0.026966168                 0               250             2.455	B1, 
        0.73898687    -9.8398018e-05                 0        0.73898681        -1.0264746                 0          490.2357                 0                 0                 0                 0      -0.027792029                 0               250             2.465	B1, 
        0.74198479    -0.00010482611                 0        0.74198472        -1.0760884                 0         490.23559                 0                 0                 0                 0      -0.028626883                 0               250             2.475	B1, 
        0.74498271    -0.00011156212                 0        0.74498264        -1.1271785                 0         490.23548                 0                 0                 0                 0      -0.029470837                 0               250             2.485	B1, 
        0.74798063     -0.0001186151                 0        0.74798055        -1.1797611                 0         490.23536                 0                 0                 0                 0      -0.030324018                 0               250             2.495	B1, 
        0.75097854    -0.00012599425                 0        0.75097845        -1.2338525                 0         490.23522                 0                 0                 0                 0      -0.031186574                 0               250             2.505	B1, 
        0.75397646    -0.00013370884                 0        0.75397636        -1.2894693                 0         490.23508                 0                 0                 0                 0      -0.032058666                 0               250             2.515	B1, 
        0.75697438    -0.00014176824                 0        0.75697427        -1.3466284                 0         490.23493                 0                 0                 0                 0      -0.032940474                 0               250             2.525	B1, 
         0.7599723    -0.00015018194                 0        0.75997218        -1.4053471                 0         490.23476                 0                 0                 0                 0      -0.033832193                 0               250             2.535	B1, 
        0.76297022    -0.00015895954                 0        0.76297008        -1.4656431                 0         490.23459                 0                 0                 0                 0      -0.034734028                 0               250             2.545	B1, 
        0.76596814    -0.00016811073                 0        0.76596799        -1.5275342                 0          490.2344                 0                 0                 0                 0      -0.035646196                 0               250             2.555	B1, 
        0.76896605    -0.00017764532                 0        0.76896589        -1.5910389                 0         490.23419                 0                 0                 0                 0      -0.036568927                 0               250             2.565	B1, 
        0.77196397    -0.00018757324                 0        0.77196379        -1.6561759                 0         490.23398                 0                 0                 0                 0      -0.037502455                 0               250             2.575	B1, 
        0.77496189    -0.00019790453                 0        0.77496169        -1.7229645                 0         490.23375                 0                 0                 0                 0      -0.038447024                 0               250             2.585	B1, 
        0.77795981    -0.00020864935                 0        0.77795959        -1.7914242                 0          490.2335                 0                 0                 0                 0      -0.039402882                 0               250             2.595	B1, 
        0.78095773    -0.00021981798                 0        0.78095749        -1.8615752                 0         490.23324                 0                 0                 0                 0      -0.040370283                 0               250             2.605	B1, 
        0.78395565    -0.00023142082                 0        0.78395538        -1.9334379                 0         490.23296                 0                 0                 0                 0      -0.041349482                 0               250             2.615	B1, 
        0.78695357    -0.00024346841                 0        0.78695328        -2.0070334                 0         490.23267                 0                 0                 0                 0      -0.042340736                 0               250             2.625	B1, 
        0.78995148     -0.0002559714                 0        0.78995117         -2.082383                 0         490.23235                 0                 0                 0                 0      -0.043344305                 0               250             2.635	B1, 
         0.7929494    -0.00026894059                 0        0.79294906        -2.1595087                 0         490.23202                 0                 0                 0                 0      -0.044360444                 0               250             2.645	B1, 
        0.79594732    -0.00028238692                 0        0.79594695        -2.2384328                 0         490.23167                 0                 0                 0                 0      -0.045389412                 0               250             2.655	B1, 
        0.79894524    -0.00029632144                 0        0.79894484         -2.319178                 0         490.23129                 0                 0                 0                 0       -0.04643146                 0               250             2.665	B1, 
        0.80194316    -0.00031075537                 0        0.80194272        -2.4017676                 0         490.23089                 0                 0                 0                 0      -0.047486838                 0               250             2.675	B1, 
        0.80494108    -0.00032570005                 0         0.8049406        -2.4862252                 0         490.23047                 0                 0                 0                 0      -0.048555791                 0               250             2.685	B1, 
        0.80793899    -0.00034116698                 0        0.80793848        -2.5725749                 0         490.23003                 0                 0                 0                 0      -0.049638561                 0               250             2.695	B1, 
        0.81093691    -0.00035716781                 0        0.81093635        -2.6608413                 0         490.22955                 0                 0                 0                 0      -0.050735379                 0               250             2.705	B1, 
        0.81393483    -0.00037371433                 0        0.81393423        -2.7510491                 0         490.22906                 0                 0                 0                 0      -0.051846475                 0               250             2.715	B1, 
        0.81693275     -0.0003908185                 0         0.8169321        -2.8432237                 0         490.22853                 0                 0                 0                 0      -0.052972069                 0               250             2.725	B1, 
        0.81993067    -0.00040849242                 0        0.81992996        -2.9373909                 0         490.22798                 0                 0                 0                 0      -0.054112373                 0               250             2.735	B1, 
        0.82292859    -0.00042674835                 0        0.82292783        -3.0335765                 0         490.22739                 0                 0                 0                 0      -0.055267593                 0               250             2.745	B1, 
         0.8259265    -0.00044559872                 0        0.82592568        -3.1318071                 0         490.22677                 0                 0                 0                 0      -0.056437926                 0               250             2.755	B1, 
        0.82892442    -0.00046505611                 0        0.82892354        -3.2321093                 0         490.22612                 0                 0                 0                 0      -0.057623562                 0               250             2.765	B1, 
        0.83192234    -0.00048513328                 0        0.83192139        -3.3345103                 0         490.22544                 0                 0                 0                 0       -0.05882468                 0               250             2.775	B1, 
        0.83492026    -0.00050584314                 0        0.83491924        -3.4390373                 0         490.22471                 0                 0                 0                 0      -0.060041454                 0               250             2.785	B1, 
        0.83791818    -0.00052719879                 0        0.83791708        -3.5457181                 0         490.22395                 0                 0                 0                 0      -0.061274048                 0               250             2.795	B1, 
         0.8409161    -0.00054921347                 0        0.84091492        -3.6545807                 0         490.22315                 0                 0                 0                 0      -0.062522619                 0               250             2.805	B1, 
        0.84391401    -0.00057190061                 0        0.84391275        -3.7656531                 0         490.22231                 0                 0                 0                 0      -0.063787318                 0               250             2.815	B1, 
        0.84691193    -0.00059527382                 0        0.84691058        -3.8789639                 0         490.22143                 0                 0                 0                 0      -0.065068287                 0               250             2.825	B1, 
        0.84990985    -0.00061934687                 0         0.8499084        -3.9945419                 0          490.2205                 0                 0                 0                 0      -0.066365665                 0               250             2.835	B1, 
        0.85290777    -0.00064413371                 0        0.85290621        -4.1124159                 0         490.21953                 0                 0                 0                 0      -0.067679584                 0               250             2.845	B1, 
        0.85590569    -0.00066964847                 0        0.85590402        -4.2326152                 0          490.2185                 0                 0                 0                 0      -0.069010171                 0               250             2.855	B1, 
        0.85890361    -0.00069590547                 0        0.85890183        -4.3551691                 0         490.21743                 0                 0                 0                 0      -0.070357554                 0               250             2.865	B1, 
        0.86190152    -0.00072291919                 0        0.86189962        -4.4801074                 0          490.2163                 0                 0                 0                 0      -0.071721854                 0               250             2.875	B1, 
        0.86489944    -0.00075070431                 0        0.86489741        -4.6074597                 0         490.21512                 0                 0                 0                 0      -0.073103196                 0               250             2.885	B1, 
        0.86789736    -0.00077927567                 0         0.8678952        -4.7372562                 0         490.21389                 0                 0                 0                 0      -0.074501703                 0               250             2.895	B1, 
        0.87089528    -0.00080864832                 0        0.87089297        -4.8695272                 0         490.21259                 0                 0                 0                 0      -0.075917504                 0               250             2.905	B1, 
         0.8738932    -0.00083883749                 0        0.87389074        -5.0043032                 0         490.21123                 0                 0                 0                 0      -0.077350729                 0               250             2.915	B1, 
        0.87689112    -0.00086985858                 0         0.8768885        -5.1416148                 0         490.20981                 0                 0                 0                 0      -0.078801518                 0               250             2.925	B1, 
        0.87988903     -0.0009017272                 0        0.87988624        -5.2814931                 0         490.20833                 0                 0                 0                 0      -0.080270017                 0               250             2.935	B1, 
        0.88288695    -0.00093445913                 0        0.88288398        -5.4239693                 0         490.20677                 0                 0                 0                 0      -0.081756386                 0               250             2.945	B1, 
        0.88588487    -0.00096807037                 0        0.88588171         -5.569075                 0         490.20514                 0                 0                 0                 0      -0.083260794                 0               250             2.955	B1, 
        0.88888279     -0.0010025771                 0        0.88887943         -5.716842                 0         490.20344                 0                 0                 0                 0      -0.084783431                 0               250             2.965	B1, 
        0.89188071     -0.0010379956                 0        0.89187714        -5.8673025                 0         490.20166                 0                 0                 0                 0      -0.086324501                 0               250             2.975	B1, 
        0.89487863     -0.0010743426                 0        0.89487484         -6.020489                 0         490.19981                 0                 0                 0                 0      -0.087884233                 0               250             2.985	B1, 
        0.89787654     -0.0011116348                 0        0.89787253        -6.1764347                 0         490.19787                 0                 0                 0                 0      -0.089462879                 0               250             2.995	B1, 
        0.90087446     -0.0011498892                 0         0.9008702        -6.3351728                 0         490.19584                 0                 0                 0                 0      -0.091060717                 0               250             3.005	B1, 
        0.90387238     -0.0011891228                 0        0.90386786        -6.4967375                 0         490.19373                 0                 0                 0                 0      -0.092678058                 0               250             3.015	B1, 
         0.9068703     -0.0012293533                 0        0.90686551        -6.6611632                 0         490.19152                 0                 0                 0                 0      -0.094315245                 0               250             3.025	B1, 
        0.90986822      -0.001270598                 0        0.90986315        -6.8284851                 0         490.18922                 0                 0                 0                 0      -0.095972661                 0               250             3.035	B1, 
        0.91286614      -0.001312875                 0        0.91286077        -6.9987391                 0         490.18682                 0                 0                 0                 0      -0.097650728                 0               250             3.045	B1, 
        0.91586405     -0.0013562021                 0        0.91585837        -7.1719619                 0         490.18431                 0                 0                 0                 0      -0.099349913                 0               250             3.055	B1, 
        0.91886197     -0.0014005977                 0        0.91885596        -7.3481909                 0          490.1817                 0                 0                 0                 0       -0.10107073                 0               250             3.065	B1, 
        0.92185989     -0.0014460803                 0        0.92185353        -7.5274646                 0         490.17898                 0                 0                 0                 0       -0.10281375                 0               250             3.075	B1, 
        0.92485781     -0.0014926686                 0        0.92485109        -7.7098226                 0         490.17615                 0                 0                 0                 0        -0.1045796                 0               250             3.085	B1, 
        0.92785573     -0.0015403816                 0        0.92784863        -7.8953055                 0         490.17319                 0                 0                 0                 0       -0.10636896                 0               250             3.095	B1, 
        0.93085365     -0.0015892385                 0        0.93084615        -8.0839552                 0         490.17012                 0                 0                 0                 0       -0.10818258                 0               250             3.105	B1, 
        0.93385156     -0.0016392589                 0        0.93384365         -8.275815                 0         490.16692                 0                 0                 0                 0       -0.11002128                 0               250             3.115	B1, 
        0.93684948     -0.0016904624                 0        0.93684113        -8.4709297                 0         490.16358                 0                 0                 0                 0       -0.11188594                 0               250             3.125	B1, 
         0.9398474     -0.0017428692                 0        0.93983859        -8.6693456                 0         490.16012                 0                 0                 0                 0       -0.11377754                 0               250             3.135	B1, 
        0.94284532     -0.0017964996                 0        0.94283603        -8.8711111                 0         490.15651                 0                 0                 0                 0       -0.11569713                 0               250             3.145	B1, 
        0.94584324     -0.0018513742                 0        0.94583345         -9.076276                 0         490.15275                 0                 0                 0                 0       -0.11764583                 0               250             3.155	B1, 
        0.94884116      -0.001907514                 0        0.94883084        -9.2848927                 0         490.14884                 0                 0                 0                 0       -0.11962488                 0               250             3.165	B1, 
        0.95183907     -0.0019649402                 0        0.95182821        -9.4970155                 0         490.14478                 0                 0                 0                 0       -0.12163558                 0               250             3.175	B1, 
        0.95483699     -0.0020236744                 0        0.95482555        -9.7127011                 0         490.14055                 0                 0                 0                 0       -0.12367936                 0               250             3.185	B1, 
        0.95783491     -0.0020837387                 0        0.95782287        -9.9320088                 0         490.13616                 0                 0                 0                 0       -0.12575772                 0               250             3.195	B1, 
        0.96083283     -0.0021451553                 0        0.96082016        -10.155001                 0         490.13159                 0                 0                 0                 0       -0.12787229                 0               250             3.205	B1, 
        0.96383075      -0.002207947                 0        0.96381742        -10.381742                 0         490.12684                 0                 0                 0                 0       -0.13002481                 0               250             3.215	B1, 
        0.96682867     -0.0022721369                 0        0.96681465        -10.612301                 0          490.1219                 0                 0                 0                 0        -0.1322171                 0               250             3.225	B1, 
        0.96982658     -0.0023377485                 0        0.96981185        -10.846749                 0         490.11677                 0                 0                 0                 0       -0.13445114                 0               250             3.235	B1, 
         0.9728245      -0.002404806                 0        0.97280902        -11.085161                 0         490.11143                 0                 0                 0                 0       -0.13672899                 0               250             3.245	B1, 
        0.97582242     -0.0024733337                 0        0.97580615        -11.327615                 0         490.10589                 0                 0                 0                 0       -0.13905286                 0               250             3.255	B1, 
        0.97882034     -0.0025433567                 0        0.97880325        -11.574195                 0         490.10013                 0                 0                 0                 0       -0.14142505                 0               250             3.265	B1, 
        0.98181826     -0.0026149004                 0        0.98180032        -11.824988                 0         490.09414                 0                 0                 0                 0       -0.14384803                 0               250             3.275	B1, 
        0.98481618     -0.0026879909                 0        0.98479734        -12.080084                 0         490.08792                 0                 0                 0                 0       -0.14632435                 0               250             3.285	B1, 
        0.98781409     -0.0027626548                 0        0.98779433        -12.339579                 0         490.08145                 0                 0                 0                 0        -0.1488567                 0               250             3.295	B1, 
        0.99081201     -0.0028389192                 0        0.99079128        -12.603575                 0         490.07474                 0                 0                 0                 0       -0.15144791                 0               250             3.305	B1, 
        0.99380993     -0.0029168121                 0        0.99378819        -12.872178                 0         490.06775                 0                 0                 0                 0       -0.15410091                 0               250             3.315	B1, 
        0.99680785     -0.0029963619                 0        0.99678505        -13.145497                 0          490.0605                 0                 0                 0                 0       -0.15681875                 0               250             3.325	B1, 
        0.99980577     -0.0030775978                 0        0.99978187         -13.42365                 0         490.05296                 0                 0                 0                 0       -0.15960462                 0               250             3.335	B1, 
         1.0028037     -0.0031605498                 0         1.0027786        -13.706762                 0         490.04512                 0                 0                 0                 0       -0.16246602                 0               250             3.345	B1, 
         1.0058016     -0.0032452486                 0         1.0057754        -13.994966                 0         490.03698                 0                 0                 0                 0       -0.16540289                 0               250             3.355	B1, 
         1.0087995     -0.0033317258                 0          1.008772        -14.288397                 0         490.02851                 0                 0                 0                 0       -0.16841841                 0               250             3.365	B1, 
         1.0117974     -0.0034200137                 0         1.0117686        -14.587197                 0          490.0197                 0                 0                 0                 0       -0.17151616                 0               250             3.375	B1, 
         1.0147954     -0.0035101456                 0         1.0147652        -14.891511                 0         490.01055                 0                 0                 0                 0       -0.17469977                 0               250             3.385	B1, 
         1.0177933     -0.0036021557                 0         1.0177617        -15.201495                 0         490.00103                 0                 0                 0                 0       -0.17797294                 0               250             3.395	B1, 
         1.0207912     -0.0036960792                 0         1.0207582        -15.517308                 0         489.99113                 0                 0                 0                 0       -0.18133937                 0               250             3.405	B1, 
         1.0237891     -0.0037919523                 0         1.0237545        -15.839117                 0         489.98084                 0                 0                 0                 0       -0.18480277                 0               250             3.415	B1, 
          1.026787      -0.003889812                 0         1.0267509        -16.167096                 0         489.97012                 0                 0                 0                 0       -0.18836682                 0               250             3.425	B1, 
          1.029785     -0.0039896967                 0         1.0297471        -16.501423                 0         489.95898                 0                 0                 0                 0       -0.19203513                 0               250             3.435	B1, 
         1.0327829     -0.0040916458                 0         1.0327433        -16.842285                 0         489.94738                 0                 0                 0                 0       -0.19581121                 0               250             3.445	B1, 
         1.0357808     -0.0041956999                 0         1.0357394        -17.189873                 0         489.93531                 0                 0                 0                 0       -0.19969843                 0               250             3.455	B1, 
         1.0387787     -0.0043019005                 0         1.0387355        -17.544385                 0         489.92274                 0                 0                 0                 0       -0.20369994                 0               250             3.465	B1, 
         1.0417766     -0.0044102908                 0         1.0417314        -17.906024                 0         489.90966                 0                 0                 0                 0       -0.20781865                 0               250             3.475	B1, 
         1.0447745      -0.004520915                 0         1.0447273        -18.274997                 0         489.89603                 0                 0                 0                 0       -0.21205715                 0               250             3.485	B1, 
         1.0477725     -0.0046338184                 0         1.0477231        -18.651516                 0         489.88184                 0                 0                 0                 0       -0.21641765                 0               250             3.495	B1, 
         1.0507704      -0.004749048                 0         1.0507188        -19.035796                 0         489.86706                 0                 0                 0                 0       -0.22090188                 0               250             3.505	B1, 
         1.0537683     -0.0048666518                 0         1.0537144        -19.428055                 0         489.85166                 0                 0                 0                 0       -0.22551104                 0               250             3.515	B1, 
         1.0567662     -0.0049866794                 0         1.0567099        -19.828511                 0         489.83561                 0                 0                 0                 0       -0.23024568                 0               250             3.525	B1, 
         1.0597641     -0.0051091814                 0         1.0597053        -20.237385                 0         489.81889                 0                 0                 0                 0       -0.23510563                 0               250             3.535	B1, 
         1.0627621     -0.0052342101                 0         1.0627006        -20.654894                 0         489.80146                 0                 0                 0                 0       -0.24008992                 0               250             3.545	B1, 
           1.06576      -0.005361819                 0         1.0656958        -21.081254                 0          489.7833                 0                 0                 0                 0       -0.24519659                 0               250             3.555	B1, 
         1.0687579     -0.0054920627                 0         1.0686909        -21.516677                 0         489.76436                 0                 0                 0                 0       -0.25042271                 0               250             3.565	B1, 
         1.0717558     -0.0056249974                 0         1.0716859        -21.961367                 0         489.74462                 0                 0                 0                 0       -0.25576418                 0               250             3.575	B1, 
         1.0747537     -0.0057606803                 0         1.0746807        -22.415522                 0         489.72405                 0                 0                 0                 0       -0.26121567                 0               250             3.585	B1, 
         1.0777516     -0.0058991699                 0         1.0776755        -22.879327                 0          489.7026                 0                 0                 0                 0       -0.26677052                 0               250             3.595	B1, 
         1.0807496     -0.0060405257                 0           1.08067        -23.352956                 0         489.68024                 0                 0                 0                 0       -0.27242067                 0               250             3.605	B1, 
         1.0837475     -0.0061848084                 0         1.0836645        -23.836565                 0         489.65694                 0                 0                 0                 0       -0.27815656                 0               250             3.615	B1, 
         1.0867454     -0.0063320793                 0         1.0866588        -24.330294                 0         489.63265                 0                 0                 0                 0       -0.28396711                 0               250             3.625	B1, 
         1.0897433     -0.0064824007                 0         1.0896529        -24.834262                 0         489.60735                 0                 0                 0                 0       -0.28983969                 0               250             3.635	B1, 
         1.0927412     -0.0066358356                 0         1.0926469        -25.348562                 0         489.58099                 0                 0                 0                 0       -0.29576009                 0               250             3.645	B1, 
         1.0957392     -0.0067924473                 0         1.0956407        -25.873263                 0         489.55354                 0                 0                 0                 0       -0.30171259                 0               250             3.655	B1, 
         1.0987371     -0.0069522996                 0         1.0986344        -26.408405                 0         489.52497                 0                 0                 0                 0       -0.30768002                 0               250             3.665	B1, 
          1.101735     -0.0071154563                 0         1.1016279        -26.953994                 0         489.49523                 0                 0                 0                 0       -0.31364389                 0               250             3.675	B1, 
         1.1047329     -0.0072819814                 0         1.1046212        -27.510005                 0          489.4643                 0                 0                 0                 0        -0.3195845                 0               250             3.685	B1, 
         1.1077308     -0.0074519383                 0         1.1076143        -28.076377                 0         489.43213                 0                 0                 0                 0       -0.32548119                 0               250             3.695	B1, 
         1.1107287     -0.0076253902                 0         1.1106072         -28.65301                 0         489.39871                 0                 0                 0                 0       -0.33131257                 0               250             3.705	B1, 
         1.1137267     -0.0078023994                 0         1.1135998        -29.239769                 0         489.36401                 0                 0                 0                 0        -0.3370568                 0               250             3.715	B1, 
         1.1167246     -0.0079830272                 0         1.1165923        -29.836477                 0         489.32799                 0                 0                 0                 0       -0.34269192                 0               250             3.725	B1, 
         1.1197225      -0.008167334                 0         1.1195846        -30.442921                 0         489.29063                 0                 0                 0                 0       -0.34819619                 0               250             3.735	B1, 
         1.1227204     -0.0083553785                 0         1.1225766        -31.058849                 0         489.25192                 0                 0                 0                 0       -0.35354847                 0               250             3.745	B1, 
         1.1257183     -0.0085472177                 0         1.1255683        -31.683974                 0         489.21184                 0                 0                 0                 0        -0.3587286                 0               250             3.755	B1, 
         1.1287163     -0.0087429071                 0         1.1285599        -32.317974                 0         489.17036                 0                 0                 0                 0       -0.36371777                 0               250             3.765	B1, 
         1.1317142     -0.0089424998                 0         1.1315511        -32.960494                 0         489.12749                 0                 0                 0                 0       -0.36849888                 0               250             3.775	B1, 
         1.1347121     -0.0091460468                 0         1.1345421        -33.611153                 0         489.08321                 0                 0                 0                 0       -0.37305687                 0               250             3.785	B1, 
           1.13771     -0.0093535965                 0         1.1375329        -34.269544                 0         489.03752                 0                 0                 0                 0       -0.37737895                 0               250             3.795	B1, 
         1.1407079      -0.009565195                 0         1.1405233        -34.935241                 0         488.99041                 0                 0                 0                 0       -0.38145493                 0               250             3.805	B1, 
         1.1437058     -0.0097808856                 0         1.1435135        -35.607801                 0          488.9419                 0                 0                 0                 0       -0.38527727                 0               250             3.815	B1, 
         1.1467038      -0.010000709                 0         1.1465033        -36.286773                 0         488.89198                 0                 0                 0                 0       -0.38884124                 0               250             3.825	B1, 
         1.1497017      -0.010224703                 0         1.1494928        -36.971696                 0         488.84066                 0                 0                 0                 0        -0.3921449                 0               250             3.835	B1, 
         1.1526996      -0.010452902                 0         1.1524821        -37.662113                 0         488.78795                 0                 0                 0                 0       -0.39518909                 0               250             3.845	B1, 
         1.1556975      -0.010685339                 0          1.155471        -38.357567                 0         488.73387                 0                 0                 0                 0       -0.39797724                 0               250             3.855	B1, 
         1.1586954      -0.010922043                 0         1.1584595        -39.057612                 0         488.67842                 0                 0                 0                 0       -0.40051526                 0               250             3.865	B1, 
         1.1616934      -0.011163042                 0         1.1614477        -39.761812                 0         488.62163                 0                 0                 0                 0       -0.40281124                 0               250             3.875	B1, 
         1.1646913      -0.011408358                 0         1.1644356        -40.469749                 0          488.5635                 0                 0                 0                 0       -0.40487519                 0               250             3.885	B1, 
         1.1676892      -0.011658013                 0         1.1674231        -41.181023                 0         488.50406                 0                 0                 0                 0       -0.40671875                 0               250             3.895	B1, 
         1.1706871      -0.011912028                 0         1.1704102        -41.895257                 0         488.44333                 0                 0                 0                 0       -0.40835485                 0               250             3.905	B1, 
          1.173685      -0.012170418                 0          1.173397        -42.612097                 0         488.38131                 0                 0                 0                 0       -0.40979735                 0               250             3.915	B1, 
         1.1766829      -0.012433199                 0         1.1763834        -43.331213                 0         488.31803                 0                 0                 0                 0       -0.41106078                 0               250             3.925	B1, 
         1.1796809      -0.012700384                 0         1.1793694        -44.052302                 0         488.25351                 0                 0                 0                 0       -0.41215998                 0               250             3.935	B1, 
         1.1826788      -0.012971984                 0          1.182355        -44.775087                 0         488.18776                 0                 0                 0                 0       -0.41310982                 0               250             3.945	B1, 
         1.1856767      -0.013248008                 0         1.1853401        -45.499317                 0         488.12079                 0                 0                 0                 0       -0.41392498                 0               250             3.955	B1, 
         1.1886746      -0.013528466                 0         1.1883249        -46.224767                 0         488.05263                 0                 0                 0                 0       -0.41461969                 0               250             3.965	B1, 
         1.1916725      -0.013813362                 0         1.1913093        -46.951236                 0         487.98328                 0                 0                 0                 0       -0.41520757                 0               250             3.975	B1, 
         1.1946705      -0.014102704                 0         1.1942932        -47.678546                 0         487.91275                 0                 0                 0                 0       -0.41570149                 0               250             3.985	B1, 
         1.1976684      -0.014396496                 0         1.1972767        -48.406541                 0         487.84106                 0                 0                 0                 0       -0.41611346                 0               250             3.995	B1, 
         1.2006663      -0.014694741                 0         1.2002597        -49.135085                 0         487.76822                 0                 0                 0                 0       -0.41645452                 0               250             4.005	B1, 
         1.2036642      -0.014997443                 0         1.2032423        -49.864062                 0         487.69424                 0                 0                 0                 0       -0.41673475                 0               250             4.015	B1, 
         1.2066621      -0.015304603                 0         1.2062245        -50.593371                 0         487.61912                 0                 0                 0                 0       -0.41696324                 0               250             4.025	B1, 
         1.2096601      -0.015616225                 0         1.2092061        -51.322928                 0         487.54287                 0                 0                 0                 0       -0.41714809                 0               250             4.035	B1, 
          1.212658      -0.015932308                 0         1.2121873         -52.05266                 0          487.4655                 0                 0                 0                 0       -0.41729643                 0               250             4.045	B1, 
         1.2156559      -0.016252855                 0         1.2151681        -52.782507                 0         487.38702                 0                 0                 0                 0       -0.41741451                 0               250             4.055	B1, 
         1.2186538      -0.016577865                 0         1.2181483         -53.51242                 0         487.30742                 0                 0                 0                 0       -0.41750772                 0               250             4.065	B1, 
         1.2216517      -0.016907338                 0         1.2211281        -54.242358                 0         487.22671                 0                 0                 0                 0       -0.41758067                 0               250             4.075	B1, 
         1.2246496      -0.017241275                 0         1.2241073        -54.972287                 0         487.14489                 0                 0                 0                 0       -0.41763728                 0               250             4.085	B1, 
         1.2276476      -0.017579676                 0         1.2270861        -55.702179                 0         487.06197                 0                 0                 0                 0       -0.41768081                 0               250             4.095	B1, 
         1.2306455       -0.01792254                 0         1.2300643        -56.432013                 0         486.97795                 0                 0                 0                 0       -0.41771398                 0               250             4.105	B1, 
         1.2336434      -0.018269867                 0         1.2330421         -57.16177                 0         486.89283                 0                 0                 0                 0       -0.41773902                 0               250             4.115	B1, 
         1.2366413      -0.018621657                 0         1.2360193        -57.891438                 0         486.80661                 0                 0                 0                 0       -0.41775775                 0               250             4.125	B1, 
         1.2396392      -0.018977908                 0          1.238996        -58.621003                 0          486.7193                 0                 0                 0                 0       -0.41777162                 0               250             4.135	B1, 
         1.2426372       -0.01933862                 0         1.2419721        -59.350458                 0         486.63089                 0                 0                 0                 0       -0.41778179                 0               250             4.145	B1, 
         1.2456351      -0.019703793                 0         1.2449477        -60.079794                 0         486.54138                 0                 0                 0                 0       -0.41778917                 0               250             4.155	B1, 
          1.248633      -0.020073425                 0         1.2479227        -60.809007                 0         486.45078                 0                 0                 0                 0       -0.41779448                 0               250             4.165	B1, 
         1.2516309      -0.020447516                 0         1.2508972        -61.538091                 0         486.35909                 0                 0                 0                 0       -0.41779824                 0               250             4.175	B1, 
         1.2546288      -0.020826066                 0         1.2538711        -62.267042                 0          486.2663                 0                 0                 0                 0       -0.41780089                 0               250             4.185	B1, 
         1.2576267      -0.021209073                 0         1.2568445        -62.995857                 0         486.17242                 0                 0                 0                 0       -0.41780273                 0               250             4.195	B1, 
         1.2606247      -0.021596536                 0         1.2598173        -63.724533                 0         486.07744                 0                 0                 0                 0         -0.417804                 0               250             4.205	B1, 
         1.2636226      -0.021988455                 0         1.2627895        -64.453068                 0         485.98138                 0                 0                 0                 0       -0.41780486                 0               250             4.215	B1, 
         1.2666205      -0.022384828                 0         1.2657611        -65.181459                 0         485.88422                 0                 0                 0                 0       -0.41780544                 0               250             4.225	B1, 
         1.2696184      -0.022785656                 0         1.2687321        -65.909705                 0         485.78597                 0                 0                 0                 0       -0.41780582                 0               250             4.235	B1, 
         1.2726163      -0.023190936                 0         1.2717025        -66.637803                 0         485.68663                 0                 0                 0                 0       -0.41780607                 0               250             4.245	B1, 
         1.2756143      -0.023600669                 0         1.2746722        -67.365751                 0         485.58619                 0                 0                 0                 0       -0.41780623                 0               250             4.255	B1, 
         1.2786122      -0.024014852                 0         1.2776414        -68.093549                 0         485.48467                 0                 0                 0                 0       -0.41780634                 0               250             4.265	B1, 
         1.2816101      -0.024433486                 0           1.28061        -68.821194                 0         485.38206                 0                 0                 0                 0        -0.4178064                 0               250             4.275	B1, 
          1.284608      -0.024856569                 0         1.2835779        -69.548684                 0         485.27835                 0                 0                 0                 0       -0.41780644                 0               250             4.285	B1, 
         1.2876059        -0.0252841                 0         1.2865451        -70.276018                 0         485.17355                 0                 0                 0                 0       -0.41780647                 0               250             4.295	B1, 
         1.2906038      -0.025716079                 0         1.2895118        -71.003194                 0         485.06767                 0                 0                 0                 0       -0.41780648                 0               250             4.305	B1, 
         1.2936018      -0.026152504                 0         1.2924778         -71.73021                 0         484.96069                 0                 0                 0                 0       -0.41780649                 0               250             4.315	B1, 
         1.2965997      -0.026593374                 0         1.2954431        -72.457066                 0         484.85263                 0                 0                 0                 0        -0.4178065                 0               250             4.325	B1, 
         1.2995976      -0.027038689                 0         1.2984077        -73.183758                 0         484.74347                 0                 0                 0                 0        -0.4178065                 0               250             4.335	B1, 
         1.3025955      -0.027488447                 0         1.3013717        -73.910287                 0         484.63323                 0                 0                 0                 0        -0.4178065                 0               250             4.345	B1, 
         1.3055934      -0.027942648                 0          1.304335        -74.636649                 0          484.5219                 0                 0                 0                 0        -0.4178065                 0               250             4.355	B1, 
         1.3085914       -0.02840129                 0         1.3072977        -75.362843                 0         484.40947                 0                 0                 0                 0        -0.4178065                 0               250             4.365	B1, 
         1.3115893      -0.028864372                 0         1.3102596        -76.088868                 0         484.29596                 0                 0                 0                 0        -0.4178065                 0               250             4.375	B1, 
         1.3145872      -0.029331894                 0         1.3132208        -76.814722                 0         484.18137                 0                 0                 0                 0        -0.4178065                 0               250             4.385	B1, 
         1.3175851      -0.029803853                 0         1.3161814        -77.540404                 0         484.06568                 0                 0                 0                 0        -0.4178065                 0               250             4.395	B1, 
          1.320583       -0.03028025                 0         1.3191412        -78.265911                 0         483.94891                 0                 0                 0                 0        -0.4178065                 0               250             4.405	B1, 
         1.3235809      -0.030761084                 0         1.3221003        -78.991243                 0         483.83105                 0                 0                 0                 0        -0.4178065                 0               250             4.415	B1, 
         1.3265789      -0.031246352                 0         1.3250587        -79.716397                 0          483.7121                 0                 0                 0                 0        -0.4178065                 0               250             4.425	B1, 
         1.3295768      -0.031736054                 0         1.3280163        -80.441371                 0         483.59206                 0                 0                 0                 0        -0.4178065                 0               250             4.435	B1, 
         1.3325747      -0.032230189                 0         1.3309733        -81.166165                 0         483.47094                 0                 0                 0                 0        -0.4178065                 0               250             4.445	B1, 
         1.3355726      -0.032728756                 0         1.3339294        -81.890777                 0         483.34873                 0                 0                 0                 0        -0.4178065                 0               250             4.455	B1, 
         1.3385705      -0.033231753                 0         1.3368849        -82.615205                 0         483.22544                 0                 0                 0                 0        -0.4178065                 0               250             4.465	B1, 
         1.3415685       -0.03373918                 0         1.3398395        -83.339447                 0         483.10106                 0                 0                 0                 0        -0.4178065                 0               250             4.475	B1, 
         1.3445664      -0.034251035                 0         1.3427934        -84.063502                 0         482.97559                 0                 0                 0                 0        -0.4178065                 0               250             4.485	B1, 
         1.3475643      -0.034767317                 0         1.3457465        -84.787368                 0         482.84904                 0                 0                 0                 0        -0.4178065                 0               250             4.495	B1, 
         1.3505622      -0.035288026                 0         1.3486989        -85.511043                 0         482.72141                 0                 0                 0                 0        -0.4178065                 0               250             4.505	B1, 
         1.3535601      -0.035813159                 0         1.3516505        -86.234527                 0         482.59269                 0                 0                 0                 0        -0.4178065                 0               250             4.515	B1, 
         1.3565581      -0.036342716                 0         1.3546012        -86.957816                 0         482.46288                 0                 0                 0                 0        -0.4178065                 0               250             4.525	B1, 
          1.359556      -0.036876695                 0         1.3575512        -87.680911                 0           482.332                 0                 0                 0                 0        -0.4178065                 0               250             4.535	B1, 
         1.3625539      -0.037415096                 0         1.3605004        -88.403808                 0         482.20002                 0                 0                 0                 0        -0.4178065                 0               250             4.545	B1, 
         1.3655518      -0.037957917                 0         1.3634488        -89.126506                 0         482.06697                 0                 0                 0                 0        -0.4178065                 0               250             4.555	B1, 
         1.3685497      -0.038505157                 0         1.3663963        -89.849005                 0         481.93283                 0                 0                 0                 0        -0.4178065                 0               250             4.565	B1, 
         1.3715476      -0.039056814                 0          1.369343        -90.571301                 0         481.79761                 0                 0                 0                 0        -0.4178065                 0               250             4.575	B1, 
         1.3745456      -0.039612888                 0         1.3722889        -91.293394                 0         481.66131                 0                 0                 0                 0        -0.4178065                 0               250             4.585	B1, 
         1.3775435      -0.040173377                 0          1.375234        -92.015282                 0         481.52392                 0                 0                 0                 0        -0.4178065                 0               250             4.595	B1, 
         1.3805414       -0.04073828                 0         1.3781782        -92.736963                 0         481.38545                 0                 0                 0                 0        -0.4178065                 0               250             4.605	B1, 
         1.3835393      -0.041307595                 0         1.3811216        -93.458436                 0          481.2459                 0                 0                 0                 0        -0.4178065                 0               250             4.615	B1, 
         1.3865372      -0.041881322                 0         1.3840641        -94.179698                 0         481.10527                 0                 0                 0                 0        -0.4178065                 0               250             4.625	B1, 
         1.3895352      -0.042459459                 0         1.3870057        -94.900749                 0         480.96356                 0                 0                 0                 0        -0.4178065                 0               250             4.635	B1, 
         1.3925331      -0.043042004                 0         1.3899465        -95.621587                 0         480.82077                 0                 0                 0                 0        -0.4178065                 0               250             4.645	B1, 
          1.395531      -0.043628957                 0         1.3928864         -96.34221                 0         480.67689                 0                 0                 0                 0        -0.4178065                 0               250             4.655	B1, 
         1.3985289      -0.044220316                 0         1.3958254        -97.062617                 0         480.53194                 0                 0                 0                 0        -0.4178065                 0               250             4.665	B1, 
         1.4015268       -0.04481608                 0         1.3987635        -97.782805                 0         480.38591                 0                 0                 0                 0        -0.4178065                 0               250             4.675	B1, 
         1.4045247      -0.045416248                 0         1.4017008        -98.502774                 0         480.23879                 0                 0                 0                 0        -0.4178065                 0               250             4.685	B1, 
         1.4075227      -0.046020817                 0         1.4046371        -99.222521                 0          480.0906                 0                 0                 0                 0        -0.4178065                 0               250             4.695	B1, 
         1.4105206      -0.046629787                 0         1.4075725        -99.942046                 0         479.94133                 0                 0                 0                 0        -0.4178065                 0               250             4.705	B1, 
         1.4135185      -0.047243157                 0          1.410507        -100.66135                 0         479.79099                 0                 0                 0                 0        -0.4178065                 0               250             4.715	B1, 
         1.4165164      -0.047860925                 0         1.4134406        -101.38042                 0         479.63956                 0                 0                 0                 0        -0.4178065                 0               250             4.725	B1, 
         1.4195143      -0.048483089                 0         1.4163732        -102.09927                 0         479.48706                 0                 0                 0                 0        -0.4178065                 0               250             4.735	B1, 
         1.4225123      -0.049109648                 0         1.4193049        -102.81788                 0         479.33347                 0                 0                 0                 0        -0.4178065                 0               250             4.745	B1, 
         1.4255102      -0.049740602                 0         1.4222357        -103.53627                 0         479.17882                 0                 0                 0                 0        -0.4178065                 0               250             4.755	B1, 
         1.4285081      -0.050375947                 0         1.4251655        -104.25442                 0         479.02308                 0                 0                 0                 0        -0.4178065                 0               250             4.765	B1, 
          1.431506      -0.051015684                 0         1.4280944        -104.97234                 0         478.86627                 0                 0                 0                 0        -0.4178065                 0               250             4.775	B1, 
         1.4345039       -0.05165981                 0         1.4310223        -105.69002                 0         478.70838                 0                 0                 0                 0        -0.4178065                 0               250             4.785	B1, 
         1.4375018      -0.052308324                 0         1.4339492        -106.40747                 0         478.54942                 0                 0                 0                 0        -0.4178065                 0               250             4.795	B1, 
         1.4404998      -0.052961225                 0         1.4368752        -107.12467                 0         478.38938                 0                 0                 0                 0        -0.4178065                 0               250             4.805	B1, 
         1.4434977      -0.053618511                 0         1.4398002        -107.84164                 0         478.22827                 0                 0                 0                 0        -0.4178065                 0               250             4.815	B1, 
         1.4464956      -0.054280181                 0         1.4427241        -108.55836                 0         478.06608                 0                 0                 0                 0        -0.4178065                 0               250             4.825	B1, 
         1.4494935      -0.054946233                 0         1.4456471        -109.27484                 0         477.90282                 0                 0                 0                 0        -0.4178065                 0               250             4.835	B1, 
         1.4524914      -0.055616665                 0         1.4485691        -109.99108                 0         477.73848                 0                 0                 0                 0        -0.4178065                 0               250             4.845	B1, 
         1.4554894      -0.056291477                 0         1.4514901        -110.70706                 0         477.57308                 0                 0                 0                 0        -0.4178065                 0               250             4.855	B1, 
         1.4584873      -0.056970667                 0         1.4544101         -111.4228                 0         477.40659                 0                 0                 0                 0        -0.4178065                 0               250             4.865	B1, 
         1.4614852      -0.057654232                 0          1.457329        -112.13829                 0         477.23904                 0                 0                 0                 0        -0.4178065                 0               250             4.875	B1, 
         1.4644831      -0.058342173                 0         1.4602469        -112.85352                 0         477.07041                 0                 0                 0                 0        -0.4178065                 0               250             4.885	B1, 
          1.467481      -0.059034486                 0         1.4631638         -113.5685                 0         476.90071                 0                 0                 0                 0        -0.4178065                 0               250             4.895	B1, 
         1.4704789      -0.059731171                 0         1.4660797        -114.28323                 0         476.72994                 0                 0                 0                 0        -0.4178065                 0               250             4.905	B1, 
         1.4734769      -0.060432225                 0         1.4689945         -114.9977                 0          476.5581                 0                 0                 0                 0        -0.4178065                 0               250             4.915	B1, 
         1.4764748      -0.061137649                 0         1.4719082        -115.71191                 0         476.38519                 0                 0                 0                 0        -0.4178065                 0               250             4.925	B1, 
         1.4794727      -0.061847438                 0         1.4748209        -116.42587                 0         476.21121                 0                 0                 0                 0        -0.4178065                 0               250             4.935	B1, 
         1.4824706      -0.062561594                 0         1.4777325        -117.13956                 0         476.03616                 0                 0                 0                 0        -0.4178065                 0               250             4.945	B1, 
         1.4854685      -0.063280112                 0          1.480643        -117.85298                 0         475.86003                 0                 0                 0                 0        -0.4178065                 0               250             4.955	B1, 
         1.4884665      -0.064002993                 0         1.4835525        -118.56614                 0         475.68284                 0                 0                 0                 0        -0.4178065                 0               250             4.965	B1, 
         1.4914644      -0.064730234                 0         1.4864609        -119.27904                 0         475.50458                 0                 0                 0                 0        -0.4178065                 0               250             4.975	B1, 
         1.4944623      -0.065461834                 0         1.4893682        -119.99167                 0         475.32525                 0                 0                 0                 0        -0.4178065                 0               250             4.985	B1, 
         1.4974602       -0.06619779                 0         1.4922743        -120.70403                 0         475.14486                 0                 0                 0                 0        -0.4178065                 0               250             4.995	B1, 
         1.5004581      -0.066938103                 0         1.4951794        -121.41611                 0         474.96339                 0                 0                 0                 0        -0.4178065                 0               250             5.005	B1, 
          1.503456      -0.067682769                 0         1.4980834        -122.12793                 0         474.78086                 0                 0                 0                 0        -0.4178065                 0               250             5.015	B1, 
          1.506454      -0.068431787                 0         1.5009862        -122.83947                 0         474.59726                 0                 0                 0                 0        -0.4178065                 0               250             5.025	B1, 
         1.5094519      -0.069185155                 0         1.5038879        -123.55073                 0          474.4126                 0                 0                 0                 0        -0.4178065                 0               250             5.035	B1, 
         1.5124498      -0.069942872                 0         1.5067885        -124.26172                 0         474.22687                 0                 0                 0                 0        -0.4178065                 0               250             5.045	B1, 
         1.5154477      -0.070704936                 0          1.509688        -124.97242                 0         474.04007                 0                 0                 0                 0        -0.4178065                 0               250             5.055	B1, 
         1.5184456      -0.071471346                 0         1.5125863        -125.68285                 0         473.85221                 0                 0                 0                 0        -0.4178065                 0               250             5.065	B1, 
         1.5214436      -0.072242099                 0         1.5154834        -126.39299                 0         473.66329                 0                 0                 0                 0        -0.4178065                 0               250             5.075	B1, 
         1.5244415      -0.073017194                 0         1.5183794        -127.10285                 0          473.4733                 0                 0                 0                 0        -0.4178065                 0               250             5.085	B1, 
         1.5274394      -0.073796629                 0         1.5212742        -127.81243                 0         473.28224                 0                 0                 0                 0        -0.4178065                 0               250             5.095	B1, 
         1.5304373      -0.074580402                 0         1.5241679        -128.52171                 0         473.09012                 0                 0                 0                 0        -0.4178065                 0               250             5.105	B1, 
         1.5334352      -0.075368512                 0         1.5270603        -129.23071                 0         472.89694                 0                 0                 0                 0        -0.4178065                 0               250             5.115	B1, 
         1.5364332      -0.076160956                 0         1.5299516        -129.93942                 0          472.7027                 0                 0                 0                 0        -0.4178065                 0               250             5.125	B1, 
         1.5394311      -0.076957734                 0         1.5328417        -130.64783                 0          472.5074                 0                 0                 0                 0        -0.4178065                 0               250             5.135	B1, 
          1.542429      -0.077758843                 0         1.5357306        -131.35596                 0         472.31103                 0                 0                 0                 0        -0.4178065                 0               250             5.145	B1, 
         1.5454269      -0.078564281                 0         1.5386183        -132.06378                 0          472.1136                 0                 0                 0                 0        -0.4178065                 0               250             5.155	B1, 
         1.5484248      -0.079374047                 0         1.5415048        -132.77131                 0         471.91511                 0                 0                 0                 0        -0.4178065                 0               250             5.165	B1, 
         1.5514227      -0.080188139                 0         1.5443901        -133.47855                 0         471.71556                 0                 0                 0                 0        -0.4178065                 0               250             5.175	B1, 
         1.5544207      -0.081006555                 0         1.5472741        -134.18548                 0         471.51496                 0                 0                 0                 0        -0.4178065                 0               250             5.185	B1, 
         1.5574186      -0.081829293                 0         1.5501569        -134.89211                 0         471.31329                 0                 0                 0                 0        -0.4178065                 0               250             5.195	B1, 
         1.5604165      -0.082656351                 0         1.5530385        -135.59844                 0         471.11056                 0                 0                 0                 0        -0.4178065                 0               250             5.205	B1, 
         1.5634144      -0.083487728                 0         1.5559188        -136.30446                 0         470.90677                 0                 0                 0                 0        -0.4178065                 0               250             5.215	B1, 
         1.5664123      -0.084323421                 0         1.5587979        -137.01018                 0         470.70193                 0                 0                 0                 0        -0.4178065                 0               250             5.225	B1, 
         1.5694103      -0.085163429                 0         1.5616757        -137.71559                 0         470.49603                 0                 0                 0                 0        -0.4178065                 0               250             5.235	B1, 
         1.5724082       -0.08600775                 0         1.5645523        -138.42068                 0         470.28907                 0                 0                 0                 0        -0.4178065                 0               250             5.245	B1, 
         1.5754061      -0.086856381                 0         1.5674276        -139.12547                 0         470.08106                 0                 0                 0                 0        -0.4178065                 0               250             5.255	B1, 
          1.578404      -0.087709322                 0         1.5703016        -139.82995                 0         469.87198                 0                 0                 0                 0        -0.4178065                 0               250             5.265	B1, 
         1.5814019       -0.08856657                 0         1.5731744        -140.53411                 0         469.66186                 0                 0                 0                 0        -0.4178065                 0               250             5.275	B1, 
         1.5843998      -0.089428123                 0         1.5760458        -141.23796                 0         469.45067                 0                 0                 0                 0        -0.4178065                 0               250             5.285	B1, 
         1.5873978      -0.090293979                 0          1.578916        -141.94148                 0         469.23844                 0                 0                 0                 0        -0.4178065                 0               250             5.295	B1, 
         1.5903957      -0.091164136                 0         1.5817848        -142.64469                 0         469.02515                 0                 0                 0                 0        -0.4178065                 0               250             5.305	B1, 
         1.5933936      -0.092038593                 0         1.5846524        -143.34758                 0          468.8108                 0                 0                 0                 0        -0.4178065                 0               250             5.315	B1, 
         1.5963915      -0.092917347                 0         1.5875186        -144.05015                 0          468.5954                 0                 0                 0                 0        -0.4178065                 0               250             5.325	B1, 
         1.5993894      -0.093800396                 0         1.5903835        -144.75239                 0         468.37895                 0                 0                 0                 0        -0.4178065                 0               250             5.335	B1, 
         1.6023874      -0.094687739                 0         1.5932471        -145.45431                 0         468.16145                 0                 0                 0                 0        -0.4178065                 0               250             5.345	B1, 
         1.6053853      -0.095579373                 0         1.5961094         -146.1559                 0         467.94289                 0                 0                 0                 0        -0.4178065                 0               250             5.355	B1, 
         1.6083832      -0.096475297                 0         1.5989703        -146.85717                 0         467.72328                 0                 0                 0                 0        -0.4178065                 0               250             5.365	B1, 
         1.6113811      -0.097375508                 0         1.6018299         -147.5581                 0         467.50262                 0                 0                 0                 0        -0.4178065                 0               250             5.375	B1, 
          1.614379      -0.098280004                 0         1.6046881         -148.2587                 0         467.28092                 0                 0                 0                 0        -0.4178065                 0               250             5.385	B1, 
         1.6173769      -0.099188784                 0         1.6075449        -148.95897                 0         467.05816                 0                 0                 0                 0        -0.4178065                 0               250             5.395	B1, 
         1.6203749       -0.10010184                 0         1.6104004         -149.6589                 0         466.83435                 0                 0                 0                 0        -0.4178065                 0               250             5.405	B1, 
         1.6233728       -0.10101919                 0         1.6132545         -150.3585                 0         466.60949                 0                 0                 0                 0        -0.4178065                 0               250             5.415	B1, 
         1.6263707        -0.1019408                 0         1.6161073        -151.05776                 0         466.38359                 0                 0                 0                 0        -0.4178065                 0               250             5.425	B1, 
         1.6293686        -0.1028667                 0         1.6189586        -151.75668                 0         466.15663                 0                 0                 0                 0        -0.4178065                 0               250             5.435	B1, 
         1.6323665       -0.10379686                 0         1.6218086        -152.45526                 0         465.92863                 0                 0                 0                 0        -0.4178065                 0               250             5.445	B1, 
         1.6353645        -0.1047313                 0         1.6246572        -153.15349                 0         465.69959                 0                 0                 0                 0        -0.4178065                 0               250             5.455	B1, 
         1.6383624          -0.10567                 0         1.6275043        -153.85139                 0         465.46949                 0                 0                 0                 0        -0.4178065                 0               250             5.465	B1, 
         1.6413603       -0.10661297                 0         1.6303501        -154.54893                 0         465.23835                 0                 0                 0                 0        -0.4178065                 0               250             5.475	B1, 
         1.6443582       -0.10756021                 0         1.6331944        -155.24613                 0         465.00617                 0                 0                 0                 0        -0.4178065                 0               250             5.485	B1, 
         1.6473561       -0.10851171                 0         1.6360373        -155.94298                 0         464.77294                 0                 0                 0                 0        -0.4178065                 0               250             5.495	B1, 
          1.650354       -0.10946747                 0         1.6388788        -156.63948                 0         464.53866                 0                 0                 0                 0        -0.4178065                 0               250             5.505	B1, 
          1.653352       -0.11042749                 0         1.6417189        -157.33563                 0         464.30334                 0                 0                 0                 0        -0.4178065                 0               250             5.515	B1, 
         1.6563499       -0.11139176                 0         1.6445575        -158.03143                 0         464.06698                 0                 0                 0                 0        -0.4178065                 0               250             5.525	B1, 
         1.6593478       -0.11236029                 0         1.6473946        -158.72687                 0         463.82958                 0                 0                 0                 0        -0.4178065                 0               250             5.535	B1, 
         1.6623457       -0.11333307                 0         1.6502304        -159.42195                 0         463.59113                 0                 0                 0                 0        -0.4178065                 0               250             5.545	B1, 
         1.6653436        -0.1143101                 0         1.6530646        -160.11667                 0         463.35165                 0                 0                 0                 0        -0.4178065                 0               250             5.555	B1, 
         1.6683416       -0.11529137                 0         1.6558974        -160.81104                 0         463.11112                 0                 0                 0                 0        -0.4178065                 0               250             5.565	B1, 
         1.6713395       -0.11627689                 0         1.6587287        -161.50504                 0         462.86955                 0                 0                 0                 0        -0.4178065                 0               250             5.575	B1, 
         1.6743374       -0.11726666                 0         1.6615585        -162.19868                 0         462.62694                 0                 0                 0                 0        -0.4178065                 0               250             5.585	B1, 
         1.6773353       -0.11826066                 0         1.6643868        -162.89196                 0         462.38329                 0                 0                 0                 0        -0.4178065                 0               250             5.595	B1, 
         1.6803332       -0.11925891                 0         1.6672137        -163.58487                 0          462.1386                 0                 0                 0                 0        -0.4178065                 0               250             5.605	B1, 
         1.6833311       -0.12026139                 0          1.670039        -164.27741                 0         461.89288                 0                 0                 0                 0        -0.4178065                 0               250             5.615	B1, 
         1.6863291        -0.1212681                 0         1.6728628        -164.96959                 0         461.64611                 0                 0                 0                 0        -0.4178065                 0               250             5.625	B1, 
          1.689327       -0.12227904                 0         1.6756852        -165.66139                 0         461.39831                 0                 0                 0                 0        -0.4178065                 0               250             5.635	B1, 
         1.6923249       -0.12329422                 0          1.678506        -166.35282                 0         461.14947                 0                 0                 0                 0        -0.4178065                 0               250             5.645	B1, 
         1.6953228       -0.12431362                 0         1.6813252        -167.04388                 0          460.8996                 0                 0                 0                 0        -0.4178065                 0               250             5.655	B1, 
         1.6983207       -0.12533725                 0          1.684143        -167.73456                 0         460.64869                 0                 0                 0                 0        -0.4178065                 0               250             5.665	B1, 
         1.7013187        -0.1263651                 0         1.6869592        -168.42486                 0         460.39674                 0                 0                 0                 0        -0.4178065                 0               250             5.675	B1, 
         1.7043166       -0.12739716                 0         1.6897739        -169.11479                 0         460.14376                 0                 0                 0                 0        -0.4178065                 0               250             5.685	B1, 
         1.7073145       -0.12843345                 0          1.692587        -169.80434                 0         459.88975                 0                 0                 0                 0        -0.4178065                 0               250             5.695	B1, 
         1.7103124       -0.12947395                 0         1.6953985         -170.4935                 0         459.63471                 0                 0                 0                 0        -0.4178065                 0               250             5.705	B1, 
         1.7133103       -0.13051867                 0         1.6982085        -171.18228                 0         459.37863                 0                 0                 0                 0        -0.4178065                 0               250             5.715	B1, 
         1.7163083        -0.1315676                 0          1.701017        -171.87068                 0         459.12152                 0                 0                 0                 0        -0.4178065                 0               250             5.725	B1, 
         1.7193062       -0.13262073                 0         1.7038238        -172.55869                 0         458.86337                 0                 0                 0                 0        -0.4178065                 0               250             5.735	B1, 
         1.7223041       -0.13367807                 0         1.7066291        -173.24632                 0          458.6042                 0                 0                 0                 0        -0.4178065                 0               250             5.745	B1, 
          1.725302       -0.13473962                 0         1.7094328        -173.93355                 0         458.34399                 0                 0                 0                 0        -0.4178065                 0               250             5.755	B1, 
         1.7282999       -0.13580537                 0         1.7122349        -174.62039                 0         458.08276                 0                 0                 0                 0        -0.4178065                 0               250             5.765	B1, 
         1.7312978       -0.13687531                 0         1.7150353        -175.30684                 0          457.8205                 0                 0                 0                 0        -0.4178065                 0               250             5.775	B1, 
         1.7342958       -0.13794945                 0         1.7178342         -175.9929                 0          457.5572                 0                 0                 0                 0        -0.4178065                 0               250             5.785	B1, 
         1.7372937       -0.13902779                 0         1.7206315        -176.67856                 0         457.29288                 0                 0                 0                 0        -0.4178065                 0               250             5.795	B1, 
         1.7402916       -0.14011032                 0         1.7234271        -177.36383                 0         457.02754                 0                 0                 0                 0        -0.4178065                 0               250             5.805	B1, 
         1.7432895       -0.14119704                 0         1.7262212        -178.04869                 0         456.76116                 0                 0                 0                 0        -0.4178065                 0               250             5.815	B1, 
         1.7462874       -0.14228794                 0         1.7290135        -178.73316                 0         456.49376                 0                 0                 0                 0        -0.4178065                 0               250             5.825	B1, 
         1.7492854       -0.14338303                 0         1.7318043        -179.41722                 0         456.22534                 0                 0                 0                 0        -0.4178065                 0               250             5.835	B1, 
         1.7522833        -0.1444823                 0         1.7345934        -180.10088                 0         455.95588                 0                 0                 0                 0       -0.41780649                 0               250             5.845	B1, 
         1.7552812       -0.14558575                 0         1.7373809        -180.78414                 0         455.68541                 0                 0                 0                 0       -0.41780648                 0               250             5.855	B1, 
         1.7582791       -0.14669338                 0         1.7401667        -181.46699                 0         455.41391                 0                 0                 0                 0       -0.41780646                 0               250             5.865	B1, 
          1.761277       -0.14780518                 0         1.7429508        -182.14943                 0         455.14138                 0                 0                 0                 0       -0.41780643                 0               250             5.875	B1, 
         1.7642749       -0.14892115                 0         1.7457333        -182.83147                 0         454.86784                 0                 0                 0                 0       -0.41780639                 0               250             5.885	B1, 
         1.7672729        -0.1500413                 0         1.7485141        -183.51309                 0         454.59327                 0                 0                 0                 0       -0.41780631                 0               250             5.895	B1, 
         1.7702708       -0.15116561                 0         1.7512932         -184.1943                 0         454.31768                 0                 0                 0                 0       -0.41780619                 0               250             5.905	B1, 
         1.7732687       -0.15229408                 0         1.7540706         -184.8751                 0         454.04107                 0                 0                 0                 0         -0.417806                 0               250             5.915	B1, 
         1.7762666       -0.15342672                 0         1.7568463        -185.55548                 0         453.76344                 0                 0                 0                 0       -0.41780572                 0               250             5.925	B1, 
         1.7792645       -0.15456352                 0         1.7596203        -186.23544                 0         453.48479                 0                 0                 0                 0       -0.41780528                 0               250             5.935	B1, 
         1.7822625       -0.15570447                 0         1.7623926        -186.91498                 0         453.20513                 0                 0                 0                 0       -0.41780463                 0               250             5.945	B1, 
         1.7852604       -0.15684958                 0         1.7651632         -187.5941                 0         452.92444                 0                 0                 0                 0       -0.41780366                 0               250             5.955	B1, 
         1.7882583       -0.15799884                 0         1.7679321         -188.2728                 0         452.64274                 0                 0                 0                 0       -0.41780223                 0               250             5.965	B1, 
         1.7912562       -0.15915225                 0         1.7706993        -188.95107                 0         452.36002                 0                 0                 0                 0       -0.41780017                 0               250             5.975	B1, 
         1.7942541        -0.1603098                 0         1.7734647        -189.62892                 0         452.07629                 0                 0                 0                 0       -0.41779721                 0               250             5.985	B1, 
          1.797252        -0.1614715                 0         1.7762284        -190.30633                 0         451.79154                 0                 0                 0                 0       -0.41779301                 0               250             5.995	B1, 
           1.80025       -0.16263734                 0         1.7789903        -190.98331                 0         451.50578                 0                 0                 0                 0       -0.41778712                 0               250             6.005	B1, 
         1.8032479       -0.16380732                 0         1.7817505        -191.65984                 0         451.21902                 0                 0                 0                 0       -0.41777896                 0               250             6.015	B1, 
         1.8062458       -0.16498143                 0          1.784509        -192.33593                 0         450.93124                 0                 0                 0                 0       -0.41776775                 0               250             6.025	B1, 
         1.8092437       -0.16615968                 0         1.7872656        -193.01157                 0         450.64246                 0                 0                 0                 0        -0.4177525                 0               250             6.035	B1, 
         1.8122416       -0.16734206                 0         1.7900205        -193.68675                 0         450.35269                 0                 0                 0                 0       -0.41773199                 0               250             6.045	B1, 
         1.8152396       -0.16852857                 0         1.7927737        -194.36145                 0         450.06191                 0                 0                 0                 0       -0.41770463                 0               250             6.055	B1, 
         1.8182375        -0.1697192                 0          1.795525        -195.03566                 0         449.77015                 0                 0                 0                 0       -0.41766851                 0               250             6.065	B1, 
         1.8212354       -0.17091395                 0         1.7982746        -195.70937                 0         449.47741                 0                 0                 0                 0       -0.41762124                 0               250             6.075	B1, 
         1.8242333       -0.17211282                 0         1.8010224        -196.38255                 0         449.18369                 0                 0                 0                 0       -0.41755995                 0               250             6.085	B1, 
         1.8272312        -0.1733158                 0         1.8037683        -197.05518                 0         448.88902                 0                 0                 0                 0       -0.41748117                 0               250             6.095	B1, 
         1.8302291        -0.1745229                 0         1.8065125        -197.72722                 0          448.5934                 0                 0                 0                 0       -0.41738079                 0               250             6.105	B1, 
         1.8332271        -0.1757341                 0         1.8092548        -198.39864                 0         448.29686                 0                 0                 0                 0       -0.41725396                 0               250             6.115	B1, 
          1.836225       -0.17694941                 0         1.8119954        -199.06939                 0         447.99941                 0                 0                 0                 0       -0.41709505                 0               250             6.125	B1, 
         1.8392229       -0.17816882                 0         1.8147341         -199.7394                 0         447.70109                 0                 0                 0                 0       -0.41689753                 0               250             6.135	B1, 
         1.8422208       -0.17939232                 0          1.817471        -200.40861                 0         447.40193                 0                 0                 0                 0       -0.41665397                 0               250             6.145	B1, 
         1.8452187       -0.18061991                 0          1.820206        -201.07695                 0         447.10196                 0                 0                 0                 0       -0.41635599                 0               250             6.155	B1, 
         1.8482167       -0.18185159                 0         1.8229393         -201.7443                 0         446.80122                 0                 0                 0                 0       -0.41599419                 0               250             6.165	B1, 
         1.8512146       -0.18308734                 0         1.8256706        -202.41057                 0         446.49979                 0                 0                 0                 0        -0.4155582                 0               250             6.175	B1, 
         1.8542125       -0.18432716                 0         1.8284002        -203.07562                 0          446.1977                 0                 0                 0                 0       -0.41503667                 0               250             6.185	B1, 
         1.8572104       -0.18557105                 0         1.8311278        -203.73931                 0         445.89504                 0                 0                 0                 0       -0.41441733                 0               250             6.195	B1, 
         1.8602083       -0.18681899                 0         1.8338537        -204.40148                 0         445.59189                 0                 0                 0                 0       -0.41368708                 0               250             6.205	B1, 
         1.8632063       -0.18807098                 0         1.8365777        -205.06192                 0         445.28834                 0                 0                 0                 0       -0.41283209                 0               250             6.215	B1, 
         1.8662042         -0.189327                 0         1.8392998        -205.72045                 0         444.98449                 0                 0                 0                 0       -0.41183798                 0               250             6.225	B1, 
         1.8692021       -0.19058704                 0           1.84202        -206.37681                 0         444.68046                 0                 0                 0                 0       -0.41069001                 0               250             6.235	B1, 
            1.8722       -0.19185108                 0         1.8447384        -207.03077                 0         444.37637                 0                 0                 0                 0       -0.40937327                 0               250             6.245	B1, 
         1.8751979       -0.19311912                 0          1.847455        -207.68203                 0         444.07237                 0                 0                 0                 0       -0.40787302                 0               250             6.255	B1, 
         1.8781958       -0.19439113                 0         1.8501697         -208.3303                 0         443.76861                 0                 0                 0                 0        -0.4061749                 0               250             6.265	B1, 
         1.8811938       -0.19566709                 0         1.8528825        -208.97526                 0         443.46526                 0                 0                 0                 0       -0.40426531                 0               250             6.275	B1, 
         1.8841917       -0.19694699                 0         1.8555935        -209.61657                 0         443.16249                 0                 0                 0                 0       -0.40213169                 0               250             6.285	B1, 
         1.8871896        -0.1982308                 0         1.8583026        -210.25386                 0         442.86049                 0                 0                 0                 0       -0.39976288                 0               250             6.295	B1, 
         1.8901875       -0.19951849                 0         1.8610099        -210.88677                 0         442.55945                 0                 0                 0                 0       -0.39714942                 0               250             6.305	B1, 
         1.8931854       -0.20081004                 0         1.8637153        -211.51489                 0         442.25959                 0                 0                 0                 0       -0.39428387                 0               250             6.315	B1, 
         1.8961834       -0.20210541                 0         1.8664189        -212.13784                 0         441.96112                 0                 0                 0                 0       -0.39116107                 0               250             6.325	B1, 
         1.8991813       -0.20340458                 0         1.8691207        -212.75522                 0         441.66425                 0                 0                 0                 0       -0.38777836                 0               250             6.335	B1, 
         1.9021792        -0.2047075                 0         1.8718207        -213.36662                 0         441.36921                 0                 0                 0                 0       -0.38413576                 0               250             6.345	B1, 
         1.9051771       -0.20601414                 0         1.8745189        -213.97164                 0         441.07622                 0                 0                 0                 0       -0.38023603                 0               250             6.355	B1, 
          1.908175       -0.20732446                 0         1.8772153         -214.5699                 0          440.7855                 0                 0                 0                 0       -0.37608479                 0               250             6.365	B1, 
         1.9111729       -0.20863842                 0         1.8799099          -215.161                 0         440.49726                 0                 0                 0                 0       -0.37169038                 0               250             6.375	B1, 
         1.9141709       -0.20995597                 0         1.8826028        -215.74459                 0         440.21173                 0                 0                 0                 0       -0.36706381                 0               250             6.385	B1, 
         1.9171688       -0.21127707                 0         1.8852939        -216.32033                 0          439.9291                 0                 0                 0                 0       -0.36221857                 0               250             6.395	B1, 
         1.9201667       -0.21260166                 0         1.8879833        -216.88789                 0         439.64956                 0                 0                 0                 0       -0.35717038                 0               250             6.405	B1, 
         1.9231646        -0.2139297                 0          1.890671        -217.44698                 0         439.37331                 0                 0                 0                 0       -0.35193688                 0               250             6.415	B1, 
         1.9261625       -0.21526113                 0         1.8933571        -217.99735                 0          439.1005                 0                 0                 0                 0       -0.34653732                 0               250             6.425	B1, 
         1.9291605       -0.21659589                 0         1.8960415        -218.53875                 0          438.8313                 0                 0                 0                 0       -0.34099219                 0               250             6.435	B1, 
         1.9321584       -0.21793394                 0         1.8987242          -219.071                 0         438.56584                 0                 0                 0                 0       -0.33532283                 0               250             6.445	B1, 
         1.9351563       -0.21927522                 0         1.9014054        -219.59392                 0         438.30424                 0                 0                 0                 0       -0.32955107                 0               250             6.455	B1, 
         1.9381542       -0.22061967                 0         1.9040849         -220.1074                 0         438.04661                 0                 0                 0                 0       -0.32369887                 0               250             6.465	B1, 
         1.9411521       -0.22196722                 0         1.9067629        -220.61133                 0         437.79303                 0                 0                 0                 0       -0.31778794                 0               250             6.475	B1, 
           1.94415       -0.22331783                 0         1.9094393        -221.10566                 0         437.54358                 0                 0                 0                 0       -0.31183947                 0               250             6.485	B1, 
          1.947148       -0.22467143                 0         1.9121143        -221.59036                 0         437.29831                 0                 0                 0                 0       -0.30587384                 0               250             6.495	B1, 
         1.9501459       -0.22602797                 0         1.9147877        -222.06543                 0         437.05725                 0                 0                 0                 0       -0.29991038                 0               250             6.505	B1, 
         1.9531438       -0.22738738                 0         1.9174597        -222.53091                 0         436.82043                 0                 0                 0                 0       -0.29396719                 0               250             6.515	B1, 
         1.9561417       -0.22874961                 0         1.9201303        -222.98685                 0         436.58786                 0                 0                 0                 0       -0.28806102                 0               250             6.525	B1, 
         1.9591396        -0.2301146                 0         1.9227994        -223.43334                 0         436.35953                 0                 0                 0                 0        -0.2822071                 0               250             6.535	B1, 
         1.9621376       -0.23148229                 0         1.9254672        -223.87049                 0         436.13541                 0                 0                 0                 0       -0.27641916                 0               250             6.545	B1, 
         1.9651355       -0.23285263                 0         1.9281336        -224.29842                 0         435.91549                 0                 0                 0                 0       -0.27070936                 0               250             6.555	B1, 
         1.9681334       -0.23422556                 0         1.9307986        -224.71728                 0         435.69971                 0                 0                 0                 0       -0.26508832                 0               250             6.565	B1, 
         1.9711313       -0.23560102                 0         1.9334624        -225.12723                 0         435.48803                 0                 0                 0                 0       -0.25956511                 0               250             6.575	B1, 
         1.9741292       -0.23697896                 0         1.9361249        -225.52843                 0          435.2804                 0                 0                 0                 0       -0.25414737                 0               250             6.585	B1, 
         1.9771271       -0.23835932                 0         1.9387861        -225.92107                 0         435.07674                 0                 0                 0                 0       -0.24884135                 0               250             6.595	B1, 
         1.9801251       -0.23974206                 0         1.9414461        -226.30534                 0         434.87698                 0                 0                 0                 0       -0.24365199                 0               250             6.605	B1, 
          1.983123       -0.24112713                 0         1.9441049        -226.68143                 0         434.68106                 0                 0                 0                 0       -0.23858302                 0               250             6.615	B1, 
         1.9861209       -0.24251447                 0         1.9467624        -227.04954                 0          434.4889                 0                 0                 0                 0       -0.23363707                 0               250             6.625	B1, 
         1.9891188       -0.24390404                 0         1.9494189        -227.40989                 0          434.3004                 0                 0                 0                 0       -0.22881579                 0               250             6.635	B1, 
         1.9921167       -0.24529579                 0         1.9520742        -227.76266                 0          434.1155                 0                 0                 0                 0        -0.2241199                 0               250             6.645	B1, 
         1.9951147       -0.24668968                 0         1.9547283        -228.10808                 0          433.9341                 0                 0                 0                 0       -0.21954935                 0               250             6.655	B1, 
         1.9981126       -0.24808565                 0         1.9573814        -228.44633                 0         433.75612                 0                 0                 0                 0       -0.21510338                 0               250             6.665	B1, 
         2.0011105       -0.24948367                 0         1.9600334        -228.77762                 0         433.58148                 0                 0                 0                 0       -0.21078062                 0               250             6.675	B1, 
         2.0041084        -0.2508837                 0         1.9626843        -229.10216                 0         433.41008                 0                 0                 0                 0       -0.20657919                 0               250             6.685	B1, 
         2.0071063       -0.25228569                 0         1.9653342        -229.42012                 0         433.24185                 0                 0                 0                 0       -0.20249675                 0               250             6.695	B1, 
         2.0101042       -0.25368961                 0         1.9679831        -229.73171                 0         433.07671                 0                 0                 0                 0       -0.19853064                 0               250             6.705	B1, 
         2.0131022       -0.25509541                 0          1.970631        -230.03711                 0         432.91457                 0                 0                 0                 0       -0.19467784                 0               250             6.715	B1, 
         2.0161001       -0.25650306                 0         1.9732778        -230.33651                 0         432.75535                 0                 0                 0                 0       -0.19093515                 0               250             6.725	B1, 
          2.019098       -0.25791253                 0         1.9759238        -230.63006                 0         432.59897                 0                 0                 0                 0       -0.18729916                 0               250             6.735	B1, 
         2.0220959       -0.25932377                 0         1.9785687        -230.91795                 0         432.44537                 0                 0                 0                 0       -0.18376631                 0               250             6.745	B1, 
         2.0250938       -0.26073676                 0         1.9812128        -231.20033                 0         432.29446                 0                 0                 0                 0       -0.18033298                 0               250             6.755	B1, 
         2.0280918       -0.26215145                 0         1.9838559        -231.47737                 0         432.14618                 0                 0                 0                 0       -0.17699548                 0               250             6.765	B1, 
         2.0310897       -0.26356783                 0         1.9864982        -231.74921                 0         432.00046                 0                 0                 0                 0        -0.1737501                 0               250             6.775	B1, 
         2.0340876       -0.26498585                 0         1.9891395          -232.016                 0         431.85723                 0                 0                 0                 0       -0.17059313                 0               250             6.785	B1, 
         2.0370855       -0.26640549                 0           1.99178        -232.27788                 0         431.71644                 0                 0                 0                 0       -0.16752091                 0               250             6.795	B1, 
         2.0400834       -0.26782671                 0         1.9944196        -232.53498                 0         431.57801                 0                 0                 0                 0       -0.16452982                 0               250             6.805	B1, 
         2.0430814        -0.2692495                 0         1.9970584        -232.78743                 0          431.4419                 0                 0                 0                 0        -0.1616163                 0               250             6.815	B1, 
         2.0460793       -0.27067381                 0         1.9996964        -233.03534                 0         431.30804                 0                 0                 0                 0       -0.15877817                 0               250             6.825	B1, 
         2.0490772       -0.27209962                 0         2.0023335        -233.27885                 0         431.17638                 0                 0                 0                 0       -0.15601272                 0               250             6.835	B1, 
         2.0520751       -0.27352691                 0         2.0049699        -233.51806                 0         431.04688                 0                 0                 0                 0       -0.15331434                 0               250             6.845	B1, 
          2.055073       -0.27495566                 0         2.0076054        -233.75308                 0         430.91948                 0                 0                 0                 0       -0.15067989                 0               250             6.855	B1, 
         2.0580709       -0.27638582                 0         2.0102402          -233.984                 0         430.79413                 0                 0                 0                 0       -0.14810635                 0               250             6.865	B1, 
         2.0610689       -0.27781739                 0         2.0128743        -234.21092                 0          430.6708                 0                 0                 0                 0       -0.14559081                 0               250             6.875	B1, 
         2.0640668       -0.27925033                 0         2.0155076        -234.43393                 0         430.54945                 0                 0                 0                 0       -0.14313051                 0               250             6.885	B1, 
         2.0670647       -0.28068462                 0         2.0181401        -234.65313                 0         430.43002                 0                 0                 0                 0       -0.14072278                 0               250             6.895	B1, 
         2.0700626       -0.28212024                 0         2.0207719        -234.86858                 0          430.3125                 0                 0                 0                 0       -0.13836509                 0               250             6.905	B1, 
         2.0730605       -0.28355717                 0          2.023403        -235.08038                 0         430.19683                 0                 0                 0                 0       -0.13605503                 0               250             6.915	B1, 
         2.0760585       -0.28499538                 0         2.0260335        -235.28859                 0         430.08299                 0                 0                 0                 0       -0.13379033                 0               250             6.925	B1, 
         2.0790564       -0.28643486                 0         2.0286632        -235.49328                 0         429.97094                 0                 0                 0                 0       -0.13156882                 0               250             6.935	B1, 
         2.0820543       -0.28787558                 0         2.0312922        -235.69452                 0         429.86066                 0                 0                 0                 0       -0.12938845                 0               250             6.945	B1, 
         2.0850522       -0.28931751                 0         2.0339206        -235.89239                 0         429.75211                 0                 0                 0                 0       -0.12724732                 0               250             6.955	B1, 
         2.0880501       -0.29076065                 0         2.0365483        -236.08693                 0         429.64527                 0                 0                 0                 0        -0.1251436                 0               250             6.965	B1, 
          2.091048       -0.29220496                 0         2.0391754        -236.27821                 0         429.54011                 0                 0                 0                 0        -0.1230756                 0               250             6.975	B1, 
          2.094046       -0.29365044                 0         2.0418018        -236.46628                 0          429.4366                 0                 0                 0                 0       -0.12104173                 0               250             6.985	B1, 
         2.0970439       -0.29509706                 0         2.0444276         -236.6512                 0         429.33473                 0                 0                 0                 0       -0.11904051                 0               250             6.995	B1, 
         2.1000418       -0.29654479                 0         2.0470528        -236.83302                 0         429.23446                 0                 0                 0                 0       -0.11707054                 0               250             7.005	B1, 
         2.1030397       -0.29799363                 0         2.0496773        -237.01178                 0         429.13577                 0                 0                 0                 0       -0.11513055                 0               250             7.015	B1, 
         2.1060376       -0.29944356                 0         2.0523013        -237.18754                 0         429.03865                 0                 0                 0                 0       -0.11321933                 0               250             7.025	B1, 
         2.1090356       -0.30089455                 0         2.0549247        -237.36034                 0         428.94308                 0                 0                 0                 0       -0.11133577                 0               250             7.035	B1, 
         2.1120335       -0.30234659                 0         2.0575475        -237.53023                 0         428.84903                 0                 0                 0                 0       -0.10947886                 0               250             7.045	B1, 
         2.1150314       -0.30379965                 0         2.0601697        -237.69724                 0         428.75648                 0                 0                 0                 0       -0.10764764                 0               250             7.055	B1, 
         2.1180293       -0.30525374                 0         2.0627914        -237.86142                 0         428.66542                 0                 0                 0                 0       -0.10584126                 0               250             7.065	B1, 
         2.1210272       -0.30670881                 0         2.0654125         -238.0228                 0         428.57583                 0                 0                 0                 0       -0.10405891                 0               250             7.075	B1, 
         2.1240251       -0.30816487                 0         2.0680331        -238.18143                 0         428.48769                 0                 0                 0                 0       -0.10229985                 0               250             7.085	B1, 
         2.1270231       -0.30962188                 0         2.0706531        -238.33734                 0         428.40099                 0                 0                 0                 0       -0.10056344                 0               250             7.095	B1, 
          2.130021       -0.31107984                 0         2.0732727        -238.49057                 0         428.31571                 0                 0                 0                 0      -0.098849052                 0               250             7.105	B1, 
         2.1330189       -0.31253873                 0         2.0758917        -238.64115                 0         428.23183                 0                 0                 0                 0      -0.097156141                 0               250             7.115	B1, 
         2.1360168       -0.31399854                 0         2.0785101        -238.78912                 0         428.14934                 0                 0                 0                 0      -0.095484205                 0               250             7.125	B1, 
         2.1390147       -0.31545924                 0         2.0811281         -238.9345                 0         428.06822                 0                 0                 0                 0       -0.09383279                 0               250             7.135	B1, 
         2.1420127       -0.31692082                 0         2.0837456        -239.07734                 0         427.98846                 0                 0                 0                 0      -0.092201486                 0               250             7.145	B1, 
         2.1450106       -0.31838326                 0         2.0863626        -239.21766                 0         427.91005                 0                 0                 0                 0      -0.090589923                 0               250             7.155	B1, 
         2.1480085       -0.31984656                 0         2.0889792         -239.3555                 0         427.83296                 0                 0                 0                 0      -0.088997768                 0               250             7.165	B1, 
         2.1510064       -0.32131069                 0         2.0915953        -239.49088                 0         427.75719                 0                 0                 0                 0      -0.087424719                 0               250             7.175	B1, 
         2.1540043       -0.32277565                 0         2.0942109        -239.62384                 0         427.68272                 0                 0                 0                 0      -0.085870507                 0               250             7.185	B1, 
         2.1570022       -0.32424141                 0          2.096826        -239.75441                 0         427.60954                 0                 0                 0                 0      -0.084334885                 0               250             7.195	B1, 
         2.1600002       -0.32570796                 0         2.0994407        -239.88261                 0         427.53763                 0                 0                 0                 0      -0.082817634                 0               250             7.205	B1, 
         2.1629981       -0.32717528                 0          2.102055        -240.00848                 0         427.46699                 0                 0                 0                 0      -0.081318554                 0               250             7.215	B1, 
          2.165996       -0.32864337                 0         2.1046689        -240.13205                 0         427.39759                 0                 0                 0                 0      -0.079837461                 0               250             7.225	B1, 
         2.1689939       -0.33011221                 0         2.1072823        -240.25333                 0         427.32942                 0                 0                 0                 0      -0.078374188                 0               250             7.235	B1, 
         2.1719918       -0.33158179                 0         2.1098953        -240.37237                 0         427.26247                 0                 0                 0                 0      -0.076928581                 0               250             7.245	B1, 
         2.1749898       -0.33305208                 0         2.1125079        -240.48919                 0         427.19673                 0                 0                 0                 0      -0.075500495                 0               250             7.255	B1, 
         2.1779877       -0.33452308                 0         2.1151202        -240.60381                 0         427.13218                 0                 0                 0                 0      -0.074089794                 0               250             7.265	B1, 
         2.1809856       -0.33599478                 0          2.117732        -240.71627                 0         427.06882                 0                 0                 0                 0      -0.072696347                 0               250             7.275	B1, 
         2.1839835       -0.33746716                 0         2.1203434        -240.82659                 0         427.00662                 0                 0                 0                 0      -0.071320029                 0               250             7.285	B1, 
         2.1869814        -0.3389402                 0         2.1229545         -240.9348                 0         426.94557                 0                 0                 0                 0      -0.069960716                 0               250             7.295	B1, 
         2.1899793        -0.3404139                 0         2.1255652        -241.04092                 0         426.88566                 0                 0                 0                 0      -0.068618283                 0               250             7.305	B1, 
         2.1929773       -0.34188825                 0         2.1281755        -241.14499                 0         426.82689                 0                 0                 0                 0      -0.067292608                 0               250             7.315	B1, 
         2.1959752       -0.34336322                 0         2.1307855        -241.24702                 0         426.76922                 0                 0                 0                 0      -0.065983565                 0               250             7.325	B1, 
         2.1989731       -0.34483881                 0         2.1333951        -241.34705                 0         426.71266                 0                 0                 0                 0      -0.064691023                 0               250             7.335	B1, 
          2.201971       -0.34631501                 0         2.1360044        -241.44511                 0         426.65719                 0                 0                 0                 0      -0.063414849                 0               250             7.345	B1, 
         2.2049689        -0.3477918                 0         2.1386133         -241.5412                 0         426.60279                 0                 0                 0                 0      -0.062154904                 0               250             7.355	B1, 
         2.2079669       -0.34926917                 0          2.141222        -241.63537                 0         426.54946                 0                 0                 0                 0      -0.060911042                 0               250             7.365	B1, 
         2.2109648       -0.35074712                 0         2.1438302        -241.72764                 0         426.49718                 0                 0                 0                 0      -0.059683112                 0               250             7.375	B1, 
         2.2139627       -0.35222562                 0         2.1464382        -241.81803                 0         426.44594                 0                 0                 0                 0      -0.058470955                 0               250             7.385	B1, 
         2.2169606       -0.35370467                 0         2.1490459        -241.90656                 0         426.39572                 0                 0                 0                 0      -0.057274402                 0               250             7.395	B1, 
         2.2199585       -0.35518425                 0         2.1516533        -241.99327                 0         426.34652                 0                 0                 0                 0       -0.05609328                 0               250             7.405	B1, 
         2.2229565       -0.35666436                 0         2.1542603        -242.07817                 0         426.29832                 0                 0                 0                 0      -0.054927405                 0               250             7.415	B1, 
         2.2259544       -0.35814498                 0         2.1568671        -242.16129                 0         426.25111                 0                 0                 0                 0      -0.053776585                 0               250             7.425	B1, 
         2.2289523       -0.35962611                 0         2.1594736        -242.24265                 0         426.20487                 0                 0                 0                 0      -0.052640622                 0               250             7.435	B1, 
         2.2319502       -0.36110772                 0         2.1620798        -242.32228                 0          426.1596                 0                 0                 0                 0      -0.051519307                 0               250             7.445	B1, 
         2.2349481       -0.36258982                 0         2.1646857         -242.4002                 0         426.11529                 0                 0                 0                 0      -0.050412426                 0               250             7.455	B1, 
          2.237946       -0.36407239                 0         2.1672914        -242.47643                 0         426.07192                 0                 0                 0                 0      -0.049319756                 0               250             7.465	B1, 
          2.240944       -0.36555543                 0         2.1698968        -242.55099                 0         426.02948                 0                 0                 0                 0      -0.048241066                 0               250             7.475	B1, 
         2.2439419       -0.36703891                 0         2.1725019        -242.62391                 0         425.98795                 0                 0                 0                 0      -0.047176123                 0               250             7.485	B1, 
         2.2469398       -0.36852283                 0         2.1751068         -242.6952                 0         425.94734                 0                 0                 0                 0      -0.046124683                 0               250             7.495	B1, 
         2.2499377       -0.37000719                 0         2.1777115        -242.76488                 0         425.90763                 0                 0                 0                 0        -0.0450865                 0               250             7.505	B1, 
         2.2529356       -0.37149196                 0         2.1803159        -242.83299                 0          425.8688                 0                 0                 0                 0      -0.044061324                 0               250             7.515	B1, 
         2.2559336       -0.37297715                 0         2.1829201        -242.89953                 0         425.83085                 0                 0                 0                 0        -0.0430489                 0               250             7.525	B1, 
         2.2589315       -0.37446274                 0          2.185524        -242.96453                 0         425.79377                 0                 0                 0                 0      -0.042048971                 0               250             7.535	B1, 
         2.2619294       -0.37594872                 0         2.1881277        -243.02801                 0         425.75754                 0                 0                 0                 0      -0.041061281                 0               250             7.545	B1, 
         2.2649273       -0.37743509                 0         2.1907313        -243.08998                 0         425.72216                 0                 0                 0                 0      -0.040085571                 0               250             7.555	B1, 
         2.2679252       -0.37892183                 0         2.1933345        -243.15046                 0         425.68762                 0                 0                 0                 0      -0.039121583                 0               250             7.565	B1, 
         2.2709231       -0.38040894                 0         2.1959376        -243.20948                 0          425.6539                 0                 0                 0                 0      -0.038169063                 0               250             7.575	B1, 
         2.2739211        -0.3818964                 0         2.1985405        -243.26705                 0         425.62101                 0                 0                 0                 0      -0.037227759                 0               250             7.585	B1, 
          2.276919       -0.38338421                 0         2.2011432        -243.32318                 0         425.58892                 0                 0                 0                 0      -0.036297423                 0               250             7.595	B1, 
         2.2799169       -0.38487236                 0         2.2037457         -243.3779                 0         425.55763                 0                 0                 0                 0      -0.035377815                 0               250             7.605	B1, 
         2.2829148       -0.38636084                 0          2.206348        -243.43121                 0         425.52713                 0                 0                 0                 0      -0.034468701                 0               250             7.615	B1, 
         2.2859127       -0.38784964                 0         2.2089501        -243.48315                 0         425.49742                 0                 0                 0                 0      -0.033569856                 0               250             7.625	B1, 
         2.2889107       -0.38933875                 0          2.211552        -243.53371                 0         425.46848                 0                 0                 0                 0      -0.032681065                 0               250             7.635	B1, 
         2.2919086       -0.39082817                 0         2.2141538        -243.58292                 0         425.44031                 0                 0                 0                 0      -0.031802126                 0               250             7.645	B1, 
         2.2949065       -0.39231789                 0         2.2167553         -243.6308                 0         425.41289                 0                 0                 0                 0      -0.030932849                 0               250             7.655	B1, 
         2.2979044       -0.39380789                 0         2.2193568        -243.67735                 0         425.38623                 0                 0                 0                 0      -0.030073059                 0               250             7.665	B1, 
         2.3009023       -0.39529818                 0          2.221958        -243.72259                 0         425.36031                 0                 0                 0                 0      -0.029222598                 0               250             7.675	B1, 
         2.3039002       -0.39678874                 0         2.2245591        -243.76655                 0         425.33512                 0                 0                 0                 0      -0.028381325                 0               250             7.685	B1, 
         2.3068982       -0.39827956                 0         2.2271601        -243.80922                 0         425.31067                 0                 0                 0                 0      -0.027549119                 0               250             7.695	B1, 
         2.3098961       -0.39977064                 0         2.2297609        -243.85062                 0         425.28693                 0                 0                 0                 0      -0.026725878                 0               250             7.705	B1, 
          2.312894       -0.40126197                 0         2.2323616        -243.89078                 0          425.2639                 0                 0                 0                 0      -0.025911524                 0               250             7.715	B1, 
         2.3158919       -0.40275354                 0         2.2349621         -243.9297                 0         425.24158                 0                 0                 0                 0      -0.025106003                 0               250             7.725	B1, 
         2.3188898       -0.40424535                 0         2.2375625        -243.96739                 0         425.21996                 0                 0                 0                 0      -0.024309282                 0               250             7.735	B1, 
         2.3218878       -0.40573738                 0         2.2401627        -244.00387                 0         425.19902                 0                 0                 0                 0      -0.023521358                 0               250             7.745	B1, 
         2.3248857       -0.40722964                 0         2.2427629        -244.03916                 0         425.17877                 0                 0                 0                 0      -0.022742252                 0               250             7.755	B1, 
         2.3278836        -0.4087221                 0         2.2453629        -244.07326                 0          425.1592                 0                 0                 0                 0      -0.021972015                 0               250             7.765	B1, 
         2.3308815       -0.41021477                 0         2.2479628        -244.10619                 0         425.14029                 0                 0                 0                 0      -0.021210726                 0               250             7.775	B1, 
         2.3338794       -0.41170764                 0         2.2505626        -244.13797                 0         425.12204                 0                 0                 0                 0      -0.020458492                 0               250             7.785	B1, 
         2.3368773       -0.41320069                 0         2.2531622         -244.1686                 0         425.10445                 0                 0                 0                 0      -0.019715451                 0               250             7.795	B1, 
         2.3398753       -0.41469394                 0         2.2557618        -244.19811                 0          425.0875                 0                 0                 0                 0      -0.018981771                 0               250             7.805	B1, 
         2.3428732       -0.41618735                 0         2.2583613         -244.2265                 0         425.07118                 0                 0                 0                 0       -0.01825765                 0               250             7.815	B1, 
         2.3458711       -0.41768094                 0         2.2609606         -244.2538                 0          425.0555                 0                 0                 0                 0      -0.017543315                 0               250             7.825	B1, 
          2.348869        -0.4191747                 0         2.2635599        -244.28001                 0         425.04043                 0                 0                 0                 0      -0.016839024                 0               250             7.835	B1, 
         2.3518669       -0.42066861                 0         2.2661591        -244.30516                 0         425.02598                 0                 0                 0                 0      -0.016145062                 0               250             7.845	B1, 
         2.3548649       -0.42216267                 0         2.2687582        -244.32926                 0         425.01213                 0                 0                 0                 0      -0.015461743                 0               250             7.855	B1, 
         2.3578628       -0.42365687                 0         2.2713572        -244.35232                 0         424.99887                 0                 0                 0                 0      -0.014789405                 0               250             7.865	B1, 
         2.3608607       -0.42515121                 0         2.2739561        -244.37436                 0          424.9862                 0                 0                 0                 0      -0.014128412                 0               250             7.875	B1, 
         2.3638586       -0.42664569                 0          2.276555        -244.39541                 0         424.97409                 0                 0                 0                 0      -0.013479151                 0               250             7.885	B1, 
         2.3668565       -0.42814029                 0         2.2791538        -244.41547                 0         424.96256                 0                 0                 0                 0      -0.012842025                 0               250             7.895	B1, 
         2.3698545       -0.42963501                 0         2.2817525        -244.43457                 0         424.95157                 0                 0                 0                 0      -0.012217459                 0               250             7.905	B1, 
         2.3728524       -0.43112984                 0         2.2843511        -244.45273                 0         424.94112                 0                 0                 0                 0       -0.01160589                 0               250             7.915	B1, 
         2.3758503       -0.43262478                 0         2.2869497        -244.46997                 0         424.93121                 0                 0                 0                 0      -0.011007763                 0               250             7.925	B1, 
         2.3788482       -0.43411983                 0         2.2895483         -244.4863                 0         424.92181                 0                 0                 0                 0      -0.010423534                 0               250             7.935	B1, 
         2.3818461       -0.43561497                 0         2.2921467        -244.50176                 0         424.91292                 0                 0                 0                 0     -0.0098536576                 0               250             7.945	B1, 
          2.384844        -0.4371102                 0         2.2947451        -244.51635                 0         424.90452                 0                 0                 0                 0     -0.0092985893                 0               250             7.955	B1, 
          2.387842       -0.43860552                 0         2.2973435        -244.53011                 0          424.8966                 0                 0                 0                 0     -0.0087587766                 0               250             7.965	B1, 
         2.3908399       -0.44010092                 0         2.2999418        -244.54307                 0         424.88915                 0                 0                 0                 0     -0.0082346558                 0               250             7.975	B1, 
         2.3938378        -0.4415964                 0         2.3025401        -244.55523                 0         424.88214                 0                 0                 0                 0      -0.007726647                 0               250             7.985	B1, 
         2.3968357       -0.44309195                 0         2.3051384        -244.56663                 0         424.87558                 0                 0                 0                 0     -0.0072351482                 0               250             7.995	B1, 
         2.3998336       -0.44458757                 0         2.3077366        -244.57729                 0         424.86944                 0                 0                 0                 0     -0.0067605312                 0               250             8.005	B1, 
         2.4028316       -0.44608325                 0         2.3103347        -244.58725                 0         424.86371                 0                 0                 0                 0     -0.0063031354                 0               250             8.015	B1, 
         2.4058295       -0.44757899                 0         2.3129329        -244.59652                 0         424.85838                 0                 0                 0                 0     -0.0058632634                 0               250             8.025	B1, 
         2.4088274       -0.44907478                 0          2.315531        -244.60513                 0         424.85342                 0                 0                 0                 0      -0.005441176                 0               250             8.035	B1, 
         2.4118253       -0.45057063                 0          2.318129        -244.61312                 0         424.84882                 0                 0                 0                 0     -0.0050370874                 0               250             8.045	B1, 
         2.4148232       -0.45206652                 0         2.3207271         -244.6205                 0         424.84457                 0                 0                 0                 0     -0.0046511612                 0               250             8.055	B1, 
         2.4178211       -0.45356246                 0         2.3233251         -244.6273                 0         424.84065                 0                 0                 0                 0     -0.0042835065                 0               250             8.065	B1, 
         2.4208191       -0.45505843                 0         2.3259231        -244.63356                 0         424.83705                 0                 0                 0                 0     -0.0039341745                 0               250             8.075	B1, 
          2.423817       -0.45655445                 0          2.328521        -244.63931                 0         424.83374                 0                 0                 0                 0     -0.0036031559                 0               250             8.085	B1, 
         2.4268149       -0.45805049                 0          2.331119        -244.64456                 0         424.83072                 0                 0                 0                 0     -0.0032903786                 0               250             8.095	B1, 
         2.4298128       -0.45954657                 0         2.3337169        -244.64934                 0         424.82796                 0                 0                 0                 0     -0.0029957066                 0               250             8.105	B1, 
         2.4328107       -0.46104267                 0         2.3363149         -244.6537                 0         424.82545                 0                 0                 0                 0     -0.0027189392                 0               250             8.115	B1, 
         2.4358087        -0.4625388                 0         2.3389128        -244.65764                 0         424.82318                 0                 0                 0                 0     -0.0024598114                 0               250             8.125	B1, 
         2.4388066       -0.46403495                 0         2.3415107         -244.6612                 0         424.82113                 0                 0                 0                 0     -0.0022179944                 0               250             8.135	B1, 
         2.4418045       -0.46553113                 0         2.3441085        -244.66441                 0         424.81928                 0                 0                 0                 0     -0.0019930983                 0               250             8.145	B1, 
         2.4448024       -0.46702732                 0         2.3467064        -244.66729                 0         424.81763                 0                 0                 0                 0     -0.0017846737                 0               250             8.155	B1, 
         2.4478003       -0.46852353                 0         2.3493043        -244.66986                 0         424.81614                 0                 0                 0                 0      -0.001592216                 0               250             8.165	B1, 
         2.4507982       -0.47001975                 0         2.3519021        -244.67215                 0         424.81483                 0                 0                 0                 0     -0.0014151692                 0               250             8.175	B1, 
         2.4537962       -0.47151599                 0            2.3545        -244.67418                 0         424.81366                 0                 0                 0                 0     -0.0012529307                 0               250             8.185	B1, 
         2.4567941       -0.47301224                 0         2.3570978        -244.67598                 0         424.81262                 0                 0                 0                 0     -0.0011048569                 0               250             8.195	B1, 
          2.459792        -0.4745085                 0         2.3596956        -244.67756                 0         424.81171                 0                 0                 0                 0    -0.00097026905                 0               250             8.205	B1, 
         2.4627899       -0.47600476                 0         2.3622934        -244.67894                 0         424.81091                 0                 0                 0                 0    -0.00084845982                 0               250             8.215	B1, 
         2.4657878       -0.47750104                 0         2.3648913        -244.68015                 0         424.81022                 0                 0                 0                 0    -0.00073869974                 0               250             8.225	B1, 
         2.4687858       -0.47899732                 0         2.3674891         -244.6812                 0         424.80961                 0                 0                 0                 0    -0.00064024416                 0               250             8.235	B1, 
         2.4717837       -0.48049361                 0         2.3700869         -244.6821                 0         424.80909                 0                 0                 0                 0    -0.00055234012                 0               250             8.245	B1, 
         2.4747816        -0.4819899                 0         2.3726847        -244.68289                 0         424.80864                 0                 0                 0                 0    -0.00047423314                 0               250             8.255	B1, 
         2.4777795        -0.4834862                 0         2.3752825        -244.68355                 0         424.80826                 0                 0                 0                 0    -0.00040517385                 0               250             8.265	B1, 
         2.4807774        -0.4849825                 0         2.3778803        -244.68413                 0         424.80793                 0                 0                 0                 0    -0.00034442423                 0               250             8.275	B1, 
         2.4837753       -0.48647881                 0         2.3804781        -244.68461                 0         424.80765                 0                 0                 0                 0    -0.00029126354                 0               250             8.285	B1, 
         2.4867733       -0.48797512                 0         2.3830759        -244.68502                 0         424.80741                 0                 0                 0                 0     -0.0002449936                 0               250             8.295	B1, 
         2.4897712       -0.48947143                 0         2.3856737        -244.68536                 0         424.80722                 0                 0                 0                 0    -0.00020494358                 0               250             8.305	B1, 
         2.4927691       -0.49096774                 0         2.3882715        -244.68564                 0         424.80705                 0                 0                 0                 0    -0.00017047407                 0               250             8.315	B1, 
          2.495767       -0.49246405                 0         2.3908693        -244.68588                 0         424.80692                 0                 0                 0                 0    -0.00014098044                 0               250             8.325	B1, 
         2.4987649       -0.49396037                 0         2.3934671        -244.68608                 0          424.8068                 0                 0                 0                 0    -0.00011589553                 0               250             8.335	B1, 
         2.5017629       -0.49545668                 0         2.3960649        -244.68624                 0         424.80671                 0                 0                 0                 0    -9.4691565e-05                 0               250             8.345	B1, 
         2.5047608         -0.496953                 0         2.3986627        -244.68637                 0         424.80664                 0                 0                 0                 0    -7.6881294e-05                 0               250             8.355	B1, 
         2.5077587       -0.49844932                 0         2.4012605        -244.68647                 0         424.80658                 0                 0                 0                 0    -6.2018541e-05                 0               250             8.365	B1, 
         2.5107566       -0.49994564                 0         2.4038583        -244.68656                 0         424.80653                 0                 0                 0                 0    -4.9698026e-05                 0               250             8.375	B1, 
         2.5137545       -0.50144195                 0         2.4064561        -244.68662                 0         424.80649                 0                 0                 0                 0    -3.9554631e-05                 0               250             8.385	B1, 
         2.5167524       -0.50293827                 0         2.4090539        -244.68668                 0         424.80646                 0                 0                 0                 0     -3.126213e-05                 0               250             8.395	B1, 
         2.5197504       -0.50443459                 0         2.4116517        -244.68672                 0         424.80643                 0                 0                 0                 0    -2.4531486e-05                 0               250             8.405	B1, 
         2.5227483       -0.50593091                 0         2.4142495        -244.68675                 0         424.80641                 0                 0                 0                 0    -1.9108772e-05                 0               250             8.415	B1, 
         2.5257462       -0.50742723                 0         2.4168473        -244.68678                 0          424.8064                 0                 0                 0                 0    -1.4772821e-05                 0               250             8.425	B1, 
         2.5287441       -0.50892355                 0         2.4194451         -244.6868                 0         424.80639                 0                 0                 0                 0    -1.1332677e-05                 0               250             8.435	B1, 
          2.531742       -0.51041987                 0         2.4220429        -244.68681                 0         424.80638                 0                 0                 0                 0    -8.6249217e-06                 0               250             8.445	B1, 
           2.53474       -0.51191619                 0         2.4246407        -244.68683                 0         424.80637                 0                 0                 0                 0    -6.5109614e-06                 0               250             8.455	B1, 
         2.5377379       -0.51341251                 0         2.4272385        -244.68683                 0         424.80637                 0                 0                 0                 0    -4.8743263e-06                 0               250             8.465	B1, 
         2.5407358       -0.51490883                 0         2.4298363        -244.68684                 0         424.80636                 0                 0                 0                 0    -3.6180479e-06                 0               250             8.475	B1, 
         2.5437337       -0.51640515                 0         2.4324341        -244.68685                 0         424.80636                 0                 0                 0                 0    -2.6621558e-06                 0               250             8.485	B1, 
         2.5467316       -0.51790147                 0         2.4350319        -244.68685                 0         424.80636                 0                 0                 0                 0    -1.9413317e-06                 0               250             8.495	B1, 
         2.5497296       -0.51939779                 0         2.4376297        -244.68685                 0         424.80636                 0                 0                 0                 0    -1.4027469e-06                 0               250             8.505	B1, 
         2.5527275       -0.52089411                 0         2.4402275        -244.68685                 0         424.80636                 0                 0                 0                 0    -1.0040996e-06                 0               250             8.515	B1, 
         2.5557254       -0.52239043                 0         2.4428252        -244.68685                 0         424.80636                 0                 0                 0                 0    -7.1186109e-07                 0               250             8.525	B1, 
         2.5587233       -0.52388675                 0          2.445423        -244.68686                 0         424.80636                 0                 0                 0                 0    -4.9973087e-07                 0               250             8.535	B1, 
         2.5617212       -0.52538307                 0         2.4480208        -244.68686                 0         424.80635                 0                 0                 0                 0    -3.4729577e-07                 0               250             8.545	B1, 
         2.5647191       -0.52687939                 0         2.4506186        -244.68686                 0         424.80635                 0                 0                 0                 0    -2.3888207e-07                 0               250             8.555	B1, 
         2.5677171       -0.52837571                 0         2.4532164        -244.68686                 0         424.80635                 0                 0                 0                 0    -1.6258674e-07                 0               250             8.565	B1, 
          2.570715       -0.52987203                 0         2.4558142        -244.68686                 0         424.80635                 0                 0                 0                 0    -1.0947106e-07                 0               250             8.575	B1, 
         2.5737129       -0.53136835                 0          2.458412        -244.68686                 0         424.80635                 0                 0                 0                 0    -7.2898677e-08                 0               250             8.585	B1, 
         2.5767108       -0.53286467                 0         2.4610098        -244.68686                 0         424.80635                 0                 0                 0                 0    -4.7999644e-08                 0               250             8.595	B1, 
         2.5797087       -0.53436099                 0         2.4636076        -244.68686                 0         424.80635                 0                 0                 0                 0     -3.124242e-08                 0               250             8.605	B1, 
         2.5827067       -0.53585731                 0         2.4662054        -244.68686                 0         424.80635                 0                 0                 0                 0    -2.0096859e-08                 0               250             8.615	B1, 
         2.5857046       -0.53735364                 0         2.4688032        -244.68686                 0         424.80635                 0                 0                 0                 0    -1.2772487e-08                 0               250             8.625	B1, 
         2.5887025       -0.53884996                 0          2.471401        -244.68686                 0         424.80635                 0                 0                 0                 0    -8.0181059e-09                 0               250             8.635	B1, 
         2.5917004       -0.54034628                 0         2.4739988        -244.68686                 0         424.80635                 0                 0                 0                 0    -4.9705067e-09                 0               250             8.645	B1, 
         2.5946983        -0.5418426                 0         2.4765966        -244.68686                 0         424.80635                 0                 0                 0                 0     -3.041893e-09                 0               250             8.655	B1, 
         2.5976962       -0.54333892                 0         2.4791944        -244.68686                 0         424.80635                 0                 0                 0                 0     -1.837307e-09                 0               250             8.665	B1, 
         2.6006942       -0.54483524                 0         2.4817922        -244.68686                 0         424.80635                 0                 0                 0                 0    -1.0949453e-09                 0               250             8.675	B1, 
         2.6036921       -0.54633156                 0           2.48439        -244.68686                 0         424.80635                 0                 0                 0                 0    -6.4365428e-10                 0               250             8.685	B1, 
           2.60669       -0.54782788                 0         2.4869878        -244.68686                 0         424.80635                 0                 0                 0                 0    -3.7311039e-10                 0               250             8.695	B1, 
         2.6096879        -0.5493242                 0         2.4895856        -244.68686                 0         424.80635                 0                 0                 0                 0     -2.132159e-10                 0               250             8.705	B1, 
         2.6126858       -0.55082052                 0         2.4921834        -244.68686                 0         424.80635                 0                 0                 0                 0    -1.2008001e-10                 0               250             8.715	B1, 
         2.6156838       -0.55231684                 0         2.4947812        -244.68686                 0         424.80635                 0                 0                 0                 0     -6.662854e-11                 0               250             8.725	B1, 
         2.6186817       -0.55381316                 0         2.4973789        -244.68686                 0         424.80635                 0                 0                 0                 0    -3.6412967e-11                 0               250             8.735	B1, 
         2.6216796       -0.55530948                 0         2.4999767        -244.68686                 0         424.80635                 0                 0                 0                 0    -1.9594038e-11                 0               250             8.745	B1, 
         2.6246775        -0.5568058                 0         2.5025745        -244.68686                 0         424.80635                 0                 0                 0                 0    -1.0378343e-11                 0               250             8.755	B1, 
         2.6276754       -0.55830212                 0         2.5051723        -244.68686                 0         424.80635                 0                 0                 0                 0    -5.4091688e-12                 0               250             8.765	B1, 
         2.6306733       -0.55979844                 0         2.5077701        -244.68686                 0         424.80635                 0                 0                 0                 0    -2.7732683e-12                 0               250             8.775	B1, 
         2.6336713       -0.56129476                 0         2.5103679        -244.68686                 0         424.80635                 0                 0                 0                 0    -1.3982042e-12                 0               250             8.785	B1, 
         2.6366692       -0.56279108                 0         2.5129657        -244.68686                 0         424.80635                 0                 0                 0                 0    -6.9298418e-13                 0               250             8.795	B1, 
         2.6396671        -0.5642874                 0         2.5155635        -244.68686                 0         424.80635                 0                 0                 0                 0     -3.375241e-13                 0               250             8.805	B1, 
          2.642665       -0.56578372                 0         2.5181613        -244.68686                 0         424.80635                 0                 0                 0                 0    -1.6149826e-13                 0               250             8.815	B1, 
         2.6456629       -0.56728004                 0         2.5207591        -244.68686                 0         424.80635                 0                 0                 0                 0    -7.5886305e-14                 0               250             8.825	B1, 
         2.6486609       -0.56877636                 0         2.5233569        -244.68686                 0         424.80635                 0                 0                 0                 0    -3.5005838e-14                 0               250             8.835	B1, 
         2.6516588       -0.57027268                 0         2.5259547        -244.68686                 0         424.80635                 0                 0                 0                 0    -1.5846965e-14                 0               250             8.845	B1, 
         2.6546567         -0.571769                 0         2.5285525        -244.68686                 0         424.80635                 0                 0                 0                 0    -7.0376129e-15                 0               250             8.855	B1, 
         2.6576546       -0.57326532                 0         2.5311503        -244.68686                 0         424.80635                 0                 0                 0                 0     -3.064936e-15                 0               250             8.865	B1, 
         2.6606525       -0.57476164                 0         2.5337481        -244.68686                 0         424.80635                 0                 0                 0                 0    -1.3085049e-15                 0               250             8.875	B1, 
         2.6636504       -0.57625796                 0         2.5363459        -244.68686                 0         424.80635                 0                 0                 0                 0    -5.4742715e-16                 0               250             8.885	B1, 
         2.6666484       -0.57775428                 0         2.5389437        -244.68686                 0         424.80635                 0                 0                 0                 0    -2.2434248e-16                 0               250             8.895	B1, 
         2.6696463        -0.5792506                 0         2.5415415        -244.68686                 0         424.80635                 0                 0                 0                 0    -9.0025595e-17                 0               250             8.905	B1, 
         2.6726442       -0.58074692                 0         2.5441393        -244.68686                 0         424.80635                 0                 0                 0                 0    -3.5360866e-17                 0               250             8.915	B1, 
         2.6756421       -0.58224324                 0         2.5467371        -244.68686                 0         424.80635                 0                 0                 0                 0    -1.3589805e-17                 0               250             8.925	B1, 
           2.67864       -0.58373956                 0         2.5493349        -244.68686                 0         424.80635                 0                 0                 0                 0    -5.1081776e-18                 0               250             8.935	B1, 
          2.681638       -0.58523588                 0         2.5519326        -244.68686                 0         424.80635                 0                 0                 0                 0    -1.8771895e-18                 0               250             8.945	B1, 
         2.6846359        -0.5867322                 0         2.5545304        -244.68686                 0         424.80635                 0                 0                 0                 0    -6.7416222e-19                 0               250             8.955	B1, 
         2.6876338       -0.58822852                 0         2.5571282        -244.68686                 0         424.80635                 0                 0                 0                 0    -2.3651443e-19                 0               250             8.965	B1, 
         2.6906317       -0.58972484                 0          2.559726        -244.68686                 0         424.80635                 0                 0                 0                 0    -8.1023021e-20                 0               250             8.975	B1, 
         2.6936296       -0.59122116                 0         2.5623238        -244.68686                 0         424.80635                 0                 0                 0                 0    -2.7091641e-20                 0               250             8.985	B1, 
         2.6966275       -0.59271748                 0         2.5649216        -244.68686                 0         424.80635                 0                 0                 0                 0     -8.838013e-21                 0               250             8.995	B1, 
         2.6996255        -0.5942138                 0         2.5675194        -244.68686                 0         424.80635                 0                 0                 0                 0    -2.8117757e-21                 0               250             9.005	B1, 
         2.7026234       -0.59571013                 0         2.5701172        -244.68686                 0         424.80635                 0                 0                 0                 0    -8.7201807e-22                 0               250             9.015	B1, 
         2.7056213       -0.59720645                 0          2.572715        -244.68686                 0         424.80635                 0                 0                 0                 0    -2.6351115e-22                 0               250             9.025	B1, 
         2.7086192       -0.59870277                 0         2.5753128        -244.68686                 0         424.80635                 0                 0                 0                 0    -7.7554843e-23                 0               250             9.035	B1, 
         2.7116171       -0.60019909                 0         2.5779106        -244.68686                 0         424.80635                 0                 0                 0                 0    -2.2220857e-23                 0               250             9.045	B1, 
         2.7146151       -0.60169541                 0         2.5805084        -244.68686                 0         424.80635                 0                 0                 0                 0    -6.1952378e-24                 0               250             9.055	B1, 
          2.717613       -0.60319173                 0         2.5831062        -244.68686                 0         424.80635                 0                 0                 0                 0    -1.6799701e-24                 0               250             9.065	B1, 
         2.7206109       -0.60468805                 0          2.585704        -244.68686                 0         424.80635                 0                 0                 0                 0    -4.4288439e-25                 0               250             9.075	B1, 
         2.7236088       -0.60618437                 0         2.5883018        -244.68686                 0         424.80635                 0                 0                 0                 0    -1.1345434e-25                 0               250             9.085	B1, 
         2.7266067       -0.60768069                 0         2.5908996        -244.68686                 0         424.80635                 0                 0                 0                 0    -2.8228519e-26                 0               250             9.095	B1, 
         2.7296047       -0.60917701                 0         2.5934974        -244.68686                 0         424.80635                 0                 0                 0                 0    -6.8184153e-27                 0               250             9.105	B1, 
         2.7326026       -0.61067333                 0         2.5960952        -244.68686                 0         424.80635                 0                 0                 0                 0    -1.5980744e-27                 0               250             9.115	B1, 
         2.7356005       -0.61216965                 0          2.598693        -244.68686                 0         424.80635                 0                 0                 0                 0     -3.632589e-28                 0               250             9.125	B1, 
         2.7385984       -0.61366597                 0         2.6012908        -244.68686                 0         424.80635                 0                 0                 0                 0    -8.0043572e-29                 0               250             9.135	B1, 
         2.7415963       -0.61516229                 0         2.6038886        -244.68686                 0         424.80635                 0                 0                 0                 0    -1.7088757e-29                 0               250             9.145	B1, 
         2.7445942       -0.61665861                 0         2.6064863        -244.68686                 0         424.80635                 0                 0                 0                 0    -3.5330427e-30                 0               250             9.155	B1, 
         2.7475922       -0.61815493                 0         2.6090841        -244.68686                 0         424.80635                 0                 0                 0                 0     -7.070008e-31                 0               250             9.165	B1, 
         2.7505901       -0.61965125                 0         2.6116819        -244.68686                 0         424.80635                 0                 0                 0                 0     -1.368672e-31                 0               250             9.175	B1, 
          2.753588       -0.62114757                 0         2.6142797        -244.68686                 0         424.80635                 0                 0                 0                 0    -2.5618921e-32                 0               250             9.185	B1, 
         2.7565859       -0.62264389                 0         2.6168775        -244.68686                 0         424.80635                 0                 0                 0                 0    -4.6342061e-33                 0               250             9.195	B1, 
         2.7595838       -0.62414021                 0         2.6194753        -244.68686                 0         424.80635                 0                 0                 0                 0    -8.0967667e-34                 0               250             9.205	B1, 
         2.7625818       -0.62563653                 0         2.6220731        -244.68686                 0         424.80635                 0                 0                 0                 0    -1.3656392e-34                 0               250             9.215	B1, 
         2.7655797       -0.62713285                 0         2.6246709        -244.68686                 0         424.80635                 0                 0                 0                 0    -2.2223492e-35                 0               250             9.225	B1, 
         2.7685776       -0.62862917                 0         2.6272687        -244.68686                 0         424.80635                 0                 0                 0                 0                 0                 0               250             9.235	B1, 
         2.7715755       -0.63012549                 0         2.6298665        -244.68686                 0         424.80635                 0                 0                 0                 0                 0                 0               250             9.245	B1, 
         2.7745734       -0.63162181                 0         2.6324643        -244.68686                 0         424.80635                 0                 0                 0                 0                 0                 0               250             9.255	B1, 
         2.7775713       -0.63311813                 0         2.6350621        -244.68686                 0         424.80635                 0                 0                 0                 0                 0                 0               250             9.265	B1, 
         2.7805693       -0.63461445                 0         2.6376599        -244.68686                 0         424.80635                 0                 0                 0                 0                 0                 0               250             9.275	B1, 
         2.7835672       -0.63611077                 0         2.6402577        -244.68686                 0         424.80635                 0                 0                 0                 0                 0                 0               250             9.285	B1, 
         2.7865651       -0.63760709                 0         2.6428555        -244.68686                 0         424.80635                 0                 0                 0                 0                 0                 0               250             9.295	B1, 
          2.789563       -0.63910341                 0         2.6454533        -244.68686                 0         424.80635                 0                 0                 0                 0                 0                 0               250             9.305	B1, 
         2.7925609       -0.64059973                 0         2.6480511        -244.68686                 0         424.80635                 0                 0                 0                 0                 0                 0               250             9.315	B1, 
         2.7955589       -0.64209605                 0         2.6506489        -244.68686                 0         424.80635                 0                 0                 0                 0                 0                 0               250             9.325	B1, 
         2.7985568       -0.64359237                 0         2.6532467        -244.68686                 0         424.80635                 0                 0                 0                 0                 0                 0               250             9.335	B1, 
         2.8015547       -0.64508869                 0         2.6558445        -244.68686                 0         424.80635                 0                 0                 0                 0                 0                 0               250             9.345	B1, 
         2.8045526       -0.64658501                 0         2.6584423        -244.68686                 0         424.80635                 0                 0                 0                 0                 0                 0               250             9.355	B1, 
         2.8075505       -0.64808133                 0           2.66104        -244.68686                 0         424.80635                 0                 0                 0                 0                 0                 0               250             9.365	B1, 
         2.8105484       -0.64957765                 0         2.6636378        -244.68686                 0         424.80635                 0                 0                 0                 0                 0                 0               250             9.375	B1, 
         2.8135464       -0.65107397                 0         2.6662356        -244.68686                 0         424.80635                 0                 0                 0                 0                 0                 0               250             9.385	B1, 
         2.8165443       -0.65257029                 0         2.6688334        -244.68686                 0         424.80635                 0                 0                 0                 0                 0                 0               250             9.395	B1, 
         2.8195422       -0.65406662                 0         2.6714312        -244.68686                 0         424.80635                 0                 0                 0                 0                 0                 0               250             9.405	B1, 
         2.8225401       -0.65556294                 0          2.674029        -244.68686                 0         424.80635                 0                 0                 0                 0                 0                 0               250             9.415	B1, 
          2.825538       -0.65705926                 0         2.6766268        -244.68686                 0         424.80635                 0                 0                 0                 0                 0                 0               250             9.425	B1, 
          2.828536       -0.65855558                 0         2.6792246        -244.68686                 0         424.80635                 0                 0                 0                 0                 0                 0               250             9.435	B1, 
         2.8315339        -0.6600519                 0         2.6818224        -244.68686                 0         424.80635                 0                 0                 0                 0                 0                 0               250             9.445	B1, 
         2.8345318       -0.66154822                 0         2.6844202        -244.68686                 0         424.80635                 0                 0                 0                 0                 0                 0               250             9.455	B1, 
         2.8375297       -0.66304454                 0          2.687018        -244.68686                 0         424.80635                 0                 0                 0                 0                 0                 0               250             9.465	B1, 
         2.8405276       -0.66454086                 0         2.6896158        -244.68686                 0         424.80635                 0                 0                 0                 0                 0                 0               250             9.475	B1, 
         2.8435255       -0.66603718                 0         2.6922136        -244.68686                 0         424.80635                 0                 0                 0                 0                 0                 0               250             9.485	B1, 
         2.8465235        -0.6675335                 0         2.6948114        -244.68686                 0         424.80635                 0                 0                 0                 0                 0                 0               250             9.495	B1, 
         2.8495214       -0.66902982                 0         2.6974092        -244.68686                 0         424.80635                 0                 0                 0                 0                 0                 0               250             9.505	B1, 
         2.8525193       -0.67052614                 0          2.700007        -244.68686                 0         424.80635                 0                 0                 0                 0                 0                 0               250             9.515	B1, 
         2.8555172       -0.67202246                 0         2.7026048        -244.68686                 0         424.80635                 0                 0                 0                 0                 0                 0               250             9.525	B1, 
         2.8585151       -0.67351878                 0         2.7052026        -244.68686                 0         424.80635                 0                 0                 0                 0                 0                 0               250             9.535	B1, 
         2.8615131        -0.6750151                 0         2.7078004        -244.68686                 0         424.80635                 0                 0                 0                 0                 0                 0               250             9.545	B1, 
          2.864511       -0.67651142                 0         2.7103982        -244.68686                 0         424.80635                 0                 0                 0                 0                 0                 0               250             9.555	B1, 
         2.8675089       -0.67800774                 0          2.712996        -244.68686                 0         424.80635                 0                 0                 0                 0                 0                 0               250             9.565	B1, 
         2.8705068       -0.67950406                 0         2.7155937        -244.68686                 0         424.80635                 0                 0                 0                 0                 0                 0               250             9.575	B1, 
         2.8735047       -0.68100038                 0         2.7181915        -244.68686                 0         424.80635                 0                 0                 0                 0                 0                 0               250             9.585	B1, 
         2.8765027        -0.6824967                 0         2.7207893        -244.68686                 0         424.80635                 0                 0                 0                 0                 0                 0               250             9.595	B1, 
         2.8795006       -0.68399302                 0         2.7233871        -244.68686                 0         424.80635                 0                 0                 0                 0                 0                 0               250             9.605	B1, 
         2.8824985       -0.68548934                 0         2.7259849        -244.68686                 0         424.80635                 0                 0                 0                 0                 0                 0               250             9.615	B1, 
         2.8854964       -0.68698566                 0         2.7285827        -244.68686                 0         424.80635                 0                 0                 0                 0                 0                 0               250             9.625	B1, 
         2.8884943       -0.68848198                 0         2.7311805        -244.68686                 0         424.80635                 0                 0                 0                 0                 0                 0               250             9.635	B1, 
         2.8914922        -0.6899783                 0         2.7337783        -244.68686                 0         424.80635                 0                 0                 0                 0                 0                 0               250             9.645	B1, 
         2.8944902       -0.69147462                 0         2.7363761        -244.68686                 0         424.80635                 0                 0                 0                 0                 0                 0               250             9.655	B1, 
         2.8974881       -0.69297094                 0         2.7389739        -244.68686                 0         424.80635                 0                 0                 0                 0                 0                 0               250             9.665	B1, 
          2.900486       -0.69446726                 0         2.7415717        -244.68686                 0         424.80635                 0                 0                 0                 0                 0                 0               250             9.675	B1, 
         2.9034839       -0.69596358                 0         2.7441695        -244.68686                 0         424.80635                 0                 0                 0                 0                 0                 0               250             9.685	B1, 
         2.9064818        -0.6974599                 0         2.7467673        -244.68686                 0         424.80635                 0                 0                 0                 0                 0                 0               250             9.695	B1, 
         2.9094798       -0.69895622                 0         2.7493651        -244.68686                 0         424.80635                 0                 0                 0                 0                 0                 0               250             9.705	B1, 
         2.9124777       -0.70045254                 0         2.7519629        -244.68686                 0         424.80635                 0                 0                 0                 0                 0                 0               250             9.715	B1, 
         2.9154756       -0.70194886                 0         2.7545607        -244.68686                 0         424.80635                 0                 0                 0                 0                 0                 0               250             9.725	B1, 
         2.9184735       -0.70344518                 0         2.7571585        -244.68686                 0         424.80635                 0                 0                 0                 0                 0                 0               250             9.735	B1, 
         2.9214714        -0.7049415                 0         2.7597563        -244.68686                 0         424.80635                 0                 0                 0                 0                 0                 0               250             9.745	B1, 
         2.9244693       -0.70643782                 0         2.7623541        -244.68686                 0         424.80635                 0                 0                 0                 0                 0                 0               250             9.755	B1, 
         2.9274673       -0.70793414                 0         2.7649519        -244.68686                 0         424.80635                 0                 0                 0                 0                 0                 0               250             9.765	B1, 
         2.9304652       -0.70943046                 0         2.7675497        -244.68686                 0         424.80635                 0                 0                 0                 0                 0                 0               250             9.775	B1, 
         2.9334631       -0.71092678                 0         2.7701474        -244.68686                 0         424.80635                 0                 0                 0                 0                 0                 0               250             9.785	B1, 
          2.936461       -0.71242311                 0         2.7727452        -244.68686                 0         424.80635                 0                 0                 0                 0                 0                 0               250             9.795	B1, 
         2.9394589       -0.71391943                 0          2.775343        -244.68686                 0         424.80635                 0                 0                 0                 0                 0                 0               250             9.805	B1, 
         2.9424569       -0.71541575                 0         2.7779408        -244.68686                 0         424.80635                 0                 0                 0                 0                 0                 0               250             9.815	B1, 
         2.9454548       -0.71691207                 0         2.7805386        -244.68686                 0         424.80635                 0                 0                 0                 0                 0                 0               250             9.825	B1, 
         2.9484527       -0.71840839                 0         2.7831364        -244.68686                 0         424.80635                 0                 0                 0                 0                 0                 0               250             9.835	B1, 
         2.9514506       -0.71990471                 0         2.7857342        -244.68686                 0         424.80635                 0                 0                 0                 0                 0                 0               250             9.845	B1, 
         2.9544485       -0.72140103                 0          2.788332        -244.68686                 0         424.80635                 0                 0                 0                 0                 0                 0               250             9.855	B1, 
         2.9574464       -0.72289735                 0         2.7909298        -244.68686                 0         424.80635                 0                 0                 0                 0                 0                 0               250             9.865	B1, 
         2.9604444       -0.72439367                 0         2.7935276        -244.68686                 0         424.80635                 0                 0                 0                 0                 0                 0               250             9.875	B1, 
         2.9634423       -0.72588999                 0         2.7961254        -244.68686                 0         424.80635                 0                 0                 0                 0                 0                 0               250             9.885	B1, 
         2.9664402       -0.72738631                 0         2.7987232        -244.68686                 0         424.80635                 0                 0                 0                 0                 0                 0               250             9.895	B1, 
         2.9694381       -0.72888263                 0          2.801321        -244.68686                 0         424.80635                 0                 0                 0                 0                 0                 0               250             9.905	B1, 
          2.972436       -0.73037895                 0         2.8039188        -244.68686                 0         424.80635                 0                 0                 0                 0                 0                 0               250             9.915	B1, 
          2.975434       -0.73187527                 0         2.8065166        -244.68686                 0         424.80635                 0                 0                 0                 0                 0                 0               250             9.925	B1, 
         2.9784319       -0.73337159                 0         2.8091144        -244.68686                 0         424.80635                 0                 0                 0                 0                 0                 0               250             9.935	B1, 
         2.9814298       -0.73486791                 0         2.8117122        -244.68686                 0         424.80635                 0                 0                 0                 0                 0                 0               250             9.945	B1, 
         2.9844277       -0.73636423                 0           2.81431        -244.68686                 0         424.80635                 0                 0                 0                 0                 0                 0               250             9.955	B1, 
         2.9874256       -0.73786055                 0         2.8169078        -244.68686                 0         424.80635                 0                 0                 0                 0                 0                 0               250             9.965	B1, 
         2.9904235       -0.73935687                 0         2.8195056        -244.68686                 0         424.80635                 0                 0                 0                 0                 0                 0               250             9.975	B1, 
         2.9934215       -0.74085319                 0         2.8221034        -244.68686                 0         424.80635                 0                 0                 0                 0                 0                 0               250             9.985	B1, 
         2.9964194       -0.74234951                 0         2.8247011        -244.68686                 0         424.80635                 0                 0                 0                 0                 0                 0               250             9.995	B1, 
         2.9994173       -0.74384583                 0         2.8272989        -244.68686                 0         424.80635                 0                 0                 0                 0                 0                 0               250            10.005	B1, 
         3.0024152       -0.74534215                 0         2.8298967        -244.68686                 0         424.80635                 0                 0                 0                 0                 0                 0               250            10.015	B1, 
         3.0054131       -0.74683847                 0         2.8324945        -244.68686                 0         424.80635                 0                 0                 0                 0                 0                 0               250            10.025	B1, 
         3.0084111       -0.74833479                 0         2.8350923        -244.68686                 0         424.80635                 0                 0                 0                 0                 0                 0               250            10.035	B1, 
          3.011409       -0.74983111                 0         2.8376901        -244.68686                 0         424.80635                 0                 0                 0                 0                 0                 0               250            10.045	B1, 
         3.0144069       -0.75132743                 0         2.8402879        -244.68686                 0         424.80635                 0                 0                 0                 0                 0                 0               250            10.055	B1, 
         3.0174048       -0.75282375                 0         2.8428857        -244.68686                 0         424.80635                 0                 0                 0                 0                 0                 0               250            10.065	B1, 
         3.0204027       -0.75432007                 0         2.8454835        -244.68686                 0         424.80635                 0                 0                 0                 0                 0                 0               250            10.075	B1, 
         3.0234006       -0.75581639                 0         2.8480813        -244.68686                 0         424.80635                 0                 0                 0                 0                 0                 0               250            10.085	B1, 
         3.0263986       -0.75731271                 0         2.8506791        -244.68686                 0         424.80635                 0                 0                 0                 0                 0                 0               250            10.095	B1, 
         3.0293965       -0.75880903                 0         2.8532769        -244.68686                 0         424.80635                 0                 0                 0                 0                 0                 0               250            10.105	B1, 
         3.0323944       -0.76030535                 0         2.8558747        -244.68686                 0         424.80635                 0                 0                 0                 0                 0                 0               250            10.115	B1, 
         3.0353923       -0.76180167                 0         2.8584725        -244.68686                 0         424.80635                 0                 0                 0                 0                 0                 0               250            10.125	B1, 
         3.0383902       -0.76329799                 0         2.8610703        -244.68686                 0         424.80635                 0                 0                 0                 0                 0                 0               250            10.135	B1, 
         3.0413882       -0.76479431                 0         2.8636681        -244.68686                 0         424.80635                 0                 0                 0                 0                 0                 0               250            10.145	B1, 
         3.0436366       -0.76591655                 0         2.8656164        -244.68686                 0         424.80635                 0                 0                 0                 0                 0                 0               250           10.1525	B1, 
         3.0445734       -0.76638415                 0         2.8664282        -244.68686                 0         424.80635                 0                 0                 0                 0                 0                 0               250         10.155625	B1, 
         3.0448545       -0.76652443                 0         2.8666718        -244.68686                 0         424.80635                 0                 0                 0                 0                 0                 0               250         10.156563	B1, 
         3.0449716       -0.76658288                 0         2.8667733        -244.68686                 0         424.80635                 0                 0                 0                 0                 0                 0               250         10.156953	B1, 
         3.0450009        -0.7665975                 0         2.8667986        -244.68686                 0         424.80635                 0                 0                 0                 0                 0                 0               250         10.157051	B1, 
         3.0450068       -0.76660047                 0         2.8668038        -244.68686                 0         424.80635                 0                 0                 0                 0                 0                 0               250         10.157071	B1, 
          3.045007       -0.76660053                 0         2.8668039        -244.68686                 0         424.80635                 0                 0                 0                 0                 0                 0               250         10.157071	B1, 
          3.045007       -0.76660057                 0          2.866804        -244.68686                 0         424.80635                 0                 0                 0                 0                 0                 0               250         10.157071	B1, 
         3.0450071       -0.76660058                 0          2.866804        -244.68686                 0         424.80635                 0                 0                 0                 0                 0                 0               250         10.157071	B1, 
         3.0450071       -0.76660059                 0          2.866804        -244.68686                 0         424.80635                 0                 0                 0                 0                 0                 0               250         10.157071	B1, 
         3.0450071        -0.7666006                 0          2.866804        -244.68686                 0         424.80635                 0                 0                 0                 0                 0                 0               250         10.157072	B1, 
         3.0450071        -0.7666006                 0          2.866804        -244.68686                 0         424.80635                 0                 0                 0                 0                 0                 0               250         10.157072	B1, 
         3.0450071        -0.7666006                 0          2.866804        -244.68686                 0         424.80635                 0                 0                 0                 0                 0                 0               250         10.157072	B1, 
         3.0450071        -0.7666006                 0          2.866804        -244.68686                 0         424.80635                 0                 0                 0                 0                 0                 0               250         10.157072	B1, 
         3.0450071        -0.7666006                 0          2.866804        -244.68686                 0         424.80635                 0                 0                 0                 0                 0                 0               250         10.157072	B1, 
         3.0450071        -0.7666006                 0          2.866804        -244.68686                 0         424.80635                 0                 0                 0                 0                 0                 0               250         10.157072	B1, 
         3.0450071        -0.7666006                 0          2.866804        -244.68686                 0         424.80635                 0                 0                 0                 0                 0                 0               250         10.157072	B1, 
         3.0450071        -0.7666006                 0          2.866804        -244.68686                 0         424.80635                 0                 0                 0                 0                 0                 0               250         10.157072	B1, 
         3.0450071        -0.7666006                 0          2.866804        -244.68686                 0         424.80635                 0                 0                 0                 0                 0                 0               250         10.157072	B1, 
         3.0450071        -0.7666006                 0          2.866804        -244.68686                 0         424.80635                 0                 0                 0                 0                 0                 0               250         10.157072	B1, 
         3.0450071        -0.7666006                 0          2.866804        -244.68686                 0         424.80635                 0                 0                 0                 0                 0                 0               250         10.157072	B1, 
         3.0450071        -0.7666006                 0          2.866804        -244.68686                 0         424.80635                 0                 0                 0                 0                 0                 0               250         10.157072	B1, 
         3.0450071        -0.7666006                 0          2.866804        -244.68686                 0         424.80635                 0                 0                 0                 0                 0                 0               250         10.157072	B1, 
         3.0450071        -0.7666006                 0          2.866804        -244.68686                 0         424.80635                 0                 0                 0                 0                 0                 0               250         10.157072	D1, 
         3.0450071        -0.7666006                 0          2.866804        -244.68686                 0         424.80635                 0                 0                 0                 0                 0                 0               250         10.157072	D1, 
         3.0450071        -0.7666006                 0          2.866804        -244.68686                 0         424.80635                 0                 0                 0                 0                 0                 0               250         10.157072	D1, 
         3.0450071        -0.7666006                 0          2.866804        -244.68686                 0         424.80635                 0                 0                 0                 0                 0                 0               250         10.157072	D1, 
         3.0450071        -0.7666006                 0          2.866804        -244.68686                 0         424.80635                 0                 0                 0                 0                 0                 0               250         10.157072	D1, 
         3.0450071        -0.7666006                 0          2.866804        -244.68686                 0         424.80635                 0                 0                 0                 0                 0                 0               250         10.157072	D1, 
         3.0450071        -0.7666006                 0          2.866804        -244.68686                 0         424.80635                 0                 0                 0                 0                 0                 0               250         10.157072	D1, 
         3.0450073       -0.76660069                 0         2.8668042        -244.68686                 0         424.80635                 0                 0                 0                 0                 0                 0               250         10.157072	D1, 
         3.0450078       -0.76660097                 0         2.8668046        -244.68686                 0         424.80635                 0                 0                 0                 0                 0                 0               250         10.157074	D1, 
         3.0450089       -0.76660152                 0         2.8668056        -244.68686                 0         424.80635                 0                 0                 0                 0                 0                 0               250         10.157078	D1, 
         3.0450111       -0.76660261                 0         2.8668075        -244.68686                 0         424.80635                 0                 0                 0                 0                 0                 0               250         10.157085	D1, 
         3.0450155        -0.7666048                 0         2.8668113        -244.68686                 0         424.80635                 0                 0                 0                 0                 0                 0               250           10.1571	D1, 
         3.0450302       -0.76661211                 0          2.866824        -244.68686                 0         424.80635                 0                 0                 0                 0                 0                 0               250         10.157148	D1, 
         3.0450887       -0.76664133                 0         2.8668747        -244.68686                 0         424.80635                 0                 0                 0                 0                 0                 0               250         10.157344	D1, 
         3.0455103       -0.76685175                 0           2.86724        -244.68686                 0         424.80635                 0                 0                 0                 0                 0                 0               250          10.15875	D1, 
          3.047384       -0.76778695                 0         2.8688637        -244.68686                 0         424.80635                 0                 0                 0                 0                 0                 0               250            10.165	D1, 
         3.0503819       -0.76928327                 0         2.8714615        -244.68686                 0         424.80635                 0                 0                 0                 0                 0                 0               250            10.175	D1, 
         3.0533798        -0.7707796                 0         2.8740593        -244.68686                 0         424.80635                 0                 0                 0                 0                 0                 0               250            10.185	D1, 
         3.0563778       -0.77227592                 0         2.8766571        -244.68686                 0         424.80635                 0                 0                 0                 0                 0                 0               250            10.195	D1, 
         3.0593757       -0.77377224                 0         2.8792548        -244.68686                 0         424.80635                 0                 0                 0                 0                 0                 0               250            10.205	D1, 
         3.0623736       -0.77526856                 0         2.8818526        -244.68686                 0         424.80635                 0                 0                 0                 0                 0                 0               250            10.215	D1, 
         3.0653715       -0.77676488                 0         2.8844504        -244.68686                 0         424.80635                 0                 0                 0                 0                 0                 0               250            10.225	D1, 
         3.0683694        -0.7782612                 0         2.8870482        -244.68686                 0         424.80635                 0                 0                 0                 0                 0                 0               250            10.235	D1, 
         3.0713673       -0.77975752                 0          2.889646        -244.68686                 0         424.80635                 0                 0                 0                 0                 0                 0               250            10.245	D1, 
         3.0743653       -0.78125384                 0         2.8922438        -244.68686                 0         424.80635                 0                 0                 0                 0                 0                 0               250            10.255	D1, 
         3.0773632       -0.78275016                 0         2.8948416        -244.68686                 0         424.80635                 0                 0                 0                 0                 0                 0               250            10.265	D1, 
         3.0803611       -0.78424648                 0         2.8974394        -244.68686                 0         424.80635                 0                 0                 0                 0                 0                 0               250            10.275	D1, 
          3.083359        -0.7857428                 0         2.9000372        -244.68686                 0         424.80635                 0                 0                 0                 0                 0                 0               250            10.285	D1, 
         3.0863569       -0.78723912                 0          2.902635        -244.68686                 0         424.80635                 0                 0                 0                 0                 0                 0               250            10.295	D1, 
         3.0893549       -0.78873544                 0         2.9052328        -244.68686                 0         424.80635                 0                 0                 0                 0                 0                 0               250            10.305	D1, 
         3.0923528       -0.79023176                 0         2.9078306        -244.68686                 0         424.80635                 0                 0                 0                 0                 0                 0               250            10.315	D1, 
         3.0953507       -0.79172808                 0         2.9104284        -244.68686                 0         424.80635                 0                 0                 0                 0                 0                 0               250            10.325	D1, 
         3.0983486        -0.7932244                 0         2.9130262        -244.68686                 0         424.80635                 0                 0                 0                 0                 0                 0               250            10.335	D1, 
         3.1013465       -0.79472072                 0          2.915624        -244.68686                 0         424.80635                 0                 0                 0                 0                 0                 0               250            10.345	D1, 
         3.1043444       -0.79621704                 0         2.9182218        -244.68686                 0         424.80635                 0                 0                 0                 0                 0                 0               250            10.355	D1, 
         3.1073424       -0.79771336                 0         2.9208196        -244.68686                 0         424.80635                 0                 0                 0                 0                 0                 0               250            10.365	D1, 
         3.1103403       -0.79920968                 0         2.9234174        -244.68686                 0         424.80635                 0                 0                 0                 0                 0                 0               250            10.375	D1, 
         3.1133382         -0.800706                 0         2.9260152        -244.68686                 0         424.80635                 0                 0                 0                 0                 0                 0               250            10.385	D1, 
         3.1163361       -0.80220232                 0          2.928613        -244.68686                 0         424.80635                 0                 0                 0                 0                 0                 0               250            10.395	D1, 
          3.119334       -0.80369864                 0         2.9312108        -244.68686                 0         424.80635                 0                 0                 0                 0                 0                 0               250            10.405	D1, 
          3.122332       -0.80519496                 0         2.9338085        -244.68686                 0         424.80635                 0                 0                 0                 0                 0                 0               250            10.415	D1, 
         3.1253299       -0.80669128                 0         2.9364063        -244.68686                 0         424.80635                 0                 0                 0                 0                 0                 0               250            10.425	D1, 
         3.1283278        -0.8081876                 0         2.9390041        -244.68686                 0         424.80635                 0                 0                 0                 0                 0                 0               250            10.435	D1, 
         3.1313257       -0.80968392                 0         2.9416019        -244.68686                 0         424.80635                 0                 0                 0                 0                 0                 0               250            10.445	D1, 
         3.1343236       -0.81118024                 0         2.9441997        -244.68686                 0         424.80635                 0                 0                 0                 0                 0                 0               250            10.455	D1, 
         3.1373215       -0.81267656                 0         2.9467975        -244.68686                 0         424.80635                 0                 0                 0                 0                 0                 0               250            10.465	D1, 
         3.1403195       -0.81417288                 0         2.9493953        -244.68686                 0         424.80635                 0                 0                 0                 0                 0                 0               250            10.475	D1, 
         3.1433174        -0.8156692                 0         2.9519931        -244.68686                 0         424.80635                 0                 0                 0                 0                 0                 0               250            10.485	D1, 
         3.1463153       -0.81716552                 0         2.9545909        -244.68686                 0         424.80635                 0                 0                 0                 0                 0                 0               250            10.495	D1, 
         3.1493132       -0.81866184                 0         2.9571887        -244.68686                 0         424.80635                 0                 0                 0                 0                 0                 0               250            10.505	D1, 
         3.1523111       -0.82015816                 0         2.9597865        -244.68686                 0         424.80635                 0                 0                 0                 0                 0                 0               250            10.515	D1, 
         3.1553091       -0.82165448                 0         2.9623843        -244.68686                 0         424.80635                 0                 0                 0                 0                 0                 0               250            10.525	D1, 
          3.158307        -0.8231508                 0         2.9649821        -244.68686                 0         424.80635                 0                 0                 0                 0                 0                 0               250            10.535	D1, 
         3.1613049       -0.82464712                 0         2.9675799        -244.68686                 0         424.80635                 0                 0                 0                 0                 0                 0               250            10.545	D1, 
         3.1643028       -0.82614344                 0         2.9701777        -244.68686                 0         424.80635                 0                 0                 0                 0                 0                 0               250            10.555	D1, 
         3.1673007       -0.82763976                 0         2.9727755        -244.68686                 0         424.80635                 0                 0                 0                 0                 0                 0               250            10.565	D1, 
         3.1702986       -0.82913609                 0         2.9753733        -244.68686                 0         424.80635                 0                 0                 0                 0                 0                 0               250            10.575	D1, 
         3.1732966       -0.83063241                 0         2.9779711        -244.68686                 0         424.80635                 0                 0                 0                 0                 0                 0               250            10.585	D1, 
         3.1762945       -0.83212873                 0         2.9805689        -244.68686                 0         424.80635                 0                 0                 0                 0                 0                 0               250            10.595	D1, 
         3.1792924       -0.83362505                 0         2.9831667        -244.68686                 0         424.80635                 0                 0                 0                 0                 0                 0               250            10.605	D1, 
         3.1822903       -0.83512137                 0         2.9857645        -244.68686                 0         424.80635                 0                 0                 0                 0                 0                 0               250            10.615	D1, 
         3.1852882       -0.83661769                 0         2.9883622        -244.68686                 0         424.80635                 0                 0                 0                 0                 0                 0               250            10.625	D1, 
         3.1882862       -0.83811401                 0           2.99096        -244.68686                 0         424.80635                 0                 0                 0                 0                 0                 0               250            10.635	D1, 
         3.1912841       -0.83961033                 0         2.9935578        -244.68686                 0         424.80635                 0                 0                 0                 0                 0                 0               250            10.645	D1, 
          3.194282       -0.84110665                 0         2.9961556        -244.68686                 0         424.80635                 0                 0                 0                 0                 0                 0               250            10.655	D1, 
         3.1972799       -0.84260297                 0         2.9987534        -244.68686                 0         424.80635                 0                 0                 0                 0                 0                 0               250            10.665	D1, 
         3.2002778       -0.84409929                 0         3.0013512        -244.68686                 0         424.80635                 0                 0                 0                 0                 0                 0               250            10.675	D1, 
         3.2032757       -0.84559561                 0          3.003949        -244.68686                 0         424.80635                 0                 0                 0                 0                 0                 0               250            10.685	D1, 
         3.2062737       -0.84709193                 0         3.0065468        -244.68686                 0         424.80635                 0                 0                 0                 0                 0                 0               250            10.695	D1, 
         3.2092716       -0.84858825                 0         3.0091446        -244.68686                 0         424.80635                 0                 0                 0                 0                 0                 0               250            10.705	D1, 
         3.2122695       -0.85008457                 0         3.0117424        -244.68686                 0         424.80635                 0                 0                 0                 0                 0                 0               250            10.715	D1, 
         3.2152674       -0.85158089                 0         3.0143402        -244.68686                 0         424.80635                 0                 0                 0                 0                 0                 0               250            10.725	D1, 
         3.2182653       -0.85307721                 0          3.016938        -244.68686                 0         424.80635                 0                 0                 0                 0                 0                 0               250            10.735	D1, 
         3.2212633       -0.85457353                 0         3.0195358        -244.68686                 0         424.80635                 0                 0                 0                 0                 0                 0               250            10.745	D1, 
         3.2242612       -0.85606985                 0         3.0221336        -244.68686                 0         424.80635                 0                 0                 0                 0                 0                 0               250            10.755	D1, 
         3.2272591       -0.85756617                 0         3.0247314        -244.68686                 0         424.80635                 0                 0                 0                 0                 0                 0               250            10.765	D1, 
          3.230257       -0.85906249                 0         3.0273292        -244.68686                 0         424.80635                 0                 0                 0                 0                 0                 0               250            10.775	D1, 
         3.2332549       -0.86055881                 0          3.029927        -244.68686                 0         424.80635                 0                 0                 0                 0                 0                 0               250            10.785	D1, 
         3.2362529       -0.86205513                 0         3.0325248        -244.68686                 0         424.80635                 0                 0                 0                 0                 0                 0               250            10.795	D1, 
         3.2392508       -0.86355145                 0         3.0351226        -244.68686                 0         424.80635                 0                 0                 0                 0                 0                 0               250            10.805	D1, 
         3.2422487       -0.86504777                 0         3.0377204        -244.68686                 0         424.80635                 0                 0                 0                 0                 0                 0               250            10.815	D1, 
         3.2452466       -0.86654409                 0         3.0403182        -244.68686                 0         424.80635                 0                 0                 0                 0                 0                 0               250            10.825	D1, 
         3.2482445       -0.86804041                 0         3.0429159        -244.68686                 0         424.80635                 0                 0                 0                 0                 0                 0               250            10.835	D1, 
         3.2512424       -0.86953673                 0         3.0455137        -244.68686                 0         424.80635                 0                 0                 0                 0                 0                 0               250            10.845	D1, 
         3.2542404       -0.87103305                 0         3.0481115        -244.68686                 0         424.80635                 0                 0                 0                 0                 0                 0               250            10.855	D1, 
         3.2572383       -0.87252937                 0         3.0507093        -244.68686                 0         424.80635                 0                 0                 0                 0                 0                 0               250            10.865	D1, 
         3.2602362       -0.87402569                 0         3.0533071        -244.68686                 0         424.80635                 0                 0                 0                 0                 0                 0               250            10.875	D1, 
         3.2632341       -0.87552201                 0         3.0559049        -244.68686                 0         424.80635                 0                 0                 0                 0                 0                 0               250            10.885	D1, 
          3.266232       -0.87701833                 0         3.0585027        -244.68686                 0         424.80635                 0                 0                 0                 0                 0                 0               250            10.895	D1, 
           3.26923       -0.87851465                 0         3.0611005        -244.68686                 0         424.80635                 0                 0                 0                 0                 0                 0               250            10.905	D1, 
         3.2722279       -0.88001097                 0         3.0636983        -244.68686                 0         424.80635                 0                 0                 0                 0                 0                 0               250            10.915	D1, 
         3.2752258       -0.88150729                 0         3.0662961        -244.68686                 0         424.80635                 0                 0                 0                 0                 0                 0               250            10.925	D1, 
         3.2782237       -0.88300361                 0         3.0688939        -244.68686                 0         424.80635                 0                 0                 0                 0                 0                 0               250            10.935	D1, 
         3.2812216       -0.88449993                 0         3.0714917        -244.68686                 0         424.80635                 0                 0                 0                 0                 0                 0               250            10.945	D1, 
         3.2842195       -0.88599625                 0         3.0740895        -244.68686                 0         424.80635                 0                 0                 0                 0                 0                 0               250            10.955	D1, 
         3.2872175       -0.88749258                 0         3.0766873        -244.68686                 0         424.80635                 0                 0                 0                 0                 0                 0               250            10.965	D1, 
         3.2902154        -0.8889889                 0         3.0792851        -244.68686                 0         424.80635                 0                 0                 0                 0                 0                 0               250            10.975	D1, 
         3.2932133       -0.89048522                 0         3.0818829        -244.68686                 0         424.80635                 0                 0                 0                 0                 0                 0               250            10.985	D1, 
         3.2962112       -0.89198154                 0         3.0844807        -244.68686                 0         424.80635                 0                 0                 0                 0                 0                 0               250            10.995	D1, 
         3.2992091       -0.89347786                 0         3.0870785        -244.68686                 0         424.80635                 0                 0                 0                 0                 0                 0               250            11.005	D1, 
         3.3022071       -0.89497418                 0         3.0896763        -244.68686                 0         424.80635                 0                 0                 0                 0                 0                 0               250            11.015	D1, 
          3.305205        -0.8964705                 0         3.0922741        -244.68686                 0         424.80635                 0                 0                 0                 0                 0                 0               250            11.025	D1, 
         3.3082029       -0.89796682                 0         3.0948719        -244.68686                 0         424.80635                 0                 0                 0                 0                 0                 0               250            11.035	D1, 
         3.3112008       -0.89946314                 0         3.0974696        -244.68686                 0         424.80635                 0                 0                 0                 0                 0                 0               250            11.045	D1, 
         3.3141987       -0.90095946                 0         3.1000674        -244.68686                 0         424.80635                 0                 0                 0                 0                 0                 0               250            11.055	D1, 
         3.3171966       -0.90245578                 0         3.1026652        -244.68686                 0         424.80635                 0                 0                 0                 0                 0                 0               250            11.065	D1, 
         3.3201946        -0.9039521                 0          3.105263        -244.68686                 0         424.80635                 0                 0                 0                 0                 0                 0               250            11.075	D1, 
         3.3231925       -0.90544842                 0         3.1078608        -244.68686                 0         424.80635                 0                 0                 0                 0                 0                 0               250            11.085	D1, 
         3.3261904       -0.90694474                 0         3.1104586        -244.68686                 0         424.80635                 0                 0                 0                 0                 0                 0               250            11.095	D1, 
         3.3291883       -0.90844106                 0         3.1130564        -244.68686                 0         424.80635                 0                 0                 0                 0                 0                 0               250            11.105	D1, 
         3.3321862       -0.90993738                 0         3.1156542        -244.68686                 0         424.80635                 0                 0                 0                 0                 0                 0               250            11.115	D1, 
         3.3351842        -0.9114337                 0          3.118252        -244.68686                 0         424.80635                 0                 0                 0                 0                 0                 0               250            11.125	D1, 
         3.3381821       -0.91293002                 0         3.1208498        -244.68686                 0         424.80635                 0                 0                 0                 0                 0                 0               250            11.135	D1, 
           3.34118       -0.91442634                 0         3.1234476        -244.68686                 0         424.80635                 0                 0                 0                 0                 0                 0               250            11.145	D1, 
         3.3441779       -0.91592266                 0         3.1260454        -244.68686                 0         424.80635                 0                 0                 0                 0                 0                 0               250            11.155	D1, 
         3.3471758       -0.91741898                 0         3.1286432        -244.68686                 0         424.80635                 0                 0                 0                 0                 0                 0               250            11.165	D1, 
         3.3501737        -0.9189153                 0          3.131241        -244.68686                 0         424.80635                 0                 0                 0                 0                 0                 0               250            11.175	D1, 
         3.3531717       -0.92041162                 0         3.1338388        -244.68686                 0         424.80635                 0                 0                 0                 0                 0                 0               250            11.185	D1, 
         3.3561696       -0.92190794                 0         3.1364366        -244.68686                 0         424.80635                 0                 0                 0                 0                 0                 0               250            11.195	D1, 
         3.3591675       -0.92340426                 0         3.1390344        -244.68686                 0         424.80635                 0                 0                 0                 0                 0                 0               250            11.205	D1, 
         3.3621654       -0.92490058                 0         3.1416322        -244.68686                 0         424.80635                 0                 0                 0                 0                 0                 0               250            11.215	D1, 
         3.3651633        -0.9263969                 0           3.14423        -244.68686                 0         424.80635                 0                 0                 0                 0                 0                 0               250            11.225	D1, 
         3.3681613       -0.92789322                 0         3.1468278        -244.68686                 0         424.80635                 0                 0                 0                 0                 0                 0               250            11.235	D1, 
         3.3711592       -0.92938954                 0         3.1494256        -244.68686                 0         424.80635                 0                 0                 0                 0                 0                 0               250            11.245	D1, 
         3.3741571       -0.93088586                 0         3.1520233        -244.68686                 0         424.80635                 0                 0                 0                 0                 0                 0               250            11.255	D1, 
          3.377155       -0.93238218                 0         3.1546211        -244.68686                 0         424.80635                 0                 0                 0                 0                 0                 0               250            11.265	D1, 
         3.3801529        -0.9338785                 0         3.1572189        -244.68686                 0         424.80635                 0                 0                 0                 0                 0                 0               250            11.275	D1, 
         3.3831509       -0.93537482                 0         3.1598167        -244.68686                 0         424.80635                 0                 0                 0                 0                 0                 0               250            11.285	D1, 
         3.3861488       -0.93687114                 0         3.1624145        -244.68686                 0         424.80635                 0                 0                 0                 0                 0                 0               250            11.295	D1, 
         3.3891467       -0.93836746                 0         3.1650123        -244.68686                 0         424.80635                 0                 0                 0                 0                 0                 0               250            11.305	D1, 
         3.3921446       -0.93986378                 0         3.1676101        -244.68686                 0         424.80635                 0                 0                 0                 0                 0                 0               250            11.315	D1, 
         3.3951425        -0.9413601                 0         3.1702079        -244.68686                 0         424.80635                 0                 0                 0                 0                 0                 0               250            11.325	D1, 
         3.3981404       -0.94285642                 0         3.1728057        -244.68686                 0         424.80635                 0                 0                 0                 0                 0                 0               250            11.335	D1, 
         3.4011384       -0.94435274                 0         3.1754035        -244.68686                 0         424.80635                 0                 0                 0                 0                 0                 0               250            11.345	D1, 
         3.4041363       -0.94584907                 0         3.1780013        -244.68686                 0         424.80635                 0                 0                 0                 0                 0                 0               250            11.355	D1, 
         3.4071342       -0.94734539                 0         3.1805991        -244.68686                 0         424.80635                 0                 0                 0                 0                 0                 0               250            11.365	D1, 
         3.4101321       -0.94884171                 0         3.1831969        -244.68686                 0         424.80635                 0                 0                 0                 0                 0                 0               250            11.375	D1, 
           3.41313       -0.95033803                 0         3.1857947        -244.68686                 0         424.80635                 0                 0                 0                 0                 0                 0               250            11.385	D1, 
          3.416128       -0.95183435                 0         3.1883925        -244.68686                 0         424.80635                 0                 0                 0                 0                 0                 0               250            11.395	D1, 
         3.4191259       -0.95333067                 0         3.1909903        -244.68686                 0         424.80635                 0                 0                 0                 0                 0                 0               250            11.405	D1, 
         3.4221238       -0.95482699                 0         3.1935881        -244.68686                 0         424.80635                 0                 0                 0                 0                 0                 0               250            11.415	D1, 
         3.4251217       -0.95632331                 0         3.1961859        -244.68686                 0         424.80635                 0                 0                 0                 0                 0                 0               250            11.425	D1, 
         3.4281196       -0.95781963                 0         3.1987837        -244.68686                 0         424.80635                 0                 0                 0                 0                 0                 0               250            11.435	D1, 
         3.4311175       -0.95931595                 0         3.2013815        -244.68686                 0         424.80635                 0                 0                 0                 0                 0                 0               250            11.445	D1, 
         3.4341155       -0.96081227                 0         3.2039793        -244.68686                 0         424.80635                 0                 0                 0                 0                 0                 0               250            11.455	D1, 
         3.4371134       -0.96230859                 0          3.206577        -244.68686                 0         424.80635                 0                 0                 0                 0                 0                 0               250            11.465	D1, 
         3.4401113       -0.96380491                 0         3.2091748        -244.68686                 0         424.80635                 0                 0                 0                 0                 0                 0               250            11.475	D1, 
         3.4431092       -0.96530123                 0         3.2117726        -244.68686                 0         424.80635                 0                 0                 0                 0                 0                 0               250            11.485	D1, 
         3.4461071       -0.96679755                 0         3.2143704        -244.68686                 0         424.80635                 0                 0                 0                 0                 0                 0               250            11.495	D1, 
         3.4491051       -0.96829387                 0         3.2169682        -244.68686                 0         424.80635                 0                 0                 0                 0                 0                 0               250            11.505	D1, 
          3.452103       -0.96979019                 0          3.219566        -244.68686                 0         424.80635                 0                 0                 0                 0                 0                 0               250            11.515	D1, 
         3.4551009       -0.97128651                 0         3.2221638        -244.68686                 0         424.80635                 0                 0                 0                 0                 0                 0               250            11.525	D1, 
         3.4580988       -0.97278283                 0         3.2247616        -244.68686                 0         424.80635                 0                 0                 0                 0                 0                 0               250            11.535	D1, 
         3.4610967       -0.97427915                 0         3.2273594        -244.68686                 0         424.80635                 0                 0                 0                 0                 0                 0               250            11.545	D1, 
         3.4640946       -0.97577547                 0         3.2299572        -244.68686                 0         424.80635                 0                 0                 0                 0                 0                 0               250            11.555	D1, 
         3.4670926       -0.97727179                 0          3.232555        -244.68686                 0         424.80635                 0                 0                 0                 0                 0                 0               250            11.565	D1, 
         3.4700905       -0.97876811                 0         3.2351528        -244.68686                 0         424.80635                 0                 0                 0                 0                 0                 0               250            11.575	D1, 
         3.4730884       -0.98026443                 0         3.2377506        -244.68686                 0         424.80635                 0                 0                 0                 0                 0                 0               250            11.585	D1, 
         3.4760863       -0.98176075                 0         3.2403484        -244.68686                 0         424.80635                 0                 0                 0                 0                 0                 0               250            11.595	D1, 
         3.4790842       -0.98325707                 0         3.2429462        -244.68686                 0         424.80635                 0                 0                 0                 0                 0                 0               250            11.605	D1, 
         3.4820822       -0.98475339                 0          3.245544        -244.68686                 0         424.80635                 0                 0                 0                 0                 0                 0               250            11.615	D1, 
         3.4850801       -0.98624971                 0         3.2481418        -244.68686                 0         424.80635                 0                 0                 0                 0                 0                 0               250            11.625	D1, 
          3.488078       -0.98774603                 0         3.2507396        -244.68686                 0         424.80635                 0                 0                 0                 0                 0                 0               250            11.635	D1, 
         3.4910759       -0.98924235                 0         3.2533374        -244.68686                 0         424.80635                 0                 0                 0                 0                 0                 0               250            11.645	D1, 
         3.4940738       -0.99073867                 0         3.2559352        -244.68686                 0         424.80635                 0                 0                 0                 0                 0                 0               250            11.655	D1, 
         3.4970717       -0.99223499                 0          3.258533        -244.68686                 0         424.80635                 0                 0                 0                 0                 0                 0               250            11.665	D1, 
         3.5000697       -0.99373131                 0         3.2611307        -244.68686                 0         424.80635                 0                 0                 0                 0                 0                 0               250            11.675	D1, 
         3.5030676       -0.99522763                 0         3.2637285        -244.68686                 0         424.80635                 0                 0                 0                 0                 0                 0               250            11.685	D1, 
         3.5060655       -0.99672395                 0         3.2663263        -244.68686                 0         424.80635                 0                 0                 0                 0                 0                 0               250            11.695	D1, 
         3.5090634       -0.99822027                 0         3.2689241        -244.68686                 0         424.80635                 0                 0                 0                 0                 0                 0               250            11.705	D1, 
         3.5120613       -0.99971659                 0         3.2715219        -244.68686                 0         424.80635                 0                 0                 0                 0                 0                 0               250            11.715	D1, 
         3.5150593        -1.0012129                 0         3.2741197        -244.68686                 0         424.80635                 0                 0                 0                 0                 0                 0               250            11.725	D1, 
         3.5180572        -1.0027092                 0         3.2767175        -244.68686                 0         424.80635                 0                 0                 0                 0                 0                 0               250            11.735	D1, 
         3.5210551        -1.0042056                 0         3.2793153        -244.68686                 0         424.80635                 0                 0                 0                 0                 0                 0               250            11.745	D1, 
          3.524053        -1.0057019                 0         3.2819131        -244.68686                 0         424.80635                 0                 0                 0                 0                 0                 0               250            11.755	D1, 
         3.5270509        -1.0071982                 0         3.2845109        -244.68686                 0         424.80635                 0                 0                 0                 0                 0                 0               250            11.765	D1, 
         3.5300488        -1.0086945                 0         3.2871087        -244.68686                 0         424.80635                 0                 0                 0                 0                 0                 0               250            11.775	D1, 
         3.5330468        -1.0101908                 0         3.2897065        -244.68686                 0         424.80635                 0                 0                 0                 0                 0                 0               250            11.785	D1, 
         3.5360447        -1.0116872                 0         3.2923043        -244.68686                 0         424.80635                 0                 0                 0                 0                 0                 0               250            11.795	D1, 
         3.5390426        -1.0131835                 0         3.2949021        -244.68686                 0         424.80635                 0                 0                 0                 0                 0                 0               250            11.805	D1, 
         3.5420405        -1.0146798                 0         3.2974999        -244.68686                 0         424.80635                 0                 0                 0                 0                 0                 0               250            11.815	D1, 
         3.5450384        -1.0161761                 0         3.3000977        -244.68686                 0         424.80635                 0                 0                 0                 0                 0                 0               250            11.825	D1, 
         3.5480364        -1.0176724                 0         3.3026955        -244.68686                 0         424.80635                 0                 0                 0                 0                 0                 0               250            11.835	D1, 
         3.5510343        -1.0191688                 0         3.3052933        -244.68686                 0         424.80635                 0                 0                 0                 0                 0                 0               250            11.845	D1, 
         3.5540322        -1.0206651                 0         3.3078911        -244.68686                 0         424.80635                 0                 0                 0                 0                 0                 0               250            11.855	D1, 
         3.5570301        -1.0221614                 0         3.3104889        -244.68686                 0         424.80635                 0                 0                 0                 0                 0                 0               250            11.865	D1, 
          3.560028        -1.0236577                 0         3.3130867        -244.68686                 0         424.80635                 0                 0                 0                 0                 0                 0               250            11.875	D1, 
          3.563026         -1.025154                 0         3.3156844        -244.68686                 0         424.80635                 0                 0                 0                 0                 0                 0               250            11.885	D1, 
         3.5660239        -1.0266504                 0         3.3182822        -244.68686                 0         424.80635                 0                 0                 0                 0                 0                 0               250            11.895	D1, 
         3.5690218        -1.0281467                 0           3.32088        -244.68686                 0         424.80635                 0                 0                 0                 0                 0                 0               250            11.905	D1, 
         3.5720197         -1.029643                 0         3.3234778        -244.68686                 0         424.80635                 0                 0                 0                 0                 0                 0               250            11.915	D1, 
         3.5750176        -1.0311393                 0         3.3260756        -244.68686                 0         424.80635                 0                 0                 0                 0                 0                 0               250            11.925	D1, 
         3.5780155        -1.0326356                 0         3.3286734        -244.68686                 0         424.80635                 0                 0                 0                 0                 0                 0               250            11.935	D1, 
         3.5810135         -1.034132                 0         3.3312712        -244.68686                 0         424.80635                 0                 0                 0                 0                 0                 0               250            11.945	D1, 
         3.5840114        -1.0356283                 0          3.333869        -244.68686                 0         424.80635                 0                 0                 0                 0                 0                 0               250            11.955	D1, 
         3.5870093        -1.0371246                 0         3.3364668        -244.68686                 0         424.80635                 0                 0                 0                 0                 0                 0               250            11.965	D1, 
         3.5900072        -1.0386209                 0         3.3390646        -244.68686                 0         424.80635                 0                 0                 0                 0                 0                 0               250            11.975	D1, 
         3.5930051        -1.0401172                 0         3.3416624        -244.68686                 0         424.80635                 0                 0                 0                 0                 0                 0               250            11.985	D1, 
         3.5960031        -1.0416136                 0         3.3442602        -244.68686                 0         424.80635                 0                 0                 0                 0                 0                 0               250            11.995	D1, 
          3.599001        -1.0431099                 0          3.346858        -244.68686                 0         424.80635                 0                 0                 0                 0                 0                 0               250            12.005	D1, 
         3.6019989        -1.0446062                 0         3.3494558        -244.68686                 0         424.80635                 0                 0                 0                 0                 0                 0               250            12.015	D1, 
         3.6049968        -1.0461025                 0         3.3520536        -244.68686                 0         424.80635                 0                 0                 0                 0                 0                 0               250            12.025	D1, 
         3.6079947        -1.0475988                 0         3.3546514        -244.68686                 0         424.80635                 0                 0                 0                 0                 0                 0               250            12.035	D1, 
         3.6109926        -1.0490952                 0         3.3572492        -244.68686                 0         424.80635                 0                 0                 0                 0                 0                 0               250            12.045	D1, 
         3.6139906        -1.0505915                 0          3.359847        -244.68686                 0         424.80635                 0                 0                 0                 0                 0                 0               250            12.055	D1, 
         3.6169885        -1.0520878                 0         3.3624448        -244.68686                 0         424.80635                 0                 0                 0                 0                 0                 0               250            12.065	D1, 
         3.6199864        -1.0535841                 0         3.3650426        -244.68686                 0         424.80635                 0                 0                 0                 0                 0                 0               250            12.075	D1, 
         3.6229843        -1.0550804                 0         3.3676404        -244.68686                 0         424.80635                 0                 0                 0                 0                 0                 0               250            12.085	D1, 
         3.6259822        -1.0565768                 0         3.3702381        -244.68686                 0         424.80635                 0                 0                 0                 0                 0                 0               250            12.095	D1, 
         3.6289802        -1.0580731                 0         3.3728359        -244.68686                 0         424.80635                 0                 0                 0                 0                 0                 0               250            12.105	D1, 
         3.6319781        -1.0595694                 0         3.3754337        -244.68686                 0         424.80635                 0                 0                 0                 0                 0                 0               250            12.115	D1, 
          3.634976        -1.0610657                 0         3.3780315        -244.68686                 0         424.80635                 0                 0                 0                 0                 0                 0               250            12.125	D1, 
         3.6379739         -1.062562                 0         3.3806293        -244.68686                 0         424.80635                 0                 0                 0                 0                 0                 0               250            12.135	D1, 
         3.6409718        -1.0640584                 0         3.3832271        -244.68686                 0         424.80635                 0                 0                 0                 0                 0                 0               250            12.145	D1, 
         3.6439697        -1.0655547                 0         3.3858249        -244.68686                 0         424.80635                 0                 0                 0                 0                 0                 0               250            12.155	D1, 
         3.6469677         -1.067051                 0         3.3884227        -244.68686                 0         424.80635                 0                 0                 0                 0                 0                 0               250            12.165	D1, 
         3.6499656        -1.0685473                 0         3.3910205        -244.68686                 0         424.80635                 0                 0                 0                 0                 0                 0               250            12.175	D1, 
         3.6529635        -1.0700436                 0         3.3936183        -244.68686                 0         424.80635                 0                 0                 0                 0                 0                 0               250            12.185	D1, 
         3.6559614          -1.07154                 0         3.3962161        -244.68686                 0         424.80635                 0                 0                 0                 0                 0                 0               250            12.195	D1, 
         3.6589593        -1.0730363                 0         3.3988139        -244.68686                 0         424.80635                 0                 0                 0                 0                 0                 0               250            12.205	D1, 
         3.6619573        -1.0745326                 0         3.4014117        -244.68686                 0         424.80635                 0                 0                 0                 0                 0                 0               250            12.215	D1, 
         3.6649552        -1.0760289                 0         3.4040095        -244.68686                 0         424.80635                 0                 0                 0                 0                 0                 0               250            12.225	D1, 
         3.6679531        -1.0775252                 0         3.4066073        -244.68686                 0         424.80635                 0                 0                 0                 0                 0                 0               250            12.235	D1, 
          3.670951        -1.0790216                 0         3.4092051        -244.68686                 0         424.80635                 0                 0                 0                 0                 0                 0               250            12.245	D1, 
         3.6739489        -1.0805179                 0         3.4118029        -244.68686                 0         424.80635                 0                 0                 0                 0                 0                 0               250            12.255	D1, 
         3.6769468        -1.0820142                 0         3.4144007        -244.68686                 0         424.80635                 0                 0                 0                 0                 0                 0               250            12.265	D1, 
         3.6799448        -1.0835105                 0         3.4169985        -244.68686                 0         424.80635                 0                 0                 0                 0                 0                 0               250            12.275	D1, 
         3.6829427        -1.0850068                 0         3.4195963        -244.68686                 0         424.80635                 0                 0                 0                 0                 0                 0               250            12.285	D1, 
         3.6859406        -1.0865032                 0         3.4221941        -244.68686                 0         424.80635                 0                 0                 0                 0                 0                 0               250            12.295	D1, 
         3.6889385        -1.0879995                 0         3.4247918        -244.68686                 0         424.80635                 0                 0                 0                 0                 0                 0               250            12.305	D1, 
         3.6919364        -1.0894958                 0         3.4273896        -244.68686                 0         424.80635                 0                 0                 0                 0                 0                 0               250            12.315	D1, 
         3.6949344        -1.0909921                 0         3.4299874        -244.68686                 0         424.80635                 0                 0                 0                 0                 0                 0               250            12.325	D1, 
         3.6979323        -1.0924885                 0         3.4325852        -244.68686                 0         424.80635                 0                 0                 0                 0                 0                 0               250            12.335	D1, 
         3.7009302        -1.0939848                 0          3.435183        -244.68686                 0         424.80635                 0                 0                 0                 0                 0                 0               250            12.345	D1, 
         3.7039281        -1.0954811                 0         3.4377808        -244.68686                 0         424.80635                 0                 0                 0                 0                 0                 0               250            12.355	D1, 
          3.706926        -1.0969774                 0         3.4403786        -244.68686                 0         424.80635                 0                 0                 0                 0                 0                 0               250            12.365	D1, 
         3.7099239        -1.0984737                 0         3.4429764        -244.68686                 0         424.80635                 0                 0                 0                 0                 0                 0               250            12.375	D1, 
         3.7129219        -1.0999701                 0         3.4455742        -244.68686                 0         424.80635                 0                 0                 0                 0                 0                 0               250            12.385	D1, 
         3.7159198        -1.1014664                 0          3.448172        -244.68686                 0         424.80635                 0                 0                 0                 0                 0                 0               250            12.395	D1, 
         3.7189177        -1.1029627                 0         3.4507698        -244.68686                 0         424.80635                 0                 0                 0                 0                 0                 0               250            12.405	D1, 
         3.7219156         -1.104459                 0         3.4533676        -244.68686                 0         424.80635                 0                 0                 0                 0                 0                 0               250            12.415	D1, 
         3.7249135        -1.1059553                 0         3.4559654        -244.68686                 0         424.80635                 0                 0                 0                 0                 0                 0               250            12.425	D1, 
         3.7279115        -1.1074517                 0         3.4585632        -244.68686                 0         424.80635                 0                 0                 0                 0                 0                 0               250            12.435	D1, 
         3.7309094         -1.108948                 0          3.461161        -244.68686                 0         424.80635                 0                 0                 0                 0                 0                 0               250            12.445	D1, 
         3.7339073        -1.1104443                 0         3.4637588        -244.68686                 0         424.80635                 0                 0                 0                 0                 0                 0               250            12.455	D1, 
         3.7369052        -1.1119406                 0         3.4663566        -244.68686                 0         424.80635                 0                 0                 0                 0                 0                 0               250            12.465	D1, 
         3.7399031        -1.1134369                 0         3.4689544        -244.68686                 0         424.80635                 0                 0                 0                 0                 0                 0               250            12.475	D1, 
         3.7429011        -1.1149333                 0         3.4715522        -244.68686                 0         424.80635                 0                 0                 0                 0                 0                 0               250            12.485	D1, 
          3.745899        -1.1164296                 0           3.47415        -244.68686                 0         424.80635                 0                 0                 0                 0                 0                 0               250            12.495	D1, 
         3.7488969        -1.1179259                 0         3.4767478        -244.68686                 0         424.80635                 0                 0                 0                 0                 0                 0               250            12.505	D1, 
         3.7518948        -1.1194222                 0         3.4793455        -244.68686                 0         424.80635                 0                 0                 0                 0                 0                 0               250            12.515	D1, 
         3.7548927        -1.1209185                 0         3.4819433        -244.68686                 0         424.80635                 0                 0                 0                 0                 0                 0               250            12.525	D1, 
         3.7578906        -1.1224149                 0         3.4845411        -244.68686                 0         424.80635                 0                 0                 0                 0                 0                 0               250            12.535	D1, 
         3.7608886        -1.1239112                 0         3.4871389        -244.68686                 0         424.80635                 0                 0                 0                 0                 0                 0               250            12.545	D1, 
         3.7638865        -1.1254075                 0         3.4897367        -244.68686                 0         424.80635                 0                 0                 0                 0                 0                 0               250            12.555	D1, 
         3.7668844        -1.1269038                 0         3.4923345        -244.68686                 0         424.80635                 0                 0                 0                 0                 0                 0               250            12.565	D1, 
         3.7698823        -1.1284001                 0         3.4949323        -244.68686                 0         424.80635                 0                 0                 0                 0                 0                 0               250            12.575	D1, 
         3.7728802        -1.1298965                 0         3.4975301        -244.68686                 0         424.80635                 0                 0                 0                 0                 0                 0               250            12.585	D1, 
         3.7758782        -1.1313928                 0         3.5001279        -244.68686                 0         424.80635                 0                 0                 0                 0                 0                 0               250            12.595	D1, 
         3.7788761        -1.1328891                 0         3.5027257        -244.68686                 0         424.80635                 0                 0                 0                 0                 0                 0               250            12.605	D1, 
          3.781874        -1.1343854                 0         3.5053235        -244.68686                 0         424.80635                 0                 0                 0                 0                 0                 0               250            12.615	D1, 
         3.7848719        -1.1358817                 0         3.5079213        -244.68686                 0         424.80635                 0                 0                 0                 0                 0                 0               250            12.625	D1, 
         3.7878698        -1.1373781                 0         3.5105191        -244.68686                 0         424.80635                 0                 0                 0                 0                 0                 0               250            12.635	D1, 
         3.7908677        -1.1388744                 0         3.5131169        -244.68686                 0         424.80635                 0                 0                 0                 0                 0                 0               250            12.645	D1, 
         3.7938657        -1.1403707                 0         3.5157147        -244.68686                 0         424.80635                 0                 0                 0                 0                 0                 0               250            12.655	D1, 
         3.7968636         -1.141867                 0         3.5183125        -244.68686                 0         424.80635                 0                 0                 0                 0                 0                 0               250            12.665	D1, 
         3.7998615        -1.1433633                 0         3.5209103        -244.68686                 0         424.80635                 0                 0                 0                 0                 0                 0               250            12.675	D1, 
         3.8028594        -1.1448597                 0         3.5235081        -244.68686                 0         424.80635                 0                 0                 0                 0                 0                 0               250            12.685	D1, 
         3.8058573         -1.146356                 0         3.5261059        -244.68686                 0         424.80635                 0                 0                 0                 0                 0                 0               250            12.695	D1, 
         3.8088553        -1.1478523                 0         3.5287037        -244.68686                 0         424.80635                 0                 0                 0                 0                 0                 0               250            12.705	D1, 
         3.8118532        -1.1493486                 0         3.5313015        -244.68686                 0         424.80635                 0                 0                 0                 0                 0                 0               250            12.715	D1, 
         3.8148511        -1.1508449                 0         3.5338992        -244.68686                 0         424.80635                 0                 0                 0                 0                 0                 0               250            12.725	D1, 
          3.817849        -1.1523413                 0          3.536497        -244.68686                 0         424.80635                 0                 0                 0                 0                 0                 0               250            12.735	D1, 
         3.8208469        -1.1538376                 0         3.5390948        -244.68686                 0         424.80635                 0                 0                 0                 0                 0                 0               250            12.745	D1, 
         3.8238448        -1.1553339                 0         3.5416926        -244.68686                 0         424.80635                 0                 0                 0                 0                 0                 0               250            12.755	D1, 
         3.8268428        -1.1568302                 0         3.5442904        -244.68686                 0         424.80635                 0                 0                 0                 0                 0                 0               250            12.765	D1, 
         3.8298407        -1.1583265                 0         3.5468882        -244.68686                 0         424.80635                 0                 0                 0                 0                 0                 0               250            12.775	D1, 
         3.8328386        -1.1598229                 0          3.549486        -244.68686                 0         424.80635                 0                 0                 0                 0                 0                 0               250            12.785	D1, 
         3.8358365        -1.1613192                 0         3.5520838        -244.68686                 0         424.80635                 0                 0                 0                 0                 0                 0               250            12.795	D1, 
         3.8388344        -1.1628155                 0         3.5546816        -244.68686                 0         424.80635                 0                 0                 0                 0                 0                 0               250            12.805	D1, 
         3.8418324        -1.1643118                 0         3.5572794        -244.68686                 0         424.80635                 0                 0                 0                 0                 0                 0               250            12.815	D1, 
         3.8448303        -1.1658081                 0         3.5598772        -244.68686                 0         424.80635                 0                 0                 0                 0                 0                 0               250            12.825	D1, 
         3.8478282        -1.1673045                 0          3.562475        -244.68686                 0         424.80635                 0                 0                 0                 0                 0                 0               250            12.835	D1, 
         3.8508261        -1.1688008                 0         3.5650728        -244.68686                 0         424.80635                 0                 0                 0                 0                 0                 0               250            12.845	D1, 
          3.853824        -1.1702971                 0         3.5676706        -244.68686                 0         424.80635                 0                 0                 0                 0                 0                 0               250            12.855	D1, 
         3.8568219        -1.1717934                 0         3.5702684        -244.68686                 0         424.80635                 0                 0                 0                 0                 0                 0               250            12.865	D1, 
         3.8598199        -1.1732897                 0         3.5728662        -244.68686                 0         424.80635                 0                 0                 0                 0                 0                 0               250            12.875	D1, 
         3.8628178        -1.1747861                 0          3.575464        -244.68686                 0         424.80635                 0                 0                 0                 0                 0                 0               250            12.885	D1, 
         3.8658157        -1.1762824                 0         3.5780618        -244.68686                 0         424.80635                 0                 0                 0                 0                 0                 0               250            12.895	D1, 
         3.8688136        -1.1777787                 0         3.5806596        -244.68686                 0         424.80635                 0                 0                 0                 0                 0                 0               250            12.905	D1, 
         3.8718115         -1.179275                 0         3.5832574        -244.68686                 0         424.80635                 0                 0                 0                 0                 0                 0               250            12.915	D1, 
         3.8748095        -1.1807713                 0         3.5858552        -244.68686                 0         424.80635                 0                 0                 0                 0                 0                 0               250            12.925	D1, 
         3.8778074        -1.1822677                 0         3.5884529        -244.68686                 0         424.80635                 0                 0                 0                 0                 0                 0               250            12.935	D1, 
         3.8808053         -1.183764                 0         3.5910507        -244.68686                 0         424.80635                 0                 0                 0                 0                 0                 0               250            12.945	D1, 
         3.8838032        -1.1852603                 0         3.5936485        -244.68686                 0         424.80635                 0                 0                 0                 0                 0                 0               250            12.955	D1, 
         3.8868011        -1.1867566                 0         3.5962463        -244.68686                 0         424.80635                 0                 0                 0                 0                 0                 0               250            12.965	D1, 
         3.8897991        -1.1882529                 0         3.5988441        -244.68686                 0         424.80635                 0                 0                 0                 0                 0                 0               250            12.975	D1, 
          3.892797        -1.1897493                 0         3.6014419        -244.68686                 0         424.80635                 0                 0                 0                 0                 0                 0               250            12.985	D1, 
         3.8957949        -1.1912456                 0         3.6040397        -244.68686                 0         424.80635                 0                 0                 0                 0                 0                 0               250            12.995	D1, 
         3.8987928        -1.1927419                 0         3.6066375        -244.68686                 0         424.80635                 0                 0                 0                 0                 0                 0               250            13.005	D1, 
         3.9017907        -1.1942382                 0         3.6092353        -244.68686                 0         424.80635                 0                 0                 0                 0                 0                 0               250            13.015	D1, 
         3.9047886        -1.1957345                 0         3.6118331        -244.68686                 0         424.80635                 0                 0                 0                 0                 0                 0               250            13.025	D1, 
         3.9077866        -1.1972309                 0         3.6144309        -244.68686                 0         424.80635                 0                 0                 0                 0                 0                 0               250            13.035	D1, 
         3.9107845        -1.1987272                 0         3.6170287        -244.68686                 0         424.80635                 0                 0                 0                 0                 0                 0               250            13.045	D1, 
         3.9137824        -1.2002235                 0         3.6196265        -244.68686                 0         424.80635                 0                 0                 0                 0                 0                 0               250            13.055	D1, 
         3.9167803        -1.2017198                 0         3.6222243        -244.68686                 0         424.80635                 0                 0                 0                 0                 0                 0               250            13.065	D1, 
         3.9197782        -1.2032161                 0         3.6248221        -244.68686                 0         424.80635                 0                 0                 0                 0                 0                 0               250            13.075	D1, 
         3.9227762        -1.2047125                 0         3.6274199        -244.68686                 0         424.80635                 0                 0                 0                 0                 0                 0               250            13.085	D1, 
         3.9257741        -1.2062088                 0         3.6300177        -244.68686                 0         424.80635                 0                 0                 0                 0                 0                 0               250            13.095	D1, 
          3.928772        -1.2077051                 0         3.6326155        -244.68686                 0         424.80635                 0                 0                 0                 0                 0                 0               250            13.105	D1, 
         3.9317699        -1.2092014                 0         3.6352133        -244.68686                 0         424.80635                 0                 0                 0                 0                 0                 0               250            13.115	D1, 
         3.9347678        -1.2106978                 0         3.6378111        -244.68686                 0         424.80635                 0                 0                 0                 0                 0                 0               250            13.125	D1, 
         3.9377657        -1.2121941                 0         3.6404089        -244.68686                 0         424.80635                 0                 0                 0                 0                 0                 0               250            13.135	D1, 
         3.9407637        -1.2136904                 0         3.6430066        -244.68686                 0         424.80635                 0                 0                 0                 0                 0                 0               250            13.145	D1, 
         3.9437616        -1.2151867                 0         3.6456044        -244.68686                 0         424.80635                 0                 0                 0                 0                 0                 0               250            13.155	D1, 
         3.9467595         -1.216683                 0         3.6482022        -244.68686                 0         424.80635                 0                 0                 0                 0                 0                 0               250            13.165	D1, 
         3.9497574        -1.2181794                 0            3.6508        -244.68686                 0         424.80635                 0                 0                 0                 0                 0                 0               250            13.175	D1, 
         3.9527553        -1.2196757                 0         3.6533978        -244.68686                 0         424.80635                 0                 0                 0                 0                 0                 0               250            13.185	D1, 
         3.9557533         -1.221172                 0         3.6559956        -244.68686                 0         424.80635                 0                 0                 0                 0                 0                 0               250            13.195	D1, 
         3.9587512        -1.2226683                 0         3.6585934        -244.68686                 0         424.80635                 0                 0                 0                 0                 0                 0               250            13.205	D1, 
         3.9617491        -1.2241646                 0         3.6611912        -244.68686                 0         424.80635                 0                 0                 0                 0                 0                 0               250            13.215	D1, 
          3.964747         -1.225661                 0          3.663789        -244.68686                 0         424.80635                 0                 0                 0                 0                 0                 0               250            13.225	D1, 
         3.9677449        -1.2271573                 0         3.6663868        -244.68686                 0         424.80635                 0                 0                 0                 0                 0                 0               250            13.235	D1, 
         3.9707428        -1.2286536                 0         3.6689846        -244.68686                 0         424.80635                 0                 0                 0                 0                 0                 0               250            13.245	D1, 
         3.9737408        -1.2301499                 0         3.6715824        -244.68686                 0         424.80635                 0                 0                 0                 0                 0                 0               250            13.255	D1, 
         3.9767387        -1.2316462                 0         3.6741802        -244.68686                 0         424.80635                 0                 0                 0                 0                 0                 0               250            13.265	D1, 
         3.9797366        -1.2331426                 0          3.676778        -244.68686                 0         424.80635                 0                 0                 0                 0                 0                 0               250            13.275	D1, 
         3.9827345        -1.2346389                 0         3.6793758        -244.68686                 0         424.80635                 0                 0                 0                 0                 0                 0               250            13.285	D1, 
         3.9857324        -1.2361352                 0         3.6819736        -244.68686                 0         424.80635                 0                 0                 0                 0                 0                 0               250            13.295	D1, 
         3.9887304        -1.2376315                 0         3.6845714        -244.68686                 0         424.80635                 0                 0                 0                 0                 0                 0               250            13.305	D1, 
         3.9917283        -1.2391278                 0         3.6871692        -244.68686                 0         424.80635                 0                 0                 0                 0                 0                 0               250            13.315	D1, 
         3.9947262        -1.2406242                 0          3.689767        -244.68686                 0         424.80635                 0                 0                 0                 0                 0                 0               250            13.325	D1, 
         3.9977241        -1.2421205                 0         3.6923648        -244.68686                 0         424.80635                 0                 0                 0                 0                 0                 0               250            13.335	D1, 
          4.000722        -1.2436168                 0         3.6949626        -244.68686                 0         424.80635                 0                 0                 0                 0                 0                 0               250            13.345	D1, 
         4.0037199        -1.2451131                 0         3.6975603        -244.68686                 0         424.80635                 0                 0                 0                 0                 0                 0               250            13.355	D1, 
         4.0067179        -1.2466094                 0         3.7001581        -244.68686                 0         424.80635                 0                 0                 0                 0                 0                 0               250            13.365	D1, 
         4.0097158        -1.2481058                 0         3.7027559        -244.68686                 0         424.80635                 0                 0                 0                 0                 0                 0               250            13.375	D1, 
         4.0127137        -1.2496021                 0         3.7053537        -244.68686                 0         424.80635                 0                 0                 0                 0                 0                 0               250            13.385	D1, 
         4.0157116        -1.2510984                 0         3.7079515        -244.68686                 0         424.80635                 0                 0                 0                 0                 0                 0               250            13.395	D1, 
         4.0187095        -1.2525947                 0         3.7105493        -244.68686                 0         424.80635                 0                 0                 0                 0                 0                 0               250            13.405	D1, 
         4.0217075         -1.254091                 0         3.7131471        -244.68686                 0         424.80635                 0                 0                 0                 0                 0                 0               250            13.415	D1, 
         4.0247054        -1.2555874                 0         3.7157449        -244.68686                 0         424.80635                 0                 0                 0                 0                 0                 0               250            13.425	D1, 
         4.0277033        -1.2570837                 0         3.7183427        -244.68686                 0         424.80635                 0                 0                 0                 0                 0                 0               250            13.435	D1, 
         4.0307012          -1.25858                 0         3.7209405        -244.68686                 0         424.80635                 0                 0                 0                 0                 0                 0               250            13.445	D1, 
         4.0336991        -1.2600763                 0         3.7235383        -244.68686                 0         424.80635                 0                 0                 0                 0                 0                 0               250            13.455	D1, 
          4.036697        -1.2615726                 0         3.7261361        -244.68686                 0         424.80635                 0                 0                 0                 0                 0                 0               250            13.465	D1, 
          4.039695         -1.263069                 0         3.7287339        -244.68686                 0         424.80635                 0                 0                 0                 0                 0                 0               250            13.475	D1, 
         4.0426929        -1.2645653                 0         3.7313317        -244.68686                 0         424.80635                 0                 0                 0                 0                 0                 0               250            13.485	D1, 
         4.0445666        -1.2655005                 0         3.7329553        -244.68686                 0         424.80635                 0                 0                 0                 0                 0                 0               250          13.49125	D1, 
         4.0449647        -1.2656992                 0         3.7333003        -244.68686                 0         424.80635                 0                 0                 0                 0                 0                 0               250         13.492578	D1, 
          4.044994        -1.2657138                 0         3.7333257        -244.68686                 0         424.80635                 0                 0                 0                 0                 0                 0               250         13.492676	D1, 
         4.0450028        -1.2657182                 0         3.7333333        -244.68686                 0         424.80635                 0                 0                 0                 0                 0                 0               250         13.492705	D1, 
         4.0450065          -1.26572                 0         3.7333365        -244.68686                 0         424.80635                 0                 0                 0                 0                 0                 0               250         13.492717	D1, 
         4.0450074        -1.2657205                 0         3.7333373        -244.68686                 0         424.80635                 0                 0                 0                 0                 0                 0               250          13.49272	D1, 
         4.0450076        -1.2657206                 0         3.7333374        -244.68686                 0         424.80635                 0                 0                 0                 0                 0                 0               250         13.492721	D1, 
         4.0450076        -1.2657206                 0         3.7333375        -244.68686                 0         424.80635                 0                 0                 0                 0                 0                 0               250         13.492721	D1, 
         4.0450076        -1.2657206                 0         3.7333375        -244.68686                 0         424.80635                 0                 0                 0                 0                 0                 0               250         13.492721	D1, 
         4.0450076        -1.2657206                 0         3.7333375        -244.68686                 0         424.80635                 0                 0                 0                 0                 0                 0               250         13.492721	D1, 
         4.0450076        -1.2657206                 0         3.7333375        -244.68686                 0         424.80635                 0                 0                 0                 0                 0                 0               250         13.492721	D1, 
         4.0450076        -1.2657206                 0         3.7333375        -244.68686                 0         424.80635                 0                 0                 0                 0                 0                 0               250         13.492721	D1, 
         4.0450076        -1.2657206                 0         3.7333375        -244.68686                 0         424.80635                 0                 0                 0                 0                 0                 0               250         13.492721	D1, 
         4.0450076        -1.2657206                 0         3.7333375        -244.68686                 0         424.80635                 0                 0                 0                 0                 0                 0               250         13.492721	D1, 
         4.0450076        -1.2657206                 0         3.7333375        -244.68686                 0         424.80635                 0                 0                 0                 0      -0.013701773                 0               250         13.492721	QACH, 
         4.0450076        -1.2657206                 0         3.7333375        -244.68686                 0         424.80635                 0                 0                 0                 0      -0.013701773                 0               250         13.492721	QACH, 
         4.0450076        -1.2657206                 0         3.7333375        -244.68686                 0         424.80635                 0                 0                 0                 0      -0.013701773                 0               250         13.492721	QACH, 
         4.0450076        -1.2657206                 0         3.7333375        -244.68686                 0         424.80635                 0                 0                 0                 0      -0.013701773                 0               250         13.492721	QACH, 
         4.0450076        -1.2657206                 0         3.7333375        -244.68686                 0         424.80635                 0                 0                 0                 0      -0.013701773                 0               250         13.492721	QACH, 
         4.0450076        -1.2657206                 0         3.7333375        -244.68686                 0         424.80635                 0                 0                 0                 0      -0.013701773                 0               250         13.492721	QACH, 
         4.0450076        -1.2657206                 0         3.7333375        -244.68686                 0         424.80635                 0                 0                 0                 0      -0.013701773                 0               250         13.492721	QACH, 
         4.0450076        -1.2657206                 0         3.7333375        -244.68686                 0         424.80635                 0                 0                 0                 0      -0.013701773                 0               250         13.492721	QACH, 
         4.0450076        -1.2657206                 0         3.7333375        -244.68686                 0         424.80635                 0                 0                 0                 0      -0.013701773                 0               250         13.492721	QACH, 
         4.0450076        -1.2657206                 0         3.7333375        -244.68686                 0         424.80635                 0                 0                 0                 0      -0.013701773                 0               250         13.492721	QACH, 
         4.0450076        -1.2657206                 0         3.7333375        -244.68686                 0         424.80635                 0                 0                 0                 0      -0.013701773                 0               250         13.492721	QACH, 
         4.0450076        -1.2657206                 0         3.7333375        -244.68686                 0         424.80635                 0                 0                 0                 0      -0.013701773                 0               250         13.492721	QACH, 
         4.0450076        -1.2657206                 0         3.7333375        -244.68686                 0         424.80635                 0                 0                 0                 0      -0.013701773                 0               250         13.492721	QACH, 
         4.0450076        -1.2657206                 0         3.7333375        -244.68686                 0         424.80635                 0                 0                 0                 0      -0.013701773                 0               250         13.492721	QACH, 
         4.0450077        -1.2657206                 0         3.7333375        -244.68686                 0         424.80635                 0                 0                 0                 0      -0.013701774                 0               250         13.492721	QACH, 
         4.0450078        -1.2657207                 0         3.7333377        -244.68686                 0         424.80635                 0                 0                 0                 0      -0.013701774                 0               250         13.492722	QACH, 
         4.0450083        -1.2657209                 0         3.7333381        -244.68686                 0         424.80635                 0                 0                 0                 0      -0.013701777                 0               250         13.492723	QACH, 
         4.0450101        -1.2657219                 0         3.7333396        -244.68687                 0         424.80634                 0                 0                 0                 0      -0.013701787                 0               250         13.492729	QACH, 
         4.0450233        -1.2657284                 0         3.7333511        -244.68697                 0         424.80629                 0                 0                 0                 0      -0.013701858                 0               250         13.492773	QACH, 
         4.0450819        -1.2657577                 0         3.7334018        -244.68737                 0         424.80606                 0                 0                 0                 0      -0.013702175                 0               250         13.492969	QACH, 
         4.0452224        -1.2658278                 0         3.7335236        -244.68835                 0         424.80549                 0                 0                 0                 0      -0.013702933                 0               250         13.493438	QACH, 
         4.0455034        -1.2659681                 0         3.7337671        -244.69031                 0         424.80436                 0                 0                 0                 0      -0.013704445                 0               250         13.494375	QACH, 
         4.0464403        -1.2664357                 0         3.7345789        -244.69684                 0          424.8006                 0                 0                 0                 0      -0.013709435                 0               250           13.4975	QACH, 
         4.0486887         -1.267558                 0         3.7365272        -244.71252                 0         424.79157                 0                 0                 0                 0      -0.013721097                 0               250            13.505	QACH, 
         4.0516866        -1.2690546                 0         3.7391249        -244.73344                 0         424.77952                 0                 0                 0                 0       -0.01373596                 0               250            13.515	QACH, 
         4.0546846        -1.2705512                 0         3.7417225        -244.75438                 0         424.76745                 0                 0                 0                 0      -0.013750036                 0               250            13.525	QACH, 
         4.0576825         -1.272048                 0           3.74432        -244.77535                 0         424.75537                 0                 0                 0                 0      -0.013763325                 0               250            13.535	QACH, 
         4.0606804        -1.2735449                 0         3.7469174        -244.79633                 0         424.74328                 0                 0                 0                 0      -0.013775825                 0               250            13.545	QACH, 
         4.0636783         -1.275042                 0         3.7495148        -244.81733                 0         424.73118                 0                 0                 0                 0      -0.013787536                 0               250            13.555	QACH, 
         4.0666762        -1.2765392                 0         3.7521121        -244.83835                 0         424.71906                 0                 0                 0                 0      -0.013798458                 0               250            13.565	QACH, 
         4.0696742        -1.2780365                 0         3.7547093        -244.85938                 0         424.70693                 0                 0                 0                 0       -0.01380859                 0               250            13.575	QACH, 
         4.0726721        -1.2795339                 0         3.7573065        -244.88043                 0          424.6948                 0                 0                 0                 0      -0.013817931                 0               250            13.585	QACH, 
           4.07567        -1.2810315                 0         3.7599036        -244.90149                 0         424.68265                 0                 0                 0                 0       -0.01382648                 0               250            13.595	QACH, 
         4.0786679        -1.2825292                 0         3.7625006        -244.92256                 0          424.6705                 0                 0                 0                 0      -0.013834238                 0               250            13.605	QACH, 
         4.0816658         -1.284027                 0         3.7650975        -244.94364                 0         424.65834                 0                 0                 0                 0      -0.013841204                 0               250            13.615	QACH, 
         4.0846637         -1.285525                 0         3.7676944        -244.96474                 0         424.64618                 0                 0                 0                 0      -0.013847376                 0               250            13.625	QACH, 
         4.0876617        -1.2870231                 0         3.7702911        -244.98584                 0           424.634                 0                 0                 0                 0      -0.013852756                 0               250            13.635	QACH, 
         4.0906596        -1.2885213                 0         3.7728878        -245.00694                 0         424.62182                 0                 0                 0                 0      -0.013857343                 0               250            13.645	QACH, 
         4.0936575        -1.2900196                 0         3.7754845        -245.02806                 0         424.60964                 0                 0                 0                 0      -0.013861136                 0               250            13.655	QACH, 
         4.0966554        -1.2915181                 0          3.778081        -245.04917                 0         424.59745                 0                 0                 0                 0      -0.013864135                 0               250            13.665	QACH, 
         4.0996533        -1.2930167                 0         3.7806775         -245.0703                 0         424.58526                 0                 0                 0                 0       -0.01386634                 0               250            13.675	QACH, 
         4.1026513        -1.2945154                 0         3.7832739        -245.09142                 0         424.57307                 0                 0                 0                 0      -0.013867751                 0               250            13.685	QACH, 
         4.1056492        -1.2960143                 0         3.7858702        -245.11254                 0         424.56088                 0                 0                 0                 0      -0.013868368                 0               250            13.695	QACH, 
         4.1086471        -1.2975133                 0         3.7884665        -245.13367                 0         424.54868                 0                 0                 0                 0       -0.01386819                 0               250            13.705	QACH, 
          4.111645        -1.2990124                 0         3.7910627        -245.15479                 0         424.53648                 0                 0                 0                 0      -0.013867219                 0               250            13.715	QACH, 
         4.1146429        -1.3005116                 0         3.7936588        -245.17591                 0         424.52429                 0                 0                 0                 0      -0.013865453                 0               250            13.725	QACH, 
         4.1176408         -1.302011                 0         3.7962548        -245.19702                 0         424.51209                 0                 0                 0                 0      -0.013862893                 0               250            13.735	QACH, 
         4.1206388        -1.3035105                 0         3.7988508        -245.21814                 0          424.4999                 0                 0                 0                 0       -0.01385954                 0               250            13.745	QACH, 
         4.1236367        -1.3050101                 0         3.8014467        -245.23924                 0         424.48771                 0                 0                 0                 0      -0.013855392                 0               250            13.755	QACH, 
         4.1266346        -1.3065099                 0         3.8040425        -245.26034                 0         424.47552                 0                 0                 0                 0      -0.013850452                 0               250            13.765	QACH, 
         4.1296325        -1.3080098                 0         3.8066382        -245.28142                 0         424.46333                 0                 0                 0                 0      -0.013844718                 0               250            13.775	QACH, 
         4.1326304        -1.3095098                 0         3.8092339         -245.3025                 0         424.45115                 0                 0                 0                 0      -0.013838191                 0               250            13.785	QACH, 
         4.1356284          -1.31101                 0         3.8118295        -245.32357                 0         424.43897                 0                 0                 0                 0      -0.013830871                 0               250            13.795	QACH, 
         4.1386263        -1.3125103                 0          3.814425        -245.34462                 0          424.4268                 0                 0                 0                 0       -0.01382276                 0               250            13.805	QACH, 
         4.1416242        -1.3140107                 0         3.8170204        -245.36567                 0         424.41464                 0                 0                 0                 0      -0.013813857                 0               250            13.815	QACH, 
         4.1446221        -1.3155112                 0         3.8196158        -245.38669                 0         424.40248                 0                 0                 0                 0      -0.013804163                 0               250            13.825	QACH, 
           4.14762        -1.3170119                 0          3.822211         -245.4077                 0         424.39033                 0                 0                 0                 0      -0.013793678                 0               250            13.835	QACH, 
         4.1506179        -1.3185127                 0         3.8248063         -245.4287                 0         424.37819                 0                 0                 0                 0      -0.013782404                 0               250            13.845	QACH, 
         4.1536159        -1.3200136                 0         3.8274014        -245.44967                 0         424.36606                 0                 0                 0                 0       -0.01377034                 0               250            13.855	QACH, 
         4.1566138        -1.3215146                 0         3.8299965        -245.47063                 0         424.35394                 0                 0                 0                 0      -0.013757487                 0               250            13.865	QACH, 
         4.1596117        -1.3230158                 0         3.8325915        -245.49156                 0         424.34183                 0                 0                 0                 0      -0.013743847                 0               250            13.875	QACH, 
         4.1626096        -1.3245171                 0         3.8351864        -245.51247                 0         424.32973                 0                 0                 0                 0       -0.01372942                 0               250            13.885	QACH, 
         4.1656075        -1.3260185                 0         3.8377812        -245.53336                 0         424.31765                 0                 0                 0                 0      -0.013714206                 0               250            13.895	QACH, 
         4.1686055        -1.3275201                 0          3.840376        -245.55423                 0         424.30557                 0                 0                 0                 0      -0.013698207                 0               250            13.905	QACH, 
         4.1716034        -1.3290218                 0         3.8429707        -245.57507                 0         424.29351                 0                 0                 0                 0      -0.013681423                 0               250            13.915	QACH, 
         4.1746013        -1.3305236                 0         3.8455653        -245.59588                 0         424.28146                 0                 0                 0                 0      -0.013663856                 0               250            13.925	QACH, 
         4.1775992        -1.3320255                 0         3.8481599        -245.61666                 0         424.26943                 0                 0                 0                 0      -0.013645507                 0               250            13.935	QACH, 
         4.1805971        -1.3335276                 0         3.8507543        -245.63742                 0         424.25742                 0                 0                 0                 0      -0.013626376                 0               250            13.945	QACH, 
          4.183595        -1.3350298                 0         3.8533487        -245.65814                 0         424.24542                 0                 0                 0                 0      -0.013606465                 0               250            13.955	QACH, 
          4.186593        -1.3365321                 0         3.8559431        -245.67884                 0         424.23343                 0                 0                 0                 0      -0.013585774                 0               250            13.965	QACH, 
         4.1895909        -1.3380346                 0         3.8585373         -245.6995                 0         424.22147                 0                 0                 0                 0      -0.013564306                 0               250            13.975	QACH, 
         4.1925888        -1.3395372                 0         3.8611315        -245.72013                 0         424.20952                 0                 0                 0                 0       -0.01354206                 0               250            13.985	QACH, 
         4.1955867        -1.3410399                 0         3.8637256        -245.74072                 0         424.19759                 0                 0                 0                 0      -0.013519039                 0               250            13.995	QACH, 
         4.1985846        -1.3425427                 0         3.8663196        -245.76128                 0         424.18568                 0                 0                 0                 0      -0.013495244                 0               250            14.005	QACH, 
         4.2015826        -1.3440456                 0         3.8689136        -245.78179                 0         424.17379                 0                 0                 0                 0      -0.013470676                 0               250            14.015	QACH, 
         4.2045805        -1.3455487                 0         3.8715075        -245.80228                 0         424.16192                 0                 0                 0                 0      -0.013445337                 0               250            14.025	QACH, 
         4.2075784        -1.3470519                 0         3.8741013        -245.82272                 0         424.15008                 0                 0                 0                 0      -0.013419228                 0               250            14.035	QACH, 
         4.2105763        -1.3485553                 0         3.8766951        -245.84312                 0         424.13825                 0                 0                 0                 0       -0.01339235                 0               250            14.045	QACH, 
         4.2135742        -1.3500587                 0         3.8792887        -245.86347                 0         424.12645                 0                 0                 0                 0      -0.013364705                 0               250            14.055	QACH, 
         4.2165721        -1.3515623                 0         3.8818823        -245.88379                 0         424.11468                 0                 0                 0                 0      -0.013336295                 0               250            14.065	QACH, 
         4.2195701         -1.353066                 0         3.8844759        -245.90406                 0         424.10293                 0                 0                 0                 0      -0.013307121                 0               250            14.075	QACH, 
          4.222568        -1.3545698                 0         3.8870693        -245.92428                 0          424.0912                 0                 0                 0                 0      -0.013277185                 0               250            14.085	QACH, 
         4.2255659        -1.3560738                 0         3.8896627        -245.94446                 0          424.0795                 0                 0                 0                 0      -0.013246489                 0               250            14.095	QACH, 
         4.2285638        -1.3575778                 0          3.892256        -245.96459                 0         424.06782                 0                 0                 0                 0      -0.013215034                 0               250            14.105	QACH, 
         4.2315617         -1.359082                 0         3.8948493        -245.98467                 0         424.05617                 0                 0                 0                 0      -0.013182822                 0               250            14.115	QACH, 
         4.2345597        -1.3605863                 0         3.8974424         -246.0047                 0         424.04455                 0                 0                 0                 0      -0.013149856                 0               250            14.125	QACH, 
         4.2375576        -1.3620908                 0         3.9000355        -246.02468                 0         424.03296                 0                 0                 0                 0      -0.013116136                 0               250            14.135	QACH, 
         4.2405555        -1.3635953                 0         3.9026286        -246.04461                 0          424.0214                 0                 0                 0                 0      -0.013081665                 0               250            14.145	QACH, 
         4.2428039        -1.3647238                 0         3.9045733        -246.05952                 0         424.01275                 0                 0                 0                 0       -0.01305532                 0               250           14.1525	QACH, 
         4.2439282        -1.3652881                 0         3.9055456        -246.06696                 0         424.00843                 0                 0                 0                 0       -0.01304199                 0               250          14.15625	QACH, 
         4.2444903        -1.3655703                 0         3.9060318        -246.07068                 0         424.00627                 0                 0                 0                 0      -0.013035286                 0               250         14.158125	QACH, 
         4.2447713        -1.3657113                 0         3.9062749        -246.07254                 0         424.00519                 0                 0                 0                 0      -0.013031923                 0               250         14.159063	QACH, 
         4.2449118        -1.3657819                 0         3.9063964        -246.07347                 0         424.00465                 0                 0                 0                 0       -0.01303024                 0               250         14.159531	QACH, 
         4.2449821        -1.3658172                 0         3.9064572        -246.07393                 0         424.00438                 0                 0                 0                 0      -0.013029398                 0               250         14.159766	QACH, 
         4.2450063        -1.3658293                 0         3.9064781        -246.07409                 0         424.00429                 0                 0                 0                 0      -0.013029108                 0               250         14.159846	QACH, 
         4.2450074        -1.3658298                 0         3.9064791         -246.0741                 0         424.00428                 0                 0                 0                 0      -0.013029095                 0               250          14.15985	QACH, 
         4.2450077          -1.36583                 0         3.9064794         -246.0741                 0         424.00428                 0                 0                 0                 0       -0.01302909                 0               250         14.159851	QACH, 
         4.2450078          -1.36583                 0         3.9064794         -246.0741                 0         424.00428                 0                 0                 0                 0       -0.01302909                 0               250         14.159851	QACH, 
         4.2450078          -1.36583                 0         3.9064794         -246.0741                 0         424.00428                 0                 0                 0                 0       -0.01302909                 0               250         14.159851	QACH, 
         4.2450078          -1.36583                 0         3.9064794         -246.0741                 0         424.00428                 0                 0                 0                 0       -0.01302909                 0               250         14.159851	QACH, 
         4.2450078          -1.36583                 0         3.9064794         -246.0741                 0         424.00428                 0                 0                 0                 0       -0.01302909                 0               250         14.159851	QACH, 
         4.2450078          -1.36583                 0         3.9064794         -246.0741                 0         424.00428                 0                 0                 0                 0       -0.01302909                 0               250         14.159851	QACH, 
         4.2450078          -1.36583                 0         3.9064794         -246.0741                 0         424.00428                 0                 0                 0                 0       -0.01302909                 0               250         14.159851	QACH, 
         4.2450078          -1.36583                 0         3.9064794         -246.0741                 0         424.00428                 0                 0                 0                 0       -0.01302909                 0               250         14.159851	QACH, 
         4.2450078          -1.36583                 0         3.9064794         -246.0741                 0         424.00428                 0                 0                 0                 0       -0.01302909                 0               250         14.159851	QACH, 
         4.2450078          -1.36583                 0         3.9064794         -246.0741                 0         424.00428                 0                 0                 0                 0       -0.01302909                 0               250         14.159851	QACH, 
         4.2450078          -1.36583                 0         3.9064794         -246.0741                 0         424.00428                 0                 0                 0                 0       -0.01302909                 0               250         14.159851	QACH, 
         4.2450078          -1.36583                 0         3.9064794         -246.0741                 0         424.00428                 0                 0                 0                 0       -0.01302909                 0               250         14.159851	QACH, 
         4.2450078          -1.36583                 0         3.9064794         -246.0741                 0         424.00428                 0                 0                 0                 0                 0                 0               250         14.159851	D2, 
         4.2450078          -1.36583                 0         3.9064794         -246.0741                 0         424.00428                 0                 0                 0                 0                 0                 0               250         14.159851	D2, 
         4.2450078          -1.36583                 0         3.9064794         -246.0741                 0         424.00428                 0                 0                 0                 0                 0                 0               250         14.159851	D2, 
         4.2450078          -1.36583                 0         3.9064794         -246.0741                 0         424.00428                 0                 0                 0                 0                 0                 0               250         14.159851	D2, 
         4.2450078          -1.36583                 0         3.9064794         -246.0741                 0         424.00428                 0                 0                 0                 0                 0                 0               250         14.159851	D2, 
         4.2450078          -1.36583                 0         3.9064794         -246.0741                 0         424.00428                 0                 0                 0                 0                 0                 0               250         14.159851	D2, 
         4.2450078          -1.36583                 0         3.9064794         -246.0741                 0         424.00428                 0                 0                 0                 0                 0                 0               250         14.159851	D2, 
         4.2450078          -1.36583                 0         3.9064794         -246.0741                 0         424.00428                 0                 0                 0                 0                 0                 0               250         14.159851	D2, 
         4.2450078          -1.36583                 0         3.9064794         -246.0741                 0         424.00428                 0                 0                 0                 0                 0                 0               250         14.159851	D2, 
         4.2450078          -1.36583                 0         3.9064794         -246.0741                 0         424.00428                 0                 0                 0                 0                 0                 0               250         14.159851	D2, 
         4.2450079        -1.3658301                 0         3.9064795         -246.0741                 0         424.00428                 0                 0                 0                 0                 0                 0               250         14.159852	D2, 
          4.245008        -1.3658301                 0         3.9064796         -246.0741                 0         424.00428                 0                 0                 0                 0                 0                 0               250         14.159852	D2, 
         4.2450083        -1.3658303                 0         3.9064798         -246.0741                 0         424.00428                 0                 0                 0                 0                 0                 0               250         14.159853	D2, 
         4.2450099        -1.3658311                 0         3.9064813         -246.0741                 0         424.00428                 0                 0                 0                 0                 0                 0               250         14.159858	D2, 
         4.2450143        -1.3658333                 0         3.9064851         -246.0741                 0         424.00428                 0                 0                 0                 0                 0                 0               250         14.159873	D2, 
         4.2450231        -1.3658377                 0         3.9064927         -246.0741                 0         424.00428                 0                 0                 0                 0                 0                 0               250         14.159902	D2, 
         4.2450407        -1.3658465                 0         3.9065079         -246.0741                 0         424.00428                 0                 0                 0                 0                 0                 0               250         14.159961	D2, 
         4.2465513        -1.3666048                 0         3.9078144         -246.0741                 0         424.00428                 0                 0                 0                 0                 0                 0               250            14.165	D2, 
         4.2495493        -1.3681096                 0         3.9104073         -246.0741                 0         424.00428                 0                 0                 0                 0                 0                 0               250            14.175	D2, 
         4.2525472        -1.3696144                 0         3.9130002         -246.0741                 0         424.00428                 0                 0                 0                 0                 0                 0               250            14.185	D2, 
         4.2555451        -1.3711192                 0         3.9155931         -246.0741                 0         424.00428                 0                 0                 0                 0                 0                 0               250            14.195	D2, 
          4.258543         -1.372624                 0          3.918186         -246.0741                 0         424.00428                 0                 0                 0                 0                 0                 0               250            14.205	D2, 
         4.2615409        -1.3741288                 0         3.9207789         -246.0741                 0         424.00428                 0                 0                 0                 0                 0                 0               250            14.215	D2, 
         4.2645388        -1.3756336                 0         3.9233718         -246.0741                 0         424.00428                 0                 0                 0                 0                 0                 0               250            14.225	D2, 
         4.2675368        -1.3771384                 0         3.9259647         -246.0741                 0         424.00428                 0                 0                 0                 0                 0                 0               250            14.235	D2, 
         4.2705347        -1.3786433                 0         3.9285576         -246.0741                 0         424.00428                 0                 0                 0                 0                 0                 0               250            14.245	D2, 
         4.2735326        -1.3801481                 0         3.9311504         -246.0741                 0         424.00428                 0                 0                 0                 0                 0                 0               250            14.255	D2, 
         4.2765305        -1.3816529                 0         3.9337433         -246.0741                 0         424.00428                 0                 0                 0                 0                 0                 0               250            14.265	D2, 
         4.2795284        -1.3831577                 0         3.9363362         -246.0741                 0         424.00428                 0                 0                 0                 0                 0                 0               250            14.275	D2, 
         4.2825264        -1.3846625                 0         3.9389291         -246.0741                 0         424.00428                 0                 0                 0                 0                 0                 0               250            14.285	D2, 
         4.2855243        -1.3861673                 0          3.941522         -246.0741                 0         424.00428                 0                 0                 0                 0                 0                 0               250            14.295	D2, 
         4.2885222        -1.3876721                 0         3.9441149         -246.0741                 0         424.00428                 0                 0                 0                 0                 0                 0               250            14.305	D2, 
         4.2915201        -1.3891769                 0         3.9467078         -246.0741                 0         424.00428                 0                 0                 0                 0                 0                 0               250            14.315	D2, 
          4.294518        -1.3906817                 0         3.9493007         -246.0741                 0         424.00428                 0                 0                 0                 0                 0                 0               250            14.325	D2, 
         4.2975159        -1.3921865                 0         3.9518936         -246.0741                 0         424.00428                 0                 0                 0                 0                 0                 0               250            14.335	D2, 
         4.3005139        -1.3936913                 0         3.9544865         -246.0741                 0         424.00428                 0                 0                 0                 0                 0                 0               250            14.345	D2, 
         4.3035118        -1.3951961                 0         3.9570793         -246.0741                 0         424.00428                 0                 0                 0                 0                 0                 0               250            14.355	D2, 
         4.3065097        -1.3967009                 0         3.9596722         -246.0741                 0         424.00428                 0                 0                 0                 0                 0                 0               250            14.365	D2, 
         4.3095076        -1.3982057                 0         3.9622651         -246.0741                 0         424.00428                 0                 0                 0                 0                 0                 0               250            14.375	D2, 
         4.3125055        -1.3997105                 0          3.964858         -246.0741                 0         424.00428                 0                 0                 0                 0                 0                 0               250            14.385	D2, 
         4.3155035        -1.4012153                 0         3.9674509         -246.0741                 0         424.00428                 0                 0                 0                 0                 0                 0               250            14.395	D2, 
         4.3185014        -1.4027201                 0         3.9700438         -246.0741                 0         424.00428                 0                 0                 0                 0                 0                 0               250            14.405	D2, 
         4.3214993        -1.4042249                 0         3.9726367         -246.0741                 0         424.00428                 0                 0                 0                 0                 0                 0               250            14.415	D2, 
         4.3244972        -1.4057297                 0         3.9752296         -246.0741                 0         424.00428                 0                 0                 0                 0                 0                 0               250            14.425	D2, 
         4.3274951        -1.4072345                 0         3.9778225         -246.0741                 0         424.00428                 0                 0                 0                 0                 0                 0               250            14.435	D2, 
          4.330493        -1.4087393                 0         3.9804154         -246.0741                 0         424.00428                 0                 0                 0                 0                 0                 0               250            14.445	D2, 
          4.333491        -1.4102441                 0         3.9830083         -246.0741                 0         424.00428                 0                 0                 0                 0                 0                 0               250            14.455	D2, 
         4.3364889        -1.4117489                 0         3.9856011         -246.0741                 0         424.00428                 0                 0                 0                 0                 0                 0               250            14.465	D2, 
         4.3394868        -1.4132537                 0          3.988194         -246.0741                 0         424.00428                 0                 0                 0                 0                 0                 0               250            14.475	D2, 
         4.3424847        -1.4147585                 0         3.9907869         -246.0741                 0         424.00428                 0                 0                 0                 0                 0                 0               250            14.485	D2, 
         4.3454826        -1.4162633                 0         3.9933798         -246.0741                 0         424.00428                 0                 0                 0                 0                 0                 0               250            14.495	D2, 
         4.3484806        -1.4177681                 0         3.9959727         -246.0741                 0         424.00428                 0                 0                 0                 0                 0                 0               250            14.505	D2, 
         4.3514785        -1.4192729                 0         3.9985656         -246.0741                 0         424.00428                 0                 0                 0                 0                 0                 0               250            14.515	D2, 
         4.3544764        -1.4207778                 0         4.0011585         -246.0741                 0         424.00428                 0                 0                 0                 0                 0                 0               250            14.525	D2, 
         4.3574743        -1.4222826                 0         4.0037514         -246.0741                 0         424.00428                 0                 0                 0                 0                 0                 0               250            14.535	D2, 
         4.3604722        -1.4237874                 0         4.0063443         -246.0741                 0         424.00428                 0                 0                 0                 0                 0                 0               250            14.545	D2, 
         4.3634701        -1.4252922                 0         4.0089372         -246.0741                 0         424.00428                 0                 0                 0                 0                 0                 0               250            14.555	D2, 
         4.3664681         -1.426797                 0           4.01153         -246.0741                 0         424.00428                 0                 0                 0                 0                 0                 0               250            14.565	D2, 
          4.369466        -1.4283018                 0         4.0141229         -246.0741                 0         424.00428                 0                 0                 0                 0                 0                 0               250            14.575	D2, 
         4.3724639        -1.4298066                 0         4.0167158         -246.0741                 0         424.00428                 0                 0                 0                 0                 0                 0               250            14.585	D2, 
         4.3754618        -1.4313114                 0         4.0193087         -246.0741                 0         424.00428                 0                 0                 0                 0                 0                 0               250            14.595	D2, 
         4.3784597        -1.4328162                 0         4.0219016         -246.0741                 0         424.00428                 0                 0                 0                 0                 0                 0               250            14.605	D2, 
         4.3814577         -1.434321                 0         4.0244945         -246.0741                 0         424.00428                 0                 0                 0                 0                 0                 0               250            14.615	D2, 
         4.3844556        -1.4358258                 0         4.0270874         -246.0741                 0         424.00428                 0                 0                 0                 0                 0                 0               250            14.625	D2, 
         4.3874535        -1.4373306                 0         4.0296803         -246.0741                 0         424.00428                 0                 0                 0                 0                 0                 0               250            14.635	D2, 
         4.3904514        -1.4388354                 0         4.0322732         -246.0741                 0         424.00428                 0                 0                 0                 0                 0                 0               250            14.645	D2, 
         4.3934493        -1.4403402                 0         4.0348661         -246.0741                 0         424.00428                 0                 0                 0                 0                 0                 0               250            14.655	D2, 
         4.3964472         -1.441845                 0          4.037459         -246.0741                 0         424.00428                 0                 0                 0                 0                 0                 0               250            14.665	D2, 
         4.3994452        -1.4433498                 0         4.0400518         -246.0741                 0         424.00428                 0                 0                 0                 0                 0                 0               250            14.675	D2, 
         4.4024431        -1.4448546                 0         4.0426447         -246.0741                 0         424.00428                 0                 0                 0                 0                 0                 0               250            14.685	D2, 
          4.405441        -1.4463594                 0         4.0452376         -246.0741                 0         424.00428                 0                 0                 0                 0                 0                 0               250            14.695	D2, 
         4.4084389        -1.4478642                 0         4.0478305         -246.0741                 0         424.00428                 0                 0                 0                 0                 0                 0               250            14.705	D2, 
         4.4114368         -1.449369                 0         4.0504234         -246.0741                 0         424.00428                 0                 0                 0                 0                 0                 0               250            14.715	D2, 
         4.4144348        -1.4508738                 0         4.0530163         -246.0741                 0         424.00428                 0                 0                 0                 0                 0                 0               250            14.725	D2, 
         4.4174327        -1.4523786                 0         4.0556092         -246.0741                 0         424.00428                 0                 0                 0                 0                 0                 0               250            14.735	D2, 
         4.4204306        -1.4538834                 0         4.0582021         -246.0741                 0         424.00428                 0                 0                 0                 0                 0                 0               250            14.745	D2, 
         4.4234285        -1.4553882                 0          4.060795         -246.0741                 0         424.00428                 0                 0                 0                 0                 0                 0               250            14.755	D2, 
         4.4264264         -1.456893                 0         4.0633879         -246.0741                 0         424.00428                 0                 0                 0                 0                 0                 0               250            14.765	D2, 
         4.4294244        -1.4583978                 0         4.0659807         -246.0741                 0         424.00428                 0                 0                 0                 0                 0                 0               250            14.775	D2, 
         4.4324223        -1.4599026                 0         4.0685736         -246.0741                 0         424.00428                 0                 0                 0                 0                 0                 0               250            14.785	D2, 
         4.4354202        -1.4614074                 0         4.0711665         -246.0741                 0         424.00428                 0                 0                 0                 0                 0                 0               250            14.795	D2, 
         4.4384181        -1.4629123                 0         4.0737594         -246.0741                 0         424.00428                 0                 0                 0                 0                 0                 0               250            14.805	D2, 
          4.441416        -1.4644171                 0         4.0763523         -246.0741                 0         424.00428                 0                 0                 0                 0                 0                 0               250            14.815	D2, 
         4.4444139        -1.4659219                 0         4.0789452         -246.0741                 0         424.00428                 0                 0                 0                 0                 0                 0               250            14.825	D2, 
         4.4474119        -1.4674267                 0         4.0815381         -246.0741                 0         424.00428                 0                 0                 0                 0                 0                 0               250            14.835	D2, 
         4.4504098        -1.4689315                 0          4.084131         -246.0741                 0         424.00428                 0                 0                 0                 0                 0                 0               250            14.845	D2, 
         4.4534077        -1.4704363                 0         4.0867239         -246.0741                 0         424.00428                 0                 0                 0                 0                 0                 0               250            14.855	D2, 
         4.4564056        -1.4719411                 0         4.0893168         -246.0741                 0         424.00428                 0                 0                 0                 0                 0                 0               250            14.865	D2, 
         4.4594035        -1.4734459                 0         4.0919096         -246.0741                 0         424.00428                 0                 0                 0                 0                 0                 0               250            14.875	D2, 
         4.4624015        -1.4749507                 0         4.0945025         -246.0741                 0         424.00428                 0                 0                 0                 0                 0                 0               250            14.885	D2, 
         4.4653994        -1.4764555                 0         4.0970954         -246.0741                 0         424.00428                 0                 0                 0                 0                 0                 0               250            14.895	D2, 
         4.4683973        -1.4779603                 0         4.0996883         -246.0741                 0         424.00428                 0                 0                 0                 0                 0                 0               250            14.905	D2, 
         4.4713952        -1.4794651                 0         4.1022812         -246.0741                 0         424.00428                 0                 0                 0                 0                 0                 0               250            14.915	D2, 
         4.4743931        -1.4809699                 0         4.1048741         -246.0741                 0         424.00428                 0                 0                 0                 0                 0                 0               250            14.925	D2, 
          4.477391        -1.4824747                 0          4.107467         -246.0741                 0         424.00428                 0                 0                 0                 0                 0                 0               250            14.935	D2, 
          4.480389        -1.4839795                 0         4.1100599         -246.0741                 0         424.00428                 0                 0                 0                 0                 0                 0               250            14.945	D2, 
         4.4833869        -1.4854843                 0         4.1126528         -246.0741                 0         424.00428                 0                 0                 0                 0                 0                 0               250            14.955	D2, 
         4.4863848        -1.4869891                 0         4.1152457         -246.0741                 0         424.00428                 0                 0                 0                 0                 0                 0               250            14.965	D2, 
         4.4893827        -1.4884939                 0         4.1178386         -246.0741                 0         424.00428                 0                 0                 0                 0                 0                 0               250            14.975	D2, 
         4.4923806        -1.4899987                 0         4.1204314         -246.0741                 0         424.00428                 0                 0                 0                 0                 0                 0               250            14.985	D2, 
         4.4953786        -1.4915035                 0         4.1230243         -246.0741                 0         424.00428                 0                 0                 0                 0                 0                 0               250            14.995	D2, 
         4.4983765        -1.4930083                 0         4.1256172         -246.0741                 0         424.00428                 0                 0                 0                 0                 0                 0               250            15.005	D2, 
         4.5013744        -1.4945131                 0         4.1282101         -246.0741                 0         424.00428                 0                 0                 0                 0                 0                 0               250            15.015	D2, 
         4.5043723        -1.4960179                 0          4.130803         -246.0741                 0         424.00428                 0                 0                 0                 0                 0                 0               250            15.025	D2, 
         4.5073702        -1.4975227                 0         4.1333959         -246.0741                 0         424.00428                 0                 0                 0                 0                 0                 0               250            15.035	D2, 
         4.5103681        -1.4990275                 0         4.1359888         -246.0741                 0         424.00428                 0                 0                 0                 0                 0                 0               250            15.045	D2, 
         4.5133661        -1.5005323                 0         4.1385817         -246.0741                 0         424.00428                 0                 0                 0                 0                 0                 0               250            15.055	D2, 
          4.516364        -1.5020371                 0         4.1411746         -246.0741                 0         424.00428                 0                 0                 0                 0                 0                 0               250            15.065	D2, 
         4.5193619        -1.5035419                 0         4.1437675         -246.0741                 0         424.00428                 0                 0                 0                 0                 0                 0               250            15.075	D2, 
         4.5223598        -1.5050468                 0         4.1463603         -246.0741                 0         424.00428                 0                 0                 0                 0                 0                 0               250            15.085	D2, 
         4.5253577        -1.5065516                 0         4.1489532         -246.0741                 0         424.00428                 0                 0                 0                 0                 0                 0               250            15.095	D2, 
         4.5283557        -1.5080564                 0         4.1515461         -246.0741                 0         424.00428                 0                 0                 0                 0                 0                 0               250            15.105	D2, 
         4.5313536        -1.5095612                 0          4.154139         -246.0741                 0         424.00428                 0                 0                 0                 0                 0                 0               250            15.115	D2, 
         4.5343515         -1.511066                 0         4.1567319         -246.0741                 0         424.00428                 0                 0                 0                 0                 0                 0               250            15.125	D2, 
         4.5373494        -1.5125708                 0         4.1593248         -246.0741                 0         424.00428                 0                 0                 0                 0                 0                 0               250            15.135	D2, 
         4.5403473        -1.5140756                 0         4.1619177         -246.0741                 0         424.00428                 0                 0                 0                 0                 0                 0               250            15.145	D2, 
         4.5433452        -1.5155804                 0         4.1645106         -246.0741                 0         424.00428                 0                 0                 0                 0                 0                 0               250            15.155	D2, 
         4.5463432        -1.5170852                 0         4.1671035         -246.0741                 0         424.00428                 0                 0                 0                 0                 0                 0               250            15.165	D2, 
         4.5493411          -1.51859                 0         4.1696964         -246.0741                 0         424.00428                 0                 0                 0                 0                 0                 0               250            15.175	D2, 
          4.552339        -1.5200948                 0         4.1722893         -246.0741                 0         424.00428                 0                 0                 0                 0                 0                 0               250            15.185	D2, 
         4.5553369        -1.5215996                 0         4.1748821         -246.0741                 0         424.00428                 0                 0                 0                 0                 0                 0               250            15.195	D2, 
         4.5583348        -1.5231044                 0          4.177475         -246.0741                 0         424.00428                 0                 0                 0                 0                 0                 0               250            15.205	D2, 
         4.5613328        -1.5246092                 0         4.1800679         -246.0741                 0         424.00428                 0                 0                 0                 0                 0                 0               250            15.215	D2, 
         4.5643307         -1.526114                 0         4.1826608         -246.0741                 0         424.00428                 0                 0                 0                 0                 0                 0               250            15.225	D2, 
         4.5673286        -1.5276188                 0         4.1852537         -246.0741                 0         424.00428                 0                 0                 0                 0                 0                 0               250            15.235	D2, 
         4.5703265        -1.5291236                 0         4.1878466         -246.0741                 0         424.00428                 0                 0                 0                 0                 0                 0               250            15.245	D2, 
         4.5733244        -1.5306284                 0         4.1904395         -246.0741                 0         424.00428                 0                 0                 0                 0                 0                 0               250            15.255	D2, 
         4.5763224        -1.5321332                 0         4.1930324         -246.0741                 0         424.00428                 0                 0                 0                 0                 0                 0               250            15.265	D2, 
         4.5793203         -1.533638                 0         4.1956253         -246.0741                 0         424.00428                 0                 0                 0                 0                 0                 0               250            15.275	D2, 
         4.5823182        -1.5351428                 0         4.1982182         -246.0741                 0         424.00428                 0                 0                 0                 0                 0                 0               250            15.285	D2, 
         4.5853161        -1.5366476                 0          4.200811         -246.0741                 0         424.00428                 0                 0                 0                 0                 0                 0               250            15.295	D2, 
          4.588314        -1.5381524                 0         4.2034039         -246.0741                 0         424.00428                 0                 0                 0                 0                 0                 0               250            15.305	D2, 
         4.5913119        -1.5396572                 0         4.2059968         -246.0741                 0         424.00428                 0                 0                 0                 0                 0                 0               250            15.315	D2, 
         4.5943099         -1.541162                 0         4.2085897         -246.0741                 0         424.00428                 0                 0                 0                 0                 0                 0               250            15.325	D2, 
         4.5973078        -1.5426668                 0         4.2111826         -246.0741                 0         424.00428                 0                 0                 0                 0                 0                 0               250            15.335	D2, 
         4.6003057        -1.5441716                 0         4.2137755         -246.0741                 0         424.00428                 0                 0                 0                 0                 0                 0               250            15.345	D2, 
         4.6033036        -1.5456765                 0         4.2163684         -246.0741                 0         424.00428                 0                 0                 0                 0                 0                 0               250            15.355	D2, 
         4.6063015        -1.5471813                 0         4.2189613         -246.0741                 0         424.00428                 0                 0                 0                 0                 0                 0               250            15.365	D2, 
         4.6092995        -1.5486861                 0         4.2215542         -246.0741                 0         424.00428                 0                 0                 0                 0                 0                 0               250            15.375	D2, 
         4.6122974        -1.5501909                 0         4.2241471         -246.0741                 0         424.00428                 0                 0                 0                 0                 0                 0               250            15.385	D2, 
         4.6152953        -1.5516957                 0         4.2267399         -246.0741                 0         424.00428                 0                 0                 0                 0                 0                 0               250            15.395	D2, 
         4.6182932        -1.5532005                 0         4.2293328         -246.0741                 0         424.00428                 0                 0                 0                 0                 0                 0               250            15.405	D2, 
         4.6212911        -1.5547053                 0         4.2319257         -246.0741                 0         424.00428                 0                 0                 0                 0                 0                 0               250            15.415	D2, 
          4.624289        -1.5562101                 0         4.2345186         -246.0741                 0         424.00428                 0                 0                 0                 0                 0                 0               250            15.425	D2, 
          4.627287        -1.5577149                 0         4.2371115         -246.0741                 0         424.00428                 0                 0                 0                 0                 0                 0               250            15.435	D2, 
         4.6302849        -1.5592197                 0         4.2397044         -246.0741                 0         424.00428                 0                 0                 0                 0                 0                 0               250            15.445	D2, 
         4.6332828        -1.5607245                 0         4.2422973         -246.0741                 0         424.00428                 0                 0                 0                 0                 0                 0               250            15.455	D2, 
         4.6362807        -1.5622293                 0         4.2448902         -246.0741                 0         424.00428                 0                 0                 0                 0                 0                 0               250            15.465	D2, 
         4.6392786        -1.5637341                 0         4.2474831         -246.0741                 0         424.00428                 0                 0                 0                 0                 0                 0               250            15.475	D2, 
         4.6422766        -1.5652389                 0          4.250076         -246.0741                 0         424.00428                 0                 0                 0                 0                 0                 0               250            15.485	D2, 
         4.6452745        -1.5667437                 0         4.2526689         -246.0741                 0         424.00428                 0                 0                 0                 0                 0                 0               250            15.495	D2, 
         4.6482724        -1.5682485                 0         4.2552617         -246.0741                 0         424.00428                 0                 0                 0                 0                 0                 0               250            15.505	D2, 
         4.6512703        -1.5697533                 0         4.2578546         -246.0741                 0         424.00428                 0                 0                 0                 0                 0                 0               250            15.515	D2, 
         4.6542682        -1.5712581                 0         4.2604475         -246.0741                 0         424.00428                 0                 0                 0                 0                 0                 0               250            15.525	D2, 
         4.6572661        -1.5727629                 0         4.2630404         -246.0741                 0         424.00428                 0                 0                 0                 0                 0                 0               250            15.535	D2, 
         4.6602641        -1.5742677                 0         4.2656333         -246.0741                 0         424.00428                 0                 0                 0                 0                 0                 0               250            15.545	D2, 
          4.663262        -1.5757725                 0         4.2682262         -246.0741                 0         424.00428                 0                 0                 0                 0                 0                 0               250            15.555	D2, 
         4.6662599        -1.5772773                 0         4.2708191         -246.0741                 0         424.00428                 0                 0                 0                 0                 0                 0               250            15.565	D2, 
         4.6692578        -1.5787821                 0          4.273412         -246.0741                 0         424.00428                 0                 0                 0                 0                 0                 0               250            15.575	D2, 
         4.6722557        -1.5802869                 0         4.2760049         -246.0741                 0         424.00428                 0                 0                 0                 0                 0                 0               250            15.585	D2, 
         4.6752537        -1.5817917                 0         4.2785978         -246.0741                 0         424.00428                 0                 0                 0                 0                 0                 0               250            15.595	D2, 
         4.6782516        -1.5832965                 0         4.2811906         -246.0741                 0         424.00428                 0                 0                 0                 0                 0                 0               250            15.605	D2, 
         4.6812495        -1.5848013                 0         4.2837835         -246.0741                 0         424.00428                 0                 0                 0                 0                 0                 0               250            15.615	D2, 
         4.6842474        -1.5863061                 0         4.2863764         -246.0741                 0         424.00428                 0                 0                 0                 0                 0                 0               250            15.625	D2, 
         4.6872453         -1.587811                 0         4.2889693         -246.0741                 0         424.00428                 0                 0                 0                 0                 0                 0               250            15.635	D2, 
         4.6902432        -1.5893158                 0         4.2915622         -246.0741                 0         424.00428                 0                 0                 0                 0                 0                 0               250            15.645	D2, 
         4.6932412        -1.5908206                 0         4.2941551         -246.0741                 0         424.00428                 0                 0                 0                 0                 0                 0               250            15.655	D2, 
         4.6962391        -1.5923254                 0          4.296748         -246.0741                 0         424.00428                 0                 0                 0                 0                 0                 0               250            15.665	D2, 
          4.699237        -1.5938302                 0         4.2993409         -246.0741                 0         424.00428                 0                 0                 0                 0                 0                 0               250            15.675	D2, 
         4.7022349         -1.595335                 0         4.3019338         -246.0741                 0         424.00428                 0                 0                 0                 0                 0                 0               250            15.685	D2, 
         4.7052328        -1.5968398                 0         4.3045267         -246.0741                 0         424.00428                 0                 0                 0                 0                 0                 0               250            15.695	D2, 
         4.7082308        -1.5983446                 0         4.3071195         -246.0741                 0         424.00428                 0                 0                 0                 0                 0                 0               250            15.705	D2, 
         4.7112287        -1.5998494                 0         4.3097124         -246.0741                 0         424.00428                 0                 0                 0                 0                 0                 0               250            15.715	D2, 
         4.7142266        -1.6013542                 0         4.3123053         -246.0741                 0         424.00428                 0                 0                 0                 0                 0                 0               250            15.725	D2, 
         4.7172245         -1.602859                 0         4.3148982         -246.0741                 0         424.00428                 0                 0                 0                 0                 0                 0               250            15.735	D2, 
         4.7202224        -1.6043638                 0         4.3174911         -246.0741                 0         424.00428                 0                 0                 0                 0                 0                 0               250            15.745	D2, 
         4.7232203        -1.6058686                 0          4.320084         -246.0741                 0         424.00428                 0                 0                 0                 0                 0                 0               250            15.755	D2, 
         4.7262183        -1.6073734                 0         4.3226769         -246.0741                 0         424.00428                 0                 0                 0                 0                 0                 0               250            15.765	D2, 
         4.7292162        -1.6088782                 0         4.3252698         -246.0741                 0         424.00428                 0                 0                 0                 0                 0                 0               250            15.775	D2, 
         4.7322141         -1.610383                 0         4.3278627         -246.0741                 0         424.00428                 0                 0                 0                 0                 0                 0               250            15.785	D2, 
          4.735212        -1.6118878                 0         4.3304556         -246.0741                 0         424.00428                 0                 0                 0                 0                 0                 0               250            15.795	D2, 
         4.7382099        -1.6133926                 0         4.3330485         -246.0741                 0         424.00428                 0                 0                 0                 0                 0                 0               250            15.805	D2, 
         4.7412079        -1.6148974                 0         4.3356413         -246.0741                 0         424.00428                 0                 0                 0                 0                 0                 0               250            15.815	D2, 
         4.7442058        -1.6164022                 0         4.3382342         -246.0741                 0         424.00428                 0                 0                 0                 0                 0                 0               250            15.825	D2, 
         4.7472037         -1.617907                 0         4.3408271         -246.0741                 0         424.00428                 0                 0                 0                 0                 0                 0               250            15.835	D2, 
         4.7502016        -1.6194118                 0           4.34342         -246.0741                 0         424.00428                 0                 0                 0                 0                 0                 0               250            15.845	D2, 
         4.7531995        -1.6209166                 0         4.3460129         -246.0741                 0         424.00428                 0                 0                 0                 0                 0                 0               250            15.855	D2, 
         4.7561975        -1.6224214                 0         4.3486058         -246.0741                 0         424.00428                 0                 0                 0                 0                 0                 0               250            15.865	D2, 
         4.7591954        -1.6239262                 0         4.3511987         -246.0741                 0         424.00428                 0                 0                 0                 0                 0                 0               250            15.875	D2, 
         4.7621933         -1.625431                 0         4.3537916         -246.0741                 0         424.00428                 0                 0                 0                 0                 0                 0               250            15.885	D2, 
         4.7651912        -1.6269358                 0         4.3563845         -246.0741                 0         424.00428                 0                 0                 0                 0                 0                 0               250            15.895	D2, 
         4.7681891        -1.6284406                 0         4.3589774         -246.0741                 0         424.00428                 0                 0                 0                 0                 0                 0               250            15.905	D2, 
          4.771187        -1.6299455                 0         4.3615702         -246.0741                 0         424.00428                 0                 0                 0                 0                 0                 0               250            15.915	D2, 
          4.774185        -1.6314503                 0         4.3641631         -246.0741                 0         424.00428                 0                 0                 0                 0                 0                 0               250            15.925	D2, 
         4.7771829        -1.6329551                 0          4.366756         -246.0741                 0         424.00428                 0                 0                 0                 0                 0                 0               250            15.935	D2, 
         4.7801808        -1.6344599                 0         4.3693489         -246.0741                 0         424.00428                 0                 0                 0                 0                 0                 0               250            15.945	D2, 
         4.7831787        -1.6359647                 0         4.3719418         -246.0741                 0         424.00428                 0                 0                 0                 0                 0                 0               250            15.955	D2, 
         4.7861766        -1.6374695                 0         4.3745347         -246.0741                 0         424.00428                 0                 0                 0                 0                 0                 0               250            15.965	D2, 
         4.7891746        -1.6389743                 0         4.3771276         -246.0741                 0         424.00428                 0                 0                 0                 0                 0                 0               250            15.975	D2, 
         4.7921725        -1.6404791                 0         4.3797205         -246.0741                 0         424.00428                 0                 0                 0                 0                 0                 0               250            15.985	D2, 
         4.7951704        -1.6419839                 0         4.3823134         -246.0741                 0         424.00428                 0                 0                 0                 0                 0                 0               250            15.995	D2, 
         4.7981683        -1.6434887                 0         4.3849063         -246.0741                 0         424.00428                 0                 0                 0                 0                 0                 0               250            16.005	D2, 
         4.8011662        -1.6449935                 0         4.3874992         -246.0741                 0         424.00428                 0                 0                 0                 0                 0                 0               250            16.015	D2, 
         4.8041641        -1.6464983                 0          4.390092         -246.0741                 0         424.00428                 0                 0                 0                 0                 0                 0               250            16.025	D2, 
         4.8071621        -1.6480031                 0         4.3926849         -246.0741                 0         424.00428                 0                 0                 0                 0                 0                 0               250            16.035	D2, 
           4.81016        -1.6495079                 0         4.3952778         -246.0741                 0         424.00428                 0                 0                 0                 0                 0                 0               250            16.045	D2, 
         4.8131579        -1.6510127                 0         4.3978707         -246.0741                 0         424.00428                 0                 0                 0                 0                 0                 0               250            16.055	D2, 
         4.8161558        -1.6525175                 0         4.4004636         -246.0741                 0         424.00428                 0                 0                 0                 0                 0                 0               250            16.065	D2, 
         4.8191537        -1.6540223                 0         4.4030565         -246.0741                 0         424.00428                 0                 0                 0                 0                 0                 0               250            16.075	D2, 
         4.8221517        -1.6555271                 0         4.4056494         -246.0741                 0         424.00428                 0                 0                 0                 0                 0                 0               250            16.085	D2, 
         4.8251496        -1.6570319                 0         4.4082423         -246.0741                 0         424.00428                 0                 0                 0                 0                 0                 0               250            16.095	D2, 
         4.8281475        -1.6585367                 0         4.4108352         -246.0741                 0         424.00428                 0                 0                 0                 0                 0                 0               250            16.105	D2, 
         4.8311454        -1.6600415                 0         4.4134281         -246.0741                 0         424.00428                 0                 0                 0                 0                 0                 0               250            16.115	D2, 
         4.8341433        -1.6615463                 0         4.4160209         -246.0741                 0         424.00428                 0                 0                 0                 0                 0                 0               250            16.125	D2, 
         4.8371412        -1.6630511                 0         4.4186138         -246.0741                 0         424.00428                 0                 0                 0                 0                 0                 0               250            16.135	D2, 
         4.8401392        -1.6645559                 0         4.4212067         -246.0741                 0         424.00428                 0                 0                 0                 0                 0                 0               250            16.145	D2, 
         4.8431371        -1.6660607                 0         4.4237996         -246.0741                 0         424.00428                 0                 0                 0                 0                 0                 0               250            16.155	D2, 
          4.846135        -1.6675655                 0         4.4263925         -246.0741                 0         424.00428                 0                 0                 0                 0                 0                 0               250            16.165	D2, 
         4.8491329        -1.6690703                 0         4.4289854         -246.0741                 0         424.00428                 0                 0                 0                 0                 0                 0               250            16.175	D2, 
         4.8521308        -1.6705751                 0         4.4315783         -246.0741                 0         424.00428                 0                 0                 0                 0                 0                 0               250            16.185	D2, 
         4.8551288          -1.67208                 0         4.4341712         -246.0741                 0         424.00428                 0                 0                 0                 0                 0                 0               250            16.195	D2, 
         4.8581267        -1.6735848                 0         4.4367641         -246.0741                 0         424.00428                 0                 0                 0                 0                 0                 0               250            16.205	D2, 
         4.8611246        -1.6750896                 0          4.439357         -246.0741                 0         424.00428                 0                 0                 0                 0                 0                 0               250            16.215	D2, 
         4.8641225        -1.6765944                 0         4.4419498         -246.0741                 0         424.00428                 0                 0                 0                 0                 0                 0               250            16.225	D2, 
         4.8671204        -1.6780992                 0         4.4445427         -246.0741                 0         424.00428                 0                 0                 0                 0                 0                 0               250            16.235	D2, 
         4.8701183         -1.679604                 0         4.4471356         -246.0741                 0         424.00428                 0                 0                 0                 0                 0                 0               250            16.245	D2, 
         4.8731163        -1.6811088                 0         4.4497285         -246.0741                 0         424.00428                 0                 0                 0                 0                 0                 0               250            16.255	D2, 
         4.8761142        -1.6826136                 0         4.4523214         -246.0741                 0         424.00428                 0                 0                 0                 0                 0                 0               250            16.265	D2, 
         4.8791121        -1.6841184                 0         4.4549143         -246.0741                 0         424.00428                 0                 0                 0                 0                 0                 0               250            16.275	D2, 
           4.88211        -1.6856232                 0         4.4575072         -246.0741                 0         424.00428                 0                 0                 0                 0                 0                 0               250            16.285	D2, 
         4.8851079         -1.687128                 0         4.4601001         -246.0741                 0         424.00428                 0                 0                 0                 0                 0                 0               250            16.295	D2, 
         4.8881059        -1.6886328                 0          4.462693         -246.0741                 0         424.00428                 0                 0                 0                 0                 0                 0               250            16.305	D2, 
         4.8911038        -1.6901376                 0         4.4652859         -246.0741                 0         424.00428                 0                 0                 0                 0                 0                 0               250            16.315	D2, 
         4.8941017        -1.6916424                 0         4.4678788         -246.0741                 0         424.00428                 0                 0                 0                 0                 0                 0               250            16.325	D2, 
         4.8970996        -1.6931472                 0         4.4704716         -246.0741                 0         424.00428                 0                 0                 0                 0                 0                 0               250            16.335	D2, 
         4.9000975         -1.694652                 0         4.4730645         -246.0741                 0         424.00428                 0                 0                 0                 0                 0                 0               250            16.345	D2, 
         4.9030954        -1.6961568                 0         4.4756574         -246.0741                 0         424.00428                 0                 0                 0                 0                 0                 0               250            16.355	D2, 
         4.9060934        -1.6976616                 0         4.4782503         -246.0741                 0         424.00428                 0                 0                 0                 0                 0                 0               250            16.365	D2, 
         4.9090913        -1.6991664                 0         4.4808432         -246.0741                 0         424.00428                 0                 0                 0                 0                 0                 0               250            16.375	D2, 
         4.9120892        -1.7006712                 0         4.4834361         -246.0741                 0         424.00428                 0                 0                 0                 0                 0                 0               250            16.385	D2, 
         4.9150871         -1.702176                 0          4.486029         -246.0741                 0         424.00428                 0                 0                 0                 0                 0                 0               250            16.395	D2, 
          4.918085        -1.7036808                 0         4.4886219         -246.0741                 0         424.00428                 0                 0                 0                 0                 0                 0               250            16.405	D2, 
          4.921083        -1.7051856                 0         4.4912148         -246.0741                 0         424.00428                 0                 0                 0                 0                 0                 0               250            16.415	D2, 
         4.9240809        -1.7066904                 0         4.4938077         -246.0741                 0         424.00428                 0                 0                 0                 0                 0                 0               250            16.425	D2, 
         4.9270788        -1.7081952                 0         4.4964005         -246.0741                 0         424.00428                 0                 0                 0                 0                 0                 0               250            16.435	D2, 
         4.9300767           -1.7097                 0         4.4989934         -246.0741                 0         424.00428                 0                 0                 0                 0                 0                 0               250            16.445	D2, 
         4.9330746        -1.7112048                 0         4.5015863         -246.0741                 0         424.00428                 0                 0                 0                 0                 0                 0               250            16.455	D2, 
         4.9360726        -1.7127097                 0         4.5041792         -246.0741                 0         424.00428                 0                 0                 0                 0                 0                 0               250            16.465	D2, 
         4.9390705        -1.7142145                 0         4.5067721         -246.0741                 0         424.00428                 0                 0                 0                 0                 0                 0               250            16.475	D2, 
         4.9420684        -1.7157193                 0          4.509365         -246.0741                 0         424.00428                 0                 0                 0                 0                 0                 0               250            16.485	D2, 
         4.9450663        -1.7172241                 0         4.5119579         -246.0741                 0         424.00428                 0                 0                 0                 0                 0                 0               250            16.495	D2, 
         4.9480642        -1.7187289                 0         4.5145508         -246.0741                 0         424.00428                 0                 0                 0                 0                 0                 0               250            16.505	D2, 
         4.9510621        -1.7202337                 0         4.5171437         -246.0741                 0         424.00428                 0                 0                 0                 0                 0                 0               250            16.515	D2, 
         4.9540601        -1.7217385                 0         4.5197366         -246.0741                 0         424.00428                 0                 0                 0                 0                 0                 0               250            16.525	D2, 
          4.957058        -1.7232433                 0         4.5223295         -246.0741                 0         424.00428                 0                 0                 0                 0                 0                 0               250            16.535	D2, 
         4.9600559        -1.7247481                 0         4.5249223         -246.0741                 0         424.00428                 0                 0                 0                 0                 0                 0               250            16.545	D2, 
         4.9630538        -1.7262529                 0         4.5275152         -246.0741                 0         424.00428                 0                 0                 0                 0                 0                 0               250            16.555	D2, 
         4.9660517        -1.7277577                 0         4.5301081         -246.0741                 0         424.00428                 0                 0                 0                 0                 0                 0               250            16.565	D2, 
         4.9690497        -1.7292625                 0          4.532701         -246.0741                 0         424.00428                 0                 0                 0                 0                 0                 0               250            16.575	D2, 
         4.9720476        -1.7307673                 0         4.5352939         -246.0741                 0         424.00428                 0                 0                 0                 0                 0                 0               250            16.585	D2, 
         4.9750455        -1.7322721                 0         4.5378868         -246.0741                 0         424.00428                 0                 0                 0                 0                 0                 0               250            16.595	D2, 
         4.9780434        -1.7337769                 0         4.5404797         -246.0741                 0         424.00428                 0                 0                 0                 0                 0                 0               250            16.605	D2, 
         4.9810413        -1.7352817                 0         4.5430726         -246.0741                 0         424.00428                 0                 0                 0                 0                 0                 0               250            16.615	D2, 
         4.9840392        -1.7367865                 0         4.5456655         -246.0741                 0         424.00428                 0                 0                 0                 0                 0                 0               250            16.625	D2, 
         4.9870372        -1.7382913                 0         4.5482584         -246.0741                 0         424.00428                 0                 0                 0                 0                 0                 0               250            16.635	D2, 
         4.9900351        -1.7397961                 0         4.5508512         -246.0741                 0         424.00428                 0                 0                 0                 0                 0                 0               250            16.645	D2, 
          4.993033        -1.7413009                 0         4.5534441         -246.0741                 0         424.00428                 0                 0                 0                 0                 0                 0               250            16.655	D2, 
         4.9960309        -1.7428057                 0          4.556037         -246.0741                 0         424.00428                 0                 0                 0                 0                 0                 0               250            16.665	D2, 
         4.9990288        -1.7443105                 0         4.5586299         -246.0741                 0         424.00428                 0                 0                 0                 0                 0                 0               250            16.675	D2, 
         5.0020268        -1.7458153                 0         4.5612228         -246.0741                 0         424.00428                 0                 0                 0                 0                 0                 0               250            16.685	D2, 
         5.0050247        -1.7473201                 0         4.5638157         -246.0741                 0         424.00428                 0                 0                 0                 0                 0                 0               250            16.695	D2, 
         5.0080226        -1.7488249                 0         4.5664086         -246.0741                 0         424.00428                 0                 0                 0                 0                 0                 0               250            16.705	D2, 
         5.0110205        -1.7503297                 0         4.5690015         -246.0741                 0         424.00428                 0                 0                 0                 0                 0                 0               250            16.715	D2, 
         5.0140184        -1.7518345                 0         4.5715944         -246.0741                 0         424.00428                 0                 0                 0                 0                 0                 0               250            16.725	D2, 
         5.0170163        -1.7533393                 0         4.5741873         -246.0741                 0         424.00428                 0                 0                 0                 0                 0                 0               250            16.735	D2, 
         5.0200143        -1.7548442                 0         4.5767801         -246.0741                 0         424.00428                 0                 0                 0                 0                 0                 0               250            16.745	D2, 
         5.0230122         -1.756349                 0          4.579373         -246.0741                 0         424.00428                 0                 0                 0                 0                 0                 0               250            16.755	D2, 
         5.0260101        -1.7578538                 0         4.5819659         -246.0741                 0         424.00428                 0                 0                 0                 0                 0                 0               250            16.765	D2, 
          5.029008        -1.7593586                 0         4.5845588         -246.0741                 0         424.00428                 0                 0                 0                 0                 0                 0               250            16.775	D2, 
         5.0320059        -1.7608634                 0         4.5871517         -246.0741                 0         424.00428                 0                 0                 0                 0                 0                 0               250            16.785	D2, 
         5.0350039        -1.7623682                 0         4.5897446         -246.0741                 0         424.00428                 0                 0                 0                 0                 0                 0               250            16.795	D2, 
         5.0380018         -1.763873                 0         4.5923375         -246.0741                 0         424.00428                 0                 0                 0                 0                 0                 0               250            16.805	D2, 
         5.0409997        -1.7653778                 0         4.5949304         -246.0741                 0         424.00428                 0                 0                 0                 0                 0                 0               250            16.815	D2, 
         5.0439976        -1.7668826                 0         4.5975233         -246.0741                 0         424.00428                 0                 0                 0                 0                 0                 0               250            16.825	D2, 
         5.0469955        -1.7683874                 0         4.6001162         -246.0741                 0         424.00428                 0                 0                 0                 0                 0                 0               250            16.835	D2, 
         5.0499934        -1.7698922                 0         4.6027091         -246.0741                 0         424.00428                 0                 0                 0                 0                 0                 0               250            16.845	D2, 
         5.0529914         -1.771397                 0         4.6053019         -246.0741                 0         424.00428                 0                 0                 0                 0                 0                 0               250            16.855	D2, 
         5.0559893        -1.7729018                 0         4.6078948         -246.0741                 0         424.00428                 0                 0                 0                 0                 0                 0               250            16.865	D2, 
         5.0589872        -1.7744066                 0         4.6104877         -246.0741                 0         424.00428                 0                 0                 0                 0                 0                 0               250            16.875	D2, 
         5.0619851        -1.7759114                 0         4.6130806         -246.0741                 0         424.00428                 0                 0                 0                 0                 0                 0               250            16.885	D2, 
          5.064983        -1.7774162                 0         4.6156735         -246.0741                 0         424.00428                 0                 0                 0                 0                 0                 0               250            16.895	D2, 
          5.067981         -1.778921                 0         4.6182664         -246.0741                 0         424.00428                 0                 0                 0                 0                 0                 0               250            16.905	D2, 
         5.0709789        -1.7804258                 0         4.6208593         -246.0741                 0         424.00428                 0                 0                 0                 0                 0                 0               250            16.915	D2, 
         5.0739768        -1.7819306                 0         4.6234522         -246.0741                 0         424.00428                 0                 0                 0                 0                 0                 0               250            16.925	D2, 
         5.0769747        -1.7834354                 0         4.6260451         -246.0741                 0         424.00428                 0                 0                 0                 0                 0                 0               250            16.935	D2, 
         5.0799726        -1.7849402                 0          4.628638         -246.0741                 0         424.00428                 0                 0                 0                 0                 0                 0               250            16.945	D2, 
         5.0829706         -1.786445                 0         4.6312308         -246.0741                 0         424.00428                 0                 0                 0                 0                 0                 0               250            16.955	D2, 
         5.0859685        -1.7879498                 0         4.6338237         -246.0741                 0         424.00428                 0                 0                 0                 0                 0                 0               250            16.965	D2, 
         5.0889664        -1.7894546                 0         4.6364166         -246.0741                 0         424.00428                 0                 0                 0                 0                 0                 0               250            16.975	D2, 
         5.0919643        -1.7909594                 0         4.6390095         -246.0741                 0         424.00428                 0                 0                 0                 0                 0                 0               250            16.985	D2, 
         5.0949622        -1.7924642                 0         4.6416024         -246.0741                 0         424.00428                 0                 0                 0                 0                 0                 0               250            16.995	D2, 
         5.0979601         -1.793969                 0         4.6441953         -246.0741                 0         424.00428                 0                 0                 0                 0                 0                 0               250            17.005	D2, 
         5.1009581        -1.7954738                 0         4.6467882         -246.0741                 0         424.00428                 0                 0                 0                 0                 0                 0               250            17.015	D2, 
          5.103956        -1.7969787                 0         4.6493811         -246.0741                 0         424.00428                 0                 0                 0                 0                 0                 0               250            17.025	D2, 
         5.1069539        -1.7984835                 0          4.651974         -246.0741                 0         424.00428                 0                 0                 0                 0                 0                 0               250            17.035	D2, 
         5.1099518        -1.7999883                 0         4.6545669         -246.0741                 0         424.00428                 0                 0                 0                 0                 0                 0               250            17.045	D2, 
         5.1129497        -1.8014931                 0         4.6571598         -246.0741                 0         424.00428                 0                 0                 0                 0                 0                 0               250            17.055	D2, 
         5.1159477        -1.8029979                 0         4.6597526         -246.0741                 0         424.00428                 0                 0                 0                 0                 0                 0               250            17.065	D2, 
         5.1189456        -1.8045027                 0         4.6623455         -246.0741                 0         424.00428                 0                 0                 0                 0                 0                 0               250            17.075	D2, 
         5.1219435        -1.8060075                 0         4.6649384         -246.0741                 0         424.00428                 0                 0                 0                 0                 0                 0               250            17.085	D2, 
         5.1249414        -1.8075123                 0         4.6675313         -246.0741                 0         424.00428                 0                 0                 0                 0                 0                 0               250            17.095	D2, 
         5.1279393        -1.8090171                 0         4.6701242         -246.0741                 0         424.00428                 0                 0                 0                 0                 0                 0               250            17.105	D2, 
         5.1309372        -1.8105219                 0         4.6727171         -246.0741                 0         424.00428                 0                 0                 0                 0                 0                 0               250            17.115	D2, 
         5.1339352        -1.8120267                 0           4.67531         -246.0741                 0         424.00428                 0                 0                 0                 0                 0                 0               250            17.125	D2, 
         5.1369331        -1.8135315                 0         4.6779029         -246.0741                 0         424.00428                 0                 0                 0                 0                 0                 0               250            17.135	D2, 
          5.139931        -1.8150363                 0         4.6804958         -246.0741                 0         424.00428                 0                 0                 0                 0                 0                 0               250            17.145	D2, 
         5.1429289        -1.8165411                 0         4.6830887         -246.0741                 0         424.00428                 0                 0                 0                 0                 0                 0               250            17.155	D2, 
         5.1459268        -1.8180459                 0         4.6856815         -246.0741                 0         424.00428                 0                 0                 0                 0                 0                 0               250            17.165	D2, 
         5.1489248        -1.8195507                 0         4.6882744         -246.0741                 0         424.00428                 0                 0                 0                 0                 0                 0               250            17.175	D2, 
         5.1519227        -1.8210555                 0         4.6908673         -246.0741                 0         424.00428                 0                 0                 0                 0                 0                 0               250            17.185	D2, 
         5.1549206        -1.8225603                 0         4.6934602         -246.0741                 0         424.00428                 0                 0                 0                 0                 0                 0               250            17.195	D2, 
         5.1579185        -1.8240651                 0         4.6960531         -246.0741                 0         424.00428                 0                 0                 0                 0                 0                 0               250            17.205	D2, 
         5.1609164        -1.8255699                 0          4.698646         -246.0741                 0         424.00428                 0                 0                 0                 0                 0                 0               250            17.215	D2, 
         5.1639143        -1.8270747                 0         4.7012389         -246.0741                 0         424.00428                 0                 0                 0                 0                 0                 0               250            17.225	D2, 
         5.1669123        -1.8285795                 0         4.7038318         -246.0741                 0         424.00428                 0                 0                 0                 0                 0                 0               250            17.235	D2, 
         5.1699102        -1.8300843                 0         4.7064247         -246.0741                 0         424.00428                 0                 0                 0                 0                 0                 0               250            17.245	D2, 
         5.1729081        -1.8315891                 0         4.7090176         -246.0741                 0         424.00428                 0                 0                 0                 0                 0                 0               250            17.255	D2, 
          5.175906        -1.8330939                 0         4.7116104         -246.0741                 0         424.00428                 0                 0                 0                 0                 0                 0               250            17.265	D2, 
         5.1789039        -1.8345987                 0         4.7142033         -246.0741                 0         424.00428                 0                 0                 0                 0                 0                 0               250            17.275	D2, 
         5.1819019        -1.8361035                 0         4.7167962         -246.0741                 0         424.00428                 0                 0                 0                 0                 0                 0               250            17.285	D2, 
         5.1848998        -1.8376083                 0         4.7193891         -246.0741                 0         424.00428                 0                 0                 0                 0                 0                 0               250            17.295	D2, 
         5.1878977        -1.8391132                 0          4.721982         -246.0741                 0         424.00428                 0                 0                 0                 0                 0                 0               250            17.305	D2, 
         5.1908956         -1.840618                 0         4.7245749         -246.0741                 0         424.00428                 0                 0                 0                 0                 0                 0               250            17.315	D2, 
         5.1938935        -1.8421228                 0         4.7271678         -246.0741                 0         424.00428                 0                 0                 0                 0                 0                 0               250            17.325	D2, 
         5.1968914        -1.8436276                 0         4.7297607         -246.0741                 0         424.00428                 0                 0                 0                 0                 0                 0               250            17.335	D2, 
         5.1998894        -1.8451324                 0         4.7323536         -246.0741                 0         424.00428                 0                 0                 0                 0                 0                 0               250            17.345	D2, 
         5.2028873        -1.8466372                 0         4.7349465         -246.0741                 0         424.00428                 0                 0                 0                 0                 0                 0               250            17.355	D2, 
         5.2058852         -1.848142                 0         4.7375394         -246.0741                 0         424.00428                 0                 0                 0                 0                 0                 0               250            17.365	D2, 
         5.2088831        -1.8496468                 0         4.7401322         -246.0741                 0         424.00428                 0                 0                 0                 0                 0                 0               250            17.375	D2, 
          5.211881        -1.8511516                 0         4.7427251         -246.0741                 0         424.00428                 0                 0                 0                 0                 0                 0               250            17.385	D2, 
          5.214879        -1.8526564                 0          4.745318         -246.0741                 0         424.00428                 0                 0                 0                 0                 0                 0               250            17.395	D2, 
         5.2178769        -1.8541612                 0         4.7479109         -246.0741                 0         424.00428                 0                 0                 0                 0                 0                 0               250            17.405	D2, 
         5.2208748         -1.855666                 0         4.7505038         -246.0741                 0         424.00428                 0                 0                 0                 0                 0                 0               250            17.415	D2, 
         5.2238727        -1.8571708                 0         4.7530967         -246.0741                 0         424.00428                 0                 0                 0                 0                 0                 0               250            17.425	D2, 
         5.2268706        -1.8586756                 0         4.7556896         -246.0741                 0         424.00428                 0                 0                 0                 0                 0                 0               250            17.435	D2, 
         5.2298685        -1.8601804                 0         4.7582825         -246.0741                 0         424.00428                 0                 0                 0                 0                 0                 0               250            17.445	D2, 
         5.2328665        -1.8616852                 0         4.7608754         -246.0741                 0         424.00428                 0                 0                 0                 0                 0                 0               250            17.455	D2, 
         5.2358644          -1.86319                 0         4.7634683         -246.0741                 0         424.00428                 0                 0                 0                 0                 0                 0               250            17.465	D2, 
         5.2388623        -1.8646948                 0         4.7660611         -246.0741                 0         424.00428                 0                 0                 0                 0                 0                 0               250            17.475	D2, 
         5.2418602        -1.8661996                 0          4.768654         -246.0741                 0         424.00428                 0                 0                 0                 0                 0                 0               250            17.485	D2, 
         5.2441087        -1.8673282                 0         4.7705987         -246.0741                 0         424.00428                 0                 0                 0                 0                 0                 0               250           17.4925	D2, 
          5.244905        -1.8677279                 0         4.7712874         -246.0741                 0         424.00428                 0                 0                 0                 0                 0                 0               250         17.495156	D2, 
         5.2449752        -1.8677632                 0         4.7713482         -246.0741                 0         424.00428                 0                 0                 0                 0                 0                 0               250         17.495391	D2, 
         5.2450016        -1.8677764                 0          4.771371         -246.0741                 0         424.00428                 0                 0                 0                 0                 0                 0               250         17.495479	D2, 
          5.245006        -1.8677786                 0         4.7713748         -246.0741                 0         424.00428                 0                 0                 0                 0                 0                 0               250         17.495493	D2, 
         5.2450082        -1.8677797                 0         4.7713767         -246.0741                 0         424.00428                 0                 0                 0                 0                 0                 0               250           17.4955	D2, 
         5.2450093        -1.8677803                 0         4.7713776         -246.0741                 0         424.00428                 0                 0                 0                 0                 0                 0               250         17.495504	D2, 
         5.2450098        -1.8677806                 0         4.7713781         -246.0741                 0         424.00428                 0                 0                 0                 0                 0                 0               250         17.495506	D2, 
         5.2450101        -1.8677807                 0         4.7713784         -246.0741                 0         424.00428                 0                 0                 0                 0                 0                 0               250         17.495507	D2, 
         5.2450102        -1.8677808                 0         4.7713785         -246.0741                 0         424.00428                 0                 0                 0                 0                 0                 0               250         17.495507	D2, 
         5.2450103        -1.8677808                 0         4.7713785         -246.0741                 0         424.00428                 0                 0                 0                 0                 0                 0               250         17.495508	D2, 
         5.2450103        -1.8677808                 0         4.7713785         -246.0741                 0         424.00428                 0                 0                 0                 0                 0                 0               250         17.495508	D2, 
         5.2450103        -1.8677808                 0         4.7713785         -246.0741                 0         424.00428                 0                 0                 0                 0                 0                 0               250         17.495508	D2, 
         5.2450103        -1.8677808                 0         4.7713785         -246.0741                 0         424.00428                 0                 0                 0                 0                 0                 0               250         17.495508	D2, 
         5.2450103        -1.8677808                 0         4.7713785         -246.0741                 0         424.00428                 0                 0                 0                 0                 0                 0               250         17.495508	D2, 
         5.2450103        -1.8677808                 0         4.7713785         -246.0741                 0         424.00428                 0                 0                 0                 0                 0                 0               250         17.495508	D2, 
         5.2450103        -1.8677808                 0         4.7713785         -246.0741                 0         424.00428                 0                 0                 0                 0                 0                 0               250         17.495508	D2, 
         5.2450103        -1.8677808                 0         4.7713785         -246.0741                 0         424.00428                 0                 0                 0                 0                 0                 0               250         17.495508	B2, 
         5.2450103        -1.8677808                 0         4.7713785         -246.0741                 0         424.00428                 0                 0                 0                 0                 0                 0               250         17.495508	B2, 
         5.2450103        -1.8677808                 0         4.7713785         -246.0741                 0         424.00428                 0                 0                 0                 0                 0                 0               250         17.495508	B2, 
         5.2450103        -1.8677808                 0         4.7713785         -246.0741                 0         424.00428                 0                 0                 0                 0                 0                 0               250         17.495508	B2, 
         5.2450103        -1.8677808                 0         4.7713785         -246.0741                 0         424.00428                 0                 0                 0                 0                 0                 0               250         17.495508	B2, 
         5.2450103        -1.8677808                 0         4.7713785         -246.0741                 0         424.00428                 0                 0                 0                 0                 0                 0               250         17.495508	B2, 
         5.2450103        -1.8677808                 0         4.7713785         -246.0741                 0         424.00428                 0                 0                 0                 0                 0                 0               250         17.495508	B2, 
         5.2450103        -1.8677808                 0         4.7713785         -246.0741                 0         424.00428                 0                 0                 0                 0                 0                 0               250         17.495508	B2, 
         5.2450103        -1.8677808                 0         4.7713785         -246.0741                 0         424.00428                 0                 0                 0                 0                 0                 0               250         17.495508	B2, 
         5.2450103        -1.8677808                 0         4.7713785         -246.0741                 0         424.00428                 0                 0                 0                 0                 0                 0               250         17.495508	B2, 
         5.2450103        -1.8677808                 0         4.7713785         -246.0741                 0         424.00428                 0                 0                 0                 0                 0                 0               250         17.495508	B2, 
         5.2450103        -1.8677808                 0         4.7713785         -246.0741                 0         424.00428                 0                 0                 0                 0                 0                 0               250         17.495508	B2, 
         5.2450103        -1.8677808                 0         4.7713785         -246.0741                 0         424.00428                 0                 0                 0                 0                 0                 0               250         17.495508	B2, 
         5.2450103        -1.8677808                 0         4.7713785         -246.0741                 0         424.00428                 0                 0                 0                 0                 0                 0               250         17.495508	B2, 
         5.2450104        -1.8677808                 0         4.7713786         -246.0741                 0         424.00428                 0                 0                 0                 0                 0                 0               250         17.495508	B2, 
         5.2450162        -1.8677838                 0         4.7713837         -246.0741                 0         424.00428                 0                 0                 0                 0                 0                 0               250         17.495527	B2, 
         5.2450338        -1.8677926                 0         4.7713989         -246.0741                 0         424.00428                 0                 0                 0                 0                 0                 0               250         17.495586	B2, 
         5.2451392        -1.8678455                 0           4.77149         -246.0741                 0         424.00428                 0                 0                 0                 0                 0                 0               250         17.495938	B2, 
         5.2454203        -1.8679866                 0         4.7717331         -246.0741                 0         424.00428                 0                 0                 0                 0                 0                 0               250         17.496875	B2, 
         5.2459824        -1.8682687                 0         4.7722193         -246.0741                 0         424.00428                 0                 0                 0                 0                 0                 0               250          17.49875	B2, 
         5.2478561        -1.8692092                 0         4.7738398         -246.0741                 0         424.00428                 0                 0                 0                 0                 0                 0               250            17.505	B2, 
          5.250854         -1.870714                 0         4.7764327         -246.0741                 0         424.00428                 0                 0                 0                 0                 0                 0               250            17.515	B2, 
         5.2538519        -1.8722188                 0         4.7790256         -246.0741                 0         424.00428                 0                 0                 0                 0                 0                 0               250            17.525	B2, 
         5.2568498        -1.8737236                 0         4.7816185         -246.0741                 0         424.00428                 0                 0                 0                 0                 0                 0               250            17.535	B2, 
         5.2598477        -1.8752284                 0         4.7842114         -246.0741                 0         424.00428                 0                 0                 0                 0                 0                 0               250            17.545	B2, 
         5.2628457        -1.8767332                 0         4.7868043         -246.0741                 0         424.00428                 0                 0                 0                 0                 0                 0               250            17.555	B2, 
         5.2658436         -1.878238                 0         4.7893972         -246.0741                 0         424.00428                 0                 0                 0                 0                 0                 0               250            17.565	B2, 
         5.2688415        -1.8797429                 0         4.7919901         -246.0741                 0         424.00428                 0                 0                 0                 0                 0                 0               250            17.575	B2, 
         5.2718394        -1.8812477                 0         4.7945829         -246.0741                 0         424.00428                 0                 0                 0                 0                 0                 0               250            17.585	B2, 
         5.2748373        -1.8827525                 0         4.7971758         -246.0741                 0         424.00428                 0                 0                 0                 0                 0                 0               250            17.595	B2, 
         5.2778352        -1.8842573                 0         4.7997687         -246.0741                 0         424.00428                 0                 0                 0                 0                 0                 0               250            17.605	B2, 
         5.2808332        -1.8857621                 0         4.8023616         -246.0741                 0         424.00428                 0                 0                 0                 0                 0                 0               250            17.615	B2, 
         5.2838311        -1.8872669                 0         4.8049545         -246.0741                 0         424.00428                 0                 0                 0                 0                 0                 0               250            17.625	B2, 
          5.286829        -1.8887717                 0         4.8075474         -246.0741                 0         424.00428                 0                 0                 0                 0                 0                 0               250            17.635	B2, 
         5.2898269        -1.8902765                 0         4.8101403         -246.0741                 0         424.00428                 0                 0                 0                 0                 0                 0               250            17.645	B2, 
         5.2928248        -1.8917813                 0         4.8127332         -246.0741                 0         424.00428                 0                 0                 0                 0                 0                 0               250            17.655	B2, 
         5.2958228        -1.8932861                 0         4.8153261         -246.0741                 0         424.00428                 0                 0                 0                 0                 0                 0               250            17.665	B2, 
         5.2988207        -1.8947909                 0          4.817919         -246.0741                 0         424.00428                 0                 0                 0                 0                 0                 0               250            17.675	B2, 
         5.3018186        -1.8962957                 0         4.8205118         -246.0741                 0         424.00428                 0                 0                 0                 0                 0                 0               250            17.685	B2, 
         5.3048165        -1.8978005                 0         4.8231047         -246.0741                 0         424.00428                 0                 0                 0                 0                 0                 0               250            17.695	B2, 
         5.3078144        -1.8993053                 0         4.8256976         -246.0741                 0         424.00428                 0                 0                 0                 0                 0                 0               250            17.705	B2, 
         5.3108123        -1.9008101                 0         4.8282905         -246.0741                 0         424.00428                 0                 0                 0                 0                 0                 0               250            17.715	B2, 
         5.3138103        -1.9023149                 0         4.8308834         -246.0741                 0         424.00428                 0                 0                 0                 0                 0                 0               250            17.725	B2, 
         5.3168082        -1.9038197                 0         4.8334763         -246.0741                 0         424.00428                 0                 0                 0                 0                 0                 0               250            17.735	B2, 
         5.3198061        -1.9053245                 0         4.8360692         -246.0741                 0         424.00428                 0                 0                 0                 0                 0                 0               250            17.745	B2, 
          5.322804        -1.9068293                 0         4.8386621         -246.0741                 0         424.00428                 0                 0                 0                 0                 0                 0               250            17.755	B2, 
         5.3258019        -1.9083341                 0          4.841255         -246.0741                 0         424.00428                 0                 0                 0                 0                 0                 0               250            17.765	B2, 
         5.3287999        -1.9098389                 0         4.8438479         -246.0741                 0         424.00428                 0                 0                 0                 0                 0                 0               250            17.775	B2, 
         5.3317978        -1.9113437                 0         4.8464407         -246.0741                 0         424.00428                 0                 0                 0                 0                 0                 0               250            17.785	B2, 
         5.3347957        -1.9128485                 0         4.8490336         -246.0741                 0         424.00428                 0                 0                 0                 0                 0                 0               250            17.795	B2, 
         5.3377936        -1.9143533                 0         4.8516265         -246.0741                 0         424.00428                 0                 0                 0                 0                 0                 0               250            17.805	B2, 
         5.3407915        -1.9158581                 0         4.8542194         -246.0741                 0         424.00428                 0                 0                 0                 0                 0                 0               250            17.815	B2, 
         5.3437894        -1.9173629                 0         4.8568123         -246.0741                 0         424.00428                 0                 0                 0                 0                 0                 0               250            17.825	B2, 
         5.3467874        -1.9188677                 0         4.8594052         -246.0741                 0         424.00428                 0                 0                 0                 0                 0                 0               250            17.835	B2, 
         5.3497853        -1.9203725                 0         4.8619981         -246.0741                 0         424.00428                 0                 0                 0                 0                 0                 0               250            17.845	B2, 
         5.3527832        -1.9218774                 0          4.864591         -246.0741                 0         424.00428                 0                 0                 0                 0                 0                 0               250            17.855	B2, 
         5.3557811        -1.9233822                 0         4.8671839         -246.0741                 0         424.00428                 0                 0                 0                 0                 0                 0               250            17.865	B2, 
          5.358779         -1.924887                 0         4.8697768         -246.0741                 0         424.00428                 0                 0                 0                 0                 0                 0               250            17.875	B2, 
          5.361777        -1.9263918                 0         4.8723697         -246.0741                 0         424.00428                 0                 0                 0                 0                 0                 0               250            17.885	B2, 
         5.3647749        -1.9278966                 0         4.8749625         -246.0741                 0         424.00428                 0                 0                 0                 0                 0                 0               250            17.895	B2, 
         5.3677728        -1.9294014                 0         4.8775554         -246.0741                 0         424.00428                 0                 0                 0                 0                 0                 0               250            17.905	B2, 
         5.3707707        -1.9309062                 0         4.8801483         -246.0741                 0         424.00428                 0                 0                 0                 0                 0                 0               250            17.915	B2, 
         5.3737686         -1.932411                 0         4.8827412         -246.0741                 0         424.00428                 0                 0                 0                 0                 0                 0               250            17.925	B2, 
         5.3767665        -1.9339158                 0         4.8853341         -246.0741                 0         424.00428                 0                 0                 0                 0                 0                 0               250            17.935	B2, 
         5.3797645        -1.9354206                 0          4.887927         -246.0741                 0         424.00428                 0                 0                 0                 0                 0                 0               250            17.945	B2, 
         5.3827624        -1.9369254                 0         4.8905199         -246.0741                 0         424.00428                 0                 0                 0                 0                 0                 0               250            17.955	B2, 
         5.3857603        -1.9384302                 0         4.8931128         -246.0741                 0         424.00428                 0                 0                 0                 0                 0                 0               250            17.965	B2, 
         5.3887582         -1.939935                 0         4.8957057         -246.0741                 0         424.00428                 0                 0                 0                 0                 0                 0               250            17.975	B2, 
         5.3917561        -1.9414398                 0         4.8982986         -246.0741                 0         424.00428                 0                 0                 0                 0                 0                 0               250            17.985	B2, 
         5.3947541        -1.9429446                 0         4.9008914         -246.0741                 0         424.00428                 0                 0                 0                 0                 0                 0               250            17.995	B2, 
          5.397752        -1.9444494                 0         4.9034843         -246.0741                 0         424.00428                 0                 0                 0                 0                 0                 0               250            18.005	B2, 
         5.4007499        -1.9459542                 0         4.9060772         -246.0741                 0         424.00428                 0                 0                 0                 0                 0                 0               250            18.015	B2, 
         5.4037478         -1.947459                 0         4.9086701         -246.0741                 0         424.00428                 0                 0                 0                 0                 0                 0               250            18.025	B2, 
         5.4067457        -1.9489638                 0          4.911263         -246.0741                 0         424.00428                 0                 0                 0                 0                 0                 0               250            18.035	B2, 
         5.4097436        -1.9504686                 0         4.9138559         -246.0741                 0         424.00428                 0                 0                 0                 0                 0                 0               250            18.045	B2, 
         5.4127416        -1.9519734                 0         4.9164488         -246.0741                 0         424.00428                 0                 0                 0                 0                 0                 0               250            18.055	B2, 
         5.4157395        -1.9534782                 0         4.9190417         -246.0741                 0         424.00428                 0                 0                 0                 0                 0                 0               250            18.065	B2, 
         5.4187374         -1.954983                 0         4.9216346         -246.0741                 0         424.00428                 0                 0                 0                 0                 0                 0               250            18.075	B2, 
         5.4217353        -1.9564878                 0         4.9242275         -246.0741                 0         424.00428                 0                 0                 0                 0                 0                 0               250            18.085	B2, 
         5.4247332        -1.9579926                 0         4.9268203         -246.0741                 0         424.00428                 0                 0                 0                 0                 0                 0               250            18.095	B2, 
         5.4277312        -1.9594974                 0         4.9294132         -246.0741                 0         424.00428                 0                 0                 0                 0                 0                 0               250            18.105	B2, 
         5.4307291        -1.9610022                 0         4.9320061         -246.0741                 0         424.00428                 0                 0                 0                 0                 0                 0               250            18.115	B2, 
          5.433727         -1.962507                 0          4.934599         -246.0741                 0         424.00428                 0                 0                 0                 0                 0                 0               250            18.125	B2, 
         5.4367249        -1.9640119                 0         4.9371919         -246.0741                 0         424.00428                 0                 0                 0                 0                 0                 0               250            18.135	B2, 
         5.4397228        -1.9655167                 0         4.9397848         -246.0741                 0         424.00428                 0                 0                 0                 0                 0                 0               250            18.145	B2, 
         5.4427208        -1.9670215                 0         4.9423777         -246.0741                 0         424.00428                 0                 0                 0                 0                 0                 0               250            18.155	B2, 
         5.4457187        -1.9685263                 0         4.9449706         -246.0741                 0         424.00428                 0                 0                 0                 0                 0                 0               250            18.165	B2, 
         5.4487166        -1.9700311                 0         4.9475635         -246.0741                 0         424.00428                 0                 0                 0                 0                 0                 0               250            18.175	B2, 
         5.4517145        -1.9715359                 0         4.9501564         -246.0741                 0         424.00428                 0                 0                 0                 0                 0                 0               250            18.185	B2, 
         5.4547124        -1.9730407                 0         4.9527493         -246.0741                 0         424.00428                 0                 0                 0                 0                 0                 0               250            18.195	B2, 
         5.4577103        -1.9745455                 0         4.9553421         -246.0741                 0         424.00428                 0                 0                 0                 0                 0                 0               250            18.205	B2, 
         5.4607083        -1.9760503                 0          4.957935         -246.0741                 0         424.00428                 0                 0                 0                 0                 0                 0               250            18.215	B2, 
         5.4637062        -1.9775551                 0         4.9605279         -246.0741                 0         424.00428                 0                 0                 0                 0                 0                 0               250            18.225	B2, 
         5.4667041        -1.9790599                 0         4.9631208         -246.0741                 0         424.00428                 0                 0                 0                 0                 0                 0               250            18.235	B2, 
          5.469702        -1.9805647                 0         4.9657137         -246.0741                 0         424.00428                 0                 0                 0                 0                 0                 0               250            18.245	B2, 
         5.4726999        -1.9820695                 0         4.9683066         -246.0741                 0         424.00428                 0                 0                 0                 0                 0                 0               250            18.255	B2, 
         5.4756979        -1.9835743                 0         4.9708995         -246.0741                 0         424.00428                 0                 0                 0                 0                 0                 0               250            18.265	B2, 
         5.4786958        -1.9850791                 0         4.9734924         -246.0741                 0         424.00428                 0                 0                 0                 0                 0                 0               250            18.275	B2, 
         5.4816937        -1.9865839                 0         4.9760853         -246.0741                 0         424.00428                 0                 0                 0                 0                 0                 0               250            18.285	B2, 
         5.4846916        -1.9880887                 0         4.9786782         -246.0741                 0         424.00428                 0                 0                 0                 0                 0                 0               250            18.295	B2, 
         5.4876895        -1.9895935                 0          4.981271         -246.0741                 0         424.00428                 0                 0                 0                 0                 0                 0               250            18.305	B2, 
         5.4906874        -1.9910983                 0         4.9838639         -246.0741                 0         424.00428                 0                 0                 0                 0                 0                 0               250            18.315	B2, 
         5.4936854        -1.9926031                 0         4.9864568         -246.0741                 0         424.00428                 0                 0                 0                 0                 0                 0               250            18.325	B2, 
         5.4966833        -1.9941079                 0         4.9890497         -246.0741                 0         424.00428                 0                 0                 0                 0                 0                 0               250            18.335	B2, 
         5.4996812        -1.9956127                 0         4.9916426         -246.0741                 0         424.00428                 0                 0                 0                 0                 0                 0               250            18.345	B2, 
         5.5026791        -1.9971175                 0         4.9942355         -246.0741                 0         424.00428                 0                 0                 0                 0                 0                 0               250            18.355	B2, 
          5.505677        -1.9986223                 0         4.9968284         -246.0741                 0         424.00428                 0                 0                 0                 0                 0                 0               250            18.365	B2, 
          5.508675        -2.0001271                 0         4.9994213         -246.0741                 0         424.00428                 0                 0                 0                 0                 0                 0               250            18.375	B2, 
         5.5116729        -2.0016319                 0         5.0020142         -246.0741                 0         424.00428                 0                 0                 0                 0                 0                 0               250            18.385	B2, 
         5.5146708        -2.0031367                 0         5.0046071         -246.0741                 0         424.00428                 0                 0                 0                 0                 0                 0               250            18.395	B2, 
         5.5176687        -2.0046415                 0            5.0072         -246.0741                 0         424.00428                 0                 0                 0                 0                 0                 0               250            18.405	B2, 
         5.5206666        -2.0061464                 0         5.0097928         -246.0741                 0         424.00428                 0                 0                 0                 0                 0                 0               250            18.415	B2, 
         5.5236645        -2.0076512                 0         5.0123857         -246.0741                 0         424.00428                 0                 0                 0                 0    -1.3827626e-35                 0               250            18.425	B2, 
         5.5266625         -2.009156                 0         5.0149786         -246.0741                 0         424.00428                 0                 0                 0                 0    -8.5767188e-35                 0               250            18.435	B2, 
         5.5296604        -2.0106608                 0         5.0175715         -246.0741                 0         424.00428                 0                 0                 0                 0    -5.1319853e-34                 0               250            18.445	B2, 
         5.5326583        -2.0121656                 0         5.0201644         -246.0741                 0         424.00428                 0                 0                 0                 0    -2.9639923e-33                 0               250            18.455	B2, 
         5.5356562        -2.0136704                 0         5.0227573         -246.0741                 0         424.00428                 0                 0                 0                 0    -1.6532194e-32                 0               250            18.465	B2, 
         5.5386541        -2.0151752                 0         5.0253502         -246.0741                 0         424.00428                 0                 0                 0                 0    -8.9099969e-32                 0               250            18.475	B2, 
         5.5416521          -2.01668                 0         5.0279431         -246.0741                 0         424.00428                 0                 0                 0                 0     -4.642456e-31                 0               250            18.485	B2, 
           5.54465        -2.0181848                 0          5.030536         -246.0741                 0         424.00428                 0                 0                 0                 0    -2.3397439e-30                 0               250            18.495	B2, 
         5.5476479        -2.0196896                 0         5.0331289         -246.0741                 0         424.00428                 0                 0                 0                 0    -1.1412056e-29                 0               250            18.505	B2, 
         5.5506458        -2.0211944                 0         5.0357217         -246.0741                 0         424.00428                 0                 0                 0                 0    -5.3896044e-29                 0               250            18.515	B2, 
         5.5536437        -2.0226992                 0         5.0383146         -246.0741                 0         424.00428                 0                 0                 0                 0     -2.465854e-28                 0               250            18.525	B2, 
         5.5566416         -2.024204                 0         5.0409075         -246.0741                 0         424.00428                 0                 0                 0                 0    -1.0934854e-27                 0               250            18.535	B2, 
         5.5596396        -2.0257088                 0         5.0435004         -246.0741                 0         424.00428                 0                 0                 0                 0    -4.7022875e-27                 0               250            18.545	B2, 
         5.5626375        -2.0272136                 0         5.0460933         -246.0741                 0         424.00428                 0                 0                 0                 0    -1.9618644e-26                 0               250            18.555	B2, 
         5.5656354        -2.0287184                 0         5.0486862         -246.0741                 0         424.00428                 0                 0                 0                 0    -7.9451697e-26                 0               250            18.565	B2, 
         5.5686333        -2.0302232                 0         5.0512791         -246.0741                 0         424.00428                 0                 0                 0                 0    -3.1247858e-25                 0               250            18.575	B2, 
         5.5716312         -2.031728                 0          5.053872         -246.0741                 0         424.00428                 0                 0                 0                 0    -1.1940607e-24                 0               250            18.585	B2, 
         5.5746292        -2.0332328                 0         5.0564649         -246.0741                 0         424.00428                 0                 0                 0                 0    -4.4353265e-24                 0               250            18.595	B2, 
         5.5776271        -2.0347376                 0         5.0590578         -246.0741                 0         424.00428                 0                 0                 0                 0    -1.6022103e-23                 0               250            18.605	B2, 
          5.580625        -2.0362424                 0         5.0616506         -246.0741                 0         424.00428                 0                 0                 0                 0     -5.631287e-23                 0               250            18.615	B2, 
         5.5836229        -2.0377472                 0         5.0642435         -246.0741                 0         424.00428                 0                 0                 0                 0    -1.9265809e-22                 0               250            18.625	B2, 
         5.5866208         -2.039252                 0         5.0668364         -246.0741                 0         424.00428                 0                 0                 0                 0    -6.4187921e-22                 0               250            18.635	B2, 
         5.5896188        -2.0407568                 0         5.0694293         -246.0741                 0         424.00428                 0                 0                 0                 0    -2.0835249e-21                 0               250            18.645	B2, 
         5.5926167        -2.0422616                 0         5.0720222         -246.0741                 0         424.00428                 0                 0                 0                 0     -6.591952e-21                 0               250            18.655	B2, 
         5.5956146        -2.0437664                 0         5.0746151         -246.0741                 0         424.00428                 0                 0                 0                 0    -2.0337044e-20                 0               250            18.665	B2, 
         5.5986125        -2.0452712                 0          5.077208         -246.0741                 0         424.00428                 0                 0                 0                 0    -6.1207745e-20                 0               250            18.675	B2, 
         5.6016104        -2.0467761                 0         5.0798009         -246.0741                 0         424.00428                 0                 0                 0                 0    -1.7978517e-19                 0               250            18.685	B2, 
         5.6046083        -2.0482809                 0         5.0823938         -246.0741                 0         424.00428                 0                 0                 0                 0    -5.1559926e-19                 0               250            18.695	B2, 
         5.6076063        -2.0497857                 0         5.0849867         -246.0741                 0         424.00428                 0                 0                 0                 0    -1.4443139e-18                 0               250            18.705	B2, 
         5.6106042        -2.0512905                 0         5.0875796         -246.0741                 0         424.00428                 0                 0                 0                 0    -3.9534802e-18                 0               250            18.715	B2, 
         5.6136021        -2.0527953                 0         5.0901724         -246.0741                 0         424.00428                 0                 0                 0                 0    -1.0578934e-17                 0               250            18.725	B2, 
            5.6166        -2.0543001                 0         5.0927653         -246.0741                 0         424.00428                 0                 0                 0                 0     -2.768358e-17                 0               250            18.735	B2, 
         5.6195979        -2.0558049                 0         5.0953582         -246.0741                 0         424.00428                 0                 0                 0                 0    -7.0874843e-17                 0               250            18.745	B2, 
         5.6225959        -2.0573097                 0         5.0979511         -246.0741                 0         424.00428                 0                 0                 0                 0    -1.7759102e-16                 0               250            18.755	B2, 
         5.6255938        -2.0588145                 0          5.100544         -246.0741                 0         424.00428                 0                 0                 0                 0    -4.3568873e-16                 0               250            18.765	B2, 
         5.6285917        -2.0603193                 0         5.1031369         -246.0741                 0         424.00428                 0                 0                 0                 0    -1.0469442e-15                 0               250            18.775	B2, 
         5.6315896        -2.0618241                 0         5.1057298         -246.0741                 0         424.00428                 0                 0                 0                 0    -2.4650512e-15                 0               250            18.785	B2, 
         5.6345875        -2.0633289                 0         5.1083227         -246.0741                 0         424.00428                 0                 0                 0                 0    -5.6891185e-15                 0               250            18.795	B2, 
         5.6375854        -2.0648337                 0         5.1109156         -246.0741                 0         424.00428                 0                 0                 0                 0    -1.2874785e-14                 0               250            18.805	B2, 
         5.6405834        -2.0663385                 0         5.1135085         -246.0741                 0         424.00428                 0                 0                 0                 0    -2.8580404e-14                 0               250            18.815	B2, 
         5.6435813        -2.0678433                 0         5.1161013         -246.0741                 0         424.00428                 0                 0                 0                 0    -6.2256616e-14                 0               250            18.825	B2, 
         5.6465792        -2.0693481                 0         5.1186942         -246.0741                 0         424.00428                 0                 0                 0                 0    -1.3312049e-13                 0               250            18.835	B2, 
         5.6495771        -2.0708529                 0         5.1212871         -246.0741                 0         424.00428                 0                 0                 0                 0    -2.7951044e-13                 0               250            18.845	B2, 
          5.652575        -2.0723577                 0           5.12388         -246.0741                 0         424.00428                 0                 0                 0                 0    -5.7649359e-13                 0               250            18.855	B2, 
          5.655573        -2.0738625                 0         5.1264729         -246.0741                 0         424.00428                 0                 0                 0                 0    -1.1683741e-12                 0               250            18.865	B2, 
         5.6585709        -2.0753673                 0         5.1290658         -246.0741                 0         424.00428                 0                 0                 0                 0    -2.3275876e-12                 0               250            18.875	B2, 
         5.6615688        -2.0768721                 0         5.1316587         -246.0741                 0         424.00428                 0                 0                 0                 0    -4.5594318e-12                 0               250            18.885	B2, 
         5.6645667        -2.0783769                 0         5.1342516         -246.0741                 0         424.00428                 0                 0                 0                 0    -8.7849224e-12                 0               250            18.895	B2, 
         5.6675646        -2.0798817                 0         5.1368445         -246.0741                 0         424.00428                 0                 0                 0                 0    -1.6654352e-11                 0               250            18.905	B2, 
         5.6705625        -2.0813865                 0         5.1394374         -246.0741                 0         424.00428                 0                 0                 0                 0    -3.1075519e-11                 0               250            18.915	B2, 
         5.6735605        -2.0828913                 0         5.1420303         -246.0741                 0         424.00428                 0                 0                 0                 0    -5.7088189e-11                 0               250            18.925	B2, 
         5.6765584        -2.0843961                 0         5.1446231         -246.0741                 0         424.00428                 0                 0                 0                 0    -1.0328706e-10                 0               250            18.935	B2, 
         5.6795563        -2.0859009                 0          5.147216         -246.0741                 0         424.00428                 0                 0                 0                 0    -1.8409841e-10                 0               250            18.945	B2, 
         5.6825542        -2.0874057                 0         5.1498089         -246.0741                 0         424.00428                 0                 0                 0                 0    -3.2336245e-10                 0               250            18.955	B2, 
         5.6855521        -2.0889106                 0         5.1524018         -246.0741                 0         424.00428                 0                 0                 0                 0    -5.5987835e-10                 0               250            18.965	B2, 
         5.6885501        -2.0904154                 0         5.1549947         -246.0741                 0         424.00428                 0                 0                 0                 0    -9.5584975e-10                 0               250            18.975	B2, 
          5.691548        -2.0919202                 0         5.1575876         -246.0741                 0         424.00428                 0                 0                 0                 0    -1.6095446e-09                 0               250            18.985	B2, 
         5.6945459         -2.093425                 0         5.1601805         -246.0741                 0         424.00428                 0                 0                 0                 0     -2.673977e-09                 0               250            18.995	B2, 
         5.6975438        -2.0949298                 0         5.1627734         -246.0741                 0         424.00428                 0                 0                 0                 0    -4.3840511e-09                 0               250            19.005	B2, 
         5.7005417        -2.0964346                 0         5.1653663         -246.0741                 0         424.00428                 0                 0                 0                 0     -7.095405e-09                 0               250            19.015	B2, 
         5.7035396        -2.0979394                 0         5.1679592         -246.0741                 0         424.00428                 0                 0                 0                 0    -1.1339163e-08                 0               250            19.025	B2, 
         5.7065376        -2.0994442                 0          5.170552         -246.0741                 0         424.00428                 0                 0                 0                 0    -1.7897977e-08                 0               250            19.035	B2, 
         5.7095355         -2.100949                 0         5.1731449         -246.0741                 0         424.00428                 0                 0                 0                 0    -2.7910088e-08                 0               250            19.045	B2, 
         5.7125334        -2.1024538                 0         5.1757378         -246.0741                 0         424.00428                 0                 0                 0                 0    -4.3009692e-08                 0               250            19.055	B2, 
         5.7155313        -2.1039586                 0         5.1783307         -246.0741                 0         424.00428                 0                 0                 0                 0    -6.5513551e-08                 0               250            19.065	B2, 
         5.7185292        -2.1054634                 0         5.1809236         -246.0741                 0         424.00428                 0                 0                 0                 0    -9.8665613e-08                 0               250            19.075	B2, 
         5.7215272        -2.1069682                 0         5.1835165         -246.0741                 0         424.00428                 0                 0                 0                 0    -1.4695315e-07                 0               250            19.085	B2, 
         5.7245251         -2.108473                 0         5.1861094         -246.0741                 0         424.00428                 0                 0                 0                 0    -2.1650967e-07                 0               250            19.095	B2, 
          5.727523        -2.1099778                 0         5.1887023         -246.0741                 0         424.00428                 0                 0                 0                 0    -3.1562128e-07                 0               250            19.105	B2, 
         5.7305209        -2.1114826                 0         5.1912952         -246.0741                 0         424.00428                 0                 0                 0                 0    -4.5535438e-07                 0               250            19.115	B2, 
         5.7335188        -2.1129874                 0         5.1938881        -246.07411                 0         424.00428                 0                 0                 0                 0    -6.5032294e-07                 0               250            19.125	B2, 
         5.7365167        -2.1144922                 0         5.1964809        -246.07411                 0         424.00428                 0                 0                 0                 0    -9.1961368e-07                 0               250            19.135	B2, 
         5.7395147         -2.115997                 0         5.1990738        -246.07411                 0         424.00428                 0                 0                 0                 0    -1.2878862e-06                 0               250            19.145	B2, 
         5.7425126        -2.1175018                 0         5.2016667        -246.07411                 0         424.00428                 0                 0                 0                 0    -1.7866627e-06                 0               250            19.155	B2, 
         5.7455105        -2.1190066                 0         5.2042596        -246.07411                 0         424.00428                 0                 0                 0                 0    -2.4558197e-06                 0               250            19.165	B2, 
         5.7485084        -2.1205114                 0         5.2068525        -246.07412                 0         424.00427                 0                 0                 0                 0    -3.3452876e-06                 0               250            19.175	B2, 
         5.7515063        -2.1220162                 0         5.2094454        -246.07412                 0         424.00427                 0                 0                 0                 0    -4.5169595e-06                 0               250            19.185	B2, 
         5.7545043         -2.123521                 0         5.2120383        -246.07413                 0         424.00427                 0                 0                 0                 0     -6.046804e-06                 0               250            19.195	B2, 
         5.7575022        -2.1250258                 0         5.2146312        -246.07414                 0         424.00426                 0                 0                 0                 0    -8.0271651e-06                 0               250            19.205	B2, 
         5.7605001        -2.1265306                 0         5.2172241        -246.07416                 0         424.00425                 0                 0                 0                 0    -1.0569229e-05                 0               250            19.215	B2, 
          5.763498        -2.1280354                 0          5.219817        -246.07418                 0         424.00424                 0                 0                 0                 0    -1.3805618e-05                 0               250            19.225	B2, 
         5.7664959        -2.1295403                 0         5.2224099         -246.0742                 0         424.00423                 0                 0                 0                 0    -1.7893079e-05                 0               250            19.235	B2, 
         5.7694939        -2.1310451                 0         5.2250027        -246.07423                 0         424.00421                 0                 0                 0                 0    -2.3015195e-05                 0               250            19.245	B2, 
         5.7724918        -2.1325499                 0         5.2275956        -246.07427                 0         424.00419                 0                 0                 0                 0     -2.938508e-05                 0               250            19.255	B2, 
         5.7754897        -2.1340547                 0         5.2301885        -246.07432                 0         424.00416                 0                 0                 0                 0    -3.7247964e-05                 0               250            19.265	B2, 
         5.7784876        -2.1355595                 0         5.2327814        -246.07438                 0         424.00412                 0                 0                 0                 0    -4.6883604e-05                 0               250            19.275	B2, 
         5.7814855        -2.1370643                 0         5.2353743        -246.07446                 0         424.00407                 0                 0                 0                 0    -5.8608439e-05                 0               250            19.285	B2, 
         5.7844834        -2.1385691                 0         5.2379672        -246.07456                 0         424.00402                 0                 0                 0                 0    -7.2777401e-05                 0               250            19.295	B2, 
         5.7874814        -2.1400739                 0         5.2405601        -246.07469                 0         424.00394                 0                 0                 0                 0    -8.9785301e-05                 0               250            19.305	B2, 
         5.7904793        -2.1415787                 0          5.243153        -246.07484                 0         424.00386                 0                 0                 0                 0    -0.00011006771                 0               250            19.315	B2, 
         5.7934772        -2.1430835                 0         5.2457459        -246.07502                 0         424.00375                 0                 0                 0                 0    -0.00013410129                 0               250            19.325	B2, 
         5.7964751        -2.1445883                 0         5.2483387        -246.07525                 0         424.00362                 0                 0                 0                 0    -0.00016240343                 0               250            19.335	B2, 
          5.799473        -2.1460931                 0         5.2509316        -246.07552                 0         424.00346                 0                 0                 0                 0    -0.00019553128                 0               250            19.345	B2, 
          5.802471        -2.1475979                 0         5.2535245        -246.07585                 0         424.00327                 0                 0                 0                 0    -0.00023407999                 0               250            19.355	B2, 
         5.8054689        -2.1491028                 0         5.2561174        -246.07624                 0         424.00305                 0                 0                 0                 0     -0.0002786803                 0               250            19.365	B2, 
         5.8084668        -2.1506076                 0         5.2587103         -246.0767                 0         424.00278                 0                 0                 0                 0    -0.00032999527                 0               250            19.375	B2, 
         5.8114647        -2.1521124                 0         5.2613032        -246.07724                 0         424.00246                 0                 0                 0                 0    -0.00038871644                 0               250            19.385	B2, 
         5.8144626        -2.1536172                 0          5.263896        -246.07788                 0         424.00209                 0                 0                 0                 0    -0.00045555922                 0               250            19.395	B2, 
         5.8174605         -2.155122                 0         5.2664889        -246.07863                 0         424.00165                 0                 0                 0                 0     -0.0005312577                 0               250            19.405	B2, 
         5.8204585        -2.1566269                 0         5.2690818        -246.07951                 0         424.00115                 0                 0                 0                 0    -0.00061655889                 0               250            19.415	B2, 
         5.8234564        -2.1581317                 0         5.2716747        -246.08051                 0         424.00056                 0                 0                 0                 0    -0.00071221659                 0               250            19.425	B2, 
         5.8264543        -2.1596366                 0         5.2742675        -246.08168                 0         423.99989                 0                 0                 0                 0    -0.00081898477                 0               250            19.435	B2, 
         5.8294522        -2.1611414                 0         5.2768604        -246.08301                 0         423.99911                 0                 0                 0                 0     -0.0009376109                 0               250            19.445	B2, 
         5.8324501        -2.1626463                 0         5.2794532        -246.08454                 0         423.99823                 0                 0                 0                 0      -0.001068829                 0               250            19.455	B2, 
         5.8354481        -2.1641512                 0         5.2820461        -246.08627                 0         423.99722                 0                 0                 0                 0     -0.0012133528                 0               250            19.465	B2, 
          5.838446         -2.165656                 0         5.2846389        -246.08824                 0         423.99608                 0                 0                 0                 0      -0.001371869                 0               250            19.475	B2, 
         5.8414439        -2.1671609                 0         5.2872318        -246.09045                 0         423.99479                 0                 0                 0                 0      -0.001545031                 0               250            19.485	B2, 
         5.8444418        -2.1686658                 0         5.2898246        -246.09294                 0         423.99335                 0                 0                 0                 0     -0.0017334523                 0               250            19.495	B2, 
         5.8474397        -2.1701708                 0         5.2924174        -246.09573                 0         423.99173                 0                 0                 0                 0     -0.0019377015                 0               250            19.505	B2, 
         5.8504376        -2.1716757                 0         5.2950102        -246.09885                 0         423.98992                 0                 0                 0                 0     -0.0021582971                 0               250            19.515	B2, 
         5.8534356        -2.1731807                 0          5.297603        -246.10231                 0         423.98791                 0                 0                 0                 0     -0.0023957029                 0               250            19.525	B2, 
         5.8564335        -2.1746857                 0         5.3001958        -246.10614                 0         423.98569                 0                 0                 0                 0     -0.0026503246                 0               250            19.535	B2, 
         5.8594314        -2.1761907                 0         5.3027886        -246.11038                 0         423.98323                 0                 0                 0                 0     -0.0029225068                 0               250            19.545	B2, 
         5.8624293        -2.1776957                 0         5.3053813        -246.11504                 0         423.98052                 0                 0                 0                 0     -0.0032125312                 0               250            19.555	B2, 
         5.8654272        -2.1792008                 0         5.3079741        -246.12016                 0         423.97755                 0                 0                 0                 0     -0.0035206152                 0               250            19.565	B2, 
         5.8684252        -2.1807059                 0         5.3105668        -246.12576                 0          423.9743                 0                 0                 0                 0     -0.0038469115                 0               250            19.575	B2, 
         5.8714231         -2.182211                 0         5.3131595        -246.13187                 0         423.97075                 0                 0                 0                 0     -0.0041915086                 0               250            19.585	B2, 
          5.874421        -2.1837162                 0         5.3157521        -246.13852                 0         423.96689                 0                 0                 0                 0     -0.0045544317                 0               250            19.595	B2, 
         5.8774189        -2.1852214                 0         5.3183448        -246.14574                 0          423.9627                 0                 0                 0                 0     -0.0049356451                 0               250            19.605	B2, 
         5.8804168        -2.1867267                 0         5.3209374        -246.15355                 0         423.95817                 0                 0                 0                 0     -0.0053350544                 0               250            19.615	B2, 
         5.8834147         -2.188232                 0           5.32353        -246.16198                 0         423.95327                 0                 0                 0                 0     -0.0057525097                 0               250            19.625	B2, 
         5.8864127        -2.1897374                 0         5.3261226        -246.17106                 0           423.948                 0                 0                 0                 0     -0.0061878095                 0               250            19.635	B2, 
         5.8894106        -2.1912428                 0         5.3287151        -246.18081                 0         423.94234                 0                 0                 0                 0     -0.0066407046                 0               250            19.645	B2, 
         5.8924085        -2.1927483                 0         5.3313076        -246.19127                 0         423.93627                 0                 0                 0                 0     -0.0071109027                 0               250            19.655	B2, 
         5.8954064        -2.1942538                 0         5.3339001        -246.20245                 0         423.92977                 0                 0                 0                 0     -0.0075980733                 0               250            19.665	B2, 
         5.8984043        -2.1957595                 0         5.3364925        -246.21439                 0         423.92284                 0                 0                 0                 0     -0.0081018528                 0               250            19.675	B2, 
         5.9014023        -2.1972652                 0         5.3390848         -246.2271                 0         423.91545                 0                 0                 0                 0     -0.0086218493                 0               250            19.685	B2, 
         5.9044002         -2.198771                 0         5.3416772        -246.24062                 0          423.9076                 0                 0                 0                 0     -0.0091576478                 0               250            19.695	B2, 
         5.9073981        -2.2002768                 0         5.3442694        -246.25496                 0         423.89927                 0                 0                 0                 0     -0.0097088159                 0               250            19.705	B2, 
          5.910396        -2.2017828                 0         5.3468617        -246.27016                 0         423.89044                 0                 0                 0                 0      -0.010274908                 0               250            19.715	B2, 
         5.9133939        -2.2032888                 0         5.3494538        -246.28622                 0         423.88111                 0                 0                 0                 0      -0.010855472                 0               250            19.725	B2, 
         5.9163918         -2.204795                 0         5.3520459        -246.30318                 0         423.87125                 0                 0                 0                 0       -0.01145005                 0               250            19.735	B2, 
         5.9193898        -2.2063012                 0          5.354638        -246.32106                 0         423.86087                 0                 0                 0                 0      -0.012058188                 0               250            19.745	B2, 
         5.9223877        -2.2078076                 0           5.35723        -246.33986                 0         423.84994                 0                 0                 0                 0      -0.012679436                 0               250            19.755	B2, 
         5.9253856        -2.2093141                 0         5.3598219        -246.35962                 0         423.83845                 0                 0                 0                 0      -0.013313356                 0               250            19.765	B2, 
         5.9283835        -2.2108207                 0         5.3624137        -246.38036                 0          423.8264                 0                 0                 0                 0       -0.01395952                 0               250            19.775	B2, 
         5.9313814        -2.2123274                 0         5.3650055        -246.40208                 0         423.81377                 0                 0                 0                 0      -0.014617517                 0               250            19.785	B2, 
         5.9343794        -2.2138343                 0         5.3675972        -246.42481                 0         423.80055                 0                 0                 0                 0      -0.015286958                 0               250            19.795	B2, 
         5.9373773        -2.2153413                 0         5.3701888        -246.44857                 0         423.78674                 0                 0                 0                 0      -0.015967471                 0               250            19.805	B2, 
         5.9403752        -2.2168485                 0         5.3727803        -246.47337                 0         423.77231                 0                 0                 0                 0      -0.016658712                 0               250            19.815	B2, 
         5.9433731        -2.2183558                 0         5.3753717        -246.49923                 0         423.75727                 0                 0                 0                 0       -0.01736036                 0               250            19.825	B2, 
          5.946371        -2.2198633                 0          5.377963        -246.52617                 0          423.7416                 0                 0                 0                 0      -0.018072123                 0               250            19.835	B2, 
          5.949369         -2.221371                 0         5.3805543        -246.55419                 0          423.7253                 0                 0                 0                 0      -0.018793736                 0               250            19.845	B2, 
         5.9523669        -2.2228788                 0         5.3831454        -246.58331                 0         423.70835                 0                 0                 0                 0      -0.019524963                 0               250            19.855	B2, 
         5.9553648        -2.2243868                 0         5.3857364        -246.61355                 0         423.69075                 0                 0                 0                 0        -0.0202656                 0               250            19.865	B2, 
         5.9583627         -2.225895                 0         5.3883273        -246.64493                 0         423.67249                 0                 0                 0                 0       -0.02101547                 0               250            19.875	B2, 
         5.9613606        -2.2274034                 0         5.3909181        -246.67744                 0         423.65356                 0                 0                 0                 0      -0.021774429                 0               250            19.885	B2, 
         5.9643585         -2.228912                 0         5.3935088        -246.71112                 0         423.63394                 0                 0                 0                 0      -0.022542359                 0               250            19.895	B2, 
         5.9673565        -2.2304208                 0         5.3960994        -246.74597                 0         423.61365                 0                 0                 0                 0      -0.023319176                 0               250            19.905	B2, 
         5.9703544        -2.2319298                 0         5.3986898        -246.78201                 0         423.59266                 0                 0                 0                 0      -0.024104821                 0               250            19.915	B2, 
         5.9733523        -2.2334391                 0         5.4012801        -246.81924                 0         423.57096                 0                 0                 0                 0      -0.024899266                 0               250            19.925	B2, 
         5.9763502        -2.2349486                 0         5.4038703        -246.85769                 0         423.54856                 0                 0                 0                 0      -0.025702508                 0               250            19.935	B2, 
         5.9793481        -2.2364583                 0         5.4064603        -246.89736                 0         423.52543                 0                 0                 0                 0      -0.026514571                 0               250            19.945	B2, 
         5.9823461        -2.2379682                 0         5.4090502        -246.93827                 0         423.50158                 0                 0                 0                 0      -0.027335505                 0               250            19.955	B2, 
          5.985344        -2.2394784                 0           5.41164        -246.98043                 0         423.47699                 0                 0                 0                 0      -0.028165382                 0               250            19.965	B2, 
         5.9883419        -2.2409889                 0         5.4142296        -247.02386                 0         423.45166                 0                 0                 0                 0      -0.029004297                 0               250            19.975	B2, 
         5.9913398        -2.2424997                 0          5.416819        -247.06856                 0         423.42558                 0                 0                 0                 0      -0.029852366                 0               250            19.985	B2, 
         5.9943377        -2.2440107                 0         5.4194083        -247.11456                 0         423.39874                 0                 0                 0                 0      -0.030709726                 0               250            19.995	B2, 
         5.9973356         -2.245522                 0         5.4219974        -247.16186                 0         423.37113                 0                 0                 0                 0      -0.031576531                 0               250            20.005	B2, 
         6.0003336        -2.2470336                 0         5.4245863        -247.21049                 0         423.34273                 0                 0                 0                 0       -0.03245295                 0               250            20.015	B2, 
         6.0033315        -2.2485455                 0         5.4271751        -247.26045                 0         423.31356                 0                 0                 0                 0      -0.033339171                 0               250            20.025	B2, 
         6.0063294        -2.2500577                 0         5.4297636        -247.31176                 0         423.28358                 0                 0                 0                 0      -0.034235392                 0               250            20.035	B2, 
         6.0093273        -2.2515703                 0          5.432352        -247.36443                 0          423.2528                 0                 0                 0                 0      -0.035141826                 0               250            20.045	B2, 
         6.0123252        -2.2530831                 0         5.4349402        -247.41849                 0          423.2212                 0                 0                 0                 0      -0.036058694                 0               250            20.055	B2, 
         6.0153232        -2.2545963                 0         5.4375282        -247.47394                 0         423.18878                 0                 0                 0                 0      -0.036986228                 0               250            20.065	B2, 
         6.0183211        -2.2561099                 0          5.440116        -247.53081                 0         423.15552                 0                 0                 0                 0      -0.037924667                 0               250            20.075	B2, 
          6.021319        -2.2576237                 0         5.4427036         -247.5891                 0         423.12142                 0                 0                 0                 0      -0.038874258                 0               250            20.085	B2, 
         6.0243169         -2.259138                 0          5.445291        -247.64884                 0         423.08646                 0                 0                 0                 0       -0.03983525                 0               250            20.095	B2, 
         6.0273148        -2.2606526                 0         5.4478782        -247.71004                 0         423.05063                 0                 0                 0                 0      -0.040807899                 0               250            20.105	B2, 
         6.0303127        -2.2621676                 0         5.4504651        -247.77272                 0         423.01392                 0                 0                 0                 0       -0.04179246                 0               250            20.115	B2, 
         6.0333107         -2.263683                 0         5.4530518        -247.83689                 0         422.97632                 0                 0                 0                 0      -0.042789193                 0               250            20.125	B2, 
         6.0363086        -2.2651988                 0         5.4556383        -247.90259                 0         422.93782                 0                 0                 0                 0      -0.043798354                 0               250            20.135	B2, 
         6.0393065         -2.266715                 0         5.4582246        -247.96982                 0         422.89841                 0                 0                 0                 0      -0.044820201                 0               250            20.145	B2, 
         6.0423044        -2.2682316                 0         5.4608106         -248.0386                 0         422.85807                 0                 0                 0                 0      -0.045854989                 0               250            20.155	B2, 
         6.0453023        -2.2697486                 0         5.4633963        -248.10895                 0          422.8168                 0                 0                 0                 0      -0.046902969                 0               250            20.165	B2, 
         6.0483003        -2.2712661                 0         5.4659818         -248.1809                 0         422.77457                 0                 0                 0                 0      -0.047964389                 0               250            20.175	B2, 
         6.0512982         -2.272784                 0         5.4685671        -248.25446                 0         422.73138                 0                 0                 0                 0      -0.049039493                 0               250            20.185	B2, 
         6.0542961        -2.2743024                 0          5.471152        -248.32966                 0         422.68721                 0                 0                 0                 0      -0.050128516                 0               250            20.195	B2, 
          6.057294        -2.2758212                 0         5.4737367        -248.40651                 0         422.64205                 0                 0                 0                 0      -0.051231691                 0               250            20.205	B2, 
         6.0602919        -2.2773405                 0         5.4763212        -248.48503                 0         422.59589                 0                 0                 0                 0      -0.052349242                 0               250            20.215	B2, 
         6.0632898        -2.2788603                 0         5.4789053        -248.56525                 0         422.54871                 0                 0                 0                 0      -0.053481387                 0               250            20.225	B2, 
         6.0662878        -2.2803806                 0         5.4814891        -248.64719                 0          422.5005                 0                 0                 0                 0      -0.054628334                 0               250            20.235	B2, 
         6.0692857        -2.2819014                 0         5.4840727        -248.73087                 0         422.45124                 0                 0                 0                 0      -0.055790285                 0               250            20.245	B2, 
         6.0722836        -2.2834227                 0         5.4866559        -248.81631                 0         422.40092                 0                 0                 0                 0      -0.056967434                 0               250            20.255	B2, 
         6.0752815        -2.2849445                 0         5.4892389        -248.90354                 0         422.34953                 0                 0                 0                 0      -0.058159966                 0               250            20.265	B2, 
         6.0782794        -2.2864669                 0         5.4918215        -248.99258                 0         422.29704                 0                 0                 0                 0      -0.059368059                 0               250            20.275	B2, 
         6.0812774        -2.2879898                 0         5.4944038        -249.08344                 0         422.24345                 0                 0                 0                 0       -0.06059188                 0               250            20.285	B2, 
         6.0842753        -2.2895133                 0         5.4969857        -249.17616                 0         422.18875                 0                 0                 0                 0      -0.061831592                 0               250            20.295	B2, 
         6.0872732        -2.2910374                 0         5.4995673        -249.27076                 0          422.1329                 0                 0                 0                 0      -0.063087348                 0               250            20.305	B2, 
         6.0902711         -2.292562                 0         5.5021486        -249.36726                 0          422.0759                 0                 0                 0                 0      -0.064359295                 0               250            20.315	B2, 
          6.093269        -2.2940873                 0         5.5047295        -249.46568                 0         422.01774                 0                 0                 0                 0      -0.065647574                 0               250            20.325	B2, 
          6.096267        -2.2956131                 0         5.5073101        -249.56606                 0         421.95839                 0                 0                 0                 0       -0.06695232                 0               250            20.335	B2, 
         6.0992649        -2.2971396                 0         5.5098903         -249.6684                 0         421.89784                 0                 0                 0                 0      -0.068273663                 0               250            20.345	B2, 
         6.1022628        -2.2986667                 0         5.5124701        -249.77275                 0         421.83607                 0                 0                 0                 0       -0.06961173                 0               250            20.355	B2, 
         6.1052607        -2.3001944                 0         5.5150495        -249.87912                 0         421.77307                 0                 0                 0                 0      -0.070966646                 0               250            20.365	B2, 
         6.1082586        -2.3017228                 0         5.5176286        -249.98753                 0         421.70882                 0                 0                 0                 0      -0.072338534                 0               250            20.375	B2, 
         6.1112565        -2.3032519                 0         5.5202072        -250.09801                 0         421.64331                 0                 0                 0                 0      -0.073727517                 0               250            20.385	B2, 
         6.1142545        -2.3047817                 0         5.5227855         -250.2106                 0         421.57651                 0                 0                 0                 0       -0.07513372                 0               250            20.395	B2, 
         6.1172524        -2.3063121                 0         5.5253633         -250.3253                 0         421.50841                 0                 0                 0                 0      -0.076557273                 0               250            20.405	B2, 
         6.1202503        -2.3078433                 0         5.5279407        -250.44215                 0         421.43899                 0                 0                 0                 0      -0.077998311                 0               250            20.415	B2, 
         6.1232482        -2.3093751                 0         5.5305177        -250.56117                 0         421.36824                 0                 0                 0                 0      -0.079456974                 0               250            20.425	B2, 
         6.1262461        -2.3109077                 0         5.5330943         -250.6824                 0         421.29613                 0                 0                 0                 0      -0.080933416                 0               250            20.435	B2, 
         6.1292441        -2.3124411                 0         5.5356704        -250.80584                 0         421.22266                 0                 0                 0                 0        -0.0824278                 0               250            20.445	B2, 
          6.132242        -2.3139752                 0          5.538246        -250.93154                 0         421.14779                 0                 0                 0                 0      -0.083940304                 0               250            20.455	B2, 
         6.1352399        -2.3155101                 0         5.5408212        -251.05951                 0         421.07151                 0                 0                 0                 0      -0.085471123                 0               250            20.465	B2, 
         6.1382378        -2.3170458                 0         5.5433959        -251.18978                 0         420.99381                 0                 0                 0                 0      -0.087020474                 0               250            20.475	B2, 
         6.1412357        -2.3185823                 0         5.5459702        -251.32239                 0         420.91466                 0                 0                 0                 0      -0.088588593                 0               250            20.485	B2, 
         6.1442336        -2.3201196                 0         5.5485439        -251.45735                 0         420.83405                 0                 0                 0                 0      -0.090175745                 0               250            20.495	B2, 
         6.1472316        -2.3216578                 0         5.5511172         -251.5947                 0         420.75195                 0                 0                 0                 0      -0.091782222                 0               250            20.505	B2, 
         6.1502295        -2.3231967                 0         5.5536899        -251.73445                 0         420.66835                 0                 0                 0                 0      -0.093408348                 0               250            20.515	B2, 
         6.1532274        -2.3247366                 0         5.5562622        -251.87665                 0         420.58322                 0                 0                 0                 0      -0.095054485                 0               250            20.525	B2, 
         6.1562253        -2.3262773                 0         5.5588339        -252.02132                 0         420.49655                 0                 0                 0                 0      -0.096721032                 0               250            20.535	B2, 
         6.1592232         -2.327819                 0          5.561405        -252.16849                 0         420.40831                 0                 0                 0                 0       -0.09840843                 0               250            20.545	B2, 
         6.1622212        -2.3293615                 0         5.5639757        -252.31819                 0         420.31848                 0                 0                 0                 0       -0.10011717                 0               250            20.555	B2, 
         6.1652191        -2.3309049                 0         5.5665457        -252.47045                 0         420.22704                 0                 0                 0                 0       -0.10184778                 0               250            20.565	B2, 
          6.168217        -2.3324493                 0         5.5691152         -252.6253                 0         420.13397                 0                 0                 0                 0       -0.10360087                 0               250            20.575	B2, 
         6.1712149        -2.3339947                 0         5.5716842        -252.78278                 0         420.03924                 0                 0                 0                 0       -0.10537708                 0               250            20.585	B2, 
         6.1742128         -2.335541                 0         5.5742525        -252.94291                 0         419.94283                 0                 0                 0                 0       -0.10717713                 0               250            20.595	B2, 
         6.1772107        -2.3370883                 0         5.5768203        -253.10574                 0         419.84471                 0                 0                 0                 0       -0.10900178                 0               250            20.605	B2, 
         6.1802087        -2.3386366                 0         5.5793874         -253.2713                 0         419.74486                 0                 0                 0                 0       -0.11085191                 0               250            20.615	B2, 
         6.1832066        -2.3401859                 0          5.581954        -253.43962                 0         419.64325                 0                 0                 0                 0       -0.11272841                 0               250            20.625	B2, 
         6.1862045        -2.3417363                 0         5.5845199        -253.61075                 0         419.53985                 0                 0                 0                 0       -0.11463231                 0               250            20.635	B2, 
         6.1892024        -2.3432877                 0         5.5870851        -253.78472                 0         419.43464                 0                 0                 0                 0       -0.11656469                 0               250            20.645	B2, 
         6.1922003        -2.3448402                 0         5.5896498        -253.96158                 0         419.32757                 0                 0                 0                 0       -0.11852671                 0               250            20.655	B2, 
         6.1951983        -2.3463938                 0         5.5922137        -254.14136                 0         419.21864                 0                 0                 0                 0       -0.12051965                 0               250            20.665	B2, 
         6.1981962        -2.3479485                 0          5.594777        -254.32412                 0         419.10779                 0                 0                 0                 0       -0.12254486                 0               250            20.675	B2, 
         6.2011941        -2.3495043                 0         5.5973396         -254.5099                 0           418.995                 0                 0                 0                 0       -0.12460381                 0               250            20.685	B2, 
          6.204192        -2.3510613                 0         5.5999015        -254.69875                 0         418.88022                 0                 0                 0                 0       -0.12669804                 0               250            20.695	B2, 
         6.2071899        -2.3526194                 0         5.6024627        -254.89072                 0         418.76344                 0                 0                 0                 0       -0.12882924                 0               250            20.705	B2, 
         6.2101878        -2.3541787                 0         5.6050232        -255.08587                 0         418.64459                 0                 0                 0                 0       -0.13099919                 0               250            20.715	B2, 
         6.2131858        -2.3557392                 0         5.6075829        -255.28426                 0         418.52365                 0                 0                 0                 0       -0.13320977                 0               250            20.725	B2, 
         6.2161837         -2.357301                 0         5.6101419        -255.48593                 0         418.40057                 0                 0                 0                 0       -0.13546299                 0               250            20.735	B2, 
         6.2191816         -2.358864                 0         5.6127002        -255.69096                 0          418.2753                 0                 0                 0                 0       -0.13776099                 0               250            20.745	B2, 
         6.2221795        -2.3604282                 0         5.6152577        -255.89941                 0          418.1478                 0                 0                 0                 0       -0.14010602                 0               250            20.755	B2, 
         6.2251774        -2.3619938                 0         5.6178143        -256.11136                 0         418.01803                 0                 0                 0                 0       -0.14250045                 0               250            20.765	B2, 
         6.2281754        -2.3635606                 0         5.6203702        -256.32686                 0         417.88591                 0                 0                 0                 0       -0.14494678                 0               250            20.775	B2, 
         6.2311733        -2.3651288                 0         5.6229253          -256.546                 0         417.75142                 0                 0                 0                 0       -0.14744762                 0               250            20.785	B2, 
         6.2341712        -2.3666983                 0         5.6254795        -256.76886                 0         417.61447                 0                 0                 0                 0       -0.15000574                 0               250            20.795	B2, 
         6.2371691        -2.3682692                 0         5.6280329        -256.99553                 0         417.47502                 0                 0                 0                 0         -0.152624                 0               250            20.805	B2, 
          6.240167        -2.3698415                 0         5.6305854        -257.22609                 0         417.33301                 0                 0                 0                 0       -0.15530538                 0               250            20.815	B2, 
         6.2431649        -2.3714152                 0         5.6331371        -257.46063                 0         417.18835                 0                 0                 0                 0         -0.158053                 0               250            20.825	B2, 
         6.2461629        -2.3729904                 0         5.6356878        -257.69925                 0           417.041                 0                 0                 0                 0       -0.16087284                 0               250            20.835	B2, 
         6.2491608         -2.374567                 0         5.6382377        -257.94206                 0         416.89086                 0                 0                 0                 0       -0.16377053                 0               250            20.845	B2, 
         6.2521587        -2.3761451                 0         5.6407866        -258.18918                 0         416.73786                 0                 0                 0                 0        -0.1667451                 0               250            20.855	B2, 
         6.2551566        -2.3777248                 0         5.6433346        -258.44071                 0         416.58192                 0                 0                 0                 0       -0.16980008                 0               250            20.865	B2, 
         6.2581545         -2.379306                 0         5.6458816        -258.69678                 0         416.42295                 0                 0                 0                 0       -0.17293911                 0               250            20.875	B2, 
         6.2611525        -2.3808888                 0         5.6484277        -258.95749                 0         416.26087                 0                 0                 0                 0       -0.17616584                 0               250            20.885	B2, 
         6.2641504        -2.3824732                 0         5.6509727          -259.223                 0         416.09558                 0                 0                 0                 0         -0.179484                 0               250            20.895	B2, 
         6.2671483        -2.3840592                 0         5.6535167        -259.49341                 0         415.92699                 0                 0                 0                 0       -0.18289731                 0               250            20.905	B2, 
         6.2701462        -2.3856469                 0         5.6560597        -259.76889                 0           415.755                 0                 0                 0                 0       -0.18640949                 0               250            20.915	B2, 
         6.2731441        -2.3872363                 0         5.6586016        -260.04956                 0          415.5795                 0                 0                 0                 0       -0.19002419                 0               250            20.925	B2, 
         6.2761421        -2.3888275                 0         5.6611424        -260.33558                 0         415.40039                 0                 0                 0                 0         -0.193745                 0               250            20.935	B2, 
           6.27914        -2.3904204                 0         5.6636821         -260.6271                 0         415.21755                 0                 0                 0                 0       -0.19757538                 0               250            20.945	B2, 
         6.2821379        -2.3920151                 0         5.6662207        -260.92428                 0         415.03086                 0                 0                 0                 0       -0.20151862                 0               250            20.955	B2, 
         6.2851358        -2.3936116                 0         5.6687581        -261.22728                 0         414.84022                 0                 0                 0                 0       -0.20557778                 0               250            20.965	B2, 
         6.2881337          -2.39521                 0         5.6712944        -261.53626                 0         414.64549                 0                 0                 0                 0       -0.20975565                 0               250            20.975	B2, 
         6.2911316        -2.3968103                 0         5.6738295        -261.85141                 0         414.44654                 0                 0                 0                 0       -0.21405464                 0               250            20.985	B2, 
         6.2941296        -2.3984126                 0         5.6763633        -262.17288                 0         414.24326                 0                 0                 0                 0       -0.21847678                 0               250            20.995	B2, 
         6.2971275        -2.4000169                 0         5.6788958        -262.50085                 0          414.0355                 0                 0                 0                 0       -0.22302355                 0               250            21.005	B2, 
         6.3001254        -2.4016231                 0         5.6814271        -262.83551                 0         413.82314                 0                 0                 0                 0       -0.22769589                 0               250            21.015	B2, 
         6.3031233        -2.4032315                 0         5.6839571        -263.17702                 0         413.60604                 0                 0                 0                 0       -0.23249402                 0               250            21.025	B2, 
         6.3061212        -2.4048419                 0         5.6864857        -263.52556                 0         413.38406                 0                 0                 0                 0        -0.2374174                 0               250            21.035	B2, 
         6.3091192        -2.4064545                 0          5.689013         -263.8813                 0         413.15706                 0                 0                 0                 0       -0.24246462                 0               250            21.045	B2, 
         6.3121171        -2.4080693                 0         5.6915388        -264.24441                 0         412.92492                 0                 0                 0                 0       -0.24763327                 0               250            21.055	B2, 
          6.315115        -2.4096864                 0         5.6940632        -264.61506                 0         412.68749                 0                 0                 0                 0       -0.25291987                 0               250            21.065	B2, 
         6.3181129        -2.4113057                 0         5.6965862        -264.99341                 0         412.44465                 0                 0                 0                 0       -0.25831974                 0               250            21.075	B2, 
         6.3211108        -2.4129274                 0         5.6991076        -265.37959                 0         412.19627                 0                 0                 0                 0       -0.26382693                 0               250            21.085	B2, 
         6.3241087        -2.4145515                 0         5.7016275        -265.77376                 0         411.94223                 0                 0                 0                 0        -0.2694341                 0               250            21.095	B2, 
         6.3271067         -2.416178                 0         5.7041459        -266.17604                 0         411.68242                 0                 0                 0                 0       -0.27513245                 0               250            21.105	B2, 
         6.3301046        -2.4178069                 0         5.7066626        -266.58653                 0         411.41672                 0                 0                 0                 0       -0.28091169                 0               250            21.115	B2, 
         6.3331025        -2.4194385                 0         5.7091777        -267.00534                 0         411.14504                 0                 0                 0                 0       -0.28675995                 0               250            21.125	B2, 
         6.3361004        -2.4210726                 0         5.7116911        -267.43253                 0          410.8673                 0                 0                 0                 0        -0.2926638                 0               250            21.135	B2, 
         6.3390983        -2.4227093                 0         5.7142028        -267.86816                 0         410.58342                 0                 0                 0                 0       -0.29860827                 0               250            21.145	B2, 
         6.3420963        -2.4243487                 0         5.7167127        -268.31226                 0         410.29334                 0                 0                 0                 0       -0.30457687                 0               250            21.155	B2, 
         6.3450942        -2.4259909                 0         5.7192209        -268.76483                 0         409.99703                 0                 0                 0                 0       -0.31055172                 0               250            21.165	B2, 
         6.3480921        -2.4276359                 0         5.7217272        -269.22585                 0         409.69444                 0                 0                 0                 0       -0.31651366                 0               250            21.175	B2, 
           6.35109        -2.4292837                 0         5.7242316        -269.69527                 0         409.38559                 0                 0                 0                 0       -0.32244244                 0               250            21.185	B2, 
         6.3540879        -2.4309344                 0         5.7267341        -270.17299                 0         409.07047                 0                 0                 0                 0       -0.32831692                 0               250            21.195	B2, 
         6.3570858        -2.4325881                 0         5.7292347        -270.65891                 0         408.74913                 0                 0                 0                 0        -0.3341154                 0               250            21.205	B2, 
         6.3600838        -2.4342447                 0         5.7317333        -271.15288                 0         408.42161                 0                 0                 0                 0       -0.33981585                 0               250            21.215	B2, 
         6.3630817        -2.4359044                 0         5.7342299         -271.6547                 0           408.088                 0                 0                 0                 0       -0.34539629                 0               250            21.225	B2, 
         6.3660796        -2.4375672                 0         5.7367244        -272.16418                 0         407.74839                 0                 0                 0                 0       -0.35083517                 0               250            21.235	B2, 
         6.3690775        -2.4392331                 0         5.7392169        -272.68107                 0         407.40291                 0                 0                 0                 0       -0.35611169                 0               250            21.245	B2, 
         6.3720754        -2.4409022                 0         5.7417072         -273.2051                 0         407.05168                 0                 0                 0                 0       -0.36120625                 0               250            21.255	B2, 
         6.3750734        -2.4425746                 0         5.7441953        -273.73596                 0         406.69487                 0                 0                 0                 0       -0.36610075                 0               250            21.265	B2, 
         6.3780713        -2.4442502                 0         5.7466812        -274.27334                 0         406.33266                 0                 0                 0                 0       -0.37077901                 0               250            21.275	B2, 
         6.3810692        -2.4459291                 0         5.7491649        -274.81688                 0         405.96524                 0                 0                 0                 0       -0.37522701                 0               250            21.285	B2, 
         6.3840671        -2.4476113                 0         5.7516464        -275.36623                 0         405.59282                 0                 0                 0                 0       -0.37943317                 0               250            21.295	B2, 
          6.387065         -2.449297                 0         5.7541255        -275.92101                 0         405.21561                 0                 0                 0                 0       -0.38338857                 0               250            21.305	B2, 
         6.3900629         -2.450986                 0         5.7566024        -276.48083                 0         404.83385                 0                 0                 0                 0       -0.38708702                 0               250            21.315	B2, 
         6.3930609        -2.4526785                 0         5.7590768         -277.0453                 0         404.44777                 0                 0                 0                 0       -0.39052519                 0               250            21.325	B2, 
         6.3960588        -2.4543744                 0         5.7615489        -277.61403                 0          404.0576                 0                 0                 0                 0       -0.39370252                 0               250            21.335	B2, 
         6.3990567        -2.4560738                 0         5.7640187        -278.18662                 0          403.6636                 0                 0                 0                 0       -0.39662117                 0               250            21.345	B2, 
         6.4020546        -2.4577768                 0         5.7664859        -278.76269                 0         403.26599                 0                 0                 0                 0       -0.39928586                 0               250            21.355	B2, 
         6.4050525        -2.4594832                 0         5.7689508        -279.34187                 0         402.86501                 0                 0                 0                 0       -0.40170365                 0               250            21.365	B2, 
         6.4080505        -2.4611933                 0         5.7714132        -279.92378                 0          402.4609                 0                 0                 0                 0       -0.40388366                 0               250            21.375	B2, 
         6.4110484        -2.4629069                 0         5.7738731        -280.50809                 0         402.05386                 0                 0                 0                 0       -0.40583681                 0               250            21.385	B2, 
         6.4140463         -2.464624                 0         5.7763305        -281.09447                 0         401.64412                 0                 0                 0                 0       -0.40757547                 0               250            21.395	B2, 
         6.4170442        -2.4663448                 0         5.7787854         -281.6826                 0         401.23186                 0                 0                 0                 0       -0.40911314                 0               250            21.405	B2, 
         6.4200421        -2.4680691                 0         5.7812377        -282.27221                 0         400.81729                 0                 0                 0                 0        -0.4104641                 0               250            21.415	B2, 
           6.42304        -2.4697971                 0         5.7836876        -282.86302                 0         400.40056                 0                 0                 0                 0       -0.41164313                 0               250            21.425	B2, 
          6.426038        -2.4715287                 0         5.7861348        -283.45479                 0         399.98185                 0                 0                 0                 0       -0.41266517                 0               250            21.435	B2, 
         6.4290359        -2.4732639                 0         5.7885795        -284.04731                 0         399.56129                 0                 0                 0                 0       -0.41354509                 0               250            21.445	B2, 
         6.4320338        -2.4750027                 0         5.7910217        -284.64037                 0         399.13902                 0                 0                 0                 0       -0.41429739                 0               250            21.455	B2, 
         6.4350317        -2.4767452                 0         5.7934612        -285.23379                 0         398.71516                 0                 0                 0                 0       -0.41493608                 0               250            21.465	B2, 
         6.4380296        -2.4784913                 0         5.7958981        -285.82742                 0         398.28982                 0                 0                 0                 0       -0.41547446                 0               250            21.475	B2, 
         6.4410276         -2.480241                 0         5.7983325        -286.42112                 0         397.86309                 0                 0                 0                 0       -0.41592498                 0               250            21.485	B2, 
         6.4440255        -2.4819944                 0         5.8007642        -287.01477                 0         397.43505                 0                 0                 0                 0       -0.41629922                 0               250            21.495	B2, 
         6.4470234        -2.4837513                 0         5.8031933        -287.60827                 0         397.00577                 0                 0                 0                 0       -0.41660777                 0               250            21.505	B2, 
         6.4500213         -2.485512                 0         5.8056198        -288.20152                 0         396.57531                 0                 0                 0                 0       -0.41686021                 0               250            21.515	B2, 
         6.4530192        -2.4872762                 0         5.8080436        -288.79445                 0         396.14374                 0                 0                 0                 0       -0.41706515                 0               250            21.525	B2, 
         6.4560172        -2.4890441                 0         5.8104648          -289.387                 0         395.71108                 0                 0                 0                 0        -0.4172302                 0               250            21.535	B2, 
         6.4590151        -2.4908155                 0         5.8128833        -289.97911                 0         395.27739                 0                 0                 0                 0       -0.41736206                 0               250            21.545	B2, 
          6.462013        -2.4925906                 0         5.8152992        -290.57074                 0         394.84268                 0                 0                 0                 0       -0.41746653                 0               250            21.555	B2, 
         6.4650109        -2.4943694                 0         5.8177125        -291.16184                 0           394.407                 0                 0                 0                 0       -0.41754861                 0               250            21.565	B2, 
         6.4680088        -2.4961517                 0          5.820123         -291.7524                 0         393.97035                 0                 0                 0                 0       -0.41761253                 0               250            21.575	B2, 
         6.4710067        -2.4979376                 0         5.8225309        -292.34238                 0         393.53276                 0                 0                 0                 0       -0.41766188                 0               250            21.585	B2, 
         6.4740047        -2.4997272                 0         5.8249361        -292.93176                 0         393.09424                 0                 0                 0                 0       -0.41769963                 0               250            21.595	B2, 
         6.4770026        -2.5015203                 0         5.8273386        -293.52053                 0          392.6548                 0                 0                 0                 0       -0.41772825                 0               250            21.605	B2, 
         6.4800005        -2.5033171                 0         5.8297385        -294.10868                 0         392.21445                 0                 0                 0                 0       -0.41774974                 0               250            21.615	B2, 
         6.4829984        -2.5051174                 0         5.8321356         -294.6962                 0         391.77321                 0                 0                 0                 0       -0.41776572                 0               250            21.625	B2, 
         6.4859963        -2.5069214                 0         5.8345301        -295.28307                 0         391.33107                 0                 0                 0                 0       -0.41777749                 0               250            21.635	B2, 
         6.4889943        -2.5087289                 0         5.8369218        -295.86929                 0         390.88804                 0                 0                 0                 0       -0.41778607                 0               250            21.645	B2, 
         6.4919922          -2.51054                 0         5.8393108        -296.45486                 0         390.44412                 0                 0                 0                 0       -0.41779226                 0               250            21.655	B2, 
         6.4949901        -2.5123547                 0         5.8416971        -297.03977                 0         389.99932                 0                 0                 0                 0       -0.41779668                 0               250            21.665	B2, 
          6.497988        -2.5141729                 0         5.8440807        -297.62402                 0         389.55364                 0                 0                 0                 0        -0.4177998                 0               250            21.675	B2, 
         6.5009859        -2.5159947                 0         5.8464615         -298.2076                 0         389.10708                 0                 0                 0                 0       -0.41780198                 0               250            21.685	B2, 
         6.5039838        -2.5178201                 0         5.8488397        -298.79052                 0         388.65965                 0                 0                 0                 0       -0.41780349                 0               250            21.695	B2, 
         6.5069818        -2.5196491                 0          5.851215        -299.37276                 0         388.21134                 0                 0                 0                 0       -0.41780451                 0               250            21.705	B2, 
         6.5099797        -2.5214816                 0         5.8535877        -299.95434                 0         387.76216                 0                 0                 0                 0       -0.41780521                 0               250            21.715	B2, 
         6.5129776        -2.5233177                 0         5.8559576        -300.53524                 0         387.31211                 0                 0                 0                 0       -0.41780567                 0               250            21.725	B2, 
         6.5159755        -2.5251573                 0         5.8583247        -301.11546                 0         386.86118                 0                 0                 0                 0       -0.41780597                 0               250            21.735	B2, 
         6.5189734        -2.5270005                 0         5.8606891        -301.69501                 0         386.40939                 0                 0                 0                 0       -0.41780617                 0               250            21.745	B2, 
         6.5219714        -2.5288472                 0         5.8630507        -302.27389                 0         385.95672                 0                 0                 0                 0        -0.4178063                 0               250            21.755	B2, 
         6.5249693        -2.5306974                 0         5.8654095        -302.85208                 0          385.5032                 0                 0                 0                 0       -0.41780638                 0               250            21.765	B2, 
         6.5279672        -2.5325512                 0         5.8677656        -303.42959                 0          385.0488                 0                 0                 0                 0       -0.41780643                 0               250            21.775	B2, 
         6.5309651        -2.5344085                 0         5.8701188        -304.00642                 0         384.59354                 0                 0                 0                 0       -0.41780646                 0               250            21.785	B2, 
          6.533963        -2.5362694                 0         5.8724693        -304.58257                 0         384.13741                 0                 0                 0                 0       -0.41780648                 0               250            21.795	B2, 
         6.5369609        -2.5381337                 0          5.874817        -305.15804                 0         383.68043                 0                 0                 0                 0       -0.41780649                 0               250            21.805	B2, 
         6.5399589        -2.5400016                 0         5.8771619        -305.73282                 0         383.22258                 0                 0                 0                 0        -0.4178065                 0               250            21.815	B2, 
         6.5429568         -2.541873                 0          5.879504        -306.30691                 0         382.76386                 0                 0                 0                 0        -0.4178065                 0               250            21.825	B2, 
         6.5459547        -2.5437479                 0         5.8818433        -306.88031                 0         382.30429                 0                 0                 0                 0        -0.4178065                 0               250            21.835	B2, 
         6.5489526        -2.5456263                 0         5.8841798        -307.45302                 0         381.84386                 0                 0                 0                 0        -0.4178065                 0               250            21.845	B2, 
         6.5519505        -2.5475082                 0         5.8865134        -308.02505                 0         381.38257                 0                 0                 0                 0        -0.4178065                 0               250            21.855	B2, 
         6.5549485        -2.5493936                 0         5.8888443        -308.59638                 0         380.92043                 0                 0                 0                 0        -0.4178065                 0               250            21.865	B2, 
         6.5579464        -2.5512825                 0         5.8911723        -309.16701                 0         380.45743                 0                 0                 0                 0        -0.4178065                 0               250            21.875	B2, 
         6.5609443        -2.5531748                 0         5.8934975        -309.73696                 0         379.99357                 0                 0                 0                 0        -0.4178065                 0               250            21.885	B2, 
         6.5639422        -2.5550707                 0         5.8958198         -310.3062                 0         379.52886                 0                 0                 0                 0        -0.4178065                 0               250            21.895	B2, 
         6.5669401          -2.55697                 0         5.8981393        -310.87475                 0          379.0633                 0                 0                 0                 0        -0.4178065                 0               250            21.905	B2, 
          6.569938        -2.5588728                 0         5.9004559         -311.4426                 0         378.59688                 0                 0                 0                 0        -0.4178065                 0               250            21.915	B2, 
          6.572936        -2.5607791                 0         5.9027697        -312.00975                 0         378.12962                 0                 0                 0                 0        -0.4178065                 0               250            21.925	B2, 
         6.5759339        -2.5626889                 0         5.9050806         -312.5762                 0         377.66151                 0                 0                 0                 0        -0.4178065                 0               250            21.935	B2, 
         6.5789318        -2.5646021                 0         5.9073887        -313.14195                 0         377.19254                 0                 0                 0                 0        -0.4178065                 0               250            21.945	B2, 
         6.5819297        -2.5665188                 0         5.9096939          -313.707                 0         376.72273                 0                 0                 0                 0        -0.4178065                 0               250            21.955	B2, 
         6.5849276        -2.5684389                 0         5.9119962        -314.27134                 0         376.25207                 0                 0                 0                 0        -0.4178065                 0               250            21.965	B2, 
         6.5879256        -2.5703624                 0         5.9142956        -314.83497                 0         375.78057                 0                 0                 0                 0        -0.4178065                 0               250            21.975	B2, 
         6.5909235        -2.5722895                 0         5.9165922         -315.3979                 0         375.30823                 0                 0                 0                 0        -0.4178065                 0               250            21.985	B2, 
         6.5939214        -2.5742199                 0         5.9188858        -315.96011                 0         374.83504                 0                 0                 0                 0        -0.4178065                 0               250            21.995	B2, 
         6.5969193        -2.5761538                 0         5.9211766        -316.52162                 0           374.361                 0                 0                 0                 0        -0.4178065                 0               250            22.005	B2, 
         6.5999172        -2.5780911                 0         5.9234644        -317.08242                 0         373.88613                 0                 0                 0                 0        -0.4178065                 0               250            22.015	B2, 
         6.6029152        -2.5800319                 0         5.9257494         -317.6425                 0         373.41042                 0                 0                 0                 0        -0.4178065                 0               250            22.025	B2, 
         6.6059131        -2.5819761                 0         5.9280314        -318.20187                 0         372.93386                 0                 0                 0                 0        -0.4178065                 0               250            22.035	B2, 
          6.608911        -2.5839236                 0         5.9303106        -318.76052                 0         372.45647                 0                 0                 0                 0        -0.4178065                 0               250            22.045	B2, 
         6.6119089        -2.5858746                 0         5.9325868        -319.31846                 0         371.97825                 0                 0                 0                 0        -0.4178065                 0               250            22.055	B2, 
         6.6149068        -2.5878291                 0           5.93486        -319.87568                 0         371.49918                 0                 0                 0                 0        -0.4178065                 0               250            22.065	B2, 
         6.6179047        -2.5897869                 0         5.9371304        -320.43219                 0         371.01929                 0                 0                 0                 0        -0.4178065                 0               250            22.075	B2, 
         6.6209027        -2.5917481                 0         5.9393978        -320.98797                 0         370.53855                 0                 0                 0                 0        -0.4178065                 0               250            22.085	B2, 
         6.6239006        -2.5937127                 0         5.9416622        -321.54303                 0         370.05699                 0                 0                 0                 0        -0.4178065                 0               250            22.095	B2, 
         6.6268985        -2.5956807                 0         5.9439238        -322.09737                 0         369.57459                 0                 0                 0                 0        -0.4178065                 0               250            22.105	B2, 
         6.6298964        -2.5976521                 0         5.9461823        -322.65098                 0         369.09137                 0                 0                 0                 0        -0.4178065                 0               250            22.115	B2, 
         6.6328943        -2.5996269                 0         5.9484379        -323.20387                 0         368.60731                 0                 0                 0                 0        -0.4178065                 0               250            22.125	B2, 
         6.6358923        -2.6016051                 0         5.9506906        -323.75604                 0         368.12243                 0                 0                 0                 0        -0.4178065                 0               250            22.135	B2, 
         6.6388902        -2.6035866                 0         5.9529402        -324.30748                 0         367.63672                 0                 0                 0                 0        -0.4178065                 0               250            22.145	B2, 
         6.6418881        -2.6055715                 0         5.9551869        -324.85818                 0         367.15018                 0                 0                 0                 0        -0.4178065                 0               250            22.155	B2, 
          6.644886        -2.6075598                 0         5.9574307        -325.40816                 0         366.66282                 0                 0                 0                 0        -0.4178065                 0               250            22.165	B2, 
         6.6478839        -2.6095514                 0         5.9596714        -325.95741                 0         366.17464                 0                 0                 0                 0        -0.4178065                 0               250            22.175	B2, 
         6.6508818        -2.6115464                 0         5.9619092        -326.50592                 0         365.68563                 0                 0                 0                 0        -0.4178065                 0               250            22.185	B2, 
         6.6538798        -2.6135447                 0         5.9641439         -327.0537                 0          365.1958                 0                 0                 0                 0        -0.4178065                 0               250            22.195	B2, 
         6.6568777        -2.6155464                 0         5.9663757        -327.60075                 0         364.70515                 0                 0                 0                 0        -0.4178065                 0               250            22.205	B2, 
         6.6598756        -2.6175515                 0         5.9686044        -328.14706                 0         364.21368                 0                 0                 0                 0        -0.4178065                 0               250            22.215	B2, 
         6.6628735        -2.6195598                 0         5.9708302        -328.69263                 0         363.72139                 0                 0                 0                 0        -0.4178065                 0               250            22.225	B2, 
         6.6658714        -2.6215715                 0         5.9730529        -329.23747                 0         363.22829                 0                 0                 0                 0        -0.4178065                 0               250            22.235	B2, 
         6.6688694        -2.6235866                 0         5.9752727        -329.78156                 0         362.73436                 0                 0                 0                 0        -0.4178065                 0               250            22.245	B2, 
         6.6718673        -2.6256049                 0         5.9774893        -330.32491                 0         362.23963                 0                 0                 0                 0        -0.4178065                 0               250            22.255	B2, 
         6.6748652        -2.6276266                 0          5.979703        -330.86752                 0         361.74408                 0                 0                 0                 0        -0.4178065                 0               250            22.265	B2, 
         6.6778631        -2.6296516                 0         5.9819137        -331.40939                 0         361.24771                 0                 0                 0                 0        -0.4178065                 0               250            22.275	B2, 
          6.680861        -2.6316799                 0         5.9841213        -331.95052                 0         360.75054                 0                 0                 0                 0        -0.4178065                 0               250            22.285	B2, 
         6.6838589        -2.6337115                 0         5.9863258        -332.49089                 0         360.25255                 0                 0                 0                 0        -0.4178065                 0               250            22.295	B2, 
         6.6868569        -2.6357464                 0         5.9885273        -333.03052                 0         359.75376                 0                 0                 0                 0        -0.4178065                 0               250            22.305	B2, 
         6.6898548        -2.6377846                 0         5.9907258         -333.5694                 0         359.25416                 0                 0                 0                 0        -0.4178065                 0               250            22.315	B2, 
         6.6928527        -2.6398261                 0         5.9929212        -334.10754                 0         358.75375                 0                 0                 0                 0        -0.4178065                 0               250            22.325	B2, 
         6.6958506        -2.6418709                 0         5.9951135        -334.64492                 0         358.25253                 0                 0                 0                 0        -0.4178065                 0               250            22.335	B2, 
         6.6988485         -2.643919                 0         5.9973028        -335.18155                 0         357.75051                 0                 0                 0                 0        -0.4178065                 0               250            22.345	B2, 
         6.7018465        -2.6459704                 0          5.999489        -335.71742                 0         357.24768                 0                 0                 0                 0        -0.4178065                 0               250            22.355	B2, 
         6.7048444         -2.648025                 0         6.0016721        -336.25255                 0         356.74406                 0                 0                 0                 0        -0.4178065                 0               250            22.365	B2, 
         6.7078423        -2.6500829                 0         6.0038521        -336.78691                 0         356.23963                 0                 0                 0                 0        -0.4178065                 0               250            22.375	B2, 
         6.7108402        -2.6521441                 0         6.0060291        -337.32052                 0          355.7344                 0                 0                 0                 0        -0.4178065                 0               250            22.385	B2, 
         6.7138381        -2.6542085                 0         6.0082029        -337.85338                 0         355.22837                 0                 0                 0                 0        -0.4178065                 0               250            22.395	B2, 
          6.716836        -2.6562762                 0         6.0103737        -338.38547                 0         354.72154                 0                 0                 0                 0        -0.4178065                 0               250            22.405	B2, 
          6.719834        -2.6583471                 0         6.0125413         -338.9168                 0         354.21392                 0                 0                 0                 0        -0.4178065                 0               250            22.415	B2, 
         6.7228319        -2.6604213                 0         6.0147059        -339.44737                 0          353.7055                 0                 0                 0                 0        -0.4178065                 0               250            22.425	B2, 
         6.7258298        -2.6624987                 0         6.0168673        -339.97718                 0         353.19628                 0                 0                 0                 0        -0.4178065                 0               250            22.435	B2, 
         6.7288277        -2.6645794                 0         6.0190257        -340.50623                 0         352.68627                 0                 0                 0                 0        -0.4178065                 0               250            22.445	B2, 
         6.7318256        -2.6666633                 0         6.0211809        -341.03451                 0         352.17547                 0                 0                 0                 0        -0.4178065                 0               250            22.455	B2, 
         6.7348236        -2.6687504                 0         6.0233329        -341.56202                 0         351.66388                 0                 0                 0                 0        -0.4178065                 0               250            22.465	B2, 
         6.7378215        -2.6708407                 0         6.0254819        -342.08877                 0          351.1515                 0                 0                 0                 0        -0.4178065                 0               250            22.475	B2, 
         6.7408194        -2.6729343                 0         6.0276277        -342.61474                 0         350.63832                 0                 0                 0                 0        -0.4178065                 0               250            22.485	B2, 
         6.7438173        -2.6750311                 0         6.0297704        -343.13995                 0         350.12437                 0                 0                 0                 0        -0.4178065                 0               250            22.495	B2, 
         6.7468152        -2.6771311                 0         6.0319099        -343.66439                 0         349.60962                 0                 0                 0                 0        -0.4178065                 0               250            22.505	B2, 
         6.7498131        -2.6792343                 0         6.0340463        -344.18805                 0         349.09409                 0                 0                 0                 0        -0.4178065                 0               250            22.515	B2, 
         6.7528111        -2.6813407                 0         6.0361795        -344.71094                 0         348.57777                 0                 0                 0                 0        -0.4178065                 0               250            22.525	B2, 
          6.755809        -2.6834502                 0         6.0383095        -345.23306                 0         348.06067                 0                 0                 0                 0        -0.4178065                 0               250            22.535	B2, 
         6.7588069         -2.685563                 0         6.0404364         -345.7544                 0         347.54279                 0                 0                 0                 0        -0.4178065                 0               250            22.545	B2, 
         6.7618048         -2.687679                 0         6.0425601        -346.27496                 0         347.02413                 0                 0                 0                 0        -0.4178065                 0               250            22.555	B2, 
         6.7648027        -2.6897981                 0         6.0446807        -346.79475                 0         346.50469                 0                 0                 0                 0        -0.4178065                 0               250            22.565	B2, 
         6.7678007        -2.6919205                 0         6.0467981        -347.31375                 0         345.98447                 0                 0                 0                 0        -0.4178065                 0               250            22.575	B2, 
         6.7707986         -2.694046                 0         6.0489123        -347.83198                 0         345.46347                 0                 0                 0                 0        -0.4178065                 0               250            22.585	B2, 
         6.7737965        -2.6961746                 0         6.0510233        -348.34943                 0          344.9417                 0                 0                 0                 0        -0.4178065                 0               250            22.595	B2, 
         6.7767944        -2.6983064                 0         6.0531311        -348.86609                 0         344.41915                 0                 0                 0                 0        -0.4178065                 0               250            22.605	B2, 
         6.7797923        -2.7004414                 0         6.0552357        -349.38197                 0         343.89582                 0                 0                 0                 0        -0.4178065                 0               250            22.615	B2, 
         6.7827903        -2.7025795                 0         6.0573371        -349.89706                 0         343.37173                 0                 0                 0                 0        -0.4178065                 0               250            22.625	B2, 
         6.7857882        -2.7047208                 0         6.0594353        -350.41137                 0         342.84686                 0                 0                 0                 0        -0.4178065                 0               250            22.635	B2, 
         6.7887861        -2.7068653                 0         6.0615303        -350.92489                 0         342.32123                 0                 0                 0                 0        -0.4178065                 0               250            22.645	B2, 
          6.791784        -2.7090128                 0          6.063622        -351.43762                 0         341.79482                 0                 0                 0                 0        -0.4178065                 0               250            22.655	B2, 
         6.7947819        -2.7111635                 0         6.0657106        -351.94956                 0         341.26764                 0                 0                 0                 0        -0.4178065                 0               250            22.665	B2, 
         6.7977798        -2.7133173                 0         6.0677959        -352.46071                 0          340.7397                 0                 0                 0                 0        -0.4178065                 0               250            22.675	B2, 
         6.8007778        -2.7154743                 0          6.069878        -352.97107                 0           340.211                 0                 0                 0                 0        -0.4178065                 0               250            22.685	B2, 
         6.8037757        -2.7176343                 0         6.0719568        -353.48063                 0         339.68153                 0                 0                 0                 0        -0.4178065                 0               250            22.695	B2, 
         6.8067736        -2.7197975                 0         6.0740325         -353.9894                 0         339.15129                 0                 0                 0                 0        -0.4178065                 0               250            22.705	B2, 
         6.8097715        -2.7219638                 0         6.0761048        -354.49738                 0         338.62029                 0                 0                 0                 0        -0.4178065                 0               250            22.715	B2, 
         6.8127694        -2.7241332                 0         6.0781739        -355.00456                 0         338.08854                 0                 0                 0                 0        -0.4178065                 0               250            22.725	B2, 
         6.8157674        -2.7263057                 0         6.0802398        -355.51094                 0         337.55602                 0                 0                 0                 0        -0.4178065                 0               250            22.735	B2, 
         6.8187653        -2.7284813                 0         6.0823024        -356.01653                 0         337.02274                 0                 0                 0                 0        -0.4178065                 0               250            22.745	B2, 
         6.8217632        -2.7306599                 0         6.0843618        -356.52131                 0         336.48871                 0                 0                 0                 0        -0.4178065                 0               250            22.755	B2, 
         6.8247611        -2.7328417                 0         6.0864178        -357.02529                 0         335.95392                 0                 0                 0                 0        -0.4178065                 0               250            22.765	B2, 
          6.827759        -2.7350265                 0         6.0884706        -357.52847                 0         335.41838                 0                 0                 0                 0        -0.4178065                 0               250            22.775	B2, 
         6.8307569        -2.7372144                 0         6.0905202        -358.03085                 0         334.88208                 0                 0                 0                 0        -0.4178065                 0               250            22.785	B2, 
         6.8337549        -2.7394054                 0         6.0925664        -358.53242                 0         334.34503                 0                 0                 0                 0        -0.4178065                 0               250            22.795	B2, 
         6.8367528        -2.7415995                 0         6.0946094        -359.03319                 0         333.80723                 0                 0                 0                 0        -0.4178065                 0               250            22.805	B2, 
         6.8397507        -2.7437966                 0          6.096649        -359.53315                 0         333.26868                 0                 0                 0                 0        -0.4178065                 0               250            22.815	B2, 
         6.8427486        -2.7459967                 0         6.0986854         -360.0323                 0         332.72938                 0                 0                 0                 0        -0.4178065                 0               250            22.825	B2, 
         6.8457465        -2.7481999                 0         6.1007185        -360.53064                 0         332.18933                 0                 0                 0                 0        -0.4178065                 0               250            22.835	B2, 
         6.8487445        -2.7504062                 0         6.1027483        -361.02817                 0         331.64854                 0                 0                 0                 0        -0.4178065                 0               250            22.845	B2, 
         6.8517424        -2.7526155                 0         6.1047747         -361.5249                 0           331.107                 0                 0                 0                 0        -0.4178065                 0               250            22.855	B2, 
         6.8547403        -2.7548278                 0         6.1067979        -362.02081                 0         330.56472                 0                 0                 0                 0        -0.4178065                 0               250            22.865	B2, 
         6.8577382        -2.7570432                 0         6.1088177         -362.5159                 0         330.02169                 0                 0                 0                 0        -0.4178065                 0               250            22.875	B2, 
         6.8607361        -2.7592616                 0         6.1108342        -363.01018                 0         329.47793                 0                 0                 0                 0        -0.4178065                 0               250            22.885	B2, 
          6.863734         -2.761483                 0         6.1128474        -363.50365                 0         328.93342                 0                 0                 0                 0        -0.4178065                 0               250            22.895	B2, 
          6.866732        -2.7637074                 0         6.1148572         -363.9963                 0         328.38817                 0                 0                 0                 0        -0.4178065                 0               250            22.905	B2, 
         6.8697299        -2.7659348                 0         6.1168637        -364.48813                 0         327.84219                 0                 0                 0                 0        -0.4178065                 0               250            22.915	B2, 
         6.8727278        -2.7681653                 0         6.1188669        -364.97914                 0         327.29547                 0                 0                 0                 0        -0.4178065                 0               250            22.925	B2, 
         6.8757257        -2.7703987                 0         6.1208667        -365.46933                 0         326.74801                 0                 0                 0                 0        -0.4178065                 0               250            22.935	B2, 
         6.8787236        -2.7726351                 0         6.1228632        -365.95871                 0         326.19982                 0                 0                 0                 0        -0.4178065                 0               250            22.945	B2, 
         6.8817216        -2.7748745                 0         6.1248563        -366.44725                 0          325.6509                 0                 0                 0                 0        -0.4178065                 0               250            22.955	B2, 
         6.8847195         -2.777117                 0          6.126846        -366.93498                 0         325.10124                 0                 0                 0                 0        -0.4178065                 0               250            22.965	B2, 
         6.8877174        -2.7793623                 0         6.1288324        -367.42188                 0         324.55086                 0                 0                 0                 0        -0.4178065                 0               250            22.975	B2, 
         6.8907153        -2.7816107                 0         6.1308154        -367.90796                 0         323.99974                 0                 0                 0                 0        -0.4178065                 0               250            22.985	B2, 
         6.8937132         -2.783862                 0         6.1327951        -368.39321                 0          323.4479                 0                 0                 0                 0        -0.4178065                 0               250            22.995	B2, 
         6.8967111        -2.7861163                 0         6.1347714        -368.87763                 0         322.89533                 0                 0                 0                 0        -0.4178065                 0               250            23.005	B2, 
         6.8997091        -2.7883736                 0         6.1367443        -369.36122                 0         322.34203                 0                 0                 0                 0        -0.4178065                 0               250            23.015	B2, 
          6.902707        -2.7906338                 0         6.1387138        -369.84398                 0         321.78801                 0                 0                 0                 0        -0.4178065                 0               250            23.025	B2, 
         6.9057049         -2.792897                 0         6.1406799        -370.32591                 0         321.23327                 0                 0                 0                 0        -0.4178065                 0               250            23.035	B2, 
         6.9087028        -2.7951631                 0         6.1426426        -370.80701                 0         320.67781                 0                 0                 0                 0        -0.4178065                 0               250            23.045	B2, 
         6.9117007        -2.7974321                 0         6.1446019        -371.28728                 0         320.12162                 0                 0                 0                 0        -0.4178065                 0               250            23.055	B2, 
         6.9146987        -2.7997041                 0         6.1465578        -371.76671                 0         319.56472                 0                 0                 0                 0        -0.4178065                 0               250            23.065	B2, 
         6.9176966         -2.801979                 0         6.1485104        -372.24531                 0          319.0071                 0                 0                 0                 0        -0.4178065                 0               250            23.075	B2, 
         6.9206945        -2.8042568                 0         6.1504595        -372.72307                 0         318.44876                 0                 0                 0                 0        -0.4178065                 0               250            23.085	B2, 
         6.9236924        -2.8065376                 0         6.1524051        -373.19999                 0          317.8897                 0                 0                 0                 0        -0.4178065                 0               250            23.095	B2, 
         6.9266903        -2.8088212                 0         6.1543474        -373.67607                 0         317.32994                 0                 0                 0                 0        -0.4178065                 0               250            23.105	B2, 
         6.9296882        -2.8111078                 0         6.1562862        -374.15132                 0         316.76945                 0                 0                 0                 0        -0.4178065                 0               250            23.115	B2, 
         6.9326862        -2.8133973                 0         6.1582216        -374.62572                 0         316.20826                 0                 0                 0                 0        -0.4178065                 0               250            23.125	B2, 
         6.9356841        -2.8156897                 0         6.1601536        -375.09928                 0         315.64636                 0                 0                 0                 0        -0.4178065                 0               250            23.135	B2, 
          6.938682        -2.8179849                 0         6.1620822          -375.572                 0         315.08374                 0                 0                 0                 0        -0.4178065                 0               250            23.145	B2, 
         6.9416799        -2.8202831                 0         6.1640072        -376.04388                 0         314.52042                 0                 0                 0                 0        -0.4178065                 0               250            23.155	B2, 
         6.9446778        -2.8225841                 0         6.1659289        -376.51491                 0          313.9564                 0                 0                 0                 0        -0.4178065                 0               250            23.165	B2, 
         6.9476758        -2.8248881                 0         6.1678471         -376.9851                 0         313.39166                 0                 0                 0                 0        -0.4178065                 0               250            23.175	B2, 
         6.9506737        -2.8271949                 0         6.1697618        -377.45443                 0         312.82623                 0                 0                 0                 0        -0.4178065                 0               250            23.185	B2, 
         6.9536716        -2.8295045                 0         6.1716731        -377.92292                 0         312.26009                 0                 0                 0                 0        -0.4178065                 0               250            23.195	B2, 
         6.9566695         -2.831817                 0         6.1735809        -378.39056                 0         311.69324                 0                 0                 0                 0        -0.4178065                 0               250            23.205	B2, 
         6.9596674        -2.8341324                 0         6.1754853        -378.85735                 0          311.1257                 0                 0                 0                 0        -0.4178065                 0               250            23.215	B2, 
         6.9626654        -2.8364506                 0         6.1773861        -379.32329                 0         310.55746                 0                 0                 0                 0        -0.4178065                 0               250            23.225	B2, 
         6.9656633        -2.8387717                 0         6.1792835        -379.78838                 0         309.98852                 0                 0                 0                 0        -0.4178065                 0               250            23.235	B2, 
         6.9686612        -2.8410956                 0         6.1811774        -380.25261                 0         309.41889                 0                 0                 0                 0        -0.4178065                 0               250            23.245	B2, 
         6.9716591        -2.8434224                 0         6.1830679        -380.71599                 0         308.84856                 0                 0                 0                 0        -0.4178065                 0               250            23.255	B2, 
          6.974657         -2.845752                 0         6.1849548        -381.17851                 0         308.27753                 0                 0                 0                 0        -0.4178065                 0               250            23.265	B2, 
         6.9776549        -2.8480844                 0         6.1868383        -381.64018                 0         307.70582                 0                 0                 0                 0        -0.4178065                 0               250            23.275	B2, 
         6.9806529        -2.8504196                 0         6.1887182        -382.10099                 0         307.13341                 0                 0                 0                 0        -0.4178065                 0               250            23.285	B2, 
         6.9836508        -2.8527577                 0         6.1905947        -382.56094                 0         306.56031                 0                 0                 0                 0        -0.4178065                 0               250            23.295	B2, 
         6.9866487        -2.8550985                 0         6.1924676        -383.02003                 0         305.98652                 0                 0                 0                 0        -0.4178065                 0               250            23.305	B2, 
         6.9896466        -2.8574422                 0          6.194337        -383.47826                 0         305.41205                 0                 0                 0                 0        -0.4178065                 0               250            23.315	B2, 
         6.9926445        -2.8597887                 0         6.1962029        -383.93563                 0         304.83688                 0                 0                 0                 0        -0.4178065                 0               250            23.325	B2, 
         6.9956425        -2.8621379                 0         6.1980653        -384.39214                 0         304.26104                 0                 0                 0                 0       -0.41780649                 0               250            23.335	B2, 
         6.9986404          -2.86449                 0         6.1999242        -384.84778                 0         303.68451                 0                 0                 0                 0       -0.41780648                 0               250            23.345	B2, 
         7.0016383        -2.8668448                 0         6.2017795        -385.30256                 0          303.1073                 0                 0                 0                 0       -0.41780647                 0               250            23.355	B2, 
         7.0046362        -2.8692024                 0         6.2036313        -385.75647                 0          302.5294                 0                 0                 0                 0       -0.41780644                 0               250            23.365	B2, 
         7.0076341        -2.8715628                 0         6.2054796        -386.20952                 0         301.95083                 0                 0                 0                 0        -0.4178064                 0               250            23.375	B2, 
          7.010632        -2.8739259                 0         6.2073243         -386.6617                 0         301.37158                 0                 0                 0                 0       -0.41780633                 0               250            23.385	B2, 
           7.01363        -2.8762918                 0         6.2091655        -387.11301                 0         300.79165                 0                 0                 0                 0       -0.41780622                 0               250            23.395	B2, 
         7.0166279        -2.8786605                 0         6.2110032        -387.56344                 0         300.21105                 0                 0                 0                 0       -0.41780605                 0               250            23.405	B2, 
         7.0196258        -2.8810319                 0         6.2128373        -388.01301                 0         299.62977                 0                 0                 0                 0       -0.41780578                 0               250            23.415	B2, 
         7.0226237        -2.8834061                 0         6.2146678        -388.46171                 0         299.04782                 0                 0                 0                 0       -0.41780537                 0               250            23.425	B2, 
         7.0256216         -2.885783                 0         6.2164948        -388.90953                 0          298.4652                 0                 0                 0                 0       -0.41780476                 0               250            23.435	B2, 
         7.0286196        -2.8881627                 0         6.2183182        -389.35648                 0         297.88191                 0                 0                 0                 0       -0.41780386                 0               250            23.445	B2, 
         7.0316175         -2.890545                 0          6.220138        -389.80255                 0         297.29795                 0                 0                 0                 0       -0.41780252                 0               250            23.455	B2, 
         7.0346154        -2.8929301                 0         6.2219543        -390.24774                 0         296.71332                 0                 0                 0                 0       -0.41780058                 0               250            23.465	B2, 
         7.0376133         -2.895318                 0         6.2237669        -390.69206                 0         296.12803                 0                 0                 0                 0       -0.41779779                 0               250            23.475	B2, 
         7.0406112        -2.8977085                 0         6.2255761        -391.13549                 0         295.54208                 0                 0                 0                 0       -0.41779383                 0               250            23.485	B2, 
         7.0436091        -2.9001017                 0         6.2273816        -391.57804                 0         294.95548                 0                 0                 0                 0       -0.41778825                 0               250            23.495	B2, 
         7.0466071        -2.9024977                 0         6.2291835         -392.0197                 0         294.36822                 0                 0                 0                 0        -0.4177805                 0               250            23.505	B2, 
          7.049605        -2.9048963                 0         6.2309818        -392.46048                 0         293.78031                 0                 0                 0                 0       -0.41776983                 0               250            23.515	B2, 
         7.0526029        -2.9072977                 0         6.2327766        -392.90036                 0         293.19176                 0                 0                 0                 0        -0.4177553                 0               250            23.525	B2, 
         7.0556008        -2.9097017                 0         6.2345677        -393.33933                 0         292.60257                 0                 0                 0                 0       -0.41773569                 0               250            23.535	B2, 
         7.0585987        -2.9121084                 0         6.2363552         -393.7774                 0         292.01276                 0                 0                 0                 0       -0.41770949                 0               250            23.545	B2, 
         7.0615967        -2.9145178                 0         6.2381392        -394.21456                 0         291.42234                 0                 0                 0                 0       -0.41767483                 0               250            23.555	B2, 
         7.0645946        -2.9169298                 0         6.2399195        -394.65078                 0         290.83132                 0                 0                 0                 0       -0.41762939                 0               250            23.565	B2, 
         7.0675925        -2.9193445                 0         6.2416962        -395.08607                 0         290.23972                 0                 0                 0                 0       -0.41757035                 0               250            23.575	B2, 
         7.0705904        -2.9217619                 0         6.2434693         -395.5204                 0         289.64756                 0                 0                 0                 0       -0.41749433                 0               250            23.585	B2, 
         7.0735883         -2.924182                 0         6.2452387        -395.95375                 0         289.05488                 0                 0                 0                 0        -0.4173973                 0               250            23.595	B2, 
         7.0765862        -2.9266046                 0         6.2470045        -396.38611                 0          288.4617                 0                 0                 0                 0        -0.4172745                 0               250            23.605	B2, 
         7.0795842        -2.9290299                 0         6.2487667        -396.81743                 0         287.86807                 0                 0                 0                 0       -0.41712038                 0               250            23.615	B2, 
         7.0825821        -2.9314579                 0         6.2505253        -397.24768                 0         287.27404                 0                 0                 0                 0       -0.41692851                 0               250            23.625	B2, 
           7.08558        -2.9338885                 0         6.2522802        -397.67683                 0         286.67968                 0                 0                 0                 0       -0.41669156                 0               250            23.635	B2, 
         7.0885779        -2.9363217                 0         6.2540315        -398.10481                 0         286.08505                 0                 0                 0                 0       -0.41640123                 0               250            23.645	B2, 
         7.0915758        -2.9387575                 0         6.2557792        -398.53158                 0         285.49024                 0                 0                 0                 0       -0.41604822                 0               250            23.655	B2, 
         7.0945738        -2.9411959                 0         6.2575232        -398.95706                 0         284.89535                 0                 0                 0                 0       -0.41562223                 0               250            23.665	B2, 
         7.0975717        -2.9436369                 0         6.2592636        -399.38118                 0         284.30049                 0                 0                 0                 0       -0.41511198                 0               250            23.675	B2, 
         7.1005696        -2.9460805                 0         6.2610004        -399.80384                 0         283.70581                 0                 0                 0                 0       -0.41450525                 0               250            23.685	B2, 
         7.1035675        -2.9485267                 0         6.2627335        -400.22495                 0         283.11144                 0                 0                 0                 0       -0.41378897                 0               250            23.695	B2, 
         7.1065654        -2.9509755                 0          6.264463        -400.64439                 0         282.51756                 0                 0                 0                 0       -0.41294933                 0               250            23.705	B2, 
         7.1095634        -2.9534268                 0         6.2661888        -401.06202                 0         281.92437                 0                 0                 0                 0       -0.41197191                 0               250            23.715	B2, 
         7.1125613        -2.9558807                 0          6.267911        -401.47772                 0         281.33208                 0                 0                 0                 0       -0.41084192                 0               250            23.725	B2, 
         7.1155592        -2.9583371                 0         6.2696296        -401.89132                 0         280.74092                 0                 0                 0                 0       -0.40954439                 0               250            23.735	B2, 
         7.1185571         -2.960796                 0         6.2713446        -402.30266                 0         280.15115                 0                 0                 0                 0       -0.40806444                 0               250            23.745	B2, 
          7.121555        -2.9632574                 0          6.273056        -402.71154                 0         279.56307                 0                 0                 0                 0       -0.40638758                 0               250            23.755	B2, 
         7.1245529        -2.9657213                 0         6.2747638        -403.11779                 0         278.97696                 0                 0                 0                 0           -0.4045                 0               250            23.765	B2, 
         7.1275509        -2.9681877                 0         6.2764681        -403.52119                 0         278.39315                 0                 0                 0                 0       -0.40238894                 0               250            23.775	B2, 
         7.1305488        -2.9706566                 0         6.2781687        -403.92152                 0         277.81199                 0                 0                 0                 0       -0.40004299                 0               250            23.785	B2, 
         7.1335467        -2.9731279                 0         6.2798658        -404.31856                 0         277.23384                 0                 0                 0                 0       -0.39745242                 0               250            23.795	B2, 
         7.1365446        -2.9756016                 0         6.2815594        -404.71208                 0         276.65905                 0                 0                 0                 0       -0.39460952                 0               250            23.805	B2, 
         7.1395425        -2.9780777                 0         6.2832495        -405.10183                 0         276.08803                 0                 0                 0                 0       -0.39150882                 0               250            23.815	B2, 
         7.1425405        -2.9805562                 0         6.2849361        -405.48759                 0         275.52116                 0                 0                 0                 0       -0.38814736                 0               250            23.825	B2, 
         7.1455384         -2.983037                 0         6.2866193        -405.86911                 0         274.95884                 0                 0                 0                 0       -0.38452486                 0               250            23.835	B2, 
         7.1485363        -2.9855202                 0          6.288299        -406.24615                 0         274.40146                 0                 0                 0                 0       -0.38064382                 0               250            23.845	B2, 
         7.1515342        -2.9880056                 0         6.2899754        -406.61849                 0         273.84941                 0                 0                 0                 0       -0.37650958                 0               250            23.855	B2, 
         7.1545321        -2.9904933                 0         6.2916484        -406.98591                 0         273.30306                 0                 0                 0                 0       -0.37213027                 0               250            23.865	B2, 
           7.15753        -2.9929832                 0          6.293318        -407.34819                 0          272.7628                 0                 0                 0                 0       -0.36751669                 0               250            23.875	B2, 
          7.160528        -2.9954754                 0         6.2949844        -407.70514                 0         272.22897                 0                 0                 0                 0       -0.36268219                 0               250            23.885	B2, 
         7.1635259        -2.9979696                 0         6.2966475        -408.05658                 0         271.70191                 0                 0                 0                 0       -0.35764236                 0               250            23.895	B2, 
         7.1665238        -3.0004661                 0         6.2983075        -408.40234                 0         271.18191                 0                 0                 0                 0       -0.35241478                 0               250            23.905	B2, 
         7.1695217        -3.0029646                 0         6.2999642        -408.74227                 0         270.66926                 0                 0                 0                 0       -0.34701869                 0               250            23.915	B2, 
         7.1725196        -3.0054652                 0         6.3016179        -409.07626                 0         270.16422                 0                 0                 0                 0        -0.3414746                 0               250            23.925	B2, 
         7.1755176        -3.0079678                 0         6.3032685         -409.4042                 0         269.66701                 0                 0                 0                 0       -0.33580391                 0               250            23.935	B2, 
         7.1785155        -3.0104724                 0         6.3049161        -409.72601                 0         269.17781                 0                 0                 0                 0       -0.33002855                 0               250            23.945	B2, 
         7.1815134        -3.0129789                 0         6.3065607        -410.04162                 0         268.69679                 0                 0                 0                 0        -0.3241706                 0               250            23.955	B2, 
         7.1845113        -3.0154874                 0         6.3082024          -410.351                 0         268.22408                 0                 0                 0                 0       -0.31825195                 0               250            23.965	B2, 
         7.1875092        -3.0179977                 0         6.3098412        -410.65413                 0         267.75975                 0                 0                 0                 0       -0.31229396                 0               250            23.975	B2, 
         7.1905071        -3.0205099                 0         6.3114772          -410.951                 0         267.30389                 0                 0                 0                 0       -0.30631719                 0               250            23.985	B2, 
         7.1935051        -3.0230238                 0         6.3131105        -411.24165                 0         266.85651                 0                 0                 0                 0       -0.30034118                 0               250            23.995	B2, 
          7.196503        -3.0255395                 0          6.314741        -411.52611                 0         266.41763                 0                 0                 0                 0       -0.29438424                 0               250            24.005	B2, 
         7.1995009         -3.028057                 0         6.3163689        -411.80443                 0         265.98723                 0                 0                 0                 0        -0.2884633                 0               250            24.015	B2, 
         7.2024988        -3.0305761                 0         6.3179942        -412.07669                 0         265.56525                 0                 0                 0                 0       -0.28259381                 0               250            24.025	B2, 
         7.2054967        -3.0330969                 0         6.3196169        -412.34295                 0         265.15163                 0                 0                 0                 0       -0.27678968                 0               250            24.035	B2, 
         7.2084947        -3.0356192                 0         6.3212371        -412.60333                 0         264.74627                 0                 0                 0                 0       -0.27106324                 0               250            24.045	B2, 
         7.2114926        -3.0381432                 0         6.3228549        -412.85792                 0         264.34908                 0                 0                 0                 0       -0.26542527                 0               250            24.055	B2, 
         7.2144905        -3.0406687                 0         6.3244703        -413.10683                 0         263.95993                 0                 0                 0                 0         -0.259885                 0               250            24.065	B2, 
         7.2174884        -3.0431957                 0         6.3260833        -413.35018                 0         263.57869                 0                 0                 0                 0       -0.25445019                 0               250            24.075	B2, 
         7.2204863        -3.0457242                 0          6.327694        -413.58811                 0          263.2052                 0                 0                 0                 0       -0.24912721                 0               250            24.085	B2, 
         7.2234842        -3.0482541                 0         6.3293024        -413.82073                 0         262.83931                 0                 0                 0                 0        -0.2439211                 0               250            24.095	B2, 
         7.2264822        -3.0507854                 0         6.3309087        -414.04818                 0         262.48086                 0                 0                 0                 0       -0.23883568                 0               250            24.105	B2, 
         7.2294801        -3.0533181                 0         6.3325127        -414.27059                 0         262.12968                 0                 0                 0                 0       -0.23387366                 0               250            24.115	B2, 
          7.232478        -3.0558521                 0         6.3341147        -414.48811                 0          261.7856                 0                 0                 0                 0       -0.22903672                 0               250            24.125	B2, 
         7.2354759        -3.0583874                 0         6.3357145        -414.70086                 0         261.44845                 0                 0                 0                 0       -0.22432566                 0               250            24.135	B2, 
         7.2384738        -3.0609241                 0         6.3373123        -414.90899                 0         261.11803                 0                 0                 0                 0       -0.21974044                 0               250            24.145	B2, 
         7.2414718         -3.063462                 0         6.3389081        -415.11262                 0         260.79419                 0                 0                 0                 0       -0.21528033                 0               250            24.155	B2, 
         7.2444697        -3.0660011                 0          6.340502        -415.31189                 0         260.47674                 0                 0                 0                 0       -0.21094398                 0               250            24.165	B2, 
         7.2474676        -3.0685414                 0         6.3420939        -415.50692                 0         260.16552                 0                 0                 0                 0       -0.20672952                 0               250            24.175	B2, 
         7.2504655         -3.071083                 0         6.3436839        -415.69785                 0         259.86034                 0                 0                 0                 0       -0.20263463                 0               250            24.185	B2, 
         7.2534634        -3.0736256                 0         6.3452721        -415.88479                 0         259.56105                 0                 0                 0                 0        -0.1986566                 0               250            24.195	B2, 
         7.2564613        -3.0761694                 0         6.3468585        -416.06787                 0         259.26747                 0                 0                 0                 0       -0.19479245                 0               250            24.205	B2, 
         7.2594593        -3.0787143                 0         6.3484431        -416.24721                 0         258.97945                 0                 0                 0                 0       -0.19103894                 0               250            24.215	B2, 
         7.2624572        -3.0812603                 0          6.350026        -416.42291                 0         258.69684                 0                 0                 0                 0       -0.18739265                 0               250            24.225	B2, 
         7.2654551        -3.0838074                 0         6.3516071        -416.59509                 0         258.41947                 0                 0                 0                 0       -0.18385001                 0               250            24.235	B2, 
          7.268453        -3.0863555                 0         6.3531866        -416.76385                 0         258.14722                 0                 0                 0                 0       -0.18040737                 0               250            24.245	B2, 
         7.2714509        -3.0889046                 0         6.3547644         -416.9293                 0         257.87993                 0                 0                 0                 0       -0.17706102                 0               250            24.255	B2, 
         7.2744489        -3.0914547                 0         6.3563406        -417.09152                 0         257.61748                 0                 0                 0                 0       -0.17380724                 0               250            24.265	B2, 
         7.2774468        -3.0940058                 0         6.3579152        -417.25061                 0         257.35972                 0                 0                 0                 0       -0.17064229                 0               250            24.275	B2, 
         7.2804447        -3.0965579                 0         6.3594882        -417.40666                 0         257.10654                 0                 0                 0                 0       -0.16756249                 0               250            24.285	B2, 
         7.2834426        -3.0991109                 0         6.3610597        -417.55976                 0         256.85782                 0                 0                 0                 0       -0.16456419                 0               250            24.295	B2, 
         7.2864405        -3.1016648                 0         6.3626297        -417.70999                 0         256.61345                 0                 0                 0                 0       -0.16164381                 0               250            24.305	B2, 
         7.2894385        -3.1042197                 0         6.3641982        -417.85742                 0          256.3733                 0                 0                 0                 0       -0.15880118                 0               250            24.315	B2, 
         7.2924364        -3.1067754                 0         6.3657653        -418.00214                 0         256.13728                 0                 0                 0                 0       -0.15603505                 0               250            24.325	B2, 
         7.2954343        -3.1093321                 0         6.3673309        -418.14422                 0         255.90527                 0                 0                 0                 0       -0.15333602                 0               250            24.335	B2, 
         7.2984322        -3.1118895                 0         6.3688952        -418.28372                 0         255.67719                 0                 0                 0                 0       -0.15070096                 0               250            24.345	B2, 
         7.3014301        -3.1144479                 0          6.370458        -418.42071                 0         255.45294                 0                 0                 0                 0       -0.14812684                 0               250            24.355	B2, 
          7.304428         -3.117007                 0         6.3720195        -418.55525                 0         255.23244                 0                 0                 0                 0       -0.14561076                 0               250            24.365	B2, 
          7.307426         -3.119567                 0         6.3735796         -418.6874                 0          255.0156                 0                 0                 0                 0       -0.14314993                 0               250            24.375	B2, 
         7.3104239        -3.1221278                 0         6.3751385        -418.81721                 0         254.80235                 0                 0                 0                 0        -0.1407417                 0               250            24.385	B2, 
         7.3134218        -3.1246893                 0          6.376696        -418.94474                 0         254.59262                 0                 0                 0                 0       -0.13838354                 0               250            24.395	B2, 
         7.3164197        -3.1272517                 0         6.3782523        -419.07003                 0         254.38634                 0                 0                 0                 0       -0.13607304                 0               250            24.405	B2, 
         7.3194176        -3.1298148                 0         6.3798073        -419.19313                 0         254.18343                 0                 0                 0                 0       -0.13380791                 0               250            24.415	B2, 
         7.3224156        -3.1323786                 0         6.3813611        -419.31409                 0         253.98384                 0                 0                 0                 0       -0.13158599                 0               250            24.425	B2, 
         7.3254135        -3.1349432                 0         6.3829136        -419.43295                 0         253.78751                 0                 0                 0                 0       -0.12940525                 0               250            24.435	B2, 
         7.3284114        -3.1375085                 0          6.384465        -419.54975                 0         253.59437                 0                 0                 0                 0       -0.12726374                 0               250            24.445	B2, 
         7.3314093        -3.1400745                 0         6.3860152        -419.66454                 0         253.40437                 0                 0                 0                 0       -0.12515968                 0               250            24.455	B2, 
         7.3344072        -3.1426412                 0         6.3875643        -419.77734                 0         253.21746                 0                 0                 0                 0       -0.12309135                 0               250            24.465	B2, 
         7.3374051        -3.1452086                 0         6.3891122         -419.8882                 0         253.03359                 0                 0                 0                 0       -0.12105716                 0               250            24.475	B2, 
         7.3404031        -3.1477766                 0          6.390659        -419.99714                 0         252.85272                 0                 0                 0                 0       -0.11905563                 0               250            24.485	B2, 
          7.343401        -3.1503453                 0         6.3922047        -420.10421                 0         252.67479                 0                 0                 0                 0       -0.11708538                 0               250            24.495	B2, 
         7.3463989        -3.1529147                 0         6.3937493        -420.20943                 0         252.49976                 0                 0                 0                 0       -0.11514511                 0               250            24.505	B2, 
         7.3493968        -3.1554847                 0         6.3952929        -420.31284                 0         252.32759                 0                 0                 0                 0       -0.11323362                 0               250            24.515	B2, 
         7.3523947        -3.1580553                 0         6.3968354        -420.41446                 0         252.15825                 0                 0                 0                 0       -0.11134981                 0               250            24.525	B2, 
         7.3553927        -3.1606266                 0         6.3983769        -420.51432                 0         251.99168                 0                 0                 0                 0       -0.10949266                 0               250            24.535	B2, 
         7.3583906        -3.1631984                 0         6.3999174        -420.61244                 0         251.82786                 0                 0                 0                 0       -0.10766121                 0               250            24.545	B2, 
         7.3613885        -3.1657709                 0         6.4014569        -420.70886                 0         251.66674                 0                 0                 0                 0       -0.10585459                 0               250            24.555	B2, 
         7.3643864        -3.1683439                 0         6.4029954         -420.8036                 0          251.5083                 0                 0                 0                 0       -0.10407202                 0               250            24.565	B2, 
         7.3673843        -3.1709175                 0          6.404533        -420.89669                 0         251.35249                 0                 0                 0                 0       -0.10231276                 0               250            24.575	B2, 
         7.3703822        -3.1734917                 0         6.4060696        -420.98814                 0         251.19929                 0                 0                 0                 0       -0.10057614                 0               250            24.585	B2, 
         7.3733802        -3.1760664                 0         6.4076053        -421.07798                 0         251.04867                 0                 0                 0                 0      -0.098861552                 0               250            24.595	B2, 
         7.3763781        -3.1786416                 0         6.4091401        -421.16623                 0         250.90058                 0                 0                 0                 0      -0.097168448                 0               250            24.605	B2, 
          7.379376        -3.1812174                 0         6.4106739        -421.25292                 0         250.75501                 0                 0                 0                 0      -0.095496324                 0               250            24.615	B2, 
         7.3823739        -3.1837938                 0         6.4122069        -421.33806                 0         250.61192                 0                 0                 0                 0      -0.093844726                 0               250            24.625	B2, 
         7.3853718        -3.1863706                 0          6.413739        -421.42168                 0         250.47128                 0                 0                 0                 0      -0.092213244                 0               250            24.635	B2, 
         7.3883698         -3.188948                 0         6.4152703         -421.5038                 0         250.33307                 0                 0                 0                 0      -0.090601507                 0               250            24.645	B2, 
         7.3913677        -3.1915258                 0         6.4168008        -421.58443                 0         250.19726                 0                 0                 0                 0      -0.089009182                 0               250            24.655	B2, 
         7.3943656        -3.1941041                 0         6.4183304         -421.6636                 0         250.06381                 0                 0                 0                 0      -0.087435966                 0               250            24.665	B2, 
         7.3973635         -3.196683                 0         6.4198592        -421.74132                 0          249.9327                 0                 0                 0                 0       -0.08588159                 0               250            24.675	B2, 
         7.4003614        -3.1992622                 0         6.4213872        -421.81762                 0         249.80391                 0                 0                 0                 0      -0.084345808                 0               250            24.685	B2, 
         7.4033593         -3.201842                 0         6.4229144        -421.89251                 0          249.6774                 0                 0                 0                 0        -0.0828284                 0               250            24.695	B2, 
         7.4063573        -3.2044222                 0         6.4244408        -421.96601                 0         249.55316                 0                 0                 0                 0      -0.081329164                 0               250            24.705	B2, 
         7.4093552        -3.2070028                 0         6.4259666        -422.03815                 0         249.43115                 0                 0                 0                 0      -0.079847919                 0               250            24.715	B2, 
         7.4123531        -3.2095839                 0         6.4274915        -422.10893                 0         249.31135                 0                 0                 0                 0      -0.078384496                 0               250            24.725	B2, 
          7.415351        -3.2121654                 0         6.4290158        -422.17838                 0         249.19373                 0                 0                 0                 0      -0.076938742                 0               250            24.735	B2, 
         7.4183489        -3.2147474                 0         6.4305393        -422.24651                 0         249.07827                 0                 0                 0                 0       -0.07551051                 0               250            24.745	B2, 
         7.4213469        -3.2173297                 0         6.4320621        -422.31334                 0         248.96494                 0                 0                 0                 0      -0.074099666                 0               250            24.755	B2, 
         7.4243448        -3.2199125                 0         6.4335842        -422.37888                 0         248.85372                 0                 0                 0                 0      -0.072706078                 0               250            24.765	B2, 
         7.4273427        -3.2224956                 0         6.4351057        -422.44317                 0         248.74458                 0                 0                 0                 0       -0.07132962                 0               250            24.775	B2, 
         7.4303406        -3.2250792                 0         6.4366265         -422.5062                 0          248.6375                 0                 0                 0                 0      -0.069970169                 0               250            24.785	B2, 
         7.4333385        -3.2276631                 0         6.4381467          -422.568                 0         248.53245                 0                 0                 0                 0      -0.068627601                 0               250            24.795	B2, 
         7.4363364        -3.2302474                 0         6.4396662        -422.62859                 0         248.42941                 0                 0                 0                 0      -0.067301792                 0               250            24.805	B2, 
         7.4393344         -3.232832                 0         6.4411851        -422.68798                 0         248.32835                 0                 0                 0                 0      -0.065992616                 0               250            24.815	B2, 
         7.4423323         -3.235417                 0         6.4427034        -422.74619                 0         248.22925                 0                 0                 0                 0      -0.064699944                 0               250            24.825	B2, 
         7.4453302        -3.2380024                 0         6.4442211        -422.80323                 0         248.13208                 0                 0                 0                 0      -0.063423641                 0               250            24.835	B2, 
         7.4483281        -3.2405881                 0         6.4457382        -422.85911                 0         248.03682                 0                 0                 0                 0      -0.062163569                 0               250            24.845	B2, 
          7.451326        -3.2431742                 0         6.4472547        -422.91387                 0         247.94346                 0                 0                 0                 0      -0.060919583                 0               250            24.855	B2, 
          7.454324        -3.2457606                 0         6.4487706         -422.9675                 0         247.85195                 0                 0                 0                 0       -0.05969153                 0               250            24.865	B2, 
         7.4573219        -3.2483473                 0          6.450286        -423.02003                 0         247.76229                 0                 0                 0                 0      -0.058479251                 0               250            24.875	B2, 
         7.4603198        -3.2509343                 0         6.4518009        -423.07147                 0         247.67444                 0                 0                 0                 0      -0.057282579                 0               250            24.885	B2, 
         7.4633177        -3.2535217                 0         6.4533152        -423.12183                 0         247.58839                 0                 0                 0                 0      -0.056101339                 0               250            24.895	B2, 
         7.4663156        -3.2561093                 0          6.454829        -423.17114                 0         247.50411                 0                 0                 0                 0      -0.054935349                 0               250            24.905	B2, 
         7.4693136        -3.2586972                 0         6.4563423         -423.2194                 0         247.42157                 0                 0                 0                 0      -0.053784416                 0               250            24.915	B2, 
         7.4723115        -3.2612855                 0         6.4578551        -423.26663                 0         247.34077                 0                 0                 0                 0      -0.052648341                 0               250            24.925	B2, 
         7.4753094         -3.263874                 0         6.4593674        -423.31284                 0         247.26167                 0                 0                 0                 0      -0.051526917                 0               250            24.935	B2, 
         7.4783073        -3.2664628                 0         6.4608793        -423.35805                 0         247.18425                 0                 0                 0                 0      -0.050419928                 0               250            24.945	B2, 
         7.4813052        -3.2690519                 0         6.4623906        -423.40227                 0          247.1085                 0                 0                 0                 0      -0.049327152                 0               250            24.955	B2, 
         7.4843031        -3.2716412                 0         6.4639015        -423.44552                 0         247.03439                 0                 0                 0                 0       -0.04824836                 0               250            24.965	B2, 
         7.4873011        -3.2742308                 0          6.465412         -423.4878                 0          246.9619                 0                 0                 0                 0      -0.047183315                 0               250            24.975	B2, 
          7.490299        -3.2768207                 0          6.466922        -423.52914                 0           246.891                 0                 0                 0                 0      -0.046131776                 0               250            24.985	B2, 
         7.4932969        -3.2794108                 0         6.4684316        -423.56953                 0          246.8217                 0                 0                 0                 0      -0.045093497                 0               250            24.995	B2, 
         7.4962948        -3.2820011                 0         6.4699407          -423.609                 0         246.75395                 0                 0                 0                 0      -0.044068226                 0               250            25.005	B2, 
         7.4992927        -3.2845917                 0         6.4714495        -423.64756                 0         246.68774                 0                 0                 0                 0      -0.043055709                 0               250            25.015	B2, 
         7.5022907        -3.2871826                 0         6.4729579        -423.68522                 0         246.62306                 0                 0                 0                 0      -0.042055691                 0               250            25.025	B2, 
         7.5052886        -3.2897736                 0         6.4744658        -423.72199                 0         246.55988                 0                 0                 0                 0      -0.041067912                 0               250            25.035	B2, 
         7.5082865        -3.2923649                 0         6.4759734        -423.75788                 0         246.49819                 0                 0                 0                 0      -0.040092116                 0               250            25.045	B2, 
         7.5112844        -3.2949564                 0         6.4774806         -423.7929                 0         246.43797                 0                 0                 0                 0      -0.039128044                 0               250            25.055	B2, 
         7.5142823        -3.2975481                 0         6.4789875        -423.82707                 0          246.3792                 0                 0                 0                 0      -0.038175442                 0               250            25.065	B2, 
         7.5172802          -3.30014                 0          6.480494        -423.86039                 0         246.32187                 0                 0                 0                 0      -0.037234058                 0               250            25.075	B2, 
         7.5202782        -3.3027321                 0         6.4820001        -423.89288                 0         246.26595                 0                 0                 0                 0      -0.036303645                 0               250            25.085	B2, 
         7.5232761        -3.3053244                 0         6.4835059        -423.92455                 0         246.21144                 0                 0                 0                 0      -0.035383961                 0               250            25.095	B2, 
          7.526274        -3.3079169                 0         6.4850114         -423.9554                 0         246.15832                 0                 0                 0                 0      -0.034474772                 0               250            25.105	B2, 
         7.5292719        -3.3105096                 0         6.4865166        -423.98544                 0         246.10656                 0                 0                 0                 0      -0.033575854                 0               250            25.115	B2, 
         7.5322698        -3.3131025                 0         6.4880214        -424.01469                 0         246.05617                 0                 0                 0                 0      -0.032686993                 0               250            25.125	B2, 
         7.5352678        -3.3156955                 0         6.4895259        -424.04316                 0         246.00711                 0                 0                 0                 0      -0.031807984                 0               250            25.135	B2, 
         7.5382657        -3.3182887                 0         6.4910302        -424.07084                 0         245.95938                 0                 0                 0                 0      -0.030938639                 0               250            25.145	B2, 
         7.5412636        -3.3208821                 0         6.4925342        -424.09776                 0         245.91296                 0                 0                 0                 0      -0.030078783                 0               250            25.155	B2, 
         7.5442615        -3.3234756                 0         6.4940378        -424.12392                 0         245.86784                 0                 0                 0                 0      -0.029228257                 0               250            25.165	B2, 
         7.5472594        -3.3260693                 0         6.4955412        -424.14933                 0         245.82401                 0                 0                 0                 0       -0.02838692                 0               250            25.175	B2, 
         7.5502573        -3.3286632                 0         6.4970444        -424.17399                 0         245.78145                 0                 0                 0                 0       -0.02755465                 0               250            25.185	B2, 
         7.5532553        -3.3312572                 0         6.4985473        -424.19793                 0         245.74014                 0                 0                 0                 0      -0.026731347                 0               250            25.195	B2, 
         7.5562532        -3.3338513                 0         6.5000499        -424.22113                 0         245.70008                 0                 0                 0                 0      -0.025916931                 0               250            25.205	B2, 
         7.5592511        -3.3364456                 0         6.5015523        -424.24362                 0         245.66125                 0                 0                 0                 0      -0.025111348                 0               250            25.215	B2, 
          7.562249          -3.33904                 0         6.5030545         -424.2654                 0         245.62363                 0                 0                 0                 0      -0.024314567                 0               250            25.225	B2, 
         7.5652469        -3.3416346                 0         6.5045564        -424.28648                 0         245.58722                 0                 0                 0                 0      -0.023526581                 0               250            25.235	B2, 
         7.5682449        -3.3442293                 0         6.5060581        -424.30686                 0           245.552                 0                 0                 0                 0      -0.022747415                 0               250            25.245	B2, 
         7.5712428        -3.3468241                 0         6.5075596        -424.32656                 0         245.51796                 0                 0                 0                 0      -0.021977116                 0               250            25.255	B2, 
         7.5742407         -3.349419                 0         6.5090609        -424.34558                 0         245.48508                 0                 0                 0                 0      -0.021215765                 0               250            25.265	B2, 
         7.5772386         -3.352014                 0          6.510562        -424.36393                 0         245.45336                 0                 0                 0                 0      -0.020463468                 0               250            25.275	B2, 
         7.5802365        -3.3546092                 0         6.5120629        -424.38162                 0         245.42277                 0                 0                 0                 0      -0.019720364                 0               250            25.285	B2, 
         7.5832344        -3.3572044                 0         6.5135637        -424.39866                 0          245.3933                 0                 0                 0                 0      -0.018986619                 0               250            25.295	B2, 
         7.5862324        -3.3597998                 0         6.5150642        -424.41506                 0         245.36495                 0                 0                 0                 0      -0.018262433                 0               250            25.305	B2, 
         7.5892303        -3.3623952                 0         6.5165646        -424.43082                 0         245.33768                 0                 0                 0                 0      -0.017548031                 0               250            25.315	B2, 
         7.5922282        -3.3649908                 0         6.5180648        -424.44595                 0          245.3115                 0                 0                 0                 0      -0.016843671                 0               250            25.325	B2, 
         7.5952261        -3.3675864                 0         6.5195649        -424.46047                 0         245.28638                 0                 0                 0                 0      -0.016149638                 0               250            25.335	B2, 
          7.598224        -3.3701821                 0         6.5210648        -424.47438                 0         245.26231                 0                 0                 0                 0      -0.015466246                 0               250            25.345	B2, 
          7.601222        -3.3727779                 0         6.5225646        -424.48769                 0         245.23927                 0                 0                 0                 0      -0.014793833                 0               250            25.355	B2, 
         7.6042199        -3.3753738                 0         6.5240642        -424.50041                 0         245.21724                 0                 0                 0                 0      -0.014132762                 0               250            25.365	B2, 
         7.6072178        -3.3779698                 0         6.5255637        -424.51256                 0         245.19621                 0                 0                 0                 0       -0.01348342                 0               250            25.375	B2, 
         7.6102157        -3.3805658                 0         6.5270631        -424.52414                 0         245.17616                 0                 0                 0                 0      -0.012846212                 0               250            25.385	B2, 
         7.6132136        -3.3831619                 0         6.5285623        -424.53516                 0         245.15708                 0                 0                 0                 0      -0.012221561                 0               250            25.395	B2, 
         7.6162116        -3.3857581                 0         6.5300615        -424.54564                 0         245.13893                 0                 0                 0                 0      -0.011609903                 0               250            25.405	B2, 
         7.6192095        -3.3883543                 0         6.5315605        -424.55559                 0          245.1217                 0                 0                 0                 0      -0.011011685                 0               250            25.415	B2, 
         7.6222074        -3.3909506                 0         6.5330594        -424.56501                 0         245.10538                 0                 0                 0                 0      -0.010427361                 0               250            25.425	B2, 
         7.6252053         -3.393547                 0         6.5345583        -424.57393                 0         245.08993                 0                 0                 0                 0     -0.0098573877                 0               250            25.435	B2, 
         7.6282032        -3.3961434                 0          6.536057        -424.58235                 0         245.07534                 0                 0                 0                 0     -0.0093022191                 0               250            25.445	B2, 
         7.6312011        -3.3987398                 0         6.5375557        -424.59029                 0         245.06158                 0                 0                 0                 0     -0.0087623033                 0               250            25.455	B2, 
         7.6341991        -3.4013363                 0         6.5390542        -424.59777                 0         245.04864                 0                 0                 0                 0     -0.0082380767                 0               250            25.465	B2, 
          7.637197        -3.4039328                 0         6.5405527        -424.60478                 0         245.03648                 0                 0                 0                 0     -0.0077299592                 0               250            25.475	B2, 
         7.6401949        -3.4065294                 0         6.5420511        -424.61136                 0         245.02508                 0                 0                 0                 0     -0.0072383495                 0               250            25.485	B2, 
         7.6431928         -3.409126                 0         6.5435495        -424.61751                 0         245.01441                 0                 0                 0                 0      -0.006763619                 0               250            25.495	B2, 
         7.6461907        -3.4117227                 0         6.5450478        -424.62326                 0         245.00446                 0                 0                 0                 0     -0.0063061078                 0               250            25.505	B2, 
         7.6491887        -3.4143194                 0          6.546546        -424.62861                 0         244.99519                 0                 0                 0                 0     -0.0058661185                 0               250            25.515	B2, 
         7.6521866        -3.4169161                 0         6.5480442        -424.63358                 0         244.98658                 0                 0                 0                 0     -0.0054439122                 0               250            25.525	B2, 
         7.6551845        -3.4195129                 0         6.5495423        -424.63818                 0         244.97859                 0                 0                 0                 0     -0.0050397036                 0               250            25.535	B2, 
         7.6581824        -3.4221097                 0         6.5510404        -424.64244                 0         244.97121                 0                 0                 0                 0     -0.0046536565                 0               250            25.545	B2, 
         7.6611803        -3.4247065                 0         6.5525385        -424.64637                 0         244.96441                 0                 0                 0                 0     -0.0042858803                 0               250            25.555	B2, 
         7.6641782        -3.4273033                 0         6.5540365        -424.64998                 0         244.95814                 0                 0                 0                 0     -0.0039364268                 0               250            25.565	B2, 
         7.6671762        -3.4299001                 0         6.5555344        -424.65329                 0          244.9524                 0                 0                 0                 0     -0.0036052869                 0               250            25.575	B2, 
         7.6701741         -3.432497                 0         6.5570323        -424.65632                 0         244.94715                 0                 0                 0                 0     -0.0032923891                 0               250            25.585	B2, 
          7.673172        -3.4350939                 0         6.5585302        -424.65908                 0         244.94236                 0                 0                 0                 0     -0.0029975977                 0               250            25.595	B2, 
         7.6761699        -3.4376908                 0         6.5600281        -424.66159                 0         244.93801                 0                 0                 0                 0     -0.0027207125                 0               250            25.605	B2, 
         7.6791678        -3.4402877                 0          6.561526        -424.66387                 0         244.93406                 0                 0                 0                 0     -0.0024614688                 0               250            25.615	B2, 
         7.6821658        -3.4428846                 0         6.5630238        -424.66593                 0          244.9305                 0                 0                 0                 0     -0.0022195384                 0               250            25.625	B2, 
         7.6851637        -3.4454816                 0         6.5645216        -424.66778                 0         244.92729                 0                 0                 0                 0     -0.0019945316                 0               250            25.635	B2, 
         7.6881616        -3.4480785                 0         6.5660194        -424.66944                 0         244.92441                 0                 0                 0                 0     -0.0017859995                 0               250            25.645	B2, 
         7.6911595        -3.4506755                 0         6.5675171        -424.67092                 0         244.92184                 0                 0                 0                 0     -0.0015934379                 0               250            25.655	B2, 
         7.6941574        -3.4532725                 0         6.5690149        -424.67224                 0         244.91955                 0                 0                 0                 0      -0.001416291                 0               250            25.665	B2, 
         7.6971553        -3.4558694                 0         6.5705126        -424.67341                 0         244.91752                 0                 0                 0                 0     -0.0012539566                 0               250            25.675	B2, 
         7.7001533        -3.4584664                 0         6.5720103        -424.67445                 0         244.91572                 0                 0                 0                 0     -0.0011057912                 0               250            25.685	B2, 
         7.7031512        -3.4610634                 0         6.5735081        -424.67536                 0         244.91414                 0                 0                 0                 0    -0.00097111639                 0               250            25.695	B2, 
         7.7061491        -3.4636604                 0         6.5750058        -424.67616                 0         244.91275                 0                 0                 0                 0    -0.00084922497                 0               250            25.705	B2, 
          7.709147        -3.4662574                 0         6.5765035        -424.67686                 0         244.91155                 0                 0                 0                 0     -0.0007393876                 0               250            25.715	B2, 
         7.7121449        -3.4688544                 0         6.5780011        -424.67746                 0          244.9105                 0                 0                 0                 0    -0.00064085969                 0               250            25.725	B2, 
         7.7151429        -3.4714514                 0         6.5794988        -424.67798                 0         244.90959                 0                 0                 0                 0    -0.00055288833                 0               250            25.735	B2, 
         7.7181408        -3.4740484                 0         6.5809965        -424.67844                 0         244.90881                 0                 0                 0                 0    -0.00047471901                 0               250            25.745	B2, 
         7.7211387        -3.4766455                 0         6.5824942        -424.67882                 0         244.90814                 0                 0                 0                 0    -0.00040560231                 0               250            25.755	B2, 
         7.7241366        -3.4792425                 0         6.5839919        -424.67915                 0         244.90757                 0                 0                 0                 0    -0.00034480013                 0               250            25.765	B2, 
         7.7271345        -3.4818395                 0         6.5854895        -424.67943                 0         244.90708                 0                 0                 0                 0    -0.00029159157                 0               250            25.775	B2, 
         7.7301324        -3.4844365                 0         6.5869872        -424.67966                 0         244.90667                 0                 0                 0                 0     -0.0002452783                 0               250            25.785	B2, 
         7.7331304        -3.4870335                 0         6.5884849        -424.67986                 0         244.90633                 0                 0                 0                 0    -0.00020518929                 0               250            25.795	B2, 
         7.7361283        -3.4896306                 0         6.5899825        -424.68003                 0         244.90605                 0                 0                 0                 0     -0.0001706849                 0               250            25.805	B2, 
         7.7391262        -3.4922276                 0         6.5914802        -424.68016                 0         244.90581                 0                 0                 0                 0    -0.00014116028                 0               250            25.815	B2, 
         7.7421241        -3.4948246                 0         6.5929778        -424.68028                 0         244.90561                 0                 0                 0                 0    -0.00011604801                 0               250            25.825	B2, 
          7.745122        -3.4974216                 0         6.5944755        -424.68037                 0         244.90545                 0                 0                 0                 0    -9.4820027e-05                 0               250            25.835	B2, 
           7.74812        -3.5000187                 0         6.5959731        -424.68044                 0         244.90532                 0                 0                 0                 0    -7.6988834e-05                 0               250            25.845	B2, 
         7.7511179        -3.5026157                 0         6.5974708        -424.68051                 0         244.90522                 0                 0                 0                 0    -6.2107975e-05                 0               250            25.855	B2, 
         7.7541158        -3.5052127                 0         6.5989685        -424.68055                 0         244.90513                 0                 0                 0                 0      -4.97719e-05                 0               250            25.865	B2, 
         7.7571137        -3.5078097                 0         6.6004661        -424.68059                 0         244.90506                 0                 0                 0                 0     -3.961523e-05                 0               250            25.875	B2, 
         7.7601116        -3.5104068                 0         6.6019638        -424.68062                 0         244.90501                 0                 0                 0                 0    -3.1311487e-05                 0               250            25.885	B2, 
         7.7631095        -3.5130038                 0         6.6034614        -424.68065                 0         244.90497                 0                 0                 0                 0    -2.4571394e-05                 0               250            25.895	B2, 
         7.7661075        -3.5156008                 0         6.6049591        -424.68067                 0         244.90493                 0                 0                 0                 0    -1.9140798e-05                 0               250            25.905	B2, 
         7.7691054        -3.5181978                 0         6.6064567        -424.68068                 0         244.90491                 0                 0                 0                 0    -1.4798326e-05                 0               250            25.915	B2, 
         7.7721033        -3.5207949                 0         6.6079544        -424.68069                 0         244.90489                 0                 0                 0                 0    -1.1352829e-05                 0               250            25.925	B2, 
         7.7751012        -3.5233919                 0          6.609452         -424.6807                 0         244.90487                 0                 0                 0                 0    -8.6407163e-06                 0               250            25.935	B2, 
         7.7780991        -3.5259889                 0         6.6109497        -424.68071                 0         244.90486                 0                 0                 0                 0    -6.5232387e-06                 0               250            25.945	B2, 
         7.7810971        -3.5285859                 0         6.6124473        -424.68071                 0         244.90485                 0                 0                 0                 0    -4.8837891e-06                 0               250            25.955	B2, 
          7.784095         -3.531183                 0          6.613945        -424.68072                 0         244.90485                 0                 0                 0                 0    -3.6252783e-06                 0               250            25.965	B2, 
         7.7870929          -3.53378                 0         6.6154427        -424.68072                 0         244.90484                 0                 0                 0                 0    -2.6676316e-06                 0               250            25.975	B2, 
         7.7900908         -3.536377                 0         6.6169403        -424.68072                 0         244.90484                 0                 0                 0                 0    -1.9454411e-06                 0               250            25.985	B2, 
         7.7930887        -3.5389741                 0          6.618438        -424.68072                 0         244.90484                 0                 0                 0                 0    -1.4058023e-06                 0               250            25.995	B2, 
         7.7960867        -3.5415711                 0         6.6199356        -424.68073                 0         244.90483                 0                 0                 0                 0    -1.0063497e-06                 0               250            26.005	B2, 
         7.7990846        -3.5441681                 0         6.6214333        -424.68073                 0         244.90483                 0                 0                 0                 0    -7.1350205e-07                 0               250            26.015	B2, 
         7.8020825        -3.5467651                 0         6.6229309        -424.68073                 0         244.90483                 0                 0                 0                 0    -5.0091571e-07                 0               250            26.025	B2, 
         7.8050804        -3.5493622                 0         6.6244286        -424.68073                 0         244.90483                 0                 0                 0                 0    -3.4814257e-07                 0               250            26.035	B2, 
         7.8080783        -3.5519592                 0         6.6259262        -424.68073                 0         244.90483                 0                 0                 0                 0    -2.3948099e-07                 0               250            26.045	B2, 
         7.8110762        -3.5545562                 0         6.6274239        -424.68073                 0         244.90483                 0                 0                 0                 0    -1.6300582e-07                 0               250            26.055	B2, 
         7.8140742        -3.5571532                 0         6.6289215        -424.68073                 0         244.90483                 0                 0                 0                 0    -1.0976112e-07                 0               250            26.065	B2, 
         7.8170721        -3.5597503                 0         6.6304192        -424.68073                 0         244.90483                 0                 0                 0                 0    -7.3097204e-08                 0               250            26.075	B2, 
           7.82007        -3.5623473                 0         6.6319168        -424.68073                 0         244.90483                 0                 0                 0                 0     -4.813398e-08                 0               250            26.085	B2, 
         7.8230679        -3.5649443                 0         6.6334145        -424.68073                 0         244.90483                 0                 0                 0                 0    -3.1332264e-08                 0               250            26.095	B2, 
         7.8260658        -3.5675414                 0         6.6349121        -424.68073                 0         244.90483                 0                 0                 0                 0    -2.0156234e-08                 0               250            26.105	B2, 
         7.8290638        -3.5701384                 0         6.6364098        -424.68073                 0         244.90483                 0                 0                 0                 0    -1.2811251e-08                 0               250            26.115	B2, 
         7.8320617        -3.5727354                 0         6.6379074        -424.68073                 0         244.90483                 0                 0                 0                 0    -8.0430995e-09                 0               250            26.125	B2, 
         7.8350596        -3.5753324                 0         6.6394051        -424.68073                 0         244.90483                 0                 0                 0                 0     -4.986418e-09                 0               250            26.135	B2, 
         7.8380575        -3.5779295                 0         6.6409028        -424.68073                 0         244.90483                 0                 0                 0                 0    -3.0518916e-09                 0               250            26.145	B2, 
         7.8410554        -3.5805265                 0         6.6424004        -424.68073                 0         244.90483                 0                 0                 0                 0    -1.8435072e-09                 0               250            26.155	B2, 
         7.8440533        -3.5831235                 0         6.6438981        -424.68073                 0         244.90483                 0                 0                 0                 0    -1.0987383e-09                 0               250            26.165	B2, 
         7.8470513        -3.5857205                 0         6.6453957        -424.68073                 0         244.90483                 0                 0                 0                 0    -6.4594283e-10                 0               250            26.175	B2, 
         7.8500492        -3.5883176                 0         6.6468934        -424.68073                 0         244.90483                 0                 0                 0                 0    -3.7447183e-10                 0               250            26.185	B2, 
         7.8530471        -3.5909146                 0          6.648391        -424.68073                 0         244.90483                 0                 0                 0                 0    -2.1401421e-10                 0               250            26.195	B2, 
          7.856045        -3.5935116                 0         6.6498887        -424.68073                 0         244.90483                 0                 0                 0                 0    -1.2054129e-10                 0               250            26.205	B2, 
         7.8590429        -3.5961086                 0         6.6513863        -424.68073                 0         244.90483                 0                 0                 0                 0      -6.68911e-11                 0               250            26.215	B2, 
         7.8620409        -3.5987057                 0          6.652884        -424.68073                 0         244.90483                 0                 0                 0                 0    -3.6560145e-11                 0               250            26.225	B2, 
         7.8650388        -3.6013027                 0         6.6543816        -424.68073                 0         244.90483                 0                 0                 0                 0     -1.967526e-11                 0               250            26.235	B2, 
         7.8680367        -3.6038997                 0         6.6558793        -424.68073                 0         244.90483                 0                 0                 0                 0    -1.0422458e-11                 0               250            26.245	B2, 
         7.8710346        -3.6064968                 0         6.6573769        -424.68073                 0         244.90483                 0                 0                 0                 0     -5.432743e-12                 0               250            26.255	B2, 
         7.8740325        -3.6090938                 0         6.6588746        -424.68073                 0         244.90483                 0                 0                 0                 0    -2.7856589e-12                 0               250            26.265	B2, 
         7.8770304        -3.6116908                 0         6.6603722        -424.68073                 0         244.90483                 0                 0                 0                 0    -1.4046075e-12                 0               250            26.275	B2, 
         7.8800284        -3.6142878                 0         6.6618699        -424.68073                 0         244.90483                 0                 0                 0                 0    -6.9623686e-13                 0               250            26.285	B2, 
         7.8830263        -3.6168849                 0         6.6633676        -424.68073                 0         244.90483                 0                 0                 0                 0    -3.3914759e-13                 0               250            26.295	B2, 
         7.8860242        -3.6194819                 0         6.6648652        -424.68073                 0         244.90483                 0                 0                 0                 0     -1.622942e-13                 0               250            26.305	B2, 
         7.8890221        -3.6220789                 0         6.6663629        -424.68073                 0         244.90483                 0                 0                 0                 0     -7.626948e-14                 0               250            26.315	B2, 
           7.89202        -3.6246759                 0         6.6678605        -424.68073                 0         244.90483                 0                 0                 0                 0    -3.5186904e-14                 0               250            26.325	B2, 
          7.895018         -3.627273                 0         6.6693582        -424.68073                 0         244.90483                 0                 0                 0                 0    -1.5930921e-14                 0               250            26.335	B2, 
         7.8980159          -3.62987                 0         6.6708558        -424.68073                 0         244.90483                 0                 0                 0                 0    -7.0757974e-15                 0               250            26.345	B2, 
         7.9010138         -3.632467                 0         6.6723535        -424.68073                 0         244.90483                 0                 0                 0                 0    -3.0819649e-15                 0               250            26.355	B2, 
         7.9040117        -3.6350641                 0         6.6738511        -424.68073                 0         244.90483                 0                 0                 0                 0    -1.3159486e-15                 0               250            26.365	B2, 
         7.9070096        -3.6376611                 0         6.6753488        -424.68073                 0         244.90483                 0                 0                 0                 0    -5.5061532e-16                 0               250            26.375	B2, 
         7.9100075        -3.6402581                 0         6.6768464        -424.68073                 0         244.90483                 0                 0                 0                 0    -2.2567992e-16                 0               250            26.385	B2, 
         7.9130055        -3.6428551                 0         6.6783441        -424.68073                 0         244.90483                 0                 0                 0                 0    -9.0574913e-17                 0               250            26.395	B2, 
         7.9160034        -3.6454522                 0         6.6798417        -424.68073                 0         244.90483                 0                 0                 0                 0    -3.5581679e-17                 0               250            26.405	B2, 
         7.9190013        -3.6480492                 0         6.6813394        -424.68073                 0         244.90483                 0                 0                 0                 0    -1.3676643e-17                 0               250            26.415	B2, 
         7.9219992        -3.6506462                 0          6.682837        -424.68073                 0         244.90483                 0                 0                 0                 0    -5.1415746e-18                 0               250            26.425	B2, 
         7.9249971        -3.6532432                 0         6.6843347        -424.68073                 0         244.90483                 0                 0                 0                 0    -1.8897452e-18                 0               250            26.435	B2, 
         7.9279951        -3.6558403                 0         6.6858324        -424.68073                 0         244.90483                 0                 0                 0                 0    -6.7877481e-19                 0               250            26.445	B2, 
          7.930993        -3.6584373                 0           6.68733        -424.68073                 0         244.90483                 0                 0                 0                 0    -2.3816957e-19                 0               250            26.455	B2, 
         7.9339909        -3.6610343                 0         6.6888277        -424.68073                 0         244.90483                 0                 0                 0                 0    -8.1602894e-20                 0               250            26.465	B2, 
         7.9369888        -3.6636314                 0         6.6903253        -424.68073                 0         244.90483                 0                 0                 0                 0    -2.7289912e-20                 0               250            26.475	B2, 
         7.9399867        -3.6662284                 0          6.691823        -424.68073                 0         244.90483                 0                 0                 0                 0    -8.9041479e-21                 0               250            26.485	B2, 
         7.9429846        -3.6688254                 0         6.6933206        -424.68073                 0         244.90483                 0                 0                 0                 0    -2.8332867e-21                 0               250            26.495	B2, 
         7.9459826        -3.6714224                 0         6.6948183        -424.68073                 0         244.90483                 0                 0                 0                 0    -8.7883773e-22                 0               250            26.505	B2, 
         7.9489805        -3.6740195                 0         6.6963159        -424.68073                 0         244.90483                 0                 0                 0                 0    -2.6561758e-22                 0               250            26.515	B2, 
         7.9519784        -3.6766165                 0         6.6978136        -424.68073                 0         244.90483                 0                 0                 0                 0    -7.8188451e-23                 0               250            26.525	B2, 
         7.9549763        -3.6792135                 0         6.6993112        -424.68073                 0         244.90483                 0                 0                 0                 0    -2.2406377e-23                 0               250            26.535	B2, 
         7.9579742        -3.6818105                 0         6.7008089        -424.68073                 0         244.90483                 0                 0                 0                 0    -6.2480897e-24                 0               250            26.545	B2, 
         7.9609722        -3.6844076                 0         6.7023065        -424.68073                 0         244.90483                 0                 0                 0                 0    -1.6946131e-24                 0               250            26.555	B2, 
         7.9639701        -3.6870046                 0         6.7038042        -424.68073                 0         244.90483                 0                 0                 0                 0    -4.4682809e-25                 0               250            26.565	B2, 
          7.966968        -3.6896016                 0         6.7053018        -424.68073                 0         244.90483                 0                 0                 0                 0    -1.1448632e-25                 0               250            26.575	B2, 
         7.9699659        -3.6921986                 0         6.7067995        -424.68073                 0         244.90483                 0                 0                 0                 0     -2.849078e-26                 0               250            26.585	B2, 
         7.9729638        -3.6947957                 0         6.7082972        -424.68073                 0         244.90483                 0                 0                 0                 0    -6.8831117e-27                 0               250            26.595	B2, 
         7.9759618        -3.6973927                 0         6.7097948        -424.68073                 0         244.90483                 0                 0                 0                 0    -1.6135591e-27                 0               250            26.605	B2, 
         7.9789597        -3.6999897                 0         6.7112925        -424.68073                 0         244.90483                 0                 0                 0                 0    -3.6685296e-28                 0               250            26.615	B2, 
         7.9819576        -3.7025868                 0         6.7127901        -424.68073                 0         244.90483                 0                 0                 0                 0    -8.0852142e-29                 0               250            26.625	B2, 
         7.9849555        -3.7051838                 0         6.7142878        -424.68073                 0         244.90483                 0                 0                 0                 0    -1.7264988e-29                 0               250            26.635	B2, 
         7.9879534        -3.7077808                 0         6.7157854        -424.68073                 0         244.90483                 0                 0                 0                 0    -3.5702354e-30                 0               250            26.645	B2, 
         7.9909513        -3.7103778                 0         6.7172831        -424.68073                 0         244.90483                 0                 0                 0                 0    -7.1459751e-31                 0               250            26.655	B2, 
         7.9939493        -3.7129749                 0         6.7187807        -424.68073                 0         244.90483                 0                 0                 0                 0    -1.3836813e-31                 0               250            26.665	B2, 
         7.9969472        -3.7155719                 0         6.7202784        -424.68073                 0         244.90483                 0                 0                 0                 0    -2.5905627e-32                 0               250            26.675	B2, 
         7.9999451        -3.7181689                 0          6.721776        -424.68073                 0         244.90483                 0                 0                 0                 0    -4.6871267e-33                 0               250            26.685	B2, 
          8.002943        -3.7207659                 0         6.7232737        -424.68073                 0         244.90483                 0                 0                 0                 0    -8.1911065e-34                 0               250            26.695	B2, 
         8.0059409         -3.723363                 0         6.7247713        -424.68073                 0         244.90483                 0                 0                 0                 0    -1.3818728e-34                 0               250            26.705	B2, 
         8.0089389          -3.72596                 0          6.726269        -424.68073                 0         244.90483                 0                 0                 0                 0    -2.2492983e-35                 0               250            26.715	B2, 
         8.0119368         -3.728557                 0         6.7277666        -424.68073                 0         244.90483                 0                 0                 0                 0                 0                 0               250            26.725	B2, 
         8.0149347        -3.7311541                 0         6.7292643        -424.68073                 0         244.90483                 0                 0                 0                 0                 0                 0               250            26.735	B2, 
         8.0179326        -3.7337511                 0         6.7307619        -424.68073                 0         244.90483                 0                 0                 0                 0                 0                 0               250            26.745	B2, 
         8.0209305        -3.7363481                 0         6.7322596        -424.68073                 0         244.90483                 0                 0                 0                 0                 0                 0               250            26.755	B2, 
         8.0239284        -3.7389451                 0         6.7337573        -424.68073                 0         244.90483                 0                 0                 0                 0                 0                 0               250            26.765	B2, 
         8.0269264        -3.7415422                 0         6.7352549        -424.68073                 0         244.90483                 0                 0                 0                 0                 0                 0               250            26.775	B2, 
         8.0299243        -3.7441392                 0         6.7367526        -424.68073                 0         244.90483                 0                 0                 0                 0                 0                 0               250            26.785	B2, 
         8.0329222        -3.7467362                 0         6.7382502        -424.68073                 0         244.90483                 0                 0                 0                 0                 0                 0               250            26.795	B2, 
         8.0359201        -3.7493332                 0         6.7397479        -424.68073                 0         244.90483                 0                 0                 0                 0                 0                 0               250            26.805	B2, 
          8.038918        -3.7519303                 0         6.7412455        -424.68073                 0         244.90483                 0                 0                 0                 0                 0                 0               250            26.815	B2, 
          8.041916        -3.7545273                 0         6.7427432        -424.68073                 0         244.90483                 0                 0                 0                 0                 0                 0               250            26.825	B2, 
         8.0449139        -3.7571243                 0         6.7442408        -424.68073                 0         244.90483                 0                 0                 0                 0                 0                 0               250            26.835	B2, 
         8.0479118        -3.7597213                 0         6.7457385        -424.68073                 0         244.90483                 0                 0                 0                 0                 0                 0               250            26.845	B2, 
         8.0509097        -3.7623184                 0         6.7472361        -424.68073                 0         244.90483                 0                 0                 0                 0                 0                 0               250            26.855	B2, 
         8.0539076        -3.7649154                 0         6.7487338        -424.68073                 0         244.90483                 0                 0                 0                 0                 0                 0               250            26.865	B2, 
         8.0569055        -3.7675124                 0         6.7502314        -424.68073                 0         244.90483                 0                 0                 0                 0                 0                 0               250            26.875	B2, 
         8.0599035        -3.7701095                 0         6.7517291        -424.68073                 0         244.90483                 0                 0                 0                 0                 0                 0               250            26.885	B2, 
         8.0629014        -3.7727065                 0         6.7532267        -424.68073                 0         244.90483                 0                 0                 0                 0                 0                 0               250            26.895	B2, 
         8.0658993        -3.7753035                 0         6.7547244        -424.68073                 0         244.90483                 0                 0                 0                 0                 0                 0               250            26.905	B2, 
         8.0688972        -3.7779005                 0         6.7562221        -424.68073                 0         244.90483                 0                 0                 0                 0                 0                 0               250            26.915	B2, 
         8.0718951        -3.7804976                 0         6.7577197        -424.68073                 0         244.90483                 0                 0                 0                 0                 0                 0               250            26.925	B2, 
         8.0748931        -3.7830946                 0         6.7592174        -424.68073                 0         244.90483                 0                 0                 0                 0                 0                 0               250            26.935	B2, 
          8.077891        -3.7856916                 0          6.760715        -424.68073                 0         244.90483                 0                 0                 0                 0                 0                 0               250            26.945	B2, 
         8.0808889        -3.7882886                 0         6.7622127        -424.68073                 0         244.90483                 0                 0                 0                 0                 0                 0               250            26.955	B2, 
         8.0838868        -3.7908857                 0         6.7637103        -424.68073                 0         244.90483                 0                 0                 0                 0                 0                 0               250            26.965	B2, 
         8.0868847        -3.7934827                 0          6.765208        -424.68073                 0         244.90483                 0                 0                 0                 0                 0                 0               250            26.975	B2, 
         8.0898826        -3.7960797                 0         6.7667056        -424.68073                 0         244.90483                 0                 0                 0                 0                 0                 0               250            26.985	B2, 
         8.0928806        -3.7986768                 0         6.7682033        -424.68073                 0         244.90483                 0                 0                 0                 0                 0                 0               250            26.995	B2, 
         8.0958785        -3.8012738                 0         6.7697009        -424.68073                 0         244.90483                 0                 0                 0                 0                 0                 0               250            27.005	B2, 
         8.0988764        -3.8038708                 0         6.7711986        -424.68073                 0         244.90483                 0                 0                 0                 0                 0                 0               250            27.015	B2, 
         8.1018743        -3.8064678                 0         6.7726962        -424.68073                 0         244.90483                 0                 0                 0                 0                 0                 0               250            27.025	B2, 
         8.1048722        -3.8090649                 0         6.7741939        -424.68073                 0         244.90483                 0                 0                 0                 0                 0                 0               250            27.035	B2, 
         8.1078702        -3.8116619                 0         6.7756915        -424.68073                 0         244.90483                 0                 0                 0                 0                 0                 0               250            27.045	B2, 
         8.1108681        -3.8142589                 0         6.7771892        -424.68073                 0         244.90483                 0                 0                 0                 0                 0                 0               250            27.055	B2, 
          8.113866        -3.8168559                 0         6.7786869        -424.68073                 0         244.90483                 0                 0                 0                 0                 0                 0               250            27.065	B2, 
         8.1168639         -3.819453                 0         6.7801845        -424.68073                 0         244.90483                 0                 0                 0                 0                 0                 0               250            27.075	B2, 
         8.1198618          -3.82205                 0         6.7816822        -424.68073                 0         244.90483                 0                 0                 0                 0                 0                 0               250            27.085	B2, 
         8.1228598         -3.824647                 0         6.7831798        -424.68073                 0         244.90483                 0                 0                 0                 0                 0                 0               250            27.095	B2, 
         8.1258577        -3.8272441                 0         6.7846775        -424.68073                 0         244.90483                 0                 0                 0                 0                 0                 0               250            27.105	B2, 
         8.1288556        -3.8298411                 0         6.7861751        -424.68073                 0         244.90483                 0                 0                 0                 0                 0                 0               250            27.115	B2, 
         8.1318535        -3.8324381                 0         6.7876728        -424.68073                 0         244.90483                 0                 0                 0                 0                 0                 0               250            27.125	B2, 
         8.1348514        -3.8350351                 0         6.7891704        -424.68073                 0         244.90483                 0                 0                 0                 0                 0                 0               250            27.135	B2, 
         8.1378493        -3.8376322                 0         6.7906681        -424.68073                 0         244.90483                 0                 0                 0                 0                 0                 0               250            27.145	B2, 
         8.1408473        -3.8402292                 0         6.7921657        -424.68073                 0         244.90483                 0                 0                 0                 0                 0                 0               250            27.155	B2, 
         8.1438452        -3.8428262                 0         6.7936634        -424.68073                 0         244.90483                 0                 0                 0                 0                 0                 0               250            27.165	B2, 
         8.1468431        -3.8454232                 0          6.795161        -424.68073                 0         244.90483                 0                 0                 0                 0                 0                 0               250            27.175	B2, 
          8.149841        -3.8480203                 0         6.7966587        -424.68073                 0         244.90483                 0                 0                 0                 0                 0                 0               250            27.185	B2, 
         8.1528389        -3.8506173                 0         6.7981563        -424.68073                 0         244.90483                 0                 0                 0                 0                 0                 0               250            27.195	B2, 
         8.1558369        -3.8532143                 0          6.799654        -424.68073                 0         244.90483                 0                 0                 0                 0                 0                 0               250            27.205	B2, 
         8.1588348        -3.8558113                 0         6.8011517        -424.68073                 0         244.90483                 0                 0                 0                 0                 0                 0               250            27.215	B2, 
         8.1618327        -3.8584084                 0         6.8026493        -424.68073                 0         244.90483                 0                 0                 0                 0                 0                 0               250            27.225	B2, 
         8.1648306        -3.8610054                 0          6.804147        -424.68073                 0         244.90483                 0                 0                 0                 0                 0                 0               250            27.235	B2, 
         8.1678285        -3.8636024                 0         6.8056446        -424.68073                 0         244.90483                 0                 0                 0                 0                 0                 0               250            27.245	B2, 
         8.1708264        -3.8661995                 0         6.8071423        -424.68073                 0         244.90483                 0                 0                 0                 0                 0                 0               250            27.255	B2, 
         8.1738244        -3.8687965                 0         6.8086399        -424.68073                 0         244.90483                 0                 0                 0                 0                 0                 0               250            27.265	B2, 
         8.1768223        -3.8713935                 0         6.8101376        -424.68073                 0         244.90483                 0                 0                 0                 0                 0                 0               250            27.275	B2, 
         8.1798202        -3.8739905                 0         6.8116352        -424.68073                 0         244.90483                 0                 0                 0                 0                 0                 0               250            27.285	B2, 
         8.1828181        -3.8765876                 0         6.8131329        -424.68073                 0         244.90483                 0                 0                 0                 0                 0                 0               250            27.295	B2, 
          8.185816        -3.8791846                 0         6.8146305        -424.68073                 0         244.90483                 0                 0                 0                 0                 0                 0               250            27.305	B2, 
          8.188814        -3.8817816                 0         6.8161282        -424.68073                 0         244.90483                 0                 0                 0                 0                 0                 0               250            27.315	B2, 
         8.1918119        -3.8843786                 0         6.8176258        -424.68073                 0         244.90483                 0                 0                 0                 0                 0                 0               250            27.325	B2, 
         8.1948098        -3.8869757                 0         6.8191235        -424.68073                 0         244.90483                 0                 0                 0                 0                 0                 0               250            27.335	B2, 
         8.1978077        -3.8895727                 0         6.8206211        -424.68073                 0         244.90483                 0                 0                 0                 0                 0                 0               250            27.345	B2, 
         8.2008056        -3.8921697                 0         6.8221188        -424.68073                 0         244.90483                 0                 0                 0                 0                 0                 0               250            27.355	B2, 
         8.2038035        -3.8947668                 0         6.8236164        -424.68073                 0         244.90483                 0                 0                 0                 0                 0                 0               250            27.365	B2, 
         8.2068015        -3.8973638                 0         6.8251141        -424.68073                 0         244.90483                 0                 0                 0                 0                 0                 0               250            27.375	B2, 
         8.2097994        -3.8999608                 0         6.8266118        -424.68073                 0         244.90483                 0                 0                 0                 0                 0                 0               250            27.385	B2, 
         8.2127973        -3.9025578                 0         6.8281094        -424.68073                 0         244.90483                 0                 0                 0                 0                 0                 0               250            27.395	B2, 
         8.2157952        -3.9051549                 0         6.8296071        -424.68073                 0         244.90483                 0                 0                 0                 0                 0                 0               250            27.405	B2, 
         8.2187931        -3.9077519                 0         6.8311047        -424.68073                 0         244.90483                 0                 0                 0                 0                 0                 0               250            27.415	B2, 
         8.2217911        -3.9103489                 0         6.8326024        -424.68073                 0         244.90483                 0                 0                 0                 0                 0                 0               250            27.425	B2, 
          8.224789        -3.9129459                 0            6.8341        -424.68073                 0         244.90483                 0                 0                 0                 0                 0                 0               250            27.435	B2, 
         8.2277869         -3.915543                 0         6.8355977        -424.68073                 0         244.90483                 0                 0                 0                 0                 0                 0               250            27.445	B2, 
         8.2307848          -3.91814                 0         6.8370953        -424.68073                 0         244.90483                 0                 0                 0                 0                 0                 0               250            27.455	B2, 
         8.2337827         -3.920737                 0          6.838593        -424.68073                 0         244.90483                 0                 0                 0                 0                 0                 0               250            27.465	B2, 
         8.2367806        -3.9233341                 0         6.8400906        -424.68073                 0         244.90483                 0                 0                 0                 0                 0                 0               250            27.475	B2, 
         8.2397786        -3.9259311                 0         6.8415883        -424.68073                 0         244.90483                 0                 0                 0                 0                 0                 0               250            27.485	B2, 
         8.2427765        -3.9285281                 0         6.8430859        -424.68073                 0         244.90483                 0                 0                 0                 0                 0                 0               250            27.495	B2, 
         8.2457744        -3.9311251                 0         6.8445836        -424.68073                 0         244.90483                 0                 0                 0                 0                 0                 0               250            27.505	B2, 
         8.2487723        -3.9337222                 0         6.8460812        -424.68073                 0         244.90483                 0                 0                 0                 0                 0                 0               250            27.515	B2, 
         8.2517702        -3.9363192                 0         6.8475789        -424.68073                 0         244.90483                 0                 0                 0                 0                 0                 0               250            27.525	B2, 
         8.2547682        -3.9389162                 0         6.8490766        -424.68073                 0         244.90483                 0                 0                 0                 0                 0                 0               250            27.535	B2, 
         8.2577661        -3.9415132                 0         6.8505742        -424.68073                 0         244.90483                 0                 0                 0                 0                 0                 0               250            27.545	B2, 
          8.260764        -3.9441103                 0         6.8520719        -424.68073                 0         244.90483                 0                 0                 0                 0                 0                 0               250            27.555	B2, 
         8.2637619        -3.9467073                 0         6.8535695        -424.68073                 0         244.90483                 0                 0                 0                 0                 0                 0               250            27.565	B2, 
         8.2667598        -3.9493043                 0         6.8550672        -424.68073                 0         244.90483                 0                 0                 0                 0                 0                 0               250            27.575	B2, 
         8.2697577        -3.9519013                 0         6.8565648        -424.68073                 0         244.90483                 0                 0                 0                 0                 0                 0               250            27.585	B2, 
         8.2727557        -3.9544984                 0         6.8580625        -424.68073                 0         244.90483                 0                 0                 0                 0                 0                 0               250            27.595	B2, 
         8.2757536        -3.9570954                 0         6.8595601        -424.68073                 0         244.90483                 0                 0                 0                 0                 0                 0               250            27.605	B2, 
         8.2787515        -3.9596924                 0         6.8610578        -424.68073                 0         244.90483                 0                 0                 0                 0                 0                 0               250            27.615	B2, 
         8.2817494        -3.9622895                 0         6.8625554        -424.68073                 0         244.90483                 0                 0                 0                 0                 0                 0               250            27.625	B2, 
         8.2847473        -3.9648865                 0         6.8640531        -424.68073                 0         244.90483                 0                 0                 0                 0                 0                 0               250            27.635	B2, 
         8.2869958        -3.9668343                 0         6.8651763        -424.68073                 0         244.90483                 0                 0                 0                 0                 0                 0               250           27.6425	B2, 
         8.2879326        -3.9676458                 0         6.8656443        -424.68073                 0         244.90483                 0                 0                 0                 0                 0                 0               250         27.645625	B2, 
         8.2882137        -3.9678893                 0         6.8657847        -424.68073                 0         244.90483                 0                 0                 0                 0                 0                 0               250         27.646563	B2, 
         8.2883308        -3.9679907                 0         6.8658432        -424.68073                 0         244.90483                 0                 0                 0                 0                 0                 0               250         27.646953	B2, 
         8.2883659        -3.9680212                 0         6.8658608        -424.68073                 0         244.90483                 0                 0                 0                 0                 0                 0               250          27.64707	B2, 
         8.2883806        -3.9680339                 0         6.8658681        -424.68073                 0         244.90483                 0                 0                 0                 0                 0                 0               250         27.647119	B2, 
         8.2883842         -3.968037                 0         6.8658699        -424.68073                 0         244.90483                 0                 0                 0                 0                 0                 0               250         27.647131	B2, 
         8.2883853         -3.968038                 0         6.8658705        -424.68073                 0         244.90483                 0                 0                 0                 0                 0                 0               250         27.647135	B2, 
         8.2883858        -3.9680384                 0         6.8658707        -424.68073                 0         244.90483                 0                 0                 0                 0                 0                 0               250         27.647137	B2, 
         8.2883859        -3.9680385                 0         6.8658708        -424.68073                 0         244.90483                 0                 0                 0                 0                 0                 0               250         27.647137	B2, 
         8.2883859        -3.9680385                 0         6.8658708        -424.68073                 0         244.90483                 0                 0                 0                 0                 0                 0               250         27.647137	B2, 
         8.2883859        -3.9680385                 0         6.8658708        -424.68073                 0         244.90483                 0                 0                 0                 0                 0                 0               250         27.647137	B2, 
         8.2883859        -3.9680385                 0         6.8658708        -424.68073                 0         244.90483                 0                 0                 0                 0                 0                 0               250         27.647137	B2, 
         8.2883859        -3.9680385                 0         6.8658708        -424.68073                 0         244.90483                 0                 0                 0                 0                 0                 0               250         27.647137	B2, 
         8.2883859        -3.9680385                 0         6.8658708        -424.68073                 0         244.90483                 0                 0                 0                 0                 0                 0               250         27.647137	B2, 
         8.2883859        -3.9680385                 0         6.8658708        -424.68073                 0         244.90483                 0                 0                 0                 0                 0                 0               250         27.647137	B2, 
         8.2883859        -3.9680385                 0         6.8658708        -424.68073                 0         244.90483                 0                 0                 0                 0                 0                 0               250         27.647137	B2, 
         8.2883859        -3.9680385                 0         6.8658708        -424.68073                 0         244.90483                 0                 0                 0                 0                 0                 0               250         27.647137	B2, 
         8.2883859        -3.9680385                 0         6.8658708        -424.68073                 0         244.90483                 0                 0                 0                 0                 0                 0               250         27.647137	B2, 
         8.2883859        -3.9680385                 0         6.8658708        -424.68073                 0         244.90483                 0                 0                 0                 0                 0                 0               250         27.647137	
         8.2883859        -3.9680385                 0         6.8658708        -424.68073                 0         244.90483                 0                 0                 0                 0                 0                 0               250         27.647137	
         8.2883859        -3.9680385                 0         6.8658708        -424.68073                 0         244.90483                 0                 0                 0                 0                 0                 0               250         27.647137	
         8.2883859        -3.9680385                 0         6.8658708        -424.68073                 0         244.90483                 0                 0                 0                 0                 0                 0               250         27.647137	
         8.2883859        -3.9680385                 0         6.8658708        -424.68073                 0         244.90483                 0                 0                 0                 0                 0                 0               250         27.647137	
         8.2883859        -3.9680385                 0         6.8658708        -424.68073                 0         244.90483                 0                 0                 0                 0                 0                 0               250         27.647137	
         8.2883859        -3.9680385                 0         6.8658708        -424.68073                 0         244.90483                 0                 0                 0                 0                 0                 0               250         27.647137	
         8.2883859        -3.9680385                 0         6.8658708        -424.68073                 0         244.90483                 0                 0                 0                 0                 0                 0               250         27.647137	
         8.2883859        -3.9680385                 0         6.8658708        -424.68073                 0         244.90483                 0                 0                 0                 0                 0                 0               250         27.647137	
         8.2883859        -3.9680385                 0         6.8658708        -424.68073                 0         244.90483                 0                 0                 0                 0                 0                 0               250         27.647137	
         8.2883859        -3.9680385                 0         6.8658708        -424.68073                 0         244.90483                 0                 0                 0                 0                 0                 0               250         27.647137	
          8.288386        -3.9680386                 0         6.8658708        -424.68073                 0         244.90483                 0                 0                 0                 0                 0                 0               250         27.647137	
         8.2883862        -3.9680388                 0         6.8658709        -424.68073                 0         244.90483                 0                 0                 0                 0                 0                 0               250         27.647138	
         8.2883879        -3.9680402                 0         6.8658718        -424.68073                 0         244.90483                 0                 0                 0                 0                 0                 0               250         27.647144	
         8.2883952        -3.9680465                 0         6.8658754        -424.68073                 0         244.90483                 0                 0                 0                 0                 0                 0               250         27.647168	
         8.2884479        -3.9680922                 0         6.8659018        -424.68073                 0         244.90483                 0                 0                 0                 0                 0                 0               250         27.647344	
         8.2888695        -3.9684574                 0         6.8661124        -424.68073                 0         244.90483                 0                 0                 0                 0                 0                 0               250          27.64875	
         8.2907432        -3.9700805                 0         6.8670484        -424.68073                 0         244.90483                 0                 0                 0                 0                 0                 0               250            27.655	
         8.2937411        -3.9726776                 0          6.868546        -424.68073                 0         244.90483                 0                 0                 0                 0                 0                 0               250            27.665	
