k1_m2,k2_m2,half_trace_x,half_trace_y,stable,qx_principal,qy_principal
-15.0,,-3.1051237145154404,8.089745349271514,False,,
-14.995,,-3.104189223505334,8.087159704810137,False,,
-14.99,,-3.1032546623786934,8.08457421300091,False,,
-14.985,,-3.102320031133342,8.081988873839428,False,,
-14.98,,-3.101385329767105,8.07940368732129,False,,
-14.975,,-3.1004505582778097,8.076818653442093,False,,
-14.97,,-3.099515716663281,8.074233772197433,False,,
-14.965,,-3.098580804921345,8.071649043582912,False,,
-14.96,,-3.097645823049826,8.06906446759412,False,,
-14.955,,-3.096710771046549,8.066480044226662,False,,
-14.95,,-3.095775648909342,8.063895773476133,False,,
-14.945,,-3.094840456636028,8.06131165533813,False,,
-14.94,,-3.093905194224434,8.058727689808254,False,,
-14.935,,-3.0929698616723833,8.056143876882102,False,,
-14.93,,-3.092034458977703,8.053560216555267,False,,
-14.925,,-3.091098986138217,8.050976708823356,False,,
-14.92,,-3.0901634431517504,8.048393353681961,False,,
-14.915,,-3.089227830016129,8.04581015112668,False,,
-14.91,,-3.088292146729178,8.043227101153118,False,,
-14.905,,-3.087356393288722,8.040644203756868,False,,
-14.9,,-3.086420569692587,8.03806145893353,False,,
-14.895,,-3.085484675938595,8.035478866678702,False,,
-14.89,,-3.0845487120245734,8.032896426987985,False,,
-14.885,,-3.0836126779483473,8.030314139856975,False,,
-14.88,,-3.08267657370774,8.027732005281276,False,,
-14.875,,-3.0817403993005774,8.02515002325648,False,,
-14.87,,-3.0808041547246825,8.02256819377819,False,,
-14.865,,-3.079867839977883,8.019986516842005,False,,
-14.86,,-3.0789314550580005,8.017404992443527,False,,
-14.855,,-3.077994999962862,8.014823620578351,False,,
-14.85,,-3.07705847469029,8.012242401242077,False,,
-14.845,,-3.0761218792381104,8.009661334430309,False,,
-14.84,,-3.075185213604147,8.007080420138639,False,,
-14.835,,-3.0742484777862247,8.004499658362676,False,,
-14.83,,-3.073311671782167,8.00191904909801,False,,
-14.825,,-3.0723747955897993,7.999338592340249,False,,
-14.82,,-3.071437849206945,7.996758288084989,False,,
-14.815,,-3.0705008326314296,7.994178136327832,False,,
-14.81,,-3.0695637458610756,7.991598137064376,False,,
-14.805,,-3.068626588893708,7.989018290290222,False,,
-14.8,,-3.0676893617271523,7.986438596000973,False,,
-14.795,,-3.06675206435923,7.983859054192223,False,,
-14.79,,-3.0658146967877675,7.98127966485958,False,,
-14.785,,-3.0648772590105873,7.978700427998639,False,,
-14.78,,-3.0639397510255133,7.976121343605003,False,,
-14.775,,-3.0630021728303705,7.9735424116742735,False,,
-14.77,,-3.0620645244229827,7.97096363220205,False,,
-14.765,,-3.0611268058011722,7.968385005183933,False,,
-14.76,,-3.060189016962765,7.965806530615523,False,,
-14.755,,-3.0592511579055826,7.9632282084924215,False,,
-14.75,,-3.0583132286274504,7.960650038810233,False,,
-14.745,,-3.057375229126191,7.958072021564554,False,,
-14.74,,-3.0564371593996285,7.955494156750989,False,,
-14.735,,-3.0554990194455867,7.952916444365136,False,,
-14.73,,-3.05456080926189,7.950338884402601,False,,
-14.725,,-3.0536225288463585,7.947761476858979,False,,
-14.72,,-3.05268417819682,7.945184221729881,False,,
-14.715,,-3.051745757311094,7.9426071190108996,False,,
-14.71,,-3.0508072661870074,7.940030168697642,False,,
-14.705,,-3.049868704822382,7.937453370785708,False,,
-14.7,,-3.0489300732150397,7.9348767252706995,False,,
-14.695,,-3.0479913713628055,7.932300232148219,False,,
-14.69,,-3.0470525992635027,7.92972389141387,False,,
-14.685,,-3.0461137569149526,7.927147703063252,False,,
-14.68,,-3.045174844314981,7.9245716670919695,False,,
-14.675,,-3.044235861461409,7.921995783495623,False,,
-14.67,,-3.0432968083520606,7.9194200522698175,False,,
-14.665,,-3.042357684984758,7.916844473410154,False,,
-14.66,,-3.0414184913573243,7.914269046912232,False,,
-14.655,,-3.040479227467583,7.91169377277166,False,,
-14.65,,-3.039539893313357,7.909118650984039,False,,
-14.645,,-3.0386004888924676,7.906543681544966,False,,
-14.64,,-3.03766101420274,7.903968864450054,False,,
-14.635,,-3.0367214692419955,7.901394199694899,False,,
-14.63,,-3.0357818540080563,7.898819687275105,False,,
-14.625,,-3.0348421684987468,7.8962453271862785,False,,
-14.62,,-3.0339024127118877,7.893671119424017,False,,
-14.615,,-3.0329625866453025,7.8910970639839295,False,,
-14.61,,-3.0320226902968135,7.888523160861617,False,,
-14.605,,-3.0310827236642446,7.8859494100526835,False,,
-14.6,,-3.0301426867454158,7.883375811552732,False,,
-14.595,,-3.0292025795381514,7.880802365357365,False,,
-14.59,,-3.028262402040272,7.878229071462188,False,,
-14.585,,-3.027322154249602,7.8756559298628055,False,,
-14.58,,-3.0263818361639627,7.873082940554822,False,,
-14.575,,-3.0254414477811755,7.870510103533835,False,,
-14.57,,-3.0245009890990637,7.867937418795459,False,,
-14.565,,-3.0235604601154495,7.865364886335291,False,,
-14.56,,-3.022619860828155,7.862792506148937,False,,
-14.555,,-3.0216791912350014,7.860220278232001,False,,
-14.55,,-3.020738451333812,7.857648202580089,False,,
-14.545,,-3.0197976411224063,7.8550762791888,False,,
-14.54,,-3.0188567605986085,7.852504508053746,False,,
-14.535,,-3.0179158097602414,7.849932889170528,False,,
-14.53,,-3.0169747886051237,7.847361422534751,False,,
-14.525,,-3.01603369713108,7.844790108142021,False,,
-14.52,,-3.0150925353359312,7.842218945987943,False,,
-14.515,,-3.014151303217498,7.83964793606812,False,,
-14.51,,-3.0132100007736033,7.837077078378156,False,,
-14.505,,-3.0122686280020687,7.834506372913662,False,,
-14.5,,-3.011327184900715,7.831935819670235,False,,
-14.495,,-3.010385671467364,7.829365418643487,False,,
-14.49,,-3.0094440876998387,7.826795169829023,False,,
-14.485,,-3.0085024335959587,7.824225073222443,False,,
-14.48,,-3.007560709153546,7.8216551288193585,False,,
-14.475,,-3.0066189143704216,7.819085336615371,False,,
-14.47,,-3.005677049244408,7.816515696606089,False,,
-14.465,,-3.004735113773325,7.813946208787119,False,,
-14.46,,-3.003793107954995,7.811376873154064,False,,
-14.455,,-3.00285103178724,7.80880768970253,False,,
-14.45,,-3.00190888526788,7.806238658428128,False,,
-14.445,,-3.0009666683947342,7.803669779326456,False,,
-14.44,,-3.0000243811656273,7.801101052393127,False,,
-14.435,,-2.9990820235783797,7.798532477623745,False,,
-14.43,,-2.99813959563081,7.795964055013917,False,,
-14.425,,-2.9971970973207425,7.79339578455925,False,,
-14.42,,-2.996254528645995,7.790827666255346,False,,
-14.415,,-2.9953118896043893,7.788259700097816,False,,
-14.41,,-2.9943691801937478,7.785691886082267,False,,
-14.405,,-2.993426400411889,7.783124224204304,False,,
-14.4,,-2.9924835502566354,7.780556714459534,False,,
-14.395,,-2.9915406297258063,7.777989356843564,False,,
-14.39,,-2.990597638817224,7.775422151352003,False,,
-14.385,,-2.9896545775287087,7.772855097980454,False,,
-14.38,,-2.9887114458580806,7.770288196724531,False,,
-14.375,,-2.98776824380316,7.767721447579834,False,,
-14.37,,-2.9868249713617674,7.765154850541974,False,,
-14.365,,-2.9858816285317245,7.762588405606557,False,,
-14.36,,-2.9849382153108497,7.760022112769194,False,,
-14.355,,-2.9839947316969653,7.757455972025488,False,,
-14.35,,-2.9830511776878907,7.75488998337105,False,,
-14.345,,-2.9821075532814465,7.752324146801486,False,,
-14.34,,-2.9811638584754525,7.749758462312405,False,,
-14.335,,-2.9802200932677296,7.7471929298994135,False,,
-14.33,,-2.979276257656097,7.744627549558122,False,,
-14.325,,-2.978332351638375,7.742062321284134,False,,
-14.32,,-2.9773883752123855,7.739497245073062,False,,
-14.315,,-2.9764443283759463,7.736932320920515,False,,
-14.31,,-2.975500211126879,7.7343675488221,False,,
-14.305,,-2.9745560234630015,7.731802928773421,False,,
-14.3,,-2.9736117653821363,7.729238460770093,False,,
-14.295,,-2.9726674368821002,7.726674144807719,False,,
-14.29,,-2.9717230379607162,7.724109980881913,False,,
-14.285,,-2.9707785686158026,7.721545968988282,False,,
-14.28,,-2.969834028845179,7.718982109122432,False,,
-14.275,,-2.9688894186466666,7.716418401279977,False,,
-14.27,,-2.9679447380180823,7.713854845456522,False,,
-14.265,,-2.9669999869572488,7.711291441647678,False,,
-14.26,,-2.966055165461982,7.70872818984905,False,,
-14.255,,-2.9651102735301054,7.706165090056255,False,,
-14.25,,-2.9641653111594364,7.703602142264896,False,,
-14.245,,-2.9632202783477934,7.7010393464705835,False,,
-14.24,,-2.9622751750929988,7.6984767026689305,False,,
-14.235,,-2.9613300013928705,7.695914210855543,False,,
-14.23,,-2.960384757245226,7.693351871026032,False,,
-14.225,,-2.959439442647887,7.690789683176006,False,,
-14.22,,-2.9584940575986725,7.688227647301078,False,,
-14.215,,-2.9575486020954016,7.685665763396855,False,,
-14.21,,-2.9566030761358926,7.683104031458948,False,,
-14.205,,-2.9556574797179636,7.680542451482964,False,,
-14.2,,-2.9547118128394367,7.677981023464518,False,,
-14.195,,-2.9537660754981294,7.67541974739922,False,,
-14.19,,-2.95282026769186,7.672858623282677,False,,
-14.185,,-2.9518743894184496,7.6702976511105,False,,
-14.18,,-2.950928440675714,7.667736830878303,False,,
-14.175,,-2.9499824214614745,7.665176162581693,False,,
-14.17,,-2.9490363317735486,7.662615646216282,False,,
-14.165,,-2.9480901716097563,7.660055281777682,False,,
-14.16,,-2.9471439409679148,7.657495069261499,False,,
-14.155,,-2.9461976398458454,7.654935008663349,False,,
-14.15,,-2.945251268241364,7.6523750999788405,False,,
-14.145,,-2.9443048261522886,7.649815343203585,False,,
-14.14,,-2.943358313576442,7.647255738333197,False,,
-14.135,,-2.942411730511638,7.644696285363283,False,,
-14.13,,-2.9414650769556987,7.642136984289456,False,,
-14.125,,-2.94051835290644,7.6395778351073265,False,,
-14.12,,-2.939571558361682,7.637018837812506,False,,
-14.115,,-2.938624693319243,7.634459992400609,False,,
-14.11,,-2.937677757776939,7.631901298867245,False,,
-14.105,,-2.9367307517325916,7.6293427572080255,False,,
-14.1,,-2.935783675184017,7.626784367418561,False,,
-14.095,,-2.9348365281290336,7.624226129494469,False,,
-14.09,,-2.93388931056546,7.621668043431354,False,,
-14.085,,-2.9329420224911145,7.619110109224833,False,,
-14.08,,-2.931994663903814,7.616552326870515,False,,
-14.075,,-2.931047234801377,7.6139946963640135,False,,
-14.07,,-2.9300997351816225,7.611437217700943,False,,
-14.065,,-2.9291521650423684,7.608879890876915,False,,
-14.06,,-2.9282045243814308,7.606322715887541,False,,
-14.055,,-2.9272568131966286,7.603765692728432,False,,
-14.05,,-2.92630903148578,7.601208821395202,False,,
-14.045,,-2.9253611792467016,7.5986521018834665,False,,
-14.04,,-2.924413256477213,7.596095534188833,False,,
-14.035,,-2.923465263175131,7.593539118306918,False,,
-14.03,,-2.922517199338272,7.590982854233333,False,,
-14.025,,-2.9215690649644555,7.588426741963694,False,,
-14.02,,-2.9206208600514985,7.585870781493609,False,,
-14.015,,-2.919672584597217,7.583314972818693,False,,
-14.01,,-2.918724238599431,7.5807593159345625,False,,
-14.005,,-2.9177758220559564,7.578203810836831,False,,
-14.0,,-2.916827334964611,7.575648457521105,False,,
-13.995,,-2.9158787773232113,7.573093255983004,False,,
-13.99,,-2.9149301491295754,7.57053820621814,False,,
-13.985,,-2.913981450381521,7.567983308222127,False,,
-13.98,,-2.913032681076865,7.565428561990579,False,,
-13.975,,-2.9120838412134225,7.562873967519108,False,,
-13.97,,-2.9111349307890144,7.560319524803333,False,,
-13.965,,-2.9101859498014564,7.557765233838861,False,,
-13.96,,-2.9092368982485652,7.5552110946213125,False,,
-13.955,,-2.908287776128155,7.552657107146295,False,,
-13.95,,-2.907338583438047,7.550103271409428,False,,
-13.945,,-2.906389320176057,7.547549587406328,False,,
-13.94,,-2.905439986340001,7.544996055132601,False,,
-13.935,,-2.9044905819276967,7.542442674583871,False,,
-13.93,,-2.9035411069369603,7.539889445755744,False,,
-13.925,,-2.9025915613656084,7.537336368643839,False,,
-13.92,,-2.901641945211458,7.53478344324377,False,,
-13.915,,-2.9006922584723265,7.5322306695511525,False,,
-13.91,,-2.8997425011460303,7.529678047561605,False,,
-13.905,,-2.8987926732303846,7.527125577270734,False,,
-13.9,,-2.897842774723207,7.524573258674161,False,,
-13.895,,-2.896892805622314,7.5220210917675,False,,
-13.89,,-2.8959427659255224,7.519469076546365,False,,
-13.885,,-2.894992655630647,7.516917213006369,False,,
-13.879999999999999,,-2.894042474735506,7.514365501143136,False,,
-13.875,,-2.8930922232379155,7.511813940952273,False,,
-13.87,,-2.892141901135691,7.509262532429398,False,,
-13.865,,-2.8911915084266493,7.506711275570129,False,,
-13.86,,-2.8902410451086067,7.504160170370079,False,,
-13.855,,-2.8892905111793796,7.501609216824865,False,,
-13.85,,-2.888339906636782,7.499058414930101,False,,
-13.845,,-2.887389231478634,7.4965077646814064,False,,
-13.84,,-2.8864384857027465,7.4939572660743945,False,,
-13.835,,-2.88548766930694,7.4914069191046835,False,,
-13.83,,-2.884536782289029,7.4888567237678885,False,,
-13.825,,-2.883585824646828,7.486306680059625,False,,
-13.82,,-2.8826347963781545,7.48375678797551,False,,
-13.815,,-2.8816836974808235,7.4812070475111625,False,,
-13.81,,-2.8807325279526514,7.478657458662196,False,,
-13.805,,-2.879781287791454,7.476108021424227,False,,
-13.8,,-2.878829976995047,7.473558735792874,False,,
-13.795,,-2.8778785955612456,7.471009601763752,False,,
-13.79,,-2.8769271434878645,7.468460619332481,False,,
-13.785,,-2.8759756207727216,7.465911788494674,False,,
-13.78,,-2.8750240274136303,7.46336310924595,False,,
-13.775,,-2.8740723634084078,7.4608145815819285,False,,
-13.77,,-2.873120628754868,7.458266205498223,False,,
-13.765,,-2.872168823450827,7.4557179809904515,False,,
-13.76,,-2.8712169474941005,7.4531699080542335,False,,
-13.754999999999999,,-2.870265000882503,7.450621986685183,False,,
-13.75,,-2.8693129836138516,7.448074216878922,False,,
-13.745,,-2.868360895685959,7.445526598631065,False,,
-13.74,,-2.8674087370966417,7.4429791319372285,False,,
-13.735,,-2.8664565078437154,7.4404318167930334,False,,
-13.73,,-2.865504207924994,7.4378846531940965,False,,
-13.725,,-2.8645518373382943,7.435337641136038,False,,
-13.72,,-2.8635993960814288,7.4327907806144715,False,,
-13.715,,-2.8626468841522135,7.430244071625017,False,,
-13.71,,-2.8616943015484657,7.4276975141632935,False,,
-13.705,,-2.8607416482679975,7.425151108224919,False,,
-13.7,,-2.8597889243086243,7.422604853805511,False,,
-13.695,,-2.8588361296681617,7.420058750900689,False,,
-13.69,,-2.857883264344422,7.417512799506069,False,,
-13.685,,-2.856930328335224,7.414966999617274,False,,
-13.68,,-2.8559773216383793,7.41242135122992,False,,
-13.675,,-2.8550242442517044,7.409875854339626,False,,
-13.67,,-2.854071096173013,7.407330508942012,False,,
-13.665,,-2.853117877400119,7.404785315032694,False,,
-13.66,,-2.8521645879308375,7.402240272607292,False,,
-13.655,,-2.8512112277629837,7.399695381661431,False,,
-13.65,,-2.850257796894372,7.397150642190722,False,,
-13.645,,-2.8493042953228143,7.3946060541907865,False,,
-13.64,,-2.848350723046128,7.392061617657248,False,,
-13.635,,-2.8473970800621276,7.38951733258572,False,,
-13.629999999999999,,-2.846443366368624,7.386973198971827,False,,
-13.625,,-2.8454895819634345,7.384429216811185,False,,
-13.62,,-2.8445357268443727,7.381885386099416,False,,
-13.615,,-2.843581801009252,7.37934170683214,False,,
-13.61,,-2.842627804455886,7.376798179004975,False,,
-13.605,,-2.8416737371820906,7.374254802613541,False,,
-13.6,,-2.840719599185679,7.371711577653459,False,,
-13.595,,-2.839765390464464,7.369168504120349,False,,
-13.59,,-2.838811111016261,7.366625582009831,False,,
-13.585,,-2.837856760838883,7.364082811317525,False,,
-13.58,,-2.836902339930144,7.361540192039049,False,,
-13.575,,-2.8359478482878586,7.358997724170029,False,,
-13.57,,-2.8349932859098406,7.356455407706084,False,,
-13.565,,-2.834038652793902,7.353913242642832,False,,
-13.56,,-2.8330839489378583,7.351371228975893,False,,
-13.555,,-2.832129174339522,7.348829366700892,False,,
-13.55,,-2.831174328996707,7.346287655813445,False,,
-13.545,,-2.830219412907228,7.343746096309177,False,,
-13.54,,-2.829264426068896,7.341204688183705,False,,
-13.535,,-2.8283093684795277,7.338663431432655,False,,
-13.53,,-2.827354240136933,7.336122326051643,False,,
-13.525,,-2.826399041038928,7.333581372036296,False,,
-13.52,,-2.8254437711833242,7.331040569382228,False,,
-13.515,,-2.824488430567936,7.3284999180850665,False,,
-13.51,,-2.8235330191905774,7.325959418140432,False,,
-13.504999999999999,,-2.82257753704906,7.323419069543942,False,,
-13.5,,-2.8216219841411982,7.320878872291225,False,,
-13.495,,-2.8206663604648043,7.318338826377897,False,,
-13.49,,-2.819710666017692,7.315798931799581,False,,
-13.485,,-2.818754900797673,7.3132591885519,False,,
-13.48,,-2.8177990648025615,7.310719596630474,False,,
-13.475,,-2.8168431580301707,7.308180156030929,False,,
-13.47,,-2.815887180478313,7.305640866748885,False,,
-13.465,,-2.8149311321448014,7.303101728779962,False,,
-13.46,,-2.813975013027448,7.300562742119785,False,,
-13.455,,-2.813018823124067,7.298023906763976,False,,
-13.45,,-2.8120625624324695,7.295485222708156,False,,
-13.445,,-2.8111062309504704,7.292946689947952,False,,
-13.44,,-2.81014982867588,7.290408308478979,False,,
-13.435,,-2.8091933556065127,7.2878700782968675,False,,
-13.43,,-2.80823681174018,7.2853319993972345,False,,
-13.425,,-2.807280197074695,7.282794071775706,False,,
-13.42,,-2.8063235116078697,7.280256295427904,False,,
-13.415,,-2.805366755337517,7.277718670349449,False,,
-13.41,,-2.8044099282614487,7.275181196535973,False,,
-13.405,,-2.8034530303774785,7.272643873983088,False,,
-13.4,,-2.802496061683417,7.270106702686427,False,,
-13.395,,-2.801539022177078,7.267569682641604,False,,
-13.39,,-2.8005819118562734,7.265032813844249,False,,
-13.385,,-2.799624730718814,7.262496096289983,False,,
-13.379999999999999,,-2.798667478762513,7.259959529974431,False,,
-13.375,,-2.7977101559851842,7.257423114893216,False,,
-13.37,,-2.796752762384637,7.254886851041963,False,,
-13.365,,-2.7957952979586844,7.252350738416293,False,,
-13.36,,-2.7948377627051384,7.2498147770118315,False,,
-13.355,,-2.793880156621811,7.247278966824204,False,,
-13.35,,-2.7929224797065144,7.24474330784903,False,,
-13.345,,-2.7919647319570595,7.242207800081939,False,,
-13.34,,-2.791006913371259,7.239672443518554,False,,
-13.335,,-2.790049023946925,7.237137238154498,False,,
-13.33,,-2.7890910636818687,7.234602183985395,False,,
-13.325,,-2.788133032573901,7.23206728100687,False,,
-13.32,,-2.787174930620835,7.22953252921455,False,,
-13.315,,-2.7862167578204815,7.2269979286040575,False,,
-13.31,,-2.7852585141706516,7.224463479171018,False,,
-13.305,,-2.7843001996691576,7.221929180911053,False,,
-13.3,,-2.783341814313812,7.219395033819794,False,,
-13.295,,-2.7823833581024227,7.216861037892858,False,,
-13.29,,-2.7814248310328056,7.214327193125877,False,,
-13.285,,-2.7804662331027687,7.2117934995144735,False,,
-13.28,,-2.7795075643101255,7.2092599570542735,False,,
-13.275,,-2.7785488246526855,7.206726565740899,False,,
-13.27,,-2.7775900141282603,7.204193325569981,False,,
-13.265,,-2.7766311327346624,7.20166023653714,False,,
-13.26,,-2.775672180469702,7.199127298638004,False,,
-13.254999999999999,,-2.774713157331189,7.196594511868198,False,,
-13.25,,-2.773754063316937,7.194061876223348,False,,
-13.245,,-2.7727948984247552,7.191529391699081,False,,
-13.24,,-2.771835662652455,7.188997058291022,False,,
-13.235,,-2.7708763559978475,7.186464875994796,False,,
-13.23,,-2.769916978458744,7.183932844806029,False,,
-13.225,,-2.768957530032954,7.181400964720346,False,,
-13.22,,-2.7679980107182898,7.17886923573338,False,,
-13.215,,-2.767038420512561,7.176337657840751,False,,
-13.21,,-2.7660787594135794,7.173806231038087,False,,
-13.205,,-2.7651190274191544,7.171274955321014,False,,
-13.2,,-2.7641592245270967,7.168743830685159,False,,
-13.195,,-2.7631993507352197,7.1662128571261485,False,,
-13.19,,-2.7622394060413296,7.163682034639608,False,,
-13.185,,-2.7612793904432404,7.161151363221167,False,,
-13.18,,-2.7603193039387612,7.158620842866452,False,,
-13.175,,-2.7593591465257026,7.156090473571089,False,,
-13.17,,-2.758398918201874,7.153560255330704,False,,
-13.165,,-2.757438618965087,7.151030188140924,False,,
-13.16,,-2.756478248813152,7.148500271997379,False,,
-13.155,,-2.7555178077438773,7.145970506895695,False,,
-13.15,,-2.7545572957550757,7.143440892831499,False,,
-13.145,,-2.7535967128445566,7.140911429800418,False,,
-13.14,,-2.752636059010129,7.13838211779808,False,,
-13.135,,-2.7516753342496036,7.135852956820111,False,,
-13.129999999999999,,-2.750714538560791,7.133323946862143,False,,
-13.125,,-2.7497536719415008,7.130795087919802,False,,
-13.12,,-2.748792734389543,7.128266379988714,False,,
-13.115,,-2.747831725902728,7.12573782306451,False,,
-13.11,,-2.7468706464788637,7.123209417142813,False,,
-13.105,,-2.745909496115762,7.120681162219256,False,,
-13.1,,-2.744948274811233,7.118153058289463,False,,
-13.095,,-2.7439869825630847,7.115625105349068,False,,
-13.09,,-2.7430256193691274,7.113097303393694,False,,
-13.085,,-2.7420641852271714,7.110569652418972,False,,
-13.08,,-2.7411026801350262,7.108042152420531,False,,
-13.075,,-2.740141104090501,7.105514803393997,False,,
-13.07,,-2.7391794570914048,7.1029876053350005,False,,
-13.065,,-2.738217739135548,7.100460558239172,False,,
-13.06,,-2.7372559502207396,7.097933662102138,False,,
-13.055,,-2.736294090344789,7.0954069169195275,False,,
-13.05,,-2.735332159505506,7.09288032268697,False,,
-13.045,,-2.7343701577007007,7.090353879400093,False,,
-13.04,,-2.73340808492818,7.087827587054528,False,,
-13.035,,-2.7324459411857545,7.085301445645904,False,,
-13.03,,-2.731483726471234,7.08277545516985,False,,
-13.025,,-2.730521440782427,7.080249615621995,False,,
-13.02,,-2.7295590841171427,7.077723926997969,False,,
-13.015,,-2.728596656473189,7.075198389293401,False,,
-13.01,,-2.727634157848378,7.072673002503921,False,,
-13.004999999999999,,-2.7266715882405155,7.070147766625158,False,,
-13.0,,-2.7257089476474112,7.067622681652745,False,,
-12.995000000000001,,-2.724746236066876,7.065097747582309,False,,
-12.99,,-2.723783453496716,7.06257296440948,False,,
-12.985,,-2.7228205999347423,7.060048332129888,False,,
-12.98,,-2.7218576753787618,7.057523850739164,False,,
-12.975,,-2.720894679826584,7.054999520232936,False,,
-12.969999999999999,,-2.7199316132760183,7.052475340606842,False,,
-12.965,,-2.718968475724872,7.049951311856502,False,,
-12.96,,-2.7180052671709545,7.047427433977553,False,,
-12.955,,-2.717041987612075,7.044903706965623,False,,
-12.95,,-2.7160786370460404,7.042380130816342,False,,
-12.945,,-2.7151152154706613,7.039856705525346,False,,
-12.94,,-2.7141517228837433,7.0373334310882605,False,,
-12.935,,-2.713188159283099,7.03481030750072,False,,
-12.93,,-2.7122245246665315,7.032287334758351,False,,
-12.925,,-2.711260819031853,7.0297645128567865,False,,
-12.92,,-2.7102970423768706,7.027241841791659,False,,
-12.915,,-2.7093331946993913,7.024719321558598,False,,
-12.91,,-2.7083692759972253,7.022196952153237,False,,
-12.905,,-2.7074052862681803,7.019674733571204,False,,
-12.9,,-2.706441225510063,7.017152665808136,False,,
-12.895,,-2.705477093720684,7.014630748859659,False,,
-12.89,,-2.704512890897849,7.012108982721409,False,,
-12.885,,-2.703548617039366,7.009587367389013,False,,
-12.879999999999999,,-2.702584272143044,7.007065902858104,False,,
-12.875,,-2.7016198562066904,7.0045445891243165,False,,
-12.870000000000001,,-2.700655369228114,7.002023426183284,False,,
-12.865,,-2.699690811205121,6.999502414030632,False,,
-12.86,,-2.6987261821355206,6.996981552661997,False,,
-12.855,,-2.6977614820171203,6.994460842073011,False,,
-12.85,,-2.696796710847726,6.991940282259305,False,,
-12.844999999999999,,-2.695831868625147,6.989419873216512,False,,
-12.84,,-2.694866955347192,6.986899614940269,False,,
-12.835,,-2.693901971011665,6.9843795074262,False,,
-12.83,,-2.692936915616377,6.981859550669942,False,,
-12.825,,-2.6919717891591333,6.979339744667128,False,,
-12.82,,-2.6910065916377435,6.976820089413392,False,,
-12.815,,-2.6900413230500124,6.974300584904363,False,,
-12.81,,-2.6890759833937494,6.971781231135676,False,,
-12.805,,-2.6881105726667593,6.969262028102964,False,,
-12.8,,-2.687145090866852,6.966742975801861,False,,
-12.795,,-2.6861795379918334,6.964224074227998,False,,
-12.79,,-2.685213914039511,6.961705323377012,False,,
-12.785,,-2.684248219007693,6.9591867232445335,False,,
-12.78,,-2.683282452894184,6.956668273826196,False,,
-12.775,,-2.6823166156967932,6.954149975117634,False,,
-12.77,,-2.6813507074133263,6.951631827114477,False,,
-12.765,,-2.6803847280415907,6.949113829812367,False,,
-12.76,,-2.6794186775793936,6.9465959832069295,False,,
-12.754999999999999,,-2.6784525560245416,6.944078287293806,False,,
-12.75,,-2.6774863633748422,6.941560742068623,False,,
-12.745000000000001,,-2.6765200996281013,6.93904334752702,False,,
-12.74,,-2.6755537647821255,6.936526103664628,False,,
-12.735,,-2.674587358834721,6.934009010477078,False,,
-12.73,,-2.6736208817836964,6.931492067960015,False,,
-12.725,,-2.6726543336268573,6.928975276109062,False,,
-12.719999999999999,,-2.67168771436201,6.92645863491986,False,,
-12.715,,-2.670721023986962,6.923942144388041,False,,
-12.71,,-2.6697542624995183,6.9214258045092425,False,,
-12.705,,-2.6687874298974865,6.918909615279094,False,,
-12.7,,-2.667820526178673,6.916393576693235,False,,
-12.695,,-2.666853551340883,6.913877688747297,False,,
-12.69,,-2.6658865053819234,6.911361951436916,False,,
-12.685,,-2.6649193882996016,6.9088463647577285,False,,
-12.68,,-2.663952200091722,6.906330928705366,False,,
-12.675,,-2.6629849407560933,6.90381564327547,False,,
-12.67,,-2.662017610290518,6.9013005084636685,False,,
-12.665,,-2.6610502086928056,6.898785524265602,False,,
-12.66,,-2.660082735960761,6.896270690676902,False,,
-12.655,,-2.6591151920921896,6.893756007693206,False,,
-12.65,,-2.6581475770848986,6.891241475310153,False,,
-12.645,,-2.657179890936692,6.8887270935233715,False,,
-12.64,,-2.6562121336453774,6.886212862328502,False,,
-12.635,,-2.65524430520876,6.883698781721179,False,,
-12.629999999999999,,-2.654276405624646,6.881184851697039,False,,
-12.625,,-2.6533084348908416,6.878671072251718,False,,
-12.620000000000001,,-2.652340393005151,6.876157443380851,False,,
-12.615,,-2.651372279965381,6.873643965080074,False,,
-12.61,,-2.6504040957693373,6.871130637345026,False,,
-12.605,,-2.6494358404148244,6.86861746017134,False,,
-12.6,,-2.64846751389965,6.8661044335546535,False,,
-12.594999999999999,,-2.6474991162216166,6.863591557490603,False,,
-12.59,,-2.6465306473785333,6.861078831974826,False,,
-12.585,,-2.6455621073682023,6.858566257002958,False,,
-12.58,,-2.6445934961884294,6.856053832570634,False,,
-12.575,,-2.6436248138370226,6.853541558673495,False,,
-12.57,,-2.6426560603117855,6.851029435307176,False,,
-12.565,,-2.641687235610522,6.848517462467312,False,,
-12.56,,-2.6407183397310394,6.84600564014954,False,,
-12.555,,-2.639749372671141,6.843493968349502,False,,
-12.55,,-2.6387803344286347,6.840982447062833,False,,
-12.545,,-2.6378112250013226,6.838471076285165,False,,
-12.54,,-2.636842044387012,6.835959856012144,False,,
-12.535,,-2.6358727925835064,6.8334487862393996,False,,
-12.53,,-2.634903469588611,6.830937866962573,False,,
-12.525,,-2.6339340754001315,6.828427098177302,False,,
-12.52,,-2.632964610015873,6.825916479879226,False,,
-12.515,,-2.6319950734336395,6.823406012063979,False,,
-12.51,,-2.631025465651235,6.820895694727199,False,,
-12.504999999999999,,-2.630055786666466,6.818385527864526,False,,
-12.5,,-2.629086036477136,6.815875511471598,False,,
-12.495000000000001,,-2.6281162150810515,6.813365645544053,False,,
-12.49,,-2.6271463224760137,6.810855930077527,False,,
-12.485,,-2.62617635865983,6.808346365067661,False,,
-12.48,,-2.625206323630305,6.805836950510095,False,,
-12.475,,-2.624236217385242,6.8033276864004595,False,,
-12.469999999999999,,-2.623266039922445,6.8008185727344,False,,
-12.465,,-2.6222957912397202,6.7983096095075535,False,,
-12.46,,-2.6213254713348717,6.795800796715562,False,,
-12.455,,-2.6203550802057016,6.793292134354056,False,,
-12.45,,-2.6193846178500166,6.790783622418681,False,,
-12.445,,-2.61841408426562,6.788275260905074,False,,
-12.44,,-2.6174434794503156,6.785767049808873,False,,
-12.435,,-2.6164728034019094,6.78325898912572,False,,
-12.43,,-2.6155020561182027,6.7807510788512495,False,,
-12.425,,-2.6145312375970016,6.778243318981104,False,,
-12.42,,-2.6135603478361107,6.775735709510925,False,,
-12.415,,-2.6125893868333305,6.773228250436347,False,,
-12.41,,-2.61161835458647,6.770720941753012,False,,
-12.405,,-2.610647251093329,6.7682137834565586,False,,
-12.4,,-2.6096760763517124,6.765706775542626,False,,
-12.395,,-2.608704830359425,6.763199918006857,False,,
-12.39,,-2.6077335131142707,6.760693210844888,False,,
-12.385,,-2.6067621246140504,6.758186654052361,False,,
-12.379999999999999,,-2.6057906648565723,6.755680247624916,False,,
-12.375,,-2.6048191338396367,6.7531739915581905,False,,
-12.370000000000001,,-2.6038475315610494,6.75066788584783,False,,
-12.365,,-2.602875858018611,6.748161930489468,False,,
-12.36,,-2.6019041132101277,6.745656125478746,False,,
-12.355,,-2.6009322971334017,6.74315047081131,False,,
-12.35,,-2.599960409786237,6.740644966482797,False,,
-12.344999999999999,,-2.598988451166437,6.738139612488846,False,,
-12.34,,-2.5980164212718053,6.735634408825099,False,,
-12.335,,-2.5970443201001445,6.733129355487197,False,,
-12.33,,-2.5960721476492576,6.730624452470781,False,,
-12.325,,-2.5950999039169487,6.728119699771489,False,,
-12.32,,-2.5941275889010216,6.725615097384967,False,,
-12.315,,-2.5931552025992772,6.723110645306852,False,,
-12.31,,-2.5921827450095205,6.720606343532788,False,,
-12.305,,-2.5912102161295545,6.718102192058413,False,,
-12.3,,-2.5902376159571814,6.715598190879371,False,,
-12.295,,-2.5892649444902043,6.713094339991302,False,,
-12.29,,-2.588292201726426,6.710590639389846,False,,
-12.285,,-2.5873193876636504,6.708087089070647,False,,
-12.28,,-2.586346502299679,6.705583689029346,False,,
-12.275,,-2.585373545632316,6.703080439261587,False,,
-12.27,,-2.584400517659363,6.700577339763009,False,,
-12.265,,-2.5834274183786237,6.6980743905292535,False,,
-12.26,,-2.5824542477879,6.695571591555961,False,,
-12.254999999999999,,-2.581481005884994,6.693068942838777,False,,
-12.25,,-2.5805076926677106,6.690566444373344,False,,
-12.245000000000001,,-2.5795343081338498,6.6880640961553,False,,
-12.24,,-2.5785608522812153,6.685561898180291,False,,
-12.235,,-2.5775873251076087,6.683059850443957,False,,
-12.23,,-2.5766137266108347,6.6805579529419425,False,,
-12.225,,-2.575640056788693,6.67805620566989,False,,
-12.219999999999999,,-2.5746663156389875,6.675554608623438,False,,
-12.215,,-2.5736925031595197,6.6730531617982365,False,,
-12.21,,-2.572718619348092,6.670551865189921,False,,
-12.205,,-2.5717446642025075,6.668050718794138,False,,
-12.2,,-2.5707706377205675,6.665549722606528,False,,
-12.195,,-2.5697965399000733,6.663048876622739,False,,
-12.19,,-2.56882237073883,6.660548180838408,False,,
-12.185,,-2.5678481302346365,6.658047635249185,False,,
-12.18,,-2.5668738183852966,6.655547239850706,False,,
-12.175,,-2.5658994351886104,6.653046994638618,False,,
-12.17,,-2.564924980642381,6.650546899608564,False,,
-12.165,,-2.563950454744411,6.648046954756187,False,,
-12.16,,-2.5629758574925012,6.645547160077131,False,,
-12.155,,-2.562001188884455,6.643047515567041,False,,
-12.15,,-2.5610264489180725,6.640548021221559,False,,
-12.145,,-2.5600516375911546,6.638048677036328,False,,
-12.14,,-2.559076754901505,6.635549483006994,False,,
-12.135,,-2.5581018008469236,6.6330504391292,False,,
-12.129999999999999,,-2.557126775425213,6.630551545398588,False,,
-12.125,,-2.5561516786341754,6.628052801810808,False,,
-12.120000000000001,,-2.555176510471612,6.6255542083615,False,,
-12.115,,-2.554201270935322,6.623055765046306,False,,
-12.11,,-2.553225960023109,6.6205574718608755,False,,
-12.105,,-2.5522505777327744,6.61805932880085,False,,
-12.1,,-2.5512751240621174,6.615561335861875,False,,
-12.094999999999999,,-2.550299599008942,6.6130634930395935,False,,
-12.09,,-2.5493240025710495,6.610565800329653,False,,
-12.085,,-2.5483483347462386,6.608068257727698,False,,
-12.08,,-2.5473725955323125,6.605570865229369,False,,
-12.075,,-2.5463967849270706,6.6030736228303155,False,,
-12.07,,-2.5454209029283152,6.6005765305261805,False,,
-12.065,,-2.5444449495338484,6.598079588312611,False,,
-12.06,,-2.543468924741469,6.595582796185251,False,,
-12.055,,-2.542492828548978,6.593086154139746,False,,
-12.05,,-2.5415166609541773,6.590589662171741,False,,
-12.045,,-2.5405404219548684,6.588093320276881,False,,
-12.04,,-2.5395641115488496,6.585597128450813,False,,
-12.035,,-2.5385877297339254,6.583101086689181,False,,
-12.03,,-2.537611276507894,6.580605194987632,False,,
-12.025,,-2.536634751868556,6.578109453341811,False,,
-12.02,,-2.5356581558137123,6.575613861747364,False,,
-12.015,,-2.534681488341165,6.573118420199936,False,,
-12.01,,-2.533704749448712,6.570623128695175,False,,
-12.004999999999999,,-2.532727939134156,6.568127987228725,False,,
-12.0,,-2.5317510573952964,6.565632995796234,False,,
-11.995000000000001,,-2.530774104229936,6.563138154393349,False,,
-11.99,,-2.5297970796358706,6.5606434630157136,False,,
-11.985,,-2.528819983610904,6.558148921658978,False,,
-11.98,,-2.5278428161528357,6.555654530318783,False,,
-11.975,,-2.5268655772594655,6.553160288990779,False,,
-11.969999999999999,,-2.525888266928594,6.550666197670612,False,,
-11.965,,-2.5249108851580218,6.548172256353929,False,,
-11.96,,-2.523933431945549,6.545678465036378,False,,
-11.955,,-2.522955907288975,6.543184823713604,False,,
-11.95,,-2.5219783111861003,6.540691332381254,False,,
-11.945,,-2.5210006436347245,6.538197991034975,False,,
-11.94,,-2.520022904632648,6.535704799670416,False,,
-11.935,,-2.5190450941776703,6.533211758283224,False,,
-11.93,,-2.5180672122675913,6.530718866869043,False,,
-11.925,,-2.517089258900212,6.528226125423524,False,,
-11.92,,-2.516111234073331,6.525733533942312,False,,
-11.915,,-2.515133137784748,6.523241092421059,False,,
-11.91,,-2.514154970032263,6.520748800855408,False,,
-11.905,,-2.513176730813676,6.518256659241008,False,,
-11.9,,-2.512198420126785,6.515764667573505,False,,
-11.895,,-2.5112200379693927,6.513272825848551,False,,
-11.89,,-2.5102415843392962,6.5107811340617925,False,,
-11.885,,-2.5092630592342964,6.508289592208875,False,,
-11.879999999999999,,-2.508284462652191,6.505798200285451,False,,
-11.875,,-2.5073057945907813,6.503306958287164,False,,
-11.870000000000001,,-2.5063270550478656,6.500815866209666,False,,
-11.865,,-2.505348244021243,6.498324924048603,False,,
-11.86,,-2.5043693615087133,6.495834131799626,False,,
-11.855,,-2.503390407508075,6.493343489458381,False,,
-11.85,,-2.502411382017129,6.490852997020518,False,,
-11.844999999999999,,-2.5014322850336734,6.4883626544816835,False,,
-11.84,,-2.500453116555507,6.4858724618375305,False,,
-11.835,,-2.4994738765804287,6.483382419083705,False,,
-11.83,,-2.498494565106239,6.480892526215856,False,,
-11.825,,-2.4975151821307353,6.478402783229633,False,,
-11.82,,-2.4965357276517173,6.475913190120684,False,,
-11.815,,-2.495556201666984,6.473423746884661,False,,
-11.81,,-2.494576604174335,6.470934453517213,False,,
-11.805,,-2.493596935171567,6.468445310013987,False,,
-11.8,,-2.4926171946564804,6.465956316370631,False,,
-11.795,,-2.491637382626873,6.463467472582799,False,,
-11.79,,-2.490657499080544,6.460978778646137,False,,
-11.785,,-2.4896775440152927,6.458490234556298,False,,
-11.78,,-2.488697517428916,6.456001840308929,False,,
-11.775,,-2.4877174193192158,6.4535135958996825,False,,
-11.77,,-2.4867372496839852,6.451025501324205,False,,
-11.765,,-2.485757008521028,6.448537556578149,False,,
-11.76,,-2.48477669582814,6.446049761657163,False,,
-11.754999999999999,,-2.4837963116031196,6.443562116556899,False,,
-11.75,,-2.482815855843766,6.441074621273005,False,,
-11.745000000000001,,-2.481835328547877,6.438587275801135,False,,
-11.74,,-2.4808547297132515,6.436100080136935,False,,
-11.735,,-2.4798740593376865,6.433613034276059,False,,
-11.73,,-2.478893317418981,6.431126138214156,False,,
-11.725,,-2.477912503954933,6.428639391946875,False,,
-11.719999999999999,,-2.47693161894334,6.426152795469868,False,,
-11.715,,-2.4759506623820022,6.423666348778791,False,,
-11.71,,-2.474969634268715,6.421180051869287,False,,
-11.705,,-2.473988534601278,6.418693904737012,False,,
-11.7,,-2.473007363377489,6.416207907377613,False,,
-11.695,,-2.472026120595144,6.413722059786745,False,,
-11.69,,-2.471044806252044,6.411236361960058,False,,
-11.685,,-2.4700634203459844,6.408750813893203,False,,
-11.68,,-2.469081962874764,6.4062654155818315,False,,
-11.675,,-2.468100433836179,6.403780167021594,False,,
-11.67,,-2.46711883322803,6.401295068208146,False,,
-11.665,,-2.4661371610481115,6.398810119137131,False,,
-11.66,,-2.4651554172942234,6.396325319804211,False,,
-11.655,,-2.4641736019641627,6.39384067020503,False,,
-11.65,,-2.463191715055726,6.391356170335245,False,,
-11.645,,-2.462209756566711,6.388871820190503,False,,
-11.64,,-2.461227726494916,6.3863876197664595,False,,
-11.635,,-2.4602456248381377,6.383903569058766,False,,
-11.629999999999999,,-2.4592634515941727,6.381419668063074,False,,
-11.625,,-2.4582812067608204,6.378935916775037,False,,
-11.620000000000001,,-2.4572988903358772,6.376452315190308,False,,
-11.615,,-2.4563165023171383,6.373968863304535,False,,
-11.61,,-2.455334042702403,6.371485561113374,False,,
-11.605,,-2.4543515114894685,6.369002408612479,False,,
-11.6,,-2.4533689086761306,6.366519405797501,False,,
-11.594999999999999,,-2.452386234260187,6.364036552664091,False,,
-11.59,,-2.4514034882394355,6.361553849207906,False,,
-11.585,,-2.450420670611672,6.359071295424596,False,,
-11.58,,-2.4494377813746935,6.356588891309814,False,,
-11.575,,-2.4484548205262966,6.354106636859212,False,,
-11.57,,-2.447471788064279,6.351624532068447,False,,
-11.565,,-2.446488683986437,6.34914257693317,False,,
-11.56,,-2.4455055082905677,6.346660771449036,False,,
-11.555,,-2.444522260974467,6.344179115611695,False,,
-11.55,,-2.443538942035932,6.341697609416803,False,,
-11.545,,-2.44255555147276,6.339216252860013,False,,
-11.54,,-2.4415720892827464,6.3367350459369804,False,,
-11.535,,-2.4405885554636892,6.334253988643356,False,,
-11.53,,-2.4396049500133827,6.331773080974793,False,,
-11.525,,-2.438621272929625,6.3292923229269515,False,,
-11.52,,-2.4376375242102126,6.326811714495479,False,,
-11.515,,-2.436653703852941,6.324331255676034,False,,
-11.51,,-2.4356698118556057,6.321850946464266,False,,
-11.504999999999999,,-2.4346858482160054,6.319370786855831,False,,
-11.5,,-2.433701812931935,6.316890776846387,False,,
-11.495000000000001,,-2.432717706001191,6.314410916431585,False,,
-11.49,,-2.431733527421568,6.311931205607079,False,,
-11.485,,-2.4307492771908645,6.309451644368526,False,,
-11.48,,-2.4297649553068754,6.306972232711578,False,,
-11.475,,-2.4287805617673968,6.304492970631893,False,,
-11.469999999999999,,-2.4277960965702245,6.302013858125122,False,,
-11.465,,-2.4268115597131548,6.299534895186923,False,,
-11.46,,-2.425826951193984,6.29705608181295,False,,
-11.455,,-2.4248422710105064,6.294577417998857,False,,
-11.45,,-2.4238575191605185,6.292098903740301,False,,
-11.445,,-2.422872695641816,6.289620539032935,False,,
-11.44,,-2.421887800452196,6.287142323872416,False,,
-11.435,,-2.4209028335894525,6.2846642582544,False,,
-11.43,,-2.419917795051382,6.2821863421745405,False,,
-11.425,,-2.418932684835781,6.279708575628495,False,,
-11.42,,-2.417947502940442,6.277230958611917,False,,
-11.415,,-2.416962249363163,6.274753491120463,False,,
-11.41,,-2.415976924101739,6.272276173149792,False,,
-11.405,,-2.4149915271539646,6.269799004695554,False,,
-11.4,,-2.4140060585176375,6.2673219857534095,False,,
-11.395,,-2.4130205181905495,6.264845116319011,False,,
-11.39,,-2.4120349061704998,6.26236839638802,False,,
-11.385,,-2.4110492224552798,6.259891825956087,False,,
-11.379999999999999,,-2.4100634670426873,6.257415405018871,False,,
-11.375,,-2.4090776399305174,6.254939133572028,False,,
-11.370000000000001,,-2.4080917411165643,6.252463011611216,False,,
-11.365,,-2.4071057705986227,6.2499870391320895,False,,
-11.36,,-2.406119728374488,6.247511216130304,False,,
-11.355,,-2.405133614441957,6.245035542601521,False,,
-11.35,,-2.4041474287988223,6.242560018541391,False,,
-11.344999999999999,,-2.4031611714428793,6.240084643945574,False,,
-11.34,,-2.402174842371924,6.237609418809729,False,,
-11.335,,-2.40118844158375,6.235134343129509,False,,
-11.33,,-2.4002019690761522,6.232659416900576,False,,
-11.325,,-2.3992154248469264,6.230184640118582,False,,
-11.32,,-2.398228808893866,6.227710012779188,False,,
-11.315,,-2.3972421212147665,6.225235534878047,False,,
-11.31,,-2.3962553618074223,6.222761206410821,False,,
-11.305,,-2.395268530669629,6.220287027373168,False,,
-11.3,,-2.3942816277991783,6.21781299776074,False,,
-11.295,,-2.393294653193867,6.215339117569199,False,,
-11.29,,-2.392307606851489,6.212865386794203,False,,
-11.285,,-2.391320488769839,6.210391805431407,False,,
-11.28,,-2.3903332989467114,6.207918373476472,False,,
-11.275,,-2.3893460373799,6.205445090925055,False,,
-11.27,,-2.388358704067199,6.202971957772814,False,,
-11.265,,-2.3873712990064027,6.200498974015405,False,,
-11.26,,-2.386383822195306,6.198026139648489,False,,
-11.254999999999999,,-2.3853962736317023,6.195553454667721,False,,
-11.25,,-2.384408653313386,6.193080919068767,False,,
-11.245000000000001,,-2.3834209612381505,6.190608532847276,False,,
-11.24,,-2.3824331974037927,6.188136295998911,False,,
-11.235,,-2.381445361808102,6.1856642085193325,False,,
-11.23,,-2.3804574544488757,6.183192270404197,False,,
-11.225,,-2.3794694753239063,6.180720481649164,False,,
-11.219999999999999,,-2.3784814244309875,6.178248842249889,False,,
-11.215,,-2.377493301767915,6.175777352202038,False,,
-11.21,,-2.3765051073324805,6.173306011501264,False,,
-11.205,,-2.3755168411224785,6.170834820143227,False,,
-11.2,,-2.3745285031357026,6.16836377812359,False,,
-11.195,,-2.3735400933699453,6.165892885438007,False,,
-11.19,,-2.3725516118230026,6.163422142082142,False,,
-11.185,,-2.371563058492667,6.160951548051651,False,,
-11.18,,-2.370574433376731,6.158481103342197,False,,
-11.175,,-2.369585736472988,6.156010807949437,False,,
-11.17,,-2.3685969677792347,6.15354066186903,False,,
-11.165,,-2.3676081272932605,6.151070665096639,False,,
-11.16,,-2.366619215012861,6.148600817627922,False,,
-11.155,,-2.365630230935828,6.146131119458538,False,,
-11.15,,-2.3646411750599565,6.143661570584149,False,,
-11.145,,-2.363652047383038,6.141192171000414,False,,
-11.14,,-2.3626628479028673,6.138722920702995,False,,
-11.135,,-2.3616735766172354,6.136253819687547,False,,
-11.129999999999999,,-2.360684233523937,6.1337848679497355,False,,
-11.125,,-2.359694818620767,6.131316065485221,False,,
-11.120000000000001,,-2.3587053319055142,6.128847412289662,False,,
-11.115,,-2.3577157733759733,6.126378908358717,False,,
-11.11,,-2.356726143029938,6.123910553688052,False,,
-11.105,,-2.3557364408652006,6.121442348273325,False,,
-11.1,,-2.354746666879554,6.118974292110195,False,,
-11.094999999999999,,-2.353756821070792,6.116506385194327,False,,
-11.09,,-2.352766903436705,6.11403862752138,False,,
-11.085,,-2.3517769139750877,6.111571019087014,False,,
-11.08,,-2.350786852683732,6.109103559886891,False,,
-11.075,,-2.349796719560431,6.106636249916671,False,,
-11.07,,-2.3488065146029755,6.104169089172018,False,,
-11.065,,-2.347816237809161,6.101702077648595,False,,
-11.06,,-2.3468258891767784,6.099235215342057,False,,
-11.055,,-2.34583546870362,6.0967685022480715,False,,
-11.05,,-2.3448449763874777,6.094301938362298,False,,
-11.045,,-2.3438544122261447,6.091835523680395,False,,
-11.04,,-2.3428637762174134,6.08936925819803,False,,
-11.035,,-2.3418730683590754,6.086903141910861,False,,
-11.03,,-2.3408822886489236,6.084437174814552,False,,
-11.025,,-2.339891437084751,6.0819713569047655,False,,
-11.02,,-2.3389005136643473,6.079505688177161,False,,
-11.015,,-2.3379095183855068,6.077040168627404,False,,
-11.01,,-2.3369184512460217,6.074574798251154,False,,
-11.004999999999999,,-2.3359273122436814,6.072109577044074,False,,
-11.0,,-2.33493610137628,6.069644505001827,False,,
-10.995000000000001,,-2.3339448186416094,6.067179582120078,False,,
-10.99,,-2.3329534640374616,6.064714808394484,False,,
-10.985,,-2.3319620375616275,6.062250183820712,False,,
-10.98,,-2.3309705392119,6.0597857083944255,False,,
-10.975,,-2.3299789689860697,6.057321382111284,False,,
-10.969999999999999,,-2.3289873268819283,6.054857204966953,False,,
-10.965,,-2.3279956128972685,6.052393176957093,False,,
-10.96,,-2.3270038270298827,6.049929298077371,False,,
-10.955,,-2.32601196927756,6.047465568323446,False,,
-10.95,,-2.325020039638094,6.045001987690986,False,,
-10.945,,-2.324028038109275,6.042538556175648,False,,
-10.94,,-2.323035964688896,6.040075273773102,False,,
-10.934999999999999,,-2.3220438193747457,6.0376121404790055,False,,
-10.93,,-2.3210516021646184,6.0351491562890285,False,,
-10.925,,-2.320059313056304,6.032686321198831,False,,
-10.92,,-2.3190669520475935,6.0302236352040754,False,,
-10.915,,-2.318074519136279,6.027761098300428,False,,
-10.91,,-2.3170820143201514,6.025298710483552,False,,
-10.905000000000001,,-2.3160894375970034,6.022836471749116,False,,
-10.9,,-2.315096788964622,6.020374382092774,False,,
-10.895,,-2.3141040684208027,6.017912441510196,False,,
-10.89,,-2.3131112759633345,6.015450649997051,False,,
-10.885,,-2.312118411590008,6.0129890075489945,False,,
-10.879999999999999,,-2.3111254752986152,6.010527514161694,False,,
-10.875,,-2.3101324670869463,6.008066169830819,False,,
-10.870000000000001,,-2.3091393869527934,6.005604974552027,False,,
-10.865,,-2.308146234893946,6.003143928320987,False,,
-10.86,,-2.307153010908194,6.00068303113336,False,,
-10.855,,-2.3061597149933313,5.998222282984816,False,,
-10.85,,-2.3051663471471455,5.995761683871017,False,,
-10.844999999999999,,-2.3041729073674295,5.993301233787626,False,,
-10.84,,-2.3031793956519735,5.990840932730313,False,,
-10.835,,-2.3021858119985663,5.98838078069474,False,,
-10.83,,-2.3011921564050004,5.985920777676571,False,,
-10.825,,-2.3001984288690647,5.983460923671473,False,,
-10.82,,-2.299204629388551,5.981001218675113,False,,
-10.815,,-2.2982107579612494,5.9785416626831545,False,,
-10.809999999999999,,-2.29721681458495,5.976082255691262,False,,
-10.805,,-2.2962227992574435,5.973622997695106,False,,
-10.8,,-2.29522871197652,5.971163888690347,False,,
-10.795,,-2.294234552739969,5.968704928672652,False,,
-10.79,,-2.2932403215455803,5.966246117637688,False,,
-10.785,,-2.2922460183911464,5.9637874555811194,False,,
-10.780000000000001,,-2.2912516432744567,5.961328942498616,False,,
-10.775,,-2.2902571961933003,5.95887057838584,False,,
-10.77,,-2.2892626771454676,5.956412363238458,False,,
-10.765,,-2.2882680861287477,5.953954297052139,False,,
-10.76,,-2.2872734231409315,5.951496379822547,False,,
-10.754999999999999,,-2.2862786881798094,5.949038611545348,False,,
-10.75,,-2.28528388124317,5.9465809922162105,False,,
-10.745000000000001,,-2.284289002328805,5.944123521830802,False,,
-10.74,,-2.2832940514345026,5.941666200384786,False,,
-10.735,,-2.282299028558052,5.939209027873829,False,,
-10.73,,-2.2813039336972443,5.936752004293602,False,,
-10.725,,-2.280308766849868,5.934295129639768,False,,
-10.719999999999999,,-2.279313528013714,5.931838403907998,False,,
-10.715,,-2.2783182171865706,5.929381827093955,False,,
-10.71,,-2.2773228343662284,5.926925399193309,False,,
-10.705,,-2.2763273795504757,5.924469120201724,False,,
-10.7,,-2.2753318527371027,5.922012990114872,False,,
-10.695,,-2.2743362539238996,5.919557008928418,False,,
-10.69,,-2.273340583108654,5.917101176638028,False,,
-10.684999999999999,,-2.272344840289155,5.91464549323937,False,,
-10.68,,-2.271349025463194,5.912189958728115,False,,
-10.675,,-2.2703531386285594,5.90973457309993,False,,
-10.67,,-2.2693571797830403,5.907279336350481,False,,
-10.665,,-2.2683611489244244,5.904824248475435,False,,
-10.66,,-2.267365046050503,5.90236930947046,False,,
-10.655000000000001,,-2.266368871159063,5.899914519331229,False,,
-10.649999999999999,,-2.2653726242478944,5.897459878053402,False,,
-10.645,,-2.264376305314787,5.895005385632656,False,,
-10.64,,-2.2633799143575293,5.892551042064654,False,,
-10.635,,-2.262383451373909,5.890096847345065,False,,
-10.629999999999999,,-2.2613869163617166,5.887642801469559,False,,
-10.625,,-2.26039030931874,5.885188904433804,False,,
-10.620000000000001,,-2.259393630242768,5.882735156233467,False,,
-10.615,,-2.2583968791315883,5.880281556864219,False,,
-10.61,,-2.257400055982991,5.8778281063217275,False,,
-10.605,,-2.2564031607947648,5.8753748046016625,False,,
-10.6,,-2.2554061935646974,5.872921651699691,False,,
-10.594999999999999,,-2.2544091542905784,5.870468647611483,False,,
-10.59,,-2.2534120429701954,5.868015792332713,False,,
-10.585,,-2.2524148596013367,5.865563085859041,False,,
-10.58,,-2.251417604181791,5.863110528186141,False,,
-10.575,,-2.250420276709347,5.860658119309681,False,,
-10.57,,-2.249422877181793,5.858205859225334,False,,
-10.565,,-2.2484254055969166,5.855753747928765,False,,
-10.559999999999999,,-2.247427861952507,5.853301785415647,False,,
-10.555,,-2.246430246246352,5.850849971681647,False,,
-10.55,,-2.2454325584762387,5.848398306722439,False,,
-10.545,,-2.244434798639956,5.845946790533686,False,,
-10.54,,-2.2434369667352927,5.843495423111065,False,,
-10.535,,-2.2424390627600372,5.8410442044502435,False,,
-10.530000000000001,,-2.2414410867119754,5.83859313454689,False,,
-10.524999999999999,,-2.2404430385888965,5.836142213396675,False,,
-10.52,,-2.239444918388588,5.833691440995269,False,,
-10.515,,-2.2384467261088385,5.831240817338346,False,,
-10.51,,-2.2374484617474346,5.828790342421572,False,,
-10.504999999999999,,-2.236450125302165,5.826340016240618,False,,
-10.5,,-2.235451716770818,5.823889838791155,False,,
-10.495000000000001,,-2.2344532361511797,5.821439810068856,False,,
-10.49,,-2.233454683441039,5.818989930069391,False,,
-10.485,,-2.2324560586381823,5.816540198788427,False,,
-10.48,,-2.2314573617403983,5.81409061622164,False,,
-10.475,,-2.2304585927454745,5.811641182364698,False,,
-10.469999999999999,,-2.2294597516511967,5.809191897213273,False,,
-10.465,,-2.228460838455355,5.806742760763036,False,,
-10.46,,-2.227461853155735,5.804293773009661,False,,
-10.455,,-2.2264627957501246,5.801844933948814,False,,
-10.45,,-2.22546366623631,5.799396243576169,False,,
-10.445,,-2.2244644646120806,5.796947701887399,False,,
-10.44,,-2.2234651908752214,5.794499308878173,False,,
-10.434999999999999,,-2.22246584502352,5.7920510645441645,False,,
-10.43,,-2.221466427054766,5.789602968881047,False,,
-10.425,,-2.220466936966743,5.787155021884486,False,,
-10.42,,-2.21946737475724,5.78470722355016,False,,
-10.415,,-2.2184677404240443,5.782259573873738,False,,
-10.41,,-2.217468033964942,5.779812072850893,False,,
-10.405000000000001,,-2.21646825537772,5.777364720477296,False,,
-10.399999999999999,,-2.215468404660165,5.774917516748619,False,,
-10.395,,-2.2144684818100644,5.772470461660536,False,,
-10.39,,-2.213468486825205,5.770023555208718,False,,
-10.385,,-2.2124684197033737,5.767576797388839,False,,
-10.379999999999999,,-2.2114682804423555,5.76513018819657,False,,
-10.375,,-2.2104680690399396,5.762683727627586,False,,
-10.370000000000001,,-2.209467785493911,5.760237415677555,False,,
-10.365,,-2.208467429802057,5.7577912523421535,False,,
-10.36,,-2.2074670019621636,5.755345237617057,False,,
-10.355,,-2.2064665019720175,5.75289937149793,False,,
-10.35,,-2.205465929829405,5.750453653980455,False,,
-10.344999999999999,,-2.204465285532112,5.748008085060298,False,,
-10.34,,-2.2034645690779273,5.745562664733136,False,,
-10.335,,-2.202463780464634,5.743117392994641,False,,
-10.33,,-2.201462919690022,5.7406722698404895,False,,
-10.325,,-2.200461986751873,5.73822729526635,False,,
-10.32,,-2.199460981647976,5.735782469267896,False,,
-10.315,,-2.1984599043761177,5.733337791840807,False,,
-10.309999999999999,,-2.1974587549340816,5.73089326298075,False,,
-10.305,,-2.1964575333196565,5.728448882683404,False,,
-10.3,,-2.1954562395306283,5.72600465094444,False,,
-10.295,,-2.19445487356478,5.723560567759532,False,,
-10.29,,-2.1934534354199005,5.721116633124355,False,,
-10.285,,-2.1924519250937746,5.718672847034581,False,,
-10.280000000000001,,-2.191450342584189,5.71622920948589,False,,
-10.274999999999999,,-2.190448687888927,5.713785720473949,False,,
-10.27,,-2.1894469610057774,5.711342379994436,False,,
-10.265,,-2.188445161932525,5.708899188043027,False,,
-10.26,,-2.1874432906669545,5.706456144615391,False,,
-10.254999999999999,,-2.1864413472068525,5.704013249707208,False,,
-10.25,,-2.185439331550004,5.70157050331415,False,,
-10.245000000000001,,-2.1844372436941955,5.699127905431895,False,,
-10.24,,-2.1834350836372107,5.696685456056112,False,,
-10.235,,-2.182432851376836,5.6942431551824795,False,,
-10.23,,-2.181430546910859,5.691801002806674,False,,
-10.225,,-2.180428170237062,5.689358998924368,False,,
-10.219999999999999,,-2.1794257213532306,5.686917143531236,False,,
-10.215,,-2.1784232002571517,5.6844754366229555,False,,
-10.21,,-2.177420606946611,5.6820338781952024,False,,
-10.205,,-2.176417941419391,5.679592468243651,False,,
-10.2,,-2.1754152036732783,5.677151206763975,False,,
-10.195,,-2.1744123937060587,5.674710093751852,False,,
-10.19,,-2.1734095115155174,5.672269129202958,False,,
-10.184999999999999,,-2.1724065570994373,5.669828313112966,False,,
-10.18,,-2.171403530455606,5.667387645477554,False,,
-10.175,,-2.1704004315818066,5.664947126292398,False,,
-10.17,,-2.169397260475825,5.662506755553174,False,,
-10.165,,-2.168394017135446,5.660066533255557,False,,
-10.16,,-2.167390701558454,5.657626459395223,False,,
-10.155000000000001,,-2.166387313742635,5.65518653396785,False,,
-10.149999999999999,,-2.1653838536857704,5.652746756969112,False,,
-10.145,,-2.164380321385649,5.650307128394688,False,,
-10.14,,-2.1633767168400544,5.647867648240254,False,,
-10.135,,-2.1623730400467682,5.645428316501482,False,,
-10.129999999999999,,-2.161369291003579,5.642989133174055,False,,
-10.125,,-2.1603654697082693,5.640550098253646,False,,
-10.120000000000001,,-2.1593615761586245,5.638111211735934,False,,
-10.115,,-2.158357610352427,5.635672473616593,False,,
-10.11,,-2.1573535722874633,5.6332338838913,False,,
-10.105,,-2.1563494619615167,5.630795442555737,False,,
-10.1,,-2.155345279372373,5.628357149605577,False,,
-10.094999999999999,,-2.154341024517815,5.625919005036495,False,,
-10.09,,-2.153336697395627,5.623481008844173,False,,
-10.085,,-2.1523322980035937,5.6210431610242875,False,,
-10.08,,-2.1513278263394997,5.618605461572514,False,,
-10.075,,-2.1503232824011276,5.6161679104845295,False,,
-10.07,,-2.1493186661862627,5.613730507756015,False,,
-10.065,,-2.1483139776926885,5.611293253382645,False,,
-10.059999999999999,,-2.147309216918189,5.608856147360099,False,,
-10.055,,-2.1463043838605493,5.606419189684054,False,,
-10.05,,-2.145299478517552,5.60398238035019,False,,
-10.045,,-2.1442945008869803,5.6015457193541796,False,,
-10.04,,-2.143289450966619,5.599109206691706,False,,
-10.035,,-2.1422843287542532,5.596672842358448,False,,
-10.030000000000001,,-2.1412791342476636,5.594236626350079,False,,
-10.024999999999999,,-2.140273867444636,5.59180055866228,False,,
-10.02,,-2.139268528342954,5.58936463929073,False,,
-10.015,,-2.1382631169404,5.586928868231109,False,,
-10.01,,-2.1372576332347584,5.58449324547909,False,,
-10.004999999999999,,-2.136252077223813,5.582057771030357,False,,
-10.0,,-2.135246448905346,5.579622444880588,False,,
-9.995000000000001,,-2.134240748277142,5.577187267025458,False,,
-9.99,,-2.1332349753369844,5.5747522374606495,False,,
-9.985,,-2.132229130082656,5.5723173561818395,False,,
-9.98,,-2.131223212511941,5.5698826231847125,False,,
-9.975,,-2.130217222622621,5.5674480384649385,False,,
-9.969999999999999,,-2.1292111604124804,5.565013602018203,False,,
-9.965,,-2.1282050258793017,5.562579313840184,False,,
-9.96,,-2.127198819020869,5.560145173926561,False,,
-9.955,,-2.126192539834965,5.557711182273012,False,,
-9.95,,-2.125186188319371,5.555277338875216,False,,
-9.945,,-2.1241797644718723,5.552843643728858,False,,
-9.94,,-2.123173268290251,5.5504100968296095,False,,
-9.934999999999999,,-2.1221666997722908,5.547976698173159,False,,
-9.93,,-2.1211600589157733,5.545543447755179,False,,
-9.925,,-2.120153345718482,5.543110345571357,False,,
-9.92,,-2.1191465601781996,5.540677391617365,False,,
-9.915,,-2.118139702292708,5.5382445858888865,False,,
-9.91,,-2.1171327720597923,5.535811928381603,False,,
-9.905000000000001,,-2.1161257694772324,5.533379419091194,False,,
-9.899999999999999,,-2.1151186945428124,5.5309470580133375,False,,
-9.895,,-2.1141115472543146,5.528514845143718,False,,
-9.89,,-2.1131043276095216,5.5260827804780135,False,,
-9.885,,-2.112097035606215,5.5236508640119055,False,,
-9.879999999999999,,-2.111089671242178,5.5212190957410705,False,,
-9.875,,-2.110082234515194,5.518787475661199,False,,
-9.870000000000001,,-2.1090747254230435,5.516356003767962,False,,
-9.865,,-2.10806714396351,5.513924680057045,False,,
-9.86,,-2.1070594901343753,5.511493504524129,False,,
-9.855,,-2.106051763933422,5.509062477164894,False,,
-9.85,,-2.105043965358431,5.506631597975019,False,,
-9.844999999999999,,-2.1040360944071863,5.504200866950191,False,,
-9.84,,-2.1030281510774698,5.5017702840860885,False,,
-9.835,,-2.102020135367062,5.499339849378391,False,,
-9.83,,-2.1010120472737457,5.496909562822781,False,,
-9.825,,-2.100003886795304,5.494479424414941,False,,
-9.82,,-2.098995653929517,5.4920494341505535,False,,
-9.815,,-2.0979873486741676,5.4896195920252975,False,,
-9.809999999999999,,-2.096978971027037,5.487189898034854,False,,
-9.805,,-2.0959705209859085,5.484760352174911,False,,
-9.8,,-2.094961998548562,5.482330954441146,False,,
-9.795,,-2.0939534037127805,5.479901704829242,False,,
-9.79,,-2.092944736476345,5.477472603334878,False,,
-9.785,,-2.0919359968370372,5.475043649953742,False,,
-9.780000000000001,,-2.0909271847926396,5.472614844681512,False,,
-9.774999999999999,,-2.089918300340932,5.470186187513871,False,,
-9.77,,-2.0889093434796973,5.467757678446504,False,,
-9.765,,-2.087900314206717,5.465329317475092,False,,
-9.76,,-2.086891212519771,5.462901104595315,False,,
-9.754999999999999,,-2.085882038416642,5.460473039802858,False,,
-9.75,,-2.084872791895112,5.458045123093406,False,,
-9.745000000000001,,-2.0838634729529604,5.455617354462639,False,,
-9.74,,-2.0828540815879704,5.453189733906241,False,,
-9.735,,-2.0818446177979215,5.450762261419895,False,,
-9.73,,-2.080835081580595,5.448334936999283,False,,
-9.725,,-2.0798254729337726,5.445907760640088,False,,
-9.719999999999999,,-2.0788157918552366,5.443480732337996,False,,
-9.715,,-2.077806038342766,5.441053852088688,False,,
-9.71,,-2.076796212394143,5.4386271198878475,False,,
-9.705,,-2.0757863140071473,5.43620053573116,False,,
-9.7,,-2.074776343179561,5.433774099614306,False,,
-9.695,,-2.073766299909165,5.431347811532973,False,,
-9.69,,-2.0727561841937394,5.428921671482841,False,,
-9.684999999999999,,-2.0717459960310656,5.426495679459595,False,,
-9.68,,-2.070735735418923,5.424069835458921,False,,
-9.675,,-2.069725402355094,5.4216441394765,False,,
-9.67,,-2.0687149968373593,5.419218591508018,False,,
-9.665,,-2.067704518863497,5.416793191549159,False,,
-9.66,,-2.0666939684312915,5.414367939595607,False,,
-9.655000000000001,,-2.0656833455385204,5.411942835643048,False,,
-9.649999999999999,,-2.064672650182964,5.40951787968716,False,,
-9.645,,-2.063661882362404,5.407093071723634,False,,
-9.64,,-2.062651042074622,5.404668411748155,False,,
-9.635,,-2.061640129317396,5.402243899756405,False,,
-9.629999999999999,,-2.060629144088507,5.399819535744067,False,,
-9.625,,-2.0596180863857363,5.397395319706828,False,,
-9.620000000000001,,-2.0586069562068623,5.3949712516403725,False,,
-9.615,,-2.057595753549667,5.3925473315403885,False,,
-9.61,,-2.056584478411929,5.390123559402556,False,,
-9.605,,-2.0555731307914282,5.387699935222562,False,,
-9.6,,-2.054561710685948,5.385276458996094,False,,
-9.594999999999999,,-2.0535502180932643,5.382853130718836,False,,
-9.59,,-2.052538653011159,5.380429950386469,False,,
-9.585,,-2.051527015437412,5.378006917994686,False,,
-9.58,,-2.050515305369803,5.375584033539168,False,,
-9.575,,-2.049503522806111,5.373161297015601,False,,
-9.57,,-2.048491667744118,5.3707387084196725,False,,
-9.565,,-2.047479740181601,5.3683162677470655,False,,
-9.559999999999999,,-2.0464677401163414,5.365893974993467,False,,
-9.555,,-2.0454556675461184,5.363471830154564,False,,
-9.55,,-2.044443522468712,5.361049833226044,False,,
-9.545,,-2.043431304881901,5.358627984203588,False,,
-9.54,,-2.042419014783466,5.356206283082887,False,,
-9.535,,-2.041406652171186,5.353784729859624,False,,
-9.530000000000001,,-2.0403942170428406,5.351363324529487,False,,
-9.524999999999999,,-2.039381709396208,5.348942067088162,False,,
-9.52,,-2.0383691292290687,5.346520957531336,False,,
-9.515,,-2.0373564765392027,5.344099995854696,False,,
-9.51,,-2.036343751324388,5.341679182053928,False,,
-9.504999999999999,,-2.0353309535824042,5.339258516124719,False,,
-9.5,,-2.034318083311031,5.336837998062755,False,,
-9.495000000000001,,-2.0333051405080473,5.334417627863724,False,,
-9.49,,-2.0322921251712307,5.331997405523312,False,,
-9.485,,-2.031279037298363,5.329577331037207,False,,
-9.48,,-2.0302658768872215,5.327157404401096,False,,
-9.475,,-2.0292526439355862,5.324737625610664,False,,
-9.469999999999999,,-2.028239338441234,5.322317994661603,False,,
-9.465,,-2.027225960401946,5.319898511549596,False,,
-9.46,,-2.0262125098155,5.317479176270334,False,,
-9.455,,-2.0251989866796754,5.315059988819502,False,,
-9.45,,-2.0241853909922503,5.312640949192788,False,,
-9.445,,-2.0231717227510035,5.3102220573858805,False,,
-9.44,,-2.0221579819537148,5.3078033133944675,False,,
-9.434999999999999,,-2.021144168598161,5.305384717214235,False,,
-9.43,,-2.020130282682122,5.302966268840873,False,,
-9.425,,-2.0191163242033765,5.3005479682700685,False,,
-9.42,,-2.0181022931597017,5.298129815497512,False,,
-9.415,,-2.0170881895488777,5.295711810518888,False,,
-9.41,,-2.016074013368682,5.293293953329889,False,,
-9.405000000000001,,-2.015059764616893,5.290876243926197,False,,
-9.399999999999999,,-2.0140454432912893,5.2884586823035065,False,,
-9.395,,-2.0130310493896486,5.286041268457504,False,,
-9.39,,-2.0120165829097507,5.28362400238388,False,,
-9.385,,-2.0110020438493716,5.281206884078319,False,,
-9.379999999999999,,-2.009987432206291,5.278789913536512,False,,
-9.375,,-2.0089727479782864,5.27637309075415,False,,
-9.370000000000001,,-2.0079579911631367,5.27395641572692,False,,
-9.365,,-2.0069431617586186,5.2715398884505085,False,,
-9.36,,-2.005928259762512,5.269123508920607,False,,
-9.355,,-2.004913285172593,5.266707277132907,False,,
-9.35,,-2.0038982379866397,5.2642911930830945,False,,
-9.344999999999999,,-2.0028831182024316,5.261875256766858,False,,
-9.34,,-2.001867925817745,5.259459468179893,False,,
-9.335,,-2.0008526608303585,5.257043827317883,False,,
-9.33,,-1.9998373232380489,5.254628334176518,False,,
-9.325,,-1.9988219130385942,5.25221298875149,False,,
-9.32,,-1.9978064302297731,5.249797791038487,False,,
-9.315,,-1.9967908748093626,5.247382741033201,False,,
-9.309999999999999,,-1.9957752467751395,5.244967838731322,False,,
-9.305,,-1.9947595461248826,5.242553084128536,False,,
-9.3,,-1.9937437728563685,5.240138477220537,False,,
-9.295,,-1.9927279269673743,5.237724018003012,False,,
-9.29,,-1.9917120084556785,5.235309706471654,False,,
-9.285,,-1.990696017319058,5.232895542622153,False,,
-9.280000000000001,,-1.9896799535552905,5.2304815264502,False,,
-9.274999999999999,,-1.9886638171621513,5.228067657951481,False,,
-9.27,,-1.9876476081374206,5.2256539371216935,False,,
-9.265,,-1.9866313264788742,5.223240363956522,False,,
-9.26,,-1.9856149721842888,5.220826938451662,False,,
-9.254999999999999,,-1.9845985452514416,5.218413660602799,False,,
-9.25,,-1.9835820456781104,5.21600053040563,False,,
-9.245000000000001,,-1.9825654734620721,5.213587547855843,False,,
-9.24,,-1.9815488286011027,5.211174712949125,False,,
-9.235,,-1.9805321110929803,5.208762025681176,False,,
-9.23,,-1.9795153209354814,5.20634948604768,False,,
-9.225,,-1.9784984581263823,5.20393709404433,False,,
-9.219999999999999,,-1.9774815226634601,5.20152484966682,False,,
-9.215,,-1.9764645145444923,5.199112752910839,False,,
-9.21,,-1.9754474337672554,5.196700803772078,False,,
-9.205,,-1.9744302803295248,5.194289002246229,False,,
-9.2,,-1.9734130542290784,5.191877348328985,False,,
-9.195,,-1.9723957554636926,5.189465842016039,False,,
-9.19,,-1.9713783840311425,5.187054483303077,False,,
-9.184999999999999,,-1.9703609399292077,5.184643272185799,False,,
-9.18,,-1.9693434231556621,5.182232208659892,False,,
-9.175,,-1.968325833708283,5.17982129272105,False,,
-9.17,,-1.967308171584846,5.17741052436496,False,,
-9.165,,-1.966290436783129,5.174999903587322,False,,
-9.16,,-1.9652726293009068,5.172589430383824,False,,
-9.155000000000001,,-1.9642547491359572,5.1701791047501615,False,,
-9.149999999999999,,-1.9632367962860537,5.167768926682021,False,,
-9.145,,-1.9622187707489753,5.1653588961751,False,,
-9.14,,-1.961200672522497,5.162949013225093,False,,
-9.135,,-1.9601825016043946,5.160539277827686,False,,
-9.129999999999999,,-1.9591642579924438,5.158129689978576,False,,
-9.125,,-1.958145941684423,5.155720249673459,False,,
-9.120000000000001,,-1.9571275526781056,5.153310956908022,False,,
-9.115,,-1.9561090909712675,5.15090181167796,False,,
-9.11,,-1.9550905565616858,5.148492813978969,False,,
-9.105,,-1.9540719494471357,5.146083963806738,False,,
-9.1,,-1.9530532696253937,5.143675261156964,False,,
-9.094999999999999,,-1.9520345170942344,5.141266706025338,False,,
-9.09,,-1.9510156918514343,5.1388582984075555,False,,
-9.085,,-1.9499967938947687,5.136450038299307,False,,
-9.08,,-1.9489778232220134,5.134041925696288,False,,
-9.075,,-1.9479587798309437,5.131633960594193,False,,
-9.07,,-1.9469396637193355,5.129226142988715,False,,
-9.065,,-1.9459204748849643,5.126818472875549,False,,
-9.059999999999999,,-1.9449012133256043,5.124410950250384,False,,
-9.055,,-1.9438818790390338,5.122003575108922,False,,
-9.05,,-1.942862472023025,5.119596347446853,False,,
-9.045,,-1.9418429922753548,5.117189267259869,False,,
-9.04,,-1.9408234397937978,5.114782334543666,False,,
-9.035,,-1.93980381457613,5.112375549293941,False,,
-9.030000000000001,,-1.938784116620126,5.109968911506387,False,,
-9.024999999999999,,-1.9377643459235605,5.107562421176695,False,,
-9.02,,-1.9367445024842098,5.105156078300563,False,,
-9.015,,-1.9357245862998482,5.102749882873688,False,,
-9.01,,-1.934704597368251,5.10034383489176,False,,
-9.004999999999999,,-1.9336845356871932,5.097937934350478,False,,
-9.0,,-1.9326644012544496,5.095532181245533,False,,
-8.995000000000001,,-1.9316441940677942,5.093126575572622,False,,
-8.99,,-1.9306239141250032,5.090721117327439,False,,
-8.985,,-1.9296035614238507,5.08831580650568,False,,
-8.98,,-1.9285831359621117,5.085910643103042,False,,
-8.975,,-1.9275626377375605,5.083505627115218,False,,
-8.969999999999999,,-1.9265420667479727,5.081100758537904,False,,
-8.965,,-1.9255214229911215,5.078696037366795,False,,
-8.96,,-1.9245007064647832,5.076291463597589,False,,
-8.955,,-1.9234799171667307,5.073887037225978,False,,
-8.95,,-1.922459055094739,5.071482758247662,False,,
-8.945,,-1.9214381202465836,5.0690786266583325,False,,
-8.94,,-1.920417112620037,5.0666746424536875,False,,
-8.934999999999999,,-1.9193960322128754,5.064270805629423,False,,
-8.93,,-1.9183748790228727,5.061867116181235,False,,
-8.925,,-1.9173536530478021,5.05946357410482,False,,
-8.92,,-1.9163323542854391,5.057060179395874,False,,
-8.915,,-1.9153109827335575,5.054656932050094,False,,
-8.91,,-1.914289538389931,5.052253832063174,False,,
-8.905000000000001,,-1.913268021252334,5.049850879430813,False,,
-8.899999999999999,,-1.9122464313185406,5.047448074148704,False,,
-8.895,,-1.911224768586325,5.045045416212549,False,,
-8.89,,-1.9102030330534607,5.042642905618042,False,,
-8.885,,-1.9091812247177222,5.040240542360879,False,,
-8.879999999999999,,-1.908159343576883,5.037838326436757,False,,
-8.875,,-1.9071373896287178,5.035436257841374,False,,
-8.870000000000001,,-1.9061153628709988,5.033034336570427,False,,
-8.865,,-1.9050932633015014,5.030632562619612,False,,
-8.86,,-1.9040710909179974,5.028230935984627,False,,
-8.855,,-1.9030488457182635,5.025829456661171,False,,
-8.85,,-1.9020265277000705,5.023428124644938,False,,
-8.844999999999999,,-1.9010041368611932,5.021026939931627,False,,
-8.84,,-1.8999816731994055,5.018625902516936,False,,
-8.835,,-1.8989591367124792,5.016225012396562,False,,
-8.83,,-1.8979365273981899,5.013824269566204,False,,
-8.825,,-1.8969138452543093,5.011423674021557,False,,
-8.82,,-1.8958910902786124,5.009023225758321,False,,
-8.815,,-1.8948682624688722,5.006622924772195,False,,
-8.809999999999999,,-1.8938453618228603,5.004222771058874,False,,
-8.805,,-1.892822388338352,5.001822764614058,False,,
-8.8,,-1.8917993420131198,4.999422905433446,False,,
-8.795,,-1.8907762228449356,4.997023193512732,False,,
-8.79,,-1.8897530308315746,4.994623628847618,False,,
-8.785,,-1.8887297659708093,4.992224211433804,False,,
-8.780000000000001,,-1.8877064282604117,4.989824941266985,False,,
-8.774999999999999,,-1.8866830176981555,4.98742581834286,False,,
-8.77,,-1.8856595342818139,4.985026842657129,False,,
-8.765,,-1.8846359780091597,4.982628014205492,False,,
-8.76,,-1.883612348877966,4.980229332983644,False,,
-8.754999999999999,,-1.882588646886004,4.977830798987284,False,,
-8.75,,-1.8815648720310492,4.975432412212118,False,,
-8.745000000000001,,-1.8805410243108727,4.97303417265384,False,,
-8.74,,-1.8795171037232468,4.970636080308145,False,,
-8.735,,-1.8784931102659443,4.968238135170736,False,,
-8.73,,-1.8774690439367396,4.965840337237315,False,,
-8.725,,-1.8764449047334029,4.96344268650358,False,,
-8.719999999999999,,-1.8754206926537078,4.961045182965227,False,,
-8.715,,-1.8743964076954278,4.958647826617961,False,,
-8.71,,-1.8733720498563333,4.956250617457477,False,,
-8.705,,-1.872347619134198,4.953853555479476,False,,
-8.7,,-1.8713231155267935,4.951456640679659,False,,
-8.695,,-1.870298539031894,4.949059873053726,False,,
-8.69,,-1.869273889647269,4.946663252597375,False,,
-8.684999999999999,,-1.868249167370693,4.944266779306307,False,,
-8.68,,-1.8672243721999362,4.941870453176223,False,,
-8.675,,-1.8661995041327728,4.939474274202823,False,,
-8.67,,-1.8651745631669732,4.937078242381805,False,,
-8.665,,-1.8641495493003102,4.934682357708871,False,,
-8.66,,-1.863124462530556,4.932286620179724,False,,
-8.655000000000001,,-1.862099302855482,4.929891029790058,False,,
-8.649999999999999,,-1.8610740702728608,4.9274955865355805,False,,
-8.645,,-1.8600487647804638,4.92510029041199,False,,
-8.64,,-1.859023386376063,4.922705141414984,False,,
-8.635,,-1.8579979350574303,4.920310139540268,False,,
-8.629999999999999,,-1.8569724108223373,4.91791528478354,False,,
-8.625,,-1.8559468136685557,4.9155205771405015,False,,
-8.620000000000001,,-1.854921143593857,4.913126016606855,False,,
-8.615,,-1.8538954005960133,4.910731603178299,False,,
-8.61,,-1.852869584672796,4.908337336850536,False,,
-8.605,,-1.851843695821977,4.9059432176192725,False,,
-8.6,,-1.8508177340413268,4.9035492454802,False,,
-8.594999999999999,,-1.8497916993286174,4.901155420429026,False,,
-8.59,,-1.8487655916816208,4.898761742461453,False,,
-8.585,,-1.8477394110981078,4.896368211573179,False,,
-8.58,,-1.8467131575758493,4.893974827759909,False,,
-8.575,,-1.845686831112617,4.891581591017342,False,,
-8.57,,-1.8446604317061828,4.889188501341182,False,,
-8.565,,-1.8436339593543174,4.8867955587271314,False,,
-8.559999999999999,,-1.8426074140547906,4.884402763170888,False,,
-8.555,,-1.8415807958053758,4.882010114668159,False,,
-8.55,,-1.840554104603843,4.879617613214644,False,,
-8.545,,-1.839527340447963,4.877225258806046,False,,
-8.54,,-1.838500503335507,4.874833051438069,False,,
-8.535,,-1.8374735932642465,4.872440991106414,False,,
-8.530000000000001,,-1.8364466102319517,4.87004907780678,False,,
-8.524999999999999,,-1.8354195542363931,4.867657311534875,False,,
-8.52,,-1.8343924252753423,4.8652656922864,False,,
-8.515,,-1.8333652233465707,4.862874220057057,False,,
-8.51,,-1.8323379484478473,4.86048289484255,False,,
-8.504999999999999,,-1.8313106005769435,4.8580917166385795,False,,
-8.5,,-1.8302831797316315,4.855700685440852,False,,
-8.495000000000001,,-1.8292556859096791,4.853309801245068,False,,
-8.49,,-1.828228119108859,4.850919064046932,False,,
-8.485,,-1.8272004793269403,4.848528473842146,False,,
-8.48,,-1.8261727665616945,4.846138030626415,False,,
-8.475,,-1.825144980810892,4.843747734395442,False,,
-8.469999999999999,,-1.8241171220723023,4.841357585144928,False,,
-8.465,,-1.8230891903436968,4.838967582870582,False,,
-8.46,,-1.8220611856228452,4.836577727568104,False,,
-8.455,,-1.8210331079075177,4.834188019233196,False,,
-8.45,,-1.8200049571954853,4.831798457861565,False,,
-8.445,,-1.818976733484517,4.829409043448914,False,,
-8.44,,-1.8179484367723835,4.827019775990946,False,,
-8.434999999999999,,-1.816920067056854,4.824630655483366,False,,
-8.43,,-1.8158916243357013,4.822241681921881,False,,
-8.425,,-1.8148631086066924,4.819852855302189,False,,
-8.42,,-1.8138345198675987,4.81746417562,False,,
-8.415,,-1.8128058581161897,4.8150756428710135,False,,
-8.41,,-1.811777123350235,4.81268725705094,False,,
-8.405000000000001,,-1.810748315567506,4.8102990181554794,False,,
-8.399999999999999,,-1.8097194347657704,4.8079109261803366,False,,
-8.395,,-1.8086904809427988,4.805522981121218,False,,
-8.39,,-1.8076614540963614,4.803135182973829,False,,
-8.385,,-1.8066323542242264,4.800747531733871,False,,
-8.379999999999999,,-1.805603181324165,4.798360027397051,False,,
-8.375,,-1.8045739353939472,4.795972669959077,False,,
-8.370000000000001,,-1.8035446164313407,4.793585459415649,False,,
-8.365,,-1.8025152244341156,4.791198395762475,False,,
-8.36,,-1.8014857594000415,4.788811478995261,False,,
-8.355,,-1.8004562213268882,4.786424709109711,False,,
-8.35,,-1.7994266102124241,4.784038086101528,False,,
-8.344999999999999,,-1.7983969260544197,4.781651609966422,False,,
-8.34,,-1.797367168850644,4.7792652807000975,False,,
-8.335,,-1.7963373385988657,4.776879098298259,False,,
-8.33,,-1.7953074352968539,4.774493062756614,False,,
-8.325,,-1.794277458942378,4.772107174070865,False,,
-8.32,,-1.7932474095332078,4.769721432236722,False,,
-8.315,,-1.7922172870671105,4.767335837249886,False,,
-8.309999999999999,,-1.7911870915418575,4.764950389106071,False,,
-8.305,,-1.790156822955216,4.762565087800976,False,,
-8.3,,-1.7891264813049559,4.760179933330308,False,,
-8.295,,-1.7880960665888463,4.757794925689778,False,,
-8.29,,-1.7870655788046548,4.755410064875086,False,,
-8.285,,-1.7860350179501507,4.753025350881945,False,,
-8.280000000000001,,-1.7850043840231034,4.750640783706057,False,,
-8.274999999999999,,-1.7839736770212804,4.748256363343129,False,,
-8.27,,-1.7829428969424517,4.74587208978887,False,,
-8.265,,-1.781912043784386,4.743487963038988,False,,
-8.26,,-1.7808811175448502,4.741103983089186,False,,
-8.254999999999999,,-1.7798501182216138,4.738720149935169,False,,
-8.25,,-1.7788190458124462,4.736336463572652,False,,
-8.245000000000001,,-1.7777879003151154,4.733952923997338,False,,
-8.24,,-1.7767566817273885,4.731569531204933,False,,
-8.235,,-1.7757253900470347,4.729186285191144,False,,
-8.23,,-1.7746940252718233,4.726803185951683,False,,
-8.225,,-1.7736625873995213,4.724420233482251,False,,
-8.219999999999999,,-1.7726310764278974,4.7220374277785595,False,,
-8.215,,-1.7715994923547198,4.719654768836314,False,,
-8.21,,-1.7705678351777574,4.717272256651228,False,,
-8.205,,-1.7695361048947764,4.714889891219,False,,
-8.2,,-1.7685043015035469,4.712507672535345,False,,
-8.195,,-1.7674724250018357,4.710125600595969,False,,
-8.19,,-1.7664404753874112,4.70774367539658,False,,
-8.184999999999999,,-1.7654084526580416,4.705361896932885,False,,
-8.18,,-1.7643763568114945,4.702980265200594,False,,
-8.175,,-1.763344187845537,4.700598780195413,False,,
-8.17,,-1.7623119457579386,4.698217441913053,False,,
-8.165,,-1.7612796305464655,4.69583625034922,False,,
-8.16,,-1.760247242208887,4.693455205499625,False,,
-8.155000000000001,,-1.7592147807429699,4.691074307359976,False,,
-8.149999999999999,,-1.7581822461464807,4.688693555925978,False,,
-8.145,,-1.7571496384171885,4.6863129511933455,False,,
-8.14,,-1.7561169575528617,4.683932493157785,False,,
-8.135,,-1.7550842035512653,4.681552181815002,False,,
-8.129999999999999,,-1.754051376410168,4.6791720171607105,False,,
-8.125,,-1.7530184761273384,4.676791999190618,False,,
-8.120000000000001,,-1.7519855027005424,4.674412127900433,False,,
-8.115,,-1.7509524561275471,4.672032403285863,False,,
-8.11,,-1.7499193364061212,4.66965282534262,False,,
-8.105,,-1.7488861435340308,4.667273394066413,False,,
-8.1,,-1.747852877509044,4.664894109452953,False,,
-8.094999999999999,,-1.7468195383289267,4.662514971497945,False,,
-8.09,,-1.7457861259914476,4.660135980197104,False,,
-8.085,,-1.744752640494373,4.657757135546137,False,,
-8.08,,-1.743719081835469,4.655378437540751,False,,
-8.075,,-1.7426854500125044,4.652999886176662,False,,
-8.07,,-1.7416517450232454,4.650621481449576,False,,
-8.065,,-1.7406179668654582,4.648243223355204,False,,
-8.059999999999999,,-1.7395841155369107,4.645865111889255,False,,
-8.055,,-1.7385501910353696,4.643487147047441,False,,
-8.05,,-1.7375161933586016,4.641109328825472,False,,
-8.045,,-1.7364821225043732,4.638731657219058,False,,
-8.04,,-1.7354479784704502,4.636354132223909,False,,
-8.035,,-1.7344137612546011,4.633976753835737,False,,
-8.030000000000001,,-1.733379470854592,4.631599522050251,False,,
-8.024999999999999,,-1.7323451072681877,4.629222436863159,False,,
-8.02,,-1.731310670493157,4.626845498270178,False,,
-8.015,,-1.730276160527266,4.624468706267017,False,,
-8.01,,-1.7292415773682808,4.6220920608493845,False,,
-8.004999999999999,,-1.7282069210139661,4.619715562012992,False,,
-8.0,,-1.7271721914620919,4.617339209753554,False,,
-7.995,,-1.7261373887104208,4.614963004066777,False,,
-7.99,,-1.7251025127567219,4.612586944948374,False,,
-7.984999999999999,,-1.7240675635987595,4.610211032394057,False,,
-7.9799999999999995,,-1.7230325412343008,4.6078352663995386,False,,
-7.975,,-1.7219974456611113,4.605459646960527,False,,
-7.97,,-1.7209622768769584,4.6030841740727375,False,,
-7.965,,-1.7199270348796065,4.60070884773188,False,,
-7.96,,-1.718891719666823,4.598333667933666,False,,
-7.955,,-1.7178563312363724,4.595958634673805,False,,
-7.95,,-1.7168208695860223,4.5935837479480135,False,,
-7.945,,-1.7157853347135377,4.591209007752003,False,,
-7.9399999999999995,,-1.7147497266166842,4.588834414081482,False,,
-7.935,,-1.7137140452932274,4.586459966932164,False,,
-7.93,,-1.7126782907409348,4.584085666299763,False,,
-7.925,,-1.71164246295757,4.581711512179989,False,,
-7.92,,-1.7106065619408999,4.579337504568558,False,,
-7.915,,-1.7095705876886893,4.576963643461179,False,,
-7.91,,-1.708534540198705,4.574589928853565,False,,
-7.905,,-1.7074984194687115,4.572216360741431,False,,
-7.8999999999999995,,-1.7064622254964745,4.569842939120486,False,,
-7.895,,-1.7054259582797595,4.567469663986445,False,,
-7.89,,-1.7043896178163316,4.565096535335021,False,,
-7.885,,-1.7033532041039572,4.562723553161926,False,,
-7.88,,-1.7023167171404014,4.560350717462875,False,,
-7.875,,-1.7012801569234284,4.557978028233579,False,,
-7.87,,-1.7002435234508049,4.555605485469753,False,,
-7.865,,-1.6992068167202938,4.553233089167108,False,,
-7.859999999999999,,-1.6981700367296622,4.550860839321357,False,,
-7.8549999999999995,,-1.697133183476676,4.548488735928219,False,,
-7.85,,-1.6960962569590974,4.546116778983402,False,,
-7.845,,-1.695059257174694,4.543744968482619,False,,
-7.84,,-1.6940221841212302,4.5413733044215885,False,,
-7.835,,-1.6929850377964706,4.539001786796023,False,,
-7.83,,-1.6919478181981802,4.536630415601632,False,,
-7.825,,-1.6909105253241232,4.534259190834133,False,,
-7.82,,-1.6898731591720653,4.531888112489241,False,,
-7.8149999999999995,,-1.6888357197397705,4.5295171805626655,False,,
-7.81,,-1.6877982070250042,4.527146395050126,False,,
-7.805,,-1.6867606210255315,4.524775755947335,False,,
-7.8,,-1.6857229617391154,4.522405263250004,False,,
-7.795,,-1.6846852291635215,4.520034916953851,False,,
-7.79,,-1.683647423296516,4.51766471705459,False,,
-7.785,,-1.6826095441358602,4.515294663547934,False,,
-7.78,,-1.6815715916793206,4.512924756429598,False,,
-7.7749999999999995,,-1.6805335659246614,4.510554995695297,False,,
-7.77,,-1.6794954668696471,4.5081853813407475,False,,
-7.765,,-1.6784572945120413,4.50581591336166,False,,
-7.76,,-1.6774190488496086,4.503446591753755,False,,
-7.755,,-1.676380729880113,4.501077416512743,False,,
-7.75,,-1.6753423376013195,4.498708387634343,False,,
-7.745,,-1.6743038720109924,4.496339505114268,False,,
-7.74,,-1.6732653331068947,4.493970768948232,False,,
-7.734999999999999,,-1.6722267208867914,4.491602179131952,False,,
-7.7299999999999995,,-1.6711880353484463,4.489233735661145,False,,
-7.725,,-1.6701492764896226,4.486865438531524,False,,
-7.72,,-1.669110444308086,4.484497287738806,False,,
-7.715,,-1.6680715388015983,4.482129283278706,False,,
-7.71,,-1.667032559967925,4.47976142514694,False,,
-7.705,,-1.6659935078048287,4.477393713339222,False,,
-7.7,,-1.664954382310075,4.475026147851272,False,,
-7.695,,-1.6639151834814256,4.4726587286788035,False,,
-7.6899999999999995,,-1.6628759113166456,4.470291455817533,False,,
-7.685,,-1.6618365658134984,4.467924329263177,False,,
-7.68,,-1.660797146969747,4.465557349011451,False,,
-7.675,,-1.6597576547831552,4.463190515058072,False,,
-7.67,,-1.658718089251487,4.460823827398755,False,,
-7.665,,-1.6576784503725053,4.458457286029219,False,,
-7.66,,-1.6566387381439736,4.456090890945179,False,,
-7.655,,-1.6555989525636563,4.453724642142353,False,,
-7.6499999999999995,,-1.6545590936293149,4.451358539616454,False,,
-7.645,,-1.6535191613387146,4.448992583363203,False,,
-7.64,,-1.6524791556896172,4.446626773378316,False,,
-7.635,,-1.6514390766797873,4.444261109657509,False,,
-7.63,,-1.6503989243069865,4.4418955921964995,False,,
-7.625,,-1.6493586985689794,4.4395302209910055,False,,
-7.62,,-1.6483183994635282,4.437164996036742,False,,
-7.615,,-1.6472780269883966,4.434799917329428,False,,
-7.609999999999999,,-1.6462375811413466,4.432434984864781,False,,
-7.6049999999999995,,-1.6451970619201428,4.430070198638519,False,,
-7.6,,-1.644156469322546,4.427705558646357,False,,
-7.595,,-1.643115803346321,4.425341064884016,False,,
-7.59,,-1.6420750639892296,4.422976717347211,False,,
-7.585,,-1.6410342512490352,4.42061251603166,False,,
-7.58,,-1.6399933651235,4.418248460933082,False,,
-7.575,,-1.6389524056103868,4.4158845520471965,False,,
-7.57,,-1.6379113727074586,4.413520789369718,False,,
-7.5649999999999995,,-1.636870266412477,4.411157172896366,False,,
-7.56,,-1.635829086723206,4.4087937026228605,False,,
-7.555,,-1.6347878336374082,4.4064303785449175,False,,
-7.55,,-1.633746507152845,4.404067200658256,False,,
-7.545,,-1.6327051072672782,4.401704168958595,False,,
-7.54,,-1.6316636339784725,4.399341283441651,False,,
-7.535,,-1.6306220872841892,4.396978544103146,False,,
-7.53,,-1.62958046718219,4.394615950938797,False,,
-7.5249999999999995,,-1.6285387736702375,4.392253503944321,False,,
-7.52,,-1.6274970067460948,4.3898912031154405,False,,
-7.515,,-1.6264551664075229,4.387529048447872,False,,
-7.51,,-1.6254132526522844,4.385167039937334,False,,
-7.505,,-1.6243712654781421,4.382805177579548,False,,
-7.5,,-1.6233292048828571,4.3804434613702306,False,,
-7.495,,-1.6222870708641914,4.3780818913051025,False,,
-7.49,,-1.6212448634199075,4.375720467379883,False,,
-7.484999999999999,,-1.6202025825477668,4.373359189590289,False,,
-7.4799999999999995,,-1.6191602282455329,4.370998057932044,False,,
-7.475,,-1.6181178005109653,4.368637072400867,False,,
-7.47,,-1.6170752993418274,4.366276232992476,False,,
-7.465,,-1.6160327247358799,4.363915539702589,False,,
-7.46,,-1.6149900766908853,4.36155499252693,False,,
-7.455,,-1.613947355204605,4.359194591461216,False,,
-7.45,,-1.6129045602748011,4.356834336501169,False,,
-7.445,,-1.6118616918992337,4.3544742276425055,False,,
-7.4399999999999995,,-1.6108187500756666,4.352114264880949,False,,
-7.435,,-1.6097757348018589,4.349754448212218,False,,
-7.43,,-1.6087326460755742,4.3473947776320365,False,,
-7.425,,-1.6076894838945723,4.345035253136119,False,,
-7.42,,-1.6066462482566157,4.3426758747201895,False,,
-7.415,,-1.605602939159465,4.340316642379969,False,,
-7.41,,-1.6045595566008823,4.337957556111176,False,,
-7.405,,-1.603516100578628,4.335598615909533,False,,
-7.3999999999999995,,-1.6024725710904641,4.333239821770761,False,,
-7.395,,-1.6014289681341511,4.330881173690577,False,,
-7.39,,-1.6003852917074504,4.328522671664707,False,,
-7.385,,-1.599341541808123,4.326164315688869,False,,
-7.38,,-1.5982977184339298,4.323806105758786,False,,
-7.375,,-1.597253821582632,4.321448041870177,False,,
-7.37,,-1.5962098512519902,4.319090124018764,False,,
-7.365,,-1.5951658074397668,4.316732352200271,False,,
-7.359999999999999,,-1.5941216901437203,4.314374726410415,False,,
-7.3549999999999995,,-1.5930774993616132,4.3120172466449205,False,,
-7.35,,-1.5920332350912063,4.309659912899507,False,,
-7.345,,-1.5909888973302586,4.307302725169898,False,,
-7.34,,-1.589944486076533,4.304945683451816,False,,
-7.335,,-1.5889000013277883,4.30258878774098,False,,
-7.33,,-1.5878554430817868,4.300232038033114,False,,
-7.325,,-1.5868108113362882,4.29787543432394,False,,
-7.32,,-1.585766106089053,4.295518976609179,False,,
-7.3149999999999995,,-1.5847213273378413,4.293162664884553,False,,
-7.31,,-1.5836764750804138,4.290806499145784,False,,
-7.305,,-1.5826315493145318,4.288450479388597,False,,
-7.3,,-1.581586550037955,4.286094605608712,False,,
-7.295,,-1.5805414772484432,4.283738877801852,False,,
-7.29,,-1.5794963309437573,4.281383295963741,False,,
-7.285,,-1.5784511111216566,4.279027860090097,False,,
-7.28,,-1.5774058177799035,4.276672570176649,False,,
-7.2749999999999995,,-1.576360450916255,4.274317426219115,False,,
-7.27,,-1.5753150105284734,4.27196242821322,False,,
-7.265,,-1.5742694966143183,4.269607576154687,False,,
-7.26,,-1.573223909171549,4.267252870039238,False,,
-7.255,,-1.572178248197927,4.2648983098625965,False,,
-7.25,,-1.5711325136912104,4.262543895620485,False,,
-7.245,,-1.5700867056491603,4.26018962730863,False,,
-7.24,,-1.5690408240695364,4.257835504922751,False,,
-7.234999999999999,,-1.567994868950097,4.2554815284585725,False,,
-7.2299999999999995,,-1.5669488402886045,4.25312769791182,False,,
-7.225,,-1.565902738082817,4.250774013278216,False,,
-7.22,,-1.5648565623304937,4.248420474553482,False,,
-7.215,,-1.5638103130293954,4.246067081733344,False,,
-7.21,,-1.562763990177281,4.2437138348135255,False,,
-7.205,,-1.56171759377191,4.241360733789751,False,,
-7.2,,-1.5606711238110424,4.239007778657743,False,,
-7.194999999999999,,-1.5596245802924371,4.236654969413227,False,,
-7.1899999999999995,,-1.5585779632138541,4.234302306051926,False,,
-7.185,,-1.557531272573052,4.231949788569564,False,,
-7.18,,-1.5564845083677905,4.229597416961868,False,,
-7.175,,-1.5554376705958288,4.22724519122456,False,,
-7.17,,-1.5543907592549262,4.224893111353364,False,,
-7.165,,-1.5533437743428422,4.222541177344006,False,,
-7.16,,-1.5522967158573353,4.22018938919221,False,,
-7.155,,-1.551249583796165,4.2178377468937,False,,
-7.1499999999999995,,-1.5502023781570906,4.215486250444204,False,,
-7.145,,-1.549155098937871,4.213134899839444,False,,
-7.14,,-1.5481077461362647,4.210783695075145,False,,
-7.135,,-1.5470603197500306,4.208432636147032,False,,
-7.13,,-1.5460128197769278,4.206081723050833,False,,
-7.125,,-1.544965246214716,4.2037309557822695,False,,
-7.12,,-1.5439175990611524,4.201380334337067,False,,
-7.115,,-1.5428698783139976,4.199029858710954,False,,
-7.109999999999999,,-1.5418220839710086,4.196679528899654,False,,
-7.1049999999999995,,-1.5407742160299454,4.194329344898893,False,,
-7.1,,-1.5397262744885656,4.191979306704397,False,,
-7.095,,-1.5386782593446284,4.189629414311889,False,,
-7.09,,-1.5376301705958921,4.187279667717097,False,,
-7.085,,-1.5365820082401151,4.184930066915747,False,,
-7.08,,-1.5355337722750564,4.182580611903565,False,,
-7.075,,-1.534485462698473,4.180231302676274,False,,
-7.069999999999999,,-1.5334370795081256,4.177882139229605,False,,
-7.0649999999999995,,-1.5323886227017707,4.175533121559282,False,,
-7.06,,-1.5313400922771674,4.1731842496610305,False,,
-7.055,,-1.5302914882320735,4.170835523530577,False,,
-7.05,,-1.5292428105642468,4.168486943163649,False,,
-7.045,,-1.528194059271447,4.166138508555973,False,,
-7.04,,-1.5271452343514307,4.163790219703273,False,,
-7.035,,-1.5260963358019568,4.161442076601279,False,,
-7.03,,-1.5250473636207826,4.159094079245716,False,,
-7.0249999999999995,,-1.5239983178056662,4.1567462276323095,False,,
-7.02,,-1.5229491983543668,4.154398521756791,False,,
-7.015,,-1.5219000052646416,4.152050961614883,False,,
-7.01,,-1.5208507385342473,4.1497035472023125,False,,
-7.005,,-1.519801398160943,4.14735627851481,False,,
-7.0,,-1.518751984142486,4.145009155548101,False,,
-6.994999999999999,,-1.517702496476634,4.142662178297911,False,,
-6.99,,-1.516652935161145,4.140315346759972,False,,
-6.984999999999999,,-1.515603300193776,4.137968660930006,False,,
-6.98,,-1.514553591572286,4.135622120803744,False,,
-6.975,,-1.513503809294431,4.1332757263769135,False,,
-6.970000000000001,,-1.5124539533579693,4.130929477645241,False,,
-6.965,,-1.5114040237606576,4.128583374604453,False,,
-6.959999999999999,,-1.5103540205002546,4.126237417250282,False,,
-6.955,,-1.5093039435745172,4.123891605578452,False,,
-6.949999999999999,,-1.5082537929812019,4.12154593958469,False,,
-6.945,,-1.507203568718067,4.119200419264729,False,,
-6.9399999999999995,,-1.5061532707828689,4.116855044614292,False,,
-6.9350000000000005,,-1.5051028991733668,4.114509815629113,False,,
-6.93,,-1.5040524538873146,4.1121647323049135,False,,
-6.925000000000001,,-1.5030019349224721,4.109819794637428,False,,
-6.92,,-1.5019513422765947,4.10747500262238,False,,
-6.914999999999999,,-1.5009006759474408,4.105130356255502,False,,
-6.91,,-1.4998499359327673,4.102785855532522,False,,
-6.904999999999999,,-1.4987991222303294,4.100441500449165,False,,
-6.9,,-1.497748234837886,4.098097291001167,False,,
-6.895,,-1.4966972737531936,4.09575322718425,False,,
-6.890000000000001,,-1.4956462389740084,4.093409308994147,False,,
-6.885,,-1.494595130498087,4.0910655364265835,False,,
-6.879999999999999,,-1.493543948323187,4.088721909477293,False,,
-6.875,,-1.4924926924470643,4.086378428142002,False,,
-6.869999999999999,,-1.491441362867476,4.084035092416441,False,,
-6.865,,-1.4903899595821788,4.081691902296338,False,,
-6.859999999999999,,-1.4893384825889293,4.079348857777423,False,,
-6.855,,-1.4882869318854839,4.077005958855427,False,,
-6.85,,-1.487235307469599,4.074663205526079,False,,
-6.845000000000001,,-1.4861836093390304,4.072320597785106,False,,
-6.84,,-1.4851318374915357,4.069978135628242,False,,
-6.834999999999999,,-1.4840799919248702,4.0676358190512145,False,,
-6.83,,-1.4830280726367913,4.065293648049753,False,,
-6.824999999999999,,-1.481976079625054,4.06295162261959,False,,
-6.82,,-1.4809240128874155,4.060609742756453,False,,
-6.8149999999999995,,-1.4798718724216315,4.058268008456073,False,,
-6.8100000000000005,,-1.4788196582254582,4.055926419714181,False,,
-6.805,,-1.477767370296652,4.053584976526507,False,,
-6.800000000000001,,-1.476715008632969,4.051243678888781,False,,
-6.795,,-1.4756625732321644,4.048902526796734,False,,
-6.789999999999999,,-1.474610064091995,4.046561520246096,False,,
-6.785,,-1.4735574812102166,4.0442206592326,False,,
-6.779999999999999,,-1.4725048245845844,4.041879943751972,False,,
-6.775,,-1.4714520942128555,4.039539373799949,False,,
-6.77,,-1.4703992900927845,4.037198949372256,False,,
-6.765000000000001,,-1.4693464122221274,4.034858670464628,False,,
-6.76,,-1.4682934605986402,4.032518537072795,False,,
-6.754999999999999,,-1.4672404352200779,4.0301785491924855,False,,
-6.75,,-1.4661873360841977,4.027838706819436,False,,
-6.744999999999999,,-1.4651341631887531,4.025499009949373,False,,
-6.74,,-1.4640809165315014,4.023159458578032,False,,
-6.734999999999999,,-1.4630275961101968,4.02082005270114,False,,
-6.73,,-1.4619742019225965,4.018480792314433,False,,
-6.725,,-1.4609207339664534,4.01614167741364,False,,
-6.720000000000001,,-1.4598671922395243,4.013802707994493,False,,
-6.715,,-1.4588135767395645,4.0114638840527235,False,,
-6.709999999999999,,-1.4577598874643298,4.009125205584066,False,,
-6.705,,-1.4567061244115742,4.006786672584248,False,,
-6.699999999999999,,-1.4556522875790536,4.004448285049006,False,,
-6.695,,-1.4545983769645234,4.002110042974071,False,,
-6.6899999999999995,,-1.4535443925657376,3.999771946355171,False,,
-6.6850000000000005,,-1.4524903343804527,3.997433995188045,False,,
-6.68,,-1.451436202406422,3.995096189468419,False,,
-6.675000000000001,,-1.4503819966414029,3.992758529192031,False,,
-6.67,,-1.4493277170831478,3.9904210143546104,False,,
-6.664999999999999,,-1.4482733637294127,3.988083644951889,False,,
-6.66,,-1.4472189365779529,3.985746420979603,False,,
-6.654999999999999,,-1.4461644356265224,3.9834093424334815,False,,
-6.65,,-1.445109860872877,3.9810724093092613,False,,
-6.645,,-1.4440552123147694,3.9787356216026692,False,,
-6.640000000000001,,-1.4430004899499567,3.9763989793094456,False,,
-6.635,,-1.4419456937761916,3.9740624824253175,False,,
-6.629999999999999,,-1.4408908237912308,3.9717261309460232,False,,
-6.625,,-1.4398358799928266,3.9693899248672917,False,,
-6.619999999999999,,-1.4387808623787344,3.9670538641848583,False,,
-6.615,,-1.437725770946709,3.9647179488944566,False,,
-6.609999999999999,,-1.4366706056945042,3.9623821789918177,False,,
-6.605,,-1.4356153666198748,3.960046554472679,False,,
-6.6,,-1.4345600537205754,3.9577110753327718,False,,
-6.595000000000001,,-1.4335046669943594,3.9553757415678303,False,,
-6.59,,-1.4324492064389815,3.953040553173587,False,,
-6.584999999999999,,-1.431393672052196,3.950705510145779,False,,
-6.58,,-1.430338063831757,3.9483706124801374,False,,
-6.574999999999999,,-1.429282381775419,3.9460358601723975,False,,
-6.57,,-1.4282266258809355,3.943701253218293,False,,
-6.5649999999999995,,-1.4271707961460605,3.941366791613558,False,,
-6.5600000000000005,,-1.426114892568548,3.9390324753539288,False,,
-6.555,,-1.425058915146153,3.9366983044351365,False,,
-6.550000000000001,,-1.4240028638766278,3.934364278852918,False,,
-6.545,,-1.422946738757727,3.932030398603005,False,,
-6.539999999999999,,-1.4218905397872046,3.9296966636811352,False,,
-6.535,,-1.4208342669628138,3.9273630740830425,False,,
-6.529999999999999,,-1.4197779202823089,3.9250296298044622,False,,
-6.525,,-1.4187214997434436,3.9226963308411276,False,,
-6.52,,-1.417665005343971,3.920363177188775,False,,
-6.515000000000001,,-1.4166084370816456,3.9180301688431385,False,,
-6.51,,-1.415551794954219,3.9156973057999513,False,,
-6.504999999999999,,-1.4144950789594466,3.913364588054953,False,,
-6.5,,-1.4134382890950818,3.911032015603877,False,,
-6.494999999999999,,-1.4123814253588771,3.908699588442456,False,,
-6.49,,-1.411324487748587,3.906367306566432,False,,
-6.484999999999999,,-1.4102674762619638,3.904035169971533,False,,
-6.48,,-1.4092103908967608,3.9017031786534977,False,,
-6.475,,-1.4081532316507317,3.8993713326080632,False,,
-6.470000000000001,,-1.4070959985216303,3.8970396318309644,False,,
-6.465,,-1.406038691507208,3.8947080763179356,False,,
-6.459999999999999,,-1.40498131060522,3.892376666064714,False,,
-6.455,,-1.4039238558134177,3.8900454010670353,False,,
-6.449999999999999,,-1.4028663271295554,3.887714281320636,False,,
-6.445,,-1.401808724551385,3.8853833068212515,False,,
-6.4399999999999995,,-1.40075104807666,3.8830524775646187,False,,
-6.4350000000000005,,-1.399693297703134,3.880721793546474,False,,
-6.43,,-1.3986354734285578,3.878391254762553,False,,
-6.424999999999999,,-1.3975775752506867,3.876060861208593,False,,
-6.42,,-1.3965196031672722,3.8737306128803306,False,,
-6.414999999999999,,-1.3954615571760667,3.8714005097735003,False,,
-6.41,,-1.3944034372748235,3.8690705518838424,False,,
-6.404999999999999,,-1.3933452434612952,3.8667407392070903,False,,
-6.4,,-1.3922869757332346,3.8644110717389837,False,,
-6.395,,-1.3912286340883937,3.8620815494752576,False,,
-6.390000000000001,,-1.390170218524525,3.8597521724116497,False,,
-6.385,,-1.3891117290393813,3.857422940543896,False,,
-6.379999999999999,,-1.388053165630715,3.8550938538677353,False,,
-6.375,,-1.3869945282962792,3.8527649123789054,False,,
-6.369999999999999,,-1.3859358170338247,3.850436116073142,False,,
-6.365,,-1.3848770318411052,3.848107464946184,False,,
-6.359999999999999,,-1.3838181727158718,3.8457789589937663,False,,
-6.355,,-1.3827592396558783,3.8434505982116303,False,,
-6.35,,-1.3817002326588752,3.8411223825955103,False,,
-6.345000000000001,,-1.3806411517226156,3.838794312141146,False,,
-6.34,,-1.3795819968448506,3.836466386844273,False,,
-6.334999999999999,,-1.3785227680233332,3.8341386067006322,False,,
-6.33,,-1.377463465255816,3.831810971705961,False,,
-6.324999999999999,,-1.3764040885400486,3.829483481855994,False,,
-6.32,,-1.3753446378737861,3.827156137146475,False,,
-6.3149999999999995,,-1.3742851132547782,3.824828937573139,False,,
-6.3100000000000005,,-1.3732255146807768,3.8225018831317232,False,,
-6.305,,-1.3721658421495342,3.8201749738179687,False,,
-6.299999999999999,,-1.371106095658802,3.817848209627611,False,,
-6.295,,-1.3700462752063325,3.8155215905563926,False,,
-6.289999999999999,,-1.3689863807898766,3.813195116600048,False,,
-6.285,,-1.3679264124071855,3.8108687877543193,False,,
-6.279999999999999,,-1.366866370056012,3.8085426040149426,False,,
-6.275,,-1.3658062537341074,3.806216565377659,False,,
-6.27,,-1.3647460634392217,3.8038906718382055,False,,
-6.265000000000001,,-1.3636857991691085,3.8015649233923225,False,,
-6.26,,-1.3626254609215178,3.799239320035749,False,,
-6.254999999999999,,-1.3615650486942013,3.7969138617642235,False,,
-6.25,,-1.3605045624849104,3.794588548573487,False,,
-6.244999999999999,,-1.3594440022913963,3.7922633804592767,False,,
-6.24,,-1.3583833681114101,3.7899383574173333,False,,
-6.234999999999999,,-1.357322659942703,3.7876134794433955,False,,
-6.23,,-1.3562618777830266,3.7852887465332037,False,,
-6.225,,-1.3552010216301316,3.782964158682497,False,,
-6.220000000000001,,-1.3541400914817692,3.780639715887016,False,,
-6.215,,-1.3530790873356895,3.7783154181424985,False,,
-6.209999999999999,,-1.3520180091896448,3.7759912654446866,False,,
-6.205,,-1.350956857041386,3.773667257789321,False,,
-6.199999999999999,,-1.3498956308886627,3.771343395172139,False,,
-6.195,,-1.3488343307292272,3.769019677588883,False,,
-6.1899999999999995,,-1.3477729565608292,3.7666961050352903,False,,
-6.1850000000000005,,-1.3467115083812202,3.7643726775071062,False,,
-6.18,,-1.3456499861881497,3.7620493950000657,False,,
-6.174999999999999,,-1.3445883899793705,3.7597262575099144,False,,
-6.17,,-1.343526719752631,3.757403265032388,False,,
-6.164999999999999,,-1.3424649755056828,3.755080417563229,False,,
-6.16,,-1.3414031572362775,3.7527577150981815,False,,
-6.154999999999999,,-1.3403412649421633,3.7504351576329813,False,,
-6.15,,-1.3392792986210922,3.748112745163372,False,,
-6.145,,-1.3382172582708143,3.7457904776850945,False,,
-6.140000000000001,,-1.33715514388908,3.7434683551938885,False,,
-6.135,,-1.3360929554736392,3.7411463776854954,False,,
-6.129999999999999,,-1.3350306930222429,3.7388245451556568,False,,
-6.125,,-1.3339683565326403,3.736502857600115,False,,
-6.119999999999999,,-1.3329059460025827,3.7341813150146104,False,,
-6.115,,-1.3318434614298202,3.7318599173948854,False,,
-6.109999999999999,,-1.3307809028121018,3.729538664736679,False,,
-6.105,,-1.3297182701471788,3.727217557035736,False,,
-6.1,,-1.3286555634328,3.7248965942877947,False,,
-6.095000000000001,,-1.3275927826667167,3.7225757764886014,False,,
-6.09,,-1.3265299278466771,3.7202551036338924,False,,
-6.084999999999999,,-1.325466998970433,3.717934575719414,False,,
-6.08,,-1.3244039960357337,3.7156141927409063,False,,
-6.074999999999999,,-1.3233409190403282,3.713293954694112,False,,
-6.07,,-1.322277767981967,3.7109738615747743,False,,
-6.0649999999999995,,-1.3212145428583992,3.7086539133786327,False,,
-6.0600000000000005,,-1.3201512436673757,3.706334110101433,False,,
-6.055,,-1.3190878704066447,3.704014451738913,False,,
-6.049999999999999,,-1.3180244230739562,3.701694938286819,False,,
-6.045,,-1.3169609016670605,3.6993755697408934,False,,
-6.039999999999999,,-1.315897306183706,3.6970563460968773,False,,
-6.035,,-1.3148336366216433,3.694737267350514,False,,
-6.029999999999999,,-1.3137698929786201,3.692418333497546,False,,
-6.025,,-1.3127060752523882,3.6900995445337186,False,,
-6.02,,-1.311642183440695,3.6877809004547704,False,,
-6.015000000000001,,-1.3105782175412908,3.6854624012564483,False,,
-6.01,,-1.3095141775519235,3.6831440469344923,False,,
-6.004999999999999,,-1.3084500634703442,3.6808258374846488,False,,
-6.0,,-1.3073858752943006,3.678507772902659,False,,
-5.994999999999999,,-1.3063216130215427,3.676189853184267,False,,
-5.99,,-1.3052572766498187,3.673872078325216,False,,
-5.984999999999999,,-1.3041928661768782,3.67155444832125,False,,
-5.98,,-1.3031283816004706,3.669236963168112,False,,
-5.975,,-1.3020638229183439,3.6669196228615455,False,,
-5.970000000000001,,-1.3009991901282478,3.664602427397296,False,,
-5.965,,-1.2999344832279305,3.6622853767711057,False,,
-5.959999999999999,,-1.2988697022151412,3.659968470978719,False,,
-5.955,,-1.2978048470876287,3.6576517100158785,False,,
-5.949999999999999,,-1.2967399178431411,3.6553350938783313,False,,
-5.945,,-1.2956749144794282,3.6530186225618193,False,,
-5.9399999999999995,,-1.2946098369942374,3.6507022960620876,False,,
-5.9350000000000005,,-1.2935446853853185,3.6483861143748806,False,,
-5.93,,-1.2924794596504192,3.646070077495941,False,,
-5.924999999999999,,-1.2914141597872884,3.6437541854210167,False,,
-5.92,,-1.290348785793674,3.6414384381458484,False,,
-5.914999999999999,,-1.2892833376673254,3.6391228356661838,False,,
-5.91,,-1.2882178154059905,3.6368073779777674,False,,
-5.904999999999999,,-1.2871522190074176,3.6344920650763424,False,,
-5.9,,-1.2860865484693542,3.632176896957654,False,,
-5.895,,-1.2850208037895503,3.6298618736174486,False,,
-5.890000000000001,,-1.2839549849657528,3.6275469950514703,False,,
-5.885,,-1.2828890919957106,3.625232261255464,False,,
-5.879999999999999,,-1.2818231248771705,3.6229176722251744,False,,
-5.875,,-1.280757083607882,3.62060322795635,False,,
-5.869999999999999,,-1.2796909681855926,3.618288928444731,False,,
-5.865,,-1.278624778608051,3.6159747736860677,False,,
-5.859999999999999,,-1.2775585148730038,3.6136607636761022,False,,
-5.855,,-1.2764921769781994,3.6113468984105825,False,,
-5.85,,-1.2754257649213863,3.609033177885252,False,,
-5.845000000000001,,-1.2743592787003122,3.6067196020958594,False,,
-5.84,,-1.273292718312724,3.604406171038148,False,,
-5.834999999999999,,-1.2722260837563693,3.602092884707864,False,,
-5.83,,-1.271159375028998,3.599779743100756,False,,
-5.824999999999999,,-1.2700925921283552,3.597466746212567,False,,
-5.82,,-1.2690257350521903,3.5951538940390453,False,,
-5.8149999999999995,,-1.2679588037982494,3.592841186575936,False,,
-5.8100000000000005,,-1.2668917983642816,3.590528623818987,False,,
-5.805,,-1.2658247187480325,3.588216205763941,False,,
-5.799999999999999,,-1.2647575649472507,3.5859039324065476,False,,
-5.795,,-1.2636903369596841,3.5835918037425545,False,,
-5.789999999999999,,-1.2626230347830787,3.5812798197677047,False,,
-5.785,,-1.2615556584151828,3.5789679804777492,False,,
-5.779999999999999,,-1.2604882078537425,3.57665628586843,False,,
-5.775,,-1.2594206830965071,3.574344735935499,False,,
-5.77,,-1.2583530841412216,3.5720333306746985,False,,
-5.765000000000001,,-1.2572854109856342,3.569722070081778,False,,
-5.76,,-1.256217663627492,3.5674109541524857,False,,
-5.754999999999999,,-1.2551498420645415,3.5650999828825665,False,,
-5.75,,-1.2540819462945305,3.562789156267769,False,,
-5.744999999999999,,-1.2530139763152053,3.5604784743038405,False,,
-5.74,,-1.2519459321243134,3.5581679369865284,False,,
-5.734999999999999,,-1.250877813719601,3.555857544311581,False,,
-5.73,,-1.2498096210988154,3.5535472962747447,False,,
-5.725,,-1.2487413542597035,3.5512371928717674,False,,
-5.720000000000001,,-1.2476730132000111,3.5489272340983975,False,,
-5.715,,-1.2466045979174858,3.546617419950382,False,,
-5.709999999999999,,-1.2455361084098735,3.5443077504234686,False,,
-5.705,,-1.2444675446749223,3.5419982255134075,False,,
-5.699999999999999,,-1.2433989067103774,3.5396888452159447,False,,
-5.695,,-1.2423301945139857,3.5373796095268295,False,,
-5.6899999999999995,,-1.2412614080834938,3.5350705184418096,False,,
-5.6850000000000005,,-1.240192547416648,3.5327615719566334,False,,
-5.68,,-1.239123612511194,3.5304527700670487,False,,
-5.674999999999999,,-1.2380546033648796,3.528144112768805,False,,
-5.67,,-1.2369855199754505,3.5258356000576514,False,,
-5.664999999999999,,-1.2359163623406526,3.523527231929336,False,,
-5.66,,-1.2348471304582325,3.5212190083796067,False,,
-5.654999999999999,,-1.2337778243259365,3.5189109294042136,False,,
-5.65,,-1.2327084439415104,3.5166029949989053,False,,
-5.645,,-1.2316389893027,3.5142952051594287,False,,
-5.640000000000001,,-1.230569460407252,3.5119875598815367,False,,
-5.635,,-1.229499857252912,3.509680059160975,False,,
-5.629999999999999,,-1.2284301798374266,3.5073727029934956,False,,
-5.625,,-1.227360428158541,3.5050654913748454,False,,
-5.619999999999999,,-1.2262906022140014,3.502758424300775,False,,
-5.615,,-1.2252207020015535,3.500451501767034,False,,
-5.609999999999999,,-1.2241507275189427,3.498144723769372,False,,
-5.605,,-1.2230806787639157,3.495838090303538,False,,
-5.6,,-1.2220105557342174,3.4935316013652824,False,,
-5.595000000000001,,-1.2209403584275944,3.4912252569503543,False,,
-5.59,,-1.2198700868417909,3.4889190570545043,False,,
-5.584999999999999,,-1.2187997409745537,3.486613001673481,False,,
-5.58,,-1.217729320823628,3.4843070908030374,False,,
-5.574999999999999,,-1.2166588263867588,3.4820013244389205,False,,
-5.57,,-1.215588257661692,3.479695702576881,False,,
-5.5649999999999995,,-1.214517614646173,3.4773902252126705,False,,
-5.5600000000000005,,-1.2134468973379473,3.475084892342039,False,,
-5.555,,-1.2123761057347595,3.472779703960736,False,,
-5.549999999999999,,-1.2113052398343558,3.4704746600645127,False,,
-5.545,,-1.210234299634481,3.468169760649121,False,,
-5.539999999999999,,-1.20916328513288,3.4658650057103073,False,,
-5.535,,-1.2080921963272986,3.463560395243828,False,,
-5.529999999999999,,-1.2070210332154812,3.4612559292454295,False,,
-5.525,,-1.205949795795174,3.458951607710866,False,,
-5.52,,-1.2048784840641205,3.4566474306358863,False,,
-5.515000000000001,,-1.2038070980200666,3.454343398016242,False,,
-5.51,,-1.2027356376607568,3.4520395098476833,False,,
-5.504999999999999,,-1.201664102983936,3.449735766125963,False,,
-5.5,,-1.20059249398735,3.447432166846833,False,,
-5.494999999999999,,-1.1995208106687423,3.445128712006042,False,,
-5.49,,-1.1984490530258585,3.442825401599345,False,,
-5.484999999999999,,-1.1973772210564428,3.4405222356224905,False,,
-5.48,,-1.1963053147582399,3.438219214071231,False,,
-5.475,,-1.1952333341289951,3.435916336941319,False,,
-5.470000000000001,,-1.1941612791664522,3.4336136042285066,False,,
-5.465,,-1.1930891498683556,3.431311015928543,False,,
-5.459999999999999,,-1.1920169462324508,3.4290085720371826,False,,
-5.455,,-1.1909446682564813,3.426706272550178,False,,
-5.449999999999999,,-1.1898723159381923,3.424404117463279,False,,
-5.445,,-1.188799889275328,3.4221021067722406,False,,
-5.4399999999999995,,-1.1877273882656318,3.419800240472812,False,,
-5.4350000000000005,,-1.1866548129068493,3.4174985185607474,False,,
-5.43,,-1.1855821631967234,3.4151969410318,False,,
-5.424999999999999,,-1.184509439132999,3.4128955078817196,False,,
-5.42,,-1.1834366407134205,3.410594219106261,False,,
-5.414999999999999,,-1.182363767935732,3.4082930747011764,False,,
-5.41,,-1.181290820797677,3.405992074662219,False,,
-5.404999999999999,,-1.1802177992969998,3.4036912189851387,False,,
-5.4,,-1.1791447034314448,3.4013905076656945,False,,
-5.395,,-1.1780715331987555,3.3990899406996333,False,,
-5.390000000000001,,-1.1769982885966757,3.396789518082711,False,,
-5.385,,-1.1759249696229488,3.39448923981068,False,,
-5.379999999999999,,-1.1748515762753198,3.392189105879295,False,,
-5.375,,-1.1737781085515318,3.3898891162843077,False,,
-5.369999999999999,,-1.1727045664493283,3.3875892710214712,False,,
-5.365,,-1.171630949966454,3.3852895700865413,False,,
-5.359999999999999,,-1.1705572591006508,3.3829900134752684,False,,
-5.355,,-1.1694834938496639,3.3806906011834097,False,,
-5.35,,-1.1684096542112359,3.3783913332067157,False,,
-5.345000000000001,,-1.1673357401831108,3.3760922095409427,False,,
-5.34,,-1.1662617517630318,3.373793230181842,False,,
-5.334999999999999,,-1.1651876889487418,3.3714943951251692,False,,
-5.33,,-1.164113551737986,3.369195704366679,False,,
-5.324999999999999,,-1.1630393401285053,3.366897157902124,False,,
-5.32,,-1.1619650541180453,3.3645987557272603,False,,
-5.3149999999999995,,-1.1608906937043475,3.3623004978378397,False,,
-5.3100000000000005,,-1.1598162588851555,3.3600023842296167,False,,
-5.305,,-1.1587417496582129,3.3577044148983486,False,,
-5.299999999999999,,-1.1576671660212627,3.3554065898397876,False,,
-5.295,,-1.1565925079720485,3.3531089090496904,False,,
-5.289999999999999,,-1.1555177755083115,3.3508113725238076,False,,
-5.285,,-1.1544429686277966,3.348513980257899,False,,
-5.279999999999999,,-1.1533680873282457,3.346216732247715,False,,
-5.275,,-1.152293131607402,3.3439196284890125,False,,
-5.27,,-1.1512181014630085,3.3416226689775472,False,,
-5.265000000000001,,-1.1501429968928085,3.339325853709074,False,,
-5.26,,-1.1490678178945433,3.3370291826793474,False,,
-5.254999999999999,,-1.1479925644659565,3.334732655884121,False,,
-5.25,,-1.146917236604791,3.3324362733191535,False,,
-5.244999999999999,,-1.1458418343087895,3.3301400349801993,False,,
-5.24,,-1.1447663575756941,3.327843940863013,False,,
-5.234999999999999,,-1.1436908064032476,3.32554799096335,False,,
-5.23,,-1.1426151807891922,3.3232521852769663,False,,
-5.225,,-1.1415394807312707,3.3209565237996177,False,,
-5.220000000000001,,-1.1404637062272258,3.3186610065270608,False,,
-5.215,,-1.1393878572747986,3.3163656334550495,False,,
-5.209999999999999,,-1.138311933871733,3.3140704045793417,False,,
-5.205,,-1.1372359360157707,3.311775319895692,False,,
-5.199999999999999,,-1.1361598637046537,3.309480379399858,False,,
-5.195,,-1.135083716936125,3.3071855830875965,False,,
-5.1899999999999995,,-1.1340074957079254,3.3048909309546595,False,,
-5.1850000000000005,,-1.1329312000177985,3.3025964229968094,False,,
-5.18,,-1.1318548298634852,3.3003020592097982,False,,
-5.174999999999999,,-1.1307783852427278,3.298007839589384,False,,
-5.17,,-1.1297018661532685,3.295713764131322,False,,
-5.164999999999999,,-1.1286252725928498,3.293419832831371,False,,
-5.16,,-1.127548604559213,3.291126045685287,False,,
-5.154999999999999,,-1.1264718620500997,3.2888324026888265,False,,
-5.15,,-1.1253950450632522,3.2865389038377475,False,,
-5.145,,-1.1243181535964117,3.284245549127805,False,,
-5.140000000000001,,-1.1232411876473207,3.281952338554758,False,,
-5.135,,-1.1221641472137205,3.2796592721143623,False,,
-5.129999999999999,,-1.1210870322933526,3.277366349802376,False,,
-5.125,,-1.1200098428839589,3.2750735716145565,False,,
-5.119999999999999,,-1.1189325789832805,3.27278093754666,False,,
-5.115,,-1.1178552405890598,3.270488447594446,False,,
-5.109999999999999,,-1.116777827699037,3.26819610175367,False,,
-5.105,,-1.1157003403109549,3.2659039000200907,False,,
-5.1,,-1.1146227784225538,3.263611842389466,False,,
-5.095000000000001,,-1.1135451420315756,3.261319928857553,False,,
-5.09,,-1.1124674311357616,3.2590281594201107,False,,
-5.084999999999999,,-1.111389645732853,3.2567365340728953,False,,
-5.08,,-1.1103117858205906,3.2544450528116666,False,,
-5.074999999999999,,-1.1092338513967155,3.2521537156321827,False,,
-5.07,,-1.1081558424589706,3.2498625225302016,False,,
-5.0649999999999995,,-1.1070777590050946,3.247571473501479,False,,
-5.0600000000000005,,-1.1059996010328301,3.2452805685417774,False,,
-5.055,,-1.1049213685399168,3.242989807646852,False,,
-5.049999999999999,,-1.1038430615240962,3.240699190812461,False,,
-5.045,,-1.1027646799831103,3.2384087180343677,False,,
-5.039999999999999,,-1.1016862239146983,3.2361183893083254,False,,
-5.035,,-1.1006076933166025,3.2338282046300977,False,,
-5.029999999999999,,-1.0995290881865627,3.231538163995439,False,,
-5.025,,-1.0984504085223201,3.229248267400111,False,,
-5.02,,-1.0973716543216148,3.226958514839871,False,,
-5.015000000000001,,-1.096292825582188,3.2246689063104794,False,,
-5.01,,-1.0952139223017805,3.2223794418076945,False,,
-5.004999999999999,,-1.0941349444781316,3.220090121327276,False,,
-5.0,,-1.0930558921089837,3.217800944864984,False,,
-4.994999999999999,,-1.0919767651920758,3.215511912416576,False,,
-4.99,,-1.0908975637251495,3.213223023977814,False,,
-4.984999999999999,,-1.0898182877059437,3.2109342795444547,False,,
-4.98,,-1.0887389371322005,3.20864567911226,False,,
-4.975,,-1.0876595120016586,3.2063572226769885,False,,
-4.970000000000001,,-1.086580012312059,3.2040689102343993,False,,
-4.965,,-1.0855004380611422,3.201780741780255,False,,
-4.959999999999999,,-1.0844207892466473,3.199492717310312,False,,
-4.955,,-1.0833410658663163,3.197204836820335,False,,
-4.949999999999999,,-1.0822612679178873,3.1949171003060783,False,,
-4.945,,-1.0811813953991016,3.192629507763308,False,,
-4.9399999999999995,,-1.0801014483076985,3.1903420591877785,False,,
-4.9350000000000005,,-1.079021426641419,3.1880547545752567,False,,
-4.93,,-1.0779413303980014,3.185767593921496,False,,
-4.924999999999999,,-1.076861159575187,3.1834805772222627,False,,
-4.92,,-1.0757809141707149,3.1811937044733147,False,,
-4.914999999999999,,-1.074700594182325,3.1789069756704134,False,,
-4.91,,-1.0736201996077575,3.17662039080932,False,,
-4.904999999999999,,-1.0725397304447513,3.174333949885792,False,,
-4.9,,-1.0714591866910466,3.1720476528955963,False,,
-4.895,,-1.070378568344383,3.1697614998344887,False,,
-4.890000000000001,,-1.0692978754025002,3.167475490698234,False,,
-4.885,,-1.0682171078631368,3.16518962548259,False,,
-4.879999999999999,,-1.0671362657240335,3.1629039041833202,False,,
-4.875,,-1.0660553489829292,3.160618326796185,False,,
-4.869999999999999,,-1.0649743576375625,3.1583328933169454,False,,
-4.865,,-1.0638932916856745,3.156047603741365,False,,
-4.859999999999999,,-1.062812151125003,3.153762458065203,False,,
-4.855,,-1.061730935953288,3.151477456284223,False,,
-4.85,,-1.0606496461682688,3.149192598394185,False,,
-4.845000000000001,,-1.059568281767684,3.146907884390851,False,,
-4.84,,-1.0584868427492733,3.1446233142699853,False,,
-4.834999999999999,,-1.057405329110775,3.142338888027345,False,,
-4.83,,-1.0563237408499293,3.1400546056586984,False,,
-4.824999999999999,,-1.0552420779644742,3.137770467159802,False,,
-4.82,,-1.0541603404521496,3.1354864725264218,False,,
-4.8149999999999995,,-1.0530785283106932,3.1332026217543176,False,,
-4.8100000000000005,,-1.0519966415378454,3.1309189148392544,False,,
-4.805,,-1.0509146801313438,3.1286353517769916,False,,
-4.799999999999999,,-1.0498326440889274,3.1263519325632934,False,,
-4.795,,-1.0487505334083351,3.1240686571939227,False,,
-4.789999999999999,,-1.047668348087306,3.121785525664641,False,,
-4.785,,-1.0465860881235782,3.119502537971213,False,,
-4.779999999999999,,-1.0455037535148903,3.1172196941093997,False,,
-4.775,,-1.0444213442589818,3.1149369940749647,False,,
-4.77,,-1.04333886035359,3.1126544378636716,False,,
-4.765000000000001,,-1.0422563017964541,3.110372025471282,False,,
-4.76,,-1.0411736685853121,3.10808975689356,False,,
-4.754999999999999,,-1.0400909607179027,3.1058076321262686,False,,
-4.75,,-1.0390081781919647,3.1035256511651728,False,,
-4.744999999999999,,-1.0379253210052348,3.1012438140060317,False,,
-4.74,,-1.0368423891554537,3.0989621206446145,False,,
-4.734999999999999,,-1.0357593826403577,3.0966805710766803,False,,
-4.73,,-1.0346763014576856,3.094399165297995,False,,
-4.725,,-1.0335931456051757,3.092117903304321,False,,
-4.720000000000001,,-1.032509915080566,3.089836785091424,False,,
-4.715,,-1.0314266098815943,3.0875558106550653,False,,
-4.709999999999999,,-1.0303432300059985,3.08527497999101,False,,
-4.705,,-1.0292597754515176,3.082994293095024,False,,
-4.699999999999999,,-1.0281762462158885,3.080713749962869,False,,
-4.695,,-1.0270926422968498,3.078433350590311,False,,
-4.6899999999999995,,-1.0260089636921383,3.076153094973111,False,,
-4.6850000000000005,,-1.024925210399493,3.073872983107038,False,,
-4.68,,-1.0238413824166501,3.071593014987852,False,,
-4.674999999999999,,-1.0227574797413488,3.0693131906113207,False,,
-4.67,,-1.0216735023713266,3.067033509973208,False,,
-4.664999999999999,,-1.0205894503043207,3.064753973069278,False,,
-4.66,,-1.0195053235380689,3.062474579895296,False,,
-4.654999999999999,,-1.018421122070308,3.0601953304470264,False,,
-4.65,,-1.0173368458987766,3.0579162247202345,False,,
-4.645,,-1.0162524950212113,3.0556372627106843,False,,
-4.640000000000001,,-1.01516806943535,3.053358444414143,False,,
-4.635,,-1.0140835691389296,3.051079769826373,False,,
-4.629999999999999,,-1.0129989941296877,3.048801238943141,False,,
-4.625,,-1.011914344405362,3.046522851760213,False,,
-4.619999999999999,,-1.010829619963689,3.044244608273354,False,,
-4.615,,-1.0097448208024065,3.041966508478329,False,,
-4.609999999999999,,-1.0086599469192512,3.0396885523709036,False,,
-4.605,,-1.0075749983119604,3.037410739946844,False,,
-4.6,,-1.0064899749782712,3.0351330712019156,False,,
-4.595000000000001,,-1.00540487691592,3.0328555461318842,False,,
-4.59,,-1.004319704122645,3.030578164732516,False,,
-4.584999999999999,,-1.003234456596182,3.0283009269995746,False,,
-4.58,,-1.0021491343342686,3.0260238329288303,False,,
-4.574999999999999,,-1.001063737334641,3.023746882516046,False,,
-4.57,,-0.9999782655950367,3.0214700757569903,False,,
-4.5649999999999995,,-0.9988927191131918,3.019193412647426,False,,
-4.5600000000000005,,-0.9978070978868436,3.016916893183123,False,,
-4.555,,-0.996721401913728,3.0146405173598456,False,,
-4.549999999999999,,-0.9956356311915825,3.0123642851733616,False,,
-4.545,,-0.9945497857181435,3.010088196619437,False,,
-4.539999999999999,,-0.993463865491147,3.0078122516938386,False,,
-4.535,,-0.9923778705083304,3.0055364503923343,False,,
-4.529999999999999,,-0.9912918007674288,3.0032607927106874,False,,
-4.525,,-0.99020565626618,3.0009852786446682,False,,
-4.52,,-0.9891194370023195,2.998709908190042,False,,
-4.515000000000001,,-0.9880331429735842,2.9964346813425786,False,,
-4.51,,-0.9869467741777099,2.994159598098042,False,,
-4.504999999999999,,-0.9858603306124327,2.9918846584522,False,,
-4.5,,-0.9847738122754893,2.9896098624008216,False,,
-4.494999999999999,,-0.9836872191646158,2.9873352099396726,False,,
-4.49,,-0.9826005512775482,2.985060701064521,False,,
-4.484999999999999,,-0.9815138086120223,2.9827863357711344,False,,
-4.48,,-0.9804269911657747,2.9805121140552817,False,,
-4.475,,-0.9793400989365406,2.978238035912727,False,,
-4.470000000000001,,-0.9782531319220564,2.975964101339242,False,,
-4.465,,-0.9771660901200581,2.9736903103305927,False,,
-4.459999999999999,,-0.9760789735282813,2.9714166628825476,False,,
-4.455,,-0.9749917821444618,2.9691431589908746,False,,
-4.449999999999999,,-0.9739045159663355,2.9668697986513415,False,,
-4.445,,-0.9728171749916381,2.964596581859717,False,,
-4.4399999999999995,,-0.9717297592181053,2.962323508611769,False,,
-4.4350000000000005,,-0.9706422686434729,2.9600505789032665,False,,
-4.43,,-0.9695547032654757,2.957777792729977,False,,
-4.424999999999999,,-0.9684670630818498,2.95550515008767,False,,
-4.42,,-0.9673793480903314,2.9532326509721134,False,,
-4.414999999999999,,-0.9662915582886548,2.950960295379076,False,,
-4.41,,-0.965203693674556,2.9486880833043267,False,,
-4.404999999999999,,-0.9641157542457701,2.946416014743635,False,,
-4.4,,-0.9630277400000329,2.944144089692769,False,,
-4.395,,-0.9619396509350786,2.941872308147497,False,,
-4.390000000000001,,-0.9608514870486438,2.939600670103589,False,,
-4.385,,-0.9597632483384628,2.9373291755568145,False,,
-4.379999999999999,,-0.9586749348022714,2.935057824502943,False,,
-4.375,,-0.9575865464378042,2.932786616937743,False,,
-4.369999999999999,,-0.9564980832427962,2.930515552856983,False,,
-4.365,,-0.9554095452149831,2.928244632256435,False,,
-4.359999999999999,,-0.9543209323520985,2.9259738551318657,False,,
-4.355,,-0.9532322446518793,2.9237032214790473,False,,
-4.35,,-0.9521434821120589,2.921432731293748,False,,
-4.345000000000001,,-0.9510546447303728,2.919162384571738,False,,
-4.34,,-0.9499657325045553,2.9168921813087882,False,,
-4.334999999999999,,-0.9488767454323415,2.914622121500666,False,,
-4.33,,-0.9477876835114663,2.9123522051431436,False,,
-4.324999999999999,,-0.946698546739664,2.9100824322319907,False,,
-4.32,,-0.9456093351146699,2.9078128027629777,False,,
-4.3149999999999995,,-0.9445200486342172,2.9055433167318734,False,,
-4.3100000000000005,,-0.9434306872960423,2.903273974134451,False,,
-4.305,,-0.9423412510978781,2.9010047749664776,False,,
-4.299999999999999,,-0.9412517400374597,2.8987357192237253,False,,
-4.295,,-0.9401621541125218,2.896466806901966,False,,
-4.289999999999999,,-0.9390724933207983,2.8941980379969685,False,,
-4.285,,-0.9379827576600243,2.8919294125045045,False,,
-4.279999999999999,,-0.9368929471279326,2.8896609304203444,False,,
-4.275,,-0.9358030617222591,2.887392591740259,False,,
-4.27,,-0.9347131014407368,2.8851243964600197,False,,
-4.265000000000001,,-0.9336230662811005,2.882856344575397,False,,
-4.26,,-0.932532956241084,2.8805884360821636,False,,
-4.254999999999999,,-0.9314427713184215,2.8783206709760885,False,,
-4.25,,-0.9303525115108472,2.876053049252945,False,,
-4.244999999999999,,-0.9292621768160947,2.8737855709085034,False,,
-4.24,,-0.9281717672318983,2.8715182359385354,False,,
-4.234999999999999,,-0.9270812827559918,2.869251044338813,False,,
-4.23,,-0.9259907233861093,2.866983996105108,False,,
-4.225,,-0.9249000891199837,2.8647170912331896,False,,
-4.220000000000001,,-0.9238093799553497,2.8624503297188335,False,,
-4.215,,-0.9227185958899404,2.8601837115578084,False,,
-4.209999999999999,,-0.92162773692149,2.857917236745888,False,,
-4.205,,-0.9205368030477321,2.8556509052788437,False,,
-4.199999999999999,,-0.9194457942663996,2.8533847171524487,False,,
-4.195,,-0.9183547105752272,2.8511186723624737,False,,
-4.1899999999999995,,-0.9172635519719476,2.848852770904692,False,,
-4.1850000000000005,,-0.9161723184542945,2.8465870127748754,False,,
-4.18,,-0.9150810100200008,2.8443213979687956,False,,
-4.174999999999999,,-0.9139896266668003,2.842055926482226,False,,
-4.17,,-0.9128981683924269,2.83979059831094,False,,
-4.164999999999999,,-0.9118066351946132,2.8375254134507095,False,,
-4.16,,-0.9107150270710926,2.8352603718973075,False,,
-4.154999999999999,,-0.9096233440195978,2.8329954736465055,False,,
-4.15,,-0.9085315860378633,2.8307307186940784,False,,
-4.145,,-0.907439753123621,2.8284661070357986,False,,
-4.140000000000001,,-0.9063478452746043,2.8262016386674373,False,,
-4.135,,-0.9052558624885461,2.8239373135847705,False,,
-4.129999999999999,,-0.9041638047631797,2.8216731317835695,False,,
-4.125,,-0.9030716720962382,2.819409093259609,False,,
-4.119999999999999,,-0.9019794644854541,2.817145198008662,False,,
-4.115,,-0.9008871819285602,2.814881446026501,False,,
-4.109999999999999,,-0.8997948244232894,2.8126178373088995,False,,
-4.105,,-0.8987023919673751,2.8103543718516333,False,,
-4.1,,-0.8976098845585487,2.808091049650473,False,,
-4.095000000000001,,-0.8965173021945444,2.8058278707011963,False,,
-4.09,,-0.8954246448730938,2.803564834999573,False,,
-4.084999999999999,,-0.8943319125919297,2.80130194254138,False,,
-4.08,,-0.8932391053487851,2.7990391933223906,False,,
-4.074999999999999,,-0.8921462231413917,2.7967765873383774,False,,
-4.07,,-0.8910532659674829,2.794514124585117,False,,
-4.0649999999999995,,-0.8899602338247901,2.792251805058381,False,,
-4.0600000000000005,,-0.8888671267110468,2.789989628753946,False,,
-4.055,,-0.8877739446239845,2.787727595667585,False,,
-4.049999999999999,,-0.8866806875613358,2.7854657057950742,False,,
-4.045,,-0.8855873555208329,2.7832039591321873,False,,
-4.039999999999999,,-0.8844939485002081,2.7809423556746977,False,,
-4.035,,-0.8834004664971936,2.7786808954183826,False,,
-4.029999999999999,,-0.8823069095095208,2.7764195783590138,False,,
-4.025,,-0.8812132775349233,2.7741584044923697,False,,
-4.02,,-0.8801195705711315,2.7718973738142223,False,,
-4.015000000000001,,-0.8790257886158785,2.7696364863203486,False,,
-4.01,,-0.8779319316668956,2.7673757420065233,False,,
-4.004999999999999,,-0.8768379997219147,2.7651151408685193,False,,
-4.0,,-0.8757439927786685,2.7628546829021166,False,,
-3.994999999999999,,-0.874649910834888,2.760594368103087,False,,
-3.99,,-0.8735557538883052,2.7583341964672075,False,,
-3.9849999999999994,,-0.8724615219366516,2.756074167990252,False,,
-3.9800000000000004,,-0.8713672149776598,2.7538142826679985,False,,
-3.9749999999999996,,-0.8702728330090601,2.7515545404962207,False,,
-3.9700000000000006,,-0.8691783760285852,2.749294941470696,False,,
-3.965,,-0.8680838440339658,2.7470354855871983,False,,
-3.959999999999999,,-0.866989237022934,2.7447761728415054,False,,
-3.955,,-0.8658945549932211,2.742517003229393,False,,
-3.9499999999999993,,-0.8647997979425583,2.740257976746636,False,,
-3.9450000000000003,,-0.8637049658686777,2.7379990933890124,False,,
-3.9399999999999995,,-0.8626100587693097,2.735740353152296,False,,
-3.9350000000000005,,-0.8615150766421866,2.7334817560322664,False,,
-3.9299999999999997,,-0.8604200194850387,2.7312233020246977,False,,
-3.924999999999999,,-0.8593248872955973,2.728964991125366,False,,
-3.92,,-0.8582296800715945,2.726706823330051,False,,
-3.914999999999999,,-0.8571343978107602,2.7244487986345254,False,,
-3.91,,-0.8560390405108267,2.7221909170345695,False,,
-3.9049999999999994,,-0.8549436081695236,2.719933178525957,False,,
-3.9000000000000004,,-0.8538481007845835,2.7176755831044668,False,,
-3.8949999999999996,,-0.8527525183537361,2.715418130765875,False,,
-3.8900000000000006,,-0.8516568608747132,2.7131608215059604,False,,
-3.885,,-0.8505611283452447,2.7109036553204966,False,,
-3.879999999999999,,-0.8494653207630618,2.708646632205264,False,,
-3.875,,-0.8483694381258962,2.7063897521560394,False,,
-3.869999999999999,,-0.8472734804314772,2.7041330151685994,False,,
-3.865,,-0.8461774476775364,2.7018764212387225,False,,
-3.8599999999999994,,-0.845081339861804,2.6996199703621846,False,,
-3.8550000000000004,,-0.8439851569820109,2.697363662534764,False,,
-3.8499999999999996,,-0.8428888990358874,2.6951074977522396,False,,
-3.8450000000000006,,-0.8417925660211645,2.6928514760103877,False,,
-3.84,,-0.8406961579355718,2.690595597304987,False,,
-3.834999999999999,,-0.8395996747768404,2.688339861631815,False,,
-3.83,,-0.8385031165427008,2.68608426898665,False,,
-3.8249999999999993,,-0.8374064832308826,2.683828819365269,False,,
-3.8200000000000003,,-0.8363097748391173,2.6815735127634532,False,,
-3.8149999999999995,,-0.8352129913651338,2.6793183491769774,False,,
-3.8100000000000005,,-0.8341161328066633,2.6770633286016228,False,,
-3.8049999999999997,,-0.8330191991614352,2.674808451033165,False,,
-3.799999999999999,,-0.8319221904271801,2.672553716467384,False,,
-3.795,,-0.8308251066016287,2.670299124900059,False,,
-3.789999999999999,,-0.8297279476825096,2.668044676326968,False,,
-3.785,,-0.8286307136675541,2.66579037074389,False,,
-3.7799999999999994,,-0.8275334045544909,2.6635362081466027,False,,
-3.7750000000000004,,-0.8264360203410515,2.661282188530887,False,,
-3.7699999999999996,,-0.825338561024964,2.65902831189252,False,,
-3.7650000000000006,,-0.8242410266039597,2.6567745782272816,False,,
-3.76,,-0.8231434170757672,2.6545209875309506,False,,
-3.754999999999999,,-0.8220457324381172,2.6522675397993067,False,,
-3.75,,-0.8209479726887392,2.6500142350281295,False,,
-3.744999999999999,,-0.819850137825362,2.6477610732131973,False,,
-3.74,,-0.8187522278457162,2.6455080543502905,False,,
-3.7349999999999994,,-0.817654242747531,2.6432551784351883,False,,
-3.7300000000000004,,-0.8165561825285361,2.6410024454636707,False,,
-3.7249999999999996,,-0.8154580471864604,2.6387498554315156,False,,
-3.7200000000000006,,-0.8143598367190341,2.6364974083345056,False,,
-3.715,,-0.8132615511239858,2.6342451041684187,False,,
-3.709999999999999,,-0.8121631903990454,2.6319929429290347,False,,
-3.705,,-0.8110647545419422,2.6297409246121353,False,,
-3.6999999999999993,,-0.8099662435504053,2.627489049213499,False,,
-3.6950000000000003,,-0.8088676574221638,2.625237316728907,False,,
-3.6899999999999995,,-0.8077689961549471,2.622985727154138,False,,
-3.6850000000000005,,-0.8066702597464843,2.620734280484975,False,,
-3.6799999999999997,,-0.805571448194504,2.6184829767171953,False,,
-3.674999999999999,,-0.8044725614967361,2.6162318158465814,False,,
-3.67,,-0.803373599650909,2.6139807978689147,False,,
-3.664999999999999,,-0.8022745626547516,2.611729922779973,False,,
-3.66,,-0.8011754505059933,2.6094791905755397,False,,
-3.6549999999999994,,-0.8000762632023626,2.607228601251393,False,,
-3.6500000000000004,,-0.7989770007415884,2.604978154803317,False,,
-3.6449999999999996,,-0.7978776631213991,2.60272785122709,False,,
-3.6400000000000006,,-0.7967782503395244,2.6004776905184954,False,,
-3.635,,-0.7956787623936918,2.5982276726733113,False,,
-3.629999999999999,,-0.7945791992816309,2.595977797687321,False,,
-3.625,,-0.7934795610010701,2.5937280655563066,False,,
-3.619999999999999,,-0.7923798475497372,2.591478476276047,False,,
-3.615,,-0.7912800589253619,2.589229029842326,False,,
-3.6099999999999994,,-0.7901801951256717,2.5869797262509238,False,,
-3.6050000000000004,,-0.7890802561483958,2.584730565497622,False,,
-3.5999999999999996,,-0.787980241991262,2.582481547578203,False,,
-3.5950000000000006,,-0.7868801526519993,2.5802326724884486,False,,
-3.59,,-0.7857799881283349,2.5779839402241387,False,,
-3.584999999999999,,-0.7846797484179979,2.575735350781058,False,,
-3.58,,-0.7835794335187167,2.5734869041549873,False,,
-3.5749999999999993,,-0.782479043428219,2.571238600341709,False,,
-3.5700000000000003,,-0.7813785781442328,2.568990439337004,False,,
-3.5649999999999995,,-0.7802780376644867,2.566742421136656,False,,
-3.5600000000000005,,-0.7791774219867086,2.564494545736447,False,,
-3.5549999999999997,,-0.7780767311086261,2.562246813132159,False,,
-3.549999999999999,,-0.7769759650279671,2.5599992233195747,False,,
-3.545,,-0.7758751237424604,2.5577517762944773,False,,
-3.539999999999999,,-0.7747742072498327,2.5555044720526485,False,,
-3.535,,-0.7736732155478132,2.5532573105898724,False,,
-3.5299999999999994,,-0.7725721486341284,2.5510102919019295,False,,
-3.5250000000000004,,-0.7714710065065071,2.548763415984605,False,,
-3.5199999999999996,,-0.7703697891626757,2.54651668283368,False,,
-3.5150000000000006,,-0.7692684966003631,2.5442700924449397,False,,
-3.51,,-0.768167128817296,2.542023644814165,False,,
-3.504999999999999,,-0.7670656858112024,2.5397773399371406,False,,
-3.5,,-0.7659641675798101,2.537531177809649,False,,
-3.494999999999999,,-0.7648625741208459,2.5352851584274734,False,,
-3.49,,-0.7637609054320381,2.533039281786399,False,,
-3.4849999999999994,,-0.762659161511113,2.5307935478822072,False,,
-3.4800000000000004,,-0.7615573423557991,2.5285479567106828,False,,
-3.4749999999999996,,-0.7604554479638224,2.5263025082676087,False,,
-3.4700000000000006,,-0.7593534783329117,2.5240572025487698,False,,
-3.465,,-0.7582514334607928,2.5218120395499493,False,,
-3.459999999999999,,-0.7571493133451934,2.51956701926693,False,,
-3.455,,-0.7560471179838413,2.5173221416954985,False,,
-3.4499999999999993,,-0.7549448473744624,2.515077406831436,False,,
-3.4450000000000003,,-0.7538425015147848,2.5128328146705297,False,,
-3.4399999999999995,,-0.7527400804025348,2.5105883652085605,False,,
-3.4350000000000005,,-0.7516375840354397,2.508344058441316,False,,
-3.4299999999999997,,-0.7505350124112262,2.506099894364578,False,,
-3.424999999999999,,-0.7494323655276209,2.503855872974132,False,,
-3.42,,-0.7483296433823519,2.5016119942657635,False,,
-3.414999999999999,,-0.747226845973144,2.499368258235255,False,,
-3.41,,-0.7461239732977261,2.4971246648783936,False,,
-3.4049999999999994,,-0.745021025353823,2.494881214190962,False,,
-3.4000000000000004,,-0.7439180021391627,2.4926379061687474,False,,
-3.3949999999999996,,-0.7428149036514708,2.490394740807533,False,,
-3.3900000000000006,,-0.7417117298884748,2.4881517181031043,False,,
-3.385,,-0.7406084808479003,2.4859088380512455,False,,
-3.379999999999999,,-0.7395051565274744,2.483666100647743,False,,
-3.375,,-0.7384017569249235,2.4814235058883822,False,,
-3.369999999999999,,-0.7372982820379737,2.479181053768948,False,,
-3.365,,-0.7361947318643516,2.476938744285226,False,,
-3.3599999999999994,,-0.7350911064017833,2.4746965774330016,False,,
-3.3550000000000004,,-0.7339874056479956,2.4724545532080606,False,,
-3.3499999999999996,,-0.7328836296007134,2.470212671606188,False,,
-3.3450000000000006,,-0.7317797782576647,2.467970932623171,False,,
-3.34,,-0.7306758516165741,2.4657293362547934,False,,
-3.334999999999999,,-0.7295718496751682,2.4634878824968425,False,,
-3.33,,-0.7284677724311736,2.4612465713451046,False,,
-3.3249999999999993,,-0.7273636198823156,2.4590054027953645,False,,
-3.3200000000000003,,-0.7262593920263205,2.4567643768434104,False,,
-3.3149999999999995,,-0.7251550888609137,2.4545234934850253,False,,
-3.3100000000000005,,-0.7240507103838221,2.452282752715999,False,,
-3.3049999999999997,,-0.7229462565927702,2.4500421545321154,False,,
-3.299999999999999,,-0.7218417274854847,2.4478016989291618,False,,
-3.295,,-0.7207371230596913,2.4455613859029253,False,,
-3.289999999999999,,-0.7196324433131154,2.4433212154491923,False,,
-3.285,,-0.7185276882434828,2.4410811875637495,False,,
-3.2799999999999994,,-0.7174228578485189,2.438841302242383,False,,
-3.2750000000000004,,-0.7163179521259497,2.4366015594808808,False,,
-3.2699999999999996,,-0.7152129710735,2.4343619592750283,False,,
-3.2650000000000006,,-0.7141079146888962,2.432122501620615,False,,
-3.26,,-0.713002782969863,2.4298831865134254,False,,
-3.254999999999999,,-0.711897575914126,2.427644013949247,False,,
-3.25,,-0.7107922935194109,2.42540498392387,False,,
-3.244999999999999,,-0.7096869357834422,2.4231660964330777,False,,
-3.24,,-0.7085815027039464,2.4209273514726606,False,,
-3.2349999999999994,,-0.7074759942786473,2.418688749038405,False,,
-3.2300000000000004,,-0.7063704105052714,2.4164502891260984,False,,
-3.2249999999999996,,-0.7052647513815429,2.414211971731528,False,,
-3.2200000000000006,,-0.7041590169051872,2.4119737968504835,False,,
-3.215,,-0.703053207073929,2.409735764478751,False,,
-3.209999999999999,,-0.7019473218854939,2.407497874612118,False,,
-3.205,,-0.7008413613376065,2.4052601272463745,False,,
-3.1999999999999993,,-0.6997353254279917,2.4030225223773063,False,,
-3.1950000000000003,,-0.6986292141543748,2.400785060000704,False,,
-3.1899999999999995,,-0.6975230275144801,2.3985477401123534,False,,
-3.1850000000000005,,-0.6964167655060326,2.396310562708045,False,,
-3.1799999999999997,,-0.6953104281267568,2.394073527783565,False,,
-3.174999999999999,,-0.6942040153743778,2.3918366353347036,False,,
-3.17,,-0.6930975272466202,2.3895998853572484,False,,
-3.164999999999999,,-0.6919909637412083,2.3873632778469887,False,,
-3.16,,-0.690884324855867,2.3851268127997125,False,,
-3.1549999999999994,,-0.6897776105883207,2.382890490211209,False,,
-3.1500000000000004,,-0.6886708209362937,2.3806543100772677,False,,
-3.1449999999999996,,-0.6875639558975104,2.3784182723936764,False,,
-3.1400000000000006,,-0.6864570154696958,2.3761823771562245,False,,
-3.135,,-0.6853499996505734,2.373946624360701,False,,
-3.129999999999999,,-0.6842429084378676,2.371711014002895,False,,
-3.125,,-0.6831357418293038,2.369475546078598,False,,
-3.119999999999999,,-0.6820284998226049,2.3672402205835947,False,,
-3.115,,-0.6809211824154959,2.3650050375136793,False,,
-3.1099999999999994,,-0.6798137896057004,2.362769996864638,False,,
-3.1050000000000004,,-0.6787063213909428,2.360535098632263,False,,
-3.0999999999999996,,-0.6775987777689467,2.358300342812341,False,,
-3.0950000000000006,,-0.6764911587374369,2.356065729400665,False,,
-3.09,,-0.6753834642941365,2.3538312583930217,False,,
-3.084999999999999,,-0.6742756944367698,2.3515969297852024,False,,
-3.08,,-0.6731678491630613,2.349362743572999,False,,
-3.0749999999999993,,-0.6720599284707336,2.3471286997521976,False,,
-3.0700000000000003,,-0.6709519323575115,2.3448947983185917,False,,
-3.0649999999999995,,-0.6698438608211177,2.342661039267969,False,,
-3.0600000000000005,,-0.6687357138592772,2.3404274225961226,False,,
-3.0549999999999997,,-0.6676274914697126,2.3381939482988408,False,,
-3.049999999999999,,-0.666519193650148,2.335960616371914,False,,
-3.045,,-0.6654108203983071,2.3337274268111345,False,,
-3.039999999999999,,-0.6643023717119125,2.331494379612291,False,,
-3.035,,-0.6631938475886892,2.329261474771175,False,,
-3.0299999999999994,,-0.6620852480263592,2.3270287122835773,False,,
-3.0250000000000004,,-0.6609765730226467,2.3247960921452897,False,,
-3.0199999999999996,,-0.6598678225752745,2.3225636143521005,False,,
-3.0150000000000006,,-0.6587589966819669,2.320331278899803,False,,
-3.01,,-0.6576500953404458,2.318099085784188,False,,
-3.004999999999999,,-0.6565411185484356,2.3158670350010455,False,,
-3.0,,-0.6554320663036588,2.3136351265461688,False,,
-2.994999999999999,,-0.6543229386038386,2.3114033604153477,False,,
-2.99,,-0.6532137354466985,2.3091717366043736,False,,
-2.9849999999999994,,-0.6521044568299611,2.3069402551090388,False,,
-2.9800000000000004,,-0.6509951027513496,2.3047089159251346,False,,
-2.9749999999999996,,-0.6498856732085868,2.302477719048451,False,,
-2.969999999999999,,-0.6487761681993957,2.3002466644747823,False,,
-2.965,,-0.6476665877214995,2.2980157521999196,False,,
-2.959999999999999,,-0.6465569317726203,2.2957849822196534,False,,
-2.955,,-0.6454472003504816,2.2935543545297774,False,,
-2.9499999999999993,,-0.6443373934528056,2.291323869126083,False,,
-2.9450000000000003,,-0.643227511077316,2.289093526004363,False,,
-2.9399999999999995,,-0.6421175532217335,2.2868633251604074,False,,
-2.9350000000000005,,-0.6410075198837831,2.2846332665900113,False,,
-2.9299999999999997,,-0.6398974110611851,2.2824033502889645,False,,
-2.924999999999999,,-0.6387872267516637,2.280173576253061,False,,
-2.92,,-0.6376769669529405,2.2779439444780936,False,,
-2.914999999999999,,-0.6365666316627384,2.2757144549598545,False,,
-2.91,,-0.6354562208787797,2.2734851076941363,False,,
-2.9049999999999994,,-0.6343457345987862,2.2712559026767307,False,,
-2.9000000000000004,,-0.6332351728204813,2.2690268399034323,False,,
-2.8949999999999996,,-0.6321245355415861,2.266797919370033,False,,
-2.8900000000000006,,-0.6310138227598237,2.264569141072326,False,,
-2.885,,-0.6299030344729153,2.2623405050061045,False,,
-2.879999999999999,,-0.6287921706785842,2.2601120111671618,False,,
-2.875,,-0.6276812313745517,2.2578836595512914,False,,
-2.869999999999999,,-0.6265702165585401,2.2556554501542854,False,,
-2.865,,-0.6254591262282714,2.253427382971939,False,,
-2.8599999999999994,,-0.6243479603814674,2.251199458000044,False,,
-2.8550000000000004,,-0.6232367190158505,2.2489716752343956,False,,
-2.8499999999999996,,-0.6221254021291416,2.246744034670785,False,,
-2.844999999999999,,-0.6210140097190633,2.2445165363050084,False,,
-2.84,,-0.6199025417833375,2.2422891801328584,False,,
-2.834999999999999,,-0.6187909983196855,2.2400619661501295,False,,
-2.83,,-0.6176793793258293,2.2378348943526145,False,,
-2.8249999999999993,,-0.6165676847994901,2.2356079647361096,False,,
-2.8200000000000003,,-0.6154559147383902,2.2333811772964065,False,,
-2.8149999999999995,,-0.6143440691402504,2.2311545320293007,False,,
-2.8100000000000005,,-0.6132321480027929,2.2289280289305866,False,,
-2.8049999999999997,,-0.6121201513237385,2.226701667996057,False,,
-2.799999999999999,,-0.611008079100809,2.2244754492215084,False,,
-2.795,,-0.6098959313317264,2.222249372602735,False,,
-2.789999999999999,,-0.6087837080142109,2.22002343813553,False,,
-2.785,,-0.6076714091459848,2.21779764581569,False,,
-2.7799999999999994,,-0.6065590347247685,2.2155719956390074,False,,
-2.7750000000000004,,-0.605446584748284,2.2133464876012794,False,,
-2.7699999999999996,,-0.6043340592142517,2.211121121698299,False,,
-2.7650000000000006,,-0.6032214581203934,2.208895897925863,False,,
-2.76,,-0.6021087814644296,2.2066708162797646,False,,
-2.754999999999999,,-0.6009960292440819,2.2044458767558,False,,
-2.75,,-0.5998832014570714,2.2022210793497647,False,,
-2.744999999999999,,-0.598770298101118,2.1999964240574537,False,,
-2.74,,-0.597657319173944,2.1977719108746623,False,,
-2.7349999999999994,,-0.596544264673269,2.195547539797186,False,,
-2.7300000000000004,,-0.5954311345968151,2.19332331082082,False,,
-2.7249999999999996,,-0.5943179289423018,2.191099223941361,False,,
-2.719999999999999,,-0.5932046477074506,2.188875279154603,False,,
-2.715,,-0.5920912908899822,2.186651476456343,False,,
-2.709999999999999,,-0.590977858487617,2.184427815842377,False,,
-2.705,,-0.5898643504980758,2.182204297308501,False,,
-2.6999999999999993,,-0.5887507669190791,2.17998092085051,False,,
-2.6950000000000003,,-0.5876371077483473,2.1777576864642016,False,,
-2.6899999999999995,,-0.586523372983601,2.17553459414537,False,,
-2.6850000000000005,,-0.5854095626225605,2.1733116438898143,False,,
-2.6799999999999997,,-0.5842956766629461,2.1710888356933276,False,,
-2.674999999999999,,-0.5831817151024785,2.168866169551708,False,,
-2.67,,-0.582067677938878,2.166643645460753,False,,
-2.664999999999999,,-0.5809535651698645,2.1644212634162567,False,,
-2.66,,-0.5798393767931589,2.1621990234140185,False,,
-2.6549999999999994,,-0.5787251128064801,2.1599769254498327,False,,
-2.6500000000000004,,-0.5776107732075497,2.157754969519498,False,,
-2.6449999999999996,,-0.5764963579940867,2.1555331556188104,False,,
-2.6400000000000006,,-0.5753818671638119,2.1533114837435674,False,,
-2.635,,-0.5742673007144443,2.1510899538895645,False,,
-2.629999999999999,,-0.573152658643705,2.1488685660526006,False,,
-2.625,,-0.5720379409493135,2.146647320228473,False,,
-2.619999999999999,,-0.5709231476289891,2.1444262164129775,False,,
-2.615,,-0.5698082786804526,2.1422052546019135,False,,
-2.6099999999999994,,-0.5686933341014231,2.139984434791076,False,,
-2.6050000000000004,,-0.5675783138896207,2.137763756976265,False,,
-2.5999999999999996,,-0.5664632180427644,2.1355432211532763,False,,
-2.594999999999999,,-0.5653480465585745,2.133322827317908,False,,
-2.59,,-0.5642327994347709,2.1311025754659587,False,,
-2.584999999999999,,-0.5631174766690721,2.1288824655932252,False,,
-2.58,,-0.5620020782591988,2.1266624976955066,False,,
-2.5749999999999993,,-0.5608866042028695,2.1244426717686,False,,
-2.5700000000000003,,-0.5597710544978047,2.1222229878083043,False,,
-2.5649999999999995,,-0.5586554291417225,2.1200034458104158,False,,
-2.5600000000000005,,-0.5575397281323435,2.117784045770735,False,,
-2.5549999999999997,,-0.5564239514673859,2.1155647876850594,False,,
-2.549999999999999,,-0.5553080991445694,2.113345671549187,False,,
-2.545,,-0.5541921711616137,2.1111266973589173,False,,
-2.539999999999999,,-0.5530761675162371,2.108907865110048,False,,
-2.535,,-0.5519600882061597,2.106689174798378,False,,
-2.5299999999999994,,-0.5508439332290993,2.104470626419705,False,,
-2.5250000000000004,,-0.5497277025827765,2.102252219969831,False,,
-2.5199999999999996,,-0.5486113962649088,2.100033955444551,False,,
-2.5150000000000006,,-0.5474950142732166,2.0978158328396663,False,,
-2.51,,-0.5463785566054176,2.095597852150975,False,,
-2.504999999999999,,-0.5452620232592307,2.093380013374276,False,,
-2.5,,-0.5441454142323761,2.091162316505371,False,,
-2.494999999999999,,-0.5430287295225706,2.0889447615400556,False,,
-2.49,,-0.5419119691275348,2.086727348474132,False,,
-2.4849999999999994,,-0.5407951330449862,2.084510077303398,False,,
-2.4800000000000004,,-0.5396782212726439,2.082292948023654,False,,
-2.4749999999999996,,-0.5385612338082263,2.0800759606306993,False,,
-2.469999999999999,,-0.5374441706494519,2.077859115120334,False,,
-2.465,,-0.5363270317940397,2.0756424114883574,False,,
-2.459999999999999,,-0.5352098172397077,2.073425849730569,False,,
-2.455,,-0.5340925269841748,2.07120942984277,False,,
-2.4499999999999993,,-0.5329751610251585,2.0689931518207585,False,,
-2.4450000000000003,,-0.5318577193603784,2.066777015660337,False,,
-2.4399999999999995,,-0.5307402019875516,2.064561021357303,False,,
-2.4350000000000005,,-0.5296226089043975,2.0623451689074592,False,,
-2.4299999999999997,,-0.528504940108633,2.060129458306604,False,,
-2.424999999999999,,-0.527387195597977,2.0579138895505382,False,,
-2.42,,-0.526269375370148,2.055698462635064,False,,
-2.414999999999999,,-0.5251514794228634,2.05348317755598,False,,
-2.41,,-0.5240335077538418,2.0512680343090883,False,,
-2.4049999999999994,,-0.5229154603608006,2.0490530328901873,False,,
-2.4000000000000004,,-0.5217973372414584,2.0468381732950807,False,,
-2.3949999999999996,,-0.5206791383935324,2.0446234555195675,False,,
-2.3900000000000006,,-0.5195608638147412,2.0424088795594493,False,,
-2.385,,-0.5184425135028017,2.0401944454105267,False,,
-2.379999999999999,,-0.5173240874554326,2.0379801530686006,False,,
-2.375,,-0.5162055856703514,2.0357660025294737,False,,
-2.369999999999999,,-0.5150870081452753,2.0335519937889455,False,,
-2.365,,-0.5139683548779227,2.0313381268428197,False,,
-2.3599999999999994,,-0.5128496258660105,2.029124401686895,False,,
-2.3550000000000004,,-0.5117308211072569,2.026910818316974,False,,
-2.3499999999999996,,-0.5106119405993786,2.0246973767288585,False,,
-2.344999999999999,,-0.5094929843400937,2.02248407691835,False,,
-2.34,,-0.5083739523271198,2.020270918881251,False,,
-2.334999999999999,,-0.5072548445581737,2.0180579026133625,False,,
-2.33,,-0.5061356610309732,2.015845028110486,False,,
-2.3249999999999993,,-0.5050164017432353,2.0136322953684243,False,,
-2.3200000000000003,,-0.5038970666926776,2.0114197043829805,False,,
-2.3149999999999995,,-0.5027776558770167,2.0092072551499536,False,,
-2.3100000000000005,,-0.5016581692939703,2.0069949476651487,False,,
-2.3049999999999997,,-0.5005386069412554,2.004782781924367,False,,
-2.299999999999999,,-0.49941896881658876,2.0025707579234107,False,,
-2.295,,-0.4982992549176884,2.0003588756580832,False,,
-2.289999999999999,,-0.4971794652422701,1.9981471351241864,False,,
-2.285,,-0.49605959978805164,1.995935536317523,False,,
-2.2799999999999994,,-0.49493965855274913,1.9937240792338953,False,,
-2.2750000000000004,,-0.49381964153408037,1.9915127638691068,False,,
-2.2699999999999996,,-0.4926995487297613,1.9893015902189597,False,,
-2.2650000000000006,,-0.4915793801375099,1.9870905582792582,False,,
-2.26,,-0.49045913575504113,1.984879668045803,False,,
-2.254999999999999,,-0.4893388155800732,1.9826689195143992,False,,
-2.25,,-0.4882184196103224,1.98045831268085,False,,
-2.244999999999999,,-0.4870979478435048,1.978247847540957,False,,
-2.24,,-0.4859774002773376,1.976037524090526,False,,
-2.2349999999999994,,-0.4848567769095369,1.9738273423253583,False,,
-2.2300000000000004,,-0.4837360777378195,1.971617302241258,False,,
-2.2249999999999996,,-0.4826153027599014,1.9694074038340292,False,,
-2.219999999999999,,-0.481494451973499,1.9671976470994743,False,,
-2.215,,-0.48037352537632927,1.964988032033399,False,,
-2.209999999999999,,-0.4792525229661079,1.9627785586316056,False,,
-2.205,,-0.4781314447405516,1.9605692268898989,False,,
-2.1999999999999993,,-0.4770102906973761,1.9583600368040817,False,,
-2.1950000000000003,,-0.4758890608342979,1.9561509883699595,False,,
-2.1899999999999995,,-0.4747677551490327,1.9539420815833348,False,,
-2.1850000000000005,,-0.47364637363929757,1.9517333164400141,False,,
-2.1799999999999997,,-0.47252491630280685,1.9495246929357988,False,,
-2.174999999999999,,-0.47140338313727803,1.9473162110664957,False,,
-2.17,,-0.4702817741404269,1.9451078708279086,False,,
-2.164999999999999,,-0.46916008930996855,1.942899672215841,False,,
-2.16,,-0.4680383286436196,1.9406916152260991,False,,
-2.1549999999999994,,-0.4669164921390956,1.938483699854486,False,,
-2.1500000000000004,,-0.46579457979411226,1.9362759260968083,False,,
-2.1449999999999996,,-0.4646725916063851,1.9340682939488687,False,,
-2.1400000000000006,,-0.4635505275736306,1.9318608034064746,False,,
-2.135,,-0.4624283876935634,1.929653454465429,False,,
-2.129999999999999,,-0.46130617196389945,1.9274462471215368,False,,
-2.125,,-0.460183880382355,1.9252391813706056,False,,
-2.119999999999999,,-0.4590615129466445,1.9230322572084377,False,,
-2.115,,-0.45793906965448417,1.920825474630841,False,,
-2.1099999999999994,,-0.45681655050358894,1.918618833633619,False,,
-2.1050000000000004,,-0.4556939554916747,1.9164123342125783,False,,
-2.0999999999999996,,-0.45457128461645624,1.9142059763635237,False,,
-2.094999999999999,,-0.4534485378756489,1.911999760082261,False,,
-2.09,,-0.45232571526696885,1.9097936853645971,False,,
-2.084999999999999,,-0.45120281678813007,1.9075877522063363,False,,
-2.08,,-0.45007984243684857,1.9053819606032856,False,,
-2.0749999999999993,,-0.44895679221083884,1.9031763105512494,False,,
-2.0700000000000003,,-0.44783366610781666,1.9009708020460359,False,,
-2.0649999999999995,,-0.4467104641254963,1.8987654350834489,False,,
-2.0600000000000005,,-0.4455871862615933,1.8965602096592968,False,,
-2.0549999999999997,,-0.4444638325138224,1.8943551257693843,False,,
-2.049999999999999,,-0.44334040287989823,1.8921501834095182,False,,
-2.045,,-0.44221689735753644,1.8899453825755055,False,,
-2.039999999999999,,-0.4410933159444509,1.887740723263152,False,,
-2.035,,-0.4399696586383572,1.8855362054682652,False,,
-2.0299999999999994,,-0.43884592543696926,1.88333182918665,False,,
-2.0250000000000004,,-0.43772211633800273,1.8811275944141155,False,,
-2.0199999999999996,,-0.43659823133917136,1.8789235011464664,False,,
-2.0150000000000006,,-0.43547427043819026,1.8767195493795117,False,,
-2.01,,-0.4343502336327736,1.8745157391090563,False,,
-2.004999999999999,,-0.43322612092063617,1.8723120703309082,False,,
-2.0,,-0.4321019322994928,1.870108543040876,False,,
-1.9949999999999992,,-0.4309776677670568,1.8679051572347634,False,,
-1.9900000000000002,,-0.42985332732104387,1.8657019129083818,False,,
-1.9849999999999994,,-0.4287289109591672,1.8634988100575354,False,,
-1.9800000000000004,,-0.4276044186791421,1.8612958486780335,False,,
-1.9749999999999996,,-0.42647985047868187,1.8590930287656828,False,,
-1.9699999999999989,,-0.4253552063555011,1.856890350316291,False,,
-1.9649999999999999,,-0.42423048630731447,1.854687813325667,False,,
-1.959999999999999,,-0.4231056903318354,1.8524854177896166,False,,
-1.955,,-0.42198081842677837,1.8502831637039494,False,,
-1.9499999999999993,,-0.42085587058985685,1.8480810510644718,False,,
-1.9450000000000003,,-0.4197308468187856,1.8458790798669935,False,,
-1.9399999999999995,,-0.4186057471112779,1.8436772501073215,False,,
-1.9350000000000005,,-0.41748057146504813,1.8414755617812641,False,,
-1.9299999999999997,,-0.4163553198778097,1.8392740148846296,False,,
-1.924999999999999,,-0.41522999234727664,1.8370726094132261,False,,
-1.92,,-0.4141045888711631,1.8348713453628633,False,,
-1.9149999999999991,,-0.4129791094471821,1.832670222729348,False,,
-1.9100000000000001,,-0.4118535540730479,1.8304692415084909,False,,
-1.9049999999999994,,-0.41072792274647363,1.8282684016960977,False,,
-1.9000000000000004,,-0.40960221546517356,1.82606770328798,False,,
-1.8949999999999996,,-0.40847643222686036,1.8238671462799445,False,,
-1.8900000000000006,,-0.40735057302924826,1.8216667306678018,False,,
-1.8849999999999998,,-0.4062246378700503,1.8194664564473593,False,,
-1.879999999999999,,-0.40509862674698,1.8172663236144269,False,,
-1.875,,-0.4039725396577513,1.8150663321648144,False,,
-1.8699999999999992,,-0.4028463766000764,1.8128664820943294,False,,
-1.8650000000000002,,-0.4017201375716697,1.8106667733987831,False,,
-1.8599999999999994,,-0.4005938225702438,1.808467206073983,False,,
-1.8550000000000004,,-0.3994674315935122,1.80626778011574,False,,
-1.8499999999999996,,-0.39834096463918756,1.804068495519863,False,,
-1.8449999999999989,,-0.3972144217049835,1.8018693522821612,False,,
-1.8399999999999999,,-0.3960878027886132,1.7996703503984453,False,,
-1.834999999999999,,-0.39496110788778893,1.7974714898645239,False,,
-1.83,,-0.3938343370002248,1.7952727706762088,False,,
-1.8249999999999993,,-0.3927074901236327,1.7930741928293075,False,,
-1.8200000000000003,,-0.39158056725572626,1.790875756319632,False,,
-1.8149999999999995,,-0.3904535683942174,1.78867746114299,False,,
-1.8100000000000005,,-0.38932649353682025,1.786479307295195,False,,
-1.8049999999999997,,-0.3881993426812465,1.7842812947720543,False,,
-1.799999999999999,,-0.38707211582520906,1.7820834235693797,False,,
-1.795,,-0.38594481296642136,1.7798856936829819,False,,
-1.7899999999999991,,-0.38481743410259495,1.77768810510867,False,,
-1.7850000000000001,,-0.3836899792314434,1.7754906578422558,False,,
-1.7799999999999994,,-0.3825624483506783,1.7732933518795493,False,,
-1.7750000000000004,,-0.3814348414580132,1.771096187216362,False,,
-1.7699999999999996,,-0.38030715855115943,1.7688991638485034,False,,
-1.7650000000000006,,-0.37917939962783037,1.766702281771786,False,,
-1.7599999999999998,,-0.3780515646857377,1.7645055409820185,False,,
-1.754999999999999,,-0.37692365372259395,1.762308941475014,False,,
-1.75,,-0.3757956667361121,1.760112483246583,False,,
-1.7449999999999992,,-0.37466760372400304,1.7579161662925369,False,,
-1.7400000000000002,,-0.37353946468398047,1.7557199906086867,False,,
-1.7349999999999994,,-0.3724112496137552,1.7535239561908433,False,,
-1.7300000000000004,,-0.37128295851104015,1.7513280630348194,False,,
-1.7249999999999996,,-0.370154591373547,1.749132311136425,False,,
-1.7199999999999989,,-0.36902614819898805,1.7469367004914722,False,,
-1.7149999999999999,,-0.3678976289850753,1.7447412310957744,False,,
-1.709999999999999,,-0.3667690337295201,1.7425459029451404,False,,
-1.705,,-0.3656403624300356,1.7403507160353848,False,,
-1.6999999999999993,,-0.3645116150843323,1.738155670362317,False,,
-1.6950000000000003,,-0.36338279169012266,1.7359607659217517,False,,
-1.6899999999999995,,-0.36225389224511817,1.733766002709498,False,,
-1.6850000000000005,,-0.3611249167470311,1.7315713807213708,False,,
-1.6799999999999997,,-0.35999586519357213,1.7293768999531798,False,,
-1.674999999999999,,-0.3588667375824537,1.7271825604007391,False,,
-1.67,,-0.3577375339113876,1.7249883620598614,False,,
-1.6649999999999991,,-0.35660825417808434,1.7227943049263574,False,,
-1.6600000000000001,,-0.3554788983802567,1.7206003889960417,False,,
-1.6549999999999994,,-0.35434946651561483,1.7184066142647247,False,,
-1.6500000000000004,,-0.35321995858187133,1.7162129807282214,False,,
-1.6449999999999996,,-0.35209037457673653,1.7140194883823425,False,,
-1.6400000000000006,,-0.35096071449792293,1.7118261372229027,False,,
-1.6349999999999998,,-0.34983097834314025,1.709632927245713,False,,
-1.629999999999999,,-0.3487011661101007,1.7074398584465875,False,,
-1.625,,-0.3475712777965161,1.7052469308213403,False,,
-1.6199999999999992,,-0.34644131340009626,1.7030541443657832,False,,
-1.6150000000000002,,-0.34531127291855324,1.7008614990757298,False,,
-1.6099999999999994,,-0.34418115634959734,1.6986689949469933,False,,
-1.6050000000000004,,-0.34305096369094074,1.6964766319753881,False,,
-1.5999999999999996,,-0.34192069494029287,1.694284410156726,False,,
-1.5949999999999989,,-0.3407903500953656,1.6920923294868215,False,,
-1.5899999999999999,,-0.33965992915387005,1.6899003899614886,False,,
-1.584999999999999,,-0.33852943211351644,1.6877085915765404,False,,
-1.58,,-0.33739885897201616,1.6855169343277923,False,,
-1.5749999999999993,,-0.33626820972707927,1.6833254182110553,False,,
-1.5700000000000003,,-0.33513748437641716,1.681134043222146,False,,
-1.5649999999999995,,-0.3340066829177397,1.6789428093568768,False,,
-1.5600000000000005,,-0.3328758053487586,1.6767517166110633,False,,
-1.5549999999999997,,-0.3317448516671833,1.674560764980518,False,,
-1.549999999999999,,-0.3306138218707249,1.672369954461056,False,,
-1.545,,-0.32948271595709433,1.670179285048493,False,,
-1.5399999999999991,,-0.3283515339240012,1.6679887567386409,False,,
-1.5350000000000001,,-0.32722027576915674,1.6657983695273169,False,,
-1.5299999999999994,,-0.32608894149027023,1.663608123410333,False,,
-1.5250000000000004,,-0.3249575310850532,1.6614180183835061,False,,
-1.5199999999999996,,-0.3238260445512151,1.6592280544426492,False,,
-1.5150000000000006,,-0.32269448188646677,1.657038231583579,False,,
-1.5099999999999998,,-0.32156284308851757,1.6548485498021086,False,,
-1.504999999999999,,-0.32043112815507824,1.6526590090940538,False,,
-1.5,,-0.31929933708385894,1.6504696094552302,False,,
-1.4949999999999992,,-0.3181674698725693,1.648280350881452,False,,
-1.4900000000000002,,-0.3170355265189201,1.6460912333685358,False,,
-1.4849999999999994,,-0.3159035070206202,1.643902256912295,False,,
-1.4800000000000004,,-0.3147714113753807,1.641713421508547,False,,
-1.4749999999999996,,-0.31363923958091056,1.6395247271531057,False,,
-1.4699999999999989,,-0.31250699163492,1.637336173841787,False,,
-1.4649999999999999,,-0.3113746675351191,1.635147761570408,False,,
-1.459999999999999,,-0.3102422672792168,1.6329594903347822,False,,
-1.455,,-0.3091097908649238,1.6307713601307272,False,,
-1.4499999999999993,,-0.3079772382899489,1.6285833709540571,False,,
-1.4450000000000003,,-0.30684460955200243,1.6263955228005904,False,,
-1.4399999999999995,,-0.3057119046487933,1.6242078156661406,False,,
-1.4350000000000005,,-0.30457912357803185,1.6220202495465252,False,,
-1.4299999999999997,,-0.30344626633742666,1.6198328244375602,False,,
-1.424999999999999,,-0.30231333292468754,1.6176455403350611,False,,
-1.42,,-0.3011803233375245,1.6154583972348457,False,,
-1.4149999999999991,,-0.3000472375736458,1.6132713951327289,False,,
-1.4100000000000001,,-0.29891407563076183,1.6110845340245286,False,,
-1.4049999999999994,,-0.29778083750658096,1.6088978139060606,False,,
-1.4000000000000004,,-0.2966475231988132,1.606711234773142,False,,
-1.3949999999999996,,-0.29551413270516713,1.6045247966215883,False,,
-1.3900000000000006,,-0.2943806660233522,1.6023384994472183,False,,
-1.3849999999999998,,-0.2932471231510772,1.6001523432458473,False,,
-1.379999999999999,,-0.2921135040860513,1.5979663280132927,False,,
-1.375,,-0.29097980882598407,1.5957804537453726,False,,
-1.3699999999999992,,-0.28984603736858383,1.5935947204379026,False,,
-1.3650000000000002,,-0.2887121897115597,1.5914091280867013,False,,
-1.3599999999999994,,-0.28757826585262036,1.5892236766875842,False,,
-1.3550000000000004,,-0.28644426578947535,1.5870383662363714,False,,
-1.3499999999999996,,-0.28531018951983234,1.5848531967288775,False,,
-1.3449999999999989,,-0.2841760370414007,1.5826681681609216,False,,
-1.3399999999999999,,-0.28304180835188963,1.580483280528322,False,,
-1.334999999999999,,-0.28190750344900684,1.5782985338268944,False,,
-1.33,,-0.28077312233046187,1.5761139280524583,False,,
-1.3249999999999993,,-0.2796386649939623,1.5739294632008307,False,,
-1.3200000000000003,,-0.2785041314372177,1.57174513926783,False,,
-1.3149999999999995,,-0.2773695216579354,1.5695609562492736,False,,
-1.3100000000000005,,-0.27623483565382506,1.5673769141409801,False,,
-1.3049999999999997,,-0.27510007342259407,1.5651930129387677,False,,
-1.299999999999999,,-0.273965234961951,1.5630092526384538,False,,
-1.295,,-0.27283032026960496,1.5608256332358585,False,,
-1.2899999999999991,,-0.2716953293432631,1.5586421547267983,False,,
-1.2850000000000001,,-0.2705602621806346,1.5564588171070932,False,,
-1.2799999999999994,,-0.269425118779427,1.554275620372561,False,,
-1.2750000000000004,,-0.26828989913734874,1.5520925645190204,False,,
-1.2699999999999996,,-0.2671546032521075,1.5499096495422902,False,,
-1.2650000000000006,,-0.266019231121412,1.5477268754381894,False,,
-1.2599999999999998,,-0.26488378274296953,1.5455442422025365,False,,
-1.254999999999999,,-0.26374825811448843,1.5433617498311503,False,,
-1.25,,-0.2626126572336771,1.5411793983198514,False,,
-1.2449999999999992,,-0.2614769800982424,1.538997187664457,False,,
-1.2400000000000002,,-0.260341226705893,1.5368151178607876,False,,
-1.2349999999999994,,-0.259205397054336,1.5346331889046612,False,,
-1.2300000000000004,,-0.25806949114127986,1.5324514007918986,False,,
-1.2249999999999996,,-0.25693350896443157,1.530269753518318,False,,
-1.2199999999999989,,-0.25579745052149916,1.5280882470797397,False,,
-1.2149999999999999,,-0.2546613158101907,1.5259068814719838,False,,
-1.209999999999999,,-0.2535251048282126,1.5237256566908683,False,,
-1.205,,-0.2523888175732736,1.521544572732215,False,,
-1.1999999999999993,,-0.2512524540430802,1.519363629591842,False,,
-1.1950000000000003,,-0.25011601423534074,1.51718282726557,False,,
-1.1899999999999995,,-0.24897949814776166,1.5150021657492188,False,,
-1.1850000000000005,,-0.24784290577805126,1.5128216450386094,False,,
-1.1799999999999997,,-0.24670623712391598,1.5106412651295602,False,,
-1.174999999999999,,-0.24556949218306345,1.5084610260178923,False,,
-1.17,,-0.24443267095320123,1.5062809276994271,False,,
-1.1649999999999991,,-0.24329577343203596,1.5041009701699832,False,,
-1.1600000000000001,,-0.24215879961727538,1.501921153425383,False,,
-1.1549999999999994,,-0.24102174950662564,1.4997414774614444,False,,
-1.1500000000000004,,-0.23988462309779496,1.497561942273991,False,,
-1.1449999999999996,,-0.2387474203884889,1.4953825478588412,False,,
-1.1400000000000006,,-0.237610141376416,1.4932032942118174,False,,
-1.1349999999999998,,-0.23647278605928201,1.4910241813287386,False,,
-1.129999999999999,,-0.23533535443479398,1.4888452092054274,False,,
-1.125,,-0.23419784650065956,1.4866663778377052,False,,
-1.1199999999999992,,-0.23306026225458448,1.484487687221391,False,,
-1.1150000000000002,,-0.23192260169427634,1.4823091373523085,False,,
-1.1099999999999994,,-0.23078486481744084,1.4801307282262766,False,,
-1.1050000000000004,,-0.2296470516217857,1.4779524598391187,False,,
-1.0999999999999996,,-0.22850916210501665,1.475774332186655,False,,
-1.0949999999999989,,-0.22737119626484065,1.4735963452647063,False,,
-1.0899999999999999,,-0.22623315409896444,1.4714184990690966,False,,
-1.084999999999999,,-0.22509503560509406,1.4692407935956453,False,,
-1.08,,-0.22395684078093647,1.4670632288401755,False,,
-1.0749999999999993,,-0.22281856962419727,1.4648858047985078,False,,
-1.0700000000000003,,-0.2216802221325837,1.4627085214664657,False,,
-1.0649999999999995,,-0.22054179830380133,1.4605313788398693,False,,
-1.0600000000000005,,-0.21940329813555692,1.4583543769145424,False,,
-1.0549999999999997,,-0.2182647216255561,1.4561775156863057,False,,
-1.049999999999999,,-0.21712606877150542,1.4540007951509821,False,,
-1.045,,-0.21598733957111135,1.451824215304395,False,,
-1.0399999999999991,,-0.21484853402207943,1.4496477761423647,False,,
-1.0350000000000001,,-0.21370965212211598,1.4474714776607152,False,,
-1.0299999999999994,,-0.2125706938689268,1.4452953198552678,False,,
-1.0250000000000004,,-0.21143165926021806,1.4431193027218463,False,,
-1.0199999999999996,,-0.21029254829369537,1.4409434262562724,False,,
-1.0150000000000006,,-0.2091533609670651,1.43876769045437,False,,
-1.0099999999999998,,-0.20801409727803233,1.4365920953119606,False,,
-1.004999999999999,,-0.20687475722430315,1.4344166408248678,False,,
-1.0,,-0.20573534080358383,1.4322413269889154,False,,
-0.9949999999999992,,-0.20459584801357925,1.4300661537999249,False,,
-0.9900000000000002,,-0.20345627885199585,1.427891121253721,False,,
-0.9849999999999994,,-0.20231663331653832,1.4257162293461256,False,,
-0.9800000000000004,,-0.20117691140491317,1.4235414780729634,False,,
-0.9749999999999996,,-0.20003711311482503,1.4213668674300564,False,,
-0.9699999999999989,,-0.19889723844397972,1.4191923974132283,False,,
-0.9649999999999999,,-0.19775728739008314,1.4170180680183044,False,,
-0.9599999999999991,,-0.1966172599508399,1.414843879241106,False,,
-0.9550000000000001,,-0.19547715612395603,1.4126698310774586,False,,
-0.9499999999999993,,-0.19433697590713606,1.4104959235231846,False,,
-0.9450000000000003,,-0.19319671929808618,1.4083221565741093,False,,
-0.9399999999999995,,-0.19205638629451063,1.4061485302260555,False,,
-0.9350000000000005,,-0.19091597689411544,1.4039750444748478,False,,
-0.9299999999999997,,-0.18977549109460498,1.40180169931631,False,,
-0.9249999999999989,,-0.18863492889368463,1.399628494746266,False,,
-0.9199999999999999,,-0.18749429028905978,1.3974554307605414,False,,
-0.9149999999999991,,-0.1863535752784347,1.3952825073549593,False,,
-0.9100000000000001,,-0.18521278385951528,1.393109724525345,False,,
-0.9049999999999994,,-0.18407191603000544,1.3909370822675216,False,,
-0.9000000000000004,,-0.1829309717876107,1.3887645805773157,False,,
-0.8949999999999996,,-0.18178995113003538,1.38659221945055,False,,
-0.8900000000000006,,-0.18064885405498488,1.3844199988830508,False,,
-0.8849999999999998,,-0.17950768056016309,1.3822479188706416,False,,
-0.879999999999999,,-0.17836643064327534,1.3800759794091482,False,,
-0.875,,-0.17722510430202648,1.3779041804943963,False,,
-0.8699999999999992,,-0.17608370153412012,1.3757325221222088,False,,
-0.8650000000000002,,-0.17494222233726192,1.3735610042884132,False,,
-0.8599999999999994,,-0.17380066670915553,1.3713896269888326,False,,
-0.8550000000000004,,-0.17265903464750607,1.3692183902192943,False,,
-0.8499999999999996,,-0.1715173261500173,1.367047293975622,False,,
-0.8449999999999989,,-0.17037554121439383,1.3648763382536417,False,,
-0.8399999999999999,,-0.16923367983834076,1.36270552304918,False,,
-0.8349999999999991,,-0.16809174201956106,1.360534848358061,False,,
-0.8300000000000001,,-0.1669497277557601,1.3583643141761117,False,,
-0.8249999999999993,,-0.16580763704464135,1.3561939204991562,False,,
-0.8200000000000003,,-0.16466546988390957,1.3540236673230226,False,,
-0.8149999999999995,,-0.16352322627126809,1.3518535546435346,False,,
-0.8100000000000005,,-0.16238090620442183,1.34968358245652,False,,
-0.8049999999999997,,-0.16123850968107412,1.3475137507578032,False,,
-0.7999999999999989,,-0.16009603669892908,1.3453440595432116,False,,
-0.7949999999999999,,-0.1589534872556913,1.3431745088085718,False,,
-0.7899999999999991,,-0.15781086134906383,1.3410050985497088,False,,
-0.7850000000000001,,-0.15666815897675124,1.3388358287624504,False,,
-0.7799999999999994,,-0.15552538013645648,1.3366666994426217,False,,
-0.7750000000000004,,-0.15438252482588438,1.3344977105860507,False,,
-0.7699999999999996,,-0.15323959304273754,1.3323288621885623,False,,
-0.7650000000000006,,-0.1520965847847207,1.3301601542459855,False,,
-0.7599999999999998,,-0.15095350004953648,1.3279915867541447,False,,
-0.754999999999999,,-0.14981033883488903,1.325823159708868,False,,
-0.75,,-0.14866710113848217,1.3236548731059832,False,,
-0.7449999999999992,,-0.1475237869580186,1.3214867269413157,False,,
-0.7400000000000002,,-0.14638039629120278,1.319318721210694,False,,
-0.7349999999999994,,-0.14523692913573716,1.317150855909944,False,,
-0.7300000000000004,,-0.14409338548932593,1.3149831310348945,False,,
-0.7249999999999996,,-0.1429497653496716,1.3128155465813711,False,,
-0.7199999999999989,,-0.14180606871447773,1.3106481025452021,False,,
-0.7149999999999999,,-0.1406622955814483,1.3084807989222162,False,,
-0.7099999999999991,,-0.13951844594828536,1.306313635708239,False,,
-0.7050000000000001,,-0.13837451981269297,1.3041466128990997,False,,
-0.6999999999999993,,-0.13723051717237356,1.3019797304906244,False,,
-0.6950000000000003,,-0.13608643802503087,1.2998129884786431,False,,
-0.6899999999999995,,-0.1349422823683672,1.2976463868589816,False,,
-0.6850000000000005,,-0.13379805020008614,1.29547992562747,False,,
-0.6799999999999997,,-0.1326537415178901,1.293313604779934,False,,
-0.6749999999999989,,-0.13150935631948227,1.2911474243122034,False,,
-0.6699999999999999,,-0.13036489460256576,1.2889813842201066,False,,
-0.6649999999999991,,-0.12922035636484275,1.2868154844994704,False,,
-0.6600000000000001,,-0.12807574160401658,1.2846497251461249,False,,
-0.6549999999999994,,-0.1269310503177894,1.2824841061558976,False,,
-0.6500000000000004,,-0.12578628250386448,1.2803186275246172,False,,
-0.6449999999999996,,-0.12464143815994375,1.2781532892481122,False,,
-0.6400000000000006,,-0.12349651728373075,1.275988091322212,False,,
-0.6349999999999998,,-0.12235151987292683,1.273823033742744,False,,
-0.629999999999999,,-0.12120644592523518,1.271658116505538,False,,
-0.625,,-0.12006129543835863,1.2694933396064236,False,,
-0.6199999999999992,,-0.11891606840999866,1.2673287030412284,False,,
-0.6150000000000002,,-0.1177707648378585,1.2651642068057831,False,,
-0.6099999999999994,,-0.11662538471963982,1.2629998508959153,False,,
-0.6050000000000004,,-0.1154799280530454,1.2608356353074552,False,,
-0.5999999999999996,,-0.11433439483577691,1.2586715600362313,False,,
-0.5949999999999989,,-0.11318878506553683,1.2565076250780736,False,,
-0.5899999999999999,,-0.11204309874002769,1.2543438304288124,False,,
-0.5849999999999991,,-0.11089733585695076,1.2521801760842757,False,,
-0.5800000000000001,,-0.10975149641400916,1.2500166620402946,False,,
-0.5749999999999993,,-0.1086055804089036,1.2478532882926974,False,,
-0.5700000000000003,,-0.10745958783933734,1.2456900548373155,False,,
-0.5649999999999995,,-0.10631351870301138,1.2435269616699776,False,,
-0.5600000000000005,,-0.1051673729976283,1.241364008786514,False,,
-0.5549999999999997,,-0.10402115072088906,1.2392011961827545,False,,
-0.5499999999999989,,-0.10287485187049614,1.2370385238545292,False,,
-0.5449999999999999,,-0.10172847644415134,1.2348759917976697,False,,
-0.5399999999999991,,-0.10058202443955591,1.2327136000080041,False,,
-0.5350000000000001,,-0.09943549585441211,1.230551348481365,False,,
-0.5299999999999994,,-0.09828889068642084,1.2283892372135807,False,,
-0.5250000000000004,,-0.09714220893328436,1.2262272662004836,False,,
-0.5199999999999996,,-0.09599545059270348,1.2240654354379028,False,,
-0.5150000000000006,,-0.0948486156623805,1.22190374492167,False,,
-0.5099999999999998,,-0.09370170414001602,1.2197421946476155,False,,
-0.504999999999999,,-0.09255471602331186,1.2175807846115698,False,,
-0.5,,-0.09140765130996997,1.215419514809365,False,,
-0.4949999999999992,,-0.09026050999769036,1.2132583852368306,False,,
-0.4900000000000002,,-0.08911329208417564,1.2110973958897993,False,,
-0.48499999999999943,,-0.08796599756712588,1.2089365467641002,False,,
-0.4800000000000004,,-0.08681862644424333,1.206775837855567,False,,
-0.47499999999999964,,-0.08567117871322813,1.204615269160029,False,,
-0.46999999999999886,,-0.08452365437178166,1.202454840673318,False,,
-0.46499999999999986,,-0.08337605341760579,1.2002945523912667,False,,
-0.4599999999999991,,-0.08222837584840037,1.1981344043097049,False,,
-0.45500000000000007,,-0.08108062166186729,1.1959743964244658,False,,
-0.4499999999999993,,-0.07993279085570662,1.1938145287313802,False,,
-0.4450000000000003,,-0.07878488342762008,1.1916548012262802,False,,
-0.4399999999999995,,-0.07763689937530775,1.1894952139049968,False,,
-0.4350000000000005,,-0.07648883869647112,1.187335766763364,False,,
-0.4299999999999997,,-0.0753407013888101,1.1851764597972112,False,,
-0.42499999999999893,,-0.07419248745002584,1.1830172930023721,False,,
-0.41999999999999993,,-0.07304419687781936,1.1808582663746794,False,,
-0.41499999999999915,,-0.07189582966989068,1.1786993799099639,False,,
-0.41000000000000014,,-0.07074738582394091,1.1765406336040591,False,,
-0.40499999999999936,,-0.06959886533766993,1.1743820274527965,False,,
-0.40000000000000036,,-0.06845026820877882,1.17222356145201,False,,
-0.3949999999999996,,-0.06730159443496751,1.17006523559753,False,,
-0.39000000000000057,,-0.06615284401393698,1.1679070498851916,False,,
-0.3849999999999998,,-0.06500401694338681,1.165749004310825,False,,
-0.379999999999999,,-0.06385511322101779,1.1635910988702647,False,,
-0.375,,-0.06270613284453055,1.1614333335593439,False,,
-0.3699999999999992,,-0.061557075811624354,1.1592757083738943,False,,
-0.3650000000000002,,-0.06040794212000039,1.1571182233097501,False,,
-0.35999999999999943,,-0.05925873176735798,1.1549608783627434,False,,
-0.3550000000000004,,-0.058109444751397746,1.1528036735287084,False,,
-0.34999999999999964,,-0.05696008106981927,1.1506466088034772,False,,
-0.34499999999999886,,-0.05581064072032264,1.1484896841828842,False,,
-0.33999999999999986,,-0.054661123700608466,1.1463328996627629,False,,
-0.3349999999999991,,-0.05351153000837583,1.1441762552389458,False,,
-0.33000000000000007,,-0.05236185964132528,1.1420197509072683,False,,
-0.3249999999999993,,-0.05121211259715583,1.1398633866635617,False,,
-0.3200000000000003,,-0.0500622888735681,1.1377071625036619,False,,
-0.3149999999999995,,-0.04891238846826114,1.1355510784234013,False,,
-0.3100000000000005,,-0.04776241137893533,1.1333951344186148,False,,
-0.3049999999999997,,-0.046612357603289536,1.1312393304851354,False,,
-0.29999999999999893,,-0.04546222713902366,1.129083666618798,False,,
-0.29499999999999993,,-0.044312019983837866,1.1269281428154367,False,,
-0.28999999999999915,,-0.04316173613543067,1.1247727590708854,False,,
-0.28500000000000014,,-0.04201137559150249,1.1226175153809792,False,,
-0.27999999999999936,,-0.040860938349751935,1.120462411741551,False,,
-0.27500000000000036,,-0.039710424407879114,1.1183074481484367,False,,
-0.2699999999999996,,-0.03855983376358264,1.1161526245974698,False,,
-0.26500000000000057,,-0.03740916641456257,1.1139979410844862,False,,
-0.2599999999999998,,-0.036258422358517436,1.1118433976053193,False,,
-0.254999999999999,,-0.03510760159314669,1.1096889941558041,False,,
-0.25,,-0.033956704116150024,1.1075347307317767,False,,
-0.24499999999999922,,-0.03280572992522571,1.1053806073290706,False,,
-0.2400000000000002,,-0.031654679018073714,1.103226623943522,False,,
-0.23499999999999943,,-0.030503551392392123,1.1010727805709646,False,,
-0.23000000000000043,,-0.029352347045880786,1.0989190772072353,False,,
-0.22499999999999964,,-0.02820106597623799,1.0967655138481676,False,,
-0.21999999999999886,,-0.0270497081811628,1.0946120904895977,False,,
-0.21499999999999986,,-0.025898273658354634,1.092458807127362,False,,
-0.20999999999999908,,-0.02474676240551152,1.090305663757294,False,,
-0.20500000000000007,,-0.02359517442033293,1.0881526603752314,False,,
-0.1999999999999993,,-0.02244350970051684,1.0859997969770077,False,,
-0.19500000000000028,,-0.021291768243762638,1.0838470735584604,False,,
-0.1899999999999995,,-0.02013995004776839,1.081694490115424,False,,
-0.1850000000000005,,-0.018988055110233326,1.0795420466437362,False,,
-0.17999999999999972,,-0.017836083428855176,1.0773897431392305,False,,
-0.17499999999999893,,-0.01668403500133306,1.0752375795977445,False,,
-0.16999999999999993,,-0.015531909825365453,1.0730855560151151,False,,
-0.16499999999999915,,-0.014379707898650368,1.0709336723871765,False,,
-0.16000000000000014,,-0.013227429218886838,1.0687819287097668,False,,
-0.15499999999999936,,-0.012075073783772261,1.0666303249787206,False,,
-0.15000000000000036,,-0.010922641591005977,1.0644788611898763,False,,
-0.14499999999999957,,-0.009770132638285245,1.0623275373390688,False,,
-0.14000000000000057,,-0.008617546923309016,1.060176353422136,False,,
-0.1349999999999998,,-0.007464884443774883,1.0580253094349135,False,,
-0.129999999999999,,-0.0063121451973813525,1.0558744053732383,False,,
-0.125,,-0.005159329181826516,1.0537236412329483,False,,
-0.11999999999999922,,-0.004006436394808022,1.0515730170098787,False,,
-0.11500000000000021,,-0.002853466834024432,1.049422532699868,False,,
-0.10999999999999943,,-0.0017004204971729775,1.0472721882987523,False,,
-0.10500000000000043,,-0.000547297381952333,1.0451219838023698,False,,
-0.09999999999999964,,0.0006059025139405205,1.0429719192065563,False,,
-0.09499999999999886,,0.0017591791928072975,1.04082199450715,False,,
-0.08999999999999986,,0.0029125326569499066,1.038672209699989,False,,
-0.08499999999999908,,0.004065962908671228,1.036522564780909,False,,
-0.08000000000000007,,0.005219469950273087,1.0343730597457494,False,,
-0.07499999999999929,,0.006373053784058447,1.0322236945903465,False,,
-0.07000000000000028,,0.007526714412328994,1.030074469310539,False,,
-0.0649999999999995,,0.008680451837387887,1.0279253839021634,False,,
-0.0600000000000005,,0.009834266061537034,1.025776438361059,False,,
-0.054999999999999716,,0.010988157087079425,1.0236276326830627,False,,
-0.049999999999998934,,0.012142124916317665,1.0214789668640125,False,,
-0.04499999999999993,,0.013296169551553771,1.0193304408997481,False,,
-0.03999999999999915,,0.01445029099509107,1.0171820547861057,False,,
-0.03500000000000014,,0.015604489249231912,1.0150338085189252,False,,
-0.02999999999999936,,0.016758764316279456,1.0128857020940434,False,,
-0.025000000000000355,,0.017913116198535778,1.0107377355073002,False,,
-0.019999999999999574,,0.019067544898304645,1.0085899087545322,False,,
-0.015000000000000568,,0.02022205041788816,1.0064422218315805,False,,
-0.009999999999999787,,0.02137663275958998,1.0042946747342814,False,,
-0.004999999999999005,,0.022531291925712738,1.0021472674584746,False,,
0.0,,0.023686027918558866,1.0,False,,
0.005000000000000782,,0.02484084074043262,0.9978528723546946,True,0.4762763041538056,0.06258828470886416
0.009999999999999787,,0.025995730393635938,0.995705884518399,True,0.47517310927140577,0.08852761648353212
0.015000000000000568,,0.027150696880473058,0.9935590364869508,True,0.47406980784797437,0.10844141636975414
0.019999999999999574,,0.028305740203246096,0.9914123282561906,True,0.4729663983986383,0.1252377874218464
0.025000000000000355,,0.029460860364259447,0.9892657598219561,True,0.4718628794375166,0.14004296139911562
0.030000000000001137,,0.030616057365815713,0.9871193311800874,True,0.4707592494777053,0.15343444211881363
0.03500000000000014,,0.03177133121021798,0.9849730423264246,True,0.46965550703125625,0.16575523735111602
0.040000000000000924,,0.03292668189977027,0.9828268932568056,True,0.4685516506091596,0.1772287996646613
0.04499999999999993,,0.034082109436775365,0.9806808839670715,True,0.4674476787213264,0.18801031502004045
0.05000000000000071,,0.03523761382353745,0.9785350144530602,True,0.46634358987656865,0.19821275552569043
0.054999999999999716,,0.03639319506235926,0.9763892847106133,True,0.46523938258258335,0.2079213926309003
0.0600000000000005,,0.03754885315554504,0.9742436947355688,True,0.4641350553459307,0.21720246345942087
0.0649999999999995,,0.038704588105397855,0.972098244523768,True,0.46303060667201845,0.22610863477603466
0.07000000000000028,,0.03986039991422191,0.9699529340710494,True,0.4619260350650818,0.23468260203365002
0.07500000000000107,,0.04101628858432044,0.9678077633732538,True,0.4608213390281659,0.24295954703873968
0.08000000000000007,,0.04217225411799702,0.965662732426222,True,0.4597165170631068,0.2509688677221569
0.08500000000000085,,0.043328296517556084,0.9635178412257925,True,0.4586115676705109,0.25873542733908195
0.08999999999999986,,0.04448441578530066,0.9613730897678074,True,0.4575064893497409,0.26628047684887013
0.09500000000000064,,0.04564061192353515,0.9592284780481053,True,0.4564012805988915,0.27362234926874207
0.09999999999999964,,0.046796884934563174,0.957084006062528,True,0.455295939914776,0.2807769913295603
0.10500000000000043,,0.0479532348206891,0.9549396738069147,True,0.45419046579290234,0.2877583767324141
0.10999999999999943,,0.049109661584216244,0.9527954812771073,True,0.4530848567274586,0.29457883171927096
0.11500000000000021,,0.05026616522744942,0.9506514284689449,True,0.451979111211291,0.30124929467752176
0.120000000000001,,0.051422745752692345,0.9485075153782692,True,0.4508732277358878,0.30777952541281584
0.125,,0.052579403162248586,0.9463637420009214,True,0.4497672047913579,0.31417827552572114
0.13000000000000078,,0.053736137458423316,0.9442201083327412,True,0.44866104086641156,0.32045342837846724
0.1349999999999998,,0.054892948643519915,0.9420766143695708,True,0.4475547344483448,0.32661211503310245
0.14000000000000057,,0.05604983671984323,0.9399332601072499,True,0.4464482840230164,0.33266081101789025
0.14499999999999957,,0.05720680168969698,0.937790045541621,True,0.4453416880748309,0.33860541765950336
0.15000000000000036,,0.058363843555386305,0.9356469706685239,True,0.4442349450867178,0.3444513308869672
0.15500000000000114,,0.05952096231921507,0.9335040354838005,True,0.4431280535401152,0.35020349978794
0.16000000000000014,,0.060678157983487274,0.9313612399832929,True,0.44202101191494725,0.3558664767230729
0.16500000000000092,,0.061835430550508275,0.9292185841628413,True,0.44091381868960555,0.361444460439747
0.16999999999999993,,0.0629927800225818,0.9270760680182882,True,0.4398064723409325,0.36694133334441204
0.1750000000000007,,0.06415020640201333,0.9249336915454742,True,0.4386989713441969,0.3723606938725716
0.17999999999999972,,0.06530770969110637,0.922791454740242,True,0.43759131417308006,0.3777058847220419
0.1850000000000005,,0.06646528989216664,0.9206493575984322,True,0.4364834992996507,0.38298001757777733
0.1899999999999995,,0.06762294700749791,0.9185074001158879,True,0.4353755251943503,0.3881859948467294
0.19500000000000028,,0.0687806810394056,0.9163655822884497,True,0.4342673903259695,0.3933265288331102
0.20000000000000107,,0.06993849199019431,0.91422390411196,True,0.43315909316163137,0.3984041587130044
0.20500000000000007,,0.07109637986216837,0.912082365582262,True,0.4320506321667694,0.40342126560933833
0.21000000000000085,,0.07225434465763343,0.909940966695196,True,0.4309420058051088,0.40838008602070197
0.21499999999999986,,0.07341238637889369,0.9077997074466059,True,0.42983321253864637,0.41328272381846715
0.22000000000000064,,0.0745705050282549,0.9056585878323324,True,0.4287242508276299,0.418131160994472
0.22499999999999964,,0.0757287006080211,0.9035176078482194,True,0.4276151191305406,0.4229272673146375
0.23000000000000043,,0.07688697312049818,0.9013767674901081,True,0.4265058159040698,0.42767280901165605
0.23499999999999943,,0.07804532256799054,0.8992360667538422,True,0.4253963396031004,0.4323694566310701
0.2400000000000002,,0.07920374895280399,0.8970955056352627,True,0.42428668868068664,0.43701879212940853
0.245000000000001,,0.08036225227724346,0.8949550841302134,True,0.42317686158803425,0.44162231530966156
0.25,,0.08152083254361374,0.8928148022345377,True,0.42206685677447897,0.4461814496681928
0.2550000000000008,,0.0826794897542207,0.8906746599440768,True,0.42095667268746784,0.450697547717541
0.2599999999999998,,0.08383822391136898,0.8885346572546753,True,0.4198463077725363,0.45517189584138534
0.26500000000000057,,0.0849970350173647,0.8863947941621746,True,0.4187357604732902,0.4596057187309971
0.2699999999999996,,0.0861559230745126,0.8842550706624193,True,0.41762502923138456,0.46400018344638955
0.27500000000000036,,0.08731488808511866,0.8821154867512511,True,0.4165141124865013,0.4683564031402915
0.28000000000000114,,0.08847393005148826,0.8799760424245139,True,0.41540300867633073,0.47267544047849036
0.28500000000000014,,0.08963304897592622,0.8778367376780518,True,0.41429171623655003,0.47695831078629053
0.2900000000000009,,0.09079224486073904,0.8756975725077067,True,0.41318023360080147,0.48120598494740574
0.29499999999999993,,0.09195151770823166,0.8735585469093237,True,0.4120685592006734,0.4854193920786633
0.3000000000000007,,0.09311086752071039,0.8714196608787448,True,0.41095669146567637,0.4895994220013823
0.3049999999999997,,0.0942702943004803,0.869280914411815,True,0.40984462882322625,0.49374692752795835
0.3100000000000005,,0.09542979804984762,0.8671423075043765,True,0.4087323696986185,0.49786272658030306
0.3149999999999995,,0.09658937877111766,0.8650038401522748,True,0.40761991251501106,0.49805239584503713
0.3200000000000003,,0.09774903646659684,0.862865512351352,True,0.4065072556933993,0.49399768585169246
0.32500000000000107,,0.09890877113859066,0.8607273240974532,True,0.4053943976525989,0.48997241894627697
0.33000000000000007,,0.10006858278940486,0.8585892753864229,True,0.4042813368092206,0.485975898458345
0.33500000000000085,,0.10122847142134596,0.8564513662141036,True,0.40316807157765,0.4820074540677932
0.33999999999999986,,0.1023884370367192,0.8543135965763413,True,0.40205460037002827,0.4780664404309156
0.34500000000000064,,0.10354847963783154,0.8521759664689784,True,0.40094092159622585,0.4741522358971264
0.34999999999999964,,0.1047085992269882,0.850038475887861,True,0.39982703366382566,0.47026424130918776
0.3550000000000004,,0.10586879580649616,0.8479011248288321,True,0.39871293497809757,0.4664018788803511
0.35999999999999943,,0.1070290693786607,0.8457639132877374,True,0.39759862394197887,0.46256459114251813
0.3650000000000002,,0.10818941994578914,0.8436268412604202,True,0.3964840989560505,0.4587518399599654
0.370000000000001,,0.10934984751018693,0.8414899087427257,True,0.39536935841851717,0.45496310560374653
0.375,,0.11051035207416031,0.8393531157304998,True,0.3942544007251829,0.4511978858822455
0.3800000000000008,,0.11167093364001637,0.8372164622195852,True,0.39313922426943004,0.44745569532377616
0.3849999999999998,,0.11283159221006053,0.835079948205829,True,0.3920238274421981,0.44373606440749913
0.39000000000000057,,0.1139923277866003,0.8329435736850741,True,0.39090820863195797,0.4400385388391648
0.3949999999999996,,0.1151531403719412,0.8308073386531674,True,0.38979236622469315,0.43636267886858127
0.40000000000000036,,0.11631402996839076,0.8286712431059522,True,0.38867629860387476,0.43270805864586226
0.40500000000000114,,0.11747499657825482,0.8265352870392748,True,0.387560004150441,0.42907426561383444
0.41000000000000014,,0.11863604020384001,0.824399470448981,True,0.3864434812427717,0.42546089993412506
0.4150000000000009,,0.11979716084745352,0.8222637933309149,True,0.3853267282566679,0.42186757394468744
0.41999999999999993,,0.12095835851140124,0.8201282556809233,True,0.38420974356532844,0.4182939116466964
0.4250000000000007,,0.12211963319799092,0.8179928574948503,True,0.3830925255393247,0.4147395482188664
0.4299999999999997,,0.12328098490952843,0.8158575987685428,True,0.3819750725465816,0.4112041295574579
0.4350000000000005,,0.12444241364832147,0.8137224794978453,True,0.3808573829523505,0.40768731184029516
0.4399999999999995,,0.12560391941667592,0.8115874996786047,True,0.37973945511918905,0.4041887611133147
0.4450000000000003,,0.12676550221689997,0.8094526593066655,True,0.3786212874069337,0.4007081528982088
0.45000000000000107,,0.12792716205129978,0.8073179583778747,True,0.37750287817268235,0.3972451718198906
0.45500000000000007,,0.129088898922182,0.8051833968880785,True,0.37638422577076547,0.3937995112525483
0.46000000000000085,,0.1302507128318547,0.8030489748331219,True,0.37526532855272343,0.39037087298317863
0.46499999999999986,,0.1314126037826241,0.8009146922088524,True,0.3741461848672851,0.38695896689156284
0.47000000000000064,,0.13257457177679807,0.7987805490111145,True,0.37302679306034126,0.3835635106456923
0.47499999999999964,,0.1337366168166832,0.7966465452357564,True,0.3719071514749228,0.3801842294117732
0.4800000000000004,,0.1348987389045873,0.7945126808786227,True,0.370787258451174,0.376820855577931
0.4850000000000012,,0.13606093804281733,0.792378955935561,True,0.369667112326332,0.3734731284908682
0.4900000000000002,,0.13722321423368022,0.7902453704024182,True,0.36854671143469986,0.3701407942047117
0.495000000000001,,0.13838556747948422,0.7881119242750396,True,0.3674260541076211,0.3668236052413807
0.5,,0.13954799778253585,0.7859786175492733,True,0.36630513867345926,0.3635213203618438
0.5050000000000008,,0.14071050514514327,0.7838454502209649,True,0.3651839634575691,0.36023370434764346
0.5099999999999998,,0.1418730895696135,0.7817124222859624,True,0.3640625267822746,0.3569605277921599
0.5150000000000006,,0.14303575105825453,0.7795795337401115,True,0.36294082696684327,0.35370156690105825
0.5199999999999996,,0.1441984896133734,0.7774467845792604,True,0.3618188623274603,0.35045660330146067
0.5250000000000004,,0.1453613052372784,0.775314174799255,True,0.3606966311772051,0.34722542385935307
0.5300000000000011,,0.1465241979322769,0.7731817043959434,True,0.35957413182602505,0.3440078205048238
0.5350000000000001,,0.14768716770067625,0.7710493733651731,True,0.35845136258071153,0.34080359006470295
0.5400000000000009,,0.14885021454478486,0.7689171817027903,True,0.3573283217448717,0.33761253410223746
0.5449999999999999,,0.15001333846690984,0.7667851294046437,True,0.3562050076189074,0.3344344587634479
0.5500000000000007,,0.15117653946935983,0.7646532164665796,True,0.3550814184999833,0.33126917462981
0.5549999999999997,,0.15233981755444187,0.7625214428844467,True,0.3539575526820091,0.3281164965769715
0.5600000000000005,,0.15350317272446481,0.7603898086540914,True,0.35283340845560573,0.32497624363917943
0.5649999999999995,,0.15466660498173584,0.758258313771363,True,0.3517089841080854,0.3218482388791637
0.5700000000000003,,0.15583011432856358,0.7561269582321075,True,0.3505842779234214,0.3187323092631842
0.5750000000000011,,0.15699370076725605,0.7539957420321739,True,0.3494592881822245,0.3156282855410223
0.5800000000000001,,0.15815736430012067,0.7518646651674108,True,0.3483340131617161,0.3125360021306527
0.5850000000000009,,0.15932110492946636,0.7497337276336645,True,0.3472084511357001,0.30945529700738894
0.5899999999999999,,0.16048492265760084,0.747602929426785,True,0.34608260037453786,0.30638601159729895
0.5950000000000006,,0.16164881748683296,0.7454722705426188,True,0.3449564591451211,0.3033279906746682
0.5999999999999996,,0.1628127894194702,0.7433417509770156,True,0.34383002571084553,0.3002810822633525
0.6050000000000004,,0.16397683845782174,0.7412113707258225,True,0.34270329833158164,0.29724513754181503
0.6100000000000012,,0.16514096460419547,0.7390811297848885,True,0.3415762752636513,0.2942200107517049
0.6150000000000002,,0.16630516786089966,0.736951028150063,True,0.3404489547597973,0.29120555910979906
0.620000000000001,,0.1674694482302432,0.734821065817193,True,0.3393213350691562,0.2882016427231625
0.625,,0.16863380571453424,0.7326912427821288,True,0.3381934144372334,0.2852081245073963
0.6300000000000008,,0.16979824031608176,0.7305615590407175,True,0.3370651911058713,0.2822248701078123
0.6349999999999998,,0.1709627520371938,0.7284320145888096,True,0.33593666331322725,0.2792517478234384
0.6400000000000006,,0.17212734088017956,0.7263026094222524,True,0.33480782929373865,0.27628862853369995
0.6449999999999996,,0.1732920068473472,0.7241733435368964,True,0.3336786872781008,0.2733353856276911
0.6500000000000004,,0.17445674994100607,0.7220442169285892,True,0.33254923549323423,0.2703918949359003
0.6550000000000011,,0.1756215701634647,0.7199152295931807,True,0.3314194721622603,0.2674580346643104
0.6600000000000001,,0.17678646751703123,0.717786381526521,True,0.3302893955044697,0.2645336853307535
0.6650000000000009,,0.17795144200401564,0.7156576727244577,True,0.32915900373529405,0.26161872970343303
0.6699999999999999,,0.17911649362672588,0.7135291031828418,True,0.3280282950662796,0.2587130527415379
0.6750000000000007,,0.1802816223874718,0.7114006728975214,True,0.3268972677050539,0.2558165415378335
0.6799999999999997,,0.1814468282885614,0.7092723818643473,True,0.325765919855302,0.2529290852631807
0.6850000000000005,,0.18261211133230476,0.7071442300791675,True,0.32463424971673116,0.2500505751128782
0.6899999999999995,,0.18377747152100982,0.7050162175378336,True,0.32350225548504774,0.24718090425477945
0.6950000000000003,,0.184942908856987,0.702888344236194,True,0.32236993535192204,0.24431996777908538
0.7000000000000011,,0.1861084233425447,0.7007606101700986,True,0.32123728750496205,0.24146766264977826
0.7050000000000001,,0.18727401497999174,0.6986330153353986,True,0.3201043101276826,0.23862388765760645
0.7100000000000009,,0.18843968377163836,0.6965055597279426,True,0.318971001399474,0.23578854337456878
0.7149999999999999,,0.18960542971979305,0.6943782433435817,True,0.317837359495575,0.23296153210984993
0.7200000000000006,,0.1907712528267657,0.6922510661781651,True,0.31670338258703756,0.23014275786713023
0.7249999999999996,,0.1919371530948652,0.6901240282275443,True,0.31556906884070157,0.22733212630324184
0.7300000000000004,,0.19310313052640168,0.6879971294875684,True,0.3144344164191597,0.22452954468809494
0.7350000000000012,,0.19426918512368418,0.6858703699540882,True,0.3132994234807298,0.22173492186585086
0.7400000000000002,,0.19543531688902166,0.683743749622955,True,0.31216408817942254,0.21894816821727636
0.745000000000001,,0.19660152582472493,0.6816172684900181,True,0.3110284086649082,0.21616919562324122
0.75,,0.19776781193310244,0.6794909265511295,True,0.3098923830824898,0.21339791742932757
0.7550000000000008,,0.19893417521646478,0.6773647238021385,True,0.3087560095730659,0.2106342484114867
0.7599999999999998,,0.20010061567712084,0.6752386602388971,True,0.3076192862731051,0.20787810474273438
0.7650000000000006,,0.2012671333173811,0.6731127358572551,True,0.3064822113146084,0.20512940396081802
0.7699999999999996,,0.20243372813955457,0.6709869506530649,True,0.30534478282508015,0.2023880649368478
0.7750000000000004,,0.20360040014595182,0.6688613046221757,True,0.3042069989274958,0.19965400784482945
0.7800000000000011,,0.20476714933888246,0.6667357977604398,True,0.3030688577402678,0.19692715413209883
0.7850000000000001,,0.20593397572065603,0.664610430063709,True,0.30193035737721496,0.1942074264905952
0.7900000000000009,,0.20710087929358303,0.6624852015278329,True,0.30079149594752774,0.1914947488289609
0.7949999999999999,,0.20826786005997294,0.6603601121486644,True,0.29965227155573615,0.18878904624544368
0.8000000000000007,,0.2094349180221366,0.6582351619220537,True,0.29851268230167594,0.18609024500155324
0.8049999999999997,,0.21060205318238306,0.6561103508438536,True,0.2973727262804575,0.18339827249647067
0.8100000000000005,,0.2117692655430235,0.6539856789099143,True,0.29623240158242803,0.18071305724216147
0.8149999999999995,,0.21293655510636705,0.651861146116089,True,0.2950917062931424,0.17803452883919224
0.8200000000000003,,0.21410392187472504,0.6497367524582276,True,0.29395063849332437,0.1753626179532013
0.8250000000000011,,0.2152713658504074,0.6476124979321831,True,0.29280919625883706,0.17269725629202937
0.8300000000000001,,0.21643888703572345,0.6454883825338081,True,0.2916673776606469,0.17003837658346155
0.8350000000000009,,0.217606485432985,0.6433644062589527,True,0.29052518076478484,0.16738591255357604
0.8399999999999999,,0.21877416104450126,0.6412405691034712,True,0.28938260363231993,0.16473979890568524
0.8450000000000006,,0.21994191387258366,0.6391168710632136,True,0.2882396443193165,0.1620999712998229
0.8499999999999996,,0.22110974391954175,0.6369933121340337,True,0.28709630087680393,0.1594663663327972
0.8550000000000004,,0.22227765118768705,0.6348698923117826,True,0.2859525713507374,0.156838921518755
0.8600000000000012,,0.22344563567932962,0.632746611592313,True,0.2848084537819664,0.15421757527026891
0.8650000000000002,,0.2246136973967796,0.6306234699714788,True,0.2836639462061965,0.15160226687991474
0.870000000000001,,0.2257818363423486,0.6285004674451304,True,0.28251904665395156,0.14899293650232337
0.875,,0.22695005251834655,0.626377604009122,True,0.2813737531505418,0.14638952513670767
0.8800000000000008,,0.22811834592708485,0.6242548796593053,True,0.2802280637160235,0.14379197460982773
0.8849999999999998,,0.22928671657087352,0.622132294391534,True,0.2790819763651655,0.1412002275593991
0.8900000000000006,,0.2304551644520244,0.6200098482016596,True,0.2779354891074075,0.1386142274179163
0.8949999999999996,,0.23162368957284735,0.6178875410855367,True,0.27678859994682914,0.13603391839689283
0.9000000000000004,,0.2327922919356541,0.6157653730390167,True,0.2756413068821073,0.13345924547148758
0.9050000000000011,,0.23396097154275544,0.6136433440579533,True,0.27449360790648125,0.13089015436552598
0.9100000000000001,,0.23512972839646168,0.6115214541382006,True,0.2733455010077148,0.12832659153688653
0.9150000000000009,,0.23629856249908493,0.6093997032756104,True,0.2721969841680558,0.12576850416324648
0.9199999999999999,,0.23746747385293537,0.6072780914660374,True,0.2710480553642014,0.12321584012818743
0.9250000000000007,,0.2386364624603252,0.6051566187053334,True,0.26989871256725584,0.12066854800762838
0.9299999999999997,,0.23980552832356447,0.6030352849893539,True,0.26874895374269525,0.11812657705660246
0.9350000000000005,,0.24097467144496543,0.6009140903139503,True,0.2675987768503256,0.11558987719633607
0.9399999999999995,,0.24214389182683832,0.5987930346749782,True,0.26644817984424507,0.11305839900165904
0.9450000000000003,,0.24331318947149544,0.5966721180682895,True,0.26529716067280384,0.11053209368869477
0.9500000000000011,,0.2444825643812477,0.5945513404897391,True,0.2641457172785644,0.10801091310286315
0.9550000000000001,,0.24565201655840635,0.5924307019351813,True,0.2629938475982625,0.10549480970715297
0.9600000000000009,,0.2468215460052834,0.5903102024004687,True,0.2618415495627642,0.10298373657067406
0.9649999999999999,,0.24799115272418948,0.5881898418814566,True,0.2606888210970293,0.10047764735748488
0.9700000000000006,,0.24916083671743716,0.5860696203739982,True,0.25953566012006646,0.09797649631566818
0.9749999999999996,,0.25033059798733703,0.5839495378739488,True,0.25838206454489576,0.09548023826667096
0.9800000000000004,,0.2515004365362017,0.581829594377161,True,0.2572280322785032,0.09298882859488056
0.9850000000000012,,0.2526703523663423,0.5797097898794903,True,0.25607356122180414,0.09050222323745027
0.9900000000000002,,0.25384034548007023,0.5775901243767916,True,0.2549186492695976,0.08802037867434709
0.995000000000001,,0.2550104158796981,0.5754705978649179,True,0.253763294310525,0.08554325191862933
1.0,,0.2561805635675368,0.5733512103397256,True,0.25260749422702866,0.0830708005069496
1.004999999999999,,0.25735078854589855,0.571231961797068,True,0.2514512468953083,0.08060298249025788
1.0100000000000016,,0.2585210908170962,0.5691128522327991,True,0.25029455018527735,0.07813975642472604
1.0150000000000006,,0.25969147038344004,0.5669938816427762,True,0.24913740196052303,0.07568108136287033
1.0199999999999996,,0.2608619272472429,0.564875050022853,True,0.24797980007825848,0.07322691684486082
1.0249999999999986,,0.2620324614108166,0.5627563573688843,True,0.2468217423892809,0.07077722289003674
1.0300000000000011,,0.2632030728764742,0.5606378036767238,True,0.2456632267379275,0.06833195998859642
1.0350000000000001,,0.26437376164652626,0.5585193889422293,True,0.24450425096203254,0.06589108909348118
1.0399999999999991,,0.2655445277232856,0.5564011131612546,True,0.24334481289287924,0.06345457161241641
1.0450000000000017,,0.2667153711090653,0.554282976329654,True,0.24218491035515655,0.06102236940014105
1.0500000000000007,,0.2678862918061758,0.5521649784432854,True,0.2410245411669163,0.05859444475080278
1.0549999999999997,,0.26905728981693044,0.550047119498003,True,0.23986370313952232,0.05617076039050162
1.0599999999999987,,0.27022836514364146,0.5479293994896619,True,0.23870239407760918,0.05375127947000791
1.0650000000000013,,0.2713995177886223,0.5458118184141167,True,0.2375406117790324,0.05133596555762776
1.0700000000000003,,0.27257074775418333,0.5436943762672259,True,0.23637835403482654,0.04892478263222333
1.0749999999999993,,0.27374205504263815,0.5415770730448437,True,0.23521561862915363,0.04651769507636805
1.0800000000000018,,0.2749134396562999,0.5394599087428248,True,0.23405240333925703,0.04411466766965688
1.0850000000000009,,0.27608490159747956,0.5373428833570275,True,0.2328887059354181,0.041715665582156114
1.0899999999999999,,0.27725644086849044,0.535225996883307,True,0.2317245241809014,0.03932065436797472
1.0949999999999989,,0.2784280574716457,0.5331092493175187,True,0.23055985583191219,0.03692959995898282
1.1000000000000014,,0.2795997514092583,0.5309926406555174,True,0.2293946986375448,0.03454246865865085
1.1050000000000004,,0.2807715226836392,0.5288761708931631,True,0.2282290503397375,0.03215922713602304
1.1099999999999994,,0.2819433712971025,0.5267598400263097,True,0.2270629086732181,0.029779842419796143
1.115000000000002,,0.2831152972519616,0.5246436480508123,True,0.22589627136545753,0.02740428189253441
1.120000000000001,,0.28428730055052776,0.5225275949625309,True,0.2247291361366217,0.025032513285000224
1.125,,0.2854593811951146,0.52041168075732,True,0.22356150069951797,0.02266450467058201
1.129999999999999,,0.2866315391880353,0.5182959054310363,True,0.22239336275954535,0.020300224459851357
1.1350000000000016,,0.2878037745316034,0.5161802689795352,True,0.22122472001464422,0.017939641395218642
1.1400000000000006,,0.28897608722813056,0.5140647713986766,True,0.22005557015524757,0.015582724545701532
1.1449999999999996,,0.29014847727993043,0.5119494126843154,True,0.21888591086422426,0.01322944330178144
1.1499999999999986,,0.29132094468931646,0.5098341928323089,True,0.2177157398168299,0.010879767370378435
1.1550000000000011,,0.2924934894586022,0.5077191118385124,True,0.21654505468065532,0.008533666769911186
1.1600000000000001,,0.2936661115900997,0.5056041696987863,True,0.2153738531155729,0.006191111825466056
1.1649999999999991,,0.29483881108612275,0.5034893664089863,True,0.21420213277368272,0.00385207316403835
1.1700000000000017,,0.2960115879489854,0.5013747019649677,True,0.2130298912992592,0.0015165217098848105
1.1750000000000007,,0.2971844421809996,0.49926017636259146,True,0.2118571263286999,0.0008155713200377335
1.1799999999999997,,0.2983573737844796,0.49714578959771283,True,0.21068383549046832,0.0031442344205621087
1.1849999999999987,,0.2995303827617385,0.49503154166618996,True,0.2095100164050394,0.005469495802696178
1.1900000000000013,,0.3007034691150908,0.4929174325638783,True,0.20833566668484527,0.007791383397939056
1.1950000000000003,,0.30187663284684835,0.4908034622866392,True,0.207160783934222,0.010109924862502728
1.1999999999999993,,0.30304987395932564,0.48868963083032824,True,0.20598536574934956,0.012425147581473839
1.2050000000000018,,0.3042231924548369,0.48657593819080225,True,0.20480940971819717,0.014737078672881099
1.2100000000000009,,0.30539658833569444,0.4844623843639218,True,0.2036329134204704,0.01704574499168876
1.2149999999999999,,0.3065700616042125,0.4823489693455433,True,0.2024558744275482,0.01935117313373147
1.2199999999999989,,0.30774361226270497,0.48023569313152514,True,0.2012782903024286,0.02165338943955586
1.2250000000000014,,0.30891724031348644,0.4781225557177237,True,0.20010015859967,0.02395241999820974
1.2300000000000004,,0.31009094575886886,0.47600955710000037,True,0.1989214768653358,0.02624829065094425
1.2349999999999994,,0.3112647286011674,0.4738966972742118,True,0.19774224263692997,0.028541026994870933
1.240000000000002,,0.3124385888426965,0.4717839762362145,True,0.1965624534433419,0.03083065438653443
1.245000000000001,,0.31361252648576843,0.46967139398187063,True,0.19538210680478807,0.033117197945421895
1.25,,0.31478654153269814,0.46755895050703666,True,0.19420120023274712,0.03540068255742623
1.254999999999999,,0.3159606339857995,0.4654466458075716,True,0.19301973122990357,0.037681132878227386
1.2600000000000016,,0.3171348038473879,0.4633344798793322,True,0.19183769729008282,0.03995857333662789
1.2650000000000006,,0.31830905111977514,0.46122245271818063,True,0.1906550958981974,0.04223302813781382
1.2699999999999996,,0.3194833758052771,0.4591105643199739,True,0.18947192453017503,0.04450452126658133
1.2749999999999986,,0.3206577779062071,0.45699881468057113,True,0.18828818065290376,0.046773076490484344
1.2800000000000011,,0.3218322574248807,0.4548872037958299,True,0.18710386172416538,0.04903871736294052
1.2850000000000001,,0.32300681436361056,0.45277573166161195,True,0.18591896519257523,0.051301467226273045
1.2899999999999991,,0.3241814487247119,0.45066439827377486,True,0.18473348849751492,0.05356134921471423
1.2950000000000017,,0.32535616051049976,0.4485532036281771,True,0.1835474290690693,0.05581838625734359
1.3000000000000007,,0.326530949723287,0.44644214772068,True,0.18236078432796465,0.05807260108097845
1.3049999999999997,,0.3277058163653891,0.4443312305471421,True,0.1811735516854993,0.060324016213022524
1.3099999999999987,,0.3288807604391204,0.44222045210342287,True,0.17998572854347938,0.06257265398425771
1.3150000000000013,,0.33005578194679636,0.44010981238537994,True,0.17879731229415263,0.06481853653159275
1.3200000000000003,,0.33123088089073005,0.43799931138887627,True,0.17760830032014452,0.06706168580075933
1.3249999999999993,,0.3324060572732369,0.43588894910976994,True,0.17641868999438493,0.06930212354897525
1.3300000000000018,,0.33358131109663225,0.4337787255439194,True,0.1752284786800451,0.07153987134755191
1.3350000000000009,,0.33475664236322955,0.431668640687187,True,0.17403766373046903,0.07377495058445716
1.3399999999999999,,0.3359320510753441,0.42955869453543194,True,0.17284624248910196,0.07600738246684813
1.3449999999999989,,0.33710753723529086,0.42744888708451356,True,0.171654212289424,0.07823718802354995
1.3500000000000014,,0.33828310084538576,0.4253392183302907,True,0.17046157045487687,0.08046438810749823
1.3550000000000004,,0.3394587419079419,0.4232296882686267,True,0.16926831429879852,0.08268900339813778
1.3599999999999994,,0.3406344604252748,0.42112029689538033,True,0.16807444112434733,0.08491105440379232
1.365000000000002,,0.341810256399701,0.4190110442064099,True,0.16687994822443053,0.0871305614639859
1.370000000000001,,0.34298612983353327,0.41690193019757926,True,0.16568483288163827,0.08934754475172335
1.375,,0.3441620807290879,0.41479295486474743,True,0.16448909236816278,0.09156202427574978
1.379999999999999,,0.3453381090886798,0.4126841182037747,True,0.16329272394573024,0.09377401988275835
1.3850000000000016,,0.3465142149146252,0.4105754202105206,True,0.16209572486552415,0.09598355125957081
1.3900000000000006,,0.3476903982092375,0.4084668608808486,True,0.16089809236811536,0.09819063793527505
1.3949999999999996,,0.3488666589748328,0.40635844021061784,True,0.1596998236833811,0.10039529928334368
1.3999999999999986,,0.35004299721372656,0.40425015819568977,True,0.15850091603043293,0.102597554523703
1.4050000000000011,,0.35121941292823505,0.4021420148319231,True,0.15730136661753913,0.10479742272478143
1.4100000000000001,,0.3523959061206718,0.40003401011518247,True,0.1561011726420507,0.10699492280551137
1.4149999999999991,,0.3535724767933536,0.397926144041327,True,0.15490033129031966,0.10919007353732124
1.4200000000000017,,0.35474912494859606,0.3958184166062169,True,0.15369883973762288,0.11138289354607789
1.4250000000000007,,0.35592585058871357,0.39371082780571626,True,0.1524966951480855,0.11357340131400218
1.4299999999999997,,0.3571026537160222,0.39160337763568454,True,0.15129389467459786,0.1157616151815668
1.4349999999999987,,0.3582795343328379,0.38949606609198373,True,0.1500904354587369,0.11794755334934903
1.4400000000000013,,0.35945649244147726,0.3873888931704734,True,0.1488863146306858,0.12013123387986857
1.4450000000000003,,0.3606335280442539,0.3852818588670187,True,0.14768152930915512,0.12231267469938123
1.4499999999999993,,0.3618106411434846,0.3831749631774794,True,0.1464760766012958,0.12449189359966906
1.4550000000000018,,0.3629878317414864,0.38106820609771547,True,0.1452699536026183,0.12666890823978139
1.4600000000000009,,0.36416509984057294,0.37896158762359244,True,0.144063157396914,0.1288437361477548
1.4649999999999999,,0.3653424454430614,0.37685510775097,True,0.14285568505616375,0.13101639472232152
1.4699999999999989,,0.36651986855126717,0.37474876647571037,True,0.14164753364045746,0.13318690123457277
1.4750000000000014,,0.3676973691675074,0.37264256379367466,True,0.14043870019790816,0.13535527282960946
1.4800000000000004,,0.3688749472940966,0.3705364997007276,True,0.13922918176456656,0.13752152652816063
1.4849999999999994,,0.3700526029333515,0.3684305741927296,True,0.1380189753643315,0.13968567922819064
1.490000000000002,,0.37123033608758915,0.3663247872655414,True,0.13680807800886474,0.14184774770646924
1.495000000000001,,0.372408146759124,0.3642191389150291,True,0.13559648669750368,0.14400774862011967
1.5,,0.37358603495027276,0.36211362913705325,True,0.13438419841716964,0.1461656985081583
1.504999999999999,,0.37476400066335236,0.36000825792747626,True,0.1331712101422784,0.1483216137929957
1.5100000000000016,,0.3759420439006796,0.35790302528215934,True,0.13195751883465068,0.15047551078192645
1.5150000000000006,,0.377120164664569,0.3557979311969681,True,0.13074312144342337,0.15262740566858457
1.5199999999999996,,0.37829836295733776,0.35369297566776414,True,0.12952801490495225,0.1547773145344007
1.5249999999999986,,0.3794766387813028,0.35158815869040994,True,0.12831219614272182,0.15692525335001517
1.5300000000000011,,0.3806549921387808,0.34948348026076714,True,0.12709566206725165,0.159071237976685
1.5350000000000001,,0.3818334230320868,0.3473789403747015,True,0.12587840957600394,0.16121528416766195
1.5399999999999991,,0.3830119314635384,0.3452745390280749,True,0.1246604355532841,0.1633574075695634
1.5450000000000017,,0.38419051743545274,0.34317027621674895,True,0.12344173687014659,0.16549762372371224
1.5500000000000007,,0.3853691809501453,0.34106615193658946,True,0.12222231038430098,0.16763594806745985
1.5549999999999997,,0.38654792200993304,0.33896216618345887,True,0.12100215294000916,0.1697723959354991
1.5599999999999987,,0.38772674061713297,0.3368583189532202,True,0.11978126136799028,0.17190698256115056
1.5650000000000013,,0.38890563677406265,0.3347546102417358,True,0.11855963248531931,0.17403972307763405
1.5700000000000003,,0.3900846104830375,0.33265104004487156,True,0.11733726309533021,0.17617063251931953
1.5749999999999993,,0.39126366174637484,0.33054760835849,True,0.11611414998751135,0.1782997258229695
1.5800000000000018,,0.3924427905663925,0.3284443151784536,True,0.11489028993740291,0.18042701782895687
1.5850000000000009,,0.3936219969454058,0.32634116050062895,True,0.11366567970649921,0.1825525232824623
1.5899999999999999,,0.3948012808857325,0.32423814432087816,True,0.11244031604213944,0.18467625683467226
1.5949999999999989,,0.39598064238969005,0.32213526663506514,True,0.11121419567740487,0.18679823304394194
1.6000000000000014,,0.3971600814595958,0.3200325274390531,True,0.1099873153310138,0.18891846637695475
1.6050000000000004,,0.39833959809776576,0.31792992672870796,True,0.10875967170721634,0.1910369712098583
1.6099999999999994,,0.3995191923065172,0.3158274644998941,True,0.1075312614956836,0.19315376182939392
1.615000000000002,,0.4006988640881691,0.3137251407484726,True,0.10630208137140018,0.19526885243400915
1.620000000000001,,0.4018786134450364,0.3116229554703117,True,0.10507212799455967,0.19738225713494173
1.625,,0.4030584403794375,0.30952090866127413,True,0.103841398010446,0.19949398995731515
1.629999999999999,,0.4042383448936896,0.3074190003172245,True,0.10260988804932847,0.20160406484119786
1.6350000000000016,,0.40541832699011104,0.30531723043402564,True,0.10137759472634689,0.20371249564266014
1.6400000000000006,,0.4065983866710178,0.30321559900754524,True,0.10014451464140017,0.20581929613480732
1.6449999999999996,,0.4077785239387276,0.30111410603364697,True,0.09891064437902997,0.20792448000881558
1.6499999999999986,,0.40895873879555866,0.2990127515081948,True,0.09767598050830517,0.21002806087494164
1.6550000000000011,,0.4101390312438289,0.29691153542705295,True,0.09644051958270627,0.21213005226352188
1.6600000000000001,,0.4113194012858544,0.294810457786089,True,0.09520425814001143,0.21423046762595788
1.6649999999999991,,0.41249984892395386,0.29270951858116667,True,0.09396719270217146,0.21632932033569952
1.6700000000000017,,0.4136803741604457,0.29060871780814923,True,0.09272931977519283,0.21842662368920474
1.6750000000000007,,0.4148609769976457,0.2885080554629053,True,0.09149063584902195,0.2205223909068832
1.6799999999999997,,0.4160416574378728,0.2864075315412986,True,0.09025113739741553,0.2226166351340484
1.6849999999999987,,0.41722241548344485,0.28430714603919416,True,0.08901082087782197,0.22470936944183761
1.6900000000000013,,0.41840325113668053,0.282206898952456,True,0.08776968273125707,0.2268006068281314
1.6950000000000003,,0.419584164399896,0.28010679027695307,True,0.08652771938218096,0.228890360218452
1.6999999999999993,,0.42076515527541036,0.2780068200085489,True,0.08528492723836623,0.23097864246686872
1.7050000000000018,,0.421946223765542,0.275906988143108,True,0.08404130269077559,0.23306546635687408
1.7100000000000009,,0.42312736987260746,0.27380729467649956,True,0.08279684211343263,0.23515084460225322
1.7149999999999999,,0.424308593598926,0.27170773960458683,True,0.08155154186328928,0.23723478984795632
1.7199999999999989,,0.42548989494681533,0.2696083229232363,True,0.0803053982800972,0.23931731467094175
1.7250000000000014,,0.4266712739185948,0.2675090446283127,True,0.07905840768627437,0.24139843158102203
1.7300000000000004,,0.4278527305165808,0.2654099047156851,True,0.07781056638677519,0.24347815302169096
1.7349999999999994,,0.42903426474309253,0.26331090318121736,True,0.07656187066894948,0.2455564913709536
1.740000000000002,,0.4302158766004489,0.261212040020775,True,0.07531231680241213,0.24763345894213273
1.745000000000001,,0.431397566090967,0.2591133152302272,True,0.0740619010389032,0.24970906798466963
1.75,,0.43257933321696573,0.2570147288054385,True,0.07281061961215096,0.251783330684926
1.754999999999999,,0.43376117798076363,0.2549162807422759,True,0.07155846873772997,0.25385625916696153
1.7600000000000016,,0.43494310038468026,0.252817971036604,True,0.07030544461292121,0.25592786549331414
1.7650000000000006,,0.4361251004310325,0.2507197996842924,True,0.06905154341657194,0.2579981616657592
1.7699999999999996,,0.4373071781221394,0.24862176668120659,True,0.06779676130894785,0.2600671596260773
1.7749999999999986,,0.4384893334603198,0.2465238720232131,True,0.06654109443159006,0.26213487125679746
1.7800000000000011,,0.43967156644789307,0.24442611570617742,True,0.06528453890716857,0.26420130838194167
1.7850000000000001,,0.4408538770871766,0.24232849772596937,True,0.06402709083933478,0.26626648276775144
1.7899999999999991,,0.4420362653804897,0.24023101807845473,True,0.06276874631257079,0.26833040612342085
1.7950000000000017,,0.4432187313301523,0.2381336767594987,True,0.061509501392037924,0.27039309010181034
1.8000000000000007,,0.44440127493848103,0.23603647376497178,True,0.06024935212343041,0.27245454630014976
1.8049999999999997,,0.44558389620779604,0.2339394090907396,True,0.058988294532812846,0.2745147862607491
1.8099999999999987,,0.4467665951404164,0.2318424827326694,True,0.05772632462647098,0.2765738214716862
1.8150000000000013,,0.4479493717386616,0.22974569468662714,True,0.056463438390753184,0.27863166336749545
1.8200000000000003,,0.44913222600484914,0.2276490449484831,True,0.05519963179191412,0.2806883233298407
1.8249999999999993,,0.45031515794129895,0.22555253351410384,True,0.05393490077595198,0.28274381268819626
1.8300000000000018,,0.45149816755033056,0.2234561603793553,True,0.05266924126844863,0.2847981427205055
1.8350000000000009,,0.45268125483426236,0.22135992554010808,True,0.05140264917440818,0.2868513246538369
1.8399999999999999,,0.4538644197954136,0.21926382899222815,True,0.05013512037809065,0.2889033696650405
1.8449999999999989,,0.45504766243610406,0.217167870731584,True,0.04886665074284546,0.2909542888813863
1.8500000000000014,,0.45623098275865315,0.21507205075404176,True,0.047597236110945795,0.29300409338120637
1.8550000000000004,,0.4574143807653793,0.21297636905547268,True,0.04632687230341914,0.29505279419451735
1.8599999999999994,,0.45859785645860224,0.21088082563174299,True,0.045055555119874136,0.29710040230365564
1.865000000000002,,0.4597814098406425,0.20878542047871979,True,0.043783280338328234,0.29914692864388925
1.870000000000001,,0.46096504091381785,0.20669015359227405,True,0.04251004371503675,0.30119238410402716
1.875,,0.46214874968044845,0.20459502496827262,True,0.041235840984312544,0.30323677952703165
1.879999999999999,,0.4633325361428542,0.20250003460258434,True,0.03996066785834862,0.305280125710613
1.8850000000000016,,0.46451640030335484,0.20040518249107608,True,0.03868452002704137,0.30732243340782706
1.8900000000000006,,0.4657003421642692,0.19831046862961885,True,0.0374073931578065,0.30936371332765633
1.8949999999999996,,0.46688436172791725,0.19621589301408013,True,0.036129282895396075,0.31140397613560156
1.8999999999999986,,0.4680684589966188,0.19412145564032895,True,0.03485018486171443,0.31344323245425243
1.9050000000000011,,0.4692526339726948,0.19202715650423252,True,0.03357009465562788,0.3154814928638614
1.9100000000000001,,0.4704368866584631,0.1899329956016625,True,0.03228900785278266,0.3175187679029037
1.9149999999999991,,0.47162121705624427,0.18783897292848659,True,0.031006920005405947,0.31955506806864786
1.9200000000000017,,0.4728056251683594,0.18574508848057208,True,0.029723826642116924,0.32159040381770354
1.9250000000000007,,0.4739901109971264,0.1836513422537914,True,0.028439723267735362,0.32362478556657037
1.9299999999999997,,0.4751746745448665,0.1815577342440121,True,0.027154605363077344,0.3256582236921899
1.9349999999999987,,0.47635931581389956,0.1794642644471034,True,0.025868468384762533,0.32769072853248016
1.9400000000000013,,0.4775440348065464,0.17737093285893343,True,0.024581307765009885,0.3297223103868736
1.9450000000000003,,0.47872883152512546,0.1752777394753748,True,0.023293118911439814,0.3317529795168406
1.9499999999999993,,0.47991370597195815,0.1731846842922949,True,0.022003897206861467,0.33378274614642733
1.9550000000000018,,0.48109865814936514,0.17109176730556194,True,0.020713638009071556,0.33581162046276813
1.9600000000000009,,0.4822836880596649,0.16899898851104886,True,0.01942233665064519,0.3378396126165979
1.9649999999999999,,0.48346879570517887,0.16690634790462416,True,0.018129988438719602,0.3398667327227758
1.9699999999999989,,0.48465398108822744,0.16481384548215725,True,0.016836588654785656,0.3418929908607844
1.9750000000000014,,0.48583924421113156,0.16272148123951674,True,0.015542132554468457,0.34391839707523597
1.9800000000000004,,0.4870245850762103,0.1606292551725754,True,0.014246615367313087,0.3459429613763656
1.9849999999999994,,0.48821000368578477,0.15853716727720207,True,0.012950032296559888,0.34796669374053524
1.990000000000002,,0.4893955000421766,0.15644521754926494,True,0.011652378518923534,0.3499896041107189
1.995000000000001,,0.490581074147704,0.15435340598463837,True,0.010353649184371205,0.3520117023969844
2.0,,0.4917667260046893,0.1522617325791897,True,0.009053839415888332,0.35403299847698855
2.004999999999999,,0.49295245561545253,0.1501701973287904,True,0.007752944309254772,0.35605350219644216
2.0100000000000016,,0.49413826298231545,0.1480788002293089,True,0.006450958932808781,0.358073223369596
2.0150000000000006,,0.4953241481075972,0.1459875412766192,True,0.005147878327216304,0.3600921717797003
2.0199999999999996,,0.4965101109936194,0.14389642046658976,True,0.003843697505228283,0.3621103571794846
2.0249999999999986,,0.4976961516427026,0.14180543779509194,True,0.0025384114514457323,0.36412778929161216
2.030000000000001,,0.498882270057169,0.1397145932579946,True,0.001232015122072827,0.3661444778091454
2.035,,0.5000684662393375,0.13762388685117152,True,7.549655532168575e-05,0.36816043239599616
2.039999999999999,,0.5012547401915302,0.13553331857049253,True,0.0013841286820593934,0.3701756626873869
2.0450000000000017,,0.5024410919160684,0.1334428884118271,True,0.0026938863885989095,0.37219017829029655
2.0500000000000007,,0.503627521415272,0.13135259637104912,True,0.004004774834787006,0.37420398878390304
2.0549999999999997,,0.5048140286914629,0.12926244244402801,True,0.005316799210118406,0.37621710372003525
2.0599999999999987,,0.5060006137469619,0.1271724266266357,True,0.00662996473399291,0.3782295326236045
2.0650000000000013,,0.5071872765840912,0.1250825489147417,True,0.007944276655975857,0.3802412849930501
2.0700000000000003,,0.5083740172051705,0.12299280930422021,True,0.009259740256061577,0.3822523703007612
2.0749999999999993,,0.5095608356125216,0.12090320779094135,True,0.010576360844943844,0.3842627979935209
2.080000000000002,,0.5107477318084672,0.11881374437077541,True,0.011894143764284881,0.3862725774929263
2.085000000000001,,0.5119347057953265,0.1167244190395968,True,0.013213094386983815,0.3882817181958109
2.09,,0.5131217575754221,0.11463523179327562,True,0.014533218117461,0.3902902294746766
2.094999999999999,,0.5143088871510748,0.1125461826276841,True,0.01585452039192914,0.39229812067810377
2.1000000000000014,,0.5154960945246077,0.11045727153869195,True,0.017177006678683715,0.3943054011311735
2.1050000000000004,,0.5166833796983403,0.10836849852217498,True,0.01850068247837844,0.39631208013587504
2.1099999999999994,,0.517870742674595,0.10627986357400293,True,0.01982555332432301,0.3983181669715252
2.115000000000002,,0.5190581834556945,0.10419136669004686,True,0.02115162478277166,0.4003236708951734
2.120000000000001,,0.5202457020439584,0.10210300786618182,True,0.022478902453214267,0.4023286011420024
2.125,,0.5214332984417096,0.10001478709827899,True,0.023807391968682312,0.4043329669257414
2.129999999999999,,0.5226209726512698,0.09792670438221016,True,0.025137098996044993,0.40633677743906227
2.1350000000000016,,0.5238087246749616,0.09583875971384645,True,0.02646802923631808,0.40834004185397954
2.1400000000000006,,0.524996554515105,0.09375095308906337,True,0.027800188424966787,0.41034276932224345
2.1449999999999996,,0.5261844621740226,0.09166328450373207,True,0.02913358233222596,0.41234496897573947
2.150000000000002,,0.5273724476540381,0.08957575395372372,True,0.03046821676341227,0.41434664992688086
2.155000000000001,,0.5285605109574709,0.08748836143491387,True,0.031804097559238964,0.41634782126898906
2.16,,0.5297486520866442,0.08540110694317385,True,0.033141230596147375,0.4183484920766949
2.164999999999999,,0.5309368710438801,0.08331399047437679,True,0.034479621786628,0.42034867140631427
2.1700000000000017,,0.5321251678315013,0.08122701202439403,True,0.03581927707955368,0.4223483682962377
2.1750000000000007,,0.5333135424518286,0.07914017158910155,True,0.037160202460509995,0.4243475917673054
2.1799999999999997,,0.5345019949071845,0.0770534691643717,True,0.038502403952138775,0.4263463508231944
2.1849999999999987,,0.535690525199892,0.07496690474607642,True,0.03984588761447849,0.4283446544507934
2.1900000000000013,,0.5368791333322738,0.07288047833008848,True,0.04119065954530876,0.43034251162057924
2.1950000000000003,,0.5380678193066506,0.07079418991228378,True,0.04253672588049995,0.43233993128698534
2.1999999999999993,,0.5392565831253457,0.06870803948853416,True,0.043884092794371776,0.4343369223887854
2.205000000000002,,0.5404454247906822,0.06662202705471262,True,0.045232766500048704,0.43633349384945497
2.210000000000001,,0.5416343443049809,0.06453615260669446,True,0.046582753249820086,0.4383296545775437
2.215,,0.5428233416705652,0.06245041614035282,True,0.04793405933551398,0.4403254134670427
2.219999999999999,,0.5440124168897579,0.060364817651561015,True,0.04928669108886263,0.44232077939775194
2.2250000000000014,,0.5452015699648822,0.058279357136191284,True,0.05064065488188185,0.44431576123564276
2.2300000000000004,,0.5463908008982589,0.05619403459012087,True,0.05199595712724514,0.44631036783321654
2.2349999999999994,,0.5475801096922122,0.054108850009222,True,0.05335260427867827,0.4483046080298769
2.240000000000002,,0.5487694963490646,0.052023803389367934,True,0.05471060283134033,0.4502984906522802
2.245000000000001,,0.5499589608711382,0.04993889472643448,True,0.05606995932221981,0.4522920245146964
2.25,,0.5511485032607559,0.047854124016295685,True,0.05743068033053578,0.4542852184193684
2.254999999999999,,0.5523381235202409,0.04576949125482527,True,0.0587927724781393,0.45627808115686697
2.2600000000000016,,0.5535278216519173,0.043684996437896195,True,0.06015624242992412,0.45827062150644626
2.2650000000000006,,0.554717597658106,0.041600639561385794,True,0.06152109689423446,0.4602628482363924
2.2699999999999996,,0.5559074515411306,0.03951642062116781,True,0.0628873426232901,0.4622547701043833
2.275000000000002,,0.5570973833033157,0.03743233961311404,True,0.06425498641360883,0.4642463958578382
2.280000000000001,,0.5582873929469816,0.03534839653310351,True,0.06562403510642822,0.4662377342342594
2.285,,0.5594774804744534,0.03326459137700857,True,0.06699449558815063,0.46822879396159367
2.289999999999999,,0.5606676458880537,0.031180924140704724,True,0.06836637479077401,0.470219583758573
2.2950000000000017,,0.5618578891901064,0.029097394820065375,True,0.06973967969234085,0.4722101123350646
2.3000000000000007,,0.5630482103829337,0.027014003410967907,True,0.07111441731738555,0.47420038839241174
2.3049999999999997,,0.5642386094688592,0.024930749909286537,True,0.07249059473739272,0.4761904206237879
2.3099999999999987,,0.5654290864502063,0.022847634310896148,True,0.07386821907125862,0.47818021771453356
2.3150000000000013,,0.5666196413292994,0.020764656611670762,True,0.07524729748575798,0.4801697883425058
2.3200000000000003,,0.5678102741084605,0.018681816807488205,True,0.0766278371960144,0.48215914117841296
2.3249999999999993,,0.5690009847900133,0.01659911489422311,True,0.07800984546598333,0.48414828488616557
2.330000000000002,,0.5701917733762827,0.014516550867748779,True,0.07939332960893797,0.486137228123215
2.335000000000001,,0.57138263986959,0.012434124723944284,True,0.08077829698795325,0.48812597954088854
2.34,,0.5725735842722606,0.010351836458683483,True,0.08216475501641318,0.49011454778473884
2.344999999999999,,0.5737646065866173,0.008269686067842091,True,0.08355271115850671,0.4921029414948761
2.3500000000000014,,0.5749557068149852,0.006187673547294159,True,0.08494217292974326,0.494091169306313
2.3550000000000004,,0.5761468849596858,0.0041057988929194544,True,0.08633314789746316,0.4960792398492937
2.3599999999999994,,0.5773381410230444,0.0020240621005916393,True,0.0877256436813687,0.49806716174964305
2.365000000000002,,0.578529475007385,-5.753683381445884e-05,True,0.08911966795404935,0.49994505637090114
2.370000000000001,,0.5797208869150303,-0.0021389979144200155,True,0.09051522844151683,0.49795740589435455
2.375,,0.5809123767483048,-0.004220321145349565,True,0.09191233292375467,0.495969878206143
2.379999999999999,,0.5821039445095326,-0.006301506530727863,True,0.09331098923526504,0.4939824646947686
2.3850000000000016,,0.5832955902010386,-0.008382554074679416,True,0.09471120526562782,0.491995156751474
2.3900000000000006,,0.5844873138251447,-0.010463463781324733,True,0.09611298896006293,0.4900079457699107
2.3949999999999996,,0.5856791153841765,-0.012544235654789404,True,0.09751634832000922,0.48802082314579365
2.400000000000002,,0.5868709948804587,-0.014624869699197657,True,0.0989212914037001,0.48603378027657285
2.405000000000001,,0.5880629523163139,-0.01670536591867025,True,0.10032782632675008,0.4840468085611003
2.41,,0.5892549876940668,-0.018785724317331554,True,0.10173596126275386,0.4820598993992866
2.414999999999999,,0.5904471010160423,-0.020865944899305433,True,0.10314570444388893,0.4800730441917722
2.4200000000000017,,0.5916392922845647,-0.022946027668715396,True,0.10455706416152555,0.4780862343395891
2.4250000000000007,,0.5928315615019577,-0.025025972629682675,True,0.10597004876684613,0.4760994612438303
2.4299999999999997,,0.5940239086705458,-0.027105779786331052,True,0.10738466667147395,0.47411271630530916
2.4349999999999987,,0.5952163337926538,-0.02918544914278348,True,0.10880092634811034,0.472125990924227
2.4400000000000013,,0.5964088368706069,-0.031264980703164136,True,0.11021883633117813,0.47013927649983644
2.4450000000000003,,0.5976014179067282,-0.033344374471593274,True,0.1116384052174727,0.4681525644301108
2.4499999999999993,,0.5987940769033424,-0.035423630452194016,True,0.11305964166682858,0.46616584611140177
2.455000000000002,,0.599986813862776,-0.03750274864909145,True,0.11448255440278987,0.46417911293810454
2.460000000000001,,0.6011796287873512,-0.03958172906640431,True,0.1159071522132854,0.46219235630233135
2.465,,0.602372521679394,-0.041660571708257044,True,0.11733344395132528,0.4602055675935597
2.469999999999999,,0.603565492541229,-0.0437392765787718,True,0.11876143853569598,0.4582187381983083
2.4750000000000014,,0.6047585413751818,-0.04581784368207184,True,0.12019114495167027,0.45623185949979295
2.4800000000000004,,0.6059516681835756,-0.047896273022277,True,0.12162257225172213,0.4542449228775953
2.4849999999999994,,0.6071448729687363,-0.049974564603510435,True,0.1230557295562611,0.45225791970731777
2.490000000000002,,0.6083381557329894,-0.052052718429895645,True,0.12449062605436612,0.4502708413602492
2.495000000000001,,0.6095315164786586,-0.054130734505552114,True,0.1259272710045335,0.4482836792030287
2.5,,0.6107249552080694,-0.05620861283460271,True,0.12736567373543928,0.4462964245973009
2.504999999999999,,0.6119184719235466,-0.058286353421168585,True,0.1288058436467061,0.4443090688993798
2.5100000000000016,,0.6131120666274169,-0.060363956269374436,True,0.13024779020968658,0.44232160345990246
2.5150000000000006,,0.6143057393220033,-0.062441421383337525,True,0.13169152296824826,0.4403340196235008
2.5199999999999996,,0.615499490009632,-0.06451874876718142,True,0.13313705153958377,0.43834630872844405
2.525000000000002,,0.6166933186926289,-0.06659593842502892,True,0.13458438561502073,0.43635846210630436
2.530000000000001,,0.617887225373318,-0.06867299036099911,True,0.13603353496084514,0.4343704710816152
2.535,,0.619081210054025,-0.07074990457921398,True,0.1374845094191428,0.43238232697152235
2.539999999999999,,0.6202752727370757,-0.07282668108379486,True,0.13893731890864625,0.4303940210854402
2.5450000000000017,,0.621469413424796,-0.07490331987886406,True,0.1403919734255965,0.4284055447247064
2.5500000000000007,,0.62266363211951,-0.07697982096854084,True,0.1418484830446134,0.42641688918223686
2.5549999999999997,,0.6238579288235437,-0.07905618435694639,True,0.1433068579195873,0.4244280457421745
2.5599999999999987,,0.6250523035392231,-0.08113241004820237,True,0.1447671082845745,0.4224390056795424
2.5650000000000013,,0.6262467562688745,-0.08320849804643093,True,0.14622924445471153,0.42044976025989156
2.5700000000000003,,0.6274412870148216,-0.08528444835574972,True,0.1476932768271345,0.41846030073895757
2.5749999999999993,,0.628635895779391,-0.08736026098028082,True,0.14915921588192704,0.4164706183622977
2.580000000000002,,0.6298305825649095,-0.08943593592414678,True,0.15062707218306703,0.41448070436494233
2.585000000000001,,0.6310253473737013,-0.09151147319146469,True,0.1520968563793923,0.41249054997104784
2.59,,0.6322201902080926,-0.09358687278635658,True,0.15356857920558542,0.4105001463935276
2.594999999999999,,0.6334151110704096,-0.0956621347129426,True,0.15504225148316653,0.40850948483370453
2.6000000000000014,,0.6346101099629786,-0.09773725897534458,True,0.1565178841215049,0.4065185564809488
2.6050000000000004,,0.6358051868881245,-0.09981224557768048,True,0.1579954881188409,0.4045273525123223
2.6099999999999994,,0.637000341848174,-0.10188709452407108,True,0.15947507456333088,0.4025358640922123
2.615000000000002,,0.6381955748454539,-0.10396180581863812,True,0.16095665463410114,0.40054408237197126
2.620000000000001,,0.6393908858822883,-0.10603637946549888,True,0.16244023960231668,0.3985519984895558
2.625,,0.6405862749610045,-0.10811081546877382,True,0.1639258408322759,0.3965596035691574
2.629999999999999,,0.6417817420839286,-0.110185113832584,True,0.16541346978251026,0.3945668887208349
2.6350000000000016,,0.6429772872533877,-0.11225927456104978,True,0.1669031380069088,0.3925738450401477
2.6400000000000006,,0.6441729104717062,-0.11433329765828826,True,0.16839485715585123,0.3905804636077892
2.6449999999999996,,0.6453686117412116,-0.11640718312842008,True,0.16988863897737128,0.3885867354892065
2.650000000000002,,0.6465643910642307,-0.11848093097556639,True,0.17138449531832578,0.3865926517342311
2.655000000000001,,0.6477602484430884,-0.12055454120384412,True,0.17288243812558535,0.38459820337670614
2.66,,0.6489561838801121,-0.1226280138173737,True,0.17438247944724883,0.38260338143410344
2.664999999999999,,0.6501521973776282,-0.12470134882027406,True,0.17588463143386868,0.3806081769071479
2.6700000000000017,,0.6513482889379643,-0.12677454621666662,True,0.17738890633970184,0.3786125807794316
2.6750000000000007,,0.6525444585634445,-0.1288476060106668,True,0.17889531652397128,0.37661658401704123
2.6799999999999997,,0.6537407062563969,-0.13092052820639544,True,0.18040387445216266,0.3746201775681599
2.6849999999999987,,0.6549370320191481,-0.1329933128079716,True,0.18191459269732435,0.3726233523626865
2.6900000000000013,,0.6561334358540256,-0.13506595981951508,True,0.1834274839414004,0.3706260993118451
2.6950000000000003,,0.6573299177633543,-0.13713846924514228,True,0.18494256097657436,0.3686284093077974
2.6999999999999993,,0.6585264777494623,-0.13921084108897352,True,0.18645983670664745,0.36663027322324027
2.705000000000002,,0.6597231158146769,-0.1412830753551283,True,0.18797932414842633,0.3646316819110158
2.710000000000001,,0.6609198319613231,-0.14335517204772236,True,0.18950103643313576,0.36263262620371517
2.715,,0.6621166261917293,-0.1454271311708758,True,0.1910249868078645,0.36063309691326983
2.719999999999999,,0.6633134985082217,-0.1474989527287071,True,0.1925511886370178,0.3586330848305541
2.7250000000000014,,0.664510448913129,-0.14957063672533616,True,0.19407965540380856,0.3566325807249777
2.7300000000000004,,0.6657074774087758,-0.15164218316487793,True,0.19561040071175706,0.35463157534408163
2.7349999999999994,,0.6669045839974905,-0.15371359205145219,True,0.19714343828623504,0.35263005941311976
2.740000000000002,,0.6681017686816011,-0.1557848633891789,True,0.19867878197601774,0.3506280236346486
2.745000000000001,,0.6692990314634328,-0.1578559971821723,True,0.20021644575486497,0.3486254586881192
2.75,,0.6704963723453139,-0.15992699343455224,True,0.20175644372313828,0.3466223552294436
2.754999999999999,,0.6716937913295717,-0.1619978521504366,True,0.2032987901094334,0.3446187038905846
2.7600000000000016,,0.6728912884185343,-0.16406857333394442,True,0.20484349927224443,0.34261449527912524
2.7650000000000006,,0.6740888636145271,-0.16613915698919052,True,0.20639058570165258,0.3406097199778486
2.7699999999999996,,0.675286516919879,-0.16820960312029443,True,0.20794006402105247,0.3386043685442981
2.775000000000002,,0.6764842483369178,-0.17027991173137452,True,0.20949194898889545,0.33659843151034896
2.780000000000001,,0.6776820578679694,-0.17235008282654568,True,0.21104625550046674,0.3345918993817758
2.785,,0.6788799455153625,-0.1744201164099271,True,0.21260299858969933,0.3325847626378047
2.789999999999999,,0.6800779112814239,-0.176490012485635,True,0.21416219343100662,0.330577011730677
2.7950000000000017,,0.681275955168483,-0.17855977105778886,True,0.21572385534115834,0.3285686370851979
2.8000000000000007,,0.6824740771788654,-0.1806293921305026,True,0.2172879997811743,0.32655962909829506
2.8049999999999997,,0.6836722773148994,-0.18269887570789506,True,0.21885464235826868,0.32454997813855746
2.8099999999999987,,0.6848705555789134,-0.18476822179408325,True,0.22042379882781304,0.3225396745457829
2.8150000000000013,,0.6860689119732353,-0.18683743039318496,True,0.2219954850953384,0.32052870863051885
2.8200000000000003,,0.687267346500192,-0.1889065015093146,True,0.22356971721857244,0.3185170706736
2.8249999999999993,,0.6884658591621117,-0.19097543514659054,True,0.22514651140951336,0.31650475092567776
2.830000000000002,,0.6896644499613234,-0.19304423130913034,True,0.2267258840365387,0.31449173960675214
2.835000000000001,,0.6908631189001534,-0.1951128900010482,True,0.22830785162654677,0.31247802690569926
2.84,,0.6920618659809304,-0.1971814112264615,True,0.2298924308671466,0.31046360297978914
2.844999999999999,,0.6932606912059827,-0.19924979498948725,True,0.23147963860887621,0.3084484579542046
2.8500000000000014,,0.6944595945776391,-0.2013180412942432,True,0.2330694918674665,0.3064325819215561
2.8550000000000004,,0.6956585760982263,-0.20338615014484274,True,0.234662007826139,0.3044159649413949
2.8599999999999994,,0.6968576357700734,-0.20545412154540288,True,0.23625720383795557,0.3023985970397116
2.865000000000002,,0.6980567735955088,-0.20752195550004154,True,0.23785509742819988,0.3003804682084408
2.870000000000001,,0.6992559895768602,-0.20958965201287233,True,0.23945570629680635,0.2983615684049621
2.875,,0.7004552837164559,-0.21165721108801244,True,0.24105904832083402,0.2963418875515871
2.879999999999999,,0.7016546560166246,-0.21372463272957787,True,0.24266514155698415,0.29432141553505087
2.8850000000000016,,0.7028541064796954,-0.21579191694168526,True,0.24427400424416434,0.29230014220599454
2.8900000000000006,,0.7040536351079953,-0.21785906372844788,True,0.2458856548060956,0.29027805737844936
2.8949999999999996,,0.7052532419038537,-0.21992607309398293,True,0.24750011185397713,0.2882551508293032
2.900000000000002,,0.7064529268695998,-0.22199294504240719,True,0.24911739418919165,0.28623141229777427
2.905000000000001,,0.7076526900075608,-0.22405967957783363,True,0.2507375208060608,0.2842068314848818
2.91,,0.708852531320066,-0.22612627670437918,True,0.25236051089466127,0.28218139805289577
2.914999999999999,,0.710052450809444,-0.2281927364261584,True,0.2539863838436828,0.2801551016248012
2.9200000000000017,,0.7112524484780243,-0.23025905874728853,True,0.2556151592433472,0.27812793178373973
2.9250000000000007,,0.7124525243281346,-0.23232524367188206,True,0.2572468568883769,0.2760998780724655
2.9299999999999997,,0.7136526783621038,-0.23439129120405489,True,0.258881496781026,0.2740709299927735
2.9349999999999987,,0.7148529105822612,-0.2364572013479227,True,0.26051909913416504,0.2720410770049402
2.9400000000000013,,0.7160532209909365,-0.23852297410760204,True,0.26215968437442627,0.27001030852714947
2.9450000000000003,,0.7172536095904573,-0.24058860948720417,True,0.2638032731454052,0.26797861393492295
2.9499999999999993,,0.7184540763831528,-0.24265410749084537,True,0.26544988631093225,0.2659459825605257
2.955000000000002,,0.719654621371353,-0.24471946812264284,True,0.2670995449584024,0.26391240369238567
2.960000000000001,,0.7208552445573857,-0.2467846913867066,True,0.26875227040216565,0.2618778665745036
2.965,,0.722055945943581,-0.24884977728715452,True,0.2704080841869966,0.2598423604058413
2.969999999999999,,0.7232567255322674,-0.25091472582809987,True,0.27206700809161555,0.2578058743397269
2.9750000000000014,,0.7244575833257754,-0.2529795370136586,True,0.2737290641322955,0.25576839748323543
2.9800000000000004,,0.7256585193264325,-0.2550442108479426,True,0.27539427456652443,0.25372991889657825
2.9849999999999994,,0.726859533536569,-0.2571087473350675,True,0.2770626618967562,0.25169042759246896
2.990000000000002,,0.7280606259585147,-0.25917314647914874,True,0.2787342488742254,0.2496499125354983
2.995000000000001,,0.7292617965945976,-0.2612374082842967,True,0.28040905850284015,0.2476083626414991
3.0,,0.7304630454471479,-0.2633015327546286,True,0.2820871140431608,0.24556576677689246
3.004999999999999,,0.7316643725184956,-0.26536551989425733,True,0.2837684390164509,0.24352211375804522
3.0100000000000016,,0.7328657778109702,-0.2674293697072981,True,0.28545305720881287,0.24147739235060728
3.0150000000000006,,0.7340672613269001,-0.26949308219786156,True,0.2871409926754084,0.2394315912688525
3.0199999999999996,,0.7352688230686157,-0.2715566573700635,True,0.2888322697447707,0.23738469917499705
3.025000000000002,,0.7364704630384478,-0.2736200952280192,True,0.29052691302319766,0.2353367046785253
3.030000000000001,,0.7376721812387239,-0.2756833957758389,True,0.2922249473992362,0.23328759633550722
3.035,,0.7388739776717748,-0.2777465590176371,True,0.29392639804827003,0.23123736264789563
3.039999999999999,,0.7400758523399305,-0.2798095849575274,True,0.2956312904371927,0.22918599206282786
3.0450000000000017,,0.7412778052455211,-0.2818724735996251,True,0.2973396503291833,0.22713347297191522
3.0500000000000007,,0.7424798363908756,-0.2839352249480402,True,0.2990515037885798,0.22507979371053
3.0549999999999997,,0.7436819457783241,-0.2859978390068869,True,0.3007668771858628,0.22302494255707184
3.0599999999999987,,0.744884133410197,-0.2880603157802791,True,0.3024857972027387,0.2209689077322372
3.0650000000000013,,0.7460863992888254,-0.29012265527233067,True,0.3042082908373348,0.21891167739827821
3.0700000000000003,,0.7472887434165366,-0.2921848574871514,True,0.305934385409499,0.21685323965825298
3.0749999999999993,,0.7484911657956625,-0.2942469224288561,True,0.30766410856623216,0.21479358255526093
3.080000000000002,,0.7496936664285341,-0.29630885010155883,True,0.30939748828721814,0.2127326940716776
3.085000000000001,,0.7508962453174794,-0.29837064050936907,True,0.31113455289048153,0.21067056212838153
3.09,,0.7520989024648299,-0.30043229365640106,True,0.31287533103817833,0.20860717458396127
3.094999999999999,,0.7533016378729156,-0.30249380954676774,True,0.31461985174250096,0.20654251923392208
3.1000000000000014,,0.754504451544068,-0.3045551881845825,True,0.3163681443717232,0.20447658380988276
3.1050000000000004,,0.7557073434806155,-0.30661642957395496,True,0.31812023865637085,0.20240935597876453
3.1099999999999994,,0.7569103136848894,-0.3086775337189991,True,0.31987616469554336,0.20034082334195769
3.115000000000002,,0.7581133621592211,-0.31073850062382796,True,0.32163595296336656,0.19827097343449496
3.120000000000001,,0.759316488905939,-0.312799330292551,True,0.3233996343155897,0.19619979372420815
3.125,,0.7605196939273755,-0.31486002272928254,True,0.32516723999634844,0.1941272716108675
3.129999999999999,,0.7617229772258602,-0.31692057793813344,True,0.3269388016450595,0.19205339442532443
3.1350000000000016,,0.7629263388037251,-0.3189809959232179,True,0.3287143513034929,0.18997814942862878
3.1400000000000006,,0.7641297786632987,-0.321041276688644,True,0.33049392142299183,0.18790152381115388
3.1449999999999996,,0.7653332968069131,-0.3231014202385253,True,0.33227754487187544,0.18582350469168785
3.150000000000002,,0.7665368932369001,-0.3251614265769753,True,0.33406525494300066,0.18374407911652924
3.155000000000001,,0.7677405679555881,-0.32722129570810254,True,0.33585708536150227,0.18166323405857554
3.16,,0.7689443209653092,-0.32928102763601924,True,0.3376530702927284,0.1795809564163806
3.164999999999999,,0.7701481522683944,-0.33134062236483786,True,0.3394532443503474,0.17749723301321807
3.1700000000000017,,0.7713520618671753,-0.33340007989867054,True,0.3412576426046572,0.1754120505961252
3.1750000000000007,,0.7725560497639812,-0.3354594002416255,True,0.3430663005910851,0.173325395834941
3.1799999999999997,,0.7737601159611441,-0.33751858339781615,True,0.344879254318906,0.17123725532131795
3.1849999999999987,,0.774964260460995,-0.33957762937135316,True,0.3466965402801553,0.16914761556773694
3.1900000000000013,,0.776168483265866,-0.3416365381663492,True,0.34851819545876983,0.1670564630064999
3.1950000000000003,,0.7773727843780864,-0.3436953097869116,True,0.35034425733994135,0.16496378398871725
3.1999999999999993,,0.7785771637999883,-0.3457539442371537,True,0.3521747639197138,0.1628695647832683
3.205000000000002,,0.779781621533904,-0.3478124415211876,True,0.35400975371480703,0.16077379157576188
3.210000000000001,,0.7809861575821627,-0.3498708016431204,True,0.3558492657726806,0.15867645046748247
3.215,,0.7821907719470973,-0.35192902460706466,True,0.3576933396818669,0.15657752747430953
3.219999999999999,,0.7833954646310384,-0.35398711041713105,True,0.35954201558254206,0.15447700852563417
3.2250000000000014,,0.7846002356363186,-0.3560450590774311,True,0.36139533417738146,0.1523748794632609
3.2300000000000004,,0.785805084965268,-0.358102870592073,True,0.3632533367426737,0.15027112604029114
3.2349999999999994,,0.7870100126202184,-0.36016054496516786,True,0.36511606513973704,0.14816573391999
3.240000000000002,,0.7882150186035024,-0.36221808220082746,True,0.3669835618266165,0.14605868867463978
3.245000000000001,,0.7894201029174502,-0.3642754823031599,True,0.368855869870081,0.14394997578438407
3.25,,0.7906252655643942,-0.3663327452762755,True,0.3707330329579448,0.1418395806360444
3.254999999999999,,0.7918305065466661,-0.36838987112428523,True,0.3726150954116988,0.13972748852192773
3.2600000000000016,,0.7930358258665982,-0.37044685985129994,True,0.374502102199479,0.13761368463861667
3.2650000000000006,,0.7942412235265208,-0.3725037114614271,True,0.3763940989493739,0.13549815408574672
3.2699999999999996,,0.7954466995287665,-0.3745604259587771,True,0.3782911319630934,0.13338088186475505
3.275000000000002,,0.7966522538756683,-0.37661700334746206,True,0.38019324822999745,0.13126185287762127
3.280000000000001,,0.7978578865695563,-0.3786734436315882,True,0.3821004954414955,0.129141051925596
3.285,,0.799063597612763,-0.3807297468152665,True,0.3840129220058527,0.12701846370789127
3.289999999999999,,0.8002693870076211,-0.3827859129026067,True,0.38593057706338474,0.12489407282037313
3.2950000000000017,,0.8014752547564629,-0.38484194189771914,True,0.38785351050207406,0.12276786375422555
3.3000000000000007,,0.8026812008616189,-0.3868978338047109,True,0.38978177297361216,0.12063982089459913
3.3049999999999997,,0.803887225325422,-0.388953588627692,True,0.3917154159098981,0.11850992851923436
3.3099999999999987,,0.8050933281502047,-0.39100920637077213,True,0.39365449153998444,0.11637817079707147
3.3150000000000013,,0.8062995093382997,-0.39306468703806147,True,0.3955990529075052,0.11424453178683658
3.3200000000000003,,0.8075057688920384,-0.39512003063366685,True,0.3975491538885927,0.1121089954356127
3.3249999999999993,,0.808712106813753,-0.3971752371616977,True,0.39950484921030927,0.10997154557738087
3.330000000000002,,0.8099185231057772,-0.3992303066262645,True,0.4014661944696033,0.10783216593154465
3.335000000000001,,0.8111250177704412,-0.4012852390314733,True,0.40343324615280396,0.10569084010143892
3.34,,0.8123315908100792,-0.4033400343814347,True,0.40540606165569726,0.10354755157280238
3.344999999999999,,0.813538242227023,-0.40539469268025635,True,0.4073846993041693,0.10140228371224214
3.3500000000000014,,0.8147449720236062,-0.407449213932049,True,0.4093692183754696,0.09925501976566387
3.3550000000000004,,0.8159517802021601,-0.4095035981409182,True,0.41135967912008975,0.09710574285669082
3.3599999999999994,,0.8171586667650172,-0.41155784531097317,True,0.4133561427843062,0.0949544359850436
3.365000000000002,,0.8183656317145116,-0.4136119554463237,True,0.4153586716333907,0.09280108202490611
3.370000000000001,,0.8195726750529748,-0.41566592855107615,True,0.41736732897551576,0.09064566372326843
3.375,,0.8207797967827395,-0.4177197646293393,True,0.4193821791863944,0.08848816369823398
3.379999999999999,,0.8219869969061393,-0.41977346368522084,True,0.42140328773467006,0.0863285644373124
3.3850000000000016,,0.823194275425507,-0.421827025722831,True,0.4234307212080811,0.084166848295673
3.3900000000000006,,0.824401632343175,-0.42388045074627434,True,0.4254645473404415,0.08200299749439122
3.3949999999999996,,0.8256090676614758,-0.4259337387596603,True,0.42750483503946235,0.07983699411864342
3.400000000000002,,0.8268165813827442,-0.4279868897670977,True,0.4295516544154485,0.07766882011589127
3.405000000000001,,0.8280241735093112,-0.43003990377269247,True,0.4316050768108899,0.07549845729403537
3.41,,0.8292318440435105,-0.4320927807805521,True,0.43366517483101474,0.07332588731953193
3.414999999999999,,0.8304395929876754,-0.4341455207947849,True,0.43573202237530884,0.0711510917154845
3.4200000000000017,,0.8316474203441402,-0.43619812381950007,True,0.43780569467005603,0.06897405185970684
3.4250000000000007,,0.8328553261152359,-0.43825058985880166,True,0.439886268301932,0.06679474898276117
3.4299999999999997,,0.8340633103032971,-0.4403029189167983,True,0.4419738212527141,0.06461316416594332
3.4349999999999987,,0.8352713729106569,-0.44235511099759744,True,0.4440684329351192,0.06242927833926171
3.4400000000000013,,0.836479513939649,-0.44440716610530734,True,0.44617018422984234,0.06024307227936476
3.4450000000000003,,0.8376877333926056,-0.44645908424403247,True,0.44827915752383096,0.05805452660745192
3.4499999999999993,,0.838896031271861,-0.44851086541788115,True,0.4503954367498598,0.055863621787128004
3.455000000000002,,0.8401044075797497,-0.45056250963096184,True,0.4525191074274415,0.0536703381222432
3.460000000000001,,0.8413128623186025,-0.4526140168873779,True,0.45465025670513426,0.05147465575469301
3.465,,0.8425213954907551,-0.4546653871912384,True,0.45678897340433466,0.04927655466217007
3.469999999999999,,0.8437300070985404,-0.4567166205466494,True,0.45893534806456127,0.047076014655894394
3.4750000000000014,,0.8449386971442931,-0.4587677169577191,True,0.46108947299035075,0.04487301537829569
3.4800000000000004,,0.8461474656303449,-0.460818676428551,True,0.46325144229979165,0.04266753630066744
3.4849999999999994,,0.8473563125590307,-0.4628694989632532,True,0.4654213519748077,0.04045955672076551
3.490000000000002,,0.8485652379326851,-0.46492018456593304,True,0.46759929991322835,0.03824905576038162
3.495000000000001,,0.84977424175364,-0.46697073324069455,True,0.469785385982743,0.03603601236287135
3.5,,0.8509833240242308,-0.4690211449916448,True,0.47197971207684253,0.03382040529063546
3.504999999999999,,0.8521924847467905,-0.4710714198228901,True,0.4741823821727926,0.03160221312256306
3.5100000000000016,,0.8534017239236543,-0.47312155773853787,True,0.47639350239177636,0.029381414251431037
3.5150000000000006,,0.8546110415571548,-0.4751715587426915,True,0.4786131810612688,0.027157986881260587
3.5199999999999996,,0.8558204376496263,-0.4772214228394576,True,0.4808415287797779,0.02493190902461917
3.525000000000002,,0.857029912203404,-0.4792711500329439,True,0.48307865848403786,0.02270315849988558
3.530000000000001,,0.8582394652208205,-0.4813207403272536,True,0.4853246855187734,0.020471712928468166
3.535,,0.8594490967042111,-0.483370193726493,True,0.4875797277091757,0.01823754973196179
3.539999999999999,,0.8606588066559091,-0.48541951023476787,True,0.4898439054361894,0.016000646129270324
3.5450000000000017,,0.8618685950782505,-0.48746868985618597,True,0.4921173417147757,0.013760979133666584
3.5500000000000007,,0.8630784619735676,-0.4895177325948487,True,0.4944001622752624,0.011518525549814695
3.5549999999999997,,0.8642884073441954,-0.4915666384548634,True,0.4966924956479738,0.009273261970718538
3.5599999999999987,,0.8654984311924685,-0.49361540744033516,True,0.49899447325126234,0.007025164774633996
3.5650000000000013,,0.8667085335207223,-0.49566403955537036,True,0.4986937705168645,0.004774210121918587
3.5700000000000003,,0.8679187143312892,-0.49771253480407157,True,0.4963720981833571,0.0025203739518275814
3.5749999999999993,,0.8691289736265053,-0.4997608931905456,True,0.494040369100757,0.00026363197924461623
3.580000000000002,,0.870339311408705,-0.501809114718898,True,0.4916984393436909,0.001996040308638758
3.585000000000001,,0.8715497276802222,-0.5038571993932313,True,0.48934616160097366,0.004258667655703707
3.59,,0.8727602224433919,-0.5059051472176511,True,0.4869833850631048,0.006524275040355576
3.594999999999999,,0.8739707957005493,-0.5079529581962632,True,0.4846099553049216,0.008792887679030859
3.6000000000000014,,0.8751814474540291,-0.5100006323331725,True,0.48222571416314364,0.011064531029771452
3.6050000000000004,,0.8763921777061652,-0.5120481696324815,True,0.4798304996085389,0.013339230795859969
3.6099999999999994,,0.877602986459293,-0.5140955700982958,True,0.4774241456124086,0.01561701292953721
3.615000000000002,,0.878813873715748,-0.5161428337347209,True,0.47500648200709966,0.01789790363577337
3.620000000000001,,0.8800248394778644,-0.518189960545859,True,0.4725773343402015,0.020181929376115182
3.625,,0.8812358837479769,-0.5202369505358153,True,0.47013652372206954,0.02246911687261166
3.629999999999999,,0.8824470065284211,-0.5222838037086939,True,0.4676838666663106,0.024759493111807807
3.6350000000000016,,0.8836582078215325,-0.5243305200685996,True,0.46521917492282455,0.02705308534881512
3.6400000000000006,,0.8848694876296448,-0.5263770996196355,True,0.46274225530297375,0.02934992111146073
3.6449999999999996,,0.886080845955094,-0.5284235423659048,True,0.4602529094964111,0.031650028204519565
3.650000000000002,,0.8872922828002161,-0.5304698483115142,True,0.4577509338790956,0.033953434714023345
3.655000000000001,,0.8885037981673451,-0.5325160174605643,True,0.45523611931196245,0.036260169011651744
3.66,,0.8897153920588163,-0.53456204981716,True,0.45270825092967176,0.038570259759219905
3.664999999999999,,0.8909270644769658,-0.536607945385405,True,0.4501671079188529,0.04088373591324057
3.6700000000000017,,0.892138815424129,-0.5386537041694044,True,0.44761246328519316,0.04320062672958436
3.6750000000000007,,0.8933506449026405,-0.5406993261732582,True,0.44504408360867137,0.0455209617682244
3.6799999999999997,,0.8945625529148358,-0.5427448114010718,True,0.44246172878619006,0.047844770898087585
3.6849999999999987,,0.8957745394630509,-0.5447901598569487,True,0.43986515176081314,0.05017208430199194
3.6900000000000013,,0.8969866045496222,-0.5468353715449926,True,0.4372540982367414,0.052502932481684805
3.6950000000000003,,0.8981987481768838,-0.5488804464693045,True,0.43462830637910443,0.05483734626298098
3.6999999999999993,,0.8994109703471718,-0.5509253846339894,True,0.43198750649754575,0.05717535680101582
3.705000000000002,,0.9006232710628226,-0.5529701860431505,True,0.42933142071254904,0.05951699558558854
3.710000000000001,,0.9018356503261705,-0.5550148507008881,True,0.42665976260333155,0.061862294446621835
3.715,,0.9030481081395523,-0.5570593786113073,True,0.42397223683602203,0.06421128555974542
3.719999999999999,,0.9042606445053034,-0.5591037697785102,True,0.42126853877079723,0.06656400145196883
3.7250000000000014,,0.9054732594257606,-0.5611480242066009,True,0.4185483540464678,0.06892047500749765
3.7300000000000004,,0.9066859529032589,-0.5631921418996795,True,0.415811358140938,0.0712807394736461
3.7349999999999994,,0.9078987249401338,-0.5652361228618494,True,0.413057215905782,0.07364482846690201
3.740000000000002,,0.9091115755387231,-0.5672799670972151,True,0.41028558107305935,0.07601277597909295
3.745000000000001,,0.9103245047013603,-0.5693236746098753,True,0.4074960957323426,0.07838461638369143
3.75,,0.9115375124303833,-0.5713672454039347,True,0.4046883897756659,0.08076038444226219
3.754999999999999,,0.9127505987281278,-0.5734106794834946,True,0.40186208030803805,0.08314011531103471
3.7600000000000016,,0.9139637635969307,-0.5754539768526588,True,0.39901677102080413,0.08552384454762585
3.7650000000000006,,0.9151770070391267,-0.5774971375155271,True,0.396152051524999,0.08791160811789389
3.7699999999999996,,0.916390329057053,-0.5795401614762021,True,0.39326749664149147,0.09030344240295829
3.775000000000002,,0.9176037296530464,-0.5815830487387874,True,0.39036266564447847,0.09269938420636104
3.780000000000001,,0.9188172088294416,-0.5836257993073823,True,0.3874371014545153,0.09509947076137992
3.785,,0.9200307665885765,-0.5856684131860892,True,0.38449032977688335,0.09750373973851989
3.789999999999999,,0.921244402932786,-0.5877108903790103,True,0.3815218581807523,0.0999122292531478
3.7950000000000017,,0.9224581178644095,-0.5897532308902486,True,0.37853117511402395,0.10232497787331596
3.8000000000000007,,0.9236719113857801,-0.5917954347239023,True,0.3755177488483631,0.10474202462773974
3.8049999999999997,,0.9248857834992361,-0.5938375018840749,True,0.37248102634816654,0.10716340901397592
3.8099999999999987,,0.9260997342071143,-0.5958794323748677,True,0.36942043205676806,0.10958917100676846
3.8150000000000013,,0.9273137635117517,-0.597921226200383,True,0.3663353665922835,0.11201935106659011
3.8200000000000003,,0.9285278714154832,-0.599962883364719,True,0.3632252053447703,0.11445399014837054
3.8249999999999993,,0.9297420579206466,-0.6020044038719786,True,0.3600892969653937,0.11689312971044119
3.830000000000002,,0.9309563230295799,-0.604045787726264,True,0.3569269617372971,0.11933681172366617
3.835000000000001,,0.9321706667446179,-0.606087034931674,True,0.35373748981664394,0.12178507868078992
3.84,,0.9333850890680979,-0.60812814549231,True,0.35052013933092924,0.12423797360601085
3.844999999999999,,0.9345995900023578,-0.6101691194122731,True,0.34727413432019405,0.12669554006476647
3.8500000000000014,,0.9358141695497346,-0.6122099566956654,True,0.34399866250496663,0.12915782217375682
3.8550000000000004,,0.937028827712564,-0.6142506573465849,True,0.3406928728627628,0.1316248646111906
3.8599999999999994,,0.9382435644931842,-0.6162912213691338,True,0.3373558729926848,0.13409671262729495
3.865000000000002,,0.9394583798939324,-0.6183316487674132,True,0.33398672624506,0.13657341205506013
3.870000000000001,,0.9406732739171445,-0.6203719395455214,True,0.33058444858996755,0.13905500932123838
3.875,,0.9418882465651583,-0.6224120937075599,True,0.32714800519502996,0.14154155145762726
3.879999999999999,,0.9431032978403114,-0.6244521112576287,True,0.3236763066788118,0.14403308611260535
3.8850000000000016,,0.9443184277449418,-0.62649199219983,True,0.3201682050014115,0.1465296615629632
3.8900000000000006,,0.9455336362813851,-0.6285317365382601,True,0.316622488948387,0.1490313267260066
3.8949999999999996,,0.946748923451979,-0.6305713442770213,True,0.3130378791576933,0.15153813117198434
3.900000000000002,,0.9479642892590628,-0.632610815420215,True,0.30941302263185627,0.15405012513680072
3.905000000000001,,0.9491797337049712,-0.6346501499719372,True,0.3057464866687309,0.15656735953504608
3.91,,0.9503952567920437,-0.6366893479362905,True,0.30203675213367787,0.1590898859733727
3.914999999999999,,0.9516108585226166,-0.6387284093173733,True,0.2982822059837745,0.16161775676418388
3.9200000000000017,,0.9528265388990294,-0.6407673341192881,True,0.2944811329397436,0.16415102493968758
3.9250000000000007,,0.9540422979236174,-0.6428061223461298,True,0.2906317061838643,0.16668974426628536
3.9299999999999997,,0.9552581355987195,-0.6448447740020007,True,0.28673197694082225,0.16923396925936496
3.9349999999999987,,0.9564740519266731,-0.6468832890909992,True,0.2827798627731526,0.17178375519843758
3.9400000000000013,,0.9576900469098166,-0.6489216676172274,True,0.2787731343919245,0.17433915814269163
3.9450000000000003,,0.958906120550487,-0.6509599095847802,True,0.27470940074584227,0.1769002349469293
3.9499999999999993,,0.9601222728510221,-0.6529980149977588,True,0.2705860921058661,0.17946704327795393
3.955000000000002,,0.9613385038137614,-0.6550359838602642,True,0.26640044080590103,0.18203964163135566
3.960000000000001,,0.9625548134410408,-0.657073816176392,True,0.26214945922997024,0.18461808934875457
3.965,,0.9637712017351988,-0.6591115119502422,True,0.257829914548863,0.1872024466355131
3.969999999999999,,0.9649876686985738,-0.6611490711859143,True,0.25343829959975867,0.18979277457891097
3.9750000000000014,,0.966204214333505,-0.6631864938875085,True,0.24897079916373863,0.1923891351668181
3.9800000000000004,,0.9674208386423279,-0.6652237800591201,True,0.24442325071989254,0.19499159130686117
3.9849999999999994,,0.9686375416273822,-0.6672609297048493,True,0.23979109852836203,0.19760020684613844
3.990000000000002,,0.9698543232910073,-0.6692979428287965,True,0.23506933960196,0.20021504659145517
3.995000000000001,,0.9710711836355395,-0.6713348194350567,True,0.23025245974317202,0.20283617633011897
4.0,,0.9722881226633173,-0.6733715595277303,True,0.22533435731840334,0.20546366285133377
4.004999999999999,,0.9735051403766796,-0.6754081631109149,True,0.22030825176779587,0.20809757396816764
4.010000000000002,,0.974722236777966,-0.6774446301887113,True,0.21516657293982938,0.2107379785401613
4.015000000000001,,0.9759394118695123,-0.6794809607652135,True,0.2099008260977352,0.21338494649655138
4.02,,0.9771566656536587,-0.6815171548445214,True,0.20450142572350902,0.2160385488601917
4.025000000000002,,0.9783739981327442,-0.6835532124307344,True,0.19895748882493844,0.21869885777213138
4.030000000000001,,0.9795914093091052,-0.6855891335279479,True,0.19325657499007295,0.22136594651690977
4.035,,0.9808088991850823,-0.6876249181402612,True,0.18738435539497328,0.22403988954860354
4.039999999999999,,0.9820264677630131,-0.6896605662717716,True,0.18132418548569387,0.22672076251761286
4.045000000000002,,0.9832441150452378,-0.6916960779265782,True,0.1750565446837071,0.22940864229825442
4.050000000000001,,0.984461841034093,-0.693731453108776,True,0.1685582887474075,0.23210360701715915
4.055,,0.9856796457319181,-0.6957666918224634,True,0.16180163202118217,0.2348057360825333
4.059999999999999,,0.9868975291410529,-0.6978017940717389,True,0.15475272977099672,0.23751511021428717
4.065000000000001,,0.9881154912638366,-0.6998367598607005,True,0.14736964994290405,0.24023181147507877
4.07,,0.9893335321026062,-0.7018715891934428,True,0.13959937844499096,0.2429559233022971
4.074999999999999,,0.9905516516597019,-0.7039062820740647,True,0.13137322735550647,0.24568753054104508
4.080000000000002,,0.9917698499374632,-0.7059408385066641,True,0.1225994625457948,0.2484267194781209
4.085000000000001,,0.9929881269382277,-0.707975258495336,True,0.11315076578156869,0.25117357787705963
4.09,,0.9942064826643353,-0.7100095420441781,True,0.10284127036730493,0.25392819501428443
4.094999999999999,,0.9954249171181255,-0.7120436891572882,True,0.09138008964020176,0.2566906617163873
4.100000000000001,,0.9966434303019371,-0.7140776998387626,True,0.07826286960245389,0.2594610703985878
4.105,,0.9978620222181093,-0.7161115740926975,True,0.06245473644879274,0.26223951510443877
4.109999999999999,,0.9990806928689809,-0.7181453119231898,True,0.04094962893599123,0.2650260915467926
4.115000000000002,,1.000299442256893,-0.7201789133343375,False,,
4.120000000000001,,1.001518270384183,-0.7222123783302352,False,,
4.125,,1.0027371772531906,-0.7242457069149792,False,,
4.129999999999999,,1.003956162866256,-0.7262788990926669,False,,
4.135000000000002,,1.0051752272257186,-0.7283119548673955,False,,
4.140000000000001,,1.0063943703339173,-0.7303448742432588,False,,
4.145,,1.0076135921931926,-0.7323776572243547,False,,
4.150000000000002,,1.0088328928058834,-0.7344103038147787,False,,
4.155000000000001,,1.0100522721743297,-0.7364428140186263,False,,
4.16,,1.0112717303008711,-0.7384751878399938,False,,
4.164999999999999,,1.0124912671878472,-0.7405074252829769,False,,
4.170000000000002,,1.0137108828375982,-0.7425395263516723,False,,
4.175000000000001,,1.0149305772524635,-0.7445714910501735,False,,
4.18,,1.0161503504347835,-0.7466033193825775,False,,
4.184999999999999,,1.0173702023868976,-0.7486350113529798,False,,
4.190000000000001,,1.0185901331111469,-0.7506665669654766,False,,
4.195,,1.0198101426098694,-0.7526979862241607,False,,
4.199999999999999,,1.021030230885407,-0.7547292691331293,False,,
4.205000000000002,,1.0222503979401,-0.7567604156964785,False,,
4.210000000000001,,1.0234706437762866,-0.7587914259183005,False,,
4.215,,1.0246909683963084,-0.760822299802692,False,,
4.219999999999999,,1.0259113718025055,-0.7628530373537477,False,,
4.225000000000001,,1.027131853997219,-0.7648836385755646,False,,
4.23,,1.0283524149827872,-0.7669141034722335,False,,
4.234999999999999,,1.0295730547615518,-0.768944432047851,False,,
4.240000000000002,,1.0307937733358536,-0.7709746243065132,False,,
4.245000000000001,,1.032014570708032,-0.7730046802523121,False,,
4.25,,1.0332354468804286,-0.7750345998893431,False,,
4.254999999999999,,1.0344564018553828,-0.777064383221701,False,,
4.260000000000002,,1.0356774356352367,-0.7790940302534816,False,,
4.265000000000001,,1.0368985482223292,-0.781123540988775,False,,
4.27,,1.0381197396190025,-0.7831529154316792,False,,
4.275000000000002,,1.0393410098275973,-0.785182153586288,False,,
4.280000000000001,,1.040562358850453,-0.7872112554566928,False,,
4.285,,1.0417837866899111,-0.7892402210469889,False,,
4.289999999999999,,1.0430052933483125,-0.7912690503612699,False,,
4.295000000000002,,1.044226878827999,-0.7932977434036317,False,,
4.300000000000001,,1.04544854313131,-0.7953263001781654,False,,
4.305,,1.046670286260588,-0.7973547206889651,False,,
4.309999999999999,,1.0478921082181727,-0.7993830049401245,False,,
4.315000000000001,,1.0491140090064066,-0.8014111529357388,False,,
4.32,,1.0503359886276296,-0.8034391646798986,False,,
4.324999999999999,,1.0515580470841832,-0.8054670401766981,False,,
4.330000000000002,,1.0527801843784097,-0.8074947794302324,False,,
4.335000000000001,,1.0540024005126485,-0.8095223824445921,False,,
4.34,,1.0552246954892421,-0.8115498492238711,False,,
4.344999999999999,,1.0564470693105315,-0.813577179772162,False,,
4.350000000000001,,1.0576695219788594,-0.8156043740935609,False,,
4.355,,1.058892053496565,-0.8176314321921558,False,,
4.359999999999999,,1.0601146638659906,-0.8196583540720415,False,,
4.365000000000002,,1.0613373530894794,-0.8216851397373132,False,,
4.370000000000001,,1.062560121169371,-0.8237117891920595,False,,
4.375,,1.0637829681080069,-0.8257383024403742,False,,
4.379999999999999,,1.0650058939077303,-0.8277646794863505,False,,
4.385000000000002,,1.0662288985708825,-0.8297909203340814,False,,
4.390000000000001,,1.067451982099804,-0.8318170249876566,False,,
4.395,,1.0686751444968379,-0.8338429934511705,False,,
4.400000000000002,,1.069898385764326,-0.8358688257287163,False,,
4.405000000000001,,1.0711217059046096,-0.8378945218243828,False,,
4.41,,1.0723451049200308,-0.839920081742263,False,,
4.414999999999999,,1.0735685828129315,-0.8419455054864499,False,,
4.420000000000002,,1.0747921395856546,-0.8439707930610361,False,,
4.425000000000001,,1.0760157752405408,-0.8459959444701104,False,,
4.43,,1.0772394897799327,-0.8480209597177661,False,,
4.434999999999999,,1.078463283206173,-0.8500458388080949,False,,
4.440000000000001,,1.0796871555216045,-0.8520705817451901,False,,
4.445,,1.080911106728567,-0.8540951885331389,False,,
4.449999999999999,,1.0821351368294052,-0.8561196591760362,False,,
4.455000000000002,,1.0833592458264607,-0.8581439936779722,False,,
4.460000000000001,,1.0845834337220754,-0.8601681920430375,False,,
4.465,,1.0858077005185913,-0.8621922542753231,False,,
4.469999999999999,,1.0870320462183523,-0.8642161803789208,False,,
4.475000000000001,,1.0882564708237012,-0.8662399703579231,False,,
4.48,,1.0894809743369782,-0.8682636242164176,False,,
4.484999999999999,,1.0907055567605273,-0.8702871419584963,False,,
4.490000000000002,,1.091930218096692,-0.8723105235882518,False,,
4.495000000000001,,1.0931549583478137,-0.8743337691097719,False,,
4.5,,1.0943797775162354,-0.8763568785271485,False,,
4.504999999999999,,1.0956046756043003,-0.8783798518444725,False,,
4.510000000000002,,1.0968296526143515,-0.8804026890658354,False,,
4.515000000000001,,1.0980547085487302,-0.8824253901953241,False,,
4.52,,1.0992798434097808,-0.8844479552370308,False,,
4.525000000000002,,1.1005050571998471,-0.8864703841950474,False,,
4.530000000000001,,1.10173034992127,-0.8884926770734609,False,,
4.535,,1.1029557215763934,-0.8905148338763634,False,,
4.539999999999999,,1.1041811721675605,-0.8925368546078432,False,,
4.545000000000002,,1.105406701697115,-0.8945587392719929,False,,
4.550000000000001,,1.1066323101673987,-0.8965804878728997,False,,
4.555,,1.1078579975807559,-0.8986021004146535,False,,
4.559999999999999,,1.1090837639395295,-0.900623576901345,False,,
4.565000000000001,,1.1103096092460638,-0.902644917337065,False,,
4.57,,1.1115355335027008,-0.9046661217258998,False,,
4.574999999999999,,1.1127615367117836,-0.90668719007194,False,,
4.580000000000002,,1.1139876188756577,-0.908708122379277,False,,
4.585000000000001,,1.1152137799966646,-0.9107289186519973,False,,
4.59,,1.1164400200771483,-0.9127495788941906,False,,
4.594999999999999,,1.1176663391194523,-0.9147701031099462,False,,
4.600000000000001,,1.118892737125922,-0.9167904913033558,False,,
4.605,,1.1201192140988985,-0.9188107434785037,False,,
4.609999999999999,,1.121345770040727,-0.9208308596394814,False,,
4.615000000000002,,1.1225724049537513,-0.9228508397903787,False,,
4.620000000000001,,1.123799118840314,-0.9248706839352812,False,,
4.625,,1.12502591170276,-0.9268903920782797,False,,
4.629999999999999,,1.126252783543433,-0.9289099642234622,False,,
4.635000000000002,,1.1274797343646776,-0.9309294003749187,False,,
4.640000000000001,,1.1287067641688364,-0.9329487005367345,False,,
4.645,,1.129933872958254,-0.9349678647129995,False,,
4.650000000000002,,1.1311610607352756,-0.9369868929078038,False,,
4.655000000000001,,1.1323883275022428,-0.9390057851252319,False,,
4.66,,1.1336156732615015,-0.9410245413693739,False,,
4.664999999999999,,1.1348430980153956,-0.9430431616443176,False,,
4.670000000000002,,1.1360706017662703,-0.9450616459541517,False,,
4.675000000000001,,1.1372981845164682,-0.9470799943029629,False,,
4.68,,1.1385258462683345,-0.9490982066948384,False,,
4.684999999999999,,1.1397535870242135,-0.951116283133868,False,,
4.690000000000001,,1.1409814067864503,-0.9531342236241394,False,,
4.695,,1.142209305557388,-0.9551520281697367,False,,
4.699999999999999,,1.1434372833393716,-0.9571696967747498,False,,
4.705000000000002,,1.1446653401347464,-0.959187229443267,False,,
4.710000000000001,,1.145893475945856,-0.9612046261793734,False,,
4.715,,1.147121690775046,-0.9632218869871575,False,,
4.719999999999999,,1.14834998462466,-0.9652390118707062,False,,
4.725000000000001,,1.1495783574970448,-0.9672560008341076,False,,
4.73,,1.150806809394542,-0.9692728538814459,False,,
4.734999999999999,,1.152035340319499,-0.9712895710168106,False,,
4.740000000000002,,1.15326395027426,-0.9733061522442886,False,,
4.745000000000001,,1.1544926392611692,-0.9753225975679642,False,,
4.75,,1.1557214072825726,-0.9773389069919265,False,,
4.754999999999999,,1.1569502543408139,-0.9793550805202602,False,,
4.760000000000002,,1.15817918043824,-0.9813711181570546,False,,
4.765000000000001,,1.159408185577194,-0.9833870199063928,False,,
4.77,,1.1606372697600222,-0.9854027857723635,False,,
4.775000000000002,,1.1618664329890702,-0.9874184157590529,False,,
4.780000000000001,,1.163095675266682,-0.9894339098705451,False,,
4.785,,1.1643249965952032,-0.9914492681109282,False,,
4.789999999999999,,1.165554396976979,-0.9934644904842872,False,,
4.795000000000002,,1.1667838764143568,-0.9954795769947099,False,,
4.800000000000001,,1.168013434909679,-0.9974945276462802,False,,
4.805,,1.1692430724652927,-0.9995093424430845,False,,
4.809999999999999,,1.1704727890835422,-1.001524021389208,False,,
4.815000000000001,,1.1717025847667752,-1.003538564488739,False,,
4.82,,1.1729324595173356,-1.0055529717457592,False,,
4.824999999999999,,1.174162413337569,-1.0075672431643568,False,,
4.830000000000002,,1.1753924462298224,-1.009581378748617,False,,
4.835000000000001,,1.1766225581964396,-1.011595378502624,False,,
4.84,,1.1778527492397677,-1.0136092424304637,False,,
4.844999999999999,,1.1790830193621518,-1.0156229705362203,False,,
4.850000000000001,,1.1803133685659388,-1.017636562823982,False,,
4.855,,1.1815437968534739,-1.0196500192978304,False,,
4.859999999999999,,1.1827743042271022,-1.0216633399618522,False,,
4.865000000000002,,1.1840048906891714,-1.0236765248201327,False,,
4.870000000000001,,1.185235556242026,-1.0256895738767544,False,,
4.875,,1.1864663008880127,-1.0277024871358038,False,,
4.879999999999999,,1.1876971246294774,-1.029715264601365,False,,
4.885000000000002,,1.1889280274687677,-1.0317279062775242,False,,
4.890000000000001,,1.1901590094082275,-1.0337404121683635,False,,
4.895,,1.191390070450204,-1.0357527822779682,False,,
4.900000000000002,,1.1926212105970446,-1.0377650166104238,False,,
4.905000000000001,,1.1938524298510933,-1.0397771151698127,False,,
4.91,,1.1950837282146987,-1.0417890779602197,False,,
4.914999999999999,,1.1963151056902057,-1.0438009049857295,False,,
4.920000000000002,,1.1975465622799628,-1.0458125962504266,False,,
4.925000000000001,,1.198778097986314,-1.0478241517583933,False,,
4.93,,1.2000097128116065,-1.049835571513714,False,,
4.934999999999999,,1.201241406758188,-1.0518468555204727,False,,
4.940000000000001,,1.2024731798284054,-1.053858003782755,False,,
4.945,,1.2037050320246037,-1.0558690163046411,False,,
4.949999999999999,,1.2049369633491303,-1.0578798930902162,False,,
4.955000000000002,,1.206168973804333,-1.0598906341435659,False,,
4.960000000000001,,1.2074010633925572,-1.0619012394687686,False,,
4.965,,1.2086332321161501,-1.0639117090699115,False,,
4.969999999999999,,1.2098654799774582,-1.0659220429510765,False,,
4.975000000000001,,1.211097806978831,-1.0679322411163485,False,,
4.98,,1.2123302131226128,-1.069942303569809,False,,
4.984999999999999,,1.2135626984111512,-1.0719522303155404,False,,
4.990000000000002,,1.2147952628467937,-1.0739620213576275,False,,
4.995000000000001,,1.2160279064318873,-1.0759716767001513,False,,
5.0,,1.2172606291687789,-1.0779811963471957,False,,
5.004999999999999,,1.218493431059816,-1.0799905803028425,False,,
5.010000000000002,,1.2197263121073472,-1.0819998285711772,False,,
5.015000000000001,,1.2209592723137166,-1.0840089411562777,False,,
5.02,,1.2221923116812745,-1.0860179180622296,False,,
5.025000000000002,,1.2234254302123675,-1.0880267592931159,False,,
5.030000000000001,,1.2246586279093423,-1.0900354648530164,False,,
5.035,,1.2258919047745467,-1.092044034746014,False,,
5.039999999999999,,1.2271252608103278,-1.0940524689761908,False,,
5.045000000000002,,1.2283586960190358,-1.0960607675476322,False,,
5.050000000000001,,1.2295922104030148,-1.0980689304644153,False,,
5.055,,1.2308258039646143,-1.1000769577306255,False,,
5.059999999999999,,1.2320594767061817,-1.1020848493503423,False,,
5.065000000000001,,1.2332932286300649,-1.1040926053276494,False,,
5.07,,1.2345270597386118,-1.1061002256666275,False,,
5.074999999999999,,1.2357609700341694,-1.108107710371357,False,,
5.080000000000002,,1.2369949595190872,-1.1101150594459233,False,,
5.085000000000001,,1.2382290281957116,-1.1121222728944036,False,,
5.09,,1.2394631760663906,-1.1141293507208807,False,,
5.094999999999999,,1.2406974031334725,-1.1161362929294358,False,,
5.100000000000001,,1.2419317093993074,-1.1181430995241533,False,,
5.105,,1.2431660948662404,-1.1201497705091092,False,,
5.109999999999999,,1.244400559536621,-1.1221563058883872,False,,
5.115000000000002,,1.2456351034127977,-1.1241627056660695,False,,
5.120000000000001,,1.2468697264971185,-1.126168969846235,False,,
5.125,,1.2481044287919307,-1.1281750984329642,False,,
5.129999999999999,,1.249339210299584,-1.1301810914303392,False,,
5.135000000000002,,1.2505740710224267,-1.1321869488424414,False,,
5.140000000000001,,1.2518090109628057,-1.1341926706733478,False,,
5.145,,1.2530440301230712,-1.1361982569271427,False,,
5.150000000000002,,1.2542791285055719,-1.1382037076079068,False,,
5.155000000000001,,1.2555143061126544,-1.140209022719717,False,,
5.16,,1.2567495629466683,-1.1422142022666548,False,,
5.164999999999999,,1.257984899009963,-1.144219246252802,False,,
5.170000000000002,,1.2592203143048866,-1.1462241546822391,False,,
5.175000000000001,,1.2604558088337874,-1.148228927559043,False,,
5.18,,1.261691382599015,-1.1502335648872966,False,,
5.184999999999999,,1.2629270356029174,-1.1522380666710783,False,,
5.190000000000001,,1.2641627678478446,-1.1542424329144692,False,,
5.195,,1.2653985793361444,-1.1562466636215478,False,,
5.199999999999999,,1.2666344700701657,-1.158250758796393,False,,
5.205000000000002,,1.267870440052259,-1.160254718443088,False,,
5.210000000000001,,1.269106489284772,-1.1622585425657088,False,,
5.215,,1.2703426177700532,-1.164262231168335,False,,
5.219999999999999,,1.2715788255104536,-1.166265784255048,False,,
5.225000000000001,,1.2728151125083218,-1.1682692018299268,False,,
5.23,,1.2740514787660058,-1.170272483897048,False,,
5.234999999999999,,1.275287924285856,-1.1722756304604929,False,,
5.240000000000002,,1.276524449070222,-1.1742786415243414,False,,
5.245000000000001,,1.277761053121452,-1.1762815170926704,False,,
5.25,,1.2789977364418956,-1.1782842571695586,False,,
5.254999999999999,,1.2802344990339027,-1.1802868617590867,False,,
5.260000000000002,,1.2814713408998237,-1.1822893308653333,False,,
5.265000000000001,,1.2827082620420072,-1.1842916644923762,False,,
5.27,,1.2839452624628018,-1.1862938626442927,False,,
5.275000000000002,,1.2851823421645592,-1.188295925325165,False,,
5.280000000000001,,1.2864195011496276,-1.190297852539068,False,,
5.285,,1.2876567394203566,-1.192299644290081,False,,
5.289999999999999,,1.2888940569790965,-1.194301300582282,False,,
5.295000000000002,,1.2901314538281978,-1.1963028214197515,False,,
5.300000000000001,,1.2913689299700093,-1.198304206806565,False,,
5.305,,1.2926064854068806,-1.2003054567468006,False,,
5.309999999999999,,1.2938441201411623,-1.2023065712445375,False,,
5.315000000000001,,1.2950818341752055,-1.204307550303854,False,,
5.32,,1.2963196275113584,-1.206308393928827,False,,
5.324999999999999,,1.2975575001519712,-1.208309102123533,False,,
5.330000000000002,,1.2987954520993958,-1.2103096748920534,False,,
5.335000000000001,,1.3000334833559801,-1.2123101122384605,False,,
5.34,,1.301271593924075,-1.2143104141668357,False,,
5.344999999999999,,1.3025097838060316,-1.2163105806812542,False,,
5.350000000000001,,1.3037480530042005,-1.2183106117857967,False,,
5.355,,1.30498640152093,-1.220310507484537,False,,
5.359999999999999,,1.3062248293585714,-1.2223102677815527,False,,
5.365000000000002,,1.3074633365194774,-1.2243098926809235,False,,
5.370000000000001,,1.3087019230059944,-1.2263093821867233,False,,
5.375,,1.3099405888204756,-1.2283087363030296,False,,
5.379999999999999,,1.311179333965271,-1.2303079550339207,False,,
5.385000000000002,,1.312418158442732,-1.2323070383834738,False,,
5.390000000000001,,1.3136570622552073,-1.234305986355763,False,,
5.395,,1.314896045405049,-1.2363047989548672,False,,
5.400000000000002,,1.3161351078946082,-1.2383034761848628,False,,
5.405000000000001,,1.317374249726234,-1.240302018049824,False,,
5.41,,1.3186134709022785,-1.2423004245538296,False,,
5.414999999999999,,1.3198527714250927,-1.2442986957009552,False,,
5.420000000000002,,1.3210921512970275,-1.2462968314952778,False,,
5.425000000000001,,1.322331610520433,-1.2482948319408722,False,,
5.43,,1.3235711490976603,-1.250292697041815,False,,
5.434999999999999,,1.3248107670310612,-1.2522904268021815,False,,
5.440000000000001,,1.3260504643229873,-1.25428802122605,False,,
5.445,,1.327290240975788,-1.2562854803174948,False,,
5.449999999999999,,1.3285300969918152,-1.2582828040805898,False,,
5.455000000000002,,1.3297700323734216,-1.2602799925194152,False,,
5.460000000000001,,1.331010047122956,-1.2622770456380419,False,,
5.465,,1.332250141242771,-1.264273963440548,False,,
5.469999999999999,,1.3334903147352184,-1.2662707459310092,False,,
5.475000000000001,,1.3347305676026493,-1.268267393113501,False,,
5.48,,1.335970899847414,-1.2702639049920963,False,,
5.484999999999999,,1.3372113114718656,-1.272260281570873,False,,
5.490000000000002,,1.3384518024783552,-1.2742565228539058,False,,
5.495000000000001,,1.339692372869234,-1.2762526288452678,False,,
5.5,,1.340933022646853,-1.2782485995490358,False,,
5.504999999999999,,1.3421737518135655,-1.2802444349692836,False,,
5.510000000000002,,1.3434145603717222,-1.2822401351100887,False,,
5.515000000000001,,1.3446554483236748,-1.2842356999755222,False,,
5.52,,1.3458964156717759,-1.2862311295696613,False,,
5.525000000000002,,1.3471374624183765,-1.2882264238965802,False,,
5.530000000000001,,1.3483785885658288,-1.2902215829603527,False,,
5.535,,1.3496197941164847,-1.2922166067650533,False,,
5.539999999999999,,1.3508610790726956,-1.2942114953147565,False,,
5.545000000000002,,1.352102443436816,-1.296206248613539,False,,
5.550000000000001,,1.353343887211195,-1.298200866665471,False,,
5.555,,1.3545854103981854,-1.300195349474628,False,,
5.559999999999999,,1.3558270130001397,-1.302189697045085,False,,
5.565000000000001,,1.3570686950194117,-1.304183909380917,False,,
5.57,,1.3583104564583508,-1.3061779864861955,False,,
5.574999999999999,,1.3595522973193113,-1.3081719283649953,False,,
5.580000000000002,,1.360794217604645,-1.3101657350213909,False,,
5.585000000000001,,1.3620362173167044,-1.3121594064594546,False,,
5.59,,1.3632782964578407,-1.31415294268326,False,,
5.594999999999999,,1.3645204550304078,-1.3161463436968812,False,,
5.600000000000001,,1.3657626930367597,-1.3181396095043945,False,,
5.605,,1.3670050104792448,-1.3201327401098673,False,,
5.609999999999999,,1.3682474073602184,-1.3221257355173768,False,,
5.615000000000002,,1.369489883682034,-1.3241185957309978,False,,
5.620000000000001,,1.3707324394470422,-1.3261113207547985,False,,
5.625,,1.3719750746575965,-1.3281039105928556,False,,
5.629999999999999,,1.37321778931605,-1.3300963652492408,False,,
5.635000000000002,,1.3744605834247556,-1.332088684728028,False,,
5.640000000000001,,1.3757034569860656,-1.3340808690332886,False,,
5.645,,1.376946410002333,-1.3360729181690962,False,,
5.650000000000002,,1.378189442475912,-1.3380648321395252,False,,
5.655000000000001,,1.3794325544091537,-1.3400566109486445,False,,
5.66,,1.3806757458044117,-1.342048254600527,False,,
5.664999999999999,,1.38191901666404,-1.3440397630992484,False,,
5.670000000000002,,1.3831623669903923,-1.3460311364488802,False,,
5.675000000000001,,1.3844057967858192,-1.3480223746534925,False,,
5.68,,1.3856493060526753,-1.3500134777171575,False,,
5.684999999999999,,1.3868928947933148,-1.3520044456439504,False,,
5.690000000000001,,1.3881365630100904,-1.3539952784379417,False,,
5.695,,1.3893803107053548,-1.355985976103202,False,,
5.699999999999999,,1.390624137881462,-1.3579765386438047,False,,
5.705000000000002,,1.3918680445407658,-1.3599669660638216,False,,
5.710000000000001,,1.393112030685619,-1.3619572583673234,False,,
5.715,,1.394356096318375,-1.3639474155583824,False,,
5.719999999999999,,1.3956002414413877,-1.3659374376410693,False,,
5.725000000000001,,1.3968444660570118,-1.3679273246194588,False,,
5.73,,1.3980887701675992,-1.3699170764976183,False,,
5.734999999999999,,1.3993331537755047,-1.3719066932796211,False,,
5.740000000000002,,1.4005776168830824,-1.3738961749695393,False,,
5.745000000000001,,1.401822159492685,-1.3758855215714418,False,,
5.75,,1.403066781606666,-1.3778747330894003,False,,
5.754999999999999,,1.4043114832273815,-1.3798638095274876,False,,
5.760000000000002,,1.405556264357184,-1.3818527508897747,False,,
5.765000000000001,,1.406801124998427,-1.383841557180329,False,,
5.77,,1.4080460651534652,-1.385830228403225,False,,
5.775000000000002,,1.4092910848246536,-1.3878187645625328,False,,
5.780000000000001,,1.4105361840143442,-1.3898071656623205,False,,
5.785,,1.4117813627248927,-1.3917954317066614,False,,
5.789999999999999,,1.4130266209586526,-1.3937835626996244,False,,
5.795000000000002,,1.4142719587179793,-1.3957715586452815,False,,
5.800000000000001,,1.415517376005226,-1.397759419547702,False,,
5.805,,1.4167628728227468,-1.3997471454109551,False,,
5.809999999999999,,1.418008449172897,-1.4017347362391135,False,,
5.815000000000001,,1.4192541050580312,-1.4037221920362464,False,,
5.82,,1.4204998404805023,-1.4057095128064219,False,,
5.824999999999999,,1.4217456554426664,-1.4076966985537114,False,,
5.830000000000002,,1.422991549946878,-1.4096837492821872,False,,
5.835000000000001,,1.4242375239954912,-1.411670664995915,False,,
5.84,,1.4254835775908599,-1.4136574456989666,False,,
5.844999999999999,,1.4267297107353398,-1.4156440913954098,False,,
5.850000000000001,,1.427975923431287,-1.4176306020893183,False,,
5.855,,1.4292222156810528,-1.419616977784757,False,,
5.859999999999999,,1.430468587486995,-1.421603218485798,False,,
5.865000000000002,,1.4317150388514674,-1.4235893241965103,False,,
5.870000000000001,,1.4329615697768248,-1.4255752949209626,False,,
5.875,,1.4342081802654223,-1.427561130663223,False,,
5.879999999999999,,1.4354548703196148,-1.4295468314273623,False,,
5.885000000000002,,1.4367016399417583,-1.4315323972174503,False,,
5.890000000000001,,1.4379484891342065,-1.4335178280375531,False,,
5.895,,1.4391954178993154,-1.4355031238917422,False,,
5.900000000000002,,1.4404424262394406,-1.4374882847840853,False,,
5.905000000000001,,1.4416895141569364,-1.4394733107186506,False,,
5.91,,1.442936681654158,-1.441458201699507,False,,
5.914999999999999,,1.4441839287334608,-1.443442957730723,False,,
5.920000000000002,,1.4454312553972022,-1.4454275788163689,False,,
5.925000000000001,,1.4466786616477347,-1.4474120649605111,False,,
5.93,,1.447926147487415,-1.4493964161672175,False,,
5.934999999999999,,1.4491737129185989,-1.4513806324405578,False,,
5.940000000000001,,1.4504213579436418,-1.4533647137846004,False,,
5.945,,1.4516690825648992,-1.4553486602034118,False,,
5.949999999999999,,1.4529168867847262,-1.4573324717010603,False,,
5.955000000000002,,1.4541647706054797,-1.4593161482816155,False,,
5.960000000000001,,1.455412734029514,-1.4612996899491428,False,,
5.965,,1.4566607770591855,-1.4632830967077122,False,,
5.969999999999999,,1.4579088996968501,-1.4652663685613896,False,,
5.975000000000001,,1.4591571019448653,-1.467249505514245,False,,
5.98,,1.460405383805583,-1.4692325075703432,False,,
5.984999999999999,,1.4616537452813627,-1.4712153747337526,False,,
5.990000000000002,,1.46290218637456,-1.4731981070085434,False,,
5.995000000000001,,1.4641507070875284,-1.4751807043987777,False,,
6.0,,1.4653993074226268,-1.4771631669085257,False,,
6.004999999999999,,1.4666479873822102,-1.479145494541855,False,,
6.010000000000002,,1.4678967469686355,-1.4811276873028327,False,,
6.015000000000001,,1.4691455861842573,-1.4831097451955242,False,,
6.02,,1.4703945050314324,-1.4850916682239963,False,,
6.025000000000002,,1.471643503512519,-1.4870734563923196,False,,
6.030000000000001,,1.4728925816298712,-1.489055109704556,False,,
6.035,,1.4741417393858458,-1.4910366281647742,False,,
6.039999999999999,,1.4753909767828002,-1.4930180117770413,False,,
6.045000000000002,,1.4766402938230905,-1.4949992605454234,False,,
6.050000000000001,,1.477889690509073,-1.4969803744739878,False,,
6.055,,1.4791391668431033,-1.4989613535667987,False,,
6.059999999999999,,1.4803887228275392,-1.5009421978279238,False,,
6.065000000000001,,1.481638358464739,-1.5029229072614314,False,,
6.07,,1.4828880737570564,-1.5049034818713836,False,,
6.074999999999999,,1.484137868706849,-1.5068839216618484,False,,
6.080000000000002,,1.485387743316475,-1.5088642266368937,False,,
6.085000000000001,,1.4866376975882893,-1.5108443968005814,False,,
6.09,,1.4878877315246497,-1.5128244321569797,False,,
6.094999999999999,,1.4891378451279138,-1.5148043327101546,False,,
6.100000000000001,,1.490388038400438,-1.5167840984641727,False,,
6.105,,1.491638311344579,-1.5187637294230965,False,,
6.109999999999999,,1.4928886639626935,-1.5207432255909932,False,,
6.115000000000002,,1.4941390962571401,-1.5227225869719296,False,,
6.120000000000001,,1.4953896082302747,-1.5247018135699684,False,,
6.125,,1.4966401998844543,-1.5266809053891763,False,,
6.129999999999999,,1.4978908712220371,-1.5286598624336185,False,,
6.135000000000002,,1.4991416222453808,-1.5306386847073616,False,,
6.140000000000001,,1.500392452956841,-1.5326173722144674,False,,
6.145,,1.5016433633587765,-1.5345959249590029,False,,
6.150000000000002,,1.5028943534535446,-1.5365743429450336,False,,
6.155000000000001,,1.5041454232435019,-1.5385526261766234,False,,
6.16,,1.505396572731006,-1.5405307746578356,False,,
6.164999999999999,,1.5066478019184149,-1.5425087883927366,False,,
6.170000000000002,,1.5078991108080877,-1.5444866673853934,False,,
6.175000000000001,,1.5091504994023786,-1.5464644116398651,False,,
6.18,,1.5104019677036478,-1.5484420211602195,False,,
6.184999999999999,,1.5116535157142528,-1.5504194959505206,False,,
6.190000000000001,,1.5129051434365515,-1.5523968360148337,False,,
6.195,,1.5141568508729009,-1.5543740413572207,False,,
6.199999999999999,,1.5154086380256586,-1.5563511119817464,False,,
6.205000000000002,,1.516660504897184,-1.5583280478924768,False,,
6.210000000000001,,1.5179124514898334,-1.5603048490934728,False,,
6.215,,1.519164477805966,-1.5622815155888,False,,
6.219999999999999,,1.5204165838479393,-1.5642580473825225,False,,
6.225000000000001,,1.521668769618112,-1.566234444478704,False,,
6.23,,1.5229210351188414,-1.5682107068814066,False,,
6.234999999999999,,1.5241733803524866,-1.570186834594696,False,,
6.240000000000002,,1.5254258053214054,-1.572162827622635,False,,
6.245000000000001,,1.5266783100279544,-1.5741386859692854,False,,
6.25,,1.527930894474495,-1.5761144096387127,False,,
6.254999999999999,,1.5291835586633833,-1.5780899986349795,False,,
6.260000000000002,,1.5304363025969796,-1.5800654529621503,False,,
6.265000000000001,,1.531689126277639,-1.5820407726242842,False,,
6.27,,1.5329420297077236,-1.5840159576254476,False,,
6.275000000000002,,1.534195012889591,-1.5859910079697042,False,,
6.280000000000001,,1.5354480758255993,-1.5879659236611148,False,,
6.285,,1.536701218518106,-1.5899407047037417,False,,
6.289999999999999,,1.5379544409694714,-1.5919153511016495,False,,
6.295000000000002,,1.5392077431820543,-1.5938898628589016,False,,
6.300000000000001,,1.5404611251582119,-1.5958642399795566,False,,
6.305,,1.5417145869003046,-1.5978384824676803,False,,
6.309999999999999,,1.5429681284106902,-1.5998125903273344,False,,
6.315000000000001,,1.544221749691729,-1.601786563562582,False,,
6.32,,1.5454754507457777,-1.6037604021774836,False,,
6.324999999999999,,1.5467292315751968,-1.6057341061761012,False,,
6.330000000000002,,1.547983092182347,-1.6077076755625015,False,,
6.335000000000001,,1.5492370325695832,-1.6096811103407402,False,,
6.34,,1.5504910527392677,-1.6116544105148825,False,,
6.344999999999999,,1.551745152693758,-1.6136275760889902,False,,
6.350000000000001,,1.5529993324354154,-1.6156006070671256,False,,
6.355,,1.554253591966597,-1.617573503453349,False,,
6.359999999999999,,1.5555079312896627,-1.6195462652517212,False,,
6.365000000000002,,1.556762350406973,-1.6215188924663082,False,,
6.370000000000001,,1.558016849320885,-1.6234913851011663,False,,
6.375,,1.5592714280337603,-1.6254637431603596,False,,
6.379999999999999,,1.5605260865479567,-1.6274359666479485,False,,
6.385000000000002,,1.5617808248658365,-1.6294080555679964,False,,
6.390000000000001,,1.5630356429897554,-1.6313800099245617,False,,
6.395,,1.5642905409220762,-1.6333518297217067,False,,
6.400000000000002,,1.5655455186651568,-1.6353235149634928,False,,
6.405000000000001,,1.566800576221357,-1.6372950656539798,False,,
6.41,,1.5680557135930373,-1.6392664817972287,False,,
6.414999999999999,,1.569310930782557,-1.6412377633973014,False,,
6.420000000000002,,1.5705662277922774,-1.6432089104582601,False,,
6.425000000000001,,1.5718216046245543,-1.6451799229841604,False,,
6.43,,1.5730770612817517,-1.6471508009790665,False,,
6.434999999999999,,1.5743325977662286,-1.6491215444470395,False,,
6.440000000000001,,1.5755882140803448,-1.6510921533921383,False,,
6.445,,1.5768439102264593,-1.6530626278184224,False,,
6.449999999999999,,1.5780996862069339,-1.655032967729954,False,,
6.455000000000002,,1.5793555420241279,-1.6570031731307928,False,,
6.460000000000001,,1.5806114776804012,-1.6589732440249976,False,,
6.465,,1.581867493178114,-1.6609431804166293,False,,
6.469999999999999,,1.5831235885196278,-1.6629129823097486,False,,
6.475000000000001,,1.584379763707302,-1.664882649708415,False,,
6.48,,1.5856360187434957,-1.6668521826166862,False,,
6.484999999999999,,1.5868923536305726,-1.668821581038625,False,,
6.490000000000002,,1.5881487683708904,-1.6707908449782896,False,,
6.495000000000001,,1.5894052629668096,-1.6727599744397388,False,,
6.5,,1.5906618374206918,-1.674728969427033,False,,
6.504999999999999,,1.5919184917348974,-1.676697829944231,False,,
6.510000000000002,,1.5931752259117884,-1.6786665559953946,False,,
6.515000000000001,,1.5944320399537233,-1.6806351475845802,False,,
6.52,,1.5956889338630624,-1.6826036047158468,False,,
6.525000000000002,,1.5969459076421688,-1.6845719273932558,False,,
6.530000000000001,,1.5982029612934014,-1.6865401156208633,False,,
6.535,,1.5994600948191222,-1.6885081694027304,False,,
6.539999999999999,,1.6007173082216917,-1.6904760887429156,False,,
6.545000000000002,,1.6019746015034715,-1.692443873645479,False,,
6.550000000000001,,1.6032319746668218,-1.6944115241144755,False,,
6.555,,1.6044894277141033,-1.6963790401539667,False,,
6.559999999999999,,1.6057469606476773,-1.6983464217680095,False,,
6.565000000000001,,1.607004573469906,-1.7003136689606657,False,,
6.57,,1.6082622661831492,-1.7022807817359893,False,,
6.574999999999999,,1.609520038789769,-1.7042477600980408,False,,
6.580000000000002,,1.6107778912921273,-1.7062146040508794,False,,
6.585000000000001,,1.6120358236925836,-1.7081813135985608,False,,
6.59,,1.6132938359934994,-1.7101478887451442,False,,
6.594999999999999,,1.6145519281972374,-1.712114329494688,False,,
6.600000000000001,,1.6158101003061596,-1.7140806358512515,False,,
6.605,,1.6170683523226248,-1.716046807818889,False,,
6.609999999999999,,1.6183266842489967,-1.718012845401661,False,,
6.615000000000002,,1.6195850960876375,-1.7199787486036258,False,,
6.620000000000001,,1.6208435878409053,-1.7219445174288368,False,,
6.625,,1.622102159511165,-1.7239101518813562,False,,
6.629999999999999,,1.6233608111007776,-1.7258756519652385,False,,
6.635000000000002,,1.6246195426121046,-1.7278410176845431,False,,
6.640000000000001,,1.6258783540475075,-1.7298062490433264,False,,
6.645,,1.6271372454093478,-1.7317713460456443,False,,
6.650000000000002,,1.62839621669999,-1.7337363086955575,False,,
6.655000000000001,,1.6296552679217928,-1.7357011369971196,False,,
6.66,,1.630914399077119,-1.7376658309543886,False,,
6.664999999999999,,1.6321736101683313,-1.739630390571421,False,,
6.670000000000002,,1.6334329011977924,-1.741594815852276,False,,
6.675000000000001,,1.6346922721678627,-1.743559106801008,False,,
6.68,,1.6359517230809046,-1.745523263421673,False,,
6.684999999999999,,1.6372112539392818,-1.7474872857183301,False,,
6.690000000000001,,1.638470864745356,-1.7494511736950353,False,,
6.695,,1.639730555501489,-1.7514149273558444,False,,
6.699999999999999,,1.640990326210042,-1.7533785467048124,False,,
6.705000000000002,,1.6422501768733802,-1.7553420317459987,False,,
6.710000000000001,,1.6435101074938636,-1.7573053824834566,False,,
6.715,,1.644770118073855,-1.759268598921243,False,,
6.719999999999999,,1.6460302086157181,-1.761231681063415,False,,
6.725000000000001,,1.647290379121816,-1.7631946289140301,False,,
6.73,,1.6485506295945085,-1.7651574424771397,False,,
6.734999999999999,,1.6498109600361595,-1.7671201217568016,False,,
6.740000000000002,,1.6510713704491335,-1.7690826667570743,False,,
6.745000000000001,,1.6523318608357906,-1.7710450774820097,False,,
6.75,,1.6535924311984949,-1.773007353935665,False,,
6.754999999999999,,1.654853081539609,-1.7749694961220945,False,,
6.760000000000002,,1.656113811861497,-1.7769315040453568,False,,
6.765000000000001,,1.6573746221665195,-1.7788933777095046,False,,
6.77,,1.658635512457041,-1.7808551171185936,False,,
6.775000000000002,,1.6598964827354243,-1.7828167222766798,False,,
6.780000000000001,,1.6611575330040322,-1.7847781931878173,False,,
6.785,,1.662418663265227,-1.7867395298560604,False,,
6.789999999999999,,1.6636798735213727,-1.788700732285466,False,,
6.795000000000002,,1.6649411637748344,-1.7906618004800903,False,,
6.800000000000001,,1.6662025340279718,-1.7926227344439836,False,,
6.805,,1.6674639842831493,-1.7945835341812035,False,,
6.809999999999999,,1.668725514542732,-1.7965441996958047,False,,
6.815000000000001,,1.669987124809082,-1.798504730991843,False,,
6.82,,1.671248815084562,-1.8004651280733694,False,,
6.824999999999999,,1.672510585371536,-1.802425390944441,False,,
6.830000000000002,,1.673772435672368,-1.804385519609112,False,,
6.835000000000001,,1.6750343659894207,-1.8063455140714344,False,,
6.84,,1.6762963763250585,-1.8083053743354653,False,,
6.844999999999999,,1.6775584666816439,-1.8102651004052568,False,,
6.850000000000001,,1.6788206370615426,-1.812224692284866,False,,
6.855,,1.6800828874671163,-1.8141841499783427,False,,
6.859999999999999,,1.6813452179007293,-1.8161434734897426,False,,
6.865000000000002,,1.6826076283647469,-1.8181026628231218,False,,
6.870000000000001,,1.6838701188615306,-1.8200617179825305,False,,
6.875,,1.6851326893934448,-1.8220206389720226,False,,
6.879999999999999,,1.6863953399628544,-1.8239794257956543,False,,
6.885000000000002,,1.6876580705721236,-1.8259380784574781,False,,
6.890000000000001,,1.6889208812236158,-1.8278965969615464,False,,
6.895,,1.6901837719196942,-1.8298549813119127,False,,
6.900000000000002,,1.6914467426627253,-1.8318132315126325,False,,
6.905000000000001,,1.6927097934550703,-1.8337713475677553,False,,
6.91,,1.6939729242990953,-1.8357293294813364,False,,
6.914999999999999,,1.695236135197164,-1.8376871772574284,False,,
6.920000000000002,,1.6964994261516422,-1.8396448909000866,False,,
6.925000000000001,,1.6977627971648914,-1.84160247041336,False,,
6.93,,1.699026248239278,-1.8435599158013027,False,,
6.934999999999999,,1.700289779377166,-1.8455172270679687,False,,
6.940000000000001,,1.7015533905809197,-1.8474744042174103,False,,
6.945,,1.7028170818529036,-1.849431447253679,False,,
6.949999999999999,,1.704080853195483,-1.8513883561808284,False,,
6.955000000000002,,1.705344704611022,-1.8533451310029116,False,,
6.960000000000001,,1.7066086361018846,-1.8553017717239784,False,,
6.965,,1.707872647670435,-1.8572582783480809,False,,
6.969999999999999,,1.7091367393190402,-1.8592146508792748,False,,
6.975000000000001,,1.7104009110500644,-1.8611708893216117,False,,
6.98,,1.7116651628658706,-1.8631269936791393,False,,
6.984999999999999,,1.712929494768825,-1.8650829639559132,False,,
6.990000000000002,,1.7141939067612937,-1.8670388001559861,False,,
6.995000000000001,,1.7154583988456396,-1.868994502283408,False,,
7.0,,1.7167229710242287,-1.87095007034223,False,,
7.004999999999999,,1.717987623299425,-1.8729055043365044,False,,
7.010000000000002,,1.7192523556735964,-1.8748608042702848,False,,
7.015000000000001,,1.7205171681491045,-1.876815970147619,False,,
7.02,,1.7217820607283163,-1.8787710019725603,False,,
7.025000000000002,,1.7230470334135974,-1.8807258997491616,False,,
7.030000000000001,,1.7243120862073122,-1.8826806634814717,False,,
7.035,,1.7255772191118266,-1.8846352931735428,False,,
7.039999999999999,,1.726842432129505,-1.8865897888294256,False,,
7.045000000000002,,1.7281077252627153,-1.888544150453173,False,,
7.050000000000001,,1.7293730985138192,-1.890498378048832,False,,
7.055,,1.7306385518851852,-1.8924524716204576,False,,
7.059999999999999,,1.7319040853791776,-1.894406431172098,False,,
7.065000000000001,,1.733169698998163,-1.896360256707806,False,,
7.07,,1.7344353927445053,-1.8983139482316302,False,,
7.074999999999999,,1.7357011666205722,-1.9002675057476213,False,,
7.080000000000002,,1.7369670206287284,-1.9022209292598327,False,,
7.085000000000001,,1.7382329547713393,-1.9041742187723114,False,,
7.09,,1.7394989690507714,-1.9061273742891092,False,,
7.094999999999999,,1.740765063469389,-1.9080803958142742,False,,
7.100000000000001,,1.7420312380295617,-1.910033283351862,False,,
7.105,,1.7432974927336513,-1.9119860369059165,False,,
7.109999999999999,,1.744563827584026,-1.9139386564804908,False,,
7.115000000000002,,1.745830242583052,-1.915891142079636,False,,
7.120000000000001,,1.7470967377330946,-1.917843493707399,False,,
7.125,,1.7483633130365193,-1.9197957113678308,False,,
7.129999999999999,,1.749629968495693,-1.9217477950649813,False,,
7.135000000000002,,1.750896704112984,-1.9236997448029025,False,,
7.140000000000001,,1.7521635198907548,-1.925651560585639,False,,
7.145,,1.7534304158313734,-1.9276032424172436,False,,
7.150000000000002,,1.7546973919372078,-1.9295547903017662,False,,
7.155000000000001,,1.7559644482106218,-1.9315062042432543,False,,
7.16,,1.757231584653982,-1.933457484245756,False,,
7.164999999999999,,1.758498801269657,-1.9354086303133233,False,,
7.170000000000002,,1.7597660980600125,-1.9373596424500061,False,,
7.175000000000001,,1.7610334750274137,-1.9393105206598498,False,,
7.18,,1.7623009321742287,-1.9412612649469054,False,,
7.184999999999999,,1.7635684695028235,-1.9432118753152214,False,,
7.190000000000001,,1.7648360870155662,-1.945162351768848,False,,
7.195,,1.7661037847148209,-1.9471126943118306,False,,
7.199999999999999,,1.767371562602956,-1.949062902948221,False,,
7.205000000000002,,1.76863942068234,-1.9510129776820677,False,,
7.210000000000001,,1.769907358955336,-1.9529629185174162,False,,
7.215,,1.7711753774243126,-1.9549127254583163,False,,
7.219999999999999,,1.772443476091638,-1.9568623985088172,False,,
7.225000000000001,,1.7737116549596794,-1.9588119376729682,False,,
7.23,,1.7749799140308018,-1.9607613429548143,False,,
7.234999999999999,,1.776248253307373,-1.9627106143584057,False,,
7.240000000000002,,1.7775166727917617,-1.9646597518877913,False,,
7.245000000000001,,1.7787851724863337,-1.9666087555470162,False,,
7.25,,1.7800537523934556,-1.9685576253401298,False,,
7.254999999999999,,1.7813224125154965,-1.9705063612711808,False,,
7.260000000000002,,1.7825911528548226,-1.972454963344216,False,,
7.265000000000001,,1.7838599734138008,-1.9744034315632817,False,,
7.27,,1.7851288741947995,-1.9763517659324277,False,,
7.275000000000002,,1.7863978552001871,-1.9782999664557017,False,,
7.280000000000001,,1.787666916432329,-1.9802480331371477,False,,
7.285,,1.7889360578935927,-1.9821959659808148,False,,
7.289999999999999,,1.7902052795863472,-1.9841437649907516,False,,
7.295000000000002,,1.7914745815129614,-1.9860914301710058,False,,
7.300000000000001,,1.7927439636758,-1.9880389615256213,False,,
7.305,,1.7940134260772325,-1.9899863590586462,False,,
7.309999999999999,,1.7952829687196257,-1.9919336227741287,False,,
7.315000000000001,,1.7965525916053493,-1.993880752676117,False,,
7.32,,1.7978222947367697,-1.9958277487686544,False,,
7.324999999999999,,1.7990920781162536,-1.997774611055788,False,,
7.330000000000002,,1.8003619417461718,-1.9997213395415672,False,,
7.335000000000001,,1.8016318856288907,-2.001667934230036,False,,
7.34,,1.8029019097667773,-2.0036143951252408,False,,
7.344999999999999,,1.8041720141622015,-2.0055607222312286,False,,
7.350000000000001,,1.805442198817531,-2.0075069155520486,False,,
7.355,,1.8067124637351344,-2.009452975091742,False,,
7.359999999999999,,1.8079828089173793,-2.011398900854358,False,,
7.365000000000002,,1.809253234366634,-2.013344692843943,False,,
7.370000000000001,,1.8105237400852667,-2.0152903510645412,False,,
7.375,,1.811794326075646,-2.017235875520199,False,,
7.379999999999999,,1.81306499234014,-2.019181266214962,False,,
7.385000000000002,,1.8143357388811188,-2.021126523152879,False,,
7.390000000000001,,1.815606565700949,-2.023071646337992,False,,
7.395,,1.8168774728019987,-2.025016635774347,False,,
7.400000000000002,,1.8181484601866387,-2.026961491465992,False,,
7.405000000000001,,1.819419527857236,-2.0289062134169704,False,,
7.41,,1.8206906758161594,-2.0308508016313267,False,,
7.414999999999999,,1.8219619040657786,-2.0327952561131086,False,,
7.420000000000002,,1.823233212608462,-2.0347395768663614,False,,
7.425000000000001,,1.8245046014465771,-2.036683763895127,False,,
7.43,,1.8257760705824948,-2.038627817203454,False,,
7.434999999999999,,1.8270476200185817,-2.040571736795385,False,,
7.440000000000001,,1.8283192497572096,-2.042515522674967,False,,
7.445,,1.8295909598007447,-2.044459174846244,False,,
7.449999999999999,,1.830862750151558,-2.046402693313259,False,,
7.455000000000002,,1.8321346208120193,-2.0483460780800606,False,,
7.460000000000001,,1.8334065717844938,-2.050289329150689,False,,
7.465,,1.8346786030713544,-2.0522324465291915,False,,
7.469999999999999,,1.8359507146749687,-2.054175430219611,False,,
7.475000000000001,,1.8372229065977073,-2.056118280225994,False,,
7.48,,1.8384951788419381,-2.058060996552383,False,,
7.484999999999999,,1.8397675314100304,-2.0600035792028217,False,,
7.490000000000002,,1.8410399643043553,-2.0619460281813566,False,,
7.495000000000001,,1.8423124775272806,-2.0638883434920303,False,,
7.5,,1.843585071081176,-2.065830525138887,False,,
7.504999999999999,,1.8448577449684107,-2.0677725731259686,False,,
7.510000000000002,,1.8461304991913563,-2.0697144874573237,False,,
7.515000000000001,,1.847403333752381,-2.0716562681369926,False,,
7.52,,1.8486762486538528,-2.0735979151690174,False,,
7.525000000000002,,1.8499492438981449,-2.0755394285574464,False,,
7.530000000000001,,1.8512223194876252,-2.07748080830632,False,,
7.535,,1.8524954754246619,-2.0794220544196813,False,,
7.539999999999999,,1.8537687117116275,-2.081363166901575,False,,
7.545000000000002,,1.855042028350892,-2.0833041457560455,False,,
7.550000000000001,,1.8563154253448224,-2.0852449909871327,False,,
7.555,,1.857588902695791,-2.087185702598883,False,,
7.559999999999999,,1.8588624604061672,-2.0891262805953357,False,,
7.565000000000001,,1.8601360984783226,-2.0910667249805392,False,,
7.57,,1.861409816914625,-2.093007035758532,False,,
7.574999999999999,,1.8626836157174447,-2.0949472129333575,False,,
7.580000000000002,,1.8639574948891542,-2.0968872565090617,False,,
7.585000000000001,,1.8652314544321216,-2.0988271664896825,False,,
7.59,,1.8665054943487176,-2.1007669428792655,False,,
7.594999999999999,,1.8677796146413126,-2.102706585681852,False,,
7.600000000000001,,1.8690538153122787,-2.1046460949014874,False,,
7.605,,1.8703280963639828,-2.1065854705422087,False,,
7.609999999999999,,1.8716024577987977,-2.1085247126080615,False,,
7.615000000000002,,1.872876899619095,-2.1104638211030897,False,,
7.620000000000001,,1.874151421827243,-2.112402796031332,False,,
7.625,,1.8754260244256127,-2.114341637396831,False,,
7.629999999999999,,1.8767007074165751,-2.1162803452036307,False,,
7.635000000000002,,1.8779754708025025,-2.1182189194557726,False,,
7.640000000000001,,1.8792503145857626,-2.1201573601572967,False,,
7.645,,1.880525238768728,-2.1220956673122453,False,,
7.650000000000002,,1.8818002433537702,-2.1240338409246617,False,,
7.655000000000001,,1.8830753283432586,-2.125971880998586,False,,
7.66,,1.8843504937395643,-2.1279097875380595,False,,
7.664999999999999,,1.8856257395450595,-2.129847560547125,False,,
7.670000000000002,,1.886901065762114,-2.1317852000298236,False,,
7.675000000000001,,1.8881764723930985,-2.133722705990194,False,,
7.68,,1.8894519594403851,-2.135660078432281,False,,
7.684999999999999,,1.890727526906344,-2.137597317360123,False,,
7.690000000000001,,1.892003174793349,-2.139534422777765,False,,
7.695,,1.8932789031037682,-2.1414713946892423,False,,
7.699999999999999,,1.894554711839973,-2.143408233098599,False,,
7.705000000000002,,1.8958306010043384,-2.1453449380098784,False,,
7.710000000000001,,1.8971065705992318,-2.147281509427116,False,,
7.715,,1.8983826206270253,-2.1492179473543556,False,,
7.719999999999999,,1.899658751090091,-2.151154251795637,False,,
7.725000000000001,,1.900934961990802,-2.1530904227550023,False,,
7.73,,1.9022112533315267,-2.155026460236489,False,,
7.734999999999999,,1.903487625114639,-2.1569623642441385,False,,
7.740000000000002,,1.9047640773425099,-2.1588981347819924,False,,
7.745000000000001,,1.9060406100175111,-2.160833771854091,False,,
7.75,,1.9073172231420132,-2.1627692754644707,False,,
7.754999999999999,,1.9085939167183894,-2.164704645617177,False,,
7.760000000000002,,1.9098706907490115,-2.1666398823162467,False,,
7.765000000000001,,1.9111475452362507,-2.1685749855657193,False,,
7.77,,1.9124244801824801,-2.170509955369636,False,,
7.775000000000002,,1.91370149559007,-2.172444791732037,False,,
7.780000000000001,,1.9149785914613928,-2.174379494656959,False,,
7.785,,1.916255767798821,-2.1763140641484444,False,,
7.789999999999999,,1.917533024604727,-2.178248500210533,False,,
7.795000000000002,,1.9188103618814827,-2.1801828028472623,False,,
7.800000000000001,,1.92008777963146,-2.182116972062673,False,,
7.805,,1.92136527785703,-2.184051007860803,False,,
7.809999999999999,,1.9226428565605669,-2.1859849102456916,False,,
7.815000000000001,,1.9239205157444434,-2.187918679221381,False,,
7.82,,1.925198255411029,-2.1898523147919065,False,,
7.824999999999999,,1.9264760755626975,-2.191785816961308,False,,
7.830000000000002,,1.9277539762018234,-2.1937191857336256,False,,
7.835000000000001,,1.9290319573307766,-2.1956524211128974,False,,
7.84,,1.9303100189519298,-2.197585523103162,False,,
7.844999999999999,,1.931588161067657,-2.1995184917084583,False,,
7.850000000000001,,1.9328663836803308,-2.201451326932826,False,,
7.855,,1.9341446867923224,-2.2033840287803006,False,,
7.859999999999999,,1.9354230704060051,-2.205316597254922,False,,
7.865000000000002,,1.9367015345237528,-2.207249032360731,False,,
7.870000000000001,,1.9379800791479367,-2.2091813341017623,False,,
7.875,,1.9392587042809297,-2.2111135024820547,False,,
7.879999999999999,,1.9405374099251052,-2.2130455375056486,False,,
7.885000000000002,,1.9418161960828377,-2.2149774391765806,False,,
7.890000000000001,,1.9430950627564973,-2.2169092074988868,False,,
7.895,,1.9443740099484592,-2.2188408424766086,False,,
7.900000000000002,,1.9456530376610957,-2.220772344113783,False,,
7.905000000000001,,1.9469321458967794,-2.222703712414445,False,,
7.91,,1.9482113346578842,-2.2246349473826346,False,,
7.914999999999999,,1.9494906039467832,-2.226566049022389,False,,
7.920000000000002,,1.9507699537658487,-2.2284970173377454,False,,
7.925000000000001,,1.9520493841174558,-2.230427852332741,False,,
7.93,,1.9533288950039767,-2.2323585540114146,False,,
7.934999999999999,,1.9546084864277846,-2.2342891223778008,False,,
7.940000000000001,,1.9558881583912546,-2.236219557435942,False,,
7.945,,1.9571679108967577,-2.2381498591898685,False,,
7.949999999999999,,1.9584477439466685,-2.240080027643621,False,,
7.955000000000002,,1.9597276575433615,-2.2420100628012376,False,,
7.960000000000001,,1.9610076516892085,-2.243939964666751,False,,
7.965,,1.962287726386584,-2.2458697332442026,False,,
7.969999999999999,,1.9635678816378621,-2.2477993685376267,False,,
7.975000000000001,,1.9648481174454173,-2.2497288705510607,False,,
7.98,,1.9661284338116212,-2.25165823928854,False,,
7.984999999999999,,1.9674088307388489,-2.2535874747541023,False,,
7.990000000000002,,1.9686893082294747,-2.2555165769517846,False,,
7.995000000000001,,1.9699698662858716,-2.257445545885621,False,,
8.0,,1.9712505049104148,-2.2593743815596508,False,,
8.004999999999999,,1.972531224105475,-2.2613030839779054,False,,
8.010000000000002,,1.9738120238734318,-2.263231653144427,False,,
8.015,,1.9750929042166543,-2.2651600890632473,False,,
8.02,,1.9763738651375191,-2.267088391738403,False,,
8.025000000000002,,1.9776549066384004,-2.269016561173933,False,,
8.030000000000001,,1.9789360287216717,-2.270944597373869,False,,
8.035,,1.9802172313897068,-2.272872500342247,False,,
8.04,,1.9814985146448807,-2.274800270083105,False,,
8.045000000000002,,1.9827798784895687,-2.2767279066004793,False,,
8.05,,1.9840613229261437,-2.278655409898402,False,,
8.055,,1.9853428479569808,-2.28058277998091,False,,
8.059999999999999,,1.9866244535844544,-2.282510016852039,False,,
8.065000000000001,,1.9879061398109403,-2.2844371205158254,False,,
8.07,,1.9891879066388105,-2.286364090976302,False,,
8.075,,1.9904697540704417,-2.2882909282375046,False,,
8.080000000000002,,1.991751682108208,-2.29021763230347,False,,
8.085,,1.9930336907544839,-2.292144203178231,False,,
8.09,,1.994315780011644,-2.2940706408658222,False,,
8.094999999999999,,1.9955979498820633,-2.29599694537028,False,,
8.100000000000001,,1.996880200368118,-2.2979231166956398,False,,
8.105,,1.9981625314721811,-2.2998491548459334,False,,
8.11,,1.9994449431966284,-2.3017750598251974,False,,
8.115000000000002,,2.0007274355438356,-2.303700831637467,False,,
8.120000000000001,,2.0020100085161765,-2.305626470286775,False,,
8.125,,2.003292662116025,-2.307551975777155,False,,
8.129999999999999,,2.0045753963457598,-2.309477348112642,False,,
8.135000000000002,,2.005858211207754,-2.3114025872972723,False,,
8.14,,2.007141106704383,-2.3133276933350793,False,,
8.145,,2.0084240828380215,-2.3152526662300934,False,,
8.150000000000002,,2.009707139611046,-2.3171775059863533,False,,
8.155000000000001,,2.0109902770258303,-2.3191022126078904,False,,
8.16,,2.0122734950847505,-2.321026786098738,False,,
8.165,,2.0135567937901833,-2.32295122646293,False,,
8.170000000000002,,2.014840173144504,-2.3248755337045037,False,,
8.175,,2.0161236331500856,-2.3267997078274867,False,,
8.18,,2.0174071738093056,-2.328723748835917,False,,
8.184999999999999,,2.01869079512454,-2.3306476567338255,False,,
8.190000000000001,,2.019974497098165,-2.3325714315252473,False,,
8.195,,2.021258279732553,-2.3344950732142147,False,,
8.2,,2.0225421430300825,-2.336418581804761,False,,
8.205000000000002,,2.0238260869931297,-2.33834195730092,False,,
8.21,,2.0251101116240697,-2.3402651997067236,False,,
8.215,,2.0263942169252767,-2.342188309026204,False,,
8.219999999999999,,2.027678402899129,-2.3441112852633967,False,,
8.225000000000001,,2.0289626695480028,-2.3460341284223327,False,,
8.23,,2.030247016874273,-2.347956838507046,False,,
8.235,,2.031531444880314,-2.349879415521567,False,,
8.240000000000002,,2.032815953568505,-2.35180185946993,False,,
8.245000000000001,,2.0341005429412204,-2.353724170356168,False,,
8.25,,2.0353852130008363,-2.35564634818431,False,,
8.254999999999999,,2.0366699637497296,-2.3575683929583917,False,,
8.260000000000002,,2.037954795190278,-2.3594903046824465,False,,
8.265,,2.0392397073248567,-2.361412083360504,False,,
8.27,,2.0405247001558395,-2.3633337289965946,False,,
8.275000000000002,,2.041809773685607,-2.365255241594755,False,,
8.280000000000001,,2.043094927916533,-2.3671766211590137,False,,
8.285,,2.0443801628509943,-2.3690978676934025,False,,
8.29,,2.045665478491368,-2.3710189812019555,False,,
8.295000000000002,,2.046950874840033,-2.3729399616887044,False,,
8.3,,2.0482363518993605,-2.374860809157677,False,,
8.305,,2.049521909671732,-2.376781523612908,False,,
8.309999999999999,,2.050807548159522,-2.3787021050584283,False,,
8.315000000000001,,2.052093267365109,-2.380622553498271,False,,
8.32,,2.053379067290868,-2.382542868936465,False,,
8.325,,2.054664947939176,-2.384463051377041,False,,
8.330000000000002,,2.055950909312412,-2.386383100824033,False,,
8.335,,2.0572369514129503,-2.388303017281469,False,,
8.34,,2.058523074243169,-2.390222800753383,False,,
8.344999999999999,,2.0598092778054466,-2.392142451243803,False,,
8.350000000000001,,2.0610955621021585,-2.3940619687567635,False,,
8.355,,2.062381927135682,-2.3959813532962917,False,,
8.36,,2.0636683729083947,-2.39790060486642,False,,
8.365000000000002,,2.0649548994226734,-2.3998197234711798,False,,
8.370000000000001,,2.0662415066808952,-2.401738709114599,False,,
8.375,,2.0675281946854387,-2.40365756180071,False,,
8.379999999999999,,2.0688149634386797,-2.4055762815335426,False,,
8.385000000000002,,2.070101812942998,-2.407494868317129,False,,
8.39,,2.071388743200769,-2.409413322155497,False,,
8.395,,2.0726757542143703,-2.4113316430526774,False,,
8.400000000000002,,2.07396284598618,-2.4132498310127017,False,,
8.405000000000001,,2.0752500185185747,-2.4151678860395975,False,,
8.41,,2.076537271813934,-2.4170858081373963,False,,
8.415,,2.0778246058746337,-2.4190035973101276,False,,
8.420000000000002,,2.0791120207030542,-2.420921253561823,False,,
8.425,,2.08039951630157,-2.422838776896507,False,,
8.43,,2.081687092672561,-2.4247561673182156,False,,
8.434999999999999,,2.0829747498184026,-2.426673424830973,False,,
8.440000000000001,,2.084262487741477,-2.4285905494388143,False,,
8.445,,2.0855503064441585,-2.4305075411457637,False,,
8.45,,2.086838205928826,-2.4324243999558526,False,,
8.455000000000002,,2.0881261861978597,-2.4343411258731114,False,,
8.46,,2.089414247253634,-2.436257718901566,False,,
8.465,,2.0907023890985297,-2.4381741790452485,False,,
8.469999999999999,,2.091990611734923,-2.440090506308186,False,,
8.475000000000001,,2.093278915165195,-2.4420067006944106,False,,
8.48,,2.0945672993917217,-2.443922762207947,False,,
8.485,,2.095855764416882,-2.4458386908528267,False,,
8.490000000000002,,2.097144310243054,-2.4477544866330776,False,,
8.495000000000001,,2.098432936872616,-2.4496701495527287,False,,
8.5,,2.099721644307948,-2.4515856796158078,False,,
8.504999999999999,,2.1010104325514263,-2.453501076826342,False,,
8.510000000000002,,2.1022993016054317,-2.4554163411883643,False,,
8.515,,2.103588251472341,-2.4573314727058984,False,,
8.52,,2.104877282154532,-2.459246471382974,False,,
8.525000000000002,,2.1061663936543873,-2.461161337223621,False,,
8.530000000000001,,2.1074555859742814,-2.4630760702318657,False,,
8.535,,2.1087448591165963,-2.464990670411736,False,,
8.54,,2.110034213083707,-2.4669051377672604,False,,
8.545000000000002,,2.1113236478779966,-2.4688194723024672,False,,
8.55,,2.112613163501841,-2.4707336740213828,False,,
8.555,,2.1139027599576212,-2.472647742928036,False,,
8.559999999999999,,2.115192437247714,-2.4745616790264533,False,,
8.565000000000001,,2.116482195374501,-2.476475482320665,False,,
8.57,,2.1177720343403594,-2.4783891528146955,False,,
8.575,,2.1190619541476683,-2.4803026905125733,False,,
8.580000000000002,,2.1203519547988083,-2.4822160954183277,False,,
8.585,,2.1216420362961577,-2.4841293675359815,False,,
8.59,,2.1229321986420953,-2.4860425068695644,False,,
8.594999999999999,,2.1242224418390006,-2.4879555134231035,False,,
8.600000000000001,,2.1255127658892543,-2.4898683872006275,False,,
8.605,,2.126803170795234,-2.491781128206161,False,,
8.61,,2.12809365655932,-2.4936937364437295,False,,
8.615000000000002,,2.1293842231838926,-2.495606211917365,False,,
8.620000000000001,,2.1306748706713297,-2.497518554631089,False,,
8.625,,2.131965599024011,-2.4994307645889293,False,,
8.629999999999999,,2.1332564082443177,-2.501342841794915,False,,
8.635000000000002,,2.1345472983346285,-2.503254786253069,False,,
8.64,,2.135838269297323,-2.5051665979674205,False,,
8.645,,2.1371293211347817,-2.5070782769419946,False,,
8.650000000000002,,2.138420453849383,-2.5089898231808183,False,,
8.655000000000001,,2.139711667443507,-2.510901236687916,False,,
8.66,,2.1410029619195354,-2.5128125174673155,False,,
8.665,,2.1422943372798455,-2.514723665523043,False,,
8.670000000000002,,2.1435857935268197,-2.5166346808591227,False,,
8.675,,2.144877330662837,-2.5185455634795813,False,,
8.68,,2.146168948690276,-2.5204563133884443,False,,
8.684999999999999,,2.14746064761152,-2.5223669305897385,False,,
8.690000000000001,,2.1487524274289465,-2.524277415087489,False,,
8.695,,2.1500442881449366,-2.5261877668857213,False,,
8.7,,2.1513362297618706,-2.5280979859884587,False,,
8.705000000000002,,2.1526282522821294,-2.530008072399732,False,,
8.71,,2.1539203557080917,-2.5319180261235603,False,,
8.715,,2.1552125400421405,-2.5338278471639732,False,,
8.719999999999999,,2.1565048052866524,-2.535737535524993,False,,
8.725000000000001,,2.1577971514440124,-2.5376470912106477,False,,
8.73,,2.159089578516598,-2.53955651422496,False,,
8.735,,2.1603820865067895,-2.5414658045719545,False,,
8.740000000000002,,2.161674675416971,-2.54337496225566,False,,
8.745000000000001,,2.162967345249519,-2.5452839872800963,False,,
8.75,,2.1642600960068146,-2.5471928796492884,False,,
8.754999999999999,,2.16555292769124,-2.549101639367264,False,,
8.760000000000002,,2.1668458403051787,-2.5510102664380487,False,,
8.765,,2.168138833851006,-2.552918760865661,False,,
8.77,,2.1694319083311058,-2.554827122654131,False,,
8.775000000000002,,2.170725063747859,-2.5567353518074807,False,,
8.780000000000001,,2.1720183001036464,-2.5586434483297333,False,,
8.785,,2.1733116174008487,-2.5605514122249153,False,,
8.79,,2.1746050156418457,-2.5624592434970483,False,,
8.795000000000002,,2.1758984948290228,-2.5643669421501603,False,,
8.8,,2.177192054964757,-2.56627450818827,False,,
8.805,,2.1784856960514296,-2.5681819416154044,False,,
8.809999999999999,,2.1797794180914236,-2.5700892424355866,False,,
8.815000000000001,,2.1810732210871207,-2.571996410652841,False,,
8.82,,2.1823671050408997,-2.5739034462711894,False,,
8.825,,2.1836610699551438,-2.575810349294657,False,,
8.830000000000002,,2.184955115832235,-2.577717119727269,False,,
8.835,,2.1862492426745526,-2.579623757573043,False,,
8.84,,2.1875434504844806,-2.581530262836009,False,,
8.844999999999999,,2.188837739264398,-2.5834366355201848,False,,
8.850000000000001,,2.1901321090166888,-2.585342875629597,False,,
8.855,,2.191426559743733,-2.5872489831682666,False,,
8.86,,2.192721091447913,-2.589154958140217,False,,
8.865000000000002,,2.194015704131611,-2.5910608005494744,False,,
8.870000000000001,,2.1953103977972077,-2.592966510400057,False,,
8.875,,2.196605172447084,-2.59487208769599,False,,
8.879999999999999,,2.197900028083626,-2.596777532441295,False,,
8.885000000000002,,2.1991949647092106,-2.598682844639996,False,,
8.89,,2.2004899823262223,-2.6005880242961137,False,,
8.895,,2.201785080937043,-2.6024930714136723,False,,
8.900000000000002,,2.203080260544055,-2.604397985996694,False,,
8.905000000000001,,2.204375521149639,-2.6063027680491997,False,,
8.91,,2.205670862756178,-2.608207417575213,False,,
8.915,,2.2069662853660548,-2.6101119345787547,False,,
8.920000000000002,,2.2082617889816505,-2.612016319063848,False,,
8.925,,2.2095573736053473,-2.613920571034514,False,,
8.93,,2.210853039239529,-2.615824690494777,False,,
8.935000000000002,,2.212148785886578,-2.6177286774486577,False,,
8.940000000000001,,2.213444613548875,-2.6196325319001748,False,,
8.945,,2.2147405222288024,-2.6215362538533524,False,,
8.95,,2.2160365119287437,-2.6234398433122132,False,,
8.955000000000002,,2.217332582651083,-2.625343300280779,False,,
8.96,,2.218628734398199,-2.6272466247630684,False,,
8.965,,2.219924967172477,-2.6291498167631033,False,,
8.969999999999999,,2.2212212809763,-2.631052876284908,False,,
8.975000000000001,,2.2225176758120497,-2.632955803332501,False,,
8.98,,2.2238141516821086,-2.6348585979099046,False,,
8.985,,2.2251107085888595,-2.6367612600211388,False,,
8.990000000000002,,2.226407346534688,-2.6386637896702263,False,,
8.995000000000001,,2.227704065521973,-2.6405661868611867,False,,
9.0,,2.2290008655530995,-2.6424684515980417,False,,
9.004999999999999,,2.23029774663045,-2.64437058388481,False,,
9.010000000000002,,2.2315947087564076,-2.6462725837255148,False,,
9.015,,2.232891751933356,-2.6481744511241754,False,,
9.02,,2.234188876163677,-2.6500761860848128,False,,
9.025000000000002,,2.2354860814497552,-2.6519777886114477,False,,
9.030000000000001,,2.236783367793974,-2.6538792587081,False,,
9.035,,2.2380807351987144,-2.65578059637879,False,,
9.04,,2.2393781836663615,-2.657681801627538,False,,
9.045000000000002,,2.2406757131993,-2.6595828744583647,False,,
9.05,,2.24197332379991,-2.6614838148752895,False,,
9.055,,2.243271015470577,-2.663384622882332,False,,
9.060000000000002,,2.2445687882136847,-2.665285298483515,False,,
9.065000000000001,,2.245866642031614,-2.667185841682852,False,,
9.07,,2.2471645769267523,-2.6690862524843686,False,,
9.075,,2.2484625929014808,-2.6709865308920833,False,,
9.080000000000002,,2.249760689958185,-2.672886676910016,False,,
9.085,,2.2510588680992454,-2.6747866905421827,False,,
9.09,,2.252357127327049,-2.6766865717926076,False,,
9.094999999999999,,2.253655467643978,-2.6785863206653078,False,,
9.100000000000001,,2.254953889052416,-2.680485937164302,False,,
9.105,,2.2562523915547485,-2.6823854212936107,False,,
9.11,,2.2575509751533582,-2.6842847730572528,False,,
9.115000000000002,,2.258849639850628,-2.686183992459247,False,,
9.120000000000001,,2.2601483856489453,-2.6880830795036124,False,,
9.125,,2.2614472125506904,-2.689982034194367,False,,
9.129999999999999,,2.2627461205582495,-2.69188085653553,False,,
9.135000000000002,,2.2640451096740075,-2.6937795465311245,False,,
9.14,,2.2653441799003464,-2.6956781041851627,False,,
9.145,,2.266643331239651,-2.6975765295016654,False,,
9.150000000000002,,2.267942563694308,-2.699474822484653,False,,
9.155000000000001,,2.2692418772666993,-2.7013729831381434,False,,
9.16,,2.270541271959208,-2.7032710114661516,False,,
9.165,,2.2718407477742213,-2.7051689074727,False,,
9.170000000000002,,2.273140304714124,-2.7070666711618063,False,,
9.175,,2.2744399427812985,-2.7089643025374865,False,,
9.18,,2.2757396619781307,-2.7108618016037607,False,,
9.185000000000002,,2.2770394623070045,-2.712759168364646,False,,
9.190000000000001,,2.278339343770304,-2.71465640282416,False,,
9.195,,2.2796393063704157,-2.7165535049863205,False,,
9.2,,2.2809393501097226,-2.718450474855146,False,,
9.205000000000002,,2.2822394749906127,-2.7203473124346553,False,,
9.21,,2.2835396810154656,-2.722244017728863,False,,
9.215,,2.28483996818667,-2.724140590741788,False,,
9.219999999999999,,2.286140336506609,-2.726037031477448,False,,
9.225000000000001,,2.287440785977669,-2.727933339939862,False,,
9.23,,2.288741316602235,-2.7298295161330453,False,,
9.235,,2.2900419283826903,-2.7317255600610144,False,,
9.240000000000002,,2.291342621321422,-2.733621471727789,False,,
9.245000000000001,,2.2926433954208147,-2.7355172511373835,False,,
9.25,,2.293944250683252,-2.7374128982938157,False,,
9.254999999999999,,2.295245187111121,-2.7393084132011034,False,,
9.260000000000002,,2.2965462047068073,-2.7412037958632647,False,,
9.265,,2.297847303472694,-2.7430990462843132,False,,
9.27,,2.2991484834111686,-2.7449941644682667,False,,
9.275000000000002,,2.3004497445246166,-2.7468891504191433,False,,
9.280000000000001,,2.3017510868154227,-2.7487840041409584,False,,
9.285,,2.3030525102859696,-2.7506787256377265,False,,
9.29,,2.304354014938648,-2.7525733149134672,False,,
9.295000000000002,,2.3056556007758413,-2.7544677719721973,False,,
9.3,,2.306957267799934,-2.756362096817929,False,,
9.305,,2.308259016013313,-2.758256289454681,False,,
9.310000000000002,,2.309560845418364,-2.7601503498864695,False,,
9.315000000000001,,2.310862756017472,-2.76204427811731,False,,
9.32,,2.312164747813023,-2.763938074151217,False,,
9.325,,2.3134668208074034,-2.76583173799221,False,,
9.330000000000002,,2.314768975003001,-2.7677252696443038,False,,
9.335,,2.3160712104021974,-2.7696186691115097,False,,
9.34,,2.3173735270073816,-2.7715119363978475,False,,
9.344999999999999,,2.3186759248209388,-2.773405071507331,False,,
9.350000000000001,,2.3199784038452567,-2.7752980744439792,False,,
9.355,,2.3212809640827183,-2.7771909452118013,False,,
9.36,,2.322583605535712,-2.779083683814818,False,,
9.365000000000002,,2.3238863282066244,-2.7809762902570423,False,,
9.370000000000001,,2.32518913209784,-2.78286876454249,False,,
9.375,,2.326492017211746,-2.784761106675174,False,,
9.379999999999999,,2.327794983550729,-2.7866533166591116,False,,
9.385000000000002,,2.3290980311171765,-2.7885453944983203,False,,
9.39,,2.330401159913472,-2.7904373401968074,False,,
9.395,,2.3317043699420035,-2.792329153758594,False,,
9.400000000000002,,2.3330076612051593,-2.7942208351876925,False,,
9.405000000000001,,2.3343110337053226,-2.7961123844881177,False,,
9.41,,2.335614487444883,-2.798003801663885,False,,
9.415,,2.3369180224262256,-2.799895086719007,False,,
9.420000000000002,,2.338221638651738,-2.8017862396575004,False,,
9.425,,2.3395253361238053,-2.8036772604833775,False,,
9.43,,2.3408291148448166,-2.8055681492006537,False,,
9.435000000000002,,2.3421329748171598,-2.807458905813344,False,,
9.440000000000001,,2.343436916043216,-2.809349530325459,False,,
9.445,,2.3447409385253772,-2.811240022741016,False,,
9.45,,2.346045042266029,-2.813130383064027,False,,
9.455000000000002,,2.34734922726756,-2.8150206112985092,False,,
9.46,,2.3486534935323533,-2.8169107074484723,False,,
9.465,,2.3499578410627993,-2.8188006715179306,False,,
9.469999999999999,,2.3512622698612846,-2.8206905035108996,False,,
9.475000000000001,,2.3525667799301972,-2.822580203431393,False,,
9.48,,2.3538713712719233,-2.8244697712834217,False,,
9.485,,2.355176043888849,-2.8263592070710013,False,,
9.490000000000002,,2.356480797783364,-2.8282485107981445,False,,
9.495000000000001,,2.357785632957854,-2.8301376824688638,False,,
9.5,,2.3590905494147068,-2.8320267220871713,False,,
9.504999999999999,,2.360395547156311,-2.833915629657084,False,,
9.510000000000002,,2.361700626185053,-2.8358044051826132,False,,
9.515,,2.36300578650332,-2.83769304866777,False,,
9.52,,2.3643110281135007,-2.839581560116568,False,,
9.525000000000002,,2.3656163510179837,-2.841469939533023,False,,
9.530000000000001,,2.3669217552191544,-2.843358186921143,False,,
9.535,,2.3682272407194027,-2.8452463022849432,False,,
9.54,,2.3695328075211135,-2.8471342856284343,False,,
9.545000000000002,,2.3708384556266777,-2.849022136955633,False,,
9.55,,2.372144185038481,-2.8509098562705457,False,,
9.555,,2.3734499957589126,-2.852797443577189,False,,
9.560000000000002,,2.3747558877903607,-2.854684898879576,False,,
9.565000000000001,,2.376061861135212,-2.8565722221817142,False,,
9.57,,2.3773679157958556,-2.8584594134876196,False,,
9.575,,2.378674051774679,-2.860346472801302,False,,
9.580000000000002,,2.379980269074072,-2.862233400126776,False,,
9.585,,2.3812865676964217,-2.864120195468049,False,,
9.59,,2.382592947644114,-2.8660068588291363,False,,
9.594999999999999,,2.3838994089195418,-2.8678933902140495,False,,
9.600000000000001,,2.38520595152509,-2.8697797896268,False,,
9.605,,2.386512575463148,-2.871666057071396,False,,
9.61,,2.387819280736105,-2.8735521925518555,False,,
9.615000000000002,,2.389126067346348,-2.8754381960721833,False,,
9.620000000000001,,2.3904329352962668,-2.877324067636394,False,,
9.625,,2.391739884588249,-2.8792098072484986,False,,
9.629999999999999,,2.3930469152246845,-2.881095414912508,False,,
9.635000000000002,,2.3943540272079615,-2.8829808906324335,False,,
9.64,,2.3956612205404673,-2.884866234412285,False,,
9.645,,2.3969684952245904,-2.8867514462560733,False,,
9.650000000000002,,2.3982758512627242,-2.888636526167814,False,,
9.655000000000001,,2.3995832886572526,-2.8905214741515115,False,,
9.66,,2.4008908074105655,-2.892406290211179,False,,
9.665,,2.402198407525053,-2.8942909743508265,False,,
9.670000000000002,,2.403506089003105,-2.8961755265744675,False,,
9.675,,2.4048138518471065,-2.8980599468861077,False,,
9.68,,2.4061216960594507,-2.899944235289761,False,,
9.685000000000002,,2.4074296216425255,-2.9018283917894383,False,,
9.690000000000001,,2.408737628598719,-2.903712416389145,False,,
9.695,,2.410045716930421,-2.905596309092897,False,,
9.7,,2.411353886640021,-2.9074800699047003,False,,
9.705000000000002,,2.4126621377299093,-2.9093636988285683,False,,
9.71,,2.413970470202473,-2.911247195868507,False,,
9.715,,2.4152788840601023,-2.913130561028529,False,,
9.719999999999999,,2.4165873793051875,-2.9150137943126433,False,,
9.725000000000001,,2.417895955940118,-2.91689689572486,False,,
9.73,,2.419204613967282,-2.9187798652691885,False,,
9.735,,2.4205133533890706,-2.9206627029496373,False,,
9.740000000000002,,2.4218221742078727,-2.922545408770218,False,,
9.745000000000001,,2.423131076426076,-2.9244279827349375,False,,
9.75,,2.4244400600460736,-2.9263104248478067,False,,
9.754999999999999,,2.425749125070253,-2.928192735112834,False,,
9.760000000000002,,2.4270582715010063,-2.930074913534031,False,,
9.765,,2.4283674993407205,-2.931956960115403,False,,
9.77,,2.429676808591787,-2.933838874860961,False,,
9.775000000000002,,2.4309861992565964,-2.9357206577747155,False,,
9.780000000000001,,2.4322956713375374,-2.9376023088606713,False,,
9.785,,2.4336052248369997,-2.9394838281228397,False,,
9.79,,2.4349148597573738,-2.941365215565229,False,,
9.795000000000002,,2.4362245761010515,-2.9432464711918493,False,,
9.8,,2.4375343738704203,-2.9451275950067073,False,,
9.805,,2.438844253067872,-2.9470085870138125,False,,
9.810000000000002,,2.4401542136957968,-2.948889447217172,False,,
9.815000000000001,,2.4414642557565847,-2.9507701756207956,False,,
9.82,,2.4427743792526244,-2.95265077222869,False,,
9.825,,2.4440845841863084,-2.954531237044863,False,,
9.830000000000002,,2.445394870560028,-2.956411570073326,False,,
9.835,,2.4467052383761705,-2.958291771318083,False,,
9.84,,2.4480156876371293,-2.960171840783146,False,,
9.844999999999999,,2.4493262183452917,-2.962051778472517,False,,
9.850000000000001,,2.4506368305030533,-2.9639315843902114,False,,
9.855,,2.4519475241128004,-2.9658112585402314,False,,
9.86,,2.453258299176924,-2.9676908009265848,False,,
9.865000000000002,,2.4545691556978175,-2.9695702115532825,False,,
9.870000000000001,,2.4558800936778695,-2.9714494904243276,False,,
9.875,,2.457191113119471,-2.973328637543731,False,,
9.879999999999999,,2.458502214025014,-2.975207652915497,False,,
9.885000000000002,,2.459813396396889,-2.977086536543638,False,,
9.89,,2.461124660237486,-2.9789652884321565,False,,
9.895,,2.462436005549197,-2.9808439085850593,False,,
9.900000000000002,,2.4637474323344124,-2.982722397006357,False,,
9.905000000000001,,2.465058940595524,-2.984600753700052,False,,
9.91,,2.466370530334922,-2.9864789786701555,False,,
9.915,,2.4676822015549984,-2.988357071920672,False,,
9.920000000000002,,2.468993954258145,-2.9902350334556087,False,,
9.925,,2.470305788446751,-2.9921128632789715,False,,
9.93,,2.471617704123209,-2.9939905613947677,False,,
9.935000000000002,,2.472929701289912,-2.995868127807005,False,,
9.940000000000001,,2.474241779949249,-2.997745562519687,False,,
9.945,,2.475553940103611,-2.9996228655368213,False,,
9.95,,2.476866181755391,-3.0015000368624145,False,,
9.955000000000002,,2.4781785049069818,-3.003377076500474,False,,
9.96,,2.479490909560772,-3.0052539844550026,False,,
9.965,,2.480803395719155,-3.007130760730008,False,,
9.969999999999999,,2.4821159633845227,-3.009007405329497,False,,
9.975000000000001,,2.483428612559266,-3.0108839182574743,False,,
9.98,,2.484741343245777,-3.0127602995179465,False,,
9.985,,2.486054155446446,-3.0146365491149174,False,,
9.990000000000002,,2.4873670491636686,-3.016512667052396,False,,
9.995000000000001,,2.488680024399833,-3.0183886533343847,False,,
10.0,,2.4899930811573334,-3.020264507964891,False,,
10.004999999999999,,2.4913062194385605,-3.022140230947919,False,,
10.010000000000002,,2.4926194392459076,-3.024015822287475,False,,
10.015,,2.493932740581764,-3.0258912819875623,False,,
10.02,,2.495246123448525,-3.027766610052188,False,,
10.025000000000002,,2.496559587848583,-3.0296418064853583,False,,
10.030000000000001,,2.497873133784327,-3.0315168712910743,False,,
10.035,,2.4991867612581515,-3.0333918044733448,False,,
10.04,,2.500500470272448,-3.0352666060361715,False,,
10.045000000000002,,2.501814260829611,-3.0371412759835623,False,,
10.05,,2.503128132932031,-3.0390158143195203,False,,
10.055,,2.504442086582099,-3.0408902210480475,False,,
10.060000000000002,,2.5057561217822104,-3.042764496173155,False,,
10.065000000000001,,2.5070702385347556,-3.0446386396988405,False,,
10.07,,2.5083844368421286,-3.046512651629112,False,,
10.075,,2.50969871670672,-3.0483865319679726,False,,
10.080000000000002,,2.511013078130927,-3.0502602807194297,False,,
10.085,,2.512327521117137,-3.0521338978874812,False,,
10.09,,2.513642045667745,-3.0540073834761365,False,,
10.094999999999999,,2.5149566517851447,-3.055880737489397,False,,
10.100000000000001,,2.516271339471728,-3.0577539599312695,False,,
10.105,,2.5175861087298874,-3.0596270508057524,False,,
10.11,,2.518900959562016,-3.061500010116856,False,,
10.115000000000002,,2.5202158919705084,-3.063372837868581,False,,
10.120000000000001,,2.5215309059577566,-3.065245534064929,False,,
10.125,,2.522846001526151,-3.067118098709906,False,,
10.129999999999999,,2.524161178678089,-3.0689905318075157,False,,
10.135000000000002,,2.5254764374159624,-3.070862833361761,False,,
10.14,,2.526791777742163,-3.072735003376644,False,,
10.145,,2.5281071996590847,-3.0746070418561686,False,,
10.150000000000002,,2.529422703169122,-3.07647894880434,False,,
10.155000000000001,,2.530738288274666,-3.0783507242251575,False,,
10.16,,2.532053954978112,-3.0802223681226266,False,,
10.165,,2.5333697032818527,-3.0820938805007505,False,,
10.170000000000002,,2.5346855331882834,-3.083965261363531,False,,
10.175,,2.536001444699794,-3.0858365107149712,False,,
10.18,,2.5373174378187806,-3.087707628559075,False,,
10.185000000000002,,2.538633512547638,-3.0895786148998434,False,,
10.190000000000001,,2.539949668888756,-3.0914494697412787,False,,
10.195,,2.5412659068445302,-3.0933201930873837,False,,
10.2,,2.5425822264173568,-3.0951907849421616,False,,
10.205000000000002,,2.543898627609626,-3.0970612453096154,False,,
10.21,,2.545215110423733,-3.098931574193746,False,,
10.215,,2.546531674862072,-3.1008017715985536,False,,
10.219999999999999,,2.547848320927036,-3.102671837528045,False,,
10.225000000000001,,2.5491650486210213,-3.1045417719862196,False,,
10.23,,2.5504818579464197,-3.1064115749770793,False,,
10.235,,2.5517987489056253,-3.1082812465046246,False,,
10.240000000000002,,2.553115721501034,-3.110150786572861,False,,
10.245000000000001,,2.5544327757350382,-3.1120201951857873,False,,
10.25,,2.5557499116100297,-3.113889472347404,False,,
10.254999999999999,,2.5570671291284093,-3.115758618061717,False,,
10.260000000000002,,2.558384428292568,-3.1176276323327246,False,,
10.265,,2.5597018091048978,-3.1194965151644283,False,,
10.27,,2.561019271567795,-3.1213652665608294,False,,
10.275000000000002,,2.562336815683656,-3.1232338865259317,False,,
10.280000000000001,,2.5636544414548723,-3.1251023750637335,False,,
10.285,,2.5649721488838386,-3.1269707321782354,False,,
10.29,,2.566289937972952,-3.128838957873441,False,,
10.295000000000002,,2.5676078087246053,-3.13070705215335,False,,
10.3,,2.5689257611411933,-3.1325750150219642,False,,
10.305,,2.5702437952251103,-3.1344428464832816,False,,
10.310000000000002,,2.571561910978753,-3.1363105465413073,False,,
10.315000000000001,,2.5728801084045134,-3.1381781152000374,False,,
10.32,,2.5741983875047865,-3.1400455524634743,False,,
10.325,,2.575516748281971,-3.14191285833562,False,,
10.330000000000002,,2.576835190738458,-3.143780032820474,False,,
10.335,,2.578153714876642,-3.1456470759220343,False,,
10.34,,2.5794723206989216,-3.147513987644304,False,,
10.344999999999999,,2.5807910082076897,-3.149380767991282,False,,
10.350000000000001,,2.582109777405342,-3.151247416966969,False,,
10.355,,2.583428628294273,-3.153113934575366,False,,
10.36,,2.5847475608768784,-3.1549803208204708,False,,
10.365000000000002,,2.586066575155553,-3.1568465757062842,False,,
10.370000000000001,,2.5873856711326915,-3.158712699236805,False,,
10.375,,2.5887048488106914,-3.1605786914160343,False,,
10.379999999999999,,2.5900241081919457,-3.162444552247971,False,,
10.385000000000002,,2.5913434492788516,-3.1643102817366167,False,,
10.39,,2.5926628720738036,-3.1661758798859676,False,,
10.395,,2.5939823765791967,-3.168041346700024,False,,
10.400000000000002,,2.5953019627974294,-3.1699066821827877,False,,
10.405000000000001,,2.5966216307308936,-3.171771886338255,False,,
10.41,,2.597941380381986,-3.173636959170426,False,,
10.415,,2.5992612117531024,-3.1755019006833,False,,
10.420000000000002,,2.6005811248466406,-3.177366710880877,False,,
10.425,,2.6019011196649933,-3.1792313897671525,False,,
10.43,,2.6032211962105594,-3.1810959373461314,False,,
10.435000000000002,,2.604541354485733,-3.182960353621807,False,,
10.440000000000001,,2.605861594492908,-3.1848246385981795,False,,
10.445,,2.607181916234484,-3.1866887922792486,False,,
10.45,,2.608502319712854,-3.188552814669011,False,,
10.455000000000002,,2.609822804930417,-3.1904167057714683,False,,
10.46,,2.6111433718895682,-3.1922804655906156,False,,
10.465,,2.612464020592702,-3.194144094130453,False,,
10.469999999999999,,2.6137847510422154,-3.1960075913949777,False,,
10.475000000000001,,2.615105563240507,-3.197870957388191,False,,
10.48,,2.6164264571899696,-3.199734192114086,False,,
10.485,,2.6177474328930006,-3.201597295576664,False,,
10.490000000000002,,2.6190684903519985,-3.203460267779924,False,,
10.495000000000001,,2.620389629569357,-3.20532310872786,False,,
10.5,,2.6217108505474735,-3.2071858184244726,False,,
10.504999999999999,,2.6230321532887446,-3.209048396873758,False,,
10.510000000000002,,2.624353537795568,-3.2109108440797174,False,,
10.515,,2.625675004070338,-3.2127731600463427,False,,
10.52,,2.626996552115452,-3.214635344777635,False,,
10.525000000000002,,2.6283181819333086,-3.2164973982775926,False,,
10.530000000000001,,2.629639893526302,-3.2183593205502095,False,,
10.535,,2.63096168689683,-3.220221111599485,False,,
10.54,,2.6322835620472884,-3.222082771429415,False,,
10.545000000000002,,2.6336055189800778,-3.2239443000440002,False,,
10.55,,2.63492755769759,-3.2258056974472336,False,,
10.555,,2.636249678202225,-3.227666963643114,False,,
10.560000000000002,,2.63757188049638,-3.2295280986356385,False,,
10.565000000000001,,2.6388941645824504,-3.2313891024288015,False,,
10.57,,2.6402165304628333,-3.233249975026601,False,,
10.575,,2.6415389781399274,-3.2351107164330353,False,,
10.580000000000002,,2.6428615076161304,-3.2369713266521014,False,,
10.585,,2.644184118893837,-3.2388318056877923,False,,
10.59,,2.6455068119754466,-3.240692153544107,False,,
10.594999999999999,,2.646829586863353,-3.2425523702250403,False,,
10.600000000000001,,2.6481524435599595,-3.2444124557345897,False,,
10.605,,2.649475382067658,-3.2462724100767515,False,,
10.61,,2.6507984023888493,-3.2481322332555207,False,,
10.615000000000002,,2.6521215045259314,-3.2499919252748954,False,,
10.620000000000001,,2.6534446884812977,-3.251851486138869,False,,
10.625,,2.6547679542573492,-3.2537109158514377,False,,
10.629999999999999,,2.656091301856482,-3.255570214416598,False,,
10.635000000000002,,2.6574147312810954,-3.257429381838347,False,,
10.64,,2.6587382425335857,-3.259288418120678,False,,
10.645,,2.660061835616351,-3.261147323267587,False,,
10.650000000000002,,2.6613855105317903,-3.263006097283072,False,,
10.655000000000001,,2.662709267282299,-3.2648647401711255,False,,
10.66,,2.664033105870277,-3.2667232519357436,False,,
10.665,,2.665357026298122,-3.268581632580922,False,,
10.670000000000002,,2.666681028568232,-3.270439882110656,False,,
10.675,,2.6680051126830033,-3.2722980005289406,False,,
10.68,,2.6693292786448355,-3.2741559878397695,False,,
10.685000000000002,,2.670653526456128,-3.276013844047142,False,,
10.690000000000001,,2.6719778561192773,-3.2778715691550464,False,,
10.695,,2.673302267636682,-3.279729163167482,False,,
10.7,,2.6746267610107397,-3.2815866260884414,False,,
10.705000000000002,,2.67595133624385,-3.2834439579219223,False,,
10.71,,2.67727599333841,-3.285301158671916,False,,
10.715,,2.678600732296819,-3.2871582283424177,False,,
10.719999999999999,,2.679925553121475,-3.2890151669374235,False,,
10.725000000000001,,2.6812504558147765,-3.2908719744609263,False,,
10.73,,2.6825754403791224,-3.2927286509169202,False,,
10.735,,2.6839005068169115,-3.294585196309401,False,,
10.740000000000002,,2.685225655130542,-3.2964416106423613,False,,
10.745000000000001,,2.6865508853224114,-3.298297893919795,False,,
10.75,,2.68787619739492,-3.300154046145696,False,,
10.754999999999999,,2.689201591350467,-3.3020100673240593,False,,
10.760000000000002,,2.690527067191451,-3.30386595745888,False,,
10.765,,2.6918526249202683,-3.3057217165541486,False,,
10.77,,2.6931782645393207,-3.30757734461386,False,,
10.775000000000002,,2.6945039860510054,-3.3094328416420087,False,,
10.780000000000001,,2.695829789457723,-3.3112882076425856,False,,
10.785,,2.697155674761871,-3.3131434426195865,False,,
10.79,,2.6984816419658495,-3.3149985465770047,False,,
10.795000000000002,,2.6998076910720585,-3.3168535195188347,False,,
10.8,,2.7011338220828955,-3.318708361449067,False,,
10.805,,2.702460035000759,-3.3205630723716943,False,,
10.810000000000002,,2.7037863298280507,-3.3224176522907136,False,,
10.815000000000001,,2.705112706567167,-3.324272101210112,False,,
10.82,,2.7064391652205098,-3.3261264191338875,False,,
10.825,,2.7077657057904783,-3.3279806060660313,False,,
10.830000000000002,,2.709092328279471,-3.3298346620105366,False,,
10.835,,2.7104190326898876,-3.3316885869713944,False,,
10.84,,2.7117458190241273,-3.333542380952599,False,,
10.844999999999999,,2.7130726872845896,-3.335396043958141,False,,
10.850000000000001,,2.714399637473676,-3.3372495759920158,False,,
10.855,,2.715726669593784,-3.3391029770582126,False,,
10.86,,2.717053783647314,-3.3409562471607246,False,,
10.865000000000002,,2.718380979636666,-3.342809386303547,False,,
10.870000000000001,,2.719708257564239,-3.3446623944906673,False,,
10.875,,2.7210356174324346,-3.34651527172608,False,,
10.879999999999999,,2.7223630592436496,-3.348368018013777,False,,
10.885000000000002,,2.7236905830002898,-3.3502206333577504,False,,
10.89,,2.725018188704748,-3.352073117761991,False,,
10.895,,2.7263458763594275,-3.3539254712304905,False,,
10.900000000000002,,2.727673645966731,-3.3557776937672434,False,,
10.905000000000001,,2.7290014975290537,-3.3576297853762367,False,,
10.91,,2.7303294310487978,-3.3594817460614634,False,,
10.915,,2.7316574465283647,-3.361333575826917,False,,
10.920000000000002,,2.7329855439701545,-3.363185274676589,False,,
10.925,,2.734313723376566,-3.3650368426144683,False,,
10.93,,2.735641984750001,-3.366888279644546,False,,
10.935000000000002,,2.736970328092859,-3.368739585770817,False,,
10.940000000000001,,2.7382987534075403,-3.3705907609972674,False,,
10.945,,2.7396272606964454,-3.3724418053278917,False,,
10.95,,2.740955849961975,-3.374292718766678,False,,
10.955000000000002,,2.74228452120653,-3.3761435013176198,False,,
10.96,,2.743613274432512,-3.377994152984707,False,,
10.965,,2.7449421096423183,-3.3798446737719283,False,,
10.969999999999999,,2.7462710268383543,-3.3816950636832774,False,,
10.975000000000001,,2.747600026023017,-3.3835453227227448,False,,
10.98,,2.748929107198709,-3.3853954508943174,False,,
10.985,,2.7502582703678304,-3.387245448201988,False,,
10.990000000000002,,2.7515875155327825,-3.389095314649749,False,,
10.995000000000001,,2.7529168426959654,-3.390945050241585,False,,
11.0,,2.7542462518597803,-3.39279465498149,False,,
11.004999999999999,,2.75557574302663,-3.3946441288734537,False,,
11.010000000000002,,2.756905316198914,-3.3964934719214677,False,,
11.015,,2.758234971379033,-3.3983426841295166,False,,
11.02,,2.759564708569389,-3.4001917655015945,False,,
11.025000000000002,,2.7608945277723835,-3.4020407160416926,False,,
11.030000000000001,,2.7622244289904163,-3.4038895357537964,False,,
11.035,,2.763554412225891,-3.4057382246418966,False,,
11.04,,2.7648844774812056,-3.4075867827099846,False,,
11.045000000000002,,2.7662146247587653,-3.4094352099620497,False,,
11.05,,2.7675448540609704,-3.411283506402079,False,,
11.055,,2.7688751653902193,-3.413131672034063,False,,
11.060000000000002,,2.770205558748917,-3.4149797068619905,False,,
11.065000000000001,,2.7715360341394644,-3.416827610889852,False,,
11.07,,2.772866591564261,-3.4186753841216344,False,,
11.075,,2.7741972310257115,-3.42052302656133,False,,
11.080000000000002,,2.7755279525262164,-3.4223705382129244,False,,
11.085,,2.776858756068178,-3.424217919080408,False,,
11.09,,2.778189641653996,-3.426065169167768,False,,
11.094999999999999,,2.7795206092860743,-3.4279122884789963,False,,
11.100000000000001,,2.780851658966814,-3.429759277018078,False,,
11.105,,2.7821827906986165,-3.431606134789003,False,,
11.11,,2.783514004483886,-3.4334528617957614,False,,
11.115000000000002,,2.7848453003250224,-3.4352994580423415,False,,
11.120000000000001,,2.7861766782244275,-3.437145923532726,False,,
11.125,,2.7875081381845046,-3.4389922582709094,False,,
11.129999999999999,,2.788839680207655,-3.440838462260876,False,,
11.135000000000002,,2.7901713042962815,-3.4426845355066185,False,,
11.14,,2.7915030104527876,-3.444530478012121,False,,
11.145,,2.7928347986795727,-3.4463762897813712,False,,
11.150000000000002,,2.7941666689790416,-3.4482219708183597,False,,
11.155000000000001,,2.795498621353595,-3.450067521127072,False,,
11.16,,2.7968306558056364,-3.4519129407114955,False,,
11.165,,2.798162772337567,-3.4537582295756195,False,,
11.170000000000002,,2.7994949709517924,-3.4556033877234316,False,,
11.175,,2.80082725165071,-3.4574484151589155,False,,
11.18,,2.802159614436728,-3.4592933118860647,False,,
11.185000000000002,,2.803492059312246,-3.4611380779088634,False,,
11.190000000000001,,2.8048245862796666,-3.462982713231298,False,,
11.195,,2.8061571953413926,-3.464827217857355,False,,
11.2,,2.8074898864998286,-3.466671591791025,False,,
11.205000000000002,,2.808822659757375,-3.4685158350362912,False,,
11.21,,2.810155515116436,-3.470359947597143,False,,
11.215,,2.8114884525794155,-3.4722039294775664,False,,
11.219999999999999,,2.8128214721487135,-3.4740477806815466,False,,
11.225000000000001,,2.8141545738267357,-3.475891501213075,False,,
11.23,,2.815487757615884,-3.4777350910761333,False,,
11.235,,2.8168210235185622,-3.479578550274709,False,,
11.240000000000002,,2.818154371537174,-3.481421878812791,False,,
11.245000000000001,,2.8194878016741205,-3.4832650766943623,False,,
11.25,,2.8208213139318072,-3.485108143923413,False,,
11.254999999999999,,2.8221549083126334,-3.4869510805039257,False,,
11.260000000000002,,2.8234885848190086,-3.4887938864398893,False,,
11.265,,2.824822343453331,-3.4906365617352884,False,,
11.27,,2.8261561842180063,-3.492479106394109,False,,
11.275000000000002,,2.8274901071154384,-3.494321520420338,False,,
11.280000000000001,,2.828824112148028,-3.4961638038179603,False,,
11.285,,2.8301581993181815,-3.4980059565909616,False,,
11.29,,2.831492368628302,-3.4998479787433268,False,,
11.295000000000002,,2.832826620080793,-3.501689870279045,False,,
11.3,,2.834160953678058,-3.5035316312020983,False,,
11.305,,2.8354953694225005,-3.5053732615164748,False,,
11.310000000000002,,2.8368298673165246,-3.507214761226157,False,,
11.315000000000001,,2.8381644473625336,-3.5090561303351313,False,,
11.32,,2.8394991095629316,-3.510897368847383,False,,
11.325,,2.840833853920123,-3.5127384767668977,False,,
11.330000000000002,,2.8421686804365125,-3.514579454097661,False,,
11.335,,2.843503589114501,-3.516420300843657,False,,
11.34,,2.8448385799564964,-3.51826101700887,False,,
11.344999999999999,,2.8461736529648998,-3.5201016025972853,False,,
11.350000000000001,,2.847508808142119,-3.5219420576128915,False,,
11.355,,2.8488440454905533,-3.5237823820596663,False,,
11.36,,2.8501793650126093,-3.525622575941598,False,,
11.365000000000002,,2.851514766710693,-3.527462639262672,False,,
11.370000000000001,,2.852850250587206,-3.5293025720268716,False,,
11.375,,2.854185816644554,-3.531142374238181,False,,
11.379999999999999,,2.8555214648851415,-3.5329820459005843,False,,
11.385000000000002,,2.856857195311373,-3.534821587018069,False,,
11.39,,2.858193007925652,-3.536660997594614,False,,
11.395,,2.859528902730384,-3.538500277634206,False,,
11.400000000000002,,2.8608648797279743,-3.54033942714083,False,,
11.405000000000001,,2.862200938920826,-3.542178446118468,False,,
11.41,,2.8635370803113434,-3.544017334571106,False,,
11.415,,2.864873303901933,-3.545856092502725,False,,
11.420000000000002,,2.866209609695,-3.5476947199173123,False,,
11.425,,2.867545997692946,-3.5495332168188476,False,,
11.43,,2.8688824678981772,-3.551371583211316,False,,
11.435000000000002,,2.870219020313102,-3.5532098190987043,False,,
11.440000000000001,,2.8715556549401198,-3.55504792448499,False,,
11.445,,2.87289237178164,-3.5568858993741594,False,,
11.45,,2.8742291708400662,-3.558723743770197,False,,
11.455000000000002,,2.8755660521178026,-3.560561457677085,False,,
11.46,,2.8769030156172555,-3.562399041098805,False,,
11.465,,2.8782400613408297,-3.5642364940393403,False,,
11.469999999999999,,2.87957718929093,-3.566073816502676,False,,
11.475000000000001,,2.880914399469963,-3.567911008492794,False,,
11.48,,2.8822516918803314,-3.569748070013675,False,,
11.485,,2.8835890665244426,-3.571585001069305,False,,
11.490000000000002,,2.8849265234047032,-3.573421801663666,False,,
11.495000000000001,,2.8862640625235163,-3.575258471800738,False,,
11.5,,2.887601683883287,-3.5770950114845044,False,,
11.504999999999999,,2.888939387486423,-3.5789314207189493,False,,
11.510000000000002,,2.8902771733353294,-3.580767699508056,False,,
11.515,,2.891615041432411,-3.582603847855802,False,,
11.52,,2.8929529917800734,-3.584439865766173,False,,
11.525000000000002,,2.894291024380724,-3.586275753243151,False,,
11.530000000000001,,2.895629139236765,-3.5881115102907164,False,,
11.535,,2.896967336350607,-3.5899471369128535,False,,
11.54,,2.898305615724653,-3.591782633113541,False,,
11.545000000000002,,2.899643977361309,-3.5936179988967645,False,,
11.55,,2.900982421262982,-3.595453234266503,False,,
11.555,,2.9023209474320764,-3.597288339226739,False,,
11.560000000000002,,2.903659555871,-3.5991233137814547,False,,
11.565000000000001,,2.904998246582158,-3.6009581579346297,False,,
11.57,,2.906337019567956,-3.6027928716902453,False,,
11.575,,2.9076758748308,-3.6046274550522854,False,,
11.580000000000002,,2.9090148123730994,-3.6064619080247304,False,,
11.585,,2.9103538321972566,-3.6082962306115607,False,,
11.59,,2.9116929343056794,-3.6101304228167574,False,,
11.594999999999999,,2.913032118700774,-3.611964484644301,False,,
11.600000000000001,,2.914371385384948,-3.6137984160981764,False,,
11.605,,2.915710734360607,-3.6156322171823585,False,,
11.61,,2.9170501656301555,-3.6174658879008312,False,,
11.615000000000002,,2.9183896791960047,-3.6192994282575763,False,,
11.620000000000001,,2.919729275060556,-3.621132838256573,False,,
11.625,,2.9210689532262184,-3.6229661179018007,False,,
11.629999999999999,,2.922408713695399,-3.6247992671972415,False,,
11.635000000000002,,2.923748556470505,-3.6266322861468767,False,,
11.64,,2.9250884815539413,-3.628465174754685,False,,
11.645,,2.926428488948117,-3.6302979330246465,False,,
11.650000000000002,,2.927768578655437,-3.632130560960743,False,,
11.655000000000001,,2.929108750678308,-3.6339630585669527,False,,
11.66,,2.930449005019139,-3.635795425847257,False,,
11.665,,2.9317893416803344,-3.6376276628056354,False,,
11.670000000000002,,2.933129760664305,-3.6394597694460677,False,,
11.675,,2.9344702619734537,-3.6412917457725325,False,,
11.68,,2.93581084561019,-3.6431235917890135,False,,
11.685000000000002,,2.9371515115769204,-3.644955307499487,False,,
11.690000000000001,,2.9384922598760532,-3.646786892907934,False,,
11.695,,2.9398330905099934,-3.6486183480183296,False,,
11.7,,2.9411740034811507,-3.6504496728346596,False,,
11.705000000000002,,2.942514998791932,-3.6522808673609024,False,,
11.71,,2.9438560764447423,-3.654111931601031,False,,
11.715,,2.9451972364419916,-3.655942865559033,False,,
11.719999999999999,,2.9465384787860867,-3.6577736692388805,False,,
11.725000000000001,,2.9478798034794362,-3.659604342644558,False,,
11.73,,2.9492212105244464,-3.6614348857800425,False,,
11.735,,2.950562699923524,-3.6632652986493106,False,,
11.740000000000002,,2.9519042716790795,-3.6650955812563453,False,,
11.745000000000001,,2.9532459257935173,-3.6669257336051206,False,,
11.75,,2.9545876622692466,-3.668755755699619,False,,
11.754999999999999,,2.9559294811086767,-3.6705856475438168,False,,
11.760000000000002,,2.9572713823142145,-3.6724154091416956,False,,
11.765,,2.958613365888266,-3.6742450404972287,False,,
11.77,,2.959955431833242,-3.676074541614399,False,,
11.775000000000002,,2.961297580151549,-3.677903912497184,False,,
11.780000000000001,,2.962639810845595,-3.6797331531495603,False,,
11.785,,2.963982123917788,-3.681562263575506,False,,
11.79,,2.9653245193705366,-3.683391243779,False,,
11.795000000000002,,2.966666997206251,-3.685220093764022,False,,
11.8,,2.9680095574273344,-3.6870488135345467,False,,
11.805,,2.9693522000362,-3.688877403094554,False,,
11.810000000000002,,2.970694925035253,-3.690705862448021,False,,
11.815000000000001,,2.9720377324269034,-3.6925341915989245,False,,
11.82,,2.973380622213557,-3.6943623905512424,False,,
11.825,,2.974723594397627,-3.696190459308954,False,,
11.830000000000002,,2.976066648981518,-3.6980183978760364,False,,
11.835,,2.97740978596764,-3.6998462062564643,False,,
11.84,,2.9787530053584006,-3.7016738844542174,False,,
11.844999999999999,,2.9800963071562094,-3.703501432473273,False,,
11.850000000000001,,2.9814396913634766,-3.7053288503176076,False,,
11.855,,2.982783157982606,-3.7071561379911957,False,,
11.86,,2.984126707016012,-3.7089832954980197,False,,
11.865000000000002,,2.985470338466099,-3.7108103228420517,False,,
11.870000000000001,,2.986814052335279,-3.712637220027271,False,,
11.875,,2.9881578486259595,-3.7144639870576532,False,,
11.879999999999999,,2.989501727340549,-3.7162906239371756,False,,
11.885000000000002,,2.9908456884814587,-3.7181171306698153,False,,
11.89,,2.992189732051094,-3.719943507259548,False,,
11.895,,2.9935338580518667,-3.72176975371035,False,,
11.900000000000002,,2.9948780664861854,-3.723595870026199,False,,
11.905000000000001,,2.99622235735646,-3.725421856211069,False,,
11.91,,2.9975667306650973,-3.7272477122689383,False,,
11.915,,2.998911186414509,-3.7290734382037822,False,,
11.920000000000002,,3.000255724607103,-3.730899034019576,False,,
11.925,,3.001600345245288,-3.7327244997202964,False,,
11.93,,3.002945048331476,-3.7345498353099202,False,,
11.935000000000002,,3.004289833868075,-3.7363750407924234,False,,
11.940000000000001,,3.0056347018574945,-3.738200116171779,False,,
11.945,,3.0069796523021433,-3.740025061451965,False,,
11.95,,3.008324685204432,-3.7418498766369566,False,,
11.955000000000002,,3.0096698005667717,-3.7436745617307308,False,,
11.96,,3.011014998391567,-3.7454991167372578,False,,
11.965,,3.012360278681233,-3.747323541660518,False,,
11.969999999999999,,3.013705641438176,-3.749147836504487,False,,
11.975000000000001,,3.0150510866648093,-3.750972001273138,False,,
11.98,,3.016396614363539,-3.7527960359704466,False,,
11.985,,3.0177422245367773,-3.7546199406003864,False,,
11.990000000000002,,3.0190879171869334,-3.7564437151669363,False,,
11.995000000000001,,3.0204336923164163,-3.758267359674067,False,,
12.0,,3.021779549927638,-3.760090874125753,False,,
12.004999999999999,,3.0231254900230073,-3.7619142585259735,False,,
12.010000000000002,,3.0244715126049355,-3.763737512878701,False,,
12.015,,3.0258176176758314,-3.765560637187909,False,,
12.02,,3.027163805238106,-3.767383631457573,False,,
12.025000000000002,,3.028510075294169,-3.7692064956916687,False,,
12.030000000000001,,3.029856427846431,-3.7710292298941677,False,,
12.035,,3.0312028628973033,-3.7728518340690465,False,,
12.04,,3.0325493804491943,-3.774674308220277,False,,
12.045000000000002,,3.0338959805045156,-3.776496652351838,False,,
12.05,,3.035242663065678,-3.7783188664676985,False,,
12.055,,3.036589428135091,-3.7801409505718357,False,,
12.060000000000002,,3.0379362757151673,-3.7819629046682217,False,,
12.065000000000001,,3.039283205808314,-3.78378472876083,False,,
12.07,,3.040630218416945,-3.7856064228536357,False,,
12.075,,3.0419773135434696,-3.787427986950613,False,,
12.080000000000002,,3.0433244911902997,-3.789249421055735,False,,
12.085,,3.0446717513598447,-3.791070725172975,False,,
12.09,,3.0460190940545147,-3.7928918993063054,False,,
12.094999999999999,,3.047366519276723,-3.7947129434597002,False,,
12.100000000000001,,3.04871402702888,-3.7965338576371352,False,,
12.105,,3.0500616173133945,-3.79835464184258,False,,
12.11,,3.05140929013268,-3.8001752960800097,False,,
12.115000000000002,,3.0527570454891473,-3.801995820353397,False,,
12.120000000000001,,3.0541048833852056,-3.8038162146667154,False,,
12.125,,3.055452803823267,-3.8056364790239363,False,,
12.129999999999999,,3.056800806805743,-3.807456613429033,False,,
12.135000000000002,,3.058148892335047,-3.809276617885981,False,,
12.14,,3.059497060413587,-3.8110964923987503,False,,
12.145,,3.060845311043775,-3.812916236971313,False,,
12.150000000000002,,3.062193644228024,-3.8147358516076437,False,,
12.155000000000001,,3.0635420599687437,-3.8165553363117146,False,,
12.16,,3.0648905582683463,-3.8183746910874943,False,,
12.165,,3.0662391391292436,-3.8201939159389613,False,,
12.170000000000002,,3.0675878025538474,-3.8220130108700854,False,,
12.175,,3.0689365485445683,-3.8238319758848363,False,,
12.18,,3.0702853771038185,-3.8256508109871885,False,,
12.185000000000002,,3.0716342882340095,-3.8274695161811136,False,,
12.190000000000001,,3.0729832819375544,-3.829288091470583,False,,
12.195,,3.0743323582168607,-3.8311065368595685,False,,
12.2,,3.0756815170743463,-3.8329248523520434,False,,
12.205000000000002,,3.0770307585124193,-3.8347430379519785,False,,
12.21,,3.0783800825334935,-3.8365610936633447,False,,
12.215,,3.0797294891399796,-3.838379019490115,False,,
12.219999999999999,,3.081078978334288,-3.8401968154362596,False,,
12.225000000000001,,3.0824285501188355,-3.8420144815057498,False,,
12.23,,3.083778204496029,-3.8438320177025584,False,,
12.235,,3.085127941468284,-3.845649424030655,False,,
12.240000000000002,,3.0864777610380125,-3.847466700494013,False,,
12.245000000000001,,3.0878276632076256,-3.8492838470966007,False,,
12.25,,3.089177647979536,-3.8511008638423907,False,,
12.254999999999999,,3.0905277153561563,-3.8529177507353527,False,,
12.260000000000002,,3.0918778653398986,-3.854734507779461,False,,
12.265,,3.0932280979331765,-3.8565511349786816,False,,
12.27,,3.0945784131383993,-3.858367632336989,False,,
12.275000000000002,,3.095928810957984,-3.8601839998583527,False,,
12.280000000000001,,3.0972792913943383,-3.8620002375467415,False,,
12.285,,3.098629854449878,-3.8638163454061276,False,,
12.29,,3.0999805001270158,-3.8656323234404812,False,,
12.295000000000002,,3.1013312284281644,-3.8674481716537743,False,,
12.3,,3.102682039355735,-3.8692638900499747,False,,
12.305,,3.104032932912141,-3.8710794786330527,False,,
12.310000000000002,,3.105383909099796,-3.872894937406979,False,,
12.315000000000001,,3.1067349679211125,-3.8747102663757262,False,,
12.32,,3.108086109378503,-3.876525465543259,False,,
12.325,,3.1094373334743803,-3.8783405349135496,False,,
12.330000000000002,,3.11078864021116,-3.8801554744905715,False,,
12.335,,3.1121400295912514,-3.881970284278289,False,,
12.34,,3.1134915016170686,-3.8837849642806734,False,,
12.344999999999999,,3.1148430562910274,-3.8855995145016955,False,,
12.350000000000001,,3.1161946936155376,-3.887413934945325,False,,
12.355,,3.117546413593015,-3.889228225615529,False,,
12.36,,3.1188982162258703,-3.891042386516279,False,,
12.365000000000002,,3.1202501015165214,-3.8928564176515454,False,,
12.370000000000001,,3.1216020694673765,-3.894670319025293,False,,
12.375,,3.1229541200808506,-3.8964840906414926,False,,
12.379999999999999,,3.124306253359359,-3.898297732504117,False,,
12.385000000000002,,3.1256584693053147,-3.9001112446171318,False,,
12.39,,3.1270107679211288,-3.901924626984505,False,,
12.395,,3.1283631492092177,-3.9037378796102074,False,,
12.400000000000002,,3.129715613171996,-3.9055510024982087,False,,
12.405000000000001,,3.131068159811872,-3.9073639956524735,False,,
12.41,,3.132420789131265,-3.9091768590769744,False,,
12.415,,3.133773501132586,-3.9109895927756764,False,,
12.420000000000002,,3.1351262958182495,-3.912802196752553,False,,
12.425,,3.13647917319067,-3.9146146710115657,False,,
12.43,,3.1378321332522603,-3.916427015556689,False,,
12.435000000000002,,3.1391851760054363,-3.9182392303918903,False,,
12.440000000000001,,3.14053830145261,-3.9200513155211336,False,,
12.445,,3.1418915095961952,-3.9218632709483887,False,,
12.45,,3.143244800438608,-3.9236750966776253,False,,
12.455000000000002,,3.144598173982262,-3.9254867927128125,False,,
12.46,,3.14595163022957,-3.9272983590579127,False,,
12.465,,3.147305169182946,-3.9291097957168963,False,,
12.469999999999999,,3.148658790844807,-3.930921102693733,False,,
12.475000000000001,,3.1500124952175677,-3.9327322799923925,False,,
12.48,,3.1513662823036395,-3.9345433276168333,False,,
12.485,,3.1527201521054353,-3.93635424557103,False,,
12.490000000000002,,3.1540741046253764,-3.938165033858951,False,,
12.495000000000001,,3.1554281398658706,-3.939975692484558,False,,
12.5,,3.1567822578293354,-3.94178622145182,False,,
12.504999999999999,,3.158136458518184,-3.9435966207647066,False,,
12.510000000000002,,3.1594907419348353,-3.9454068904271837,False,,
12.515,,3.160845108081699,-3.9472170304432197,False,,
12.52,,3.162199556961191,-3.9490270408167767,False,,
12.525000000000002,,3.1635540885757285,-3.9508369215518266,False,,
12.530000000000001,,3.1649087029277223,-3.9526466726523326,False,,
12.535,,3.1662634000195906,-3.954456294122264,False,,
12.54,,3.1676181798537484,-3.956265785965586,False,,
12.545000000000002,,3.168973042432609,-3.958075148186267,False,,
12.55,,3.1703279877585877,-3.959884380788269,False,,
12.555,,3.1716830158340987,-3.9616934837755626,False,,
12.560000000000002,,3.173038126661561,-3.963502457152114,False,,
12.565000000000001,,3.174393320243385,-3.965311300921887,False,,
12.57,,3.175748596581989,-3.9671200150888506,False,,
12.575,,3.1771039556797867,-3.968928599656967,False,,
12.580000000000002,,3.1784593975391946,-3.970737054630206,False,,
12.585,,3.1798149221626275,-3.972545380012531,False,,
12.59,,3.1811705295525,-3.97435357580791,False,,
12.594999999999999,,3.182526219711228,-3.9761616420203056,False,,
12.600000000000001,,3.1838819926412283,-3.977969578653688,False,,
12.605,,3.185237848344914,-3.9797773857120182,False,,
12.61,,3.186593786824702,-3.981585063199265,False,,
12.615000000000002,,3.187949808083009,-3.983392611119392,False,,
12.620000000000001,,3.1893059121222493,-3.985200029476365,False,,
12.625,,3.1906620989448378,-3.9870073182741503,False,,
12.629999999999999,,3.1920183685531924,-3.988814477516712,False,,
12.635000000000002,,3.1933747209497283,-3.9906215072080164,False,,
12.64,,3.19473115613686,-3.9924284073520266,False,,
12.645,,3.1960876741170035,-3.9942351779527088,False,,
12.650000000000002,,3.197444274892577,-3.99604181901403,False,,
12.655000000000001,,3.1988009584659927,-3.9978483305399504,False,,
12.66,,3.200157724839671,-3.9996547125344377,False,,
12.665,,3.201514574016026,-4.001460965001458,False,,
12.670000000000002,,3.2028715059974733,-4.003267087944973,False,,
12.675,,3.2042285207864283,-4.005073081368948,False,,
12.68,,3.2055856183853075,-4.006878945277347,False,,
12.685000000000002,,3.20694279879653,-4.008684679674138,False,,
12.690000000000001,,3.2083000620225093,-4.01049028456328,False,,
12.695,,3.209657408065663,-4.012295759948742,False,,
12.7,,3.211014836928406,-4.014101105834484,False,,
12.705000000000002,,3.2123723486131572,-4.015906322224474,False,,
12.71,,3.2137299431223294,-4.017711409122674,False,,
12.715,,3.215087620458342,-4.019516366533045,False,,
12.719999999999999,,3.216445380623611,-4.0213211944595555,False,,
12.725000000000001,,3.217803223620555,-4.023125892906169,False,,
12.73,,3.219161149451585,-4.0249304618768456,False,,
12.735,,3.220519158119123,-4.026734901375552,False,,
12.740000000000002,,3.221877249625585,-4.028539211406253,False,,
12.745000000000001,,3.2232354239733856,-4.030343391972909,False,,
12.75,,3.224593681164943,-4.0321474430794835,False,,
12.754999999999999,,3.2259520212026738,-4.0339513647299405,False,,
12.760000000000002,,3.227310444088996,-4.035755156928245,False,,
12.765,,3.2286689498263237,-4.037558819678356,False,,
12.77,,3.230027538417077,-4.0393623529842415,False,,
12.775000000000002,,3.231386209863672,-4.041165756849861,False,,
12.780000000000001,,3.232744964168525,-4.0429690312791795,False,,
12.785,,3.2341038013340544,-4.044772176276158,False,,
12.79,,3.235462721362676,-4.04657519184476,False,,
12.795000000000002,,3.236821724256809,-4.048378077988953,False,,
12.8,,3.2381808100188674,-4.050180834712689,False,,
12.805,,3.2395399786512726,-4.05198346201994,False,,
12.810000000000002,,3.2408992301564403,-4.053785959914666,False,,
12.815000000000001,,3.2422585645367867,-4.0555883284008285,False,,
12.82,,3.2436179817947313,-4.05739056748239,False,,
12.825,,3.244977481932689,-4.059192677163311,False,,
12.830000000000002,,3.24633706495308,-4.060994657447559,False,,
12.835,,3.24769673085832,-4.062796508339087,False,,
12.84,,3.249056479650829,-4.064598229841867,False,,
12.844999999999999,,3.2504163113330202,-4.066399821959854,False,,
12.850000000000001,,3.2517762259073173,-4.068201284697013,False,,
12.855,,3.253136223376135,-4.070002618057306,False,,
12.86,,3.25449630374189,-4.071803822044694,False,,
12.865000000000002,,3.2558564670070034,-4.073604896663139,False,,
12.870000000000001,,3.257216713173889,-4.0754058419166,False,,
12.875,,3.2585770422449674,-4.077206657809041,False,,
12.879999999999999,,3.2599374542226567,-4.079007344344425,False,,
12.885000000000002,,3.261297949109375,-4.080807901526711,False,,
12.89,,3.26265852690754,-4.082608329359861,False,,
12.895,,3.264019187619568,-4.084408627847834,False,,
12.900000000000002,,3.2653799312478817,-4.086208796994596,False,,
12.905000000000001,,3.266740757794894,-4.088008836804102,False,,
12.91,,3.2681016672630263,-4.0898087472803155,False,,
12.915,,3.2694626596546965,-4.0916085284272,False,,
12.920000000000002,,3.270823734972324,-4.093408180248715,False,,
12.925,,3.2721848932183253,-4.095207702748818,False,,
12.93,,3.2735461343951204,-4.097007095931473,False,,
12.935000000000002,,3.274907458505127,-4.098806359800641,False,,
12.940000000000001,,3.2762688655507635,-4.10060549436028,False,,
12.945,,3.2776303555344475,-4.10240449961435,False,,
12.95,,3.2789919284586,-4.104203375566813,False,,
12.955000000000002,,3.28035358432564,-4.106002122221632,False,,
12.96,,3.281715323137984,-4.107800739582762,False,,
12.965,,3.2830771448980505,-4.109599227654167,False,,
12.969999999999999,,3.2844390496082623,-4.111397586439805,False,,
12.975000000000001,,3.2858010372710336,-4.113195815943637,False,,
12.98,,3.2871631078887855,-4.114993916169624,False,,
12.985,,3.2885252614639366,-4.116791887121723,False,,
12.990000000000002,,3.2898874979989072,-4.118589728803894,False,,
12.995000000000001,,3.291249817496113,-4.120387441220098,False,,
13.0,,3.2926122199579773,-4.122185024374294,False,,
13.004999999999999,,3.2939747053869164,-4.123982478270442,False,,
13.010000000000002,,3.295337273785351,-4.125779802912502,False,,
13.015,,3.296699925155699,-4.1275769983044315,False,,
13.02,,3.2980626595003812,-4.129374064450191,False,,
13.025000000000002,,3.299425476821817,-4.131171001353742,False,,
13.030000000000001,,3.300788377122423,-4.132967809019039,False,,
13.035,,3.302151360404622,-4.1347644874500435,False,,
13.04,,3.303514426670831,-4.136561036650716,False,,
13.045000000000002,,3.3048775759234728,-4.1383574566250125,False,,
13.05,,3.3062408081649624,-4.140153747376891,False,,
13.055,,3.3076041233977227,-4.141949908910314,False,,
13.060000000000002,,3.308967521624173,-4.1437459412292394,False,,
13.065000000000001,,3.3103310028467305,-4.1455418443376235,False,,
13.07,,3.3116945670678186,-4.147337618239428,False,,
13.075,,3.313058214289855,-4.149133262938607,False,,
13.080000000000002,,3.314421944515261,-4.150928778439123,False,,
13.085,,3.315785757746453,-4.152724164744932,False,,
13.09,,3.317149653985855,-4.154519421859992,False,,
13.094999999999999,,3.3185136332358858,-4.156314549788265,False,,
13.100000000000001,,3.3198776954989633,-4.158109548533704,False,,
13.105,,3.3212418407775104,-4.159904418100269,False,,
13.11,,3.3226060690739456,-4.161699158491919,False,,
13.115000000000002,,3.3239703803906897,-4.163493769712611,False,,
13.120000000000001,,3.325334774730163,-4.165288251766302,False,,
13.125,,3.3266992520947856,-4.16708260465695,False,,
13.129999999999999,,3.3280638124869757,-4.1688768283885125,False,,
13.135000000000002,,3.3294284559091576,-4.17067092296495,False,,
13.14,,3.330793182363748,-4.172464888390216,False,,
13.145,,3.3321579918531703,-4.174258724668269,False,,
13.150000000000002,,3.333522884379844,-4.1760524318030665,False,,
13.155000000000001,,3.334887859946189,-4.177846009798566,False,,
13.16,,3.3362529185546244,-4.179639458658725,False,,
13.165,,3.337618060207574,-4.181432778387501,False,,
13.170000000000002,,3.338983284907458,-4.1832259689888485,False,,
13.175,,3.340348592656695,-4.1850190304667265,False,,
13.18,,3.3417139834577068,-4.186811962825091,False,,
13.185000000000002,,3.3430794573129132,-4.1886047660679,False,,
13.190000000000001,,3.344445014224739,-4.19039744019911,False,,
13.195,,3.345810654195599,-4.192189985222676,False,,
13.2,,3.347176377227919,-4.193982401142555,False,,
13.205000000000002,,3.3485421833241187,-4.1957746879627065,False,,
13.21,,3.349908072486617,-4.197566845687081,False,,
13.215,,3.3512740447178375,-4.199358874319641,False,,
13.219999999999999,,3.3526401000202,-4.201150773864338,False,,
13.225000000000001,,3.3540062383961287,-4.202942544325131,False,,
13.23,,3.3553724598480397,-4.204734185705975,False,,
13.235,,3.3567387643783575,-4.206525698010825,False,,
13.240000000000002,,3.3581051519895038,-4.208317081243642,False,,
13.245000000000001,,3.359471622683897,-4.210108335408375,False,,
13.25,,3.3608381764639605,-4.211899460508983,False,,
13.254999999999999,,3.3622048133321156,-4.213690456549421,False,,
13.260000000000002,,3.363571533290785,-4.215481323533648,False,,
13.265,,3.3649383363423886,-4.217272061465614,False,,
13.27,,3.3663052224893484,-4.219062670349279,False,,
13.275000000000002,,3.3676721917340853,-4.220853150188595,False,,
13.280000000000001,,3.369039244079022,-4.22264350098752,False,,
13.285,,3.3704063795265795,-4.224433722750009,False,,
13.29,,3.371773598079179,-4.226223815480013,False,,
13.295000000000002,,3.373140899739245,-4.228013779181495,False,,
13.3,,3.3745082845091967,-4.229803613858403,False,,
13.305,,3.3758757523914564,-4.231593319514693,False,,
13.310000000000002,,3.377243303388447,-4.233382896154323,False,,
13.315000000000001,,3.3786109375025895,-4.235172343781247,False,,
13.32,,3.3799786547363055,-4.236961662399418,False,,
13.325,,3.381346455092018,-4.238750852012792,False,,
13.330000000000002,,3.3827143385721516,-4.240539912625323,False,,
13.335,,3.384082305179123,-4.242328844240965,False,,
13.34,,3.385450354915358,-4.244117646863673,False,,
13.344999999999999,,3.3868184877832777,-4.245906320497402,False,,
13.350000000000001,,3.388186703785307,-4.247694865146105,False,,
13.355,,3.3895550029238635,-4.249483280813736,False,,
13.36,,3.390923385201373,-4.251271567504251,False,,
13.365000000000002,,3.392291850620257,-4.253059725221602,False,,
13.370000000000001,,3.393660399182938,-4.254847753969745,False,,
13.375,,3.3950290308918385,-4.2566356537526335,False,,
13.379999999999999,,3.39639774574938,-4.258423424574218,False,,
13.385000000000002,,3.397766543757989,-4.260211066438458,False,,
13.39,,3.3991354249200834,-4.261998579349302,False,,
13.395,,3.4005043892380877,-4.2637859633107045,False,,
13.400000000000002,,3.4018734367144265,-4.265573218326622,False,,
13.405000000000001,,3.4032425673515196,-4.2673603444010055,False,,
13.41,,3.404611781151791,-4.269147341537808,False,,
13.415,,3.405981078117663,-4.270934209740983,False,,
13.420000000000002,,3.4073504582515626,-4.272720949014488,False,,
13.425,,3.4087199215559076,-4.274507559362268,False,,
13.43,,3.410089468033122,-4.276294040788283,False,,
13.435000000000002,,3.4114590976856314,-4.278080393296483,False,,
13.440000000000001,,3.4128288105158564,-4.279866616890822,False,,
13.445,,3.4141986065262206,-4.281652711575251,False,,
13.45,,3.415568485719148,-4.283438677353724,False,,
13.455000000000002,,3.416938448097062,-4.285224514230194,False,,
13.46,,3.4183084936623844,-4.287010222208613,False,,
13.465,,3.419678622417541,-4.288795801292935,False,,
13.469999999999999,,3.421048834364951,-4.290581251487108,False,,
13.475000000000001,,3.422419129507044,-4.292366572795089,False,,
13.48,,3.423789507846238,-4.29415176522083,False,,
13.485,,3.4251599693849597,-4.29593682876828,False,,
13.490000000000002,,3.4265305141256306,-4.297721763441396,False,,
13.495000000000001,,3.427901142070676,-4.299506569244125,False,,
13.5,,3.4292718532225175,-4.301291246180421,False,,
13.504999999999999,,3.4306426475835803,-4.3030757942542355,False,,
13.510000000000002,,3.4320135251562904,-4.304860213469524,False,,
13.515,,3.433384485943066,-4.306644503830231,False,,
13.52,,3.4347555299463366,-4.308428665340315,False,,
13.525000000000002,,3.436126657168523,-4.310212698003727,False,,
13.530000000000001,,3.4374978676120493,-4.311996601824413,False,,
13.535,,3.4388691612793387,-4.31378037680633,False,,
13.54,,3.4402405381728176,-4.315564022953424,False,,
13.545000000000002,,3.44161199829491,-4.317347540269653,False,,
13.55,,3.4429835416480374,-4.3191309287589625,False,,
13.555,,3.444355168234626,-4.3209141884253075,False,,
13.560000000000002,,3.4457268780571004,-4.322697319272637,False,,
13.565000000000001,,3.4470986711178817,-4.324480321304902,False,,
13.57,,3.4484705474193973,-4.326263194526055,False,,
13.575,,3.4498425069640715,-4.328045938940045,False,,
13.580000000000002,,3.4512145497543276,-4.329828554550825,False,,
13.585,,3.4525866757925905,-4.3316110413623425,False,,
13.59,,3.453958885081283,-4.33339339937855,False,,
13.594999999999999,,3.455331177622833,-4.3351756286033964,False,,
13.600000000000001,,3.456703553419663,-4.336957729040838,False,,
13.605,,3.458076012474196,-4.338739700694818,False,,
13.61,,3.4594485547888603,-4.34052154356929,False,,
13.615000000000002,,3.4608211803660787,-4.342303257668204,False,,
13.620000000000001,,3.462193889208276,-4.344084842995512,False,,
13.625,,3.463566681317876,-4.345866299555158,False,,
13.629999999999999,,3.464939556697305,-4.3476476273510976,False,,
13.635000000000002,,3.4663125153489878,-4.34942882638728,False,,
13.64,,3.467685557275348,-4.351209896667653,False,,
13.645,,3.469058682478812,-4.352990838196169,False,,
13.650000000000002,,3.4704318909618053,-4.354771650976777,False,,
13.655000000000001,,3.4718051827267518,-4.356552335013423,False,,
13.66,,3.473178557776075,-4.358332890310061,False,,
13.665,,3.474552016112205,-4.360113316870639,False,,
13.670000000000002,,3.475925557737563,-4.361893614699108,False,,
13.675,,3.4772991826545745,-4.363673783799413,False,,
13.68,,3.4786728908656652,-4.365453824175507,False,,
13.685000000000002,,3.4800466823732625,-4.36723373583134,False,,
13.690000000000001,,3.481420557179788,-4.369013518770856,False,,
13.695,,3.4827945152876705,-4.37079317299801,False,,
13.7,,3.4841685566993337,-4.372572698516746,False,,
13.705000000000002,,3.4855426814172032,-4.374352095331016,False,,
13.71,,3.4869168894437057,-4.376131363444768,False,,
13.715,,3.4882911807812653,-4.377910502861948,False,,
13.719999999999999,,3.4896655554323086,-4.379689513586509,False,,
13.725000000000001,,3.491040013399262,-4.3814683956224005,False,,
13.73,,3.492414554684549,-4.383247148973565,False,,
13.735,,3.493789179290597,-4.385025773643955,False,,
13.740000000000002,,3.4951638872198343,-4.386804269637519,False,,
13.745000000000001,,3.4965386784746815,-4.388582636958201,False,,
13.75,,3.497913553057568,-4.3903608756099555,False,,
13.754999999999999,,3.4992885109709184,-4.392138985596725,False,,
13.760000000000002,,3.5006635522171616,-4.393916966922463,False,,
13.765,,3.502038676798719,-4.395694819591113,False,,
13.77,,3.503413884718019,-4.397472543606625,False,,
13.775000000000002,,3.504789175977489,-4.3992501389729455,False,,
13.780000000000001,,3.5061645505795536,-4.401027605694024,False,,
13.785,,3.5075400085266395,-4.4028049437738055,False,,
13.79,,3.5089155498211726,-4.404582153216239,False,,
13.795000000000002,,3.510291174465581,-4.406359234025276,False,,
13.8,,3.511666882462289,-4.408136186204856,False,,
13.805,,3.5130426738137235,-4.40991300975893,False,,
13.810000000000002,,3.5144185485223116,-4.411689704691447,False,,
13.815000000000001,,3.5157945065904794,-4.413466271006355,False,,
13.82,,3.5171705480206534,-4.415242708707597,False,,
13.825,,3.518546672815261,-4.41701901779912,False,,
13.830000000000002,,3.519922880976728,-4.418795198284877,False,,
13.835,,3.521299172507482,-4.420571250168809,False,,
13.84,,3.522675547409947,-4.422347173454863,False,,
13.844999999999999,,3.5240520056865536,-4.42412296814699,False,,
13.850000000000001,,3.525428547339727,-4.425898634249133,False,,
13.855,,3.5268051723718945,-4.427674171765242,False,,
13.86,,3.528181880785482,-4.429449580699258,False,,
13.865000000000002,,3.5295586725829176,-4.431224861055133,False,,
13.870000000000001,,3.530935547766628,-4.433000012836809,False,,
13.875,,3.532312506339039,-4.434775036048235,False,,
13.879999999999999,,3.533689548302579,-4.4365499306933565,False,,
13.885000000000002,,3.535066673659677,-4.438324696776121,False,,
13.89,,3.5364438824127555,-4.440099334300472,False,,
13.895,,3.537821174564246,-4.441873843270356,False,,
13.900000000000002,,3.5391985501165752,-4.443648223689722,False,,
13.905000000000001,,3.540576009072167,-4.44542247556251,False,,
13.91,,3.541953551433454,-4.447196598892672,False,,
13.915,,3.543331177202858,-4.448970593684149,False,,
13.920000000000002,,3.544708886382813,-4.450744459940889,False,,
13.925,,3.5460866789757404,-4.452518197666837,False,,
13.93,,3.547464554984071,-4.454291806865939,False,,
13.935000000000002,,3.5488425144102327,-4.45606528754214,False,,
13.940000000000001,,3.5502205572566514,-4.457838639699386,False,,
13.945,,3.5515986835257554,-4.4596118633416175,False,,
13.95,,3.552976893219973,-4.461384958472785,False,,
13.955000000000002,,3.554355186341733,-4.463157925096835,False,,
13.96,,3.55573356289346,-4.464930763217707,False,,
13.965,,3.557112022877585,-4.466703472839349,False,,
13.969999999999999,,3.558490566296534,-4.468476053965702,False,,
13.975000000000001,,3.5598691931527373,-4.47024850660072,False,,
13.98,,3.56124790344862,-4.472020830748338,False,,
13.985,,3.5626266971866123,-4.473793026412505,False,,
13.990000000000002,,3.5640055743691432,-4.475565093597165,False,,
13.995000000000001,,3.565384534998637,-4.477337032306263,False,,
14.0,,3.5667635790775245,-4.4791088425437415,False,,
14.004999999999999,,3.568142706608234,-4.480880524313546,False,,
14.010000000000002,,3.569521917593194,-4.482652077619621,False,,
14.015,,3.5709012120348316,-4.48442350246591,False,,
14.02,,3.572280589935577,-4.48619479885636,False,,
14.025000000000002,,3.5736600512978574,-4.48796596679491,False,,
14.030000000000001,,3.5750395961241006,-4.489737006285506,False,,
14.035,,3.576419224416737,-4.491507917332094,False,,
14.04,,3.5777989361781932,-4.493278699938616,False,,
14.045000000000002,,3.5791787314109005,-4.495049354109016,False,,
14.05,,3.5805586101172846,-4.496819879847235,False,,
14.055,,3.581938572299776,-4.498590277157222,False,,
14.060000000000002,,3.5833186179608036,-4.500360546042916,False,,
14.065000000000001,,3.5846987471027942,-4.502130686508262,False,,
14.07,,3.5860789597281775,-4.503900698557201,False,,
14.075,,3.5874592558393843,-4.50567058219368,False,,
14.080000000000002,,3.5888396354388425,-4.507440337421642,False,,
14.085,,3.590220098528981,-4.509209964245028,False,,
14.09,,3.5916006451122273,-4.51097946266778,False,,
14.094999999999999,,3.592981275191013,-4.512748832693845,False,,
14.100000000000001,,3.5943619887677656,-4.514518074327164,False,,
14.105,,3.595742785844914,-4.516287187571677,False,,
14.11,,3.597123666424889,-4.518056172431328,False,,
14.115000000000002,,3.59850463051012,-4.5198250289100645,False,,
14.120000000000001,,3.5998856781030333,-4.521593757011823,False,,
14.125,,3.6012668092060602,-4.523362356740547,False,,
14.129999999999999,,3.602648023821631,-4.525130828100181,False,,
14.135000000000002,,3.6040293219521753,-4.5268991710946676,False,,
14.14,,3.6054107036001195,-4.528667385727948,False,,
14.145,,3.6067921687678957,-4.530435472003961,False,,
14.150000000000002,,3.6081737174579347,-4.532203429926656,False,,
14.155000000000001,,3.6095553496726636,-4.533971259499969,False,,
14.16,,3.610937065414512,-4.535738960727842,False,,
14.165,,3.6123188646859115,-4.537506533614223,False,,
14.170000000000002,,3.6137007474892897,-4.539273978163048,False,,
14.175,,3.6150827138270785,-4.54104129437826,False,,
14.18,,3.6164647637017078,-4.542808482263801,False,,
14.185000000000002,,3.617846897115605,-4.544575541823614,False,,
14.190000000000001,,3.619229114071202,-4.546342473061635,False,,
14.195,,3.6206114145709294,-4.5481092759818145,False,,
14.2,,3.621993798617215,-4.549875950588087,False,,
14.205000000000002,,3.6233762662124915,-4.551642496884395,False,,
14.21,,3.6247588173591874,-4.553408914874682,False,,
14.215,,3.6261414520597324,-4.555175204562886,False,,
14.219999999999999,,3.6275241703165575,-4.556941365952949,False,,
14.225000000000001,,3.628906972132093,-4.5587073990488145,False,,
14.23,,3.6302898575087688,-4.560473303854419,False,,
14.235,,3.6316728264490163,-4.562239080373708,False,,
14.240000000000002,,3.6330558789552656,-4.56400472861062,False,,
14.245000000000001,,3.634439015029945,-4.565770248569093,False,,
14.25,,3.635822234675489,-4.567535640253071,False,,
14.254999999999999,,3.6372055378943235,-4.5693009036664956,False,,
14.260000000000002,,3.638588924688883,-4.571066038813305,False,,
14.265,,3.639972395061597,-4.572831045697438,False,,
14.27,,3.641355949014894,-4.574595924322837,False,,
14.275000000000002,,3.6427395865512087,-4.5763606746934435,False,,
14.280000000000001,,3.6441233076729684,-4.578125296813195,False,,
14.285,,3.6455071123826053,-4.579889790686034,False,,
14.29,,3.6468910006825492,-4.5816541563158975,False,,
14.295000000000002,,3.6482749725752344,-4.583418393706729,False,,
14.3,,3.6496590280630885,-4.585182502862466,False,,
14.305,,3.651043167148542,-4.586946483787048,False,,
14.310000000000002,,3.6524273898340303,-4.588710336484416,False,,
14.315000000000001,,3.653811696121978,-4.590474060958508,False,,
14.32,,3.655196086014821,-4.592237657213266,False,,
14.325,,3.656580559514989,-4.5940011252526265,False,,
14.330000000000002,,3.657965116624916,-4.595764465080531,False,,
14.335,,3.6593497573470284,-4.597527676700919,False,,
14.34,,3.6607344816837606,-4.599290760117727,False,,
14.344999999999999,,3.662119289637542,-4.601053715334897,False,,
14.350000000000001,,3.663504181210808,-4.6028165423563685,False,,
14.355,,3.6648891564059847,-4.604579241186077,False,,
14.36,,3.666274215225507,-4.6063418118279635,False,,
14.365000000000002,,3.6676593576718064,-4.608104254285969,False,,
14.370000000000001,,3.669044583747313,-4.609866568564028,False,,
14.375,,3.6704298934544592,-4.611628754666082,False,,
14.379999999999999,,3.6718152867956766,-4.613390812596069,False,,
14.385000000000002,,3.673200763773398,-4.615152742357928,False,,
14.39,,3.6745863243900523,-4.616914543955596,False,,
14.395,,3.6759719686480734,-4.618676217393011,False,,
14.400000000000002,,3.6773576965498953,-4.620437762674117,False,,
14.405000000000001,,3.678743508097945,-4.622199179802843,False,,
14.41,,3.680129403294658,-4.623960468783137,False,,
14.415,,3.681515382142465,-4.625721629618928,False,,
14.420000000000002,,3.682901444643799,-4.62748266231416,False,,
14.425,,3.684287590801091,-4.629243566872768,False,,
14.43,,3.6856738206167723,-4.631004343298691,False,,
14.435000000000002,,3.6870601340932785,-4.632764991595868,False,,
14.440000000000001,,3.688446531233039,-4.634525511768235,False,,
14.445,,3.6898330120384855,-4.636285903819728,False,,
14.45,,3.6912195765120535,-4.6380461677542915,False,,
14.455000000000002,,3.6926062246561733,-4.639806303575854,False,,
14.46,,3.6939929564732754,-4.641566311288356,False,,
14.465,,3.695379771965796,-4.643326190895738,False,,
14.469999999999999,,3.696766671136164,-4.645085942401936,False,,
14.475000000000001,,3.6981536539868167,-4.646845565810885,False,,
14.48,,3.6995407205201825,-4.648605061126524,False,,
14.485,,3.7009278707386954,-4.650364428352789,False,,
14.490000000000002,,3.7023151046447884,-4.652123667493618,False,,
14.495000000000001,,3.7037024222408936,-4.653882778552946,False,,
14.5,,3.7050898235294447,-4.655641761534712,False,,
14.504999999999999,,3.7064773085128726,-4.6574006164428505,False,,
14.510000000000002,,3.7078648771936136,-4.659159343281301,False,,
14.515,,3.709252529574096,-4.660917942053997,False,,
14.52,,3.7106402656567568,-4.6626764127648785,False,,
14.525000000000002,,3.712028085444027,-4.6644347554178776,False,,
14.530000000000001,,3.7134159889383396,-4.666192970016934,False,,
14.535,,3.7148039761421288,-4.6679510565659825,False,,
14.54,,3.7161920470578274,-4.669709015068959,False,,
14.545000000000002,,3.717580201687868,-4.671466845529801,False,,
14.55,,3.7189684400346845,-4.6732245479524455,False,,
14.555,,3.7203567621007094,-4.6749821223408246,False,,
14.560000000000002,,3.721745167888378,-4.676739568698878,False,,
14.565000000000001,,3.72313365740012,-4.678496887030537,False,,
14.57,,3.7245222306383714,-4.680254077339743,False,,
14.575,,3.7259108876055658,-4.682011139630427,False,,
14.580000000000002,,3.727299628304138,-4.6837680739065295,False,,
14.585,,3.728688452736516,-4.685524880171979,False,,
14.59,,3.7300773609051383,-4.687281558430717,False,,
14.594999999999999,,3.7314663528124385,-4.6890381086866775,False,,
14.600000000000001,,3.7328554284608484,-4.690794530943796,False,,
14.605,,3.7342445878528023,-4.692550825206004,False,,
14.61,,3.735633830990734,-4.694306991477239,False,,
14.615000000000002,,3.7370231578770787,-4.69606302976144,False,,
14.620000000000001,,3.738412568514269,-4.697818940062536,False,,
14.625,,3.7398020629047375,-4.699574722384465,False,,
14.629999999999999,,3.7411916410509187,-4.70133037673116,False,,
14.635000000000002,,3.742581302955249,-4.703085903106558,False,,
14.64,,3.7439710486201605,-4.704841301514593,False,,
14.645,,3.7453608780480874,-4.706596571959198,False,,
14.650000000000002,,3.7467507912414657,-4.70835171444431,False,,
14.655000000000001,,3.7481407882027256,-4.7101067289738605,False,,
14.66,,3.749530868934305,-4.711861615551786,False,,
14.665,,3.7509210334386376,-4.713616374182021,False,,
14.670000000000002,,3.752311281718156,-4.7153710048685,False,,
14.675,,3.753701613775296,-4.717125507615154,False,,
14.68,,3.7550920296124914,-4.71887988242592,False,,
14.685000000000002,,3.7564825292321773,-4.720634129304731,False,,
14.690000000000001,,3.757873112636788,-4.722388248255523,False,,
14.695,,3.759263779828757,-4.7241422392822265,False,,
14.7,,3.7606545308105206,-4.725896102388777,False,,
14.705000000000002,,3.7620453655845125,-4.72764983757911,False,,
14.71,,3.763436284153167,-4.729403444857152,False,,
14.715,,3.764827286518921,-4.731156924226845,False,,
14.719999999999999,,3.7662183726842047,-4.7329102756921175,False,,
14.725000000000001,,3.7676095426514595,-4.734663499256907,False,,
14.73,,3.769000796423116,-4.736416594925144,False,,
14.735,,3.770392134001608,-4.73816956270076,False,,
14.740000000000002,,3.7717835553893733,-4.739922402587691,False,,
14.745000000000001,,3.7731750605888448,-4.74167511458987,False,,
14.75,,3.7745666496024595,-4.743427698711228,False,,
14.754999999999999,,3.7759583224326514,-4.745180154955699,False,,
14.760000000000002,,3.777350079081857,-4.746932483327218,False,,
14.765,,3.77874191955251,-4.748684683829715,False,,
14.77,,3.7801338438470458,-4.750436756467124,False,,
14.775000000000002,,3.7815258519678983,-4.752188701243377,False,,
14.780000000000001,,3.7829179439175054,-4.7539405181624055,False,,
14.785,,3.7843101196983016,-4.755692207228144,False,,
14.79,,3.785702379312723,-4.757443768444524,False,,
14.795000000000002,,3.7870947227632037,-4.759195201815478,False,,
14.8,,3.7884871500521813,-4.76094650734494,False,,
14.805,,3.7898796611820877,-4.762697685036837,False,,
14.810000000000002,,3.7912722561553633,-4.764448734895108,False,,
14.815000000000001,,3.7926649349744395,-4.766199656923678,False,,
14.82,,3.794057697641753,-4.7679504511264845,False,,
14.825,,3.7954505441597406,-4.7697011175074575,False,,
14.830000000000002,,3.7968434745308395,-4.7714516560705285,False,,
14.835,,3.798236488757482,-4.773202066819628,False,,
14.84,,3.799629586842105,-4.774952349758689,False,,
14.844999999999999,,3.8010227687871465,-4.776702504891645,False,,
14.850000000000001,,3.8024160345950415,-4.778452532222426,False,,
14.855,,3.8038093842682255,-4.78020243175496,False,,
14.86,,3.8052028178091337,-4.781952203493182,False,,
14.865000000000002,,3.8065963352202052,-4.783701847441025,False,,
14.870000000000001,,3.8079899365038727,-4.785451363602416,False,,
14.875,,3.8093836216625725,-4.7872007519812865,False,,
14.879999999999999,,3.8107773906987443,-4.788950012581569,False,,
14.885000000000002,,3.8121712436148227,-4.790699145407199,False,,
14.89,,3.8135651804132413,-4.792448150462096,False,,
14.895,,3.8149592010964404,-4.794197027750203,False,,
14.900000000000002,,3.8163533056668557,-4.795945777275444,False,,
14.905000000000001,,3.8177474941269205,-4.797694399041747,False,,
14.91,,3.8191417664790754,-4.799442893053052,False,,
14.915,,3.8205361227257546,-4.801191259313281,False,,
14.920000000000002,,3.8219305628693965,-4.802939497826369,False,,
14.925,,3.8233250869124356,-4.804687608596245,False,,
14.93,,3.8247196948573094,-4.806435591626837,False,,
14.935000000000002,,3.8261143867064553,-4.808183446922079,False,,
14.940000000000001,,3.827509162462311,-4.809931174485898,False,,
14.945,,3.828904022127309,-4.8116787743222265,False,,
14.95,,3.830298965703891,-4.813426246434994,False,,
14.955000000000002,,3.8316939931944933,-4.815173590828131,False,,
14.96,,3.833089104601549,-4.816920807505564,False,,
14.965,,3.8344842999274995,-4.818667896471226,False,,
14.969999999999999,,3.8358795791747795,-4.820414857729043,False,,
14.975000000000001,,3.8372749423458283,-4.822161691282951,False,,
14.98,,3.83867038944308,-4.823908397136874,False,,
14.985,,3.840065920468973,-4.825654975294745,False,,
14.990000000000002,,3.841461535425947,-4.82740142576049,False,,
14.995000000000001,,3.842857234316436,-4.829147748538039,False,,
15.0,,3.8442530171428784,-4.830893943631324,False,,
